ticket,requestor,RequestorSeniority,ITOwner,FiledAgainst,TicketType,Severity,Priority,daysOpen,label
1,1929,1 - Junior,50,Systems,Issue,2 - Normal,0 - Unassigned,3,1 - Unsatisfied
2,1587,2 - Regular,15,Software,Request,1 - Minor,1 - Low,5,1 - Unsatisfied
3,925,2 - Regular,15,Access/Login,Request,2 - Normal,0 - Unassigned,0,0 - Unknown
4,413,4 - Management,22,Systems,Request,2 - Normal,0 - Unassigned,20,0 - Unknown
5,318,1 - Junior,22,Access/Login,Request,2 - Normal,1 - Low,1,1 - Unsatisfied
6,858,4 - Management,38,Access/Login,Request,2 - Normal,3 - High,0,0 - Unknown
7,1978,3 - Senior,10,Systems,Request,2 - Normal,3 - High,9,0 - Unknown
8,1209,4 - Management,1,Software,Request,2 - Normal,0 - Unassigned,15,0 - Unknown
9,887,2 - Regular,14,Software,Request,2 - Normal,2 - Medium,6,1 - Unsatisfied
10,1780,3 - Senior,46,Access/Login,Request,2 - Normal,1 - Low,1,1 - Unsatisfied
11,1349,3 - Senior,1,Software,Request,2 - Normal,3 - High,7,0 - Unknown
12,1893,2 - Regular,50,Systems,Request,2 - Normal,1 - Low,17,1 - Unsatisfied
13,645,2 - Regular,11,Systems,Request,2 - Normal,3 - High,10,1 - Unsatisfied
14,1492,4 - Management,26,Systems,Issue,2 - Normal,3 - High,4,3 - Highly satisfied
15,1978,3 - Senior,9,Software,Issue,2 - Normal,0 - Unassigned,7,3 - Highly satisfied
16,216,4 - Management,7,Software,Request,2 - Normal,0 - Unassigned,11,2 - Satisfied
17,1586,2 - Regular,20,Access/Login,Request,2 - Normal,0 - Unassigned,0,3 - Highly satisfied
18,1554,2 - Regular,42,Systems,Request,2 - Normal,2 - Medium,7,3 - Highly satisfied
19,518,4 - Management,16,Systems,Request,2 - Normal,0 - Unassigned,7,3 - Highly satisfied
20,903,3 - Senior,42,Access/Login,Request,2 - Normal,3 - High,0,3 - Highly satisfied
21,588,4 - Management,15,Systems,Request,2 - Normal,3 - High,6,3 - Highly satisfied
22,650,2 - Regular,10,Systems,Request,2 - Normal,2 - Medium,6,0 - Unknown
23,1435,3 - Senior,9,Systems,Request,2 - Normal,2 - Medium,14,3 - Highly satisfied
24,1980,4 - Management,15,Access/Login,Request,2 - Normal,3 - High,0,2 - Satisfied
25,916,4 - Management,11,Hardware,Request,2 - Normal,3 - High,13,2 - Satisfied
26,86,2 - Regular,36,Software,Issue,2 - Normal,0 - Unassigned,3,0 - Unknown
27,24,4 - Management,42,Access/Login,Request,2 - Normal,0 - Unassigned,0,0 - Unknown
28,107,2 - Regular,29,Systems,Request,2 - Normal,0 - Unassigned,5,3 - Highly satisfied
29,197,2 - Regular,6,Systems,Request,2 - Normal,2 - Medium,20,2 - Satisfied
30,233,2 - Regular,49,Access/Login,Request,2 - Normal,3 - High,1,0 - Unknown
31,1574,1 - Junior,28,Systems,Request,2 - Normal,1 - Low,14,1 - Unsatisfied
32,1706,2 - Regular,13,Systems,Request,2 - Normal,3 - High,13,0 - Unknown
33,496,2 - Regular,12,Systems,Request,2 - Normal,3 - High,7,0 - Unknown
34,1151,2 - Regular,31,Systems,Request,2 - Normal,1 - Low,5,3 - Highly satisfied
35,1618,4 - Management,32,Access/Login,Issue,3 - Major,0 - Unassigned,0,0 - Unknown
36,1916,4 - Management,14,Access/Login,Request,2 - Normal,3 - High,0,1 - Unsatisfied
37,82,2 - Regular,43,Systems,Request,2 - Normal,3 - High,5,1 - Unsatisfied
38,341,3 - Senior,19,Access/Login,Request,2 - Normal,0 - Unassigned,0,3 - Highly satisfied
39,1887,4 - Management,8,Access/Login,Request,2 - Normal,3 - High,0,3 - Highly satisfied
40,16,4 - Management,25,Systems,Request,2 - Normal,3 - High,11,2 - Satisfied
41,1222,2 - Regular,1,Access/Login,Request,2 - Normal,2 - Medium,2,1 - Unsatisfied
42,755,3 - Senior,48,Systems,Request,2 - Normal,0 - Unassigned,5,3 - Highly satisfied
43,1961,4 - Management,18,Access/Login,Issue,2 - Normal,0 - Unassigned,0,1 - Unsatisfied
44,1350,2 - Regular,15,Hardware,Request,2 - Normal,2 - Medium,13,1 - Unsatisfied
45,1704,2 - Regular,32,Systems,Issue,2 - Normal,2 - Medium,3,0 - Unknown
46,1865,3 - Senior,2,Access/Login,Request,2 - Normal,0 - Unassigned,0,2 - Satisfied
47,822,2 - Regular,19,Software,Request,2 - Normal,3 - High,5,2 - Satisfied
48,1595,3 - Senior,43,Access/Login,Request,2 - Normal,0 - Unassigned,0,3 - Highly satisfied
49,1270,1 - Junior,27,Access/Login,Issue,4 - Critical,3 - High,0,3 - Highly satisfied
50,1166,1 - Junior,35,Systems,Request,2 - Normal,2 - Medium,6,0 - Unknown
51,207,4 - Management,25,Systems,Request,2 - Normal,0 - Unassigned,23,0 - Unknown
52,1758,2 - Regular,15,Software,Request,2 - Normal,3 - High,7,3 - Highly satisfied
53,1506,1 - Junior,10,Access/Login,Request,2 - Normal,0 - Unassigned,0,3 - Highly satisfied
54,953,2 - Regular,26,Systems,Request,2 - Normal,3 - High,10,1 - Unsatisfied
55,1246,2 - Regular,42,Systems,Request,2 - Normal,0 - Unassigned,8,0 - Unknown
56,1219,2 - Regular,2,Access/Login,Request,2 - Normal,3 - High,0,2 - Satisfied
57,1726,3 - Senior,10,Access/Login,Issue,2 - Normal,3 - High,0,2 - Satisfied
58,1271,2 - Regular,46,Systems,Issue,2 - Normal,3 - High,9,1 - Unsatisfied
59,1794,2 - Regular,36,Access/Login,Issue,2 - Normal,3 - High,0,0 - Unknown
60,1289,1 - Junior,9,Systems,Request,2 - Normal,1 - Low,14,0 - Unknown
61,469,2 - Regular,1,Systems,Request,2 - Normal,2 - Medium,14,0 - Unknown
62,846,3 - Senior,2,Software,Request,2 - Normal,3 - High,5,3 - Highly satisfied
63,1021,2 - Regular,40,Access/Login,Request,2 - Normal,0 - Unassigned,0,3 - Highly satisfied
64,39,4 - Management,6,Access/Login,Request,2 - Normal,3 - High,0,2 - Satisfied
65,1579,2 - Regular,16,Systems,Request,2 - Normal,0 - Unassigned,5,3 - Highly satisfied
66,1811,1 - Junior,18,Systems,Request,2 - Normal,0 - Unassigned,26,0 - Unknown
67,1142,2 - Regular,12,Access/Login,Request,1 - Minor,1 - Low,0,3 - Highly satisfied
68,479,2 - Regular,22,Software,Request,1 - Minor,2 - Medium,13,1 - Unsatisfied
69,1941,2 - Regular,5,Software,Request,4 - Critical,3 - High,3,3 - Highly satisfied
70,995,4 - Management,15,Access/Login,Request,2 - Normal,0 - Unassigned,0,3 - Highly satisfied
71,1099,2 - Regular,2,Access/Login,Request,2 - Normal,0 - Unassigned,0,3 - Highly satisfied
72,294,2 - Regular,21,Access/Login,Issue,2 - Normal,1 - Low,0,3 - Highly satisfied
73,228,4 - Management,47,Systems,Request,2 - Normal,3 - High,5,1 - Unsatisfied
74,176,3 - Senior,35,Access/Login,Request,4 - Critical,3 - High,1,3 - Highly satisfied
75,1883,2 - Regular,1,Software,Request,2 - Normal,1 - Low,9,3 - Highly satisfied
76,668,2 - Regular,18,Access/Login,Request,2 - Normal,1 - Low,0,2 - Satisfied
77,1178,1 - Junior,25,Systems,Request,4 - Critical,0 - Unassigned,17,0 - Unknown
78,1065,2 - Regular,44,Access/Login,Issue,2 - Normal,2 - Medium,1,2 - Satisfied
79,839,4 - Management,16,Hardware,Issue,2 - Normal,3 - High,8,1 - Unsatisfied
80,1100,2 - Regular,24,Software,Request,2 - Normal,1 - Low,6,2 - Satisfied
81,1982,3 - Senior,27,Systems,Request,2 - Normal,0 - Unassigned,6,3 - Highly satisfied
82,1599,2 - Regular,35,Hardware,Issue,2 - Normal,1 - Low,14,0 - Unknown
83,721,1 - Junior,13,Software,Request,2 - Normal,0 - Unassigned,13,0 - Unknown
84,886,2 - Regular,36,Access/Login,Request,2 - Normal,3 - High,0,1 - Unsatisfied
85,598,1 - Junior,23,Access/Login,Request,2 - Normal,0 - Unassigned,0,3 - Highly satisfied
86,77,2 - Regular,44,Systems,Request,2 - Normal,0 - Unassigned,7,1 - Unsatisfied
87,1058,4 - Management,39,Access/Login,Request,3 - Major,0 - Unassigned,0,0 - Unknown
88,643,1 - Junior,35,Systems,Request,2 - Normal,1 - Low,16,1 - Unsatisfied
89,1413,2 - Regular,23,Systems,Request,2 - Normal,3 - High,6,0 - Unknown
90,420,3 - Senior,46,Systems,Issue,2 - Normal,0 - Unassigned,9,0 - Unknown
91,1903,1 - Junior,6,Systems,Request,2 - Normal,0 - Unassigned,13,0 - Unknown
92,448,4 - Management,19,Systems,Request,2 - Normal,3 - High,5,2 - Satisfied
93,68,4 - Management,31,Software,Request,2 - Normal,3 - High,7,3 - Highly satisfied
94,81,1 - Junior,37,Software,Request,2 - Normal,3 - High,4,0 - Unknown
95,806,3 - Senior,28,Systems,Request,2 - Normal,3 - High,16,0 - Unknown
96,173,4 - Management,7,Access/Login,Request,2 - Normal,0 - Unassigned,1,0 - Unknown
97,434,3 - Senior,28,Access/Login,Request,2 - Normal,2 - Medium,1,1 - Unsatisfied
98,1653,2 - Regular,41,Systems,Request,2 - Normal,3 - High,8,3 - Highly satisfied
99,1167,2 - Regular,35,Systems,Request,2 - Normal,1 - Low,16,3 - Highly satisfied
100,634,2 - Regular,21,Software,Request,2 - Normal,2 - Medium,7,3 - Highly satisfied
101,1219,2 - Regular,2,Access/Login,Request,2 - Normal,3 - High,0,3 - Highly satisfied
102,355,4 - Management,32,Software,Request,2 - Normal,3 - High,4,1 - Unsatisfied
103,1272,3 - Senior,29,Hardware,Request,2 - Normal,0 - Unassigned,10,3 - Highly satisfied
104,1694,3 - Senior,46,Access/Login,Issue,2 - Normal,0 - Unassigned,3,1 - Unsatisfied
105,1884,2 - Regular,3,Systems,Request,2 - Normal,0 - Unassigned,22,1 - Unsatisfied
106,71,1 - Junior,15,Systems,Request,3 - Major,1 - Low,8,0 - Unknown
107,1815,2 - Regular,2,Hardware,Request,2 - Normal,2 - Medium,11,0 - Unknown
108,913,3 - Senior,8,Systems,Request,2 - Normal,0 - Unassigned,5,0 - Unknown
109,1652,4 - Management,9,Access/Login,Issue,2 - Normal,3 - High,0,3 - Highly satisfied
110,1857,2 - Regular,29,Access/Login,Request,2 - Normal,0 - Unassigned,0,2 - Satisfied
111,245,1 - Junior,4,Access/Login,Request,2 - Normal,0 - Unassigned,0,0 - Unknown
112,366,1 - Junior,22,Hardware,Request,2 - Normal,1 - Low,31,1 - Unsatisfied
113,264,4 - Management,39,Access/Login,Request,2 - Normal,0 - Unassigned,0,1 - Unsatisfied
114,1678,4 - Management,44,Systems,Request,2 - Normal,3 - High,8,3 - Highly satisfied
115,1206,2 - Regular,4,Systems,Request,2 - Normal,3 - High,16,3 - Highly satisfied
116,837,4 - Management,21,Access/Login,Request,2 - Normal,3 - High,0,3 - Highly satisfied
117,1637,3 - Senior,11,Systems,Request,2 - Normal,0 - Unassigned,6,1 - Unsatisfied
118,1585,3 - Senior,24,Systems,Request,2 - Normal,3 - High,6,3 - Highly satisfied
119,721,1 - Junior,14,Access/Login,Request,2 - Normal,1 - Low,1,1 - Unsatisfied
120,230,2 - Regular,21,Access/Login,Request,2 - Normal,2 - Medium,0,3 - Highly satisfied
121,1286,4 - Management,44,Hardware,Request,2 - Normal,3 - High,16,3 - Highly satisfied
122,1959,2 - Regular,14,Access/Login,Request,2 - Normal,0 - Unassigned,0,3 - Highly satisfied
123,188,2 - Regular,44,Systems,Request,2 - Normal,1 - Low,8,3 - Highly satisfied
124,1575,2 - Regular,37,Access/Login,Request,2 - Normal,3 - High,0,3 - Highly satisfied
125,717,2 - Regular,35,Software,Request,2 - Normal,0 - Unassigned,17,3 - Highly satisfied
126,1066,4 - Management,49,Systems,Request,2 - Normal,3 - High,21,2 - Satisfied
127,1637,3 - Senior,37,Software,Issue,2 - Normal,0 - Unassigned,2,1 - Unsatisfied
128,307,4 - Management,7,Access/Login,Request,2 - Normal,0 - Unassigned,1,0 - Unknown
129,241,3 - Senior,33,Systems,Issue,2 - Normal,3 - High,3,3 - Highly satisfied
130,57,2 - Regular,11,Software,Request,2 - Normal,2 - Medium,17,3 - Highly satisfied
131,680,1 - Junior,24,Systems,Request,1 - Minor,0 - Unassigned,9,0 - Unknown
132,795,2 - Regular,31,Hardware,Request,2 - Normal,0 - Unassigned,10,0 - Unknown
133,285,2 - Regular,39,Systems,Request,2 - Normal,0 - Unassigned,21,1 - Unsatisfied
134,173,4 - Management,7,Systems,Request,2 - Normal,3 - High,16,1 - Unsatisfied
135,1948,3 - Senior,35,Access/Login,Request,2 - Normal,2 - Medium,0,0 - Unknown
136,600,4 - Management,37,Access/Login,Request,2 - Normal,2 - Medium,1,1 - Unsatisfied
137,346,3 - Senior,12,Software,Request,3 - Major,2 - Medium,13,2 - Satisfied
138,1512,3 - Senior,41,Systems,Request,2 - Normal,0 - Unassigned,5,0 - Unknown
139,1448,2 - Regular,43,Software,Issue,2 - Normal,1 - Low,3,3 - Highly satisfied
140,1721,1 - Junior,11,Systems,Issue,2 - Normal,1 - Low,4,1 - Unsatisfied
141,946,1 - Junior,50,Software,Request,2 - Normal,2 - Medium,8,0 - Unknown
142,1914,3 - Senior,20,Systems,Request,2 - Normal,3 - High,6,0 - Unknown
143,1700,1 - Junior,15,Access/Login,Request,2 - Normal,0 - Unassigned,0,0 - Unknown
144,1451,1 - Junior,31,Hardware,Request,2 - Normal,0 - Unassigned,10,2 - Satisfied
145,740,2 - Regular,8,Systems,Request,2 - Normal,3 - High,6,0 - Unknown
146,825,2 - Regular,30,Access/Login,Request,2 - Normal,3 - High,0,2 - Satisfied
147,325,4 - Management,12,Systems,Request,2 - Normal,0 - Unassigned,5,0 - Unknown
148,1098,2 - Regular,24,Systems,Request,2 - Normal,2 - Medium,5,0 - Unknown
149,761,1 - Junior,23,Systems,Request,2 - Normal,1 - Low,13,0 - Unknown
150,1900,4 - Management,27,Systems,Request,2 - Normal,3 - High,9,2 - Satisfied
151,584,2 - Regular,10,Software,Issue,2 - Normal,3 - High,5,0 - Unknown
152,600,4 - Management,44,Systems,Request,2 - Normal,0 - Unassigned,10,0 - Unknown
153,718,2 - Regular,19,Access/Login,Request,2 - Normal,0 - Unassigned,1,0 - Unknown
154,1315,3 - Senior,49,Systems,Request,2 - Normal,2 - Medium,18,3 - Highly satisfied
155,1594,3 - Senior,6,Software,Issue,4 - Critical,3 - High,3,2 - Satisfied
156,278,2 - Regular,17,Systems,Request,2 - Normal,3 - High,5,2 - Satisfied
157,1282,1 - Junior,23,Access/Login,Issue,2 - Normal,0 - Unassigned,0,0 - Unknown
158,1646,2 - Regular,30,Systems,Request,2 - Normal,3 - High,5,0 - Unknown
159,1781,4 - Management,16,Software,Request,3 - Major,3 - High,4,3 - Highly satisfied
160,900,4 - Management,25,Systems,Issue,2 - Normal,3 - High,10,3 - Highly satisfied
161,916,4 - Management,35,Systems,Request,2 - Normal,1 - Low,6,2 - Satisfied
162,2000,2 - Regular,15,Access/Login,Request,2 - Normal,2 - Medium,0,0 - Unknown
163,1458,1 - Junior,34,Systems,Request,2 - Normal,1 - Low,8,0 - Unknown
164,97,2 - Regular,16,Access/Login,Request,2 - Normal,3 - High,0,3 - Highly satisfied
165,1464,3 - Senior,7,Software,Request,2 - Normal,0 - Unassigned,15,0 - Unknown
166,1749,2 - Regular,25,Hardware,Request,2 - Normal,1 - Low,31,2 - Satisfied
167,351,2 - Regular,5,Systems,Issue,2 - Normal,3 - High,2,3 - Highly satisfied
168,795,2 - Regular,46,Software,Request,2 - Normal,3 - High,8,0 - Unknown
169,1822,2 - Regular,13,Access/Login,Issue,3 - Major,3 - High,0,0 - Unknown
170,272,2 - Regular,40,Software,Request,2 - Normal,3 - High,2,2 - Satisfied
171,1930,2 - Regular,21,Systems,Request,2 - Normal,1 - Low,6,0 - Unknown
172,387,2 - Regular,49,Software,Issue,2 - Normal,0 - Unassigned,2,1 - Unsatisfied
173,671,2 - Regular,42,Access/Login,Issue,2 - Normal,1 - Low,0,0 - Unknown
174,52,2 - Regular,26,Access/Login,Request,2 - Normal,3 - High,0,1 - Unsatisfied
175,874,4 - Management,1,Access/Login,Request,2 - Normal,3 - High,0,1 - Unsatisfied
176,1595,3 - Senior,38,Hardware,Request,2 - Normal,3 - High,11,0 - Unknown
177,1738,2 - Regular,42,Access/Login,Request,2 - Normal,3 - High,0,2 - Satisfied
178,519,3 - Senior,18,Access/Login,Request,2 - Normal,3 - High,0,2 - Satisfied
179,923,4 - Management,39,Software,Issue,2 - Normal,0 - Unassigned,4,0 - Unknown
180,1994,1 - Junior,2,Access/Login,Request,2 - Normal,1 - Low,0,0 - Unknown
181,570,2 - Regular,7,Systems,Request,2 - Normal,0 - Unassigned,14,1 - Unsatisfied
182,954,1 - Junior,3,Software,Request,2 - Normal,0 - Unassigned,12,0 - Unknown
183,446,1 - Junior,8,Hardware,Issue,2 - Normal,1 - Low,5,3 - Highly satisfied
184,908,1 - Junior,9,Hardware,Request,2 - Normal,3 - High,12,3 - Highly satisfied
185,778,1 - Junior,23,Hardware,Issue,2 - Normal,0 - Unassigned,15,2 - Satisfied
186,1201,1 - Junior,8,Software,Request,2 - Normal,2 - Medium,6,2 - Satisfied
187,46,4 - Management,6,Access/Login,Request,2 - Normal,3 - High,1,0 - Unknown
188,992,1 - Junior,38,Systems,Issue,2 - Normal,0 - Unassigned,3,1 - Unsatisfied
189,678,3 - Senior,23,Systems,Request,2 - Normal,3 - High,6,2 - Satisfied
190,1793,1 - Junior,11,Access/Login,Issue,3 - Major,0 - Unassigned,0,2 - Satisfied
191,1441,3 - Senior,14,Access/Login,Request,2 - Normal,0 - Unassigned,2,1 - Unsatisfied
192,774,2 - Regular,7,Systems,Request,2 - Normal,2 - Medium,16,1 - Unsatisfied
193,349,2 - Regular,46,Systems,Request,2 - Normal,1 - Low,20,2 - Satisfied
194,1051,4 - Management,10,Hardware,Issue,2 - Normal,0 - Unassigned,9,1 - Unsatisfied
195,1709,2 - Regular,21,Hardware,Request,3 - Major,0 - Unassigned,10,0 - Unknown
196,1514,3 - Senior,26,Systems,Request,2 - Normal,0 - Unassigned,5,0 - Unknown
197,856,2 - Regular,11,Systems,Issue,2 - Normal,3 - High,4,2 - Satisfied
198,1019,2 - Regular,50,Access/Login,Request,2 - Normal,0 - Unassigned,1,1 - Unsatisfied
199,901,4 - Management,29,Access/Login,Request,3 - Major,0 - Unassigned,1,3 - Highly satisfied
200,359,1 - Junior,48,Systems,Request,2 - Normal,1 - Low,12,0 - Unknown
201,525,4 - Management,33,Software,Request,2 - Normal,3 - High,2,3 - Highly satisfied
202,1192,3 - Senior,20,Hardware,Issue,0 - Unclassified,3 - High,5,2 - Satisfied
203,177,3 - Senior,24,Systems,Request,2 - Normal,2 - Medium,5,3 - Highly satisfied
204,1936,2 - Regular,8,Access/Login,Request,2 - Normal,1 - Low,0,0 - Unknown
205,322,3 - Senior,14,Hardware,Request,2 - Normal,0 - Unassigned,12,0 - Unknown
206,1427,2 - Regular,37,Systems,Request,2 - Normal,3 - High,19,1 - Unsatisfied
207,1452,1 - Junior,15,Software,Request,2 - Normal,3 - High,4,0 - Unknown
208,1400,2 - Regular,47,Hardware,Request,2 - Normal,1 - Low,11,0 - Unknown
209,1792,1 - Junior,46,Hardware,Request,2 - Normal,0 - Unassigned,32,0 - Unknown
210,1445,2 - Regular,44,Systems,Request,2 - Normal,3 - High,5,1 - Unsatisfied
211,712,4 - Management,24,Hardware,Request,2 - Normal,3 - High,12,3 - Highly satisfied
212,454,4 - Management,18,Systems,Issue,3 - Major,3 - High,2,0 - Unknown
213,1415,2 - Regular,43,Access/Login,Request,2 - Normal,1 - Low,1,3 - Highly satisfied
214,961,3 - Senior,1,Software,Issue,3 - Major,2 - Medium,7,0 - Unknown
215,844,1 - Junior,25,Systems,Request,2 - Normal,0 - Unassigned,13,0 - Unknown
216,569,3 - Senior,11,Software,Request,2 - Normal,3 - High,2,0 - Unknown
217,1527,1 - Junior,9,Software,Request,2 - Normal,1 - Low,6,2 - Satisfied
218,913,3 - Senior,28,Software,Issue,2 - Normal,3 - High,3,0 - Unknown
219,624,1 - Junior,30,Systems,Request,2 - Normal,1 - Low,14,1 - Unsatisfied
220,720,4 - Management,22,Systems,Request,2 - Normal,3 - High,18,0 - Unknown
221,1234,3 - Senior,29,Systems,Issue,1 - Minor,3 - High,1,1 - Unsatisfied
222,237,1 - Junior,37,Systems,Issue,2 - Normal,1 - Low,3,1 - Unsatisfied
223,483,4 - Management,16,Systems,Request,2 - Normal,3 - High,6,0 - Unknown
224,801,4 - Management,40,Systems,Request,2 - Normal,3 - High,12,3 - Highly satisfied
225,1796,1 - Junior,11,Access/Login,Request,2 - Normal,1 - Low,0,0 - Unknown
226,1544,2 - Regular,33,Access/Login,Request,1 - Minor,3 - High,0,1 - Unsatisfied
227,1801,3 - Senior,19,Software,Request,2 - Normal,3 - High,3,2 - Satisfied
228,630,1 - Junior,34,Access/Login,Issue,2 - Normal,2 - Medium,0,0 - Unknown
229,698,4 - Management,13,Access/Login,Request,2 - Normal,0 - Unassigned,0,0 - Unknown
230,1566,2 - Regular,32,Software,Request,2 - Normal,0 - Unassigned,15,0 - Unknown
231,1860,1 - Junior,26,Systems,Request,2 - Normal,1 - Low,13,2 - Satisfied
232,524,2 - Regular,2,Systems,Request,2 - Normal,2 - Medium,8,0 - Unknown
233,507,2 - Regular,18,Software,Issue,2 - Normal,1 - Low,12,2 - Satisfied
234,1660,3 - Senior,39,Systems,Issue,2 - Normal,0 - Unassigned,18,0 - Unknown
235,705,2 - Regular,9,Access/Login,Issue,2 - Normal,3 - High,0,3 - Highly satisfied
236,1859,3 - Senior,40,Hardware,Request,2 - Normal,0 - Unassigned,15,3 - Highly satisfied
237,142,2 - Regular,26,Access/Login,Request,2 - Normal,2 - Medium,0,3 - Highly satisfied
238,461,4 - Management,7,Software,Request,2 - Normal,2 - Medium,7,2 - Satisfied
239,683,4 - Management,25,Access/Login,Request,2 - Normal,3 - High,1,0 - Unknown
240,1411,4 - Management,20,Hardware,Request,2 - Normal,3 - High,13,3 - Highly satisfied
241,499,2 - Regular,33,Systems,Request,2 - Normal,3 - High,8,2 - Satisfied
242,1200,2 - Regular,3,Systems,Request,2 - Normal,1 - Low,18,3 - Highly satisfied
243,1438,2 - Regular,5,Software,Request,2 - Normal,1 - Low,9,0 - Unknown
244,1011,2 - Regular,32,Software,Issue,2 - Normal,2 - Medium,2,2 - Satisfied
245,1471,3 - Senior,48,Systems,Issue,2 - Normal,3 - High,1,2 - Satisfied
246,1401,2 - Regular,48,Systems,Request,2 - Normal,0 - Unassigned,6,0 - Unknown
247,1579,2 - Regular,17,Access/Login,Request,2 - Normal,0 - Unassigned,0,3 - Highly satisfied
248,704,2 - Regular,35,Access/Login,Request,2 - Normal,0 - Unassigned,0,2 - Satisfied
249,521,3 - Senior,9,Access/Login,Issue,2 - Normal,2 - Medium,0,0 - Unknown
250,1745,3 - Senior,12,Systems,Request,2 - Normal,3 - High,6,1 - Unsatisfied
251,1052,4 - Management,7,Access/Login,Request,2 - Normal,0 - Unassigned,0,2 - Satisfied
252,1025,3 - Senior,7,Systems,Request,2 - Normal,3 - High,21,3 - Highly satisfied
253,767,2 - Regular,1,Software,Request,2 - Normal,3 - High,13,0 - Unknown
254,817,4 - Management,16,Systems,Request,2 - Normal,3 - High,7,3 - Highly satisfied
255,1847,3 - Senior,8,Software,Issue,2 - Normal,3 - High,2,2 - Satisfied
256,1801,3 - Senior,45,Systems,Issue,2 - Normal,3 - High,1,3 - Highly satisfied
257,292,1 - Junior,48,Software,Request,2 - Normal,1 - Low,7,3 - Highly satisfied
258,1011,2 - Regular,42,Systems,Issue,2 - Normal,1 - Low,3,1 - Unsatisfied
259,73,4 - Management,35,Access/Login,Request,3 - Major,3 - High,0,2 - Satisfied
260,1373,3 - Senior,5,Software,Request,2 - Normal,0 - Unassigned,5,3 - Highly satisfied
261,108,2 - Regular,19,Systems,Request,2 - Normal,3 - High,6,1 - Unsatisfied
262,1344,1 - Junior,45,Access/Login,Request,2 - Normal,1 - Low,0,3 - Highly satisfied
263,1990,1 - Junior,40,Systems,Request,3 - Major,3 - High,12,1 - Unsatisfied
264,1547,3 - Senior,30,Software,Request,2 - Normal,0 - Unassigned,2,0 - Unknown
265,1641,2 - Regular,26,Systems,Request,2 - Normal,2 - Medium,15,1 - Unsatisfied
266,1859,3 - Senior,32,Software,Request,2 - Normal,0 - Unassigned,6,0 - Unknown
267,1045,4 - Management,24,Access/Login,Request,4 - Critical,0 - Unassigned,0,0 - Unknown
268,166,2 - Regular,18,Access/Login,Issue,2 - Normal,2 - Medium,0,0 - Unknown
269,1591,3 - Senior,10,Hardware,Issue,2 - Normal,0 - Unassigned,7,2 - Satisfied
270,551,4 - Management,35,Systems,Issue,2 - Normal,0 - Unassigned,5,3 - Highly satisfied
271,1631,4 - Management,8,Systems,Request,2 - Normal,3 - High,7,3 - Highly satisfied
272,1002,4 - Management,40,Hardware,Request,2 - Normal,3 - High,15,3 - Highly satisfied
273,443,2 - Regular,3,Systems,Request,2 - Normal,3 - High,20,1 - Unsatisfied
274,562,3 - Senior,19,Access/Login,Request,2 - Normal,0 - Unassigned,1,3 - Highly satisfied
275,1185,2 - Regular,11,Systems,Request,1 - Minor,0 - Unassigned,5,2 - Satisfied
276,805,2 - Regular,41,Software,Issue,2 - Normal,1 - Low,3,3 - Highly satisfied
277,1878,1 - Junior,23,Systems,Request,2 - Normal,1 - Low,16,0 - Unknown
278,317,1 - Junior,19,Software,Request,2 - Normal,2 - Medium,8,0 - Unknown
279,676,2 - Regular,36,Access/Login,Request,2 - Normal,2 - Medium,0,0 - Unknown
280,1225,3 - Senior,41,Access/Login,Issue,2 - Normal,2 - Medium,1,1 - Unsatisfied
281,1315,3 - Senior,1,Access/Login,Issue,4 - Critical,0 - Unassigned,1,0 - Unknown
282,563,3 - Senior,35,Systems,Issue,2 - Normal,3 - High,7,2 - Satisfied
283,367,2 - Regular,5,Systems,Issue,2 - Normal,0 - Unassigned,7,3 - Highly satisfied
284,1966,2 - Regular,33,Hardware,Issue,2 - Normal,3 - High,5,0 - Unknown
285,167,4 - Management,34,Systems,Issue,2 - Normal,3 - High,2,3 - Highly satisfied
286,1184,1 - Junior,19,Software,Issue,2 - Normal,2 - Medium,1,2 - Satisfied
287,1177,2 - Regular,32,Systems,Request,2 - Normal,0 - Unassigned,6,1 - Unsatisfied
288,700,3 - Senior,32,Software,Request,2 - Normal,3 - High,2,2 - Satisfied
289,635,1 - Junior,25,Systems,Request,2 - Normal,1 - Low,18,0 - Unknown
290,1779,2 - Regular,26,Software,Issue,4 - Critical,3 - High,7,2 - Satisfied
291,1909,2 - Regular,44,Software,Request,2 - Normal,3 - High,4,1 - Unsatisfied
292,1968,1 - Junior,5,Access/Login,Request,2 - Normal,2 - Medium,0,0 - Unknown
293,1420,3 - Senior,24,Systems,Request,2 - Normal,0 - Unassigned,5,0 - Unknown
294,907,4 - Management,4,Systems,Request,2 - Normal,3 - High,23,1 - Unsatisfied
295,335,4 - Management,14,Software,Request,2 - Normal,3 - High,5,1 - Unsatisfied
296,640,2 - Regular,5,Hardware,Request,2 - Normal,0 - Unassigned,14,1 - Unsatisfied
297,1859,3 - Senior,25,Access/Login,Issue,2 - Normal,3 - High,0,3 - Highly satisfied
298,1095,2 - Regular,11,Software,Request,2 - Normal,0 - Unassigned,9,3 - Highly satisfied
299,1789,2 - Regular,48,Access/Login,Request,2 - Normal,0 - Unassigned,0,0 - Unknown
300,1339,1 - Junior,17,Systems,Request,2 - Normal,1 - Low,5,1 - Unsatisfied
301,1411,4 - Management,21,Hardware,Request,2 - Normal,3 - High,10,0 - Unknown
302,1742,3 - Senior,27,Systems,Request,2 - Normal,0 - Unassigned,6,3 - Highly satisfied
303,1532,3 - Senior,27,Systems,Request,2 - Normal,0 - Unassigned,6,2 - Satisfied
304,1937,2 - Regular,26,Software,Request,2 - Normal,0 - Unassigned,2,0 - Unknown
305,1513,2 - Regular,41,Access/Login,Request,2 - Normal,3 - High,0,0 - Unknown
306,22,2 - Regular,27,Systems,Issue,2 - Normal,0 - Unassigned,1,0 - Unknown
307,1007,3 - Senior,32,Access/Login,Request,2 - Normal,0 - Unassigned,0,1 - Unsatisfied
308,1840,1 - Junior,1,Systems,Request,2 - Normal,2 - Medium,13,1 - Unsatisfied
309,1570,1 - Junior,15,Access/Login,Issue,2 - Normal,0 - Unassigned,0,3 - Highly satisfied
310,832,2 - Regular,45,Hardware,Request,2 - Normal,2 - Medium,14,3 - Highly satisfied
311,1595,3 - Senior,31,Systems,Request,2 - Normal,3 - High,7,3 - Highly satisfied
312,1817,3 - Senior,8,Systems,Issue,2 - Normal,2 - Medium,3,2 - Satisfied
313,767,2 - Regular,3,Systems,Request,2 - Normal,3 - High,21,1 - Unsatisfied
314,956,4 - Management,9,Software,Request,2 - Normal,3 - High,4,3 - Highly satisfied
315,1762,2 - Regular,29,Access/Login,Issue,2 - Normal,0 - Unassigned,0,3 - Highly satisfied
316,490,2 - Regular,6,Access/Login,Request,2 - Normal,2 - Medium,0,1 - Unsatisfied
317,251,4 - Management,11,Software,Request,0 - Unclassified,2 - Medium,2,0 - Unknown
318,1738,2 - Regular,7,Access/Login,Issue,2 - Normal,0 - Unassigned,0,0 - Unknown
319,1833,1 - Junior,39,Access/Login,Request,2 - Normal,0 - Unassigned,0,0 - Unknown
320,1602,3 - Senior,5,Hardware,Request,2 - Normal,3 - High,11,3 - Highly satisfied
321,471,4 - Management,48,Access/Login,Issue,2 - Normal,0 - Unassigned,0,0 - Unknown
322,530,3 - Senior,4,Systems,Issue,2 - Normal,0 - Unassigned,3,2 - Satisfied
323,483,4 - Management,19,Access/Login,Request,2 - Normal,3 - High,0,2 - Satisfied
324,1744,4 - Management,33,Access/Login,Request,2 - Normal,0 - Unassigned,0,2 - Satisfied
325,469,2 - Regular,43,Software,Request,2 - Normal,2 - Medium,3,0 - Unknown
326,771,1 - Junior,25,Systems,Request,3 - Major,2 - Medium,21,1 - Unsatisfied
327,1423,2 - Regular,22,Software,Request,2 - Normal,0 - Unassigned,11,0 - Unknown
328,1614,2 - Regular,25,Systems,Request,2 - Normal,0 - Unassigned,21,1 - Unsatisfied
329,1252,4 - Management,37,Access/Login,Issue,2 - Normal,3 - High,0,0 - Unknown
330,528,1 - Junior,36,Systems,Issue,2 - Normal,3 - High,1,3 - Highly satisfied
331,1763,3 - Senior,7,Access/Login,Request,2 - Normal,0 - Unassigned,1,1 - Unsatisfied
332,1453,3 - Senior,3,Software,Request,2 - Normal,2 - Medium,6,0 - Unknown
333,1146,1 - Junior,26,Systems,Request,2 - Normal,0 - Unassigned,19,0 - Unknown
334,1021,2 - Regular,32,Systems,Issue,2 - Normal,3 - High,5,3 - Highly satisfied
335,622,2 - Regular,24,Systems,Request,3 - Major,3 - High,7,3 - Highly satisfied
336,809,4 - Management,1,Access/Login,Request,2 - Normal,3 - High,2,0 - Unknown
337,1311,2 - Regular,13,Systems,Request,2 - Normal,1 - Low,26,0 - Unknown
338,466,3 - Senior,4,Software,Request,2 - Normal,2 - Medium,10,0 - Unknown
339,1269,2 - Regular,3,Software,Request,2 - Normal,3 - High,8,0 - Unknown
340,1460,4 - Management,7,Hardware,Request,2 - Normal,0 - Unassigned,35,0 - Unknown
341,68,4 - Management,45,Systems,Issue,3 - Major,3 - High,2,3 - Highly satisfied
342,1206,2 - Regular,3,Hardware,Request,2 - Normal,1 - Low,32,0 - Unknown
343,1626,2 - Regular,17,Systems,Request,2 - Normal,3 - High,5,0 - Unknown
344,564,2 - Regular,45,Access/Login,Issue,2 - Normal,2 - Medium,0,3 - Highly satisfied
345,1678,4 - Management,2,Software,Request,2 - Normal,3 - High,5,2 - Satisfied
346,1906,2 - Regular,34,Hardware,Request,2 - Normal,2 - Medium,10,3 - Highly satisfied
347,203,3 - Senior,27,Hardware,Request,2 - Normal,1 - Low,11,3 - Highly satisfied
348,1450,2 - Regular,30,Software,Request,2 - Normal,3 - High,7,2 - Satisfied
349,47,4 - Management,32,Systems,Request,2 - Normal,3 - High,11,1 - Unsatisfied
350,522,2 - Regular,3,Software,Request,2 - Normal,3 - High,11,3 - Highly satisfied
351,716,2 - Regular,36,Access/Login,Request,2 - Normal,2 - Medium,0,1 - Unsatisfied
352,388,3 - Senior,16,Systems,Request,2 - Normal,3 - High,12,3 - Highly satisfied
353,1057,2 - Regular,26,Software,Request,2 - Normal,0 - Unassigned,8,0 - Unknown
354,439,2 - Regular,40,Access/Login,Request,2 - Normal,0 - Unassigned,0,0 - Unknown
355,548,4 - Management,3,Access/Login,Request,2 - Normal,1 - Low,1,2 - Satisfied
356,23,2 - Regular,15,Software,Request,2 - Normal,2 - Medium,4,1 - Unsatisfied
357,1366,3 - Senior,19,Software,Issue,2 - Normal,3 - High,4,2 - Satisfied
358,1356,2 - Regular,44,Systems,Issue,2 - Normal,0 - Unassigned,1,0 - Unknown
359,1293,2 - Regular,43,Systems,Request,2 - Normal,3 - High,5,3 - Highly satisfied
360,1601,4 - Management,5,Systems,Request,2 - Normal,3 - High,5,3 - Highly satisfied
361,78,3 - Senior,3,Access/Login,Request,2 - Normal,2 - Medium,0,0 - Unknown
362,385,4 - Management,40,Systems,Request,2 - Normal,3 - High,8,2 - Satisfied
363,114,4 - Management,28,Systems,Request,2 - Normal,3 - High,16,0 - Unknown
364,453,2 - Regular,41,Hardware,Issue,2 - Normal,3 - High,7,1 - Unsatisfied
365,905,2 - Regular,2,Software,Issue,2 - Normal,3 - High,0,3 - Highly satisfied
366,339,2 - Regular,3,Access/Login,Request,2 - Normal,0 - Unassigned,0,2 - Satisfied
367,1105,2 - Regular,21,Access/Login,Request,2 - Normal,3 - High,0,3 - Highly satisfied
368,1462,4 - Management,37,Systems,Issue,2 - Normal,3 - High,3,3 - Highly satisfied
369,1707,2 - Regular,34,Systems,Request,2 - Normal,1 - Low,9,3 - Highly satisfied
370,334,1 - Junior,25,Access/Login,Request,3 - Major,3 - High,1,0 - Unknown
371,845,2 - Regular,6,Access/Login,Request,2 - Normal,1 - Low,0,0 - Unknown
372,1621,3 - Senior,12,Hardware,Request,4 - Critical,0 - Unassigned,10,3 - Highly satisfied
373,282,2 - Regular,1,Software,Request,2 - Normal,2 - Medium,12,3 - Highly satisfied
374,1167,2 - Regular,38,Systems,Request,2 - Normal,2 - Medium,19,2 - Satisfied
375,1000,3 - Senior,31,Software,Request,2 - Normal,3 - High,4,3 - Highly satisfied
376,260,3 - Senior,27,Software,Issue,2 - Normal,3 - High,2,3 - Highly satisfied
377,1139,3 - Senior,14,Systems,Request,2 - Normal,2 - Medium,15,0 - Unknown
378,1510,3 - Senior,41,Hardware,Request,2 - Normal,0 - Unassigned,14,1 - Unsatisfied
379,1137,2 - Regular,13,Access/Login,Request,2 - Normal,3 - High,1,1 - Unsatisfied
380,573,2 - Regular,17,Access/Login,Request,2 - Normal,2 - Medium,0,2 - Satisfied
381,239,2 - Regular,16,Systems,Issue,2 - Normal,3 - High,1,2 - Satisfied
382,1222,2 - Regular,50,Access/Login,Request,2 - Normal,2 - Medium,1,1 - Unsatisfied
383,156,2 - Regular,33,Software,Request,2 - Normal,0 - Unassigned,9,2 - Satisfied
384,432,3 - Senior,38,Access/Login,Request,2 - Normal,3 - High,0,1 - Unsatisfied
385,43,1 - Junior,8,Hardware,Request,2 - Normal,0 - Unassigned,10,0 - Unknown
386,656,2 - Regular,26,Systems,Issue,2 - Normal,1 - Low,6,2 - Satisfied
387,1044,2 - Regular,9,Systems,Request,2 - Normal,0 - Unassigned,17,0 - Unknown
388,1815,2 - Regular,4,Systems,Request,2 - Normal,1 - Low,25,0 - Unknown
389,262,2 - Regular,24,Access/Login,Request,2 - Normal,3 - High,0,0 - Unknown
390,112,3 - Senior,7,Hardware,Request,2 - Normal,3 - High,31,1 - Unsatisfied
391,750,1 - Junior,20,Systems,Issue,3 - Major,2 - Medium,7,0 - Unknown
392,45,2 - Regular,42,Systems,Request,2 - Normal,2 - Medium,5,3 - Highly satisfied
393,30,2 - Regular,7,Systems,Issue,2 - Normal,1 - Low,10,2 - Satisfied
394,486,4 - Management,30,Systems,Request,2 - Normal,0 - Unassigned,10,2 - Satisfied
395,1497,1 - Junior,44,Systems,Request,2 - Normal,0 - Unassigned,26,3 - Highly satisfied
396,233,2 - Regular,24,Systems,Issue,2 - Normal,0 - Unassigned,1,0 - Unknown
397,414,3 - Senior,42,Systems,Request,3 - Major,3 - High,8,0 - Unknown
398,1496,2 - Regular,8,Systems,Request,2 - Normal,3 - High,6,2 - Satisfied
399,822,2 - Regular,14,Access/Login,Request,2 - Normal,3 - High,0,0 - Unknown
400,1904,1 - Junior,11,Systems,Issue,2 - Normal,0 - Unassigned,11,0 - Unknown
401,1976,4 - Management,37,Software,Request,2 - Normal,3 - High,3,2 - Satisfied
402,1667,2 - Regular,16,Systems,Request,2 - Normal,3 - High,6,0 - Unknown
403,1372,2 - Regular,19,Access/Login,Request,1 - Minor,3 - High,0,3 - Highly satisfied
404,1419,1 - Junior,17,Software,Issue,2 - Normal,2 - Medium,3,0 - Unknown
405,763,4 - Management,37,Systems,Request,2 - Normal,3 - High,5,1 - Unsatisfied
406,174,4 - Management,7,Software,Request,2 - Normal,3 - High,16,2 - Satisfied
407,1958,4 - Management,23,Software,Issue,2 - Normal,3 - High,0,2 - Satisfied
408,1452,1 - Junior,44,Systems,Issue,2 - Normal,1 - Low,1,2 - Satisfied
409,1173,4 - Management,9,Access/Login,Request,2 - Normal,0 - Unassigned,1,3 - Highly satisfied
410,485,4 - Management,38,Access/Login,Request,2 - Normal,3 - High,0,0 - Unknown
411,484,4 - Management,37,Systems,Request,2 - Normal,3 - High,8,1 - Unsatisfied
412,38,4 - Management,21,Access/Login,Request,2 - Normal,2 - Medium,0,3 - Highly satisfied
413,1552,1 - Junior,35,Software,Request,2 - Normal,0 - Unassigned,3,1 - Unsatisfied
414,1208,4 - Management,26,Access/Login,Request,2 - Normal,0 - Unassigned,0,2 - Satisfied
415,1842,2 - Regular,15,Software,Request,2 - Normal,0 - Unassigned,7,3 - Highly satisfied
416,661,4 - Management,42,Systems,Request,2 - Normal,3 - High,6,3 - Highly satisfied
417,1827,1 - Junior,19,Systems,Request,2 - Normal,0 - Unassigned,19,0 - Unknown
418,56,1 - Junior,45,Systems,Issue,1 - Minor,0 - Unassigned,2,2 - Satisfied
419,1384,3 - Senior,6,Access/Login,Request,2 - Normal,0 - Unassigned,1,1 - Unsatisfied
420,644,4 - Management,50,Access/Login,Request,2 - Normal,3 - High,0,0 - Unknown
421,1789,2 - Regular,29,Software,Issue,2 - Normal,1 - Low,8,3 - Highly satisfied
422,1165,4 - Management,19,Systems,Request,2 - Normal,3 - High,14,1 - Unsatisfied
423,1064,4 - Management,34,Systems,Issue,2 - Normal,3 - High,2,3 - Highly satisfied
424,100,3 - Senior,28,Systems,Request,2 - Normal,3 - High,15,0 - Unknown
425,692,2 - Regular,22,Systems,Request,2 - Normal,3 - High,20,0 - Unknown
426,1921,3 - Senior,45,Systems,Request,2 - Normal,3 - High,5,0 - Unknown
427,97,2 - Regular,14,Systems,Request,2 - Normal,0 - Unassigned,7,0 - Unknown
428,1458,1 - Junior,8,Software,Request,2 - Normal,1 - Low,2,3 - Highly satisfied
429,568,3 - Senior,45,Software,Request,2 - Normal,3 - High,4,0 - Unknown
430,1829,1 - Junior,22,Systems,Issue,2 - Normal,1 - Low,10,2 - Satisfied
431,1694,3 - Senior,42,Access/Login,Request,2 - Normal,0 - Unassigned,1,0 - Unknown
432,65,1 - Junior,24,Hardware,Issue,2 - Normal,1 - Low,15,3 - Highly satisfied
433,718,2 - Regular,27,Software,Request,2 - Normal,1 - Low,3,0 - Unknown
434,380,1 - Junior,47,Hardware,Issue,4 - Critical,2 - Medium,5,0 - Unknown
435,876,2 - Regular,18,Software,Request,2 - Normal,0 - Unassigned,7,3 - Highly satisfied
436,1059,2 - Regular,40,Systems,Issue,2 - Normal,0 - Unassigned,6,3 - Highly satisfied
437,523,2 - Regular,1,Systems,Issue,2 - Normal,2 - Medium,13,1 - Unsatisfied
438,824,4 - Management,14,Systems,Request,2 - Normal,0 - Unassigned,5,1 - Unsatisfied
439,161,2 - Regular,7,Hardware,Request,2 - Normal,3 - High,31,1 - Unsatisfied
440,730,2 - Regular,19,Software,Request,2 - Normal,3 - High,2,0 - Unknown
441,871,2 - Regular,47,Software,Request,2 - Normal,2 - Medium,3,1 - Unsatisfied
442,1274,3 - Senior,31,Systems,Issue,2 - Normal,3 - High,8,0 - Unknown
443,1850,2 - Regular,13,Systems,Issue,2 - Normal,3 - High,11,0 - Unknown
444,946,1 - Junior,16,Software,Request,2 - Normal,2 - Medium,8,0 - Unknown
445,1905,3 - Senior,5,Access/Login,Issue,2 - Normal,0 - Unassigned,0,3 - Highly satisfied
446,477,3 - Senior,31,Software,Request,2 - Normal,3 - High,4,0 - Unknown
447,1124,2 - Regular,29,Systems,Issue,2 - Normal,0 - Unassigned,14,0 - Unknown
448,417,2 - Regular,15,Software,Request,2 - Normal,0 - Unassigned,3,0 - Unknown
449,640,2 - Regular,5,Access/Login,Request,2 - Normal,0 - Unassigned,0,2 - Satisfied
450,850,2 - Regular,27,Systems,Issue,2 - Normal,1 - Low,2,2 - Satisfied
451,1277,3 - Senior,2,Access/Login,Request,0 - Unclassified,3 - High,0,0 - Unknown
452,1604,4 - Management,24,Systems,Request,2 - Normal,0 - Unassigned,9,0 - Unknown
453,247,2 - Regular,34,Software,Request,2 - Normal,3 - High,3,3 - Highly satisfied
454,456,1 - Junior,50,Hardware,Request,2 - Normal,2 - Medium,35,0 - Unknown
455,88,3 - Senior,12,Systems,Issue,2 - Normal,3 - High,4,0 - Unknown
456,1721,1 - Junior,40,Hardware,Request,2 - Normal,0 - Unassigned,30,0 - Unknown
457,586,4 - Management,15,Access/Login,Request,3 - Major,1 - Low,1,3 - Highly satisfied
458,1442,2 - Regular,5,Software,Request,2 - Normal,0 - Unassigned,8,1 - Unsatisfied
459,1245,2 - Regular,41,Software,Request,2 - Normal,1 - Low,7,3 - Highly satisfied
460,1962,2 - Regular,39,Systems,Request,3 - Major,0 - Unassigned,17,1 - Unsatisfied
461,148,4 - Management,41,Access/Login,Issue,2 - Normal,3 - High,0,3 - Highly satisfied
462,1757,1 - Junior,22,Systems,Request,2 - Normal,1 - Low,19,0 - Unknown
463,1936,2 - Regular,9,Systems,Request,2 - Normal,0 - Unassigned,8,1 - Unsatisfied
464,1398,4 - Management,9,Software,Request,2 - Normal,3 - High,3,2 - Satisfied
465,1355,2 - Regular,14,Systems,Request,1 - Minor,1 - Low,19,3 - Highly satisfied
466,861,4 - Management,49,Access/Login,Issue,2 - Normal,0 - Unassigned,1,2 - Satisfied
467,1840,1 - Junior,31,Access/Login,Issue,2 - Normal,0 - Unassigned,0,3 - Highly satisfied
468,779,1 - Junior,15,Software,Issue,2 - Normal,3 - High,1,1 - Unsatisfied
469,56,1 - Junior,16,Access/Login,Request,2 - Normal,2 - Medium,1,1 - Unsatisfied
470,1738,2 - Regular,33,Systems,Request,2 - Normal,0 - Unassigned,20,3 - Highly satisfied
471,1511,4 - Management,12,Systems,Issue,2 - Normal,2 - Medium,2,1 - Unsatisfied
472,429,4 - Management,48,Software,Request,2 - Normal,0 - Unassigned,5,2 - Satisfied
473,410,2 - Regular,25,Access/Login,Issue,2 - Normal,0 - Unassigned,0,3 - Highly satisfied
474,1911,3 - Senior,24,Systems,Request,2 - Normal,3 - High,7,2 - Satisfied
475,1001,3 - Senior,38,Systems,Request,2 - Normal,0 - Unassigned,5,0 - Unknown
476,485,4 - Management,5,Systems,Request,2 - Normal,0 - Unassigned,5,3 - Highly satisfied
477,1292,1 - Junior,48,Access/Login,Request,2 - Normal,1 - Low,0,0 - Unknown
478,1766,1 - Junior,5,Software,Request,2 - Normal,1 - Low,9,3 - Highly satisfied
479,1639,1 - Junior,46,Hardware,Request,2 - Normal,2 - Medium,30,3 - Highly satisfied
480,1454,3 - Senior,35,Systems,Issue,2 - Normal,3 - High,3,3 - Highly satisfied
481,524,2 - Regular,6,Access/Login,Issue,3 - Major,1 - Low,1,1 - Unsatisfied
482,1131,4 - Management,47,Access/Login,Issue,3 - Major,3 - High,0,2 - Satisfied
483,1006,4 - Management,48,Access/Login,Request,2 - Normal,2 - Medium,0,2 - Satisfied
484,1720,3 - Senior,12,Systems,Issue,3 - Major,0 - Unassigned,4,0 - Unknown
485,50,2 - Regular,39,Access/Login,Issue,2 - Normal,0 - Unassigned,1,2 - Satisfied
486,1894,1 - Junior,44,Systems,Request,2 - Normal,2 - Medium,11,0 - Unknown
487,674,3 - Senior,49,Systems,Request,2 - Normal,1 - Low,18,2 - Satisfied
488,1055,3 - Senior,35,Systems,Request,2 - Normal,0 - Unassigned,5,0 - Unknown
489,446,1 - Junior,30,Hardware,Request,2 - Normal,0 - Unassigned,30,0 - Unknown
490,699,1 - Junior,45,Software,Request,2 - Normal,3 - High,7,3 - Highly satisfied
491,733,1 - Junior,16,Access/Login,Request,1 - Minor,3 - High,0,2 - Satisfied
492,917,4 - Management,42,Hardware,Issue,2 - Normal,3 - High,5,0 - Unknown
493,513,4 - Management,10,Hardware,Request,2 - Normal,0 - Unassigned,10,2 - Satisfied
494,1426,4 - Management,4,Access/Login,Request,2 - Normal,3 - High,0,3 - Highly satisfied
495,347,3 - Senior,48,Software,Request,2 - Normal,3 - High,4,3 - Highly satisfied
496,1598,4 - Management,48,Software,Request,2 - Normal,0 - Unassigned,2,3 - Highly satisfied
497,470,2 - Regular,45,Software,Request,2 - Normal,1 - Low,3,3 - Highly satisfied
498,570,2 - Regular,44,Systems,Request,2 - Normal,3 - High,8,1 - Unsatisfied
499,509,1 - Junior,5,Systems,Request,2 - Normal,2 - Medium,17,2 - Satisfied
500,1808,2 - Regular,28,Software,Request,2 - Normal,0 - Unassigned,11,0 - Unknown
501,875,4 - Management,8,Systems,Request,2 - Normal,3 - High,9,0 - Unknown
502,1842,2 - Regular,35,Access/Login,Request,2 - Normal,0 - Unassigned,0,0 - Unknown
503,189,2 - Regular,7,Access/Login,Issue,2 - Normal,0 - Unassigned,0,1 - Unsatisfied
504,508,3 - Senior,1,Access/Login,Request,3 - Major,3 - High,1,1 - Unsatisfied
505,1595,3 - Senior,3,Systems,Issue,2 - Normal,3 - High,9,2 - Satisfied
506,384,1 - Junior,24,Access/Login,Issue,1 - Minor,2 - Medium,0,3 - Highly satisfied
507,697,4 - Management,1,Systems,Request,2 - Normal,2 - Medium,17,2 - Satisfied
508,1841,2 - Regular,29,Software,Request,2 - Normal,0 - Unassigned,2,0 - Unknown
509,97,2 - Regular,10,Systems,Issue,2 - Normal,1 - Low,4,1 - Unsatisfied
510,887,2 - Regular,4,Systems,Request,2 - Normal,3 - High,14,0 - Unknown
511,31,4 - Management,6,Systems,Request,2 - Normal,3 - High,18,1 - Unsatisfied
512,92,2 - Regular,10,Access/Login,Request,2 - Normal,0 - Unassigned,0,3 - Highly satisfied
513,1928,3 - Senior,41,Access/Login,Request,2 - Normal,0 - Unassigned,0,2 - Satisfied
514,1456,4 - Management,18,Systems,Request,2 - Normal,3 - High,7,0 - Unknown
515,1931,2 - Regular,10,Systems,Request,4 - Critical,1 - Low,16,3 - Highly satisfied
516,1792,1 - Junior,46,Access/Login,Request,2 - Normal,2 - Medium,0,1 - Unsatisfied
517,1786,1 - Junior,24,Systems,Request,2 - Normal,2 - Medium,7,0 - Unknown
518,1036,3 - Senior,19,Systems,Request,2 - Normal,3 - High,13,0 - Unknown
519,592,3 - Senior,34,Access/Login,Issue,2 - Normal,3 - High,0,0 - Unknown
520,1550,4 - Management,28,Access/Login,Request,2 - Normal,3 - High,1,2 - Satisfied
521,1163,4 - Management,1,Access/Login,Issue,2 - Normal,0 - Unassigned,1,1 - Unsatisfied
522,91,2 - Regular,24,Access/Login,Issue,2 - Normal,1 - Low,0,1 - Unsatisfied
523,558,1 - Junior,3,Access/Login,Request,2 - Normal,1 - Low,0,1 - Unsatisfied
524,1691,1 - Junior,40,Access/Login,Issue,2 - Normal,0 - Unassigned,2,3 - Highly satisfied
525,1201,1 - Junior,49,Systems,Request,2 - Normal,3 - High,14,1 - Unsatisfied
526,746,3 - Senior,6,Software,Request,2 - Normal,3 - High,7,3 - Highly satisfied
527,506,2 - Regular,26,Access/Login,Request,2 - Normal,2 - Medium,1,0 - Unknown
528,169,2 - Regular,3,Hardware,Request,1 - Minor,0 - Unassigned,26,0 - Unknown
529,167,4 - Management,5,Software,Request,2 - Normal,3 - High,3,0 - Unknown
530,167,4 - Management,21,Access/Login,Request,2 - Normal,3 - High,0,3 - Highly satisfied
531,667,2 - Regular,37,Access/Login,Issue,2 - Normal,0 - Unassigned,1,1 - Unsatisfied
532,1166,1 - Junior,22,Systems,Issue,2 - Normal,1 - Low,12,1 - Unsatisfied
533,1538,4 - Management,40,Systems,Request,2 - Normal,0 - Unassigned,5,3 - Highly satisfied
534,25,2 - Regular,46,Systems,Issue,2 - Normal,0 - Unassigned,3,2 - Satisfied
535,979,3 - Senior,48,Access/Login,Issue,2 - Normal,3 - High,0,3 - Highly satisfied
536,1080,2 - Regular,5,Software,Request,2 - Normal,1 - Low,9,3 - Highly satisfied
537,419,4 - Management,22,Access/Login,Request,2 - Normal,3 - High,2,1 - Unsatisfied
538,1568,1 - Junior,2,Systems,Request,2 - Normal,1 - Low,6,3 - Highly satisfied
539,951,2 - Regular,44,Access/Login,Issue,2 - Normal,1 - Low,1,0 - Unknown
540,1748,2 - Regular,16,Software,Request,2 - Normal,3 - High,3,2 - Satisfied
541,1982,3 - Senior,48,Hardware,Issue,2 - Normal,3 - High,6,0 - Unknown
542,1925,2 - Regular,35,Systems,Request,2 - Normal,3 - High,8,3 - Highly satisfied
543,1568,1 - Junior,20,Access/Login,Request,2 - Normal,1 - Low,0,3 - Highly satisfied
544,1200,2 - Regular,37,Systems,Request,2 - Normal,1 - Low,19,3 - Highly satisfied
545,1021,2 - Regular,33,Access/Login,Request,2 - Normal,2 - Medium,0,3 - Highly satisfied
546,226,4 - Management,29,Systems,Issue,3 - Major,3 - High,2,3 - Highly satisfied
547,1724,1 - Junior,6,Software,Issue,2 - Normal,2 - Medium,2,1 - Unsatisfied
548,907,4 - Management,44,Software,Request,2 - Normal,3 - High,4,1 - Unsatisfied
549,604,4 - Management,38,Access/Login,Request,2 - Normal,3 - High,0,2 - Satisfied
550,185,2 - Regular,23,Access/Login,Request,2 - Normal,0 - Unassigned,0,3 - Highly satisfied
551,68,4 - Management,35,Systems,Request,2 - Normal,0 - Unassigned,6,0 - Unknown
552,105,4 - Management,46,Systems,Request,2 - Normal,0 - Unassigned,17,0 - Unknown
553,1858,2 - Regular,38,Software,Issue,2 - Normal,3 - High,1,3 - Highly satisfied
554,703,2 - Regular,2,Systems,Request,2 - Normal,1 - Low,5,0 - Unknown
555,76,3 - Senior,14,Access/Login,Request,2 - Normal,3 - High,0,2 - Satisfied
556,47,4 - Management,6,Software,Issue,2 - Normal,3 - High,2,1 - Unsatisfied
557,1706,2 - Regular,39,Hardware,Issue,2 - Normal,0 - Unassigned,18,1 - Unsatisfied
558,615,1 - Junior,18,Systems,Issue,4 - Critical,1 - Low,10,2 - Satisfied
559,547,2 - Regular,4,Access/Login,Request,2 - Normal,3 - High,1,0 - Unknown
560,633,4 - Management,43,Software,Request,2 - Normal,0 - Unassigned,7,3 - Highly satisfied
561,1704,2 - Regular,18,Access/Login,Request,2 - Normal,0 - Unassigned,0,0 - Unknown
562,6,3 - Senior,15,Software,Issue,2 - Normal,3 - High,2,3 - Highly satisfied
563,922,2 - Regular,17,Access/Login,Request,2 - Normal,1 - Low,0,3 - Highly satisfied
564,525,4 - Management,18,Systems,Request,2 - Normal,0 - Unassigned,7,3 - Highly satisfied
565,1817,3 - Senior,20,Software,Request,2 - Normal,3 - High,2,3 - Highly satisfied
566,267,2 - Regular,12,Systems,Request,2 - Normal,2 - Medium,5,2 - Satisfied
567,531,3 - Senior,26,Hardware,Issue,2 - Normal,0 - Unassigned,8,1 - Unsatisfied
568,1859,3 - Senior,3,Systems,Request,2 - Normal,2 - Medium,20,3 - Highly satisfied
569,469,2 - Regular,34,Systems,Request,2 - Normal,2 - Medium,7,2 - Satisfied
570,1315,3 - Senior,18,Access/Login,Request,2 - Normal,0 - Unassigned,0,2 - Satisfied
571,1174,4 - Management,26,Systems,Request,2 - Normal,3 - High,5,0 - Unknown
572,339,2 - Regular,3,Access/Login,Issue,3 - Major,0 - Unassigned,0,1 - Unsatisfied
573,1847,3 - Senior,18,Access/Login,Request,2 - Normal,2 - Medium,0,0 - Unknown
574,1907,4 - Management,42,Hardware,Issue,2 - Normal,3 - High,6,0 - Unknown
575,1764,3 - Senior,14,Software,Issue,2 - Normal,3 - High,2,3 - Highly satisfied
576,1646,2 - Regular,29,Hardware,Request,2 - Normal,3 - High,10,0 - Unknown
577,2,2 - Regular,48,Systems,Issue,1 - Minor,2 - Medium,1,0 - Unknown
578,1506,1 - Junior,28,Access/Login,Request,2 - Normal,1 - Low,0,2 - Satisfied
579,809,4 - Management,29,Systems,Request,2 - Normal,3 - High,6,1 - Unsatisfied
580,176,3 - Senior,34,Systems,Request,2 - Normal,3 - High,8,3 - Highly satisfied
581,456,1 - Junior,19,Hardware,Request,2 - Normal,1 - Low,28,0 - Unknown
582,170,3 - Senior,15,Systems,Request,1 - Minor,3 - High,5,2 - Satisfied
583,1859,3 - Senior,48,Systems,Request,2 - Normal,1 - Low,17,3 - Highly satisfied
584,1730,1 - Junior,31,Systems,Request,2 - Normal,2 - Medium,6,3 - Highly satisfied
585,1980,4 - Management,46,Systems,Request,2 - Normal,3 - High,14,0 - Unknown
586,89,1 - Junior,37,Systems,Request,2 - Normal,1 - Low,13,0 - Unknown
587,1397,1 - Junior,42,Hardware,Request,3 - Major,0 - Unassigned,29,3 - Highly satisfied
588,1909,2 - Regular,35,Systems,Request,2 - Normal,3 - High,8,1 - Unsatisfied
589,109,4 - Management,34,Access/Login,Request,2 - Normal,2 - Medium,0,0 - Unknown
590,1058,4 - Management,33,Access/Login,Request,2 - Normal,3 - High,1,0 - Unknown
591,180,4 - Management,47,Access/Login,Issue,2 - Normal,3 - High,0,3 - Highly satisfied
592,447,3 - Senior,7,Access/Login,Request,2 - Normal,2 - Medium,1,0 - Unknown
593,342,4 - Management,4,Access/Login,Request,2 - Normal,3 - High,1,2 - Satisfied
594,437,1 - Junior,7,Software,Request,2 - Normal,0 - Unassigned,15,0 - Unknown
595,555,2 - Regular,39,Access/Login,Issue,2 - Normal,0 - Unassigned,0,1 - Unsatisfied
596,326,2 - Regular,2,Software,Issue,2 - Normal,1 - Low,4,3 - Highly satisfied
597,1199,2 - Regular,48,Systems,Request,2 - Normal,2 - Medium,15,0 - Unknown
598,572,2 - Regular,23,Systems,Request,2 - Normal,3 - High,7,0 - Unknown
599,1903,1 - Junior,14,Hardware,Request,2 - Normal,0 - Unassigned,32,3 - Highly satisfied
600,791,4 - Management,49,Software,Request,2 - Normal,3 - High,10,1 - Unsatisfied
601,559,1 - Junior,39,Systems,Issue,2 - Normal,1 - Low,4,2 - Satisfied
602,1857,2 - Regular,19,Software,Request,2 - Normal,2 - Medium,3,1 - Unsatisfied
603,721,1 - Junior,37,Access/Login,Request,2 - Normal,1 - Low,1,3 - Highly satisfied
604,1594,3 - Senior,37,Systems,Request,2 - Normal,0 - Unassigned,7,2 - Satisfied
605,1429,4 - Management,4,Software,Request,2 - Normal,3 - High,5,1 - Unsatisfied
606,1669,2 - Regular,49,Software,Request,2 - Normal,1 - Low,16,1 - Unsatisfied
607,1356,2 - Regular,6,Access/Login,Issue,2 - Normal,1 - Low,0,1 - Unsatisfied
608,564,2 - Regular,33,Systems,Request,3 - Major,3 - High,15,3 - Highly satisfied
609,1039,4 - Management,30,Software,Request,2 - Normal,3 - High,3,0 - Unknown
610,541,1 - Junior,29,Access/Login,Issue,3 - Major,1 - Low,1,2 - Satisfied
611,1538,4 - Management,17,Systems,Request,2 - Normal,0 - Unassigned,8,3 - Highly satisfied
612,565,2 - Regular,35,Systems,Issue,2 - Normal,3 - High,4,1 - Unsatisfied
613,761,1 - Junior,45,Systems,Request,2 - Normal,2 - Medium,7,0 - Unknown
614,580,3 - Senior,35,Systems,Request,2 - Normal,0 - Unassigned,7,0 - Unknown
615,791,4 - Management,40,Access/Login,Request,2 - Normal,3 - High,0,3 - Highly satisfied
616,1968,1 - Junior,4,Systems,Issue,2 - Normal,3 - High,2,1 - Unsatisfied
617,1320,1 - Junior,40,Access/Login,Request,2 - Normal,0 - Unassigned,0,3 - Highly satisfied
618,1986,2 - Regular,24,Hardware,Request,2 - Normal,1 - Low,25,2 - Satisfied
619,774,2 - Regular,21,Systems,Issue,2 - Normal,0 - Unassigned,5,3 - Highly satisfied
620,103,4 - Management,35,Hardware,Issue,1 - Minor,3 - High,5,2 - Satisfied
621,956,4 - Management,38,Systems,Request,2 - Normal,3 - High,9,0 - Unknown
622,1532,3 - Senior,25,Access/Login,Request,2 - Normal,3 - High,0,2 - Satisfied
623,863,1 - Junior,23,Systems,Request,2 - Normal,2 - Medium,19,2 - Satisfied
624,1924,1 - Junior,43,Systems,Request,2 - Normal,3 - High,5,0 - Unknown
625,895,3 - Senior,47,Hardware,Request,2 - Normal,3 - High,11,0 - Unknown
626,1413,2 - Regular,37,Systems,Request,2 - Normal,3 - High,6,0 - Unknown
627,1382,3 - Senior,17,Access/Login,Request,2 - Normal,0 - Unassigned,0,3 - Highly satisfied
628,1934,1 - Junior,8,Hardware,Request,2 - Normal,1 - Low,10,3 - Highly satisfied
629,1717,3 - Senior,20,Access/Login,Issue,2 - Normal,3 - High,0,2 - Satisfied
630,867,3 - Senior,48,Access/Login,Request,2 - Normal,3 - High,0,3 - Highly satisfied
631,1919,2 - Regular,34,Hardware,Issue,2 - Normal,1 - Low,5,3 - Highly satisfied
632,1555,2 - Regular,41,Systems,Request,2 - Normal,3 - High,8,1 - Unsatisfied
633,680,1 - Junior,15,Systems,Request,2 - Normal,1 - Low,6,2 - Satisfied
634,1675,4 - Management,4,Software,Request,2 - Normal,3 - High,4,1 - Unsatisfied
635,1608,2 - Regular,2,Systems,Request,2 - Normal,0 - Unassigned,6,3 - Highly satisfied
636,1899,1 - Junior,13,Systems,Request,2 - Normal,2 - Medium,17,1 - Unsatisfied
637,816,3 - Senior,47,Hardware,Request,2 - Normal,3 - High,11,3 - Highly satisfied
638,131,2 - Regular,42,Access/Login,Request,2 - Normal,1 - Low,0,2 - Satisfied
639,1335,4 - Management,50,Systems,Request,2 - Normal,3 - High,18,3 - Highly satisfied
640,749,3 - Senior,43,Access/Login,Request,2 - Normal,1 - Low,0,3 - Highly satisfied
641,761,1 - Junior,31,Access/Login,Request,2 - Normal,0 - Unassigned,0,0 - Unknown
642,725,3 - Senior,43,Systems,Request,2 - Normal,3 - High,7,0 - Unknown
643,1661,4 - Management,27,Software,Request,2 - Normal,3 - High,4,2 - Satisfied
644,408,4 - Management,31,Software,Request,2 - Normal,0 - Unassigned,7,3 - Highly satisfied
645,1337,2 - Regular,19,Software,Request,3 - Major,3 - High,12,1 - Unsatisfied
646,826,1 - Junior,18,Hardware,Request,2 - Normal,1 - Low,37,3 - Highly satisfied
647,1418,3 - Senior,24,Access/Login,Request,2 - Normal,3 - High,0,3 - Highly satisfied
648,719,4 - Management,2,Systems,Request,2 - Normal,3 - High,5,0 - Unknown
649,1295,4 - Management,33,Software,Issue,3 - Major,3 - High,5,3 - Highly satisfied
650,1032,1 - Junior,2,Access/Login,Issue,1 - Minor,1 - Low,0,0 - Unknown
651,246,4 - Management,28,Access/Login,Request,2 - Normal,3 - High,1,0 - Unknown
652,561,3 - Senior,4,Access/Login,Request,2 - Normal,0 - Unassigned,1,1 - Unsatisfied
653,1462,4 - Management,39,Access/Login,Request,2 - Normal,3 - High,1,2 - Satisfied
654,1332,2 - Regular,13,Systems,Request,2 - Normal,1 - Low,17,1 - Unsatisfied
655,1541,4 - Management,43,Hardware,Request,2 - Normal,0 - Unassigned,12,3 - Highly satisfied
656,839,4 - Management,33,Hardware,Request,2 - Normal,2 - Medium,12,0 - Unknown
657,494,2 - Regular,30,Systems,Issue,2 - Normal,1 - Low,4,0 - Unknown
658,1997,2 - Regular,35,Hardware,Issue,2 - Normal,3 - High,7,2 - Satisfied
659,1432,2 - Regular,42,Hardware,Issue,3 - Major,0 - Unassigned,6,3 - Highly satisfied
660,1570,1 - Junior,50,Access/Login,Request,3 - Major,0 - Unassigned,0,0 - Unknown
661,678,3 - Senior,39,Access/Login,Request,2 - Normal,1 - Low,1,1 - Unsatisfied
662,986,2 - Regular,11,Software,Request,2 - Normal,3 - High,8,0 - Unknown
663,1483,3 - Senior,30,Systems,Request,2 - Normal,3 - High,6,2 - Satisfied
664,1311,2 - Regular,11,Hardware,Request,2 - Normal,3 - High,28,2 - Satisfied
665,1217,2 - Regular,50,Access/Login,Request,2 - Normal,0 - Unassigned,1,1 - Unsatisfied
666,43,1 - Junior,15,Hardware,Request,2 - Normal,1 - Low,14,0 - Unknown
667,1778,2 - Regular,11,Hardware,Request,2 - Normal,0 - Unassigned,28,3 - Highly satisfied
668,1359,3 - Senior,1,Software,Request,2 - Normal,3 - High,7,0 - Unknown
669,1185,2 - Regular,40,Access/Login,Request,2 - Normal,0 - Unassigned,0,0 - Unknown
670,503,3 - Senior,26,Software,Request,2 - Normal,2 - Medium,5,0 - Unknown
671,879,2 - Regular,24,Hardware,Issue,2 - Normal,1 - Low,6,0 - Unknown
672,1620,2 - Regular,50,Access/Login,Issue,2 - Normal,0 - Unassigned,2,1 - Unsatisfied
673,639,2 - Regular,11,Systems,Request,2 - Normal,0 - Unassigned,16,1 - Unsatisfied
674,720,4 - Management,25,Systems,Request,2 - Normal,3 - High,13,0 - Unknown
675,325,4 - Management,29,Systems,Issue,2 - Normal,0 - Unassigned,3,0 - Unknown
676,1829,1 - Junior,49,Hardware,Request,2 - Normal,1 - Low,27,1 - Unsatisfied
677,580,3 - Senior,48,Systems,Request,2 - Normal,2 - Medium,9,2 - Satisfied
678,1053,2 - Regular,12,Software,Request,2 - Normal,3 - High,3,0 - Unknown
679,812,4 - Management,6,Software,Request,2 - Normal,0 - Unassigned,16,0 - Unknown
680,1245,2 - Regular,45,Systems,Request,2 - Normal,1 - Low,6,3 - Highly satisfied
681,851,1 - Junior,12,Software,Issue,3 - Major,0 - Unassigned,7,3 - Highly satisfied
682,1133,2 - Regular,49,Systems,Request,2 - Normal,0 - Unassigned,18,2 - Satisfied
683,1217,2 - Regular,48,Systems,Request,2 - Normal,0 - Unassigned,16,0 - Unknown
684,858,4 - Management,31,Access/Login,Request,2 - Normal,2 - Medium,0,0 - Unknown
685,1638,2 - Regular,19,Access/Login,Request,2 - Normal,2 - Medium,0,0 - Unknown
686,1509,3 - Senior,21,Systems,Request,2 - Normal,3 - High,7,2 - Satisfied
687,644,4 - Management,22,Hardware,Request,2 - Normal,3 - High,43,0 - Unknown
688,1357,2 - Regular,13,Software,Request,2 - Normal,0 - Unassigned,18,1 - Unsatisfied
689,665,3 - Senior,49,Software,Request,2 - Normal,0 - Unassigned,10,0 - Unknown
690,707,2 - Regular,4,Systems,Request,2 - Normal,3 - High,13,1 - Unsatisfied
691,273,4 - Management,30,Software,Request,2 - Normal,0 - Unassigned,2,1 - Unsatisfied
692,312,3 - Senior,20,Systems,Request,2 - Normal,0 - Unassigned,7,0 - Unknown
693,527,2 - Regular,45,Access/Login,Request,2 - Normal,1 - Low,0,3 - Highly satisfied
694,178,2 - Regular,19,Systems,Request,2 - Normal,3 - High,16,3 - Highly satisfied
695,467,2 - Regular,31,Access/Login,Request,2 - Normal,0 - Unassigned,0,0 - Unknown
696,40,4 - Management,43,Systems,Request,2 - Normal,0 - Unassigned,9,1 - Unsatisfied
697,1904,1 - Junior,5,Software,Request,2 - Normal,1 - Low,7,0 - Unknown
698,1634,2 - Regular,32,Software,Issue,2 - Normal,0 - Unassigned,9,0 - Unknown
699,909,2 - Regular,10,Systems,Issue,4 - Critical,1 - Low,6,2 - Satisfied
700,201,2 - Regular,50,Systems,Request,2 - Normal,3 - High,22,2 - Satisfied
701,76,3 - Senior,21,Systems,Request,2 - Normal,3 - High,6,0 - Unknown
702,183,2 - Regular,18,Access/Login,Request,2 - Normal,3 - High,0,2 - Satisfied
703,1460,4 - Management,41,Access/Login,Issue,2 - Normal,3 - High,0,1 - Unsatisfied
704,377,3 - Senior,2,Systems,Request,2 - Normal,3 - High,9,2 - Satisfied
705,737,4 - Management,3,Access/Login,Request,2 - Normal,3 - High,1,2 - Satisfied
706,1027,1 - Junior,11,Access/Login,Issue,2 - Normal,1 - Low,1,0 - Unknown
707,1843,2 - Regular,30,Software,Issue,2 - Normal,3 - High,2,3 - Highly satisfied
708,1733,3 - Senior,10,Access/Login,Request,2 - Normal,3 - High,0,2 - Satisfied
709,1905,3 - Senior,22,Systems,Issue,2 - Normal,3 - High,2,2 - Satisfied
710,1777,3 - Senior,21,Access/Login,Request,2 - Normal,3 - High,0,0 - Unknown
711,1747,2 - Regular,35,Software,Issue,2 - Normal,2 - Medium,5,3 - Highly satisfied
712,830,2 - Regular,25,Access/Login,Request,2 - Normal,3 - High,0,3 - Highly satisfied
713,1274,3 - Senior,39,Access/Login,Issue,2 - Normal,3 - High,2,2 - Satisfied
714,1649,2 - Regular,17,Access/Login,Issue,2 - Normal,0 - Unassigned,0,3 - Highly satisfied
715,928,2 - Regular,46,Hardware,Request,2 - Normal,3 - High,30,1 - Unsatisfied
716,458,3 - Senior,47,Access/Login,Request,3 - Major,3 - High,0,1 - Unsatisfied
717,1025,3 - Senior,4,Systems,Request,2 - Normal,2 - Medium,13,3 - Highly satisfied
718,884,3 - Senior,1,Software,Issue,2 - Normal,0 - Unassigned,4,1 - Unsatisfied
719,1258,1 - Junior,39,Software,Issue,2 - Normal,1 - Low,6,1 - Unsatisfied
720,1983,1 - Junior,3,Software,Request,3 - Major,3 - High,14,2 - Satisfied
721,1914,3 - Senior,9,Software,Issue,2 - Normal,3 - High,1,2 - Satisfied
722,1100,2 - Regular,17,Access/Login,Request,2 - Normal,0 - Unassigned,0,0 - Unknown
723,955,1 - Junior,43,Systems,Request,2 - Normal,2 - Medium,8,3 - Highly satisfied
724,841,1 - Junior,15,Access/Login,Request,2 - Normal,0 - Unassigned,0,0 - Unknown
725,267,2 - Regular,28,Access/Login,Request,2 - Normal,2 - Medium,1,1 - Unsatisfied
726,261,2 - Regular,42,Access/Login,Request,2 - Normal,1 - Low,0,3 - Highly satisfied
727,1810,1 - Junior,40,Software,Request,2 - Normal,2 - Medium,7,3 - Highly satisfied
728,1614,2 - Regular,12,Systems,Request,2 - Normal,2 - Medium,6,0 - Unknown
729,726,2 - Regular,30,Access/Login,Request,2 - Normal,0 - Unassigned,0,0 - Unknown
730,1746,3 - Senior,20,Systems,Issue,2 - Normal,3 - High,2,2 - Satisfied
731,1169,2 - Regular,40,Systems,Request,2 - Normal,0 - Unassigned,9,0 - Unknown
732,1227,2 - Regular,39,Hardware,Issue,2 - Normal,0 - Unassigned,17,0 - Unknown
733,1613,3 - Senior,11,Systems,Request,2 - Normal,0 - Unassigned,17,2 - Satisfied
734,1483,3 - Senior,24,Systems,Request,2 - Normal,0 - Unassigned,5,2 - Satisfied
735,1538,4 - Management,35,Software,Issue,2 - Normal,3 - High,1,0 - Unknown
736,560,2 - Regular,10,Access/Login,Request,2 - Normal,2 - Medium,0,3 - Highly satisfied
737,884,3 - Senior,19,Access/Login,Request,2 - Normal,0 - Unassigned,0,2 - Satisfied
738,1859,3 - Senior,6,Systems,Request,2 - Normal,3 - High,15,1 - Unsatisfied
739,218,2 - Regular,33,Systems,Request,2 - Normal,2 - Medium,15,0 - Unknown
740,258,4 - Management,35,Software,Request,2 - Normal,3 - High,6,0 - Unknown
741,786,3 - Senior,14,Hardware,Request,2 - Normal,3 - High,19,3 - Highly satisfied
742,354,2 - Regular,34,Access/Login,Request,2 - Normal,0 - Unassigned,0,0 - Unknown
743,46,4 - Management,43,Systems,Request,2 - Normal,0 - Unassigned,8,3 - Highly satisfied
744,1414,1 - Junior,22,Systems,Request,2 - Normal,2 - Medium,13,0 - Unknown
745,1032,1 - Junior,32,Access/Login,Request,2 - Normal,0 - Unassigned,0,0 - Unknown
746,1864,2 - Regular,28,Access/Login,Request,2 - Normal,1 - Low,0,2 - Satisfied
747,1784,4 - Management,34,Access/Login,Request,2 - Normal,0 - Unassigned,0,0 - Unknown
748,117,2 - Regular,31,Access/Login,Request,3 - Major,1 - Low,0,3 - Highly satisfied
749,351,2 - Regular,10,Systems,Request,2 - Normal,0 - Unassigned,5,3 - Highly satisfied
750,310,2 - Regular,8,Systems,Request,2 - Normal,3 - High,5,3 - Highly satisfied
751,250,2 - Regular,2,Systems,Request,2 - Normal,0 - Unassigned,7,0 - Unknown
752,1009,3 - Senior,34,Software,Issue,2 - Normal,3 - High,7,3 - Highly satisfied
753,704,2 - Regular,5,Access/Login,Request,2 - Normal,1 - Low,0,2 - Satisfied
754,1137,2 - Regular,23,Access/Login,Request,2 - Normal,3 - High,0,3 - Highly satisfied
755,1168,2 - Regular,41,Systems,Issue,1 - Minor,2 - Medium,2,3 - Highly satisfied
756,1717,3 - Senior,28,Access/Login,Request,2 - Normal,0 - Unassigned,1,0 - Unknown
757,1058,4 - Management,1,Access/Login,Request,2 - Normal,2 - Medium,0,0 - Unknown
758,859,3 - Senior,15,Systems,Request,2 - Normal,0 - Unassigned,8,2 - Satisfied
759,528,1 - Junior,14,Software,Request,2 - Normal,0 - Unassigned,9,0 - Unknown
760,137,2 - Regular,4,Access/Login,Request,2 - Normal,0 - Unassigned,0,0 - Unknown
761,323,4 - Management,11,Systems,Request,2 - Normal,0 - Unassigned,6,1 - Unsatisfied
762,124,3 - Senior,43,Hardware,Issue,2 - Normal,3 - High,7,2 - Satisfied
763,891,1 - Junior,3,Software,Request,2 - Normal,2 - Medium,9,1 - Unsatisfied
764,814,3 - Senior,47,Systems,Request,2 - Normal,0 - Unassigned,7,3 - Highly satisfied
765,1495,2 - Regular,34,Systems,Request,2 - Normal,1 - Low,7,3 - Highly satisfied
766,1984,2 - Regular,45,Software,Request,2 - Normal,3 - High,5,0 - Unknown
767,1662,3 - Senior,45,Software,Request,2 - Normal,2 - Medium,3,3 - Highly satisfied
768,1644,4 - Management,26,Software,Issue,2 - Normal,3 - High,2,2 - Satisfied
769,1789,2 - Regular,11,Access/Login,Request,2 - Normal,2 - Medium,0,0 - Unknown
770,177,3 - Senior,8,Access/Login,Request,2 - Normal,0 - Unassigned,0,0 - Unknown
771,1710,2 - Regular,11,Systems,Request,2 - Normal,3 - High,7,1 - Unsatisfied
772,1868,2 - Regular,19,Access/Login,Request,2 - Normal,0 - Unassigned,0,1 - Unsatisfied
773,20,1 - Junior,36,Software,Issue,4 - Critical,2 - Medium,2,3 - Highly satisfied
774,247,2 - Regular,19,Access/Login,Request,2 - Normal,3 - High,0,1 - Unsatisfied
775,546,3 - Senior,12,Software,Request,2 - Normal,3 - High,6,0 - Unknown
776,477,3 - Senior,32,Software,Request,2 - Normal,0 - Unassigned,4,3 - Highly satisfied
777,1419,1 - Junior,8,Systems,Request,2 - Normal,0 - Unassigned,7,0 - Unknown
778,1301,1 - Junior,38,Access/Login,Request,2 - Normal,1 - Low,1,3 - Highly satisfied
779,112,3 - Senior,33,Systems,Request,2 - Normal,3 - High,5,1 - Unsatisfied
780,1569,3 - Senior,33,Access/Login,Request,2 - Normal,3 - High,0,0 - Unknown
781,1658,2 - Regular,35,Access/Login,Request,2 - Normal,2 - Medium,0,3 - Highly satisfied
782,236,2 - Regular,50,Access/Login,Request,2 - Normal,3 - High,1,1 - Unsatisfied
783,2,2 - Regular,8,Access/Login,Request,2 - Normal,1 - Low,0,3 - Highly satisfied
784,1881,2 - Regular,42,Access/Login,Request,2 - Normal,2 - Medium,0,2 - Satisfied
785,459,1 - Junior,16,Software,Request,2 - Normal,1 - Low,9,2 - Satisfied
786,1594,3 - Senior,33,Systems,Request,2 - Normal,3 - High,8,3 - Highly satisfied
787,914,1 - Junior,18,Software,Request,2 - Normal,0 - Unassigned,11,0 - Unknown
788,960,4 - Management,37,Access/Login,Issue,2 - Normal,0 - Unassigned,0,1 - Unsatisfied
789,1820,1 - Junior,27,Systems,Request,2 - Normal,0 - Unassigned,6,3 - Highly satisfied
790,1080,2 - Regular,9,Access/Login,Request,2 - Normal,0 - Unassigned,0,3 - Highly satisfied
791,1617,4 - Management,3,Hardware,Request,3 - Major,3 - High,34,0 - Unknown
792,97,2 - Regular,9,Systems,Request,3 - Major,3 - High,15,2 - Satisfied
793,787,2 - Regular,15,Access/Login,Request,4 - Critical,0 - Unassigned,0,0 - Unknown
794,102,2 - Regular,34,Systems,Request,2 - Normal,1 - Low,6,3 - Highly satisfied
795,1432,2 - Regular,6,Software,Request,2 - Normal,2 - Medium,9,3 - Highly satisfied
796,703,2 - Regular,26,Access/Login,Request,2 - Normal,2 - Medium,1,1 - Unsatisfied
797,1334,3 - Senior,48,Systems,Request,2 - Normal,3 - High,7,0 - Unknown
798,816,3 - Senior,41,Hardware,Request,2 - Normal,3 - High,11,3 - Highly satisfied
799,225,1 - Junior,39,Software,Issue,2 - Normal,0 - Unassigned,2,3 - Highly satisfied
800,1591,3 - Senior,47,Access/Login,Issue,2 - Normal,3 - High,0,3 - Highly satisfied
801,1149,2 - Regular,17,Systems,Request,2 - Normal,0 - Unassigned,6,0 - Unknown
802,726,2 - Regular,21,Access/Login,Request,2 - Normal,1 - Low,0,3 - Highly satisfied
803,659,2 - Regular,32,Access/Login,Issue,2 - Normal,2 - Medium,1,1 - Unsatisfied
804,482,1 - Junior,31,Access/Login,Request,2 - Normal,1 - Low,0,1 - Unsatisfied
805,1397,1 - Junior,15,Systems,Issue,1 - Minor,1 - Low,3,2 - Satisfied
806,1182,4 - Management,35,Systems,Request,2 - Normal,3 - High,5,0 - Unknown
807,298,3 - Senior,47,Software,Issue,3 - Major,0 - Unassigned,2,3 - Highly satisfied
808,1942,2 - Regular,26,Systems,Request,1 - Minor,1 - Low,16,2 - Satisfied
809,211,1 - Junior,16,Hardware,Issue,2 - Normal,3 - High,5,0 - Unknown
810,871,2 - Regular,48,Systems,Request,2 - Normal,1 - Low,20,3 - Highly satisfied
811,1655,3 - Senior,27,Software,Request,2 - Normal,1 - Low,2,3 - Highly satisfied
812,717,2 - Regular,42,Systems,Request,2 - Normal,1 - Low,11,1 - Unsatisfied
813,90,4 - Management,18,Systems,Issue,3 - Major,3 - High,3,3 - Highly satisfied
814,1117,2 - Regular,46,Software,Issue,2 - Normal,3 - High,1,1 - Unsatisfied
815,569,3 - Senior,34,Systems,Issue,2 - Normal,3 - High,3,3 - Highly satisfied
816,714,3 - Senior,48,Systems,Request,2 - Normal,3 - High,5,1 - Unsatisfied
817,489,2 - Regular,24,Systems,Request,2 - Normal,0 - Unassigned,7,3 - Highly satisfied
818,1504,3 - Senior,34,Access/Login,Request,2 - Normal,0 - Unassigned,0,0 - Unknown
819,186,3 - Senior,44,Systems,Request,2 - Normal,0 - Unassigned,14,1 - Unsatisfied
820,1152,4 - Management,10,Access/Login,Issue,2 - Normal,3 - High,0,3 - Highly satisfied
821,1879,3 - Senior,27,Software,Issue,2 - Normal,3 - High,1,3 - Highly satisfied
822,1484,1 - Junior,48,Access/Login,Issue,2 - Normal,0 - Unassigned,0,1 - Unsatisfied
823,925,2 - Regular,48,Access/Login,Request,2 - Normal,3 - High,0,0 - Unknown
824,1342,3 - Senior,35,Access/Login,Request,2 - Normal,3 - High,0,0 - Unknown
825,1194,4 - Management,38,Access/Login,Request,2 - Normal,0 - Unassigned,0,0 - Unknown
826,1020,1 - Junior,44,Systems,Issue,2 - Normal,2 - Medium,4,3 - Highly satisfied
827,1898,2 - Regular,4,Access/Login,Request,2 - Normal,1 - Low,0,0 - Unknown
828,839,4 - Management,20,Software,Request,2 - Normal,3 - High,4,0 - Unknown
829,1933,3 - Senior,2,Systems,Request,4 - Critical,3 - High,5,0 - Unknown
830,401,2 - Regular,10,Systems,Issue,2 - Normal,0 - Unassigned,2,1 - Unsatisfied
831,261,2 - Regular,19,Systems,Issue,2 - Normal,3 - High,4,1 - Unsatisfied
832,177,3 - Senior,7,Systems,Request,2 - Normal,3 - High,15,2 - Satisfied
833,1400,2 - Regular,20,Systems,Request,2 - Normal,2 - Medium,26,3 - Highly satisfied
834,1002,4 - Management,41,Systems,Request,2 - Normal,3 - High,8,3 - Highly satisfied
835,327,2 - Regular,23,Access/Login,Request,2 - Normal,3 - High,0,1 - Unsatisfied
836,1441,3 - Senior,22,Hardware,Request,2 - Normal,1 - Low,31,0 - Unknown
837,1272,3 - Senior,50,Access/Login,Request,2 - Normal,3 - High,1,2 - Satisfied
838,457,1 - Junior,21,Access/Login,Issue,2 - Normal,1 - Low,0,3 - Highly satisfied
839,1544,2 - Regular,3,Software,Issue,3 - Major,0 - Unassigned,6,1 - Unsatisfied
840,1481,2 - Regular,4,Access/Login,Request,2 - Normal,2 - Medium,2,2 - Satisfied
841,1747,2 - Regular,40,Systems,Request,2 - Normal,0 - Unassigned,7,1 - Unsatisfied
842,122,3 - Senior,49,Access/Login,Request,2 - Normal,2 - Medium,0,2 - Satisfied
843,983,2 - Regular,48,Software,Issue,1 - Minor,0 - Unassigned,1,2 - Satisfied
844,1341,2 - Regular,49,Software,Request,2 - Normal,3 - High,9,0 - Unknown
845,623,2 - Regular,36,Access/Login,Issue,2 - Normal,0 - Unassigned,0,2 - Satisfied
846,715,2 - Regular,40,Systems,Request,2 - Normal,3 - High,8,1 - Unsatisfied
847,1966,2 - Regular,14,Systems,Request,2 - Normal,3 - High,18,3 - Highly satisfied
848,1278,4 - Management,47,Access/Login,Issue,2 - Normal,3 - High,0,0 - Unknown
849,1337,2 - Regular,9,Access/Login,Request,2 - Normal,3 - High,0,0 - Unknown
850,122,3 - Senior,39,Systems,Request,2 - Normal,0 - Unassigned,15,0 - Unknown
851,1650,1 - Junior,36,Systems,Request,2 - Normal,2 - Medium,6,3 - Highly satisfied
852,1908,2 - Regular,12,Systems,Issue,2 - Normal,0 - Unassigned,3,2 - Satisfied
853,1370,4 - Management,24,Access/Login,Request,4 - Critical,3 - High,0,0 - Unknown
854,1821,1 - Junior,49,Access/Login,Request,2 - Normal,1 - Low,0,1 - Unsatisfied
855,131,2 - Regular,14,Software,Issue,2 - Normal,3 - High,1,3 - Highly satisfied
856,1589,2 - Regular,24,Software,Issue,2 - Normal,3 - High,2,1 - Unsatisfied
857,726,2 - Regular,32,Systems,Request,2 - Normal,1 - Low,19,0 - Unknown
858,1147,2 - Regular,21,Systems,Request,2 - Normal,3 - High,6,3 - Highly satisfied
859,120,1 - Junior,45,Systems,Request,2 - Normal,1 - Low,6,0 - Unknown
860,1484,1 - Junior,43,Access/Login,Request,2 - Normal,0 - Unassigned,0,0 - Unknown
861,300,3 - Senior,4,Systems,Request,2 - Normal,3 - High,20,0 - Unknown
862,725,3 - Senior,17,Systems,Request,2 - Normal,0 - Unassigned,9,0 - Unknown
863,642,2 - Regular,16,Access/Login,Request,2 - Normal,1 - Low,0,0 - Unknown
864,1136,2 - Regular,2,Access/Login,Request,2 - Normal,2 - Medium,0,0 - Unknown
865,592,3 - Senior,23,Software,Request,2 - Normal,3 - High,4,0 - Unknown
866,1667,2 - Regular,35,Systems,Request,2 - Normal,2 - Medium,6,1 - Unsatisfied
867,226,4 - Management,29,Access/Login,Request,2 - Normal,0 - Unassigned,0,0 - Unknown
868,195,3 - Senior,26,Systems,Request,2 - Normal,3 - High,6,0 - Unknown
869,1684,2 - Regular,45,Access/Login,Issue,2 - Normal,0 - Unassigned,0,3 - Highly satisfied
870,215,3 - Senior,43,Systems,Request,2 - Normal,1 - Low,13,0 - Unknown
871,1568,1 - Junior,50,Access/Login,Request,2 - Normal,1 - Low,0,0 - Unknown
872,1353,2 - Regular,35,Software,Request,2 - Normal,2 - Medium,2,0 - Unknown
873,565,2 - Regular,33,Systems,Request,2 - Normal,0 - Unassigned,14,0 - Unknown
874,1661,4 - Management,28,Software,Request,2 - Normal,3 - High,13,1 - Unsatisfied
875,1110,2 - Regular,31,Systems,Issue,2 - Normal,3 - High,1,2 - Satisfied
876,1128,2 - Regular,39,Systems,Request,2 - Normal,3 - High,20,0 - Unknown
877,383,2 - Regular,2,Access/Login,Request,2 - Normal,3 - High,0,0 - Unknown
878,289,3 - Senior,28,Access/Login,Request,2 - Normal,3 - High,0,1 - Unsatisfied
879,1176,3 - Senior,40,Systems,Issue,2 - Normal,2 - Medium,2,1 - Unsatisfied
880,1521,2 - Regular,8,Software,Request,2 - Normal,1 - Low,7,1 - Unsatisfied
881,1817,3 - Senior,17,Access/Login,Request,2 - Normal,0 - Unassigned,0,3 - Highly satisfied
882,393,2 - Regular,44,Systems,Request,2 - Normal,3 - High,6,2 - Satisfied
883,1937,2 - Regular,41,Software,Issue,2 - Normal,0 - Unassigned,3,0 - Unknown
884,125,3 - Senior,18,Software,Request,2 - Normal,3 - High,6,3 - Highly satisfied
885,47,4 - Management,48,Access/Login,Issue,2 - Normal,0 - Unassigned,0,1 - Unsatisfied
886,1412,2 - Regular,14,Access/Login,Request,4 - Critical,0 - Unassigned,2,2 - Satisfied
887,1015,4 - Management,11,Systems,Issue,2 - Normal,3 - High,1,0 - Unknown
888,270,1 - Junior,50,Access/Login,Request,2 - Normal,1 - Low,1,1 - Unsatisfied
889,195,3 - Senior,43,Hardware,Request,2 - Normal,0 - Unassigned,10,2 - Satisfied
890,954,1 - Junior,36,Software,Issue,2 - Normal,1 - Low,3,3 - Highly satisfied
891,1265,4 - Management,6,Systems,Issue,2 - Normal,0 - Unassigned,11,2 - Satisfied
892,1517,3 - Senior,42,Software,Request,2 - Normal,3 - High,3,0 - Unknown
893,343,2 - Regular,13,Access/Login,Request,3 - Major,3 - High,0,1 - Unsatisfied
894,1669,2 - Regular,35,Systems,Issue,2 - Normal,1 - Low,6,1 - Unsatisfied
895,747,4 - Management,27,Access/Login,Issue,2 - Normal,3 - High,0,3 - Highly satisfied
896,852,1 - Junior,49,Systems,Issue,3 - Major,0 - Unassigned,7,0 - Unknown
897,191,3 - Senior,17,Systems,Request,2 - Normal,2 - Medium,6,1 - Unsatisfied
898,872,3 - Senior,21,Software,Request,2 - Normal,3 - High,5,0 - Unknown
899,264,4 - Management,47,Systems,Issue,2 - Normal,3 - High,1,0 - Unknown
900,1696,1 - Junior,17,Software,Issue,2 - Normal,0 - Unassigned,1,0 - Unknown
901,1458,1 - Junior,16,Access/Login,Request,2 - Normal,0 - Unassigned,0,3 - Highly satisfied
902,1673,4 - Management,48,Systems,Request,2 - Normal,3 - High,5,2 - Satisfied
903,1565,2 - Regular,31,Systems,Issue,2 - Normal,1 - Low,2,3 - Highly satisfied
904,215,3 - Senior,12,Access/Login,Request,2 - Normal,0 - Unassigned,0,3 - Highly satisfied
905,20,1 - Junior,21,Access/Login,Request,2 - Normal,1 - Low,0,0 - Unknown
906,1459,1 - Junior,43,Access/Login,Request,2 - Normal,2 - Medium,0,3 - Highly satisfied
907,827,2 - Regular,6,Software,Request,2 - Normal,3 - High,8,0 - Unknown
908,1098,2 - Regular,48,Access/Login,Request,2 - Normal,1 - Low,0,0 - Unknown
909,1478,2 - Regular,3,Hardware,Issue,3 - Major,2 - Medium,33,0 - Unknown
910,1440,2 - Regular,33,Access/Login,Request,2 - Normal,1 - Low,0,0 - Unknown
911,242,4 - Management,41,Access/Login,Request,2 - Normal,3 - High,0,3 - Highly satisfied
912,424,3 - Senior,50,Software,Request,2 - Normal,0 - Unassigned,12,1 - Unsatisfied
913,1590,4 - Management,24,Systems,Request,2 - Normal,0 - Unassigned,6,3 - Highly satisfied
914,1590,4 - Management,19,Systems,Request,2 - Normal,3 - High,5,1 - Unsatisfied
915,797,2 - Regular,35,Access/Login,Request,2 - Normal,1 - Low,0,3 - Highly satisfied
916,631,1 - Junior,42,Systems,Request,2 - Normal,2 - Medium,7,1 - Unsatisfied
917,1407,4 - Management,12,Systems,Request,2 - Normal,0 - Unassigned,11,3 - Highly satisfied
918,200,3 - Senior,25,Systems,Issue,2 - Normal,3 - High,6,3 - Highly satisfied
919,1270,1 - Junior,12,Access/Login,Request,2 - Normal,0 - Unassigned,0,0 - Unknown
920,1570,1 - Junior,27,Systems,Request,2 - Normal,0 - Unassigned,6,3 - Highly satisfied
921,39,4 - Management,32,Hardware,Request,2 - Normal,0 - Unassigned,11,0 - Unknown
922,489,2 - Regular,22,Access/Login,Request,2 - Normal,1 - Low,1,0 - Unknown
923,1270,1 - Junior,11,Systems,Request,2 - Normal,0 - Unassigned,5,3 - Highly satisfied
924,780,3 - Senior,41,Software,Request,2 - Normal,3 - High,5,0 - Unknown
925,1583,1 - Junior,17,Hardware,Issue,3 - Major,2 - Medium,6,3 - Highly satisfied
926,1217,2 - Regular,21,Access/Login,Request,2 - Normal,3 - High,0,3 - Highly satisfied
927,1709,2 - Regular,13,Systems,Request,2 - Normal,3 - High,18,1 - Unsatisfied
928,221,3 - Senior,19,Access/Login,Request,2 - Normal,3 - High,0,3 - Highly satisfied
929,724,1 - Junior,2,Hardware,Issue,2 - Normal,1 - Low,5,3 - Highly satisfied
930,1513,2 - Regular,24,Systems,Issue,2 - Normal,2 - Medium,2,2 - Satisfied
931,1112,2 - Regular,47,Hardware,Issue,2 - Normal,0 - Unassigned,7,0 - Unknown
932,1786,1 - Junior,50,Access/Login,Request,2 - Normal,1 - Low,0,1 - Unsatisfied
933,616,3 - Senior,11,Software,Request,2 - Normal,3 - High,3,3 - Highly satisfied
934,1587,2 - Regular,32,Hardware,Request,2 - Normal,0 - Unassigned,10,1 - Unsatisfied
935,1612,2 - Regular,33,Systems,Request,2 - Normal,3 - High,7,0 - Unknown
936,849,2 - Regular,38,Systems,Issue,2 - Normal,3 - High,2,0 - Unknown
937,1713,4 - Management,40,Access/Login,Issue,2 - Normal,3 - High,0,1 - Unsatisfied
938,631,1 - Junior,24,Software,Request,2 - Normal,0 - Unassigned,5,1 - Unsatisfied
939,885,3 - Senior,12,Access/Login,Request,2 - Normal,3 - High,0,3 - Highly satisfied
940,1326,1 - Junior,35,Software,Request,2 - Normal,1 - Low,6,1 - Unsatisfied
941,246,4 - Management,45,Access/Login,Request,2 - Normal,3 - High,0,3 - Highly satisfied
942,459,1 - Junior,45,Systems,Request,2 - Normal,1 - Low,5,3 - Highly satisfied
943,1046,2 - Regular,46,Software,Request,2 - Normal,3 - High,12,0 - Unknown
944,1609,4 - Management,24,Hardware,Request,2 - Normal,0 - Unassigned,11,3 - Highly satisfied
945,932,4 - Management,20,Systems,Request,2 - Normal,0 - Unassigned,26,2 - Satisfied
946,259,1 - Junior,16,Systems,Request,2 - Normal,1 - Low,14,0 - Unknown
947,657,4 - Management,25,Systems,Request,2 - Normal,3 - High,23,1 - Unsatisfied
948,42,2 - Regular,12,Systems,Issue,1 - Minor,2 - Medium,1,3 - Highly satisfied
949,963,1 - Junior,4,Hardware,Request,2 - Normal,1 - Low,31,1 - Unsatisfied
950,1740,3 - Senior,40,Access/Login,Request,2 - Normal,0 - Unassigned,0,2 - Satisfied
951,556,4 - Management,37,Software,Request,2 - Normal,3 - High,3,3 - Highly satisfied
952,1817,3 - Senior,19,Systems,Request,2 - Normal,2 - Medium,7,1 - Unsatisfied
953,1011,2 - Regular,38,Access/Login,Request,2 - Normal,1 - Low,0,0 - Unknown
954,1067,3 - Senior,32,Software,Request,2 - Normal,2 - Medium,3,0 - Unknown
955,1226,2 - Regular,14,Software,Issue,2 - Normal,3 - High,5,0 - Unknown
956,299,2 - Regular,1,Systems,Request,2 - Normal,3 - High,15,1 - Unsatisfied
957,540,2 - Regular,24,Systems,Request,2 - Normal,0 - Unassigned,10,3 - Highly satisfied
958,1936,2 - Regular,21,Hardware,Request,2 - Normal,0 - Unassigned,10,0 - Unknown
959,243,2 - Regular,17,Systems,Request,2 - Normal,2 - Medium,9,3 - Highly satisfied
960,1786,1 - Junior,8,Software,Request,2 - Normal,0 - Unassigned,7,1 - Unsatisfied
961,1382,3 - Senior,34,Access/Login,Request,2 - Normal,3 - High,0,0 - Unknown
962,1045,4 - Management,14,Access/Login,Request,2 - Normal,3 - High,0,3 - Highly satisfied
963,943,3 - Senior,20,Systems,Request,2 - Normal,3 - High,10,3 - Highly satisfied
964,233,2 - Regular,33,Software,Request,2 - Normal,3 - High,6,0 - Unknown
965,754,2 - Regular,30,Software,Request,2 - Normal,0 - Unassigned,7,2 - Satisfied
966,775,2 - Regular,47,Access/Login,Request,2 - Normal,0 - Unassigned,0,3 - Highly satisfied
967,462,1 - Junior,45,Access/Login,Request,2 - Normal,3 - High,1,0 - Unknown
968,1068,2 - Regular,8,Access/Login,Request,2 - Normal,1 - Low,1,3 - Highly satisfied
969,1558,2 - Regular,29,Access/Login,Issue,2 - Normal,3 - High,0,0 - Unknown
970,590,4 - Management,46,Access/Login,Issue,2 - Normal,0 - Unassigned,0,1 - Unsatisfied
971,990,3 - Senior,33,Systems,Request,2 - Normal,3 - High,7,0 - Unknown
972,1395,2 - Regular,1,Hardware,Request,2 - Normal,1 - Low,26,0 - Unknown
973,463,2 - Regular,42,Access/Login,Request,2 - Normal,3 - High,0,0 - Unknown
974,1854,2 - Regular,3,Systems,Request,3 - Major,2 - Medium,14,3 - Highly satisfied
975,1572,2 - Regular,32,Software,Request,2 - Normal,0 - Unassigned,11,0 - Unknown
976,1879,3 - Senior,23,Access/Login,Request,2 - Normal,3 - High,0,0 - Unknown
977,270,1 - Junior,48,Software,Issue,2 - Normal,1 - Low,2,3 - Highly satisfied
978,546,3 - Senior,5,Access/Login,Request,2 - Normal,3 - High,0,3 - Highly satisfied
979,1797,2 - Regular,44,Systems,Issue,2 - Normal,3 - High,1,0 - Unknown
980,703,2 - Regular,18,Systems,Issue,2 - Normal,2 - Medium,8,0 - Unknown
981,1845,3 - Senior,48,Systems,Issue,2 - Normal,1 - Low,3,3 - Highly satisfied
982,1552,1 - Junior,30,Access/Login,Request,2 - Normal,2 - Medium,0,1 - Unsatisfied
983,214,3 - Senior,7,Access/Login,Request,3 - Major,3 - High,0,1 - Unsatisfied
984,160,2 - Regular,45,Systems,Issue,2 - Normal,1 - Low,3,3 - Highly satisfied
985,1813,1 - Junior,42,Systems,Request,2 - Normal,0 - Unassigned,6,1 - Unsatisfied
986,1549,2 - Regular,10,Access/Login,Request,1 - Minor,0 - Unassigned,0,0 - Unknown
987,1365,2 - Regular,11,Access/Login,Issue,2 - Normal,0 - Unassigned,0,0 - Unknown
988,1762,2 - Regular,39,Software,Request,2 - Normal,0 - Unassigned,15,0 - Unknown
989,1392,1 - Junior,11,Systems,Issue,4 - Critical,1 - Low,6,2 - Satisfied
990,1673,4 - Management,26,Systems,Issue,2 - Normal,3 - High,5,3 - Highly satisfied
991,178,2 - Regular,26,Access/Login,Issue,2 - Normal,0 - Unassigned,1,0 - Unknown
992,1669,2 - Regular,43,Systems,Request,2 - Normal,1 - Low,7,2 - Satisfied
993,780,3 - Senior,48,Systems,Request,2 - Normal,3 - High,5,3 - Highly satisfied
994,1068,2 - Regular,11,Systems,Request,2 - Normal,1 - Low,22,2 - Satisfied
995,919,2 - Regular,46,Systems,Request,4 - Critical,0 - Unassigned,19,0 - Unknown
996,526,4 - Management,37,Systems,Issue,2 - Normal,3 - High,4,3 - Highly satisfied
997,1560,2 - Regular,2,Access/Login,Request,2 - Normal,3 - High,0,1 - Unsatisfied
998,688,1 - Junior,32,Systems,Request,2 - Normal,1 - Low,25,2 - Satisfied
999,1918,4 - Management,23,Software,Request,2 - Normal,3 - High,3,3 - Highly satisfied
1000,506,2 - Regular,46,Systems,Request,2 - Normal,3 - High,13,1 - Unsatisfied
1001,1440,2 - Regular,21,Access/Login,Request,2 - Normal,1 - Low,0,3 - Highly satisfied
1002,429,4 - Management,15,Systems,Request,2 - Normal,2 - Medium,7,0 - Unknown
1003,316,4 - Management,32,Access/Login,Issue,2 - Normal,3 - High,0,0 - Unknown
1004,98,2 - Regular,11,Systems,Issue,2 - Normal,0 - Unassigned,6,3 - Highly satisfied
1005,337,1 - Junior,23,Systems,Request,2 - Normal,1 - Low,19,2 - Satisfied
1006,597,1 - Junior,25,Systems,Request,2 - Normal,1 - Low,15,2 - Satisfied
1007,827,2 - Regular,43,Software,Issue,2 - Normal,0 - Unassigned,2,0 - Unknown
1008,1389,2 - Regular,1,Software,Issue,2 - Normal,3 - High,2,0 - Unknown
1009,790,4 - Management,18,Systems,Request,2 - Normal,3 - High,6,3 - Highly satisfied
1010,1846,2 - Regular,7,Systems,Request,2 - Normal,1 - Low,13,0 - Unknown
1011,935,2 - Regular,15,Hardware,Request,2 - Normal,1 - Low,11,0 - Unknown
1012,597,1 - Junior,32,Systems,Request,1 - Minor,1 - Low,9,0 - Unknown
1013,1141,3 - Senior,39,Systems,Request,2 - Normal,3 - High,15,1 - Unsatisfied
1014,1367,1 - Junior,47,Software,Request,2 - Normal,2 - Medium,2,2 - Satisfied
1015,892,1 - Junior,22,Systems,Request,2 - Normal,1 - Low,14,1 - Unsatisfied
1016,1224,3 - Senior,49,Access/Login,Issue,2 - Normal,2 - Medium,0,2 - Satisfied
1017,861,4 - Management,46,Systems,Request,2 - Normal,3 - High,15,2 - Satisfied
1018,1584,2 - Regular,45,Software,Issue,2 - Normal,2 - Medium,1,3 - Highly satisfied
1019,694,2 - Regular,12,Systems,Request,2 - Normal,2 - Medium,7,3 - Highly satisfied
1020,608,2 - Regular,47,Systems,Request,2 - Normal,3 - High,8,0 - Unknown
1021,1038,2 - Regular,24,Access/Login,Request,2 - Normal,0 - Unassigned,0,0 - Unknown
1022,1230,2 - Regular,42,Systems,Request,2 - Normal,3 - High,5,2 - Satisfied
1023,1655,3 - Senior,19,Access/Login,Request,2 - Normal,0 - Unassigned,1,3 - Highly satisfied
1024,800,2 - Regular,12,Access/Login,Request,2 - Normal,3 - High,0,2 - Satisfied
1025,1088,2 - Regular,24,Systems,Request,2 - Normal,3 - High,6,3 - Highly satisfied
1026,582,2 - Regular,42,Software,Request,2 - Normal,3 - High,2,0 - Unknown
1027,1931,2 - Regular,44,Access/Login,Request,2 - Normal,1 - Low,1,3 - Highly satisfied
1028,1860,1 - Junior,20,Access/Login,Issue,2 - Normal,1 - Low,0,0 - Unknown
1029,864,4 - Management,34,Systems,Request,2 - Normal,0 - Unassigned,6,3 - Highly satisfied
1030,906,4 - Management,37,Systems,Request,2 - Normal,0 - Unassigned,7,0 - Unknown
1031,391,3 - Senior,43,Access/Login,Request,3 - Major,3 - High,0,0 - Unknown
1032,610,2 - Regular,42,Systems,Request,2 - Normal,3 - High,7,0 - Unknown
1033,1019,2 - Regular,15,Software,Request,2 - Normal,2 - Medium,3,1 - Unsatisfied
1034,1141,3 - Senior,7,Systems,Request,2 - Normal,0 - Unassigned,15,0 - Unknown
1035,1120,4 - Management,20,Access/Login,Request,2 - Normal,3 - High,0,2 - Satisfied
1036,1768,2 - Regular,5,Software,Request,2 - Normal,0 - Unassigned,4,2 - Satisfied
1037,1572,2 - Regular,5,Hardware,Request,2 - Normal,0 - Unassigned,31,2 - Satisfied
1038,1423,2 - Regular,48,Access/Login,Request,4 - Critical,3 - High,1,2 - Satisfied
1039,1681,2 - Regular,27,Systems,Request,2 - Normal,3 - High,8,3 - Highly satisfied
1040,1843,2 - Regular,38,Systems,Issue,1 - Minor,1 - Low,1,0 - Unknown
1041,1446,2 - Regular,40,Access/Login,Request,2 - Normal,2 - Medium,1,0 - Unknown
1042,1523,4 - Management,38,Software,Request,2 - Normal,0 - Unassigned,2,3 - Highly satisfied
1043,636,3 - Senior,37,Access/Login,Issue,2 - Normal,0 - Unassigned,0,2 - Satisfied
1044,1626,2 - Regular,31,Systems,Request,2 - Normal,0 - Unassigned,6,2 - Satisfied
1045,723,2 - Regular,20,Access/Login,Request,2 - Normal,0 - Unassigned,0,2 - Satisfied
1046,1380,2 - Regular,40,Software,Issue,2 - Normal,2 - Medium,1,3 - Highly satisfied
1047,103,4 - Management,39,Hardware,Request,2 - Normal,3 - High,37,1 - Unsatisfied
1048,211,1 - Junior,11,Software,Request,2 - Normal,2 - Medium,7,1 - Unsatisfied
1049,1576,2 - Regular,31,Software,Request,2 - Normal,2 - Medium,3,3 - Highly satisfied
1050,384,1 - Junior,12,Systems,Request,3 - Major,2 - Medium,16,3 - Highly satisfied
1051,1740,3 - Senior,14,Access/Login,Request,2 - Normal,3 - High,0,1 - Unsatisfied
1052,1662,3 - Senior,10,Systems,Request,2 - Normal,3 - High,5,3 - Highly satisfied
1053,1423,2 - Regular,35,Software,Request,2 - Normal,0 - Unassigned,5,3 - Highly satisfied
1054,765,2 - Regular,21,Systems,Request,2 - Normal,0 - Unassigned,7,0 - Unknown
1055,1557,2 - Regular,46,Systems,Request,2 - Normal,0 - Unassigned,13,0 - Unknown
1056,1632,3 - Senior,4,Access/Login,Request,1 - Minor,0 - Unassigned,0,1 - Unsatisfied
1057,413,4 - Management,27,Hardware,Request,2 - Normal,0 - Unassigned,13,3 - Highly satisfied
1058,1746,3 - Senior,42,Hardware,Request,2 - Normal,3 - High,11,0 - Unknown
1059,850,2 - Regular,33,Hardware,Request,2 - Normal,3 - High,11,0 - Unknown
1060,922,2 - Regular,49,Access/Login,Issue,2 - Normal,0 - Unassigned,0,0 - Unknown
1061,1856,2 - Regular,15,Software,Issue,4 - Critical,3 - High,1,3 - Highly satisfied
1062,1421,4 - Management,46,Software,Request,2 - Normal,3 - High,12,1 - Unsatisfied
1063,1206,2 - Regular,36,Access/Login,Issue,2 - Normal,3 - High,0,2 - Satisfied
1064,1286,4 - Management,45,Hardware,Request,2 - Normal,0 - Unassigned,10,0 - Unknown
1065,491,1 - Junior,29,Access/Login,Request,2 - Normal,1 - Low,0,0 - Unknown
1066,362,2 - Regular,45,Software,Request,2 - Normal,0 - Unassigned,5,3 - Highly satisfied
1067,1171,3 - Senior,24,Software,Request,2 - Normal,0 - Unassigned,4,0 - Unknown
1068,977,2 - Regular,23,Systems,Request,2 - Normal,3 - High,7,3 - Highly satisfied
1069,970,2 - Regular,18,Systems,Issue,2 - Normal,3 - High,5,0 - Unknown
1070,1369,2 - Regular,45,Access/Login,Request,2 - Normal,1 - Low,0,0 - Unknown
1071,1512,3 - Senior,31,Systems,Request,2 - Normal,3 - High,8,3 - Highly satisfied
1072,1929,1 - Junior,38,Hardware,Request,2 - Normal,1 - Low,14,0 - Unknown
1073,782,2 - Regular,7,Access/Login,Request,2 - Normal,3 - High,2,0 - Unknown
1074,917,4 - Management,29,Systems,Issue,2 - Normal,0 - Unassigned,3,1 - Unsatisfied
1075,228,4 - Management,15,Systems,Request,2 - Normal,3 - High,6,2 - Satisfied
1076,442,4 - Management,21,Systems,Issue,2 - Normal,0 - Unassigned,2,0 - Unknown
1077,1081,2 - Regular,17,Access/Login,Request,2 - Normal,2 - Medium,0,3 - Highly satisfied
1078,474,2 - Regular,23,Software,Issue,2 - Normal,3 - High,0,3 - Highly satisfied
1079,523,2 - Regular,9,Software,Request,2 - Normal,2 - Medium,6,2 - Satisfied
1080,1827,1 - Junior,14,Access/Login,Request,2 - Normal,0 - Unassigned,1,1 - Unsatisfied
1081,459,1 - Junior,46,Software,Request,2 - Normal,0 - Unassigned,11,3 - Highly satisfied
1082,1192,3 - Senior,19,Access/Login,Request,2 - Normal,3 - High,1,3 - Highly satisfied
1083,85,2 - Regular,21,Access/Login,Issue,2 - Normal,0 - Unassigned,0,0 - Unknown
1084,1901,2 - Regular,41,Access/Login,Request,2 - Normal,3 - High,0,3 - Highly satisfied
1085,1735,1 - Junior,4,Access/Login,Issue,0 - Unclassified,0 - Unassigned,0,3 - Highly satisfied
1086,1655,3 - Senior,6,Systems,Request,2 - Normal,0 - Unassigned,15,0 - Unknown
1087,892,1 - Junior,15,Systems,Request,2 - Normal,1 - Low,5,0 - Unknown
1088,34,3 - Senior,22,Access/Login,Request,2 - Normal,3 - High,0,0 - Unknown
1089,1511,4 - Management,33,Systems,Request,2 - Normal,3 - High,9,3 - Highly satisfied
1090,256,2 - Regular,46,Systems,Request,2 - Normal,0 - Unassigned,15,0 - Unknown
1091,1572,2 - Regular,23,Systems,Request,2 - Normal,2 - Medium,7,0 - Unknown
1092,118,2 - Regular,28,Systems,Request,2 - Normal,0 - Unassigned,25,1 - Unsatisfied
1093,775,2 - Regular,17,Systems,Request,2 - Normal,0 - Unassigned,6,0 - Unknown
1094,1762,2 - Regular,38,Systems,Request,2 - Normal,3 - High,9,3 - Highly satisfied
1095,510,1 - Junior,1,Access/Login,Request,2 - Normal,1 - Low,2,0 - Unknown
1096,760,3 - Senior,15,Access/Login,Request,1 - Minor,0 - Unassigned,0,0 - Unknown
1097,1100,2 - Regular,33,Hardware,Issue,2 - Normal,2 - Medium,10,1 - Unsatisfied
1098,1071,4 - Management,34,Access/Login,Request,2 - Normal,2 - Medium,0,0 - Unknown
1099,3,2 - Regular,32,Systems,Issue,2 - Normal,1 - Low,4,1 - Unsatisfied
1100,732,2 - Regular,1,Access/Login,Request,1 - Minor,2 - Medium,0,0 - Unknown
1101,284,2 - Regular,39,Systems,Issue,2 - Normal,0 - Unassigned,15,2 - Satisfied
1102,1953,2 - Regular,4,Software,Request,2 - Normal,0 - Unassigned,8,2 - Satisfied
1103,537,4 - Management,2,Access/Login,Issue,2 - Normal,3 - High,0,3 - Highly satisfied
1104,1606,4 - Management,15,Systems,Request,2 - Normal,3 - High,6,2 - Satisfied
1105,326,2 - Regular,11,Hardware,Request,2 - Normal,2 - Medium,23,2 - Satisfied
1106,719,4 - Management,34,Software,Request,2 - Normal,3 - High,3,3 - Highly satisfied
1107,577,1 - Junior,26,Systems,Request,2 - Normal,2 - Medium,14,0 - Unknown
1108,413,4 - Management,3,Hardware,Issue,2 - Normal,0 - Unassigned,16,0 - Unknown
1109,433,1 - Junior,24,Systems,Request,2 - Normal,1 - Low,13,0 - Unknown
1110,1629,3 - Senior,10,Access/Login,Issue,2 - Normal,3 - High,0,3 - Highly satisfied
1111,1636,4 - Management,10,Systems,Request,2 - Normal,3 - High,5,3 - Highly satisfied
1112,298,3 - Senior,18,Software,Request,2 - Normal,2 - Medium,12,1 - Unsatisfied
1113,1485,3 - Senior,2,Access/Login,Issue,2 - Normal,2 - Medium,0,0 - Unknown
1114,1295,4 - Management,35,Software,Issue,1 - Minor,3 - High,6,3 - Highly satisfied
1115,117,2 - Regular,11,Software,Request,2 - Normal,0 - Unassigned,13,1 - Unsatisfied
1116,1164,4 - Management,33,Hardware,Issue,2 - Normal,3 - High,5,1 - Unsatisfied
1117,1082,4 - Management,15,Systems,Issue,4 - Critical,3 - High,1,3 - Highly satisfied
1118,329,4 - Management,23,Access/Login,Request,2 - Normal,3 - High,0,2 - Satisfied
1119,541,1 - Junior,3,Hardware,Request,2 - Normal,0 - Unassigned,31,0 - Unknown
1120,917,4 - Management,14,Access/Login,Request,3 - Major,0 - Unassigned,1,1 - Unsatisfied
1121,642,2 - Regular,22,Access/Login,Issue,2 - Normal,0 - Unassigned,0,1 - Unsatisfied
1122,1612,2 - Regular,17,Systems,Request,2 - Normal,0 - Unassigned,7,3 - Highly satisfied
1123,691,2 - Regular,50,Access/Login,Request,2 - Normal,0 - Unassigned,0,1 - Unsatisfied
1124,339,2 - Regular,7,Systems,Issue,2 - Normal,2 - Medium,6,0 - Unknown
1125,509,1 - Junior,14,Software,Request,2 - Normal,1 - Low,10,1 - Unsatisfied
1126,1292,1 - Junior,25,Hardware,Issue,2 - Normal,2 - Medium,19,1 - Unsatisfied
1127,496,2 - Regular,7,Access/Login,Request,3 - Major,3 - High,0,3 - Highly satisfied
1128,1224,3 - Senior,38,Access/Login,Request,2 - Normal,2 - Medium,0,3 - Highly satisfied
1129,986,2 - Regular,29,Access/Login,Request,2 - Normal,2 - Medium,0,3 - Highly satisfied
1130,1538,4 - Management,20,Systems,Request,2 - Normal,3 - High,6,3 - Highly satisfied
1131,1311,2 - Regular,36,Systems,Request,1 - Minor,0 - Unassigned,9,1 - Unsatisfied
1132,1571,1 - Junior,22,Access/Login,Issue,4 - Critical,0 - Unassigned,0,1 - Unsatisfied
1133,304,4 - Management,8,Software,Issue,2 - Normal,3 - High,2,3 - Highly satisfied
1134,169,2 - Regular,15,Systems,Request,2 - Normal,0 - Unassigned,6,0 - Unknown
1135,625,1 - Junior,26,Software,Request,2 - Normal,0 - Unassigned,18,2 - Satisfied
1136,956,4 - Management,29,Systems,Issue,2 - Normal,0 - Unassigned,1,0 - Unknown
1137,1194,4 - Management,32,Software,Issue,2 - Normal,3 - High,0,1 - Unsatisfied
1138,709,2 - Regular,31,Hardware,Request,2 - Normal,1 - Low,11,3 - Highly satisfied
1139,1190,2 - Regular,35,Systems,Issue,2 - Normal,1 - Low,9,1 - Unsatisfied
1140,1918,4 - Management,39,Systems,Request,2 - Normal,3 - High,25,2 - Satisfied
1141,1961,4 - Management,11,Systems,Request,2 - Normal,3 - High,20,0 - Unknown
1142,1916,4 - Management,34,Software,Issue,1 - Minor,0 - Unassigned,2,0 - Unknown
1143,1230,2 - Regular,6,Access/Login,Request,2 - Normal,1 - Low,0,0 - Unknown
1144,79,1 - Junior,45,Software,Request,2 - Normal,1 - Low,3,0 - Unknown
1145,1394,2 - Regular,38,Access/Login,Issue,2 - Normal,1 - Low,1,0 - Unknown
1146,1835,1 - Junior,49,Software,Request,2 - Normal,1 - Low,8,0 - Unknown
1147,327,2 - Regular,24,Software,Request,2 - Normal,3 - High,3,1 - Unsatisfied
1148,907,4 - Management,10,Hardware,Request,2 - Normal,0 - Unassigned,14,1 - Unsatisfied
1149,1239,2 - Regular,50,Software,Request,2 - Normal,1 - Low,10,1 - Unsatisfied
1150,1594,3 - Senior,40,Software,Request,2 - Normal,3 - High,4,2 - Satisfied
1151,611,2 - Regular,8,Systems,Issue,1 - Minor,1 - Low,2,1 - Unsatisfied
1152,1089,1 - Junior,47,Systems,Request,2 - Normal,3 - High,6,0 - Unknown
1153,1613,3 - Senior,15,Systems,Issue,2 - Normal,0 - Unassigned,2,3 - Highly satisfied
1154,940,2 - Regular,41,Access/Login,Request,2 - Normal,3 - High,0,3 - Highly satisfied
1155,1657,3 - Senior,41,Hardware,Issue,2 - Normal,0 - Unassigned,5,3 - Highly satisfied
1156,874,4 - Management,42,Systems,Issue,2 - Normal,0 - Unassigned,5,0 - Unknown
1157,1226,2 - Regular,1,Systems,Request,2 - Normal,0 - Unassigned,17,2 - Satisfied
1158,726,2 - Regular,2,Systems,Request,2 - Normal,1 - Low,8,3 - Highly satisfied
1159,1689,2 - Regular,32,Hardware,Request,2 - Normal,3 - High,10,2 - Satisfied
1160,1429,4 - Management,3,Software,Request,2 - Normal,0 - Unassigned,7,1 - Unsatisfied
1161,194,4 - Management,35,Access/Login,Issue,2 - Normal,2 - Medium,0,3 - Highly satisfied
1162,1465,2 - Regular,14,Systems,Request,2 - Normal,2 - Medium,11,0 - Unknown
1163,45,2 - Regular,17,Access/Login,Request,2 - Normal,1 - Low,0,0 - Unknown
1164,1507,2 - Regular,22,Systems,Request,2 - Normal,1 - Low,14,1 - Unsatisfied
1165,751,2 - Regular,42,Access/Login,Request,2 - Normal,3 - High,0,2 - Satisfied
1166,1238,1 - Junior,34,Hardware,Request,2 - Normal,2 - Medium,10,2 - Satisfied
1167,915,3 - Senior,48,Systems,Request,2 - Normal,3 - High,5,2 - Satisfied
1168,1775,2 - Regular,41,Software,Request,2 - Normal,3 - High,3,2 - Satisfied
1169,1938,2 - Regular,11,Software,Issue,2 - Normal,1 - Low,6,0 - Unknown
1170,452,2 - Regular,3,Software,Issue,2 - Normal,0 - Unassigned,2,0 - Unknown
1171,660,4 - Management,23,Systems,Request,2 - Normal,3 - High,7,3 - Highly satisfied
1172,1656,1 - Junior,14,Access/Login,Request,2 - Normal,0 - Unassigned,1,3 - Highly satisfied
1173,970,2 - Regular,25,Access/Login,Issue,2 - Normal,0 - Unassigned,2,0 - Unknown
1174,1722,1 - Junior,36,Software,Request,2 - Normal,0 - Unassigned,4,3 - Highly satisfied
1175,68,4 - Management,24,Systems,Request,2 - Normal,0 - Unassigned,8,0 - Unknown
1176,703,2 - Regular,29,Systems,Issue,4 - Critical,3 - High,4,2 - Satisfied
1177,597,1 - Junior,36,Systems,Request,2 - Normal,1 - Low,6,3 - Highly satisfied
1178,21,1 - Junior,48,Hardware,Issue,2 - Normal,1 - Low,11,2 - Satisfied
1179,779,1 - Junior,10,Software,Request,2 - Normal,1 - Low,6,0 - Unknown
1180,1211,2 - Regular,11,Hardware,Request,2 - Normal,2 - Medium,28,1 - Unsatisfied
1181,444,2 - Regular,50,Systems,Request,2 - Normal,0 - Unassigned,14,1 - Unsatisfied
1182,1202,3 - Senior,18,Access/Login,Request,2 - Normal,3 - High,0,0 - Unknown
1183,1173,4 - Management,30,Systems,Request,2 - Normal,3 - High,8,1 - Unsatisfied
1184,1076,2 - Regular,35,Software,Request,2 - Normal,1 - Low,9,3 - Highly satisfied
1185,30,2 - Regular,19,Software,Issue,2 - Normal,1 - Low,4,0 - Unknown
1186,720,4 - Management,42,Systems,Request,2 - Normal,3 - High,6,0 - Unknown
1187,1705,2 - Regular,26,Systems,Request,2 - Normal,0 - Unassigned,19,3 - Highly satisfied
1188,1223,2 - Regular,37,Access/Login,Request,2 - Normal,2 - Medium,0,2 - Satisfied
1189,177,3 - Senior,46,Access/Login,Request,2 - Normal,3 - High,0,3 - Highly satisfied
1190,174,4 - Management,1,Systems,Request,2 - Normal,0 - Unassigned,27,0 - Unknown
1191,1995,4 - Management,17,Systems,Issue,2 - Normal,3 - High,3,1 - Unsatisfied
1192,570,2 - Regular,13,Access/Login,Request,2 - Normal,0 - Unassigned,0,1 - Unsatisfied
1193,974,4 - Management,35,Software,Request,2 - Normal,3 - High,3,2 - Satisfied
1194,16,4 - Management,1,Access/Login,Request,2 - Normal,3 - High,0,0 - Unknown
1195,1267,2 - Regular,13,Hardware,Request,2 - Normal,0 - Unassigned,30,0 - Unknown
1196,1356,2 - Regular,4,Systems,Request,2 - Normal,2 - Medium,20,0 - Unknown
1197,1937,2 - Regular,43,Systems,Request,2 - Normal,0 - Unassigned,5,1 - Unsatisfied
1198,1082,4 - Management,28,Access/Login,Issue,2 - Normal,0 - Unassigned,0,1 - Unsatisfied
1199,1119,2 - Regular,42,Systems,Request,2 - Normal,0 - Unassigned,7,3 - Highly satisfied
1200,253,3 - Senior,20,Access/Login,Request,2 - Normal,3 - High,0,1 - Unsatisfied
1201,199,2 - Regular,18,Access/Login,Issue,2 - Normal,1 - Low,0,0 - Unknown
1202,1943,1 - Junior,39,Systems,Issue,2 - Normal,1 - Low,9,2 - Satisfied
1203,136,1 - Junior,32,Access/Login,Request,2 - Normal,1 - Low,2,0 - Unknown
1204,667,2 - Regular,22,Hardware,Request,2 - Normal,1 - Low,32,1 - Unsatisfied
1205,1333,4 - Management,14,Systems,Request,2 - Normal,3 - High,8,2 - Satisfied
1206,1840,1 - Junior,42,Software,Request,2 - Normal,0 - Unassigned,5,2 - Satisfied
1207,1214,4 - Management,18,Access/Login,Request,2 - Normal,3 - High,0,3 - Highly satisfied
1208,1507,2 - Regular,25,Systems,Issue,2 - Normal,0 - Unassigned,5,1 - Unsatisfied
1209,1453,3 - Senior,23,Hardware,Request,2 - Normal,2 - Medium,17,3 - Highly satisfied
1210,193,2 - Regular,10,Software,Request,2 - Normal,3 - High,3,3 - Highly satisfied
1211,361,2 - Regular,40,Access/Login,Request,2 - Normal,3 - High,0,3 - Highly satisfied
1212,655,1 - Junior,20,Access/Login,Request,2 - Normal,0 - Unassigned,0,0 - Unknown
1213,442,4 - Management,19,Access/Login,Issue,2 - Normal,3 - High,0,2 - Satisfied
1214,699,1 - Junior,21,Systems,Request,2 - Normal,3 - High,6,3 - Highly satisfied
1215,367,2 - Regular,41,Software,Request,2 - Normal,2 - Medium,2,3 - Highly satisfied
1216,1818,2 - Regular,19,Software,Request,2 - Normal,3 - High,16,0 - Unknown
1217,1792,1 - Junior,11,Access/Login,Request,2 - Normal,2 - Medium,0,2 - Satisfied
1218,1635,4 - Management,41,Systems,Request,2 - Normal,0 - Unassigned,9,2 - Satisfied
1219,1906,2 - Regular,26,Software,Request,2 - Normal,2 - Medium,8,3 - Highly satisfied
1220,1265,4 - Management,42,Systems,Issue,2 - Normal,2 - Medium,3,0 - Unknown
1221,564,2 - Regular,36,Software,Issue,2 - Normal,0 - Unassigned,1,0 - Unknown
1222,1784,4 - Management,31,Systems,Request,2 - Normal,3 - High,7,0 - Unknown
1223,196,3 - Senior,7,Systems,Request,3 - Major,3 - High,16,2 - Satisfied
1224,1902,4 - Management,24,Software,Request,2 - Normal,3 - High,2,0 - Unknown
1225,1065,2 - Regular,22,Software,Request,2 - Normal,1 - Low,9,0 - Unknown
1226,1995,4 - Management,42,Software,Request,2 - Normal,0 - Unassigned,6,1 - Unsatisfied
1227,1196,1 - Junior,12,Access/Login,Request,2 - Normal,2 - Medium,0,3 - Highly satisfied
1228,386,1 - Junior,26,Systems,Request,2 - Normal,0 - Unassigned,10,1 - Unsatisfied
1229,763,4 - Management,44,Systems,Request,2 - Normal,3 - High,5,2 - Satisfied
1230,730,2 - Regular,30,Systems,Request,2 - Normal,0 - Unassigned,7,2 - Satisfied
1231,261,2 - Regular,16,Systems,Issue,3 - Major,2 - Medium,2,0 - Unknown
1232,785,1 - Junior,25,Access/Login,Issue,2 - Normal,0 - Unassigned,0,1 - Unsatisfied
1233,1361,4 - Management,30,Systems,Request,2 - Normal,0 - Unassigned,7,1 - Unsatisfied
1234,1717,3 - Senior,39,Systems,Issue,2 - Normal,3 - High,4,2 - Satisfied
1235,57,2 - Regular,46,Systems,Request,2 - Normal,0 - Unassigned,18,0 - Unknown
1236,84,2 - Regular,43,Access/Login,Request,2 - Normal,2 - Medium,0,3 - Highly satisfied
1237,1650,1 - Junior,9,Access/Login,Request,2 - Normal,3 - High,0,0 - Unknown
1238,665,3 - Senior,15,Software,Issue,2 - Normal,3 - High,0,0 - Unknown
1239,424,3 - Senior,29,Hardware,Request,2 - Normal,3 - High,11,1 - Unsatisfied
1240,72,1 - Junior,34,Systems,Issue,3 - Major,1 - Low,3,0 - Unknown
1241,1585,3 - Senior,44,Systems,Issue,2 - Normal,0 - Unassigned,3,2 - Satisfied
1242,571,2 - Regular,37,Access/Login,Request,2 - Normal,1 - Low,0,2 - Satisfied
1243,74,4 - Management,31,Systems,Request,2 - Normal,3 - High,6,1 - Unsatisfied
1244,1577,2 - Regular,2,Access/Login,Request,2 - Normal,3 - High,0,2 - Satisfied
1245,649,2 - Regular,42,Access/Login,Request,2 - Normal,1 - Low,0,1 - Unsatisfied
1246,1193,4 - Management,3,Systems,Request,2 - Normal,0 - Unassigned,19,1 - Unsatisfied
1247,1164,4 - Management,49,Systems,Request,2 - Normal,3 - High,24,0 - Unknown
1248,1011,2 - Regular,35,Systems,Request,2 - Normal,0 - Unassigned,14,0 - Unknown
1249,936,2 - Regular,2,Systems,Issue,3 - Major,3 - High,1,0 - Unknown
1250,1206,2 - Regular,11,Hardware,Issue,1 - Minor,2 - Medium,5,3 - Highly satisfied
1251,1439,1 - Junior,27,Systems,Issue,2 - Normal,3 - High,1,3 - Highly satisfied
1252,749,3 - Senior,3,Systems,Request,2 - Normal,2 - Medium,20,0 - Unknown
1253,272,2 - Regular,44,Systems,Issue,2 - Normal,0 - Unassigned,1,0 - Unknown
1254,750,1 - Junior,11,Systems,Request,2 - Normal,0 - Unassigned,5,1 - Unsatisfied
1255,242,4 - Management,12,Systems,Request,2 - Normal,0 - Unassigned,8,0 - Unknown
1256,686,1 - Junior,8,Access/Login,Request,2 - Normal,0 - Unassigned,0,3 - Highly satisfied
1257,1711,4 - Management,9,Access/Login,Request,2 - Normal,0 - Unassigned,0,2 - Satisfied
1258,1770,1 - Junior,29,Access/Login,Request,2 - Normal,2 - Medium,0,2 - Satisfied
1259,1513,2 - Regular,12,Software,Request,2 - Normal,0 - Unassigned,4,2 - Satisfied
1260,1374,3 - Senior,35,Hardware,Request,2 - Normal,2 - Medium,34,1 - Unsatisfied
1261,1611,3 - Senior,31,Systems,Request,2 - Normal,3 - High,9,0 - Unknown
1262,924,2 - Regular,49,Software,Issue,2 - Normal,2 - Medium,3,3 - Highly satisfied
1263,1794,2 - Regular,45,Access/Login,Request,2 - Normal,3 - High,0,3 - Highly satisfied
1264,524,2 - Regular,11,Software,Issue,2 - Normal,1 - Low,8,1 - Unsatisfied
1265,1805,4 - Management,10,Software,Issue,2 - Normal,3 - High,1,0 - Unknown
1266,543,1 - Junior,47,Hardware,Request,2 - Normal,2 - Medium,10,3 - Highly satisfied
1267,1701,1 - Junior,15,Systems,Issue,2 - Normal,0 - Unassigned,1,3 - Highly satisfied
1268,253,3 - Senior,8,Systems,Request,2 - Normal,0 - Unassigned,6,3 - Highly satisfied
1269,1583,1 - Junior,19,Systems,Request,2 - Normal,1 - Low,14,1 - Unsatisfied
1270,610,2 - Regular,16,Systems,Issue,2 - Normal,1 - Low,4,0 - Unknown
1271,1636,4 - Management,8,Access/Login,Request,2 - Normal,1 - Low,0,2 - Satisfied
1272,1087,3 - Senior,5,Access/Login,Request,2 - Normal,3 - High,0,1 - Unsatisfied
1273,1651,2 - Regular,17,Systems,Issue,2 - Normal,3 - High,1,3 - Highly satisfied
1274,852,1 - Junior,47,Systems,Request,2 - Normal,2 - Medium,8,3 - Highly satisfied
1275,1202,3 - Senior,26,Access/Login,Request,2 - Normal,3 - High,0,3 - Highly satisfied
1276,287,4 - Management,42,Systems,Issue,2 - Normal,0 - Unassigned,3,2 - Satisfied
1277,1308,3 - Senior,43,Software,Request,2 - Normal,0 - Unassigned,5,3 - Highly satisfied
1278,1032,1 - Junior,3,Software,Request,2 - Normal,0 - Unassigned,12,1 - Unsatisfied
1279,852,1 - Junior,27,Access/Login,Issue,2 - Normal,1 - Low,0,3 - Highly satisfied
1280,1260,3 - Senior,40,Access/Login,Issue,2 - Normal,0 - Unassigned,0,2 - Satisfied
1281,586,4 - Management,13,Systems,Request,2 - Normal,3 - High,13,1 - Unsatisfied
1282,1556,4 - Management,29,Software,Request,2 - Normal,3 - High,4,0 - Unknown
1283,580,3 - Senior,7,Software,Request,2 - Normal,2 - Medium,17,0 - Unknown
1284,1987,1 - Junior,46,Systems,Request,2 - Normal,3 - High,16,1 - Unsatisfied
1285,735,2 - Regular,24,Systems,Request,2 - Normal,0 - Unassigned,6,3 - Highly satisfied
1286,601,2 - Regular,50,Access/Login,Request,2 - Normal,0 - Unassigned,0,1 - Unsatisfied
1287,751,2 - Regular,43,Systems,Request,2 - Normal,3 - High,8,3 - Highly satisfied
1288,194,4 - Management,27,Hardware,Issue,2 - Normal,3 - High,6,3 - Highly satisfied
1289,1520,4 - Management,37,Access/Login,Request,2 - Normal,0 - Unassigned,0,0 - Unknown
1290,1556,4 - Management,31,Systems,Request,1 - Minor,3 - High,5,1 - Unsatisfied
1291,328,2 - Regular,33,Software,Issue,2 - Normal,1 - Low,3,1 - Unsatisfied
1292,539,3 - Senior,49,Software,Request,2 - Normal,3 - High,6,1 - Unsatisfied
1293,549,4 - Management,4,Systems,Request,2 - Normal,1 - Low,17,3 - Highly satisfied
1294,1396,4 - Management,32,Systems,Request,2 - Normal,3 - High,7,0 - Unknown
1295,720,4 - Management,32,Systems,Request,2 - Normal,0 - Unassigned,7,2 - Satisfied
1296,1749,2 - Regular,37,Software,Request,2 - Normal,2 - Medium,19,3 - Highly satisfied
1297,527,2 - Regular,48,Access/Login,Request,2 - Normal,0 - Unassigned,0,3 - Highly satisfied
1298,455,2 - Regular,27,Access/Login,Request,2 - Normal,0 - Unassigned,0,2 - Satisfied
1299,1001,3 - Senior,32,Software,Request,2 - Normal,3 - High,3,1 - Unsatisfied
1300,1553,1 - Junior,5,Systems,Request,2 - Normal,0 - Unassigned,10,0 - Unknown
1301,18,1 - Junior,24,Access/Login,Request,2 - Normal,1 - Low,1,3 - Highly satisfied
1302,363,3 - Senior,19,Systems,Request,4 - Critical,3 - High,17,3 - Highly satisfied
1303,171,4 - Management,34,Access/Login,Request,2 - Normal,3 - High,0,2 - Satisfied
1304,797,2 - Regular,8,Hardware,Issue,2 - Normal,1 - Low,6,3 - Highly satisfied
1305,1098,2 - Regular,38,Hardware,Request,1 - Minor,1 - Low,10,2 - Satisfied
1306,614,2 - Regular,23,Systems,Request,2 - Normal,0 - Unassigned,10,2 - Satisfied
1307,570,2 - Regular,30,Systems,Request,2 - Normal,0 - Unassigned,12,0 - Unknown
1308,1846,2 - Regular,26,Software,Issue,2 - Normal,0 - Unassigned,4,0 - Unknown
1309,1405,2 - Regular,5,Systems,Request,2 - Normal,3 - High,7,2 - Satisfied
1310,712,4 - Management,48,Access/Login,Request,2 - Normal,3 - High,0,0 - Unknown
1311,1646,2 - Regular,47,Software,Request,2 - Normal,0 - Unassigned,6,3 - Highly satisfied
1312,1302,1 - Junior,37,Access/Login,Request,2 - Normal,1 - Low,0,3 - Highly satisfied
1313,279,2 - Regular,23,Systems,Request,2 - Normal,1 - Low,15,0 - Unknown
1314,470,2 - Regular,7,Hardware,Request,2 - Normal,0 - Unassigned,35,3 - Highly satisfied
1315,1776,4 - Management,25,Software,Request,2 - Normal,3 - High,13,1 - Unsatisfied
1316,1082,4 - Management,3,Systems,Issue,2 - Normal,0 - Unassigned,3,0 - Unknown
1317,622,2 - Regular,23,Systems,Request,2 - Normal,2 - Medium,16,3 - Highly satisfied
1318,1771,3 - Senior,9,Access/Login,Request,3 - Major,3 - High,2,1 - Unsatisfied
1319,676,2 - Regular,38,Hardware,Issue,2 - Normal,1 - Low,16,0 - Unknown
1320,1175,2 - Regular,36,Software,Issue,2 - Normal,0 - Unassigned,2,3 - Highly satisfied
1321,193,2 - Regular,8,Software,Request,2 - Normal,0 - Unassigned,6,0 - Unknown
1322,1016,1 - Junior,16,Systems,Request,2 - Normal,1 - Low,13,2 - Satisfied
1323,27,1 - Junior,21,Systems,Request,2 - Normal,0 - Unassigned,8,3 - Highly satisfied
1324,632,2 - Regular,21,Access/Login,Issue,2 - Normal,2 - Medium,0,0 - Unknown
1325,1112,2 - Regular,10,Software,Request,2 - Normal,0 - Unassigned,3,2 - Satisfied
1326,1350,2 - Regular,31,Access/Login,Issue,2 - Normal,2 - Medium,0,2 - Satisfied
1327,82,2 - Regular,29,Systems,Request,2 - Normal,3 - High,6,0 - Unknown
1328,848,4 - Management,50,Systems,Request,2 - Normal,3 - High,17,1 - Unsatisfied
1329,1106,1 - Junior,10,Software,Request,2 - Normal,1 - Low,8,2 - Satisfied
1330,553,3 - Senior,17,Access/Login,Issue,2 - Normal,0 - Unassigned,0,2 - Satisfied
1331,1415,2 - Regular,49,Access/Login,Issue,2 - Normal,0 - Unassigned,1,1 - Unsatisfied
1332,1486,3 - Senior,45,Systems,Request,1 - Minor,0 - Unassigned,8,2 - Satisfied
1333,1496,2 - Regular,10,Systems,Request,2 - Normal,2 - Medium,5,1 - Unsatisfied
1334,53,4 - Management,17,Access/Login,Request,2 - Normal,3 - High,0,3 - Highly satisfied
1335,1089,1 - Junior,18,Hardware,Request,2 - Normal,1 - Low,25,3 - Highly satisfied
1336,1136,2 - Regular,7,Systems,Issue,2 - Normal,2 - Medium,6,2 - Satisfied
1337,743,4 - Management,7,Software,Request,2 - Normal,3 - High,7,3 - Highly satisfied
1338,214,3 - Senior,1,Systems,Request,3 - Major,3 - High,20,0 - Unknown
1339,1528,4 - Management,27,Systems,Request,2 - Normal,3 - High,8,2 - Satisfied
1340,1852,2 - Regular,22,Hardware,Request,2 - Normal,3 - High,29,0 - Unknown
1341,1846,2 - Regular,44,Hardware,Request,2 - Normal,0 - Unassigned,12,0 - Unknown
1342,1571,1 - Junior,22,Software,Issue,4 - Critical,2 - Medium,9,1 - Unsatisfied
1343,1656,1 - Junior,7,Software,Issue,2 - Normal,0 - Unassigned,1,0 - Unknown
1344,548,4 - Management,40,Systems,Issue,2 - Normal,0 - Unassigned,1,3 - Highly satisfied
1345,492,3 - Senior,11,Systems,Request,2 - Normal,3 - High,8,3 - Highly satisfied
1346,1420,3 - Senior,34,Software,Request,2 - Normal,2 - Medium,4,0 - Unknown
1347,1536,2 - Regular,26,Software,Request,2 - Normal,2 - Medium,5,0 - Unknown
1348,313,4 - Management,46,Access/Login,Request,2 - Normal,3 - High,1,1 - Unsatisfied
1349,492,3 - Senior,42,Access/Login,Request,2 - Normal,3 - High,0,3 - Highly satisfied
1350,20,1 - Junior,40,Software,Request,2 - Normal,0 - Unassigned,11,0 - Unknown
1351,421,2 - Regular,7,Systems,Request,2 - Normal,3 - High,15,1 - Unsatisfied
1352,1078,1 - Junior,13,Systems,Request,2 - Normal,3 - High,16,0 - Unknown
1353,1672,2 - Regular,19,Systems,Request,2 - Normal,0 - Unassigned,14,3 - Highly satisfied
1354,1443,2 - Regular,5,Access/Login,Request,2 - Normal,0 - Unassigned,0,1 - Unsatisfied
1355,257,2 - Regular,47,Systems,Request,2 - Normal,3 - High,6,1 - Unsatisfied
1356,522,2 - Regular,22,Systems,Request,2 - Normal,0 - Unassigned,22,3 - Highly satisfied
1357,1052,4 - Management,21,Systems,Request,2 - Normal,3 - High,8,3 - Highly satisfied
1358,1707,2 - Regular,29,Software,Request,2 - Normal,1 - Low,6,1 - Unsatisfied
1359,1778,2 - Regular,4,Software,Request,2 - Normal,0 - Unassigned,7,3 - Highly satisfied
1360,1022,1 - Junior,12,Hardware,Request,2 - Normal,1 - Low,12,1 - Unsatisfied
1361,843,2 - Regular,42,Access/Login,Issue,4 - Critical,0 - Unassigned,0,1 - Unsatisfied
1362,424,3 - Senior,15,Software,Request,2 - Normal,2 - Medium,3,2 - Satisfied
1363,220,1 - Junior,18,Access/Login,Request,2 - Normal,1 - Low,0,2 - Satisfied
1364,222,1 - Junior,40,Access/Login,Issue,2 - Normal,0 - Unassigned,0,3 - Highly satisfied
1365,1251,2 - Regular,15,Hardware,Request,2 - Normal,2 - Medium,12,0 - Unknown
1366,1174,4 - Management,25,Software,Issue,2 - Normal,2 - Medium,1,0 - Unknown
1367,1574,1 - Junior,2,Hardware,Request,2 - Normal,1 - Low,10,2 - Satisfied
1368,813,2 - Regular,9,Systems,Request,3 - Major,2 - Medium,16,2 - Satisfied
1369,1672,2 - Regular,38,Software,Request,2 - Normal,0 - Unassigned,4,3 - Highly satisfied
1370,1895,1 - Junior,42,Access/Login,Issue,2 - Normal,0 - Unassigned,0,0 - Unknown
1371,393,2 - Regular,27,Software,Request,2 - Normal,3 - High,5,3 - Highly satisfied
1372,99,2 - Regular,49,Systems,Request,2 - Normal,0 - Unassigned,18,1 - Unsatisfied
1373,1840,1 - Junior,14,Systems,Request,2 - Normal,3 - High,6,2 - Satisfied
1374,297,1 - Junior,12,Access/Login,Request,2 - Normal,1 - Low,1,3 - Highly satisfied
1375,1436,3 - Senior,32,Systems,Request,3 - Major,3 - High,11,1 - Unsatisfied
1376,1523,4 - Management,4,Software,Issue,2 - Normal,3 - High,10,2 - Satisfied
1377,239,2 - Regular,45,Software,Issue,2 - Normal,0 - Unassigned,2,2 - Satisfied
1378,1751,3 - Senior,14,Software,Request,2 - Normal,1 - Low,11,0 - Unknown
1379,1513,2 - Regular,47,Software,Issue,2 - Normal,1 - Low,4,2 - Satisfied
1380,863,1 - Junior,2,Hardware,Request,1 - Minor,2 - Medium,10,1 - Unsatisfied
1381,1378,2 - Regular,3,Access/Login,Request,2 - Normal,3 - High,0,2 - Satisfied
1382,1443,2 - Regular,12,Systems,Request,2 - Normal,3 - High,5,0 - Unknown
1383,968,2 - Regular,8,Access/Login,Issue,2 - Normal,0 - Unassigned,0,0 - Unknown
1384,1369,2 - Regular,19,Systems,Issue,0 - Unclassified,0 - Unassigned,6,0 - Unknown
1385,2000,2 - Regular,1,Software,Request,2 - Normal,3 - High,14,1 - Unsatisfied
1386,436,1 - Junior,34,Systems,Request,2 - Normal,3 - High,7,0 - Unknown
1387,1571,1 - Junior,20,Access/Login,Request,2 - Normal,2 - Medium,0,1 - Unsatisfied
1388,1622,2 - Regular,11,Systems,Request,2 - Normal,0 - Unassigned,14,0 - Unknown
1389,865,1 - Junior,7,Software,Request,2 - Normal,1 - Low,7,0 - Unknown
1390,1193,4 - Management,45,Hardware,Request,2 - Normal,3 - High,13,0 - Unknown
1391,718,2 - Regular,32,Systems,Request,2 - Normal,1 - Low,17,0 - Unknown
1392,610,2 - Regular,19,Systems,Issue,4 - Critical,0 - Unassigned,6,2 - Satisfied
1393,941,2 - Regular,50,Access/Login,Request,2 - Normal,2 - Medium,0,2 - Satisfied
1394,1973,2 - Regular,23,Systems,Request,2 - Normal,3 - High,6,0 - Unknown
1395,719,4 - Management,42,Systems,Issue,2 - Normal,3 - High,5,0 - Unknown
1396,1385,3 - Senior,12,Access/Login,Request,2 - Normal,3 - High,0,0 - Unknown
1397,1710,2 - Regular,27,Software,Request,2 - Normal,0 - Unassigned,6,2 - Satisfied
1398,79,1 - Junior,10,Access/Login,Request,2 - Normal,0 - Unassigned,1,0 - Unknown
1399,1844,2 - Regular,16,Access/Login,Request,2 - Normal,2 - Medium,0,0 - Unknown
1400,783,1 - Junior,20,Access/Login,Request,2 - Normal,0 - Unassigned,0,0 - Unknown
1401,1606,4 - Management,11,Software,Request,2 - Normal,3 - High,5,1 - Unsatisfied
1402,1131,4 - Management,35,Systems,Request,2 - Normal,3 - High,11,2 - Satisfied
1403,772,3 - Senior,39,Systems,Request,2 - Normal,3 - High,19,3 - Highly satisfied
1404,857,2 - Regular,38,Systems,Request,2 - Normal,2 - Medium,6,2 - Satisfied
1405,515,3 - Senior,17,Access/Login,Issue,2 - Normal,3 - High,0,1 - Unsatisfied
1406,1641,2 - Regular,44,Systems,Request,2 - Normal,1 - Low,13,3 - Highly satisfied
1407,755,3 - Senior,5,Systems,Request,3 - Major,3 - High,10,0 - Unknown
1408,1339,1 - Junior,39,Systems,Issue,2 - Normal,0 - Unassigned,6,0 - Unknown
1409,1341,2 - Regular,47,Software,Request,2 - Normal,3 - High,5,0 - Unknown
1410,248,2 - Regular,12,Access/Login,Request,2 - Normal,2 - Medium,0,0 - Unknown
1411,1875,3 - Senior,40,Hardware,Request,2 - Normal,3 - High,11,1 - Unsatisfied
1412,1935,2 - Regular,6,Systems,Request,2 - Normal,2 - Medium,14,2 - Satisfied
1413,1519,3 - Senior,38,Systems,Request,2 - Normal,3 - High,6,3 - Highly satisfied
1414,1318,4 - Management,7,Hardware,Issue,2 - Normal,3 - High,18,2 - Satisfied
1415,1497,1 - Junior,12,Hardware,Request,2 - Normal,0 - Unassigned,11,0 - Unknown
1416,110,1 - Junior,9,Systems,Request,2 - Normal,2 - Medium,7,3 - Highly satisfied
1417,922,2 - Regular,31,Software,Request,2 - Normal,3 - High,6,0 - Unknown
1418,682,4 - Management,8,Access/Login,Issue,2 - Normal,3 - High,0,2 - Satisfied
1419,675,1 - Junior,29,Hardware,Request,2 - Normal,1 - Low,14,3 - Highly satisfied
1420,722,1 - Junior,30,Hardware,Request,2 - Normal,0 - Unassigned,32,1 - Unsatisfied
1421,996,2 - Regular,48,Access/Login,Request,2 - Normal,0 - Unassigned,0,0 - Unknown
1422,164,2 - Regular,37,Hardware,Request,3 - Major,3 - High,33,2 - Satisfied
1423,1631,4 - Management,44,Software,Request,2 - Normal,0 - Unassigned,2,0 - Unknown
1424,149,2 - Regular,35,Systems,Request,2 - Normal,3 - High,6,3 - Highly satisfied
1425,626,1 - Junior,31,Systems,Request,2 - Normal,1 - Low,5,2 - Satisfied
1426,631,1 - Junior,25,Systems,Request,2 - Normal,0 - Unassigned,24,0 - Unknown
1427,17,2 - Regular,12,Software,Request,2 - Normal,0 - Unassigned,14,1 - Unsatisfied
1428,1331,2 - Regular,10,Systems,Request,2 - Normal,2 - Medium,14,3 - Highly satisfied
1429,263,3 - Senior,29,Systems,Issue,2 - Normal,2 - Medium,2,1 - Unsatisfied
1430,987,1 - Junior,37,Systems,Request,2 - Normal,0 - Unassigned,20,3 - Highly satisfied
1431,578,1 - Junior,31,Access/Login,Request,2 - Normal,1 - Low,0,3 - Highly satisfied
1432,435,4 - Management,4,Software,Request,2 - Normal,0 - Unassigned,12,0 - Unknown
1433,185,2 - Regular,31,Systems,Request,2 - Normal,2 - Medium,8,2 - Satisfied
1434,1008,1 - Junior,1,Software,Request,2 - Normal,0 - Unassigned,7,1 - Unsatisfied
1435,1471,3 - Senior,24,Systems,Request,2 - Normal,3 - High,8,0 - Unknown
1436,1977,1 - Junior,14,Systems,Request,2 - Normal,0 - Unassigned,25,0 - Unknown
1437,1326,1 - Junior,35,Systems,Issue,3 - Major,1 - Low,7,0 - Unknown
1438,248,2 - Regular,41,Software,Issue,2 - Normal,2 - Medium,4,2 - Satisfied
1439,1475,2 - Regular,13,Software,Request,2 - Normal,2 - Medium,10,1 - Unsatisfied
1440,272,2 - Regular,14,Systems,Request,2 - Normal,3 - High,5,1 - Unsatisfied
1441,1807,2 - Regular,16,Hardware,Issue,2 - Normal,2 - Medium,5,1 - Unsatisfied
1442,685,1 - Junior,36,Access/Login,Request,2 - Normal,0 - Unassigned,0,3 - Highly satisfied
1443,884,3 - Senior,4,Hardware,Request,2 - Normal,3 - High,12,0 - Unknown
1444,4,4 - Management,49,Systems,Request,2 - Normal,3 - High,13,3 - Highly satisfied
1445,1184,1 - Junior,13,Access/Login,Request,4 - Critical,0 - Unassigned,2,1 - Unsatisfied
1446,1453,3 - Senior,15,Systems,Request,2 - Normal,2 - Medium,5,0 - Unknown
1447,553,3 - Senior,46,Access/Login,Request,2 - Normal,0 - Unassigned,1,1 - Unsatisfied
1448,1599,2 - Regular,16,Systems,Issue,2 - Normal,1 - Low,7,1 - Unsatisfied
1449,502,2 - Regular,6,Access/Login,Issue,2 - Normal,1 - Low,2,0 - Unknown
1450,185,2 - Regular,50,Systems,Request,2 - Normal,2 - Medium,17,1 - Unsatisfied
1451,845,2 - Regular,37,Systems,Issue,2 - Normal,1 - Low,5,3 - Highly satisfied
1452,446,1 - Junior,19,Systems,Request,2 - Normal,2 - Medium,13,2 - Satisfied
1453,808,2 - Regular,30,Systems,Request,2 - Normal,2 - Medium,18,0 - Unknown
1454,596,4 - Management,9,Software,Issue,2 - Normal,0 - Unassigned,3,1 - Unsatisfied
1455,246,4 - Management,42,Systems,Request,2 - Normal,3 - High,6,0 - Unknown
1456,506,2 - Regular,36,Systems,Request,2 - Normal,3 - High,5,0 - Unknown
1457,549,4 - Management,21,Systems,Request,2 - Normal,2 - Medium,5,3 - Highly satisfied
1458,329,4 - Management,22,Systems,Request,2 - Normal,3 - High,13,3 - Highly satisfied
1459,320,2 - Regular,42,Software,Request,2 - Normal,1 - Low,10,0 - Unknown
1460,599,2 - Regular,49,Hardware,Request,2 - Normal,1 - Low,29,0 - Unknown
1461,461,4 - Management,3,Software,Issue,3 - Major,3 - High,2,0 - Unknown
1462,1208,4 - Management,30,Systems,Issue,2 - Normal,3 - High,1,1 - Unsatisfied
1463,1067,3 - Senior,33,Access/Login,Request,2 - Normal,0 - Unassigned,1,3 - Highly satisfied
1464,173,4 - Management,35,Systems,Issue,2 - Normal,3 - High,2,2 - Satisfied
1465,1073,4 - Management,42,Access/Login,Request,2 - Normal,3 - High,0,3 - Highly satisfied
1466,1334,3 - Senior,42,Access/Login,Request,2 - Normal,3 - High,1,0 - Unknown
1467,464,2 - Regular,10,Hardware,Request,2 - Normal,3 - High,12,3 - Highly satisfied
1468,756,2 - Regular,47,Systems,Request,2 - Normal,2 - Medium,8,2 - Satisfied
1469,412,4 - Management,9,Software,Request,2 - Normal,3 - High,3,1 - Unsatisfied
1470,1951,2 - Regular,1,Systems,Request,2 - Normal,2 - Medium,15,0 - Unknown
1471,1629,3 - Senior,35,Systems,Request,2 - Normal,3 - High,8,3 - Highly satisfied
1472,300,3 - Senior,41,Software,Request,2 - Normal,2 - Medium,3,0 - Unknown
1473,1757,1 - Junior,41,Software,Request,2 - Normal,1 - Low,5,0 - Unknown
1474,1398,4 - Management,21,Hardware,Request,2 - Normal,0 - Unassigned,10,3 - Highly satisfied
1475,281,2 - Regular,8,Systems,Request,2 - Normal,2 - Medium,5,1 - Unsatisfied
1476,1349,3 - Senior,48,Software,Request,2 - Normal,0 - Unassigned,4,1 - Unsatisfied
1477,801,4 - Management,15,Hardware,Request,2 - Normal,3 - High,10,3 - Highly satisfied
1478,1983,1 - Junior,9,Systems,Request,2 - Normal,3 - High,6,0 - Unknown
1479,1264,1 - Junior,1,Systems,Request,2 - Normal,1 - Low,25,1 - Unsatisfied
1480,1304,2 - Regular,20,Systems,Request,2 - Normal,0 - Unassigned,8,0 - Unknown
1481,540,2 - Regular,48,Access/Login,Request,2 - Normal,3 - High,0,2 - Satisfied
1482,1871,4 - Management,42,Hardware,Request,2 - Normal,3 - High,12,3 - Highly satisfied
1483,473,4 - Management,30,Access/Login,Request,2 - Normal,3 - High,0,0 - Unknown
1484,859,3 - Senior,21,Systems,Issue,2 - Normal,0 - Unassigned,1,3 - Highly satisfied
1485,1328,4 - Management,42,Software,Issue,2 - Normal,3 - High,1,2 - Satisfied
1486,360,1 - Junior,8,Access/Login,Request,2 - Normal,2 - Medium,0,0 - Unknown
1487,1208,4 - Management,20,Systems,Request,2 - Normal,3 - High,5,0 - Unknown
1488,1771,3 - Senior,32,Software,Request,2 - Normal,2 - Medium,7,1 - Unsatisfied
1489,1720,3 - Senior,50,Access/Login,Issue,2 - Normal,3 - High,1,1 - Unsatisfied
1490,1850,2 - Regular,6,Hardware,Request,2 - Normal,2 - Medium,27,0 - Unknown
1491,858,4 - Management,4,Hardware,Request,2 - Normal,3 - High,13,0 - Unknown
1492,1660,3 - Senior,35,Hardware,Request,2 - Normal,3 - High,12,1 - Unsatisfied
1493,356,2 - Regular,33,Systems,Request,2 - Normal,2 - Medium,9,3 - Highly satisfied
1494,754,2 - Regular,39,Access/Login,Request,2 - Normal,3 - High,0,0 - Unknown
1495,941,2 - Regular,1,Software,Request,2 - Normal,0 - Unassigned,11,3 - Highly satisfied
1496,429,4 - Management,32,Software,Request,2 - Normal,2 - Medium,7,1 - Unsatisfied
1497,265,2 - Regular,32,Hardware,Request,2 - Normal,0 - Unassigned,12,0 - Unknown
1498,1297,4 - Management,19,Software,Request,2 - Normal,3 - High,5,3 - Highly satisfied
1499,1218,4 - Management,10,Software,Issue,2 - Normal,0 - Unassigned,1,3 - Highly satisfied
1500,1094,1 - Junior,12,Systems,Request,2 - Normal,1 - Low,9,3 - Highly satisfied
1501,536,2 - Regular,48,Software,Request,2 - Normal,3 - High,3,0 - Unknown
1502,18,1 - Junior,13,Systems,Request,2 - Normal,2 - Medium,14,1 - Unsatisfied
1503,1020,1 - Junior,9,Software,Request,2 - Normal,1 - Low,6,1 - Unsatisfied
1504,673,4 - Management,1,Systems,Request,2 - Normal,3 - High,15,3 - Highly satisfied
1505,1339,1 - Junior,39,Systems,Request,2 - Normal,0 - Unassigned,22,0 - Unknown
1506,420,3 - Senior,38,Software,Request,2 - Normal,0 - Unassigned,11,3 - Highly satisfied
1507,1887,4 - Management,6,Systems,Request,2 - Normal,3 - High,17,1 - Unsatisfied
1508,1836,4 - Management,33,Access/Login,Request,2 - Normal,3 - High,0,3 - Highly satisfied
1509,1645,2 - Regular,1,Access/Login,Request,2 - Normal,0 - Unassigned,1,2 - Satisfied
1510,694,2 - Regular,47,Systems,Request,3 - Major,1 - Low,9,3 - Highly satisfied
1511,244,1 - Junior,20,Systems,Request,2 - Normal,3 - High,5,2 - Satisfied
1512,773,2 - Regular,23,Software,Request,2 - Normal,0 - Unassigned,8,3 - Highly satisfied
1513,371,2 - Regular,39,Hardware,Request,2 - Normal,3 - High,35,1 - Unsatisfied
1514,112,3 - Senior,44,Systems,Request,2 - Normal,3 - High,5,1 - Unsatisfied
1515,1445,2 - Regular,43,Access/Login,Request,2 - Normal,3 - High,0,3 - Highly satisfied
1516,814,3 - Senior,39,Access/Login,Request,2 - Normal,3 - High,2,0 - Unknown
1517,717,2 - Regular,49,Software,Request,2 - Normal,0 - Unassigned,9,3 - Highly satisfied
1518,880,2 - Regular,25,Access/Login,Request,2 - Normal,2 - Medium,2,1 - Unsatisfied
1519,779,1 - Junior,46,Software,Request,2 - Normal,0 - Unassigned,18,0 - Unknown
1520,581,4 - Management,24,Systems,Request,2 - Normal,0 - Unassigned,5,3 - Highly satisfied
1521,1102,1 - Junior,31,Systems,Request,2 - Normal,2 - Medium,8,0 - Unknown
1522,695,3 - Senior,16,Software,Request,2 - Normal,3 - High,3,3 - Highly satisfied
1523,1974,2 - Regular,21,Systems,Request,2 - Normal,1 - Low,7,0 - Unknown
1524,1758,2 - Regular,8,Systems,Request,2 - Normal,3 - High,5,2 - Satisfied
1525,219,4 - Management,29,Access/Login,Request,2 - Normal,0 - Unassigned,0,2 - Satisfied
1526,580,3 - Senior,45,Systems,Request,2 - Normal,3 - High,6,3 - Highly satisfied
1527,522,2 - Regular,48,Systems,Request,2 - Normal,0 - Unassigned,5,3 - Highly satisfied
1528,221,3 - Senior,24,Access/Login,Request,2 - Normal,3 - High,0,3 - Highly satisfied
1529,1003,4 - Management,6,Software,Issue,2 - Normal,3 - High,8,1 - Unsatisfied
1530,193,2 - Regular,23,Systems,Issue,2 - Normal,2 - Medium,1,0 - Unknown
1531,1928,3 - Senior,12,Access/Login,Request,2 - Normal,3 - High,0,0 - Unknown
1532,884,3 - Senior,37,Software,Issue,2 - Normal,0 - Unassigned,0,1 - Unsatisfied
1533,70,1 - Junior,31,Access/Login,Request,2 - Normal,1 - Low,0,3 - Highly satisfied
1534,124,3 - Senior,24,Access/Login,Issue,2 - Normal,0 - Unassigned,0,3 - Highly satisfied
1535,900,4 - Management,41,Hardware,Issue,2 - Normal,3 - High,5,1 - Unsatisfied
1536,1779,2 - Regular,7,Access/Login,Request,2 - Normal,3 - High,0,0 - Unknown
1537,1257,4 - Management,50,Software,Issue,2 - Normal,0 - Unassigned,8,1 - Unsatisfied
1538,1497,1 - Junior,17,Systems,Request,2 - Normal,3 - High,9,3 - Highly satisfied
1539,1149,2 - Regular,29,Hardware,Request,3 - Major,0 - Unassigned,20,2 - Satisfied
1540,122,3 - Senior,6,Systems,Request,2 - Normal,3 - High,19,1 - Unsatisfied
1541,1945,2 - Regular,32,Systems,Request,2 - Normal,2 - Medium,12,3 - Highly satisfied
1542,887,2 - Regular,6,Systems,Issue,2 - Normal,0 - Unassigned,2,1 - Unsatisfied
1543,934,1 - Junior,8,Hardware,Request,2 - Normal,0 - Unassigned,11,3 - Highly satisfied
1544,1084,3 - Senior,44,Software,Issue,1 - Minor,2 - Medium,2,3 - Highly satisfied
1545,265,2 - Regular,27,Hardware,Request,2 - Normal,0 - Unassigned,11,0 - Unknown
1546,85,2 - Regular,11,Systems,Request,2 - Normal,0 - Unassigned,5,1 - Unsatisfied
1547,1078,1 - Junior,43,Access/Login,Request,2 - Normal,2 - Medium,0,0 - Unknown
1548,83,1 - Junior,31,Hardware,Request,2 - Normal,2 - Medium,13,0 - Unknown
1549,254,1 - Junior,23,Software,Request,2 - Normal,2 - Medium,14,1 - Unsatisfied
1550,487,1 - Junior,30,Systems,Issue,2 - Normal,0 - Unassigned,5,2 - Satisfied
1551,56,1 - Junior,5,Software,Request,4 - Critical,1 - Low,12,0 - Unknown
1552,87,4 - Management,18,Access/Login,Request,3 - Major,0 - Unassigned,0,0 - Unknown
1553,1282,1 - Junior,43,Hardware,Request,2 - Normal,2 - Medium,10,3 - Highly satisfied
1554,1742,3 - Senior,32,Systems,Issue,2 - Normal,0 - Unassigned,3,0 - Unknown
1555,804,2 - Regular,47,Systems,Request,2 - Normal,1 - Low,7,0 - Unknown
1556,1586,2 - Regular,39,Hardware,Request,2 - Normal,1 - Low,29,3 - Highly satisfied
1557,234,4 - Management,19,Software,Request,3 - Major,3 - High,24,0 - Unknown
1558,924,2 - Regular,41,Systems,Request,2 - Normal,1 - Low,13,3 - Highly satisfied
1559,1992,2 - Regular,33,Software,Request,2 - Normal,0 - Unassigned,11,3 - Highly satisfied
1560,1272,3 - Senior,13,Systems,Issue,2 - Normal,0 - Unassigned,14,2 - Satisfied
1561,237,1 - Junior,39,Software,Request,2 - Normal,0 - Unassigned,7,1 - Unsatisfied
1562,1721,1 - Junior,19,Access/Login,Request,2 - Normal,2 - Medium,0,1 - Unsatisfied
1563,234,4 - Management,45,Systems,Request,2 - Normal,0 - Unassigned,7,0 - Unknown
1564,798,4 - Management,48,Systems,Request,2 - Normal,3 - High,7,0 - Unknown
1565,15,4 - Management,5,Access/Login,Issue,2 - Normal,0 - Unassigned,0,0 - Unknown
1566,1038,2 - Regular,33,Access/Login,Request,3 - Major,0 - Unassigned,0,2 - Satisfied
1567,1565,2 - Regular,30,Systems,Request,2 - Normal,1 - Low,18,2 - Satisfied
1568,97,2 - Regular,30,Systems,Request,2 - Normal,0 - Unassigned,10,3 - Highly satisfied
1569,1553,1 - Junior,19,Access/Login,Request,2 - Normal,0 - Unassigned,0,2 - Satisfied
1570,801,4 - Management,30,Software,Request,2 - Normal,0 - Unassigned,2,0 - Unknown
1571,1563,2 - Regular,9,Systems,Request,2 - Normal,0 - Unassigned,20,2 - Satisfied
1572,1234,3 - Senior,22,Systems,Request,2 - Normal,3 - High,19,2 - Satisfied
1573,766,3 - Senior,38,Access/Login,Request,2 - Normal,3 - High,0,3 - Highly satisfied
1574,1551,3 - Senior,33,Access/Login,Request,2 - Normal,2 - Medium,0,3 - Highly satisfied
1575,40,4 - Management,6,Hardware,Request,2 - Normal,3 - High,26,1 - Unsatisfied
1576,985,2 - Regular,7,Software,Issue,2 - Normal,2 - Medium,8,1 - Unsatisfied
1577,942,2 - Regular,4,Access/Login,Request,2 - Normal,1 - Low,0,2 - Satisfied
1578,1855,4 - Management,48,Software,Issue,2 - Normal,0 - Unassigned,1,0 - Unknown
1579,1297,4 - Management,45,Systems,Request,2 - Normal,0 - Unassigned,6,3 - Highly satisfied
1580,328,2 - Regular,20,Software,Request,2 - Normal,3 - High,4,3 - Highly satisfied
1581,901,4 - Management,45,Systems,Request,2 - Normal,3 - High,6,2 - Satisfied
1582,1302,1 - Junior,50,Systems,Request,2 - Normal,1 - Low,22,1 - Unsatisfied
1583,1081,2 - Regular,13,Access/Login,Request,2 - Normal,0 - Unassigned,1,0 - Unknown
1584,1214,4 - Management,37,Hardware,Request,3 - Major,3 - High,30,3 - Highly satisfied
1585,1876,4 - Management,36,Access/Login,Request,2 - Normal,1 - Low,0,3 - Highly satisfied
1586,465,4 - Management,4,Software,Request,2 - Normal,3 - High,8,2 - Satisfied
1587,1453,3 - Senior,28,Systems,Request,2 - Normal,0 - Unassigned,13,0 - Unknown
1588,631,1 - Junior,38,Systems,Request,2 - Normal,2 - Medium,8,0 - Unknown
1589,730,2 - Regular,2,Systems,Request,2 - Normal,3 - High,5,0 - Unknown
1590,1265,4 - Management,44,Systems,Issue,2 - Normal,3 - High,2,2 - Satisfied
1591,1753,1 - Junior,36,Access/Login,Request,2 - Normal,0 - Unassigned,0,1 - Unsatisfied
1592,243,2 - Regular,29,Software,Request,2 - Normal,0 - Unassigned,2,0 - Unknown
1593,1083,1 - Junior,17,Systems,Request,2 - Normal,1 - Low,5,3 - Highly satisfied
1594,475,2 - Regular,30,Systems,Request,2 - Normal,0 - Unassigned,5,0 - Unknown
1595,1974,2 - Regular,14,Systems,Request,2 - Normal,3 - High,5,1 - Unsatisfied
1596,217,2 - Regular,32,Access/Login,Issue,2 - Normal,3 - High,0,0 - Unknown
1597,1944,2 - Regular,42,Software,Request,2 - Normal,2 - Medium,8,0 - Unknown
1598,679,2 - Regular,45,Systems,Request,4 - Critical,3 - High,7,3 - Highly satisfied
1599,1542,4 - Management,8,Access/Login,Request,2 - Normal,0 - Unassigned,0,3 - Highly satisfied
1600,348,1 - Junior,30,Software,Request,2 - Normal,1 - Low,7,0 - Unknown
1601,895,3 - Senior,33,Systems,Issue,2 - Normal,1 - Low,6,1 - Unsatisfied
1602,1058,4 - Management,38,Systems,Issue,2 - Normal,0 - Unassigned,2,3 - Highly satisfied
1603,1535,2 - Regular,40,Systems,Issue,2 - Normal,3 - High,4,0 - Unknown
1604,1067,3 - Senior,45,Hardware,Request,2 - Normal,3 - High,11,0 - Unknown
1605,454,4 - Management,49,Systems,Request,2 - Normal,3 - High,14,1 - Unsatisfied
1606,1094,1 - Junior,39,Access/Login,Request,1 - Minor,1 - Low,0,1 - Unsatisfied
1607,1228,4 - Management,33,Hardware,Issue,2 - Normal,0 - Unassigned,5,2 - Satisfied
1608,1291,1 - Junior,35,Systems,Request,2 - Normal,0 - Unassigned,5,3 - Highly satisfied
1609,1718,4 - Management,32,Access/Login,Request,2 - Normal,3 - High,0,0 - Unknown
1610,1938,2 - Regular,10,Hardware,Issue,2 - Normal,1 - Low,5,3 - Highly satisfied
1611,188,2 - Regular,31,Systems,Issue,1 - Minor,1 - Low,2,0 - Unknown
1612,1021,2 - Regular,32,Access/Login,Request,2 - Normal,2 - Medium,0,3 - Highly satisfied
1613,995,4 - Management,32,Software,Request,2 - Normal,3 - High,6,3 - Highly satisfied
1614,1626,2 - Regular,38,Access/Login,Request,2 - Normal,1 - Low,0,0 - Unknown
1615,1152,4 - Management,20,Access/Login,Request,4 - Critical,0 - Unassigned,1,0 - Unknown
1616,1280,4 - Management,28,Software,Request,2 - Normal,3 - High,11,1 - Unsatisfied
1617,1401,2 - Regular,32,Hardware,Request,2 - Normal,3 - High,11,3 - Highly satisfied
1618,477,3 - Senior,44,Systems,Request,2 - Normal,0 - Unassigned,11,0 - Unknown
1619,544,2 - Regular,31,Access/Login,Issue,2 - Normal,0 - Unassigned,0,3 - Highly satisfied
1620,1093,2 - Regular,42,Hardware,Request,2 - Normal,1 - Low,12,0 - Unknown
1621,914,1 - Junior,17,Access/Login,Request,2 - Normal,1 - Low,0,3 - Highly satisfied
1622,1867,3 - Senior,44,Hardware,Request,1 - Minor,2 - Medium,11,3 - Highly satisfied
1623,1152,4 - Management,10,Systems,Request,2 - Normal,3 - High,5,2 - Satisfied
1624,1988,1 - Junior,21,Software,Issue,2 - Normal,1 - Low,5,3 - Highly satisfied
1625,124,3 - Senior,18,Systems,Request,2 - Normal,3 - High,5,0 - Unknown
1626,1342,3 - Senior,16,Access/Login,Issue,2 - Normal,3 - High,0,1 - Unsatisfied
1627,1441,3 - Senior,4,Systems,Request,2 - Normal,0 - Unassigned,19,1 - Unsatisfied
1628,1781,4 - Management,37,Software,Request,2 - Normal,3 - High,7,3 - Highly satisfied
1629,1883,2 - Regular,27,Software,Request,2 - Normal,2 - Medium,6,0 - Unknown
1630,1058,4 - Management,43,Systems,Request,2 - Normal,2 - Medium,10,3 - Highly satisfied
1631,1622,2 - Regular,6,Hardware,Request,2 - Normal,2 - Medium,30,1 - Unsatisfied
1632,1090,4 - Management,4,Software,Request,2 - Normal,0 - Unassigned,6,0 - Unknown
1633,363,3 - Senior,41,Hardware,Request,2 - Normal,0 - Unassigned,12,2 - Satisfied
1634,1952,1 - Junior,20,Systems,Request,2 - Normal,0 - Unassigned,6,3 - Highly satisfied
1635,425,2 - Regular,45,Software,Request,2 - Normal,0 - Unassigned,5,2 - Satisfied
1636,621,3 - Senior,45,Access/Login,Request,2 - Normal,2 - Medium,0,3 - Highly satisfied
1637,1008,1 - Junior,35,Access/Login,Request,2 - Normal,0 - Unassigned,0,1 - Unsatisfied
1638,116,2 - Regular,43,Access/Login,Request,2 - Normal,0 - Unassigned,0,2 - Satisfied
1639,1925,2 - Regular,35,Software,Request,2 - Normal,3 - High,7,2 - Satisfied
1640,466,3 - Senior,25,Systems,Request,2 - Normal,2 - Medium,17,0 - Unknown
1641,985,2 - Regular,2,Access/Login,Request,2 - Normal,3 - High,0,2 - Satisfied
1642,460,2 - Regular,26,Systems,Request,3 - Major,1 - Low,17,3 - Highly satisfied
1643,878,2 - Regular,49,Software,Issue,1 - Minor,2 - Medium,9,0 - Unknown
1644,810,3 - Senior,25,Software,Request,2 - Normal,3 - High,6,2 - Satisfied
1645,795,2 - Regular,2,Access/Login,Request,2 - Normal,3 - High,0,0 - Unknown
1646,1130,2 - Regular,6,Access/Login,Request,2 - Normal,1 - Low,0,1 - Unsatisfied
1647,14,4 - Management,47,Systems,Request,2 - Normal,0 - Unassigned,5,2 - Satisfied
1648,1127,2 - Regular,46,Systems,Request,2 - Normal,3 - High,13,1 - Unsatisfied
1649,1997,2 - Regular,28,Software,Request,2 - Normal,2 - Medium,13,0 - Unknown
1650,704,2 - Regular,5,Systems,Request,2 - Normal,1 - Low,8,3 - Highly satisfied
1651,653,1 - Junior,1,Access/Login,Request,2 - Normal,1 - Low,2,1 - Unsatisfied
1652,1409,3 - Senior,1,Access/Login,Request,1 - Minor,3 - High,0,1 - Unsatisfied
1653,236,2 - Regular,48,Systems,Request,2 - Normal,0 - Unassigned,7,0 - Unknown
1654,1415,2 - Regular,48,Access/Login,Request,2 - Normal,1 - Low,1,3 - Highly satisfied
1655,368,1 - Junior,5,Access/Login,Issue,2 - Normal,1 - Low,1,2 - Satisfied
1656,903,3 - Senior,5,Access/Login,Request,2 - Normal,3 - High,0,0 - Unknown
1657,130,2 - Regular,29,Access/Login,Issue,2 - Normal,0 - Unassigned,0,0 - Unknown
1658,1027,1 - Junior,10,Systems,Request,2 - Normal,0 - Unassigned,7,0 - Unknown
1659,1773,2 - Regular,38,Hardware,Request,2 - Normal,0 - Unassigned,10,2 - Satisfied
1660,1698,4 - Management,18,Software,Request,2 - Normal,0 - Unassigned,3,2 - Satisfied
1661,1839,3 - Senior,2,Access/Login,Request,2 - Normal,2 - Medium,0,1 - Unsatisfied
1662,573,2 - Regular,7,Access/Login,Request,3 - Major,3 - High,1,1 - Unsatisfied
1663,1761,2 - Regular,14,Hardware,Request,2 - Normal,3 - High,30,1 - Unsatisfied
1664,1907,4 - Management,45,Access/Login,Request,2 - Normal,0 - Unassigned,0,3 - Highly satisfied
1665,729,2 - Regular,42,Systems,Request,3 - Major,3 - High,7,1 - Unsatisfied
1666,1953,2 - Regular,5,Systems,Issue,2 - Normal,2 - Medium,1,3 - Highly satisfied
1667,821,1 - Junior,8,Systems,Issue,2 - Normal,2 - Medium,3,3 - Highly satisfied
1668,858,4 - Management,31,Access/Login,Request,2 - Normal,3 - High,1,3 - Highly satisfied
1669,627,1 - Junior,6,Access/Login,Request,2 - Normal,1 - Low,0,1 - Unsatisfied
1670,1222,2 - Regular,41,Systems,Request,3 - Major,3 - High,5,0 - Unknown
1671,953,2 - Regular,7,Systems,Request,2 - Normal,0 - Unassigned,19,1 - Unsatisfied
1672,1739,2 - Regular,6,Systems,Request,2 - Normal,3 - High,17,1 - Unsatisfied
1673,1930,2 - Regular,25,Software,Request,2 - Normal,0 - Unassigned,8,0 - Unknown
1674,1322,2 - Regular,50,Access/Login,Issue,2 - Normal,1 - Low,1,1 - Unsatisfied
1675,786,3 - Senior,18,Systems,Issue,2 - Normal,0 - Unassigned,3,3 - Highly satisfied
1676,1228,4 - Management,7,Access/Login,Request,1 - Minor,3 - High,0,1 - Unsatisfied
1677,667,2 - Regular,5,Access/Login,Issue,2 - Normal,0 - Unassigned,0,2 - Satisfied
1678,1514,3 - Senior,47,Systems,Request,2 - Normal,2 - Medium,5,3 - Highly satisfied
1679,723,2 - Regular,48,Access/Login,Issue,2 - Normal,3 - High,0,2 - Satisfied
1680,1037,1 - Junior,29,Systems,Request,2 - Normal,1 - Low,8,3 - Highly satisfied
1681,606,2 - Regular,25,Access/Login,Issue,2 - Normal,0 - Unassigned,1,2 - Satisfied
1682,797,2 - Regular,41,Software,Request,2 - Normal,1 - Low,15,0 - Unknown
1683,1583,1 - Junior,24,Access/Login,Request,2 - Normal,2 - Medium,0,0 - Unknown
1684,1959,2 - Regular,41,Software,Request,3 - Major,3 - High,10,0 - Unknown
1685,1087,3 - Senior,11,Access/Login,Issue,2 - Normal,3 - High,0,0 - Unknown
1686,625,1 - Junior,29,Systems,Request,2 - Normal,0 - Unassigned,6,0 - Unknown
1687,669,3 - Senior,18,Access/Login,Issue,2 - Normal,3 - High,1,0 - Unknown
1688,288,4 - Management,25,Access/Login,Issue,2 - Normal,3 - High,1,0 - Unknown
1689,1110,2 - Regular,28,Access/Login,Request,2 - Normal,3 - High,0,0 - Unknown
1690,268,1 - Junior,20,Hardware,Request,2 - Normal,3 - High,19,2 - Satisfied
1691,383,2 - Regular,5,Systems,Issue,2 - Normal,2 - Medium,3,2 - Satisfied
1692,1221,3 - Senior,48,Software,Issue,2 - Normal,2 - Medium,10,3 - Highly satisfied
1693,1989,4 - Management,28,Systems,Request,2 - Normal,0 - Unassigned,27,0 - Unknown
1694,747,4 - Management,15,Access/Login,Request,2 - Normal,0 - Unassigned,0,2 - Satisfied
1695,1318,4 - Management,38,Systems,Issue,2 - Normal,0 - Unassigned,6,1 - Unsatisfied
1696,849,2 - Regular,1,Systems,Request,2 - Normal,2 - Medium,17,0 - Unknown
1697,211,1 - Junior,40,Systems,Request,2 - Normal,0 - Unassigned,5,1 - Unsatisfied
1698,1807,2 - Regular,44,Software,Request,2 - Normal,2 - Medium,11,3 - Highly satisfied
1699,771,1 - Junior,8,Systems,Issue,2 - Normal,1 - Low,1,2 - Satisfied
1700,836,1 - Junior,29,Systems,Issue,3 - Major,0 - Unassigned,9,1 - Unsatisfied
1701,1111,4 - Management,32,Systems,Request,2 - Normal,3 - High,7,1 - Unsatisfied
1702,1797,2 - Regular,34,Access/Login,Request,2 - Normal,0 - Unassigned,0,3 - Highly satisfied
1703,922,2 - Regular,47,Software,Request,2 - Normal,1 - Low,5,3 - Highly satisfied
1704,325,4 - Management,30,Systems,Issue,4 - Critical,0 - Unassigned,4,1 - Unsatisfied
1705,1229,1 - Junior,36,Access/Login,Request,2 - Normal,1 - Low,0,1 - Unsatisfied
1706,1157,4 - Management,21,Hardware,Request,2 - Normal,3 - High,11,0 - Unknown
1707,139,2 - Regular,2,Access/Login,Request,2 - Normal,0 - Unassigned,0,0 - Unknown
1708,1684,2 - Regular,4,Software,Request,2 - Normal,2 - Medium,6,0 - Unknown
1709,266,2 - Regular,50,Systems,Request,2 - Normal,0 - Unassigned,16,1 - Unsatisfied
1710,1578,2 - Regular,30,Software,Request,2 - Normal,2 - Medium,5,2 - Satisfied
1711,1586,2 - Regular,43,Systems,Request,2 - Normal,0 - Unassigned,8,2 - Satisfied
1712,1714,3 - Senior,35,Access/Login,Request,2 - Normal,3 - High,0,3 - Highly satisfied
1713,1635,4 - Management,13,Systems,Request,2 - Normal,3 - High,18,1 - Unsatisfied
1714,10,2 - Regular,24,Systems,Request,2 - Normal,1 - Low,8,0 - Unknown
1715,1959,2 - Regular,5,Access/Login,Request,2 - Normal,3 - High,0,3 - Highly satisfied
1716,1171,3 - Senior,10,Systems,Issue,2 - Normal,3 - High,2,3 - Highly satisfied
1717,845,2 - Regular,28,Software,Request,2 - Normal,0 - Unassigned,7,0 - Unknown
1718,495,4 - Management,8,Access/Login,Issue,2 - Normal,3 - High,0,0 - Unknown
1719,526,4 - Management,39,Systems,Issue,2 - Normal,3 - High,17,1 - Unsatisfied
1720,285,2 - Regular,37,Systems,Issue,2 - Normal,1 - Low,8,0 - Unknown
1721,378,3 - Senior,13,Software,Request,2 - Normal,0 - Unassigned,10,1 - Unsatisfied
1722,222,1 - Junior,20,Software,Issue,2 - Normal,2 - Medium,2,3 - Highly satisfied
1723,683,4 - Management,10,Hardware,Request,2 - Normal,3 - High,12,0 - Unknown
1724,1470,2 - Regular,29,Access/Login,Request,2 - Normal,1 - Low,0,2 - Satisfied
1725,1768,2 - Regular,14,Systems,Request,2 - Normal,1 - Low,19,0 - Unknown
1726,1269,2 - Regular,5,Access/Login,Issue,2 - Normal,2 - Medium,0,1 - Unsatisfied
1727,1661,4 - Management,9,Access/Login,Request,2 - Normal,0 - Unassigned,0,1 - Unsatisfied
1728,1860,1 - Junior,8,Systems,Issue,2 - Normal,0 - Unassigned,5,3 - Highly satisfied
1729,1458,1 - Junior,36,Hardware,Request,2 - Normal,0 - Unassigned,34,0 - Unknown
1730,982,3 - Senior,26,Systems,Request,2 - Normal,3 - High,5,2 - Satisfied
1731,1953,2 - Regular,30,Systems,Request,2 - Normal,0 - Unassigned,13,0 - Unknown
1732,1063,1 - Junior,47,Systems,Request,4 - Critical,0 - Unassigned,5,0 - Unknown
1733,73,4 - Management,31,Systems,Request,2 - Normal,0 - Unassigned,5,3 - Highly satisfied
1734,598,1 - Junior,19,Hardware,Request,2 - Normal,2 - Medium,30,3 - Highly satisfied
1735,550,1 - Junior,32,Systems,Request,2 - Normal,1 - Low,20,2 - Satisfied
1736,1030,3 - Senior,43,Access/Login,Issue,2 - Normal,0 - Unassigned,0,1 - Unsatisfied
1737,863,1 - Junior,42,Access/Login,Request,2 - Normal,3 - High,0,1 - Unsatisfied
1738,574,2 - Regular,31,Access/Login,Request,2 - Normal,1 - Low,0,3 - Highly satisfied
1739,307,4 - Management,35,Systems,Request,2 - Normal,3 - High,7,0 - Unknown
1740,581,4 - Management,5,Access/Login,Request,2 - Normal,3 - High,0,3 - Highly satisfied
1741,52,2 - Regular,12,Systems,Request,2 - Normal,3 - High,5,3 - Highly satisfied
1742,299,2 - Regular,9,Systems,Request,2 - Normal,3 - High,6,0 - Unknown
1743,1051,4 - Management,23,Software,Request,2 - Normal,0 - Unassigned,3,0 - Unknown
1744,329,4 - Management,45,Access/Login,Request,2 - Normal,0 - Unassigned,0,0 - Unknown
1745,660,4 - Management,16,Systems,Request,2 - Normal,3 - High,5,2 - Satisfied
1746,1732,2 - Regular,34,Systems,Request,2 - Normal,2 - Medium,6,3 - Highly satisfied
1747,1042,1 - Junior,9,Access/Login,Request,2 - Normal,0 - Unassigned,1,0 - Unknown
1748,1951,2 - Regular,41,Hardware,Request,2 - Normal,2 - Medium,35,3 - Highly satisfied
1749,954,1 - Junior,44,Access/Login,Request,2 - Normal,2 - Medium,1,0 - Unknown
1750,1690,4 - Management,27,Access/Login,Request,2 - Normal,3 - High,0,3 - Highly satisfied
1751,1559,3 - Senior,27,Access/Login,Issue,2 - Normal,3 - High,0,3 - Highly satisfied
1752,722,1 - Junior,3,Access/Login,Request,2 - Normal,1 - Low,0,0 - Unknown
1753,1999,2 - Regular,33,Systems,Request,2 - Normal,2 - Medium,16,1 - Unsatisfied
1754,918,1 - Junior,3,Systems,Request,2 - Normal,3 - High,19,1 - Unsatisfied
1755,410,2 - Regular,26,Access/Login,Request,2 - Normal,3 - High,0,3 - Highly satisfied
1756,75,2 - Regular,20,Hardware,Request,2 - Normal,0 - Unassigned,14,1 - Unsatisfied
1757,1283,2 - Regular,29,Software,Request,2 - Normal,1 - Low,4,2 - Satisfied
1758,1518,2 - Regular,3,Systems,Issue,2 - Normal,0 - Unassigned,3,2 - Satisfied
1759,99,2 - Regular,50,Software,Request,2 - Normal,0 - Unassigned,6,1 - Unsatisfied
1760,1104,1 - Junior,36,Access/Login,Request,2 - Normal,1 - Low,0,3 - Highly satisfied
1761,207,4 - Management,49,Software,Request,1 - Minor,3 - High,4,3 - Highly satisfied
1762,1421,4 - Management,45,Hardware,Request,2 - Normal,0 - Unassigned,11,3 - Highly satisfied
1763,916,4 - Management,49,Software,Request,2 - Normal,2 - Medium,6,3 - Highly satisfied
1764,1710,2 - Regular,14,Software,Issue,2 - Normal,3 - High,9,0 - Unknown
1765,546,3 - Senior,28,Access/Login,Request,2 - Normal,3 - High,0,2 - Satisfied
1766,1774,2 - Regular,12,Software,Request,2 - Normal,2 - Medium,3,3 - Highly satisfied
1767,716,2 - Regular,12,Hardware,Request,2 - Normal,2 - Medium,14,1 - Unsatisfied
1768,1445,2 - Regular,20,Access/Login,Request,2 - Normal,3 - High,0,2 - Satisfied
1769,1852,2 - Regular,13,Software,Request,2 - Normal,3 - High,8,1 - Unsatisfied
1770,1565,2 - Regular,48,Systems,Request,2 - Normal,0 - Unassigned,24,2 - Satisfied
1771,1222,2 - Regular,34,Access/Login,Issue,2 - Normal,3 - High,0,3 - Highly satisfied
1772,1846,2 - Regular,15,Systems,Request,2 - Normal,0 - Unassigned,8,3 - Highly satisfied
1773,1677,2 - Regular,29,Systems,Issue,2 - Normal,3 - High,1,3 - Highly satisfied
1774,1759,2 - Regular,40,Software,Request,2 - Normal,1 - Low,5,0 - Unknown
1775,433,1 - Junior,12,Systems,Request,2 - Normal,0 - Unassigned,18,3 - Highly satisfied
1776,1078,1 - Junior,2,Software,Issue,2 - Normal,3 - High,1,2 - Satisfied
1777,1827,1 - Junior,35,Software,Request,2 - Normal,1 - Low,5,2 - Satisfied
1778,1329,3 - Senior,14,Hardware,Issue,2 - Normal,0 - Unassigned,5,1 - Unsatisfied
1779,1667,2 - Regular,28,Access/Login,Request,2 - Normal,0 - Unassigned,0,1 - Unsatisfied
1780,1812,4 - Management,44,Software,Request,2 - Normal,2 - Medium,6,3 - Highly satisfied
1781,1316,2 - Regular,1,Access/Login,Request,2 - Normal,1 - Low,1,1 - Unsatisfied
1782,83,1 - Junior,45,Software,Issue,2 - Normal,1 - Low,1,3 - Highly satisfied
1783,1147,2 - Regular,34,Systems,Request,2 - Normal,3 - High,7,3 - Highly satisfied
1784,127,4 - Management,20,Software,Request,2 - Normal,3 - High,3,0 - Unknown
1785,1250,2 - Regular,30,Hardware,Request,2 - Normal,3 - High,16,2 - Satisfied
1786,349,2 - Regular,10,Systems,Issue,3 - Major,3 - High,3,3 - Highly satisfied
1787,24,4 - Management,31,Software,Issue,2 - Normal,3 - High,0,3 - Highly satisfied
1788,87,4 - Management,46,Access/Login,Request,2 - Normal,3 - High,0,1 - Unsatisfied
1789,850,2 - Regular,34,Systems,Issue,2 - Normal,3 - High,2,3 - Highly satisfied
1790,512,1 - Junior,49,Systems,Request,2 - Normal,0 - Unassigned,13,0 - Unknown
1791,118,2 - Regular,44,Systems,Request,2 - Normal,3 - High,10,2 - Satisfied
1792,374,1 - Junior,38,Software,Request,2 - Normal,1 - Low,11,0 - Unknown
1793,546,3 - Senior,39,Software,Request,2 - Normal,3 - High,7,0 - Unknown
1794,724,1 - Junior,13,Access/Login,Issue,2 - Normal,0 - Unassigned,0,1 - Unsatisfied
1795,463,2 - Regular,15,Hardware,Request,2 - Normal,2 - Medium,12,3 - Highly satisfied
1796,455,2 - Regular,14,Systems,Request,2 - Normal,2 - Medium,7,1 - Unsatisfied
1797,610,2 - Regular,23,Hardware,Request,2 - Normal,1 - Low,28,0 - Unknown
1798,24,4 - Management,8,Systems,Issue,2 - Normal,3 - High,3,3 - Highly satisfied
1799,166,2 - Regular,45,Access/Login,Issue,2 - Normal,2 - Medium,0,3 - Highly satisfied
1800,1065,2 - Regular,47,Access/Login,Request,2 - Normal,3 - High,0,2 - Satisfied
1801,1062,2 - Regular,33,Systems,Request,2 - Normal,0 - Unassigned,5,2 - Satisfied
1802,1747,2 - Regular,5,Systems,Issue,2 - Normal,2 - Medium,3,1 - Unsatisfied
1803,330,1 - Junior,18,Software,Issue,2 - Normal,0 - Unassigned,8,0 - Unknown
1804,1697,2 - Regular,36,Systems,Request,2 - Normal,0 - Unassigned,17,2 - Satisfied
1805,194,4 - Management,3,Systems,Issue,2 - Normal,0 - Unassigned,8,1 - Unsatisfied
1806,731,4 - Management,18,Access/Login,Request,2 - Normal,2 - Medium,0,2 - Satisfied
1807,418,4 - Management,4,Hardware,Request,2 - Normal,3 - High,25,3 - Highly satisfied
1808,914,1 - Junior,18,Software,Issue,2 - Normal,0 - Unassigned,8,0 - Unknown
1809,1485,3 - Senior,11,Hardware,Request,2 - Normal,0 - Unassigned,37,1 - Unsatisfied
1810,15,4 - Management,28,Systems,Request,2 - Normal,0 - Unassigned,15,1 - Unsatisfied
1811,316,4 - Management,29,Software,Issue,2 - Normal,3 - High,3,2 - Satisfied
1812,445,1 - Junior,15,Software,Request,2 - Normal,0 - Unassigned,4,2 - Satisfied
1813,887,2 - Regular,41,Systems,Request,2 - Normal,3 - High,9,0 - Unknown
1814,1733,3 - Senior,35,Software,Request,2 - Normal,3 - High,4,2 - Satisfied
1815,765,2 - Regular,40,Systems,Request,2 - Normal,3 - High,7,0 - Unknown
1816,609,3 - Senior,16,Systems,Request,2 - Normal,2 - Medium,7,2 - Satisfied
1817,824,4 - Management,4,Access/Login,Request,2 - Normal,3 - High,0,0 - Unknown
1818,1841,2 - Regular,3,Software,Issue,2 - Normal,3 - High,2,1 - Unsatisfied
1819,1136,2 - Regular,48,Software,Request,2 - Normal,3 - High,6,3 - Highly satisfied
1820,1430,4 - Management,41,Software,Request,2 - Normal,0 - Unassigned,4,0 - Unknown
1821,367,2 - Regular,31,Systems,Request,2 - Normal,2 - Medium,6,0 - Unknown
1822,1702,4 - Management,4,Access/Login,Request,2 - Normal,3 - High,0,2 - Satisfied
1823,223,2 - Regular,43,Systems,Request,2 - Normal,3 - High,9,2 - Satisfied
1824,339,2 - Regular,32,Systems,Issue,3 - Major,2 - Medium,5,1 - Unsatisfied
1825,1477,2 - Regular,38,Systems,Issue,2 - Normal,1 - Low,3,2 - Satisfied
1826,1054,2 - Regular,37,Software,Request,2 - Normal,2 - Medium,5,3 - Highly satisfied
1827,543,1 - Junior,10,Access/Login,Issue,2 - Normal,1 - Low,0,3 - Highly satisfied
1828,1553,1 - Junior,44,Access/Login,Request,2 - Normal,1 - Low,1,3 - Highly satisfied
1829,217,2 - Regular,45,Access/Login,Request,2 - Normal,0 - Unassigned,0,3 - Highly satisfied
1830,1378,2 - Regular,34,Software,Issue,2 - Normal,0 - Unassigned,0,0 - Unknown
1831,784,2 - Regular,21,Systems,Request,2 - Normal,2 - Medium,5,3 - Highly satisfied
1832,1371,1 - Junior,27,Systems,Request,2 - Normal,1 - Low,6,3 - Highly satisfied
1833,1775,2 - Regular,35,Systems,Request,2 - Normal,3 - High,8,2 - Satisfied
1834,690,4 - Management,6,Hardware,Request,2 - Normal,2 - Medium,28,1 - Unsatisfied
1835,1798,1 - Junior,45,Systems,Request,2 - Normal,0 - Unassigned,5,2 - Satisfied
1836,1849,3 - Senior,26,Systems,Issue,2 - Normal,3 - High,4,1 - Unsatisfied
1837,654,4 - Management,2,Systems,Issue,2 - Normal,3 - High,1,3 - Highly satisfied
1838,91,2 - Regular,13,Hardware,Request,2 - Normal,2 - Medium,32,1 - Unsatisfied
1839,294,2 - Regular,9,Software,Request,2 - Normal,0 - Unassigned,3,0 - Unknown
1840,1540,1 - Junior,7,Software,Issue,2 - Normal,0 - Unassigned,5,0 - Unknown
1841,1243,3 - Senior,38,Systems,Request,2 - Normal,0 - Unassigned,6,0 - Unknown
1842,574,2 - Regular,16,Hardware,Request,2 - Normal,1 - Low,26,3 - Highly satisfied
1843,855,4 - Management,45,Systems,Request,2 - Normal,0 - Unassigned,6,3 - Highly satisfied
1844,40,4 - Management,44,Hardware,Request,2 - Normal,3 - High,11,1 - Unsatisfied
1845,1046,2 - Regular,30,Systems,Request,2 - Normal,0 - Unassigned,10,2 - Satisfied
1846,1269,2 - Regular,39,Systems,Request,2 - Normal,2 - Medium,19,1 - Unsatisfied
1847,300,3 - Senior,41,Access/Login,Request,1 - Minor,3 - High,0,3 - Highly satisfied
1848,1565,2 - Regular,26,Access/Login,Request,2 - Normal,0 - Unassigned,0,1 - Unsatisfied
1849,755,3 - Senior,18,Access/Login,Request,2 - Normal,3 - High,0,3 - Highly satisfied
1850,1907,4 - Management,44,Software,Request,2 - Normal,3 - High,4,0 - Unknown
1851,140,1 - Junior,18,Systems,Issue,2 - Normal,1 - Low,4,0 - Unknown
1852,1691,1 - Junior,8,Access/Login,Request,2 - Normal,1 - Low,0,3 - Highly satisfied
1853,1613,3 - Senior,46,Systems,Request,2 - Normal,3 - High,16,0 - Unknown
1854,901,4 - Management,18,Software,Request,2 - Normal,3 - High,5,2 - Satisfied
1855,344,4 - Management,39,Systems,Request,2 - Normal,0 - Unassigned,20,0 - Unknown
1856,163,4 - Management,36,Software,Request,1 - Minor,0 - Unassigned,2,3 - Highly satisfied
1857,497,2 - Regular,44,Access/Login,Issue,2 - Normal,0 - Unassigned,1,0 - Unknown
1858,914,1 - Junior,26,Systems,Request,2 - Normal,2 - Medium,18,1 - Unsatisfied
1859,935,2 - Regular,23,Software,Request,2 - Normal,1 - Low,15,3 - Highly satisfied
1860,1319,4 - Management,21,Systems,Request,2 - Normal,3 - High,6,3 - Highly satisfied
1861,402,1 - Junior,38,Software,Request,2 - Normal,1 - Low,12,1 - Unsatisfied
1862,594,2 - Regular,19,Access/Login,Request,2 - Normal,0 - Unassigned,0,0 - Unknown
1863,1917,4 - Management,5,Software,Request,2 - Normal,2 - Medium,5,2 - Satisfied
1864,1429,4 - Management,37,Software,Request,2 - Normal,3 - High,3,0 - Unknown
1865,352,2 - Regular,5,Systems,Issue,1 - Minor,3 - High,2,1 - Unsatisfied
1866,867,3 - Senior,5,Software,Request,2 - Normal,3 - High,3,0 - Unknown
1867,357,2 - Regular,41,Systems,Request,2 - Normal,3 - High,5,0 - Unknown
1868,1514,3 - Senior,33,Systems,Issue,2 - Normal,3 - High,5,1 - Unsatisfied
1869,1018,2 - Regular,12,Systems,Request,2 - Normal,0 - Unassigned,11,3 - Highly satisfied
1870,68,4 - Management,36,Software,Issue,2 - Normal,0 - Unassigned,5,0 - Unknown
1871,593,4 - Management,33,Hardware,Request,2 - Normal,3 - High,19,0 - Unknown
1872,1371,1 - Junior,3,Systems,Request,2 - Normal,2 - Medium,17,3 - Highly satisfied
1873,985,2 - Regular,48,Access/Login,Request,2 - Normal,2 - Medium,0,0 - Unknown
1874,1824,2 - Regular,16,Systems,Request,2 - Normal,1 - Low,11,2 - Satisfied
1875,1941,2 - Regular,37,Systems,Issue,2 - Normal,2 - Medium,1,2 - Satisfied
1876,639,2 - Regular,42,Systems,Request,2 - Normal,1 - Low,8,0 - Unknown
1877,731,4 - Management,46,Systems,Request,2 - Normal,2 - Medium,14,2 - Satisfied
1878,50,2 - Regular,34,Hardware,Request,2 - Normal,0 - Unassigned,10,2 - Satisfied
1879,1693,4 - Management,29,Systems,Request,2 - Normal,3 - High,8,2 - Satisfied
1880,379,1 - Junior,8,Software,Request,1 - Minor,0 - Unassigned,7,3 - Highly satisfied
1881,391,3 - Senior,35,Software,Issue,2 - Normal,0 - Unassigned,4,2 - Satisfied
1882,200,3 - Senior,4,Software,Request,2 - Normal,0 - Unassigned,7,0 - Unknown
1883,1029,2 - Regular,47,Systems,Request,2 - Normal,0 - Unassigned,5,0 - Unknown
1884,137,2 - Regular,39,Systems,Request,2 - Normal,1 - Low,24,0 - Unknown
1885,413,4 - Management,37,Systems,Issue,2 - Normal,0 - Unassigned,5,0 - Unknown
1886,977,2 - Regular,3,Hardware,Request,2 - Normal,3 - High,27,3 - Highly satisfied
1887,1180,4 - Management,32,Software,Issue,2 - Normal,3 - High,1,2 - Satisfied
1888,173,4 - Management,25,Systems,Request,2 - Normal,3 - High,13,1 - Unsatisfied
1889,494,2 - Regular,3,Systems,Request,2 - Normal,3 - High,15,0 - Unknown
1890,1099,2 - Regular,11,Software,Request,2 - Normal,2 - Medium,11,0 - Unknown
1891,1856,2 - Regular,49,Systems,Issue,1 - Minor,2 - Medium,6,1 - Unsatisfied
1892,704,2 - Regular,46,Access/Login,Request,2 - Normal,0 - Unassigned,2,2 - Satisfied
1893,1464,3 - Senior,25,Systems,Request,2 - Normal,3 - High,28,3 - Highly satisfied
1894,430,2 - Regular,4,Systems,Request,2 - Normal,2 - Medium,19,1 - Unsatisfied
1895,1867,3 - Senior,7,Systems,Request,2 - Normal,2 - Medium,14,0 - Unknown
1896,555,2 - Regular,11,Software,Request,2 - Normal,1 - Low,8,0 - Unknown
1897,1698,4 - Management,39,Systems,Issue,2 - Normal,3 - High,9,3 - Highly satisfied
1898,280,2 - Regular,18,Software,Request,2 - Normal,3 - High,3,0 - Unknown
1899,1007,3 - Senior,22,Systems,Request,2 - Normal,0 - Unassigned,19,1 - Unsatisfied
1900,158,2 - Regular,41,Systems,Request,2 - Normal,2 - Medium,23,0 - Unknown
1901,1858,2 - Regular,27,Systems,Request,2 - Normal,0 - Unassigned,6,3 - Highly satisfied
1902,606,2 - Regular,34,Systems,Request,2 - Normal,3 - High,8,3 - Highly satisfied
1903,842,2 - Regular,22,Systems,Request,2 - Normal,3 - High,15,2 - Satisfied
1904,537,4 - Management,48,Software,Request,2 - Normal,3 - High,3,3 - Highly satisfied
1905,1680,2 - Regular,19,Software,Issue,3 - Major,0 - Unassigned,3,3 - Highly satisfied
1906,393,2 - Regular,18,Access/Login,Request,2 - Normal,0 - Unassigned,0,1 - Unsatisfied
1907,585,4 - Management,22,Systems,Request,2 - Normal,3 - High,19,2 - Satisfied
1908,888,4 - Management,46,Software,Request,2 - Normal,3 - High,19,1 - Unsatisfied
1909,1400,2 - Regular,15,Software,Request,2 - Normal,1 - Low,5,3 - Highly satisfied
1910,669,3 - Senior,4,Access/Login,Request,2 - Normal,0 - Unassigned,1,3 - Highly satisfied
1911,298,3 - Senior,45,Systems,Request,1 - Minor,1 - Low,6,3 - Highly satisfied
1912,669,3 - Senior,2,Systems,Issue,2 - Normal,3 - High,2,3 - Highly satisfied
1913,93,4 - Management,32,Hardware,Request,2 - Normal,3 - High,12,3 - Highly satisfied
1914,1845,3 - Senior,4,Software,Request,2 - Normal,3 - High,8,3 - Highly satisfied
1915,484,4 - Management,23,Systems,Issue,2 - Normal,0 - Unassigned,2,1 - Unsatisfied
1916,211,1 - Junior,46,Access/Login,Request,2 - Normal,0 - Unassigned,0,1 - Unsatisfied
1917,1300,2 - Regular,21,Access/Login,Issue,2 - Normal,3 - High,0,0 - Unknown
1918,337,1 - Junior,35,Systems,Request,2 - Normal,1 - Low,11,3 - Highly satisfied
1919,1937,2 - Regular,7,Software,Request,2 - Normal,2 - Medium,18,2 - Satisfied
1920,146,4 - Management,30,Software,Issue,2 - Normal,0 - Unassigned,4,0 - Unknown
1921,190,1 - Junior,20,Access/Login,Request,2 - Normal,1 - Low,0,1 - Unsatisfied
1922,123,1 - Junior,35,Access/Login,Request,2 - Normal,0 - Unassigned,1,0 - Unknown
1923,734,1 - Junior,30,Systems,Request,2 - Normal,1 - Low,21,0 - Unknown
1924,1477,2 - Regular,8,Systems,Issue,2 - Normal,2 - Medium,1,3 - Highly satisfied
1925,581,4 - Management,33,Access/Login,Request,2 - Normal,3 - High,0,0 - Unknown
1926,1890,4 - Management,38,Hardware,Issue,2 - Normal,2 - Medium,5,3 - Highly satisfied
1927,1892,1 - Junior,39,Access/Login,Request,2 - Normal,0 - Unassigned,0,1 - Unsatisfied
1928,424,3 - Senior,20,Systems,Issue,2 - Normal,0 - Unassigned,1,2 - Satisfied
1929,553,3 - Senior,18,Hardware,Request,2 - Normal,3 - High,10,1 - Unsatisfied
1930,1679,2 - Regular,2,Access/Login,Request,2 - Normal,2 - Medium,0,0 - Unknown
1931,233,2 - Regular,37,Access/Login,Issue,2 - Normal,3 - High,0,2 - Satisfied
1932,568,3 - Senior,35,Systems,Issue,2 - Normal,0 - Unassigned,4,0 - Unknown
1933,334,1 - Junior,24,Access/Login,Request,3 - Major,1 - Low,0,0 - Unknown
1934,564,2 - Regular,19,Software,Issue,2 - Normal,3 - High,8,3 - Highly satisfied
1935,1495,2 - Regular,48,Access/Login,Request,2 - Normal,0 - Unassigned,2,0 - Unknown
1936,1348,4 - Management,48,Systems,Issue,2 - Normal,3 - High,3,2 - Satisfied
1937,10,2 - Regular,38,Systems,Request,2 - Normal,3 - High,6,0 - Unknown
1938,594,2 - Regular,15,Systems,Issue,2 - Normal,0 - Unassigned,4,2 - Satisfied
1939,1798,1 - Junior,22,Systems,Request,2 - Normal,0 - Unassigned,16,0 - Unknown
1940,1403,1 - Junior,24,Systems,Request,2 - Normal,1 - Low,11,3 - Highly satisfied
1941,444,2 - Regular,7,Access/Login,Request,2 - Normal,3 - High,0,1 - Unsatisfied
1942,1721,1 - Junior,29,Systems,Request,2 - Normal,1 - Low,15,3 - Highly satisfied
1943,274,2 - Regular,39,Hardware,Request,2 - Normal,2 - Medium,27,1 - Unsatisfied
1944,267,2 - Regular,40,Access/Login,Request,2 - Normal,1 - Low,1,2 - Satisfied
1945,1723,4 - Management,1,Systems,Request,2 - Normal,0 - Unassigned,16,0 - Unknown
1946,1093,2 - Regular,19,Software,Request,2 - Normal,1 - Low,12,2 - Satisfied
1947,861,4 - Management,41,Hardware,Request,2 - Normal,1 - Low,33,1 - Unsatisfied
1948,932,4 - Management,32,Systems,Request,2 - Normal,0 - Unassigned,5,0 - Unknown
1949,946,1 - Junior,1,Software,Request,2 - Normal,0 - Unassigned,19,1 - Unsatisfied
1950,893,4 - Management,4,Systems,Request,2 - Normal,3 - High,13,2 - Satisfied
1951,1148,2 - Regular,6,Systems,Request,2 - Normal,3 - High,13,1 - Unsatisfied
1952,1669,2 - Regular,34,Systems,Request,2 - Normal,1 - Low,7,2 - Satisfied
1953,1378,2 - Regular,29,Systems,Issue,2 - Normal,0 - Unassigned,1,3 - Highly satisfied
1954,1466,3 - Senior,21,Hardware,Request,2 - Normal,2 - Medium,10,3 - Highly satisfied
1955,563,3 - Senior,26,Software,Request,3 - Major,2 - Medium,8,3 - Highly satisfied
1956,194,4 - Management,2,Software,Issue,2 - Normal,3 - High,1,2 - Satisfied
1957,1960,3 - Senior,18,Access/Login,Request,2 - Normal,3 - High,0,0 - Unknown
1958,1484,1 - Junior,21,Access/Login,Request,2 - Normal,1 - Low,0,0 - Unknown
1959,1802,2 - Regular,42,Software,Issue,2 - Normal,2 - Medium,0,3 - Highly satisfied
1960,1320,1 - Junior,44,Access/Login,Request,2 - Normal,1 - Low,1,2 - Satisfied
1961,1845,3 - Senior,21,Software,Issue,2 - Normal,0 - Unassigned,4,3 - Highly satisfied
1962,1539,1 - Junior,24,Software,Request,2 - Normal,2 - Medium,16,3 - Highly satisfied
1963,1072,3 - Senior,26,Systems,Request,2 - Normal,3 - High,7,1 - Unsatisfied
1964,1034,2 - Regular,15,Systems,Request,2 - Normal,0 - Unassigned,6,3 - Highly satisfied
1965,1969,3 - Senior,9,Software,Issue,4 - Critical,0 - Unassigned,6,3 - Highly satisfied
1966,989,3 - Senior,1,Systems,Request,2 - Normal,3 - High,16,2 - Satisfied
1967,1858,2 - Regular,35,Access/Login,Request,2 - Normal,2 - Medium,0,0 - Unknown
1968,1859,3 - Senior,12,Access/Login,Issue,2 - Normal,0 - Unassigned,0,0 - Unknown
1969,748,3 - Senior,49,Systems,Request,2 - Normal,0 - Unassigned,8,1 - Unsatisfied
1970,58,1 - Junior,12,Systems,Request,2 - Normal,0 - Unassigned,6,0 - Unknown
1971,824,4 - Management,1,Systems,Issue,2 - Normal,0 - Unassigned,9,0 - Unknown
1972,1823,4 - Management,11,Hardware,Request,2 - Normal,3 - High,15,2 - Satisfied
1973,867,3 - Senior,38,Software,Request,2 - Normal,3 - High,3,0 - Unknown
1974,421,2 - Regular,29,Hardware,Request,2 - Normal,2 - Medium,11,0 - Unknown
1975,749,3 - Senior,7,Hardware,Request,2 - Normal,0 - Unassigned,30,3 - Highly satisfied
1976,674,3 - Senior,42,Access/Login,Request,1 - Minor,2 - Medium,0,3 - Highly satisfied
1977,1793,1 - Junior,48,Systems,Request,2 - Normal,1 - Low,10,3 - Highly satisfied
1978,1661,4 - Management,37,Access/Login,Request,2 - Normal,3 - High,0,1 - Unsatisfied
1979,1287,2 - Regular,3,Access/Login,Request,2 - Normal,3 - High,1,3 - Highly satisfied
1980,1033,2 - Regular,50,Access/Login,Issue,2 - Normal,3 - High,0,1 - Unsatisfied
1981,296,4 - Management,17,Access/Login,Request,2 - Normal,0 - Unassigned,0,3 - Highly satisfied
1982,1138,3 - Senior,40,Systems,Request,2 - Normal,3 - High,6,3 - Highly satisfied
1983,311,3 - Senior,5,Hardware,Issue,2 - Normal,3 - High,6,3 - Highly satisfied
1984,1943,1 - Junior,39,Hardware,Issue,2 - Normal,0 - Unassigned,16,0 - Unknown
1985,34,3 - Senior,7,Systems,Issue,2 - Normal,3 - High,5,2 - Satisfied
1986,1702,4 - Management,49,Software,Request,2 - Normal,3 - High,15,3 - Highly satisfied
1987,1504,3 - Senior,47,Software,Request,2 - Normal,0 - Unassigned,2,2 - Satisfied
1988,558,1 - Junior,33,Systems,Issue,2 - Normal,2 - Medium,8,2 - Satisfied
1989,628,1 - Junior,45,Systems,Request,2 - Normal,1 - Low,7,3 - Highly satisfied
1990,805,2 - Regular,10,Systems,Request,2 - Normal,0 - Unassigned,13,0 - Unknown
1991,546,3 - Senior,41,Software,Issue,2 - Normal,3 - High,3,3 - Highly satisfied
1992,608,2 - Regular,50,Hardware,Request,2 - Normal,2 - Medium,28,0 - Unknown
1993,603,1 - Junior,12,Access/Login,Request,2 - Normal,2 - Medium,0,0 - Unknown
1994,1325,3 - Senior,16,Hardware,Request,2 - Normal,3 - High,10,0 - Unknown
1995,1322,2 - Regular,18,Systems,Request,2 - Normal,0 - Unassigned,18,3 - Highly satisfied
1996,1504,3 - Senior,21,Systems,Request,2 - Normal,2 - Medium,5,3 - Highly satisfied
1997,1658,2 - Regular,21,Systems,Request,2 - Normal,0 - Unassigned,5,3 - Highly satisfied
1998,1306,3 - Senior,43,Software,Request,2 - Normal,3 - High,9,2 - Satisfied
1999,698,4 - Management,29,Access/Login,Issue,2 - Normal,3 - High,0,0 - Unknown
2000,383,2 - Regular,35,Systems,Request,2 - Normal,3 - High,7,3 - Highly satisfied
2001,1300,2 - Regular,28,Access/Login,Request,2 - Normal,3 - High,0,2 - Satisfied
2002,1499,4 - Management,46,Access/Login,Issue,3 - Major,3 - High,0,0 - Unknown
2003,1080,2 - Regular,32,Systems,Issue,2 - Normal,1 - Low,15,2 - Satisfied
2004,480,4 - Management,13,Access/Login,Issue,2 - Normal,3 - High,0,0 - Unknown
2005,1676,3 - Senior,37,Software,Request,2 - Normal,3 - High,3,3 - Highly satisfied
2006,1761,2 - Regular,46,Software,Request,2 - Normal,2 - Medium,9,0 - Unknown
2007,1920,2 - Regular,28,Systems,Request,2 - Normal,0 - Unassigned,13,0 - Unknown
2008,468,1 - Junior,7,Software,Request,2 - Normal,0 - Unassigned,15,1 - Unsatisfied
2009,874,4 - Management,24,Software,Request,2 - Normal,3 - High,3,2 - Satisfied
2010,819,3 - Senior,36,Systems,Request,2 - Normal,3 - High,11,3 - Highly satisfied
2011,1312,4 - Management,7,Software,Request,2 - Normal,3 - High,16,0 - Unknown
2012,16,4 - Management,18,Software,Request,2 - Normal,3 - High,3,3 - Highly satisfied
2013,701,1 - Junior,44,Hardware,Request,2 - Normal,3 - High,10,1 - Unsatisfied
2014,1525,3 - Senior,33,Systems,Request,2 - Normal,3 - High,21,0 - Unknown
2015,976,1 - Junior,19,Hardware,Request,2 - Normal,2 - Medium,24,2 - Satisfied
2016,161,2 - Regular,16,Software,Issue,2 - Normal,3 - High,3,2 - Satisfied
2017,1067,3 - Senior,18,Systems,Request,2 - Normal,3 - High,7,3 - Highly satisfied
2018,1974,2 - Regular,12,Access/Login,Request,3 - Major,3 - High,0,1 - Unsatisfied
2019,1748,2 - Regular,14,Systems,Request,2 - Normal,0 - Unassigned,5,1 - Unsatisfied
2020,76,3 - Senior,16,Systems,Request,2 - Normal,3 - High,9,2 - Satisfied
2021,296,4 - Management,40,Software,Request,2 - Normal,3 - High,2,0 - Unknown
2022,1433,2 - Regular,39,Systems,Request,2 - Normal,0 - Unassigned,13,1 - Unsatisfied
2023,1833,1 - Junior,47,Systems,Request,2 - Normal,1 - Low,8,3 - Highly satisfied
2024,1123,2 - Regular,19,Systems,Request,2 - Normal,1 - Low,18,1 - Unsatisfied
2025,1221,3 - Senior,33,Systems,Request,2 - Normal,2 - Medium,5,0 - Unknown
2026,704,2 - Regular,35,Systems,Request,2 - Normal,1 - Low,16,3 - Highly satisfied
2027,1541,4 - Management,18,Systems,Issue,2 - Normal,2 - Medium,12,3 - Highly satisfied
2028,331,2 - Regular,16,Systems,Request,2 - Normal,1 - Low,19,2 - Satisfied
2029,752,2 - Regular,40,Systems,Issue,2 - Normal,1 - Low,2,0 - Unknown
2030,784,2 - Regular,15,Systems,Request,3 - Major,3 - High,7,3 - Highly satisfied
2031,1041,2 - Regular,32,Systems,Request,2 - Normal,1 - Low,25,2 - Satisfied
2032,542,3 - Senior,46,Access/Login,Request,2 - Normal,0 - Unassigned,3,0 - Unknown
2033,277,2 - Regular,49,Software,Request,2 - Normal,0 - Unassigned,12,0 - Unknown
2034,1522,2 - Regular,15,Software,Issue,2 - Normal,3 - High,2,0 - Unknown
2035,1494,2 - Regular,19,Systems,Issue,2 - Normal,1 - Low,7,1 - Unsatisfied
2036,1210,2 - Regular,33,Access/Login,Issue,3 - Major,0 - Unassigned,0,2 - Satisfied
2037,67,4 - Management,26,Access/Login,Request,2 - Normal,3 - High,0,2 - Satisfied
2038,1104,1 - Junior,32,Systems,Request,2 - Normal,1 - Low,17,2 - Satisfied
2039,1854,2 - Regular,50,Systems,Request,2 - Normal,3 - High,22,2 - Satisfied
2040,1228,4 - Management,4,Software,Request,2 - Normal,3 - High,10,2 - Satisfied
2041,233,2 - Regular,41,Software,Issue,2 - Normal,3 - High,3,0 - Unknown
2042,1915,3 - Senior,48,Software,Request,2 - Normal,0 - Unassigned,12,0 - Unknown
2043,468,1 - Junior,39,Software,Issue,2 - Normal,1 - Low,13,1 - Unsatisfied
2044,696,2 - Regular,11,Systems,Request,2 - Normal,1 - Low,15,2 - Satisfied
2045,102,2 - Regular,39,Systems,Request,2 - Normal,0 - Unassigned,21,1 - Unsatisfied
2046,1754,1 - Junior,28,Systems,Issue,2 - Normal,0 - Unassigned,3,1 - Unsatisfied
2047,873,3 - Senior,39,Systems,Issue,2 - Normal,0 - Unassigned,6,1 - Unsatisfied
2048,596,4 - Management,30,Access/Login,Request,2 - Normal,0 - Unassigned,0,1 - Unsatisfied
2049,1647,1 - Junior,19,Access/Login,Request,2 - Normal,2 - Medium,0,2 - Satisfied
2050,458,3 - Senior,34,Systems,Request,2 - Normal,0 - Unassigned,11,2 - Satisfied
2051,295,2 - Regular,12,Hardware,Issue,1 - Minor,3 - High,5,3 - Highly satisfied
2052,1775,2 - Regular,42,Hardware,Request,2 - Normal,3 - High,12,2 - Satisfied
2053,901,4 - Management,20,Systems,Issue,2 - Normal,2 - Medium,2,0 - Unknown
2054,1429,4 - Management,35,Software,Issue,2 - Normal,3 - High,4,1 - Unsatisfied
2055,1625,1 - Junior,14,Software,Issue,2 - Normal,1 - Low,2,1 - Unsatisfied
2056,98,2 - Regular,22,Systems,Request,2 - Normal,0 - Unassigned,13,3 - Highly satisfied
2057,938,3 - Senior,18,Access/Login,Request,2 - Normal,3 - High,0,0 - Unknown
2058,1353,2 - Regular,8,Systems,Request,2 - Normal,3 - High,9,3 - Highly satisfied
2059,959,1 - Junior,4,Software,Request,2 - Normal,3 - High,7,3 - Highly satisfied
2060,1978,3 - Senior,4,Software,Request,2 - Normal,3 - High,14,3 - Highly satisfied
2061,37,1 - Junior,14,Software,Issue,2 - Normal,2 - Medium,7,2 - Satisfied
2062,938,3 - Senior,7,Systems,Request,2 - Normal,0 - Unassigned,15,1 - Unsatisfied
2063,1639,1 - Junior,3,Software,Request,2 - Normal,0 - Unassigned,8,1 - Unsatisfied
2064,960,4 - Management,11,Access/Login,Issue,2 - Normal,3 - High,0,1 - Unsatisfied
2065,1081,2 - Regular,27,Systems,Request,2 - Normal,1 - Low,9,0 - Unknown
2066,1159,1 - Junior,2,Systems,Issue,2 - Normal,3 - High,3,3 - Highly satisfied
2067,60,4 - Management,29,Access/Login,Request,2 - Normal,3 - High,0,0 - Unknown
2068,1128,2 - Regular,47,Access/Login,Request,2 - Normal,2 - Medium,0,0 - Unknown
2069,121,2 - Regular,45,Access/Login,Request,2 - Normal,0 - Unassigned,0,0 - Unknown
2070,1319,4 - Management,37,Systems,Request,2 - Normal,0 - Unassigned,5,0 - Unknown
2071,1177,2 - Regular,10,Access/Login,Request,1 - Minor,0 - Unassigned,0,1 - Unsatisfied
2072,138,4 - Management,17,Systems,Request,2 - Normal,3 - High,7,0 - Unknown
2073,1491,2 - Regular,14,Access/Login,Request,2 - Normal,2 - Medium,0,0 - Unknown
2074,1450,2 - Regular,21,Software,Request,2 - Normal,3 - High,3,0 - Unknown
2075,1783,3 - Senior,36,Software,Request,2 - Normal,2 - Medium,2,3 - Highly satisfied
2076,1395,2 - Regular,7,Systems,Request,2 - Normal,0 - Unassigned,20,3 - Highly satisfied
2077,527,2 - Regular,35,Systems,Request,2 - Normal,2 - Medium,13,3 - Highly satisfied
2078,1440,2 - Regular,27,Systems,Request,2 - Normal,1 - Low,9,0 - Unknown
2079,1597,3 - Senior,21,Systems,Request,2 - Normal,3 - High,6,0 - Unknown
2080,93,4 - Management,10,Systems,Request,2 - Normal,3 - High,7,0 - Unknown
2081,838,2 - Regular,18,Software,Request,2 - Normal,2 - Medium,6,3 - Highly satisfied
2082,513,4 - Management,24,Access/Login,Request,2 - Normal,0 - Unassigned,0,0 - Unknown
2083,1272,3 - Senior,42,Access/Login,Request,2 - Normal,3 - High,0,3 - Highly satisfied
2084,923,4 - Management,26,Software,Request,2 - Normal,0 - Unassigned,6,2 - Satisfied
2085,1788,3 - Senior,8,Access/Login,Issue,1 - Minor,3 - High,0,0 - Unknown
2086,838,2 - Regular,5,Systems,Issue,1 - Minor,1 - Low,2,3 - Highly satisfied
2087,1166,1 - Junior,11,Access/Login,Request,2 - Normal,1 - Low,0,1 - Unsatisfied
2088,1116,4 - Management,2,Systems,Request,2 - Normal,2 - Medium,6,0 - Unknown
2089,1955,3 - Senior,49,Systems,Request,2 - Normal,3 - High,12,2 - Satisfied
2090,1075,1 - Junior,3,Access/Login,Request,3 - Major,1 - Low,1,1 - Unsatisfied
2091,1967,3 - Senior,26,Software,Request,2 - Normal,3 - High,4,1 - Unsatisfied
2092,1708,1 - Junior,40,Software,Request,2 - Normal,3 - High,3,1 - Unsatisfied
2093,1191,2 - Regular,34,Software,Request,2 - Normal,1 - Low,5,0 - Unknown
2094,1244,4 - Management,34,Software,Request,2 - Normal,3 - High,3,3 - Highly satisfied
2095,1150,2 - Regular,40,Software,Request,2 - Normal,1 - Low,10,3 - Highly satisfied
2096,230,2 - Regular,9,Software,Request,2 - Normal,0 - Unassigned,8,2 - Satisfied
2097,987,1 - Junior,15,Access/Login,Request,2 - Normal,3 - High,0,3 - Highly satisfied
2098,1540,1 - Junior,41,Systems,Request,2 - Normal,1 - Low,18,3 - Highly satisfied
2099,334,1 - Junior,28,Software,Issue,2 - Normal,2 - Medium,3,0 - Unknown
2100,259,1 - Junior,50,Systems,Request,2 - Normal,1 - Low,24,1 - Unsatisfied
2101,1781,4 - Management,27,Software,Issue,2 - Normal,3 - High,0,3 - Highly satisfied
2102,1396,4 - Management,45,Access/Login,Request,1 - Minor,3 - High,0,3 - Highly satisfied
2103,1652,4 - Management,20,Systems,Request,2 - Normal,0 - Unassigned,5,2 - Satisfied
2104,229,3 - Senior,5,Access/Login,Request,2 - Normal,1 - Low,0,0 - Unknown
2105,1646,2 - Regular,2,Access/Login,Request,2 - Normal,3 - High,0,0 - Unknown
2106,1745,3 - Senior,12,Systems,Request,2 - Normal,1 - Low,13,0 - Unknown
2107,840,2 - Regular,31,Software,Request,2 - Normal,2 - Medium,2,3 - Highly satisfied
2108,725,3 - Senior,25,Systems,Request,2 - Normal,3 - High,13,0 - Unknown
2109,119,2 - Regular,5,Systems,Request,2 - Normal,2 - Medium,10,3 - Highly satisfied
2110,837,4 - Management,43,Systems,Request,2 - Normal,0 - Unassigned,10,3 - Highly satisfied
2111,540,2 - Regular,1,Systems,Request,2 - Normal,2 - Medium,20,1 - Unsatisfied
2112,722,1 - Junior,31,Software,Request,2 - Normal,0 - Unassigned,3,1 - Unsatisfied
2113,1336,2 - Regular,4,Systems,Request,2 - Normal,1 - Low,14,0 - Unknown
2114,1091,4 - Management,26,Access/Login,Request,2 - Normal,3 - High,0,0 - Unknown
2115,1689,2 - Regular,47,Systems,Request,2 - Normal,0 - Unassigned,6,2 - Satisfied
2116,1114,4 - Management,24,Access/Login,Request,2 - Normal,0 - Unassigned,0,0 - Unknown
2117,768,2 - Regular,44,Access/Login,Request,2 - Normal,1 - Low,1,1 - Unsatisfied
2118,765,2 - Regular,48,Systems,Request,2 - Normal,3 - High,8,2 - Satisfied
2119,664,2 - Regular,27,Access/Login,Issue,2 - Normal,2 - Medium,0,3 - Highly satisfied
2120,1848,1 - Junior,38,Software,Request,2 - Normal,1 - Low,5,1 - Unsatisfied
2121,81,1 - Junior,41,Systems,Request,2 - Normal,0 - Unassigned,9,2 - Satisfied
2122,239,2 - Regular,47,Software,Request,2 - Normal,0 - Unassigned,6,2 - Satisfied
2123,552,2 - Regular,22,Systems,Request,2 - Normal,0 - Unassigned,24,2 - Satisfied
2124,1508,2 - Regular,3,Software,Request,2 - Normal,1 - Low,7,0 - Unknown
2125,1698,4 - Management,20,Access/Login,Request,2 - Normal,3 - High,0,2 - Satisfied
2126,752,2 - Regular,49,Software,Request,2 - Normal,0 - Unassigned,7,0 - Unknown
2127,1871,4 - Management,31,Access/Login,Request,2 - Normal,3 - High,0,3 - Highly satisfied
2128,1382,3 - Senior,27,Systems,Issue,2 - Normal,3 - High,1,3 - Highly satisfied
2129,1045,4 - Management,5,Access/Login,Request,2 - Normal,0 - Unassigned,0,0 - Unknown
2130,138,4 - Management,25,Access/Login,Issue,2 - Normal,0 - Unassigned,0,1 - Unsatisfied
2131,183,2 - Regular,48,Hardware,Request,2 - Normal,3 - High,13,1 - Unsatisfied
2132,1725,1 - Junior,32,Access/Login,Request,2 - Normal,3 - High,0,0 - Unknown
2133,729,2 - Regular,34,Access/Login,Request,2 - Normal,3 - High,0,3 - Highly satisfied
2134,1760,3 - Senior,8,Software,Request,3 - Major,0 - Unassigned,4,0 - Unknown
2135,858,4 - Management,47,Access/Login,Request,2 - Normal,0 - Unassigned,0,0 - Unknown
2136,754,2 - Regular,5,Systems,Request,2 - Normal,0 - Unassigned,10,1 - Unsatisfied
2137,690,4 - Management,43,Access/Login,Request,2 - Normal,3 - High,0,3 - Highly satisfied
2138,540,2 - Regular,31,Access/Login,Request,2 - Normal,3 - High,0,3 - Highly satisfied
2139,255,2 - Regular,43,Software,Request,2 - Normal,2 - Medium,4,3 - Highly satisfied
2140,1742,3 - Senior,39,Systems,Issue,3 - Major,3 - High,7,2 - Satisfied
2141,1586,2 - Regular,22,Access/Login,Request,2 - Normal,3 - High,1,2 - Satisfied
2142,251,4 - Management,21,Systems,Request,2 - Normal,0 - Unassigned,6,3 - Highly satisfied
2143,1403,1 - Junior,25,Software,Request,2 - Normal,1 - Low,8,0 - Unknown
2144,1715,3 - Senior,46,Systems,Issue,2 - Normal,0 - Unassigned,5,1 - Unsatisfied
2145,813,2 - Regular,31,Systems,Request,2 - Normal,3 - High,9,3 - Highly satisfied
2146,354,2 - Regular,20,Hardware,Request,2 - Normal,3 - High,10,0 - Unknown
2147,373,4 - Management,49,Access/Login,Request,2 - Normal,3 - High,0,2 - Satisfied
2148,427,2 - Regular,16,Access/Login,Request,2 - Normal,2 - Medium,0,0 - Unknown
2149,513,4 - Management,24,Access/Login,Request,2 - Normal,3 - High,0,2 - Satisfied
2150,602,2 - Regular,48,Access/Login,Request,2 - Normal,0 - Unassigned,0,1 - Unsatisfied
2151,1394,2 - Regular,30,Software,Request,2 - Normal,0 - Unassigned,11,1 - Unsatisfied
2152,1926,2 - Regular,26,Hardware,Request,2 - Normal,3 - High,14,2 - Satisfied
2153,345,1 - Junior,43,Access/Login,Request,3 - Major,2 - Medium,0,3 - Highly satisfied
2154,1059,2 - Regular,42,Software,Request,2 - Normal,1 - Low,4,3 - Highly satisfied
2155,1067,3 - Senior,1,Access/Login,Issue,3 - Major,3 - High,0,2 - Satisfied
2156,922,2 - Regular,24,Access/Login,Request,2 - Normal,2 - Medium,0,0 - Unknown
2157,1185,2 - Regular,43,Systems,Request,2 - Normal,0 - Unassigned,9,3 - Highly satisfied
2158,1559,3 - Senior,16,Systems,Request,2 - Normal,3 - High,5,2 - Satisfied
2159,248,2 - Regular,26,Systems,Request,3 - Major,3 - High,12,3 - Highly satisfied
2160,349,2 - Regular,18,Access/Login,Request,2 - Normal,0 - Unassigned,0,3 - Highly satisfied
2161,1466,3 - Senior,41,Access/Login,Request,2 - Normal,3 - High,0,0 - Unknown
2162,1156,2 - Regular,26,Systems,Request,2 - Normal,1 - Low,16,1 - Unsatisfied
2163,1241,2 - Regular,1,Systems,Request,2 - Normal,0 - Unassigned,15,0 - Unknown
2164,1906,2 - Regular,26,Software,Request,2 - Normal,0 - Unassigned,6,1 - Unsatisfied
2165,830,2 - Regular,22,Systems,Request,2 - Normal,0 - Unassigned,13,1 - Unsatisfied
2166,1518,2 - Regular,6,Systems,Request,2 - Normal,0 - Unassigned,15,2 - Satisfied
2167,1926,2 - Regular,12,Software,Issue,1 - Minor,1 - Low,1,3 - Highly satisfied
2168,542,3 - Senior,44,Systems,Request,2 - Normal,0 - Unassigned,28,0 - Unknown
2169,1438,2 - Regular,31,Systems,Request,2 - Normal,2 - Medium,7,3 - Highly satisfied
2170,278,2 - Regular,8,Software,Request,2 - Normal,0 - Unassigned,6,0 - Unknown
2171,1757,1 - Junior,5,Software,Issue,2 - Normal,1 - Low,1,2 - Satisfied
2172,1426,4 - Management,34,Software,Request,2 - Normal,3 - High,3,0 - Unknown
2173,1229,1 - Junior,46,Systems,Request,2 - Normal,0 - Unassigned,20,0 - Unknown
2174,750,1 - Junior,19,Systems,Request,1 - Minor,1 - Low,16,2 - Satisfied
2175,1856,2 - Regular,23,Software,Request,2 - Normal,3 - High,3,0 - Unknown
2176,900,4 - Management,42,Software,Request,2 - Normal,3 - High,4,0 - Unknown
2177,634,2 - Regular,39,Systems,Request,2 - Normal,3 - High,15,1 - Unsatisfied
2178,1,1 - Junior,30,Software,Request,2 - Normal,0 - Unassigned,4,1 - Unsatisfied
2179,1908,2 - Regular,48,Systems,Request,2 - Normal,1 - Low,8,1 - Unsatisfied
2180,621,3 - Senior,9,Access/Login,Request,2 - Normal,0 - Unassigned,2,3 - Highly satisfied
2181,969,3 - Senior,35,Software,Issue,1 - Minor,0 - Unassigned,0,0 - Unknown
2182,963,1 - Junior,36,Systems,Request,2 - Normal,1 - Low,6,1 - Unsatisfied
2183,1216,3 - Senior,41,Hardware,Request,2 - Normal,3 - High,10,3 - Highly satisfied
2184,992,1 - Junior,19,Systems,Request,2 - Normal,3 - High,13,3 - Highly satisfied
2185,1730,1 - Junior,7,Access/Login,Request,2 - Normal,0 - Unassigned,0,1 - Unsatisfied
2186,1979,4 - Management,23,Systems,Request,2 - Normal,0 - Unassigned,5,2 - Satisfied
2187,314,3 - Senior,25,Access/Login,Request,4 - Critical,3 - High,2,1 - Unsatisfied
2188,966,3 - Senior,4,Access/Login,Request,2 - Normal,3 - High,0,0 - Unknown
2189,1451,1 - Junior,8,Systems,Issue,2 - Normal,1 - Low,1,2 - Satisfied
2190,1548,1 - Junior,11,Systems,Request,2 - Normal,1 - Low,19,0 - Unknown
2191,1519,3 - Senior,45,Hardware,Request,2 - Normal,0 - Unassigned,11,3 - Highly satisfied
2192,78,3 - Senior,23,Software,Issue,2 - Normal,0 - Unassigned,4,3 - Highly satisfied
2193,1954,2 - Regular,43,Software,Request,2 - Normal,0 - Unassigned,8,2 - Satisfied
2194,1763,3 - Senior,22,Access/Login,Request,2 - Normal,0 - Unassigned,0,2 - Satisfied
2195,1488,1 - Junior,13,Software,Request,2 - Normal,2 - Medium,15,1 - Unsatisfied
2196,252,3 - Senior,36,Systems,Request,1 - Minor,0 - Unassigned,6,2 - Satisfied
2197,1875,3 - Senior,8,Software,Issue,2 - Normal,0 - Unassigned,0,2 - Satisfied
2198,815,2 - Regular,48,Access/Login,Request,2 - Normal,0 - Unassigned,0,0 - Unknown
2199,1179,4 - Management,38,Access/Login,Request,2 - Normal,0 - Unassigned,0,2 - Satisfied
2200,443,2 - Regular,23,Access/Login,Issue,2 - Normal,3 - High,0,0 - Unknown
2201,1794,2 - Regular,12,Software,Issue,3 - Major,3 - High,2,0 - Unknown
2202,437,1 - Junior,50,Hardware,Request,2 - Normal,0 - Unassigned,28,1 - Unsatisfied
2203,859,3 - Senior,17,Systems,Request,2 - Normal,3 - High,5,3 - Highly satisfied
2204,1778,2 - Regular,41,Access/Login,Request,2 - Normal,2 - Medium,0,0 - Unknown
2205,724,1 - Junior,3,Systems,Request,2 - Normal,0 - Unassigned,17,1 - Unsatisfied
2206,1423,2 - Regular,19,Systems,Issue,2 - Normal,0 - Unassigned,7,0 - Unknown
2207,788,2 - Regular,1,Systems,Issue,4 - Critical,2 - Medium,10,0 - Unknown
2208,1447,4 - Management,13,Systems,Request,2 - Normal,3 - High,15,1 - Unsatisfied
2209,36,4 - Management,1,Access/Login,Request,2 - Normal,3 - High,1,2 - Satisfied
2210,719,4 - Management,18,Systems,Request,2 - Normal,1 - Low,16,3 - Highly satisfied
2211,1292,1 - Junior,18,Access/Login,Request,2 - Normal,0 - Unassigned,1,3 - Highly satisfied
2212,33,4 - Management,2,Software,Request,2 - Normal,3 - High,4,0 - Unknown
2213,697,4 - Management,4,Access/Login,Issue,2 - Normal,0 - Unassigned,2,3 - Highly satisfied
2214,1363,1 - Junior,11,Software,Request,2 - Normal,3 - High,7,2 - Satisfied
2215,679,2 - Regular,36,Systems,Request,2 - Normal,0 - Unassigned,7,1 - Unsatisfied
2216,1437,4 - Management,20,Access/Login,Request,2 - Normal,3 - High,0,3 - Highly satisfied
2217,1553,1 - Junior,47,Systems,Request,2 - Normal,3 - High,5,2 - Satisfied
2218,424,3 - Senior,10,Systems,Request,2 - Normal,0 - Unassigned,7,1 - Unsatisfied
2219,1994,1 - Junior,12,Software,Request,2 - Normal,3 - High,5,2 - Satisfied
2220,1452,1 - Junior,41,Software,Request,2 - Normal,1 - Low,6,3 - Highly satisfied
2221,1740,3 - Senior,6,Access/Login,Request,3 - Major,3 - High,1,0 - Unknown
2222,787,2 - Regular,34,Systems,Request,2 - Normal,0 - Unassigned,7,3 - Highly satisfied
2223,213,1 - Junior,4,Systems,Request,2 - Normal,2 - Medium,16,2 - Satisfied
2224,1647,1 - Junior,43,Systems,Request,2 - Normal,0 - Unassigned,7,2 - Satisfied
2225,507,2 - Regular,3,Systems,Issue,2 - Normal,0 - Unassigned,7,1 - Unsatisfied
2226,1619,2 - Regular,32,Access/Login,Issue,2 - Normal,0 - Unassigned,0,3 - Highly satisfied
2227,198,2 - Regular,2,Access/Login,Request,2 - Normal,3 - High,0,1 - Unsatisfied
2228,984,2 - Regular,6,Systems,Issue,2 - Normal,0 - Unassigned,9,0 - Unknown
2229,1197,4 - Management,49,Software,Request,2 - Normal,3 - High,9,1 - Unsatisfied
2230,1182,4 - Management,37,Systems,Request,2 - Normal,3 - High,6,3 - Highly satisfied
2231,1348,4 - Management,14,Software,Request,2 - Normal,3 - High,3,2 - Satisfied
2232,1768,2 - Regular,3,Systems,Request,2 - Normal,3 - High,13,0 - Unknown
2233,235,3 - Senior,29,Systems,Request,2 - Normal,0 - Unassigned,5,3 - Highly satisfied
2234,1664,2 - Regular,20,Access/Login,Request,2 - Normal,2 - Medium,1,1 - Unsatisfied
2235,1984,2 - Regular,30,Access/Login,Request,2 - Normal,2 - Medium,0,2 - Satisfied
2236,286,2 - Regular,46,Software,Request,2 - Normal,2 - Medium,13,1 - Unsatisfied
2237,1571,1 - Junior,15,Hardware,Request,2 - Normal,2 - Medium,11,0 - Unknown
2238,92,2 - Regular,16,Systems,Request,2 - Normal,1 - Low,17,3 - Highly satisfied
2239,738,2 - Regular,19,Systems,Request,2 - Normal,1 - Low,21,0 - Unknown
2240,1048,2 - Regular,3,Systems,Request,2 - Normal,3 - High,18,0 - Unknown
2241,1966,2 - Regular,10,Software,Request,2 - Normal,0 - Unassigned,7,3 - Highly satisfied
2242,1209,4 - Management,37,Systems,Issue,2 - Normal,3 - High,3,0 - Unknown
2243,157,3 - Senior,1,Systems,Request,2 - Normal,3 - High,22,2 - Satisfied
2244,1979,4 - Management,38,Access/Login,Issue,2 - Normal,3 - High,0,2 - Satisfied
2245,859,3 - Senior,1,Systems,Request,2 - Normal,3 - High,15,0 - Unknown
2246,1176,3 - Senior,43,Software,Request,2 - Normal,3 - High,6,1 - Unsatisfied
2247,1544,2 - Regular,20,Software,Request,4 - Critical,2 - Medium,17,2 - Satisfied
2248,1378,2 - Regular,35,Systems,Request,2 - Normal,0 - Unassigned,6,0 - Unknown
2249,417,2 - Regular,5,Access/Login,Issue,3 - Major,2 - Medium,0,3 - Highly satisfied
2250,1241,2 - Regular,38,Access/Login,Request,2 - Normal,0 - Unassigned,1,0 - Unknown
2251,1165,4 - Management,11,Access/Login,Request,2 - Normal,3 - High,0,0 - Unknown
2252,1023,1 - Junior,8,Systems,Request,2 - Normal,1 - Low,6,0 - Unknown
2253,881,2 - Regular,21,Systems,Request,2 - Normal,2 - Medium,6,3 - Highly satisfied
2254,1047,3 - Senior,37,Systems,Request,2 - Normal,3 - High,6,3 - Highly satisfied
2255,444,2 - Regular,41,Systems,Issue,2 - Normal,3 - High,3,1 - Unsatisfied
2256,1382,3 - Senior,20,Access/Login,Issue,2 - Normal,2 - Medium,0,2 - Satisfied
2257,39,4 - Management,35,Systems,Issue,2 - Normal,3 - High,2,0 - Unknown
2258,1915,3 - Senior,35,Systems,Request,2 - Normal,3 - High,5,3 - Highly satisfied
2259,1086,4 - Management,3,Systems,Request,2 - Normal,3 - High,16,0 - Unknown
2260,37,1 - Junior,26,Access/Login,Request,2 - Normal,2 - Medium,0,3 - Highly satisfied
2261,113,4 - Management,10,Systems,Request,2 - Normal,3 - High,6,0 - Unknown
2262,308,1 - Junior,12,Access/Login,Request,2 - Normal,1 - Low,0,0 - Unknown
2263,1902,4 - Management,16,Hardware,Request,2 - Normal,3 - High,13,3 - Highly satisfied
2264,1759,2 - Regular,24,Systems,Issue,2 - Normal,0 - Unassigned,6,3 - Highly satisfied
2265,682,4 - Management,46,Access/Login,Request,2 - Normal,0 - Unassigned,0,0 - Unknown
2266,1757,1 - Junior,12,Systems,Request,3 - Major,1 - Low,21,0 - Unknown
2267,1183,3 - Senior,24,Systems,Request,2 - Normal,3 - High,10,3 - Highly satisfied
2268,1494,2 - Regular,41,Systems,Request,2 - Normal,2 - Medium,8,3 - Highly satisfied
2269,1705,2 - Regular,30,Systems,Issue,2 - Normal,0 - Unassigned,7,0 - Unknown
2270,989,3 - Senior,34,Access/Login,Request,2 - Normal,3 - High,0,3 - Highly satisfied
2271,1378,2 - Regular,22,Access/Login,Request,2 - Normal,3 - High,0,2 - Satisfied
2272,1664,2 - Regular,27,Hardware,Issue,2 - Normal,1 - Low,9,1 - Unsatisfied
2273,752,2 - Regular,15,Access/Login,Request,3 - Major,1 - Low,0,3 - Highly satisfied
2274,99,2 - Regular,25,Systems,Request,2 - Normal,0 - Unassigned,14,2 - Satisfied
2275,1914,3 - Senior,37,Software,Request,2 - Normal,3 - High,4,0 - Unknown
2276,1040,2 - Regular,9,Systems,Request,2 - Normal,1 - Low,26,0 - Unknown
2277,1389,2 - Regular,23,Software,Issue,1 - Minor,0 - Unassigned,0,2 - Satisfied
2278,873,3 - Senior,14,Software,Issue,2 - Normal,3 - High,2,0 - Unknown
2279,1931,2 - Regular,8,Access/Login,Request,2 - Normal,0 - Unassigned,0,0 - Unknown
2280,1713,4 - Management,34,Access/Login,Request,2 - Normal,3 - High,0,3 - Highly satisfied
2281,1123,2 - Regular,24,Access/Login,Issue,2 - Normal,0 - Unassigned,0,1 - Unsatisfied
2282,1456,4 - Management,33,Access/Login,Request,2 - Normal,2 - Medium,0,2 - Satisfied
2283,393,2 - Regular,23,Systems,Issue,2 - Normal,3 - High,2,0 - Unknown
2284,948,1 - Junior,34,Systems,Request,2 - Normal,0 - Unassigned,5,3 - Highly satisfied
2285,1631,4 - Management,16,Access/Login,Request,2 - Normal,3 - High,0,3 - Highly satisfied
2286,1524,1 - Junior,11,Systems,Request,2 - Normal,1 - Low,21,0 - Unknown
2287,407,3 - Senior,44,Access/Login,Request,2 - Normal,3 - High,0,3 - Highly satisfied
2288,1557,2 - Regular,20,Software,Issue,2 - Normal,0 - Unassigned,2,1 - Unsatisfied
2289,363,3 - Senior,28,Systems,Issue,2 - Normal,0 - Unassigned,4,3 - Highly satisfied
2290,1857,2 - Regular,24,Access/Login,Request,2 - Normal,3 - High,0,3 - Highly satisfied
2291,370,2 - Regular,50,Access/Login,Request,2 - Normal,0 - Unassigned,3,1 - Unsatisfied
2292,410,2 - Regular,45,Systems,Issue,2 - Normal,0 - Unassigned,1,0 - Unknown
2293,1316,2 - Regular,5,Systems,Request,2 - Normal,2 - Medium,7,2 - Satisfied
2294,951,2 - Regular,6,Systems,Request,2 - Normal,1 - Low,19,1 - Unsatisfied
2295,1827,1 - Junior,16,Software,Request,2 - Normal,1 - Low,8,3 - Highly satisfied
2296,1526,3 - Senior,31,Access/Login,Request,2 - Normal,2 - Medium,0,3 - Highly satisfied
2297,1145,1 - Junior,30,Systems,Request,2 - Normal,0 - Unassigned,15,2 - Satisfied
2298,626,1 - Junior,10,Access/Login,Issue,2 - Normal,1 - Low,0,3 - Highly satisfied
2299,235,3 - Senior,2,Systems,Request,2 - Normal,3 - High,7,3 - Highly satisfied
2300,1087,3 - Senior,5,Systems,Issue,2 - Normal,3 - High,5,3 - Highly satisfied
2301,1765,2 - Regular,7,Systems,Request,2 - Normal,3 - High,18,1 - Unsatisfied
2302,804,2 - Regular,50,Systems,Issue,2 - Normal,0 - Unassigned,6,0 - Unknown
2303,131,2 - Regular,14,Access/Login,Request,2 - Normal,3 - High,1,2 - Satisfied
2304,1137,2 - Regular,8,Systems,Request,2 - Normal,3 - High,10,3 - Highly satisfied
2305,1672,2 - Regular,10,Access/Login,Request,2 - Normal,3 - High,0,0 - Unknown
2306,1125,2 - Regular,37,Access/Login,Issue,2 - Normal,3 - High,0,3 - Highly satisfied
2307,1709,2 - Regular,33,Systems,Issue,2 - Normal,3 - High,2,3 - Highly satisfied
2308,36,4 - Management,25,Systems,Issue,2 - Normal,2 - Medium,7,1 - Unsatisfied
2309,91,2 - Regular,6,Systems,Request,2 - Normal,3 - High,18,1 - Unsatisfied
2310,150,3 - Senior,12,Access/Login,Request,2 - Normal,2 - Medium,0,3 - Highly satisfied
2311,583,2 - Regular,29,Software,Request,2 - Normal,2 - Medium,3,1 - Unsatisfied
2312,248,2 - Regular,12,Access/Login,Request,2 - Normal,3 - High,0,3 - Highly satisfied
2313,1055,3 - Senior,5,Software,Request,2 - Normal,3 - High,2,0 - Unknown
2314,577,1 - Junior,12,Software,Request,2 - Normal,2 - Medium,3,0 - Unknown
2315,740,2 - Regular,47,Hardware,Issue,3 - Major,3 - High,6,3 - Highly satisfied
2316,695,3 - Senior,11,Access/Login,Issue,2 - Normal,3 - High,0,0 - Unknown
2317,119,2 - Regular,5,Hardware,Issue,2 - Normal,1 - Low,20,1 - Unsatisfied
2318,924,2 - Regular,11,Access/Login,Request,3 - Major,2 - Medium,0,0 - Unknown
2319,838,2 - Regular,12,Access/Login,Request,2 - Normal,0 - Unassigned,0,0 - Unknown
2320,59,1 - Junior,39,Software,Request,2 - Normal,0 - Unassigned,12,1 - Unsatisfied
2321,1653,2 - Regular,42,Systems,Request,2 - Normal,0 - Unassigned,5,0 - Unknown
2322,1299,4 - Management,43,Systems,Request,2 - Normal,3 - High,7,2 - Satisfied
2323,864,4 - Management,41,Systems,Request,2 - Normal,3 - High,7,3 - Highly satisfied
2324,485,4 - Management,6,Systems,Issue,2 - Normal,3 - High,8,0 - Unknown
2325,307,4 - Management,43,Software,Request,2 - Normal,3 - High,4,1 - Unsatisfied
2326,814,3 - Senior,16,Software,Request,2 - Normal,3 - High,7,3 - Highly satisfied
2327,8,2 - Regular,41,Access/Login,Request,2 - Normal,3 - High,1,0 - Unknown
2328,143,4 - Management,11,Access/Login,Request,2 - Normal,3 - High,0,2 - Satisfied
2329,1359,3 - Senior,20,Systems,Request,2 - Normal,0 - Unassigned,5,2 - Satisfied
2330,261,2 - Regular,32,Hardware,Issue,2 - Normal,1 - Low,8,0 - Unknown
2331,1943,1 - Junior,20,Systems,Request,2 - Normal,1 - Low,19,0 - Unknown
2332,1917,4 - Management,30,Systems,Request,2 - Normal,0 - Unassigned,6,3 - Highly satisfied
2333,1657,3 - Senior,44,Systems,Issue,2 - Normal,3 - High,1,0 - Unknown
2334,566,4 - Management,46,Systems,Request,2 - Normal,0 - Unassigned,13,1 - Unsatisfied
2335,1074,2 - Regular,33,Access/Login,Request,2 - Normal,3 - High,1,0 - Unknown
2336,1895,1 - Junior,46,Access/Login,Request,2 - Normal,3 - High,0,1 - Unsatisfied
2337,979,3 - Senior,35,Systems,Request,2 - Normal,0 - Unassigned,5,0 - Unknown
2338,702,3 - Senior,26,Systems,Request,2 - Normal,3 - High,5,1 - Unsatisfied
2339,1457,4 - Management,14,Hardware,Request,2 - Normal,3 - High,26,3 - Highly satisfied
2340,247,2 - Regular,25,Access/Login,Issue,2 - Normal,0 - Unassigned,1,1 - Unsatisfied
2341,1580,2 - Regular,23,Systems,Request,2 - Normal,2 - Medium,6,1 - Unsatisfied
2342,302,3 - Senior,9,Access/Login,Issue,2 - Normal,3 - High,1,0 - Unknown
2343,972,2 - Regular,25,Systems,Request,2 - Normal,3 - High,21,1 - Unsatisfied
2344,576,3 - Senior,43,Access/Login,Request,2 - Normal,0 - Unassigned,0,2 - Satisfied
2345,368,1 - Junior,11,Access/Login,Request,2 - Normal,0 - Unassigned,1,0 - Unknown
2346,1165,4 - Management,28,Systems,Request,2 - Normal,3 - High,15,1 - Unsatisfied
2347,551,4 - Management,41,Software,Issue,2 - Normal,3 - High,1,1 - Unsatisfied
2348,353,2 - Regular,33,Systems,Request,2 - Normal,0 - Unassigned,14,1 - Unsatisfied
2349,448,4 - Management,42,Access/Login,Issue,2 - Normal,3 - High,0,3 - Highly satisfied
2350,1573,1 - Junior,1,Systems,Request,2 - Normal,0 - Unassigned,16,2 - Satisfied
2351,1876,4 - Management,10,Access/Login,Request,2 - Normal,2 - Medium,0,3 - Highly satisfied
2352,1361,4 - Management,47,Systems,Request,2 - Normal,3 - High,8,1 - Unsatisfied
2353,16,4 - Management,2,Systems,Request,2 - Normal,3 - High,5,1 - Unsatisfied
2354,1221,3 - Senior,25,Systems,Request,2 - Normal,2 - Medium,18,2 - Satisfied
2355,528,1 - Junior,18,Access/Login,Request,2 - Normal,3 - High,0,3 - Highly satisfied
2356,940,2 - Regular,31,Access/Login,Issue,4 - Critical,1 - Low,0,0 - Unknown
2357,1465,2 - Regular,32,Software,Request,2 - Normal,3 - High,4,0 - Unknown
2358,1913,2 - Regular,3,Hardware,Request,2 - Normal,1 - Low,27,0 - Unknown
2359,1206,2 - Regular,3,Systems,Request,2 - Normal,3 - High,23,0 - Unknown
2360,1387,2 - Regular,23,Systems,Request,2 - Normal,2 - Medium,15,3 - Highly satisfied
2361,1007,3 - Senior,26,Hardware,Request,2 - Normal,3 - High,11,1 - Unsatisfied
2362,1287,2 - Regular,23,Access/Login,Issue,3 - Major,3 - High,0,3 - Highly satisfied
2363,1774,2 - Regular,36,Hardware,Request,2 - Normal,1 - Low,11,2 - Satisfied
2364,530,3 - Senior,28,Systems,Request,2 - Normal,2 - Medium,22,3 - Highly satisfied
2365,1509,3 - Senior,43,Systems,Request,2 - Normal,3 - High,6,1 - Unsatisfied
2366,240,2 - Regular,45,Software,Request,2 - Normal,0 - Unassigned,3,3 - Highly satisfied
2367,400,1 - Junior,42,Systems,Request,2 - Normal,2 - Medium,15,3 - Highly satisfied
2368,1423,2 - Regular,33,Hardware,Request,2 - Normal,3 - High,11,0 - Unknown
2369,689,4 - Management,23,Systems,Issue,2 - Normal,2 - Medium,4,1 - Unsatisfied
2370,292,1 - Junior,35,Access/Login,Request,2 - Normal,0 - Unassigned,1,2 - Satisfied
2371,1615,2 - Regular,6,Systems,Request,2 - Normal,1 - Low,24,1 - Unsatisfied
2372,601,2 - Regular,46,Systems,Issue,2 - Normal,0 - Unassigned,9,1 - Unsatisfied
2373,668,2 - Regular,23,Software,Request,2 - Normal,2 - Medium,9,0 - Unknown
2374,1843,2 - Regular,29,Systems,Issue,2 - Normal,0 - Unassigned,3,0 - Unknown
2375,1277,3 - Senior,28,Access/Login,Issue,2 - Normal,0 - Unassigned,0,1 - Unsatisfied
2376,1743,3 - Senior,4,Software,Request,2 - Normal,0 - Unassigned,14,0 - Unknown
2377,837,4 - Management,18,Systems,Request,2 - Normal,0 - Unassigned,6,3 - Highly satisfied
2378,476,3 - Senior,3,Hardware,Request,2 - Normal,0 - Unassigned,29,1 - Unsatisfied
2379,1260,3 - Senior,27,Systems,Request,2 - Normal,2 - Medium,6,0 - Unknown
2380,1660,3 - Senior,36,Systems,Request,2 - Normal,0 - Unassigned,5,3 - Highly satisfied
2381,1479,2 - Regular,32,Systems,Request,2 - Normal,3 - High,6,0 - Unknown
2382,938,3 - Senior,9,Software,Issue,2 - Normal,3 - High,3,2 - Satisfied
2383,1864,2 - Regular,17,Hardware,Request,2 - Normal,1 - Low,14,3 - Highly satisfied
2384,299,2 - Regular,14,Software,Request,2 - Normal,3 - High,4,0 - Unknown
2385,1043,2 - Regular,16,Systems,Issue,2 - Normal,0 - Unassigned,1,2 - Satisfied
2386,486,4 - Management,34,Software,Request,2 - Normal,3 - High,2,0 - Unknown
2387,749,3 - Senior,49,Access/Login,Request,3 - Major,1 - Low,0,3 - Highly satisfied
2388,1689,2 - Regular,16,Software,Request,2 - Normal,0 - Unassigned,6,3 - Highly satisfied
2389,1360,4 - Management,15,Access/Login,Request,2 - Normal,3 - High,0,0 - Unknown
2390,853,2 - Regular,28,Systems,Request,2 - Normal,3 - High,22,3 - Highly satisfied
2391,270,1 - Junior,4,Hardware,Request,2 - Normal,0 - Unassigned,29,2 - Satisfied
2392,1960,3 - Senior,22,Access/Login,Request,2 - Normal,0 - Unassigned,0,0 - Unknown
2393,979,3 - Senior,14,Systems,Request,2 - Normal,3 - High,8,2 - Satisfied
2394,1568,1 - Junior,30,Access/Login,Request,2 - Normal,1 - Low,0,2 - Satisfied
2395,1487,1 - Junior,42,Access/Login,Issue,2 - Normal,1 - Low,0,0 - Unknown
2396,1927,2 - Regular,42,Access/Login,Request,1 - Minor,3 - High,0,1 - Unsatisfied
2397,532,2 - Regular,37,Systems,Issue,1 - Minor,2 - Medium,1,0 - Unknown
2398,297,1 - Junior,33,Access/Login,Request,3 - Major,1 - Low,0,3 - Highly satisfied
2399,559,1 - Junior,12,Systems,Request,2 - Normal,2 - Medium,6,3 - Highly satisfied
2400,1731,2 - Regular,47,Access/Login,Issue,2 - Normal,2 - Medium,0,0 - Unknown
2401,1254,3 - Senior,4,Hardware,Request,2 - Normal,0 - Unassigned,36,0 - Unknown
2402,130,2 - Regular,44,Systems,Issue,2 - Normal,3 - High,1,2 - Satisfied
2403,1632,3 - Senior,46,Access/Login,Request,2 - Normal,0 - Unassigned,0,0 - Unknown
2404,580,3 - Senior,21,Systems,Issue,2 - Normal,2 - Medium,2,3 - Highly satisfied
2405,1392,1 - Junior,12,Systems,Request,2 - Normal,0 - Unassigned,19,3 - Highly satisfied
2406,811,2 - Regular,30,Access/Login,Request,2 - Normal,3 - High,0,2 - Satisfied
2407,1445,2 - Regular,42,Software,Request,2 - Normal,0 - Unassigned,4,2 - Satisfied
2408,1926,2 - Regular,18,Access/Login,Issue,2 - Normal,0 - Unassigned,1,3 - Highly satisfied
2409,1579,2 - Regular,45,Systems,Request,2 - Normal,3 - High,5,3 - Highly satisfied
2410,1004,2 - Regular,10,Access/Login,Request,2 - Normal,0 - Unassigned,0,0 - Unknown
2411,1046,2 - Regular,3,Access/Login,Issue,2 - Normal,0 - Unassigned,0,0 - Unknown
2412,891,1 - Junior,5,Systems,Request,2 - Normal,0 - Unassigned,7,3 - Highly satisfied
2413,284,2 - Regular,35,Systems,Issue,3 - Major,2 - Medium,11,0 - Unknown
2414,688,1 - Junior,45,Access/Login,Issue,2 - Normal,1 - Low,0,3 - Highly satisfied
2415,1268,2 - Regular,42,Access/Login,Request,2 - Normal,3 - High,0,3 - Highly satisfied
2416,1732,2 - Regular,16,Software,Request,2 - Normal,3 - High,7,2 - Satisfied
2417,982,3 - Senior,35,Access/Login,Request,2 - Normal,0 - Unassigned,0,0 - Unknown
2418,901,4 - Management,27,Access/Login,Request,2 - Normal,3 - High,0,3 - Highly satisfied
2419,88,3 - Senior,30,Systems,Request,2 - Normal,0 - Unassigned,10,0 - Unknown
2420,1087,3 - Senior,34,Systems,Request,2 - Normal,3 - High,6,3 - Highly satisfied
2421,1734,1 - Junior,1,Systems,Request,2 - Normal,2 - Medium,23,0 - Unknown
2422,887,2 - Regular,33,Software,Request,2 - Normal,2 - Medium,3,3 - Highly satisfied
2423,1135,3 - Senior,3,Systems,Issue,2 - Normal,2 - Medium,11,3 - Highly satisfied
2424,15,4 - Management,15,Systems,Request,2 - Normal,3 - High,6,3 - Highly satisfied
2425,874,4 - Management,41,Software,Request,2 - Normal,3 - High,3,3 - Highly satisfied
2426,1301,1 - Junior,40,Access/Login,Request,2 - Normal,1 - Low,1,3 - Highly satisfied
2427,375,2 - Regular,18,Software,Request,2 - Normal,1 - Low,15,0 - Unknown
2428,1933,3 - Senior,42,Systems,Request,2 - Normal,0 - Unassigned,6,2 - Satisfied
2429,1813,1 - Junior,39,Systems,Request,2 - Normal,1 - Low,13,1 - Unsatisfied
2430,613,1 - Junior,49,Hardware,Request,2 - Normal,2 - Medium,25,2 - Satisfied
2431,1782,4 - Management,19,Software,Issue,2 - Normal,1 - Low,7,1 - Unsatisfied
2432,304,4 - Management,19,Software,Request,2 - Normal,3 - High,13,2 - Satisfied
2433,1260,3 - Senior,31,Systems,Request,2 - Normal,3 - High,5,3 - Highly satisfied
2434,1664,2 - Regular,7,Access/Login,Issue,2 - Normal,3 - High,2,0 - Unknown
2435,1544,2 - Regular,19,Systems,Request,1 - Minor,0 - Unassigned,9,2 - Satisfied
2436,1568,1 - Junior,47,Systems,Issue,1 - Minor,1 - Low,2,3 - Highly satisfied
2437,689,4 - Management,37,Access/Login,Request,2 - Normal,0 - Unassigned,0,3 - Highly satisfied
2438,1898,2 - Regular,36,Systems,Request,3 - Major,3 - High,5,3 - Highly satisfied
2439,1151,2 - Regular,7,Systems,Request,2 - Normal,1 - Low,21,1 - Unsatisfied
2440,1999,2 - Regular,43,Software,Request,2 - Normal,1 - Low,5,0 - Unknown
2441,42,2 - Regular,19,Software,Request,2 - Normal,0 - Unassigned,7,1 - Unsatisfied
2442,1333,4 - Management,40,Access/Login,Request,2 - Normal,3 - High,0,3 - Highly satisfied
2443,277,2 - Regular,40,Systems,Issue,2 - Normal,1 - Low,1,0 - Unknown
2444,670,3 - Senior,32,Software,Request,2 - Normal,0 - Unassigned,2,3 - Highly satisfied
2445,799,3 - Senior,44,Systems,Request,2 - Normal,2 - Medium,19,3 - Highly satisfied
2446,1273,2 - Regular,25,Systems,Request,2 - Normal,2 - Medium,15,1 - Unsatisfied
2447,1229,1 - Junior,27,Systems,Issue,2 - Normal,3 - High,2,0 - Unknown
2448,107,2 - Regular,49,Systems,Request,2 - Normal,0 - Unassigned,21,3 - Highly satisfied
2449,1512,3 - Senior,3,Hardware,Request,1 - Minor,3 - High,28,1 - Unsatisfied
2450,24,4 - Management,45,Access/Login,Request,3 - Major,0 - Unassigned,0,0 - Unknown
2451,1066,4 - Management,35,Systems,Request,2 - Normal,3 - High,7,3 - Highly satisfied
2452,1855,4 - Management,35,Software,Request,2 - Normal,3 - High,3,3 - Highly satisfied
2453,771,1 - Junior,42,Access/Login,Issue,3 - Major,3 - High,0,1 - Unsatisfied
2454,277,2 - Regular,20,Systems,Request,2 - Normal,3 - High,5,3 - Highly satisfied
2455,568,3 - Senior,2,Software,Request,2 - Normal,3 - High,5,0 - Unknown
2456,1306,3 - Senior,50,Systems,Request,3 - Major,0 - Unassigned,21,1 - Unsatisfied
2457,1924,1 - Junior,2,Hardware,Request,2 - Normal,2 - Medium,13,3 - Highly satisfied
2458,845,2 - Regular,42,Access/Login,Request,2 - Normal,1 - Low,0,3 - Highly satisfied
2459,1757,1 - Junior,37,Systems,Request,2 - Normal,1 - Low,15,0 - Unknown
2460,421,2 - Regular,40,Systems,Request,2 - Normal,1 - Low,14,1 - Unsatisfied
2461,1253,2 - Regular,39,Systems,Request,2 - Normal,3 - High,16,0 - Unknown
2462,653,1 - Junior,10,Access/Login,Request,2 - Normal,1 - Low,2,2 - Satisfied
2463,613,1 - Junior,35,Systems,Request,2 - Normal,1 - Low,21,2 - Satisfied
2464,345,1 - Junior,45,Systems,Issue,2 - Normal,1 - Low,1,1 - Unsatisfied
2465,1233,4 - Management,45,Systems,Request,2 - Normal,0 - Unassigned,8,2 - Satisfied
2466,410,2 - Regular,6,Access/Login,Request,2 - Normal,3 - High,2,0 - Unknown
2467,98,2 - Regular,41,Software,Request,2 - Normal,2 - Medium,6,3 - Highly satisfied
2468,1057,2 - Regular,3,Systems,Request,2 - Normal,3 - High,14,2 - Satisfied
2469,217,2 - Regular,3,Systems,Issue,2 - Normal,3 - High,7,1 - Unsatisfied
2470,1034,2 - Regular,32,Hardware,Issue,2 - Normal,1 - Low,27,3 - Highly satisfied
2471,1804,3 - Senior,50,Systems,Request,2 - Normal,3 - High,25,2 - Satisfied
2472,1282,1 - Junior,19,Systems,Request,2 - Normal,2 - Medium,15,2 - Satisfied
2473,1875,3 - Senior,10,Systems,Request,2 - Normal,3 - High,7,3 - Highly satisfied
2474,309,1 - Junior,43,Hardware,Issue,2 - Normal,2 - Medium,11,0 - Unknown
2475,198,2 - Regular,40,Systems,Request,3 - Major,0 - Unassigned,5,2 - Satisfied
2476,44,3 - Senior,20,Systems,Issue,2 - Normal,1 - Low,2,2 - Satisfied
2477,662,2 - Regular,41,Access/Login,Issue,2 - Normal,3 - High,0,3 - Highly satisfied
2478,279,2 - Regular,6,Systems,Request,2 - Normal,1 - Low,23,1 - Unsatisfied
2479,1677,2 - Regular,29,Software,Request,2 - Normal,0 - Unassigned,7,0 - Unknown
2480,631,1 - Junior,26,Systems,Request,2 - Normal,0 - Unassigned,19,1 - Unsatisfied
2481,152,2 - Regular,30,Access/Login,Issue,2 - Normal,1 - Low,0,3 - Highly satisfied
2482,940,2 - Regular,3,Access/Login,Request,2 - Normal,2 - Medium,0,2 - Satisfied
2483,491,1 - Junior,4,Systems,Issue,2 - Normal,1 - Low,2,2 - Satisfied
2484,318,1 - Junior,6,Hardware,Issue,2 - Normal,0 - Unassigned,22,1 - Unsatisfied
2485,1028,2 - Regular,44,Access/Login,Request,2 - Normal,1 - Low,1,0 - Unknown
2486,774,2 - Regular,29,Access/Login,Request,2 - Normal,0 - Unassigned,0,3 - Highly satisfied
2487,989,3 - Senior,30,Systems,Request,2 - Normal,3 - High,5,3 - Highly satisfied
2488,1124,2 - Regular,32,Software,Request,2 - Normal,1 - Low,12,3 - Highly satisfied
2489,1161,2 - Regular,30,Access/Login,Request,2 - Normal,2 - Medium,0,2 - Satisfied
2490,415,3 - Senior,14,Access/Login,Request,2 - Normal,2 - Medium,0,3 - Highly satisfied
2491,1590,4 - Management,40,Systems,Request,3 - Major,0 - Unassigned,8,0 - Unknown
2492,1391,4 - Management,19,Access/Login,Request,2 - Normal,0 - Unassigned,0,2 - Satisfied
2493,490,2 - Regular,46,Access/Login,Request,4 - Critical,3 - High,2,1 - Unsatisfied
2494,1464,3 - Senior,17,Systems,Request,2 - Normal,0 - Unassigned,7,0 - Unknown
2495,834,1 - Junior,35,Access/Login,Request,2 - Normal,2 - Medium,0,3 - Highly satisfied
2496,1515,1 - Junior,39,Systems,Issue,2 - Normal,3 - High,7,1 - Unsatisfied
2497,222,1 - Junior,8,Access/Login,Request,2 - Normal,0 - Unassigned,0,0 - Unknown
2498,1116,4 - Management,30,Hardware,Request,2 - Normal,3 - High,13,0 - Unknown
2499,1257,4 - Management,2,Hardware,Request,2 - Normal,0 - Unassigned,10,0 - Unknown
2500,1428,3 - Senior,36,Systems,Request,2 - Normal,1 - Low,7,3 - Highly satisfied
2501,189,2 - Regular,25,Software,Request,2 - Normal,0 - Unassigned,11,1 - Unsatisfied
2502,977,2 - Regular,32,Access/Login,Request,2 - Normal,0 - Unassigned,0,3 - Highly satisfied
2503,912,1 - Junior,28,Software,Request,2 - Normal,2 - Medium,14,0 - Unknown
2504,119,2 - Regular,5,Access/Login,Request,2 - Normal,1 - Low,0,0 - Unknown
2505,1640,3 - Senior,13,Systems,Request,3 - Major,0 - Unassigned,16,1 - Unsatisfied
2506,1763,3 - Senior,32,Systems,Request,2 - Normal,1 - Low,22,1 - Unsatisfied
2507,1756,1 - Junior,19,Systems,Issue,2 - Normal,1 - Low,12,3 - Highly satisfied
2508,1935,2 - Regular,36,Systems,Request,3 - Major,0 - Unassigned,5,0 - Unknown
2509,131,2 - Regular,37,Software,Request,3 - Major,3 - High,3,0 - Unknown
2510,169,2 - Regular,47,Access/Login,Request,2 - Normal,0 - Unassigned,0,0 - Unknown
2511,152,2 - Regular,46,Software,Request,2 - Normal,0 - Unassigned,21,2 - Satisfied
2512,1818,2 - Regular,1,Systems,Request,2 - Normal,0 - Unassigned,15,1 - Unsatisfied
2513,1829,1 - Junior,31,Software,Request,2 - Normal,0 - Unassigned,2,3 - Highly satisfied
2514,1235,2 - Regular,20,Hardware,Request,2 - Normal,2 - Medium,25,0 - Unknown
2515,728,2 - Regular,44,Software,Request,2 - Normal,0 - Unassigned,5,2 - Satisfied
2516,1052,4 - Management,33,Software,Issue,2 - Normal,0 - Unassigned,1,1 - Unsatisfied
2517,430,2 - Regular,39,Systems,Request,2 - Normal,1 - Low,17,1 - Unsatisfied
2518,611,2 - Regular,46,Software,Request,2 - Normal,2 - Medium,8,1 - Unsatisfied
2519,140,1 - Junior,26,Systems,Request,2 - Normal,1 - Low,16,3 - Highly satisfied
2520,136,1 - Junior,16,Access/Login,Request,2 - Normal,1 - Low,0,0 - Unknown
2521,883,1 - Junior,42,Access/Login,Request,2 - Normal,0 - Unassigned,0,1 - Unsatisfied
2522,863,1 - Junior,31,Systems,Request,2 - Normal,0 - Unassigned,7,1 - Unsatisfied
2523,402,1 - Junior,47,Systems,Request,2 - Normal,1 - Low,7,2 - Satisfied
2524,1698,4 - Management,29,Systems,Request,2 - Normal,0 - Unassigned,5,2 - Satisfied
2525,783,1 - Junior,37,Systems,Request,2 - Normal,3 - High,6,2 - Satisfied
2526,407,3 - Senior,22,Access/Login,Request,2 - Normal,0 - Unassigned,3,3 - Highly satisfied
2527,1530,3 - Senior,30,Hardware,Request,2 - Normal,0 - Unassigned,15,1 - Unsatisfied
2528,1001,3 - Senior,29,Systems,Request,2 - Normal,2 - Medium,5,1 - Unsatisfied
2529,1601,4 - Management,9,Systems,Issue,3 - Major,3 - High,12,3 - Highly satisfied
2530,1547,3 - Senior,17,Software,Request,2 - Normal,3 - High,2,3 - Highly satisfied
2531,939,4 - Management,15,Access/Login,Request,2 - Normal,0 - Unassigned,0,0 - Unknown
2532,882,3 - Senior,24,Systems,Request,2 - Normal,3 - High,5,2 - Satisfied
2533,1011,2 - Regular,40,Systems,Request,2 - Normal,0 - Unassigned,9,0 - Unknown
2534,26,1 - Junior,39,Access/Login,Issue,2 - Normal,2 - Medium,0,2 - Satisfied
2535,200,3 - Senior,18,Software,Issue,2 - Normal,3 - High,0,2 - Satisfied
2536,1186,3 - Senior,37,Software,Request,2 - Normal,3 - High,2,0 - Unknown
2537,1160,3 - Senior,16,Systems,Request,2 - Normal,3 - High,6,3 - Highly satisfied
2538,183,2 - Regular,24,Software,Request,2 - Normal,0 - Unassigned,5,2 - Satisfied
2539,24,4 - Management,13,Access/Login,Request,2 - Normal,0 - Unassigned,0,3 - Highly satisfied
2540,603,1 - Junior,17,Systems,Request,2 - Normal,1 - Low,8,0 - Unknown
2541,161,2 - Regular,1,Hardware,Request,2 - Normal,0 - Unassigned,37,1 - Unsatisfied
2542,498,2 - Regular,5,Software,Request,2 - Normal,3 - High,2,3 - Highly satisfied
2543,985,2 - Regular,41,Access/Login,Request,2 - Normal,2 - Medium,0,1 - Unsatisfied
2544,1956,2 - Regular,38,Systems,Request,2 - Normal,2 - Medium,5,2 - Satisfied
2545,1615,2 - Regular,39,Access/Login,Request,2 - Normal,0 - Unassigned,1,1 - Unsatisfied
2546,178,2 - Regular,33,Software,Request,2 - Normal,2 - Medium,6,0 - Unknown
2547,738,2 - Regular,49,Systems,Request,2 - Normal,1 - Low,14,3 - Highly satisfied
2548,610,2 - Regular,22,Systems,Request,2 - Normal,3 - High,14,0 - Unknown
2549,1857,2 - Regular,7,Systems,Issue,2 - Normal,3 - High,9,1 - Unsatisfied
2550,1167,2 - Regular,50,Access/Login,Request,2 - Normal,0 - Unassigned,0,1 - Unsatisfied
2551,1288,2 - Regular,5,Software,Issue,3 - Major,2 - Medium,6,0 - Unknown
2552,1589,2 - Regular,26,Systems,Request,2 - Normal,0 - Unassigned,7,0 - Unknown
2553,348,1 - Junior,20,Hardware,Request,2 - Normal,0 - Unassigned,28,0 - Unknown
2554,20,1 - Junior,49,Systems,Request,2 - Normal,0 - Unassigned,24,3 - Highly satisfied
2555,1810,1 - Junior,34,Systems,Issue,2 - Normal,1 - Low,2,3 - Highly satisfied
2556,618,4 - Management,29,Access/Login,Issue,4 - Critical,0 - Unassigned,0,2 - Satisfied
2557,1881,2 - Regular,29,Systems,Issue,2 - Normal,1 - Low,1,1 - Unsatisfied
2558,1137,2 - Regular,27,Access/Login,Request,2 - Normal,2 - Medium,0,3 - Highly satisfied
2559,967,2 - Regular,16,Software,Request,2 - Normal,0 - Unassigned,4,0 - Unknown
2560,1535,2 - Regular,45,Hardware,Issue,4 - Critical,3 - High,5,3 - Highly satisfied
2561,1105,2 - Regular,34,Access/Login,Request,3 - Major,0 - Unassigned,0,3 - Highly satisfied
2562,674,3 - Senior,50,Access/Login,Issue,2 - Normal,0 - Unassigned,0,0 - Unknown
2563,1040,2 - Regular,12,Access/Login,Request,2 - Normal,0 - Unassigned,0,1 - Unsatisfied
2564,1885,2 - Regular,40,Systems,Issue,3 - Major,0 - Unassigned,1,2 - Satisfied
2565,566,4 - Management,39,Systems,Issue,3 - Major,0 - Unassigned,8,1 - Unsatisfied
2566,905,2 - Regular,42,Access/Login,Request,2 - Normal,0 - Unassigned,0,2 - Satisfied
2567,1324,1 - Junior,40,Systems,Request,3 - Major,1 - Low,16,1 - Unsatisfied
2568,419,4 - Management,29,Access/Login,Request,2 - Normal,3 - High,0,1 - Unsatisfied
2569,766,3 - Senior,4,Systems,Request,2 - Normal,3 - High,13,1 - Unsatisfied
2570,427,2 - Regular,50,Systems,Issue,3 - Major,2 - Medium,8,1 - Unsatisfied
2571,689,4 - Management,17,Software,Issue,2 - Normal,2 - Medium,5,0 - Unknown
2572,421,2 - Regular,33,Hardware,Request,2 - Normal,0 - Unassigned,30,1 - Unsatisfied
2573,938,3 - Senior,28,Access/Login,Request,2 - Normal,0 - Unassigned,1,1 - Unsatisfied
2574,1095,2 - Regular,15,Systems,Request,2 - Normal,2 - Medium,6,3 - Highly satisfied
2575,1859,3 - Senior,46,Software,Request,2 - Normal,0 - Unassigned,6,0 - Unknown
2576,934,1 - Junior,26,Systems,Request,2 - Normal,0 - Unassigned,7,3 - Highly satisfied
2577,382,3 - Senior,28,Systems,Request,2 - Normal,0 - Unassigned,13,0 - Unknown
2578,1522,2 - Regular,46,Hardware,Request,2 - Normal,3 - High,26,2 - Satisfied
2579,1649,2 - Regular,48,Access/Login,Issue,2 - Normal,1 - Low,0,3 - Highly satisfied
2580,61,3 - Senior,24,Access/Login,Request,1 - Minor,1 - Low,0,3 - Highly satisfied
2581,760,3 - Senior,14,Software,Issue,3 - Major,3 - High,3,0 - Unknown
2582,335,4 - Management,5,Software,Issue,2 - Normal,3 - High,2,1 - Unsatisfied
2583,1033,2 - Regular,12,Access/Login,Request,2 - Normal,0 - Unassigned,0,3 - Highly satisfied
2584,477,3 - Senior,1,Access/Login,Request,2 - Normal,3 - High,1,3 - Highly satisfied
2585,1457,4 - Management,27,Systems,Request,2 - Normal,1 - Low,5,0 - Unknown
2586,162,2 - Regular,26,Systems,Request,3 - Major,0 - Unassigned,9,3 - Highly satisfied
2587,1602,3 - Senior,42,Software,Request,2 - Normal,3 - High,5,3 - Highly satisfied
2588,1459,1 - Junior,13,Access/Login,Issue,2 - Normal,3 - High,2,0 - Unknown
2589,304,4 - Management,15,Systems,Request,2 - Normal,0 - Unassigned,8,0 - Unknown
2590,1770,1 - Junior,7,Systems,Issue,3 - Major,1 - Low,6,0 - Unknown
2591,1464,3 - Senior,30,Access/Login,Request,2 - Normal,3 - High,0,3 - Highly satisfied
2592,1188,1 - Junior,1,Software,Request,2 - Normal,0 - Unassigned,16,3 - Highly satisfied
2593,844,1 - Junior,42,Software,Request,2 - Normal,3 - High,3,3 - Highly satisfied
2594,917,4 - Management,18,Software,Request,2 - Normal,2 - Medium,4,0 - Unknown
2595,1105,2 - Regular,28,Systems,Issue,2 - Normal,0 - Unassigned,6,1 - Unsatisfied
2596,1870,4 - Management,38,Systems,Issue,2 - Normal,0 - Unassigned,2,2 - Satisfied
2597,433,1 - Junior,19,Systems,Issue,2 - Normal,1 - Low,9,1 - Unsatisfied
2598,233,2 - Regular,4,Systems,Issue,2 - Normal,2 - Medium,12,1 - Unsatisfied
2599,795,2 - Regular,6,Software,Issue,2 - Normal,3 - High,5,0 - Unknown
2600,1495,2 - Regular,18,Access/Login,Issue,2 - Normal,3 - High,0,1 - Unsatisfied
2601,1317,4 - Management,5,Systems,Request,2 - Normal,3 - High,5,3 - Highly satisfied
2602,1553,1 - Junior,49,Access/Login,Request,2 - Normal,1 - Low,0,1 - Unsatisfied
2603,1140,2 - Regular,36,Software,Issue,2 - Normal,3 - High,1,3 - Highly satisfied
2604,942,2 - Regular,11,Access/Login,Request,2 - Normal,3 - High,1,2 - Satisfied
2605,1053,2 - Regular,41,Systems,Issue,2 - Normal,3 - High,2,3 - Highly satisfied
2606,218,2 - Regular,49,Access/Login,Request,1 - Minor,1 - Low,1,0 - Unknown
2607,1201,1 - Junior,14,Software,Request,2 - Normal,1 - Low,19,0 - Unknown
2608,863,1 - Junior,48,Access/Login,Issue,1 - Minor,0 - Unassigned,0,1 - Unsatisfied
2609,501,1 - Junior,40,Software,Issue,2 - Normal,0 - Unassigned,7,0 - Unknown
2610,449,4 - Management,37,Systems,Request,2 - Normal,3 - High,6,3 - Highly satisfied
2611,1817,3 - Senior,50,Access/Login,Request,2 - Normal,0 - Unassigned,0,1 - Unsatisfied
2612,1122,3 - Senior,9,Access/Login,Issue,3 - Major,2 - Medium,2,0 - Unknown
2613,867,3 - Senior,14,Systems,Request,2 - Normal,3 - High,5,2 - Satisfied
2614,1181,2 - Regular,35,Systems,Issue,1 - Minor,1 - Low,2,0 - Unknown
2615,645,2 - Regular,2,Hardware,Issue,2 - Normal,3 - High,6,1 - Unsatisfied
2616,127,4 - Management,42,Systems,Request,2 - Normal,3 - High,6,0 - Unknown
2617,784,2 - Regular,14,Systems,Issue,2 - Normal,2 - Medium,3,2 - Satisfied
2618,1149,2 - Regular,22,Systems,Request,2 - Normal,0 - Unassigned,16,1 - Unsatisfied
2619,696,2 - Regular,48,Systems,Request,2 - Normal,0 - Unassigned,20,3 - Highly satisfied
2620,1335,4 - Management,24,Systems,Issue,2 - Normal,0 - Unassigned,2,2 - Satisfied
2621,377,3 - Senior,27,Systems,Request,2 - Normal,3 - High,5,0 - Unknown
2622,521,3 - Senior,22,Software,Request,2 - Normal,3 - High,9,2 - Satisfied
2623,1341,2 - Regular,41,Access/Login,Issue,3 - Major,0 - Unassigned,0,0 - Unknown
2624,355,4 - Management,49,Access/Login,Request,2 - Normal,0 - Unassigned,1,0 - Unknown
2625,1805,4 - Management,40,Access/Login,Issue,2 - Normal,0 - Unassigned,0,1 - Unsatisfied
2626,70,1 - Junior,9,Systems,Issue,2 - Normal,0 - Unassigned,19,3 - Highly satisfied
2627,1575,2 - Regular,15,Software,Request,2 - Normal,3 - High,3,3 - Highly satisfied
2628,702,3 - Senior,8,Systems,Request,2 - Normal,3 - High,9,0 - Unknown
2629,1467,2 - Regular,8,Hardware,Request,2 - Normal,2 - Medium,12,3 - Highly satisfied
2630,1795,1 - Junior,24,Hardware,Request,2 - Normal,1 - Low,12,0 - Unknown
2631,112,3 - Senior,28,Software,Issue,2 - Normal,3 - High,5,0 - Unknown
2632,106,1 - Junior,23,Hardware,Issue,0 - Unclassified,0 - Unassigned,8,0 - Unknown
2633,1263,3 - Senior,17,Systems,Request,2 - Normal,0 - Unassigned,6,3 - Highly satisfied
2634,1308,3 - Senior,48,Access/Login,Request,2 - Normal,3 - High,0,1 - Unsatisfied
2635,1737,3 - Senior,41,Software,Issue,2 - Normal,2 - Medium,1,0 - Unknown
2636,1129,2 - Regular,30,Access/Login,Request,1 - Minor,0 - Unassigned,0,3 - Highly satisfied
2637,258,4 - Management,41,Access/Login,Request,2 - Normal,3 - High,0,3 - Highly satisfied
2638,150,3 - Senior,37,Software,Request,2 - Normal,0 - Unassigned,5,2 - Satisfied
2639,1760,3 - Senior,48,Access/Login,Request,2 - Normal,3 - High,0,2 - Satisfied
2640,405,2 - Regular,34,Systems,Request,2 - Normal,0 - Unassigned,5,3 - Highly satisfied
2641,594,2 - Regular,26,Access/Login,Request,2 - Normal,3 - High,0,2 - Satisfied
2642,379,1 - Junior,24,Software,Request,2 - Normal,1 - Low,6,1 - Unsatisfied
2643,560,2 - Regular,47,Access/Login,Request,2 - Normal,3 - High,0,0 - Unknown
2644,1126,2 - Regular,36,Software,Request,2 - Normal,2 - Medium,7,2 - Satisfied
2645,1208,4 - Management,28,Software,Request,2 - Normal,3 - High,8,0 - Unknown
2646,1084,3 - Senior,26,Access/Login,Issue,3 - Major,3 - High,3,3 - Highly satisfied
2647,1245,2 - Regular,28,Systems,Request,2 - Normal,1 - Low,17,0 - Unknown
2648,1849,3 - Senior,21,Systems,Issue,2 - Normal,3 - High,1,3 - Highly satisfied
2649,1145,1 - Junior,48,Access/Login,Request,2 - Normal,0 - Unassigned,1,0 - Unknown
2650,144,1 - Junior,49,Software,Request,2 - Normal,0 - Unassigned,10,0 - Unknown
2651,1943,1 - Junior,33,Access/Login,Issue,3 - Major,2 - Medium,0,2 - Satisfied
2652,1823,4 - Management,4,Hardware,Issue,2 - Normal,3 - High,7,2 - Satisfied
2653,56,1 - Junior,45,Systems,Request,3 - Major,0 - Unassigned,8,2 - Satisfied
2654,88,3 - Senior,25,Systems,Request,2 - Normal,3 - High,13,1 - Unsatisfied
2655,1010,3 - Senior,50,Software,Request,2 - Normal,3 - High,7,1 - Unsatisfied
2656,1628,4 - Management,18,Systems,Request,2 - Normal,0 - Unassigned,8,3 - Highly satisfied
2657,206,4 - Management,15,Hardware,Request,2 - Normal,3 - High,10,3 - Highly satisfied
2658,1547,3 - Senior,41,Systems,Issue,2 - Normal,3 - High,4,2 - Satisfied
2659,530,3 - Senior,35,Access/Login,Request,2 - Normal,3 - High,0,3 - Highly satisfied
2660,1886,3 - Senior,35,Access/Login,Request,2 - Normal,2 - Medium,0,3 - Highly satisfied
2661,1756,1 - Junior,5,Hardware,Request,4 - Critical,0 - Unassigned,29,0 - Unknown
2662,478,2 - Regular,19,Access/Login,Request,2 - Normal,3 - High,0,1 - Unsatisfied
2663,91,2 - Regular,13,Systems,Request,2 - Normal,3 - High,13,1 - Unsatisfied
2664,1493,2 - Regular,26,Access/Login,Request,2 - Normal,3 - High,0,3 - Highly satisfied
2665,128,1 - Junior,33,Hardware,Request,2 - Normal,1 - Low,38,2 - Satisfied
2666,1328,4 - Management,41,Access/Login,Request,2 - Normal,2 - Medium,0,2 - Satisfied
2667,142,2 - Regular,20,Access/Login,Issue,2 - Normal,2 - Medium,1,0 - Unknown
2668,835,2 - Regular,23,Systems,Request,2 - Normal,3 - High,6,3 - Highly satisfied
2669,1144,3 - Senior,10,Hardware,Request,2 - Normal,3 - High,10,1 - Unsatisfied
2670,1812,4 - Management,34,Hardware,Request,1 - Minor,3 - High,14,0 - Unknown
2671,1610,2 - Regular,45,Software,Request,2 - Normal,3 - High,6,3 - Highly satisfied
2672,709,2 - Regular,35,Software,Issue,2 - Normal,3 - High,2,0 - Unknown
2673,1024,2 - Regular,17,Systems,Request,3 - Major,3 - High,5,3 - Highly satisfied
2674,456,1 - Junior,30,Systems,Request,2 - Normal,1 - Low,19,0 - Unknown
2675,1846,2 - Regular,34,Systems,Request,3 - Major,0 - Unassigned,6,3 - Highly satisfied
2676,1121,2 - Regular,42,Systems,Request,2 - Normal,2 - Medium,8,2 - Satisfied
2677,510,1 - Junior,3,Systems,Request,3 - Major,1 - Low,17,2 - Satisfied
2678,1281,2 - Regular,8,Systems,Issue,2 - Normal,3 - High,3,0 - Unknown
2679,1930,2 - Regular,41,Access/Login,Request,2 - Normal,1 - Low,2,3 - Highly satisfied
2680,1258,1 - Junior,11,Systems,Request,2 - Normal,3 - High,12,2 - Satisfied
2681,204,1 - Junior,3,Systems,Request,2 - Normal,1 - Low,19,2 - Satisfied
2682,455,2 - Regular,35,Systems,Request,2 - Normal,1 - Low,7,2 - Satisfied
2683,467,2 - Regular,13,Access/Login,Request,2 - Normal,0 - Unassigned,2,2 - Satisfied
2684,1282,1 - Junior,15,Systems,Request,2 - Normal,2 - Medium,5,2 - Satisfied
2685,1394,2 - Regular,38,Software,Request,3 - Major,3 - High,2,0 - Unknown
2686,1654,2 - Regular,31,Access/Login,Request,2 - Normal,3 - High,0,2 - Satisfied
2687,1098,2 - Regular,20,Hardware,Request,2 - Normal,1 - Low,16,2 - Satisfied
2688,1540,1 - Junior,7,Access/Login,Request,2 - Normal,1 - Low,1,0 - Unknown
2689,1903,1 - Junior,36,Systems,Request,2 - Normal,2 - Medium,5,3 - Highly satisfied
2690,191,3 - Senior,33,Access/Login,Request,2 - Normal,0 - Unassigned,1,0 - Unknown
2691,67,4 - Management,44,Software,Request,2 - Normal,3 - High,7,0 - Unknown
2692,1413,2 - Regular,7,Access/Login,Request,2 - Normal,2 - Medium,0,3 - Highly satisfied
2693,507,2 - Regular,18,Systems,Request,2 - Normal,0 - Unassigned,15,3 - Highly satisfied
2694,456,1 - Junior,17,Systems,Request,2 - Normal,0 - Unassigned,6,3 - Highly satisfied
2695,506,2 - Regular,7,Systems,Request,2 - Normal,0 - Unassigned,16,2 - Satisfied
2696,607,2 - Regular,23,Software,Issue,2 - Normal,1 - Low,4,0 - Unknown
2697,236,2 - Regular,28,Hardware,Request,2 - Normal,0 - Unassigned,31,0 - Unknown
2698,95,2 - Regular,28,Access/Login,Request,3 - Major,1 - Low,0,1 - Unsatisfied
2699,1030,3 - Senior,27,Systems,Request,2 - Normal,0 - Unassigned,8,3 - Highly satisfied
2700,360,1 - Junior,3,Systems,Issue,2 - Normal,1 - Low,3,2 - Satisfied
2701,1726,3 - Senior,31,Software,Request,2 - Normal,3 - High,5,1 - Unsatisfied
2702,1858,2 - Regular,24,Software,Request,2 - Normal,2 - Medium,5,1 - Unsatisfied
2703,128,1 - Junior,44,Software,Request,2 - Normal,1 - Low,10,1 - Unsatisfied
2704,1013,4 - Management,24,Systems,Request,2 - Normal,3 - High,5,2 - Satisfied
2705,1929,1 - Junior,26,Software,Request,2 - Normal,1 - Low,8,0 - Unknown
2706,1712,2 - Regular,41,Access/Login,Issue,2 - Normal,0 - Unassigned,0,1 - Unsatisfied
2707,613,1 - Junior,10,Software,Request,2 - Normal,2 - Medium,11,3 - Highly satisfied
2708,805,2 - Regular,31,Access/Login,Issue,2 - Normal,2 - Medium,0,3 - Highly satisfied
2709,982,3 - Senior,30,Access/Login,Request,2 - Normal,3 - High,0,2 - Satisfied
2710,1598,4 - Management,27,Access/Login,Request,2 - Normal,3 - High,0,2 - Satisfied
2711,1835,1 - Junior,37,Access/Login,Request,2 - Normal,1 - Low,1,0 - Unknown
2712,1290,2 - Regular,3,Systems,Request,2 - Normal,1 - Low,17,0 - Unknown
2713,346,3 - Senior,22,Access/Login,Issue,2 - Normal,3 - High,0,3 - Highly satisfied
2714,193,2 - Regular,13,Access/Login,Request,2 - Normal,3 - High,1,1 - Unsatisfied
2715,1703,1 - Junior,5,Access/Login,Request,2 - Normal,1 - Low,1,3 - Highly satisfied
2716,417,2 - Regular,26,Systems,Request,2 - Normal,0 - Unassigned,14,0 - Unknown
2717,1317,4 - Management,41,Systems,Issue,0 - Unclassified,3 - High,3,0 - Unknown
2718,789,3 - Senior,22,Systems,Request,2 - Normal,0 - Unassigned,14,0 - Unknown
2719,1773,2 - Regular,18,Access/Login,Issue,2 - Normal,3 - High,0,2 - Satisfied
2720,791,4 - Management,22,Access/Login,Request,2 - Normal,3 - High,0,1 - Unsatisfied
2721,168,4 - Management,22,Software,Request,2 - Normal,3 - High,11,0 - Unknown
2722,1928,3 - Senior,36,Hardware,Request,2 - Normal,3 - High,12,1 - Unsatisfied
2723,992,1 - Junior,28,Software,Issue,2 - Normal,3 - High,5,1 - Unsatisfied
2724,1882,2 - Regular,26,Access/Login,Request,3 - Major,3 - High,0,3 - Highly satisfied
2725,1060,2 - Regular,37,Access/Login,Request,2 - Normal,2 - Medium,0,3 - Highly satisfied
2726,1473,3 - Senior,28,Software,Request,2 - Normal,0 - Unassigned,17,0 - Unknown
2727,1287,2 - Regular,44,Software,Request,2 - Normal,3 - High,2,2 - Satisfied
2728,1895,1 - Junior,23,Systems,Request,2 - Normal,2 - Medium,13,2 - Satisfied
2729,1201,1 - Junior,6,Access/Login,Request,2 - Normal,2 - Medium,2,0 - Unknown
2730,350,3 - Senior,32,Systems,Request,3 - Major,2 - Medium,18,3 - Highly satisfied
2731,1964,2 - Regular,20,Access/Login,Issue,2 - Normal,1 - Low,0,3 - Highly satisfied
2732,564,2 - Regular,32,Software,Request,2 - Normal,2 - Medium,8,0 - Unknown
2733,1495,2 - Regular,15,Systems,Request,2 - Normal,0 - Unassigned,7,2 - Satisfied
2734,1957,2 - Regular,18,Access/Login,Request,2 - Normal,1 - Low,2,3 - Highly satisfied
2735,1106,1 - Junior,32,Systems,Request,2 - Normal,0 - Unassigned,18,2 - Satisfied
2736,394,1 - Junior,9,Access/Login,Request,2 - Normal,0 - Unassigned,1,2 - Satisfied
2737,557,2 - Regular,10,Hardware,Request,2 - Normal,3 - High,12,0 - Unknown
2738,1717,3 - Senior,26,Software,Issue,2 - Normal,3 - High,2,3 - Highly satisfied
2739,934,1 - Junior,34,Systems,Issue,2 - Normal,1 - Low,7,3 - Highly satisfied
2740,1961,4 - Management,46,Access/Login,Request,2 - Normal,0 - Unassigned,0,1 - Unsatisfied
2741,1882,2 - Regular,33,Access/Login,Request,2 - Normal,2 - Medium,0,3 - Highly satisfied
2742,355,4 - Management,1,Systems,Request,2 - Normal,0 - Unassigned,22,2 - Satisfied
2743,1275,1 - Junior,31,Hardware,Request,2 - Normal,2 - Medium,13,3 - Highly satisfied
2744,1876,4 - Management,43,Access/Login,Request,2 - Normal,3 - High,0,3 - Highly satisfied
2745,1980,4 - Management,2,Systems,Request,2 - Normal,0 - Unassigned,5,2 - Satisfied
2746,383,2 - Regular,22,Access/Login,Request,2 - Normal,0 - Unassigned,0,2 - Satisfied
2747,665,3 - Senior,48,Hardware,Request,2 - Normal,3 - High,10,2 - Satisfied
2748,1566,2 - Regular,10,Access/Login,Issue,0 - Unclassified,0 - Unassigned,0,3 - Highly satisfied
2749,326,2 - Regular,49,Hardware,Request,2 - Normal,1 - Low,35,0 - Unknown
2750,1603,1 - Junior,26,Systems,Request,2 - Normal,1 - Low,17,1 - Unsatisfied
2751,1928,3 - Senior,31,Access/Login,Request,2 - Normal,3 - High,0,3 - Highly satisfied
2752,919,2 - Regular,46,Systems,Request,2 - Normal,0 - Unassigned,29,0 - Unknown
2753,1547,3 - Senior,38,Software,Issue,2 - Normal,0 - Unassigned,6,3 - Highly satisfied
2754,1152,4 - Management,50,Software,Issue,4 - Critical,3 - High,3,0 - Unknown
2755,1797,2 - Regular,27,Systems,Request,2 - Normal,0 - Unassigned,5,3 - Highly satisfied
2756,544,2 - Regular,13,Software,Request,2 - Normal,3 - High,21,0 - Unknown
2757,1329,3 - Senior,15,Access/Login,Request,2 - Normal,2 - Medium,0,1 - Unsatisfied
2758,1235,2 - Regular,15,Systems,Request,2 - Normal,1 - Low,8,3 - Highly satisfied
2759,1925,2 - Regular,27,Systems,Request,2 - Normal,3 - High,7,3 - Highly satisfied
2760,1005,2 - Regular,34,Access/Login,Request,2 - Normal,1 - Low,0,3 - Highly satisfied
2761,1561,3 - Senior,22,Systems,Request,2 - Normal,3 - High,19,0 - Unknown
2762,1017,2 - Regular,9,Systems,Request,2 - Normal,3 - High,6,3 - Highly satisfied
2763,1052,4 - Management,20,Systems,Request,2 - Normal,3 - High,5,3 - Highly satisfied
2764,6,3 - Senior,40,Access/Login,Request,2 - Normal,3 - High,1,0 - Unknown
2765,800,2 - Regular,43,Access/Login,Request,2 - Normal,3 - High,0,3 - Highly satisfied
2766,81,1 - Junior,44,Systems,Request,2 - Normal,1 - Low,22,2 - Satisfied
2767,248,2 - Regular,19,Systems,Request,3 - Major,3 - High,25,2 - Satisfied
2768,1601,4 - Management,5,Access/Login,Request,3 - Major,3 - High,0,0 - Unknown
2769,101,1 - Junior,32,Systems,Request,2 - Normal,1 - Low,14,3 - Highly satisfied
2770,1852,2 - Regular,22,Systems,Request,2 - Normal,3 - High,15,0 - Unknown
2771,565,2 - Regular,27,Systems,Request,2 - Normal,0 - Unassigned,10,3 - Highly satisfied
2772,1353,2 - Regular,32,Systems,Issue,2 - Normal,3 - High,2,2 - Satisfied
2773,1061,2 - Regular,27,Hardware,Request,2 - Normal,0 - Unassigned,10,3 - Highly satisfied
2774,1518,2 - Regular,4,Access/Login,Request,4 - Critical,0 - Unassigned,0,3 - Highly satisfied
2775,571,2 - Regular,19,Software,Request,2 - Normal,3 - High,3,2 - Satisfied
2776,1720,3 - Senior,25,Access/Login,Request,2 - Normal,3 - High,0,3 - Highly satisfied
2777,1223,2 - Regular,3,Systems,Issue,2 - Normal,3 - High,7,2 - Satisfied
2778,1840,1 - Junior,29,Access/Login,Request,2 - Normal,3 - High,0,3 - Highly satisfied
2779,1551,3 - Senior,11,Access/Login,Request,2 - Normal,2 - Medium,0,2 - Satisfied
2780,1372,2 - Regular,31,Systems,Issue,2 - Normal,0 - Unassigned,4,3 - Highly satisfied
2781,777,1 - Junior,46,Software,Request,2 - Normal,0 - Unassigned,6,0 - Unknown
2782,1292,1 - Junior,32,Software,Request,2 - Normal,0 - Unassigned,11,3 - Highly satisfied
2783,975,4 - Management,32,Software,Request,2 - Normal,0 - Unassigned,7,3 - Highly satisfied
2784,178,2 - Regular,28,Access/Login,Issue,2 - Normal,0 - Unassigned,1,3 - Highly satisfied
2785,1289,1 - Junior,18,Hardware,Request,2 - Normal,1 - Low,33,3 - Highly satisfied
2786,526,4 - Management,42,Software,Request,2 - Normal,3 - High,4,0 - Unknown
2787,438,4 - Management,23,Systems,Issue,3 - Major,3 - High,1,2 - Satisfied
2788,437,1 - Junior,47,Access/Login,Issue,1 - Minor,1 - Low,0,0 - Unknown
2789,821,1 - Junior,7,Access/Login,Request,2 - Normal,3 - High,0,3 - Highly satisfied
2790,268,1 - Junior,36,Software,Request,2 - Normal,3 - High,4,2 - Satisfied
2791,291,1 - Junior,31,Systems,Issue,2 - Normal,2 - Medium,2,0 - Unknown
2792,30,2 - Regular,42,Hardware,Issue,2 - Normal,1 - Low,11,3 - Highly satisfied
2793,54,2 - Regular,2,Access/Login,Request,2 - Normal,0 - Unassigned,0,2 - Satisfied
2794,625,1 - Junior,26,Access/Login,Issue,2 - Normal,2 - Medium,1,1 - Unsatisfied
2795,1812,4 - Management,3,Systems,Request,2 - Normal,2 - Medium,16,1 - Unsatisfied
2796,1076,2 - Regular,26,Systems,Request,2 - Normal,0 - Unassigned,9,0 - Unknown
2797,1787,3 - Senior,47,Systems,Request,2 - Normal,3 - High,5,3 - Highly satisfied
2798,1715,3 - Senior,31,Systems,Request,2 - Normal,3 - High,8,0 - Unknown
2799,467,2 - Regular,28,Access/Login,Issue,2 - Normal,0 - Unassigned,0,0 - Unknown
2800,1330,2 - Regular,33,Access/Login,Issue,2 - Normal,2 - Medium,1,3 - Highly satisfied
2801,647,1 - Junior,17,Access/Login,Request,2 - Normal,2 - Medium,0,3 - Highly satisfied
2802,1282,1 - Junior,47,Access/Login,Request,2 - Normal,2 - Medium,0,3 - Highly satisfied
2803,1942,2 - Regular,36,Systems,Request,2 - Normal,1 - Low,10,3 - Highly satisfied
2804,496,2 - Regular,27,Systems,Issue,2 - Normal,3 - High,1,3 - Highly satisfied
2805,1734,1 - Junior,24,Systems,Request,2 - Normal,2 - Medium,6,1 - Unsatisfied
2806,1863,2 - Regular,19,Software,Issue,2 - Normal,3 - High,0,3 - Highly satisfied
2807,1637,3 - Senior,38,Access/Login,Request,2 - Normal,0 - Unassigned,0,0 - Unknown
2808,11,2 - Regular,42,Access/Login,Request,2 - Normal,3 - High,0,2 - Satisfied
2809,929,4 - Management,1,Access/Login,Issue,2 - Normal,3 - High,1,0 - Unknown
2810,1968,1 - Junior,26,Systems,Request,2 - Normal,3 - High,5,2 - Satisfied
2811,182,4 - Management,44,Access/Login,Issue,2 - Normal,3 - High,0,2 - Satisfied
2812,1497,1 - Junior,30,Systems,Issue,2 - Normal,2 - Medium,4,2 - Satisfied
2813,621,3 - Senior,30,Systems,Request,2 - Normal,1 - Low,13,2 - Satisfied
2814,1927,2 - Regular,12,Software,Request,2 - Normal,2 - Medium,4,1 - Unsatisfied
2815,1554,2 - Regular,20,Software,Issue,2 - Normal,1 - Low,4,3 - Highly satisfied
2816,1323,3 - Senior,14,Access/Login,Request,2 - Normal,3 - High,0,1 - Unsatisfied
2817,1668,1 - Junior,38,Access/Login,Issue,2 - Normal,0 - Unassigned,0,2 - Satisfied
2818,6,3 - Senior,19,Systems,Request,2 - Normal,2 - Medium,20,1 - Unsatisfied
2819,359,1 - Junior,31,Systems,Issue,2 - Normal,3 - High,6,3 - Highly satisfied
2820,529,2 - Regular,50,Access/Login,Issue,3 - Major,0 - Unassigned,0,2 - Satisfied
2821,1395,2 - Regular,10,Systems,Request,2 - Normal,0 - Unassigned,13,0 - Unknown
2822,1128,2 - Regular,48,Systems,Issue,2 - Normal,2 - Medium,1,3 - Highly satisfied
2823,1555,2 - Regular,50,Access/Login,Request,2 - Normal,0 - Unassigned,1,1 - Unsatisfied
2824,257,2 - Regular,39,Access/Login,Issue,1 - Minor,3 - High,1,0 - Unknown
2825,1291,1 - Junior,4,Hardware,Request,2 - Normal,1 - Low,29,1 - Unsatisfied
2826,1881,2 - Regular,1,Access/Login,Issue,2 - Normal,0 - Unassigned,0,3 - Highly satisfied
2827,827,2 - Regular,37,Systems,Issue,2 - Normal,0 - Unassigned,7,3 - Highly satisfied
2828,1570,1 - Junior,3,Access/Login,Issue,2 - Normal,1 - Low,0,1 - Unsatisfied
2829,671,2 - Regular,3,Systems,Request,2 - Normal,1 - Low,19,0 - Unknown
2830,1839,3 - Senior,7,Access/Login,Issue,2 - Normal,2 - Medium,1,1 - Unsatisfied
2831,237,1 - Junior,11,Hardware,Issue,2 - Normal,1 - Low,18,0 - Unknown
2832,837,4 - Management,46,Access/Login,Issue,2 - Normal,0 - Unassigned,1,3 - Highly satisfied
2833,345,1 - Junior,16,Software,Request,2 - Normal,2 - Medium,7,1 - Unsatisfied
2834,1225,3 - Senior,38,Systems,Issue,2 - Normal,3 - High,2,2 - Satisfied
2835,855,4 - Management,35,Access/Login,Request,2 - Normal,3 - High,0,0 - Unknown
2836,687,1 - Junior,4,Access/Login,Request,2 - Normal,1 - Low,0,2 - Satisfied
2837,1210,2 - Regular,40,Access/Login,Request,3 - Major,3 - High,1,3 - Highly satisfied
2838,1571,1 - Junior,11,Hardware,Request,3 - Major,2 - Medium,29,1 - Unsatisfied
2839,1617,4 - Management,17,Software,Request,2 - Normal,3 - High,3,2 - Satisfied
2840,1932,4 - Management,48,Systems,Request,2 - Normal,3 - High,8,3 - Highly satisfied
2841,1981,2 - Regular,33,Access/Login,Request,2 - Normal,1 - Low,0,3 - Highly satisfied
2842,1680,2 - Regular,4,Software,Request,4 - Critical,2 - Medium,9,2 - Satisfied
2843,244,1 - Junior,27,Software,Request,2 - Normal,0 - Unassigned,3,0 - Unknown
2844,697,4 - Management,5,Access/Login,Request,2 - Normal,0 - Unassigned,0,0 - Unknown
2845,666,2 - Regular,15,Systems,Issue,2 - Normal,3 - High,4,3 - Highly satisfied
2846,1891,1 - Junior,34,Access/Login,Request,2 - Normal,1 - Low,0,0 - Unknown
2847,900,4 - Management,47,Systems,Request,2 - Normal,0 - Unassigned,7,2 - Satisfied
2848,618,4 - Management,5,Systems,Request,2 - Normal,3 - High,10,3 - Highly satisfied
2849,550,1 - Junior,23,Hardware,Request,2 - Normal,1 - Low,26,2 - Satisfied
2850,1285,1 - Junior,14,Hardware,Request,2 - Normal,0 - Unassigned,12,2 - Satisfied
2851,1263,3 - Senior,32,Software,Request,2 - Normal,0 - Unassigned,3,3 - Highly satisfied
2852,1795,1 - Junior,39,Software,Request,2 - Normal,3 - High,14,0 - Unknown
2853,179,2 - Regular,14,Systems,Issue,2 - Normal,0 - Unassigned,8,0 - Unknown
2854,966,3 - Senior,15,Access/Login,Issue,2 - Normal,0 - Unassigned,0,3 - Highly satisfied
2855,1373,3 - Senior,37,Access/Login,Request,2 - Normal,0 - Unassigned,0,3 - Highly satisfied
2856,1236,1 - Junior,25,Systems,Request,2 - Normal,1 - Low,17,0 - Unknown
2857,1856,2 - Regular,2,Hardware,Request,2 - Normal,3 - High,10,0 - Unknown
2858,568,3 - Senior,8,Systems,Request,2 - Normal,3 - High,8,0 - Unknown
2859,808,2 - Regular,28,Hardware,Request,3 - Major,2 - Medium,27,0 - Unknown
2860,27,1 - Junior,23,Software,Request,2 - Normal,1 - Low,8,2 - Satisfied
2861,1464,3 - Senior,19,Access/Login,Request,2 - Normal,2 - Medium,0,3 - Highly satisfied
2862,748,3 - Senior,45,Software,Request,2 - Normal,3 - High,4,3 - Highly satisfied
2863,1356,2 - Regular,7,Hardware,Issue,2 - Normal,3 - High,13,2 - Satisfied
2864,1881,2 - Regular,28,Access/Login,Issue,2 - Normal,1 - Low,3,1 - Unsatisfied
2865,1337,2 - Regular,1,Access/Login,Request,1 - Minor,3 - High,0,1 - Unsatisfied
2866,46,4 - Management,6,Software,Issue,4 - Critical,0 - Unassigned,3,1 - Unsatisfied
2867,787,2 - Regular,41,Access/Login,Issue,2 - Normal,0 - Unassigned,1,3 - Highly satisfied
2868,1782,4 - Management,38,Systems,Request,2 - Normal,3 - High,5,2 - Satisfied
2869,1617,4 - Management,46,Access/Login,Request,2 - Normal,1 - Low,0,1 - Unsatisfied
2870,5,2 - Regular,16,Software,Request,2 - Normal,2 - Medium,4,0 - Unknown
2871,605,3 - Senior,42,Software,Request,2 - Normal,3 - High,5,2 - Satisfied
2872,748,3 - Senior,16,Software,Issue,2 - Normal,3 - High,0,3 - Highly satisfied
2873,163,4 - Management,12,Access/Login,Issue,2 - Normal,3 - High,0,0 - Unknown
2874,397,4 - Management,36,Access/Login,Request,1 - Minor,3 - High,0,3 - Highly satisfied
2875,743,4 - Management,26,Systems,Request,2 - Normal,0 - Unassigned,8,1 - Unsatisfied
2876,548,4 - Management,37,Access/Login,Request,2 - Normal,0 - Unassigned,1,3 - Highly satisfied
2877,882,3 - Senior,47,Access/Login,Request,2 - Normal,0 - Unassigned,0,3 - Highly satisfied
2878,184,1 - Junior,9,Access/Login,Request,2 - Normal,1 - Low,1,2 - Satisfied
2879,700,3 - Senior,44,Systems,Request,2 - Normal,0 - Unassigned,6,3 - Highly satisfied
2880,868,2 - Regular,17,Systems,Request,2 - Normal,2 - Medium,6,0 - Unknown
2881,1446,2 - Regular,43,Software,Issue,0 - Unclassified,1 - Low,2,1 - Unsatisfied
2882,1272,3 - Senior,13,Access/Login,Request,1 - Minor,0 - Unassigned,0,1 - Unsatisfied
2883,199,2 - Regular,36,Access/Login,Request,2 - Normal,0 - Unassigned,0,2 - Satisfied
2884,98,2 - Regular,47,Hardware,Request,2 - Normal,0 - Unassigned,12,3 - Highly satisfied
2885,396,4 - Management,28,Access/Login,Request,2 - Normal,3 - High,1,0 - Unknown
2886,1552,1 - Junior,14,Access/Login,Issue,2 - Normal,2 - Medium,2,1 - Unsatisfied
2887,839,4 - Management,23,Hardware,Request,2 - Normal,3 - High,12,0 - Unknown
2888,497,2 - Regular,5,Software,Request,2 - Normal,1 - Low,5,1 - Unsatisfied
2889,1030,3 - Senior,37,Hardware,Request,3 - Major,3 - High,12,3 - Highly satisfied
2890,1663,4 - Management,42,Hardware,Issue,2 - Normal,3 - High,5,3 - Highly satisfied
2891,23,2 - Regular,36,Access/Login,Request,2 - Normal,2 - Medium,0,1 - Unsatisfied
2892,762,1 - Junior,43,Software,Request,2 - Normal,2 - Medium,3,1 - Unsatisfied
2893,1240,1 - Junior,19,Systems,Request,2 - Normal,1 - Low,19,1 - Unsatisfied
2894,660,4 - Management,46,Systems,Request,2 - Normal,3 - High,20,1 - Unsatisfied
2895,530,3 - Senior,22,Systems,Issue,2 - Normal,1 - Low,17,3 - Highly satisfied
2896,512,1 - Junior,25,Systems,Request,1 - Minor,0 - Unassigned,8,2 - Satisfied
2897,570,2 - Regular,22,Systems,Request,2 - Normal,2 - Medium,20,0 - Unknown
2898,1642,3 - Senior,38,Software,Request,2 - Normal,3 - High,5,3 - Highly satisfied
2899,1192,3 - Senior,44,Hardware,Request,2 - Normal,0 - Unassigned,12,2 - Satisfied
2900,825,2 - Regular,33,Hardware,Request,2 - Normal,3 - High,12,3 - Highly satisfied
2901,679,2 - Regular,28,Systems,Request,2 - Normal,1 - Low,14,1 - Unsatisfied
2902,1100,2 - Regular,39,Systems,Request,2 - Normal,1 - Low,16,0 - Unknown
2903,595,4 - Management,5,Software,Issue,2 - Normal,3 - High,0,3 - Highly satisfied
2904,1118,2 - Regular,10,Software,Request,2 - Normal,1 - Low,7,0 - Unknown
2905,1957,2 - Regular,29,Systems,Issue,2 - Normal,0 - Unassigned,1,0 - Unknown
2906,1464,3 - Senior,24,Systems,Request,3 - Major,3 - High,8,3 - Highly satisfied
2907,813,2 - Regular,6,Systems,Request,2 - Normal,2 - Medium,26,1 - Unsatisfied
2908,1873,2 - Regular,39,Systems,Issue,2 - Normal,0 - Unassigned,4,1 - Unsatisfied
2909,1713,4 - Management,6,Access/Login,Request,2 - Normal,0 - Unassigned,1,0 - Unknown
2910,1492,4 - Management,32,Hardware,Request,2 - Normal,3 - High,11,3 - Highly satisfied
2911,1797,2 - Regular,24,Systems,Request,2 - Normal,0 - Unassigned,8,2 - Satisfied
2912,490,2 - Regular,48,Access/Login,Request,2 - Normal,3 - High,0,2 - Satisfied
2913,1785,2 - Regular,15,Software,Request,2 - Normal,0 - Unassigned,6,3 - Highly satisfied
2914,1869,2 - Regular,16,Systems,Request,2 - Normal,0 - Unassigned,10,3 - Highly satisfied
2915,309,1 - Junior,26,Access/Login,Issue,2 - Normal,2 - Medium,0,3 - Highly satisfied
2916,1566,2 - Regular,42,Systems,Request,2 - Normal,3 - High,5,3 - Highly satisfied
2917,1859,3 - Senior,26,Hardware,Request,2 - Normal,2 - Medium,37,0 - Unknown
2918,332,2 - Regular,29,Systems,Request,2 - Normal,3 - High,5,0 - Unknown
2919,83,1 - Junior,24,Software,Issue,3 - Major,2 - Medium,3,2 - Satisfied
2920,327,2 - Regular,31,Access/Login,Request,2 - Normal,3 - High,0,1 - Unsatisfied
2921,1358,2 - Regular,1,Systems,Request,2 - Normal,1 - Low,16,0 - Unknown
2922,1998,1 - Junior,48,Software,Request,2 - Normal,0 - Unassigned,8,1 - Unsatisfied
2923,248,2 - Regular,48,Access/Login,Request,4 - Critical,0 - Unassigned,1,2 - Satisfied
2924,1021,2 - Regular,40,Hardware,Request,2 - Normal,2 - Medium,20,0 - Unknown
2925,1675,4 - Management,39,Access/Login,Request,2 - Normal,3 - High,0,0 - Unknown
2926,220,1 - Junior,12,Hardware,Issue,2 - Normal,1 - Low,6,3 - Highly satisfied
2927,1061,2 - Regular,30,Systems,Request,2 - Normal,3 - High,9,1 - Unsatisfied
2928,581,4 - Management,29,Systems,Request,2 - Normal,0 - Unassigned,5,0 - Unknown
2929,263,3 - Senior,7,Systems,Request,2 - Normal,2 - Medium,13,0 - Unknown
2930,31,4 - Management,27,Access/Login,Request,2 - Normal,0 - Unassigned,0,0 - Unknown
2931,1498,3 - Senior,36,Systems,Issue,2 - Normal,2 - Medium,3,1 - Unsatisfied
2932,1151,2 - Regular,21,Systems,Request,2 - Normal,1 - Low,5,3 - Highly satisfied
2933,369,3 - Senior,36,Systems,Request,2 - Normal,3 - High,5,3 - Highly satisfied
2934,1321,2 - Regular,18,Hardware,Request,4 - Critical,0 - Unassigned,34,2 - Satisfied
2935,18,1 - Junior,7,Systems,Request,2 - Normal,2 - Medium,16,3 - Highly satisfied
2936,475,2 - Regular,31,Systems,Request,2 - Normal,0 - Unassigned,6,3 - Highly satisfied
2937,1902,4 - Management,40,Hardware,Issue,2 - Normal,0 - Unassigned,5,3 - Highly satisfied
2938,1282,1 - Junior,49,Hardware,Issue,1 - Minor,1 - Low,14,1 - Unsatisfied
2939,228,4 - Management,43,Access/Login,Request,2 - Normal,3 - High,0,1 - Unsatisfied
2940,1351,2 - Regular,33,Access/Login,Request,2 - Normal,0 - Unassigned,0,2 - Satisfied
2941,1614,2 - Regular,30,Access/Login,Request,2 - Normal,3 - High,0,1 - Unsatisfied
2942,717,2 - Regular,19,Software,Request,2 - Normal,2 - Medium,7,3 - Highly satisfied
2943,409,1 - Junior,27,Systems,Request,1 - Minor,1 - Low,6,0 - Unknown
2944,1677,2 - Regular,15,Software,Request,2 - Normal,2 - Medium,2,0 - Unknown
2945,70,1 - Junior,25,Software,Request,2 - Normal,0 - Unassigned,11,1 - Unsatisfied
2946,454,4 - Management,1,Systems,Request,2 - Normal,3 - High,26,1 - Unsatisfied
2947,30,2 - Regular,50,Software,Request,2 - Normal,1 - Low,13,1 - Unsatisfied
2948,682,4 - Management,7,Access/Login,Request,2 - Normal,3 - High,0,1 - Unsatisfied
2949,1194,4 - Management,16,Access/Login,Request,2 - Normal,3 - High,0,2 - Satisfied
2950,638,2 - Regular,30,Access/Login,Issue,2 - Normal,1 - Low,1,3 - Highly satisfied
2951,543,1 - Junior,4,Hardware,Issue,2 - Normal,3 - High,11,0 - Unknown
2952,1938,2 - Regular,10,Software,Request,2 - Normal,1 - Low,10,3 - Highly satisfied
2953,1226,2 - Regular,36,Hardware,Request,2 - Normal,3 - High,17,0 - Unknown
2954,275,2 - Regular,27,Systems,Request,2 - Normal,3 - High,5,3 - Highly satisfied
2955,1257,4 - Management,9,Hardware,Issue,2 - Normal,3 - High,7,3 - Highly satisfied
2956,926,2 - Regular,12,Systems,Request,2 - Normal,0 - Unassigned,9,2 - Satisfied
2957,1493,2 - Regular,22,Access/Login,Request,2 - Normal,2 - Medium,0,0 - Unknown
2958,750,1 - Junior,41,Access/Login,Issue,2 - Normal,1 - Low,0,3 - Highly satisfied
2959,231,4 - Management,6,Hardware,Request,2 - Normal,3 - High,33,2 - Satisfied
2960,1782,4 - Management,47,Hardware,Request,2 - Normal,0 - Unassigned,11,3 - Highly satisfied
2961,652,4 - Management,33,Access/Login,Issue,2 - Normal,3 - High,0,3 - Highly satisfied
2962,278,2 - Regular,28,Systems,Request,2 - Normal,3 - High,35,1 - Unsatisfied
2963,1710,2 - Regular,3,Systems,Request,2 - Normal,2 - Medium,14,1 - Unsatisfied
2964,1377,3 - Senior,19,Hardware,Request,2 - Normal,3 - High,15,3 - Highly satisfied
2965,796,1 - Junior,33,Systems,Request,2 - Normal,3 - High,6,2 - Satisfied
2966,1867,3 - Senior,47,Hardware,Request,2 - Normal,0 - Unassigned,11,2 - Satisfied
2967,1430,4 - Management,8,Software,Request,2 - Normal,0 - Unassigned,3,0 - Unknown
2968,1978,3 - Senior,18,Access/Login,Request,2 - Normal,0 - Unassigned,1,2 - Satisfied
2969,1754,1 - Junior,15,Systems,Issue,2 - Normal,0 - Unassigned,2,0 - Unknown
2970,817,4 - Management,1,Systems,Request,2 - Normal,3 - High,14,2 - Satisfied
2971,86,2 - Regular,14,Software,Request,2 - Normal,0 - Unassigned,6,0 - Unknown
2972,1384,3 - Senior,26,Systems,Request,2 - Normal,0 - Unassigned,6,0 - Unknown
2973,1114,4 - Management,41,Systems,Request,2 - Normal,3 - High,6,2 - Satisfied
2974,866,2 - Regular,19,Access/Login,Request,2 - Normal,1 - Low,0,1 - Unsatisfied
2975,1903,1 - Junior,8,Systems,Issue,3 - Major,0 - Unassigned,8,0 - Unknown
2976,389,2 - Regular,27,Access/Login,Issue,2 - Normal,2 - Medium,0,3 - Highly satisfied
2977,100,3 - Senior,7,Systems,Request,2 - Normal,3 - High,14,0 - Unknown
2978,158,2 - Regular,7,Systems,Request,2 - Normal,2 - Medium,14,1 - Unsatisfied
2979,957,2 - Regular,38,Access/Login,Request,2 - Normal,0 - Unassigned,0,0 - Unknown
2980,149,2 - Regular,18,Software,Request,2 - Normal,0 - Unassigned,20,2 - Satisfied
2981,537,4 - Management,34,Systems,Request,2 - Normal,0 - Unassigned,6,0 - Unknown
2982,1660,3 - Senior,22,Systems,Request,3 - Major,0 - Unassigned,13,1 - Unsatisfied
2983,1382,3 - Senior,10,Hardware,Request,2 - Normal,2 - Medium,14,3 - Highly satisfied
2984,1643,2 - Regular,13,Software,Request,2 - Normal,2 - Medium,19,1 - Unsatisfied
2985,1457,4 - Management,36,Access/Login,Issue,2 - Normal,0 - Unassigned,1,0 - Unknown
2986,1413,2 - Regular,27,Access/Login,Request,2 - Normal,0 - Unassigned,0,3 - Highly satisfied
2987,184,1 - Junior,12,Systems,Request,2 - Normal,0 - Unassigned,8,1 - Unsatisfied
2988,701,1 - Junior,47,Hardware,Request,2 - Normal,0 - Unassigned,13,1 - Unsatisfied
2989,334,1 - Junior,26,Software,Request,1 - Minor,1 - Low,5,2 - Satisfied
2990,1847,3 - Senior,39,Systems,Request,2 - Normal,0 - Unassigned,15,0 - Unknown
2991,1408,1 - Junior,39,Software,Request,2 - Normal,3 - High,9,2 - Satisfied
2992,769,3 - Senior,20,Systems,Request,2 - Normal,0 - Unassigned,5,1 - Unsatisfied
2993,45,2 - Regular,36,Systems,Request,2 - Normal,1 - Low,7,2 - Satisfied
2994,469,2 - Regular,28,Access/Login,Request,2 - Normal,1 - Low,0,1 - Unsatisfied
2995,571,2 - Regular,33,Access/Login,Issue,2 - Normal,2 - Medium,0,1 - Unsatisfied
2996,1997,2 - Regular,34,Systems,Request,2 - Normal,2 - Medium,5,3 - Highly satisfied
2997,1038,2 - Regular,18,Systems,Issue,2 - Normal,0 - Unassigned,2,0 - Unknown
2998,304,4 - Management,8,Systems,Issue,2 - Normal,3 - High,2,2 - Satisfied
2999,1093,2 - Regular,31,Systems,Request,2 - Normal,0 - Unassigned,6,0 - Unknown
3000,1297,4 - Management,24,Software,Request,2 - Normal,3 - High,3,3 - Highly satisfied
3001,1118,2 - Regular,26,Software,Request,2 - Normal,0 - Unassigned,10,3 - Highly satisfied
3002,276,2 - Regular,40,Systems,Request,2 - Normal,2 - Medium,5,3 - Highly satisfied
3003,164,2 - Regular,44,Software,Request,2 - Normal,1 - Low,10,2 - Satisfied
3004,1514,3 - Senior,41,Access/Login,Issue,2 - Normal,0 - Unassigned,0,1 - Unsatisfied
3005,1400,2 - Regular,29,Software,Request,2 - Normal,3 - High,4,3 - Highly satisfied
3006,74,4 - Management,48,Systems,Request,2 - Normal,3 - High,6,0 - Unknown
3007,195,3 - Senior,44,Systems,Request,2 - Normal,3 - High,7,0 - Unknown
3008,111,2 - Regular,19,Systems,Issue,1 - Minor,2 - Medium,3,1 - Unsatisfied
3009,1635,4 - Management,39,Access/Login,Issue,2 - Normal,3 - High,1,0 - Unknown
3010,1967,3 - Senior,23,Software,Request,2 - Normal,0 - Unassigned,3,1 - Unsatisfied
3011,871,2 - Regular,7,Systems,Request,3 - Major,2 - Medium,20,2 - Satisfied
3012,584,2 - Regular,47,Systems,Request,2 - Normal,3 - High,8,3 - Highly satisfied
3013,121,2 - Regular,12,Access/Login,Request,2 - Normal,2 - Medium,0,0 - Unknown
3014,917,4 - Management,15,Access/Login,Request,2 - Normal,3 - High,0,0 - Unknown
3015,1096,1 - Junior,40,Access/Login,Issue,2 - Normal,0 - Unassigned,1,2 - Satisfied
3016,727,2 - Regular,46,Software,Request,2 - Normal,2 - Medium,8,0 - Unknown
3017,844,1 - Junior,24,Systems,Issue,2 - Normal,2 - Medium,5,3 - Highly satisfied
3018,1786,1 - Junior,36,Access/Login,Issue,2 - Normal,0 - Unassigned,0,2 - Satisfied
3019,1145,1 - Junior,17,Software,Issue,2 - Normal,1 - Low,3,2 - Satisfied
3020,1059,2 - Regular,13,Access/Login,Issue,2 - Normal,1 - Low,0,2 - Satisfied
3021,1281,2 - Regular,22,Hardware,Request,2 - Normal,3 - High,37,0 - Unknown
3022,1480,2 - Regular,15,Access/Login,Issue,2 - Normal,1 - Low,0,0 - Unknown
3023,1556,4 - Management,1,Systems,Request,2 - Normal,0 - Unassigned,14,1 - Unsatisfied
3024,1130,2 - Regular,2,Software,Request,2 - Normal,0 - Unassigned,5,0 - Unknown
3025,1794,2 - Regular,15,Software,Issue,1 - Minor,3 - High,3,3 - Highly satisfied
3026,939,4 - Management,38,Systems,Issue,3 - Major,3 - High,2,0 - Unknown
3027,134,4 - Management,29,Software,Request,2 - Normal,3 - High,2,3 - Highly satisfied
3028,699,1 - Junior,38,Systems,Request,2 - Normal,3 - High,5,0 - Unknown
3029,1460,4 - Management,41,Access/Login,Request,2 - Normal,3 - High,0,1 - Unsatisfied
3030,1563,2 - Regular,50,Access/Login,Request,2 - Normal,3 - High,0,1 - Unsatisfied
3031,1883,2 - Regular,41,Access/Login,Request,2 - Normal,2 - Medium,0,0 - Unknown
3032,1070,3 - Senior,41,Access/Login,Issue,2 - Normal,0 - Unassigned,1,3 - Highly satisfied
3033,1622,2 - Regular,23,Hardware,Request,2 - Normal,1 - Low,26,3 - Highly satisfied
3034,885,3 - Senior,20,Systems,Request,2 - Normal,3 - High,6,0 - Unknown
3035,1693,4 - Management,38,Systems,Request,2 - Normal,2 - Medium,6,3 - Highly satisfied
3036,139,2 - Regular,32,Systems,Request,2 - Normal,1 - Low,15,2 - Satisfied
3037,702,3 - Senior,49,Systems,Request,2 - Normal,3 - High,12,2 - Satisfied
3038,1505,2 - Regular,41,Hardware,Request,2 - Normal,3 - High,12,3 - Highly satisfied
3039,565,2 - Regular,47,Systems,Request,2 - Normal,2 - Medium,6,0 - Unknown
3040,327,2 - Regular,8,Software,Request,2 - Normal,3 - High,3,0 - Unknown
3041,519,3 - Senior,2,Software,Request,2 - Normal,3 - High,3,3 - Highly satisfied
3042,1784,4 - Management,1,Access/Login,Request,2 - Normal,3 - High,1,0 - Unknown
3043,582,2 - Regular,19,Access/Login,Request,1 - Minor,1 - Low,0,2 - Satisfied
3044,1719,1 - Junior,42,Software,Request,2 - Normal,0 - Unassigned,4,2 - Satisfied
3045,290,2 - Regular,26,Systems,Request,2 - Normal,3 - High,7,3 - Highly satisfied
3046,956,4 - Management,12,Hardware,Request,2 - Normal,3 - High,11,3 - Highly satisfied
3047,1731,2 - Regular,25,Access/Login,Request,2 - Normal,0 - Unassigned,2,0 - Unknown
3048,1331,2 - Regular,27,Software,Issue,2 - Normal,2 - Medium,4,3 - Highly satisfied
3049,1136,2 - Regular,49,Access/Login,Request,2 - Normal,2 - Medium,1,2 - Satisfied
3050,312,3 - Senior,40,Access/Login,Request,2 - Normal,3 - High,0,0 - Unknown
3051,1158,3 - Senior,45,Systems,Request,2 - Normal,3 - High,5,3 - Highly satisfied
3052,153,2 - Regular,7,Systems,Request,2 - Normal,1 - Low,13,0 - Unknown
3053,1542,4 - Management,49,Systems,Request,3 - Major,3 - High,17,0 - Unknown
3054,527,2 - Regular,9,Access/Login,Request,2 - Normal,1 - Low,0,3 - Highly satisfied
3055,117,2 - Regular,47,Systems,Issue,2 - Normal,0 - Unassigned,5,1 - Unsatisfied
3056,315,2 - Regular,21,Systems,Request,2 - Normal,0 - Unassigned,8,3 - Highly satisfied
3057,903,3 - Senior,2,Software,Request,2 - Normal,0 - Unassigned,3,3 - Highly satisfied
3058,397,4 - Management,41,Access/Login,Request,2 - Normal,0 - Unassigned,0,0 - Unknown
3059,425,2 - Regular,36,Software,Request,2 - Normal,0 - Unassigned,4,0 - Unknown
3060,20,1 - Junior,12,Access/Login,Request,2 - Normal,0 - Unassigned,1,3 - Highly satisfied
3061,1175,2 - Regular,17,Hardware,Request,2 - Normal,3 - High,12,3 - Highly satisfied
3062,1067,3 - Senior,23,Software,Issue,2 - Normal,3 - High,4,3 - Highly satisfied
3063,1774,2 - Regular,29,Access/Login,Request,2 - Normal,1 - Low,0,2 - Satisfied
3064,1798,1 - Junior,28,Hardware,Request,2 - Normal,1 - Low,27,0 - Unknown
3065,1548,1 - Junior,20,Access/Login,Request,2 - Normal,1 - Low,1,0 - Unknown
3066,225,1 - Junior,38,Systems,Issue,2 - Normal,1 - Low,13,3 - Highly satisfied
3067,455,2 - Regular,13,Systems,Issue,2 - Normal,3 - High,12,1 - Unsatisfied
3068,709,2 - Regular,42,Access/Login,Request,2 - Normal,0 - Unassigned,0,2 - Satisfied
3069,1041,2 - Regular,26,Systems,Request,2 - Normal,0 - Unassigned,23,1 - Unsatisfied
3070,1813,1 - Junior,15,Hardware,Request,2 - Normal,2 - Medium,10,1 - Unsatisfied
3071,210,3 - Senior,43,Access/Login,Request,2 - Normal,3 - High,0,3 - Highly satisfied
3072,506,2 - Regular,4,Access/Login,Request,2 - Normal,3 - High,1,0 - Unknown
3073,1622,2 - Regular,14,Systems,Request,2 - Normal,1 - Low,16,1 - Unsatisfied
3074,725,3 - Senior,45,Systems,Issue,2 - Normal,0 - Unassigned,3,0 - Unknown
3075,1655,3 - Senior,26,Systems,Request,1 - Minor,0 - Unassigned,11,0 - Unknown
3076,855,4 - Management,45,Systems,Issue,2 - Normal,2 - Medium,4,0 - Unknown
3077,695,3 - Senior,50,Access/Login,Request,2 - Normal,2 - Medium,0,0 - Unknown
3078,766,3 - Senior,16,Systems,Issue,2 - Normal,3 - High,2,1 - Unsatisfied
3079,590,4 - Management,12,Hardware,Request,2 - Normal,0 - Unassigned,11,3 - Highly satisfied
3080,1670,3 - Senior,8,Systems,Request,2 - Normal,3 - High,8,0 - Unknown
3081,1294,2 - Regular,27,Software,Request,2 - Normal,2 - Medium,4,1 - Unsatisfied
3082,1229,1 - Junior,6,Software,Issue,2 - Normal,0 - Unassigned,7,1 - Unsatisfied
3083,33,4 - Management,19,Software,Request,3 - Major,3 - High,13,3 - Highly satisfied
3084,1822,2 - Regular,44,Software,Issue,2 - Normal,3 - High,2,2 - Satisfied
3085,252,3 - Senior,42,Hardware,Request,2 - Normal,3 - High,13,3 - Highly satisfied
3086,883,1 - Junior,24,Systems,Request,2 - Normal,0 - Unassigned,8,1 - Unsatisfied
3087,107,2 - Regular,23,Software,Request,2 - Normal,0 - Unassigned,11,3 - Highly satisfied
3088,658,4 - Management,21,Hardware,Issue,3 - Major,3 - High,5,3 - Highly satisfied
3089,1397,1 - Junior,42,Hardware,Request,2 - Normal,1 - Low,26,0 - Unknown
3090,1896,4 - Management,48,Systems,Request,2 - Normal,3 - High,5,1 - Unsatisfied
3091,1394,2 - Regular,12,Systems,Request,2 - Normal,2 - Medium,7,1 - Unsatisfied
3092,1486,3 - Senior,44,Access/Login,Issue,4 - Critical,3 - High,1,0 - Unknown
3093,1702,4 - Management,43,Access/Login,Request,2 - Normal,3 - High,0,3 - Highly satisfied
3094,1471,3 - Senior,45,Access/Login,Request,2 - Normal,0 - Unassigned,0,3 - Highly satisfied
3095,1701,1 - Junior,19,Software,Issue,2 - Normal,3 - High,2,1 - Unsatisfied
3096,78,3 - Senior,15,Systems,Issue,2 - Normal,0 - Unassigned,5,3 - Highly satisfied
3097,1954,2 - Regular,27,Systems,Issue,2 - Normal,1 - Low,3,2 - Satisfied
3098,439,2 - Regular,8,Hardware,Request,2 - Normal,0 - Unassigned,10,3 - Highly satisfied
3099,1298,2 - Regular,30,Systems,Request,2 - Normal,0 - Unassigned,31,1 - Unsatisfied
3100,317,1 - Junior,11,Software,Request,2 - Normal,2 - Medium,12,1 - Unsatisfied
3101,1535,2 - Regular,15,Access/Login,Request,3 - Major,3 - High,0,0 - Unknown
3102,1948,3 - Senior,14,Access/Login,Request,2 - Normal,0 - Unassigned,0,0 - Unknown
3103,299,2 - Regular,21,Access/Login,Issue,2 - Normal,2 - Medium,0,0 - Unknown
3104,871,2 - Regular,5,Systems,Request,2 - Normal,3 - High,9,0 - Unknown
3105,1891,1 - Junior,24,Systems,Request,2 - Normal,2 - Medium,7,3 - Highly satisfied
3106,1617,4 - Management,7,Systems,Issue,2 - Normal,2 - Medium,5,1 - Unsatisfied
3107,1033,2 - Regular,43,Access/Login,Request,2 - Normal,0 - Unassigned,0,3 - Highly satisfied
3108,842,2 - Regular,41,Systems,Request,2 - Normal,0 - Unassigned,7,0 - Unknown
3109,1755,2 - Regular,40,Software,Request,2 - Normal,0 - Unassigned,7,0 - Unknown
3110,1121,2 - Regular,46,Systems,Request,2 - Normal,1 - Low,17,1 - Unsatisfied
3111,1995,4 - Management,27,Systems,Request,2 - Normal,3 - High,9,0 - Unknown
3112,1021,2 - Regular,2,Software,Request,2 - Normal,2 - Medium,4,0 - Unknown
3113,1739,2 - Regular,45,Software,Request,2 - Normal,3 - High,2,3 - Highly satisfied
3114,291,1 - Junior,21,Access/Login,Request,4 - Critical,0 - Unassigned,0,0 - Unknown
3115,218,2 - Regular,18,Access/Login,Request,2 - Normal,2 - Medium,0,0 - Unknown
3116,223,2 - Regular,43,Hardware,Request,2 - Normal,0 - Unassigned,11,0 - Unknown
3117,437,1 - Junior,10,Access/Login,Request,2 - Normal,2 - Medium,0,0 - Unknown
3118,301,3 - Senior,42,Software,Issue,2 - Normal,3 - High,0,1 - Unsatisfied
3119,321,1 - Junior,37,Hardware,Request,2 - Normal,3 - High,11,0 - Unknown
3120,921,2 - Regular,46,Software,Request,2 - Normal,3 - High,10,0 - Unknown
3121,817,4 - Management,26,Systems,Issue,2 - Normal,2 - Medium,4,2 - Satisfied
3122,1762,2 - Regular,24,Systems,Issue,4 - Critical,3 - High,1,2 - Satisfied
3123,886,2 - Regular,21,Systems,Issue,2 - Normal,0 - Unassigned,5,0 - Unknown
3124,156,2 - Regular,43,Systems,Issue,2 - Normal,3 - High,3,1 - Unsatisfied
3125,723,2 - Regular,25,Systems,Request,2 - Normal,3 - High,15,1 - Unsatisfied
3126,1355,2 - Regular,15,Systems,Request,2 - Normal,0 - Unassigned,7,3 - Highly satisfied
3127,1333,4 - Management,23,Systems,Request,2 - Normal,3 - High,6,0 - Unknown
3128,1143,2 - Regular,36,Access/Login,Request,2 - Normal,1 - Low,0,0 - Unknown
3129,1179,4 - Management,21,Systems,Request,2 - Normal,3 - High,6,2 - Satisfied
3130,1173,4 - Management,36,Software,Request,2 - Normal,3 - High,3,3 - Highly satisfied
3131,122,3 - Senior,22,Systems,Request,2 - Normal,0 - Unassigned,14,0 - Unknown
3132,498,2 - Regular,44,Access/Login,Request,2 - Normal,3 - High,0,1 - Unsatisfied
3133,1944,2 - Regular,11,Hardware,Request,1 - Minor,2 - Medium,10,0 - Unknown
3134,1041,2 - Regular,14,Systems,Request,2 - Normal,1 - Low,13,3 - Highly satisfied
3135,994,4 - Management,24,Access/Login,Request,2 - Normal,0 - Unassigned,0,0 - Unknown
3136,467,2 - Regular,40,Systems,Request,2 - Normal,2 - Medium,7,3 - Highly satisfied
3137,1707,2 - Regular,16,Systems,Request,2 - Normal,1 - Low,14,1 - Unsatisfied
3138,1165,4 - Management,2,Systems,Request,2 - Normal,3 - High,6,0 - Unknown
3139,90,4 - Management,34,Software,Request,3 - Major,0 - Unassigned,3,2 - Satisfied
3140,397,4 - Management,5,Systems,Request,2 - Normal,0 - Unassigned,5,3 - Highly satisfied
3141,278,2 - Regular,41,Access/Login,Request,2 - Normal,0 - Unassigned,0,0 - Unknown
3142,1503,1 - Junior,1,Software,Request,3 - Major,1 - Low,13,3 - Highly satisfied
3143,1340,2 - Regular,29,Systems,Request,2 - Normal,0 - Unassigned,7,0 - Unknown
3144,1239,2 - Regular,22,Access/Login,Request,2 - Normal,2 - Medium,1,1 - Unsatisfied
3145,1571,1 - Junior,40,Access/Login,Request,2 - Normal,3 - High,0,1 - Unsatisfied
3146,588,4 - Management,31,Access/Login,Issue,2 - Normal,0 - Unassigned,0,0 - Unknown
3147,429,4 - Management,47,Systems,Request,2 - Normal,3 - High,8,1 - Unsatisfied
3148,1188,1 - Junior,7,Hardware,Request,2 - Normal,1 - Low,34,3 - Highly satisfied
3149,1194,4 - Management,30,Access/Login,Request,2 - Normal,3 - High,1,2 - Satisfied
3150,565,2 - Regular,14,Access/Login,Request,2 - Normal,3 - High,0,1 - Unsatisfied
3151,1077,4 - Management,37,Systems,Request,2 - Normal,3 - High,6,2 - Satisfied
3152,1511,4 - Management,8,Systems,Request,2 - Normal,3 - High,6,3 - Highly satisfied
3153,1935,2 - Regular,20,Software,Issue,2 - Normal,3 - High,3,3 - Highly satisfied
3154,1548,1 - Junior,6,Systems,Issue,2 - Normal,0 - Unassigned,4,0 - Unknown
3155,1167,2 - Regular,12,Systems,Issue,2 - Normal,1 - Low,12,0 - Unknown
3156,146,4 - Management,42,Systems,Request,2 - Normal,3 - High,5,3 - Highly satisfied
3157,226,4 - Management,19,Access/Login,Request,2 - Normal,0 - Unassigned,0,2 - Satisfied
3158,1189,2 - Regular,11,Systems,Request,2 - Normal,1 - Low,18,1 - Unsatisfied
3159,1635,4 - Management,49,Systems,Request,2 - Normal,3 - High,16,1 - Unsatisfied
3160,1971,4 - Management,13,Systems,Request,2 - Normal,3 - High,13,1 - Unsatisfied
3161,1219,2 - Regular,46,Access/Login,Issue,2 - Normal,3 - High,0,0 - Unknown
3162,1388,4 - Management,23,Systems,Request,2 - Normal,2 - Medium,5,3 - Highly satisfied
3163,1814,1 - Junior,25,Access/Login,Issue,3 - Major,2 - Medium,3,2 - Satisfied
3164,1409,3 - Senior,19,Systems,Issue,2 - Normal,3 - High,6,0 - Unknown
3165,896,2 - Regular,3,Systems,Request,2 - Normal,0 - Unassigned,13,1 - Unsatisfied
3166,1833,1 - Junior,17,Software,Issue,3 - Major,1 - Low,3,3 - Highly satisfied
3167,1232,3 - Senior,3,Systems,Request,2 - Normal,3 - High,18,3 - Highly satisfied
3168,1471,3 - Senior,36,Systems,Request,2 - Normal,3 - High,6,0 - Unknown
3169,1009,3 - Senior,1,Systems,Request,2 - Normal,0 - Unassigned,13,3 - Highly satisfied
3170,1369,2 - Regular,23,Systems,Request,2 - Normal,0 - Unassigned,14,1 - Unsatisfied
3171,364,3 - Senior,46,Access/Login,Issue,2 - Normal,3 - High,0,2 - Satisfied
3172,1100,2 - Regular,36,Systems,Request,2 - Normal,0 - Unassigned,5,0 - Unknown
3173,310,2 - Regular,22,Systems,Request,2 - Normal,0 - Unassigned,16,0 - Unknown
3174,1069,2 - Regular,25,Systems,Issue,2 - Normal,3 - High,8,0 - Unknown
3175,1627,2 - Regular,41,Access/Login,Request,2 - Normal,2 - Medium,2,0 - Unknown
3176,1969,3 - Senior,6,Access/Login,Request,2 - Normal,3 - High,0,2 - Satisfied
3177,1818,2 - Regular,38,Access/Login,Issue,2 - Normal,2 - Medium,0,2 - Satisfied
3178,33,4 - Management,41,Access/Login,Request,2 - Normal,0 - Unassigned,0,3 - Highly satisfied
3179,865,1 - Junior,27,Software,Request,2 - Normal,2 - Medium,2,3 - Highly satisfied
3180,1269,2 - Regular,44,Systems,Request,2 - Normal,3 - High,8,1 - Unsatisfied
3181,230,2 - Regular,14,Access/Login,Request,2 - Normal,3 - High,1,1 - Unsatisfied
3182,326,2 - Regular,3,Access/Login,Request,2 - Normal,1 - Low,0,2 - Satisfied
3183,158,2 - Regular,49,Access/Login,Issue,2 - Normal,2 - Medium,0,1 - Unsatisfied
3184,1470,2 - Regular,42,Systems,Request,2 - Normal,1 - Low,6,3 - Highly satisfied
3185,757,4 - Management,32,Hardware,Request,2 - Normal,0 - Unassigned,10,2 - Satisfied
3186,326,2 - Regular,1,Systems,Issue,2 - Normal,1 - Low,3,3 - Highly satisfied
3187,208,2 - Regular,35,Systems,Request,2 - Normal,1 - Low,26,3 - Highly satisfied
3188,368,1 - Junior,8,Systems,Request,2 - Normal,1 - Low,9,3 - Highly satisfied
3189,792,1 - Junior,44,Access/Login,Request,2 - Normal,1 - Low,0,0 - Unknown
3190,600,4 - Management,47,Access/Login,Request,2 - Normal,3 - High,0,0 - Unknown
3191,797,2 - Regular,22,Systems,Request,2 - Normal,0 - Unassigned,15,1 - Unsatisfied
3192,1415,2 - Regular,41,Systems,Request,2 - Normal,1 - Low,12,3 - Highly satisfied
3193,1340,2 - Regular,33,Systems,Issue,2 - Normal,0 - Unassigned,5,1 - Unsatisfied
3194,24,4 - Management,49,Systems,Request,2 - Normal,3 - High,9,3 - Highly satisfied
3195,437,1 - Junior,22,Systems,Request,2 - Normal,1 - Low,19,1 - Unsatisfied
3196,1655,3 - Senior,8,Systems,Request,2 - Normal,3 - High,7,1 - Unsatisfied
3197,446,1 - Junior,8,Systems,Request,2 - Normal,1 - Low,6,0 - Unknown
3198,1038,2 - Regular,46,Access/Login,Request,2 - Normal,3 - High,1,1 - Unsatisfied
3199,645,2 - Regular,41,Software,Issue,1 - Minor,3 - High,3,1 - Unsatisfied
3200,117,2 - Regular,40,Systems,Issue,2 - Normal,3 - High,2,0 - Unknown
3201,1309,1 - Junior,34,Access/Login,Request,2 - Normal,0 - Unassigned,0,0 - Unknown
3202,66,2 - Regular,43,Systems,Request,2 - Normal,0 - Unassigned,7,2 - Satisfied
3203,1807,2 - Regular,10,Systems,Request,2 - Normal,0 - Unassigned,10,3 - Highly satisfied
3204,995,4 - Management,10,Systems,Request,2 - Normal,3 - High,6,3 - Highly satisfied
3205,1343,2 - Regular,7,Software,Request,2 - Normal,2 - Medium,13,2 - Satisfied
3206,735,2 - Regular,41,Systems,Issue,2 - Normal,3 - High,3,1 - Unsatisfied
3207,734,1 - Junior,38,Systems,Request,2 - Normal,1 - Low,15,2 - Satisfied
3208,378,3 - Senior,28,Access/Login,Request,2 - Normal,0 - Unassigned,2,0 - Unknown
3209,424,3 - Senior,27,Software,Issue,2 - Normal,0 - Unassigned,1,2 - Satisfied
3210,1491,2 - Regular,43,Hardware,Issue,2 - Normal,3 - High,7,0 - Unknown
3211,117,2 - Regular,7,Systems,Issue,2 - Normal,1 - Low,3,1 - Unsatisfied
3212,475,2 - Regular,42,Access/Login,Request,2 - Normal,2 - Medium,0,2 - Satisfied
3213,1159,1 - Junior,33,Hardware,Request,2 - Normal,1 - Low,20,3 - Highly satisfied
3214,579,4 - Management,6,Access/Login,Request,2 - Normal,3 - High,3,0 - Unknown
3215,215,3 - Senior,41,Software,Request,2 - Normal,0 - Unassigned,9,3 - Highly satisfied
3216,204,1 - Junior,25,Systems,Issue,2 - Normal,1 - Low,3,1 - Unsatisfied
3217,800,2 - Regular,45,Software,Request,2 - Normal,0 - Unassigned,5,0 - Unknown
3218,92,2 - Regular,37,Hardware,Request,2 - Normal,1 - Low,26,2 - Satisfied
3219,1065,2 - Regular,41,Access/Login,Request,2 - Normal,0 - Unassigned,0,0 - Unknown
3220,1187,1 - Junior,44,Hardware,Request,2 - Normal,3 - High,13,2 - Satisfied
3221,621,3 - Senior,41,Software,Issue,2 - Normal,0 - Unassigned,3,0 - Unknown
3222,1412,2 - Regular,44,Systems,Request,2 - Normal,2 - Medium,13,0 - Unknown
3223,922,2 - Regular,40,Systems,Request,2 - Normal,1 - Low,7,0 - Unknown
3224,1326,1 - Junior,39,Access/Login,Request,1 - Minor,1 - Low,1,1 - Unsatisfied
3225,9,4 - Management,27,Systems,Request,2 - Normal,3 - High,6,3 - Highly satisfied
3226,791,4 - Management,17,Systems,Request,2 - Normal,3 - High,5,1 - Unsatisfied
3227,729,2 - Regular,45,Systems,Request,2 - Normal,0 - Unassigned,7,0 - Unknown
3228,551,4 - Management,12,Software,Request,2 - Normal,3 - High,3,2 - Satisfied
3229,287,4 - Management,38,Software,Request,2 - Normal,0 - Unassigned,3,1 - Unsatisfied
3230,1015,4 - Management,44,Hardware,Issue,2 - Normal,2 - Medium,5,1 - Unsatisfied
3231,802,4 - Management,47,Software,Request,2 - Normal,3 - High,2,3 - Highly satisfied
3232,1140,2 - Regular,9,Access/Login,Request,2 - Normal,3 - High,0,0 - Unknown
3233,102,2 - Regular,41,Systems,Issue,2 - Normal,0 - Unassigned,11,0 - Unknown
3234,1093,2 - Regular,40,Systems,Request,2 - Normal,0 - Unassigned,10,3 - Highly satisfied
3235,826,1 - Junior,8,Access/Login,Request,2 - Normal,0 - Unassigned,0,3 - Highly satisfied
3236,925,2 - Regular,6,Systems,Request,2 - Normal,3 - High,14,0 - Unknown
3237,785,1 - Junior,20,Systems,Issue,2 - Normal,1 - Low,5,0 - Unknown
3238,1810,1 - Junior,25,Systems,Request,2 - Normal,1 - Low,20,0 - Unknown
3239,1353,2 - Regular,9,Hardware,Request,2 - Normal,3 - High,12,1 - Unsatisfied
3240,666,2 - Regular,18,Systems,Request,2 - Normal,1 - Low,5,0 - Unknown
3241,1548,1 - Junior,50,Hardware,Request,2 - Normal,0 - Unassigned,26,0 - Unknown
3242,1322,2 - Regular,25,Access/Login,Request,2 - Normal,0 - Unassigned,0,2 - Satisfied
3243,106,1 - Junior,22,Software,Request,3 - Major,1 - Low,22,3 - Highly satisfied
3244,285,2 - Regular,38,Access/Login,Request,2 - Normal,0 - Unassigned,0,2 - Satisfied
3245,1973,2 - Regular,2,Hardware,Request,2 - Normal,3 - High,16,3 - Highly satisfied
3246,508,3 - Senior,26,Systems,Request,2 - Normal,3 - High,5,1 - Unsatisfied
3247,875,4 - Management,25,Access/Login,Request,2 - Normal,3 - High,0,2 - Satisfied
3248,1689,2 - Regular,50,Hardware,Request,2 - Normal,3 - High,27,1 - Unsatisfied
3249,1820,1 - Junior,32,Access/Login,Request,2 - Normal,0 - Unassigned,0,1 - Unsatisfied
3250,1082,4 - Management,11,Systems,Issue,2 - Normal,0 - Unassigned,1,0 - Unknown
3251,447,3 - Senior,4,Systems,Request,2 - Normal,3 - High,28,1 - Unsatisfied
3252,1992,2 - Regular,13,Software,Request,3 - Major,0 - Unassigned,18,1 - Unsatisfied
3253,1991,2 - Regular,3,Systems,Request,1 - Minor,0 - Unassigned,20,1 - Unsatisfied
3254,1725,1 - Junior,31,Systems,Request,2 - Normal,3 - High,6,3 - Highly satisfied
3255,919,2 - Regular,29,Systems,Request,3 - Major,1 - Low,22,3 - Highly satisfied
3256,1182,4 - Management,34,Software,Request,2 - Normal,3 - High,4,3 - Highly satisfied
3257,797,2 - Regular,50,Software,Request,2 - Normal,0 - Unassigned,6,2 - Satisfied
3258,911,1 - Junior,48,Systems,Issue,1 - Minor,1 - Low,4,1 - Unsatisfied
3259,1586,2 - Regular,48,Software,Request,2 - Normal,0 - Unassigned,3,3 - Highly satisfied
3260,1617,4 - Management,15,Systems,Request,2 - Normal,3 - High,5,3 - Highly satisfied
3261,1731,2 - Regular,44,Systems,Request,2 - Normal,3 - High,6,3 - Highly satisfied
3262,1180,4 - Management,33,Access/Login,Issue,2 - Normal,0 - Unassigned,1,0 - Unknown
3263,1641,2 - Regular,39,Systems,Request,2 - Normal,1 - Low,21,1 - Unsatisfied
3264,893,4 - Management,14,Systems,Request,2 - Normal,3 - High,8,0 - Unknown
3265,251,4 - Management,15,Access/Login,Request,2 - Normal,2 - Medium,0,0 - Unknown
3266,514,2 - Regular,38,Software,Issue,2 - Normal,0 - Unassigned,5,3 - Highly satisfied
3267,203,3 - Senior,20,Hardware,Issue,2 - Normal,2 - Medium,7,0 - Unknown
3268,1276,1 - Junior,33,Access/Login,Request,2 - Normal,0 - Unassigned,0,1 - Unsatisfied
3269,1043,2 - Regular,49,Software,Request,2 - Normal,0 - Unassigned,7,0 - Unknown
3270,684,3 - Senior,10,Hardware,Issue,2 - Normal,1 - Low,7,2 - Satisfied
3271,773,2 - Regular,29,Access/Login,Issue,2 - Normal,2 - Medium,0,3 - Highly satisfied
3272,1305,2 - Regular,24,Systems,Request,2 - Normal,2 - Medium,5,3 - Highly satisfied
3273,409,1 - Junior,49,Systems,Issue,2 - Normal,1 - Low,6,3 - Highly satisfied
3274,615,1 - Junior,40,Software,Request,2 - Normal,2 - Medium,7,0 - Unknown
3275,1131,4 - Management,24,Systems,Request,2 - Normal,3 - High,7,0 - Unknown
3276,1710,2 - Regular,17,Systems,Request,2 - Normal,2 - Medium,9,2 - Satisfied
3277,1315,3 - Senior,14,Software,Request,2 - Normal,3 - High,4,2 - Satisfied
3278,564,2 - Regular,17,Systems,Request,2 - Normal,1 - Low,5,2 - Satisfied
3279,1226,2 - Regular,13,Software,Issue,2 - Normal,3 - High,1,2 - Satisfied
3280,493,3 - Senior,31,Systems,Request,2 - Normal,3 - High,10,3 - Highly satisfied
3281,749,3 - Senior,15,Software,Request,2 - Normal,2 - Medium,5,0 - Unknown
3282,47,4 - Management,12,Hardware,Issue,2 - Normal,3 - High,5,1 - Unsatisfied
3283,1206,2 - Regular,1,Hardware,Request,2 - Normal,3 - High,29,2 - Satisfied
3284,1827,1 - Junior,14,Access/Login,Request,2 - Normal,2 - Medium,3,1 - Unsatisfied
3285,681,4 - Management,6,Systems,Request,2 - Normal,3 - High,17,1 - Unsatisfied
3286,1935,2 - Regular,38,Access/Login,Request,2 - Normal,2 - Medium,0,2 - Satisfied
3287,287,4 - Management,30,Access/Login,Request,2 - Normal,3 - High,0,3 - Highly satisfied
3288,1185,2 - Regular,47,Software,Request,2 - Normal,3 - High,6,3 - Highly satisfied
3289,1974,2 - Regular,5,Hardware,Request,2 - Normal,0 - Unassigned,15,3 - Highly satisfied
3290,997,2 - Regular,46,Access/Login,Request,2 - Normal,0 - Unassigned,0,3 - Highly satisfied
3291,1883,2 - Regular,18,Software,Request,2 - Normal,1 - Low,8,3 - Highly satisfied
3292,1471,3 - Senior,43,Software,Request,2 - Normal,0 - Unassigned,4,3 - Highly satisfied
3293,51,3 - Senior,11,Systems,Request,2 - Normal,2 - Medium,17,3 - Highly satisfied
3294,678,3 - Senior,22,Systems,Issue,2 - Normal,3 - High,3,0 - Unknown
3295,591,2 - Regular,26,Software,Request,2 - Normal,1 - Low,8,0 - Unknown
3296,679,2 - Regular,50,Software,Request,2 - Normal,2 - Medium,11,1 - Unsatisfied
3297,1587,2 - Regular,12,Systems,Request,2 - Normal,0 - Unassigned,16,1 - Unsatisfied
3298,111,2 - Regular,19,Access/Login,Issue,2 - Normal,2 - Medium,1,1 - Unsatisfied
3299,1025,3 - Senior,45,Systems,Request,2 - Normal,3 - High,6,3 - Highly satisfied
3300,1619,2 - Regular,3,Hardware,Request,2 - Normal,0 - Unassigned,29,1 - Unsatisfied
3301,1624,1 - Junior,37,Hardware,Request,2 - Normal,2 - Medium,29,1 - Unsatisfied
3302,611,2 - Regular,39,Systems,Request,2 - Normal,2 - Medium,16,0 - Unknown
3303,426,2 - Regular,30,Systems,Issue,2 - Normal,1 - Low,6,3 - Highly satisfied
3304,141,3 - Senior,7,Hardware,Request,2 - Normal,3 - High,29,0 - Unknown
3305,111,2 - Regular,19,Access/Login,Request,2 - Normal,2 - Medium,0,2 - Satisfied
3306,823,1 - Junior,36,Software,Request,1 - Minor,1 - Low,3,3 - Highly satisfied
3307,1128,2 - Regular,26,Access/Login,Request,2 - Normal,1 - Low,1,2 - Satisfied
3308,333,2 - Regular,12,Access/Login,Request,2 - Normal,0 - Unassigned,0,0 - Unknown
3309,1382,3 - Senior,13,Access/Login,Request,2 - Normal,3 - High,1,1 - Unsatisfied
3310,1092,2 - Regular,34,Access/Login,Issue,2 - Normal,1 - Low,0,3 - Highly satisfied
3311,1036,3 - Senior,15,Access/Login,Request,2 - Normal,3 - High,0,1 - Unsatisfied
3312,1872,1 - Junior,31,Hardware,Request,2 - Normal,1 - Low,10,3 - Highly satisfied
3313,667,2 - Regular,4,Systems,Issue,2 - Normal,1 - Low,5,0 - Unknown
3314,571,2 - Regular,29,Systems,Issue,2 - Normal,0 - Unassigned,2,2 - Satisfied
3315,518,4 - Management,40,Access/Login,Request,2 - Normal,3 - High,0,1 - Unsatisfied
3316,1448,2 - Regular,49,Software,Request,2 - Normal,2 - Medium,11,2 - Satisfied
3317,1442,2 - Regular,33,Software,Request,2 - Normal,3 - High,5,0 - Unknown
3318,1293,2 - Regular,29,Access/Login,Request,2 - Normal,3 - High,0,3 - Highly satisfied
3319,1707,2 - Regular,1,Access/Login,Request,2 - Normal,1 - Low,0,1 - Unsatisfied
3320,382,3 - Senior,3,Systems,Request,2 - Normal,0 - Unassigned,26,0 - Unknown
3321,145,2 - Regular,47,Systems,Request,1 - Minor,3 - High,5,0 - Unknown
3322,1282,1 - Junior,3,Systems,Request,2 - Normal,2 - Medium,21,1 - Unsatisfied
3323,904,2 - Regular,18,Software,Request,2 - Normal,2 - Medium,8,2 - Satisfied
3324,15,4 - Management,17,Systems,Issue,2 - Normal,0 - Unassigned,3,3 - Highly satisfied
3325,496,2 - Regular,48,Systems,Issue,2 - Normal,3 - High,5,2 - Satisfied
3326,1974,2 - Regular,11,Access/Login,Request,2 - Normal,2 - Medium,0,0 - Unknown
3327,1605,2 - Regular,5,Access/Login,Request,2 - Normal,1 - Low,0,2 - Satisfied
3328,1641,2 - Regular,42,Systems,Request,2 - Normal,2 - Medium,15,0 - Unknown
3329,487,1 - Junior,36,Hardware,Request,2 - Normal,0 - Unassigned,14,2 - Satisfied
3330,1264,1 - Junior,16,Systems,Issue,2 - Normal,0 - Unassigned,1,0 - Unknown
3331,72,1 - Junior,40,Access/Login,Request,2 - Normal,1 - Low,0,0 - Unknown
3332,1968,1 - Junior,37,Systems,Request,2 - Normal,3 - High,6,2 - Satisfied
3333,844,1 - Junior,32,Access/Login,Request,2 - Normal,0 - Unassigned,0,0 - Unknown
3334,1789,2 - Regular,24,Access/Login,Request,2 - Normal,1 - Low,0,3 - Highly satisfied
3335,1739,2 - Regular,4,Access/Login,Request,2 - Normal,0 - Unassigned,0,2 - Satisfied
3336,1949,1 - Junior,18,Access/Login,Request,2 - Normal,1 - Low,2,3 - Highly satisfied
3337,645,2 - Regular,43,Access/Login,Request,2 - Normal,3 - High,1,3 - Highly satisfied
3338,1920,2 - Regular,6,Systems,Request,2 - Normal,1 - Low,16,0 - Unknown
3339,1843,2 - Regular,47,Systems,Request,2 - Normal,2 - Medium,5,3 - Highly satisfied
3340,1977,1 - Junior,6,Systems,Request,2 - Normal,3 - High,13,1 - Unsatisfied
3341,678,3 - Senior,2,Systems,Request,2 - Normal,0 - Unassigned,7,0 - Unknown
3342,640,2 - Regular,13,Software,Issue,2 - Normal,3 - High,8,0 - Unknown
3343,979,3 - Senior,8,Software,Issue,2 - Normal,0 - Unassigned,1,3 - Highly satisfied
3344,1638,2 - Regular,46,Systems,Issue,2 - Normal,2 - Medium,3,2 - Satisfied
3345,116,2 - Regular,19,Software,Request,2 - Normal,0 - Unassigned,2,3 - Highly satisfied
3346,745,4 - Management,38,Access/Login,Issue,2 - Normal,0 - Unassigned,0,2 - Satisfied
3347,478,2 - Regular,40,Software,Request,2 - Normal,3 - High,5,2 - Satisfied
3348,853,2 - Regular,32,Systems,Issue,4 - Critical,3 - High,5,0 - Unknown
3349,1,1 - Junior,25,Access/Login,Request,2 - Normal,0 - Unassigned,0,3 - Highly satisfied
3350,19,4 - Management,29,Systems,Request,2 - Normal,3 - High,9,3 - Highly satisfied
3351,280,2 - Regular,40,Access/Login,Request,2 - Normal,3 - High,0,0 - Unknown
3352,1035,1 - Junior,27,Systems,Issue,3 - Major,1 - Low,1,0 - Unknown
3353,1629,3 - Senior,46,Systems,Request,2 - Normal,3 - High,17,1 - Unsatisfied
3354,548,4 - Management,32,Access/Login,Request,2 - Normal,0 - Unassigned,0,3 - Highly satisfied
3355,212,2 - Regular,50,Systems,Issue,4 - Critical,2 - Medium,3,1 - Unsatisfied
3356,1860,1 - Junior,39,Software,Request,2 - Normal,1 - Low,15,0 - Unknown
3357,1864,2 - Regular,46,Access/Login,Issue,2 - Normal,1 - Low,1,3 - Highly satisfied
3358,861,4 - Management,37,Hardware,Request,2 - Normal,3 - High,14,1 - Unsatisfied
3359,555,2 - Regular,2,Access/Login,Issue,2 - Normal,1 - Low,0,0 - Unknown
3360,474,2 - Regular,41,Systems,Request,2 - Normal,2 - Medium,13,3 - Highly satisfied
3361,113,4 - Management,21,Systems,Issue,1 - Minor,3 - High,3,0 - Unknown
3362,836,1 - Junior,38,Systems,Request,2 - Normal,1 - Low,13,2 - Satisfied
3363,1492,4 - Management,27,Software,Request,2 - Normal,0 - Unassigned,5,0 - Unknown
3364,158,2 - Regular,30,Access/Login,Issue,2 - Normal,1 - Low,1,0 - Unknown
3365,529,2 - Regular,5,Software,Request,2 - Normal,2 - Medium,2,2 - Satisfied
3366,1198,1 - Junior,23,Access/Login,Request,2 - Normal,3 - High,0,2 - Satisfied
3367,1145,1 - Junior,37,Access/Login,Issue,2 - Normal,2 - Medium,0,1 - Unsatisfied
3368,657,4 - Management,38,Hardware,Request,2 - Normal,0 - Unassigned,12,0 - Unknown
3369,721,1 - Junior,6,Software,Request,1 - Minor,1 - Low,10,1 - Unsatisfied
3370,1269,2 - Regular,41,Systems,Request,2 - Normal,0 - Unassigned,7,0 - Unknown
3371,1949,1 - Junior,38,Systems,Request,2 - Normal,0 - Unassigned,14,3 - Highly satisfied
3372,1709,2 - Regular,3,Systems,Issue,2 - Normal,3 - High,3,0 - Unknown
3373,787,2 - Regular,34,Systems,Request,1 - Minor,0 - Unassigned,8,0 - Unknown
3374,831,2 - Regular,48,Access/Login,Request,2 - Normal,1 - Low,0,0 - Unknown
3375,1090,4 - Management,7,Access/Login,Request,2 - Normal,0 - Unassigned,2,0 - Unknown
3376,479,2 - Regular,5,Software,Request,2 - Normal,3 - High,3,0 - Unknown
3377,1280,4 - Management,2,Access/Login,Issue,2 - Normal,3 - High,0,0 - Unknown
3378,1931,2 - Regular,48,Access/Login,Issue,3 - Major,1 - Low,1,3 - Highly satisfied
3379,1502,3 - Senior,10,Software,Request,2 - Normal,3 - High,4,1 - Unsatisfied
3380,794,2 - Regular,21,Systems,Request,2 - Normal,0 - Unassigned,6,0 - Unknown
3381,442,4 - Management,25,Software,Request,2 - Normal,3 - High,7,1 - Unsatisfied
3382,218,2 - Regular,6,Systems,Issue,2 - Normal,2 - Medium,4,1 - Unsatisfied
3383,1187,1 - Junior,37,Systems,Request,2 - Normal,1 - Low,21,1 - Unsatisfied
3384,606,2 - Regular,7,Hardware,Request,2 - Normal,3 - High,27,2 - Satisfied
3385,1598,4 - Management,17,Software,Request,2 - Normal,0 - Unassigned,5,0 - Unknown
3386,1523,4 - Management,30,Software,Request,2 - Normal,0 - Unassigned,2,0 - Unknown
3387,1511,4 - Management,17,Systems,Request,2 - Normal,3 - High,5,3 - Highly satisfied
3388,387,2 - Regular,20,Hardware,Request,2 - Normal,1 - Low,33,1 - Unsatisfied
3389,1484,1 - Junior,25,Hardware,Request,2 - Normal,1 - Low,29,0 - Unknown
3390,501,1 - Junior,14,Access/Login,Request,2 - Normal,2 - Medium,0,1 - Unsatisfied
3391,694,2 - Regular,18,Software,Request,2 - Normal,1 - Low,9,3 - Highly satisfied
3392,390,3 - Senior,27,Access/Login,Request,2 - Normal,0 - Unassigned,0,2 - Satisfied
3393,1106,1 - Junior,5,Systems,Issue,2 - Normal,0 - Unassigned,6,0 - Unknown
3394,723,2 - Regular,21,Systems,Request,2 - Normal,3 - High,5,3 - Highly satisfied
3395,1238,1 - Junior,7,Access/Login,Issue,2 - Normal,3 - High,1,1 - Unsatisfied
3396,5,2 - Regular,29,Systems,Request,2 - Normal,0 - Unassigned,5,0 - Unknown
3397,413,4 - Management,11,Software,Request,2 - Normal,3 - High,6,3 - Highly satisfied
3398,488,4 - Management,26,Software,Issue,2 - Normal,3 - High,1,0 - Unknown
3399,1797,2 - Regular,47,Access/Login,Request,2 - Normal,1 - Low,0,2 - Satisfied
3400,591,2 - Regular,17,Access/Login,Request,2 - Normal,1 - Low,0,2 - Satisfied
3401,1124,2 - Regular,39,Hardware,Request,2 - Normal,2 - Medium,31,0 - Unknown
3402,1709,2 - Regular,34,Access/Login,Request,2 - Normal,3 - High,0,3 - Highly satisfied
3403,822,2 - Regular,21,Access/Login,Request,2 - Normal,0 - Unassigned,0,3 - Highly satisfied
3404,18,1 - Junior,33,Access/Login,Request,2 - Normal,1 - Low,1,3 - Highly satisfied
3405,350,3 - Senior,26,Software,Issue,2 - Normal,0 - Unassigned,0,2 - Satisfied
3406,1967,3 - Senior,37,Systems,Issue,2 - Normal,0 - Unassigned,2,1 - Unsatisfied
3407,1609,4 - Management,23,Hardware,Request,2 - Normal,2 - Medium,11,2 - Satisfied
3408,1004,2 - Regular,50,Software,Request,2 - Normal,1 - Low,15,1 - Unsatisfied
3409,528,1 - Junior,24,Hardware,Request,3 - Major,2 - Medium,28,3 - Highly satisfied
3410,1933,3 - Senior,3,Systems,Issue,1 - Minor,1 - Low,5,1 - Unsatisfied
3411,923,4 - Management,2,Systems,Request,2 - Normal,3 - High,7,0 - Unknown
3412,1513,2 - Regular,25,Access/Login,Issue,2 - Normal,2 - Medium,0,0 - Unknown
3413,608,2 - Regular,31,Systems,Issue,2 - Normal,3 - High,1,3 - Highly satisfied
3414,1897,2 - Regular,43,Access/Login,Issue,3 - Major,0 - Unassigned,0,2 - Satisfied
3415,1490,2 - Regular,5,Systems,Request,2 - Normal,3 - High,10,3 - Highly satisfied
3416,800,2 - Regular,18,Access/Login,Request,2 - Normal,0 - Unassigned,0,3 - Highly satisfied
3417,1298,2 - Regular,35,Hardware,Request,2 - Normal,0 - Unassigned,24,1 - Unsatisfied
3418,1237,2 - Regular,39,Hardware,Request,2 - Normal,3 - High,28,1 - Unsatisfied
3419,675,1 - Junior,46,Hardware,Issue,3 - Major,0 - Unassigned,24,1 - Unsatisfied
3420,1119,2 - Regular,29,Systems,Request,2 - Normal,1 - Low,5,3 - Highly satisfied
3421,1910,2 - Regular,42,Systems,Request,2 - Normal,0 - Unassigned,8,0 - Unknown
3422,1,1 - Junior,2,Systems,Request,2 - Normal,3 - High,7,2 - Satisfied
3423,1807,2 - Regular,29,Access/Login,Request,2 - Normal,3 - High,1,0 - Unknown
3424,185,2 - Regular,43,Software,Issue,1 - Minor,0 - Unassigned,2,2 - Satisfied
3425,595,4 - Management,45,Software,Request,2 - Normal,3 - High,3,2 - Satisfied
3426,294,2 - Regular,6,Systems,Request,2 - Normal,2 - Medium,20,3 - Highly satisfied
3427,599,2 - Regular,16,Systems,Request,2 - Normal,1 - Low,13,0 - Unknown
3428,708,3 - Senior,13,Systems,Request,2 - Normal,3 - High,14,1 - Unsatisfied
3429,189,2 - Regular,11,Systems,Request,2 - Normal,0 - Unassigned,16,0 - Unknown
3430,1800,2 - Regular,18,Systems,Request,2 - Normal,2 - Medium,15,1 - Unsatisfied
3431,1345,2 - Regular,29,Systems,Request,2 - Normal,3 - High,11,0 - Unknown
3432,1804,3 - Senior,2,Systems,Request,2 - Normal,3 - High,6,0 - Unknown
3433,123,1 - Junior,33,Software,Issue,2 - Normal,1 - Low,13,3 - Highly satisfied
3434,1204,1 - Junior,27,Access/Login,Request,2 - Normal,1 - Low,0,3 - Highly satisfied
3435,1073,4 - Management,24,Hardware,Request,2 - Normal,3 - High,10,1 - Unsatisfied
3436,1814,1 - Junior,48,Systems,Request,2 - Normal,2 - Medium,6,0 - Unknown
3437,1186,3 - Senior,26,Access/Login,Request,2 - Normal,3 - High,0,3 - Highly satisfied
3438,1204,1 - Junior,25,Systems,Request,2 - Normal,0 - Unassigned,17,0 - Unknown
3439,1233,4 - Management,18,Access/Login,Issue,2 - Normal,3 - High,0,0 - Unknown
3440,1942,2 - Regular,8,Systems,Issue,2 - Normal,2 - Medium,3,0 - Unknown
3441,541,1 - Junior,9,Access/Login,Request,2 - Normal,1 - Low,3,3 - Highly satisfied
3442,472,2 - Regular,36,Access/Login,Request,2 - Normal,3 - High,0,3 - Highly satisfied
3443,1042,1 - Junior,40,Access/Login,Issue,1 - Minor,0 - Unassigned,0,2 - Satisfied
3444,1479,2 - Regular,25,Systems,Issue,2 - Normal,3 - High,20,1 - Unsatisfied
3445,97,2 - Regular,18,Access/Login,Request,2 - Normal,2 - Medium,0,0 - Unknown
3446,1902,4 - Management,37,Access/Login,Request,2 - Normal,0 - Unassigned,0,3 - Highly satisfied
3447,1044,2 - Regular,26,Systems,Issue,2 - Normal,1 - Low,5,3 - Highly satisfied
3448,400,1 - Junior,48,Systems,Request,2 - Normal,2 - Medium,7,0 - Unknown
3449,1470,2 - Regular,13,Access/Login,Request,2 - Normal,2 - Medium,0,1 - Unsatisfied
3450,193,2 - Regular,14,Software,Issue,2 - Normal,2 - Medium,2,1 - Unsatisfied
3451,351,2 - Regular,3,Systems,Issue,2 - Normal,3 - High,5,0 - Unknown
3452,1830,3 - Senior,10,Access/Login,Request,2 - Normal,2 - Medium,0,0 - Unknown
3453,140,1 - Junior,27,Software,Issue,2 - Normal,0 - Unassigned,0,3 - Highly satisfied
3454,521,3 - Senior,21,Hardware,Request,2 - Normal,0 - Unassigned,11,3 - Highly satisfied
3455,1524,1 - Junior,6,Systems,Issue,2 - Normal,0 - Unassigned,4,1 - Unsatisfied
3456,64,2 - Regular,27,Access/Login,Issue,2 - Normal,0 - Unassigned,0,3 - Highly satisfied
3457,1243,3 - Senior,30,Access/Login,Issue,2 - Normal,2 - Medium,0,1 - Unsatisfied
3458,1485,3 - Senior,41,Access/Login,Request,2 - Normal,1 - Low,1,0 - Unknown
3459,328,2 - Regular,8,Access/Login,Request,2 - Normal,2 - Medium,0,2 - Satisfied
3460,423,4 - Management,13,Systems,Request,2 - Normal,3 - High,16,1 - Unsatisfied
3461,937,3 - Senior,28,Systems,Request,2 - Normal,3 - High,21,1 - Unsatisfied
3462,1318,4 - Management,39,Access/Login,Request,3 - Major,3 - High,1,2 - Satisfied
3463,1499,4 - Management,34,Software,Request,2 - Normal,3 - High,5,0 - Unknown
3464,1464,3 - Senior,43,Hardware,Request,3 - Major,3 - High,11,3 - Highly satisfied
3465,914,1 - Junior,48,Systems,Issue,3 - Major,1 - Low,7,3 - Highly satisfied
3466,82,2 - Regular,34,Software,Request,2 - Normal,3 - High,4,0 - Unknown
3467,652,4 - Management,13,Software,Issue,2 - Normal,3 - High,5,1 - Unsatisfied
3468,606,2 - Regular,48,Systems,Request,2 - Normal,2 - Medium,18,3 - Highly satisfied
3469,1471,3 - Senior,48,Systems,Issue,2 - Normal,3 - High,2,3 - Highly satisfied
3470,752,2 - Regular,20,Access/Login,Request,2 - Normal,2 - Medium,1,3 - Highly satisfied
3471,254,1 - Junior,39,Access/Login,Request,2 - Normal,1 - Low,0,1 - Unsatisfied
3472,1524,1 - Junior,23,Hardware,Request,2 - Normal,1 - Low,30,0 - Unknown
3473,1715,3 - Senior,3,Hardware,Request,2 - Normal,0 - Unassigned,30,1 - Unsatisfied
3474,702,3 - Senior,45,Access/Login,Request,2 - Normal,0 - Unassigned,0,3 - Highly satisfied
3475,838,2 - Regular,50,Software,Request,2 - Normal,3 - High,8,1 - Unsatisfied
3476,1907,4 - Management,18,Systems,Issue,2 - Normal,0 - Unassigned,1,3 - Highly satisfied
3477,1059,2 - Regular,19,Systems,Request,2 - Normal,0 - Unassigned,14,2 - Satisfied
3478,1621,3 - Senior,42,Access/Login,Request,2 - Normal,0 - Unassigned,0,3 - Highly satisfied
3479,1521,2 - Regular,37,Access/Login,Request,2 - Normal,1 - Low,1,0 - Unknown
3480,1386,2 - Regular,23,Access/Login,Request,2 - Normal,0 - Unassigned,0,3 - Highly satisfied
3481,1258,1 - Junior,20,Access/Login,Request,2 - Normal,2 - Medium,0,1 - Unsatisfied
3482,1015,4 - Management,18,Hardware,Request,2 - Normal,2 - Medium,10,1 - Unsatisfied
3483,778,1 - Junior,44,Software,Request,2 - Normal,0 - Unassigned,21,2 - Satisfied
3484,1898,2 - Regular,22,Hardware,Issue,2 - Normal,0 - Unassigned,17,0 - Unknown
3485,1563,2 - Regular,37,Access/Login,Issue,2 - Normal,0 - Unassigned,1,1 - Unsatisfied
3486,296,4 - Management,17,Systems,Issue,2 - Normal,3 - High,1,3 - Highly satisfied
3487,11,2 - Regular,41,Systems,Request,2 - Normal,3 - High,7,0 - Unknown
3488,843,2 - Regular,35,Systems,Request,2 - Normal,2 - Medium,13,0 - Unknown
3489,1820,1 - Junior,32,Software,Request,2 - Normal,0 - Unassigned,8,1 - Unsatisfied
3490,1161,2 - Regular,17,Access/Login,Request,2 - Normal,2 - Medium,0,0 - Unknown
3491,906,4 - Management,34,Systems,Request,3 - Major,3 - High,6,3 - Highly satisfied
3492,105,4 - Management,8,Software,Issue,2 - Normal,3 - High,3,3 - Highly satisfied
3493,594,2 - Regular,43,Systems,Request,2 - Normal,3 - High,5,3 - Highly satisfied
3494,552,2 - Regular,43,Access/Login,Request,2 - Normal,3 - High,0,1 - Unsatisfied
3495,275,2 - Regular,48,Systems,Issue,2 - Normal,1 - Low,4,2 - Satisfied
3496,19,4 - Management,46,Systems,Request,3 - Major,3 - High,13,0 - Unknown
3497,561,3 - Senior,27,Systems,Request,2 - Normal,0 - Unassigned,5,2 - Satisfied
3498,371,2 - Regular,18,Software,Request,2 - Normal,0 - Unassigned,6,1 - Unsatisfied
3499,1943,1 - Junior,36,Access/Login,Issue,1 - Minor,0 - Unassigned,0,3 - Highly satisfied
3500,82,2 - Regular,23,Software,Request,3 - Major,3 - High,13,0 - Unknown
3501,1785,2 - Regular,39,Software,Request,2 - Normal,3 - High,12,0 - Unknown
3502,264,4 - Management,23,Systems,Request,2 - Normal,0 - Unassigned,5,2 - Satisfied
3503,1962,2 - Regular,12,Access/Login,Request,2 - Normal,0 - Unassigned,0,0 - Unknown
3504,266,2 - Regular,14,Access/Login,Request,2 - Normal,3 - High,1,3 - Highly satisfied
3505,923,4 - Management,14,Systems,Request,1 - Minor,0 - Unassigned,7,1 - Unsatisfied
3506,311,3 - Senior,1,Access/Login,Request,2 - Normal,2 - Medium,0,2 - Satisfied
3507,831,2 - Regular,27,Software,Request,2 - Normal,3 - High,2,3 - Highly satisfied
3508,664,2 - Regular,4,Access/Login,Request,3 - Major,2 - Medium,0,0 - Unknown
3509,1548,1 - Junior,32,Access/Login,Request,2 - Normal,3 - High,0,0 - Unknown
3510,1165,4 - Management,50,Access/Login,Request,2 - Normal,2 - Medium,1,1 - Unsatisfied
3511,614,2 - Regular,37,Access/Login,Request,2 - Normal,3 - High,0,2 - Satisfied
3512,1871,4 - Management,12,Access/Login,Request,2 - Normal,3 - High,0,3 - Highly satisfied
3513,399,4 - Management,14,Access/Login,Request,2 - Normal,3 - High,0,1 - Unsatisfied
3514,602,2 - Regular,1,Software,Request,2 - Normal,1 - Low,12,1 - Unsatisfied
3515,548,4 - Management,36,Systems,Request,2 - Normal,3 - High,10,0 - Unknown
3516,1870,4 - Management,26,Systems,Issue,2 - Normal,0 - Unassigned,3,2 - Satisfied
3517,1574,1 - Junior,4,Systems,Request,2 - Normal,0 - Unassigned,15,0 - Unknown
3518,1006,4 - Management,47,Access/Login,Issue,2 - Normal,3 - High,0,2 - Satisfied
3519,591,2 - Regular,7,Access/Login,Request,2 - Normal,1 - Low,0,1 - Unsatisfied
3520,1291,1 - Junior,39,Systems,Issue,2 - Normal,0 - Unassigned,5,3 - Highly satisfied
3521,1801,3 - Senior,30,Systems,Request,2 - Normal,3 - High,10,0 - Unknown
3522,1098,2 - Regular,14,Hardware,Request,2 - Normal,1 - Low,36,2 - Satisfied
3523,1800,2 - Regular,21,Access/Login,Request,2 - Normal,3 - High,0,3 - Highly satisfied
3524,1158,3 - Senior,49,Systems,Request,2 - Normal,3 - High,12,1 - Unsatisfied
3525,1441,3 - Senior,7,Software,Request,2 - Normal,3 - High,6,1 - Unsatisfied
3526,1998,1 - Junior,30,Access/Login,Request,4 - Critical,2 - Medium,1,0 - Unknown
3527,516,1 - Junior,13,Access/Login,Request,2 - Normal,2 - Medium,2,1 - Unsatisfied
3528,1751,3 - Senior,14,Software,Request,2 - Normal,3 - High,18,1 - Unsatisfied
3529,775,2 - Regular,7,Software,Issue,2 - Normal,3 - High,3,3 - Highly satisfied
3530,1656,1 - Junior,24,Systems,Request,2 - Normal,1 - Low,8,3 - Highly satisfied
3531,1924,1 - Junior,36,Systems,Request,2 - Normal,2 - Medium,7,3 - Highly satisfied
3532,929,4 - Management,10,Software,Issue,3 - Major,3 - High,3,2 - Satisfied
3533,387,2 - Regular,21,Systems,Request,2 - Normal,2 - Medium,5,3 - Highly satisfied
3534,1563,2 - Regular,6,Access/Login,Request,2 - Normal,1 - Low,0,1 - Unsatisfied
3535,1411,4 - Management,50,Software,Issue,2 - Normal,3 - High,10,0 - Unknown
3536,1450,2 - Regular,32,Software,Issue,2 - Normal,0 - Unassigned,3,1 - Unsatisfied
3537,1127,2 - Regular,32,Access/Login,Issue,2 - Normal,3 - High,0,1 - Unsatisfied
3538,158,2 - Regular,33,Systems,Request,3 - Major,1 - Low,23,1 - Unsatisfied
3539,442,4 - Management,28,Access/Login,Issue,2 - Normal,3 - High,0,1 - Unsatisfied
3540,1372,2 - Regular,45,Access/Login,Request,2 - Normal,3 - High,0,0 - Unknown
3541,1066,4 - Management,21,Systems,Issue,2 - Normal,3 - High,1,3 - Highly satisfied
3542,1545,3 - Senior,39,Systems,Request,2 - Normal,3 - High,18,1 - Unsatisfied
3543,1007,3 - Senior,48,Access/Login,Issue,2 - Normal,2 - Medium,0,1 - Unsatisfied
3544,1394,2 - Regular,3,Access/Login,Request,2 - Normal,0 - Unassigned,0,1 - Unsatisfied
3545,1615,2 - Regular,1,Access/Login,Issue,2 - Normal,0 - Unassigned,0,3 - Highly satisfied
3546,1666,1 - Junior,39,Hardware,Request,2 - Normal,0 - Unassigned,27,2 - Satisfied
3547,1111,4 - Management,46,Access/Login,Request,2 - Normal,3 - High,1,1 - Unsatisfied
3548,679,2 - Regular,26,Systems,Request,2 - Normal,3 - High,7,0 - Unknown
3549,687,1 - Junior,45,Access/Login,Request,3 - Major,1 - Low,0,3 - Highly satisfied
3550,537,4 - Management,47,Access/Login,Request,2 - Normal,3 - High,0,3 - Highly satisfied
3551,97,2 - Regular,10,Access/Login,Request,2 - Normal,3 - High,0,2 - Satisfied
3552,303,2 - Regular,38,Hardware,Request,2 - Normal,0 - Unassigned,12,0 - Unknown
3553,1024,2 - Regular,14,Systems,Request,2 - Normal,3 - High,7,0 - Unknown
3554,1263,3 - Senior,39,Hardware,Request,2 - Normal,0 - Unassigned,32,2 - Satisfied
3555,603,1 - Junior,32,Software,Request,2 - Normal,1 - Low,9,0 - Unknown
3556,1802,2 - Regular,39,Software,Issue,2 - Normal,1 - Low,6,2 - Satisfied
3557,1286,4 - Management,27,Systems,Request,3 - Major,3 - High,6,3 - Highly satisfied
3558,1246,2 - Regular,37,Hardware,Issue,2 - Normal,0 - Unassigned,6,1 - Unsatisfied
3559,680,1 - Junior,7,Access/Login,Issue,2 - Normal,0 - Unassigned,0,2 - Satisfied
3560,270,1 - Junior,32,Systems,Request,2 - Normal,0 - Unassigned,21,3 - Highly satisfied
3561,760,3 - Senior,40,Access/Login,Request,1 - Minor,3 - High,1,3 - Highly satisfied
3562,647,1 - Junior,40,Hardware,Request,2 - Normal,1 - Low,36,0 - Unknown
3563,420,3 - Senior,6,Systems,Request,2 - Normal,2 - Medium,16,3 - Highly satisfied
3564,1325,3 - Senior,18,Access/Login,Issue,2 - Normal,3 - High,0,3 - Highly satisfied
3565,568,3 - Senior,7,Systems,Issue,2 - Normal,0 - Unassigned,3,2 - Satisfied
3566,923,4 - Management,19,Access/Login,Issue,2 - Normal,3 - High,1,0 - Unknown
3567,68,4 - Management,35,Access/Login,Request,2 - Normal,3 - High,0,0 - Unknown
3568,990,3 - Senior,17,Systems,Request,2 - Normal,3 - High,9,2 - Satisfied
3569,369,3 - Senior,5,Software,Request,2 - Normal,0 - Unassigned,3,0 - Unknown
3570,374,1 - Junior,29,Software,Request,3 - Major,1 - Low,7,0 - Unknown
3571,1804,3 - Senior,19,Access/Login,Request,2 - Normal,3 - High,0,0 - Unknown
3572,520,2 - Regular,10,Systems,Request,2 - Normal,2 - Medium,7,0 - Unknown
3573,1310,2 - Regular,41,Systems,Request,2 - Normal,2 - Medium,17,3 - Highly satisfied
3574,549,4 - Management,40,Access/Login,Issue,2 - Normal,3 - High,0,3 - Highly satisfied
3575,1903,1 - Junior,6,Systems,Request,2 - Normal,1 - Low,17,2 - Satisfied
3576,1152,4 - Management,33,Systems,Request,2 - Normal,3 - High,7,3 - Highly satisfied
3577,627,1 - Junior,39,Access/Login,Request,2 - Normal,2 - Medium,1,1 - Unsatisfied
3578,437,1 - Junior,37,Systems,Issue,2 - Normal,0 - Unassigned,9,0 - Unknown
3579,209,2 - Regular,32,Systems,Request,2 - Normal,0 - Unassigned,15,0 - Unknown
3580,136,1 - Junior,45,Systems,Issue,2 - Normal,1 - Low,2,3 - Highly satisfied
3581,1398,4 - Management,3,Systems,Issue,2 - Normal,3 - High,5,0 - Unknown
3582,1272,3 - Senior,35,Systems,Request,2 - Normal,3 - High,5,3 - Highly satisfied
3583,530,3 - Senior,45,Access/Login,Request,2 - Normal,0 - Unassigned,0,3 - Highly satisfied
3584,1551,3 - Senior,20,Access/Login,Request,2 - Normal,1 - Low,1,2 - Satisfied
3585,1178,1 - Junior,6,Access/Login,Issue,4 - Critical,0 - Unassigned,0,1 - Unsatisfied
3586,629,1 - Junior,39,Systems,Request,1 - Minor,1 - Low,21,0 - Unknown
3587,584,2 - Regular,34,Systems,Request,2 - Normal,3 - High,5,3 - Highly satisfied
3588,124,3 - Senior,48,Software,Request,2 - Normal,3 - High,2,3 - Highly satisfied
3589,781,1 - Junior,44,Systems,Request,2 - Normal,0 - Unassigned,9,1 - Unsatisfied
3590,388,3 - Senior,22,Systems,Issue,2 - Normal,0 - Unassigned,3,2 - Satisfied
3591,194,4 - Management,5,Software,Request,2 - Normal,3 - High,6,1 - Unsatisfied
3592,1876,4 - Management,34,Systems,Request,2 - Normal,3 - High,6,3 - Highly satisfied
3593,723,2 - Regular,40,Access/Login,Request,2 - Normal,0 - Unassigned,0,0 - Unknown
3594,97,2 - Regular,44,Systems,Request,2 - Normal,3 - High,9,0 - Unknown
3595,331,2 - Regular,19,Systems,Issue,2 - Normal,0 - Unassigned,6,2 - Satisfied
3596,994,4 - Management,45,Systems,Issue,3 - Major,0 - Unassigned,1,3 - Highly satisfied
3597,635,1 - Junior,46,Hardware,Request,2 - Normal,1 - Low,28,1 - Unsatisfied
3598,1750,4 - Management,28,Systems,Request,2 - Normal,3 - High,21,3 - Highly satisfied
3599,510,1 - Junior,46,Software,Request,2 - Normal,0 - Unassigned,8,1 - Unsatisfied
3600,408,4 - Management,44,Systems,Request,2 - Normal,3 - High,5,0 - Unknown
3601,1085,2 - Regular,44,Access/Login,Issue,2 - Normal,1 - Low,0,1 - Unsatisfied
3602,1305,2 - Regular,48,Access/Login,Issue,2 - Normal,0 - Unassigned,0,3 - Highly satisfied
3603,1795,1 - Junior,24,Software,Request,2 - Normal,1 - Low,5,2 - Satisfied
3604,1113,2 - Regular,9,Access/Login,Request,2 - Normal,2 - Medium,1,3 - Highly satisfied
3605,1508,2 - Regular,13,Systems,Request,2 - Normal,1 - Low,20,2 - Satisfied
3606,1482,3 - Senior,28,Systems,Request,2 - Normal,2 - Medium,21,0 - Unknown
3607,1427,2 - Regular,45,Systems,Issue,2 - Normal,2 - Medium,1,3 - Highly satisfied
3608,858,4 - Management,2,Access/Login,Request,2 - Normal,3 - High,0,3 - Highly satisfied
3609,1622,2 - Regular,32,Systems,Request,2 - Normal,1 - Low,20,0 - Unknown
3610,1142,2 - Regular,48,Access/Login,Request,2 - Normal,2 - Medium,0,2 - Satisfied
3611,1316,2 - Regular,8,Access/Login,Issue,3 - Major,2 - Medium,0,1 - Unsatisfied
3612,84,2 - Regular,20,Systems,Issue,2 - Normal,0 - Unassigned,10,1 - Unsatisfied
3613,1520,4 - Management,27,Systems,Request,2 - Normal,0 - Unassigned,7,3 - Highly satisfied
3614,754,2 - Regular,15,Access/Login,Issue,2 - Normal,3 - High,0,0 - Unknown
3615,593,4 - Management,36,Systems,Issue,2 - Normal,3 - High,1,3 - Highly satisfied
3616,545,1 - Junior,15,Access/Login,Request,2 - Normal,1 - Low,0,3 - Highly satisfied
3617,60,4 - Management,17,Systems,Issue,2 - Normal,3 - High,1,0 - Unknown
3618,1846,2 - Regular,18,Access/Login,Request,2 - Normal,1 - Low,0,2 - Satisfied
3619,1291,1 - Junior,38,Access/Login,Request,2 - Normal,2 - Medium,0,2 - Satisfied
3620,689,4 - Management,42,Systems,Request,2 - Normal,2 - Medium,5,0 - Unknown
3621,1,1 - Junior,25,Systems,Request,2 - Normal,1 - Low,23,2 - Satisfied
3622,1443,2 - Regular,37,Software,Request,2 - Normal,3 - High,2,3 - Highly satisfied
3623,1342,3 - Senior,49,Systems,Request,2 - Normal,0 - Unassigned,17,0 - Unknown
3624,1946,2 - Regular,27,Access/Login,Issue,2 - Normal,0 - Unassigned,0,3 - Highly satisfied
3625,1718,4 - Management,50,Systems,Issue,2 - Normal,3 - High,3,1 - Unsatisfied
3626,1198,1 - Junior,22,Systems,Request,2 - Normal,2 - Medium,16,0 - Unknown
3627,118,2 - Regular,48,Systems,Request,2 - Normal,3 - High,6,0 - Unknown
3628,1223,2 - Regular,40,Systems,Request,2 - Normal,0 - Unassigned,7,2 - Satisfied
3629,932,4 - Management,48,Software,Request,1 - Minor,0 - Unassigned,4,0 - Unknown
3630,1815,2 - Regular,50,Systems,Issue,0 - Unclassified,1 - Low,5,0 - Unknown
3631,113,4 - Management,37,Access/Login,Request,2 - Normal,0 - Unassigned,0,2 - Satisfied
3632,1763,3 - Senior,43,Access/Login,Request,2 - Normal,2 - Medium,0,3 - Highly satisfied
3633,1577,2 - Regular,34,Systems,Issue,2 - Normal,0 - Unassigned,4,3 - Highly satisfied
3634,1034,2 - Regular,47,Systems,Request,2 - Normal,1 - Low,8,3 - Highly satisfied
3635,283,2 - Regular,32,Software,Request,2 - Normal,3 - High,8,2 - Satisfied
3636,187,2 - Regular,24,Systems,Request,2 - Normal,2 - Medium,5,0 - Unknown
3637,1457,4 - Management,19,Systems,Request,2 - Normal,3 - High,19,3 - Highly satisfied
3638,353,2 - Regular,32,Access/Login,Request,2 - Normal,1 - Low,1,0 - Unknown
3639,1290,2 - Regular,47,Systems,Request,2 - Normal,2 - Medium,6,3 - Highly satisfied
3640,816,3 - Senior,22,Hardware,Request,2 - Normal,3 - High,26,0 - Unknown
3641,1165,4 - Management,20,Software,Request,2 - Normal,3 - High,2,3 - Highly satisfied
3642,580,3 - Senior,4,Access/Login,Request,2 - Normal,3 - High,1,2 - Satisfied
3643,1931,2 - Regular,41,Software,Issue,3 - Major,1 - Low,4,3 - Highly satisfied
3644,1518,2 - Regular,43,Access/Login,Request,2 - Normal,3 - High,0,2 - Satisfied
3645,1478,2 - Regular,41,Systems,Request,2 - Normal,0 - Unassigned,5,3 - Highly satisfied
3646,868,2 - Regular,7,Software,Request,2 - Normal,0 - Unassigned,7,2 - Satisfied
3647,1755,2 - Regular,11,Software,Request,2 - Normal,0 - Unassigned,21,3 - Highly satisfied
3648,430,2 - Regular,16,Systems,Request,2 - Normal,0 - Unassigned,6,1 - Unsatisfied
3649,487,1 - Junior,13,Systems,Request,2 - Normal,2 - Medium,19,1 - Unsatisfied
3650,1808,2 - Regular,1,Hardware,Request,3 - Major,2 - Medium,36,3 - Highly satisfied
3651,466,3 - Senior,28,Systems,Issue,2 - Normal,2 - Medium,7,1 - Unsatisfied
3652,1827,1 - Junior,8,Systems,Request,2 - Normal,1 - Low,5,1 - Unsatisfied
3653,1216,3 - Senior,49,Systems,Request,2 - Normal,3 - High,22,3 - Highly satisfied
3654,1850,2 - Regular,2,Access/Login,Request,2 - Normal,2 - Medium,0,3 - Highly satisfied
3655,1942,2 - Regular,29,Access/Login,Request,2 - Normal,1 - Low,0,1 - Unsatisfied
3656,750,1 - Junior,37,Software,Issue,2 - Normal,3 - High,5,0 - Unknown
3657,453,2 - Regular,14,Systems,Issue,2 - Normal,3 - High,1,2 - Satisfied
3658,637,1 - Junior,6,Systems,Issue,3 - Major,0 - Unassigned,6,1 - Unsatisfied
3659,200,3 - Senior,34,Access/Login,Request,2 - Normal,3 - High,1,0 - Unknown
3660,1657,3 - Senior,6,Hardware,Request,2 - Normal,3 - High,28,2 - Satisfied
3661,104,4 - Management,4,Systems,Request,2 - Normal,3 - High,12,3 - Highly satisfied
3662,1371,1 - Junior,34,Systems,Request,2 - Normal,1 - Low,6,3 - Highly satisfied
3663,826,1 - Junior,45,Access/Login,Issue,2 - Normal,1 - Low,0,0 - Unknown
3664,717,2 - Regular,40,Access/Login,Request,2 - Normal,0 - Unassigned,1,3 - Highly satisfied
3665,78,3 - Senior,47,Hardware,Request,2 - Normal,3 - High,13,3 - Highly satisfied
3666,248,2 - Regular,16,Software,Request,2 - Normal,3 - High,3,0 - Unknown
3667,472,2 - Regular,23,Software,Request,2 - Normal,0 - Unassigned,10,2 - Satisfied
3668,1794,2 - Regular,27,Systems,Request,2 - Normal,0 - Unassigned,8,3 - Highly satisfied
3669,86,2 - Regular,37,Hardware,Request,2 - Normal,1 - Low,26,3 - Highly satisfied
3670,801,4 - Management,49,Systems,Request,2 - Normal,3 - High,14,3 - Highly satisfied
3671,1100,2 - Regular,10,Access/Login,Request,2 - Normal,2 - Medium,0,1 - Unsatisfied
3672,258,4 - Management,39,Systems,Issue,2 - Normal,3 - High,5,1 - Unsatisfied
3673,1932,4 - Management,40,Software,Request,2 - Normal,3 - High,6,3 - Highly satisfied
3674,1730,1 - Junior,24,Systems,Issue,2 - Normal,2 - Medium,1,0 - Unknown
3675,1540,1 - Junior,14,Systems,Request,2 - Normal,2 - Medium,16,2 - Satisfied
3676,1496,2 - Regular,19,Systems,Request,2 - Normal,2 - Medium,25,2 - Satisfied
3677,1523,4 - Management,42,Systems,Request,3 - Major,3 - High,9,0 - Unknown
3678,651,4 - Management,44,Systems,Request,2 - Normal,3 - High,8,0 - Unknown
3679,1214,4 - Management,41,Access/Login,Issue,2 - Normal,3 - High,0,3 - Highly satisfied
3680,1029,2 - Regular,34,Hardware,Request,2 - Normal,1 - Low,10,3 - Highly satisfied
3681,1282,1 - Junior,11,Software,Request,2 - Normal,1 - Low,13,0 - Unknown
3682,978,2 - Regular,48,Access/Login,Issue,2 - Normal,3 - High,0,1 - Unsatisfied
3683,818,1 - Junior,14,Software,Request,2 - Normal,0 - Unassigned,7,0 - Unknown
3684,762,1 - Junior,19,Systems,Request,2 - Normal,0 - Unassigned,15,1 - Unsatisfied
3685,1191,2 - Regular,48,Systems,Request,2 - Normal,0 - Unassigned,6,0 - Unknown
3686,1971,4 - Management,37,Access/Login,Request,2 - Normal,3 - High,0,2 - Satisfied
3687,984,2 - Regular,21,Access/Login,Issue,2 - Normal,1 - Low,0,0 - Unknown
3688,904,2 - Regular,24,Systems,Issue,2 - Normal,2 - Medium,1,2 - Satisfied
3689,1895,1 - Junior,44,Systems,Request,2 - Normal,2 - Medium,6,2 - Satisfied
3690,1467,2 - Regular,48,Systems,Request,2 - Normal,1 - Low,12,0 - Unknown
3691,1261,3 - Senior,28,Software,Request,2 - Normal,3 - High,10,0 - Unknown
3692,770,2 - Regular,40,Software,Request,2 - Normal,1 - Low,12,0 - Unknown
3693,781,1 - Junior,34,Hardware,Issue,2 - Normal,1 - Low,5,0 - Unknown
3694,377,3 - Senior,10,Hardware,Request,2 - Normal,0 - Unassigned,12,3 - Highly satisfied
3695,752,2 - Regular,50,Systems,Request,2 - Normal,1 - Low,16,2 - Satisfied
3696,408,4 - Management,45,Systems,Request,2 - Normal,2 - Medium,6,3 - Highly satisfied
3697,1293,2 - Regular,11,Software,Issue,2 - Normal,0 - Unassigned,1,2 - Satisfied
3698,910,4 - Management,47,Access/Login,Issue,2 - Normal,3 - High,0,0 - Unknown
3699,1416,2 - Regular,34,Hardware,Request,2 - Normal,2 - Medium,16,3 - Highly satisfied
3700,1055,3 - Senior,3,Access/Login,Request,2 - Normal,0 - Unassigned,2,2 - Satisfied
3701,233,2 - Regular,42,Software,Issue,2 - Normal,3 - High,1,2 - Satisfied
3702,460,2 - Regular,37,Systems,Request,2 - Normal,1 - Low,9,3 - Highly satisfied
3703,1556,4 - Management,46,Systems,Request,2 - Normal,0 - Unassigned,16,0 - Unknown
3704,1911,3 - Senior,3,Access/Login,Issue,2 - Normal,3 - High,1,2 - Satisfied
3705,1502,3 - Senior,4,Systems,Request,2 - Normal,3 - High,6,2 - Satisfied
3706,1507,2 - Regular,18,Systems,Request,2 - Normal,1 - Low,20,0 - Unknown
3707,426,2 - Regular,11,Systems,Request,2 - Normal,2 - Medium,25,0 - Unknown
3708,350,3 - Senior,1,Systems,Request,2 - Normal,3 - High,13,2 - Satisfied
3709,589,2 - Regular,10,Software,Request,2 - Normal,1 - Low,4,2 - Satisfied
3710,9,4 - Management,17,Systems,Request,2 - Normal,0 - Unassigned,6,2 - Satisfied
3711,611,2 - Regular,19,Access/Login,Request,2 - Normal,0 - Unassigned,0,1 - Unsatisfied
3712,20,1 - Junior,16,Access/Login,Request,2 - Normal,1 - Low,0,3 - Highly satisfied
3713,1206,2 - Regular,39,Systems,Request,2 - Normal,1 - Low,15,2 - Satisfied
3714,567,4 - Management,38,Systems,Request,2 - Normal,3 - High,5,0 - Unknown
3715,1146,1 - Junior,5,Systems,Issue,2 - Normal,0 - Unassigned,6,1 - Unsatisfied
3716,1602,3 - Senior,48,Systems,Request,2 - Normal,3 - High,9,1 - Unsatisfied
3717,624,1 - Junior,11,Software,Request,2 - Normal,1 - Low,7,2 - Satisfied
3718,155,3 - Senior,19,Software,Request,2 - Normal,3 - High,6,2 - Satisfied
3719,928,2 - Regular,48,Software,Request,2 - Normal,0 - Unassigned,2,0 - Unknown
3720,1398,4 - Management,11,Software,Request,2 - Normal,0 - Unassigned,5,0 - Unknown
3721,821,1 - Junior,27,Access/Login,Request,1 - Minor,0 - Unassigned,0,3 - Highly satisfied
3722,380,1 - Junior,24,Software,Issue,2 - Normal,2 - Medium,0,2 - Satisfied
3723,1598,4 - Management,42,Hardware,Issue,2 - Normal,3 - High,5,2 - Satisfied
3724,1101,4 - Management,13,Systems,Request,2 - Normal,3 - High,13,2 - Satisfied
3725,563,3 - Senior,26,Software,Issue,2 - Normal,0 - Unassigned,2,0 - Unknown
3726,1641,2 - Regular,39,Systems,Request,3 - Major,3 - High,23,2 - Satisfied
3727,1020,1 - Junior,33,Systems,Request,2 - Normal,1 - Low,13,0 - Unknown
3728,1271,2 - Regular,46,Systems,Request,2 - Normal,1 - Low,23,1 - Unsatisfied
3729,1240,1 - Junior,28,Software,Request,2 - Normal,2 - Medium,11,0 - Unknown
3730,199,2 - Regular,12,Hardware,Issue,2 - Normal,1 - Low,13,0 - Unknown
3731,762,1 - Junior,50,Access/Login,Request,2 - Normal,2 - Medium,1,1 - Unsatisfied
3732,551,4 - Management,6,Access/Login,Request,2 - Normal,3 - High,0,0 - Unknown
3733,1472,4 - Management,8,Access/Login,Request,3 - Major,0 - Unassigned,0,2 - Satisfied
3734,354,2 - Regular,30,Systems,Issue,2 - Normal,2 - Medium,7,0 - Unknown
3735,1954,2 - Regular,39,Access/Login,Issue,1 - Minor,0 - Unassigned,0,1 - Unsatisfied
3736,1860,1 - Junior,30,Software,Request,2 - Normal,0 - Unassigned,14,2 - Satisfied
3737,821,1 - Junior,19,Access/Login,Request,2 - Normal,3 - High,0,3 - Highly satisfied
3738,1167,2 - Regular,28,Access/Login,Request,2 - Normal,1 - Low,1,0 - Unknown
3739,1413,2 - Regular,8,Systems,Request,2 - Normal,3 - High,5,3 - Highly satisfied
3740,609,3 - Senior,39,Systems,Issue,2 - Normal,2 - Medium,7,1 - Unsatisfied
3741,313,4 - Management,9,Access/Login,Request,2 - Normal,1 - Low,1,2 - Satisfied
3742,858,4 - Management,22,Software,Request,2 - Normal,0 - Unassigned,27,3 - Highly satisfied
3743,283,2 - Regular,8,Access/Login,Request,2 - Normal,0 - Unassigned,0,0 - Unknown
3744,239,2 - Regular,20,Systems,Request,2 - Normal,3 - High,5,0 - Unknown
3745,262,2 - Regular,15,Access/Login,Issue,2 - Normal,3 - High,0,1 - Unsatisfied
3746,811,2 - Regular,13,Access/Login,Request,2 - Normal,1 - Low,0,1 - Unsatisfied
3747,281,2 - Regular,42,Systems,Request,2 - Normal,3 - High,5,0 - Unknown
3748,1749,2 - Regular,17,Systems,Request,2 - Normal,1 - Low,9,1 - Unsatisfied
3749,1691,1 - Junior,15,Systems,Request,2 - Normal,1 - Low,6,0 - Unknown
3750,1759,2 - Regular,2,Software,Request,2 - Normal,2 - Medium,4,0 - Unknown
3751,18,1 - Junior,27,Systems,Request,2 - Normal,1 - Low,6,0 - Unknown
3752,591,2 - Regular,13,Systems,Request,2 - Normal,0 - Unassigned,14,0 - Unknown
3753,1745,3 - Senior,1,Software,Request,2 - Normal,3 - High,8,1 - Unsatisfied
3754,1066,4 - Management,8,Access/Login,Request,4 - Critical,3 - High,0,3 - Highly satisfied
3755,700,3 - Senior,4,Hardware,Issue,2 - Normal,3 - High,19,1 - Unsatisfied
3756,825,2 - Regular,50,Systems,Request,2 - Normal,2 - Medium,17,1 - Unsatisfied
3757,1516,2 - Regular,40,Access/Login,Request,2 - Normal,2 - Medium,0,0 - Unknown
3758,546,3 - Senior,44,Software,Request,2 - Normal,3 - High,2,0 - Unknown
3759,109,4 - Management,7,Hardware,Request,2 - Normal,0 - Unassigned,30,0 - Unknown
3760,1829,1 - Junior,26,Access/Login,Request,2 - Normal,1 - Low,0,3 - Highly satisfied
3761,1910,2 - Regular,20,Access/Login,Request,2 - Normal,2 - Medium,1,0 - Unknown
3762,709,2 - Regular,34,Access/Login,Issue,2 - Normal,2 - Medium,0,3 - Highly satisfied
3763,623,2 - Regular,20,Systems,Request,2 - Normal,3 - High,8,3 - Highly satisfied
3764,420,3 - Senior,18,Systems,Request,2 - Normal,2 - Medium,6,0 - Unknown
3765,1183,3 - Senior,1,Access/Login,Request,2 - Normal,3 - High,0,1 - Unsatisfied
3766,1617,4 - Management,12,Access/Login,Request,2 - Normal,1 - Low,0,1 - Unsatisfied
3767,1982,3 - Senior,9,Software,Request,2 - Normal,3 - High,3,2 - Satisfied
3768,661,4 - Management,29,Hardware,Issue,2 - Normal,3 - High,7,0 - Unknown
3769,495,4 - Management,50,Access/Login,Request,2 - Normal,0 - Unassigned,0,1 - Unsatisfied
3770,1973,2 - Regular,27,Software,Request,2 - Normal,2 - Medium,2,0 - Unknown
3771,1262,2 - Regular,4,Access/Login,Request,2 - Normal,1 - Low,0,2 - Satisfied
3772,1459,1 - Junior,43,Systems,Request,2 - Normal,0 - Unassigned,9,3 - Highly satisfied
3773,1206,2 - Regular,35,Software,Request,2 - Normal,0 - Unassigned,2,3 - Highly satisfied
3774,905,2 - Regular,47,Software,Request,2 - Normal,2 - Medium,8,3 - Highly satisfied
3775,1095,2 - Regular,1,Software,Request,2 - Normal,1 - Low,7,0 - Unknown
3776,1147,2 - Regular,37,Software,Request,2 - Normal,3 - High,3,3 - Highly satisfied
3777,169,2 - Regular,18,Systems,Request,2 - Normal,0 - Unassigned,12,3 - Highly satisfied
3778,1256,4 - Management,39,Systems,Request,3 - Major,3 - High,16,0 - Unknown
3779,249,1 - Junior,46,Hardware,Request,2 - Normal,0 - Unassigned,29,1 - Unsatisfied
3780,1205,1 - Junior,36,Access/Login,Request,2 - Normal,2 - Medium,0,3 - Highly satisfied
3781,807,4 - Management,48,Systems,Request,3 - Major,3 - High,7,0 - Unknown
3782,298,3 - Senior,47,Hardware,Request,2 - Normal,2 - Medium,12,2 - Satisfied
3783,1523,4 - Management,33,Systems,Request,2 - Normal,3 - High,7,3 - Highly satisfied
3784,855,4 - Management,8,Systems,Request,2 - Normal,3 - High,6,3 - Highly satisfied
3785,1948,3 - Senior,41,Access/Login,Request,2 - Normal,1 - Low,0,0 - Unknown
3786,1062,2 - Regular,45,Access/Login,Request,2 - Normal,3 - High,0,3 - Highly satisfied
3787,1084,3 - Senior,19,Software,Issue,2 - Normal,2 - Medium,12,0 - Unknown
3788,1134,2 - Regular,46,Access/Login,Request,2 - Normal,0 - Unassigned,1,0 - Unknown
3789,781,1 - Junior,28,Access/Login,Request,2 - Normal,3 - High,3,1 - Unsatisfied
3790,458,3 - Senior,30,Systems,Issue,2 - Normal,3 - High,4,1 - Unsatisfied
3791,1875,3 - Senior,35,Access/Login,Issue,2 - Normal,3 - High,0,0 - Unknown
3792,1198,1 - Junior,23,Access/Login,Request,2 - Normal,1 - Low,0,1 - Unsatisfied
3793,227,1 - Junior,26,Access/Login,Request,2 - Normal,1 - Low,1,3 - Highly satisfied
3794,572,2 - Regular,28,Systems,Request,2 - Normal,0 - Unassigned,14,0 - Unknown
3795,1118,2 - Regular,43,Systems,Request,2 - Normal,0 - Unassigned,6,1 - Unsatisfied
3796,712,4 - Management,7,Systems,Request,2 - Normal,3 - High,16,2 - Satisfied
3797,52,2 - Regular,6,Software,Request,2 - Normal,3 - High,10,1 - Unsatisfied
3798,584,2 - Regular,14,Software,Request,2 - Normal,3 - High,4,1 - Unsatisfied
3799,1516,2 - Regular,48,Systems,Request,2 - Normal,0 - Unassigned,6,1 - Unsatisfied
3800,321,1 - Junior,2,Systems,Request,2 - Normal,0 - Unassigned,5,3 - Highly satisfied
3801,202,4 - Management,21,Software,Request,2 - Normal,3 - High,3,3 - Highly satisfied
3802,1587,2 - Regular,35,Software,Issue,0 - Unclassified,2 - Medium,2,0 - Unknown
3803,170,3 - Senior,8,Access/Login,Issue,2 - Normal,3 - High,0,3 - Highly satisfied
3804,520,2 - Regular,2,Systems,Request,2 - Normal,0 - Unassigned,9,3 - Highly satisfied
3805,35,2 - Regular,35,Software,Request,4 - Critical,3 - High,4,2 - Satisfied
3806,1541,4 - Management,46,Access/Login,Request,2 - Normal,2 - Medium,2,3 - Highly satisfied
3807,1106,1 - Junior,4,Systems,Request,2 - Normal,1 - Low,15,0 - Unknown
3808,949,2 - Regular,30,Systems,Request,2 - Normal,0 - Unassigned,19,1 - Unsatisfied
3809,708,3 - Senior,6,Systems,Issue,2 - Normal,0 - Unassigned,5,2 - Satisfied
3810,1488,1 - Junior,11,Systems,Issue,2 - Normal,2 - Medium,10,3 - Highly satisfied
3811,134,4 - Management,33,Access/Login,Issue,2 - Normal,3 - High,0,0 - Unknown
3812,1837,2 - Regular,26,Access/Login,Issue,3 - Major,2 - Medium,2,0 - Unknown
3813,806,3 - Senior,16,Systems,Issue,2 - Normal,3 - High,1,2 - Satisfied
3814,1649,2 - Regular,4,Access/Login,Issue,2 - Normal,2 - Medium,0,2 - Satisfied
3815,1194,4 - Management,2,Software,Request,2 - Normal,2 - Medium,3,2 - Satisfied
3816,1860,1 - Junior,47,Software,Issue,4 - Critical,1 - Low,2,3 - Highly satisfied
3817,586,4 - Management,31,Systems,Request,2 - Normal,3 - High,5,3 - Highly satisfied
3818,1592,3 - Senior,42,Systems,Request,2 - Normal,2 - Medium,6,2 - Satisfied
3819,364,3 - Senior,29,Hardware,Issue,2 - Normal,3 - High,10,3 - Highly satisfied
3820,33,4 - Management,30,Access/Login,Request,2 - Normal,3 - High,0,0 - Unknown
3821,96,4 - Management,20,Software,Request,2 - Normal,3 - High,3,1 - Unsatisfied
3822,41,2 - Regular,35,Systems,Request,2 - Normal,0 - Unassigned,21,3 - Highly satisfied
3823,251,4 - Management,8,Access/Login,Request,2 - Normal,3 - High,0,0 - Unknown
3824,1811,1 - Junior,12,Systems,Request,2 - Normal,1 - Low,7,0 - Unknown
3825,1629,3 - Senior,2,Access/Login,Request,2 - Normal,3 - High,0,0 - Unknown
3826,472,2 - Regular,44,Hardware,Request,4 - Critical,3 - High,26,2 - Satisfied
3827,233,2 - Regular,25,Access/Login,Issue,2 - Normal,0 - Unassigned,1,3 - Highly satisfied
3828,919,2 - Regular,8,Systems,Request,1 - Minor,1 - Low,7,2 - Satisfied
3829,971,1 - Junior,29,Access/Login,Issue,0 - Unclassified,2 - Medium,0,0 - Unknown
3830,1501,1 - Junior,32,Access/Login,Request,2 - Normal,1 - Low,0,3 - Highly satisfied
3831,412,4 - Management,29,Systems,Issue,1 - Minor,2 - Medium,2,2 - Satisfied
3832,1487,1 - Junior,28,Systems,Issue,2 - Normal,0 - Unassigned,10,2 - Satisfied
3833,726,2 - Regular,9,Systems,Request,2 - Normal,1 - Low,13,1 - Unsatisfied
3834,707,2 - Regular,31,Access/Login,Request,2 - Normal,0 - Unassigned,0,0 - Unknown
3835,1347,2 - Regular,38,Systems,Request,2 - Normal,3 - High,5,1 - Unsatisfied
3836,1315,3 - Senior,34,Access/Login,Request,2 - Normal,0 - Unassigned,0,3 - Highly satisfied
3837,1665,4 - Management,32,Access/Login,Issue,1 - Minor,3 - High,0,3 - Highly satisfied
3838,281,2 - Regular,35,Access/Login,Issue,2 - Normal,1 - Low,1,1 - Unsatisfied
3839,910,4 - Management,41,Systems,Request,2 - Normal,3 - High,6,0 - Unknown
3840,1322,2 - Regular,30,Access/Login,Request,2 - Normal,1 - Low,1,2 - Satisfied
3841,1922,1 - Junior,49,Systems,Request,2 - Normal,1 - Low,13,2 - Satisfied
3842,517,2 - Regular,46,Hardware,Issue,2 - Normal,2 - Medium,18,0 - Unknown
3843,1470,2 - Regular,12,Access/Login,Request,2 - Normal,2 - Medium,1,3 - Highly satisfied
3844,1469,1 - Junior,38,Hardware,Issue,2 - Normal,0 - Unassigned,20,3 - Highly satisfied
3845,234,4 - Management,40,Systems,Request,2 - Normal,3 - High,5,3 - Highly satisfied
3846,1043,2 - Regular,3,Systems,Request,2 - Normal,0 - Unassigned,20,0 - Unknown
3847,23,2 - Regular,10,Systems,Request,2 - Normal,1 - Low,5,1 - Unsatisfied
3848,1305,2 - Regular,12,Hardware,Request,2 - Normal,3 - High,11,3 - Highly satisfied
3849,1464,3 - Senior,47,Systems,Issue,3 - Major,3 - High,1,0 - Unknown
3850,872,3 - Senior,30,Systems,Request,2 - Normal,3 - High,11,1 - Unsatisfied
3851,818,1 - Junior,42,Systems,Issue,2 - Normal,3 - High,2,2 - Satisfied
3852,1739,2 - Regular,10,Hardware,Request,2 - Normal,3 - High,12,2 - Satisfied
3853,795,2 - Regular,45,Software,Issue,2 - Normal,0 - Unassigned,2,3 - Highly satisfied
3854,1753,1 - Junior,30,Access/Login,Issue,2 - Normal,0 - Unassigned,1,1 - Unsatisfied
3855,557,2 - Regular,5,Access/Login,Request,2 - Normal,0 - Unassigned,0,2 - Satisfied
3856,1531,4 - Management,49,Access/Login,Issue,2 - Normal,3 - High,1,1 - Unsatisfied
3857,1667,2 - Regular,40,Software,Request,2 - Normal,1 - Low,3,2 - Satisfied
3858,663,2 - Regular,32,Software,Request,2 - Normal,2 - Medium,11,3 - Highly satisfied
3859,1486,3 - Senior,48,Systems,Issue,3 - Major,3 - High,3,0 - Unknown
3860,384,1 - Junior,35,Access/Login,Request,2 - Normal,2 - Medium,0,3 - Highly satisfied
3861,785,1 - Junior,50,Hardware,Request,2 - Normal,2 - Medium,31,1 - Unsatisfied
3862,50,2 - Regular,26,Systems,Issue,2 - Normal,0 - Unassigned,8,1 - Unsatisfied
3863,69,2 - Regular,16,Access/Login,Issue,3 - Major,3 - High,0,0 - Unknown
3864,1757,1 - Junior,41,Systems,Request,2 - Normal,1 - Low,13,3 - Highly satisfied
3865,847,2 - Regular,6,Software,Request,2 - Normal,0 - Unassigned,13,1 - Unsatisfied
3866,1947,3 - Senior,14,Systems,Request,2 - Normal,3 - High,6,0 - Unknown
3867,719,4 - Management,19,Systems,Issue,2 - Normal,1 - Low,10,3 - Highly satisfied
3868,30,2 - Regular,9,Access/Login,Request,2 - Normal,0 - Unassigned,0,1 - Unsatisfied
3869,93,4 - Management,23,Hardware,Issue,2 - Normal,0 - Unassigned,5,3 - Highly satisfied
3870,918,1 - Junior,33,Systems,Issue,2 - Normal,0 - Unassigned,2,2 - Satisfied
3871,517,2 - Regular,41,Access/Login,Request,3 - Major,3 - High,1,3 - Highly satisfied
3872,55,3 - Senior,14,Systems,Issue,2 - Normal,3 - High,13,1 - Unsatisfied
3873,189,2 - Regular,15,Software,Request,2 - Normal,1 - Low,4,2 - Satisfied
3874,1095,2 - Regular,46,Software,Request,2 - Normal,1 - Low,13,1 - Unsatisfied
3875,1588,2 - Regular,10,Access/Login,Request,2 - Normal,3 - High,0,2 - Satisfied
3876,816,3 - Senior,24,Systems,Request,2 - Normal,3 - High,7,3 - Highly satisfied
3877,802,4 - Management,18,Systems,Request,2 - Normal,3 - High,5,3 - Highly satisfied
3878,675,1 - Junior,22,Software,Request,2 - Normal,3 - High,17,1 - Unsatisfied
3879,1500,4 - Management,6,Access/Login,Issue,3 - Major,3 - High,0,3 - Highly satisfied
3880,148,4 - Management,42,Systems,Request,2 - Normal,3 - High,7,3 - Highly satisfied
3881,1791,4 - Management,41,Access/Login,Request,2 - Normal,3 - High,0,2 - Satisfied
3882,1927,2 - Regular,3,Software,Request,2 - Normal,0 - Unassigned,13,0 - Unknown
3883,890,2 - Regular,36,Access/Login,Issue,2 - Normal,0 - Unassigned,0,3 - Highly satisfied
3884,199,2 - Regular,33,Hardware,Issue,2 - Normal,0 - Unassigned,28,3 - Highly satisfied
3885,1438,2 - Regular,30,Systems,Request,2 - Normal,0 - Unassigned,22,3 - Highly satisfied
3886,1141,3 - Senior,40,Software,Request,3 - Major,3 - High,8,0 - Unknown
3887,1557,2 - Regular,32,Access/Login,Request,2 - Normal,2 - Medium,0,0 - Unknown
3888,1203,3 - Senior,4,Access/Login,Issue,2 - Normal,3 - High,0,0 - Unknown
3889,776,3 - Senior,4,Access/Login,Request,2 - Normal,3 - High,0,1 - Unsatisfied
3890,853,2 - Regular,18,Access/Login,Request,2 - Normal,3 - High,0,0 - Unknown
3891,1394,2 - Regular,3,Systems,Request,2 - Normal,2 - Medium,18,1 - Unsatisfied
3892,1694,3 - Senior,6,Systems,Request,2 - Normal,3 - High,14,0 - Unknown
3893,1042,1 - Junior,35,Hardware,Request,2 - Normal,2 - Medium,11,0 - Unknown
3894,1051,4 - Management,1,Systems,Request,1 - Minor,3 - High,12,1 - Unsatisfied
3895,352,2 - Regular,46,Systems,Request,2 - Normal,0 - Unassigned,18,2 - Satisfied
3896,1813,1 - Junior,45,Access/Login,Request,2 - Normal,1 - Low,0,0 - Unknown
3897,518,4 - Management,29,Access/Login,Issue,2 - Normal,3 - High,0,1 - Unsatisfied
3898,25,2 - Regular,1,Access/Login,Request,2 - Normal,3 - High,2,2 - Satisfied
3899,1351,2 - Regular,35,Hardware,Issue,2 - Normal,2 - Medium,13,0 - Unknown
3900,1727,1 - Junior,46,Access/Login,Request,2 - Normal,3 - High,0,2 - Satisfied
3901,1845,3 - Senior,43,Hardware,Request,2 - Normal,0 - Unassigned,10,3 - Highly satisfied
3902,1485,3 - Senior,18,Access/Login,Request,2 - Normal,0 - Unassigned,2,1 - Unsatisfied
3903,968,2 - Regular,12,Software,Request,2 - Normal,3 - High,4,2 - Satisfied
3904,439,2 - Regular,25,Software,Request,2 - Normal,2 - Medium,16,1 - Unsatisfied
3905,655,1 - Junior,31,Systems,Request,2 - Normal,0 - Unassigned,6,0 - Unknown
3906,1534,2 - Regular,22,Systems,Request,2 - Normal,0 - Unassigned,17,1 - Unsatisfied
3907,418,4 - Management,30,Systems,Request,2 - Normal,1 - Low,14,3 - Highly satisfied
3908,462,1 - Junior,47,Systems,Request,2 - Normal,3 - High,7,2 - Satisfied
3909,1564,4 - Management,24,Access/Login,Request,1 - Minor,0 - Unassigned,1,0 - Unknown
3910,677,4 - Management,27,Systems,Issue,3 - Major,3 - High,1,3 - Highly satisfied
3911,1279,1 - Junior,37,Systems,Issue,2 - Normal,0 - Unassigned,2,3 - Highly satisfied
3912,1574,1 - Junior,22,Software,Issue,2 - Normal,2 - Medium,3,2 - Satisfied
3913,645,2 - Regular,40,Hardware,Request,2 - Normal,3 - High,12,1 - Unsatisfied
3914,1505,2 - Regular,10,Systems,Request,2 - Normal,2 - Medium,8,0 - Unknown
3915,1383,1 - Junior,41,Software,Request,2 - Normal,0 - Unassigned,15,0 - Unknown
3916,1226,2 - Regular,2,Systems,Issue,2 - Normal,3 - High,5,3 - Highly satisfied
3917,561,3 - Senior,22,Systems,Request,2 - Normal,3 - High,13,1 - Unsatisfied
3918,1249,3 - Senior,23,Systems,Request,2 - Normal,3 - High,9,1 - Unsatisfied
3919,1867,3 - Senior,40,Systems,Issue,2 - Normal,0 - Unassigned,5,3 - Highly satisfied
3920,255,2 - Regular,18,Software,Issue,2 - Normal,2 - Medium,6,2 - Satisfied
3921,503,3 - Senior,28,Access/Login,Issue,2 - Normal,1 - Low,1,2 - Satisfied
3922,755,3 - Senior,39,Systems,Request,2 - Normal,0 - Unassigned,16,0 - Unknown
3923,1256,4 - Management,34,Systems,Request,2 - Normal,3 - High,5,0 - Unknown
3924,675,1 - Junior,46,Systems,Issue,2 - Normal,1 - Low,7,2 - Satisfied
3925,13,2 - Regular,27,Systems,Issue,2 - Normal,3 - High,1,2 - Satisfied
3926,730,2 - Regular,47,Systems,Request,3 - Major,3 - High,7,3 - Highly satisfied
3927,106,1 - Junior,27,Systems,Request,2 - Normal,0 - Unassigned,5,0 - Unknown
3928,1252,4 - Management,15,Systems,Issue,3 - Major,3 - High,1,0 - Unknown
3929,1143,2 - Regular,41,Access/Login,Issue,3 - Major,0 - Unassigned,0,3 - Highly satisfied
3930,1414,1 - Junior,38,Access/Login,Request,2 - Normal,3 - High,0,2 - Satisfied
3931,1358,2 - Regular,47,Hardware,Request,2 - Normal,0 - Unassigned,10,3 - Highly satisfied
3932,1616,1 - Junior,12,Systems,Request,2 - Normal,0 - Unassigned,8,0 - Unknown
3933,781,1 - Junior,35,Hardware,Issue,3 - Major,2 - Medium,14,1 - Unsatisfied
3934,1908,2 - Regular,33,Software,Issue,2 - Normal,3 - High,2,0 - Unknown
3935,324,2 - Regular,21,Systems,Request,2 - Normal,3 - High,5,3 - Highly satisfied
3936,819,3 - Senior,46,Hardware,Request,2 - Normal,0 - Unassigned,29,0 - Unknown
3937,1886,3 - Senior,15,Systems,Request,2 - Normal,1 - Low,8,3 - Highly satisfied
3938,637,1 - Junior,16,Systems,Issue,2 - Normal,1 - Low,5,3 - Highly satisfied
3939,1901,2 - Regular,21,Software,Issue,2 - Normal,1 - Low,4,0 - Unknown
3940,667,2 - Regular,41,Access/Login,Request,2 - Normal,1 - Low,2,2 - Satisfied
3941,974,4 - Management,20,Systems,Request,2 - Normal,3 - High,8,0 - Unknown
3942,1028,2 - Regular,28,Systems,Request,2 - Normal,1 - Low,16,2 - Satisfied
3943,170,3 - Senior,48,Access/Login,Request,2 - Normal,0 - Unassigned,0,0 - Unknown
3944,563,3 - Senior,1,Systems,Request,2 - Normal,3 - High,22,2 - Satisfied
3945,137,2 - Regular,12,Software,Request,2 - Normal,0 - Unassigned,8,0 - Unknown
3946,81,1 - Junior,6,Hardware,Issue,2 - Normal,3 - High,15,1 - Unsatisfied
3947,641,2 - Regular,22,Systems,Request,2 - Normal,0 - Unassigned,16,1 - Unsatisfied
3948,1227,2 - Regular,39,Access/Login,Request,2 - Normal,3 - High,0,1 - Unsatisfied
3949,1019,2 - Regular,35,Access/Login,Request,2 - Normal,1 - Low,0,2 - Satisfied
3950,1558,2 - Regular,39,Software,Request,2 - Normal,3 - High,6,1 - Unsatisfied
3951,1322,2 - Regular,27,Access/Login,Request,2 - Normal,1 - Low,0,3 - Highly satisfied
3952,1187,1 - Junior,4,Software,Request,2 - Normal,0 - Unassigned,11,0 - Unknown
3953,461,4 - Management,41,Systems,Request,1 - Minor,0 - Unassigned,8,2 - Satisfied
3954,1493,2 - Regular,48,Software,Request,2 - Normal,0 - Unassigned,3,2 - Satisfied
3955,45,2 - Regular,27,Access/Login,Request,2 - Normal,0 - Unassigned,0,3 - Highly satisfied
3956,839,4 - Management,46,Software,Issue,2 - Normal,3 - High,2,1 - Unsatisfied
3957,253,3 - Senior,6,Systems,Request,2 - Normal,3 - High,14,1 - Unsatisfied
3958,822,2 - Regular,27,Systems,Request,2 - Normal,3 - High,5,3 - Highly satisfied
3959,1733,3 - Senior,5,Access/Login,Request,2 - Normal,3 - High,0,1 - Unsatisfied
3960,492,3 - Senior,12,Systems,Issue,2 - Normal,2 - Medium,6,3 - Highly satisfied
3961,97,2 - Regular,26,Software,Request,2 - Normal,2 - Medium,9,3 - Highly satisfied
3962,416,3 - Senior,27,Systems,Request,2 - Normal,0 - Unassigned,9,3 - Highly satisfied
3963,624,1 - Junior,22,Systems,Request,2 - Normal,0 - Unassigned,20,1 - Unsatisfied
3964,1749,2 - Regular,29,Software,Issue,2 - Normal,3 - High,3,3 - Highly satisfied
3965,273,4 - Management,41,Hardware,Issue,2 - Normal,0 - Unassigned,7,1 - Unsatisfied
3966,1136,2 - Regular,7,Access/Login,Request,2 - Normal,2 - Medium,0,0 - Unknown
3967,374,1 - Junior,33,Access/Login,Request,2 - Normal,1 - Low,0,0 - Unknown
3968,563,3 - Senior,26,Software,Request,2 - Normal,1 - Low,7,1 - Unsatisfied
3969,1734,1 - Junior,20,Hardware,Request,2 - Normal,3 - High,10,0 - Unknown
3970,163,4 - Management,29,Systems,Issue,2 - Normal,0 - Unassigned,1,3 - Highly satisfied
3971,1609,4 - Management,41,Software,Request,2 - Normal,3 - High,4,2 - Satisfied
3972,306,2 - Regular,48,Hardware,Issue,2 - Normal,1 - Low,18,2 - Satisfied
3973,817,4 - Management,7,Hardware,Issue,0 - Unclassified,3 - High,18,2 - Satisfied
3974,1356,2 - Regular,23,Software,Request,3 - Major,0 - Unassigned,3,2 - Satisfied
3975,1318,4 - Management,6,Systems,Request,2 - Normal,3 - High,13,0 - Unknown
3976,1435,3 - Senior,12,Systems,Request,2 - Normal,0 - Unassigned,13,3 - Highly satisfied
3977,1232,3 - Senior,11,Access/Login,Issue,2 - Normal,0 - Unassigned,2,3 - Highly satisfied
3978,1118,2 - Regular,8,Hardware,Request,2 - Normal,0 - Unassigned,15,3 - Highly satisfied
3979,1067,3 - Senior,22,Access/Login,Request,2 - Normal,3 - High,0,3 - Highly satisfied
3980,385,4 - Management,34,Software,Request,2 - Normal,0 - Unassigned,3,3 - Highly satisfied
3981,34,3 - Senior,29,Access/Login,Request,2 - Normal,0 - Unassigned,0,1 - Unsatisfied
3982,617,1 - Junior,38,Systems,Request,2 - Normal,1 - Low,9,2 - Satisfied
3983,939,4 - Management,24,Systems,Request,2 - Normal,3 - High,5,0 - Unknown
3984,1551,3 - Senior,27,Systems,Request,2 - Normal,0 - Unassigned,6,3 - Highly satisfied
3985,878,2 - Regular,2,Access/Login,Request,2 - Normal,0 - Unassigned,0,3 - Highly satisfied
3986,1534,2 - Regular,4,Software,Request,2 - Normal,2 - Medium,8,1 - Unsatisfied
3987,1917,4 - Management,41,Access/Login,Issue,4 - Critical,0 - Unassigned,0,3 - Highly satisfied
3988,557,2 - Regular,3,Systems,Request,2 - Normal,0 - Unassigned,14,0 - Unknown
3989,617,1 - Junior,19,Access/Login,Request,2 - Normal,3 - High,1,2 - Satisfied
3990,635,1 - Junior,15,Systems,Request,2 - Normal,1 - Low,6,2 - Satisfied
3991,700,3 - Senior,24,Software,Issue,2 - Normal,3 - High,3,0 - Unknown
3992,1381,4 - Management,30,Systems,Request,2 - Normal,3 - High,5,2 - Satisfied
3993,1680,2 - Regular,14,Systems,Request,2 - Normal,2 - Medium,19,0 - Unknown
3994,204,1 - Junior,13,Software,Request,2 - Normal,1 - Low,17,1 - Unsatisfied
3995,97,2 - Regular,20,Access/Login,Issue,2 - Normal,3 - High,1,0 - Unknown
3996,600,4 - Management,13,Access/Login,Issue,2 - Normal,0 - Unassigned,0,0 - Unknown
3997,1634,2 - Regular,40,Access/Login,Request,2 - Normal,1 - Low,0,0 - Unknown
3998,919,2 - Regular,2,Systems,Issue,2 - Normal,2 - Medium,5,1 - Unsatisfied
3999,795,2 - Regular,13,Access/Login,Request,2 - Normal,0 - Unassigned,0,1 - Unsatisfied
4000,183,2 - Regular,35,Systems,Request,2 - Normal,3 - High,5,0 - Unknown
4001,729,2 - Regular,17,Systems,Request,2 - Normal,3 - High,6,0 - Unknown
4002,693,2 - Regular,34,Systems,Issue,2 - Normal,1 - Low,6,3 - Highly satisfied
4003,706,2 - Regular,6,Systems,Request,2 - Normal,2 - Medium,21,0 - Unknown
4004,1557,2 - Regular,38,Systems,Request,2 - Normal,3 - High,5,1 - Unsatisfied
4005,1918,4 - Management,16,Access/Login,Request,2 - Normal,0 - Unassigned,0,3 - Highly satisfied
4006,715,2 - Regular,22,Software,Request,2 - Normal,3 - High,7,2 - Satisfied
4007,1619,2 - Regular,20,Systems,Issue,2 - Normal,2 - Medium,1,3 - Highly satisfied
4008,604,4 - Management,13,Systems,Issue,3 - Major,3 - High,5,0 - Unknown
4009,1123,2 - Regular,45,Software,Request,2 - Normal,0 - Unassigned,3,0 - Unknown
4010,940,2 - Regular,13,Systems,Request,2 - Normal,3 - High,16,0 - Unknown
4011,1986,2 - Regular,36,Systems,Issue,2 - Normal,1 - Low,2,3 - Highly satisfied
4012,284,2 - Regular,30,Systems,Request,2 - Normal,0 - Unassigned,8,3 - Highly satisfied
4013,188,2 - Regular,24,Systems,Request,3 - Major,0 - Unassigned,18,3 - Highly satisfied
4014,141,3 - Senior,28,Access/Login,Request,2 - Normal,3 - High,0,1 - Unsatisfied
4015,177,3 - Senior,39,Software,Request,2 - Normal,3 - High,7,2 - Satisfied
4016,154,2 - Regular,15,Access/Login,Request,2 - Normal,0 - Unassigned,1,2 - Satisfied
4017,1833,1 - Junior,18,Systems,Request,2 - Normal,1 - Low,19,3 - Highly satisfied
4018,87,4 - Management,20,Systems,Request,2 - Normal,3 - High,5,1 - Unsatisfied
4019,1157,4 - Management,13,Systems,Request,2 - Normal,0 - Unassigned,23,1 - Unsatisfied
4020,623,2 - Regular,14,Software,Request,2 - Normal,0 - Unassigned,8,1 - Unsatisfied
4021,1306,3 - Senior,27,Hardware,Request,2 - Normal,3 - High,10,3 - Highly satisfied
4022,1816,3 - Senior,40,Software,Request,2 - Normal,0 - Unassigned,7,0 - Unknown
4023,77,2 - Regular,33,Systems,Request,2 - Normal,3 - High,5,1 - Unsatisfied
4024,1384,3 - Senior,44,Software,Issue,2 - Normal,3 - High,3,0 - Unknown
4025,1947,3 - Senior,8,Systems,Issue,2 - Normal,3 - High,1,1 - Unsatisfied
4026,1863,2 - Regular,48,Systems,Issue,2 - Normal,1 - Low,7,0 - Unknown
4027,1990,1 - Junior,44,Software,Request,4 - Critical,3 - High,3,1 - Unsatisfied
4028,1371,1 - Junior,27,Software,Request,2 - Normal,0 - Unassigned,2,3 - Highly satisfied
4029,1687,1 - Junior,18,Access/Login,Request,2 - Normal,2 - Medium,0,3 - Highly satisfied
4030,492,3 - Senior,31,Access/Login,Request,2 - Normal,0 - Unassigned,0,0 - Unknown
4031,753,2 - Regular,29,Access/Login,Request,2 - Normal,1 - Low,0,1 - Unsatisfied
4032,1489,3 - Senior,14,Software,Request,2 - Normal,3 - High,11,1 - Unsatisfied
4033,168,4 - Management,47,Access/Login,Request,2 - Normal,2 - Medium,0,3 - Highly satisfied
4034,855,4 - Management,4,Access/Login,Issue,3 - Major,3 - High,0,0 - Unknown
4035,752,2 - Regular,46,Access/Login,Request,2 - Normal,1 - Low,0,0 - Unknown
4036,965,2 - Regular,41,Software,Request,2 - Normal,3 - High,5,0 - Unknown
4037,946,1 - Junior,10,Systems,Request,2 - Normal,2 - Medium,8,3 - Highly satisfied
4038,1093,2 - Regular,36,Software,Request,2 - Normal,0 - Unassigned,5,0 - Unknown
4039,1504,3 - Senior,7,Hardware,Issue,2 - Normal,0 - Unassigned,17,1 - Unsatisfied
4040,1703,1 - Junior,26,Systems,Request,2 - Normal,1 - Low,13,0 - Unknown
4041,1603,1 - Junior,6,Access/Login,Request,2 - Normal,1 - Low,0,0 - Unknown
4042,98,2 - Regular,15,Software,Issue,2 - Normal,3 - High,2,3 - Highly satisfied
4043,439,2 - Regular,4,Systems,Issue,2 - Normal,2 - Medium,3,1 - Unsatisfied
4044,90,4 - Management,4,Hardware,Request,2 - Normal,2 - Medium,26,1 - Unsatisfied
4045,326,2 - Regular,11,Access/Login,Issue,1 - Minor,0 - Unassigned,1,0 - Unknown
4046,360,1 - Junior,38,Software,Request,2 - Normal,2 - Medium,13,3 - Highly satisfied
4047,1286,4 - Management,45,Access/Login,Request,2 - Normal,0 - Unassigned,0,3 - Highly satisfied
4048,1363,1 - Junior,33,Access/Login,Issue,4 - Critical,0 - Unassigned,0,3 - Highly satisfied
4049,1948,3 - Senior,22,Systems,Request,2 - Normal,3 - High,18,1 - Unsatisfied
4050,880,2 - Regular,49,Access/Login,Request,2 - Normal,0 - Unassigned,0,0 - Unknown
4051,1989,4 - Management,40,Access/Login,Request,2 - Normal,0 - Unassigned,0,1 - Unsatisfied
4052,1259,1 - Junior,18,Access/Login,Request,2 - Normal,1 - Low,0,3 - Highly satisfied
4053,173,4 - Management,50,Access/Login,Request,2 - Normal,0 - Unassigned,0,1 - Unsatisfied
4054,1815,2 - Regular,26,Systems,Request,2 - Normal,0 - Unassigned,22,3 - Highly satisfied
4055,1458,1 - Junior,31,Hardware,Issue,2 - Normal,1 - Low,5,3 - Highly satisfied
4056,1313,1 - Junior,2,Software,Request,2 - Normal,1 - Low,2,2 - Satisfied
4057,1997,2 - Regular,25,Access/Login,Issue,2 - Normal,3 - High,1,2 - Satisfied
4058,1235,2 - Regular,50,Software,Request,3 - Major,2 - Medium,7,1 - Unsatisfied
4059,883,1 - Junior,22,Systems,Request,2 - Normal,1 - Low,15,1 - Unsatisfied
4060,6,3 - Senior,24,Software,Request,2 - Normal,3 - High,4,3 - Highly satisfied
4061,1217,2 - Regular,29,Systems,Request,2 - Normal,2 - Medium,5,0 - Unknown
4062,866,2 - Regular,50,Access/Login,Request,2 - Normal,0 - Unassigned,0,0 - Unknown
4063,1871,4 - Management,32,Software,Issue,2 - Normal,0 - Unassigned,2,3 - Highly satisfied
4064,1255,1 - Junior,24,Access/Login,Request,2 - Normal,1 - Low,0,3 - Highly satisfied
4065,1011,2 - Regular,5,Access/Login,Request,2 - Normal,0 - Unassigned,0,1 - Unsatisfied
4066,949,2 - Regular,47,Systems,Issue,2 - Normal,2 - Medium,2,2 - Satisfied
4067,1837,2 - Regular,31,Access/Login,Request,2 - Normal,0 - Unassigned,0,3 - Highly satisfied
4068,875,4 - Management,42,Software,Request,2 - Normal,3 - High,2,1 - Unsatisfied
4069,1399,2 - Regular,12,Hardware,Request,2 - Normal,2 - Medium,12,1 - Unsatisfied
4070,874,4 - Management,10,Systems,Issue,2 - Normal,3 - High,5,0 - Unknown
4071,109,4 - Management,40,Software,Request,3 - Major,3 - High,3,3 - Highly satisfied
4072,1931,2 - Regular,24,Access/Login,Issue,2 - Normal,0 - Unassigned,0,3 - Highly satisfied
4073,1956,2 - Regular,6,Software,Issue,2 - Normal,2 - Medium,9,0 - Unknown
4074,510,1 - Junior,13,Access/Login,Request,2 - Normal,1 - Low,1,1 - Unsatisfied
4075,345,1 - Junior,45,Systems,Request,2 - Normal,1 - Low,7,2 - Satisfied
4076,1735,1 - Junior,26,Systems,Request,2 - Normal,2 - Medium,20,0 - Unknown
4077,1975,4 - Management,14,Access/Login,Request,2 - Normal,3 - High,0,1 - Unsatisfied
4078,747,4 - Management,27,Systems,Request,2 - Normal,3 - High,5,3 - Highly satisfied
4079,227,1 - Junior,24,Access/Login,Issue,2 - Normal,1 - Low,0,3 - Highly satisfied
4080,1837,2 - Regular,46,Systems,Request,2 - Normal,0 - Unassigned,19,3 - Highly satisfied
4081,395,4 - Management,28,Systems,Request,2 - Normal,3 - High,23,2 - Satisfied
4082,1378,2 - Regular,36,Systems,Request,2 - Normal,3 - High,6,3 - Highly satisfied
4083,1469,1 - Junior,6,Software,Request,2 - Normal,1 - Low,18,3 - Highly satisfied
4084,775,2 - Regular,31,Systems,Request,2 - Normal,0 - Unassigned,8,0 - Unknown
4085,988,2 - Regular,8,Systems,Issue,2 - Normal,2 - Medium,2,2 - Satisfied
4086,1523,4 - Management,36,Systems,Request,2 - Normal,3 - High,6,0 - Unknown
4087,87,4 - Management,4,Systems,Issue,2 - Normal,0 - Unassigned,2,0 - Unknown
4088,1407,4 - Management,35,Systems,Request,2 - Normal,3 - High,6,3 - Highly satisfied
4089,147,2 - Regular,5,Systems,Issue,2 - Normal,3 - High,3,2 - Satisfied
4090,1049,3 - Senior,5,Systems,Request,2 - Normal,0 - Unassigned,6,3 - Highly satisfied
4091,322,3 - Senior,2,Access/Login,Issue,2 - Normal,0 - Unassigned,0,3 - Highly satisfied
4092,1740,3 - Senior,4,Access/Login,Request,2 - Normal,3 - High,2,2 - Satisfied
4093,1952,1 - Junior,44,Hardware,Request,3 - Major,0 - Unassigned,31,1 - Unsatisfied
4094,546,3 - Senior,15,Systems,Issue,2 - Normal,0 - Unassigned,1,3 - Highly satisfied
4095,1654,2 - Regular,14,Systems,Request,2 - Normal,3 - High,11,2 - Satisfied
4096,211,1 - Junior,4,Hardware,Request,2 - Normal,2 - Medium,39,1 - Unsatisfied
4097,1660,3 - Senior,20,Hardware,Request,2 - Normal,3 - High,10,0 - Unknown
4098,818,1 - Junior,9,Software,Request,2 - Normal,0 - Unassigned,13,3 - Highly satisfied
4099,394,1 - Junior,41,Software,Request,2 - Normal,0 - Unassigned,17,0 - Unknown
4100,287,4 - Management,33,Access/Login,Request,2 - Normal,3 - High,0,2 - Satisfied
4101,1202,3 - Senior,15,Systems,Issue,3 - Major,3 - High,3,1 - Unsatisfied
4102,504,2 - Regular,50,Systems,Issue,2 - Normal,0 - Unassigned,4,1 - Unsatisfied
4103,133,4 - Management,32,Systems,Request,2 - Normal,3 - High,7,3 - Highly satisfied
4104,1132,3 - Senior,40,Access/Login,Issue,2 - Normal,2 - Medium,0,2 - Satisfied
4105,1832,3 - Senior,9,Systems,Request,2 - Normal,3 - High,8,3 - Highly satisfied
4106,578,1 - Junior,29,Access/Login,Request,2 - Normal,1 - Low,0,3 - Highly satisfied
4107,1258,1 - Junior,13,Systems,Request,2 - Normal,3 - High,13,1 - Unsatisfied
4108,697,4 - Management,25,Systems,Request,2 - Normal,3 - High,19,0 - Unknown
4109,1178,1 - Junior,4,Systems,Request,2 - Normal,2 - Medium,14,1 - Unsatisfied
4110,390,3 - Senior,21,Access/Login,Request,2 - Normal,1 - Low,0,3 - Highly satisfied
4111,1391,4 - Management,47,Systems,Request,2 - Normal,3 - High,11,2 - Satisfied
4112,1019,2 - Regular,40,Systems,Request,2 - Normal,3 - High,5,0 - Unknown
4113,1696,1 - Junior,42,Systems,Request,2 - Normal,1 - Low,17,0 - Unknown
4114,116,2 - Regular,29,Access/Login,Request,2 - Normal,3 - High,0,3 - Highly satisfied
4115,1900,4 - Management,24,Access/Login,Request,1 - Minor,3 - High,0,0 - Unknown
4116,523,2 - Regular,2,Software,Request,2 - Normal,1 - Low,4,1 - Unsatisfied
4117,1144,3 - Senior,22,Access/Login,Request,2 - Normal,3 - High,1,0 - Unknown
4118,1887,4 - Management,20,Systems,Request,3 - Major,3 - High,7,1 - Unsatisfied
4119,139,2 - Regular,47,Hardware,Issue,1 - Minor,2 - Medium,6,1 - Unsatisfied
4120,1247,3 - Senior,1,Systems,Request,3 - Major,3 - High,20,2 - Satisfied
4121,1330,2 - Regular,11,Systems,Request,2 - Normal,0 - Unassigned,5,2 - Satisfied
4122,1066,4 - Management,19,Access/Login,Request,2 - Normal,3 - High,0,0 - Unknown
4123,546,3 - Senior,25,Systems,Issue,2 - Normal,3 - High,3,0 - Unknown
4124,1012,3 - Senior,36,Systems,Issue,2 - Normal,1 - Low,2,0 - Unknown
4125,1743,3 - Senior,24,Systems,Request,2 - Normal,2 - Medium,18,3 - Highly satisfied
4126,750,1 - Junior,50,Access/Login,Request,2 - Normal,0 - Unassigned,0,0 - Unknown
4127,886,2 - Regular,40,Systems,Request,2 - Normal,2 - Medium,5,1 - Unsatisfied
4128,689,4 - Management,25,Access/Login,Issue,2 - Normal,3 - High,0,2 - Satisfied
4129,997,2 - Regular,14,Software,Request,2 - Normal,2 - Medium,13,3 - Highly satisfied
4130,600,4 - Management,46,Access/Login,Request,2 - Normal,2 - Medium,2,1 - Unsatisfied
4131,964,4 - Management,27,Access/Login,Issue,2 - Normal,0 - Unassigned,0,3 - Highly satisfied
4132,1275,1 - Junior,17,Access/Login,Issue,2 - Normal,0 - Unassigned,0,3 - Highly satisfied
4133,147,2 - Regular,31,Software,Issue,2 - Normal,2 - Medium,0,3 - Highly satisfied
4134,1514,3 - Senior,26,Access/Login,Issue,2 - Normal,0 - Unassigned,0,2 - Satisfied
4135,535,2 - Regular,25,Systems,Request,2 - Normal,2 - Medium,16,1 - Unsatisfied
4136,1511,4 - Management,33,Access/Login,Issue,2 - Normal,2 - Medium,0,0 - Unknown
4137,777,1 - Junior,45,Access/Login,Issue,2 - Normal,0 - Unassigned,0,3 - Highly satisfied
4138,1107,2 - Regular,8,Access/Login,Issue,2 - Normal,3 - High,0,3 - Highly satisfied
4139,706,2 - Regular,47,Systems,Request,2 - Normal,3 - High,7,2 - Satisfied
4140,506,2 - Regular,16,Systems,Issue,2 - Normal,2 - Medium,6,3 - Highly satisfied
4141,1195,1 - Junior,15,Systems,Issue,2 - Normal,0 - Unassigned,1,3 - Highly satisfied
4142,191,3 - Senior,24,Access/Login,Request,2 - Normal,3 - High,0,2 - Satisfied
4143,1884,2 - Regular,31,Systems,Request,2 - Normal,2 - Medium,5,3 - Highly satisfied
4144,706,2 - Regular,2,Systems,Issue,2 - Normal,0 - Unassigned,4,2 - Satisfied
4145,1408,1 - Junior,24,Access/Login,Request,2 - Normal,2 - Medium,0,3 - Highly satisfied
4146,31,4 - Management,10,Hardware,Request,2 - Normal,3 - High,10,3 - Highly satisfied
4147,297,1 - Junior,10,Access/Login,Request,2 - Normal,0 - Unassigned,0,3 - Highly satisfied
4148,661,4 - Management,48,Software,Issue,2 - Normal,3 - High,2,3 - Highly satisfied
4149,322,3 - Senior,8,Access/Login,Request,2 - Normal,2 - Medium,0,2 - Satisfied
4150,599,2 - Regular,21,Access/Login,Request,2 - Normal,1 - Low,0,0 - Unknown
4151,758,3 - Senior,9,Software,Request,2 - Normal,3 - High,6,2 - Satisfied
4152,70,1 - Junior,4,Systems,Issue,2 - Normal,2 - Medium,2,2 - Satisfied
4153,101,1 - Junior,7,Software,Request,2 - Normal,2 - Medium,7,1 - Unsatisfied
4154,1504,3 - Senior,33,Hardware,Request,2 - Normal,2 - Medium,27,2 - Satisfied
4155,1945,2 - Regular,2,Systems,Request,2 - Normal,3 - High,6,2 - Satisfied
4156,1045,4 - Management,47,Access/Login,Request,2 - Normal,2 - Medium,0,3 - Highly satisfied
4157,1234,3 - Senior,30,Hardware,Request,2 - Normal,2 - Medium,13,1 - Unsatisfied
4158,191,3 - Senior,15,Access/Login,Request,2 - Normal,0 - Unassigned,0,2 - Satisfied
4159,1775,2 - Regular,20,Software,Request,2 - Normal,0 - Unassigned,3,2 - Satisfied
4160,1163,4 - Management,39,Software,Request,2 - Normal,0 - Unassigned,17,3 - Highly satisfied
4161,723,2 - Regular,44,Systems,Issue,2 - Normal,0 - Unassigned,8,2 - Satisfied
4162,1564,4 - Management,38,Systems,Request,2 - Normal,3 - High,6,1 - Unsatisfied
4163,37,1 - Junior,17,Access/Login,Request,2 - Normal,2 - Medium,0,0 - Unknown
4164,1135,3 - Senior,44,Software,Request,3 - Major,3 - High,7,3 - Highly satisfied
4165,1176,3 - Senior,32,Systems,Issue,3 - Major,2 - Medium,8,1 - Unsatisfied
4166,753,2 - Regular,49,Systems,Issue,1 - Minor,1 - Low,5,1 - Unsatisfied
4167,1289,1 - Junior,27,Software,Request,2 - Normal,1 - Low,4,0 - Unknown
4168,413,4 - Management,50,Systems,Request,3 - Major,0 - Unassigned,32,1 - Unsatisfied
4169,285,2 - Regular,2,Systems,Request,2 - Normal,1 - Low,8,0 - Unknown
4170,260,3 - Senior,16,Hardware,Request,2 - Normal,3 - High,10,3 - Highly satisfied
4171,1110,2 - Regular,33,Access/Login,Request,1 - Minor,2 - Medium,0,0 - Unknown
4172,1892,1 - Junior,44,Software,Request,1 - Minor,0 - Unassigned,6,0 - Unknown
4173,1585,3 - Senior,11,Access/Login,Request,2 - Normal,3 - High,0,2 - Satisfied
4174,1499,4 - Management,11,Systems,Issue,2 - Normal,3 - High,1,3 - Highly satisfied
4175,368,1 - Junior,28,Access/Login,Request,2 - Normal,2 - Medium,2,1 - Unsatisfied
4176,122,3 - Senior,16,Hardware,Request,1 - Minor,0 - Unassigned,11,3 - Highly satisfied
4177,1534,2 - Regular,35,Hardware,Request,2 - Normal,1 - Low,11,2 - Satisfied
4178,1071,4 - Management,31,Software,Request,2 - Normal,2 - Medium,5,1 - Unsatisfied
4179,1860,1 - Junior,30,Systems,Request,2 - Normal,1 - Low,15,0 - Unknown
4180,694,2 - Regular,23,Systems,Request,2 - Normal,1 - Low,9,0 - Unknown
4181,204,1 - Junior,35,Software,Request,2 - Normal,1 - Low,14,3 - Highly satisfied
4182,1501,1 - Junior,15,Systems,Request,2 - Normal,3 - High,8,2 - Satisfied
4183,1574,1 - Junior,25,Software,Request,2 - Normal,1 - Low,12,0 - Unknown
4184,1142,2 - Regular,18,Systems,Request,2 - Normal,1 - Low,14,0 - Unknown
4185,320,2 - Regular,40,Systems,Request,0 - Unclassified,0 - Unassigned,9,3 - Highly satisfied
4186,800,2 - Regular,9,Systems,Request,2 - Normal,3 - High,8,3 - Highly satisfied
4187,735,2 - Regular,13,Access/Login,Issue,3 - Major,3 - High,1,1 - Unsatisfied
4188,50,2 - Regular,19,Systems,Issue,2 - Normal,3 - High,1,3 - Highly satisfied
4189,1540,1 - Junior,22,Systems,Request,2 - Normal,0 - Unassigned,21,0 - Unknown
4190,707,2 - Regular,15,Access/Login,Issue,2 - Normal,2 - Medium,0,3 - Highly satisfied
4191,1400,2 - Regular,45,Access/Login,Request,2 - Normal,1 - Low,1,3 - Highly satisfied
4192,576,3 - Senior,23,Access/Login,Request,3 - Major,2 - Medium,0,0 - Unknown
4193,1213,1 - Junior,30,Software,Request,2 - Normal,0 - Unassigned,12,0 - Unknown
4194,707,2 - Regular,41,Systems,Request,2 - Normal,0 - Unassigned,5,3 - Highly satisfied
4195,1749,2 - Regular,2,Hardware,Request,2 - Normal,1 - Low,11,3 - Highly satisfied
4196,1381,4 - Management,3,Systems,Request,2 - Normal,3 - High,13,2 - Satisfied
4197,131,2 - Regular,35,Systems,Request,2 - Normal,0 - Unassigned,8,0 - Unknown
4198,115,2 - Regular,27,Hardware,Request,2 - Normal,0 - Unassigned,10,1 - Unsatisfied
4199,1137,2 - Regular,5,Access/Login,Request,2 - Normal,0 - Unassigned,0,3 - Highly satisfied
4200,517,2 - Regular,10,Access/Login,Issue,2 - Normal,1 - Low,0,2 - Satisfied
4201,911,1 - Junior,7,Systems,Issue,3 - Major,0 - Unassigned,3,0 - Unknown
4202,414,3 - Senior,33,Software,Issue,2 - Normal,0 - Unassigned,0,1 - Unsatisfied
4203,156,2 - Regular,12,Hardware,Request,2 - Normal,3 - High,10,0 - Unknown
4204,1115,1 - Junior,50,Access/Login,Issue,1 - Minor,1 - Low,0,1 - Unsatisfied
4205,981,4 - Management,7,Systems,Request,2 - Normal,3 - High,20,1 - Unsatisfied
4206,8,2 - Regular,33,Access/Login,Issue,2 - Normal,0 - Unassigned,2,3 - Highly satisfied
4207,1641,2 - Regular,1,Systems,Request,2 - Normal,3 - High,19,1 - Unsatisfied
4208,1943,1 - Junior,35,Systems,Request,2 - Normal,2 - Medium,9,3 - Highly satisfied
4209,1957,2 - Regular,19,Access/Login,Request,2 - Normal,0 - Unassigned,0,0 - Unknown
4210,503,3 - Senior,33,Hardware,Issue,2 - Normal,1 - Low,11,3 - Highly satisfied
4211,149,2 - Regular,34,Software,Request,2 - Normal,3 - High,4,0 - Unknown
4212,1585,3 - Senior,20,Software,Request,2 - Normal,3 - High,5,0 - Unknown
4213,1948,3 - Senior,26,Systems,Issue,2 - Normal,0 - Unassigned,1,0 - Unknown
4214,985,2 - Regular,28,Access/Login,Request,2 - Normal,2 - Medium,1,0 - Unknown
4215,64,2 - Regular,12,Hardware,Request,3 - Major,0 - Unassigned,20,3 - Highly satisfied
4216,104,4 - Management,11,Access/Login,Request,2 - Normal,0 - Unassigned,0,1 - Unsatisfied
4217,1340,2 - Regular,25,Systems,Issue,2 - Normal,2 - Medium,4,0 - Unknown
4218,1827,1 - Junior,44,Systems,Request,3 - Major,1 - Low,13,0 - Unknown
4219,1556,4 - Management,17,Systems,Issue,4 - Critical,3 - High,3,3 - Highly satisfied
4220,763,4 - Management,6,Access/Login,Request,2 - Normal,0 - Unassigned,0,0 - Unknown
4221,842,2 - Regular,49,Software,Request,2 - Normal,1 - Low,23,3 - Highly satisfied
4222,818,1 - Junior,49,Access/Login,Issue,3 - Major,0 - Unassigned,0,2 - Satisfied
4223,564,2 - Regular,46,Systems,Request,2 - Normal,3 - High,22,2 - Satisfied
4224,165,1 - Junior,18,Systems,Request,2 - Normal,1 - Low,15,3 - Highly satisfied
4225,450,3 - Senior,22,Software,Request,2 - Normal,0 - Unassigned,12,3 - Highly satisfied
4226,1087,3 - Senior,3,Hardware,Request,2 - Normal,3 - High,31,2 - Satisfied
4227,168,4 - Management,24,Access/Login,Request,2 - Normal,3 - High,0,0 - Unknown
4228,1280,4 - Management,5,Hardware,Request,2 - Normal,0 - Unassigned,10,3 - Highly satisfied
4229,1566,2 - Regular,23,Software,Request,2 - Normal,3 - High,3,3 - Highly satisfied
4230,308,1 - Junior,50,Access/Login,Request,2 - Normal,1 - Low,1,1 - Unsatisfied
4231,639,2 - Regular,18,Access/Login,Request,2 - Normal,0 - Unassigned,0,3 - Highly satisfied
4232,1500,4 - Management,4,Systems,Request,2 - Normal,0 - Unassigned,19,3 - Highly satisfied
4233,510,1 - Junior,34,Systems,Request,1 - Minor,1 - Low,5,3 - Highly satisfied
4234,1448,2 - Regular,4,Systems,Request,3 - Major,1 - Low,21,0 - Unknown
4235,1542,4 - Management,45,Systems,Request,2 - Normal,0 - Unassigned,5,0 - Unknown
4236,1912,2 - Regular,4,Systems,Issue,2 - Normal,0 - Unassigned,14,1 - Unsatisfied
4237,266,2 - Regular,40,Access/Login,Request,2 - Normal,3 - High,0,3 - Highly satisfied
4238,985,2 - Regular,12,Access/Login,Request,3 - Major,2 - Medium,0,2 - Satisfied
4239,1453,3 - Senior,2,Access/Login,Issue,2 - Normal,2 - Medium,0,3 - Highly satisfied
4240,1404,2 - Regular,30,Software,Request,2 - Normal,3 - High,10,2 - Satisfied
4241,1314,2 - Regular,24,Systems,Issue,2 - Normal,3 - High,2,3 - Highly satisfied
4242,725,3 - Senior,43,Systems,Request,2 - Normal,0 - Unassigned,7,3 - Highly satisfied
4243,847,2 - Regular,1,Hardware,Request,2 - Normal,3 - High,26,1 - Unsatisfied
4244,1405,2 - Regular,29,Systems,Request,2 - Normal,0 - Unassigned,5,3 - Highly satisfied
4245,1813,1 - Junior,19,Access/Login,Issue,2 - Normal,0 - Unassigned,0,2 - Satisfied
4246,326,2 - Regular,28,Systems,Request,2 - Normal,3 - High,21,1 - Unsatisfied
4247,412,4 - Management,25,Software,Request,2 - Normal,3 - High,8,0 - Unknown
4248,1778,2 - Regular,5,Access/Login,Request,2 - Normal,2 - Medium,0,3 - Highly satisfied
4249,1921,3 - Senior,37,Software,Request,2 - Normal,3 - High,5,3 - Highly satisfied
4250,360,1 - Junior,15,Access/Login,Request,2 - Normal,1 - Low,0,3 - Highly satisfied
4251,1018,2 - Regular,27,Systems,Request,2 - Normal,2 - Medium,6,0 - Unknown
4252,1871,4 - Management,7,Systems,Issue,3 - Major,3 - High,9,3 - Highly satisfied
4253,496,2 - Regular,28,Access/Login,Request,2 - Normal,3 - High,1,0 - Unknown
4254,1123,2 - Regular,6,Access/Login,Request,2 - Normal,1 - Low,0,0 - Unknown
4255,1058,4 - Management,9,Systems,Request,2 - Normal,0 - Unassigned,7,3 - Highly satisfied
4256,1033,2 - Regular,18,Software,Request,2 - Normal,0 - Unassigned,2,0 - Unknown
4257,1954,2 - Regular,15,Access/Login,Request,2 - Normal,0 - Unassigned,0,3 - Highly satisfied
4258,1785,2 - Regular,40,Access/Login,Request,2 - Normal,2 - Medium,0,2 - Satisfied
4259,985,2 - Regular,41,Systems,Request,2 - Normal,1 - Low,20,1 - Unsatisfied
4260,240,2 - Regular,3,Software,Request,2 - Normal,3 - High,20,1 - Unsatisfied
4261,1674,2 - Regular,44,Systems,Issue,2 - Normal,0 - Unassigned,1,3 - Highly satisfied
4262,482,1 - Junior,24,Systems,Request,1 - Minor,2 - Medium,5,1 - Unsatisfied
4263,300,3 - Senior,34,Systems,Request,2 - Normal,0 - Unassigned,6,0 - Unknown
4264,173,4 - Management,37,Access/Login,Request,2 - Normal,3 - High,0,1 - Unsatisfied
4265,20,1 - Junior,6,Systems,Request,2 - Normal,2 - Medium,16,2 - Satisfied
4266,1264,1 - Junior,2,Systems,Issue,2 - Normal,0 - Unassigned,1,3 - Highly satisfied
4267,1059,2 - Regular,48,Software,Request,2 - Normal,0 - Unassigned,9,2 - Satisfied
4268,1442,2 - Regular,27,Systems,Issue,2 - Normal,0 - Unassigned,3,3 - Highly satisfied
4269,219,4 - Management,31,Systems,Request,2 - Normal,3 - High,8,0 - Unknown
4270,510,1 - Junior,50,Software,Request,2 - Normal,0 - Unassigned,10,1 - Unsatisfied
4271,1401,2 - Regular,4,Systems,Request,2 - Normal,0 - Unassigned,8,0 - Unknown
4272,1302,1 - Junior,8,Access/Login,Request,3 - Major,1 - Low,0,3 - Highly satisfied
4273,499,2 - Regular,41,Systems,Request,2 - Normal,3 - High,9,3 - Highly satisfied
4274,221,3 - Senior,42,Software,Request,2 - Normal,3 - High,3,3 - Highly satisfied
4275,365,3 - Senior,26,Systems,Request,2 - Normal,2 - Medium,6,2 - Satisfied
4276,116,2 - Regular,15,Software,Request,2 - Normal,3 - High,3,3 - Highly satisfied
4277,1659,4 - Management,4,Hardware,Issue,2 - Normal,0 - Unassigned,18,3 - Highly satisfied
4278,738,2 - Regular,18,Hardware,Request,2 - Normal,0 - Unassigned,33,3 - Highly satisfied
4279,1023,1 - Junior,20,Access/Login,Request,2 - Normal,1 - Low,1,3 - Highly satisfied
4280,1529,4 - Management,23,Systems,Issue,2 - Normal,0 - Unassigned,1,1 - Unsatisfied
4281,1439,1 - Junior,19,Access/Login,Request,1 - Minor,3 - High,0,3 - Highly satisfied
4282,1769,2 - Regular,45,Systems,Request,2 - Normal,1 - Low,9,3 - Highly satisfied
4283,1486,3 - Senior,15,Hardware,Issue,2 - Normal,3 - High,8,0 - Unknown
4284,1289,1 - Junior,27,Systems,Issue,2 - Normal,1 - Low,1,3 - Highly satisfied
4285,1939,1 - Junior,13,Access/Login,Request,2 - Normal,1 - Low,2,1 - Unsatisfied
4286,812,4 - Management,25,Software,Request,2 - Normal,2 - Medium,7,2 - Satisfied
4287,835,2 - Regular,35,Systems,Issue,2 - Normal,2 - Medium,3,1 - Unsatisfied
4288,1492,4 - Management,48,Systems,Request,2 - Normal,3 - High,6,0 - Unknown
4289,1216,3 - Senior,39,Access/Login,Issue,2 - Normal,0 - Unassigned,0,2 - Satisfied
4290,584,2 - Regular,2,Systems,Issue,2 - Normal,0 - Unassigned,1,3 - Highly satisfied
4291,1859,3 - Senior,28,Systems,Request,2 - Normal,3 - High,15,0 - Unknown
4292,1542,4 - Management,17,Hardware,Issue,2 - Normal,3 - High,6,0 - Unknown
4293,210,3 - Senior,42,Software,Issue,2 - Normal,3 - High,0,2 - Satisfied
4294,1630,2 - Regular,12,Software,Issue,2 - Normal,2 - Medium,3,0 - Unknown
4295,1587,2 - Regular,41,Software,Request,2 - Normal,0 - Unassigned,6,0 - Unknown
4296,1762,2 - Regular,31,Access/Login,Issue,3 - Major,3 - High,0,0 - Unknown
4297,530,3 - Senior,34,Software,Request,2 - Normal,3 - High,5,3 - Highly satisfied
4298,470,2 - Regular,14,Access/Login,Request,2 - Normal,0 - Unassigned,1,2 - Satisfied
4299,1945,2 - Regular,6,Hardware,Request,2 - Normal,3 - High,27,0 - Unknown
4300,209,2 - Regular,21,Software,Request,2 - Normal,1 - Low,2,3 - Highly satisfied
4301,1149,2 - Regular,16,Access/Login,Issue,4 - Critical,2 - Medium,1,3 - Highly satisfied
4302,1075,1 - Junior,20,Software,Request,2 - Normal,1 - Low,9,0 - Unknown
4303,1836,4 - Management,29,Access/Login,Issue,2 - Normal,2 - Medium,0,0 - Unknown
4304,508,3 - Senior,22,Systems,Request,2 - Normal,3 - High,19,2 - Satisfied
4305,918,1 - Junior,13,Software,Issue,2 - Normal,0 - Unassigned,6,0 - Unknown
4306,1883,2 - Regular,20,Systems,Issue,2 - Normal,0 - Unassigned,2,0 - Unknown
4307,285,2 - Regular,34,Access/Login,Request,1 - Minor,1 - Low,0,0 - Unknown
4308,927,3 - Senior,32,Access/Login,Issue,2 - Normal,0 - Unassigned,0,1 - Unsatisfied
4309,84,2 - Regular,2,Hardware,Issue,2 - Normal,0 - Unassigned,8,0 - Unknown
4310,1339,1 - Junior,48,Access/Login,Issue,4 - Critical,2 - Medium,2,2 - Satisfied
4311,177,3 - Senior,18,Systems,Request,2 - Normal,3 - High,10,3 - Highly satisfied
4312,1910,2 - Regular,5,Software,Issue,2 - Normal,2 - Medium,3,0 - Unknown
4313,1342,3 - Senior,15,Software,Request,2 - Normal,3 - High,4,3 - Highly satisfied
4314,1595,3 - Senior,13,Access/Login,Request,2 - Normal,3 - High,0,0 - Unknown
4315,1884,2 - Regular,50,Access/Login,Request,2 - Normal,3 - High,1,1 - Unsatisfied
4316,103,4 - Management,19,Systems,Request,2 - Normal,3 - High,7,0 - Unknown
4317,431,4 - Management,20,Systems,Issue,2 - Normal,3 - High,1,0 - Unknown
4318,527,2 - Regular,25,Systems,Issue,2 - Normal,1 - Low,7,2 - Satisfied
4319,965,2 - Regular,11,Hardware,Request,2 - Normal,3 - High,14,0 - Unknown
4320,43,1 - Junior,43,Access/Login,Request,2 - Normal,2 - Medium,0,3 - Highly satisfied
4321,1466,3 - Senior,33,Software,Request,2 - Normal,0 - Unassigned,7,2 - Satisfied
4322,819,3 - Senior,30,Access/Login,Request,2 - Normal,0 - Unassigned,0,0 - Unknown
4323,1026,3 - Senior,9,Access/Login,Request,2 - Normal,0 - Unassigned,0,2 - Satisfied
4324,41,2 - Regular,49,Software,Request,2 - Normal,1 - Low,14,3 - Highly satisfied
4325,1878,1 - Junior,32,Hardware,Issue,2 - Normal,0 - Unassigned,12,0 - Unknown
4326,1010,3 - Senior,4,Systems,Issue,2 - Normal,3 - High,7,3 - Highly satisfied
4327,348,1 - Junior,38,Access/Login,Request,2 - Normal,0 - Unassigned,0,2 - Satisfied
4328,84,2 - Regular,15,Systems,Issue,2 - Normal,1 - Low,2,3 - Highly satisfied
4329,872,3 - Senior,43,Systems,Request,2 - Normal,3 - High,7,3 - Highly satisfied
4330,1191,2 - Regular,22,Systems,Issue,2 - Normal,3 - High,2,1 - Unsatisfied
4331,1042,1 - Junior,19,Systems,Request,2 - Normal,0 - Unassigned,24,3 - Highly satisfied
4332,1089,1 - Junior,10,Systems,Request,3 - Major,2 - Medium,20,3 - Highly satisfied
4333,566,4 - Management,29,Systems,Request,2 - Normal,3 - High,6,0 - Unknown
4334,1078,1 - Junior,26,Software,Request,2 - Normal,3 - High,4,1 - Unsatisfied
4335,1077,4 - Management,14,Hardware,Request,2 - Normal,3 - High,10,1 - Unsatisfied
4336,970,2 - Regular,3,Hardware,Request,2 - Normal,0 - Unassigned,27,1 - Unsatisfied
4337,803,1 - Junior,19,Systems,Request,2 - Normal,0 - Unassigned,25,0 - Unknown
4338,1045,4 - Management,28,Hardware,Request,2 - Normal,1 - Low,33,2 - Satisfied
4339,186,3 - Senior,28,Hardware,Request,2 - Normal,0 - Unassigned,32,0 - Unknown
4340,574,2 - Regular,36,Systems,Issue,2 - Normal,0 - Unassigned,1,2 - Satisfied
4341,534,1 - Junior,2,Access/Login,Request,2 - Normal,0 - Unassigned,0,0 - Unknown
4342,1005,2 - Regular,15,Software,Request,2 - Normal,0 - Unassigned,4,2 - Satisfied
4343,1537,2 - Regular,8,Systems,Request,2 - Normal,2 - Medium,6,3 - Highly satisfied
4344,1494,2 - Regular,2,Access/Login,Request,2 - Normal,3 - High,0,0 - Unknown
4345,1114,4 - Management,31,Systems,Request,2 - Normal,3 - High,6,0 - Unknown
4346,1270,1 - Junior,23,Hardware,Request,2 - Normal,3 - High,11,3 - Highly satisfied
4347,54,2 - Regular,27,Systems,Issue,2 - Normal,1 - Low,2,0 - Unknown
4348,497,2 - Regular,26,Hardware,Request,2 - Normal,0 - Unassigned,26,2 - Satisfied
4349,1414,1 - Junior,17,Systems,Issue,2 - Normal,0 - Unassigned,2,3 - Highly satisfied
4350,1555,2 - Regular,47,Access/Login,Request,2 - Normal,3 - High,0,0 - Unknown
4351,1962,2 - Regular,6,Systems,Request,2 - Normal,2 - Medium,17,0 - Unknown
4352,1326,1 - Junior,36,Systems,Request,2 - Normal,1 - Low,7,0 - Unknown
4353,917,4 - Management,17,Access/Login,Issue,4 - Critical,3 - High,0,2 - Satisfied
4354,1391,4 - Management,47,Access/Login,Issue,2 - Normal,3 - High,0,2 - Satisfied
4355,1779,2 - Regular,48,Access/Login,Issue,2 - Normal,3 - High,0,0 - Unknown
4356,1855,4 - Management,27,Systems,Issue,3 - Major,3 - High,2,3 - Highly satisfied
4357,1486,3 - Senior,43,Systems,Request,2 - Normal,0 - Unassigned,5,3 - Highly satisfied
4358,1510,3 - Senior,5,Access/Login,Request,2 - Normal,3 - High,0,0 - Unknown
4359,1422,2 - Regular,30,Systems,Request,2 - Normal,3 - High,6,0 - Unknown
4360,1154,4 - Management,15,Systems,Request,2 - Normal,3 - High,5,3 - Highly satisfied
4361,1535,2 - Regular,18,Systems,Request,2 - Normal,0 - Unassigned,5,0 - Unknown
4362,269,2 - Regular,26,Systems,Request,2 - Normal,0 - Unassigned,6,3 - Highly satisfied
4363,1910,2 - Regular,26,Systems,Request,2 - Normal,2 - Medium,12,2 - Satisfied
4364,161,2 - Regular,10,Systems,Request,2 - Normal,3 - High,7,0 - Unknown
4365,1436,3 - Senior,44,Systems,Request,3 - Major,3 - High,6,2 - Satisfied
4366,1549,2 - Regular,48,Access/Login,Issue,2 - Normal,2 - Medium,0,3 - Highly satisfied
4367,797,2 - Regular,2,Systems,Request,2 - Normal,1 - Low,5,0 - Unknown
4368,284,2 - Regular,41,Systems,Request,3 - Major,0 - Unassigned,13,2 - Satisfied
4369,474,2 - Regular,47,Access/Login,Issue,3 - Major,3 - High,0,3 - Highly satisfied
4370,1812,4 - Management,13,Systems,Request,2 - Normal,3 - High,18,1 - Unsatisfied
4371,1614,2 - Regular,9,Systems,Request,2 - Normal,3 - High,9,0 - Unknown
4372,1603,1 - Junior,31,Access/Login,Request,2 - Normal,2 - Medium,0,1 - Unsatisfied
4373,1401,2 - Regular,43,Systems,Request,2 - Normal,0 - Unassigned,9,3 - Highly satisfied
4374,1083,1 - Junior,48,Systems,Request,2 - Normal,1 - Low,6,0 - Unknown
4375,1248,1 - Junior,41,Hardware,Request,2 - Normal,1 - Low,27,3 - Highly satisfied
4376,284,2 - Regular,45,Access/Login,Request,2 - Normal,0 - Unassigned,0,3 - Highly satisfied
4377,108,2 - Regular,46,Systems,Request,2 - Normal,3 - High,15,1 - Unsatisfied
4378,1278,4 - Management,33,Systems,Issue,2 - Normal,0 - Unassigned,2,0 - Unknown
4379,1987,1 - Junior,7,Access/Login,Request,2 - Normal,3 - High,1,0 - Unknown
4380,651,4 - Management,49,Software,Request,2 - Normal,0 - Unassigned,5,1 - Unsatisfied
4381,694,2 - Regular,23,Access/Login,Request,2 - Normal,0 - Unassigned,0,3 - Highly satisfied
4382,1981,2 - Regular,17,Access/Login,Request,2 - Normal,3 - High,0,0 - Unknown
4383,1023,1 - Junior,29,Systems,Request,2 - Normal,1 - Low,8,2 - Satisfied
4384,212,2 - Regular,20,Access/Login,Issue,0 - Unclassified,0 - Unassigned,0,2 - Satisfied
4385,342,4 - Management,17,Systems,Request,2 - Normal,3 - High,5,3 - Highly satisfied
4386,1311,2 - Regular,37,Access/Login,Request,3 - Major,3 - High,0,1 - Unsatisfied
4387,85,2 - Regular,41,Systems,Request,2 - Normal,0 - Unassigned,5,3 - Highly satisfied
4388,1335,4 - Management,24,Systems,Request,2 - Normal,3 - High,5,3 - Highly satisfied
4389,1856,2 - Regular,30,Systems,Request,2 - Normal,3 - High,5,3 - Highly satisfied
4390,1986,2 - Regular,42,Access/Login,Issue,3 - Major,0 - Unassigned,2,2 - Satisfied
4391,469,2 - Regular,47,Systems,Issue,2 - Normal,0 - Unassigned,3,2 - Satisfied
4392,593,4 - Management,31,Systems,Request,2 - Normal,3 - High,5,2 - Satisfied
4393,1552,1 - Junior,14,Systems,Issue,2 - Normal,2 - Medium,5,1 - Unsatisfied
4394,1352,1 - Junior,17,Access/Login,Request,2 - Normal,0 - Unassigned,0,2 - Satisfied
4395,1046,2 - Regular,19,Systems,Request,2 - Normal,3 - High,6,3 - Highly satisfied
4396,1965,4 - Management,40,Systems,Request,2 - Normal,2 - Medium,5,3 - Highly satisfied
4397,1607,1 - Junior,23,Systems,Issue,2 - Normal,3 - High,2,3 - Highly satisfied
4398,1375,3 - Senior,25,Systems,Request,2 - Normal,3 - High,18,0 - Unknown
4399,642,2 - Regular,5,Software,Request,2 - Normal,2 - Medium,6,0 - Unknown
4400,851,1 - Junior,14,Systems,Request,2 - Normal,2 - Medium,15,1 - Unsatisfied
4401,1459,1 - Junior,16,Access/Login,Request,2 - Normal,0 - Unassigned,0,3 - Highly satisfied
4402,963,1 - Junior,31,Software,Request,2 - Normal,2 - Medium,3,0 - Unknown
4403,1230,2 - Regular,36,Access/Login,Request,2 - Normal,1 - Low,0,3 - Highly satisfied
4404,1789,2 - Regular,41,Systems,Request,2 - Normal,3 - High,6,2 - Satisfied
4405,101,1 - Junior,42,Software,Request,2 - Normal,0 - Unassigned,4,2 - Satisfied
4406,247,2 - Regular,39,Systems,Request,2 - Normal,0 - Unassigned,13,2 - Satisfied
4407,218,2 - Regular,43,Systems,Issue,2 - Normal,2 - Medium,2,2 - Satisfied
4408,1988,1 - Junior,21,Hardware,Request,2 - Normal,1 - Low,12,3 - Highly satisfied
4409,1437,4 - Management,39,Software,Request,2 - Normal,3 - High,9,0 - Unknown
4410,764,2 - Regular,46,Systems,Request,2 - Normal,3 - High,15,3 - Highly satisfied
4411,450,3 - Senior,28,Access/Login,Issue,2 - Normal,3 - High,1,2 - Satisfied
4412,888,4 - Management,7,Access/Login,Issue,2 - Normal,3 - High,0,0 - Unknown
4413,263,3 - Senior,9,Access/Login,Request,2 - Normal,3 - High,1,0 - Unknown
4414,1634,2 - Regular,8,Systems,Request,2 - Normal,0 - Unassigned,5,0 - Unknown
4415,1770,1 - Junior,40,Software,Request,2 - Normal,2 - Medium,4,1 - Unsatisfied
4416,715,2 - Regular,38,Access/Login,Request,2 - Normal,3 - High,0,1 - Unsatisfied
4417,34,3 - Senior,25,Software,Request,2 - Normal,0 - Unassigned,7,3 - Highly satisfied
4418,728,2 - Regular,27,Systems,Request,2 - Normal,0 - Unassigned,6,3 - Highly satisfied
4419,1757,1 - Junior,21,Access/Login,Request,2 - Normal,1 - Low,0,0 - Unknown
4420,901,4 - Management,46,Software,Request,3 - Major,3 - High,10,2 - Satisfied
4421,457,1 - Junior,48,Software,Request,2 - Normal,2 - Medium,4,0 - Unknown
4422,715,2 - Regular,14,Hardware,Request,2 - Normal,3 - High,12,2 - Satisfied
4423,1850,2 - Regular,41,Systems,Issue,2 - Normal,2 - Medium,3,2 - Satisfied
4424,1812,4 - Management,39,Software,Request,2 - Normal,3 - High,8,1 - Unsatisfied
4425,572,2 - Regular,21,Access/Login,Issue,2 - Normal,0 - Unassigned,0,0 - Unknown
4426,378,3 - Senior,4,Systems,Request,2 - Normal,3 - High,18,0 - Unknown
4427,169,2 - Regular,13,Access/Login,Request,2 - Normal,3 - High,1,0 - Unknown
4428,1934,1 - Junior,33,Systems,Request,2 - Normal,0 - Unassigned,25,1 - Unsatisfied
4429,193,2 - Regular,27,Systems,Request,2 - Normal,3 - High,6,2 - Satisfied
4430,1277,3 - Senior,7,Access/Login,Request,2 - Normal,3 - High,0,0 - Unknown
4431,2000,2 - Regular,8,Access/Login,Issue,2 - Normal,0 - Unassigned,0,3 - Highly satisfied
4432,631,1 - Junior,31,Access/Login,Issue,1 - Minor,1 - Low,1,1 - Unsatisfied
4433,869,2 - Regular,21,Access/Login,Request,2 - Normal,0 - Unassigned,1,3 - Highly satisfied
4434,1325,3 - Senior,30,Systems,Request,2 - Normal,3 - High,6,3 - Highly satisfied
4435,1652,4 - Management,27,Systems,Request,2 - Normal,3 - High,7,3 - Highly satisfied
4436,471,4 - Management,33,Access/Login,Issue,2 - Normal,3 - High,0,2 - Satisfied
4437,1154,4 - Management,19,Software,Request,2 - Normal,0 - Unassigned,7,0 - Unknown
4438,1028,2 - Regular,18,Access/Login,Request,2 - Normal,0 - Unassigned,0,3 - Highly satisfied
4439,1096,1 - Junior,26,Software,Request,2 - Normal,1 - Low,14,1 - Unsatisfied
4440,706,2 - Regular,6,Access/Login,Request,2 - Normal,2 - Medium,1,0 - Unknown
4441,1934,1 - Junior,28,Access/Login,Issue,2 - Normal,1 - Low,0,2 - Satisfied
4442,201,2 - Regular,8,Access/Login,Request,4 - Critical,3 - High,0,0 - Unknown
4443,1478,2 - Regular,43,Systems,Request,2 - Normal,2 - Medium,5,3 - Highly satisfied
4444,627,1 - Junior,4,Software,Issue,2 - Normal,1 - Low,2,0 - Unknown
4445,1678,4 - Management,10,Access/Login,Issue,2 - Normal,3 - High,1,3 - Highly satisfied
4446,884,3 - Senior,29,Software,Request,2 - Normal,3 - High,2,1 - Unsatisfied
4447,232,1 - Junior,9,Systems,Request,2 - Normal,0 - Unassigned,22,2 - Satisfied
4448,992,1 - Junior,44,Systems,Request,2 - Normal,2 - Medium,16,2 - Satisfied
4449,1801,3 - Senior,11,Software,Request,2 - Normal,3 - High,2,0 - Unknown
4450,1537,2 - Regular,15,Access/Login,Request,2 - Normal,0 - Unassigned,0,3 - Highly satisfied
4451,33,4 - Management,7,Access/Login,Issue,3 - Major,3 - High,1,3 - Highly satisfied
4452,815,2 - Regular,41,Hardware,Issue,2 - Normal,3 - High,6,0 - Unknown
4453,741,1 - Junior,30,Access/Login,Request,2 - Normal,1 - Low,1,3 - Highly satisfied
4454,1995,4 - Management,46,Systems,Request,2 - Normal,3 - High,14,1 - Unsatisfied
4455,248,2 - Regular,31,Access/Login,Request,2 - Normal,1 - Low,0,0 - Unknown
4456,236,2 - Regular,37,Access/Login,Request,2 - Normal,3 - High,0,0 - Unknown
4457,1744,4 - Management,38,Access/Login,Request,2 - Normal,3 - High,0,2 - Satisfied
4458,921,2 - Regular,30,Systems,Request,2 - Normal,3 - High,9,3 - Highly satisfied
4459,1118,2 - Regular,36,Systems,Request,2 - Normal,1 - Low,9,2 - Satisfied
4460,572,2 - Regular,8,Software,Issue,2 - Normal,3 - High,1,1 - Unsatisfied
4461,576,3 - Senior,13,Access/Login,Request,2 - Normal,2 - Medium,1,1 - Unsatisfied
4462,1434,1 - Junior,31,Systems,Issue,3 - Major,0 - Unassigned,4,0 - Unknown
4463,1762,2 - Regular,49,Access/Login,Request,2 - Normal,2 - Medium,0,1 - Unsatisfied
4464,1177,2 - Regular,49,Hardware,Request,2 - Normal,0 - Unassigned,30,1 - Unsatisfied
4465,1566,2 - Regular,42,Access/Login,Issue,2 - Normal,2 - Medium,0,3 - Highly satisfied
4466,676,2 - Regular,28,Systems,Request,2 - Normal,2 - Medium,16,1 - Unsatisfied
4467,308,1 - Junior,50,Systems,Request,2 - Normal,0 - Unassigned,15,0 - Unknown
4468,1372,2 - Regular,19,Software,Issue,2 - Normal,3 - High,5,0 - Unknown
4469,380,1 - Junior,37,Hardware,Request,2 - Normal,1 - Low,28,0 - Unknown
4470,671,2 - Regular,31,Systems,Request,2 - Normal,1 - Low,6,0 - Unknown
4471,382,3 - Senior,43,Software,Issue,3 - Major,0 - Unassigned,0,2 - Satisfied
4472,1502,3 - Senior,23,Systems,Request,2 - Normal,3 - High,5,2 - Satisfied
4473,1437,4 - Management,44,Systems,Issue,3 - Major,3 - High,3,2 - Satisfied
4474,610,2 - Regular,31,Software,Request,2 - Normal,2 - Medium,3,3 - Highly satisfied
4475,1815,2 - Regular,23,Access/Login,Request,2 - Normal,3 - High,0,1 - Unsatisfied
4476,477,3 - Senior,13,Systems,Issue,2 - Normal,0 - Unassigned,8,1 - Unsatisfied
4477,880,2 - Regular,14,Systems,Request,2 - Normal,2 - Medium,14,2 - Satisfied
4478,205,1 - Junior,45,Software,Request,2 - Normal,2 - Medium,3,0 - Unknown
4479,1693,4 - Management,15,Systems,Request,2 - Normal,3 - High,6,3 - Highly satisfied
4480,118,2 - Regular,9,Access/Login,Request,2 - Normal,2 - Medium,1,3 - Highly satisfied
4481,681,4 - Management,31,Software,Request,2 - Normal,3 - High,6,0 - Unknown
4482,652,4 - Management,49,Access/Login,Issue,2 - Normal,3 - High,1,0 - Unknown
4483,799,3 - Senior,44,Hardware,Issue,2 - Normal,0 - Unassigned,11,0 - Unknown
4484,70,1 - Junior,27,Software,Request,2 - Normal,1 - Low,4,3 - Highly satisfied
4485,338,1 - Junior,11,Systems,Request,2 - Normal,2 - Medium,14,2 - Satisfied
4486,1535,2 - Regular,25,Access/Login,Request,2 - Normal,3 - High,1,3 - Highly satisfied
4487,699,1 - Junior,50,Access/Login,Request,2 - Normal,0 - Unassigned,0,1 - Unsatisfied
4488,870,3 - Senior,26,Systems,Request,2 - Normal,0 - Unassigned,13,3 - Highly satisfied
4489,1429,4 - Management,48,Access/Login,Request,2 - Normal,0 - Unassigned,0,0 - Unknown
4490,1796,1 - Junior,6,Systems,Issue,1 - Minor,1 - Low,16,1 - Unsatisfied
4491,405,2 - Regular,30,Systems,Request,2 - Normal,0 - Unassigned,9,0 - Unknown
4492,1691,1 - Junior,33,Systems,Request,2 - Normal,3 - High,11,3 - Highly satisfied
4493,1357,2 - Regular,10,Systems,Request,2 - Normal,3 - High,5,0 - Unknown
4494,1737,3 - Senior,15,Software,Request,2 - Normal,2 - Medium,4,3 - Highly satisfied
4495,1934,1 - Junior,8,Systems,Request,2 - Normal,0 - Unassigned,22,3 - Highly satisfied
4496,1771,3 - Senior,32,Systems,Request,2 - Normal,3 - High,7,1 - Unsatisfied
4497,725,3 - Senior,8,Systems,Issue,2 - Normal,3 - High,2,0 - Unknown
4498,794,2 - Regular,40,Access/Login,Request,2 - Normal,2 - Medium,0,2 - Satisfied
4499,73,4 - Management,24,Systems,Request,2 - Normal,0 - Unassigned,9,2 - Satisfied
4500,151,4 - Management,7,Systems,Request,2 - Normal,0 - Unassigned,13,0 - Unknown
4501,1867,3 - Senior,35,Software,Request,2 - Normal,1 - Low,3,2 - Satisfied
4502,1090,4 - Management,30,Systems,Request,2 - Normal,0 - Unassigned,5,0 - Unknown
4503,1737,3 - Senior,29,Software,Request,2 - Normal,3 - High,5,0 - Unknown
4504,254,1 - Junior,9,Systems,Request,2 - Normal,2 - Medium,7,0 - Unknown
4505,1197,4 - Management,9,Systems,Request,2 - Normal,3 - High,7,1 - Unsatisfied
4506,1351,2 - Regular,38,Systems,Request,2 - Normal,0 - Unassigned,5,1 - Unsatisfied
4507,590,4 - Management,32,Systems,Request,2 - Normal,3 - High,7,1 - Unsatisfied
4508,1394,2 - Regular,7,Hardware,Request,2 - Normal,3 - High,36,1 - Unsatisfied
4509,1554,2 - Regular,3,Systems,Request,2 - Normal,1 - Low,15,3 - Highly satisfied
4510,481,3 - Senior,18,Access/Login,Request,2 - Normal,0 - Unassigned,1,3 - Highly satisfied
4511,1935,2 - Regular,5,Software,Request,2 - Normal,3 - High,4,3 - Highly satisfied
4512,1238,1 - Junior,30,Access/Login,Request,2 - Normal,0 - Unassigned,0,1 - Unsatisfied
4513,1061,2 - Regular,41,Systems,Request,2 - Normal,3 - High,5,1 - Unsatisfied
4514,1858,2 - Regular,3,Systems,Issue,2 - Normal,2 - Medium,3,1 - Unsatisfied
4515,1269,2 - Regular,27,Systems,Request,2 - Normal,0 - Unassigned,7,1 - Unsatisfied
4516,422,1 - Junior,43,Systems,Request,1 - Minor,1 - Low,6,0 - Unknown
4517,357,2 - Regular,20,Software,Issue,2 - Normal,3 - High,4,1 - Unsatisfied
4518,831,2 - Regular,35,Software,Issue,2 - Normal,2 - Medium,0,3 - Highly satisfied
4519,420,3 - Senior,15,Software,Issue,2 - Normal,0 - Unassigned,3,3 - Highly satisfied
4520,893,4 - Management,39,Hardware,Request,2 - Normal,0 - Unassigned,30,1 - Unsatisfied
4521,369,3 - Senior,36,Systems,Request,2 - Normal,3 - High,5,0 - Unknown
4522,109,4 - Management,30,Software,Request,2 - Normal,3 - High,2,0 - Unknown
4523,1238,1 - Junior,15,Hardware,Request,2 - Normal,0 - Unassigned,11,0 - Unknown
4524,1810,1 - Junior,20,Hardware,Request,2 - Normal,2 - Medium,16,2 - Satisfied
4525,704,2 - Regular,17,Systems,Request,2 - Normal,2 - Medium,5,2 - Satisfied
4526,1954,2 - Regular,50,Systems,Issue,2 - Normal,0 - Unassigned,4,1 - Unsatisfied
4527,6,3 - Senior,13,Systems,Issue,2 - Normal,3 - High,12,0 - Unknown
4528,1269,2 - Regular,16,Systems,Request,2 - Normal,3 - High,7,1 - Unsatisfied
4529,1832,3 - Senior,15,Hardware,Request,2 - Normal,3 - High,10,0 - Unknown
4530,1190,2 - Regular,11,Systems,Request,2 - Normal,1 - Low,21,2 - Satisfied
4531,139,2 - Regular,4,Software,Request,2 - Normal,0 - Unassigned,20,2 - Satisfied
4532,919,2 - Regular,16,Systems,Request,2 - Normal,2 - Medium,14,1 - Unsatisfied
4533,360,1 - Junior,11,Systems,Request,2 - Normal,2 - Medium,15,2 - Satisfied
4534,1426,4 - Management,46,Access/Login,Request,2 - Normal,3 - High,0,1 - Unsatisfied
4535,633,4 - Management,49,Hardware,Request,2 - Normal,3 - High,26,1 - Unsatisfied
4536,627,1 - Junior,50,Systems,Request,2 - Normal,0 - Unassigned,18,1 - Unsatisfied
4537,1597,3 - Senior,13,Software,Request,2 - Normal,3 - High,20,1 - Unsatisfied
4538,707,2 - Regular,22,Software,Request,2 - Normal,0 - Unassigned,11,0 - Unknown
4539,891,1 - Junior,2,Access/Login,Request,2 - Normal,1 - Low,0,3 - Highly satisfied
4540,365,3 - Senior,7,Systems,Request,2 - Normal,2 - Medium,14,1 - Unsatisfied
4541,240,2 - Regular,1,Systems,Request,2 - Normal,3 - High,15,1 - Unsatisfied
4542,1110,2 - Regular,10,Systems,Request,4 - Critical,3 - High,5,2 - Satisfied
4543,1254,3 - Senior,33,Hardware,Request,2 - Normal,3 - High,11,0 - Unknown
4544,536,2 - Regular,1,Access/Login,Issue,2 - Normal,3 - High,1,2 - Satisfied
4545,1274,3 - Senior,33,Systems,Request,2 - Normal,3 - High,8,2 - Satisfied
4546,1817,3 - Senior,28,Systems,Request,2 - Normal,0 - Unassigned,13,1 - Unsatisfied
4547,1614,2 - Regular,45,Software,Request,2 - Normal,0 - Unassigned,6,2 - Satisfied
4548,1365,2 - Regular,13,Access/Login,Request,2 - Normal,3 - High,0,1 - Unsatisfied
4549,167,4 - Management,28,Software,Request,2 - Normal,0 - Unassigned,8,0 - Unknown
4550,556,4 - Management,29,Software,Issue,2 - Normal,3 - High,0,3 - Highly satisfied
4551,156,2 - Regular,39,Access/Login,Request,2 - Normal,3 - High,0,0 - Unknown
4552,939,4 - Management,5,Systems,Request,2 - Normal,3 - High,6,1 - Unsatisfied
4553,259,1 - Junior,47,Systems,Request,2 - Normal,1 - Low,5,3 - Highly satisfied
4554,1328,4 - Management,41,Systems,Request,2 - Normal,2 - Medium,7,2 - Satisfied
4555,81,1 - Junior,28,Systems,Issue,2 - Normal,1 - Low,10,0 - Unknown
4556,1132,3 - Senior,12,Access/Login,Request,2 - Normal,0 - Unassigned,0,3 - Highly satisfied
4557,1288,2 - Regular,12,Access/Login,Request,3 - Major,3 - High,0,3 - Highly satisfied
4558,92,2 - Regular,44,Systems,Issue,2 - Normal,3 - High,1,3 - Highly satisfied
4559,1612,2 - Regular,39,Systems,Request,2 - Normal,0 - Unassigned,13,0 - Unknown
4560,1788,3 - Senior,2,Access/Login,Request,2 - Normal,3 - High,0,0 - Unknown
4561,713,4 - Management,37,Access/Login,Request,2 - Normal,0 - Unassigned,0,2 - Satisfied
4562,752,2 - Regular,45,Systems,Request,2 - Normal,2 - Medium,9,0 - Unknown
4563,511,2 - Regular,21,Access/Login,Issue,2 - Normal,0 - Unassigned,0,3 - Highly satisfied
4564,334,1 - Junior,48,Systems,Issue,2 - Normal,2 - Medium,12,2 - Satisfied
4565,1540,1 - Junior,30,Access/Login,Issue,2 - Normal,3 - High,0,3 - Highly satisfied
4566,1257,4 - Management,16,Systems,Request,2 - Normal,0 - Unassigned,6,0 - Unknown
4567,1175,2 - Regular,11,Software,Issue,2 - Normal,3 - High,3,0 - Unknown
4568,27,1 - Junior,4,Systems,Request,2 - Normal,1 - Low,20,1 - Unsatisfied
4569,1329,3 - Senior,12,Access/Login,Request,2 - Normal,3 - High,0,0 - Unknown
4570,1548,1 - Junior,46,Software,Request,3 - Major,3 - High,13,0 - Unknown
4571,1785,2 - Regular,4,Access/Login,Request,2 - Normal,0 - Unassigned,0,1 - Unsatisfied
4572,761,1 - Junior,46,Systems,Request,2 - Normal,0 - Unassigned,15,2 - Satisfied
4573,1248,1 - Junior,14,Software,Request,2 - Normal,0 - Unassigned,8,0 - Unknown
4574,447,3 - Senior,43,Access/Login,Request,2 - Normal,3 - High,0,2 - Satisfied
4575,1578,2 - Regular,49,Systems,Request,3 - Major,3 - High,13,1 - Unsatisfied
4576,1184,1 - Junior,7,Hardware,Issue,2 - Normal,2 - Medium,20,1 - Unsatisfied
4577,1894,1 - Junior,48,Systems,Request,2 - Normal,3 - High,5,3 - Highly satisfied
4578,508,3 - Senior,17,Systems,Request,2 - Normal,0 - Unassigned,6,1 - Unsatisfied
4579,1614,2 - Regular,26,Access/Login,Request,2 - Normal,0 - Unassigned,0,0 - Unknown
4580,1288,2 - Regular,11,Systems,Request,1 - Minor,2 - Medium,17,0 - Unknown
4581,857,2 - Regular,46,Systems,Request,2 - Normal,3 - High,19,0 - Unknown
4582,1901,2 - Regular,26,Access/Login,Request,2 - Normal,1 - Low,1,3 - Highly satisfied
4583,1138,3 - Senior,11,Access/Login,Request,2 - Normal,3 - High,0,2 - Satisfied
4584,603,1 - Junior,1,Systems,Request,2 - Normal,0 - Unassigned,17,2 - Satisfied
4585,1319,4 - Management,43,Systems,Request,2 - Normal,3 - High,6,1 - Unsatisfied
4586,1857,2 - Regular,8,Systems,Request,2 - Normal,2 - Medium,7,0 - Unknown
4587,416,3 - Senior,45,Systems,Request,4 - Critical,0 - Unassigned,8,0 - Unknown
4588,1529,4 - Management,43,Systems,Request,2 - Normal,2 - Medium,7,0 - Unknown
4589,618,4 - Management,32,Access/Login,Request,2 - Normal,0 - Unassigned,0,2 - Satisfied
4590,639,2 - Regular,6,Hardware,Request,2 - Normal,1 - Low,33,1 - Unsatisfied
4591,1871,4 - Management,1,Access/Login,Request,2 - Normal,3 - High,1,0 - Unknown
4592,1891,1 - Junior,3,Access/Login,Request,2 - Normal,0 - Unassigned,0,1 - Unsatisfied
4593,451,4 - Management,48,Systems,Request,2 - Normal,3 - High,6,0 - Unknown
4594,137,2 - Regular,29,Systems,Request,2 - Normal,1 - Low,6,1 - Unsatisfied
4595,849,2 - Regular,38,Software,Request,2 - Normal,3 - High,4,3 - Highly satisfied
4596,178,2 - Regular,49,Systems,Request,2 - Normal,1 - Low,21,3 - Highly satisfied
4597,284,2 - Regular,18,Systems,Request,2 - Normal,0 - Unassigned,15,3 - Highly satisfied
4598,256,2 - Regular,41,Access/Login,Request,2 - Normal,2 - Medium,1,3 - Highly satisfied
4599,198,2 - Regular,11,Access/Login,Request,2 - Normal,3 - High,1,2 - Satisfied
4600,633,4 - Management,45,Systems,Request,2 - Normal,3 - High,6,3 - Highly satisfied
4601,249,1 - Junior,39,Software,Request,2 - Normal,1 - Low,9,1 - Unsatisfied
4602,948,1 - Junior,14,Systems,Request,2 - Normal,2 - Medium,17,1 - Unsatisfied
4603,50,2 - Regular,28,Access/Login,Request,2 - Normal,0 - Unassigned,2,0 - Unknown
4604,144,1 - Junior,4,Systems,Request,2 - Normal,0 - Unassigned,14,3 - Highly satisfied
4605,624,1 - Junior,48,Software,Issue,2 - Normal,1 - Low,5,2 - Satisfied
4606,1275,1 - Junior,9,Software,Request,2 - Normal,2 - Medium,5,3 - Highly satisfied
4607,1459,1 - Junior,24,Systems,Request,2 - Normal,0 - Unassigned,20,3 - Highly satisfied
4608,200,3 - Senior,32,Software,Request,2 - Normal,1 - Low,14,3 - Highly satisfied
4609,1295,4 - Management,46,Access/Login,Request,2 - Normal,3 - High,2,1 - Unsatisfied
4610,788,2 - Regular,35,Access/Login,Request,2 - Normal,1 - Low,0,3 - Highly satisfied
4611,1287,2 - Regular,45,Hardware,Request,2 - Normal,3 - High,11,3 - Highly satisfied
4612,60,4 - Management,19,Access/Login,Issue,4 - Critical,0 - Unassigned,0,1 - Unsatisfied
4613,518,4 - Management,24,Systems,Issue,3 - Major,0 - Unassigned,1,3 - Highly satisfied
4614,1260,3 - Senior,35,Software,Request,2 - Normal,3 - High,6,2 - Satisfied
4615,1368,2 - Regular,36,Systems,Request,2 - Normal,2 - Medium,7,2 - Satisfied
4616,1122,3 - Senior,50,Systems,Request,2 - Normal,3 - High,20,0 - Unknown
4617,226,4 - Management,47,Access/Login,Request,2 - Normal,3 - High,0,0 - Unknown
4618,1838,4 - Management,11,Access/Login,Request,2 - Normal,3 - High,0,0 - Unknown
4619,457,1 - Junior,34,Access/Login,Issue,3 - Major,1 - Low,0,3 - Highly satisfied
4620,380,1 - Junior,47,Access/Login,Issue,2 - Normal,0 - Unassigned,0,1 - Unsatisfied
4621,1192,3 - Senior,9,Software,Issue,2 - Normal,2 - Medium,7,0 - Unknown
4622,49,3 - Senior,50,Hardware,Issue,2 - Normal,3 - High,18,2 - Satisfied
4623,1795,1 - Junior,8,Software,Request,2 - Normal,1 - Low,3,3 - Highly satisfied
4624,1674,2 - Regular,43,Systems,Issue,2 - Normal,0 - Unassigned,5,3 - Highly satisfied
4625,1617,4 - Management,16,Access/Login,Request,2 - Normal,0 - Unassigned,1,2 - Satisfied
4626,1227,2 - Regular,50,Hardware,Request,2 - Normal,3 - High,33,0 - Unknown
4627,256,2 - Regular,40,Systems,Request,2 - Normal,0 - Unassigned,14,3 - Highly satisfied
4628,858,4 - Management,48,Systems,Issue,2 - Normal,3 - High,1,3 - Highly satisfied
4629,309,1 - Junior,42,Access/Login,Request,2 - Normal,2 - Medium,0,2 - Satisfied
4630,501,1 - Junior,1,Software,Request,2 - Normal,2 - Medium,12,0 - Unknown
4631,557,2 - Regular,18,Access/Login,Request,3 - Major,3 - High,0,0 - Unknown
4632,97,2 - Regular,30,Systems,Request,2 - Normal,1 - Low,26,2 - Satisfied
4633,1104,1 - Junior,38,Systems,Request,2 - Normal,2 - Medium,13,1 - Unsatisfied
4634,873,3 - Senior,32,Systems,Issue,2 - Normal,3 - High,2,1 - Unsatisfied
4635,1078,1 - Junior,22,Access/Login,Request,2 - Normal,0 - Unassigned,1,1 - Unsatisfied
4636,1639,1 - Junior,13,Software,Request,2 - Normal,2 - Medium,11,1 - Unsatisfied
4637,1387,2 - Regular,1,Software,Issue,2 - Normal,0 - Unassigned,2,2 - Satisfied
4638,1998,1 - Junior,14,Systems,Request,2 - Normal,0 - Unassigned,7,1 - Unsatisfied
4639,1551,3 - Senior,48,Systems,Request,2 - Normal,0 - Unassigned,17,2 - Satisfied
4640,46,4 - Management,16,Systems,Request,2 - Normal,3 - High,5,2 - Satisfied
4641,1075,1 - Junior,37,Access/Login,Request,2 - Normal,1 - Low,2,2 - Satisfied
4642,1648,3 - Senior,20,Software,Request,2 - Normal,0 - Unassigned,2,2 - Satisfied
4643,965,2 - Regular,38,Access/Login,Issue,2 - Normal,3 - High,0,2 - Satisfied
4644,668,2 - Regular,6,Systems,Issue,2 - Normal,3 - High,9,2 - Satisfied
4645,798,4 - Management,19,Software,Request,3 - Major,3 - High,11,0 - Unknown
4646,228,4 - Management,36,Software,Request,2 - Normal,3 - High,5,0 - Unknown
4647,548,4 - Management,31,Software,Request,2 - Normal,3 - High,5,3 - Highly satisfied
4648,1783,3 - Senior,45,Systems,Request,2 - Normal,0 - Unassigned,7,3 - Highly satisfied
4649,1655,3 - Senior,36,Software,Request,2 - Normal,3 - High,4,1 - Unsatisfied
4650,1690,4 - Management,7,Hardware,Request,2 - Normal,3 - High,29,0 - Unknown
4651,788,2 - Regular,39,Access/Login,Request,2 - Normal,2 - Medium,0,1 - Unsatisfied
4652,5,2 - Regular,50,Systems,Request,2 - Normal,2 - Medium,17,1 - Unsatisfied
4653,1540,1 - Junior,16,Hardware,Request,2 - Normal,0 - Unassigned,32,3 - Highly satisfied
4654,818,1 - Junior,7,Systems,Request,2 - Normal,2 - Medium,18,3 - Highly satisfied
4655,1295,4 - Management,2,Software,Request,2 - Normal,3 - High,4,3 - Highly satisfied
4656,1478,2 - Regular,32,Access/Login,Request,2 - Normal,3 - High,0,1 - Unsatisfied
4657,598,1 - Junior,9,Software,Request,2 - Normal,1 - Low,13,2 - Satisfied
4658,1932,4 - Management,2,Access/Login,Request,2 - Normal,0 - Unassigned,0,0 - Unknown
4659,20,1 - Junior,9,Systems,Request,2 - Normal,1 - Low,22,3 - Highly satisfied
4660,1792,1 - Junior,29,Access/Login,Request,2 - Normal,0 - Unassigned,0,3 - Highly satisfied
4661,143,4 - Management,38,Access/Login,Request,2 - Normal,3 - High,0,0 - Unknown
4662,590,4 - Management,22,Systems,Request,2 - Normal,0 - Unassigned,18,1 - Unsatisfied
4663,1239,2 - Regular,31,Hardware,Request,2 - Normal,3 - High,10,2 - Satisfied
4664,437,1 - Junior,50,Access/Login,Request,2 - Normal,0 - Unassigned,0,1 - Unsatisfied
4665,734,1 - Junior,36,Systems,Request,1 - Minor,2 - Medium,5,3 - Highly satisfied
4666,1493,2 - Regular,34,Systems,Request,2 - Normal,3 - High,8,0 - Unknown
4667,181,2 - Regular,18,Systems,Request,2 - Normal,0 - Unassigned,12,3 - Highly satisfied
4668,137,2 - Regular,40,Systems,Request,2 - Normal,2 - Medium,6,1 - Unsatisfied
4669,630,1 - Junior,12,Access/Login,Request,2 - Normal,0 - Unassigned,0,3 - Highly satisfied
4670,1090,4 - Management,41,Hardware,Request,2 - Normal,3 - High,10,2 - Satisfied
4671,1611,3 - Senior,3,Systems,Request,2 - Normal,3 - High,14,2 - Satisfied
4672,935,2 - Regular,19,Access/Login,Request,2 - Normal,0 - Unassigned,1,3 - Highly satisfied
4673,765,2 - Regular,13,Access/Login,Request,2 - Normal,0 - Unassigned,0,1 - Unsatisfied
4674,967,2 - Regular,14,Systems,Issue,2 - Normal,1 - Low,4,2 - Satisfied
4675,346,3 - Senior,30,Software,Request,2 - Normal,2 - Medium,5,2 - Satisfied
4676,996,2 - Regular,41,Systems,Issue,2 - Normal,0 - Unassigned,3,3 - Highly satisfied
4677,423,4 - Management,37,Software,Request,3 - Major,3 - High,7,0 - Unknown
4678,136,1 - Junior,28,Systems,Issue,2 - Normal,0 - Unassigned,12,0 - Unknown
4679,444,2 - Regular,22,Software,Issue,2 - Normal,3 - High,4,1 - Unsatisfied
4680,109,4 - Management,45,Software,Request,2 - Normal,3 - High,3,3 - Highly satisfied
4681,664,2 - Regular,34,Systems,Request,3 - Major,0 - Unassigned,6,0 - Unknown
4682,1374,3 - Senior,23,Systems,Request,2 - Normal,3 - High,6,3 - Highly satisfied
4683,975,4 - Management,28,Access/Login,Request,2 - Normal,3 - High,0,2 - Satisfied
4684,1823,4 - Management,27,Systems,Request,2 - Normal,0 - Unassigned,8,3 - Highly satisfied
4685,1694,3 - Senior,44,Systems,Issue,2 - Normal,1 - Low,7,1 - Unsatisfied
4686,861,4 - Management,39,Access/Login,Issue,2 - Normal,3 - High,0,1 - Unsatisfied
4687,1402,1 - Junior,31,Systems,Request,2 - Normal,1 - Low,8,3 - Highly satisfied
4688,1263,3 - Senior,40,Software,Issue,2 - Normal,3 - High,2,1 - Unsatisfied
4689,938,3 - Senior,18,Systems,Request,2 - Normal,0 - Unassigned,6,2 - Satisfied
4690,1006,4 - Management,14,Systems,Request,2 - Normal,2 - Medium,14,2 - Satisfied
4691,1038,2 - Regular,14,Software,Request,2 - Normal,3 - High,11,0 - Unknown
4692,389,2 - Regular,33,Systems,Request,2 - Normal,0 - Unassigned,7,3 - Highly satisfied
4693,48,4 - Management,7,Systems,Request,2 - Normal,0 - Unassigned,15,0 - Unknown
4694,127,4 - Management,11,Access/Login,Request,2 - Normal,3 - High,2,3 - Highly satisfied
4695,533,3 - Senior,13,Software,Request,2 - Normal,0 - Unassigned,10,1 - Unsatisfied
4696,980,4 - Management,48,Systems,Request,2 - Normal,3 - High,5,0 - Unknown
4697,202,4 - Management,31,Software,Issue,3 - Major,3 - High,2,0 - Unknown
4698,1818,2 - Regular,39,Access/Login,Request,2 - Normal,3 - High,1,1 - Unsatisfied
4699,867,3 - Senior,26,Systems,Issue,2 - Normal,3 - High,2,3 - Highly satisfied
4700,1389,2 - Regular,22,Access/Login,Request,2 - Normal,3 - High,2,0 - Unknown
4701,345,1 - Junior,18,Software,Request,3 - Major,0 - Unassigned,8,1 - Unsatisfied
4702,1608,2 - Regular,19,Systems,Request,2 - Normal,1 - Low,13,1 - Unsatisfied
4703,1025,3 - Senior,47,Access/Login,Request,2 - Normal,3 - High,0,0 - Unknown
4704,458,3 - Senior,19,Systems,Request,2 - Normal,3 - High,6,1 - Unsatisfied
4705,1383,1 - Junior,20,Software,Request,2 - Normal,1 - Low,7,1 - Unsatisfied
4706,932,4 - Management,5,Access/Login,Request,2 - Normal,3 - High,0,2 - Satisfied
4707,320,2 - Regular,25,Access/Login,Request,2 - Normal,1 - Low,0,2 - Satisfied
4708,316,4 - Management,7,Systems,Request,2 - Normal,3 - High,19,1 - Unsatisfied
4709,908,1 - Junior,12,Systems,Issue,2 - Normal,3 - High,1,0 - Unknown
4710,1874,1 - Junior,45,Hardware,Request,2 - Normal,2 - Medium,10,3 - Highly satisfied
4711,1298,2 - Regular,20,Access/Login,Issue,2 - Normal,1 - Low,0,1 - Unsatisfied
4712,1526,3 - Senior,18,Software,Request,2 - Normal,1 - Low,9,3 - Highly satisfied
4713,1928,3 - Senior,12,Software,Request,2 - Normal,3 - High,2,2 - Satisfied
4714,479,2 - Regular,21,Systems,Request,2 - Normal,1 - Low,6,3 - Highly satisfied
4715,1726,3 - Senior,9,Systems,Request,2 - Normal,3 - High,5,3 - Highly satisfied
4716,987,1 - Junior,23,Access/Login,Request,2 - Normal,2 - Medium,1,2 - Satisfied
4717,1968,1 - Junior,39,Systems,Issue,2 - Normal,2 - Medium,3,1 - Unsatisfied
4718,324,2 - Regular,23,Software,Request,3 - Major,2 - Medium,7,3 - Highly satisfied
4719,947,3 - Senior,22,Access/Login,Issue,2 - Normal,0 - Unassigned,1,1 - Unsatisfied
4720,1255,1 - Junior,29,Access/Login,Request,0 - Unclassified,3 - High,0,0 - Unknown
4721,1606,4 - Management,36,Software,Request,2 - Normal,3 - High,3,3 - Highly satisfied
4722,188,2 - Regular,2,Software,Request,2 - Normal,0 - Unassigned,6,2 - Satisfied
4723,772,3 - Senior,36,Access/Login,Request,2 - Normal,3 - High,0,3 - Highly satisfied
4724,1730,1 - Junior,29,Hardware,Request,2 - Normal,0 - Unassigned,11,3 - Highly satisfied
4725,1898,2 - Regular,5,Systems,Issue,2 - Normal,3 - High,2,2 - Satisfied
4726,619,1 - Junior,8,Systems,Request,2 - Normal,1 - Low,8,3 - Highly satisfied
4727,1913,2 - Regular,28,Software,Request,2 - Normal,0 - Unassigned,14,1 - Unsatisfied
4728,1641,2 - Regular,36,Access/Login,Issue,2 - Normal,0 - Unassigned,0,3 - Highly satisfied
4729,1295,4 - Management,37,Access/Login,Request,2 - Normal,3 - High,0,3 - Highly satisfied
4730,284,2 - Regular,44,Software,Request,3 - Major,1 - Low,6,3 - Highly satisfied
4731,1478,2 - Regular,32,Access/Login,Request,2 - Normal,2 - Medium,0,2 - Satisfied
4732,988,2 - Regular,34,Access/Login,Issue,2 - Normal,2 - Medium,1,3 - Highly satisfied
4733,1130,2 - Regular,16,Access/Login,Request,2 - Normal,3 - High,0,3 - Highly satisfied
4734,512,1 - Junior,42,Hardware,Request,2 - Normal,3 - High,12,3 - Highly satisfied
4735,1977,1 - Junior,48,Systems,Request,2 - Normal,1 - Low,14,2 - Satisfied
4736,546,3 - Senior,26,Hardware,Issue,2 - Normal,0 - Unassigned,7,0 - Unknown
4737,1460,4 - Management,35,Systems,Request,2 - Normal,0 - Unassigned,15,2 - Satisfied
4738,109,4 - Management,21,Systems,Request,1 - Minor,0 - Unassigned,6,3 - Highly satisfied
4739,1520,4 - Management,43,Systems,Request,2 - Normal,0 - Unassigned,6,3 - Highly satisfied
4740,1880,2 - Regular,26,Access/Login,Issue,2 - Normal,2 - Medium,0,3 - Highly satisfied
4741,1538,4 - Management,21,Systems,Issue,2 - Normal,3 - High,2,3 - Highly satisfied
4742,1743,3 - Senior,45,Access/Login,Request,2 - Normal,0 - Unassigned,0,3 - Highly satisfied
4743,1551,3 - Senior,24,Systems,Request,2 - Normal,2 - Medium,14,0 - Unknown
4744,235,3 - Senior,15,Systems,Request,2 - Normal,3 - High,5,3 - Highly satisfied
4745,1479,2 - Regular,32,Software,Request,2 - Normal,2 - Medium,3,2 - Satisfied
4746,599,2 - Regular,48,Hardware,Issue,2 - Normal,3 - High,11,2 - Satisfied
4747,1001,3 - Senior,15,Access/Login,Request,2 - Normal,1 - Low,0,0 - Unknown
4748,1034,2 - Regular,12,Access/Login,Request,2 - Normal,1 - Low,0,2 - Satisfied
4749,1664,2 - Regular,13,Systems,Issue,1 - Minor,2 - Medium,5,1 - Unsatisfied
4750,327,2 - Regular,14,Systems,Request,2 - Normal,3 - High,6,0 - Unknown
4751,542,3 - Senior,12,Systems,Request,2 - Normal,0 - Unassigned,8,0 - Unknown
4752,1702,4 - Management,37,Software,Issue,1 - Minor,3 - High,1,3 - Highly satisfied
4753,126,1 - Junior,37,Access/Login,Request,2 - Normal,1 - Low,1,3 - Highly satisfied
4754,339,2 - Regular,33,Hardware,Request,2 - Normal,2 - Medium,22,0 - Unknown
4755,624,1 - Junior,13,Systems,Request,2 - Normal,1 - Low,16,1 - Unsatisfied
4756,1509,3 - Senior,22,Systems,Request,2 - Normal,3 - High,17,2 - Satisfied
4757,1112,2 - Regular,27,Software,Issue,2 - Normal,2 - Medium,6,0 - Unknown
4758,1951,2 - Regular,9,Systems,Request,2 - Normal,2 - Medium,8,2 - Satisfied
4759,1953,2 - Regular,38,Systems,Request,2 - Normal,1 - Low,14,3 - Highly satisfied
4760,601,2 - Regular,29,Software,Request,3 - Major,3 - High,4,3 - Highly satisfied
4761,1203,3 - Senior,13,Access/Login,Issue,2 - Normal,3 - High,1,1 - Unsatisfied
4762,379,1 - Junior,17,Systems,Request,1 - Minor,0 - Unassigned,8,2 - Satisfied
4763,1730,1 - Junior,37,Systems,Request,2 - Normal,0 - Unassigned,7,2 - Satisfied
4764,84,2 - Regular,38,Systems,Issue,2 - Normal,2 - Medium,2,3 - Highly satisfied
4765,885,3 - Senior,3,Systems,Request,2 - Normal,3 - High,15,0 - Unknown
4766,810,3 - Senior,36,Access/Login,Request,2 - Normal,3 - High,0,1 - Unsatisfied
4767,902,4 - Management,17,Access/Login,Request,2 - Normal,3 - High,0,3 - Highly satisfied
4768,1235,2 - Regular,18,Access/Login,Issue,2 - Normal,1 - Low,3,3 - Highly satisfied
4769,1054,2 - Regular,34,Systems,Request,2 - Normal,1 - Low,7,3 - Highly satisfied
4770,1982,3 - Senior,40,Systems,Issue,2 - Normal,2 - Medium,10,3 - Highly satisfied
4771,435,4 - Management,33,Access/Login,Request,2 - Normal,3 - High,0,0 - Unknown
4772,1984,2 - Regular,23,Hardware,Issue,2 - Normal,0 - Unassigned,19,0 - Unknown
4773,1746,3 - Senior,30,Access/Login,Request,2 - Normal,2 - Medium,0,2 - Satisfied
4774,967,2 - Regular,42,Access/Login,Request,2 - Normal,0 - Unassigned,0,2 - Satisfied
4775,591,2 - Regular,32,Software,Request,2 - Normal,1 - Low,18,0 - Unknown
4776,821,1 - Junior,34,Access/Login,Request,2 - Normal,0 - Unassigned,0,3 - Highly satisfied
4777,1452,1 - Junior,29,Systems,Request,2 - Normal,1 - Low,10,2 - Satisfied
4778,997,2 - Regular,15,Systems,Request,2 - Normal,0 - Unassigned,6,0 - Unknown
4779,15,4 - Management,7,Software,Issue,2 - Normal,3 - High,8,1 - Unsatisfied
4780,1432,2 - Regular,40,Systems,Request,2 - Normal,3 - High,6,3 - Highly satisfied
4781,1877,4 - Management,1,Hardware,Request,2 - Normal,0 - Unassigned,35,3 - Highly satisfied
4782,744,2 - Regular,41,Hardware,Issue,2 - Normal,3 - High,10,0 - Unknown
4783,1650,1 - Junior,11,Systems,Request,2 - Normal,3 - High,5,0 - Unknown
4784,1706,2 - Regular,16,Systems,Request,2 - Normal,0 - Unassigned,6,3 - Highly satisfied
4785,1666,1 - Junior,38,Systems,Request,2 - Normal,2 - Medium,14,1 - Unsatisfied
4786,1788,3 - Senior,21,Access/Login,Issue,2 - Normal,3 - High,0,3 - Highly satisfied
4787,1256,4 - Management,38,Access/Login,Request,2 - Normal,3 - High,0,2 - Satisfied
4788,1763,3 - Senior,26,Access/Login,Request,3 - Major,3 - High,1,0 - Unknown
4789,919,2 - Regular,47,Software,Issue,2 - Normal,1 - Low,0,2 - Satisfied
4790,364,3 - Senior,35,Systems,Request,2 - Normal,3 - High,5,0 - Unknown
4791,1808,2 - Regular,19,Systems,Request,0 - Unclassified,2 - Medium,6,3 - Highly satisfied
4792,943,3 - Senior,48,Systems,Request,2 - Normal,2 - Medium,17,0 - Unknown
4793,1030,3 - Senior,11,Systems,Issue,2 - Normal,3 - High,3,0 - Unknown
4794,1927,2 - Regular,38,Hardware,Request,2 - Normal,3 - High,10,0 - Unknown
4795,1786,1 - Junior,36,Systems,Request,3 - Major,1 - Low,24,0 - Unknown
4796,587,1 - Junior,41,Systems,Request,2 - Normal,2 - Medium,13,0 - Unknown
4797,651,4 - Management,26,Software,Issue,4 - Critical,3 - High,4,3 - Highly satisfied
4798,36,4 - Management,3,Software,Request,2 - Normal,3 - High,13,1 - Unsatisfied
4799,1969,3 - Senior,7,Systems,Request,2 - Normal,0 - Unassigned,13,2 - Satisfied
4800,1325,3 - Senior,44,Access/Login,Issue,2 - Normal,0 - Unassigned,0,0 - Unknown
4801,906,4 - Management,14,Access/Login,Request,2 - Normal,3 - High,1,3 - Highly satisfied
4802,1212,4 - Management,29,Systems,Request,3 - Major,0 - Unassigned,5,1 - Unsatisfied
4803,1362,2 - Regular,10,Systems,Request,2 - Normal,2 - Medium,7,3 - Highly satisfied
4804,1343,2 - Regular,44,Systems,Request,2 - Normal,3 - High,8,1 - Unsatisfied
4805,1271,2 - Regular,5,Software,Request,2 - Normal,2 - Medium,17,0 - Unknown
4806,344,4 - Management,23,Software,Request,2 - Normal,0 - Unassigned,3,1 - Unsatisfied
4807,46,4 - Management,30,Software,Request,2 - Normal,3 - High,3,3 - Highly satisfied
4808,1329,3 - Senior,50,Systems,Request,2 - Normal,0 - Unassigned,16,1 - Unsatisfied
4809,563,3 - Senior,12,Systems,Request,2 - Normal,1 - Low,9,3 - Highly satisfied
4810,662,2 - Regular,13,Software,Issue,0 - Unclassified,2 - Medium,5,2 - Satisfied
4811,1636,4 - Management,1,Access/Login,Request,2 - Normal,3 - High,1,2 - Satisfied
4812,245,1 - Junior,45,Systems,Request,2 - Normal,1 - Low,6,0 - Unknown
4813,561,3 - Senior,49,Software,Request,2 - Normal,2 - Medium,15,1 - Unsatisfied
4814,1035,1 - Junior,44,Systems,Request,2 - Normal,0 - Unassigned,19,0 - Unknown
4815,8,2 - Regular,2,Hardware,Request,3 - Major,0 - Unassigned,12,3 - Highly satisfied
4816,216,4 - Management,26,Systems,Request,2 - Normal,3 - High,15,2 - Satisfied
4817,775,2 - Regular,47,Access/Login,Request,3 - Major,3 - High,0,3 - Highly satisfied
4818,455,2 - Regular,37,Systems,Request,2 - Normal,2 - Medium,7,1 - Unsatisfied
4819,1447,4 - Management,28,Systems,Issue,2 - Normal,0 - Unassigned,8,2 - Satisfied
4820,677,4 - Management,9,Hardware,Request,2 - Normal,0 - Unassigned,29,3 - Highly satisfied
4821,141,3 - Senior,23,Access/Login,Request,3 - Major,0 - Unassigned,0,2 - Satisfied
4822,1830,3 - Senior,47,Systems,Request,2 - Normal,3 - High,6,3 - Highly satisfied
4823,400,1 - Junior,13,Systems,Issue,2 - Normal,2 - Medium,13,0 - Unknown
4824,516,1 - Junior,48,Access/Login,Issue,2 - Normal,3 - High,0,0 - Unknown
4825,1228,4 - Management,5,Software,Request,2 - Normal,0 - Unassigned,5,2 - Satisfied
4826,635,1 - Junior,44,Systems,Request,2 - Normal,3 - High,5,0 - Unknown
4827,1398,4 - Management,20,Systems,Request,2 - Normal,3 - High,7,0 - Unknown
4828,554,2 - Regular,49,Systems,Request,2 - Normal,0 - Unassigned,10,1 - Unsatisfied
4829,1607,1 - Junior,5,Access/Login,Request,2 - Normal,2 - Medium,1,3 - Highly satisfied
4830,1360,4 - Management,30,Systems,Request,1 - Minor,0 - Unassigned,9,1 - Unsatisfied
4831,168,4 - Management,22,Hardware,Request,2 - Normal,3 - High,26,2 - Satisfied
4832,1074,2 - Regular,4,Access/Login,Issue,2 - Normal,0 - Unassigned,0,3 - Highly satisfied
4833,1005,2 - Regular,41,Systems,Request,2 - Normal,1 - Low,20,0 - Unknown
4834,388,3 - Senior,8,Software,Request,2 - Normal,0 - Unassigned,3,3 - Highly satisfied
4835,1201,1 - Junior,10,Access/Login,Request,2 - Normal,0 - Unassigned,0,1 - Unsatisfied
4836,328,2 - Regular,4,Systems,Request,2 - Normal,2 - Medium,24,0 - Unknown
4837,839,4 - Management,21,Systems,Request,2 - Normal,3 - High,8,0 - Unknown
4838,1887,4 - Management,13,Hardware,Request,2 - Normal,0 - Unassigned,32,1 - Unsatisfied
4839,492,3 - Senior,13,Software,Request,2 - Normal,3 - High,12,2 - Satisfied
4840,759,1 - Junior,30,Systems,Request,2 - Normal,1 - Low,12,0 - Unknown
4841,1982,3 - Senior,25,Access/Login,Request,2 - Normal,3 - High,0,3 - Highly satisfied
4842,1037,1 - Junior,38,Software,Issue,2 - Normal,1 - Low,4,2 - Satisfied
4843,1538,4 - Management,48,Hardware,Request,2 - Normal,3 - High,10,3 - Highly satisfied
4844,1406,3 - Senior,35,Access/Login,Request,2 - Normal,3 - High,0,3 - Highly satisfied
4845,1281,2 - Regular,21,Systems,Request,2 - Normal,3 - High,5,3 - Highly satisfied
4846,1834,2 - Regular,6,Access/Login,Issue,2 - Normal,0 - Unassigned,1,1 - Unsatisfied
4847,955,1 - Junior,25,Software,Issue,2 - Normal,0 - Unassigned,9,3 - Highly satisfied
4848,877,2 - Regular,26,Hardware,Request,2 - Normal,3 - High,19,2 - Satisfied
4849,617,1 - Junior,23,Access/Login,Issue,2 - Normal,2 - Medium,0,2 - Satisfied
4850,2000,2 - Regular,33,Systems,Issue,3 - Major,2 - Medium,3,2 - Satisfied
4851,464,2 - Regular,17,Access/Login,Request,2 - Normal,3 - High,0,3 - Highly satisfied
4852,1414,1 - Junior,38,Software,Issue,2 - Normal,1 - Low,2,3 - Highly satisfied
4853,1801,3 - Senior,35,Systems,Request,2 - Normal,0 - Unassigned,9,3 - Highly satisfied
4854,1800,2 - Regular,47,Software,Request,2 - Normal,3 - High,4,0 - Unknown
4855,826,1 - Junior,50,Access/Login,Issue,2 - Normal,1 - Low,0,1 - Unsatisfied
4856,338,1 - Junior,5,Systems,Request,2 - Normal,2 - Medium,10,3 - Highly satisfied
4857,1900,4 - Management,31,Software,Issue,3 - Major,3 - High,2,3 - Highly satisfied
4858,1109,3 - Senior,30,Access/Login,Request,2 - Normal,2 - Medium,1,2 - Satisfied
4859,1987,1 - Junior,47,Systems,Request,2 - Normal,3 - High,6,2 - Satisfied
4860,236,2 - Regular,3,Hardware,Request,2 - Normal,3 - High,26,0 - Unknown
4861,1184,1 - Junior,40,Systems,Request,2 - Normal,0 - Unassigned,24,3 - Highly satisfied
4862,30,2 - Regular,22,Systems,Request,2 - Normal,1 - Low,15,1 - Unsatisfied
4863,816,3 - Senior,33,Software,Request,2 - Normal,3 - High,3,3 - Highly satisfied
4864,1014,1 - Junior,20,Software,Request,3 - Major,0 - Unassigned,7,0 - Unknown
4865,1105,2 - Regular,30,Systems,Request,2 - Normal,3 - High,5,0 - Unknown
4866,1773,2 - Regular,27,Systems,Request,2 - Normal,3 - High,8,3 - Highly satisfied
4867,701,1 - Junior,13,Access/Login,Request,2 - Normal,2 - Medium,2,1 - Unsatisfied
4868,1687,1 - Junior,28,Access/Login,Issue,2 - Normal,0 - Unassigned,0,1 - Unsatisfied
4869,1901,2 - Regular,27,Software,Issue,2 - Normal,3 - High,0,3 - Highly satisfied
4870,1102,1 - Junior,4,Systems,Issue,2 - Normal,3 - High,3,0 - Unknown
4871,1013,4 - Management,18,Software,Request,2 - Normal,3 - High,3,1 - Unsatisfied
4872,486,4 - Management,48,Software,Request,2 - Normal,3 - High,5,2 - Satisfied
4873,147,2 - Regular,16,Access/Login,Request,2 - Normal,0 - Unassigned,0,3 - Highly satisfied
4874,278,2 - Regular,22,Hardware,Request,1 - Minor,3 - High,19,0 - Unknown
4875,1167,2 - Regular,38,Systems,Issue,2 - Normal,1 - Low,6,1 - Unsatisfied
4876,508,3 - Senior,4,Access/Login,Request,2 - Normal,2 - Medium,1,0 - Unknown
4877,252,3 - Senior,38,Software,Request,2 - Normal,3 - High,2,3 - Highly satisfied
4878,1277,3 - Senior,44,Systems,Request,2 - Normal,3 - High,6,1 - Unsatisfied
4879,407,3 - Senior,17,Software,Request,2 - Normal,3 - High,5,3 - Highly satisfied
4880,230,2 - Regular,8,Software,Request,2 - Normal,3 - High,3,3 - Highly satisfied
4881,1415,2 - Regular,35,Systems,Issue,2 - Normal,0 - Unassigned,2,3 - Highly satisfied
4882,963,1 - Junior,7,Systems,Request,2 - Normal,1 - Low,14,2 - Satisfied
4883,1083,1 - Junior,5,Access/Login,Issue,2 - Normal,0 - Unassigned,0,0 - Unknown
4884,1318,4 - Management,19,Software,Issue,2 - Normal,3 - High,1,2 - Satisfied
4885,1525,3 - Senior,6,Systems,Request,2 - Normal,3 - High,29,0 - Unknown
4886,893,4 - Management,19,Access/Login,Request,2 - Normal,3 - High,1,2 - Satisfied
4887,980,4 - Management,39,Systems,Issue,2 - Normal,2 - Medium,4,1 - Unsatisfied
4888,293,4 - Management,50,Access/Login,Request,2 - Normal,3 - High,1,0 - Unknown
4889,773,2 - Regular,19,Systems,Request,2 - Normal,0 - Unassigned,28,3 - Highly satisfied
4890,75,2 - Regular,27,Systems,Request,3 - Major,3 - High,9,0 - Unknown
4891,1676,3 - Senior,9,Systems,Issue,2 - Normal,3 - High,1,3 - Highly satisfied
4892,1613,3 - Senior,25,Systems,Request,2 - Normal,0 - Unassigned,15,2 - Satisfied
4893,958,4 - Management,40,Systems,Request,2 - Normal,3 - High,5,3 - Highly satisfied
4894,1011,2 - Regular,35,Systems,Request,2 - Normal,1 - Low,14,0 - Unknown
4895,683,4 - Management,32,Access/Login,Request,2 - Normal,3 - High,0,0 - Unknown
4896,938,3 - Senior,8,Systems,Issue,1 - Minor,3 - High,3,2 - Satisfied
4897,1576,2 - Regular,14,Access/Login,Request,2 - Normal,0 - Unassigned,0,2 - Satisfied
4898,679,2 - Regular,18,Systems,Request,2 - Normal,0 - Unassigned,6,1 - Unsatisfied
4899,589,2 - Regular,30,Access/Login,Request,2 - Normal,3 - High,0,3 - Highly satisfied
4900,1720,3 - Senior,30,Access/Login,Request,2 - Normal,1 - Low,1,3 - Highly satisfied
4901,1711,4 - Management,10,Access/Login,Request,2 - Normal,2 - Medium,0,2 - Satisfied
4902,263,3 - Senior,34,Systems,Request,3 - Major,3 - High,5,3 - Highly satisfied
4903,384,1 - Junior,27,Software,Request,2 - Normal,3 - High,4,3 - Highly satisfied
4904,219,4 - Management,7,Software,Request,3 - Major,0 - Unassigned,14,2 - Satisfied
4905,1221,3 - Senior,39,Access/Login,Request,2 - Normal,2 - Medium,0,1 - Unsatisfied
4906,1304,2 - Regular,39,Systems,Issue,2 - Normal,0 - Unassigned,7,3 - Highly satisfied
4907,1636,4 - Management,43,Hardware,Issue,2 - Normal,3 - High,5,2 - Satisfied
4908,1445,2 - Regular,24,Systems,Request,2 - Normal,3 - High,7,1 - Unsatisfied
4909,1005,2 - Regular,28,Systems,Request,2 - Normal,1 - Low,20,1 - Unsatisfied
4910,1348,4 - Management,2,Systems,Issue,4 - Critical,3 - High,4,0 - Unknown
4911,1463,3 - Senior,10,Access/Login,Request,2 - Normal,3 - High,0,1 - Unsatisfied
4912,1404,2 - Regular,14,Hardware,Request,2 - Normal,1 - Low,27,0 - Unknown
4913,913,3 - Senior,46,Access/Login,Issue,2 - Normal,0 - Unassigned,0,1 - Unsatisfied
4914,354,2 - Regular,44,Systems,Issue,2 - Normal,3 - High,3,1 - Unsatisfied
4915,820,2 - Regular,28,Systems,Request,2 - Normal,1 - Low,21,2 - Satisfied
4916,1507,2 - Regular,43,Access/Login,Request,2 - Normal,0 - Unassigned,0,3 - Highly satisfied
4917,883,1 - Junior,49,Systems,Issue,2 - Normal,3 - High,3,1 - Unsatisfied
4918,1647,1 - Junior,1,Software,Request,2 - Normal,1 - Low,9,1 - Unsatisfied
4919,231,4 - Management,25,Software,Request,2 - Normal,0 - Unassigned,6,2 - Satisfied
4920,1861,1 - Junior,7,Hardware,Issue,2 - Normal,2 - Medium,13,0 - Unknown
4921,970,2 - Regular,13,Access/Login,Request,2 - Normal,0 - Unassigned,0,1 - Unsatisfied
4922,1305,2 - Regular,47,Systems,Request,2 - Normal,3 - High,6,3 - Highly satisfied
4923,1936,2 - Regular,48,Access/Login,Issue,2 - Normal,1 - Low,0,2 - Satisfied
4924,1208,4 - Management,16,Systems,Request,2 - Normal,3 - High,6,0 - Unknown
4925,776,3 - Senior,31,Systems,Request,2 - Normal,0 - Unassigned,7,2 - Satisfied
4926,1843,2 - Regular,50,Systems,Request,2 - Normal,0 - Unassigned,14,0 - Unknown
4927,1036,3 - Senior,41,Systems,Request,2 - Normal,0 - Unassigned,8,0 - Unknown
4928,1765,2 - Regular,28,Systems,Request,2 - Normal,1 - Low,23,0 - Unknown
4929,464,2 - Regular,28,Systems,Request,2 - Normal,3 - High,13,0 - Unknown
4930,1805,4 - Management,7,Software,Issue,1 - Minor,3 - High,1,0 - Unknown
4931,1469,1 - Junior,23,Hardware,Request,2 - Normal,1 - Low,27,3 - Highly satisfied
4932,480,4 - Management,30,Access/Login,Request,2 - Normal,0 - Unassigned,0,2 - Satisfied
4933,1724,1 - Junior,26,Software,Issue,2 - Normal,1 - Low,9,0 - Unknown
4934,1872,1 - Junior,15,Systems,Request,2 - Normal,0 - Unassigned,5,0 - Unknown
4935,335,4 - Management,14,Hardware,Issue,2 - Normal,3 - High,8,1 - Unsatisfied
4936,107,2 - Regular,14,Access/Login,Issue,2 - Normal,2 - Medium,0,0 - Unknown
4937,1811,1 - Junior,1,Access/Login,Issue,4 - Critical,1 - Low,0,1 - Unsatisfied
4938,1257,4 - Management,48,Access/Login,Issue,3 - Major,3 - High,0,3 - Highly satisfied
4939,1969,3 - Senior,6,Systems,Request,3 - Major,0 - Unassigned,18,2 - Satisfied
4940,470,2 - Regular,18,Software,Request,2 - Normal,1 - Low,9,3 - Highly satisfied
4941,1053,2 - Regular,25,Systems,Request,2 - Normal,0 - Unassigned,20,0 - Unknown
4942,1070,3 - Senior,2,Systems,Request,2 - Normal,0 - Unassigned,6,0 - Unknown
4943,1701,1 - Junior,15,Systems,Request,2 - Normal,3 - High,6,0 - Unknown
4944,419,4 - Management,5,Software,Issue,2 - Normal,3 - High,1,1 - Unsatisfied
4945,1836,4 - Management,28,Access/Login,Issue,2 - Normal,3 - High,1,0 - Unknown
4946,662,2 - Regular,24,Hardware,Issue,2 - Normal,3 - High,5,3 - Highly satisfied
4947,314,3 - Senior,41,Access/Login,Request,2 - Normal,3 - High,0,1 - Unsatisfied
4948,1681,2 - Regular,13,Software,Request,2 - Normal,3 - High,9,0 - Unknown
4949,453,2 - Regular,7,Access/Login,Request,2 - Normal,0 - Unassigned,1,3 - Highly satisfied
4950,379,1 - Junior,32,Systems,Request,2 - Normal,3 - High,14,3 - Highly satisfied
4951,1207,1 - Junior,31,Systems,Request,2 - Normal,0 - Unassigned,10,3 - Highly satisfied
4952,713,4 - Management,50,Software,Request,2 - Normal,3 - High,15,1 - Unsatisfied
4953,644,4 - Management,48,Access/Login,Issue,2 - Normal,0 - Unassigned,0,3 - Highly satisfied
4954,352,2 - Regular,19,Access/Login,Issue,2 - Normal,3 - High,0,3 - Highly satisfied
4955,1322,2 - Regular,36,Access/Login,Request,2 - Normal,1 - Low,0,2 - Satisfied
4956,1533,2 - Regular,19,Systems,Issue,2 - Normal,2 - Medium,11,3 - Highly satisfied
4957,1614,2 - Regular,24,Software,Request,2 - Normal,3 - High,5,3 - Highly satisfied
4958,519,3 - Senior,42,Access/Login,Issue,3 - Major,3 - High,0,3 - Highly satisfied
4959,1322,2 - Regular,43,Access/Login,Request,2 - Normal,0 - Unassigned,0,3 - Highly satisfied
4960,1947,3 - Senior,41,Access/Login,Request,2 - Normal,3 - High,0,1 - Unsatisfied
4961,237,1 - Junior,47,Access/Login,Request,2 - Normal,0 - Unassigned,0,0 - Unknown
4962,1523,4 - Management,4,Access/Login,Issue,2 - Normal,1 - Low,1,2 - Satisfied
4963,1099,2 - Regular,10,Systems,Request,2 - Normal,2 - Medium,5,2 - Satisfied
4964,1748,2 - Regular,29,Systems,Request,2 - Normal,3 - High,7,2 - Satisfied
4965,1791,4 - Management,35,Hardware,Request,2 - Normal,0 - Unassigned,14,0 - Unknown
4966,1155,1 - Junior,34,Access/Login,Request,2 - Normal,0 - Unassigned,0,0 - Unknown
4967,470,2 - Regular,29,Hardware,Request,2 - Normal,0 - Unassigned,14,3 - Highly satisfied
4968,988,2 - Regular,27,Systems,Request,2 - Normal,0 - Unassigned,6,3 - Highly satisfied
4969,1544,2 - Regular,3,Software,Request,2 - Normal,0 - Unassigned,12,0 - Unknown
4970,1648,3 - Senior,26,Systems,Request,2 - Normal,0 - Unassigned,5,3 - Highly satisfied
4971,834,1 - Junior,46,Systems,Request,3 - Major,0 - Unassigned,26,0 - Unknown
4972,159,3 - Senior,3,Systems,Request,2 - Normal,2 - Medium,17,1 - Unsatisfied
4973,1961,4 - Management,34,Software,Request,1 - Minor,3 - High,3,0 - Unknown
4974,1550,4 - Management,21,Systems,Request,2 - Normal,3 - High,5,3 - Highly satisfied
4975,1049,3 - Senior,36,Access/Login,Request,2 - Normal,0 - Unassigned,0,3 - Highly satisfied
4976,1957,2 - Regular,42,Hardware,Request,2 - Normal,3 - High,11,0 - Unknown
4977,524,2 - Regular,12,Access/Login,Request,2 - Normal,0 - Unassigned,0,1 - Unsatisfied
4978,1092,2 - Regular,11,Hardware,Issue,2 - Normal,0 - Unassigned,16,0 - Unknown
4979,1867,3 - Senior,27,Systems,Request,2 - Normal,3 - High,5,0 - Unknown
4980,1123,2 - Regular,15,Systems,Request,2 - Normal,1 - Low,6,2 - Satisfied
4981,897,2 - Regular,36,Systems,Request,2 - Normal,1 - Low,14,2 - Satisfied
4982,136,1 - Junior,46,Access/Login,Issue,2 - Normal,1 - Low,0,1 - Unsatisfied
4983,237,1 - Junior,23,Software,Request,2 - Normal,0 - Unassigned,15,0 - Unknown
4984,451,4 - Management,43,Hardware,Issue,2 - Normal,2 - Medium,6,0 - Unknown
4985,1409,3 - Senior,38,Software,Request,2 - Normal,2 - Medium,5,2 - Satisfied
4986,492,3 - Senior,50,Software,Request,1 - Minor,2 - Medium,7,1 - Unsatisfied
4987,1966,2 - Regular,28,Access/Login,Issue,3 - Major,0 - Unassigned,3,3 - Highly satisfied
4988,1119,2 - Regular,43,Systems,Issue,2 - Normal,0 - Unassigned,3,1 - Unsatisfied
4989,1693,4 - Management,2,Access/Login,Request,2 - Normal,3 - High,0,0 - Unknown
4990,1233,4 - Management,40,Access/Login,Request,2 - Normal,3 - High,0,2 - Satisfied
4991,1347,2 - Regular,9,Access/Login,Issue,2 - Normal,3 - High,0,1 - Unsatisfied
4992,1898,2 - Regular,16,Systems,Request,2 - Normal,0 - Unassigned,5,1 - Unsatisfied
4993,33,4 - Management,18,Systems,Request,2 - Normal,0 - Unassigned,11,3 - Highly satisfied
4994,144,1 - Junior,33,Software,Issue,2 - Normal,1 - Low,7,0 - Unknown
4995,1638,2 - Regular,47,Software,Request,3 - Major,3 - High,6,3 - Highly satisfied
4996,1407,4 - Management,39,Access/Login,Request,2 - Normal,3 - High,1,0 - Unknown
4997,533,3 - Senior,14,Systems,Request,2 - Normal,3 - High,12,1 - Unsatisfied
4998,1399,2 - Regular,48,Software,Issue,2 - Normal,2 - Medium,1,2 - Satisfied
4999,231,4 - Management,43,Systems,Request,2 - Normal,0 - Unassigned,7,3 - Highly satisfied
5000,349,2 - Regular,9,Access/Login,Request,2 - Normal,1 - Low,0,3 - Highly satisfied
