credit.policy,purpose,int.rate,installment,log.annual.inc,dti,fico,days.with.cr.line,revol.bal,revol.util,inq.last.6mths,delinq.2yrs,pub.rec,label
1,debt_consolidation,0.1189,829.1,11.35040654,19.48,737,5639.958333,28854,52.1,0,0,0,0
1,credit_card,0.1071,228.22,11.08214255,14.29,707,2760.0,33623,76.7,0,0,0,0
1,debt_consolidation,0.1357,366.86,10.37349118,11.63,682,4710.0,3511,25.6,1,0,0,0
1,debt_consolidation,0.1008,162.34,11.35040654,8.1,712,2699.958333,33667,73.2,1,0,0,0
1,credit_card,0.1426,102.92,11.29973224,14.97,667,4066.0,4740,39.5,0,1,0,0
1,credit_card,0.0788,125.13,11.90496755,16.98,727,6120.041667,50807,51.0,0,0,0,0
1,debt_consolidation,0.1496,194.02,10.71441777,4.0,667,3180.041667,3839,76.8,0,0,1,1
1,all_other,0.1114,131.22,11.00209984,11.08,722,5116.0,24220,68.6,0,0,0,1
1,home_improvement,0.1134,87.19,11.40756495,17.25,682,3989.0,69909,51.1,1,0,0,0
1,debt_consolidation,0.1221,84.12,10.20359214,10.0,707,2730.041667,5630,23.0,1,0,0,0
1,debt_consolidation,0.1347,360.43,10.4341158,22.09,677,6713.041667,13846,71.0,2,0,1,0
1,debt_consolidation,0.1324,253.58,11.83500896,9.16,662,4298.0,5122,18.2,2,1,0,0
1,debt_consolidation,0.0859,316.11,10.93310697,15.49,767,6519.958333,6068,16.7,0,0,0,0
1,small_business,0.0714,92.82,11.51292546,6.5,747,4384.0,3021,4.8,0,1,0,0
1,debt_consolidation,0.0863,209.54,9.487972109,9.73,727,1559.958333,6282,44.6,0,0,0,0
1,major_purchase,0.1103,327.53,10.73891524,13.04,702,8159.958333,5394,53.4,1,0,0,0
1,all_other,0.1317,77.69,10.52277288,2.26,672,3895.958333,2211,88.4,0,0,0,0
1,credit_card,0.0894,476.58,11.60823564,7.07,797,6510.958333,7586,52.7,1,0,0,0
1,debt_consolidation,0.1039,584.12,10.49127422,3.8,712,2760.0,8311,59.8,0,0,0,0
1,major_purchase,0.1513,173.65,11.00209984,2.74,667,1126.958333,591,84.4,3,0,0,0
1,all_other,0.08,188.02,11.22524339,16.08,772,4888.958333,29797,23.2,1,0,0,0
1,all_other,0.0863,474.42,10.81977828,2.59,797,11951.0,5656,27.6,0,0,0,0
1,credit_card,0.1355,339.6,11.51292546,7.94,662,1939.958333,21162,57.7,0,0,0,0
1,credit_card,0.0788,484.85,11.73606902,7.05,782,5640.041667,16931,34.6,1,0,0,0
1,debt_consolidation,0.1229,320.19,11.26446411,8.8,672,3760.958333,4822,58.1,0,0,1,0
1,all_other,0.0901,159.03,12.4292162,10.0,712,1553.958333,14354,36.6,0,2,0,0
1,all_other,0.0743,155.38,11.08214255,0.28,802,4649.958333,1576,5.7,1,0,0,0
1,debt_consolidation,0.1375,255.43,9.998797732,14.29,662,1318.958333,4175,51.5,0,1,0,0
1,all_other,0.0743,155.38,12.20607265,0.28,772,4516.958333,3164,13.7,0,0,0,0
1,all_other,0.0743,155.38,12.20607265,3.72,812,6778.958333,85607,0.7,0,0,0,0
1,debt_consolidation,0.0807,156.84,11.51292546,2.3,742,3148.958333,9698,19.4,0,0,0,0
1,credit_card,0.1028,275.38,9.798127037,6.4,692,7469.958333,8847,26.9,1,1,0,0
1,home_improvement,0.0743,155.38,11.91839057,0.0,777,7128.958333,6053,19.5,0,0,0,0
1,home_improvement,0.0807,78.42,11.60823564,11.33,762,6059.958333,7274,13.1,0,0,0,0
1,credit_card,0.087,158.3,11.22524339,15.55,757,4770.0,66033,23.0,0,0,0,0
1,all_other,0.0743,155.38,11.46163217,3.83,772,2535.0,3660,6.8,0,0,0,0
1,credit_card,0.0743,155.38,11.35040654,0.31,787,3540.0,216,0.6,0,0,0,0
1,credit_card,0.1122,164.23,11.28978191,1.21,672,3990.0,27185,16.1,3,0,1,0
1,debt_consolidation,0.0996,161.25,10.77895629,8.03,707,4320.0,28329,48.6,1,0,0,0
1,home_improvement,0.0933,159.77,12.10071213,11.93,717,4498.958333,60568,39.2,1,0,0,0
1,home_improvement,0.0807,156.84,12.10071213,5.55,742,4019.0,40934,26.3,0,0,0,0
1,debt_consolidation,0.0743,155.38,11.69524702,2.29,777,3540.0,8379,16.9,0,0,0,0
1,small_business,0.087,94.98,10.1266311,14.54,752,2460.0,3660,7.8,1,0,0,0
1,home_improvement,0.1028,97.2,12.20607265,0.0,677,3779.958333,0,0.0,0,1,0,0
1,credit_card,0.1122,164.23,10.30895266,18.64,702,5190.0,15840,47.1,0,0,0,0
1,credit_card,0.0838,167.02,11.21182037,14.37,797,5610.958333,6844,14.4,0,0,0,0
1,educational,0.0775,168.6,8.987196821,3.0,762,6659.958333,1321,16.5,0,0,0,0
1,all_other,0.0838,160.72,10.37349118,14.78,772,4379.0,4737,23.9,0,0,0,0
1,credit_card,0.0901,159.03,11.19821472,9.96,722,3089.958333,23489,37.6,0,0,0,0
1,debt_consolidation,0.0743,178.69,11.73606902,0.27,792,7488.958333,2817,10.2,0,0,0,0
1,credit_card,0.0743,155.38,10.71441777,1.12,782,5807.0,1783,0.0,1,0,0,0
1,small_business,0.1028,323.98,10.217422,10.7,712,1379.0,3534,54.4,0,0,0,0
1,small_business,0.1059,813.65,10.77895629,4.05,762,2729.958333,2422,23.3,0,0,0,0
1,educational,0.0996,112.87,9.510444964,16.44,712,1649.958333,2864,41.1,1,0,0,0
1,debt_consolidation,0.1596,94.88,10.86283777,12.57,627,1409.0,3075,92.3,1,0,0,0
1,small_business,0.1059,398.69,11.00209984,17.12,747,14008.95833,17214,8.1,2,1,0,0
1,credit_card,0.1154,39.6,9.903487553,2.04,662,1139.0,1153,75.8,2,0,0,0
1,credit_card,0.1343,678.08,11.88448902,10.15,682,4209.958333,41674,74.1,0,0,0,1
1,credit_card,0.1249,401.37,11.22524339,15.0,682,4479.0,43039,93.4,3,0,0,0
1,all_other,0.0964,205.45,11.00209984,7.72,712,2293.958333,3362,69.3,0,0,0,0
1,debt_consolidation,0.1186,397.75,11.08214255,7.14,682,8730.0,11868,71.9,0,2,0,0
1,all_other,0.0743,155.38,10.59663473,2.55,772,8189.958333,2562,14.0,2,0,0,0
1,all_other,0.1028,113.39,9.903487553,1.5,682,1410.0,1882,32.4,0,0,0,0
1,debt_consolidation,0.1186,99.44,10.49551521,7.47,667,2550.0,1064,70.9,2,0,1,0
1,credit_card,0.0807,109.79,11.49272276,8.52,752,4979.958333,6432,6.0,0,1,0,0
1,all_other,0.1059,32.55,10.43382164,14.47,687,1110.0,4485,36.9,1,0,0,1
1,all_other,0.0996,112.87,11.26446411,11.06,702,4979.958333,16310,20.5,0,1,0,0
1,debt_consolidation,0.0964,160.51,11.77528973,8.55,712,5940.0,20969,40.2,0,0,0,0
1,debt_consolidation,0.1375,340.57,10.46310334,17.38,707,2699.958333,22213,65.9,0,0,0,0
1,home_improvement,0.0775,156.11,12.32385568,6.48,752,5339.958333,2160,2.3,1,0,0,0
1,credit_card,0.0743,155.38,11.15625052,4.56,812,9809.0,813,1.0,0,0,0,0
1,home_improvement,0.0807,235.25,11.91839057,2.72,757,5202.0,23678,24.4,4,0,0,0
1,debt_consolidation,0.0996,257.99,10.77895629,15.13,722,2640.0,11289,47.8,3,0,0,0
1,small_business,0.1501,225.37,12.26904744,6.45,677,6240.0,56411,75.3,0,0,0,1
1,home_improvement,0.0964,80.26,11.22524339,20.0,772,4920.958333,269,3.8,3,0,0,1
1,home_improvement,0.128,84.0,10.37349118,20.0,682,5492.0,3408,35.1,1,0,0,1
1,debt_consolidation,0.1122,507.46,10.59663473,13.5,712,5368.958333,6513,34.3,3,0,1,1
1,educational,0.0743,124.31,10.59663473,3.45,772,1739.958333,330,11.0,0,0,0,0
1,credit_card,0.087,63.32,11.15625052,6.07,712,2550.0,5967,19.8,1,0,0,0
1,all_other,0.1091,130.79,9.798127037,18.0,707,2192.0,5533,79.6,1,0,0,0
1,home_improvement,0.0775,93.67,11.73606902,2.14,762,8370.0,21050,1.0,0,0,0,0
1,all_other,0.0775,93.67,10.81977828,5.35,762,8370.0,21050,0.7,0,0,0,0
1,all_other,0.087,88.65,11.69524702,15.0,742,3026.0,8155,14.9,1,0,0,0
1,all_other,0.0964,128.41,11.51292546,15.0,722,3026.0,8155,14.9,1,0,0,0
1,home_improvement,0.087,94.98,11.03488966,12.23,737,2729.958333,3678,30.7,0,0,0,0
1,debt_consolidation,0.1217,179.8,10.46310334,7.1,662,2944.0,2040,36.2,2,0,0,0
1,credit_card,0.1533,444.05,11.00209984,19.52,667,2700.958333,33074,68.8,2,0,0,0
1,all_other,0.0775,124.89,11.03165864,3.46,747,2519.0,1918,17.1,0,0,0,0
1,credit_card,0.1533,644.3,11.40756495,5.24,662,1770.0,22379,62.2,0,0,0,0
1,small_business,0.0964,642.02,11.47210347,2.86,737,2190.0,10296,42.5,0,0,0,1
1,small_business,0.1154,104.76,9.61580548,12.24,672,1289.958333,2867,55.1,3,0,0,1
1,debt_consolidation,0.1122,157.66,10.30895266,12.36,682,1770.0,12310,86.1,0,0,0,0
1,debt_consolidation,0.087,383.87,11.91839057,4.8,767,13349.95833,61921,39.1,0,0,0,0
1,credit_card,0.1122,217.6,11.38509209,18.0,702,3725.0,16738,26.1,2,0,0,0
1,all_other,0.0807,297.99,11.05089001,3.49,792,5939.0,40384,9.2,1,0,0,0
1,debt_consolidation,0.0775,156.11,10.71441777,5.0,762,2131.0,1359,5.6,2,0,0,0
1,debt_consolidation,0.1154,329.95,12.32385568,20.0,727,10292.0,107501,44.8,2,0,0,0
1,all_other,0.0807,313.67,12.06104687,0.72,787,8010.0,3054,5.6,3,0,0,0
1,all_other,0.0807,297.99,11.40756495,2.44,792,8717.958333,40384,9.6,0,0,0,0
1,home_improvement,0.0933,239.65,11.44035477,9.66,792,4529.0,128000,0.0,3,0,0,0
1,debt_consolidation,0.0712,61.87,11.6784399,0.43,772,5936.0,4709,18.5,0,0,0,0
1,all_other,0.1186,94.47,10.71441777,2.8,667,5460.0,2850,75.0,0,1,0,0
1,small_business,0.1501,73.68,11.47210347,16.89,702,4080.0,51,0.0,0,0,0,1
1,home_improvement,0.0807,313.67,11.91839057,5.84,792,5364.958333,37152,3.7,0,0,0,0
1,debt_consolidation,0.0933,543.2,11.22524339,9.55,762,5699.958333,3839,16.6,1,0,0,0
1,home_improvement,0.0807,313.67,11.35040654,3.11,797,5363.958333,37152,3.7,0,0,0,0
1,credit_card,0.1217,266.37,11.15625052,10.2,672,3598.958333,26283,39.5,0,1,0,1
1,debt_consolidation,0.1028,210.6,10.71441777,5.87,692,1741.958333,5607,42.2,0,0,0,0
1,all_other,0.1249,234.15,10.04324949,5.01,662,1110.0,1061,81.9,3,0,0,0
1,debt_consolidation,0.1028,323.99,11.69524702,14.4,722,4679.958333,56740,77.5,1,0,0,0
1,credit_card,0.1059,235.96,10.95080655,7.22,712,5519.0,40598,77.3,1,0,0,0
1,debt_consolidation,0.1438,352.22,11.1844214,17.83,687,1289.958333,3815,6.5,1,0,0,0
1,all_other,0.0743,117.31,11.69524702,0.0,772,3929.958333,0,0.0,1,0,0,0
1,debt_consolidation,0.0712,64.96,11.60823564,0.22,812,16213.0,50,0.3,0,0,0,0
1,small_business,0.1565,699.69,11.42954386,1.53,667,3603.958333,4569,56.4,1,0,0,0
1,educational,0.1059,195.27,9.852194258,8.15,692,3089.958333,8528,86.1,0,0,0,0
1,credit_card,0.1122,295.59,10.3859137,22.15,747,2788.958333,14345,45.8,0,0,0,0
1,small_business,0.1122,217.59,10.81977828,18.38,707,3359.0,113,2.4,1,0,0,0
1,debt_consolidation,0.1375,263.09,11.03811028,9.8,677,3089.958333,12231,81.0,3,0,0,1
1,debt_consolidation,0.1467,248.43,10.95080655,20.76,667,3750.0,13552,69.1,0,1,0,0
1,credit_card,0.1028,194.4,11.37710574,10.6,692,2489.958333,16813,63.9,0,0,0,0
1,debt_consolidation,0.1249,301.04,10.57131693,5.08,667,3690.0,26233,62.9,3,0,1,1
1,all_other,0.0743,163.92,11.35040654,2.64,782,9210.0,5760,16.0,0,0,0,0
1,all_other,0.1028,150.66,10.727663,3.26,687,6509.958333,105,35.0,1,1,0,1
1,debt_consolidation,0.1122,217.59,10.9525594,13.77,682,2160.0,11490,95.7,0,0,0,0
1,home_improvement,0.1312,85.23,10.59663473,20.67,692,5250.0,17641,30.5,3,1,0,0
1,all_other,0.1122,328.43,10.30895266,20.4,742,3270.0,0,0.0,3,0,0,0
1,all_other,0.0807,165.47,10.91508846,12.0,797,8790.0,12430,19.2,1,0,0,0
1,debt_consolidation,0.1091,140.6,10.49127422,9.87,707,1560.0,12323,44.0,0,0,0,0
1,all_other,0.1028,98.01,11.40756495,9.13,697,3300.0,38624,97.8,0,0,0,0
1,small_business,0.1217,166.48,9.210340372,0.0,662,2250.0,875,54.7,2,1,0,1
1,small_business,0.1249,284.32,11.35040654,6.38,667,7229.958333,1196,12.0,3,4,0,0
1,small_business,0.1438,194.15,13.08154138,2.4,697,2759.958333,26628,60.4,3,1,0,0
1,all_other,0.1028,138.51,10.34174248,24.81,767,5789.958333,6752,24.6,2,0,0,0
1,debt_consolidation,0.1249,70.25,9.433483923,14.4,662,1469.0,458,91.6,1,0,0,1
1,credit_card,0.0838,252.1,11.56171563,9.71,752,3508.958333,16786,44.7,0,0,0,0
1,all_other,0.0901,263.19,11.69524702,12.16,742,9719.958333,7336,29.9,0,0,0,0
1,all_other,0.0933,104.65,11.03488966,3.83,702,3690.0,7089,41.9,1,0,0,0
1,debt_consolidation,0.0807,172.53,10.89673933,6.29,742,5100.0,18388,68.9,0,0,0,0
1,credit_card,0.0996,38.7,10.37349118,1.13,677,1920.0,613,76.6,2,0,0,0
1,educational,0.1249,100.35,10.2791805,12.77,662,1110.0,566,51.5,3,1,0,1
1,debt_consolidation,0.128,335.98,10.50232405,18.92,682,2219.0,9166,50.4,1,0,0,0
1,all_other,0.1091,163.49,10.57131693,11.78,707,4889.0,5406,33.4,0,0,1,1
1,all_other,0.0996,32.25,10.46310334,5.83,687,2158.958333,1188,3.0,2,0,0,1
1,educational,0.0996,96.75,9.798127037,15.4,707,11248.95833,12003,40.4,1,0,0,0
1,all_other,0.1059,72.42,11.00209984,8.14,707,4800.0,20511,62.0,1,0,0,1
1,small_business,0.0964,90.68,11.15625052,18.0,732,3691.0,55720,10.0,2,0,0,0
1,all_other,0.0807,259.58,10.79957558,9.89,772,9870.0,7744,17.1,0,0,0,0
1,all_other,0.0964,169.32,11.15625052,17.57,737,5429.958333,51761,38.0,1,0,0,0
1,credit_card,0.1154,205.4,10.71441777,17.76,717,1500.0,579,23.2,0,0,0,0
1,debt_consolidation,0.1312,162.01,11.35040654,16.87,707,9059.958333,34776,54.3,0,0,0,1
1,debt_consolidation,0.1028,226.8,10.92233487,10.05,692,1890.0,8047,33.8,0,0,0,0
1,all_other,0.1059,162.73,9.61580548,24.4,737,3209.958333,0,0.0,3,0,0,0
1,debt_consolidation,0.1154,158.38,10.1266311,18.19,672,2586.0,409,81.8,0,1,0,0
1,small_business,0.0901,795.11,10.95080655,8.93,822,9696.958333,185,0.5,0,0,0,0
1,debt_consolidation,0.0996,158.83,11.33857208,4.84,727,6330.0,48251,50.1,2,0,0,0
1,all_other,0.1028,97.2,10.54534144,19.93,687,2580.0,772,96.5,0,0,0,0
1,debt_consolidation,0.1154,263.97,10.81977828,8.04,672,3089.0,1019,4.5,1,1,0,0
1,small_business,0.1091,404.62,10.75177778,16.39,692,5640.0,8332,39.9,2,0,0,0
1,all_other,0.0775,307.53,11.15625052,9.09,797,6089.958333,1790,4.5,1,0,0,0
1,debt_consolidation,0.128,839.95,11.22524339,24.85,722,6330.0,62739,74.7,3,0,0,1
1,all_other,0.1059,269.31,11.59910316,24.01,767,4665.958333,29901,71.2,2,0,0,1
1,debt_consolidation,0.1186,265.18,10.858999,11.31,667,1560.0,5867,74.3,1,0,0,0
1,home_improvement,0.0964,802.47,11.26446411,0.8,732,2129.958333,10605,22.1,1,0,0,0
1,debt_consolidation,0.1091,505.16,11.69524702,16.97,697,9659.0,57196,44.5,3,0,0,1
1,home_improvement,0.0901,318.05,12.52452638,2.97,712,4919.0,481,80.2,2,0,0,1
1,educational,0.0838,315.12,10.30895266,4.2,737,1560.0,2282,19.0,1,0,0,0
1,all_other,0.1091,130.79,9.574983486,8.92,672,1140.0,3614,61.3,1,0,0,0
1,debt_consolidation,0.1059,227.82,11.05879518,8.5,682,6839.958333,14930,79.0,1,0,1,0
1,credit_card,0.0996,643.36,11.66134547,13.07,727,10529.95833,33989,82.9,0,0,0,0
1,all_other,0.147,51.78,10.1266311,3.84,632,1530.0,1238,61.9,1,1,0,0
1,educational,0.0901,572.48,10.62132735,15.37,747,7500.0,4746,18.5,2,0,0,0
1,all_other,0.0775,149.87,9.952277717,6.34,752,3029.0,3470,25.5,0,0,0,0
1,all_other,0.0996,96.75,11.03488966,11.98,682,1799.0,12640,83.2,0,0,0,0
1,home_improvement,0.0712,92.8,11.44035477,0.0,812,8250.0,368,1.2,0,0,0,0
1,credit_card,0.1091,192.09,11.09741002,19.82,677,4290.0,30597,89.5,1,1,0,0
1,all_other,0.1154,593.92,10.20359214,10.8,682,5050.0,8537,75.5,0,0,0,0
1,debt_consolidation,0.1091,392.36,10.46310334,15.74,692,1500.041667,15649,54.5,2,0,0,0
1,educational,0.0775,156.11,10.858999,9.55,767,12960.04167,4067,7.3,0,0,0,0
1,debt_consolidation,0.1028,155.52,10.46310334,7.51,687,2795.0,5836,68.7,0,0,1,0
1,credit_card,0.1028,485.99,11.38509209,11.95,702,5070.0,24615,94.7,0,0,0,0
1,all_other,0.1028,116.64,10.30895266,7.88,687,5130.041667,7600,71.7,0,0,1,0
1,debt_consolidation,0.1122,223.34,10.83958091,18.68,682,1889.041667,9495,87.9,2,0,0,1
1,credit_card,0.0775,149.87,9.903487553,10.26,757,6330.041667,4921,30.4,0,0,0,0
1,educational,0.1154,211.17,11.46163217,1.83,667,3421.041667,11200,23.2,1,0,0,0
1,debt_consolidation,0.0743,186.45,11.13730067,6.11,777,7440.041667,2444,5.6,3,0,0,0
1,debt_consolidation,0.0933,790.86,11.00209984,0.82,767,2100.0,916,6.8,0,0,0,0
1,small_business,0.0901,795.11,13.33100224,3.83,782,3660.0,148829,6.6,5,0,0,1
1,credit_card,0.087,126.65,10.69194491,18.71,747,3630.0,3209,12.6,0,0,0,0
1,credit_card,0.1091,294.27,11.28978191,17.17,677,3840.041667,7570,82.3,0,0,0,0
1,debt_consolidation,0.1091,404.62,11.28978191,9.23,687,2519.0,13126,96.5,0,0,1,0
1,debt_consolidation,0.1186,397.77,11.91839057,20.48,687,4452.041667,66654,51.6,1,0,0,0
1,debt_consolidation,0.0743,178.68,11.46163217,1.2,812,16259.04167,50,0.3,0,0,0,0
1,educational,0.1028,29.16,9.392661929,16.7,687,2069.0,3084,65.6,3,0,0,1
1,small_business,0.0996,417.62,11.42954386,6.48,712,5610.041667,2598,23.8,1,0,0,0
1,credit_card,0.1059,130.18,11.03488966,17.81,682,6330.041667,18168,68.5,2,0,0,0
1,all_other,0.1122,98.53,10.40134951,22.79,682,9389.0,24218,85.3,2,0,0,0
1,all_other,0.0807,15.69,9.798127037,4.27,722,1470.0,0,0.0,0,0,0,0
1,credit_card,0.1091,523.14,12.20607265,10.7,697,7320.0,72303,73.7,1,0,0,0
1,all_other,0.087,557.23,11.9381932,0.12,757,1128.041667,1032,5.0,0,0,0,0
1,all_other,0.1122,315.3,10.65725935,14.6,677,3630.0,133,4.2,1,0,0,0
1,debt_consolidation,0.1154,527.93,10.70099475,12.16,682,2130.0,34023,57.7,1,2,0,1
1,major_purchase,0.0743,93.23,11.1844214,11.18,757,4500.041667,12430,29.6,5,0,0,0
1,debt_consolidation,0.0775,202.94,10.77895629,13.53,787,10260.04167,10742,8.9,3,0,0,0
1,debt_consolidation,0.1186,165.74,10.59663473,7.02,667,2789.041667,2197,75.8,0,2,0,1
1,all_other,0.1028,158.76,10.69194491,15.3,692,4410.0,88,23.8,1,3,0,1
1,debt_consolidation,0.1028,485.99,10.81977828,11.88,702,7020.041667,13867,33.7,0,0,0,0
1,all_other,0.0996,322.49,11.19134184,10.28,702,4920.041667,3943,98.6,3,0,0,1
1,debt_consolidation,0.087,189.97,10.08580911,19.45,757,3870.041667,5405,40.0,2,0,0,0
1,debt_consolidation,0.1217,376.24,10.42228135,23.96,712,3030.041667,12102,49.0,1,0,0,0
1,debt_consolidation,0.1217,599.33,11.61045137,18.3,682,4379.0,18076,81.4,1,0,0,0
1,debt_consolidation,0.1217,132.35,10.20359214,23.2,702,5279.041667,4504,39.2,1,0,0,1
1,small_business,0.1186,828.69,10.858999,9.74,712,4859.041667,25852,60.5,0,0,0,0
1,credit_card,0.1091,604.88,10.858999,17.56,707,8061.0,32438,43.0,0,1,0,0
1,debt_consolidation,0.087,538.23,10.93131966,11.51,747,6240.041667,20380,48.1,2,0,0,0
1,credit_card,0.0933,172.55,10.6454249,16.09,707,2220.0,38054,61.2,0,0,0,0
1,small_business,0.1091,604.88,10.49127422,4.67,697,1410.0,25,0.2,2,0,0,0
1,all_other,0.0996,290.24,10.54534144,3.38,697,1782.0,3305,55.1,2,0,0,0
1,major_purchase,0.1186,530.36,11.36674295,15.1,682,3900.0,348,4.8,0,0,0,1
1,all_other,0.087,158.31,10.08580911,6.15,722,1350.0,3015,25.3,0,0,0,0
1,debt_consolidation,0.1059,390.54,10.30895266,19.84,702,2042.041667,7336,71.9,1,0,0,0
1,credit_card,0.1249,301.04,10.858999,4.98,662,6630.041667,8644,72.6,1,0,0,0
1,small_business,0.1154,659.91,11.47210347,17.81,707,3629.0,93,0.0,2,0,0,1
1,small_business,0.0743,217.52,10.66895539,1.65,777,2879.0,2698,9.5,0,0,0,0
1,home_improvement,0.1028,388.79,11.48246626,5.58,697,4800.041667,19009,30.0,0,0,0,0
1,major_purchase,0.087,158.31,10.77895629,0.38,717,12930.04167,498,7.3,2,1,0,0
1,debt_consolidation,0.1217,319.64,11.00209984,19.28,672,4740.0,10358,91.7,2,0,1,1
1,credit_card,0.1028,103.68,11.22524339,9.7,682,12780.0,2105,45.3,0,3,0,0
1,home_improvement,0.0964,154.08,11.00209984,12.94,697,2969.041667,2822,9.9,3,0,0,0
1,debt_consolidation,0.1059,650.9,11.58988651,11.96,707,5070.0,21004,97.7,0,0,0,0
1,all_other,0.1375,81.74,10.75790288,24.08,667,2820.0,11675,75.8,1,0,0,0
1,all_other,0.0901,238.54,9.875088078,10.37,712,1230.041667,3933,43.7,0,0,0,0
1,debt_consolidation,0.128,335.98,10.98189713,7.51,662,4109.041667,7251,80.6,3,0,2,0
1,all_other,0.1217,93.23,10.71441777,19.19,692,4440.041667,88,44.0,1,3,0,1
1,all_other,0.0933,95.87,10.50780352,2.69,697,4680.0,1492,33.2,2,0,0,0
1,debt_consolidation,0.0996,95.94,10.1266311,14.16,692,1918.041667,7121,33.7,0,0,0,0
1,debt_consolidation,0.128,554.37,11.03488966,19.22,677,3060.041667,17641,69.5,2,0,0,0
1,small_business,0.1438,859.07,11.28978191,20.79,682,3059.041667,30946,61.5,3,0,0,1
1,major_purchase,0.0838,472.68,11.2515607,7.96,772,5909.041667,0,0.0,0,0,0,0
1,credit_card,0.1091,586.9,11.22524339,10.34,697,2669.041667,23391,90.7,1,0,0,0
1,major_purchase,0.0964,224.69,9.878169745,21.23,772,5881.0,16324,48.0,0,0,0,0
1,debt_consolidation,0.128,483.81,10.49460201,8.47,662,2670.041667,7104,93.5,2,0,0,1
1,debt_consolidation,0.1217,399.55,10.08580911,14.5,672,1950.041667,9273,43.9,0,0,0,0
1,debt_consolidation,0.1186,232.04,10.82774645,17.02,672,4380.0,6718,94.6,3,0,0,0
1,small_business,0.0964,802.47,11.22524339,17.06,767,5691.041667,12017,12.1,4,0,0,1
1,debt_consolidation,0.1091,304.9,11.16368368,18.96,692,5430.0,5749,43.2,1,1,0,0
1,small_business,0.1249,836.23,11.27545477,7.99,692,4739.0,6530,21.8,0,1,0,0
1,all_other,0.0775,124.89,10.08580911,6.0,752,2729.041667,2666,12.1,0,0,0,0
1,all_other,0.1028,113.4,10.77895629,17.65,687,2070.0,3761,55.4,2,0,0,0
1,credit_card,0.1407,842.47,11.69524702,12.81,677,5340.041667,33698,91.3,0,0,0,0
1,debt_consolidation,0.1091,817.41,11.19821472,22.13,737,9900.0,3472,4.5,1,0,0,1
1,debt_consolidation,0.1596,421.65,10.46287474,20.82,667,6750.041667,14534,48.9,3,1,0,0
1,educational,0.0933,575.17,11.00209984,9.96,732,2732.041667,6703,47.5,1,0,0,0
1,all_other,0.1312,405.03,11.56171563,18.25,667,4358.0,5861,53.8,2,0,0,0
1,debt_consolidation,0.128,167.99,10.14564911,18.65,662,1380.0,5061,72.3,0,1,0,0
1,debt_consolidation,0.0996,677.22,10.89857098,3.77,722,6149.0,16888,39.5,0,0,0,0
1,all_other,0.1154,131.99,10.83863929,9.14,667,3990.0,463,92.6,0,0,0,0
1,debt_consolidation,0.0933,281.2,10.1266311,0.0,712,3360.041667,0,0.0,0,1,0,0
1,debt_consolidation,0.0964,802.47,10.77895629,9.78,742,2550.0,8283,12.7,4,0,0,0
1,credit_card,0.1091,505.16,11.61728548,10.86,687,3420.041667,46525,93.6,0,0,0,0
1,home_improvement,0.0743,180.23,10.62861778,2.32,772,2610.041667,2650,6.6,0,0,0,0
1,small_business,0.0933,798.84,11.51292546,1.57,762,6359.041667,17,0.1,5,0,0,1
1,all_other,0.0933,319.54,10.50506754,19.46,727,4470.041667,827,6.6,2,0,0,1
1,debt_consolidation,0.0964,32.1,8.517193191,18.0,702,1200.041667,961,26.0,2,0,0,0
1,debt_consolidation,0.0964,192.6,9.798127037,2.87,697,1199.041667,1554,29.3,1,0,0,0
1,home_improvement,0.1407,764.64,11.81303006,3.66,672,5790.0,10753,52.3,2,3,0,1
1,all_other,0.0712,30.94,11.69524702,0.65,792,3810.041667,2227,3.8,1,0,0,0
1,credit_card,0.0901,381.66,11.51961693,6.64,722,10290.04167,7606,18.6,0,0,1,0
1,debt_consolidation,0.1249,301.04,11.00209984,4.64,662,2222.0,8355,34.4,0,2,0,1
1,credit_card,0.1438,687.25,11.32659589,16.05,667,2190.0,27293,86.6,0,0,0,0
1,debt_consolidation,0.0964,320.99,11.1124479,3.6,712,2850.0,10157,26.2,0,1,0,0
1,small_business,0.147,862.97,11.3736634,5.79,677,4739.0,4209,75.2,2,0,0,1
1,credit_card,0.0807,250.95,10.89673933,10.44,767,3449.041667,0,0.0,1,0,0,0
1,all_other,0.0743,87.01,10.28793329,3.96,767,3930.0,1773,5.0,1,0,0,0
1,all_other,0.0775,62.45,10.08580911,2.4,742,2290.041667,949,55.8,1,0,0,1
1,home_improvement,0.1375,851.41,11.22524339,19.78,687,2399.041667,12308,43.6,2,0,0,1
1,credit_card,0.1059,244.09,10.59600954,12.1,687,4019.0,7914,30.8,3,2,0,0
1,debt_consolidation,0.1438,687.25,10.65725935,15.7,672,3690.0,9150,96.3,0,0,0,0
1,debt_consolidation,0.1122,656.86,10.55986701,14.04,702,1800.0,21777,53.7,3,0,0,0
1,all_other,0.128,537.57,11.48440253,12.43,667,2580.0,4281,63.0,3,0,0,0
1,debt_consolidation,0.0964,320.99,10.12502982,8.17,712,3300.0,4475,63.0,0,0,0,0
1,debt_consolidation,0.0996,386.99,11.51292546,8.17,707,3839.041667,25413,45.2,2,0,0,0
1,small_business,0.0838,315.12,11.58058411,2.28,742,4740.0,15043,65.2,2,0,0,0
1,major_purchase,0.1059,292.91,10.16277015,5.56,682,1350.041667,6353,39.5,2,0,0,0
1,debt_consolidation,0.0807,125.48,9.980448594,10.33,742,1920.041667,3737,55.8,1,0,0,0
1,debt_consolidation,0.0933,383.45,11.13663073,7.47,717,5580.041667,11370,41.6,0,2,0,0
1,debt_consolidation,0.1343,523.78,10.49127422,17.4,667,10380.04167,18403,73.3,0,1,0,0
1,all_other,0.1217,199.78,11.69524702,6.81,662,2041.041667,19504,77.3,0,0,0,0
1,debt_consolidation,0.0933,575.17,11.53272809,16.95,747,3630.0,10463,8.2,2,0,0,0
1,debt_consolidation,0.0901,95.42,9.210340372,6.72,707,3329.0,2808,51.1,3,1,0,0
1,debt_consolidation,0.0901,477.07,11.17043516,6.88,742,4589.041667,6297,14.5,0,0,0,0
1,all_other,0.0807,345.06,11.03488966,14.07,792,7867.041667,33060,21.7,0,0,0,0
1,all_other,0.1122,155.19,9.893437217,23.03,717,2580.0,4500,13.0,0,0,0,1
1,home_improvement,0.0996,644.97,11.21171226,13.28,732,1770.0,2344,9.8,1,0,0,0
1,all_other,0.0712,92.8,11.01205017,1.19,797,6270.041667,2907,4.0,0,0,0,0
1,debt_consolidation,0.0996,306.36,10.96819829,21.93,727,4593.041667,26218,28.7,2,0,0,0
1,debt_consolidation,0.1154,143.53,9.998797732,24.71,707,1291.041667,5967,25.5,0,0,0,0
1,credit_card,0.0964,288.89,11.62625415,10.36,702,6119.0,27786,85.5,2,0,1,1
1,all_other,0.0933,87.88,11.62625415,13.46,702,6120.0,27786,85.5,2,0,1,1
1,all_other,0.0901,381.66,11.69524702,4.28,722,4080.041667,7335,45.8,1,1,0,0
1,debt_consolidation,0.1122,197.06,10.80972795,0.0,672,2519.0,0,0.0,1,1,0,0
1,credit_card,0.0807,83.92,10.59663473,16.68,737,6988.0,19210,48.3,0,0,0,0
1,small_business,0.0964,481.48,10.59663473,4.05,717,2759.041667,11601,85.9,3,0,0,0
1,debt_consolidation,0.0996,253.16,10.16585182,6.14,697,2040.041667,991,34.2,1,0,0,0
1,all_other,0.0743,77.69,13.16542287,2.45,762,6240.0,141287,9.4,5,1,0,0
1,all_other,0.1014,97.0,11.69524702,8.71,687,2311.041667,199,1.1,1,1,0,0
1,all_other,0.1046,259.87,11.69524702,11.28,692,5018.041667,63580,80.6,1,0,0,1
1,home_improvement,0.0743,124.3,11.04292184,5.82,772,5430.0,773,4.8,0,0,0,0
1,debt_consolidation,0.133,67.68,9.798127037,22.0,662,1470.0,1042,37.2,3,1,0,0
1,debt_consolidation,0.133,406.07,10.20359214,7.16,662,1530.041667,137,3.2,1,1,0,1
1,credit_card,0.0983,241.41,11.47210347,2.69,712,4709.0,1944,47.4,0,0,1,0
1,small_business,0.1393,170.72,10.54534144,20.72,662,7109.041667,16613,18.3,1,1,0,1
1,educational,0.0838,293.85,9.392661929,0.0,737,1139.0,0,0.0,1,0,0,0
1,credit_card,0.133,318.09,10.81977828,17.04,662,6179.0,5181,97.8,3,0,1,0
1,major_purchase,0.092,63.79,10.08580911,18.65,727,3455.041667,597,14.2,2,1,0,0
1,all_other,0.0743,217.52,11.00209984,1.72,807,7230.0,3202,1.1,1,0,0,0
1,credit_card,0.1236,667.74,11.79810441,13.42,687,3420.041667,46086,92.7,0,0,0,0
1,debt_consolidation,0.1236,133.55,10.81977828,8.66,662,6839.041667,9380,44.1,1,0,1,1
1,debt_consolidation,0.1014,421.14,10.59663473,17.01,752,4349.0,35944,56.2,2,0,0,0
1,all_other,0.1362,339.94,10.80972795,1.21,672,2519.0,0,0.0,0,1,0,0
1,debt_consolidation,0.1078,365.51,11.00209984,14.26,702,6780.041667,7973,89.6,0,0,0,0
1,debt_consolidation,0.0807,313.69,10.11050172,9.95,752,5167.0,8522,21.7,1,0,0,0
1,credit_card,0.1583,876.83,11.69524702,18.08,677,3330.0,62976,86.1,2,2,0,0
1,debt_consolidation,0.1362,316.99,10.30895266,21.88,667,1601.041667,7429,82.5,0,0,0,0
1,small_business,0.1236,701.12,10.77895629,0.85,682,2579.0,639,13.6,1,0,0,1
1,debt_consolidation,0.1014,485.0,11.38845009,13.73,732,5489.0,14903,35.3,0,0,0,0
1,debt_consolidation,0.1236,133.55,10.59653473,9.48,662,4080.041667,2923,28.4,3,0,0,0
1,credit_card,0.0838,362.39,11.58058411,8.16,757,5790.0,18314,50.6,1,0,0,0
1,all_other,0.0712,108.27,10.26813067,0.0,777,3034.041667,150,7.5,1,0,0,0
1,all_other,0.1236,240.39,9.757305042,4.58,662,3840.041667,0,0.0,2,0,0,0
1,all_other,0.0743,62.15,11.12714533,9.99,767,8190.041667,2475,5.4,1,1,0,0
1,all_other,0.0838,66.18,9.893437217,2.36,722,5790.0,1489,62.0,1,0,0,0
1,debt_consolidation,0.1109,327.82,10.63344871,19.32,702,2849.0,15368,87.1,0,0,0,0
1,all_other,0.0743,69.14,11.69524702,7.67,762,6007.041667,21521,29.5,1,0,0,1
1,home_improvement,0.1078,313.3,11.02190247,14.06,702,5700.041667,4781,15.5,2,0,0,1
1,debt_consolidation,0.1141,329.34,11.27090486,14.03,692,4470.041667,8473,27.6,3,1,1,0
1,all_other,0.1236,292.97,10.727663,15.53,677,1848.0,8494,44.2,1,0,0,0
1,all_other,0.0838,315.12,11.15051985,14.03,762,5519.0,11333,45.5,5,0,0,0
1,debt_consolidation,0.0807,225.86,11.02190247,17.0,762,5340.041667,9366,40.7,4,0,0,1
1,major_purchase,0.0838,63.03,10.46493024,18.96,742,2190.0,4922,30.6,0,0,0,0
1,debt_consolidation,0.1267,536.57,11.42081018,10.13,677,5280.041667,23129,79.8,0,1,0,1
1,small_business,0.1204,126.29,11.05089001,12.5,667,3300.0,29736,80.2,3,0,0,0
1,credit_card,0.0951,192.23,11.60823564,16.87,722,8519.041667,67232,41.1,1,0,0,0
1,all_other,0.1014,97.0,10.77895629,0.0,692,5160.0,0,0.0,0,0,0,0
1,debt_consolidation,0.092,318.93,11.25480219,5.93,727,4800.0,11496,26.6,0,0,0,0
1,credit_card,0.1078,228.45,10.50506754,7.76,687,2010.041667,6999,65.7,0,0,0,0
1,all_other,0.1172,72.78,10.57821615,17.2,667,1410.0,4863,69.5,0,1,0,0
1,all_other,0.1141,16.47,9.878169745,3.69,667,8820.0,12229,90.6,0,0,1,0
1,all_other,0.0775,124.89,10.96127785,1.33,767,2485.041667,2325,8.2,0,0,0,0
1,all_other,0.1109,262.26,11.1844214,5.12,687,1949.041667,14653,95.1,0,0,0,1
1,credit_card,0.0838,236.34,11.22524339,6.06,742,3149.041667,4286,40.4,0,0,0,0
1,debt_consolidation,0.1204,265.87,10.70738554,16.06,677,1949.041667,8009,68.5,0,0,0,0
1,debt_consolidation,0.0775,101.47,10.49127422,2.73,742,2550.0,2353,12.4,0,0,0,1
1,debt_consolidation,0.0775,218.55,10.81769612,10.37,767,4410.0,6634,9.4,0,0,0,0
1,debt_consolidation,0.1014,38.8,10.30895266,19.76,702,4529.041667,0,0.0,0,0,0,0
1,credit_card,0.1141,247.0,11.1844214,14.65,682,3329.0,5608,47.1,0,0,0,0
1,debt_consolidation,0.1299,673.79,10.77895629,18.98,682,4830.041667,13649,42.4,1,0,0,1
1,all_other,0.1078,79.96,10.54534144,14.84,677,4140.041667,9973,33.8,0,0,0,0
1,debt_consolidation,0.1204,498.51,10.75790288,17.95,677,2609.0,16502,63.0,0,0,0,0
1,debt_consolidation,0.1488,692.14,11.23848862,7.11,667,3899.041667,15773,95.0,0,0,0,1
1,small_business,0.0951,800.95,11.08214255,2.14,777,4559.041667,3326,14.3,6,0,0,0
1,debt_consolidation,0.0983,289.69,9.980448594,4.83,712,1620.041667,7263,39.0,0,0,0,0
1,all_other,0.0838,264.71,10.54796956,13.1,767,7560.041667,3451,19.4,0,0,0,0
1,debt_consolidation,0.1267,117.38,10.77895629,13.1,662,9659.041667,16770,50.7,0,0,0,0
1,all_other,0.1078,293.72,10.49127422,7.93,692,2429.041667,17042,75.1,0,0,0,0
1,major_purchase,0.1267,563.4,11.00209984,20.06,697,4560.041667,10686,49.4,0,0,0,0
1,credit_card,0.092,318.93,12.01370075,0.33,732,3600.0,45,0.4,0,0,0,0
1,all_other,0.0951,230.68,10.38887228,15.84,717,1800.0,3247,33.3,1,0,0,0
1,debt_consolidation,0.152,730.04,11.22524339,21.84,677,2640.041667,27839,72.7,0,1,0,0
1,all_other,0.0775,312.22,11.65702581,2.89,807,5160.0,0,0.0,1,0,0,0
1,major_purchase,0.0807,250.95,11.00209984,9.58,757,13109.0,17246,13.7,1,0,0,0
1,debt_consolidation,0.1425,514.49,10.77895629,19.05,667,6209.0,14036,64.4,0,0,0,0
1,small_business,0.1046,16.25,10.16585182,14.17,692,4919.041667,5643,60.7,0,0,0,0
1,debt_consolidation,0.1204,372.22,10.71441777,21.33,697,4710.0,17850,66.3,1,0,0,0
1,debt_consolidation,0.0951,320.38,10.91508846,7.59,722,2340.041667,8382,20.4,1,0,0,0
1,small_business,0.1836,504.13,11.33857208,23.04,662,6690.041667,24280,93.4,3,0,0,0
1,debt_consolidation,0.1172,413.51,10.49127422,11.9,677,2970.0,8375,91.0,3,0,0,0
1,all_other,0.1014,485.0,11.33857208,19.86,742,2763.041667,6437,28.6,4,0,0,0
1,credit_card,0.1172,307.66,11.03488966,20.09,697,6392.041667,16890,64.0,0,0,0,0
1,all_other,0.1078,130.54,10.37349118,0.38,682,1290.041667,887,38.6,0,0,0,0
1,debt_consolidation,0.1299,370.59,10.86856845,17.94,667,3269.0,17771,52.1,2,0,0,1
1,debt_consolidation,0.1299,539.03,10.66895539,14.82,677,8159.041667,13115,42.3,2,2,0,0
1,major_purchase,0.0775,312.22,10.08580911,0.0,787,3809.041667,5028,12.1,0,0,0,1
1,all_other,0.1078,70.17,9.308283446,19.15,692,2399.041667,1,0.2,2,0,1,1
1,debt_consolidation,0.1078,440.57,10.52406404,12.58,702,2130.0,10251,33.0,0,0,0,0
1,all_other,0.092,175.42,10.51867319,16.74,727,4590.041667,6566,48.6,1,0,0,0
1,all_other,0.1046,194.91,10.81977828,5.06,687,4464.0,9516,63.4,1,0,0,0
1,debt_consolidation,0.1172,165.41,11.00209984,0.0,672,2520.0,2126,6.4,1,0,0,0
1,debt_consolidation,0.133,406.07,10.71441777,4.67,662,2849.0,7209,38.1,1,0,0,1
1,debt_consolidation,0.1172,82.71,11.03488966,19.29,677,4319.0,7180,34.4,3,0,0,1
1,debt_consolidation,0.0838,189.08,10.60905725,12.5,727,2550.0,7386,42.4,0,0,0,0
1,all_other,0.0712,57.23,10.46310334,11.59,772,5970.041667,6035,19.0,0,0,0,0
1,small_business,0.133,338.39,11.69524702,6.31,662,6150.0,28653,89.3,0,0,0,1
1,debt_consolidation,0.1204,498.51,11.51292546,15.82,682,9150.0,49459,88.8,1,2,0,0
1,credit_card,0.1267,737.78,11.40756495,13.04,697,5100.0,22738,30.8,0,1,0,0
1,credit_card,0.092,306.18,11.03488966,13.12,742,5250.041667,24406,40.3,1,0,0,1
1,debt_consolidation,0.0951,592.7,10.34174248,16.49,747,4260.041667,25946,37.9,0,0,0,0
1,all_other,0.1014,611.1,10.69194491,9.79,732,5940.041667,0,0.0,0,0,0,0
1,debt_consolidation,0.0951,461.35,11.38586452,9.96,732,5250.041667,4765,16.5,0,0,1,0
1,debt_consolidation,0.1583,841.76,11.22524339,15.38,662,3420.041667,15222,77.3,0,2,0,0
1,small_business,0.1078,244.76,11.35040654,1.78,687,9480.0,8035,50.5,1,1,1,0
1,debt_consolidation,0.1014,452.67,11.22524339,16.54,722,4800.0,14214,39.4,0,0,0,1
1,debt_consolidation,0.1046,649.68,11.65702581,16.2,732,5129.0,23442,42.1,2,0,0,0
1,credit_card,0.0838,226.89,12.07254125,15.11,742,4919.041667,101443,13.7,6,0,0,0
1,debt_consolidation,0.1204,498.51,11.51292546,14.32,677,4439.0,25988,98.8,1,0,0,0
1,debt_consolidation,0.1615,880.78,11.6351431,24.84,682,7619.0,51039,93.8,0,1,0,1
1,debt_consolidation,0.1141,658.67,10.96578158,10.14,702,5999.041667,23370,70.0,1,0,0,0
1,all_other,0.1172,231.57,12.20607265,15.46,692,6629.0,119420,95.1,0,0,0,0
1,all_other,0.1014,258.67,10.81977828,8.78,702,3946.0,0,0.0,0,0,0,0
1,debt_consolidation,0.1109,157.36,10.73639668,11.37,677,2729.041667,15564,56.6,1,0,0,0
1,debt_consolidation,0.1236,300.48,11.35040654,21.8,677,5069.0,13686,48.7,1,0,0,0
1,home_improvement,0.1141,658.67,12.8346813,0.63,702,6330.041667,6921,0.0,2,0,0,0
1,debt_consolidation,0.1014,129.34,10.49127422,7.07,697,1560.041667,4220,53.4,2,0,0,0
1,all_other,0.1393,170.72,11.1844214,22.57,662,2940.0,29877,75.6,2,0,0,0
1,credit_card,0.133,101.52,10.47005058,24.79,697,5569.0,21573,73.7,1,0,0,1
1,small_business,0.1078,365.51,11.28978191,7.56,697,4980.041667,18316,81.0,1,1,0,1
1,small_business,0.0775,337.19,10.08580911,10.1,782,5400.0,1458,18.0,1,0,0,0
1,debt_consolidation,0.092,382.72,10.59663473,10.14,747,7800.041667,3179,11.0,1,0,1,0
1,debt_consolidation,0.0838,403.36,11.08214255,7.26,757,5580.041667,4365,51.4,0,0,0,0
1,credit_card,0.0775,305.97,11.00209984,9.2,797,6270.0,209,1.9,0,0,0,0
1,debt_consolidation,0.133,676.78,10.81977828,20.42,692,7710.0,12573,71.8,2,1,0,0
1,credit_card,0.1236,767.89,11.46163217,16.07,702,2580.0,806,10.3,2,0,0,1
1,debt_consolidation,0.1109,491.73,10.37349118,4.8,697,3480.041667,4134,39.4,1,0,0,1
1,debt_consolidation,0.1172,496.22,11.09741002,2.42,682,6329.041667,0,0.0,1,0,0,0
1,credit_card,0.1078,228.45,11.14908203,16.51,692,5009.041667,22157,98.0,0,0,0,0
1,debt_consolidation,0.1109,819.54,11.40756495,17.11,722,6539.0,54925,97.8,0,0,0,0
1,credit_card,0.1078,261.08,11.26446411,16.75,692,4290.041667,50908,37.1,0,2,0,0
1,credit_card,0.1078,81.59,11.58058411,16.37,682,9960.041667,16164,80.0,1,0,0,0
1,debt_consolidation,0.1078,278.22,11.60823564,18.58,702,7230.0,14046,80.3,0,0,0,1
1,debt_consolidation,0.0775,312.22,10.00784757,5.24,792,5010.041667,4767,8.7,0,0,0,0
1,all_other,0.1141,59.28,11.19821472,21.01,692,2580.0,23882,89.8,0,0,0,0
1,educational,0.0807,376.43,9.903487553,8.88,782,8160.041667,674,2.6,1,0,0,0
1,small_business,0.0983,804.69,11.1844214,8.98,757,4619.041667,56842,14.4,6,0,0,0
1,home_improvement,0.1046,812.09,12.13384061,1.88,727,10199.0,19948,77.0,2,0,0,0
1,home_improvement,0.1078,130.54,10.81977828,15.5,687,8369.0,10979,37.2,0,2,0,0
1,debt_consolidation,0.1141,329.34,10.59663473,15.93,692,3539.041667,14643,76.4,0,0,0,0
1,debt_consolidation,0.1172,99.25,10.91871823,12.85,682,2670.041667,15680,89.6,1,0,0,0
1,debt_consolidation,0.1362,381.58,10.30895266,19.52,667,4412.0,16670,71.7,0,0,0,0
1,debt_consolidation,0.1078,310.03,11.21989579,8.22,697,3707.0,2624,48.6,1,0,0,0
1,debt_consolidation,0.0838,78.78,10.34174248,10.61,722,7089.041667,2773,10.8,1,0,0,0
1,debt_consolidation,0.0951,608.72,11.14186178,11.29,767,9179.0,2279,20.7,3,0,0,0
1,debt_consolidation,0.0983,386.25,11.26446411,15.74,722,4379.0,28110,31.9,0,0,0,0
1,small_business,0.092,669.76,12.37581542,2.7,792,9029.041667,997,1.2,2,0,0,0
1,debt_consolidation,0.092,478.4,10.91508846,12.28,747,7380.0,2787,2.3,1,0,0,0
1,all_other,0.0838,567.22,11.06663836,5.25,772,3540.041667,1612,12.1,4,0,0,1
1,credit_card,0.1488,346.07,11.08214255,23.89,672,7260.0,10214,65.1,1,2,1,0
1,debt_consolidation,0.1425,685.99,10.77895629,2.1,672,3870.041667,19892,83.6,2,0,0,0
1,all_other,0.092,255.15,10.46310334,1.03,727,1230.041667,1834,12.8,1,0,0,0
1,home_improvement,0.1204,498.51,12.21602298,17.08,682,5820.0,108397,67.3,3,0,0,0
1,home_improvement,0.0775,124.89,11.08214255,9.25,757,5010.041667,3348,5.3,0,0,0,0
1,all_other,0.0743,217.52,10.40426284,10.04,772,3630.0,983,2.1,1,0,0,0
1,all_other,0.0983,241.41,11.06663836,0.58,712,5430.0,603,30.1,0,1,0,0
1,debt_consolidation,0.133,406.07,10.81683395,24.22,692,6509.0,13662,60.7,0,1,0,0
1,debt_consolidation,0.06,467.45,11.04292184,15.28,687,4652.041667,26044,34.5,3,0,0,0
1,credit_card,0.0983,386.25,10.1266311,16.75,732,4918.041667,16212,50.7,0,0,0,0
1,debt_consolidation,0.0983,257.5,10.49127422,21.33,762,6300.041667,8516,11.1,0,0,0,0
1,credit_card,0.0807,62.74,10.30895266,3.68,732,2580.0,3953,15.9,0,0,0,0
1,major_purchase,0.092,223.26,11.38509209,13.28,727,5836.0,12672,21.0,3,3,0,0
1,debt_consolidation,0.0951,320.38,10.85127695,9.6,717,1469.0,1346,23.2,2,0,0,0
1,debt_consolidation,0.092,318.93,10.71441777,4.88,732,4079.0,12425,94.2,0,0,0,0
1,debt_consolidation,0.1393,527.52,10.6454249,19.71,667,2490.0,12032,87.2,3,0,1,1
1,credit_card,0.0775,327.83,10.95779958,12.86,802,5490.0,14377,10.2,0,0,0,0
1,all_other,0.0951,640.76,11.28978191,0.22,767,8476.0,464,18.6,8,0,0,1
1,debt_consolidation,0.1172,196.84,10.47522952,15.38,697,1709.041667,10900,42.4,3,0,0,0
1,debt_consolidation,0.1046,42.23,10.75790288,18.15,707,2309.041667,7006,48.0,1,0,1,0
1,debt_consolidation,0.0983,136.0,10.77895629,11.93,717,6329.041667,19708,37.1,0,1,0,0
1,debt_consolidation,0.1267,182.77,11.21182037,11.25,707,8100.0,30949,54.3,0,0,0,0
1,debt_consolidation,0.1046,194.91,10.54534144,13.42,697,4080.0,6101,36.8,3,0,0,0
1,all_other,0.0832,94.46,10.1266311,1.54,727,2010.041667,1235,28.7,0,0,0,0
1,debt_consolidation,0.1261,450.67,10.46310334,19.71,692,3030.041667,18028,88.4,1,0,0,0
1,debt_consolidation,0.0945,387.32,10.89673933,11.02,742,3285.0,8828,54.8,5,0,0,0
1,debt_consolidation,0.0863,47.45,9.77246729,9.37,722,5099.0,6033,31.1,1,0,0,0
1,credit_card,0.0832,201.5,10.81977828,13.99,752,5040.041667,64885,39.6,0,0,0,0
1,debt_consolidation,0.1324,405.72,11.31447453,15.12,672,5760.041667,27905,81.8,1,2,0,0
1,debt_consolidation,0.1197,336.98,11.40863105,6.61,692,9570.0,14081,73.7,0,0,1,0
1,all_other,0.0945,333.7,11.00209984,6.02,787,10860.0,426,0.7,0,0,0,1
1,debt_consolidation,0.1387,655.0,11.28522153,7.16,672,12554.04167,12301,56.4,1,0,0,0
1,all_other,0.0863,101.21,9.798127037,14.38,722,1530.0,0,0.0,0,0,0,0
1,small_business,0.0976,533.77,9.903487553,4.68,737,3408.041667,2248,11.6,0,0,0,0
1,all_other,0.1071,16.31,8.9751293,3.04,682,6929.0,44,3.7,2,1,0,0
1,small_business,0.1008,807.62,10.51867319,8.53,767,3346.0,2296,7.6,3,0,0,0
1,debt_consolidation,0.1292,347.5,11.15625052,9.05,702,4530.041667,16264,90.6,3,0,0,1
1,all_other,0.1039,194.71,10.66895539,17.47,702,3540.041667,12758,40.4,0,0,0,0
1,all_other,0.08,188.02,10.77895629,14.08,792,4890.041667,2573,16.3,1,0,0,0
1,debt_consolidation,0.0976,237.95,11.14186178,12.57,762,3420.041667,15176,31.6,0,0,0,0
1,debt_consolidation,0.1008,148.61,10.6454249,5.91,727,4680.0,7239,16.3,2,0,0,0
1,credit_card,0.0863,189.77,10.57131693,11.2,722,2670.041667,11217,52.9,3,0,0,0
1,debt_consolidation,0.1008,84.0,10.23995979,14.57,702,2490.0,12979,31.0,0,0,0,0
1,all_other,0.0976,192.93,12.20607265,4.84,707,5760.041667,21894,0.0,2,0,0,0
1,all_other,0.1197,431.6,11.32659589,3.92,682,3479.041667,4933,15.1,2,0,0,0
1,debt_consolidation,0.1071,339.06,10.35456317,4.74,722,1290.041667,6206,35.3,0,0,0,0
1,debt_consolidation,0.0976,225.09,10.22557105,17.78,717,1830.0,16326,48.6,2,0,0,0
1,debt_consolidation,0.1039,243.38,10.71441777,5.57,707,4140.041667,33,0.3,0,0,0,0
1,debt_consolidation,0.0737,24.84,10.46310334,7.65,777,4620.041667,19901,29.8,0,0,0,0
1,credit_card,0.08,90.88,9.852194258,6.32,737,2981.0,4385,24.0,0,0,0,0
1,debt_consolidation,0.1355,589.2,10.69194491,18.52,677,4800.0,18966,70.5,2,0,0,0
1,home_improvement,0.0945,96.03,11.22524339,1.49,712,6220.0,8788,39.2,0,0,1,0
1,all_other,0.1071,48.91,10.6454249,18.14,697,3091.041667,1276,63.8,1,0,0,0
1,debt_consolidation,0.1229,200.12,10.49127422,14.77,672,4830.0,22635,45.5,0,0,0,0
1,credit_card,0.0768,199.61,11.52682837,0.83,777,8370.0,1715,8.2,1,0,0,0
1,credit_card,0.08,310.24,11.52682837,3.19,777,8370.0,1715,8.2,1,0,0,0
1,all_other,0.0976,80.39,9.998797732,22.25,737,2404.041667,2574,10.5,1,0,0,0
1,credit_card,0.0832,160.57,10.98529272,7.08,767,13319.04167,25336,35.9,0,0,0,0
1,debt_consolidation,0.1355,343.0,10.2797298,15.82,667,3539.041667,18485,65.3,1,0,1,1
1,debt_consolidation,0.0945,272.09,10.81985828,17.33,737,2430.041667,9048,26.6,1,0,0,0
1,credit_card,0.1324,307.67,10.8036489,7.37,672,7020.0,14421,83.8,0,2,0,0
1,debt_consolidation,0.0976,200.17,9.92329018,18.35,742,2879.0,9121,55.4,1,0,0,0
1,all_other,0.1071,260.82,12.27839331,17.66,707,6630.0,120563,92.4,0,0,0,0
1,all_other,0.08,94.01,10.04324949,12.05,742,1259.041667,710,7.8,4,0,0,0
1,educational,0.0976,46.63,11.08214255,7.74,707,3509.041667,20762,48.5,2,0,0,0
1,debt_consolidation,0.0863,189.77,10.65320408,10.8,732,3451.041667,1839,15.6,3,0,0,0
1,debt_consolidation,0.0976,627.02,11.40756495,1.95,767,3180.041667,8629,17.6,0,0,0,0
1,debt_consolidation,0.1166,330.53,10.81174611,8.4,687,3300.0,11735,93.9,2,0,0,0
1,all_other,0.1039,584.12,11.28978191,0.86,717,2092.041667,5506,52.4,1,0,0,0
1,debt_consolidation,0.1197,199.2,10.98189713,6.0,672,4410.0,3831,34.2,0,1,0,1
1,all_other,0.0768,187.14,11.22524339,2.54,802,6451.041667,6094,2.8,0,0,0,0
1,credit_card,0.1008,193.83,10.59663473,16.17,712,2699.041667,15597,60.0,1,0,0,0
1,small_business,0.1008,807.62,11.87756858,3.84,762,4725.0,52214,8.7,8,0,0,0
1,small_business,0.0976,644.71,10.16585182,9.14,762,6752.041667,507,3.5,0,0,0,1
1,debt_consolidation,0.1071,195.61,10.38554326,11.12,687,4079.0,0,0.0,1,0,0,0
1,debt_consolidation,0.1103,163.77,10.53209621,5.73,682,3299.0,4760,60.3,0,0,0,0
1,all_other,0.1418,856.63,11.09741002,22.45,707,2092.041667,25160,32.8,2,0,0,1
1,debt_consolidation,0.1103,327.53,10.30895266,13.4,707,3359.0,10837,83.4,1,0,0,1
1,small_business,0.08,313.37,11.65268741,12.0,777,5941.0,90335,53.5,3,0,0,0
1,small_business,0.0976,128.62,11.05089001,2.7,712,6810.041667,4010,8.1,0,0,0,0
1,debt_consolidation,0.1261,167.54,10.1266311,4.56,667,4799.0,3389,47.1,2,0,1,0
1,debt_consolidation,0.1134,501.73,11.22524339,15.14,707,6030.041667,39702,84.5,0,0,0,0
1,home_improvement,0.0945,544.17,11.00209984,0.6,762,3390.041667,653,3.2,2,0,0,0
1,debt_consolidation,0.08,188.02,11.00209984,9.82,762,6419.041667,5274,45.9,1,0,0,0
1,debt_consolidation,0.1166,90.07,10.858999,14.45,677,2609.0,11788,24.7,3,0,0,0
1,debt_consolidation,0.0737,93.14,9.774118912,12.7,772,6149.0,122,3.7,0,0,0,0
1,debt_consolidation,0.1545,348.87,10.91501573,13.16,662,7979.0,22122,78.7,2,0,0,0
1,small_business,0.0768,155.95,10.23995979,0.43,792,2267.0,103,1.5,0,0,0,0
1,educational,0.0976,347.27,11.32176496,11.89,722,8669.041667,8866,24.3,1,0,1,0
1,small_business,0.1134,493.5,11.51292546,2.32,697,5970.041667,4929,33.5,1,1,0,0
1,all_other,0.0976,80.39,10.49127422,0.5,702,1680.041667,11794,59.3,0,0,0,0
1,small_business,0.1292,507.36,10.6454249,23.29,717,5220.041667,462,11.3,2,0,1,0
1,debt_consolidation,0.1324,608.58,11.00209984,22.4,687,3151.041667,5855,54.7,0,0,1,1
1,debt_consolidation,0.1008,646.1,11.00209984,10.06,742,3960.0,6688,39.1,0,0,0,0
1,credit_card,0.1229,25.02,9.852194258,24.0,707,2700.041667,12220,84.9,0,0,0,0
1,debt_consolidation,0.1071,195.61,10.42228135,20.11,717,2309.041667,8736,45.7,1,0,0,0
1,all_other,0.1324,507.15,11.14764215,3.29,672,3659.0,170,34.0,0,0,0,0
1,debt_consolidation,0.1418,548.25,10.85220675,11.13,662,2519.0,15923,90.5,0,0,0,0
1,all_other,0.0863,142.33,9.210340372,0.0,727,1110.0,0,0.0,0,1,0,0
1,home_improvement,0.1166,495.79,10.49127422,5.17,692,4440.0,1340,53.6,2,1,0,1
1,all_other,0.1103,327.53,10.11070495,9.17,692,4110.0,8575,70.3,0,1,0,0
1,all_other,0.1103,98.26,10.62132735,16.92,682,1560.0,21498,42.4,1,0,0,0
1,credit_card,0.1482,587.82,11.55214618,20.12,667,8250.041667,32406,91.8,1,4,0,0
1,debt_consolidation,0.1197,131.97,9.782505656,15.51,672,4290.041667,7902,17.0,2,0,0,0
1,home_improvement,0.1166,330.53,11.43388226,10.74,677,5519.0,46789,66.7,3,0,0,1
1,debt_consolidation,0.1261,254.65,11.24575165,4.62,667,5129.0,7897,47.9,1,0,0,0
1,credit_card,0.1134,236.88,10.51867319,24.31,742,4710.0,6422,14.5,2,0,0,0
1,small_business,0.08,313.37,10.1266311,12.14,802,7890.041667,1467,9.2,0,0,0,0
1,credit_card,0.1166,826.31,11.51292546,18.88,722,1949.041667,16694,33.1,0,0,0,0
1,debt_consolidation,0.08,156.69,10.37098805,10.71,762,2309.041667,1698,7.9,0,0,0,0
1,all_other,0.1197,318.72,10.51856508,20.63,702,3270.0,8801,72.7,0,0,0,0
1,debt_consolidation,0.1039,171.18,10.71441777,20.69,732,2610.0,5500,28.2,0,0,0,0
1,debt_consolidation,0.0863,373.21,11.00209984,7.8,757,3390.0,3282,32.6,3,0,0,0
1,small_business,0.1261,820.91,11.69524702,5.76,697,2141.041667,23908,62.8,3,0,0,1
1,credit_card,0.1071,815.04,10.858999,11.86,727,1694.041667,6088,8.3,0,0,0,1
1,all_other,0.1071,358.62,11.00209984,0.4,707,1620.041667,2217,28.4,2,0,0,0
1,debt_consolidation,0.1292,213.72,11.294956,20.15,677,8520.041667,22247,93.1,1,0,0,0
1,debt_consolidation,0.1197,99.6,11.26446411,14.8,672,4140.041667,14555,77.0,0,0,0,0
1,debt_consolidation,0.0945,409.73,11.51292546,10.51,742,3900.041667,15491,25.4,3,0,0,0
1,debt_consolidation,0.1387,341.15,10.96819829,24.72,702,6839.041667,24299,58.6,0,0,0,1
1,debt_consolidation,0.1703,535.02,11.58058411,15.81,662,6660.0,44543,86.8,0,0,0,1
1,credit_card,0.0976,160.78,10.4487146,1.46,712,2970.0,3735,21.5,0,0,0,0
1,home_improvement,0.1008,129.22,10.3859137,16.26,717,1560.0,2352,27.3,1,0,0,0
1,debt_consolidation,0.1261,335.07,10.858999,12.02,672,2699.041667,7607,46.7,0,0,0,0
1,debt_consolidation,0.1103,294.78,10.71441777,8.29,687,2760.041667,12303,59.7,0,0,0,0
1,credit_card,0.1039,233.65,10.77895629,12.63,702,1140.0,5824,44.7,0,0,0,0
1,debt_consolidation,0.1292,504.84,10.71441777,6.08,677,3240.0,5071,78.0,1,1,0,1
1,debt_consolidation,0.1039,486.76,10.88382293,11.37,717,2250.0,24,0.3,0,0,0,0
1,debt_consolidation,0.1197,398.4,10.71441777,22.67,702,3183.041667,16616,66.7,0,0,0,0
1,debt_consolidation,0.1103,671.44,10.55581274,15.72,722,3580.041667,31566,32.3,1,0,0,1
1,small_business,0.1261,670.13,10.54534144,4.04,687,3570.041667,4110,91.3,0,0,0,0
1,debt_consolidation,0.1071,521.63,10.59653473,19.23,722,3120.041667,16738,77.9,1,0,0,0
1,all_other,0.0976,803.87,12.20607265,4.95,777,2159.0,54392,0.0,0,0,0,0
1,home_improvement,0.1103,98.26,11.23697432,11.8,717,6589.0,46427,98.4,0,0,0,0
1,credit_card,0.1387,135.61,10.08580911,21.9,662,4200.041667,10944,82.3,1,0,0,0
1,debt_consolidation,0.1324,676.2,11.28978191,20.73,697,4080.0,16805,64.1,0,0,0,0
1,debt_consolidation,0.0976,321.55,10.54534144,3.22,722,2670.041667,9255,63.0,0,0,0,0
1,debt_consolidation,0.1071,652.04,10.86969163,13.11,727,4085.0,16194,39.8,1,0,0,0
1,debt_consolidation,0.0976,771.72,11.91839057,0.22,782,4319.041667,4643,5.8,3,0,0,0
1,debt_consolidation,0.0863,316.28,10.30895266,13.16,752,4109.0,3808,31.0,2,0,0,0
1,debt_consolidation,0.145,516.32,11.08214255,15.6,662,3570.041667,9080,63.9,1,0,0,0
1,debt_consolidation,0.1039,292.06,10.49460201,14.45,707,1621.041667,4551,25.3,0,0,0,0
1,debt_consolidation,0.1166,330.53,10.4341158,23.96,742,3840.041667,11927,45.5,2,0,0,0
1,small_business,0.1355,339.6,11.17885035,3.35,662,5460.0,5261,73.1,2,1,0,1
1,debt_consolidation,0.0768,93.57,10.5865844,0.91,767,5520.0,1139,27.1,1,0,0,0
1,debt_consolidation,0.0976,192.93,10.13459927,5.43,707,2820.041667,5280,40.6,1,0,0,0
1,credit_card,0.0945,320.1,11.08214255,11.69,727,2641.0,13607,63.3,3,0,0,0
1,debt_consolidation,0.1134,394.8,10.54534144,8.72,687,4261.041667,11134,70.9,0,0,0,0
1,home_improvement,0.1134,329.0,11.22524339,14.8,712,2970.0,23623,45.7,3,0,0,0
1,debt_consolidation,0.1103,311.16,11.22524339,11.3,692,4380.0,9711,71.4,0,1,0,0
1,debt_consolidation,0.08,94.01,10.49127422,2.6,742,4380.0,2456,23.4,0,1,0,0
1,debt_consolidation,0.1387,341.15,10.4744671,13.19,662,4050.0,11969,88.0,2,0,0,1
1,small_business,0.0945,192.06,11.00209984,13.16,732,4470.0,32421,55.0,0,0,0,0
1,major_purchase,0.0832,182.61,10.46367461,0.72,742,2767.041667,1348,5.2,3,0,0,0
1,debt_consolidation,0.1671,710.18,11.08214255,20.09,662,4110.0,26255,74.3,1,0,0,0
1,debt_consolidation,0.1071,508.59,10.77895629,14.58,717,5219.0,20838,62.6,1,0,0,1
1,credit_card,0.0945,456.94,11.81303006,11.18,737,3660.0,11188,56.0,1,0,0,0
1,all_other,0.08,313.37,11.66992921,0.0,787,8370.0,0,0.0,0,0,0,0
1,home_improvement,0.0863,28.47,10.95080655,0.32,717,1680.041667,167,3.3,2,0,0,0
1,debt_consolidation,0.1166,330.53,10.30895266,15.44,687,2159.0,10997,75.3,0,0,0,0
1,major_purchase,0.1008,32.31,10.54534144,20.53,732,3360.0,2308,46.2,0,0,0,0
1,debt_consolidation,0.1197,481.4,11.08214255,8.6,687,3270.0,15506,95.7,1,0,0,1
1,debt_consolidation,0.1134,263.2,10.08580911,9.8,682,3210.041667,7720,63.7,2,0,0,0
1,debt_consolidation,0.1071,163.01,10.828401,6.95,687,4229.041667,11973,70.8,0,0,1,0
1,all_other,0.0976,675.25,10.71441777,1.79,767,2044.041667,142,0.6,0,0,0,0
1,home_improvement,0.0976,482.32,10.16585182,5.77,777,4560.041667,3050,2.9,1,0,0,1
1,debt_consolidation,0.1134,493.5,10.96335901,8.61,697,5129.0,14453,45.5,1,0,0,0
1,all_other,0.0976,180.07,10.59663473,7.47,707,2939.0,7842,43.8,2,0,0,0
1,debt_consolidation,0.1039,162.26,11.15051985,15.72,707,2970.0,5762,43.3,1,0,0,1
1,home_improvement,0.0863,316.28,11.60093634,6.4,742,4080.0,2339,44.1,0,0,0,0
1,debt_consolidation,0.1387,375.26,10.81985828,20.93,672,2340.041667,17436,93.2,0,0,0,0
1,debt_consolidation,0.0976,482.32,10.91508846,15.1,762,7920.041667,11648,14.8,1,0,0,1
1,debt_consolidation,0.145,663.47,10.42228135,9.86,667,2940.0,8731,56.7,1,0,0,1
1,debt_consolidation,0.1513,173.65,10.93339264,21.32,667,3600.041667,22210,98.3,0,0,0,0
1,debt_consolidation,0.0863,221.4,10.6454249,2.74,727,2310.041667,6496,40.1,0,0,0,0
1,debt_consolidation,0.1103,360.29,9.92329018,6.82,697,1530.0,3041,84.5,2,0,0,1
1,all_other,0.1166,330.53,10.30895266,8.56,682,1200.0,2000,46.5,3,0,0,0
1,major_purchase,0.0976,321.55,10.08580911,2.7,717,5168.0,3717,16.1,3,1,0,1
1,debt_consolidation,0.1576,420.47,11.51292546,18.55,667,4560.041667,34841,89.6,0,0,0,0
1,all_other,0.0945,224.07,11.44035477,10.86,717,4080.0,5257,32.9,1,0,0,1
1,debt_consolidation,0.1418,548.25,11.84934056,3.4,662,2610.0,15193,33.4,0,0,0,0
1,all_other,0.1134,329.0,10.261162,5.37,687,2730.041667,3245,54.1,2,0,1,0
1,debt_consolidation,0.1229,490.29,10.52406404,21.94,702,1950.041667,14694,43.1,2,0,0,1
1,all_other,0.08,225.63,11.32659589,5.54,762,4259.041667,438,0.8,3,0,0,0
1,all_other,0.0976,257.24,10.59663473,18.72,742,6569.0,38605,67.7,0,0,0,0
1,debt_consolidation,0.1071,95.36,10.20359214,6.62,682,1199.0,6611,49.1,1,0,0,0
1,debt_consolidation,0.1418,274.13,10.53049493,20.71,662,4140.041667,5723,52.0,1,0,0,0
1,home_improvement,0.08,156.69,11.28978191,3.75,762,12668.04167,8366,7.1,0,0,0,0
1,debt_consolidation,0.1197,351.92,10.57254694,14.9,682,2579.0,7583,80.7,0,0,0,1
1,debt_consolidation,0.1039,194.71,9.729134165,7.5,692,1920.0,4524,94.2,1,0,0,0
1,home_improvement,0.1008,258.44,11.03488966,0.81,712,3660.0,3596,25.1,1,0,1,0
1,major_purchase,0.1608,879.92,10.71441777,6.4,667,5160.0,12704,54.1,0,3,0,1
1,credit_card,0.0945,150.45,11.08214255,11.13,717,5208.0,16724,41.7,0,0,0,0
1,home_improvement,0.0945,640.2,11.69524702,4.19,787,5159.0,311,0.0,2,0,0,0
1,debt_consolidation,0.1292,168.28,11.1844214,19.67,687,4710.0,19771,92.4,1,0,0,0
1,debt_consolidation,0.1008,581.49,11.12431747,11.01,732,3389.0,10826,41.5,0,0,0,0
1,home_improvement,0.0945,640.2,10.70324447,0.81,797,3450.041667,281,1.7,1,0,0,0
1,all_other,0.1513,694.59,11.2515607,10.25,662,3332.0,4289,66.0,1,0,0,0
1,debt_consolidation,0.1292,807.74,11.29849385,15.08,697,4440.0,21364,86.5,0,0,0,1
1,all_other,0.0976,514.48,13.25759333,1.61,742,6390.041667,22627,27.3,1,0,0,0
1,debt_consolidation,0.1418,411.19,11.20721519,18.16,662,3209.041667,11258,71.7,1,0,0,0
1,debt_consolidation,0.1039,389.41,10.34817337,17.0,717,3209.041667,0,0.0,2,0,0,0
1,debt_consolidation,0.1387,264.39,10.30895266,24.68,682,1500.0,26996,66.8,0,0,0,0
1,all_other,0.0976,482.32,11.08214255,11.35,737,3990.0,3834,33.3,2,0,0,1
1,debt_consolidation,0.1355,645.24,11.87756858,1.67,677,5370.041667,9416,95.1,2,0,0,0
1,debt_consolidation,0.1229,293.51,10.81977828,20.04,692,3360.0,25807,59.8,1,0,0,0
1,all_other,0.0863,316.28,11.00209984,8.94,732,4440.0,16167,44.3,3,0,0,0
1,debt_consolidation,0.1134,361.9,10.858999,9.39,687,2703.041667,12678,43.6,0,0,1,0
1,debt_consolidation,0.1229,281.84,14.52835448,0.13,672,1293.041667,8747,51.8,1,0,0,0
1,debt_consolidation,0.1071,684.64,11.08214255,2.9,722,1380.041667,5694,17.7,1,0,0,1
1,debt_consolidation,0.1324,338.1,11.09741002,18.2,672,4620.041667,12008,54.2,3,1,0,0
1,debt_consolidation,0.1197,278.88,10.84778248,20.96,697,4619.041667,14129,84.1,0,0,0,0
1,home_improvement,0.1039,486.76,11.58988651,8.92,712,3059.041667,15553,20.0,1,0,0,0
1,home_improvement,0.1197,298.8,11.28978191,19.37,682,9059.041667,26966,70.2,1,0,1,0
1,all_other,0.1166,330.53,11.06663836,13.33,712,4383.0,2388,48.7,2,0,0,0
1,debt_consolidation,0.1261,234.55,10.46310334,9.63,667,1290.041667,11698,78.5,1,0,0,0
1,credit_card,0.0976,241.16,11.40756495,12.32,722,1950.041667,5570,25.4,3,0,0,0
1,major_purchase,0.0945,224.07,9.915613732,5.99,712,4470.0,4641,33.1,0,0,0,0
1,debt_consolidation,0.1166,396.63,10.77895629,10.05,682,2670.0,15774,44.8,2,0,0,0
1,debt_consolidation,0.1324,507.15,10.75312553,10.03,672,4110.0,9288,71.4,0,0,0,0
1,debt_consolidation,0.1355,288.66,10.2646524,17.56,662,1889.0,17488,90.6,1,0,0,0
1,debt_consolidation,0.0832,409.3,10.26813067,0.83,807,5189.0,209,2.3,1,0,0,0
1,debt_consolidation,0.1292,222.97,10.23995979,19.93,667,5729.041667,15049,71.3,0,0,0,0
1,all_other,0.1197,365.2,10.49127422,15.83,682,4410.0,23253,72.0,1,0,0,0
1,debt_consolidation,0.1261,603.12,11.14186178,14.02,682,3570.041667,10769,63.0,1,1,0,0
1,credit_card,0.1387,852.87,11.05089001,17.28,692,8700.041667,21357,42.0,1,0,0,0
1,debt_consolidation,0.0945,320.1,11.45105006,7.44,727,3360.0,29884,43.6,0,0,0,0
1,home_improvement,0.1008,807.62,11.46163217,10.42,757,11970.04167,16386,11.3,0,0,0,0
1,debt_consolidation,0.1071,326.02,11.24177269,10.37,702,11280.0,26888,26.2,0,0,0,0
1,debt_consolidation,0.1292,336.56,10.52406404,6.74,672,2609.0,7067,65.8,0,0,0,0
1,credit_card,0.1166,396.63,11.73606902,12.94,682,3720.0,36467,62.9,0,0,0,0
1,debt_consolidation,0.1261,301.56,10.42228135,14.68,687,4650.041667,14371,60.9,0,1,0,1
1,debt_consolidation,0.1103,491.3,11.91582729,9.52,702,3780.041667,25870,56.1,0,1,0,1
1,debt_consolidation,0.1134,416.19,10.59663473,21.96,717,4291.041667,1727,8.9,1,0,0,0
1,credit_card,0.164,636.39,11.91839057,24.03,672,4290.041667,28846,57.9,1,0,0,1
1,home_improvement,0.1229,406.91,10.55581274,9.31,687,5670.041667,2329,39.4,0,0,0,0
1,all_other,0.0737,62.1,10.46310334,0.86,797,11430.0,324,0.2,0,0,0,0
1,debt_consolidation,0.1261,201.04,10.81977828,3.89,667,5970.041667,20845,47.7,0,0,0,0
1,debt_consolidation,0.1103,491.3,11.11542853,15.5,707,2370.041667,12569,46.2,0,0,0,1
1,debt_consolidation,0.1103,327.53,10.75790288,13.48,702,3000.0,9697,58.0,0,0,0,0
1,all_other,0.1103,327.53,10.42228135,2.61,697,2370.041667,2952,30.1,2,0,0,0
1,debt_consolidation,0.1071,179.31,10.62132735,12.12,692,7140.041667,13427,82.9,0,0,0,0
1,all_other,0.1229,667.06,11.08214255,13.5,692,2370.041667,6045,34.9,1,0,1,1
1,debt_consolidation,0.1103,720.57,11.40756495,17.39,717,4470.0,18913,34.1,1,0,0,0
1,debt_consolidation,0.1324,405.72,10.87804719,17.82,667,7349.0,18593,35.0,0,5,1,0
1,all_other,0.08,313.37,10.858999,2.1,792,5219.0,0,0.0,1,0,0,0
1,credit_card,0.0945,409.73,11.08214255,8.86,742,5129.0,13207,77.7,0,0,0,0
1,all_other,0.1103,157.22,10.66886237,2.34,687,1950.0,3273,44.8,1,0,0,0
1,debt_consolidation,0.1229,633.71,11.56171563,10.01,687,5250.041667,19368,38.6,1,3,0,0
1,all_other,0.1071,782.44,11.15625052,0.57,727,5040.041667,782,3.0,1,0,0,1
1,educational,0.1103,589.56,10.66347529,6.15,707,2820.041667,6362,69.2,0,0,0,0
1,all_other,0.0976,353.71,11.33384664,5.88,717,4500.0,15342,50.0,0,1,0,0
1,debt_consolidation,0.1103,206.35,10.96819829,9.21,687,7049.0,871,8.1,0,0,0,0
1,credit_card,0.0832,251.88,11.82041016,8.63,752,6149.041667,13238,23.0,1,0,0,0
1,debt_consolidation,0.1261,301.56,10.81977828,7.15,667,2579.0,1918,56.4,0,0,0,0
1,credit_card,0.1039,464.05,10.30895266,21.28,752,2729.041667,5649,30.2,2,0,0,0
1,debt_consolidation,0.0945,230.47,10.71441777,0.8,717,2730.041667,3332,30.6,0,0,0,1
1,all_other,0.1734,895.56,11.47210347,18.8,662,11520.04167,14706,77.0,0,2,0,0
1,debt_consolidation,0.1261,670.13,11.33857208,14.51,692,1890.0,27129,39.0,2,0,0,0
1,debt_consolidation,0.1292,269.25,11.15625052,4.08,667,5820.0,1152,13.1,3,3,0,0
1,debt_consolidation,0.1292,377.79,10.35316092,23.31,712,3780.0,8837,52.6,1,0,0,1
1,all_other,0.0976,30.55,10.04324949,22.38,742,4470.0,2246,9.9,1,0,0,0
1,debt_consolidation,0.1039,389.41,10.30895266,0.0,712,4440.0,9258,71.2,1,0,0,0
1,debt_consolidation,0.1324,405.72,10.20359214,11.96,667,4890.041667,8671,61.5,0,0,0,0
1,debt_consolidation,0.1387,477.61,11.04292184,20.45,677,2675.0,20065,66.0,2,0,0,0
1,educational,0.1134,329.0,10.14124382,8.79,692,3839.041667,1573,39.3,0,0,0,1
1,debt_consolidation,0.0832,377.82,11.40756495,1.63,792,5729.041667,4359,15.3,0,0,0,0
1,all_other,0.1324,338.1,10.96819829,10.9,662,2009.041667,10055,54.9,3,0,1,0
1,major_purchase,0.1355,407.52,11.15625052,17.07,667,7565.041667,2549,57.9,0,0,0,0
1,debt_consolidation,0.1071,273.86,10.83958091,16.47,702,4530.041667,16021,66.8,1,0,0,0
1,all_other,0.1008,807.62,10.89635036,0.0,762,6420.041667,0,0.0,1,0,0,0
1,debt_consolidation,0.1197,398.4,11.35040654,14.08,682,7230.041667,22205,88.8,2,0,1,0
1,debt_consolidation,0.0945,320.1,11.73606902,5.28,727,9120.0,9438,33.5,3,0,0,0
1,debt_consolidation,0.0863,316.28,11.40756495,5.91,732,5760.041667,18343,26.2,0,1,0,0
1,all_other,0.1008,387.66,11.77528973,21.2,772,6750.041667,74885,0.0,0,0,0,0
1,all_other,0.1039,162.26,9.903487553,14.82,702,2851.041667,4873,26.9,1,0,0,0
1,credit_card,0.1134,493.5,11.33857208,10.49,697,3089.041667,11332,39.7,0,0,0,0
1,debt_consolidation,0.1229,640.38,10.87804719,18.93,702,3689.0,20033,82.8,1,0,0,1
1,debt_consolidation,0.1261,180.94,10.60905725,12.12,667,2729.041667,4565,68.1,0,1,0,0
1,major_purchase,0.1134,296.1,11.51292546,1.2,682,5130.0,4000,80.0,3,0,0,0
1,all_other,0.1166,115.69,10.90159787,12.38,672,7530.041667,0,0.0,0,2,0,0
1,all_other,0.1134,230.3,10.71441777,9.92,687,2520.041667,1767,34.6,1,0,1,0
1,all_other,0.1324,405.72,10.69557468,14.4,672,3720.0,768,64.0,2,0,0,0
1,credit_card,0.0976,305.47,11.06763786,4.8,717,5070.041667,12226,45.6,0,1,1,0
1,all_other,0.0737,93.14,10.58415721,1.55,802,3660.0,2724,7.9,0,0,0,0
1,all_other,0.08,109.68,10.79059661,0.62,742,7170.041667,308,17.1,4,0,0,0
1,debt_consolidation,0.08,37.61,9.60238246,2.43,747,2250.0,1946,6.5,3,0,0,0
1,all_other,0.1008,129.22,10.91871823,19.43,717,4770.0,4446,61.7,3,0,0,0
1,debt_consolidation,0.1008,290.75,10.57131693,5.17,707,2190.0,8486,66.8,1,0,0,0
1,all_other,0.1355,203.76,11.1844214,23.37,682,6599.0,19826,39.0,2,0,0,0
1,credit_card,0.0945,160.05,10.59663473,5.97,722,2819.041667,3212,35.7,1,1,0,0
1,credit_card,0.1355,407.52,10.91508846,14.99,667,4499.0,10918,59.0,2,0,0,0
1,educational,0.0945,320.1,11.15625052,9.38,722,1859.0,8850,32.3,0,0,0,0
1,all_other,0.1039,129.81,10.30895266,6.04,697,6330.0,10366,64.4,0,0,1,0
1,debt_consolidation,0.1229,366.89,10.50232405,11.6,677,1500.0,10765,60.5,2,0,0,0
1,all_other,0.1134,658.0,10.91508846,5.19,712,8400.0,5482,17.4,0,2,0,1
1,debt_consolidation,0.0945,480.15,11.04132055,6.46,752,4500.0,5196,34.6,2,0,0,0
1,all_other,0.0976,803.87,11.15625052,4.92,792,4140.0,3114,11.3,0,0,0,0
1,all_other,0.1039,272.59,10.46321762,19.61,717,4439.958333,213,7.1,1,0,1,0
1,debt_consolidation,0.1197,249.0,9.862665558,10.94,677,1920.0,6450,70.9,3,0,0,0
1,credit_card,0.1229,400.24,11.40756495,8.81,677,2340.041667,15486,33.1,1,0,0,0
1,all_other,0.0863,253.03,10.89821971,10.78,732,3390.0,5623,67.7,1,0,0,0
1,credit_card,0.1039,129.81,10.87804719,13.09,702,4441.0,1308,6.9,1,0,0,0
1,debt_consolidation,0.0945,448.14,10.6454249,5.31,737,3030.0,11556,24.3,0,0,0,0
1,major_purchase,0.1134,118.44,10.91508846,13.51,682,3510.0,623,31.1,0,0,0,0
1,all_other,0.1039,811.27,11.51292546,7.25,737,3780.0,0,0.0,2,1,0,0
1,all_other,0.1355,407.52,11.77528973,8.32,662,3060.041667,22044,81.6,0,0,0,0
1,credit_card,0.08,250.7,10.38183131,8.55,782,5550.0,8793,18.8,0,0,0,0
1,debt_consolidation,0.1324,444.6,10.53720315,20.66,677,4620.041667,2796,38.8,2,0,0,0
1,all_other,0.1071,489.03,11.28978191,6.9,707,7410.0,8298,38.6,3,0,1,0
1,debt_consolidation,0.1355,373.56,10.77895629,22.75,677,2730.041667,10211,96.3,0,0,0,0
1,credit_card,0.1071,195.61,10.81977828,9.22,687,2790.0,22188,70.0,0,0,0,0
1,debt_consolidation,0.1166,314.0,10.59663473,18.78,697,2309.958333,21160,78.7,0,0,0,1
1,credit_card,0.0768,109.17,10.30895266,2.52,762,3840.0,2096,46.6,0,0,0,0
1,debt_consolidation,0.145,516.32,11.22235924,24.61,682,2430.0,55632,80.7,3,0,0,0
1,educational,0.0976,241.16,9.903487553,10.56,717,4121.958333,3415,14.3,0,0,0,0
1,all_other,0.0863,221.4,10.75363848,12.23,727,2940.958333,1287,7.8,0,0,0,0
1,credit_card,0.1103,294.78,11.12726298,12.72,687,9119.958333,36164,39.4,1,0,0,1
1,debt_consolidation,0.1513,680.69,11.22524339,19.36,662,2669.958333,20658,55.4,0,0,0,0
1,credit_card,0.1071,228.22,10.30895266,21.48,722,10110.0,24397,53.4,1,0,0,0
1,debt_consolidation,0.08,87.75,9.60238246,5.48,747,2249.958333,1946,6.5,3,0,0,0
1,all_other,0.1039,324.51,11.08795638,14.82,767,6420.0,0,0.0,1,0,0,0
1,debt_consolidation,0.1051,97.53,10.59663473,16.08,727,3464.041667,14582,26.7,2,0,0,1
1,debt_consolidation,0.1071,208.65,10.91508846,6.11,697,3689.958333,14971,46.8,0,0,0,0
1,debt_consolidation,0.1482,691.55,11.40756495,23.45,692,3870.0,43868,47.8,1,0,1,0
1,debt_consolidation,0.1008,323.05,10.77895629,2.65,742,4260.0,6512,16.4,0,0,0,0
1,credit_card,0.0832,236.14,11.15625052,2.81,757,4199.958333,7905,30.2,0,0,0,0
1,credit_card,0.0976,213.83,11.18886982,15.63,717,4379.958333,6161,26.6,0,0,0,0
1,debt_consolidation,0.1103,537.15,10.818177,4.42,712,1859.958333,3964,24.0,0,0,0,1
1,home_improvement,0.1039,194.71,10.20359214,21.78,737,4989.0,1815,60.5,3,0,0,0
1,all_other,0.08,235.03,10.59663473,5.22,772,5280.0,0,0.0,3,0,0,0
1,debt_consolidation,0.0976,707.41,11.28978191,9.81,757,5549.958333,1998,22.4,1,0,0,0
1,home_improvement,0.0945,128.04,11.48452599,13.16,732,2500.0,41248,5.3,3,0,0,0
1,debt_consolidation,0.1261,670.13,11.09741002,13.4,687,3419.958333,24008,77.9,0,0,0,0
1,credit_card,0.1197,697.2,11.92503512,7.99,697,8101.958333,17788,52.7,3,0,0,0
1,all_other,0.0945,480.15,11.91839057,6.47,757,3990.0,4232,8.9,2,0,0,0
1,all_other,0.1134,98.7,10.53049493,7.72,677,1680.0,0,53.0,1,0,0,1
1,debt_consolidation,0.157,525.17,11.35035948,20.44,672,5490.0,28511,56.7,1,0,0,0
1,all_other,0.0768,187.14,10.67359577,0.83,792,4139.958333,138,0.2,0,0,0,0
1,credit_card,0.1166,314.0,11.69524702,18.23,697,4950.0,114629,64.5,2,0,0,0
1,debt_consolidation,0.1039,324.51,11.23261615,12.88,707,2939.958333,10689,18.4,3,0,0,0
1,debt_consolidation,0.0976,257.24,10.08580911,17.0,732,3779.958333,6188,53.8,0,0,0,0
1,debt_consolidation,0.0832,314.85,10.59533389,14.54,772,5790.0,4743,28.1,0,0,0,1
1,debt_consolidation,0.1103,235.83,11.04917425,21.83,717,5219.958333,12025,37.2,2,0,0,0
1,home_improvement,0.0976,803.87,11.69524702,8.91,792,8129.958333,3706,12.8,1,0,0,0
1,debt_consolidation,0.1134,526.4,11.35040654,9.37,702,4590.0,8833,44.8,1,0,1,0
1,debt_consolidation,0.1039,292.06,10.71441777,14.64,712,4439.958333,6239,63.0,3,0,0,0
1,debt_consolidation,0.1324,540.96,10.59663473,11.73,672,3210.0,5671,55.1,0,0,0,0
1,credit_card,0.1229,100.06,10.37349118,13.28,672,4320.0,2940,27.7,1,2,0,0
1,debt_consolidation,0.1355,848.99,11.03488966,14.26,697,2730.0,7019,13.4,2,0,0,1
1,debt_consolidation,0.1197,298.8,10.95954023,18.76,682,4350.0,9883,66.7,1,1,1,0
1,debt_consolidation,0.0976,482.32,12.07254125,3.17,742,2820.0,1436,3.1,0,0,0,0
1,debt_consolidation,0.1292,168.28,10.64780302,21.04,677,2910.958333,13073,55.9,3,0,0,1
1,all_other,0.1008,807.62,11.88448902,1.73,762,7769.958333,5681,14.1,1,0,0,0
1,debt_consolidation,0.1039,811.27,11.40756495,13.28,747,3359.958333,48556,10.9,0,0,0,0
1,debt_consolidation,0.1324,253.58,10.81961827,24.89,712,2418.0,19418,83.7,3,1,0,0
1,debt_consolidation,0.1324,118.34,10.95080655,23.05,687,2730.0,45988,88.4,0,0,0,0
1,credit_card,0.1039,584.12,12.23076526,12.27,712,5549.958333,77034,32.3,2,0,0,0
1,educational,0.1103,52.41,10.53209621,15.84,682,1829.958333,0,49.4,0,0,0,0
1,debt_consolidation,0.1008,151.03,10.46310334,18.72,722,3900.0,9910,99.1,2,0,0,1
1,educational,0.0832,188.91,11.5228758,11.75,737,6870.0,1532,4.7,0,0,0,0
1,all_other,0.0976,167.21,10.4341158,1.52,707,2579.958333,4699,28.8,1,1,0,0
1,educational,0.0832,251.88,10.62254611,17.6,797,6989.958333,7017,8.4,0,0,0,1
1,major_purchase,0.1008,161.53,10.6454249,21.77,762,4470.958333,13,1.9,1,0,0,0
1,all_other,0.1292,807.74,11.46163217,7.06,687,6360.0,9201,49.7,2,1,1,0
1,credit_card,0.1261,837.67,11.60739893,24.04,757,7260.0,8220,63.2,0,0,0,1
1,all_other,0.1292,269.25,10.81977828,1.39,662,4446.958333,2692,49.9,3,0,0,0
1,all_other,0.0976,578.79,11.50287513,8.86,742,4530.0,2448,61.2,3,0,0,0
1,all_other,0.0768,93.57,10.81977828,0.79,757,3180.0,3894,10.5,0,0,0,0
1,all_other,0.1197,166.0,10.77895629,20.68,692,9330.0,13734,28.4,0,0,0,0
1,all_other,0.1134,329.0,10.81977828,12.05,692,1620.0,13744,62.2,0,0,0,0
1,credit_card,0.1103,201.44,10.48328685,17.1,687,1260.0,6111,64.3,0,0,0,0
1,credit_card,0.1008,646.1,11.91839057,6.86,742,3180.0,84,0.2,2,0,0,0
1,all_other,0.0976,385.86,11.45952469,8.65,727,4650.0,19073,28.6,3,1,0,1
1,debt_consolidation,0.1229,232.64,10.23995979,12.81,667,6283.958333,13817,38.4,0,1,0,0
1,credit_card,0.1166,330.53,11.69524702,8.13,682,3060.0,59145,81.1,0,0,0,0
1,debt_consolidation,0.1292,201.94,10.61643736,15.32,667,2700.0,7091,47.3,2,2,0,0
1,debt_consolidation,0.1071,603.13,10.44290063,13.33,717,4560.0,18179,34.4,0,0,0,0
1,debt_consolidation,0.1039,389.41,10.43816641,15.99,712,4590.0,6151,52.7,1,0,0,0
1,major_purchase,0.08,250.7,10.80454281,2.24,777,3780.958333,2056,7.3,1,0,0,0
1,debt_consolidation,0.1482,691.55,11.22524339,14.69,672,4439.958333,29292,60.4,1,0,0,0
1,all_other,0.0832,37.79,10.40426284,3.42,722,2160.0,6685,19.2,1,0,0,0
1,credit_card,0.1039,194.71,10.58870336,13.88,702,2730.0,7198,65.4,1,0,0,0
1,debt_consolidation,0.0976,321.55,10.49824983,8.11,717,4139.958333,6179,11.2,2,0,0,1
1,all_other,0.0945,640.2,11.44563115,3.98,777,3029.958333,32,0.3,0,0,0,0
1,major_purchase,0.0768,187.14,10.5865844,9.52,817,6629.958333,922,3.8,0,0,0,0
1,home_improvement,0.1324,202.86,10.55581274,23.09,687,5010.0,9912,65.6,1,0,0,0
1,credit_card,0.0863,142.33,9.047821442,4.24,732,2100.0,6699,7.2,0,1,0,0
1,educational,0.1324,338.1,11.53272809,7.31,667,3823.0,27452,96.3,2,0,0,1
1,debt_consolidation,0.1166,528.84,11.28978191,13.47,702,2400.0,14958,46.7,3,0,0,0
1,credit_card,0.1229,266.83,11.47210347,5.36,687,4062.958333,45251,66.7,3,1,0,1
1,all_other,0.0768,155.95,12.1281111,11.97,777,5526.958333,9253,33.3,0,0,0,0
1,credit_card,0.1324,845.25,11.91839057,7.84,697,5189.958333,31405,95.7,0,0,0,0
1,debt_consolidation,0.1134,230.3,10.59663473,9.81,682,3030.958333,6475,96.6,0,0,0,0
1,debt_consolidation,0.1134,263.2,10.71441777,8.75,682,2490.0,0,66.7,1,1,0,1
1,debt_consolidation,0.1071,391.22,11.30458678,18.59,717,2639.958333,34566,69.0,1,0,0,0
1,all_other,0.0832,314.85,11.28978191,6.25,752,3150.0,3248,16.7,0,0,0,0
1,debt_consolidation,0.1166,462.74,10.91508846,8.42,687,3749.958333,17623,83.1,0,1,0,0
1,all_other,0.1292,100.97,10.5454467,20.84,672,9119.958333,9642,64.3,0,2,0,0
1,debt_consolidation,0.145,550.74,11.47029976,22.27,672,5159.958333,16930,70.8,0,0,0,0
1,credit_card,0.1324,446.29,11.22524339,21.06,682,5159.958333,13438,71.9,1,0,1,1
1,debt_consolidation,0.1229,500.3,11.2515607,19.39,692,3450.0,18198,44.3,2,1,0,0
1,debt_consolidation,0.1229,50.03,10.27505111,4.18,662,2850.0,0,0.0,3,0,0,0
1,debt_consolidation,0.0976,176.86,10.26813067,21.92,762,3120.0,1763,26.3,0,0,0,0
1,credit_card,0.0976,96.47,11.51292546,2.1,702,1770.0,8439,22.0,0,0,0,0
1,debt_consolidation,0.1166,370.19,11.28978191,17.78,692,1980.0,24259,56.5,0,0,0,1
1,all_other,0.08,206.83,10.82177629,12.86,762,12330.0,3339,16.9,1,0,0,0
1,credit_card,0.1134,296.1,9.825526011,11.68,682,4230.0,9237,64.6,1,0,1,1
1,debt_consolidation,0.1103,818.83,11.99535161,9.38,722,3719.958333,7746,26.0,0,2,0,0
1,credit_card,0.0976,318.34,11.00209984,1.8,717,3820.0,4506,18.7,2,0,1,0
1,home_improvement,0.0832,125.94,11.10465643,0.0,767,4740.0,1401,1.9,1,0,0,0
1,credit_card,0.0976,450.17,10.71441777,11.31,727,2730.0,14571,59.5,0,0,0,0
1,debt_consolidation,0.1229,23.35,9.852194258,12.38,662,1199.958333,0,53.2,1,0,0,0
1,debt_consolidation,0.1166,178.49,10.9560559,15.92,687,4505.958333,3037,76.8,0,1,0,0
1,debt_consolidation,0.1197,116.2,10.61643736,21.97,687,3749.958333,17394,93.5,1,0,0,0
1,debt_consolidation,0.1166,247.9,11.00209984,19.22,687,4530.0,17745,92.4,1,0,0,0
1,debt_consolidation,0.1292,269.25,10.71441777,19.89,692,5249.958333,4755,89.7,1,0,0,0
1,credit_card,0.1103,262.03,10.57131693,14.8,697,1589.958333,8158,57.0,0,0,0,0
1,all_other,0.1103,141.66,11.69524702,15.07,722,5219.958333,70685,88.7,1,0,0,0
1,debt_consolidation,0.1418,568.81,11.08460106,14.62,667,3719.958333,11294,61.4,1,1,0,0
1,debt_consolidation,0.1324,223.15,10.3859137,22.0,672,2279.958333,6521,67.7,3,0,0,0
1,debt_consolidation,0.1039,243.38,11.01862914,14.85,727,2490.0,4322,44.1,2,0,0,0
1,credit_card,0.1071,224.14,10.57131693,9.66,717,4739.958333,19383,90.2,1,0,0,0
1,all_other,0.1103,235.83,10.34174248,14.4,692,3930.0,19076,66.6,0,0,0,1
1,credit_card,0.1418,428.32,10.95080655,24.55,692,2700.0,34181,59.5,0,0,0,0
1,debt_consolidation,0.1576,659.61,11.69524702,14.23,677,5070.0,27550,94.6,2,1,1,0
1,debt_consolidation,0.1229,192.62,11.48452599,19.7,707,4530.0,13685,46.7,1,0,0,0
1,home_improvement,0.0768,155.95,10.59663473,11.49,797,6959.958333,257,1.4,0,0,0,0
1,debt_consolidation,0.1134,213.85,10.83958091,20.82,722,8700.0,23119,50.6,3,0,1,0
1,credit_card,0.0976,482.32,11.64395373,14.33,762,6120.0,26402,87.3,0,0,0,0
1,major_purchase,0.1008,587.14,12.32385568,4.51,757,5460.0,2527,39.5,0,0,0,0
1,all_other,0.0863,202.42,10.98359637,10.55,727,3344.958333,1686,52.7,0,0,0,0
1,credit_card,0.0976,160.78,10.54534144,4.45,712,3419.958333,9877,60.6,2,0,0,0
1,all_other,0.1324,265.41,12.20607265,15.62,707,4680.0,36293,62.3,3,0,0,1
1,debt_consolidation,0.1071,339.06,10.87066149,15.6,717,3749.958333,19859,63.4,0,0,0,1
1,credit_card,0.1134,274.72,11.00209984,14.56,687,3419.958333,15629,66.2,0,0,1,0
1,debt_consolidation,0.1166,198.32,10.20359214,18.53,682,1529.958333,5901,47.2,0,0,0,0
1,major_purchase,0.1103,183.42,10.81977828,0.6,682,1303.0,424,8.0,2,1,0,0
1,credit_card,0.145,640.24,11.22524339,22.74,682,5969.958333,32682,96.1,0,0,0,0
1,debt_consolidation,0.0863,132.84,11.6421978,2.09,737,6390.0,11730,47.5,0,0,0,0
1,debt_consolidation,0.1197,260.62,12.10071213,6.65,682,3900.0,20237,24.4,3,0,0,0
1,credit_card,0.1197,109.56,9.798127037,17.4,672,1169.958333,8562,32.9,3,0,0,1
1,credit_card,0.1166,240.46,10.91348718,16.91,712,4859.958333,17581,98.2,0,0,0,1
1,debt_consolidation,0.1355,339.6,11.90496755,10.14,662,4620.0,3608,37.6,1,1,0,0
1,all_other,0.1008,306.9,11.46163217,3.36,757,4170.0,16098,22.8,0,0,0,0
1,debt_consolidation,0.1387,388.91,11.00209984,24.48,712,10110.0,44293,73.6,0,0,0,0
1,debt_consolidation,0.1418,513.98,11.09741002,21.49,702,5400.0,24992,77.1,0,0,0,0
1,credit_card,0.1039,389.41,10.7342204,18.75,732,2370.0,14499,23.9,0,0,0,0
1,credit_card,0.0737,22.51,9.392661929,3.6,792,2609.958333,1814,7.0,0,0,0,0
1,credit_card,0.1008,315.78,11.8493977,2.74,752,5879.958333,28332,51.0,0,0,0,0
1,debt_consolidation,0.145,430.27,11.00209984,21.72,697,8489.958333,24325,83.2,0,0,1,0
1,all_other,0.0976,16.08,10.98529272,22.17,742,4590.0,65414,47.8,0,0,0,0
1,debt_consolidation,0.1292,175.01,11.32659589,14.24,707,8670.0,56002,73.8,0,0,0,0
1,debt_consolidation,0.1229,268.5,11.6307085,3.07,687,4710.0,18673,66.7,0,2,0,0
1,major_purchase,0.08,188.02,11.98292909,0.13,767,4560.0,3713,22.8,1,0,0,0
1,home_improvement,0.0976,204.19,11.08214255,13.79,747,8039.958333,14102,35.4,4,0,0,0
1,debt_consolidation,0.1039,324.51,11.03811028,10.59,707,1469.958333,7618,47.2,2,0,0,0
1,debt_consolidation,0.0976,287.79,10.71441777,7.6,727,6750.0,0,0.0,1,1,0,0
1,major_purchase,0.1355,155.37,11.06663836,13.5,697,7582.0,8399,41.0,2,0,0,1
1,debt_consolidation,0.0976,144.7,10.90227951,4.24,707,1499.958333,3818,61.6,0,0,0,1
1,debt_consolidation,0.1261,402.08,10.82512397,10.12,672,8864.958333,16083,70.2,0,0,1,0
1,debt_consolidation,0.1039,324.51,10.55581274,7.12,712,2010.0,13845,28.9,0,0,0,0
1,credit_card,0.1071,234.74,10.59663473,18.75,712,4560.0,12938,49.0,0,0,1,0
1,debt_consolidation,0.1197,292.16,10.81977828,8.14,697,6840.0,8243,37.0,2,0,1,0
1,debt_consolidation,0.1197,166.0,10.77895629,13.03,677,3510.0,14859,81.2,3,1,0,0
1,educational,0.1608,492.76,11.57025053,20.39,677,6269.958333,33627,74.7,1,0,0,1
1,all_other,0.0768,31.19,10.49127422,1.8,747,2520.0,4782,16.7,0,0,0,0
1,educational,0.1071,117.37,11.60823564,15.01,697,3059.958333,71928,87.9,1,0,0,0
1,debt_consolidation,0.1197,166.0,10.84583582,22.73,692,3719.958333,12235,70.3,0,0,0,0
1,all_other,0.1197,318.72,11.26446411,13.0,682,2999.958333,36920,88.6,0,0,0,0
1,debt_consolidation,0.0976,151.13,10.69194491,18.38,722,4393.958333,8504,25.0,1,0,0,0
1,all_other,0.1166,198.32,11.1124479,7.07,677,6060.0,8224,52.1,0,0,0,0
1,debt_consolidation,0.1197,239.04,11.06663836,22.28,697,5579.958333,30970,71.0,1,0,0,1
1,debt_consolidation,0.1166,170.22,10.47107151,17.69,702,3930.0,12110,30.2,2,1,0,1
1,all_other,0.08,313.37,10.27467173,2.24,792,14100.0,2751,16.7,0,0,0,0
1,debt_consolidation,0.1324,83.68,10.81977828,17.77,677,4859.958333,17807,81.3,3,0,1,1
1,credit_card,0.0976,96.47,10.77895629,17.65,712,3029.958333,6981,42.8,0,0,0,0
1,home_improvement,0.1197,149.4,11.65442503,15.49,672,5159.958333,22625,86.4,1,1,0,0
1,home_improvement,0.1166,165.27,11.15051985,3.53,677,3120.0,669,15.6,0,0,0,0
1,credit_card,0.1197,135.29,11.39659388,14.59,677,5549.958333,5529,82.5,2,0,1,0
1,all_other,0.1703,249.68,11.48246626,16.53,662,5189.958333,1349,8.3,3,3,0,0
1,credit_card,0.1355,203.76,11.31447453,18.74,672,5820.0,16888,51.8,1,1,0,0
1,credit_card,0.1103,108.09,11.15625052,1.37,677,2339.958333,670,60.9,0,3,0,0
1,credit_card,0.1008,129.22,9.61580548,8.08,707,1290.0,3946,35.9,0,0,0,1
1,all_other,0.1071,163.01,10.81977828,9.58,702,5129.958333,854,71.2,1,0,0,1
1,debt_consolidation,0.0832,128.3,9.862665558,1.25,742,1981.0,296,2.0,0,0,0,0
1,debt_consolidation,0.1039,184.97,10.49127422,9.57,697,2430.0,6342,74.4,0,0,0,0
1,debt_consolidation,0.1008,323.05,10.48192509,21.57,747,4889.958333,16973,26.4,0,0,0,0
1,debt_consolidation,0.1261,134.03,10.33851146,22.83,677,2432.0,2876,61.2,2,0,1,0
1,all_other,0.1229,93.39,10.18490001,25.43,737,1380.0,1705,6.4,0,0,0,0
1,debt_consolidation,0.1008,161.53,10.20359214,12.71,732,3150.0,11837,20.6,0,0,0,0
1,debt_consolidation,0.0832,220.39,10.91501573,9.58,782,4439.958333,9304,24.7,1,0,0,0
1,all_other,0.1008,161.53,10.70324447,11.73,742,4499.958333,5171,44.2,1,0,0,0
1,all_other,0.1103,229.28,10.37349118,0.38,702,9929.958333,10,0.4,0,3,0,0
1,credit_card,0.0976,199.36,10.49127422,16.8,732,10199.95833,16101,75.6,0,0,0,0
1,debt_consolidation,0.1103,78.61,10.81977828,13.82,682,3990.0,5106,60.8,0,0,0,0
1,major_purchase,0.1134,220.43,10.23995979,23.14,752,2400.0,95,0.8,1,0,0,1
1,home_improvement,0.1576,350.39,10.66061161,13.56,662,3450.0,2076,23.1,2,0,0,0
1,credit_card,0.1103,147.39,10.52788737,24.97,757,6780.0,22403,32.0,0,0,0,0
1,debt_consolidation,0.1608,387.17,11.31447453,19.96,662,6599.958333,19608,31.1,1,0,0,1
1,debt_consolidation,0.1071,286.9,11.08980542,13.08,702,4379.958333,35098,51.5,2,0,0,0
1,credit_card,0.1039,243.38,11.41861479,10.64,707,3331.0,11336,31.9,2,1,0,0
1,debt_consolidation,0.08,219.36,10.46310334,15.81,797,4740.0,644,2.7,0,0,0,0
1,debt_consolidation,0.1039,259.61,10.95080655,14.42,732,2579.958333,15444,47.8,0,0,0,0
1,all_other,0.0863,506.05,10.40426284,1.16,812,7409.958333,2248,3.1,0,0,0,0
1,debt_consolidation,0.1071,97.81,10.65169094,16.83,687,2370.0,8911,53.4,2,1,0,0
1,debt_consolidation,0.1197,307.93,11.32659589,7.46,687,6900.0,17430,92.2,0,0,1,0
1,debt_consolidation,0.1387,170.58,10.70324447,29.15,752,4529.958333,5171,44.2,1,0,0,0
1,home_improvement,0.1039,178.48,10.4341158,18.46,717,5670.0,175,1.0,0,0,0,1
1,home_improvement,0.0945,272.09,10.81977828,3.12,762,2579.958333,1133,18.0,1,0,0,0
1,major_purchase,0.0768,99.81,11.0303147,12.29,762,10709.95833,7232,3.6,2,0,0,0
1,debt_consolidation,0.1292,252.42,10.98529272,18.81,672,3889.0,12195,58.9,3,0,1,1
1,debt_consolidation,0.1292,168.28,9.825093485,9.41,662,11039.95833,4652,89.5,1,1,0,0
1,credit_card,0.1134,296.1,11.7905572,5.44,682,4889.958333,25120,85.4,1,0,1,0
1,debt_consolidation,0.1008,206.76,11.03488966,8.11,712,5549.958333,5815,49.3,2,0,1,0
1,debt_consolidation,0.1008,310.13,11.00209984,19.72,732,5070.0,19500,30.9,0,0,0,0
1,debt_consolidation,0.1008,128.42,10.49664864,21.78,762,6719.958333,12879,19.5,1,0,0,0
1,credit_card,0.1103,147.39,11.28978191,11.03,697,10649.95833,43712,82.5,0,0,0,1
1,debt_consolidation,0.1387,327.5,11.60823564,18.62,662,6299.958333,68030,82.7,3,0,0,0
1,all_other,0.1134,131.6,11.56171563,11.04,677,1650.0,1527,50.9,2,0,1,0
1,debt_consolidation,0.145,289.14,10.81977828,20.59,662,1680.0,19056,69.0,0,0,0,0
1,debt_consolidation,0.1229,213.46,10.46310334,20.78,687,4620.0,9408,64.0,1,0,0,0
1,credit_card,0.1166,185.1,11.00209984,21.52,707,4529.958333,39010,34.2,1,0,0,0
1,debt_consolidation,0.1103,245.65,11.56171563,11.14,692,7054.958333,30449,61.3,2,0,0,0
1,all_other,0.0976,160.78,10.75790288,13.53,717,8429.958333,5000,23.1,1,0,0,0
1,all_other,0.08,188.02,10.20359214,5.38,752,4350.0,5959,70.9,0,0,0,0
1,all_other,0.1071,163.01,12.20607265,12.48,702,7319.958333,53087,69.9,1,0,0,1
1,credit_card,0.1134,118.44,10.46310334,14.47,687,2339.958333,7722,48.9,0,0,0,0
1,credit_card,0.1387,118.55,10.66881585,24.51,687,4109.958333,21043,81.6,3,0,0,1
1,all_other,0.1103,98.26,10.30895266,14.56,682,5189.958333,8572,84.0,1,0,1,0
1,debt_consolidation,0.1039,207.69,11.3736634,14.79,712,5430.0,21532,66.9,2,0,0,0
1,debt_consolidation,0.0945,128.04,10.27505111,17.63,722,4320.0,3717,15.1,0,0,1,0
1,all_other,0.0737,62.1,11.49272276,0.0,782,6450.0,5235,5.1,0,0,0,0
1,debt_consolidation,0.1292,154.82,10.4341158,20.33,672,1770.0,20853,43.4,2,0,0,0
1,credit_card,0.1166,122.3,11.0090258,19.58,697,5519.958333,15948,88.8,0,0,1,1
1,credit_card,0.1418,342.66,11.40756495,20.77,672,2626.958333,59106,62.3,0,0,0,0
1,debt_consolidation,0.1134,210.56,10.858999,16.98,692,1469.958333,2898,41.4,0,0,0,0
1,major_purchase,0.0863,237.21,11.28978191,14.6,762,3370.958333,1127,3.8,1,0,0,0
1,debt_consolidation,0.1197,136.95,11.15625052,6.6,677,2400.0,16952,40.4,2,0,0,1
1,all_other,0.1008,177.68,11.88448902,5.53,707,5611.958333,26681,41.4,2,0,0,0
1,credit_card,0.1166,101.64,11.51292546,20.53,702,7079.958333,91557,87.8,0,0,0,1
1,debt_consolidation,0.0863,189.77,11.51292546,4.55,727,6480.0,3828,12.0,0,1,0,0
1,debt_consolidation,0.08,219.36,10.69194491,16.04,777,3389.958333,752,1.9,1,0,0,0
1,home_improvement,0.08,156.69,10.59663473,5.7,762,9599.958333,7755,10.8,3,0,0,0
1,all_other,0.08,175.49,10.69194491,0.95,797,6636.958333,2051,0.7,5,0,0,0
1,all_other,0.1071,293.42,10.57131693,11.69,697,1680.0,8858,52.4,2,0,0,0
1,all_other,0.1008,138.92,10.858999,5.33,707,10739.95833,4972,61.4,0,0,0,0
1,debt_consolidation,0.1197,70.55,11.08214255,14.95,682,3120.0,45028,95.2,1,0,0,0
1,all_other,0.08,70.51,11.08214255,12.55,802,6299.958333,116416,1.4,0,0,0,1
1,debt_consolidation,0.1197,76.36,11.00209984,24.94,732,6359.958333,21765,49.4,0,0,0,0
1,all_other,0.0832,134.6,10.49127422,1.77,757,4019.958333,6837,17.5,3,0,0,0
1,credit_card,0.1071,163.01,10.30895266,20.28,717,3150.0,6024,45.3,0,0,0,0
1,all_other,0.0737,31.05,10.59663473,12.9,777,10259.95833,4055,46.6,0,0,0,0
1,debt_consolidation,0.1008,171.22,11.30220443,14.79,712,6900.0,66235,97.4,0,0,0,1
1,credit_card,0.1134,180.95,11.48246626,17.15,687,5189.958333,29243,96.2,1,0,1,0
1,all_other,0.1103,163.77,11.00209984,10.94,687,10050.0,20066,88.1,1,1,0,0
1,credit_card,0.1229,166.77,10.47163824,14.96,677,4829.958333,18099,69.2,0,0,0,0
1,all_other,0.08,112.82,11.73606902,5.46,797,9330.0,3638,20.3,2,0,0,0
1,all_other,0.0863,163.68,11.35040654,18.52,747,6420.0,28180,27.0,0,0,0,0
1,debt_consolidation,0.1008,193.83,10.77895629,9.3,707,6329.958333,4201,36.2,0,0,0,1
1,all_other,0.1008,122.76,11.51292546,21.54,742,4350.0,29144,31.8,0,0,0,0
1,home_improvement,0.1166,231.37,11.08214255,19.68,687,4499.958333,44548,39.6,0,0,0,0
1,debt_consolidation,0.0945,160.05,10.59663473,15.06,727,5070.0,6301,30.7,0,1,0,0
1,educational,0.1222,179.93,11.00209984,18.08,692,3190.0,26013,37.0,1,0,0,0
1,all_other,0.0768,62.38,11.28983191,11.46,762,8819.958333,6222,18.7,0,0,0,0
1,home_improvement,0.1071,116.56,10.75790288,13.3,702,6060.0,10083,53.9,1,0,1,1
1,credit_card,0.1039,132.24,11.01862914,9.29,692,3090.0,14350,90.3,0,0,0,0
1,credit_card,0.1292,164.08,11.31447453,9.06,662,6629.958333,20644,90.5,1,1,0,0
1,all_other,0.1292,195.21,10.81977828,18.01,672,2249.958333,7423,53.4,0,0,0,1
1,debt_consolidation,0.1292,153.98,9.871377499,15.06,667,7409.958333,8150,70.1,2,0,1,0
1,all_other,0.08,235.03,10.71441777,7.17,797,6090.0,9409,11.1,1,0,0,0
1,debt_consolidation,0.0832,188.91,10.59663473,2.82,742,2070.0,4712,25.3,0,0,0,0
1,debt_consolidation,0.1197,153.55,10.59663473,23.85,732,2353.958333,12811,47.6,0,0,0,1
1,debt_consolidation,0.1387,255.86,11.03488966,19.24,662,1601.958333,10748,90.3,0,0,0,0
1,debt_consolidation,0.1355,254.7,10.6454249,16.46,662,4439.958333,13779,59.4,1,0,0,0
1,home_improvement,0.0863,173.17,11.1124479,10.33,727,5189.958333,2410,4.4,1,1,0,0
1,educational,0.1545,209.32,10.49127422,24.03,662,2339.958333,6668,40.9,1,0,0,0
1,all_other,0.1324,253.58,11.66992921,5.78,662,10080.0,23611,32.7,0,2,0,0
1,all_other,0.1008,188.99,11.28978191,17.61,722,3870.0,2930,10.7,2,0,1,1
1,credit_card,0.1071,167.09,11.08214255,6.77,692,3389.958333,11817,94.5,2,0,0,0
1,debt_consolidation,0.1103,212.9,10.91508846,11.76,692,2430.0,6565,26.6,1,1,0,0
1,debt_consolidation,0.1134,164.5,10.9040459,15.09,682,2940.0,10944,37.6,3,0,0,0
1,all_other,0.1039,118.45,11.09741002,1.56,697,2309.958333,15807,20.0,0,0,0,0
1,debt_consolidation,0.0863,98.84,10.34817337,1.92,732,5549.958333,814,3.8,0,0,0,0
1,credit_card,0.1103,183.42,10.59663473,16.98,697,3660.0,8366,62.0,2,0,0,0
1,all_other,0.1166,57.85,10.40426284,4.51,672,2130.0,6487,53.6,3,0,0,0
1,credit_card,0.06,231.03,11.1844214,14.07,672,2910.0,15885,46.9,1,1,0,0
1,debt_consolidation,0.0945,128.04,10.12647109,11.38,722,1710.0,6291,24.0,0,0,0,0
1,debt_consolidation,0.1008,242.29,11.08214255,16.26,717,2820.0,16471,37.9,1,0,0,0
1,all_other,0.08,219.36,11.08214255,5.26,762,3870.0,0,0.0,1,0,0,0
1,all_other,0.0832,110.2,10.63258761,9.86,752,7170.0,11077,56.2,0,0,0,0
1,credit_card,0.1355,254.7,10.91508846,21.51,672,3870.0,17590,86.2,1,0,0,1
1,credit_card,0.1039,162.26,10.91501573,12.18,692,1770.0,4520,47.1,1,0,0,0
1,debt_consolidation,0.1134,246.75,9.975808214,13.67,687,1199.958333,8359,64.5,2,0,0,0
1,debt_consolidation,0.1039,153.33,10.4723179,18.99,712,1859.958333,8775,34.1,1,0,0,0
1,all_other,0.1166,231.37,10.69194491,20.54,702,2339.958333,8507,56.7,0,1,0,0
1,educational,0.0768,109.17,9.741203889,2.26,752,1800.0,1223,10.7,0,0,0,0
1,credit_card,0.0832,156.64,10.71441777,11.04,767,7439.958333,15862,53.8,0,0,0,0
1,debt_consolidation,0.1103,166.23,11.40756495,17.71,692,3480.0,39307,86.0,0,0,0,0
1,credit_card,0.1134,131.6,10.30895266,8.32,677,2219.958333,4255,30.8,3,0,0,0
1,debt_consolidation,0.0737,36.48,10.46321762,7.1,782,4860.958333,3914,15.5,0,0,0,0
1,home_improvement,0.0832,149.55,10.6454249,5.49,747,13259.95833,398,1.2,3,2,0,1
1,credit_card,0.0976,162.39,10.54975275,15.63,722,7920.0,967,6.4,1,0,0,0
1,debt_consolidation,0.1261,251.3,10.45679779,17.8,672,5612.958333,12893,76.7,0,1,0,0
1,all_other,0.1039,134.67,11.2515607,5.91,697,6900.0,17243,43.0,1,0,0,1
1,home_improvement,0.1229,163.43,13.12236338,2.19,672,2190.0,6459,23.8,1,0,0,0
1,credit_card,0.0832,151.13,10.57131693,10.83,742,6329.958333,29129,48.3,6,0,0,0
1,debt_consolidation,0.1008,129.22,10.51867319,20.92,742,8760.0,1620,17.2,0,0,0,0
1,all_other,0.1273,335.67,11.00209984,20.64,712,1800.0,3353,54.1,0,0,0,0
1,home_improvement,0.0863,50.61,11.00209984,17.64,732,5070.0,24249,54.6,1,0,0,0
1,debt_consolidation,0.1039,194.71,10.54534144,17.91,707,1410.0,3718,19.8,2,0,0,0
1,debt_consolidation,0.1292,168.28,10.59653473,16.29,667,2729.958333,14244,85.8,2,0,0,0
1,debt_consolidation,0.1261,251.3,11.22524339,20.58,677,6976.958333,57633,64.1,0,1,0,0
1,credit_card,0.0976,128.62,10.30895266,17.04,717,1110.0,2489,32.3,0,0,0,0
1,debt_consolidation,0.1324,169.05,10.96812932,13.28,662,5609.958333,9816,65.4,0,1,0,0
1,debt_consolidation,0.1166,138.82,11.13458902,8.51,672,4559.958333,20487,94.0,0,0,0,0
1,credit_card,0.145,258.16,11.59910316,21.84,662,4950.0,44098,92.3,2,0,0,0
1,debt_consolidation,0.1229,133.42,10.20507253,23.52,712,1440.0,3573,30.8,0,0,0,0
1,all_other,0.1292,252.42,10.81977828,17.54,667,5939.958333,23401,35.8,1,3,0,1
1,debt_consolidation,0.1166,82.64,10.41774727,23.75,702,5430.0,3877,23.8,2,0,1,0
1,all_other,0.0737,99.35,10.71973693,1.72,797,4559.958333,1397,3.0,0,0,0,0
1,all_other,0.1229,168.44,11.03488966,8.25,667,1919.958333,29863,82.7,0,0,0,1
1,credit_card,0.1197,219.12,10.89673933,18.76,682,2820.0,22677,86.3,1,1,0,0
1,all_other,0.08,219.36,10.70324447,7.77,767,3870.0,6301,22.7,1,0,0,0
1,debt_consolidation,0.1071,244.52,11.28968191,13.02,702,3479.958333,8709,30.1,3,0,0,0
1,debt_consolidation,0.1261,251.3,11.28983191,18.18,677,4320.0,12749,61.9,1,0,0,1
1,credit_card,0.1379,306.68,10.77895629,16.64,692,3912.041667,14398,96.0,0,0,0,0
1,all_other,0.0737,93.14,10.59653473,6.39,782,3570.0,409,2.0,0,0,0,0
1,credit_card,0.1134,213.85,10.54534144,12.95,687,5100.0,6236,67.8,2,0,0,0
1,debt_consolidation,0.1008,242.29,10.81977828,2.93,707,1740.0,8453,77.6,3,0,0,1
1,educational,0.1166,132.21,10.08580911,3.45,672,3719.958333,3060,21.7,0,1,0,0
1,major_purchase,0.0976,96.47,10.73630972,15.94,712,3479.958333,1062,48.3,1,2,0,0
1,all_other,0.0832,236.14,10.53677857,9.01,762,2881.0,4007,24.0,0,0,0,0
1,major_purchase,0.0945,96.03,10.16554408,14.82,717,4169.958333,1059,11.1,0,0,0,0
1,major_purchase,0.08,235.03,11.98292909,9.98,772,5909.958333,19414,27.9,1,0,0,0
1,debt_consolidation,0.0945,233.67,10.63103616,16.52,727,3135.0,2185,15.4,0,0,0,0
1,all_other,0.0945,32.01,11.01862914,9.45,712,3119.958333,9332,97.2,0,0,0,0
1,all_other,0.0976,176.86,11.04132055,0.0,707,2669.958333,0,0.0,2,0,0,0
1,all_other,0.1039,243.38,10.30895266,10.24,702,10319.95833,10444,14.1,1,1,0,0
1,all_other,0.08,235.03,11.00209984,4.96,777,7859.958333,78935,26.2,7,0,0,0
1,credit_card,0.0976,128.62,9.392661929,9.6,707,1320.0,3987,31.9,1,0,0,0
1,educational,0.1008,226.14,10.40426284,18.91,717,3480.958333,9379,10.9,0,1,0,0
1,all_other,0.1008,80.77,11.08220409,1.55,697,4380.0,9743,62.9,1,0,0,0
1,credit_card,0.0768,93.57,12.20607265,2.49,767,3870.0,3119,1.5,2,0,0,0
1,credit_card,0.08,206.83,9.942708266,10.04,767,3449.958333,7797,72.2,0,0,0,0
1,debt_consolidation,0.1229,250.15,11.08214255,1.68,672,1259.958333,2871,7.9,2,3,0,0
1,home_improvement,0.0863,158.14,11.77528973,10.62,727,7769.958333,1780,25.8,0,0,0,0
1,home_improvement,0.0945,192.06,11.60823564,8.68,722,13349.95833,1390,1.8,1,0,0,0
1,credit_card,0.1071,78.25,10.49127422,15.2,687,3029.958333,2823,33.2,3,1,1,0
1,debt_consolidation,0.1103,245.65,11.00209984,16.12,692,4469.958333,16382,52.3,1,1,0,1
1,all_other,0.1229,64.21,11.00209984,11.1,662,3059.958333,6317,45.4,0,0,0,0
1,debt_consolidation,0.1197,249.0,11.41861479,7.89,677,5249.958333,13068,30.6,3,1,0,0
1,all_other,0.1324,253.58,11.32055357,11.42,662,2609.958333,12844,51.8,1,0,1,0
1,all_other,0.1545,174.44,10.59663473,24.57,662,2435.0,1851,92.5,3,0,0,0
1,credit_card,0.1103,245.65,11.35040654,21.91,717,5189.958333,63167,84.0,2,0,0,0
1,credit_card,0.1103,245.65,11.25504424,21.11,717,5587.958333,68356,71.6,2,0,0,0
1,debt_consolidation,0.0832,204.65,10.59653473,5.43,742,2850.0,9830,19.0,5,0,0,0
1,all_other,0.1008,51.69,10.71441777,21.57,722,2309.958333,1949,48.7,0,0,0,0
1,home_improvement,0.0976,154.35,10.46310334,16.77,717,2923.0,7708,48.2,1,0,0,0
1,credit_card,0.1008,167.99,10.59663473,11.87,702,4620.0,13300,51.6,0,0,1,0
1,credit_card,0.1039,243.38,10.87804719,20.92,737,2279.958333,9754,39.0,0,0,0,0
1,debt_consolidation,0.1324,253.58,11.77525896,16.78,662,4260.0,89952,79.5,3,0,0,1
1,credit_card,0.0863,132.84,11.00209984,19.48,762,2580.0,0,0.0,2,0,0,0
1,debt_consolidation,0.1134,246.75,11.00209984,8.92,687,7260.0,1954,4.8,0,2,0,0
1,all_other,0.1008,161.53,11.00209984,14.34,707,2970.0,9737,44.7,2,0,0,0
1,credit_card,0.1071,114.11,10.08580911,17.4,697,1949.958333,4063,76.7,0,0,0,0
1,major_purchase,0.1229,166.77,10.97472864,5.24,667,4980.0,5073,50.0,2,0,0,0
1,home_improvement,0.1103,163.77,11.42566678,12.44,682,5700.0,7945,41.4,2,0,0,0
1,credit_card,0.1134,39.48,9.798127037,21.13,697,2070.0,3918,72.6,1,0,0,0
1,debt_consolidation,0.0832,113.35,9.40261226,6.14,727,4110.958333,2877,70.2,0,0,0,0
1,debt_consolidation,0.1134,213.85,10.12647109,11.23,682,2460.0,2083,28.1,3,0,0,0
1,debt_consolidation,0.0863,126.52,9.873234509,11.01,727,2040.958333,6835,34.7,0,0,0,0
1,credit_card,0.0863,189.77,10.50369674,18.77,757,2369.958333,0,0.0,1,0,0,0
1,home_improvement,0.0768,155.95,10.77895629,0.38,812,7950.0,52,0.3,0,0,0,0
1,credit_card,0.1103,149.03,10.87804719,10.82,687,2100.0,2927,53.2,2,0,0,0
1,debt_consolidation,0.1253,401.6,11.10501738,17.36,697,4229.041667,20024,73.1,0,0,0,0
1,all_other,0.1039,233.65,11.05879518,8.96,707,4740.0,3565,70.0,2,0,0,0
1,debt_consolidation,0.0976,241.16,11.11988288,13.55,722,6630.0,41154,47.1,0,0,0,0
1,all_other,0.1134,246.75,10.40426284,3.96,682,1649.958333,8644,28.0,1,0,0,0
1,all_other,0.08,163.74,9.798127037,1.33,747,1440.0,139,5.0,0,0,0,0
1,debt_consolidation,0.0863,142.33,11.2771525,7.53,722,5761.0,20237,32.7,2,0,0,0
1,all_other,0.1292,201.94,10.37349118,4.76,662,1350.0,4378,71.2,0,0,0,0
1,all_other,0.1197,249.0,10.95080655,6.06,677,8939.958333,5450,40.7,0,0,0,0
1,credit_card,0.0945,128.04,9.903487553,5.16,722,3180.0,3621,14.9,0,0,0,0
1,all_other,0.1039,243.38,10.81977828,6.86,702,3180.0,12742,61.6,1,0,0,0
1,debt_consolidation,0.1103,180.15,10.87804719,3.83,682,3930.0,3491,23.6,0,0,0,0
1,all_other,0.1103,196.52,10.4125917,8.4,687,3359.958333,7305,73.0,0,0,0,0
1,debt_consolidation,0.1039,243.38,10.6454249,3.26,702,1443.0,3608,65.6,1,0,0,1
1,all_other,0.1229,166.77,10.6454249,21.66,682,2910.0,489,27.2,1,0,0,1
1,all_other,0.1229,210.13,10.69203582,0.95,667,2970.0,1315,17.1,2,1,0,0
1,credit_card,0.1071,244.52,11.40756495,13.57,702,5010.0,7957,26.4,1,0,0,0
1,credit_card,0.1008,161.53,10.77895629,3.33,702,5705.958333,899,15.0,0,0,1,0
1,debt_consolidation,0.1197,249.0,11.13959835,21.63,692,5130.0,30245,40.8,2,0,0,1
1,all_other,0.1128,368.17,11.51292546,19.6,717,11102.95833,52132,55.7,1,0,0,1
1,credit_card,0.0945,184.06,11.47001796,14.56,732,5639.958333,30181,35.7,1,0,0,0
1,home_improvement,0.1229,70.05,10.95156065,19.92,667,9209.958333,26036,89.5,1,1,0,1
1,major_purchase,0.08,175.49,10.16585182,2.31,747,1800.0,1220,8.4,1,0,0,0
1,debt_consolidation,0.1071,192.35,10.51325312,16.24,697,4919.958333,3382,36.1,0,0,0,0
1,educational,0.1166,52.89,11.00209984,18.4,677,5370.0,926,4.5,3,1,0,0
1,debt_consolidation,0.1261,251.3,10.6454249,5.71,667,1500.0,8944,57.0,1,0,0,0
1,all_other,0.0832,125.94,10.37361617,15.07,762,2460.0,1152,16.5,0,0,0,0
1,all_other,0.0737,31.05,10.4341158,0.35,807,7139.958333,102,0.3,1,0,0,0
1,all_other,0.1166,247.9,11.01862914,17.59,687,2850.0,6550,47.8,2,0,0,0
1,home_improvement,0.08,235.03,10.77895629,4.28,812,7950.0,52,0.3,0,0,0,0
1,home_improvement,0.1229,250.15,11.7829526,3.18,672,3540.0,56481,61.7,0,0,1,0
1,debt_consolidation,0.1103,245.65,11.65268741,7.55,687,4949.958333,34753,95.2,0,0,0,0
1,all_other,0.0976,64.31,11.28983191,17.01,712,3479.958333,29889,37.4,1,0,0,0
1,educational,0.0832,236.14,10.69194491,3.74,747,3389.958333,11585,27.1,1,0,0,0
1,educational,0.0832,191.27,11.51292546,7.87,757,10470.0,8681,23.2,0,0,0,0
1,all_other,0.1197,66.4,10.77895629,10.4,667,3839.958333,16746,69.2,1,0,0,0
1,major_purchase,0.1229,100.06,10.6454249,1.71,672,2610.0,1487,45.1,0,0,0,1
1,debt_consolidation,0.1261,201.04,10.30895266,19.92,672,1800.0,3211,78.3,2,0,0,1
1,all_other,0.0832,220.39,10.81977828,4.42,742,2009.958333,1098,7.1,0,0,0,0
1,major_purchase,0.1134,230.3,10.46310334,5.69,682,5249.958333,2745,40.4,0,0,0,0
1,debt_consolidation,0.1261,134.03,11.87145968,10.92,662,4080.0,4736,16.8,2,1,0,0
1,home_improvement,0.0832,236.14,10.30908599,1.52,757,2520.0,1304,9.7,0,0,0,0
1,debt_consolidation,0.1286,252.2,10.78931908,20.56,682,3330.0,20716,82.1,2,2,0,0
1,all_other,0.1229,50.03,11.9512062,7.43,662,5219.958333,8545,30.6,2,0,0,0
1,debt_consolidation,0.1287,504.5,10.93310697,22.18,702,3303.0,5170,8.6,2,0,0,0
1,credit_card,0.1229,183.45,10.4341158,20.56,687,1410.0,4029,24.0,1,0,0,0
1,educational,0.0945,240.08,10.71441777,1.57,722,7560.0,2258,10.7,2,0,1,1
1,educational,0.1355,232.63,11.15625052,24.22,687,3749.958333,8547,55.1,1,1,0,0
1,debt_consolidation,0.0976,241.16,10.02552818,6.74,717,1679.958333,7313,29.6,0,0,0,1
1,debt_consolidation,0.0863,237.21,10.46321762,6.0,747,5850.0,5541,26.5,2,0,0,0
1,debt_consolidation,0.1039,48.68,10.46310334,13.17,697,4229.958333,19,0.2,1,0,0,1
1,debt_consolidation,0.1324,253.58,10.30895266,13.44,667,1289.958333,9142,81.6,1,0,0,0
1,educational,0.1103,163.77,10.81977828,16.56,687,4499.958333,5584,80.9,2,0,1,0
1,credit_card,0.1008,232.6,10.54534144,18.09,722,2369.958333,12391,66.6,1,0,0,0
1,debt_consolidation,0.0945,96.03,10.71441777,5.17,722,2460.0,5275,48.0,0,0,0,0
1,educational,0.1008,96.92,10.49127422,6.9,697,2339.958333,8349,43.5,0,0,0,1
1,debt_consolidation,0.1324,253.58,10.05173513,16.76,667,2820.0,4013,66.9,0,0,0,1
1,home_improvement,0.0832,157.43,10.33501019,10.13,742,4307.0,20337,39.2,3,0,0,0
1,debt_consolidation,0.1166,135.52,10.59653473,3.99,677,2460.0,7102,18.7,0,0,0,0
1,all_other,0.1039,64.91,9.998979534,8.13,692,1559.958333,1599,9.6,2,1,0,0
1,all_other,0.1166,175.18,11.62803827,6.75,677,2759.958333,19328,96.2,2,0,0,0
1,credit_card,0.1103,147.39,10.75790288,20.81,707,4350.0,25469,98.5,1,0,0,0
1,credit_card,0.1103,245.65,10.96819829,21.12,717,4619.958333,36605,91.1,0,0,0,0
1,credit_card,0.0976,192.93,11.01856357,12.37,712,3149.958333,6432,99.0,2,0,0,1
1,credit_card,0.1387,221.75,11.56171563,23.99,687,4949.958333,68479,48.9,0,3,0,0
1,all_other,0.097,176.7,10.59653473,0.51,717,1232.958333,38,1.3,0,1,0,0
1,all_other,0.08,94.01,11.44035477,0.0,737,1229.958333,500,2.4,2,0,0,0
1,all_other,0.08,219.36,10.71840979,6.61,752,2163.0,0,0.0,3,0,0,0
1,all_other,0.0832,236.14,10.81977828,2.42,762,3180.0,4880,38.1,0,0,0,0
1,all_other,0.0768,154.39,10.46310334,0.0,772,6809.958333,1238,7.3,0,1,0,0
1,debt_consolidation,0.1134,246.75,10.46310334,10.66,682,2714.958333,1238,47.7,0,2,0,0
1,debt_consolidation,0.1001,193.64,11.00209984,11.22,707,6630.0,27591,54.9,0,0,1,0
1,credit_card,0.1538,243.97,11.17043516,23.54,667,5249.958333,9371,50.1,1,3,0,0
1,debt_consolidation,0.1191,159.23,10.5627418,7.98,672,5729.958333,11689,89.2,0,0,0,0
1,debt_consolidation,0.1222,249.9,10.59653473,24.63,727,3449.958333,6083,56.3,1,0,0,0
1,all_other,0.1222,49.98,9.546812609,21.51,682,1530.0,8172,34.0,1,0,0,0
1,all_other,0.1001,71.0,10.98108047,10.8,702,2520.0,1051,58.4,1,0,0,0
1,major_purchase,0.1191,185.76,10.14643373,2.68,677,1740.0,4885,35.4,2,0,0,0
1,credit_card,0.08,219.36,11.41861479,6.36,752,7804.958333,21135,19.7,0,0,0,0
1,all_other,0.1222,99.96,11.01856357,21.35,682,3899.958333,12074,51.0,0,0,0,0
1,credit_card,0.1128,246.54,11.65507586,10.12,687,4979.958333,34842,95.5,0,0,0,0
1,home_improvement,0.1128,164.36,11.32664408,13.53,687,8189.958333,16389,57.7,3,0,1,1
1,all_other,0.1254,133.9,9.903487553,18.72,677,7590.0,9961,94.9,1,0,0,0
1,all_other,0.1128,32.88,10.92478674,17.96,677,4650.0,22557,98.1,0,0,0,0
1,debt_consolidation,0.1191,215.62,10.16600565,21.97,707,2280.0,7552,98.1,1,0,0,0
1,major_purchase,0.08,219.36,10.0203813,10.04,757,5130.0,0,0.0,6,0,0,1
1,debt_consolidation,0.1159,224.53,10.62609644,11.91,682,4650.0,6170,53.7,1,0,0,0
1,debt_consolidation,0.138,255.61,11.12726298,18.16,667,2280.0,16860,63.6,1,0,0,0
1,all_other,0.1159,247.65,10.37349118,13.91,692,4380.0,2131,45.3,1,0,0,0
1,all_other,0.1286,168.14,10.1266311,23.23,702,2490.0,19096,69.6,2,0,0,0
1,credit_card,0.1096,261.76,10.83958091,12.28,697,2550.0,5329,29.4,2,1,0,0
1,major_purchase,0.0863,205.59,10.04324949,9.34,732,1619.958333,4386,14.3,0,0,0,0
1,debt_consolidation,0.097,48.19,10.85892207,15.62,717,4619.958333,1645,29.9,1,0,0,0
1,debt_consolidation,0.0976,241.16,11.26446411,13.91,727,4788.0,49150,42.0,3,0,0,1
1,major_purchase,0.1064,182.39,11.26446411,4.26,697,4140.958333,0,21.7,0,0,1,0
1,all_other,0.0863,237.21,10.6454249,19.2,787,6449.958333,8671,13.9,1,0,0,1
1,debt_consolidation,0.1349,407.17,10.91508846,14.53,667,9030.0,2569,98.8,0,0,0,1
1,home_improvement,0.097,96.38,11.03488966,3.31,707,12150.0,8832,76.8,1,0,0,0
1,all_other,0.08,72.08,10.83958091,11.6,762,5400.0,550,1.6,3,0,0,0
1,all_other,0.1222,83.3,10.77895629,14.77,677,4350.0,10710,54.6,0,0,0,0
1,debt_consolidation,0.097,248.99,11.58988651,9.77,732,5580.0,14068,52.7,1,0,0,0
1,all_other,0.1096,196.32,10.30895266,1.8,697,3360.0,2898,42.9,0,0,0,0
1,all_other,0.1254,92.06,10.91501573,22.13,682,5400.0,18392,87.6,2,0,0,0
1,all_other,0.1191,66.35,10.81985828,16.03,672,2339.958333,874,21.8,3,0,0,0
1,all_other,0.1286,504.4,10.86513399,18.14,677,11129.95833,12836,31.3,0,2,0,0
1,major_purchase,0.1222,376.52,10.95080655,22.76,712,4650.0,8939,74.5,0,0,0,1
1,all_other,0.08,37.61,10.81977828,4.82,737,2490.0,1312,9.0,2,0,0,0
1,debt_consolidation,0.1064,328.95,11.22693529,14.62,722,4919.958333,14173,78.7,0,0,0,0
1,all_other,0.1033,325.85,10.81977828,16.15,727,5669.958333,1417,7.6,1,0,0,1
1,debt_consolidation,0.1071,195.61,10.62132735,12.38,697,3620.0,21196,46.2,3,0,0,0
1,all_other,0.157,297.58,10.81977828,24.91,662,4559.958333,8155,78.4,3,0,0,0
1,all_other,0.1096,472.81,10.71441777,1.33,712,3240.0,1661,15.8,2,0,1,1
1,credit_card,0.1317,251.64,10.91802234,10.81,667,2820.0,6413,81.2,1,0,0,0
1,major_purchase,0.1033,181.57,11.3736634,5.41,712,6858.0,15132,33.9,0,0,0,0
1,credit_card,0.1317,216.17,10.79957558,16.09,662,4865.958333,24568,74.4,0,0,0,0
1,all_other,0.1001,33.89,10.89673933,11.56,707,4559.958333,8670,96.7,1,0,0,0
1,debt_consolidation,0.1222,148.28,11.83500896,19.0,677,6059.958333,27587,74.8,1,1,0,0
1,home_improvement,0.138,177.22,12.20607265,3.07,662,8370.0,13793,57.7,0,2,0,0
1,debt_consolidation,0.1096,176.69,10.96819829,15.43,707,2550.0,7366,42.8,2,0,0,0
1,all_other,0.0832,138.54,10.34174248,4.26,742,1830.0,5680,27.2,0,0,0,0
1,credit_card,0.0832,94.46,11.31447453,8.34,737,8100.0,5688,69.3,0,0,0,0
1,debt_consolidation,0.1222,246.57,10.51688023,13.16,677,4529.958333,10832,56.1,3,0,1,0
1,home_improvement,0.1254,66.95,10.34174248,3.02,667,7380.0,3574,60.6,3,0,0,0
1,debt_consolidation,0.1128,39.45,10.47728798,22.78,702,3871.958333,7438,32.3,1,0,0,0
1,debt_consolidation,0.1033,110.24,10.75790288,1.79,702,3179.958333,3321,51.1,2,0,0,0
1,credit_card,0.1286,162.25,11.56171563,10.71,682,4470.0,15478,96.2,0,0,0,0
1,all_other,0.1475,221.08,10.23995979,12.47,662,1349.958333,117,5.3,3,0,0,0
1,home_improvement,0.0768,187.14,12.07254125,5.19,782,4807.0,12760,10.9,0,0,0,0
1,debt_consolidation,0.1601,109.01,10.61888534,24.47,697,5309.958333,37864,98.3,0,1,0,0
1,debt_consolidation,0.1128,197.23,10.59663473,5.43,682,4679.958333,12247,66.9,1,0,0,0
1,debt_consolidation,0.1254,187.45,11.27720313,10.92,672,5699.958333,7465,74.6,0,0,1,0
1,credit_card,0.0863,134.42,11.33857208,16.11,762,5850.0,16225,55.9,0,0,0,0
1,debt_consolidation,0.1191,116.1,10.23981692,19.33,687,2280.0,10029,85.0,1,0,0,0
1,all_other,0.1096,75.26,10.40426284,8.0,687,3630.0,1857,33.8,0,0,0,0
1,all_other,0.097,38.56,9.798571383,7.13,712,1890.0,1905,27.2,1,0,0,0
1,major_purchase,0.1096,175.06,9.998797732,20.02,722,3899.958333,2548,28.3,1,0,0,0
1,debt_consolidation,0.1507,260.25,11.22524339,19.44,662,5699.958333,27087,97.4,2,0,0,0
1,credit_card,0.1159,188.21,11.9511804,11.92,692,3089.958333,64451,91.9,2,0,0,0
1,major_purchase,0.1317,212.79,11.18007865,18.95,677,6329.958333,7595,87.3,0,0,0,0
1,credit_card,0.1222,236.57,11.66736182,11.75,677,2850.0,29735,67.3,1,0,0,0
1,debt_consolidation,0.1507,173.5,10.22194128,7.9,662,1500.0,5538,95.5,1,0,0,0
1,all_other,0.1128,165.18,11.98292909,11.19,687,5369.958333,63353,77.0,1,0,0,0
1,home_improvement,0.1128,236.68,10.93403511,19.25,707,3539.958333,3280,29.0,1,0,0,0
1,all_other,0.097,57.83,10.83958091,13.44,752,5400.0,835,2.4,5,0,0,0
1,all_other,0.1001,216.23,10.59663473,5.13,717,6300.0,4225,28.9,3,0,1,1
1,all_other,0.0832,78.72,10.1960079,6.58,722,6270.0,5134,13.7,1,2,0,0
1,debt_consolidation,0.1317,238.13,11.29601246,23.03,702,12450.0,18265,46.8,0,2,0,0
1,credit_card,0.1191,165.86,10.6454249,23.63,742,5207.0,9347,13.5,8,0,0,0
1,credit_card,0.1033,226.96,11.13616442,8.62,722,2789.958333,22595,61.9,1,0,0,0
1,all_other,0.1128,65.75,10.6454249,13.43,687,3210.0,6353,45.7,0,0,0,0
1,all_other,0.1475,138.18,11.04132055,12.96,692,4320.0,2188,27.7,3,0,0,0
1,credit_card,0.1128,73.14,10.08580911,12.45,717,6119.958333,3623,90.6,0,1,0,1
1,all_other,0.1096,121.89,10.70826555,17.41,732,4320.0,886,25.3,3,0,0,0
1,home_improvement,0.1159,206.37,10.54534144,8.53,682,4290.958333,6288,22.3,3,0,1,1
1,all_other,0.1286,107.61,10.43081625,14.77,672,7139.958333,3318,34.9,1,1,0,0
1,credit_card,0.1317,168.88,11.00209984,14.6,667,2610.0,7708,48.5,1,0,0,0
1,major_purchase,0.0832,135.39,10.81977828,17.9,757,4139.958333,4169,17.6,0,0,0,0
1,all_other,0.0832,50.38,10.34174248,8.5,742,1860.0,4158,19.9,0,0,0,0
1,debt_consolidation,0.1191,87.91,10.51686074,19.77,677,4559.958333,10679,55.3,1,0,1,0
1,credit_card,0.1191,169.18,11.20403338,18.11,687,4619.958333,22906,75.6,0,0,0,0
1,debt_consolidation,0.1412,167.76,10.3859137,23.85,682,3569.958333,2379,68.0,1,0,1,0
1,credit_card,0.1633,264.91,10.81977828,10.8,667,5249.958333,0,86.3,0,0,0,1
1,all_other,0.097,44.18,10.59568428,20.84,757,7829.958333,14813,36.8,0,0,0,0
1,debt_consolidation,0.1191,201.52,10.79949394,14.33,682,4533.958333,16979,41.0,0,1,0,1
1,all_other,0.097,76.31,10.30895266,15.04,747,1679.958333,2420,5.8,0,0,0,0
1,major_purchase,0.1475,259.08,10.30895266,20.4,662,3240.0,1244,44.4,2,0,0,0
1,all_other,0.1033,180.76,10.30908599,13.88,752,2670.0,5063,40.8,6,0,0,0
1,educational,0.1633,105.97,10.91508846,26.05,672,5430.0,19487,89.2,2,0,0,0
1,debt_consolidation,0.1096,185.69,11.08214255,12.04,697,8219.958333,7350,37.3,0,0,0,0
1,educational,0.1191,216.45,10.83467754,20.69,707,5669.958333,16881,50.7,0,0,0,0
1,credit_card,0.1222,193.26,10.91508846,14.84,677,3240.0,7440,89.6,0,0,0,0
1,educational,0.1286,50.44,10.48514436,13.45,662,4619.958333,10363,71.0,2,0,1,0
1,all_other,0.1096,113.71,11.22524339,9.92,687,6240.0,22796,51.9,1,0,0,1
1,all_other,0.1096,110.43,10.30895266,0.6,722,1440.0,767,4.2,3,0,0,0
1,debt_consolidation,0.1096,185.69,10.70817611,18.52,712,2250.0,25925,66.1,0,0,0,0
1,all_other,0.1033,109.43,10.30895266,5.52,712,1649.958333,598,2.9,1,0,0,0
1,major_purchase,0.1222,145.78,10.24313332,17.63,677,2550.0,7474,35.8,2,1,0,0
1,debt_consolidation,0.0832,174.74,10.71163613,13.64,777,4559.958333,5578,9.0,2,0,0,0
1,all_other,0.1222,79.97,10.63585545,22.36,677,5580.0,12785,77.2,2,0,0,0
1,debt_consolidation,0.0832,47.23,10.54534144,2.53,732,2789.958333,3421,22.1,1,0,0,0
1,all_other,0.1222,165.77,11.42954386,5.06,722,6389.958333,5424,98.6,0,0,0,0
1,debt_consolidation,0.1696,135.41,10.46310334,29.42,672,5339.958333,536,9.2,2,0,0,0
1,educational,0.1191,116.1,12.07254125,2.47,677,1770.0,23806,60.6,1,0,0,0
1,debt_consolidation,0.1096,110.43,10.71441777,13.6,722,4470.0,23280,92.0,3,0,0,0
1,debt_consolidation,0.08,159.82,10.87804719,6.23,752,4649.958333,10399,31.3,1,0,0,0
1,debt_consolidation,0.1146,263.66,11.28978191,21.72,697,7577.0,73150,72.9,0,0,0,1
1,credit_card,0.1159,194.82,11.51292546,20.29,707,6119.958333,57152,78.7,0,0,0,0
1,debt_consolidation,0.1001,69.39,10.46310334,1.2,722,3330.0,2400,35.8,0,0,0,0
1,credit_card,0.1538,243.97,11.28978191,9.24,667,6540.0,33102,99.4,2,0,1,1
1,major_purchase,0.0768,96.69,10.6214249,9.39,787,5044.958333,15715,21.5,1,0,0,0
1,credit_card,0.1128,218.6,11.1844214,16.86,697,2208.0,21659,49.9,1,0,0,1
1,debt_consolidation,0.1033,180.76,10.6454249,0.0,772,7529.958333,0,0.0,6,0,0,0
1,debt_consolidation,0.0832,141.68,10.59663473,13.02,752,6300.0,12183,45.1,0,0,0,0
1,all_other,0.0832,174.74,11.31447453,4.36,752,3420.0,26040,49.1,3,0,0,0
1,all_other,0.1128,139.71,10.91508846,4.65,682,3209.958333,2801,63.7,0,0,0,1
1,debt_consolidation,0.1128,167.65,11.05879518,14.68,687,4770.0,17550,38.6,2,0,0,1
1,debt_consolidation,0.1159,158.5,10.81977828,20.45,707,5820.0,11781,58.9,2,0,0,0
1,credit_card,0.0832,135.39,10.93310697,17.04,752,7499.958333,68895,41.9,2,0,0,0
1,all_other,0.0737,31.05,11.25631561,0.74,782,12407.0,2440,8.6,0,0,0,0
1,credit_card,0.1254,226.78,11.37779279,20.95,702,6630.0,31518,93.2,0,0,0,0
1,all_other,0.1221,566.36,11.28978191,7.93,742,6378.041667,15146,27.2,1,0,0,0
1,credit_card,0.08,184.89,12.34583459,3.92,782,4372.0,8247,11.1,2,0,0,0
1,all_other,0.1159,138.68,10.30895266,17.08,687,4500.0,10655,68.7,1,0,0,0
1,credit_card,0.138,236.86,10.81977828,20.3,672,3690.0,9344,79.2,1,0,0,0
1,all_other,0.1033,64.85,9.998797732,9.0,697,1860.0,8935,27.8,1,0,0,0
1,all_other,0.0863,110.7,9.952277717,1.71,742,2345.0,1087,10.9,1,0,0,0
1,debt_consolidation,0.1096,147.24,11.05089001,6.17,697,8820.0,17558,62.3,1,0,1,0
1,all_other,0.1001,157.33,10.81977828,9.62,717,3119.958333,11579,37.0,2,0,0,0
1,credit_card,0.1128,94.51,10.51325312,4.83,687,5220.0,5260,92.3,0,0,1,0
1,credit_card,0.1412,191.73,10.23995979,24.77,682,3239.958333,86,1.1,0,0,0,0
1,home_improvement,0.0863,237.21,12.32385568,7.44,742,4380.0,15611,21.0,2,0,0,0
1,educational,0.0832,110.2,10.858999,19.41,782,13260.0,2967,5.0,0,0,0,0
1,debt_consolidation,0.1128,156.14,11.3736634,1.32,722,1260.0,10318,30.9,1,0,0,0
1,home_improvement,0.0863,159.73,11.28983191,1.84,727,4530.0,2733,15.4,1,0,0,0
1,all_other,0.1128,172.58,10.7711761,5.24,712,5699.958333,13673,58.4,0,0,0,1
1,all_other,0.138,81.8,10.77895629,1.35,662,1890.0,3171,77.3,0,0,0,0
1,credit_card,0.1159,80.9,11.35040654,13.19,682,7499.958333,44198,51.9,0,0,0,0
1,credit_card,0.1349,254.48,11.89067673,9.58,662,7710.0,15030,52.2,1,0,0,1
1,debt_consolidation,0.1128,200.52,10.4341158,10.06,692,1769.958333,5129,35.4,1,0,0,0
1,credit_card,0.1286,184.95,10.42376834,17.31,672,1950.0,12596,46.3,0,0,0,0
1,credit_card,0.1159,247.65,11.66650455,11.89,687,2910.0,25588,58.0,1,0,0,0
1,all_other,0.0768,65.5,10.92952915,3.59,757,7529.958333,14538,32.0,1,0,0,0
1,all_other,0.1128,32.88,10.46310334,15.69,697,4320.958333,199,2.3,1,0,0,1
1,credit_card,0.1286,92.48,10.96819829,13.57,667,2519.958333,3109,42.6,2,0,0,0
1,all_other,0.1304,219.14,11.05089001,6.76,667,6167.958333,20227,41.0,3,1,0,1
1,debt_consolidation,0.08,156.69,10.96812932,10.78,757,3179.958333,4496,9.7,3,0,0,0
1,all_other,0.0768,124.76,10.6214249,10.74,792,4589.958333,2775,13.7,3,0,0,0
1,all_other,0.1001,242.04,11.27720313,15.21,727,4979.958333,2801,6.7,0,1,0,0
1,debt_consolidation,0.1033,129.69,10.34174248,10.03,702,3839.958333,6796,32.4,0,0,0,0
1,debt_consolidation,0.1096,245.4,10.51009597,7.16,697,3599.958333,27491,56.2,3,0,0,0
1,credit_card,0.1412,102.71,10.08580911,9.3,662,1470.0,5062,85.8,0,0,0,0
1,major_purchase,0.1272,59.57,10.71441777,10.64,667,3179.958333,1030,4.6,0,3,0,0
1,credit_card,0.1051,136.54,10.95080655,10.59,707,7350.0,5014,18.1,0,2,0,0
1,credit_card,0.1146,98.88,9.942708266,3.58,707,3879.041667,2731,97.5,0,0,0,0
1,debt_consolidation,0.1209,156.31,10.59663473,21.93,712,4650.958333,3266,49.5,0,0,0,0
1,educational,0.1083,146.97,10.54534144,13.54,712,3930.958333,1818,29.8,2,0,0,0
1,all_other,0.1178,99.33,10.27090459,0.66,717,1142.0,843,30.1,0,0,0,0
1,debt_consolidation,0.1051,243.81,10.6454249,16.23,727,3573.958333,26784,63.6,1,0,0,0
1,debt_consolidation,0.1083,163.3,10.76840078,21.53,742,3604.958333,17194,54.8,1,0,0,1
1,all_other,0.1241,172.07,11.56171563,20.29,747,5585.0,8855,31.2,7,0,0,0
1,debt_consolidation,0.1051,243.81,11.98292909,9.55,722,4685.958333,39979,49.5,0,0,0,0
1,all_other,0.1588,245.69,11.46163217,24.19,667,5375.958333,590,84.3,0,0,0,0
1,all_other,0.0907,238.75,11.00209984,4.86,752,7626.958333,8575,25.0,1,0,0,0
1,home_improvement,0.102,242.71,11.27663335,11.99,732,4686.958333,42703,40.4,3,0,0,1
1,all_other,0.0907,210.1,10.37361617,1.84,742,2680.0,4889,10.7,1,0,0,1
1,credit_card,0.1083,244.94,11.40756495,20.91,747,5641.0,120338,47.5,0,0,0,0
1,all_other,0.0907,191.0,11.08214255,5.0,752,4384.0,86,0.5,1,0,0,0
1,home_improvement,0.0832,47.23,10.858999,12.39,722,3800.0,26571,33.7,0,0,0,0
1,major_purchase,0.102,97.09,10.91508846,0.33,802,3216.958333,37,0.2,0,0,0,0
1,debt_consolidation,0.1272,251.7,11.31447453,11.12,677,6008.0,12336,46.0,0,1,0,0
1,credit_card,0.1114,156.65,10.83958091,6.4,697,4709.958333,10537,41.0,2,0,0,0
1,all_other,0.1336,338.68,10.71441777,1.73,687,3509.958333,3153,30.3,1,0,0,0
1,major_purchase,0.0907,229.2,10.96812932,9.35,742,9419.958333,3392,9.2,1,0,0,0
1,small_business,0.1146,411.97,11.32418334,14.16,707,6089.958333,41893,62.5,0,0,0,0
1,small_business,0.1557,244.62,10.93310697,1.18,672,1409.958333,255,15.0,2,0,0,0
1,debt_consolidation,0.1304,252.85,11.03488966,18.21,682,5777.958333,19099,89.2,1,0,0,0
1,small_business,0.0938,335.76,10.91508846,6.41,737,2459.958333,1932,11.4,2,0,0,1
1,debt_consolidation,0.1178,380.76,10.73116563,15.21,707,5039.958333,10197,75.5,0,0,0,0
1,debt_consolidation,0.1304,182.06,11.2515607,22.08,707,5220.0,9282,15.0,1,0,1,0
1,educational,0.08,297.7,10.91508846,3.53,787,14159.95833,7171,10.7,2,0,0,1
1,small_business,0.0938,383.73,11.81303006,9.91,767,13620.0,1579,7.2,0,0,0,0
1,all_other,0.1493,865.78,11.98292909,10.73,682,1799.958333,33256,73.9,0,0,0,0
1,debt_consolidation,0.1209,299.32,10.87804719,4.3,692,1679.958333,9735,72.1,1,0,0,0
1,credit_card,0.0938,359.74,10.71441777,12.96,757,3599.958333,12341,30.8,0,0,0,0
1,credit_card,0.1146,197.75,10.34817337,13.73,692,2069.958333,14154,85.8,0,0,0,1
1,debt_consolidation,0.0768,124.77,10.23995979,5.57,777,6095.041667,4988,14.6,0,0,0,0
1,credit_card,0.1462,861.99,11.98292909,9.04,682,5369.958333,9925,45.1,1,2,0,1
1,credit_card,0.0938,172.68,11.49685706,19.36,732,6000.0,36976,53.1,2,0,0,0
1,home_improvement,0.1178,248.32,10.30895266,17.72,692,6270.0,6349,44.7,1,1,0,0
1,credit_card,0.1209,598.64,11.1124479,19.22,702,5220.0,22897,64.5,1,0,1,1
1,all_other,0.1272,536.11,11.73606902,10.62,692,5970.0,35114,52.6,0,0,0,0
1,debt_consolidation,0.1367,236.43,11.75038998,11.16,662,6839.958333,31081,28.3,1,1,0,0
1,credit_card,0.1178,178.8,10.6454249,10.57,682,3780.0,6770,21.2,3,0,0,0
1,all_other,0.0907,159.17,11.35040654,5.46,737,3090.0,6528,14.3,1,0,0,0
1,small_business,0.0963,32.1,10.30895266,2.64,717,1928.958333,11738,30.3,1,0,0,0
1,home_improvement,0.1114,820.13,11.51292546,5.95,732,6119.958333,31752,53.1,2,0,0,0
1,all_other,0.1304,384.34,11.47210347,8.98,697,1170.0,6201,66.7,1,0,0,0
1,credit_card,0.08,256.96,11.21182037,11.46,772,6419.958333,23891,19.3,0,0,0,0
1,credit_card,0.1178,264.88,10.858999,9.09,687,3629.958333,15217,58.1,0,0,0,0
1,small_business,0.1051,260.06,10.71441777,11.41,787,3929.958333,2193,6.9,0,0,0,0
1,credit_card,0.1178,165.55,10.75790288,22.49,692,8160.0,0,0.0,3,0,1,1
1,debt_consolidation,0.06,216.38,10.23995979,12.09,667,2550.0,14320,67.5,1,0,0,0
1,all_other,0.0768,31.19,11.1844214,16.9,767,6419.958333,28938,23.4,0,0,0,0
1,debt_consolidation,0.1241,517.87,10.54534144,9.06,692,5250.0,17297,77.6,1,0,1,0
1,credit_card,0.1083,215.55,11.1844214,17.87,712,3899.958333,5595,14.9,0,0,1,0
1,debt_consolidation,0.1241,334.11,11.03488966,22.43,682,8669.958333,12792,50.6,2,2,0,0
1,credit_card,0.1241,233.88,11.51292546,7.88,677,9270.0,6410,41.4,0,0,0,0
1,home_improvement,0.0768,109.17,10.858999,7.57,762,7831.0,1369,5.9,0,1,0,0
1,debt_consolidation,0.1367,816.43,11.46163217,17.68,697,3330.0,34565,89.3,1,0,0,0
1,all_other,0.102,161.81,11.15619338,8.21,732,3070.0,2535,50.7,3,0,0,0
1,debt_consolidation,0.1083,489.88,11.01006801,16.01,732,5850.0,35692,40.1,3,0,0,0
1,home_improvement,0.1178,215.22,11.42081018,2.14,732,4410.0,4541,96.6,2,0,0,1
1,all_other,0.1241,200.47,10.77895629,17.53,707,6509.958333,1966,93.6,1,0,0,1
1,debt_consolidation,0.1304,202.28,10.38887228,24.89,672,1830.0,3139,50.6,1,1,0,0
1,all_other,0.08,313.37,10.59663473,6.48,777,4923.0,19998,18.3,1,0,0,0
1,all_other,0.1083,81.65,11.00209984,12.36,692,5190.0,257,5.8,1,3,0,0
1,all_other,0.1336,203.21,10.99373159,16.24,662,3539.958333,1995,30.7,1,0,0,0
1,debt_consolidation,0.1367,489.86,11.69524702,13.01,672,4200.0,14827,43.5,3,0,0,1
1,all_other,0.102,177.99,10.73630972,6.03,787,4589.958333,1442,13.5,0,0,0,0
1,debt_consolidation,0.1178,595.97,11.44035477,17.43,707,3899.958333,29046,41.8,0,0,0,0
1,debt_consolidation,0.102,275.07,10.66886237,9.15,727,2909.958333,6725,43.7,1,0,0,0
1,small_business,0.1241,501.16,12.76568843,5.86,692,2429.958333,36073,72.9,2,0,0,1
1,debt_consolidation,0.1051,325.08,11.05089001,22.63,717,6660.0,15655,44.3,3,0,0,0
1,debt_consolidation,0.1146,329.57,10.49127422,19.3,702,2069.958333,5680,25.2,0,0,1,0
1,all_other,0.1146,197.75,12.3883942,3.64,722,3209.958333,58753,94.0,0,0,0,0
1,small_business,0.1146,329.57,10.89673933,21.69,722,5250.0,21462,40.9,1,0,0,0
1,major_purchase,0.1209,330.08,11.44571672,12.92,687,2190.0,26845,80.5,0,0,0,0
1,small_business,0.1462,517.2,11.58988651,11.56,667,4649.958333,13706,45.7,1,1,0,1
1,credit_card,0.0938,191.87,10.71441777,10.69,742,2760.0,1774,13.3,1,0,0,0
1,small_business,0.1557,698.91,10.79957558,12.39,672,4830.0,13335,39.8,1,1,0,0
1,debt_consolidation,0.1051,162.54,10.40477786,2.4,767,3848.0,1411,35.3,1,0,0,0
1,debt_consolidation,0.1083,391.9,10.57131693,18.22,717,2519.958333,16100,39.3,1,0,0,0
1,home_improvement,0.1114,328.06,10.6214249,21.92,722,2640.0,9042,16.2,2,0,0,0
1,small_business,0.102,485.42,11.51292546,7.93,747,3599.958333,86429,37.8,0,0,0,1
1,all_other,0.1304,505.7,11.98292909,12.61,692,3569.958333,30055,72.1,0,0,0,0
1,educational,0.1304,134.86,10.40426284,12.8,667,8130.0,6793,31.4,3,2,0,0
1,debt_consolidation,0.1304,674.27,12.22342128,7.02,692,3720.0,61977,59.3,0,0,0,0
1,debt_consolidation,0.1146,329.57,11.45100751,7.85,727,6600.0,17465,95.4,1,0,0,1
1,debt_consolidation,0.1178,496.64,11.12726298,22.43,717,8013.0,10635,46.9,0,0,0,0
1,educational,0.1126,336.03,11.15625052,1.73,742,3038.041667,7044,13.7,3,0,0,0
1,small_business,0.1493,346.32,11.00209984,20.58,682,6720.0,56189,89.2,0,0,0,1
1,debt_consolidation,0.1083,653.17,11.08220409,8.2,742,4171.0,12418,66.2,1,0,0,1
1,educational,0.1241,260.61,11.14186178,11.5,682,1920.0,36081,87.8,1,0,1,0
1,credit_card,0.1442,206.3,11.17147687,15.18,662,6709.041667,38616,76.3,1,0,0,0
1,debt_consolidation,0.0907,318.33,11.03495418,4.32,782,5369.958333,49421,2.7,1,0,0,0
1,debt_consolidation,0.1051,243.81,10.85892207,7.82,722,4379.958333,5911,20.9,3,0,0,0
1,debt_consolidation,0.102,161.81,10.59653473,13.08,722,3929.958333,6013,51.0,3,0,0,0
1,debt_consolidation,0.1367,110.56,10.1266311,24.34,672,1223.041667,10098,24.7,2,0,0,0
1,home_improvement,0.102,58.26,10.6454249,11.09,707,2519.958333,3628,26.1,2,0,0,0
1,debt_consolidation,0.1114,492.08,11.22524339,7.81,722,7140.0,14340,71.3,0,0,0,0
1,debt_consolidation,0.1367,748.39,11.0744205,13.13,687,3989.958333,25716,55.4,0,0,0,0
1,debt_consolidation,0.1051,747.67,11.22524339,24.93,772,3840.0,3553,5.6,1,0,0,0
1,credit_card,0.1178,529.75,10.6214249,15.31,712,3000.041667,19604,43.3,3,0,0,0
1,debt_consolidation,0.1241,400.93,11.40756495,7.4,697,1470.0,10868,37.6,2,0,0,0
1,debt_consolidation,0.1493,519.47,11.60823564,24.8,662,5580.0,36002,71.3,1,1,0,0
1,credit_card,0.1051,126.78,11.22524339,20.23,707,4619.958333,4508,30.7,0,0,0,0
1,all_other,0.08,125.35,10.97678203,5.07,817,4081.0,345,0.6,0,0,0,0
1,debt_consolidation,0.1083,246.57,10.37361617,21.48,717,5990.041667,7779,83.6,1,0,0,0
1,credit_card,0.1083,261.27,10.62132735,13.29,712,5190.0,30362,46.4,1,0,0,0
1,small_business,0.1493,346.32,11.31447453,8.68,682,5339.958333,9,0.0,0,0,0,0
1,major_purchase,0.1148,725.31,11.28978191,3.33,762,3925.958333,6628,7.3,1,0,0,0
1,credit_card,0.102,485.42,10.3155972,12.87,752,5789.958333,14857,31.3,2,1,0,0
1,all_other,0.0938,207.85,10.1266311,15.98,767,3757.041667,583,21.6,3,0,0,0
1,small_business,0.1178,331.1,10.80576049,17.67,722,3599.958333,27496,33.4,1,0,0,0
1,debt_consolidation,0.1272,302.04,10.57131693,9.29,712,6179.958333,3910,46.3,0,0,0,0
1,major_purchase,0.1051,260.06,10.43399815,11.19,757,2520.0,10,0.1,3,0,0,1
1,small_business,0.1051,165.79,11.02190247,5.67,752,1799.958333,40,1.7,0,0,0,0
1,small_business,0.1272,268.48,10.97848998,0.51,702,4019.958333,276,0.8,2,0,0,0
1,credit_card,0.0907,95.5,11.06929109,3.03,727,6509.958333,4483,72.3,0,0,0,1
1,all_other,0.102,103.56,10.37349118,4.95,717,9570.0,995,2.2,1,2,0,0
1,debt_consolidation,0.1399,410.08,10.79314679,10.11,662,4830.0,15043,76.0,1,0,0,0
1,home_improvement,0.1146,79.1,10.77895629,12.43,682,1950.041667,5027,62.8,1,0,0,0
1,debt_consolidation,0.1178,331.1,11.09133097,8.8,717,2310.0,27406,40.5,2,0,0,0
1,credit_card,0.1241,559.63,10.71441777,24.75,722,6179.958333,28116,95.3,1,0,0,0
1,all_other,0.1146,49.44,10.26102213,7.22,702,1650.0,0,0.0,2,1,0,0
1,small_business,0.1525,869.7,11.81303006,15.56,722,11850.0,95356,58.1,0,0,0,0
1,debt_consolidation,0.1114,262.45,11.00209984,8.64,702,4350.0,3754,50.7,1,1,0,0
1,credit_card,0.1367,217.72,11.6127708,24.03,667,4739.958333,36475,92.3,3,0,0,0
1,all_other,0.08,344.71,10.69194491,1.94,822,11579.95833,3879,7.9,2,0,0,0
1,debt_consolidation,0.1083,440.89,11.26446411,11.52,717,4319.958333,12266,41.2,1,0,0,1
1,debt_consolidation,0.1083,620.51,10.91501573,14.34,772,4229.958333,5503,55.0,4,0,0,0
1,small_business,0.1367,326.57,11.2362229,13.97,682,3636.958333,9375,93.7,0,0,0,0
1,debt_consolidation,0.1272,503.39,10.81977828,24.94,687,3690.0,8214,54.4,0,0,0,0
1,debt_consolidation,0.1399,307.56,10.55059079,10.71,662,4590.0,3015,82.2,0,0,0,0
1,home_improvement,0.143,411.89,11.1844214,20.87,662,3269.958333,12089,64.6,0,0,0,0
1,debt_consolidation,0.1442,515.74,11.22524339,3.22,682,3180.041667,15137,43.6,0,2,0,0
1,all_other,0.0907,222.83,10.73639668,21.65,747,2970.0,5368,16.6,0,0,0,0
1,debt_consolidation,0.143,274.59,10.52406404,23.27,667,3000.0,11531,76.9,1,0,0,0
1,small_business,0.1426,411.67,11.50287513,3.83,762,6059.958333,10106,67.4,3,0,0,0
1,small_business,0.1146,823.93,11.36210258,13.86,757,4530.0,46055,20.2,0,0,0,1
1,debt_consolidation,0.1304,269.71,10.74720759,5.7,677,8249.958333,8033,73.0,0,0,0,0
1,educational,0.1241,185.43,9.998797732,11.73,677,3539.958333,1212,22.9,3,0,0,1
1,debt_consolidation,0.08,313.37,11.09741002,20.25,772,8220.0,9632,6.8,3,0,0,0
1,all_other,0.1083,308.63,11.15625052,14.33,727,5069.958333,13823,79.9,0,0,0,0
1,educational,0.143,34.33,9.61580548,15.04,662,3330.0,6553,96.0,3,0,0,0
1,all_other,0.1304,185.43,9.998797732,5.02,697,2159.958333,2614,52.3,0,0,0,0
1,debt_consolidation,0.1525,556.61,10.97164063,11.48,662,4920.0,16052,88.2,3,0,0,1
1,debt_consolidation,0.1083,293.93,10.55841352,17.86,737,2670.041667,0,0.0,1,0,0,0
1,debt_consolidation,0.1209,232.81,10.77895629,9.8,712,4290.0,5585,6.4,1,0,1,0
1,all_other,0.1272,335.6,10.59923136,22.53,682,4020.0,408,2.1,3,2,0,0
1,all_other,0.1114,98.42,10.6214249,4.54,702,3840.041667,4693,75.2,0,0,0,0
1,debt_consolidation,0.1367,340.18,11.00209984,12.54,697,3570.0,27860,89.4,3,0,0,0
1,all_other,0.1146,184.56,11.42954386,8.28,692,6030.041667,5559,58.5,2,0,1,0
1,debt_consolidation,0.1051,195.05,10.30895266,14.36,727,1920.041667,5028,40.2,0,0,0,0
1,credit_card,0.1178,49.67,11.98292909,7.68,682,3630.0,5350,87.7,3,0,0,0
1,credit_card,0.1146,273.55,11.31447453,15.5,727,3364.041667,22164,96.8,1,0,0,0
1,all_other,0.1051,174.73,11.43932198,19.8,762,7590.0,14494,29.6,6,0,0,0
1,debt_consolidation,0.1083,78.38,10.46310334,17.62,712,2640.041667,15755,88.5,0,0,0,0
1,educational,0.1241,267.29,9.903487553,0.6,762,1440.0,2000,11.4,0,0,0,0
1,credit_card,0.1272,293.65,11.36917056,20.12,682,2790.0,25965,52.5,1,0,0,0
1,debt_consolidation,0.1399,854.32,11.69524702,19.76,692,3780.041667,41077,60.0,0,1,0,0
1,all_other,0.08,156.69,11.40756495,4.28,762,5010.0,14442,28.3,0,0,0,0
1,educational,0.1114,275.57,11.3736634,11.88,702,4110.041667,24216,73.8,3,0,0,1
1,all_other,0.1146,329.57,11.51292546,4.43,707,2850.0,13175,46.9,2,0,0,0
1,debt_consolidation,0.1399,340.88,11.11274636,4.15,662,3960.0,11574,75.6,1,0,0,0
1,all_other,0.1241,267.29,10.46310334,6.38,712,1410.0,7740,37.6,1,0,0,0
1,all_other,0.08,150.42,11.22524339,17.81,767,8010.0,71386,11.6,0,0,0,0
1,credit_card,0.1241,60.14,11.48246626,19.24,677,5460.0,34093,93.7,0,0,0,0
1,debt_consolidation,0.1114,255.88,10.6214249,20.46,717,2831.0,11437,41.6,0,0,0,0
1,home_improvement,0.1399,512.6,11.06663836,5.38,702,3600.0,12945,76.6,2,0,1,1
1,debt_consolidation,0.1146,467.99,11.05089001,15.83,727,3660.0,11306,44.7,1,1,0,0
1,all_other,0.1367,136.08,9.61580548,14.0,662,3000.041667,5617,87.8,0,0,0,1
1,small_business,0.0768,187.14,10.59663473,24.15,782,3030.041667,1478,10.4,0,0,0,0
1,credit_card,0.1083,685.83,10.96819829,14.38,737,4050.041667,8886,17.8,0,1,0,0
1,debt_consolidation,0.1557,244.62,10.78931908,2.72,672,3010.041667,3273,69.6,1,0,0,1
1,debt_consolidation,0.0907,318.33,10.81977828,9.62,752,6150.0,18917,33.2,0,0,0,0
1,all_other,0.1114,196.84,11.08214255,22.41,697,7350.041667,2611,7.8,0,6,0,0
1,all_other,0.1083,52.26,10.27931786,5.36,702,3780.041667,7020,42.0,0,1,0,0
1,small_business,0.1114,524.89,11.91839057,2.5,722,7710.041667,23165,31.7,0,2,0,0
1,all_other,0.1178,231.77,10.39696354,16.85,717,4530.041667,0,0.0,2,0,0,0
1,all_other,0.1347,508.84,11.47210347,13.44,707,2256.0,8272,33.2,3,0,0,0
1,all_other,0.1083,244.94,10.82988702,14.59,707,4050.041667,3800,21.7,1,0,0,0
1,credit_card,0.1083,78.38,10.59663473,15.75,697,5160.041667,13620,29.9,2,0,0,1
1,credit_card,0.1241,167.06,11.38509209,23.88,677,3750.041667,40726,83.0,1,0,1,1
1,all_other,0.1367,170.09,10.71441777,16.29,662,2160.0,4373,81.0,0,0,2,0
1,credit_card,0.1114,475.68,10.49127422,21.8,712,10368.04167,23772,84.0,0,0,0,1
1,debt_consolidation,0.1272,134.24,10.56746336,3.98,667,1830.0,5490,12.2,0,0,0,0
1,home_improvement,0.1493,242.42,10.16585182,11.77,662,1170.041667,12597,63.0,1,0,0,0
1,credit_card,0.0768,93.57,10.74181674,3.97,762,10260.04167,4361,7.3,1,0,0,0
1,debt_consolidation,0.1336,711.22,11.35040654,10.74,687,6630.041667,29381,88.2,2,0,1,1
1,debt_consolidation,0.1178,662.19,10.858999,15.42,727,3755.041667,25971,66.6,0,0,0,1
1,all_other,0.1178,240.05,11.56171563,5.04,707,3630.0,2134,12.5,1,0,0,0
1,small_business,0.0938,425.3,11.40756495,8.93,772,5648.041667,126302,27.6,1,0,0,1
1,debt_consolidation,0.1399,222.13,10.83981618,13.81,672,3060.041667,29212,63.1,0,0,0,0
1,debt_consolidation,0.1392,682.74,11.38962725,24.94,692,4975.958333,27160,65.7,1,0,0,0
1,all_other,0.1904,458.46,11.71993963,5.84,662,6210.0,13363,99.0,1,1,0,1
1,debt_consolidation,0.1209,249.43,10.81977828,19.73,692,3360.041667,12985,22.9,3,0,0,0
1,small_business,0.1336,338.68,11.00209984,7.24,697,5250.041667,3617,14.4,0,2,0,0
1,home_improvement,0.08,142.59,10.97848998,5.58,757,7590.0,19572,49.3,1,0,0,0
1,all_other,0.0768,93.57,10.35316092,19.33,777,2610.041667,2707,13.4,1,0,0,0
1,all_other,0.0907,318.33,11.46163217,9.79,807,7470.041667,0,0.0,2,0,0,0
1,major_purchase,0.1178,198.66,10.6454249,10.6,692,3090.041667,1878,81.7,1,0,0,0
1,debt_consolidation,0.1051,260.06,11.00209984,23.46,717,3403.041667,44282,61.2,1,0,0,0
1,debt_consolidation,0.1399,410.08,10.81977828,12.14,677,2220.041667,12651,86.1,3,0,0,0
1,all_other,0.1557,314.51,10.59653473,0.0,687,2940.041667,0,42.4,1,0,0,0
1,debt_consolidation,0.1114,278.85,10.6454249,19.54,702,3990.0,2689,14.5,1,0,0,0
1,all_other,0.1336,101.61,10.34595939,17.46,662,1860.041667,4922,65.6,0,0,0,0
1,debt_consolidation,0.0907,152.8,10.77895629,14.6,742,7350.041667,8900,49.2,0,0,0,0
1,credit_card,0.1146,430.92,11.42954386,12.63,727,5520.041667,27920,33.0,0,0,0,0
1,debt_consolidation,0.1209,399.09,10.1266311,11.04,692,8435.041667,9931,29.6,0,1,0,1
1,small_business,0.1114,303.45,11.00209984,6.48,782,2580.041667,52,1.5,0,0,0,0
1,credit_card,0.1367,748.39,11.22524339,22.08,692,2940.041667,23176,84.3,0,0,0,0
1,credit_card,0.1241,614.76,11.59910316,14.38,702,5640.041667,56969,89.6,1,0,0,0
1,debt_consolidation,0.1051,496.55,11.00209984,9.94,757,5010.0,23218,29.8,0,0,0,0
1,educational,0.1051,48.77,10.93310697,12.94,702,9120.0,388,6.2,0,0,0,0
1,debt_consolidation,0.1146,59.33,11.00209984,18.42,682,4470.041667,4170,59.2,0,1,0,0
1,debt_consolidation,0.1872,876.36,11.00209984,19.8,667,3271.0,23555,60.3,1,0,1,1
1,debt_consolidation,0.102,161.81,11.05089001,11.09,717,3600.0,836,9.2,3,0,0,0
1,small_business,0.1146,164.79,10.82480563,13.09,717,1260.041667,2042,13.9,1,0,0,0
1,educational,0.102,77.67,9.546812609,0.86,757,1772.0,185,1.7,1,0,0,0
1,small_business,0.1209,332.58,11.51292546,15.01,687,5130.041667,25853,41.7,0,0,0,0
1,all_other,0.1146,197.75,10.27505111,4.34,687,2280.041667,3430,25.2,1,0,0,0
1,debt_consolidation,0.1146,494.36,11.22524339,11.58,707,4350.0,20133,76.8,0,0,0,0
1,home_improvement,0.1367,217.72,10.87804719,16.35,662,9030.0,6713,59.9,0,1,0,0
1,debt_consolidation,0.162,211.54,11.08367983,14.91,662,4621.0,3234,98.0,3,0,0,0
1,debt_consolidation,0.1272,201.36,10.70205455,3.08,677,5400.0,4901,58.7,1,2,0,0
1,educational,0.1493,346.32,10.91523391,12.85,667,4052.041667,18810,59.5,0,0,0,0
1,debt_consolidation,0.1051,173.11,11.35035948,21.12,722,7350.041667,30067,61.8,1,0,0,0
1,credit_card,0.0907,458.39,11.35040654,1.5,792,4470.041667,4658,10.7,0,0,0,0
1,all_other,0.0938,351.75,11.31447453,0.0,747,7920.0,3425,6.0,0,1,0,0
1,home_improvement,0.1588,491.37,11.69524702,20.67,662,6000.041667,69937,97.8,1,0,0,0
1,small_business,0.1114,177.97,11.28978191,24.77,712,3750.041667,12216,56.6,1,0,0,0
1,debt_consolidation,0.1304,674.27,10.87812266,8.87,692,4380.0,5432,50.8,0,0,0,0
1,debt_consolidation,0.1367,340.18,12.4292162,10.51,712,3990.0,89156,99.2,2,0,0,0
1,all_other,0.1209,199.55,11.3224427,18.06,682,3030.041667,23958,87.1,0,0,0,0
1,home_improvement,0.0737,93.14,10.9241383,8.95,772,7410.041667,4975,21.0,0,0,0,0
1,small_business,0.1336,846.7,11.75978554,16.62,712,7890.041667,46663,47.4,1,0,0,1
1,debt_consolidation,0.1493,83.12,10.63969422,21.55,672,5460.0,4332,98.5,0,0,1,1
1,small_business,0.1146,381.48,11.15625052,0.26,807,6570.0,495,4.9,1,0,0,0
1,debt_consolidation,0.1083,212.28,10.61820051,24.43,717,3900.0,28473,26.6,1,0,0,0
1,debt_consolidation,0.1399,273.39,11.22524339,11.98,677,5160.041667,6372,95.7,1,0,0,0
1,small_business,0.1146,121.95,11.23848862,22.97,697,4290.0,47039,89.5,0,0,0,1
1,debt_consolidation,0.1557,419.35,10.73639668,12.5,667,1860.041667,12376,97.4,1,0,0,0
1,home_improvement,0.1051,382.78,11.69524702,3.91,742,4110.041667,20892,33.2,1,0,0,0
1,debt_consolidation,0.1379,170.38,11.69524702,3.02,667,3289.0,4339,13.7,1,3,0,0
1,small_business,0.1083,374.76,11.65268741,8.42,742,7320.0,94699,54.2,3,0,0,0
1,credit_card,0.1083,146.97,11.00209984,8.66,712,4710.0,13103,53.5,0,0,1,0
1,credit_card,0.102,330.09,10.69194491,14.37,732,2610.041667,14869,46.9,0,0,0,0
1,credit_card,0.1083,391.9,11.60827201,17.82,722,10290.04167,28631,54.9,0,0,0,0
1,debt_consolidation,0.1209,432.35,10.81977828,11.16,717,3450.041667,12941,96.6,0,0,0,0
1,small_business,0.0768,93.57,11.22524339,11.9,752,3210.0,5263,48.7,0,0,0,0
1,debt_consolidation,0.1588,526.47,11.00209984,17.14,672,10170.0,13853,73.3,1,0,0,0
1,small_business,0.102,194.17,11.04574983,3.56,722,8100.041667,3567,66.1,2,0,0,0
1,debt_consolidation,0.0938,175.88,10.93310697,5.36,737,3570.0,2707,56.4,0,0,0,0
1,debt_consolidation,0.1241,334.11,11.15625052,10.35,682,3180.0,7198,29.1,2,3,0,0
1,debt_consolidation,0.102,323.62,10.45045222,16.22,747,7890.041667,21626,64.0,0,0,0,0
1,educational,0.1114,82.02,11.14919713,20.15,692,5250.041667,51489,77.9,2,0,0,1
1,credit_card,0.1241,668.21,11.60823564,10.92,702,5370.0,25717,33.9,3,0,0,0
1,debt_consolidation,0.1715,535.92,11.21182037,19.83,667,3690.041667,52639,79.2,3,0,0,0
1,debt_consolidation,0.0938,191.87,11.71177632,14.72,727,3900.0,73534,31.6,2,0,0,0
1,debt_consolidation,0.1083,39.19,10.59663473,6.59,697,2310.041667,1262,42.1,0,0,0,0
1,all_other,0.1178,49.67,10.59663473,5.43,687,2970.041667,1434,13.7,0,1,0,0
1,debt_consolidation,0.1178,165.55,11.22524339,1.84,702,5430.0,5104,44.4,1,0,0,0
1,home_improvement,0.1114,656.11,11.69524702,2.82,727,6690.041667,13417,31.3,1,1,0,0
1,home_improvement,0.1051,390.09,11.91839057,2.92,827,8763.0,84236,4.6,0,0,0,0
1,small_business,0.1221,832.88,11.8493977,11.97,742,6388.041667,2796,6.1,4,0,0,0
1,credit_card,0.1367,204.11,10.70957048,22.78,692,8490.041667,19270,97.3,1,0,1,0
1,home_improvement,0.1525,347.88,11.00209984,1.28,702,1290.041667,4980,55.3,1,0,0,0
1,debt_consolidation,0.1557,270.83,10.30895266,23.12,662,1200.041667,7333,71.9,3,0,0,0
1,debt_consolidation,0.1272,167.8,10.21097225,7.19,682,1860.041667,5091,57.2,0,0,0,0
1,all_other,0.1241,668.21,10.54534144,1.96,787,8641.0,507,0.3,7,0,0,0
1,debt_consolidation,0.08,156.69,9.878169745,9.23,772,5190.041667,5783,25.4,2,0,0,0
1,debt_consolidation,0.1114,328.06,11.69524702,7.92,717,6060.041667,111055,87.2,1,0,0,0
1,credit_card,0.1178,99.33,11.12726298,5.29,687,3750.041667,10870,80.5,0,1,0,0
1,credit_card,0.1209,323.43,11.00209984,16.52,687,2940.041667,4121,71.0,0,1,0,0
1,debt_consolidation,0.1209,399.09,11.12726298,4.29,697,1710.0,9273,19.7,1,0,0,0
1,credit_card,0.0768,155.95,10.81977828,8.47,782,4950.041667,14020,38.5,0,0,0,0
1,all_other,0.0938,230.24,10.71441777,0.0,782,4500.041667,0,0.0,3,0,0,0
1,small_business,0.1304,674.27,11.47210347,13.95,722,1139.041667,1175,22.2,1,0,0,0
1,major_purchase,0.1083,483.35,10.81977828,5.52,722,2581.041667,3943,12.2,2,0,0,0
1,all_other,0.1209,399.09,11.08220409,21.03,702,3750.041667,18273,85.4,1,0,0,0
1,major_purchase,0.0938,159.89,10.43399815,1.66,732,3287.0,2221,34.2,3,0,0,0
1,debt_consolidation,0.1209,359.18,10.57867441,5.53,697,1650.041667,14922,43.8,1,0,0,1
1,debt_consolidation,0.1336,677.36,10.85892207,18.19,682,3360.041667,26282,68.6,1,0,0,0
1,all_other,0.1304,202.28,11.77528973,11.06,672,8192.041667,42125,50.7,3,0,0,0
1,debt_consolidation,0.1304,536.05,11.1844214,3.52,712,3270.0,16122,97.7,0,0,0,0
1,credit_card,0.0938,431.69,11.51292546,10.6,752,6964.041667,18640,44.9,0,0,0,0
1,all_other,0.08,78.35,10.64799303,23.88,747,4380.0,634,14.4,2,0,0,0
1,debt_consolidation,0.143,293.47,11.27720313,18.14,692,4440.041667,7987,42.5,3,0,0,1
1,credit_card,0.1241,160.38,11.05089001,13.81,672,2880.0,5034,45.4,3,1,1,1
1,small_business,0.1178,297.99,11.40756495,13.63,687,8100.041667,51664,18.0,2,0,0,1
1,credit_card,0.1272,167.8,10.70099475,17.03,672,2670.041667,7837,41.2,2,1,0,0
1,all_other,0.0907,305.6,10.85892207,3.67,807,5490.0,1631,1.3,1,0,0,0
1,debt_consolidation,0.1588,526.47,11.51588109,11.13,697,4921.041667,9935,16.5,0,0,0,0
1,debt_consolidation,0.08,159.82,10.93310697,7.85,747,4080.041667,2839,35.0,0,0,0,0
1,credit_card,0.1051,117.03,10.858999,19.87,707,6840.0,9423,31.3,0,0,0,0
1,credit_card,0.1272,588.13,11.93031914,15.72,692,4800.041667,37008,56.2,0,1,0,0
1,debt_consolidation,0.0938,204.66,10.49127422,19.03,732,4114.041667,13871,38.6,1,0,0,0
1,all_other,0.1367,102.06,10.72165816,2.57,677,3120.041667,1864,44.4,0,2,0,0
1,debt_consolidation,0.1568,490.03,10.91508846,18.92,672,1680.0,20619,59.4,0,0,0,0
1,credit_card,0.0938,399.72,11.29476946,3.67,772,4410.0,6495,0.0,1,0,0,0
1,credit_card,0.1083,594.39,10.71441777,18.83,722,3660.0,21526,55.5,3,0,0,0
1,debt_consolidation,0.1304,107.89,10.53049493,17.18,682,4590.041667,4548,81.2,0,1,0,0
1,all_other,0.1178,529.75,11.62621844,7.77,712,3690.041667,4923,29.0,2,0,0,0
1,small_business,0.0988,322.11,11.15625052,11.78,732,5667.041667,7875,25.8,3,0,0,0
1,credit_card,0.1083,45.73,9.210340372,21.84,697,3630.0,5032,47.5,0,0,0,0
1,debt_consolidation,0.1557,681.43,10.78931908,14.57,662,6030.041667,15563,50.9,1,1,0,0
1,debt_consolidation,0.1083,293.93,10.23995979,12.3,742,4500.041667,11679,51.2,2,0,0,0
1,educational,0.1126,197.18,10.5454467,2.34,712,2640.041667,647,17.5,1,0,0,1
1,all_other,0.102,233.01,11.2009507,11.36,732,2490.0,737,73.7,2,0,0,0
1,debt_consolidation,0.143,411.89,11.08214255,4.95,687,4830.041667,12379,91.7,0,1,0,0
1,home_improvement,0.1083,326.59,11.00209984,2.88,762,3450.041667,3123,10.4,0,0,0,0
1,small_business,0.1272,536.95,11.00209984,21.82,692,9750.0,22252,80.2,2,1,0,0
1,credit_card,0.102,323.62,11.41861479,13.32,737,1740.0,14411,20.9,0,0,0,0
1,all_other,0.1146,229.06,11.53272809,13.56,707,5940.041667,32024,63.8,1,0,0,0
1,debt_consolidation,0.1209,332.58,11.2185544,19.01,692,4500.041667,16390,89.6,0,0,1,0
1,debt_consolidation,0.1209,399.09,11.22524339,11.25,747,7290.0,13816,23.7,6,0,0,0
1,debt_consolidation,0.1272,687.13,10.96812932,9.48,692,3840.041667,14066,24.3,3,0,0,0
1,small_business,0.0907,222.83,10.93310697,0.73,742,2370.041667,2240,5.1,2,0,0,0
1,small_business,0.1178,662.19,11.32328922,0.22,807,3510.041667,106,0.5,0,0,0,0
1,debt_consolidation,0.0938,447.68,10.30895266,21.76,762,5280.041667,19291,34.1,0,0,0,0
1,educational,0.1178,165.55,10.23995979,14.77,692,1800.0,7443,23.0,3,0,0,0
1,debt_consolidation,0.1336,677.36,11.25161265,18.56,682,3570.0,18661,76.5,0,0,0,0
1,credit_card,0.102,388.34,11.22524339,6.88,767,2760.041667,0,0.0,0,0,0,1
1,debt_consolidation,0.1146,230.7,10.81985828,8.74,692,1890.041667,20248,27.7,0,0,0,1
1,small_business,0.1525,869.7,11.91839057,6.82,682,4980.041667,0,0.0,0,0,0,0
1,debt_consolidation,0.1715,571.64,11.05366789,19.13,667,4290.0,55188,98.3,3,0,0,1
1,small_business,0.0938,207.85,10.81977828,14.34,747,1979.041667,178,0.5,2,0,0,0
1,home_improvement,0.0938,255.82,10.8731105,14.84,782,3900.0,9589,12.6,0,0,0,0
1,all_other,0.1221,199.89,9.798127037,6.27,687,3575.0,3289,32.6,1,0,0,1
1,debt_consolidation,0.1209,399.09,11.60357023,23.61,692,11040.04167,24417,77.5,2,0,0,0
1,home_improvement,0.08,225.62,11.70949504,7.29,752,2913.0,16405,21.1,0,0,0,0
1,all_other,0.1253,66.94,10.59663473,19.2,697,3270.0,5396,89.9,3,0,0,0
1,credit_card,0.1062,423.28,10.92823799,1.38,782,4370.0,3153,23.7,0,0,0,0
1,credit_card,0.1746,897.06,11.6351431,3.94,662,4530.041667,31852,80.6,3,1,0,1
1,debt_consolidation,0.1209,282.69,10.66895539,10.1,682,4350.0,8787,44.4,1,2,0,0
1,all_other,0.1367,170.09,11.05089001,9.03,667,11700.0,1026,51.3,0,1,0,0
1,small_business,0.1083,458.85,12.10071213,6.24,747,3600.0,60936,24.7,2,0,0,1
1,credit_card,0.0938,383.73,11.40756495,10.55,767,14580.0,2887,60.1,3,0,0,0
1,home_improvement,0.0932,319.47,11.64395373,0.45,772,6244.041667,755,1.6,0,0,0,0
1,all_other,0.1304,94.4,11.1124479,11.62,667,4350.0,6219,57.1,3,0,0,0
1,debt_consolidation,0.1241,668.21,11.3736634,7.66,707,6900.0,15565,81.5,0,0,0,0
1,debt_consolidation,0.1178,827.74,11.77528973,10.2,717,8460.041667,29601,55.1,2,0,0,1
1,debt_consolidation,0.1178,551.28,11.22524339,11.47,707,3630.0,17565,53.9,0,0,0,0
1,credit_card,0.1304,236.0,10.9675084,13.77,672,2970.041667,21159,76.1,0,0,0,0
1,debt_consolidation,0.1146,202.69,9.862665558,9.63,707,3420.041667,6949,81.8,1,0,0,0
1,all_other,0.0907,41.39,10.77895629,0.75,732,3690.041667,542,60.2,0,0,0,0
1,all_other,0.1051,130.03,11.77581267,5.07,712,4470.041667,11840,56.1,0,0,0,1
1,debt_consolidation,0.0938,207.85,11.22524339,13.42,742,6810.041667,29258,1.6,0,0,0,0
1,all_other,0.1272,590.65,11.08214255,12.14,687,8880.041667,18734,62.0,2,0,1,0
1,credit_card,0.08,62.68,10.43399815,13.38,742,3330.041667,7713,32.4,1,0,0,0
1,all_other,0.1189,59.7,10.10435114,22.28,687,6751.041667,2842,47.4,0,0,0,1
1,debt_consolidation,0.1442,515.74,12.4049235,20.01,692,7290.0,77179,82.5,1,0,0,0
1,debt_consolidation,0.1411,718.81,11.08214255,5.19,682,2130.0,15005,64.1,2,0,1,0
1,debt_consolidation,0.1253,234.27,10.858999,19.45,707,3818.041667,18310,56.7,0,0,0,0
1,home_improvement,0.1221,273.19,11.22524339,9.1,707,6240.041667,11136,42.7,1,0,1,0
1,debt_consolidation,0.1505,520.37,10.81985828,10.63,677,4470.041667,14761,77.3,0,1,0,0
1,debt_consolidation,0.1316,594.36,11.24630014,13.39,697,4350.0,31834,71.5,2,0,0,0
1,credit_card,0.1221,399.78,10.74720759,23.69,712,6360.041667,147,0.5,3,0,0,0
1,major_purchase,0.0768,77.98,10.69194491,17.59,787,5768.0,406,1.2,0,0,0,0
1,credit_card,0.0938,306.98,10.77895629,14.54,742,7362.041667,3865,34.2,0,0,0,0
1,credit_card,0.16,377.95,10.49127422,21.93,667,1230.041667,15977,83.6,0,0,0,0
1,small_business,0.1411,171.15,10.41271189,13.77,687,3030.041667,6557,52.9,2,0,0,0
1,all_other,0.0932,89.46,10.4341158,23.86,742,5010.0,0,0.0,0,1,0,0
1,educational,0.1189,49.75,10.25765937,24.63,687,2250.041667,3206,80.1,2,0,0,0
1,all_other,0.1221,266.52,11.91839057,13.29,697,2250.041667,93265,76.4,1,0,0,0
1,credit_card,0.0932,319.47,10.53209621,16.64,752,3900.0,20738,40.6,0,0,0,0
1,small_business,0.1158,305.38,11.91839057,14.47,722,4710.0,42053,66.6,0,0,0,0
1,major_purchase,0.0963,192.57,10.23995979,1.76,772,2310.041667,1292,4.3,1,0,0,0
1,educational,0.0932,402.53,11.54248427,8.55,777,5430.0,2340,5.5,1,0,0,0
1,educational,0.1221,69.97,9.210340372,19.68,752,1121.0,603,6.2,0,0,0,0
1,all_other,0.0932,127.79,10.91508846,6.76,737,3330.041667,5287,18.4,0,0,0,0
1,debt_consolidation,0.1284,134.48,11.7829526,17.68,707,4170.041667,51973,95.0,3,0,0,0
1,credit_card,0.1189,248.73,10.03801845,16.89,717,8100.041667,555,23.1,0,0,0,0
1,credit_card,0.1158,226.97,11.77528973,19.37,757,8670.0,32255,31.6,0,0,0,0
1,debt_consolidation,0.1379,340.76,10.59663473,21.63,682,7380.041667,15615,87.7,3,0,1,1
1,debt_consolidation,0.1316,709.18,11.64395373,15.02,702,8880.041667,18071,65.5,2,0,1,0
1,debt_consolidation,0.1158,184.88,11.05089001,7.85,712,6090.0,8854,68.1,0,0,0,0
1,debt_consolidation,0.1158,247.61,11.26446411,14.52,742,4710.0,45953,57.8,2,0,0,0
1,debt_consolidation,0.1442,34.39,10.81977828,7.39,692,4830.041667,6519,98.8,1,0,0,0
1,small_business,0.1095,294.43,11.38509209,12.78,722,2640.041667,19457,63.6,0,0,0,0
1,debt_consolidation,0.0932,235.61,10.71441777,14.24,737,2282.041667,14429,28.2,0,0,0,0
1,debt_consolidation,0.1442,84.24,9.680344001,21.6,702,7170.041667,14052,98.3,2,0,0,1
1,small_business,0.1568,420.02,11.46163217,22.68,712,3000.041667,27844,89.8,2,0,0,0
1,debt_consolidation,0.0963,160.48,10.77895629,14.88,722,2880.0,5930,21.4,1,0,0,0
1,all_other,0.1158,215.42,10.27518903,3.06,712,3300.0,19349,86.4,0,1,0,0
1,educational,0.1253,334.67,10.41271189,18.5,707,4080.041667,10160,29.8,3,0,0,0
1,home_improvement,0.1253,100.4,10.57131693,10.55,717,1141.041667,2255,21.3,0,0,0,0
1,credit_card,0.0963,102.71,10.54534144,11.27,712,7590.0,7572,17.1,2,0,0,0
1,major_purchase,0.1284,268.95,10.23995979,20.23,702,1320.041667,2259,23.1,3,0,0,0
1,credit_card,0.1347,805.67,11.69524702,24.5,712,6420.041667,81833,84.6,0,0,0,0
1,credit_card,0.1221,168.24,11.09741002,7.75,727,7380.041667,17088,85.4,1,0,0,0
1,debt_consolidation,0.1695,712.54,11.91839057,13.61,672,4830.041667,16473,94.1,2,2,0,0
1,home_improvement,0.1505,416.3,11.75194237,11.85,662,4410.0,28218,85.0,2,0,0,0
1,small_business,0.1221,185.74,12.07254125,9.59,742,9600.041667,4,0.0,1,0,1,0
1,credit_card,0.0963,288.85,11.91839057,7.47,737,6150.0,16912,30.7,0,0,0,0
1,debt_consolidation,0.1221,169.91,11.15625052,11.64,707,1710.0,12142,38.2,0,0,0,0
1,debt_consolidation,0.1505,693.83,11.27720313,16.74,682,1440.0,13596,49.3,1,0,0,0
1,debt_consolidation,0.1442,446.98,11.45105006,16.46,702,3150.041667,24400,32.4,1,0,0,0
1,all_other,0.1221,79.96,10.4341158,7.52,712,1140.041667,8960,35.3,0,0,0,0
1,debt_consolidation,0.1221,45.81,11.00209984,21.09,692,3780.041667,1361,11.1,1,0,1,0
1,small_business,0.08,62.68,11.51292546,0.71,787,5490.0,3520,6.8,1,0,0,0
1,small_business,0.1568,350.02,11.05089001,7.03,667,2250.041667,31590,80.8,0,0,0,1
1,small_business,0.1126,200.47,12.00701176,15.02,762,7470.041667,141165,59.5,1,0,0,1
1,debt_consolidation,0.1442,240.68,10.71441777,15.25,677,3870.041667,23951,97.4,0,0,0,1
1,debt_consolidation,0.1284,645.47,11.53272809,20.21,727,9210.041667,8776,25.2,2,0,0,1
1,debt_consolidation,0.1411,513.44,11.20775808,15.99,707,3360.041667,40868,66.6,0,0,0,1
1,debt_consolidation,0.0788,350.34,10.1266311,19.15,737,6030.041667,10485,36.2,0,0,0,1
1,debt_consolidation,0.1284,67.24,11.15625052,11.97,672,7313.0,11260,69.9,1,0,1,0
1,debt_consolidation,0.0963,32.1,11.00209984,6.16,727,8310.0,100,0.5,0,1,1,0
1,debt_consolidation,0.08,313.37,10.59663473,23.01,797,5250.041667,10538,13.9,0,0,0,0
1,all_other,0.0932,159.74,10.81985828,0.36,757,3210.0,49,0.5,2,3,0,0
1,small_business,0.1221,333.15,11.09741002,10.76,792,5850.0,0,0.0,7,0,0,1
1,credit_card,0.1189,232.15,10.858999,7.52,752,3330.041667,9856,13.3,7,0,0,0
1,debt_consolidation,0.16,316.42,10.59653473,15.75,662,2640.041667,13072,90.2,0,0,0,0
1,credit_card,0.1568,280.02,12.09158169,22.49,662,4710.0,45496,62.7,2,0,0,0
1,credit_card,0.1505,277.53,11.28978191,12.07,667,3509.041667,9229,93.2,1,0,0,0
1,small_business,0.1253,836.66,11.65268741,13.74,727,9214.041667,40110,2.9,0,0,0,0
1,debt_consolidation,0.1221,266.52,10.71441777,21.87,697,2940.0,6569,22.3,2,0,0,0
1,all_other,0.1221,159.92,11.12732181,3.99,702,5040.0,468,7.2,1,1,0,0
1,home_improvement,0.1126,328.64,10.59663473,6.15,732,7680.0,1101,3.3,2,0,0,0
1,all_other,0.1158,264.11,10.30895266,9.48,707,2550.0,14058,22.7,0,0,0,0
1,debt_consolidation,0.1474,345.37,10.83958091,18.71,672,4740.0,18540,62.4,2,0,0,1
1,small_business,0.1316,253.28,10.49127422,21.5,702,1560.041667,1478,12.2,0,0,0,1
1,debt_consolidation,0.1411,342.29,11.00209984,21.32,682,3090.041667,7168,23.3,1,0,0,1
1,small_business,0.1126,326.99,12.10071213,10.07,717,3630.0,61676,28.5,2,0,0,1
1,debt_consolidation,0.1158,396.17,11.22132693,3.53,712,9330.041667,9826,42.7,1,0,1,0
1,educational,0.0932,319.47,11.35040654,7.81,752,2610.041667,2001,12.1,1,0,0,0
1,debt_consolidation,0.0963,239.91,10.44461927,15.51,727,3134.041667,15689,37.9,2,0,0,0
1,small_business,0.0963,327.37,10.81977828,15.46,747,6660.041667,15303,48.9,1,0,0,0
1,all_other,0.1316,101.32,11.00209984,14.08,672,3810.041667,2490,49.8,1,1,0,0
1,all_other,0.1221,49.98,10.08580911,21.15,692,1650.041667,1888,82.1,0,0,0,0
1,all_other,0.1095,235.54,11.17890622,11.93,792,5100.0,4931,8.5,6,0,0,0
1,educational,0.1695,97.98,8.342839804,0.0,687,1238.041667,0,42.5,0,0,0,0
1,all_other,0.1347,339.23,10.81977828,20.83,692,1470.0,10634,57.5,2,0,0,0
1,credit_card,0.1126,328.64,12.07254125,4.16,727,7222.0,44331,86.8,3,0,0,0
1,debt_consolidation,0.1126,328.64,10.59350484,17.73,747,5430.0,2895,19.6,0,0,0,0
1,small_business,0.1284,840.45,11.55214618,5.52,762,8630.041667,1900,38.0,4,0,0,0
1,credit_card,0.1474,345.37,10.73639668,16.33,727,4350.0,13592,25.7,1,1,0,0
1,debt_consolidation,0.0963,320.95,10.23981692,22.97,742,4470.041667,11488,22.3,0,0,0,0
1,debt_consolidation,0.1126,328.64,11.00209984,12.2,762,3690.0,5264,28.8,2,0,0,0
1,major_purchase,0.1158,280.62,10.23981692,20.75,717,2716.041667,12496,57.3,0,0,0,0
1,home_improvement,0.1095,261.71,11.14186178,7.1,732,3180.0,18831,48.5,1,0,0,0
1,debt_consolidation,0.1442,550.13,11.14186178,18.12,677,2400.041667,17085,81.4,0,0,0,0
1,credit_card,0.1095,40.9,11.77528973,5.18,707,4110.041667,26652,80.5,2,0,0,0
1,debt_consolidation,0.1347,135.7,10.59653473,8.55,672,4620.041667,3469,56.9,1,0,1,1
1,small_business,0.0932,255.58,11.15619338,1.08,757,4232.041667,3416,8.6,1,0,0,0
1,credit_card,0.06,194.7,10.4341158,17.12,742,2430.041667,7005,40.0,0,0,0,0
1,all_other,0.1253,368.13,11.28983191,1.62,692,2880.0,4526,20.6,0,0,1,0
1,debt_consolidation,0.1284,487.46,10.72555551,14.24,722,3540.041667,8511,71.5,2,0,0,0
1,debt_consolidation,0.0963,481.42,11.08214255,9.62,797,11820.04167,4002,12.4,0,0,0,0
1,all_other,0.0932,306.69,11.03488966,8.52,797,4050.0,1309,3.3,0,0,0,0
1,debt_consolidation,0.1287,260.66,10.18111929,20.14,692,1942.0,11307,82.8,0,0,0,0
1,major_purchase,0.1505,55.51,10.08580911,14.15,667,3450.041667,9603,96.0,1,0,0,0
1,debt_consolidation,0.1126,394.36,10.91501573,21.41,727,3900.041667,17102,73.1,1,0,0,0
1,credit_card,0.1095,37.63,11.2515607,7.75,712,6240.0,6907,54.3,0,0,1,0
1,debt_consolidation,0.1189,165.82,11.08214255,1.62,732,5612.041667,3005,50.1,0,1,0,0
1,debt_consolidation,0.1158,495.21,11.53479458,10.51,727,10500.0,37281,69.4,1,0,0,0
1,all_other,0.1347,254.42,10.37361617,21.3,692,2252.041667,14629,93.8,1,0,0,0
1,debt_consolidation,0.1316,337.71,10.73630972,21.34,687,3690.0,18049,66.8,2,0,0,0
1,all_other,0.1347,94.99,10.87012913,16.71,672,3000.041667,2275,49.5,1,0,0,0
1,debt_consolidation,0.1367,416.72,10.30895266,13.28,692,1132.0,12558,61.3,0,0,0,1
1,debt_consolidation,0.1114,262.43,10.858999,19.06,762,10710.0,2477,18.2,5,0,0,0
1,debt_consolidation,0.1379,136.31,11.60823564,1.52,667,3480.041667,2783,45.6,1,0,0,0
1,debt_consolidation,0.1379,511.14,11.00209984,7.12,692,5640.041667,24803,77.5,2,0,1,0
1,credit_card,0.0932,175.71,10.1266311,16.23,757,4110.041667,3997,29.6,0,0,0,0
1,educational,0.0932,159.74,10.08580911,18.75,782,10110.0,0,0.0,4,0,0,0
1,home_improvement,0.0932,127.79,11.1844214,20.5,737,4530.041667,9337,16.8,2,0,0,0
1,small_business,0.1158,396.17,11.15625052,10.99,732,4171.041667,40109,81.7,0,0,0,1
1,educational,0.0963,160.48,10.5454467,14.02,732,4350.0,10011,43.2,3,0,0,0
1,debt_consolidation,0.1126,131.46,11.21182037,8.77,742,8340.0,17094,19.6,0,0,0,0
1,debt_consolidation,0.1316,378.23,11.22524339,4.48,682,3420.041667,4712,56.8,1,0,0,0
1,credit_card,0.1253,435.07,10.89673933,14.38,707,7020.041667,1109,9.7,2,0,0,0
1,home_improvement,0.1253,83.67,10.81985828,10.92,682,5610.041667,3510,41.8,2,0,0,0
1,all_other,0.08,37.61,10.59663473,7.26,737,1896.041667,3770,18.6,1,0,0,0
1,all_other,0.1379,85.19,9.903487553,23.82,667,2700.041667,5411,76.1,1,0,0,0
1,all_other,0.1189,49.75,10.77895629,18.13,692,7530.041667,2573,67.7,0,0,1,0
1,debt_consolidation,0.0932,255.58,10.30895266,8.48,752,3990.0,8840,24.6,2,0,0,0
1,debt_consolidation,0.0932,383.37,11.14186178,8.68,807,8580.041667,7336,7.2,0,0,0,0
1,small_business,0.1316,506.56,11.36210258,14.34,697,5130.0,388,4.6,1,1,0,0
1,credit_card,0.0963,192.57,11.91839057,6.14,727,8310.0,13455,20.6,1,0,0,0
1,debt_consolidation,0.1189,464.3,10.59663473,11.46,717,7347.0,17523,35.9,0,0,1,0
1,credit_card,0.1221,433.1,10.97164063,16.04,707,3885.041667,12671,60.6,1,0,0,0
1,all_other,0.1253,167.34,11.30220443,15.21,677,5160.0,1015,25.4,0,0,0,0
1,debt_consolidation,0.1284,470.66,11.00209984,22.06,697,2220.0,13932,71.8,0,0,0,0
1,small_business,0.1221,499.73,11.22524339,15.02,722,5400.0,40882,31.8,2,0,0,0
1,major_purchase,0.0932,223.63,10.1266311,12.82,737,1920.041667,2944,22.5,0,0,0,0
1,debt_consolidation,0.1411,229.34,10.64661467,23.67,667,4980.041667,10106,40.3,1,0,0,0
1,all_other,0.1253,50.2,10.69203582,20.75,677,4080.041667,920,21.9,0,0,0,1
1,small_business,0.1095,49.89,10.1266311,11.62,727,6510.0,2108,23.2,0,0,1,0
1,debt_consolidation,0.1221,266.52,11.22524339,14.58,712,5730.041667,30692,92.4,1,0,0,0
1,small_business,0.0963,154.06,11.77525896,7.38,727,5490.0,27399,41.1,1,0,0,0
1,debt_consolidation,0.0932,319.47,10.98529272,11.02,757,3510.041667,2710,5.7,0,0,0,0
1,small_business,0.1126,427.23,11.42954386,14.05,722,7200.041667,9551,43.8,0,0,1,0
1,debt_consolidation,0.1114,164.02,10.04324949,4.33,727,2130.0,3612,54.6,0,1,0,0
1,debt_consolidation,0.1474,345.37,10.69194491,18.3,667,4620.041667,10155,73.9,1,0,0,0
1,major_purchase,0.08,37.61,10.59663473,18.78,732,3870.041667,4086,32.2,2,0,0,0
1,debt_consolidation,0.08,219.36,11.61728548,5.1,752,8250.041667,36923,27.7,2,0,0,0
1,all_other,0.0932,95.85,10.12085445,18.01,722,1860.0,4851,12.9,2,0,0,0
1,debt_consolidation,0.1411,171.15,10.73630972,12.11,672,2700.041667,10523,57.8,0,1,0,0
1,educational,0.1316,506.56,10.96819829,7.28,687,2190.0,9108,82.8,0,0,0,0
1,debt_consolidation,0.0932,351.42,11.40756495,6.43,767,5610.041667,7264,20.8,0,0,0,0
1,credit_card,0.1284,285.76,11.77528973,10.62,682,3210.0,12417,77.1,0,0,0,0
1,credit_card,0.1221,626.32,10.54534144,13.07,712,4998.041667,26554,47.8,2,0,0,0
1,credit_card,0.1284,470.66,11.1123882,15.53,697,3750.041667,26208,78.5,0,0,0,0
1,all_other,0.1189,165.82,10.71441777,5.47,702,2940.0,452,12.6,2,0,0,0
1,debt_consolidation,0.08,62.68,10.81977828,10.51,737,2370.041667,2270,14.0,1,0,0,1
1,small_business,0.1284,504.27,12.11450545,20.69,697,3149.041667,84844,79.4,3,0,0,0
1,all_other,0.1158,39.62,10.91508846,24.37,697,8700.0,22723,76.9,2,0,1,0
1,all_other,0.1126,282.63,10.81977828,2.88,712,4320.0,1076,8.7,3,0,0,1
1,debt_consolidation,0.1347,407.08,12.66032792,10.05,692,9060.0,127192,67.0,1,0,0,0
1,home_improvement,0.1411,164.3,11.39643659,10.64,662,5940.041667,17965,79.5,1,0,0,0
1,debt_consolidation,0.1537,522.7,10.71441777,5.84,672,2460.0,20800,88.1,1,0,0,0
1,debt_consolidation,0.1221,366.47,11.19766662,14.97,732,6360.041667,11961,17.1,2,0,0,0
1,all_other,0.1189,464.3,11.34142515,10.33,717,1860.0,23149,32.6,3,0,0,0
1,all_other,0.1158,462.19,10.91508846,13.99,717,3090.041667,7535,39.5,1,0,0,0
1,small_business,0.0963,481.42,11.91839057,8.44,812,6750.041667,67128,31.3,2,0,0,0
1,all_other,0.0932,319.47,11.51288546,3.83,747,3390.041667,9961,13.2,0,0,0,0
1,all_other,0.1095,261.71,10.59663473,7.68,732,2460.0,13161,25.2,0,0,0,0
1,debt_consolidation,0.08,228.76,10.88930435,11.08,752,1920.041667,4381,14.3,1,0,0,0
1,debt_consolidation,0.1442,409.16,12.3588109,8.32,677,7560.041667,31458,91.2,0,0,0,0
1,debt_consolidation,0.1505,138.77,10.94199592,12.7,682,3750.041667,3864,99.1,0,0,1,0
1,small_business,0.1158,495.21,11.1844214,13.27,727,4050.0,23236,42.4,2,0,0,1
1,credit_card,0.1632,529.71,11.91839057,6.55,662,4050.0,22783,93.7,3,1,0,0
1,debt_consolidation,0.1126,315.49,11.09741002,18.31,722,4110.041667,39660,46.5,0,0,0,0
1,debt_consolidation,0.1221,164.91,9.998797732,22.8,692,5310.041667,10128,46.0,0,0,0,0
1,debt_consolidation,0.0751,435.54,10.96819829,10.26,782,8340.041667,4198,15.4,1,0,0,0
1,debt_consolidation,0.1221,499.73,11.15619338,6.58,707,3690.0,16048,34.8,2,1,0,0
1,major_purchase,0.1158,66.03,10.25765937,16.17,722,1830.0,1416,40.5,1,0,0,0
1,debt_consolidation,0.1474,486.11,11.16200536,11.42,672,2940.0,2698,21.4,3,3,0,0
1,major_purchase,0.0932,293.91,11.10495723,8.35,787,7650.0,2719,4.6,0,0,0,0
1,all_other,0.0932,148.56,10.37255324,8.48,782,3390.041667,16,0.3,0,0,0,0
1,debt_consolidation,0.1411,513.44,11.41861479,16.8,682,5700.041667,16935,91.0,1,0,1,0
1,debt_consolidation,0.1284,403.42,10.73639668,19.57,697,3450.041667,27261,87.4,1,0,0,0
1,debt_consolidation,0.0768,77.98,10.37349118,0.38,822,9968.041667,510,1.0,0,0,0,1
1,credit_card,0.0963,288.85,11.60823564,18.41,737,3481.041667,2737,6.4,1,0,0,1
1,debt_consolidation,0.1189,265.32,11.00209984,17.24,707,4770.0,5476,46.4,0,0,0,1
1,credit_card,0.1253,187.42,10.81977828,14.42,682,5640.041667,10460,42.9,0,0,0,0
1,credit_card,0.1126,407.51,12.01370075,10.01,727,6750.041667,9800,38.4,1,0,0,0
1,debt_consolidation,0.1126,328.64,11.03488966,4.49,722,1710.041667,9021,27.7,0,0,0,0
1,debt_consolidation,0.1253,384.87,10.73630972,15.91,697,2220.0,11562,60.2,2,0,0,0
1,debt_consolidation,0.1095,261.71,11.22524339,23.25,722,6540.0,55723,55.8,3,0,0,0
1,all_other,0.1253,240.96,10.90778916,9.12,702,3240.0,1050,44.5,2,0,0,0
1,educational,0.1347,508.84,11.05089001,12.93,712,6553.0,18231,97.0,3,0,0,0
1,all_other,0.1505,260.19,11.37939407,9.08,667,6930.0,55163,93.7,0,0,0,0
1,debt_consolidation,0.1095,130.86,10.81977828,22.46,717,5820.0,24046,68.7,2,0,0,0
1,credit_card,0.1357,237.78,11.05089001,19.2,677,4290.0,18748,72.4,2,0,0,0
1,debt_consolidation,0.1253,284.47,10.66895539,9.27,687,2850.0,3294,18.7,3,1,0,1
1,debt_consolidation,0.1126,414.08,10.65735347,18.15,722,2674.041667,4297,39.8,0,0,0,0
1,small_business,0.0932,44.73,9.305650552,24.98,727,2310.041667,5010,63.4,0,0,0,0
1,debt_consolidation,0.0963,320.95,11.15625052,6.31,737,3480.041667,20423,46.7,2,0,0,1
1,debt_consolidation,0.1316,405.25,11.06663836,7.97,697,3150.041667,16331,76.0,0,0,1,0
1,home_improvement,0.1158,495.21,11.47210347,0.13,797,4770.0,144,0.3,2,0,0,0
1,small_business,0.1126,492.95,12.07254125,3.31,757,5880.0,1631,65.2,0,0,0,0
1,debt_consolidation,0.1284,268.95,10.81977828,18.6,682,5162.0,8690,65.3,3,0,1,0
1,credit_card,0.0768,155.96,11.45105006,15.29,777,4080.0,3839,6.2,0,0,0,0
1,small_business,0.1422,514.27,11.00209984,3.48,702,3870.041667,4628,94.4,3,0,0,0
1,debt_consolidation,0.1505,260.19,10.84081544,15.06,662,9180.0,19469,84.8,1,1,0,1
1,all_other,0.0963,208.62,10.59653473,9.18,727,4980.041667,3736,14.2,3,1,0,0
1,credit_card,0.1189,99.5,10.51867319,20.63,692,4410.0,10455,54.5,1,0,0,1
1,credit_card,0.0932,95.85,10.89673933,6.6,727,1921.041667,2979,28.9,1,0,0,1
1,all_other,0.1505,312.23,11.46163217,17.72,667,7080.041667,44313,93.5,2,0,0,1
1,debt_consolidation,0.1316,506.56,11.23848862,21.9,687,6000.041667,63202,51.3,0,0,0,1
1,all_other,0.1158,82.54,11.47001796,4.81,702,5070.0,26223,77.4,2,0,0,0
1,small_business,0.0963,192.57,11.03488966,6.35,732,1980.041667,3879,32.9,0,0,0,0
1,all_other,0.0963,96.29,10.32548196,14.4,722,3257.0,277,5.4,2,0,0,0
1,all_other,0.0963,320.95,11.40756495,3.27,732,3720.041667,8976,15.7,3,0,0,1
1,all_other,0.1253,127.18,11.00209984,20.14,687,4140.041667,27759,71.7,1,0,0,1
1,credit_card,0.1158,264.11,10.34148439,6.89,712,5670.041667,11025,55.1,1,0,1,1
1,debt_consolidation,0.0768,187.15,11.08220409,8.4,782,11340.0,6047,11.0,1,0,0,0
1,debt_consolidation,0.1347,162.83,11.51292546,21.8,687,6420.041667,52757,96.4,0,0,0,0
1,all_other,0.1411,273.84,10.91501573,12.59,672,1650.041667,6844,75.2,2,0,0,0
1,credit_card,0.1253,502.0,11.76368418,16.16,707,4470.041667,54445,87.8,2,0,0,0
1,credit_card,0.1189,296.82,11.15625052,21.24,702,7860.041667,50822,70.0,0,0,0,0
1,all_other,0.0932,159.74,10.30895266,14.16,762,5550.041667,1445,6.5,2,0,0,0
1,debt_consolidation,0.1474,518.06,11.08220409,22.1,672,4934.041667,23535,66.7,2,0,1,1
1,credit_card,0.1442,515.74,11.15625052,13.7,697,2550.0,11129,89.0,0,0,0,0
1,debt_consolidation,0.1189,397.97,10.54534144,19.64,707,1890.0,6472,53.5,1,0,0,0
1,all_other,0.1379,170.38,10.71441777,6.0,722,5280.041667,0,40.5,1,0,0,0
1,debt_consolidation,0.08,58.76,10.81977828,19.06,732,4773.0,27835,45.8,0,0,0,0
1,small_business,0.1347,339.23,11.77528973,13.85,702,4200.041667,26822,90.9,2,1,0,0
1,debt_consolidation,0.1316,405.25,10.4341158,19.55,682,2490.0,23806,76.1,0,0,0,0
1,small_business,0.1505,520.37,11.46163217,17.72,667,7501.041667,12586,84.5,2,0,0,0
1,debt_consolidation,0.1442,343.83,10.49127422,22.43,667,2877.0,9469,59.2,1,0,0,0
1,debt_consolidation,0.1126,328.64,11.16472876,11.61,722,6480.0,15116,38.7,2,0,0,0
1,home_improvement,0.1158,138.66,10.37349118,22.09,702,2945.0,14166,81.4,0,0,0,0
1,debt_consolidation,0.0963,288.85,10.66895539,7.0,742,3600.0,10232,30.6,1,0,0,0
1,credit_card,0.1221,499.73,11.2515607,14.96,712,4860.041667,30985,79.4,3,0,0,0
1,debt_consolidation,0.0932,255.58,10.49127422,10.73,752,13770.0,8128,27.7,3,0,0,0
1,credit_card,0.1505,346.92,10.59663473,20.64,662,3030.041667,15350,37.5,1,0,0,0
1,small_business,0.1316,506.56,11.91839057,4.06,697,7170.041667,85892,2.1,1,2,0,0
1,credit_card,0.1189,169.14,10.23995979,16.11,697,4080.0,20722,52.1,2,0,0,0
1,debt_consolidation,0.1253,281.12,11.30220443,1.85,687,4320.0,6716,32.7,2,0,0,0
1,credit_card,0.08,100.28,10.66895539,8.6,742,3150.041667,5624,32.0,0,0,0,0
1,debt_consolidation,0.1411,342.29,10.71441777,14.45,672,8940.041667,10942,57.0,0,0,0,0
1,debt_consolidation,0.1379,190.83,10.71441777,9.07,682,5100.0,9287,97.8,0,0,1,0
1,debt_consolidation,0.1189,397.97,10.59663473,14.88,757,6150.0,15280,56.2,0,0,0,0
1,all_other,0.0932,319.47,11.00209984,1.78,797,8100.0,2111,4.0,2,0,0,0
1,major_purchase,0.1095,245.36,10.51867319,14.72,777,3811.041667,1194,3.8,1,0,0,0
1,credit_card,0.1474,155.42,10.81977828,13.94,662,2191.0,21628,93.2,1,0,0,0
1,home_improvement,0.0963,481.42,11.15625052,12.19,772,4080.0,8850,16.5,1,0,0,1
1,debt_consolidation,0.1379,511.14,10.76595548,9.17,712,8847.0,17500,85.6,0,0,1,0
1,debt_consolidation,0.1221,53.31,11.14186178,18.14,677,5251.041667,4658,44.3,3,1,1,1
1,debt_consolidation,0.1095,490.71,11.56171563,8.14,757,6960.0,13333,25.8,0,0,0,0
1,all_other,0.1442,515.74,11.14186178,14.26,677,4530.041667,13235,47.8,1,0,0,0
1,all_other,0.1411,410.75,11.28978191,7.21,672,3030.041667,7887,37.2,0,0,0,0
1,small_business,0.1474,34.54,9.210340372,1.2,667,1860.0,437,9.7,0,1,0,0
1,educational,0.1221,333.15,11.00209984,11.42,702,1950.041667,6116,33.1,2,0,0,0
1,debt_consolidation,0.1221,119.94,11.00209984,10.56,692,4080.0,5211,30.1,0,3,0,0
1,all_other,0.0932,134.18,10.51583186,8.52,737,4590.041667,13385,57.5,1,0,0,0
1,educational,0.0963,176.52,10.6508871,15.63,727,4200.041667,21002,36.7,1,0,0,0
1,all_other,0.1158,82.54,11.69524702,14.51,712,6780.041667,53094,91.2,2,0,0,0
1,debt_consolidation,0.1221,299.84,11.22524339,1.81,697,10290.0,17307,31.8,2,0,0,0
1,credit_card,0.0963,320.95,11.00209984,11.24,742,5790.0,3649,33.8,2,0,0,0
1,credit_card,0.1189,276.92,11.61728548,1.92,702,8730.0,3421,7.4,1,0,0,0
1,debt_consolidation,0.1379,204.46,10.18490001,5.34,682,10308.95833,5177,12.5,3,1,0,0
1,debt_consolidation,0.1284,152.97,10.30815234,21.18,682,4109.958333,1125,64.3,3,0,1,0
1,debt_consolidation,0.1158,330.14,11.8493977,8.32,727,4890.041667,44128,42.0,1,0,0,1
1,small_business,0.1379,255.57,10.93310697,4.18,687,7184.041667,3554,37.8,3,0,0,0
1,small_business,0.1126,328.64,12.87390202,15.68,792,9041.0,23217,8.5,3,0,0,0
1,educational,0.1347,169.62,10.12647109,12.15,687,1925.041667,1643,8.6,2,1,0,0
1,all_other,0.0963,224.66,11.44293209,14.05,727,5100.0,5265,39.6,1,0,0,0
1,debt_consolidation,0.1347,508.84,10.93310697,13.61,677,6390.041667,26821,52.6,3,0,0,0
1,credit_card,0.1347,441.0,11.28978191,21.11,687,3330.0,64411,87.8,2,0,0,0
1,debt_consolidation,0.1442,206.3,11.51292546,13.57,662,5157.0,27254,80.4,0,0,0,0
1,all_other,0.1379,136.31,10.41271189,15.47,692,1861.0,7321,88.2,1,0,0,0
1,educational,0.1379,54.53,10.91508846,14.68,662,5310.041667,23713,73.5,1,0,0,0
1,home_improvement,0.0932,383.37,11.87164831,4.69,792,12433.0,4384,5.0,0,0,0,0
1,small_business,0.1253,502.0,11.73446773,15.83,702,6420.041667,109255,63.4,0,2,0,0
1,debt_consolidation,0.1537,522.7,11.81303006,18.12,667,9000.041667,17258,81.4,1,1,0,1
1,debt_consolidation,0.1189,497.46,11.28983191,17.64,717,2226.0,9663,30.7,2,0,0,0
1,major_purchase,0.1316,202.63,11.39643659,7.4,687,3300.0,281,7.4,3,0,2,0
1,small_business,0.1095,490.71,11.60823564,1.07,762,4290.041667,3889,18.3,0,0,0,1
1,debt_consolidation,0.1411,222.49,10.46310334,21.15,667,2640.041667,5518,34.9,2,1,0,0
1,credit_card,0.08,180.19,11.15625052,2.59,807,4800.0,5231,2.4,1,0,0,0
1,credit_card,0.1411,171.15,11.98290409,6.84,702,4770.0,18115,98.5,0,0,0,0
1,home_improvement,0.0963,481.42,10.30895266,4.08,817,8250.041667,24665,5.3,0,0,0,0
1,debt_consolidation,0.0932,319.47,11.69524702,5.93,747,3150.041667,5761,36.2,1,0,0,0
1,debt_consolidation,0.1221,199.89,10.59663473,20.43,707,7050.0,12694,63.8,3,0,0,0
1,debt_consolidation,0.1221,466.41,10.9329641,14.38,712,4080.0,12837,37.8,1,1,0,0
1,debt_consolidation,0.1126,345.07,11.03650127,3.61,722,3690.0,14080,31.2,0,0,0,0
1,all_other,0.1442,82.52,10.1266311,12.38,677,1410.0,5285,60.1,3,0,0,0
1,debt_consolidation,0.1158,495.21,11.51292546,22.37,727,3652.0,16386,62.0,0,0,0,0
1,all_other,0.08,115.95,10.23981692,7.84,772,1591.041667,1271,8.7,1,0,0,0
1,credit_card,0.1158,495.21,11.14186178,21.86,727,5790.0,22359,25.0,0,1,0,0
1,all_other,0.1126,276.06,10.49404814,1.4,772,5640.041667,1569,14.7,1,0,0,0
1,debt_consolidation,0.1347,191.67,11.11542853,6.18,672,4950.041667,5333,47.2,1,1,0,0
1,debt_consolidation,0.1632,176.57,9.998797732,8.67,662,1140.0,8517,71.6,2,0,0,1
1,all_other,0.1218,166.5,10.88743693,17.64,697,2442.958333,7398,37.9,0,0,0,0
1,credit_card,0.1505,520.37,10.91508846,16.95,677,8670.0,16918,90.5,0,0,0,0
1,debt_consolidation,0.1379,272.61,11.26446411,3.29,682,4560.041667,7921,58.7,0,0,0,0
1,home_improvement,0.0963,481.42,11.55214618,9.63,777,6270.0,19181,9.3,2,0,0,0
1,debt_consolidation,0.1189,497.46,11.38813292,7.34,717,3060.041667,15648,45.8,1,0,0,1
1,debt_consolidation,0.1189,497.46,11.15619338,18.28,717,6960.0,4826,58.1,1,1,0,0
1,credit_card,0.0963,481.42,10.57131693,11.57,812,4650.041667,1140,9.7,1,0,0,0
1,credit_card,0.1158,495.21,11.51292546,23.7,727,5040.0,30929,65.9,2,0,0,0
1,debt_consolidation,0.1474,487.84,10.30895266,11.24,677,3060.041667,23762,94.3,1,0,0,1
1,all_other,0.0932,191.69,10.81985828,5.28,732,3810.041667,6477,26.0,1,0,0,0
1,credit_card,0.0932,319.47,11.60823564,10.29,752,4410.0,28840,34.3,0,0,0,0
1,all_other,0.1316,405.25,11.35040654,12.01,752,3749.041667,0,38.3,0,0,0,0
1,debt_consolidation,0.1632,529.71,11.40756495,9.77,672,6633.0,15080,90.3,3,1,0,0
1,debt_consolidation,0.1411,342.29,10.1266311,13.73,682,4320.0,10564,72.4,0,0,1,1
1,home_improvement,0.0932,127.79,11.23653935,13.72,767,5850.0,159,1.3,1,0,0,0
1,debt_consolidation,0.1347,508.84,10.74492542,13.76,692,4334.0,18546,94.1,0,0,0,0
1,debt_consolidation,0.1347,169.62,11.08214255,12.48,692,2940.0,8681,42.3,1,0,0,0
1,educational,0.1253,234.27,10.62132735,2.46,747,4978.041667,5327,47.4,7,0,0,0
1,debt_consolidation,0.1537,261.35,11.00209984,17.5,677,2761.041667,16422,76.6,0,0,0,0
1,debt_consolidation,0.1095,163.57,10.1266311,12.48,732,3810.041667,3318,18.1,0,1,0,0
1,credit_card,0.1253,301.2,10.77561739,20.59,722,11100.04167,14379,89.3,0,0,0,0
1,debt_consolidation,0.1442,257.87,10.71441777,15.92,682,5730.041667,9562,21.9,1,0,0,1
1,home_improvement,0.1284,168.09,10.40426284,17.67,702,2550.0,5051,51.5,2,0,0,0
1,small_business,0.1158,495.21,11.54248427,20.26,722,5700.041667,72333,29.9,1,0,0,0
1,all_other,0.0768,62.39,10.77895629,13.6,752,3733.0,6316,11.5,3,0,0,0
1,debt_consolidation,0.0963,192.57,10.83446983,7.43,732,2760.041667,11629,37.6,0,0,0,0
1,debt_consolidation,0.1411,246.45,10.46321762,6.99,677,2640.0,10606,62.0,0,0,0,0
1,debt_consolidation,0.1411,290.95,9.998615898,10.15,682,6720.041667,8451,89.9,2,0,0,0
1,debt_consolidation,0.1189,497.46,11.00209984,12.42,717,2370.041667,31563,40.5,3,0,0,0
1,credit_card,0.0963,320.95,11.24895992,0.0,782,4050.0,0,0.0,4,0,0,0
1,credit_card,0.0963,231.08,11.12726298,19.11,727,6210.0,35333,66.9,3,0,0,0
1,debt_consolidation,0.08,188.02,10.18490001,12.14,762,2040.041667,1491,5.5,0,0,0,0
1,major_purchase,0.1221,79.96,10.04324949,9.5,712,1380.041667,981,25.2,0,0,0,0
1,debt_consolidation,0.1568,227.51,10.96812932,15.87,667,2190.0,20341,85.1,0,0,0,0
1,all_other,0.1474,207.23,10.37352243,12.45,672,2970.0,3633,44.9,2,0,0,0
1,debt_consolidation,0.1347,81.42,10.34137532,5.11,692,1350.041667,5727,54.0,1,0,0,0
1,debt_consolidation,0.1505,138.77,10.71885237,7.67,667,3060.041667,17293,94.5,0,1,0,0
1,small_business,0.1663,354.7,11.35040654,15.61,662,5528.958333,66526,93.6,3,0,0,0
1,small_business,0.16,263.68,10.81977828,22.13,677,2580.0,16767,46.2,0,0,0,0
1,debt_consolidation,0.1316,506.56,10.84028655,21.44,707,4020.0,19855,74.1,1,0,0,0
1,debt_consolidation,0.1379,408.91,11.5806215,4.58,687,5490.0,12636,30.2,1,1,0,0
1,small_business,0.1189,497.46,11.51292546,2.3,717,5520.0,2548,8.4,0,0,0,0
1,debt_consolidation,0.1442,154.73,10.4487146,7.58,687,1320.041667,3952,44.1,1,0,0,0
1,major_purchase,0.1347,271.39,10.83958091,4.35,687,3844.041667,1935,22.8,0,3,0,0
1,debt_consolidation,0.08,206.82,10.62132735,10.74,752,4800.0,7112,50.4,1,0,0,0
1,debt_consolidation,0.1253,267.74,11.15625052,20.67,712,5339.958333,14193,46.4,3,0,1,0
1,all_other,0.0768,155.96,10.60430524,5.78,802,4440.0,5312,7.2,0,0,0,0
1,small_business,0.1284,504.27,11.66134547,8.1,697,6506.0,25311,53.5,1,0,0,0
1,credit_card,0.1316,195.87,10.87804719,5.52,702,2040.041667,6105,74.5,0,0,0,0
1,home_improvement,0.0932,134.18,11.22524339,3.33,732,3240.0,11127,13.4,0,0,0,0
1,small_business,0.1095,327.14,11.46163217,5.68,722,5460.0,37964,57.4,2,0,0,0
1,small_business,0.1442,330.08,11.33814341,11.46,702,1260.041667,4040,20.2,0,0,0,0
1,all_other,0.1158,495.21,11.22967356,9.81,742,6480.041667,4218,1.4,0,1,1,0
1,debt_consolidation,0.1126,295.77,11.35035948,7.45,742,5370.041667,8827,34.3,1,0,0,0
1,debt_consolidation,0.1568,525.03,11.69524702,19.87,682,5010.041667,87502,96.4,0,1,0,0
1,credit_card,0.0963,481.42,10.91508846,16.56,782,4980.041667,17709,31.1,0,0,0,0
1,debt_consolidation,0.1284,242.05,10.37361617,19.16,702,1890.0,6136,42.9,0,0,0,0
1,small_business,0.16,281.26,10.59663473,23.13,662,3090.041667,31006,85.4,3,0,0,0
1,all_other,0.1442,515.74,11.60823564,6.33,682,1890.0,6585,20.3,2,1,0,0
1,major_purchase,0.1411,273.84,10.51867319,16.96,692,1500.0,5252,56.5,2,0,0,0
1,small_business,0.1095,490.71,11.28978191,2.77,752,5717.041667,11002,20.9,1,0,0,0
1,debt_consolidation,0.1568,310.64,10.27931786,19.53,692,3738.0,21894,99.5,0,0,0,0
1,debt_consolidation,0.1158,198.09,10.54534144,23.08,732,7050.041667,4397,86.4,0,0,0,0
1,small_business,0.1347,508.84,11.81303006,12.18,702,3390.041667,65230,68.9,1,0,0,0
1,debt_consolidation,0.1695,534.41,11.08220409,22.85,682,2670.041667,17820,98.5,0,0,0,0
1,credit_card,0.1442,515.74,11.52184556,11.22,682,3450.041667,24432,68.6,0,0,0,0
1,credit_card,0.1253,368.13,11.44035477,19.35,692,5449.0,32307,83.3,0,0,0,0
1,all_other,0.0963,288.85,11.15625052,8.45,737,4890.041667,7215,30.8,2,0,0,0
1,home_improvement,0.1347,508.84,11.15619338,11.73,702,2820.041667,8417,43.4,1,0,0,0
1,debt_consolidation,0.1537,146.36,10.46310334,6.0,662,1470.0,8597,56.9,1,0,0,0
1,educational,0.1379,170.38,11.22524339,20.86,767,7950.041667,38511,22.9,2,0,0,0
1,all_other,0.0932,319.47,10.81977828,0.36,777,3092.041667,311,0.5,2,0,0,0
1,debt_consolidation,0.1347,203.54,11.22524339,4.75,682,5520.0,6684,66.2,1,0,0,0
1,debt_consolidation,0.1411,342.29,10.77895629,15.0,687,4590.041667,11011,57.1,0,2,0,0
1,debt_consolidation,0.1095,163.57,10.81977828,6.38,717,3630.0,4044,18.0,0,0,1,0
1,debt_consolidation,0.1537,522.7,11.71993963,6.52,677,2880.0,92391,72.6,0,0,0,0
1,major_purchase,0.08,206.04,10.71441777,13.28,767,11310.0,5889,27.1,3,0,0,0
1,small_business,0.1126,492.95,10.93310697,7.16,737,2970.0,30282,54.3,1,0,0,0
1,credit_card,0.1726,500.98,11.81303006,9.33,672,1650.041667,29101,96.6,1,0,0,0
1,small_business,0.1253,100.4,10.1266311,3.65,712,2190.0,3238,10.4,0,0,0,0
1,debt_consolidation,0.1411,513.44,11.00209984,14.02,692,2370.041667,20002,52.2,3,0,0,1
1,credit_card,0.1505,346.92,11.12726298,13.96,672,2294.041667,6365,25.2,1,1,0,0
1,small_business,0.1442,343.83,11.00209984,11.26,682,6540.0,4395,57.8,2,0,1,1
1,all_other,0.1379,340.76,10.77895629,4.95,687,3150.041667,1718,14.9,1,0,0,0
1,major_purchase,0.08,56.41,11.95969885,0.18,797,12153.04167,2044,7.5,2,0,0,0
1,debt_consolidation,0.0963,231.08,10.84251777,12.53,727,2490.0,1596,8.9,2,0,0,0
1,debt_consolidation,0.1253,401.6,10.81977828,11.88,722,2790.041667,7085,41.7,1,0,0,1
1,major_purchase,0.08,219.36,11.47950642,11.79,817,5961.958333,1254,3.8,0,0,0,0
1,credit_card,0.1253,301.2,10.81977828,15.41,727,1590.041667,6183,31.5,1,0,0,0
1,debt_consolidation,0.1189,596.96,11.15625052,11.23,747,4440.958333,11286,69.5,0,1,0,0
1,debt_consolidation,0.1347,644.53,11.71993963,4.64,762,5829.0,7888,7.5,1,0,0,0
1,all_other,0.0963,192.57,11.08214255,0.28,752,2280.041667,1070,16.5,0,0,0,0
1,credit_card,0.1189,497.46,11.91839057,6.78,752,6150.0,24055,54.2,1,0,0,0
1,debt_consolidation,0.1537,348.47,10.59653473,20.16,667,3090.041667,10393,78.7,3,0,0,0
1,debt_consolidation,0.1253,602.4,11.18725073,11.37,732,5100.0,14940,40.2,2,0,0,0
1,all_other,0.1189,497.46,11.20504069,4.05,782,2760.041667,552,2.9,1,0,0,0
1,debt_consolidation,0.1316,354.59,10.91523391,7.0,702,1920.041667,10720,63.4,1,0,0,0
1,all_other,0.0768,155.96,11.56171563,14.09,777,3960.0,3272,5.8,3,0,0,0
1,debt_consolidation,0.1411,205.38,10.59663473,19.67,667,3240.0,5155,56.6,1,0,0,1
1,debt_consolidation,0.08,125.35,11.40756495,8.97,757,4470.041667,51498,31.0,0,0,0,0
1,all_other,0.1221,99.95,10.25132355,6.44,712,2940.0,5064,72.3,2,0,0,0
1,debt_consolidation,0.1316,168.86,10.27394705,23.12,707,2490.0,7058,94.3,3,0,0,0
1,debt_consolidation,0.1316,405.25,11.30220443,20.5,702,3240.0,57822,78.5,0,0,0,1
1,educational,0.1189,39.8,9.798127037,14.07,787,5621.041667,14,2.8,0,0,0,0
1,debt_consolidation,0.1442,687.66,11.47210347,7.09,707,4771.0,10047,70.3,0,0,0,0
1,debt_consolidation,0.16,210.95,10.03819326,18.62,662,1740.041667,5040,71.0,2,0,0,0
1,debt_consolidation,0.08,141.02,9.903687533,13.74,777,10411.04167,3223,4.0,0,0,0,0
1,all_other,0.1316,472.79,10.858999,7.13,717,3120.041667,8358,46.2,2,0,0,0
1,all_other,0.1442,371.34,10.4341158,6.78,732,1170.0,932,15.5,0,0,0,0
1,debt_consolidation,0.1568,665.03,10.9355326,22.25,692,5880.0,13303,95.0,1,0,0,0
1,credit_card,0.0963,417.23,10.71441777,8.16,787,6630.0,176,0.3,3,0,0,0
1,all_other,0.1253,334.67,10.30895266,17.76,732,1950.041667,312,3.6,1,0,0,0
1,debt_consolidation,0.1221,333.15,11.3223701,1.42,747,2670.041667,4399,18.4,0,0,0,0
1,credit_card,0.1411,154.03,10.29200994,18.1,672,4440.0,4321,56.5,2,2,0,0
1,debt_consolidation,0.1632,565.02,11.08214255,20.22,687,5340.041667,16731,96.2,1,0,1,0
1,debt_consolidation,0.1347,203.54,9.998615898,7.31,712,3780.041667,6095,73.4,2,0,0,0
1,all_other,0.1695,285.02,12.42520818,8.46,662,5100.0,47014,96.5,3,0,0,0
1,all_other,0.1284,100.86,11.08201946,4.89,687,5520.0,2305,31.6,1,0,0,1
1,debt_consolidation,0.1379,477.06,11.3736634,17.26,702,6960.0,43998,87.6,0,0,0,1
1,debt_consolidation,0.1284,302.57,10.71441777,9.68,712,6720.041667,2058,4.2,0,1,0,0
1,home_improvement,0.1442,550.13,11.36214909,4.35,687,6900.0,13171,25.3,3,1,0,0
1,credit_card,0.1474,328.1,10.74879772,19.81,672,7050.041667,28594,67.0,2,0,0,0
1,debt_consolidation,0.1853,706.5,11.00209984,13.88,662,1590.041667,0,0.0,1,0,0,0
1,all_other,0.1189,49.75,10.23981692,5.62,752,1560.041667,47,1.6,2,0,0,0
1,debt_consolidation,0.1221,359.81,11.32659589,12.68,717,6810.041667,23722,51.8,0,0,0,1
1,small_business,0.1253,836.66,12.33490552,7.9,747,4680.0,9393,16.0,1,0,0,0
1,debt_consolidation,0.0963,385.14,12.25486281,13.14,762,9503.958333,56967,28.3,2,0,0,0
1,all_other,0.1221,133.26,10.71441777,19.81,712,3090.041667,9754,61.3,1,0,0,0
1,home_improvement,0.1316,185.74,10.12262308,23.52,692,2850.041667,22479,86.8,2,0,0,1
1,debt_consolidation,0.1474,248.67,9.852194258,15.47,697,1260.041667,7249,47.1,0,0,0,0
1,debt_consolidation,0.0963,577.7,10.55174196,4.05,772,14167.0,8259,42.8,2,0,0,0
1,debt_consolidation,0.1347,508.84,11.46167427,11.89,702,4500.041667,31565,68.3,0,0,0,1
1,educational,0.1695,171.01,9.61580548,9.36,662,1267.041667,2368,84.6,1,0,0,1
1,debt_consolidation,0.1442,481.36,11.73606902,13.27,682,8473.0,30160,33.1,2,1,0,0
1,credit_card,0.1347,169.62,11.31447453,15.2,682,5334.041667,28637,63.3,0,1,0,0
1,debt_consolidation,0.1316,236.4,10.43399815,18.85,697,2641.0,566,8.2,3,2,0,1
1,small_business,0.1284,403.42,11.22524339,22.45,732,4410.0,11194,32.9,3,0,0,0
1,credit_card,0.1253,267.73,10.75798798,9.32,712,4472.0,3489,42.5,1,0,0,0
1,all_other,0.1537,278.77,11.22524339,10.03,667,3390.041667,2646,22.2,2,0,0,0
1,debt_consolidation,0.1379,477.06,10.81977828,3.7,707,2580.0,14499,63.0,3,1,0,0
1,all_other,0.1568,525.03,10.30895266,2.68,682,1201.041667,3004,27.1,2,0,0,0
1,major_purchase,0.0737,111.77,11.03495418,3.5,777,6630.0,5514,19.5,0,0,0,0
1,all_other,0.1379,340.76,10.91508846,19.83,707,1500.0,7284,29.0,0,0,0,0
1,all_other,0.1379,511.14,11.27720313,3.08,752,4380.0,2149,17.5,7,0,0,0
1,debt_consolidation,0.1284,705.98,11.12726298,18.09,727,3870.041667,22289,49.8,1,0,0,0
1,home_improvement,0.0963,481.42,11.69524702,2.93,802,4442.0,7265,11.7,0,0,0,0
1,debt_consolidation,0.1189,431.14,10.93364254,20.11,737,5040.041667,12755,64.4,0,0,0,0
1,all_other,0.1379,286.24,11.40756495,15.05,682,4980.041667,26295,70.3,0,1,0,0
1,small_business,0.0932,223.63,10.81977828,7.8,742,3720.0,5749,33.8,0,0,0,0
1,debt_consolidation,0.1348,678.49,11.64745636,14.67,702,5041.041667,22908,59.2,3,0,0,0
1,small_business,0.0963,77.03,10.04324949,2.14,727,5340.041667,948,13.5,1,0,1,0
1,all_other,0.1474,690.74,11.22524339,0.32,702,2820.041667,2229,14.1,0,0,0,0
1,debt_consolidation,0.0932,319.47,10.6454249,24.37,757,3390.041667,1711,24.1,2,0,0,0
1,debt_consolidation,0.1284,228.61,10.87804719,11.59,707,2046.041667,7398,70.5,1,0,0,0
1,small_business,0.1505,277.53,10.62132735,10.62,682,3270.0,6933,82.5,1,0,0,0
1,small_business,0.1284,840.45,11.15625052,3.02,757,7830.041667,2906,4.5,0,1,0,0
1,credit_card,0.0963,192.57,10.34817337,22.46,732,2640.0,11049,28.3,0,0,0,0
1,credit_card,0.16,351.58,11.62625415,17.94,662,4320.0,15206,38.0,2,1,0,0
1,all_other,0.1695,160.33,10.83958091,5.65,662,2611.0,1925,96.2,0,1,0,0
1,small_business,0.08,112.81,10.46310334,9.74,737,3360.0,9376,41.5,0,0,0,0
1,credit_card,0.1316,303.94,10.4341158,21.46,717,5490.0,12439,55.8,0,0,0,0
1,all_other,0.08,125.35,10.95080655,12.21,767,3900.041667,60506,31.9,2,0,0,0
1,debt_consolidation,0.1189,90.38,9.809176873,10.55,727,2430.041667,7226,51.6,0,0,0,0
1,debt_consolidation,0.1284,168.09,10.49750477,11.59,707,1650.041667,4516,30.9,0,0,0,0
1,debt_consolidation,0.1568,525.03,11.35050065,22.16,672,2970.0,24143,59.5,1,0,0,1
1,credit_card,0.0963,320.95,10.30092049,7.38,777,5100.0,2770,9.1,0,1,0,0
1,debt_consolidation,0.1189,497.46,11.15625052,6.19,747,2700.041667,16476,43.1,0,0,0,0
1,credit_card,0.1568,420.02,11.73610102,10.54,667,4860.041667,15187,87.3,0,1,0,0
1,home_improvement,0.1392,382.34,10.41271189,18.07,682,3300.0,6720,88.4,3,0,0,1
1,debt_consolidation,0.0737,108.66,11.08214255,7.68,782,5340.041667,4991,7.7,0,0,0,0
1,credit_card,0.0963,115.54,10.37349118,15.11,717,2753.958333,12811,41.5,1,0,0,0
1,debt_consolidation,0.1379,340.76,11.00209984,15.14,697,4800.0,10852,64.2,1,0,1,1
1,debt_consolidation,0.1347,135.7,11.00209984,17.86,682,3750.0,1267,31.7,0,0,0,1
1,credit_card,0.1253,381.52,10.81977828,14.5,722,4680.041667,8775,48.0,0,0,0,0
1,all_other,0.1442,515.74,10.95954023,21.54,682,2280.0,4649,43.4,0,0,0,0
1,credit_card,0.1442,515.74,11.56171563,15.61,697,2040.041667,12352,34.7,1,0,1,0
1,debt_consolidation,0.0963,481.42,12.15477935,9.64,772,8520.041667,12228,17.5,1,0,0,0
1,debt_consolidation,0.1537,69.7,11.06657586,15.45,667,4080.0,16181,96.3,1,1,0,0
1,home_improvement,0.1379,511.14,10.71441777,6.72,697,3841.041667,14244,29.6,0,0,0,0
1,educational,0.1253,200.8,10.08580911,11.85,702,4441.0,153,25.5,1,0,0,0
1,debt_consolidation,0.1347,183.19,10.2606024,18.18,687,2730.041667,3647,66.3,0,0,0,0
1,debt_consolidation,0.1411,219.07,10.71441777,16.05,692,2970.0,8959,90.5,0,0,0,0
1,debt_consolidation,0.1568,525.03,10.92773543,22.3,677,3150.041667,28473,88.3,1,0,0,0
1,small_business,0.1253,150.6,11.0744205,22.47,717,9780.0,8596,90.5,0,0,0,0
1,debt_consolidation,0.16,527.36,11.03488966,7.39,672,7800.041667,11307,50.0,3,0,0,0
1,small_business,0.0963,160.48,10.4341158,0.39,747,3480.041667,1063,6.2,4,0,0,0
1,small_business,0.1505,520.37,11.28978191,11.38,677,4410.0,31724,90.4,2,0,0,1
1,major_purchase,0.1284,151.29,10.59663473,1.95,722,4442.0,337,3.0,2,0,0,0
1,all_other,0.1442,279.36,9.392661929,0.0,687,5193.0,0,0.0,0,1,0,0
1,small_business,0.1537,174.24,10.71441777,7.55,692,1440.0,11369,80.6,0,0,0,0
1,debt_consolidation,0.0963,192.57,10.81977828,9.1,732,3660.0,1825,15.6,2,0,0,0
1,small_business,0.08,219.36,11.77528973,3.78,762,5010.041667,20488,24.7,1,0,0,0
1,small_business,0.08,313.37,11.33857208,2.63,802,4320.041667,5390,10.4,0,0,0,0
1,debt_consolidation,0.1442,206.3,9.980448594,18.39,677,1890.0,11297,85.6,1,0,0,0
1,debt_consolidation,0.1411,205.38,10.46321762,16.76,677,3600.0,1243,22.6,0,1,0,0
1,debt_consolidation,0.0963,320.95,11.2771525,19.9,752,3300.0,4474,82.9,4,0,0,1
1,all_other,0.1695,178.14,11.60823564,14.95,677,6990.0,49238,48.3,0,4,0,0
1,debt_consolidation,0.1347,407.08,10.96439797,17.74,697,5910.0,11401,83.2,0,0,0,1
1,small_business,0.0963,385.14,11.35040654,22.11,752,5550.0,13073,16.5,0,0,0,0
1,debt_consolidation,0.1531,487.42,11.08214255,23.13,682,3750.041667,13641,97.4,0,0,1,0
1,credit_card,0.0963,192.57,12.61153775,5.74,727,6201.0,132103,14.2,0,0,1,0
1,all_other,0.0932,51.12,10.34174248,19.21,727,4620.041667,714,10.1,3,0,1,0
1,debt_consolidation,0.1411,342.29,10.91501573,16.52,682,7950.041667,18707,73.4,1,0,0,0
1,debt_consolidation,0.16,506.27,10.4341158,14.86,667,2880.0,8969,53.7,0,0,0,0
1,credit_card,0.1287,134.54,9.966462352,10.08,702,1439.958333,4428,59.0,0,0,0,0
1,small_business,0.0963,481.42,11.60823564,5.65,777,5370.041667,25476,16.5,1,0,0,0
1,all_other,0.0963,70.61,10.6454249,21.77,722,2970.0,14544,38.0,0,0,0,0
1,educational,0.1284,504.27,11.16194854,11.42,722,4920.041667,27576,73.7,1,0,0,0
1,small_business,0.1347,251.88,10.17732422,12.68,697,3720.0,16280,74.7,0,0,0,1
1,credit_card,0.1347,182.34,10.16585182,23.68,687,2280.0,16757,85.1,0,0,0,0
1,debt_consolidation,0.1284,336.18,10.81977828,17.26,707,5580.041667,12013,42.5,3,1,0,0
1,credit_card,0.1379,163.57,10.79957558,2.45,672,1860.0,8757,67.9,0,0,0,0
1,small_business,0.08,188.02,10.1266311,12.62,762,5194.0,8440,17.1,3,0,0,0
1,credit_card,0.08,188.02,10.69194491,16.96,757,4440.0,3628,9.3,0,0,0,0
1,debt_consolidation,0.1189,215.57,9.952277717,8.57,722,3210.041667,9317,53.6,1,0,0,1
1,home_improvement,0.1316,151.97,9.392661929,11.5,742,4531.041667,3954,24.0,5,0,0,0
1,credit_card,0.0932,319.47,10.77895629,20.07,752,6210.0,8903,77.4,0,0,0,0
1,all_other,0.0768,187.15,11.42081018,1.29,777,4200.041667,5921,10.5,0,0,0,0
1,debt_consolidation,0.1411,438.13,11.41420949,20.33,702,4859.958333,32785,91.8,3,0,0,0
1,all_other,0.08,172.35,10.30895266,0.8,802,3996.0,527,1.0,0,0,0,0
1,debt_consolidation,0.1189,132.66,10.29336514,5.81,757,1890.0,65,0.9,0,0,0,0
1,credit_card,0.1189,82.91,9.998615898,17.13,707,3090.041667,9847,44.4,1,1,0,0
1,credit_card,0.1189,497.46,11.95761129,5.2,752,3030.041667,6077,7.8,1,0,0,0
1,credit_card,0.1505,499.56,10.65725935,7.0,677,4530.041667,7854,81.0,0,0,0,0
1,all_other,0.1347,169.62,10.91501573,8.66,707,1530.0,5337,56.2,0,0,0,0
1,all_other,0.1189,182.41,10.59663473,19.54,722,8190.041667,919,6.1,0,0,0,0
1,debt_consolidation,0.1411,212.22,10.16585182,12.97,677,3330.0,1365,40.1,1,1,0,0
1,debt_consolidation,0.1474,518.06,11.3736634,23.49,682,4500.041667,28766,0.1,1,0,0,0
1,major_purchase,0.0963,320.95,11.15625052,4.08,762,2700.041667,110,11.0,0,0,0,0
1,debt_consolidation,0.1442,515.74,11.44035477,15.81,692,7020.0,25892,89.0,1,0,1,0
1,all_other,0.1221,99.95,10.15019137,8.25,767,1860.0,72,2.8,1,0,0,0
1,debt_consolidation,0.1635,176.65,11.32779998,7.52,662,1169.0,25505,60.7,2,0,0,0
1,all_other,0.1189,165.82,10.59653473,7.14,737,10110.04167,8773,57.2,0,1,0,0
1,educational,0.0963,107.52,11.25544923,7.3,717,3420.041667,14578,56.1,0,0,0,0
1,credit_card,0.1221,204.89,10.28874995,22.2,707,2378.041667,15509,53.5,1,0,0,0
1,all_other,0.1189,397.97,10.59663473,21.36,732,4920.041667,22026,65.9,1,0,0,0
1,educational,0.179,108.3,11.88448902,19.97,672,10470.04167,29748,51.3,0,1,0,0
1,debt_consolidation,0.1663,532.05,11.00126616,11.15,667,4410.0,13672,93.8,1,0,0,1
1,debt_consolidation,0.1347,395.2,10.96812932,13.28,692,3210.041667,22195,45.7,1,0,0,0
1,all_other,0.1347,508.84,11.84228676,6.76,707,11550.04167,0,0.0,3,1,0,0
1,small_business,0.1221,249.87,10.96812932,1.41,777,5464.0,3444,23.8,3,0,0,0
1,all_other,0.1316,118.2,10.77895629,19.6,687,2610.0,13632,50.7,1,0,0,0
1,debt_consolidation,0.1505,260.19,10.44592812,17.51,692,3452.041667,15708,95.8,2,0,0,0
1,debt_consolidation,0.1379,381.65,11.19547123,18.82,692,7560.041667,18384,43.5,1,1,0,0
1,debt_consolidation,0.1474,381.64,11.05089001,15.47,677,5250.041667,27780,74.7,1,0,0,0
1,home_improvement,0.1189,331.64,11.13453063,18.83,727,4110.0,24185,44.9,2,0,0,1
1,debt_consolidation,0.1632,459.08,10.82972862,17.23,667,1470.0,6570,39.3,1,0,0,0
1,debt_consolidation,0.1379,408.91,11.06657586,24.7,687,4080.0,11972,72.1,0,0,0,0
1,debt_consolidation,0.1474,345.37,11.20536716,7.59,687,4740.0,4073,81.5,2,0,0,0
1,debt_consolidation,0.1505,520.37,11.31203252,11.71,692,3660.0,18126,96.9,0,0,0,0
1,home_improvement,0.1253,502.0,11.85651517,3.03,732,6000.041667,2732,4.9,0,1,0,0
1,major_purchase,0.1284,268.95,11.95675836,8.21,707,6210.0,23021,78.3,3,0,0,0
1,debt_consolidation,0.1347,441.0,10.85892207,12.44,707,2700.041667,8898,75.4,0,0,0,1
1,debt_consolidation,0.1347,217.11,10.77895629,20.32,687,3420.041667,9216,38.9,1,1,0,0
1,debt_consolidation,0.0963,231.08,10.71441777,6.8,722,2640.0,9500,31.1,1,0,0,0
1,credit_card,0.1568,471.65,10.58357482,18.08,677,3431.041667,18688,92.1,1,0,1,0
1,debt_consolidation,0.1189,215.57,10.59663473,23.88,717,2250.0,6901,21.2,1,0,0,0
1,home_improvement,0.1189,165.82,10.9329641,2.23,747,2280.0,3200,43.2,4,0,0,0
1,all_other,0.0963,481.42,10.96044417,16.97,797,13470.0,3658,5.4,0,0,0,0
1,credit_card,0.08,282.03,11.77528973,17.15,782,7050.041667,7181,30.3,0,0,0,0
1,debt_consolidation,0.1189,99.5,10.12647109,19.06,707,8730.0,1952,26.0,0,0,0,1
1,all_other,0.08,313.37,10.91508846,9.6,802,5550.0,2893,5.3,0,0,0,1
1,all_other,0.1505,138.77,10.10217446,22.48,662,6870.041667,4624,67.0,0,1,0,0
1,credit_card,0.0963,231.08,10.59663473,20.07,747,10470.04167,12776,68.3,0,0,0,0
1,credit_card,0.1253,284.47,10.59663473,4.47,717,4806.0,7174,56.6,3,0,1,0
1,credit_card,0.1189,258.68,10.77895629,9.63,742,4953.041667,3501,23.5,1,0,0,1
1,debt_consolidation,0.1505,294.88,10.49127422,18.57,667,1830.0,8297,72.1,0,0,0,1
1,all_other,0.16,175.79,10.77891462,3.73,672,1530.0,3218,42.9,3,0,0,0
1,all_other,0.1316,67.55,10.18490001,14.54,717,2820.041667,0,0.0,2,0,0,0
1,credit_card,0.1347,339.23,11.08214255,8.51,697,4530.041667,15351,77.9,1,0,0,0
1,all_other,0.1221,666.3,11.16809439,15.69,802,5400.041667,114,0.3,0,0,0,0
1,debt_consolidation,0.1505,294.88,9.903487553,12.0,667,2490.041667,6574,79.2,1,0,0,0
1,credit_card,0.1505,312.23,10.89673933,23.8,682,3360.0,35379,89.4,0,0,0,1
1,educational,0.1347,186.58,10.43399815,15.64,682,3300.0,13403,83.8,1,0,0,0
1,debt_consolidation,0.1537,522.7,11.69524702,12.72,687,3210.041667,23997,36.9,1,1,0,0
1,home_improvement,0.0932,303.5,11.56171563,13.93,762,5132.0,10828,14.0,2,0,0,0
1,debt_consolidation,0.1221,399.78,11.03127022,20.59,732,1860.0,2941,56.6,1,0,0,0
1,debt_consolidation,0.0932,31.95,11.1123882,21.19,727,5550.0,22930,51.2,2,0,0,0
1,credit_card,0.1442,481.36,10.88556602,17.0,687,1830.0,6309,70.1,0,0,0,1
1,credit_card,0.1253,176.54,10.81977828,18.62,702,7530.041667,8063,64.2,2,0,1,0
1,debt_consolidation,0.0963,70.61,9.183174704,18.62,717,5190.0,5209,46.9,0,0,1,0
1,home_improvement,0.0768,187.15,11.01039864,11.58,787,3810.041667,1157,5.2,0,0,0,0
1,home_improvement,0.0768,187.15,11.59910316,14.12,777,7860.041667,13430,30.9,2,0,0,0
1,all_other,0.1221,383.13,11.19821472,1.05,737,3660.0,19,0.2,0,1,0,0
1,debt_consolidation,0.1284,588.32,10.81977828,14.21,717,3450.041667,19621,80.7,0,0,0,0
1,debt_consolidation,0.1442,171.92,10.30895266,11.16,672,4170.041667,9493,56.8,1,0,0,0
1,debt_consolidation,0.1695,712.54,11.65268741,15.74,677,5190.0,13273,89.7,0,1,0,0
1,debt_consolidation,0.1221,369.8,10.38108726,23.71,717,3090.0,14339,58.1,0,0,0,0
1,educational,0.16,225.01,10.30895266,5.76,667,1290.041667,395,1.7,2,1,0,0
1,all_other,0.0963,481.42,11.66992921,4.24,797,4560.041667,5491,10.6,0,0,0,0
1,credit_card,0.0963,231.08,11.24723969,11.14,722,3510.041667,9222,48.0,1,1,0,0
1,all_other,0.0932,111.82,10.87804719,15.42,727,2340.041667,2880,27.4,0,0,0,0
1,debt_consolidation,0.1758,431.31,11.08214255,8.62,667,6690.041667,21233,57.1,3,0,0,0
1,debt_consolidation,0.1411,342.29,11.00209984,18.92,697,2310.041667,16843,90.1,1,0,0,0
1,debt_consolidation,0.1284,504.27,10.71441777,6.59,717,2040.041667,12644,30.8,3,0,0,0
1,debt_consolidation,0.1221,333.15,10.81985828,3.0,717,3433.0,6063,19.6,0,0,0,0
1,credit_card,0.1632,565.02,11.00209984,21.46,667,7200.041667,20702,82.5,2,1,0,1
1,debt_consolidation,0.1474,189.96,10.30895266,16.04,677,1590.041667,2640,80.0,0,0,0,0
1,debt_consolidation,0.0963,150.85,11.36210258,18.54,732,3990.0,23096,55.3,1,0,0,0
1,small_business,0.1284,252.14,10.91508846,8.92,732,2581.0,4590,17.7,1,0,0,0
1,debt_consolidation,0.1663,532.05,11.2586008,20.15,692,3900.041667,36123,98.4,3,0,0,0
1,debt_consolidation,0.1379,340.76,10.37349118,20.29,692,6570.0,16354,63.6,0,0,0,0
1,all_other,0.1221,399.78,10.71441777,14.27,747,7740.0,7224,73.7,0,0,0,0
1,all_other,0.0963,192.57,10.94552949,16.78,722,2700.041667,13066,24.9,1,0,0,0
1,major_purchase,0.1537,375.47,9.94251594,5.02,687,1205.0,1889,43.9,2,0,0,0
1,debt_consolidation,0.1253,167.34,11.24504602,23.29,712,4530.041667,40752,89.5,0,0,0,0
1,debt_consolidation,0.1316,675.41,11.65268741,9.52,717,8253.041667,22424,34.4,0,0,0,0
1,debt_consolidation,0.1442,275.07,10.47925786,24.63,677,5880.0,8928,62.2,2,0,0,0
1,all_other,0.0737,60.54,10.54534144,14.49,777,4950.041667,1595,5.1,0,0,0,0
1,credit_card,0.0932,191.69,10.96819829,3.41,737,6870.041667,7711,58.4,3,0,0,0
1,credit_card,0.0768,155.96,11.6351431,1.07,787,3150.041667,4333,17.1,0,0,0,0
1,educational,0.1379,170.38,11.35040654,0.42,737,1140.0,890,6.4,1,0,0,0
1,major_purchase,0.08,282.03,10.85591733,8.4,792,3870.041667,2475,12.3,1,0,0,0
1,small_business,0.1284,672.36,11.15625052,16.87,747,5001.0,4304,4.1,4,0,0,0
1,educational,0.1284,50.43,11.40756495,17.32,692,7320.0,27248,79.4,1,0,0,0
1,all_other,0.1253,80.32,9.998615898,23.73,707,1620.041667,3228,38.4,3,0,0,0
1,all_other,0.1189,232.15,10.89807177,17.95,712,4920.041667,14968,28.1,1,0,0,0
1,all_other,0.1347,169.62,11.08220409,18.92,687,5550.0,0,0.0,1,3,0,0
1,home_improvement,0.1347,308.7,11.03495418,7.61,702,8071.0,22493,30.9,1,0,0,0
1,educational,0.1442,182.23,10.81985828,15.24,672,2760.041667,2401,57.2,0,0,0,0
1,credit_card,0.1221,199.89,9.952277717,11.77,712,15150.04167,8680,24.6,0,0,1,0
1,debt_consolidation,0.1316,236.4,11.40756495,5.83,697,7140.041667,8091,36.4,0,0,0,0
1,home_improvement,0.0963,192.57,11.27720313,9.92,767,3600.0,1431,4.4,4,0,0,0
1,credit_card,0.0963,192.57,11.26446411,7.29,727,2672.0,11646,33.8,3,0,0,0
1,small_business,0.1843,181.85,9.903487553,10.32,697,1545.0,3688,97.1,1,0,0,0
1,debt_consolidation,0.1284,336.18,10.23995979,10.89,712,2370.0,9020,56.7,1,0,0,0
1,credit_card,0.0963,247.13,11.28978191,24.5,737,9360.041667,13734,75.5,1,0,0,0
1,debt_consolidation,0.1379,195.94,10.858999,18.58,687,5562.0,6180,92.2,0,0,0,0
1,credit_card,0.1347,569.9,11.22524339,13.63,712,6510.041667,15646,81.9,1,1,0,0
1,debt_consolidation,0.1284,336.18,10.59663473,19.44,727,4470.0,17944,57.5,0,0,0,0
1,debt_consolidation,0.1379,136.31,10.59663473,13.68,682,2340.041667,4764,79.4,2,1,0,0
1,credit_card,0.16,269.84,10.49127422,16.37,667,1470.0,16083,71.8,0,0,0,0
1,debt_consolidation,0.1505,249.78,11.22524339,8.0,677,4440.0,17321,87.6,0,1,0,0
1,home_improvement,0.0932,223.63,11.91839057,7.5,762,2340.041667,79333,4.5,0,0,0,0
1,all_other,0.1411,684.58,11.00209984,22.24,702,4410.0,9520,76.2,0,0,0,0
1,debt_consolidation,0.1379,245.35,10.58354949,18.57,682,2370.041667,9625,56.0,2,0,0,0
1,credit_card,0.0963,385.14,10.66895539,22.02,752,2807.041667,22486,26.6,0,0,0,1
1,major_purchase,0.0963,256.76,11.73606902,10.53,742,12540.04167,9348,49.5,2,0,0,0
1,all_other,0.0932,159.74,10.37349118,1.13,752,3780.041667,833,8.2,2,0,0,0
1,all_other,0.0932,159.74,10.98494147,10.46,777,3100.041667,152,0.6,1,0,0,0
1,debt_consolidation,0.1505,85.87,11.1844214,19.87,672,4800.0,5517,34.1,2,0,0,1
1,debt_consolidation,0.0963,462.16,11.06657586,16.78,762,4560.041667,11160,14.9,1,0,0,0
1,all_other,0.1632,176.57,11.87756858,4.35,667,8190.041667,157,52.3,1,1,1,0
1,small_business,0.1537,871.16,11.40645322,22.59,702,4980.0,30523,77.7,1,0,0,0
1,debt_consolidation,0.1568,280.02,10.91643301,22.18,667,11130.04167,43110,93.3,1,0,0,0
1,credit_card,0.1442,238.96,10.1266311,18.0,672,3780.041667,9394,44.6,3,0,0,1
1,all_other,0.1316,675.41,11.23848862,16.56,712,3245.041667,21118,65.2,0,0,0,1
1,credit_card,0.1253,167.34,11.10122093,16.55,722,8280.041667,24345,93.6,0,0,0,0
1,debt_consolidation,0.1347,417.25,10.37361617,22.08,697,5220.0,10543,29.1,0,0,0,0
1,small_business,0.1411,61.62,10.71441777,15.68,677,6990.0,17826,92.8,2,0,0,0
1,all_other,0.1316,405.25,11.2771525,17.96,702,3240.041667,754,9.5,1,2,0,0
1,credit_card,0.1379,545.21,11.28978191,10.95,702,3420.041667,13742,64.5,0,0,0,1
1,credit_card,0.0768,31.2,11.35040654,2.82,767,6300.0,7603,20.7,0,0,0,0
1,debt_consolidation,0.1474,379.91,10.85892207,10.87,677,2790.041667,11419,84.6,1,1,0,0
1,all_other,0.1253,100.4,10.30895266,17.8,697,3450.041667,1568,44.8,1,0,0,0
1,debt_consolidation,0.1221,106.61,9.903487553,5.04,722,5280.041667,3246,22.2,1,0,1,0
1,all_other,0.1253,669.33,10.88743693,10.56,747,6330.0,25121,88.4,1,0,0,0
1,all_other,0.0737,55.89,10.28465997,7.25,772,7381.0,6469,14.9,1,0,0,0
1,debt_consolidation,0.1474,690.74,11.1844214,10.43,687,3180.041667,13693,68.8,0,0,0,0
1,all_other,0.1442,137.54,9.740968623,8.26,697,1181.0,3090,55.2,0,0,0,0
1,debt_consolidation,0.1695,427.53,11.40756495,16.53,667,1322.041667,15534,87.3,3,0,0,0
1,home_improvement,0.1221,333.15,11.1124479,11.77,742,5129.958333,220,4.0,1,0,0,0
1,debt_consolidation,0.1379,340.76,11.16863071,24.91,692,8850.0,6344,32.4,0,1,0,0
1,all_other,0.0932,191.69,11.08214255,9.73,762,5858.0,717,2.7,1,0,0,0
1,debt_consolidation,0.1505,693.83,11.31498659,16.54,697,6270.0,12147,91.3,0,0,0,1
1,debt_consolidation,0.1821,290.07,10.55518754,10.76,672,1980.041667,9961,99.6,0,0,0,0
1,debt_consolidation,0.1442,481.36,11.15619338,21.21,692,5730.041667,40125,92.0,1,0,0,0
1,home_improvement,0.1853,262.21,11.32659589,4.41,672,6120.041667,12513,99.3,0,0,0,0
1,debt_consolidation,0.1253,401.6,10.87804719,20.15,737,5940.0,18154,54.4,0,0,0,0
1,small_business,0.1284,268.95,11.30958454,4.97,787,3930.041667,11,1.0,3,0,0,0
1,debt_consolidation,0.1221,399.78,11.01862914,17.7,762,4831.0,12416,21.9,3,0,0,0
1,debt_consolidation,0.1253,200.8,10.43399815,24.71,702,3930.041667,8375,58.2,1,0,0,0
1,home_improvement,0.1379,102.23,11.40756495,17.63,682,4710.0,6345,90.6,0,0,1,0
1,debt_consolidation,0.1221,466.41,11.8493977,0.32,747,1620.041667,3926,11.5,0,0,0,0
1,debt_consolidation,0.1442,515.74,10.73630972,11.48,712,2970.0,16727,53.1,2,0,0,0
1,debt_consolidation,0.1379,408.91,10.51888938,13.46,702,3210.041667,4800,94.1,1,0,0,1
1,all_other,0.1379,374.84,11.15619338,14.8,687,3210.0,10619,47.8,0,1,0,0
1,debt_consolidation,0.1632,141.26,10.57131693,9.72,667,2370.041667,10490,96.2,1,0,0,0
1,small_business,0.1221,399.78,10.75790288,19.38,727,4110.0,9554,34.2,1,1,0,0
1,debt_consolidation,0.1347,271.39,10.71441777,21.68,687,2730.041667,12000,82.2,0,0,0,0
1,credit_card,0.08,219.36,11.13470581,8.22,752,8580.041667,2932,17.2,0,0,0,0
1,debt_consolidation,0.1347,590.26,11.58058411,13.38,707,5579.958333,35598,57.9,0,0,0,0
1,home_improvement,0.0768,168.43,10.4491745,10.53,797,5640.041667,5133,7.3,0,0,0,0
1,major_purchase,0.1537,174.24,10.46310334,11.67,672,2070.041667,8105,87.2,1,0,0,0
1,small_business,0.0932,278.74,10.858999,16.59,757,5520.0,43232,41.1,0,0,0,1
1,small_business,0.1411,855.73,12.47125984,7.82,712,8760.0,11697,33.2,0,0,0,0
1,debt_consolidation,0.1411,41.08,9.210340372,8.28,677,1920.0,802,6.3,1,1,0,1
1,credit_card,0.1148,197.82,10.93310697,11.16,712,2367.958333,18513,60.1,2,0,0,1
1,all_other,0.0963,385.14,11.00209984,4.32,752,6840.041667,3428,6.1,0,0,0,0
1,credit_card,0.0963,168.5,11.08220409,20.16,727,3397.958333,25147,60.3,1,0,0,0
1,credit_card,0.0963,117.15,11.60823564,15.75,717,2760.041667,35544,67.6,2,0,0,0
1,all_other,0.1316,101.32,10.6454249,17.86,687,2910.0,8817,60.0,1,0,0,0
1,debt_consolidation,0.1284,537.89,11.51292546,19.26,717,4140.0,26711,41.7,2,0,0,0
1,all_other,0.1411,766.73,11.35035948,7.78,697,4829.958333,18067,60.6,0,0,0,1
1,debt_consolidation,0.1379,408.91,10.91523391,20.4,702,5550.0,7085,41.7,1,0,0,0
1,small_business,0.0932,222.03,10.30895266,23.24,737,5220.0,16775,47.4,0,0,0,0
1,debt_consolidation,0.16,527.36,10.81977828,6.19,667,3720.0,11819,75.8,0,0,0,0
1,debt_consolidation,0.0932,159.74,10.71441777,20.35,737,1950.0,4717,51.3,0,0,0,0
1,small_business,0.1284,168.09,11.00209984,13.0,697,3840.041667,5878,52.0,0,0,0,1
1,debt_consolidation,0.1663,638.46,11.03811028,22.98,672,2310.0,18182,72.7,0,0,0,0
1,major_purchase,0.1442,171.92,10.08580911,13.5,692,2640.0,2109,42.2,1,0,0,0
1,all_other,0.1221,116.61,10.85892207,15.07,707,5580.0,12324,25.5,2,0,0,1
1,all_other,0.0963,96.29,11.32659589,18.88,717,1950.0,5033,17.1,1,0,0,0
1,all_other,0.0932,31.95,10.49127422,20.37,742,3690.0,8990,58.0,0,0,0,1
1,debt_consolidation,0.1316,405.25,10.96819829,14.07,702,5850.0,14057,37.8,0,0,0,0
1,home_improvement,0.1411,102.69,11.22524339,21.01,672,6120.041667,10025,57.8,1,1,0,0
1,credit_card,0.1221,266.52,9.903487553,0.0,772,4144.0,7405,18.5,0,0,0,0
1,all_other,0.1189,530.63,11.22524339,3.06,752,3750.0,4498,5.3,0,0,0,1
1,home_improvement,0.1505,693.83,11.08827754,9.76,692,4260.041667,0,0.0,1,0,0,0
1,debt_consolidation,0.0768,110.73,9.915663128,8.83,767,8280.041667,4120,5.7,1,0,0,0
1,small_business,0.1284,504.27,11.15625052,0.26,762,4379.958333,186,0.7,2,0,0,0
1,debt_consolidation,0.0963,288.85,11.08214255,22.45,737,6930.0,32820,73.4,0,0,0,0
1,debt_consolidation,0.1442,515.74,11.1844214,12.25,697,5310.041667,35761,92.2,2,0,0,0
1,all_other,0.1284,134.48,9.798127037,9.73,712,1650.041667,13,1.3,1,0,0,0
1,debt_consolidation,0.0932,357.81,11.09741002,5.8,747,4559.958333,19926,55.5,0,0,0,0
1,small_business,0.1189,99.5,10.30895266,18.28,712,7020.0,14577,34.7,0,0,0,0
1,debt_consolidation,0.1505,277.53,10.20536834,6.26,677,1830.0,7974,91.7,0,1,0,0
1,debt_consolidation,0.1379,340.76,11.08214255,18.2,687,2400.0,13875,37.2,0,0,0,0
1,debt_consolidation,0.1537,261.35,10.46321762,24.61,677,1393.0,1685,38.3,1,0,0,0
1,major_purchase,0.1284,302.57,11.2579816,18.83,702,3090.041667,1575,23.2,2,0,0,0
1,educational,0.0963,208.62,10.37324115,3.75,742,3450.041667,883,13.8,1,0,0,0
1,all_other,0.1221,533.04,11.33857208,17.8,737,4980.041667,24177,20.2,1,0,0,0
1,debt_consolidation,0.1253,174.03,10.82972862,9.17,702,3780.0,5229,15.2,0,0,0,0
1,major_purchase,0.1379,170.38,10.81985828,24.07,687,3030.0,4305,56.6,3,1,0,1
1,all_other,0.0737,69.86,11.36673138,6.83,777,4890.041667,103088,29.8,1,0,0,0
1,home_improvement,0.1347,254.42,11.0814654,6.76,687,4680.0,9463,83.7,1,0,0,0
1,all_other,0.1663,638.46,10.8077057,10.91,667,2040.041667,6241,21.0,3,0,0,1
1,credit_card,0.1474,198.59,9.680344001,12.6,682,1263.0,5560,32.9,1,0,0,0
1,all_other,0.1284,50.43,11.02190247,17.65,687,2490.041667,13140,55.9,0,0,0,0
1,major_purchase,0.1442,206.3,11.02190247,14.75,672,2371.041667,9184,58.5,3,0,0,0
1,debt_consolidation,0.1411,410.75,11.40756495,13.73,682,5010.041667,9101,42.9,3,0,0,0
1,debt_consolidation,0.1568,420.02,11.28978191,14.21,672,4470.0,8664,93.2,1,0,0,0
1,all_other,0.1253,46.86,11.10495723,14.29,697,3945.0,13999,58.1,2,0,0,0
1,credit_card,0.1284,302.57,11.00209984,19.22,682,4179.958333,14309,57.0,1,0,0,0
1,debt_consolidation,0.1316,506.56,10.59663473,13.14,712,1950.0,2897,33.3,1,0,0,0
1,debt_consolidation,0.0932,95.85,11.11988288,6.9,727,3180.041667,20863,52.8,0,0,0,0
1,debt_consolidation,0.1568,700.04,10.81977828,15.1,677,2985.0,24738,50.0,2,0,0,0
1,home_improvement,0.1411,342.29,11.19134184,24.7,677,2078.0,45383,79.6,0,0,0,0
1,debt_consolidation,0.1253,535.46,10.74720759,21.7,727,13380.04167,15354,35.5,2,0,0,0
1,all_other,0.0932,191.69,10.78931908,4.08,742,3600.041667,4014,25.9,0,0,0,0
1,debt_consolidation,0.1347,227.29,11.18725073,14.21,687,5760.041667,53683,74.4,0,0,0,0
1,debt_consolidation,0.1284,100.86,11.51288546,18.58,692,7320.0,71161,60.0,1,0,0,0
1,small_business,0.1253,312.08,11.35040654,18.58,712,8970.041667,67614,49.2,0,0,0,1
1,debt_consolidation,0.1284,672.36,10.71441777,19.12,767,5790.041667,14729,48.9,5,0,0,1
1,all_other,0.08,47.01,10.12021054,14.73,767,3454.0,2130,12.3,4,0,0,1
1,debt_consolidation,0.1316,202.63,10.49127422,23.77,692,4440.0,6581,39.6,1,0,0,1
1,debt_consolidation,0.1316,270.17,10.37349118,11.44,697,2040.041667,6389,58.1,2,0,0,0
1,all_other,0.1316,114.82,10.36646657,9.67,717,1260.041667,3967,48.9,0,0,0,0
1,debt_consolidation,0.1632,370.8,10.73639668,9.97,662,1680.041667,10039,53.7,1,0,0,0
1,all_other,0.1347,237.46,11.42954386,4.73,692,8820.0,40479,8.4,3,0,0,0
1,debt_consolidation,0.1379,245.35,10.37173965,22.13,682,2310.0,7458,64.3,0,0,0,0
1,debt_consolidation,0.08,100.28,11.22524339,5.79,737,4800.0,4000,11.0,0,0,1,0
1,debt_consolidation,0.1411,342.29,10.71441777,7.95,682,2340.041667,11816,47.6,0,0,0,0
1,all_other,0.1505,69.39,10.81977828,22.99,667,3930.0,6712,64.5,2,0,0,0
1,credit_card,0.0963,385.14,12.22587527,9.14,747,3960.0,25814,29.1,0,0,0,0
1,debt_consolidation,0.1316,270.17,10.81977828,19.51,737,4513.958333,7936,50.9,0,0,0,0
1,all_other,0.08,188.02,11.00209984,1.06,767,4756.958333,7161,16.4,0,0,0,0
1,educational,0.1474,89.8,10.34161344,5.3,662,2737.0,4620,64.2,1,0,0,0
1,small_business,0.0963,318.54,10.77895629,24.52,742,3029.958333,39689,69.5,1,0,0,0
1,small_business,0.1474,207.23,10.49127422,14.0,677,2730.0,20616,94.1,2,0,0,1
1,all_other,0.1347,339.23,10.91501573,5.59,692,3749.958333,2432,24.1,1,2,0,0
1,all_other,0.08,200.56,10.81977828,11.4,792,3960.0,339,1.1,0,0,0,0
1,small_business,0.1474,172.69,10.81977828,6.79,692,1260.0,6165,79.0,1,0,0,0
1,credit_card,0.1316,472.79,11.44035477,19.24,717,14760.0,40761,65.6,0,0,0,0
1,debt_consolidation,0.0963,584.92,10.46321762,22.76,782,5430.0,4407,9.2,0,0,0,0
1,major_purchase,0.0932,127.79,10.87426647,0.59,742,3749.958333,630,7.9,1,0,0,0
1,all_other,0.1221,159.92,11.06663836,16.72,712,7319.958333,9878,56.4,3,1,0,0
1,debt_consolidation,0.1442,302.57,10.74281084,5.94,707,4379.958333,8134,80.2,0,0,0,0
1,debt_consolidation,0.1474,241.76,10.47678644,17.28,672,3519.0,6547,56.9,0,0,0,0
1,major_purchase,0.1189,331.64,11.35040654,11.86,732,6481.0,35166,67.2,0,0,0,0
1,small_business,0.1347,678.46,11.98292909,5.02,762,7080.0,5253,5.9,6,0,0,0
1,all_other,0.0932,223.63,11.1844214,18.5,742,6569.958333,41059,51.0,0,0,0,0
1,credit_card,0.1183,222.0,11.23511451,12.74,712,4164.0,71116,72.1,3,0,0,0
1,all_other,0.1189,232.15,11.58988651,7.04,792,8640.0,2759,11.0,5,0,0,0
1,debt_consolidation,0.0932,70.29,9.741203889,24.63,732,3810.0,5101,30.4,1,0,0,1
1,debt_consolidation,0.1284,201.71,10.66886237,11.95,692,3420.0,3517,40.4,0,0,0,0
1,all_other,0.0932,268.36,12.1547583,1.05,777,3930.0,2009,9.1,0,0,0,0
1,debt_consolidation,0.1442,550.13,11.15625052,20.54,687,2189.958333,16124,70.1,1,0,0,0
1,small_business,0.0963,449.32,11.7905572,14.59,787,5459.958333,152,1.0,1,0,0,0
1,small_business,0.08,203.69,10.81977828,3.24,822,7260.0,35624,2.5,0,0,0,0
1,small_business,0.1379,340.76,10.81985828,16.58,712,3060.0,757,22.9,1,0,0,0
1,debt_consolidation,0.1474,690.74,11.64395373,15.27,702,2639.958333,52285,93.4,1,0,0,0
1,debt_consolidation,0.1379,468.54,10.40426284,20.36,702,1800.0,19812,66.7,0,0,0,0
1,small_business,0.1316,168.86,11.91839057,10.98,692,2189.958333,75454,72.4,1,0,0,0
1,debt_consolidation,0.1474,207.23,11.5211317,4.96,672,3930.0,3402,47.9,2,0,0,0
1,all_other,0.1442,618.89,11.15625052,7.89,722,3269.958333,18505,95.9,1,0,0,0
1,debt_consolidation,0.1284,638.75,11.08214255,16.25,722,4049.958333,15923,56.3,0,0,0,0
1,major_purchase,0.0768,124.77,10.37349118,5.7,772,7649.958333,7549,14.2,2,0,0,0
1,all_other,0.1253,401.6,10.57131693,13.75,717,2370.0,8123,57.2,1,0,0,0
1,all_other,0.1726,644.12,11.52584169,14.42,662,7170.0,3781,16.3,3,0,0,0
1,all_other,0.1505,156.12,10.40426284,11.78,662,3213.0,6063,49.3,1,1,0,0
1,small_business,0.1316,270.17,10.91508846,20.07,717,4455.958333,34260,77.5,0,0,0,0
1,debt_consolidation,0.1379,408.91,10.79973883,11.7,687,4139.958333,17386,84.4,2,0,0,0
1,debt_consolidation,0.1347,678.46,12.12269104,7.28,732,7218.0,50381,68.5,1,0,0,1
1,all_other,0.1221,199.89,10.46310334,15.22,717,4710.0,6881,27.3,0,1,0,0
1,debt_consolidation,0.1442,515.74,11.40756495,8.21,687,8489.958333,5226,48.8,2,0,0,0
1,all_other,0.0737,77.62,11.63509885,0.39,772,7260.0,2498,10.6,0,0,0,0
1,debt_consolidation,0.1632,565.02,11.1124479,10.39,667,7590.0,12736,70.4,2,2,0,0
1,debt_consolidation,0.074,155.3,11.35977429,7.92,822,11261.0,1874,5.5,0,0,0,0
1,debt_consolidation,0.1411,308.06,10.858999,24.92,687,3240.0,28336,86.9,0,0,0,0
1,debt_consolidation,0.1284,268.95,10.6454249,14.2,717,1620.0,8687,54.6,0,0,0,0
1,debt_consolidation,0.1347,407.08,10.81985828,13.7,692,2400.0,11442,52.0,0,0,0,0
1,debt_consolidation,0.1379,681.51,11.1844214,20.1,707,2430.0,27316,45.2,0,0,0,0
1,home_improvement,0.1347,305.31,10.46595641,21.91,757,3419.958333,615,6.1,7,0,0,0
1,all_other,0.0932,111.82,11.3736634,13.5,727,5011.0,18695,53.7,3,0,0,0
1,home_improvement,0.1568,385.02,10.81985828,13.94,667,1770.0,11929,48.7,0,0,0,0
1,debt_consolidation,0.0963,320.95,10.30895266,15.88,762,3630.0,4532,33.6,0,0,0,1
1,debt_consolidation,0.08,188.02,11.42958733,5.07,752,8162.958333,21365,39.4,0,0,0,1
1,debt_consolidation,0.1474,414.45,10.89673933,4.62,697,5219.958333,7956,48.5,0,1,0,0
1,all_other,0.1253,301.2,10.59663473,0.9,732,15420.95833,114,2.8,0,0,0,0
1,credit_card,0.0768,171.55,11.15625052,10.32,782,5549.958333,7537,17.9,0,0,0,0
1,debt_consolidation,0.1537,174.24,10.53049493,22.92,662,4079.958333,7566,47.3,1,1,0,0
1,debt_consolidation,0.0963,320.95,11.00209984,9.44,747,5219.958333,23186,61.5,1,0,0,1
1,small_business,0.1347,203.54,10.59663473,4.62,677,2249.958333,7110,58.3,0,0,1,0
1,debt_consolidation,0.1726,429.41,11.16764253,2.71,667,5969.958333,3505,33.4,2,0,0,0
1,debt_consolidation,0.1474,51.81,10.58405595,20.35,677,1380.0,7616,44.8,0,0,0,0
1,home_improvement,0.08,31.34,11.12726298,9.21,742,6480.0,4434,16.9,0,0,0,0
1,small_business,0.1379,272.61,11.00209984,10.54,682,7049.958333,12927,33.1,0,0,0,0
1,major_purchase,0.0768,112.29,10.32548196,10.54,752,2190.958333,1859,11.4,0,0,0,0
1,all_other,0.1253,184.07,10.23981692,22.72,702,2939.958333,3972,37.8,1,0,0,0
1,debt_consolidation,0.1632,847.53,11.28973191,14.93,682,3689.958333,30564,78.6,2,0,0,0
1,debt_consolidation,0.1347,508.84,10.88743693,14.06,702,11460.0,7701,30.3,1,3,0,0
1,credit_card,0.1347,488.49,11.03488966,10.35,702,1829.958333,17499,60.0,0,0,0,0
1,all_other,0.1284,64.72,9.61580548,10.48,702,2321.958333,653,3.7,1,0,0,0
1,debt_consolidation,0.08,172.35,10.95080655,18.76,747,3299.958333,40383,63.0,3,0,0,0
1,all_other,0.1284,201.71,10.6454249,15.29,692,5219.958333,5826,31.5,0,1,0,0
1,credit_card,0.1505,520.37,10.6454249,15.43,687,4170.0,21980,51.5,2,0,0,0
1,all_other,0.1095,297.7,11.30471979,0.15,692,4379.958333,517,8.9,0,1,0,0
1,debt_consolidation,0.1411,342.29,11.1124479,6.86,682,5249.958333,9583,77.3,1,0,0,0
1,all_other,0.1095,261.71,10.59653473,22.98,692,7230.0,25336,48.5,1,0,0,1
1,debt_consolidation,0.1474,331.56,10.91516119,20.88,682,2880.0,19226,93.1,2,0,0,0
1,small_business,0.1537,48.79,10.49127422,5.07,712,2220.958333,0,11.3,2,0,0,0
1,debt_consolidation,0.1474,189.96,10.19555997,21.33,672,3450.0,12041,59.3,3,0,0,0
1,debt_consolidation,0.1505,529.05,10.7254676,11.76,682,1469.958333,10244,43.2,2,0,0,0
1,credit_card,0.1347,295.13,11.15961628,20.43,707,4680.0,19450,92.6,3,0,0,0
1,home_improvement,0.1411,222.49,11.19821472,11.59,767,5522.958333,0,34.5,1,0,0,1
1,debt_consolidation,0.1347,398.6,11.49272276,16.4,697,4350.0,30993,71.2,0,0,0,0
1,home_improvement,0.0737,62.1,11.08214255,2.38,782,3749.958333,3630,10.1,0,0,0,0
1,debt_consolidation,0.0963,224.66,10.08580911,7.85,727,5400.0,13197,22.0,2,0,0,0
1,all_other,0.08,94.01,10.68051622,5.49,737,2490.0,2786,39.2,2,0,0,0
1,all_other,0.0963,256.76,10.6454249,9.03,742,2969.958333,14894,48.1,3,0,0,0
1,debt_consolidation,0.08,203.69,11.42954386,6.59,807,8190.0,713,3.9,0,0,0,0
1,educational,0.1221,39.98,10.34817337,4.54,702,2309.958333,2317,27.3,0,0,0,0
1,debt_consolidation,0.0963,320.95,11.53272809,2.47,742,3420.958333,11616,21.8,0,0,0,0
1,all_other,0.0932,191.69,10.71441777,1.33,762,5340.0,2420,26.9,1,0,0,0
1,home_improvement,0.1347,232.37,11.51292546,11.62,687,3120.0,10867,51.1,0,0,0,0
1,home_improvement,0.1284,181.54,10.30881932,1.72,702,3450.0,586,3.6,3,0,0,0
1,credit_card,0.1379,315.2,10.80972795,15.85,682,2520.0,6012,74.2,1,0,0,0
1,all_other,0.1316,216.13,10.93310697,12.45,692,3749.958333,3981,62.2,1,0,0,0
1,debt_consolidation,0.0932,191.69,10.62132735,10.77,742,2730.0,1763,17.8,1,0,0,0
1,credit_card,0.1379,272.61,11.22524339,12.78,682,6840.0,9287,61.9,1,0,0,0
1,debt_consolidation,0.1221,533.04,11.36210258,10.74,737,3749.958333,39622,47.3,1,0,0,0
1,small_business,0.0963,356.25,10.1266311,17.71,742,4842.958333,6872,25.7,0,0,0,0
1,small_business,0.1253,309.57,9.472704636,0.92,727,3425.958333,3498,47.9,1,0,0,1
1,all_other,0.16,632.84,11.15625052,8.66,677,3810.0,12584,81.1,2,0,0,0
1,debt_consolidation,0.1379,340.76,10.59663473,21.66,692,4049.958333,11998,48.2,0,0,0,0
1,all_other,0.16,123.06,10.46310334,23.45,662,3810.0,5369,89.5,0,0,0,0
1,debt_consolidation,0.1148,167.32,9.903487553,19.68,712,1835.0,7058,45.5,0,0,0,1
1,credit_card,0.1189,116.08,10.30895266,11.68,722,6870.0,4621,45.8,0,0,0,0
1,debt_consolidation,0.1505,381.61,10.46310334,7.78,672,3030.958333,9778,77.6,0,0,0,0
1,all_other,0.0737,521.57,11.26446411,1.15,772,3000.958333,800,2.3,2,0,0,0
1,debt_consolidation,0.1316,692.29,11.15625052,20.06,722,3659.958333,20450,60.0,1,0,0,0
1,major_purchase,0.1379,272.61,9.952277717,11.43,682,3150.0,5142,46.3,2,0,0,0
1,debt_consolidation,0.1474,276.3,11.5228758,6.42,672,3779.958333,17588,47.8,0,2,0,0
1,debt_consolidation,0.1253,401.6,11.38509209,11.15,717,4837.958333,29755,77.9,2,0,0,0
1,debt_consolidation,0.1189,331.64,10.71441777,21.95,752,3600.0,5811,32.1,1,0,0,0
1,small_business,0.1695,534.41,10.75790288,0.38,687,5640.0,5330,82.0,0,0,0,0
1,debt_consolidation,0.0963,545.61,11.39643659,14.71,772,5219.958333,10359,21.1,0,0,0,0
1,all_other,0.1347,373.15,10.08580911,13.65,697,1829.958333,8476,42.2,0,0,0,0
1,all_other,0.08,125.35,10.77895629,2.77,772,3150.0,703,2.3,0,0,0,0
1,all_other,0.0963,160.48,10.71894086,11.12,732,2400.0,4637,12.6,1,0,0,0
1,home_improvement,0.08,266.36,11.32659589,6.75,787,6299.958333,7439,6.5,0,0,0,0
1,home_improvement,0.1316,168.86,11.86358234,23.26,687,5280.0,71053,83.4,2,0,1,0
1,credit_card,0.1316,312.38,10.858999,21.9,702,2040.0,9190,86.7,0,0,0,0
1,all_other,0.0737,263.89,10.26813067,19.83,732,2219.958333,9321,27.2,2,0,0,0
1,all_other,0.0768,31.2,11.41861479,9.77,752,4109.958333,21003,45.5,2,0,0,0
1,home_improvement,0.16,421.89,10.49127422,0.33,662,13080.0,12683,34.8,0,1,1,0
1,credit_card,0.0932,351.42,11.0953983,19.15,747,3749.958333,4148,14.3,2,0,0,0
1,debt_consolidation,0.1411,342.29,11.35040654,3.92,682,2850.0,3520,22.1,1,2,0,0
1,all_other,0.1221,333.15,10.94199592,19.2,762,5909.958333,2435,13.8,2,0,0,0
1,small_business,0.1635,335.63,11.06663836,9.51,697,4562.958333,17105,38.8,1,0,0,0
1,small_business,0.1316,337.71,10.41930072,17.37,772,1139.958333,26,0.6,0,0,0,0
1,all_other,0.1221,119.94,10.30895266,0.6,717,4469.958333,90,1.8,2,0,0,0
1,all_other,0.1537,167.27,9.68009397,9.98,667,1529.958333,1101,61.2,1,0,0,0
1,major_purchase,0.0768,224.58,11.35040654,16.72,777,9630.958333,3712,38.3,2,0,0,0
1,debt_consolidation,0.08,441.84,11.05089001,10.82,717,3210.0,10513,32.0,1,0,0,0
1,debt_consolidation,0.1347,339.23,11.22524339,8.54,742,4290.0,24485,26.3,5,0,0,0
1,all_other,0.1284,605.13,10.91508846,7.29,747,6331.958333,16955,22.8,5,0,0,0
1,debt_consolidation,0.1189,331.64,10.90558894,21.54,732,3749.958333,11628,40.4,0,0,1,0
1,educational,0.1316,81.05,11.26061054,19.1,677,3600.0,5396,23.1,2,0,1,0
1,debt_consolidation,0.1316,574.1,10.85892207,16.87,732,7799.958333,13429,61.0,0,0,0,1
1,all_other,0.1379,340.76,10.75790288,23.69,692,4590.0,1400,77.8,0,1,1,0
1,all_other,0.1347,135.7,9.903487553,15.06,702,1469.958333,1067,19.4,2,1,0,0
1,all_other,0.0737,322.88,10.77895629,12.07,727,3299.958333,21326,37.9,1,0,0,0
1,home_improvement,0.08,313.37,11.61863592,0.49,787,4232.0,7195,6.3,1,0,0,0
1,small_business,0.0963,385.14,11.00209984,6.76,807,7079.958333,1977,3.3,3,0,0,0
1,all_other,0.1253,334.67,10.54006438,10.38,672,3270.0,26788,65.2,3,0,0,1
1,educational,0.1253,836.66,11.35040654,16.24,762,5849.958333,93559,22.1,1,0,0,0
1,major_purchase,0.1537,193.4,10.72106231,8.26,667,4050.958333,260,3.3,3,0,1,0
1,small_business,0.1253,669.33,11.40756495,0.68,792,4469.958333,3719,15.2,1,0,0,0
1,credit_card,0.1316,405.25,10.66895539,7.14,722,1741.0,7879,29.0,2,0,0,0
1,debt_consolidation,0.1253,435.07,11.08220409,17.11,712,5010.0,13407,44.8,0,0,0,0
1,small_business,0.1379,255.57,10.37349118,9.86,712,2999.958333,1805,10.1,2,1,0,0
1,debt_consolidation,0.0963,192.57,10.69194491,4.99,732,4260.0,11741,14.6,0,0,0,0
1,home_improvement,0.1568,350.02,10.95080655,7.62,682,2850.0,1815,34.2,2,0,0,1
1,credit_card,0.1663,780.34,11.09741002,14.96,677,4980.0,27302,34.8,0,0,0,0
1,debt_consolidation,0.1442,412.6,10.51867319,7.91,682,4049.958333,8748,85.8,1,0,0,1
1,all_other,0.08,188.02,10.05182135,8.95,757,4109.958333,1112,25.3,0,0,0,0
1,debt_consolidation,0.1411,405.62,10.78931908,20.96,682,3659.958333,15677,49.9,3,0,0,0
1,debt_consolidation,0.1253,401.6,10.87812266,16.26,717,2730.0,7464,41.2,2,0,0,1
1,major_purchase,0.1189,165.82,10.77895629,18.13,722,3150.0,15155,42.3,2,0,0,0
1,all_other,0.16,147.67,10.16585182,21.69,712,2012.0,6154,99.3,0,0,0,0
1,debt_consolidation,0.1474,86.35,9.779963066,19.08,672,1771.0,5002,32.1,3,0,0,0
1,debt_consolidation,0.1284,504.27,10.30895266,12.92,717,10440.0,20105,33.4,3,0,0,0
1,all_other,0.0963,185.35,10.51596683,7.15,732,2370.0,9619,65.9,0,0,0,1
1,all_other,0.1379,221.5,10.5454467,23.37,687,5849.958333,12518,49.1,0,1,0,0
1,debt_consolidation,0.1474,276.3,10.71441777,24.08,672,1921.958333,8441,66.5,1,0,1,0
1,home_improvement,0.1442,292.26,11.35040654,6.11,677,9300.0,7429,91.1,1,0,0,0
1,debt_consolidation,0.1253,87.02,9.680344001,19.2,697,1949.958333,7155,38.3,1,0,0,0
1,debt_consolidation,0.1411,167.73,10.87804719,3.22,682,6060.0,4341,90.4,2,0,0,0
1,credit_card,0.0963,224.66,11.56171563,3.19,762,3210.0,8035,30.0,1,0,0,0
1,debt_consolidation,0.1537,374.6,10.62132735,23.33,667,3391.958333,21765,78.9,0,0,0,0
1,debt_consolidation,0.1316,168.86,10.96819829,0.12,722,2070.0,5176,45.6,0,0,0,0
1,home_improvement,0.1411,290.95,10.91501573,1.0,707,1229.958333,3441,49.2,0,0,0,1
1,debt_consolidation,0.1411,171.15,10.15580148,6.2,697,3389.958333,4852,57.8,2,1,0,0
1,all_other,0.1758,718.84,11.5229154,16.93,667,3659.958333,18606,67.5,0,1,0,0
1,debt_consolidation,0.1189,198.99,10.5454467,22.58,722,4680.0,17511,47.7,3,0,0,0
1,debt_consolidation,0.1663,532.05,10.73639668,7.93,672,3029.958333,14608,94.9,1,0,0,0
1,small_business,0.1221,166.58,11.21182037,17.56,712,7170.0,13344,28.4,2,0,0,0
1,credit_card,0.1189,298.48,11.35040654,8.84,732,5519.958333,5390,27.2,0,0,1,0
1,home_improvement,0.1411,143.77,9.836332277,4.62,677,4783.958333,2255,37.6,1,0,0,0
1,debt_consolidation,0.0932,207.66,10.35456317,12.08,747,3450.0,2530,63.2,0,0,0,1
1,debt_consolidation,0.1284,504.27,11.53272809,12.46,722,3329.958333,2,0.1,2,0,0,0
1,all_other,0.1221,399.78,10.49127422,20.33,677,3090.0,24029,70.3,1,0,0,0
1,major_purchase,0.0932,63.9,10.94192512,5.71,787,3570.0,21,0.4,2,0,0,0
1,all_other,0.1411,684.58,11.35035948,19.27,702,5489.958333,17811,79.2,1,0,0,0
1,all_other,0.1221,499.73,11.91839057,17.84,752,8069.958333,0,0.0,1,0,0,0
1,debt_consolidation,0.1426,240.15,10.37349118,13.35,682,1410.0,5999,27.6,1,0,0,1
1,all_other,0.0963,248.74,10.79957558,11.36,737,5601.958333,6720,19.0,0,0,0,0
1,all_other,0.16,281.26,10.55581274,2.31,667,1800.0,3292,58.8,1,1,0,0
1,debt_consolidation,0.16,527.36,11.03488966,7.88,687,2520.0,15896,83.2,1,0,0,1
1,small_business,0.1663,567.52,11.15625052,0.26,667,3329.958333,438,4.6,3,0,0,0
1,debt_consolidation,0.1505,693.83,11.28230402,15.32,682,4379.958333,18636,81.1,3,0,0,0
1,debt_consolidation,0.1474,552.59,10.9040459,9.13,682,7620.0,17436,71.9,1,0,0,0
1,home_improvement,0.1253,836.66,11.91839057,2.86,762,3389.958333,14911,34.0,1,0,0,0
1,debt_consolidation,0.1442,498.55,10.30895266,18.04,697,8910.958333,20392,94.0,1,0,0,0
1,debt_consolidation,0.1316,287.05,11.22524339,12.27,697,8069.958333,30532,53.7,3,0,0,1
1,all_other,0.0737,248.37,11.08220409,2.77,727,5219.958333,31939,53.2,1,0,0,1
1,debt_consolidation,0.08,188.02,10.70324447,6.44,752,5340.0,5970,12.7,1,0,0,0
1,debt_consolidation,0.1347,447.78,10.59663473,12.72,727,1499.958333,9721,30.9,2,0,0,0
1,credit_card,0.0963,160.48,11.46167427,15.4,727,3090.0,9347,41.0,2,0,0,0
1,credit_card,0.1189,348.23,11.6351431,6.02,727,6719.958333,13610,43.1,0,0,0,0
1,all_other,0.1474,51.81,10.5454467,1.04,667,2130.0,1781,59.4,3,0,0,1
1,small_business,0.0932,159.74,10.81977828,17.57,737,2669.958333,7170,67.0,1,0,0,0
1,small_business,0.1189,530.63,11.35040654,2.61,757,5041.0,29204,51.9,2,0,0,0
1,small_business,0.1426,274.45,10.57387775,21.88,737,2681.0,16090,25.0,3,0,0,1
1,major_purchase,0.0768,49.91,10.04324949,4.64,757,12391.0,2753,9.3,0,0,0,0
1,all_other,0.0737,372.55,10.81985828,10.1,742,7769.958333,56348,33.7,0,0,0,0
1,small_business,0.0963,417.23,10.6454249,16.14,787,3840.0,0,0.0,1,0,0,0
1,debt_consolidation,0.1316,379.92,11.22524339,18.69,702,3150.0,11197,81.7,2,0,0,0
1,all_other,0.0932,319.47,10.91508846,0.39,782,4710.0,99,0.2,1,0,0,0
1,small_business,0.1253,251.0,10.59663473,12.87,787,2249.958333,298,1.0,0,0,0,1
1,all_other,0.1189,331.64,10.87804719,17.12,727,2790.0,4435,59.1,0,0,0,0
1,educational,0.1568,113.76,9.392661929,11.8,672,1499.958333,3352,79.8,0,0,0,1
1,debt_consolidation,0.1347,407.08,11.12726298,21.9,697,5408.0,43863,63.7,2,0,0,0
1,all_other,0.1284,235.33,11.01039864,10.27,682,4202.958333,3706,45.2,0,0,0,0
1,major_purchase,0.1316,405.25,10.91508846,13.16,707,13681.0,9030,37.5,2,0,0,0
1,all_other,0.08,313.37,11.35035948,1.06,772,6780.0,2227,5.4,0,0,0,0
1,debt_consolidation,0.1379,286.24,10.71441777,24.75,697,4829.958333,1924,91.6,1,0,0,1
1,small_business,0.0963,481.42,11.51292546,4.81,802,9637.958333,21267,33.9,1,0,0,0
1,all_other,0.0963,160.48,11.24300472,8.63,722,5189.958333,2602,51.0,1,0,0,0
1,all_other,0.1632,529.71,11.08214255,16.39,672,5310.0,7467,48.8,2,0,0,0
1,all_other,0.1221,158.25,10.71894086,20.95,747,5760.0,26272,33.7,1,0,0,0
1,debt_consolidation,0.1568,280.02,11.28978191,16.3,662,4499.958333,10702,59.8,0,0,0,0
1,all_other,0.0768,311.91,10.08580911,0.0,737,1650.0,400,6.7,1,0,0,0
1,small_business,0.1221,666.3,11.35040654,3.04,787,6510.0,13893,18.7,4,0,0,0
1,all_other,0.0932,527.13,11.05885818,8.35,732,4079.958333,41921,85.2,0,0,0,1
1,debt_consolidation,0.0932,233.22,10.30895266,10.52,737,3243.0,8351,22.1,3,0,0,0
1,small_business,0.1505,416.3,10.27505111,2.48,672,4019.958333,4770,52.4,2,0,2,0
1,debt_consolidation,0.1568,525.03,11.6351431,13.12,757,7560.0,50910,32.6,0,0,0,0
1,small_business,0.1411,232.76,10.53209621,10.3,707,3779.958333,1356,17.4,2,1,0,0
1,debt_consolidation,0.1253,669.33,11.12726298,18.23,732,5070.0,25313,43.4,2,0,0,0
1,debt_consolidation,0.1221,599.67,10.86906356,13.36,742,5640.0,17064,56.7,0,0,0,0
1,credit_card,0.1253,117.14,10.46310334,13.39,707,4889.958333,7730,33.6,1,0,0,0
1,credit_card,0.1316,362.19,10.91508846,12.09,702,2219.958333,20854,49.3,2,0,0,0
1,debt_consolidation,0.1347,101.77,11.09741002,14.6,687,5978.958333,15093,95.5,1,0,0,1
1,all_other,0.1474,120.88,11.49264112,19.94,672,6180.0,36162,89.5,3,0,0,1
1,small_business,0.08,100.28,10.69194491,17.92,742,1949.958333,849,10.7,0,0,0,0
1,all_other,0.08,470.05,11.16336799,17.11,727,3450.0,8952,22.3,1,0,0,0
1,small_business,0.1284,806.83,11.22524339,18.51,772,6780.0,7815,6.1,0,0,0,0
1,all_other,0.1474,386.82,11.06350847,16.21,687,4320.0,10673,93.6,0,0,0,0
1,debt_consolidation,0.1568,245.02,10.73639668,20.87,677,2339.958333,5546,97.3,0,0,0,0
1,debt_consolidation,0.0963,320.95,10.54442628,15.05,737,4079.958333,1571,11.9,0,0,0,0
1,debt_consolidation,0.1632,247.2,10.91508846,3.99,662,2189.958333,4747,93.1,1,1,0,0
1,debt_consolidation,0.08,172.35,10.37361617,19.2,757,3749.958333,6860,29.4,0,0,0,0
1,debt_consolidation,0.1316,168.86,10.40426284,14.0,697,1710.0,4536,33.1,0,0,1,0
1,all_other,0.1568,245.02,10.13459927,5.57,662,1499.958333,4748,53.3,2,0,0,0
1,credit_card,0.1316,844.26,11.73606902,8.24,727,5549.958333,14323,50.3,1,0,0,1
1,small_business,0.1221,632.99,11.56171563,15.51,752,11520.0,49836,42.1,1,0,0,0
1,debt_consolidation,0.1821,290.07,11.22524339,13.92,662,4889.958333,8111,57.9,2,0,0,0
1,all_other,0.1189,198.99,11.09741002,21.07,722,4769.958333,18136,44.7,0,0,0,0
1,debt_consolidation,0.16,404.31,10.46104751,21.09,662,4529.958333,22416,67.0,1,0,0,0
1,debt_consolidation,0.1284,537.89,10.64304111,10.37,717,3719.958333,16016,84.7,0,0,0,0
1,debt_consolidation,0.1347,237.46,10.52191119,14.71,707,3810.0,3915,93.2,0,0,0,0
1,credit_card,0.1221,258.2,10.63825641,17.78,717,2520.0,14610,76.9,0,0,0,1
1,all_other,0.08,263.23,11.15625052,3.05,777,4020.958333,1506,6.6,0,0,0,0
1,all_other,0.08,172.35,11.30220443,9.87,782,5730.0,4590,14.7,0,0,0,0
1,all_other,0.1284,168.09,10.30895266,2.6,757,4590.0,724,2.8,1,0,0,0
1,major_purchase,0.1505,346.92,10.75798798,20.19,752,4621.0,0,27.7,2,0,0,0
1,all_other,0.1316,337.71,10.71441777,3.97,732,2789.0,2025,15.6,1,0,0,1
1,all_other,0.0768,374.29,11.15619338,12.62,722,2911.0,16810,32.3,2,0,0,1
1,major_purchase,0.0963,215.04,9.510444964,6.4,807,9209.958333,35,1.7,0,0,0,0
1,home_improvement,0.08,125.35,11.15619338,8.78,757,2790.0,3008,8.7,0,0,0,0
1,debt_consolidation,0.1347,407.08,11.00209984,15.12,697,2520.0,12540,54.3,1,0,0,0
1,credit_card,0.0963,385.14,10.91567011,21.17,757,10739.95833,25133,38.8,1,0,0,0
1,all_other,0.1632,331.95,10.81977828,1.46,692,1620.0,4700,51.6,1,0,0,0
1,all_other,0.1411,342.29,11.98292909,9.27,677,5189.958333,10843,68.6,0,1,0,1
1,debt_consolidation,0.1347,407.08,10.14909685,9.2,722,11339.95833,11377,94.8,1,0,0,1
1,debt_consolidation,0.0963,320.95,10.82536266,13.77,737,5400.0,1251,5.5,1,0,1,0
1,small_business,0.1505,477.01,10.30895266,17.96,687,1441.0,5269,15.1,3,0,0,1
1,small_business,0.1221,499.73,11.54600234,8.57,772,4109.958333,11700,42.5,0,0,0,0
1,debt_consolidation,0.1284,84.05,10.66895539,8.76,687,5670.0,1580,14.0,1,0,0,0
1,debt_consolidation,0.1347,339.23,11.22524339,14.91,732,3737.958333,26694,98.9,3,0,0,0
1,credit_card,0.1284,504.27,11.08214255,6.65,717,2190.958333,27201,57.4,0,0,0,0
1,debt_consolidation,0.0963,320.95,10.59663473,12.81,742,8370.0,7108,18.3,2,0,0,0
1,major_purchase,0.1442,687.66,12.46458334,16.97,697,7799.958333,58981,84.9,2,0,0,0
1,all_other,0.08,156.69,10.91508846,9.05,757,2490.0,1012,10.1,0,0,0,0
1,all_other,0.1221,666.3,10.84933709,3.1,782,2850.0,99,0.4,0,0,0,0
1,all_other,0.1537,104.54,11.00209984,1.0,672,1800.0,1048,31.8,1,0,0,1
1,debt_consolidation,0.1474,276.3,10.30895266,15.44,677,8617.0,21202,88.0,0,1,0,0
1,debt_consolidation,0.0932,313.08,10.4341158,22.62,747,6725.958333,16248,23.9,0,0,0,0
1,home_improvement,0.0932,159.74,10.1266311,3.89,777,3419.958333,3901,10.6,2,0,0,0
1,all_other,0.1284,672.36,11.38495936,1.95,787,2730.0,45210,3.8,1,0,0,0
1,debt_consolidation,0.1726,894.61,12.4874851,12.76,692,6599.958333,35172,95.3,0,0,0,1
1,debt_consolidation,0.1442,687.66,11.1844214,23.25,697,6659.958333,18789,52.0,3,0,0,0
1,credit_card,0.1221,399.78,11.00209984,16.16,742,4379.958333,24904,66.4,2,0,0,0
1,debt_consolidation,0.1411,410.75,11.03817459,22.03,682,3150.0,4532,32.4,0,0,0,0
1,debt_consolidation,0.1632,474.97,11.38287373,18.64,662,7920.0,6021,57.9,0,1,0,0
1,debt_consolidation,0.1379,391.87,10.7342204,10.3,697,3659.958333,11361,35.3,0,3,0,0
1,home_improvement,0.0963,224.66,11.42958733,8.05,757,4799.958333,962,4.6,0,1,0,0
1,all_other,0.1474,690.74,10.71441777,9.31,697,3374.958333,1483,4.2,0,0,0,0
1,educational,0.06,91.27,9.793449447,5.69,727,4320.0,859,10.7,0,0,0,0
1,small_business,0.1695,356.27,11.00209984,11.18,662,3336.958333,6070,88.0,1,0,0,0
1,credit_card,0.1379,340.76,10.4487146,14.71,692,2520.0,8316,52.6,0,0,0,0
1,all_other,0.1218,399.6,11.04852212,9.03,712,7321.0,16353,31.9,0,0,0,0
1,all_other,0.1347,67.85,9.884916167,16.32,692,2189.958333,6191,72.0,1,0,0,0
1,small_business,0.0963,513.51,11.69524702,2.5,802,12330.0,8823,7.4,1,0,0,0
1,debt_consolidation,0.1284,242.05,10.81985828,13.17,702,10259.95833,19434,43.2,2,0,0,0
1,home_improvement,0.1253,301.2,11.4294569,20.3,722,4446.958333,42813,0.0,2,0,0,1
1,all_other,0.1496,207.87,11.20504069,18.43,662,5517.0,14417,82.9,0,0,0,0
1,home_improvement,0.1347,542.77,12.25486281,14.93,707,6359.958333,46392,81.1,1,0,0,0
1,all_other,0.1505,190.81,10.66904841,12.7,667,3719.958333,1953,57.4,2,1,0,0
1,credit_card,0.0932,191.69,11.1124479,19.45,747,7409.958333,42518,68.9,2,0,0,0
1,all_other,0.0932,191.69,10.95080655,11.56,777,6810.0,14650,24.5,5,0,0,0
1,small_business,0.1253,167.34,11.56171563,23.9,707,7500.0,70432,89.3,0,0,0,0
1,small_business,0.1221,666.3,11.69524702,8.22,782,6450.0,3606,4.5,0,0,0,0
1,all_other,0.1505,260.19,12.36563722,15.01,672,7500.0,82153,88.1,0,0,0,0
1,all_other,0.1442,51.58,11.23537852,11.4,677,3510.0,457,18.0,0,0,0,0
1,debt_consolidation,0.1505,294.88,9.998797732,13.75,672,1740.0,11131,57.7,1,0,0,1
1,major_purchase,0.1253,187.42,10.46310334,14.43,702,8130.958333,15341,40.2,1,0,0,1
1,all_other,0.1126,312.21,11.1844214,3.73,747,2070.0,700,14.6,7,0,0,0
1,all_other,0.1316,303.94,10.59663473,9.66,727,4019.958333,1813,27.1,1,0,1,0
1,debt_consolidation,0.1347,244.25,11.39075783,12.83,687,3510.0,28767,74.9,1,0,0,0
1,major_purchase,0.1505,156.12,11.31447453,11.56,667,3630.0,0,0.0,1,2,1,0
1,debt_consolidation,0.1411,329.46,10.71441777,22.48,682,2309.958333,13575,73.8,0,0,0,1
1,debt_consolidation,0.1347,284.95,11.03488966,13.53,692,3990.0,9631,74.7,3,0,0,0
1,small_business,0.1347,814.15,11.51292546,7.25,737,2160.0,5,0.2,3,0,0,0
1,credit_card,0.1379,511.14,10.96819829,11.07,707,3120.0,15166,94.8,2,0,0,0
1,home_improvement,0.1442,55.02,10.15424627,12.98,692,1260.0,0,0.0,0,0,1,0
1,all_other,0.1221,333.15,9.952277717,8.46,717,1829.958333,6711,53.3,1,0,0,0
1,small_business,0.1316,413.69,10.08580911,11.35,707,2130.0,4850,53.9,1,0,0,1
1,all_other,0.1158,528.22,12.61153775,7.6,697,4214.0,41491,60.9,0,0,0,0
1,debt_consolidation,0.1379,238.53,10.20359214,21.91,697,3180.0,7494,94.9,0,0,0,0
1,debt_consolidation,0.1411,676.02,11.08214255,18.85,702,8250.0,11667,33.1,1,0,0,1
1,all_other,0.1347,169.62,11.28983191,3.67,697,5100.0,3048,33.9,0,1,0,0
1,credit_card,0.1316,506.56,11.20504069,18.87,727,9450.0,49542,54.6,2,0,0,0
1,debt_consolidation,0.0932,319.47,10.47344963,19.88,762,2760.0,12255,24.2,0,0,0,0
1,small_business,0.0932,63.9,11.06663836,12.04,742,2760.0,0,0.0,0,0,0,0
1,small_business,0.1442,171.92,11.58084576,1.96,697,2669.958333,4233,46.0,0,0,0,1
1,debt_consolidation,0.1411,164.3,10.50232405,14.67,672,1394.0,8038,51.5,0,0,0,0
1,all_other,0.0932,255.58,11.81303006,5.18,752,5010.0,79821,37.1,0,0,0,0
1,all_other,0.1189,663.28,10.70548914,17.33,772,9119.958333,22828,21.4,1,0,0,0
1,all_other,0.1379,681.51,11.84220043,7.12,712,5100.0,7629,25.3,0,0,0,0
1,debt_consolidation,0.0768,124.77,10.54534144,13.45,802,4560.0,3199,7.4,0,0,0,0
1,all_other,0.1253,836.66,11.65268741,1.39,762,2160.0,30215,49.6,1,0,0,1
1,debt_consolidation,0.1379,170.38,10.43857643,5.69,692,5159.958333,445,89.0,2,0,0,0
1,all_other,0.08,313.37,11.00209984,0.36,792,2520.0,1858,12.7,0,0,0,0
1,debt_consolidation,0.1568,420.02,10.73630972,4.04,667,3389.958333,7805,41.9,0,0,0,0
1,all_other,0.0963,385.14,11.22524339,14.93,757,4109.958333,2300,11.3,0,0,0,0
1,credit_card,0.1379,436.17,11.59910316,24.88,702,5280.0,39311,85.8,0,0,0,0
1,small_business,0.0768,194.95,10.66895539,21.43,797,4049.958333,2094,7.7,1,0,0,0
1,debt_consolidation,0.1632,353.14,10.77895629,20.55,672,4799.958333,3996,97.5,0,0,1,1
1,all_other,0.1095,170.12,11.30220443,10.34,692,8948.0,25972,89.6,1,0,0,0
1,small_business,0.16,527.36,10.81977828,7.92,702,4139.958333,5918,98.6,1,0,0,1
1,credit_card,0.1189,238.79,10.69203582,6.98,712,5040.0,9144,25.5,0,0,0,0
1,all_other,0.1189,198.99,11.15625052,7.23,722,2249.958333,4965,53.4,0,0,0,0
1,credit_card,0.1284,336.18,11.7905572,2.0,712,9209.958333,3462,21.6,0,0,0,0
1,educational,0.1474,172.69,10.95080655,9.81,687,6120.0,3335,45.1,2,0,0,1
1,major_purchase,0.1221,199.89,10.59663473,0.6,747,3779.958333,297,5.8,0,0,0,0
1,debt_consolidation,0.1568,210.01,10.858999,23.35,667,3870.0,7160,62.3,1,0,0,0
1,debt_consolidation,0.1316,432.26,11.03488966,3.74,707,2339.958333,6214,20.8,0,0,0,0
1,debt_consolidation,0.1253,560.56,10.71441777,22.45,712,4139.958333,11860,45.1,1,0,0,0
1,debt_consolidation,0.1379,170.38,10.4487146,7.41,697,12390.0,693,23.1,1,0,0,0
1,debt_consolidation,0.1632,141.26,11.48246626,20.89,667,5669.958333,34008,98.3,0,0,0,0
1,debt_consolidation,0.1474,414.45,10.93489109,3.87,677,1829.958333,7810,37.5,1,0,0,0
1,debt_consolidation,0.1316,405.25,11.33857208,9.4,702,3299.958333,15127,45.6,0,0,1,0
1,debt_consolidation,0.1316,324.2,10.69194491,5.21,702,13770.0,7491,71.3,0,1,0,0
1,credit_card,0.1537,684.73,10.84534856,11.72,687,5939.958333,43620,92.9,0,0,0,0
1,credit_card,0.1474,442.08,11.22524339,14.96,692,3270.0,24769,90.1,2,1,0,0
1,debt_consolidation,0.08,222.49,11.08220409,13.25,757,6510.0,4409,12.4,3,0,0,0
1,debt_consolidation,0.1411,313.2,11.51292546,24.34,692,13410.0,46268,92.9,1,1,0,1
1,credit_card,0.1189,414.55,11.00209984,14.68,737,4230.0,12663,34.4,1,0,0,0
1,debt_consolidation,0.1537,139.39,10.23995979,23.83,672,1139.958333,4071,78.3,0,0,0,0
1,debt_consolidation,0.1682,533.43,11.98292909,22.57,682,3600.041667,15214,68.7,0,2,0,0
1,home_improvement,0.1095,654.28,11.11167148,18.89,777,8909.958333,12683,18.1,0,0,0,0
1,home_improvement,0.1568,385.02,11.15625052,14.97,662,12539.95833,9649,50.5,0,0,0,1
1,debt_consolidation,0.1635,706.59,11.51288546,20.93,677,4863.0,22739,59.5,0,0,0,0
1,home_improvement,0.08,150.42,11.03488966,1.2,787,6689.958333,3473,10.7,4,0,0,0
1,all_other,0.1284,336.18,10.77895629,4.0,707,3181.0,7350,13.8,3,1,0,0
1,debt_consolidation,0.1474,690.74,11.26446411,15.51,687,8580.0,19367,49.9,2,0,0,0
1,all_other,0.1253,401.6,10.49127422,24.6,712,4109.958333,13376,33.9,2,0,0,0
1,educational,0.1347,379.94,11.71095632,14.28,722,5601.958333,0,0.0,1,1,0,1
1,small_business,0.0963,433.28,10.89673933,18.2,757,4431.958333,18116,40.7,0,0,0,0
1,debt_consolidation,0.0768,165.32,10.33946893,0.58,812,6959.958333,1674,8.8,1,0,0,0
1,all_other,0.1316,50.66,10.30895266,10.44,682,8220.0,10926,72.4,2,1,0,0
1,all_other,0.1442,192.55,10.38899537,6.09,672,2279.958333,3805,48.8,2,0,0,0
1,credit_card,0.1221,333.15,11.22524339,11.02,712,5760.0,9484,83.9,0,0,0,0
1,debt_consolidation,0.1726,150.3,10.66895539,12.31,662,2669.958333,9753,95.9,1,0,0,0
1,small_business,0.1411,410.75,11.42954386,7.63,692,1979.958333,752,2.5,2,2,0,1
1,all_other,0.1505,138.77,9.998797732,19.75,667,2341.958333,555,3.9,2,1,0,0
1,all_other,0.1568,328.14,10.59663473,14.1,662,2669.958333,4485,25.8,0,2,0,1
1,credit_card,0.0932,263.57,10.5865844,24.45,757,8970.0,29576,41.1,2,0,0,0
1,debt_consolidation,0.1442,481.36,10.52268675,22.13,682,3329.958333,1840,26.7,1,0,0,0
1,home_improvement,0.1253,560.56,11.00209984,8.56,727,6599.958333,25409,38.1,0,0,0,0
1,debt_consolidation,0.1726,687.06,10.97934285,9.78,677,3482.0,20732,96.0,0,0,0,0
1,debt_consolidation,0.1221,266.52,11.1844214,9.87,782,4829.958333,54855,10.8,0,0,0,0
1,all_other,0.08,156.69,11.27720313,0.5,782,7622.0,33,0.2,2,0,0,0
1,all_other,0.0737,543.3,11.67419361,8.61,762,3570.0,3524,8.7,2,0,0,0
1,major_purchase,0.1221,149.92,10.78931908,16.7,712,2430.0,5198,41.6,2,0,0,0
1,all_other,0.0932,255.58,10.81408209,14.99,762,3600.0,1575,21.9,0,0,0,0
1,debt_consolidation,0.1682,675.68,10.81977828,18.41,667,4890.041667,9246,85.6,2,0,1,0
1,debt_consolidation,0.1537,209.08,11.38531934,13.24,662,5489.958333,24214,68.0,0,0,0,0
1,all_other,0.0932,159.74,10.75363848,5.05,792,5430.0,1767,14.7,0,0,0,0
1,debt_consolidation,0.0788,375.37,11.60823564,16.27,762,4793.0,12311,24.9,2,0,0,0
1,small_business,0.1347,407.08,11.28978191,23.83,692,6390.0,8762,31.9,3,0,0,0
1,small_business,0.1316,290.43,10.73639668,7.98,702,3881.0,553,2.8,1,0,0,0
1,credit_card,0.1379,68.16,10.88025231,18.07,692,3329.958333,16306,95.9,0,0,0,0
1,all_other,0.1442,55.02,8.998136761,19.14,682,3779.958333,2816,93.9,2,0,0,0
1,all_other,0.0963,144.43,10.54534144,0.82,747,6870.0,752,27.9,1,0,0,1
1,debt_consolidation,0.1442,524.34,11.00209984,20.64,712,4529.958333,51790,96.1,1,0,0,1
1,debt_consolidation,0.1537,519.21,10.59653473,16.89,662,3809.958333,15586,83.3,0,0,0,0
1,all_other,0.16,140.63,9.775654181,1.7,677,1350.0,301,8.9,0,0,0,0
1,debt_consolidation,0.1189,596.96,11.1844214,22.3,747,3689.958333,23518,32.9,2,0,0,0
1,all_other,0.1537,174.24,10.54534144,0.32,702,3090.0,260,10.4,1,0,0,0
1,all_other,0.1505,867.29,11.69524702,3.26,712,3844.0,3173,6.2,1,1,0,0
1,all_other,0.1537,313.62,10.46310334,6.27,712,1199.958333,8534,29.3,2,0,0,0
1,debt_consolidation,0.1253,234.27,10.12647109,21.08,717,3299.958333,4702,61.9,1,0,0,0
1,debt_consolidation,0.16,457.05,10.67359577,11.08,672,2939.958333,2350,63.5,0,0,0,0
1,small_business,0.0932,287.53,11.62625415,0.43,802,5460.0,1074,3.9,1,0,0,0
1,debt_consolidation,0.1474,138.15,10.16600565,14.72,672,3480.0,2229,58.7,3,0,0,0
1,home_improvement,0.0963,320.95,10.6454249,1.14,752,1859.958333,974,4.5,1,0,0,0
1,all_other,0.16,351.58,11.38504664,11.85,662,2639.958333,12125,69.3,2,0,0,0
1,small_business,0.1565,699.73,11.00209984,20.74,742,6692.0,24030,82.9,3,0,0,0
1,all_other,0.1663,354.7,10.16585182,4.62,687,1229.958333,5785,54.6,1,0,0,1
1,all_other,0.1442,51.58,11.00209984,12.04,667,3719.958333,2287,47.6,1,0,0,1
1,credit_card,0.1316,216.13,11.28978191,17.16,697,4950.0,22630,53.9,1,0,0,0
1,all_other,0.1379,306.68,11.28978191,0.09,697,2853.0,3230,10.3,0,1,0,0
1,all_other,0.08,313.37,12.10071213,7.26,772,13830.0,22141,15.2,1,0,0,0
1,debt_consolidation,0.0963,449.32,11.73606902,7.81,747,7530.0,17649,58.1,0,0,0,0
1,all_other,0.0963,307.31,10.95073637,10.72,717,1440.0,8305,26.9,0,0,0,0
1,credit_card,0.1411,684.58,11.60823564,13.18,702,5579.958333,25277,80.8,0,1,0,0
1,debt_consolidation,0.0768,86.56,9.823361508,4.55,762,4590.0,1223,6.6,1,0,0,0
1,debt_consolidation,0.1411,123.23,10.51867319,3.31,697,3659.958333,3437,90.4,1,1,0,0
1,small_business,0.1284,504.27,11.35040654,11.92,722,5489.958333,27662,73.4,0,0,0,0
1,debt_consolidation,0.1505,143.97,9.392661929,5.8,682,1260.0,1950,67.2,0,0,0,0
1,small_business,0.1411,123.23,10.30895266,0.04,727,6239.958333,1,0.0,0,0,1,0
1,debt_consolidation,0.1316,67.55,10.1266311,9.55,687,5249.958333,635,42.3,0,0,0,1
1,debt_consolidation,0.1537,334.53,11.15625052,17.04,667,5580.958333,22875,86.0,0,0,0,0
1,credit_card,0.0963,320.95,10.77895629,13.8,742,5249.958333,9660,60.4,2,0,0,0
1,debt_consolidation,0.0768,249.53,10.81977828,11.59,722,2130.0,9287,27.9,2,0,0,0
1,debt_consolidation,0.0932,255.58,10.69194491,15.16,762,9300.0,24142,49.4,0,0,0,0
1,home_improvement,0.1347,223.89,10.54534144,11.34,687,1650.0,2415,14.3,2,0,0,0
1,debt_consolidation,0.08,313.37,11.3736634,4.9,797,5899.958333,33850,57.9,3,0,0,0
1,home_improvement,0.0774,280.97,11.77535127,1.68,777,5352.958333,6638,40.7,0,0,0,0
1,major_purchase,0.1537,95.83,11.28978191,3.55,687,1410.0,64,1.2,1,0,0,0
1,small_business,0.1663,425.64,11.47210347,15.46,672,5219.958333,24249,97.0,1,1,0,0
1,all_other,0.08,282.03,10.95080655,9.62,772,5969.958333,57033,29.8,0,0,0,0
1,educational,0.0963,48.15,10.08580911,9.8,757,1619.958333,0,0.0,0,0,0,0
1,all_other,0.1253,117.14,11.75978554,19.28,702,11309.95833,16146,54.4,3,0,0,1
1,major_purchase,0.1189,198.99,10.46321762,11.55,737,1889.958333,1003,43.6,2,0,0,0
1,all_other,0.1284,201.71,10.35774282,5.83,742,11069.95833,7699,69.4,1,0,0,1
1,debt_consolidation,0.1442,226.93,10.30895266,11.08,697,1199.958333,6593,55.9,2,0,0,0
1,major_purchase,0.1505,104.08,10.63585545,18.95,662,2370.0,4285,44.6,3,1,0,0
1,debt_consolidation,0.1322,676.02,11.26446411,0.65,727,1698.958333,5142,27.2,0,0,0,1
1,debt_consolidation,0.1253,127.18,10.51856508,12.36,732,3749.958333,168,56.0,0,0,0,0
1,debt_consolidation,0.1284,215.16,10.1266311,15.07,702,2430.0,4072,23.8,0,0,0,0
1,debt_consolidation,0.1632,439.66,10.66886237,12.5,667,1470.0,7722,82.1,2,0,0,0
1,home_improvement,0.1284,672.36,10.6454249,1.49,752,3900.0,1954,6.4,5,0,0,0
1,debt_consolidation,0.1253,133.87,11.31442574,20.91,702,4590.0,36462,81.0,1,0,0,0
1,educational,0.1253,602.4,11.58988651,11.67,727,8220.0,14191,61.2,1,0,0,0
1,all_other,0.0737,111.77,10.694079,12.38,772,2010.0,1060,8.6,2,0,0,0
1,debt_consolidation,0.08,188.02,10.57131693,6.65,752,2880.0,4487,11.1,0,0,0,0
1,debt_consolidation,0.1189,281.9,10.71441777,17.04,732,3719.958333,14439,32.2,1,0,0,0
1,all_other,0.1189,50.58,11.5002049,8.12,677,3359.958333,36192,84.6,0,0,0,1
1,all_other,0.1284,168.09,10.97002421,0.23,767,3630.0,11,0.1,0,0,0,1
1,debt_consolidation,0.1221,333.15,10.46310334,9.53,717,3540.0,9985,52.3,0,0,0,0
1,home_improvement,0.1379,272.61,12.06155541,2.44,687,5377.0,14324,53.4,2,0,0,0
1,major_purchase,0.1442,51.58,10.93596004,19.85,672,4320.0,15198,84.0,0,0,0,0
1,all_other,0.0963,481.42,10.77895629,12.57,712,8159.958333,10,0.1,0,0,0,0
1,debt_consolidation,0.1663,141.0,11.47210347,18.46,682,11490.0,39502,87.6,0,0,0,0
1,debt_consolidation,0.1284,504.27,10.91508846,14.99,712,6629.958333,9483,57.8,0,0,0,0
1,all_other,0.0963,304.9,10.91508846,9.16,747,7049.958333,28962,66.9,0,0,0,0
1,all_other,0.0768,124.77,10.49957302,0.93,742,1919.958333,1410,67.1,0,0,0,0
1,all_other,0.1442,110.03,10.57131693,3.82,687,1859.958333,6039,28.1,2,0,0,0
1,debt_consolidation,0.16,421.89,10.81985828,11.33,662,2730.0,11660,67.0,2,0,0,0
1,all_other,0.1189,497.46,11.77528973,7.31,747,3150.0,9642,30.0,0,0,0,0
1,all_other,0.08,31.34,10.1266311,9.26,742,1979.958333,3106,31.4,0,0,0,0
1,all_other,0.08,175.49,11.22524339,13.31,782,5490.0,0,0.0,1,0,0,0
1,debt_consolidation,0.1221,399.78,11.00209984,17.32,727,3990.0,19817,61.4,2,0,0,0
1,credit_card,0.1221,326.49,11.17043516,10.48,722,6390.0,9630,36.6,0,0,1,0
1,all_other,0.1411,246.45,10.66886237,13.62,702,3449.958333,1621,40.5,1,0,0,0
1,all_other,0.1189,212.25,11.00209984,1.62,797,9120.958333,3391,6.2,2,0,0,0
1,all_other,0.08,188.02,11.28978191,7.75,757,3059.958333,12454,29.8,0,0,0,0
1,small_business,0.1221,116.61,11.12732181,17.82,727,6719.958333,53059,89.9,3,0,0,0
1,debt_consolidation,0.1474,345.37,11.73610102,9.34,677,5762.0,12403,39.8,2,1,0,0
1,all_other,0.0768,155.96,10.37349118,15.0,782,3485.0,695,8.2,0,0,0,0
1,small_business,0.1221,273.19,10.4341158,8.72,732,3480.0,6383,48.7,1,0,0,0
1,all_other,0.1392,109.24,11.1844214,2.2,677,5550.0,2596,12.5,3,0,0,0
1,debt_consolidation,0.1284,252.14,10.46321762,21.36,707,3419.958333,10638,61.8,0,0,0,0
1,all_other,0.1474,41.45,9.814656339,2.56,687,1470.0,1716,71.5,0,0,0,0
1,all_other,0.1379,85.19,10.15812977,14.93,677,5430.0,1838,73.5,0,0,0,0
1,home_improvement,0.0932,319.47,12.01971897,15.02,752,12033.0,56153,44.3,1,0,0,0
1,debt_consolidation,0.1316,287.05,10.37349118,3.9,697,2250.958333,9172,44.7,0,0,0,0
1,debt_consolidation,0.1316,202.63,11.15625052,23.91,692,2130.0,22713,43.1,1,0,0,0
1,all_other,0.1284,33.62,10.08580911,24.35,687,3480.0,2533,38.4,0,0,1,0
1,small_business,0.0932,95.85,10.08580911,0.95,762,6544.0,1870,5.5,0,0,0,0
1,all_other,0.0768,187.15,12.20609265,5.61,712,3840.0,7926,49.8,3,0,0,0
1,all_other,0.08,250.69,10.52002363,12.63,712,5219.958333,12269,19.3,2,0,0,0
1,debt_consolidation,0.1284,181.54,10.46310334,23.07,707,1499.958333,7828,23.9,2,0,0,0
1,debt_consolidation,0.1347,305.31,11.1844214,12.85,687,3510.0,8081,58.1,0,1,0,0
1,debt_consolidation,0.0932,255.58,11.08214255,1.94,782,4650.0,3845,25.6,0,0,0,0
1,debt_consolidation,0.1221,499.73,11.29725393,3.48,742,6780.0,11774,44.4,0,0,0,0
1,debt_consolidation,0.16,285.66,11.08214255,15.88,702,5549.958333,21438,90.6,1,0,1,1
1,debt_consolidation,0.08,156.69,10.91501573,7.53,762,5219.958333,6576,25.2,0,0,0,0
1,home_improvement,0.1568,192.51,11.12726298,11.42,662,3779.958333,10311,88.9,0,1,1,0
1,debt_consolidation,0.1411,198.53,11.35040654,4.62,687,2010.0,6419,45.5,0,0,0,0
1,home_improvement,0.1221,666.3,11.66137995,9.22,807,7439.958333,0,0.0,2,0,0,0
1,debt_consolidation,0.1284,605.13,10.31374118,12.74,727,3510.0,22099,84.7,0,0,0,0
1,credit_card,0.2086,902.54,11.69065315,20.92,667,6300.041667,45414,98.3,0,1,0,0
1,all_other,0.0768,77.98,11.05089001,14.74,747,7079.958333,27222,42.9,1,0,0,0
1,debt_consolidation,0.0963,346.62,11.58058411,9.41,737,10170.0,4229,7.1,0,0,0,0
1,small_business,0.1474,268.53,10.4341158,13.59,677,2040.0,22556,73.0,0,0,0,0
1,credit_card,0.1221,506.39,10.858999,19.32,737,3991.0,32709,53.6,0,0,0,0
1,all_other,0.1221,263.19,10.81977828,7.25,737,4109.958333,2140,6.0,3,0,0,0
1,all_other,0.0963,192.57,11.17883639,9.49,777,3419.958333,257,3.6,0,0,0,0
1,all_other,0.1379,238.53,11.15625052,21.53,682,1890.958333,8299,58.9,0,0,0,0
1,debt_consolidation,0.0932,325.86,11.57119437,0.17,767,4409.958333,9943,10.9,0,0,0,0
1,debt_consolidation,0.08,313.37,10.34817337,7.62,772,3510.0,944,19.7,2,0,0,1
1,debt_consolidation,0.1537,139.39,9.996431298,1.91,662,2760.0,370,21.8,1,0,0,0
1,debt_consolidation,0.1189,464.3,10.37349118,17.81,737,5790.0,4577,16.2,2,0,0,0
1,debt_consolidation,0.16,215.34,11.1123882,16.25,667,4859.958333,5636,49.9,2,1,0,0
1,debt_consolidation,0.1316,202.63,10.7701888,20.02,687,3240.0,18634,70.6,1,0,0,0
1,credit_card,0.1379,115.86,11.05089001,20.11,692,3990.0,18212,56.4,1,0,0,0
1,all_other,0.0963,115.54,11.31812639,0.58,762,1499.958333,849,1.9,0,0,0,0
1,educational,0.1221,233.21,9.210340372,0.0,717,1334.0,0,0.0,2,0,0,0
1,all_other,0.1253,200.8,10.89673933,6.36,742,2790.0,1510,50.3,1,0,0,0
1,all_other,0.0737,111.77,10.6454249,6.57,772,4529.958333,2521,22.1,0,0,0,0
1,debt_consolidation,0.08,238.16,10.40426284,12.29,777,8310.0,1805,8.7,2,0,0,0
1,debt_consolidation,0.0963,481.42,11.22524339,24.5,787,6540.0,5544,11.3,0,0,0,0
1,debt_consolidation,0.1758,790.73,12.21602298,14.03,667,3540.0,31008,79.8,3,0,0,1
1,small_business,0.1221,266.52,10.46310334,1.3,732,1652.0,2722,36.8,2,0,0,0
1,debt_consolidation,0.1189,397.97,11.46154796,1.92,742,6904.0,14989,25.0,1,0,0,0
1,home_improvement,0.1379,340.76,10.49127422,12.3,732,8130.958333,6729,97.5,1,0,0,1
1,debt_consolidation,0.1474,448.98,10.46310334,16.39,677,2790.0,21124,87.3,3,0,0,0
1,all_other,0.1568,367.52,11.00209984,14.42,677,5490.0,24151,61.1,3,0,0,0
1,debt_consolidation,0.1316,506.56,10.34174248,13.16,757,6450.0,4923,70.3,2,0,0,0
1,debt_consolidation,0.1411,513.44,11.05089001,22.67,702,3150.0,26803,92.7,0,0,0,0
1,educational,0.1284,228.61,9.903487553,14.58,687,2249.0,7783,84.6,0,0,0,0
1,debt_consolidation,0.0932,415.31,11.40756495,8.51,782,4230.0,9957,29.6,0,0,0,0
1,all_other,0.08,250.69,11.51288546,4.32,712,7109.958333,5262,28.4,0,1,0,0
1,small_business,0.1221,533.04,10.96819829,7.49,772,3719.958333,10144,15.6,0,0,0,0
1,all_other,0.0963,256.76,10.83958091,0.24,792,3389.958333,132,6.6,3,0,0,0
1,small_business,0.1316,515.0,11.1844214,17.68,722,5310.0,6759,0.0,3,0,0,0
1,credit_card,0.0932,76.68,10.90595598,4.69,737,5609.958333,2184,72.1,1,0,0,0
1,home_improvement,0.1347,508.84,10.6454249,14.34,712,4559.958333,8644,47.0,0,0,0,0
1,credit_card,0.0963,102.71,10.63933496,19.58,717,8340.0,6479,38.1,1,0,0,0
1,home_improvement,0.08,338.43,11.81303006,6.82,792,4710.0,10232,19.1,2,0,0,0
1,debt_consolidation,0.1442,343.83,10.91508846,23.41,682,3419.958333,20344,86.0,0,0,0,0
1,small_business,0.1316,378.23,11.06350847,4.25,732,5219.958333,8897,19.1,3,0,0,1
1,credit_card,0.1442,469.33,11.06563786,22.43,682,3510.0,34847,68.1,1,1,0,0
1,home_improvement,0.1316,324.2,9.998797732,16.36,732,4139.958333,11246,93.7,0,0,0,0
1,credit_card,0.1379,163.57,11.25609586,16.93,677,4980.0,19146,33.9,3,0,0,0
1,all_other,0.1253,334.67,11.40756495,20.4,762,12209.95833,28872,21.1,1,0,0,0
1,all_other,0.1189,149.24,10.87221892,13.03,722,2729.958333,850,14.2,0,1,0,0
1,all_other,0.0963,449.32,11.22524339,1.94,812,3389.958333,45050,6.4,0,0,0,0
1,educational,0.16,112.51,9.903487553,6.3,677,1259.958333,1715,39.9,0,0,0,0
1,credit_card,0.08,156.69,10.4341158,15.85,767,10170.0,5748,12.3,0,1,0,0
1,all_other,0.1189,165.82,10.11633831,6.69,717,8489.958333,9764,22.7,3,0,0,0
1,debt_consolidation,0.0932,95.85,10.87804719,11.34,782,5279.958333,722,3.2,0,0,0,0
1,credit_card,0.1474,621.67,10.93310697,16.33,682,3270.0,18451,65.2,2,0,0,0
1,educational,0.1411,136.92,11.22524339,15.63,672,4469.958333,6855,53.6,0,0,0,0
1,credit_card,0.1221,346.48,11.32962743,13.81,722,3150.0,17610,76.9,0,0,0,0
1,credit_card,0.1189,58.04,10.8620712,2.65,712,8819.958333,3002,5.1,3,1,0,0
1,credit_card,0.0932,247.59,11.30220443,13.11,757,6090.0,18540,29.6,0,0,0,0
1,debt_consolidation,0.1758,503.19,11.36210258,21.93,662,3570.0,18991,95.0,0,0,1,0
1,debt_consolidation,0.1347,165.38,10.53209621,21.09,692,3510.0,10800,54.3,1,0,0,0
1,home_improvement,0.1189,464.3,11.58988651,11.34,732,3719.958333,47016,37.1,0,0,0,0
1,debt_consolidation,0.1347,254.42,11.08214255,13.75,722,7140.0,40310,66.7,1,0,0,0
1,all_other,0.1347,409.62,11.63539085,10.02,707,4169.958333,20460,39.8,1,0,0,0
1,home_improvement,0.0963,256.76,10.71441777,1.28,777,2550.0,25,0.1,0,0,0,0
1,educational,0.1568,87.51,10.3768605,23.88,667,1499.958333,8072,92.8,1,0,0,1
1,debt_consolidation,0.1726,521.56,12.10071213,12.12,677,6961.0,67579,61.0,0,1,0,0
1,credit_card,0.1347,271.39,10.55093105,12.59,687,3420.958333,5545,60.9,3,0,1,1
1,debt_consolidation,0.1347,106.01,10.81977828,21.62,682,11429.95833,13427,30.0,0,0,0,0
1,debt_consolidation,0.1316,324.2,10.46310334,16.15,697,4204.0,14852,79.4,0,0,0,0
1,credit_card,0.0963,481.42,10.6666271,10.49,777,6329.958333,4963,15.8,0,0,0,0
1,all_other,0.1379,67.3,11.33260191,13.42,677,5579.958333,11386,55.0,2,2,1,0
1,debt_consolidation,0.0932,223.63,10.30895266,11.8,737,2160.0,5842,30.9,1,0,0,0
1,debt_consolidation,0.1316,317.44,10.96812932,24.31,712,6359.958333,23802,59.2,1,0,0,1
1,small_business,0.1158,594.25,11.49272276,5.08,752,3994.0,7921,14.2,0,0,0,0
1,credit_card,0.1474,55.26,9.210340372,18.12,667,1710.0,5704,80.3,0,0,0,0
1,all_other,0.0963,224.66,10.77895629,10.35,757,5519.958333,2108,10.9,1,0,0,0
1,all_other,0.1284,67.24,9.61580548,15.28,707,1290.0,1545,18.6,1,0,0,0
1,debt_consolidation,0.1316,405.25,10.44278401,23.06,687,3719.958333,5244,27.5,1,1,0,0
1,credit_card,0.0932,383.37,10.89673933,6.58,787,5340.0,5300,31.2,0,0,0,0
1,debt_consolidation,0.1347,678.46,10.6454249,19.89,722,4169.958333,20563,97.0,0,0,0,0
1,all_other,0.0932,95.85,10.71441777,17.04,737,4950.0,2009,14.3,0,0,0,0
1,home_improvement,0.1253,167.34,10.87804719,14.08,707,3809.958333,12053,87.3,3,0,0,0
1,home_improvement,0.0932,239.61,10.858999,22.83,757,5010.0,1447,6.9,3,0,0,0
1,credit_card,0.0963,417.23,10.93310697,6.81,747,3719.958333,21456,27.7,1,0,0,0
1,small_business,0.1095,327.14,11.08214255,11.72,737,2766.958333,1208,3.5,2,0,0,0
1,credit_card,0.16,878.94,12.06681058,15.43,687,5249.958333,35010,65.7,1,0,1,0
1,debt_consolidation,0.1379,579.29,10.81977828,16.0,707,3210.0,17613,76.6,2,0,0,0
1,small_business,0.16,158.21,10.37349118,17.48,672,1320.0,1404,93.6,3,0,0,0
1,credit_card,0.08,172.35,11.00874438,22.45,752,4234.0,14026,51.4,0,0,0,0
1,all_other,0.0963,32.1,8.612503371,3.71,767,1650.0,566,8.6,0,0,0,0
1,debt_consolidation,0.1411,616.12,10.91508846,14.49,692,2580.958333,19976,81.2,2,0,0,0
1,all_other,0.0963,96.29,10.30895266,0.68,717,2820.0,893,38.8,0,0,0,0
1,all_other,0.1379,170.38,10.79949394,0.73,687,8549.958333,2987,49.8,0,0,0,0
1,all_other,0.1189,198.99,11.3736634,19.38,727,5609.958333,42987,89.0,1,0,0,1
1,debt_consolidation,0.1726,629.81,11.17717297,11.65,667,4799.958333,27914,88.6,0,2,0,0
1,credit_card,0.08,101.85,10.59663473,10.26,747,7560.0,18467,30.9,3,0,0,0
1,all_other,0.1537,348.47,11.23848862,12.55,667,1407.0,5466,42.4,2,0,0,0
1,all_other,0.1316,324.2,11.6351431,0.0,737,8429.958333,17533,95.8,0,0,0,0
1,all_other,0.0768,99.81,10.95960979,9.24,747,3120.0,3176,22.7,1,0,0,0
1,credit_card,0.1158,792.33,11.39184199,22.69,752,4889.958333,27806,32.3,1,0,0,0
1,all_other,0.08,282.03,11.31208142,8.98,777,10019.95833,38216,50.4,0,0,0,0
1,all_other,0.1287,807.2,12.10342002,15.35,722,2940.0,89832,43.6,1,0,0,0
1,all_other,0.0932,185.3,10.6454249,9.97,712,5639.958333,2953,88.0,0,0,0,0
1,home_improvement,0.1126,690.13,12.50617724,7.26,757,7739.958333,129705,62.0,2,0,0,0
1,small_business,0.1189,472.59,11.38452375,12.2,752,4889.958333,39,0.3,3,0,0,0
1,home_improvement,0.0768,109.17,11.05089001,18.46,752,7799.958333,2733,7.6,0,0,0,0
1,debt_consolidation,0.1253,359.77,10.12647109,14.74,697,1979.958333,15175,53.2,3,0,0,0
1,all_other,0.1379,136.31,9.903487553,24.72,682,2579.958333,7231,95.1,0,0,0,0
1,major_purchase,0.0768,46.79,10.04342339,4.33,747,4620.0,2413,10.3,2,0,0,0
1,debt_consolidation,0.1221,99.95,10.30895266,9.88,702,5040.0,5431,86.2,2,0,0,1
1,debt_consolidation,0.1426,140.66,10.30895266,15.84,667,4709.958333,3825,83.2,3,0,0,0
1,debt_consolidation,0.0963,385.14,11.5228758,15.15,752,4350.0,19326,25.0,2,0,0,0
1,debt_consolidation,0.1411,684.58,12.15477935,21.4,682,5430.0,12531,30.1,2,0,0,0
1,credit_card,0.0963,224.66,11.54334797,16.33,732,6218.0,28365,44.7,1,0,0,0
1,home_improvement,0.1253,133.87,10.858999,1.34,742,1770.0,2386,11.3,4,0,0,1
1,small_business,0.1221,359.81,10.30895266,0.4,762,1800.0,256,0.4,2,0,0,0
1,debt_consolidation,0.1218,319.68,10.71441777,3.84,752,1982.041667,0,0.0,5,0,0,0
1,all_other,0.1221,283.18,10.1266311,18.48,702,3313.0,2284,4.7,2,2,0,1
1,home_improvement,0.1253,93.71,10.77895629,10.63,752,2070.0,185,1.3,1,0,0,0
1,credit_card,0.0768,109.17,11.49272276,10.1,752,4414.0,78031,44.1,0,0,0,0
1,small_business,0.1126,492.95,11.42954386,9.57,732,6090.0,13119,11.8,0,0,0,0
1,all_other,0.1158,825.34,11.1844214,5.88,752,3480.0,8898,29.1,1,0,0,1
1,debt_consolidation,0.1126,279.34,10.1266311,18.82,712,2850.0,10579,47.2,1,0,0,0
1,all_other,0.0963,96.29,10.858999,6.83,722,5040.0,2936,43.2,1,1,0,0
1,debt_consolidation,0.1284,268.95,11.08980542,17.11,702,5173.958333,7095,54.6,2,0,0,0
1,small_business,0.16,281.26,11.15625052,17.21,752,4380.0,26596,35.6,7,0,0,0
1,all_other,0.0932,95.85,10.37361617,2.92,732,6126.0,1836,27.0,1,0,0,0
1,debt_consolidation,0.1158,792.33,10.75798798,14.53,747,5370.0,17524,32.4,2,0,0,0
1,credit_card,0.0963,192.57,11.22524339,18.67,732,5700.0,7849,40.5,1,0,0,0
1,small_business,0.1126,65.73,10.51867319,0.91,742,1559.958333,1219,10.3,2,0,0,0
1,educational,0.1158,290.52,11.53566495,10.71,707,4680.0,52141,73.3,1,0,0,0
1,debt_consolidation,0.1158,297.13,10.68510338,14.03,707,6090.0,7693,72.6,3,0,0,1
1,credit_card,0.0963,96.29,11.22524339,6.18,722,3600.0,25055,78.1,1,0,0,0
1,debt_consolidation,0.0932,223.63,11.00209984,8.34,747,3960.0,3337,20.2,1,0,0,0
1,debt_consolidation,0.1347,237.46,10.858999,9.65,692,3678.0,17349,63.3,0,0,0,0
1,home_improvement,0.0963,80.24,10.49127422,22.1,717,3990.0,2307,46.1,0,0,0,0
1,debt_consolidation,0.1537,871.16,11.16902571,17.69,697,5639.958333,25700,92.2,0,0,0,0
1,debt_consolidation,0.1316,337.71,11.81303006,9.98,682,5760.0,24810,71.3,3,1,0,0
1,debt_consolidation,0.1095,425.28,10.84099168,5.69,757,6810.0,13625,41.2,0,0,0,0
1,all_other,0.1126,32.87,10.96819829,15.41,707,5279.958333,16302,71.8,3,0,0,0
1,home_improvement,0.1095,163.57,11.35035948,6.54,712,1979.958333,1496,17.2,2,0,0,0
1,debt_consolidation,0.0932,364.2,11.58988651,5.48,787,4499.958333,22602,36.3,1,0,0,0
1,all_other,0.1158,99.05,10.81977828,3.89,732,1650.0,9,0.2,1,0,0,0
1,debt_consolidation,0.1253,184.07,10.34161344,15.21,687,1800.0,3795,32.7,0,0,0,0
1,small_business,0.1221,283.18,10.91508846,23.26,697,3029.958333,6130,37.6,0,0,0,0
1,credit_card,0.1474,797.8,12.01370075,20.67,697,6719.958333,80602,91.7,0,0,0,1
1,home_improvement,0.1379,681.51,11.65268741,16.57,687,3329.958333,71046,51.7,0,0,0,0
1,debt_consolidation,0.1221,166.58,10.08580911,14.05,692,8769.0,5122,73.2,0,0,1,1
1,all_other,0.1095,49.08,11.48242502,7.56,707,5130.0,9906,46.1,0,0,0,0
1,credit_card,0.1126,492.95,11.8493977,13.52,747,4919.958333,29790,15.6,0,0,0,0
1,all_other,0.1221,299.84,10.46310334,23.17,697,4620.0,3723,39.4,0,0,1,1
1,debt_consolidation,0.1221,333.15,10.93310697,12.64,702,7500.0,5745,35.9,2,0,1,0
1,credit_card,0.1253,334.67,10.97164063,22.95,697,2609.958333,16047,78.7,0,0,0,0
1,small_business,0.1347,305.31,10.4392204,9.83,702,7290.0,4475,87.7,3,0,1,0
1,home_improvement,0.08,313.37,10.81985828,1.03,807,3390.958333,2161,13.2,0,0,0,0
1,major_purchase,0.1316,121.58,10.1266311,9.79,697,1680.0,1898,34.5,3,0,0,0
1,debt_consolidation,0.1158,429.18,10.96819829,9.43,722,4320.0,12174,59.6,1,0,0,0
1,all_other,0.0963,385.14,11.19547123,9.26,752,2969.958333,4087,23.4,0,0,0,1
1,all_other,0.08,188.02,10.91508846,13.11,787,4321.0,66430,3.2,0,0,0,0
1,home_improvement,0.1253,259.37,10.71441777,11.01,767,2580.0,1786,4.3,7,0,0,0
1,all_other,0.1221,233.21,9.61580548,2.4,717,1320.0,3956,38.8,0,0,0,0
1,debt_consolidation,0.1126,607.98,11.21446552,8.73,742,3570.0,19892,17.3,0,0,0,0
1,major_purchase,0.08,219.36,10.69098991,16.27,757,5249.958333,14335,35.3,0,0,0,1
1,debt_consolidation,0.1095,327.14,10.40092394,24.88,727,3726.958333,10462,33.9,1,0,0,0
1,debt_consolidation,0.1474,697.65,10.32127641,10.19,692,2940.0,20167,89.6,0,0,0,0
1,all_other,0.0963,160.48,11.15619338,16.17,732,7680.0,9604,38.1,0,1,0,0
1,all_other,0.1189,165.82,10.77895629,10.25,702,2940.0,723,30.1,3,0,1,0
1,debt_consolidation,0.1253,435.07,11.33857208,17.0,702,4950.0,14750,66.1,1,0,0,0
1,debt_consolidation,0.0963,38.52,10.95080655,16.67,717,2190.0,1203,14.9,3,0,0,1
1,major_purchase,0.1284,235.33,10.59653473,8.52,707,3150.0,311,6.8,1,0,0,0
1,credit_card,0.1189,414.55,11.1844214,0.25,767,7409.958333,193,0.5,2,0,0,0
1,all_other,0.1253,167.34,11.04285783,8.95,687,2790.0,3730,66.6,1,0,0,0
1,all_other,0.0768,265.13,10.25765937,2.23,712,1499.958333,2204,19.2,0,0,0,0
1,debt_consolidation,0.1221,106.61,10.22557105,14.0,687,3981.0,3243,24.0,2,0,0,0
1,small_business,0.0963,481.42,11.8493977,10.13,782,15089.95833,3991,9.5,1,0,0,1
1,small_business,0.1158,396.17,10.59663473,11.07,717,7230.0,17495,60.3,0,1,0,0
1,debt_consolidation,0.1221,266.52,10.97780715,4.94,692,4079.958333,8232,42.4,3,0,0,0
1,all_other,0.1126,460.09,10.86650919,18.16,727,2910.0,17558,52.7,0,0,0,0
1,all_other,0.0932,332.25,11.35040654,5.41,757,5549.958333,21244,24.7,0,2,0,0
1,debt_consolidation,0.0963,104.31,8.987196821,13.8,722,4380.0,5136,34.9,2,0,0,1
1,credit_card,0.1126,410.8,10.858999,12.21,732,3180.0,12568,57.7,2,0,0,0
1,all_other,0.1253,334.67,10.818177,3.37,717,2626.0,8158,31.5,0,0,0,0
1,debt_consolidation,0.1253,281.12,10.77895629,17.95,687,4590.0,12964,72.4,1,0,0,0
1,debt_consolidation,0.1537,296.2,10.29282328,20.65,682,4351.0,11987,98.3,1,0,1,0
1,debt_consolidation,0.1126,295.77,10.08163374,13.76,722,5400.0,6255,34.4,0,0,0,0
1,all_other,0.1095,261.71,10.04966366,14.46,727,3510.0,7251,25.6,1,0,0,1
1,all_other,0.1221,106.61,9.61580548,16.88,692,2070.0,6115,43.1,3,0,0,1
1,debt_consolidation,0.1284,605.13,11.20504069,7.69,717,3217.0,4724,78.7,0,0,0,0
1,home_improvement,0.1316,229.64,11.69107165,3.07,692,9929.958333,4820,67.9,1,0,1,0
1,educational,0.1189,99.5,11.00209984,12.06,692,3749.958333,7482,59.9,1,1,0,0
1,small_business,0.1221,666.3,11.15625052,18.46,737,9840.0,5801,11.8,0,0,0,0
1,debt_consolidation,0.1284,336.18,11.03495418,19.49,692,5219.958333,10890,57.0,2,0,0,0
1,debt_consolidation,0.1126,591.54,11.69524702,5.99,767,6689.958333,15371,41.7,4,0,0,1
1,small_business,0.1411,855.73,12.07254125,17.75,707,4260.0,76237,44.5,2,0,0,1
1,home_improvement,0.1284,53.79,10.56100756,2.46,682,3180.0,2076,83.0,1,0,0,0
1,educational,0.1253,209.17,11.69524702,6.73,687,7869.958333,8186,65.0,2,3,0,0
1,credit_card,0.08,156.69,11.68687877,15.76,767,11099.95833,54960,24.4,3,0,0,0
1,all_other,0.1126,402.58,10.23981692,14.7,682,1619.958333,7120,31.9,0,0,0,0
1,all_other,0.1537,501.79,10.70772878,12.59,722,6840.0,19887,99.4,0,0,0,0
1,debt_consolidation,0.1392,408.79,11.00209984,23.14,702,7889.958333,15481,96.1,1,0,0,0
1,credit_card,0.1347,288.35,11.73606902,14.86,692,8010.0,27648,95.5,0,0,0,0
1,debt_consolidation,0.1221,373.13,10.41930072,5.55,702,2130.0,14499,33.4,1,0,0,0
1,home_improvement,0.1095,490.71,11.08214255,5.7,762,3809.958333,2471,15.1,0,0,0,0
1,all_other,0.1126,262.91,10.12647109,0.34,747,6689.958333,350,1.7,1,0,0,1
1,major_purchase,0.1221,149.92,9.798127037,9.27,727,7560.0,2143,85.7,1,0,0,0
1,home_improvement,0.1158,825.34,11.56171563,13.36,752,4980.0,16101,36.9,2,0,0,0
1,debt_consolidation,0.1284,484.1,11.01856357,10.21,697,5310.0,4057,28.4,0,0,0,0
1,home_improvement,0.1347,325.66,11.70006042,13.99,677,5817.0,19358,31.4,2,0,0,0
1,home_improvement,0.0768,112.29,11.00209984,0.5,757,3029.958333,2599,9.9,2,0,0,0
1,credit_card,0.1221,199.89,10.81134281,23.11,692,3540.0,22811,59.9,1,0,0,1
1,debt_consolidation,0.1379,613.36,10.81977828,12.91,687,5430.0,6072,83.2,3,0,1,0
1,educational,0.0751,217.77,10.54534144,17.43,747,1681.041667,2701,9.1,0,0,0,0
1,all_other,0.1158,528.22,11.44678566,8.64,727,8789.958333,67595,68.8,0,0,0,0
1,all_other,0.0963,256.76,11.15630766,7.56,737,3359.958333,9226,58.0,1,0,0,0
1,all_other,0.1316,50.66,10.6454249,17.26,672,3457.958333,2694,72.8,1,0,1,1
1,debt_consolidation,0.1284,268.95,10.49127422,8.8,692,1979.958333,3756,85.4,0,0,0,0
1,credit_card,0.0963,96.29,10.858999,12.0,742,4020.0,5689,30.0,5,0,0,0
1,debt_consolidation,0.1253,174.03,10.1266311,12.34,697,4529.958333,7548,53.9,1,0,0,0
1,all_other,0.1221,99.95,10.91501573,11.89,697,2651.958333,3503,30.5,0,0,0,0
1,debt_consolidation,0.1158,396.17,10.82972862,17.8,717,3329.958333,6908,51.9,1,0,0,0
1,home_improvement,0.1474,690.74,11.70501582,15.58,687,10619.95833,33287,44.6,1,1,0,0
1,all_other,0.1189,636.75,11.46163217,7.58,732,3720.958333,14006,20.3,0,0,0,0
1,major_purchase,0.1126,131.46,10.91508846,2.62,742,1537.958333,4109,23.2,0,0,0,0
1,all_other,0.1189,397.97,11.07293102,0.41,742,3119.958333,411,1.9,1,0,0,0
1,all_other,0.0963,96.29,10.71441777,5.36,742,2279.958333,10222,75.3,2,0,0,0
1,all_other,0.1221,183.24,10.4341158,18.0,697,1710.0,5931,31.2,0,0,0,0
1,educational,0.1095,91.6,10.08580911,4.15,737,2669.958333,1085,4.1,2,0,0,0
1,small_business,0.1189,505.76,11.40756495,9.44,737,3029.958333,5137,24.2,0,0,0,1
1,debt_consolidation,0.1126,476.52,11.28983191,10.18,732,4799.958333,25807,48.1,0,0,0,0
1,all_other,0.16,84.38,8.476371197,5.0,702,1320.0,299,99.7,0,0,0,0
1,credit_card,0.1221,692.95,11.15625052,16.94,752,6467.0,14337,46.7,0,0,0,0
1,all_other,0.0932,89.46,10.1266311,23.28,742,2279.958333,2426,21.3,1,0,0,0
1,home_improvement,0.1461,34.48,10.6593278,17.75,677,11217.95833,12161,95.8,1,0,0,0
1,debt_consolidation,0.1253,184.07,10.91348718,17.55,682,7590.0,19279,59.5,1,0,0,0
1,debt_consolidation,0.1189,306.77,11.08214255,16.28,747,5204.958333,10111,23.7,6,1,0,0
1,small_business,0.1442,171.92,10.46310334,3.26,677,1229.958333,4685,27.6,0,0,0,0
1,all_other,0.1505,69.39,9.67501734,20.51,687,2040.0,4898,98.0,0,0,0,0
1,all_other,0.0963,96.29,10.95080655,8.21,727,6029.958333,2239,4.3,1,0,0,0
1,credit_card,0.0768,155.96,11.69524702,7.03,782,5707.0,2660,23.7,0,0,0,0
1,small_business,0.1411,367.97,10.3072846,14.98,672,3389.958333,26333,77.2,0,0,0,0
1,credit_card,0.1347,101.77,10.77895629,7.08,682,1320.0,2660,66.5,0,0,0,0
1,all_other,0.1284,255.5,10.71441777,0.0,757,1410.0,0,0.0,0,0,0,1
1,all_other,0.1189,378.07,11.08214255,16.52,712,3150.0,2324,16.4,3,1,0,0
1,home_improvement,0.1158,82.54,10.95080655,19.87,697,4590.0,17125,39.1,3,0,0,0
1,credit_card,0.1379,654.25,11.74799759,11.43,687,5310.0,11043,55.8,0,2,0,0
1,all_other,0.08,125.35,11.46163217,5.99,777,11970.0,31270,48.1,0,0,0,0
1,all_other,0.1379,170.38,10.91508846,19.11,672,2309.958333,21391,87.6,1,0,0,0
1,debt_consolidation,0.1158,495.21,11.22524339,21.06,722,4919.958333,44880,61.0,3,0,0,0
1,debt_consolidation,0.1189,716.35,10.98529272,6.69,747,2580.0,2357,3.4,2,0,0,0
1,educational,0.0932,319.47,10.59663473,5.37,767,4290.0,9580,31.5,0,0,0,0
1,major_purchase,0.1158,118.85,10.40426284,23.6,712,1651.958333,10018,48.2,2,0,0,0
1,debt_consolidation,0.0963,385.14,11.71993963,8.52,752,4079.958333,14732,26.0,1,0,0,0
1,all_other,0.1158,396.17,11.46167427,3.57,717,2160.0,14927,39.4,0,0,0,0
1,credit_card,0.1158,184.88,10.5454467,17.78,712,2460.0,4440,87.1,1,0,0,0
1,debt_consolidation,0.1379,306.68,10.74720759,6.76,672,10471.0,7589,51.6,0,0,0,0
1,debt_consolidation,0.1126,407.51,10.69638957,7.96,722,3749.958333,12656,71.9,0,0,0,0
1,small_business,0.1316,506.56,10.81977828,15.36,707,4559.958333,11078,50.6,0,0,0,0
1,debt_consolidation,0.0768,212.1,10.54828447,22.98,772,3686.0,3041,7.7,3,0,0,0
1,home_improvement,0.08,313.37,11.12197846,6.72,782,6299.958333,3022,16.4,1,0,0,0
1,major_purchase,0.0768,112.29,10.71441777,2.0,762,2940.0,3309,14.3,2,0,0,0
1,all_other,0.1095,98.15,10.30895266,13.32,707,3059.958333,7099,36.0,0,0,0,0
1,all_other,0.0932,191.69,10.858999,12.48,742,3420.958333,9608,26.8,0,0,0,0
1,home_improvement,0.1126,328.64,10.4341158,14.93,722,4980.0,9528,35.8,1,0,0,0
1,all_other,0.0932,223.63,10.59653473,0.3,747,1649.958333,1127,11.7,0,0,0,0
1,debt_consolidation,0.0932,204.46,10.59663473,24.0,737,5430.0,30540,54.3,0,0,0,0
1,all_other,0.1158,297.13,11.00209984,15.72,732,1680.0,23,0.1,1,0,0,0
1,debt_consolidation,0.1347,576.69,11.08214255,7.03,687,2880.0,18053,40.6,2,0,0,0
1,debt_consolidation,0.08,206.82,10.59663473,12.39,757,7980.0,11092,39.6,0,0,0,0
1,home_improvement,0.1635,254.37,11.31447453,8.97,662,6329.958333,10085,33.5,3,0,0,0
1,debt_consolidation,0.1126,105.17,10.59653473,0.72,797,4949.958333,24,8.0,5,0,0,0
1,debt_consolidation,0.1316,159.57,9.680344001,14.55,697,3449.958333,8085,93.5,0,0,0,0
1,debt_consolidation,0.1411,308.06,10.81985828,8.21,672,3449.958333,19696,86.8,1,0,0,1
1,credit_card,0.0932,159.74,11.21182037,14.43,742,4590.0,1082,32.8,0,0,0,0
1,all_other,0.1253,234.27,11.13750448,6.2,722,4139.958333,0,0.0,0,1,0,0
1,all_other,0.1095,147.22,10.62132735,13.26,717,2190.0,3596,33.0,3,0,0,0
1,debt_consolidation,0.1316,506.56,11.12732181,7.01,697,4650.0,14380,48.9,1,0,0,0
1,debt_consolidation,0.1311,506.18,11.35040654,8.24,697,3205.041667,10670,82.7,0,0,0,0
1,credit_card,0.1411,684.58,11.1844214,23.62,687,2622.958333,30738,76.8,0,0,0,0
1,home_improvement,0.1126,821.59,11.33857208,7.0,772,7170.0,6024,39.9,3,0,0,1
1,debt_consolidation,0.1189,198.99,10.81977828,9.77,697,4590.0,15377,50.6,1,0,0,0
1,credit_card,0.1158,184.88,11.08214255,16.84,707,3749.958333,31983,58.3,0,0,0,0
1,small_business,0.1189,663.28,10.78103746,10.55,792,5022.0,53287,0.2,5,0,0,1
1,all_other,0.1126,315.49,10.59653473,23.52,717,3359.958333,8405,42.6,2,0,0,1
1,debt_consolidation,0.1379,306.68,11.00209984,20.5,682,6810.0,18454,83.9,1,0,0,0
1,all_other,0.1095,327.14,11.35035948,3.81,777,9420.0,0,0.0,1,0,0,0
1,credit_card,0.1221,199.89,11.77528973,15.14,687,13140.0,1000,71.4,2,3,0,0
1,debt_consolidation,0.1126,558.68,11.08220409,4.41,762,6570.0,1878,7.2,0,0,0,0
1,educational,0.1442,221.77,10.34174248,20.48,672,2070.0,18065,87.7,0,0,0,0
1,debt_consolidation,0.1284,487.46,10.54534144,18.66,697,4921.958333,13168,76.6,1,0,0,0
1,credit_card,0.1189,530.63,11.12726298,4.29,712,3059.958333,10601,75.7,2,0,0,0
1,all_other,0.1189,315.06,11.08214255,13.85,707,2190.0,10468,52.3,1,0,0,0
1,debt_consolidation,0.1189,563.79,10.71441777,19.44,722,3660.0,9583,38.5,3,0,0,0
1,credit_card,0.0963,96.29,10.99036458,9.59,717,2969.958333,3221,10.1,1,2,0,0
1,educational,0.1126,591.54,11.95632841,7.34,762,3749.958333,70526,14.3,1,0,0,0
1,educational,0.0932,151.75,9.740968623,18.28,737,2430.0,842,6.4,2,0,0,0
1,all_other,0.08,156.69,11.08214255,3.77,752,4230.0,8946,44.1,1,0,0,0
1,debt_consolidation,0.1316,108.07,10.75790288,11.0,672,3900.0,3371,48.2,1,0,0,1
1,all_other,0.0963,385.14,10.49127422,15.0,752,5880.0,20328,38.1,0,0,0,1
1,educational,0.1253,117.14,10.49127422,16.23,692,1559.958333,3146,40.3,2,0,0,0
1,small_business,0.1158,237.7,11.35040654,0.41,757,4770.0,1533,16.3,2,0,0,0
1,credit_card,0.1474,189.96,11.50962001,14.35,667,3330.0,18659,91.0,0,0,0,0
1,debt_consolidation,0.1158,330.14,11.03488966,24.62,727,9091.0,22607,57.4,0,0,0,0
1,major_purchase,0.0932,143.77,11.52682837,6.86,737,6031.958333,2061,5.0,0,1,0,0
1,debt_consolidation,0.16,351.58,10.49127422,20.2,662,4169.958333,25274,93.6,0,0,0,0
1,all_other,0.08,188.02,10.59663473,13.23,752,3960.0,11965,58.9,0,0,0,0
1,debt_consolidation,0.0932,319.47,10.07323033,10.08,747,3540.0,8596,29.7,0,0,0,0
1,all_other,0.1221,133.26,9.271999752,13.54,747,1289.958333,21,0.2,0,0,0,0
1,debt_consolidation,0.1411,444.98,11.06663836,19.03,687,4020.0,17902,94.7,0,0,0,0
1,debt_consolidation,0.1126,394.36,11.44518181,15.38,727,5370.0,79083,67.3,2,0,0,0
1,home_improvement,0.1158,132.06,10.89673933,3.44,707,3540.0,4833,27.6,1,0,0,0
1,small_business,0.1632,346.08,10.81977828,12.41,677,2850.0,13840,80.9,2,0,0,0
1,debt_consolidation,0.1189,596.96,11.3736634,19.71,717,3089.958333,25525,58.4,0,0,0,0
1,debt_consolidation,0.0768,155.96,10.30895266,7.72,777,8250.0,14263,21.0,0,0,0,0
1,home_improvement,0.1158,495.21,10.37349118,4.8,762,2369.958333,15531,43.1,5,0,0,0
1,all_other,0.0932,287.53,11.56171563,20.33,762,5340.0,18590,22.2,0,0,0,0
1,debt_consolidation,0.1095,327.14,12.34583459,5.4,727,11910.0,10501,33.0,0,0,1,0
1,debt_consolidation,0.0963,449.32,11.59910316,13.06,762,7739.958333,46017,9.4,3,1,0,0
1,all_other,0.1158,165.07,10.77895629,0.38,747,3510.0,536,7.8,3,0,0,0
1,credit_card,0.1284,201.71,10.46310334,24.27,687,1619.958333,6088,40.3,1,0,0,0
1,all_other,0.0768,187.15,10.73639668,16.43,777,3839.958333,6694,8.7,2,0,0,0
1,debt_consolidation,0.0963,465.37,11.23321156,15.41,747,5669.958333,5270,27.6,0,0,0,0
1,home_improvement,0.1284,403.42,11.56171563,9.77,687,5048.0,2670,33.4,2,0,0,0
1,debt_consolidation,0.1726,465.2,10.81977828,16.08,662,3180.0,27431,83.1,1,0,0,0
1,all_other,0.1379,102.23,11.00209984,2.18,697,8766.0,5824,64.7,1,1,0,0
1,debt_consolidation,0.1347,542.77,11.60827201,21.82,687,5015.0,64362,47.7,0,0,0,0
1,all_other,0.0932,204.46,11.60823564,0.0,802,7260.0,3006,6.8,0,0,0,0
1,debt_consolidation,0.1221,666.3,11.00209984,23.44,717,4949.958333,44887,82.1,1,0,0,0
1,small_business,0.1126,315.49,10.91508846,2.9,742,7019.958333,7832,75.3,3,0,0,0
1,home_improvement,0.1284,672.36,11.91839057,10.18,707,6629.958333,22139,43.8,1,0,0,0
1,all_other,0.1284,188.27,10.30895266,2.08,687,4139.958333,3859,38.6,3,0,0,1
1,small_business,0.1158,396.17,12.52452638,8.2,717,7469.958333,71644,73.3,0,0,0,0
1,all_other,0.0932,159.74,10.20359214,1.56,782,7829.958333,1303,23.7,0,0,0,0
1,major_purchase,0.1253,160.64,10.1266311,12.53,692,2850.0,19939,69.7,2,0,0,0
1,debt_consolidation,0.1095,376.21,10.64026877,20.42,737,3119.958333,5989,33.6,0,0,0,0
1,credit_card,0.08,250.69,10.91508846,13.51,772,3089.958333,8507,13.0,2,0,0,0
1,all_other,0.0963,128.38,11.46163217,7.87,722,7890.0,5961,13.4,2,1,0,0
1,all_other,0.1316,607.87,10.71774556,18.82,692,1979.958333,17833,66.1,1,0,0,0
1,all_other,0.1316,236.4,10.50506754,22.32,702,4859.958333,15394,95.8,1,0,0,0
1,all_other,0.0894,222.41,9.621787552,12.17,757,4470.0,6103,34.5,2,0,0,1
1,debt_consolidation,0.1537,348.47,10.59663473,24.21,662,1728.0,13212,71.0,1,0,0,0
1,educational,0.1189,66.33,10.06845099,1.27,702,2884.0,1610,19.9,2,0,1,1
1,home_improvement,0.1442,82.52,12.07823927,9.69,662,7680.0,85359,72.0,0,1,0,0
1,educational,0.08,75.21,10.89673933,12.42,747,3059.958333,3501,7.6,1,0,0,0
1,educational,0.08,31.34,10.30895266,9.04,742,3449.958333,1928,7.4,2,0,0,0
1,home_improvement,0.1316,506.56,12.3883942,0.94,742,8459.958333,15083,45.7,2,0,0,0
1,credit_card,0.1379,224.9,10.57131693,23.19,667,2279.958333,8799,55.1,0,0,0,0
1,home_improvement,0.0932,89.46,11.00209984,10.1,782,5613.958333,3185,2.9,1,0,0,0
1,small_business,0.1316,151.97,10.96819829,2.13,692,2040.0,4824,38.3,0,0,0,0
1,all_other,0.1316,135.09,10.71441777,20.64,692,1440.0,13708,76.6,1,0,0,0
1,all_other,0.1189,198.99,9.998797732,14.73,712,1619.958333,3001,53.6,1,0,0,0
1,debt_consolidation,0.1158,759.31,11.19547123,6.38,752,5309.958333,25051,30.1,0,0,0,0
1,major_purchase,0.1189,497.46,11.12431747,10.69,717,2880.0,9111,27.4,2,0,0,0
1,debt_consolidation,0.1347,508.84,11.21753375,11.24,687,3270.0,7432,53.9,0,0,0,0
1,debt_consolidation,0.1568,189.01,10.94130541,20.87,677,4050.0,10249,96.7,0,0,0,0
1,small_business,0.1411,205.38,11.51292546,2.48,667,2999.958333,4148,54.6,2,0,0,0
1,debt_consolidation,0.1158,726.3,11.35040654,19.82,742,5790.0,36112,71.2,3,0,0,0
1,home_improvement,0.1568,533.78,11.02190247,10.98,717,9870.0,27174,39.3,1,0,0,1
1,debt_consolidation,0.1189,198.99,10.91508846,6.81,697,4559.958333,9720,40.3,0,0,0,0
1,small_business,0.1126,492.95,11.15625052,13.39,792,5669.958333,0,0.0,0,0,0,0
1,debt_consolidation,0.1379,408.91,10.79949394,18.64,682,4350.0,46817,92.3,1,0,1,1
1,educational,0.1126,59.16,10.08580911,8.6,722,1559.958333,2297,26.1,1,0,0,0
1,small_business,0.1379,558.84,11.19670673,17.43,682,3839.958333,23831,62.7,2,0,0,0
1,home_improvement,0.1189,431.14,11.40756495,2.64,727,3540.0,6040,27.1,2,0,0,0
1,debt_consolidation,0.0963,189.36,10.04324949,8.19,727,2309.958333,5898,57.8,0,0,0,0
1,home_improvement,0.1347,508.84,11.17049149,18.84,682,7920.0,34645,61.0,0,0,0,0
1,home_improvement,0.1253,502.0,11.56171563,13.78,707,4410.0,21702,46.7,3,0,0,0
1,debt_consolidation,0.1284,268.95,10.71441777,22.51,697,3540.0,13450,82.0,1,0,0,0
1,debt_consolidation,0.08,225.62,10.66886237,9.55,752,3180.0,9866,58.7,1,0,0,0
1,debt_consolidation,0.1095,163.57,10.08580911,13.45,742,9395.0,5274,65.9,0,0,0,0
1,debt_consolidation,0.1316,337.71,10.91537933,15.94,697,5340.0,14588,94.1,2,0,0,0
1,credit_card,0.1253,100.4,11.00049856,7.97,682,5370.0,24876,86.4,1,2,0,0
1,debt_consolidation,0.1426,686.12,11.40756495,22.81,687,4505.0,28619,74.3,1,0,1,1
1,credit_card,0.1126,328.64,11.19821472,6.94,737,6900.0,11821,33.0,0,0,0,0
1,debt_consolidation,0.1347,101.77,10.62132735,5.21,697,5639.958333,5805,80.6,0,0,1,0
1,debt_consolidation,0.1253,502.0,11.87059991,16.75,702,4799.958333,23252,68.6,1,0,0,0
1,major_purchase,0.0932,159.74,12.14950229,7.69,742,5999.958333,15732,38.0,1,0,0,0
1,credit_card,0.1442,388.53,10.94150022,22.29,667,3270.0,16672,72.5,0,0,0,0
1,debt_consolidation,0.1568,700.04,11.66992921,22.02,702,4889.958333,21873,75.2,0,0,0,0
1,all_other,0.1158,396.17,10.46307477,15.39,712,3930.0,16862,54.7,2,0,0,0
1,debt_consolidation,0.08,94.01,11.28978191,14.63,757,2040.0,2238,3.0,2,0,0,0
1,home_improvement,0.1221,399.78,11.01856357,18.89,707,4109.958333,17710,60.7,1,0,0,0
1,educational,0.0963,160.48,11.60823564,11.81,732,5309.958333,23658,46.8,2,0,0,0
1,all_other,0.0932,127.79,11.49272276,2.77,737,3479.958333,12535,20.0,0,0,0,0
1,all_other,0.1095,327.14,9.903887473,0.0,742,11146.95833,0,0.0,1,1,0,0
1,all_other,0.0963,320.95,10.97678203,24.57,762,8849.958333,23607,37.5,4,0,0,1
1,educational,0.0963,102.71,9.811372264,20.26,772,1771.0,6,0.3,0,0,0,0
1,credit_card,0.1158,115.55,10.46310334,14.47,702,2160.0,8716,51.0,0,0,0,0
1,all_other,0.1253,334.67,10.43399815,22.56,697,9629.958333,18212,72.6,1,0,0,1
1,all_other,0.1095,130.86,10.51867319,6.36,722,3690.0,15830,52.8,2,0,0,0
1,debt_consolidation,0.0932,319.47,10.6454249,22.18,762,9120.0,4022,20.6,0,0,0,0
1,all_other,0.1095,327.14,11.10495723,19.87,732,3419.958333,20545,43.2,2,0,0,0
1,all_other,0.1316,84.43,10.49127422,2.2,697,3570.0,2196,35.4,1,0,0,1
1,educational,0.0932,191.69,10.62132735,17.5,732,7049.958333,19391,68.0,0,0,0,0
1,debt_consolidation,0.1347,678.46,11.69524702,12.8,697,5639.958333,35214,81.0,2,0,0,0
1,all_other,0.1221,165.75,10.91508846,14.2,692,1830.0,5284,60.0,0,0,0,0
1,all_other,0.1189,198.99,10.1266311,12.67,727,1710.0,6371,23.1,1,0,0,0
1,debt_consolidation,0.0963,401.18,11.43820192,2.83,752,4799.958333,12363,17.8,1,0,0,0
1,debt_consolidation,0.1221,533.04,11.69524702,7.0,757,5880.0,9323,31.8,6,0,0,0
1,debt_consolidation,0.1284,319.38,11.25208005,8.57,692,2790.0,10573,39.7,2,0,0,0
1,all_other,0.1189,281.9,11.06657586,18.06,702,3349.958333,3948,11.2,3,0,0,0
1,all_other,0.1189,49.75,10.82972862,16.87,687,2314.958333,962,64.1,0,0,0,0
1,debt_consolidation,0.0932,319.47,11.09741002,13.73,752,4230.0,9956,27.1,0,0,0,0
1,major_purchase,0.1158,59.43,10.73630972,17.3,712,2369.958333,7634,89.8,0,0,0,0
1,home_improvement,0.1221,666.3,11.08214255,13.85,717,5730.0,5119,17.7,1,2,0,0
1,debt_consolidation,0.1253,502.0,11.36214909,9.45,702,9360.0,32239,55.5,0,1,0,0
1,credit_card,0.1126,377.93,11.00209984,24.22,732,4933.958333,21354,30.5,1,0,0,0
1,debt_consolidation,0.1253,836.66,13.45883561,9.64,727,6810.0,49139,86.0,0,0,0,0
1,educational,0.1505,60.71,9.210340372,15.84,677,2070.0,0,92.3,1,0,0,0
1,debt_consolidation,0.1126,492.95,11.00209984,14.86,732,4169.958333,16439,57.9,0,0,0,0
1,debt_consolidation,0.0963,308.11,10.62132735,6.85,762,4499.958333,12865,18.8,2,0,0,0
1,debt_consolidation,0.1411,82.15,9.998615898,10.47,672,4620.0,5873,93.2,1,0,0,0
1,debt_consolidation,0.1442,247.56,10.87804719,13.86,662,2970.0,16364,54.5,0,1,0,0
1,credit_card,0.1316,357.97,10.6454249,19.49,692,3479.958333,30869,60.1,0,0,0,0
1,debt_consolidation,0.1379,340.76,10.62132735,15.78,682,3180.0,8826,86.3,0,0,0,0
1,all_other,0.1322,40.57,11.21182037,9.75,672,4457.0,8396,55.2,0,1,0,0
1,all_other,0.1158,528.22,11.12136326,2.2,732,4740.0,6476,40.7,1,0,0,0
1,credit_card,0.1095,212.64,10.98529272,13.38,717,2070.0,6678,48.4,1,0,0,0
1,all_other,0.1316,118.2,9.83734775,20.83,672,4199.958333,11740,83.3,3,0,0,0
1,debt_consolidation,0.0932,319.47,10.6214249,7.43,752,4079.958333,11314,37.1,2,0,0,0
1,educational,0.1284,336.18,11.51292546,17.26,687,3243.0,6435,23.0,2,0,1,0
1,home_improvement,0.1095,588.85,10.89302875,6.69,797,3690.0,77,0.7,0,0,0,1
1,educational,0.1347,84.81,9.574983486,16.33,672,3150.0,1159,38.6,1,0,0,0
1,credit_card,0.1158,660.27,11.49935378,3.93,752,4229.958333,9873,9.2,1,0,0,1
1,all_other,0.1189,182.41,10.84941475,18.45,697,3419.958333,11812,67.9,1,0,0,0
1,debt_consolidation,0.0963,478.21,11.05089001,17.54,767,4589.958333,7504,14.9,0,0,0,0
1,debt_consolidation,0.0963,115.54,10.91501573,1.24,722,6359.958333,1919,19.8,2,0,1,0
1,major_purchase,0.1114,98.42,10.30895266,1.48,752,2010.041667,471,5.2,1,0,0,0
1,debt_consolidation,0.1474,207.23,11.35040654,15.02,667,5939.958333,36120,91.2,1,0,0,0
1,debt_consolidation,0.1537,317.11,10.55581274,4.97,662,2639.958333,10971,67.7,0,0,0,0
1,major_purchase,0.1253,257.69,11.47634446,13.43,692,3990.0,16343,81.3,2,0,0,0
1,small_business,0.1095,471.08,11.28983191,12.4,762,3065.958333,9,0.0,1,0,0,0
1,debt_consolidation,0.1221,374.8,11.15619338,19.01,717,4949.958333,16842,81.8,1,0,0,0
1,debt_consolidation,0.0963,417.23,10.95080655,20.74,777,6060.0,59544,26.5,2,0,0,0
1,all_other,0.1189,278.58,11.98292909,10.78,702,6990.0,62083,43.8,0,0,0,0
1,debt_consolidation,0.0932,191.69,11.00209984,11.32,777,3479.958333,0,0.0,1,0,0,0
1,educational,0.1253,83.67,9.903487553,1.62,707,1740.0,1371,21.4,2,0,0,0
1,all_other,0.1221,69.97,10.41930072,0.39,692,2312.958333,569,17.2,3,0,0,0
1,debt_consolidation,0.1379,190.83,10.46321762,12.89,687,1770.0,8364,48.1,1,0,0,1
1,all_other,0.1189,215.57,10.58456215,8.47,702,2160.0,7763,33.2,1,0,1,0
1,all_other,0.1253,267.73,10.4341158,21.85,687,2084.0,12806,38.6,1,0,0,1
1,all_other,0.1095,130.86,10.4341158,9.0,772,5969.958333,16142,38.1,0,0,0,0
1,debt_consolidation,0.1316,624.75,10.91508846,21.67,702,4229.958333,24983,63.7,1,0,0,1
1,all_other,0.1095,229.0,10.51867319,9.76,717,2160.0,9724,50.4,0,0,0,0
1,all_other,0.1126,39.44,11.00209984,5.38,717,5669.958333,27524,94.3,1,0,0,0
1,home_improvement,0.0932,319.47,10.96819829,0.0,797,4559.958333,87,0.5,0,0,0,0
1,debt_consolidation,0.1357,679.37,11.49272276,7.8,702,7746.0,24918,29.7,1,0,0,0
1,credit_card,0.1189,82.91,11.65268741,8.86,687,11789.95833,32812,48.3,0,0,0,0
1,all_other,0.1253,267.74,11.00209984,6.26,707,1776.0,0,0.0,0,0,0,0
1,debt_consolidation,0.1158,379.66,10.76308094,23.7,712,3330.0,12050,63.1,1,0,0,1
1,home_improvement,0.08,219.36,9.917390458,8.64,767,4529.958333,6332,24.3,0,0,0,0
1,educational,0.1253,60.24,10.40571633,13.62,677,3150.0,921,51.2,1,0,0,0
1,debt_consolidation,0.1126,328.64,11.22524339,20.06,717,4529.958333,3404,72.4,2,0,0,0
1,credit_card,0.08,225.62,10.98529272,8.95,757,8819.958333,14824,30.5,3,0,0,0
1,debt_consolidation,0.1221,299.84,11.28978191,11.4,692,2399.958333,22014,51.9,0,0,0,0
1,home_improvement,0.1496,866.16,11.69524702,16.28,702,7020.0,73257,60.0,0,0,0,0
1,debt_consolidation,0.0963,192.57,10.16585182,8.35,757,11297.0,17737,23.6,0,0,0,0
1,all_other,0.0963,282.43,11.09358453,4.89,757,4620.0,6055,31.9,0,0,0,0
1,debt_consolidation,0.1442,96.28,10.89673933,7.47,667,1492.0,3831,58.0,2,0,0,0
1,major_purchase,0.1379,51.12,10.87812266,9.51,662,4949.958333,22189,83.7,3,0,0,0
1,debt_consolidation,0.1221,333.15,10.77895629,18.35,707,3065.958333,11389,80.8,0,0,0,0
1,debt_consolidation,0.1221,333.15,10.56885235,8.3,717,2759.958333,7880,78.8,0,0,0,0
1,debt_consolidation,0.1221,519.72,10.81977828,4.06,707,3165.0,16594,55.3,1,0,0,0
1,debt_consolidation,0.1126,328.64,11.22524339,12.16,722,7859.958333,5389,28.1,0,0,1,0
1,debt_consolidation,0.1379,333.94,11.03488966,23.92,682,8969.958333,29330,57.3,0,0,0,1
1,all_other,0.1347,72.94,11.33857208,15.01,667,4050.0,27385,51.4,0,0,0,0
1,debt_consolidation,0.0932,255.58,11.60823564,0.46,792,6719.958333,2373,4.1,0,0,0,0
1,debt_consolidation,0.1442,343.83,11.00209984,3.68,667,14133.0,6383,30.1,1,2,0,0
1,debt_consolidation,0.1095,490.71,11.35040654,5.73,777,9240.958333,1842,2.3,0,0,0,0
1,all_other,0.1189,119.4,10.858999,15.02,697,2460.0,4689,47.4,3,0,0,0
1,debt_consolidation,0.1221,319.83,11.28978191,9.48,702,2399.958333,14612,78.1,2,0,0,0
1,debt_consolidation,0.1392,491.58,11.22524339,16.24,682,4140.041667,9950,58.9,3,0,0,0
1,debt_consolidation,0.1253,200.8,10.71441777,18.05,682,3210.0,5791,39.1,0,0,0,0
1,debt_consolidation,0.1158,478.7,10.51867319,21.7,712,5382.0,20680,25.5,0,0,0,1
1,debt_consolidation,0.1189,829.1,11.1844214,5.47,742,7200.0,8546,17.4,0,0,0,0
1,debt_consolidation,0.1221,466.41,10.81985828,14.66,722,4139.958333,11212,35.8,0,1,0,0
1,debt_consolidation,0.1284,430.31,10.83958091,8.85,697,3900.0,4759,21.2,0,0,0,0
1,all_other,0.1284,84.05,10.27505111,17.17,692,2940.0,1687,39.2,0,0,1,1
1,debt_consolidation,0.1347,468.14,10.40535315,13.98,697,3719.958333,15670,80.8,0,0,0,1
1,credit_card,0.1411,410.75,10.71441777,7.23,672,3900.0,13018,81.4,3,1,0,1
1,debt_consolidation,0.1253,635.86,11.33499426,10.54,717,7739.958333,30092,85.0,1,1,0,0
1,debt_consolidation,0.0768,187.15,11.09741002,8.04,777,11099.95833,53625,13.4,0,0,0,0
1,debt_consolidation,0.1284,361.4,10.59663473,13.2,692,3822.958333,21196,63.8,3,0,0,0
1,debt_consolidation,0.1189,198.99,11.15625052,7.15,692,2669.958333,5217,44.6,3,0,0,0
1,debt_consolidation,0.1347,237.46,9.85198371,14.66,672,2070.0,8896,80.1,0,0,0,0
1,credit_card,0.1284,524.44,11.13201637,6.73,697,2199.0,15712,84.3,0,0,0,0
1,debt_consolidation,0.1253,185.74,10.08580911,16.95,697,2759.958333,10192,92.7,0,0,0,0
1,all_other,0.1379,204.46,10.81985828,17.59,707,2100.0,8523,54.6,2,0,0,0
1,debt_consolidation,0.1189,497.46,11.15625052,19.61,717,3540.0,21694,82.2,0,0,0,0
1,major_purchase,0.1537,871.16,11.9251416,23.85,677,6419.958333,40741,50.3,3,0,0,1
1,debt_consolidation,0.1221,759.58,10.66895539,15.49,727,3330.0,19226,70.9,1,1,0,0
1,home_improvement,0.0932,191.69,9.85198371,17.94,737,7262.0,8962,40.7,1,0,0,0
1,debt_consolidation,0.1158,231.1,10.59663473,17.37,737,3029.958333,1089,13.8,0,0,1,0
1,debt_consolidation,0.1095,261.71,11.8493977,10.91,732,4980.0,40685,50.6,0,0,0,0
1,educational,0.1158,280.62,11.50764153,18.87,747,8340.0,57168,16.6,4,0,0,0
1,all_other,0.1158,165.07,10.30895266,19.96,712,1830.0,1833,41.7,0,0,0,0
1,credit_card,0.0963,320.95,11.00209984,15.7,742,5460.0,34679,57.6,0,0,0,0
1,debt_consolidation,0.1095,556.14,10.96819829,8.13,797,4800.0,18001,3.4,0,0,0,0
1,credit_card,0.1189,145.93,10.6454249,14.09,707,2745.958333,2759,14.6,2,0,0,1
1,debt_consolidation,0.0963,231.08,11.30220443,9.17,762,6299.958333,2392,47.8,2,0,0,0
1,credit_card,0.1442,385.09,11.14186178,16.42,672,2430.0,18514,82.3,0,0,0,0
1,all_other,0.1442,68.77,11.00209984,13.42,722,3930.0,26719,99.4,1,0,0,0
1,all_other,0.1474,863.42,13.30468493,1.03,702,5669.958333,26856,0.0,3,1,0,0
1,debt_consolidation,0.1316,303.94,11.28978191,12.71,682,1680.0,12641,55.7,3,0,0,0
1,debt_consolidation,0.1284,309.29,10.81985828,20.69,707,2970.0,22473,50.4,0,0,0,1
1,debt_consolidation,0.1189,99.5,10.34817337,7.35,687,2399.958333,2572,30.3,0,0,0,0
1,home_improvement,0.0737,46.57,10.91508846,13.57,787,4469.958333,14105,18.8,0,0,0,0
1,all_other,0.1411,111.25,10.04324949,23.65,677,3510.0,545,90.8,2,0,2,0
1,debt_consolidation,0.1726,536.77,12.10071213,9.49,672,2520.0,12108,57.1,0,0,0,1
1,home_improvement,0.0768,187.15,11.35035948,6.62,772,7200.0,20104,29.6,0,0,0,0
1,debt_consolidation,0.1189,79.6,10.96812932,24.39,692,5279.958333,18430,63.3,2,0,0,0
1,debt_consolidation,0.1095,314.06,11.03495418,15.21,732,4559.958333,6376,18.9,1,0,1,0
1,debt_consolidation,0.1126,558.68,11.21446552,22.5,742,5850.0,42106,56.3,3,0,0,0
1,credit_card,0.1322,202.81,10.30895266,5.2,682,1684.958333,6001,31.8,0,0,0,0
1,home_improvement,0.1442,859.57,12.61153775,1.48,702,5279.958333,28367,66.5,2,1,0,0
1,all_other,0.0768,187.15,11.46163217,9.61,777,10200.0,35306,28.2,2,0,0,0
1,debt_consolidation,0.1095,392.57,11.1844214,9.32,737,3669.0,22636,67.6,0,0,0,0
1,all_other,0.1347,84.81,11.5228758,13.76,682,10742.95833,45304,96.6,1,0,0,0
1,major_purchase,0.08,200.56,10.95416931,1.57,767,4020.0,4521,10.1,0,0,0,0
1,credit_card,0.1316,81.05,11.1844214,1.05,697,3630.0,1229,30.0,1,0,3,0
1,credit_card,0.1221,133.26,10.08580911,3.6,717,4139.958333,3155,67.1,0,0,0,0
1,credit_card,0.0963,224.66,10.62132735,13.79,732,2850.0,20571,49.6,0,0,0,0
1,debt_consolidation,0.1316,337.71,10.66895539,24.47,682,3180.0,10193,44.9,0,1,0,0
1,debt_consolidation,0.1474,207.23,11.13683468,12.57,682,7230.0,17133,66.7,2,1,0,1
1,all_other,0.1316,67.55,10.27518903,15.39,722,1140.0,604,30.2,2,0,0,0
1,debt_consolidation,0.1126,447.77,10.30895266,16.8,727,3330.0,15286,41.7,1,0,0,0
1,home_improvement,0.0932,159.74,11.54248427,6.56,737,8159.958333,27226,49.8,0,0,0,0
1,debt_consolidation,0.1284,268.95,11.15619338,17.3,687,2502.0,17461,61.1,2,0,0,0
1,debt_consolidation,0.1189,198.99,11.15625052,15.87,697,4499.958333,37138,73.4,1,0,0,1
1,credit_card,0.1189,143.44,10.71441777,13.73,737,7139.958333,4357,87.1,0,0,0,0
1,major_purchase,0.1095,130.86,11.02679245,18.15,717,3210.0,21885,34.0,1,0,0,0
1,debt_consolidation,0.1632,741.59,11.2771525,13.61,667,3389.958333,9090,72.7,1,0,0,0
1,debt_consolidation,0.1442,275.07,10.858999,6.88,667,3960.0,9760,66.8,0,0,0,1
1,all_other,0.0768,93.58,10.91508846,0.65,792,3479.958333,332,0.5,0,0,0,0
1,all_other,0.1189,198.99,11.40756495,22.03,692,11429.95833,58780,75.1,0,0,0,0
1,debt_consolidation,0.1221,253.2,11.00209984,2.08,727,2820.0,1763,25.2,1,0,0,0
1,educational,0.1316,57.41,9.546812609,10.11,697,3660.0,2246,97.7,2,0,0,0
1,small_business,0.1126,105.17,10.46310334,7.51,732,2070.0,997,24.3,0,0,0,0
1,home_improvement,0.1442,268.19,10.51856508,8.82,667,3240.0,9288,56.3,1,0,0,0
1,debt_consolidation,0.1379,136.31,10.71441777,13.6,687,1380.0,4318,86.4,3,0,0,0
1,all_other,0.0932,319.47,11.37600548,6.4,767,4380.0,1513,5.2,2,0,0,0
1,credit_card,0.1095,441.64,10.66895539,9.18,742,3690.0,28075,57.8,1,0,0,0
1,all_other,0.08,188.02,11.13453063,3.63,757,2790.0,508,6.1,0,0,0,0
1,debt_consolidation,0.1189,159.19,11.00209984,15.32,697,4949.958333,52275,33.7,0,0,0,0
1,all_other,0.1189,198.99,10.46310334,9.81,762,1140.0,147,2.4,0,0,0,0
1,small_business,0.0932,230.02,10.59663473,15.56,737,3540.0,1138,9.5,0,0,0,0
1,all_other,0.08,188.02,10.95080655,14.04,762,5609.958333,2081,10.1,1,0,0,0
1,educational,0.1221,199.89,11.29734077,21.17,687,4020.0,34866,70.1,1,0,0,0
1,home_improvement,0.0932,319.47,10.30895266,2.56,782,2339.958333,473,1.9,0,0,0,0
1,debt_consolidation,0.1189,159.19,10.62861778,18.65,707,5579.958333,4224,40.2,1,0,1,0
1,debt_consolidation,0.1221,666.3,11.1844214,14.63,727,4320.0,28585,60.8,0,0,0,1
1,debt_consolidation,0.1411,102.69,10.44348355,1.22,662,3449.958333,443,15.8,1,1,0,0
1,credit_card,0.1095,212.64,11.03488966,14.13,722,3089.958333,5339,20.1,0,0,0,0
1,credit_card,0.1505,346.92,12.07254125,5.99,662,3840.958333,6204,27.8,1,0,0,0
1,credit_card,0.1442,515.74,11.68687877,16.89,677,14191.0,71663,83.2,2,0,0,0
1,debt_consolidation,0.0894,95.32,9.903487553,1.8,747,3252.0,2087,50.9,1,0,0,0
1,debt_consolidation,0.0932,204.46,10.34894231,23.83,737,3960.0,6729,64.7,0,0,0,0
1,debt_consolidation,0.1158,396.17,10.56212093,14.47,712,2759.958333,10913,69.5,0,0,0,0
1,all_other,0.0768,155.96,11.69524702,1.27,772,4499.958333,5081,5.1,3,0,0,0
1,credit_card,0.1221,283.18,10.20359214,19.42,702,1800.0,12920,72.2,0,0,0,0
1,all_other,0.1158,165.07,9.687816016,10.57,722,1710.0,5308,40.2,0,0,0,0
1,credit_card,0.1189,132.66,9.903487553,24.54,697,3029.958333,14460,71.6,0,0,0,0
1,debt_consolidation,0.1316,337.71,9.952277717,3.89,697,1529.958333,10090,29.7,1,0,0,0
1,debt_consolidation,0.1284,537.89,11.28978191,17.16,702,5490.0,19306,70.2,2,0,1,0
1,home_improvement,0.0768,124.77,11.54481165,0.87,777,4410.0,5220,12.7,3,0,0,0
1,credit_card,0.1379,238.53,10.71441777,18.35,707,7170.0,12197,95.3,1,0,0,1
1,home_improvement,0.0932,293.91,10.86902549,19.63,782,7079.958333,1492,16.8,0,0,0,0
1,debt_consolidation,0.1095,235.54,11.46167427,7.01,717,12060.0,10147,31.7,3,0,0,0
1,all_other,0.1189,132.66,9.546812609,8.23,697,2100.0,3347,79.7,1,0,0,0
1,all_other,0.1379,136.31,11.16336799,8.19,712,4049.0,11352,98.7,2,0,0,1
1,debt_consolidation,0.1095,209.37,10.08580911,6.15,742,8370.0,8810,23.2,1,0,0,0
1,all_other,0.1357,154.56,11.77528973,17.46,682,4800.0,66461,90.1,0,0,0,0
1,small_business,0.1221,166.58,10.89673933,12.84,722,13020.0,5867,70.7,0,0,0,0
1,all_other,0.1221,113.28,11.89818787,22.56,702,4380.0,67843,91.8,0,0,0,1
1,home_improvement,0.0932,159.74,11.69194156,8.45,762,5609.958333,20334,25.5,4,0,0,0
1,educational,0.1189,82.91,9.809396629,19.18,697,1830.0,483,4.6,1,1,0,0
1,educational,0.0932,159.74,9.825526011,19.14,752,8640.0,11096,10.4,0,1,0,0
1,all_other,0.1284,235.33,9.574983486,3.0,707,1199.958333,3449,19.7,2,0,0,1
1,small_business,0.1474,552.59,10.81977828,18.53,672,4229.958333,3364,44.9,1,1,0,1
1,debt_consolidation,0.1316,445.77,11.00209984,7.26,697,3792.958333,10965,85.7,0,0,0,0
1,credit_card,0.1347,441.0,10.69194491,13.88,692,2554.0,21199,90.2,0,0,0,0
1,educational,0.1632,130.66,10.51867319,13.07,662,1501.0,5635,97.2,0,0,0,0
1,credit_card,0.1316,309.0,10.66895539,21.66,692,3089.958333,14299,79.4,0,0,0,0
1,debt_consolidation,0.0768,218.34,11.00209984,13.36,782,7739.958333,21054,21.4,1,0,0,0
1,credit_card,0.0932,383.37,10.81977828,6.84,777,7230.0,26050,26.1,0,0,0,0
1,major_purchase,0.08,156.69,10.6454249,5.09,807,6511.0,112,1.1,0,0,0,0
1,major_purchase,0.1126,312.21,10.6933984,19.04,757,7049.958333,336,4.7,1,0,0,0
1,all_other,0.1189,149.24,10.81977828,4.37,702,3571.0,1961,55.7,0,0,0,0
1,debt_consolidation,0.0963,320.95,11.51292546,18.23,737,4589.958333,21578,68.5,1,0,0,0
1,credit_card,0.1284,117.67,10.43998092,8.42,687,2399.958333,5174,89.2,1,0,0,0
1,debt_consolidation,0.1189,305.11,10.71441777,22.37,712,1890.0,8558,27.3,3,0,0,0
1,debt_consolidation,0.0932,223.63,11.42954386,7.12,732,4410.0,21477,84.9,0,0,0,0
1,debt_consolidation,0.1221,666.3,11.00209984,20.54,717,3749.958333,16777,63.3,0,0,0,0
1,all_other,0.0963,128.38,11.08201946,10.99,747,6689.958333,28817,66.6,0,0,0,0
1,small_business,0.0963,320.95,11.09133097,1.04,742,5700.958333,4435,36.2,2,0,0,0
1,small_business,0.1284,403.42,11.35040654,11.87,727,1559.958333,7951,41.8,2,0,0,0
1,all_other,0.08,188.02,11.2515607,6.51,767,7799.958333,20991,47.0,2,0,0,0
1,all_other,0.1183,364.48,11.81303006,19.67,717,11400.0,32818,87.1,0,0,1,0
1,all_other,0.1379,340.76,10.37361617,15.49,677,2339.958333,15968,47.8,3,0,0,1
1,debt_consolidation,0.1126,394.36,11.15625052,11.38,732,3660.0,6789,16.3,1,1,0,0
1,debt_consolidation,0.1126,492.95,10.6454249,12.06,742,6059.958333,24651,42.4,1,0,0,0
1,all_other,0.1189,278.58,10.30895266,5.4,717,6360.958333,6291,81.7,1,0,0,0
1,debt_consolidation,0.1158,343.34,10.82009823,8.09,727,3960.0,10167,89.2,0,0,0,0
1,credit_card,0.0963,211.83,11.48246626,18.68,752,12810.0,22329,40.2,1,0,0,0
1,credit_card,0.1158,825.34,12.30138283,10.07,747,9810.0,33697,51.5,2,1,0,0
1,debt_consolidation,0.1253,200.8,10.66895539,18.89,682,5130.0,6334,68.1,2,0,1,1
1,debt_consolidation,0.1347,542.77,11.05980255,24.09,697,4469.958333,21180,81.5,0,0,0,0
1,credit_card,0.1221,266.52,11.00209984,19.23,702,3240.0,30140,89.4,1,0,0,0
1,all_other,0.0859,379.33,11.06663836,9.45,792,8430.041667,2910,5.8,1,0,0,0
1,educational,0.0894,476.58,11.1844214,10.2,782,13334.95833,4254,23.9,0,0,0,0
1,small_business,0.1843,363.7,11.81303006,21.85,682,3600.0,68276,88.0,0,0,0,0
1,home_improvement,0.1284,672.36,11.19547123,9.92,712,4859.958333,11440,27.7,1,0,0,0
1,all_other,0.1126,246.48,10.87993221,16.97,722,5189.958333,9200,42.8,0,0,0,0
1,all_other,0.08,219.36,10.43399815,15.21,752,5880.0,17576,36.3,0,0,0,1
1,all_other,0.0932,159.74,11.00209984,13.62,742,5910.0,21305,35.4,0,0,0,0
1,debt_consolidation,0.1189,663.28,11.87409031,7.32,732,8370.0,27062,79.6,0,0,0,0
1,debt_consolidation,0.1253,281.12,11.22524339,4.16,687,5699.958333,13573,30.8,2,0,0,0
1,major_purchase,0.0768,93.58,10.66886237,3.77,807,4711.0,133,0.3,0,0,0,0
1,debt_consolidation,0.1221,499.73,10.7464331,7.88,717,2460.0,22197,37.8,1,0,0,0
1,all_other,0.1189,139.29,10.95080655,12.32,702,2190.0,2094,20.7,1,2,0,0
1,debt_consolidation,0.1695,748.17,11.44035477,14.76,662,7637.0,23738,71.3,1,0,0,1
1,educational,0.08,156.69,11.36210258,6.39,777,3509.958333,0,0.0,0,0,0,0
1,home_improvement,0.1221,666.3,12.02754389,1.56,747,3089.958333,9787,52.3,1,0,0,0
1,home_improvement,0.0932,99.04,10.9331784,23.89,727,7439.958333,28774,71.4,0,0,0,0
1,credit_card,0.1505,402.42,11.79981723,16.79,682,11190.0,54194,85.7,0,0,1,1
1,debt_consolidation,0.1284,403.42,10.87804719,22.85,702,2496.0,17385,71.2,0,0,0,0
1,home_improvement,0.1189,116.08,11.46053683,16.46,697,5730.0,12032,56.8,0,1,0,0
1,all_other,0.1284,295.84,10.73630972,12.58,732,5910.0,24621,94.0,1,0,0,0
1,small_business,0.1158,825.34,11.40756495,0.13,787,2279.958333,1068,3.1,3,0,0,0
1,all_other,0.0932,159.74,10.6454249,19.31,742,6719.958333,7160,39.3,0,0,0,0
1,all_other,0.1253,836.66,12.36734079,11.73,717,7230.0,5509,10.6,3,0,0,0
1,credit_card,0.0932,255.58,11.73606902,3.35,752,7650.0,5752,30.3,0,0,0,0
1,credit_card,0.1189,397.97,10.71441777,22.77,717,2729.958333,36261,67.1,1,0,0,0
1,all_other,0.1158,165.07,10.54534144,13.52,807,4589.958333,323,1.8,0,0,0,0
1,debt_consolidation,0.1316,405.25,11.17043516,7.42,682,3839.958333,38963,79.4,1,0,0,0
1,credit_card,0.1316,108.07,11.05089001,12.06,697,3509.958333,10678,97.1,0,0,0,0
1,debt_consolidation,0.08,131.62,10.37349118,17.48,767,8222.958333,1127,40.2,0,0,0,0
1,credit_card,0.0894,381.26,11.01039864,7.78,762,12266.95833,12893,14.1,1,0,0,0
1,debt_consolidation,0.1411,342.29,10.30895266,13.96,672,4620.0,12022,20.0,3,0,0,0
1,all_other,0.1411,205.38,10.4341158,7.98,662,2009.958333,2122,58.9,1,2,0,0
1,home_improvement,0.0932,383.37,11.35040654,9.15,787,7469.958333,9825,24.3,0,0,0,0
1,debt_consolidation,0.1379,340.76,10.51867319,18.16,682,6659.958333,17473,47.9,0,0,0,0
1,all_other,0.1126,98.59,10.81977828,9.05,707,2490.0,6371,37.9,2,0,0,0
1,debt_consolidation,0.1158,297.13,11.15619338,14.52,722,3809.958333,1778,88.9,1,0,0,0
1,all_other,0.1221,506.39,11.69524702,8.91,742,4453.958333,10750,76.8,5,0,0,0
1,all_other,0.1284,94.14,10.81069718,2.35,697,3270.0,3511,40.4,1,0,0,0
1,educational,0.1253,267.73,10.71441777,11.17,687,3479.958333,1150,13.9,0,0,0,0
1,debt_consolidation,0.1347,101.77,11.05089001,17.48,672,3479.958333,3848,75.5,1,0,0,0
1,all_other,0.1284,188.27,9.680344001,10.2,722,1440.0,3183,66.3,2,0,0,0
1,debt_consolidation,0.0768,40.55,10.83958091,19.19,757,3479.958333,2513,9.6,1,0,0,0
1,debt_consolidation,0.1189,497.46,10.77895629,20.27,712,4020.0,6478,35.2,0,0,0,0
1,all_other,0.0932,127.79,10.79949394,8.67,802,4050.0,34,0.3,0,0,0,0
1,debt_consolidation,0.1379,327.13,11.59175513,5.39,697,6329.958333,29526,95.6,0,0,0,0
1,all_other,0.0768,187.15,11.22524339,1.86,782,4109.958333,1738,12.6,0,0,0,0
1,debt_consolidation,0.1126,427.23,10.77895629,17.43,742,3330.0,28895,39.9,0,0,0,0
1,debt_consolidation,0.1221,266.52,11.1844214,21.73,692,5969.958333,25449,69.3,0,0,0,0
1,all_other,0.0932,31.95,11.35040654,7.27,732,6510.0,5690,21.5,0,0,0,0
1,debt_consolidation,0.1379,170.38,10.34174248,19.78,682,1229.958333,6130,57.3,3,0,0,0
1,debt_consolidation,0.1379,211.27,10.71441777,17.42,677,4182.958333,9954,95.7,0,0,0,0
1,all_other,0.1253,133.87,10.47728798,10.41,687,2639.958333,12160,80.5,0,0,0,0
1,small_business,0.1916,58.78,10.6454249,14.6,662,3779.958333,215,71.7,1,0,0,0
1,home_improvement,0.0932,399.34,10.81977828,11.71,782,4800.0,1052,8.6,0,0,0,0
1,educational,0.1316,270.17,12.1547583,17.03,687,4320.0,113463,92.8,0,0,0,0
1,small_business,0.0768,112.29,10.74343705,8.96,757,8519.958333,13574,24.2,1,0,0,0
1,all_other,0.1442,137.54,10.54534144,4.61,662,5490.0,4093,80.3,1,0,0,0
1,home_improvement,0.0963,513.51,12.61153775,0.16,787,5460.0,2764,10.7,1,0,0,0
1,all_other,0.1095,162.76,10.83879629,12.69,762,5969.958333,16992,44.5,5,0,0,1
1,all_other,0.1221,333.15,11.32215229,11.91,702,3779.958333,2015,31.0,1,0,0,0
1,debt_consolidation,0.1189,397.97,10.93310697,15.26,712,4620.0,5604,80.1,3,0,0,0
1,small_business,0.1126,394.36,11.22524339,13.01,722,2971.0,12649,67.3,0,0,0,1
1,home_improvement,0.1347,508.84,10.68281243,13.13,687,9840.0,15273,24.9,2,1,0,1
1,all_other,0.1284,90.77,10.29809392,16.09,707,1830.0,828,92.0,3,0,0,0
1,all_other,0.1095,327.14,11.1844214,13.2,722,4919.958333,19761,41.5,2,0,0,0
1,credit_card,0.0932,142.17,10.6501755,17.77,737,2910.0,5437,23.4,1,0,0,0
1,debt_consolidation,0.1461,241.33,10.65725935,10.64,682,1800.0,8557,77.1,1,0,0,0
1,all_other,0.1114,393.65,11.03488966,5.52,757,3899.958333,14313,46.2,2,0,0,0
1,all_other,0.0963,102.71,10.50506754,0.33,732,4290.0,496,4.1,1,0,1,0
1,home_improvement,0.0963,296.88,10.73413325,0.0,807,7320.0,1454,4.0,2,0,0,1
1,all_other,0.1474,345.37,10.81977828,12.72,712,5130.0,4456,22.6,0,0,1,0
1,debt_consolidation,0.0963,417.23,11.02353512,8.03,747,4562.958333,8454,27.0,2,0,0,0
1,home_improvement,0.1189,397.97,11.91839057,17.84,707,5699.958333,614,17.5,2,0,1,0
1,credit_card,0.0932,383.37,10.4744671,2.34,797,8189.958333,4615,6.5,0,0,0,1
1,debt_consolidation,0.1126,525.82,11.40756495,8.83,742,7499.958333,19123,53.0,1,0,0,0
1,debt_consolidation,0.1114,451.05,10.89821971,16.09,737,6180.0,23569,70.8,0,0,0,0
1,debt_consolidation,0.1505,603.63,11.22524339,18.82,687,2580.0,35954,82.8,0,0,0,0
1,home_improvement,0.0768,218.34,11.34687088,23.21,777,8430.0,36268,32.9,2,0,0,1
1,major_purchase,0.1695,213.77,11.27090486,18.05,662,3119.958333,82,1.3,1,1,0,0
1,all_other,0.0932,102.23,9.680344001,0.0,737,2100.0,0,0.0,0,0,0,0
1,home_improvement,0.1253,200.8,11.03650127,10.18,682,6749.958333,7613,82.7,2,0,0,0
1,debt_consolidation,0.1316,621.37,10.79728725,14.24,707,4290.0,26551,70.1,0,0,0,0
1,debt_consolidation,0.1347,212.02,10.27518903,23.54,687,2820.0,11387,90.4,1,0,0,0
1,debt_consolidation,0.1158,775.0,11.40756495,15.03,752,10019.95833,44539,59.8,0,0,0,0
1,all_other,0.1474,138.15,10.34794899,0.0,692,1350.0,0,0.0,2,0,0,0
1,all_other,0.1189,225.52,10.0302964,15.43,712,3419.958333,4435,16.6,2,0,0,0
1,all_other,0.1095,654.28,11.47820979,13.62,792,7439.958333,37466,30.9,1,0,0,0
1,all_other,0.0932,223.63,10.52406404,20.06,747,5699.958333,3255,30.2,0,0,0,0
1,all_other,0.1126,525.82,11.12732181,9.3,747,3300.0,2362,7.9,1,0,0,0
1,educational,0.1095,183.2,10.30895266,10.56,722,3330.0,716,5.4,3,0,0,1
1,debt_consolidation,0.1347,542.77,11.08214255,12.0,707,6689.958333,14493,88.9,0,0,0,0
1,debt_consolidation,0.1189,53.07,11.31447453,18.13,702,5639.958333,25886,94.1,1,1,0,0
1,debt_consolidation,0.1253,334.67,10.73630972,8.9,692,2009.958333,9158,52.3,2,0,0,0
1,debt_consolidation,0.1189,643.39,11.57115664,15.44,727,7680.0,61595,51.6,0,0,0,0
1,small_business,0.1884,438.93,10.81977828,12.6,712,3690.0,11957,43.5,2,0,0,0
1,educational,0.0963,343.41,10.77895629,10.86,737,3660.0,1772,7.4,2,1,0,0
1,all_other,0.1158,660.27,12.61153775,6.93,762,10679.95833,0,0.0,1,0,0,0
1,small_business,0.1916,352.67,10.45737267,5.93,667,5820.0,11670,81.6,1,0,1,0
1,all_other,0.0932,127.79,10.91508846,12.0,752,2856.0,1112,2.7,1,0,0,0
1,home_improvement,0.1126,236.62,11.53272809,0.61,717,5699.958333,4452,45.4,0,0,1,0
1,educational,0.1158,79.24,10.16585182,15.05,692,3450.958333,731,5.8,3,1,0,1
1,debt_consolidation,0.1062,364.67,10.63585545,15.92,722,8833.0,5455,83.9,0,0,0,0
1,all_other,0.1442,240.68,11.69524702,14.65,662,4589.958333,34454,70.7,3,0,0,0
1,all_other,0.08,125.35,9.68009397,12.6,762,6032.958333,998,6.0,1,0,0,0
1,credit_card,0.1221,333.15,11.40756495,22.47,737,7740.0,61374,61.8,2,0,0,0
1,small_business,0.1884,914.42,11.51292546,6.76,712,8190.958333,38898,80.5,3,1,0,0
1,debt_consolidation,0.1411,34.23,11.15257234,3.63,672,3930.0,9795,95.1,2,0,1,0
1,debt_consolidation,0.1505,173.46,10.20359214,4.31,687,1440.0,3329,95.1,0,0,0,1
1,small_business,0.1916,183.69,10.858999,22.59,662,3300.0,22312,81.1,0,0,0,1
1,all_other,0.0963,160.48,10.87237073,21.81,727,2460.0,2369,36.4,1,0,0,0
1,all_other,0.1221,99.95,11.73606902,10.29,697,2850.0,6324,79.0,0,0,1,0
1,small_business,0.1158,594.25,11.15625052,16.78,727,3509.958333,30372,56.1,0,0,0,1
1,home_improvement,0.0963,320.95,10.67359577,8.94,742,7950.0,14716,38.4,0,0,0,0
1,home_improvement,0.08,200.56,11.06657586,0.0,807,3960.0,0,0.0,1,0,0,0
1,all_other,0.1347,162.83,10.30895266,22.84,672,1710.0,1002,83.5,0,0,0,0
1,home_improvement,0.0932,319.47,10.87812266,9.26,762,2160.0,3391,9.2,1,0,0,0
1,credit_card,0.1158,660.27,12.03528432,19.27,742,4199.958333,149527,72.6,0,0,0,0
1,debt_consolidation,0.1253,301.2,11.03812636,14.1,697,3000.041667,3006,30.7,3,0,0,0
1,major_purchase,0.1221,266.52,11.3736634,0.07,722,4949.958333,5,0.0,0,0,0,0
1,debt_consolidation,0.1411,205.38,10.49127422,21.3,662,2550.0,8710,23.9,0,1,0,1
1,debt_consolidation,0.1568,87.51,10.41930072,14.29,667,3809.958333,286,95.3,0,2,0,0
1,educational,0.0932,383.37,10.30895266,13.88,777,3449.958333,1505,12.5,0,0,0,0
1,home_improvement,0.0963,385.14,10.90593763,7.46,752,5219.958333,5674,9.5,0,0,0,0
1,debt_consolidation,0.1632,706.27,11.23321156,11.81,677,2820.0,23998,91.2,1,0,0,0
1,debt_consolidation,0.1632,261.32,10.77895629,3.85,662,1140.0,6375,70.8,0,0,0,0
1,all_other,0.1158,264.11,11.55214618,18.25,707,5160.0,57261,84.6,1,0,0,0
1,debt_consolidation,0.1095,98.15,10.1266311,17.57,717,2316.958333,590,36.9,3,0,0,0
1,debt_consolidation,0.0932,127.79,10.6214249,12.99,747,2009.958333,2727,12.8,2,0,0,0
1,small_business,0.1821,90.65,10.91508846,12.07,667,2460.0,19336,79.6,0,0,0,0
1,debt_consolidation,0.1442,343.83,11.00209984,8.0,677,3059.958333,1547,20.9,3,0,0,0
1,all_other,0.1189,66.33,9.392661929,5.7,707,2970.0,1616,52.1,1,0,0,0
1,home_improvement,0.1158,66.03,11.00209984,6.46,692,3812.958333,9171,25.5,0,0,0,0
1,debt_consolidation,0.0932,223.63,10.26479176,24.54,737,2429.958333,6242,16.1,3,0,0,0
1,debt_consolidation,0.1322,473.21,10.91508846,9.19,697,2310.041667,8262,54.7,3,0,1,0
1,all_other,0.1126,328.64,11.62625415,16.29,717,5999.958333,5742,43.8,0,0,0,0
1,debt_consolidation,0.1411,547.67,10.71441777,11.55,682,9420.0,14731,86.1,0,0,0,0
1,home_improvement,0.1095,314.06,11.26446411,8.74,727,7740.0,10993,20.5,0,1,0,0
1,debt_consolidation,0.1158,495.21,10.6454249,10.4,742,3660.0,15680,44.7,0,0,0,0
1,debt_consolidation,0.1126,295.77,12.30517562,9.11,712,4619.958333,12904,66.9,0,0,0,0
1,debt_consolidation,0.08,344.7,11.75981679,4.13,802,7980.0,5272,7.4,0,0,0,0
1,debt_consolidation,0.1189,331.64,11.22524339,15.25,727,5130.0,7642,28.2,1,0,0,0
1,credit_card,0.08,188.02,11.44678566,13.27,752,2250.0,7501,26.8,0,0,0,0
1,all_other,0.1253,334.67,10.51867319,18.49,707,2460.0,5124,51.2,2,0,0,0
1,debt_consolidation,0.08,313.37,10.66895539,12.56,782,7560.0,5096,21.5,1,0,0,0
1,all_other,0.0963,160.48,11.88454419,15.07,727,8939.958333,19654,77.4,0,0,0,0
1,debt_consolidation,0.1442,144.41,9.680344001,11.1,677,1140.0,3830,64.9,0,0,0,0
1,debt_consolidation,0.1505,424.97,11.39639165,23.8,662,5292.958333,19136,69.1,1,1,0,0
1,all_other,0.1095,163.57,10.93310697,12.24,717,6090.0,24004,75.5,2,0,0,0
1,debt_consolidation,0.1158,561.23,10.858999,16.94,762,4949.958333,11467,39.1,0,0,0,0
1,all_other,0.1284,840.45,11.35040654,12.44,742,4800.0,5193,49.5,4,0,0,0
1,debt_consolidation,0.1316,607.87,11.38509209,8.71,697,4199.958333,15008,44.8,0,1,0,0
1,debt_consolidation,0.1347,508.84,11.12726298,10.69,692,1710.0,14045,85.6,1,0,0,0
1,all_other,0.08,156.69,10.89673933,20.6,762,4290.0,5388,26.9,0,0,0,0
1,all_other,0.1218,279.72,10.55236932,14.05,707,3929.958333,490,9.6,2,0,0,0
1,debt_consolidation,0.1189,636.75,11.39639165,12.09,727,4829.958333,12982,32.1,1,0,0,0
1,major_purchase,0.1253,180.72,11.15625052,6.65,687,3660.0,9785,59.3,1,0,0,0
1,educational,0.1095,523.42,11.39315045,3.68,752,4096.0,3327,10.7,0,0,0,1
1,home_improvement,0.0932,319.47,11.45301621,12.29,782,7236.0,0,0.0,0,0,0,0
1,all_other,0.1253,133.87,11.1193494,11.92,682,10890.0,33115,55.6,1,0,0,1
1,small_business,0.0932,111.82,9.862665558,7.25,767,9662.958333,4160,40.8,0,0,0,0
1,debt_consolidation,0.1347,169.62,10.46390302,24.94,677,4979.958333,13147,78.3,0,0,0,0
1,major_purchase,0.08,300.83,11.69524702,5.93,777,5850.0,5981,14.5,1,0,0,0
1,debt_consolidation,0.1607,457.52,10.95954023,23.85,662,3240.0,8373,57.0,0,1,0,1
1,small_business,0.2011,623.4,11.45105006,5.36,667,4169.958333,5848,24.3,3,3,0,1
1,debt_consolidation,0.1284,262.22,11.1844214,16.77,697,5850.0,13835,87.9,0,0,0,0
1,all_other,0.1316,182.36,10.83417416,5.49,687,1979.958333,1158,27.6,1,1,0,0
1,debt_consolidation,0.1411,855.73,11.40756495,11.67,707,4109.958333,17958,55.3,0,0,0,0
1,all_other,0.0932,95.85,10.81977828,8.33,732,6930.0,14161,46.9,0,0,0,0
1,credit_card,0.1821,319.08,11.20775808,21.85,672,4680.0,24471,74.5,2,0,0,0
1,small_business,0.08,156.69,10.71441777,17.84,772,6240.0,5392,9.4,4,0,0,0
1,home_improvement,0.1126,821.59,12.4874851,5.53,787,10860.0,3131,8.9,2,0,0,0
1,all_other,0.1218,333.0,11.00209984,24.7,712,2217.0,17809,46.4,1,0,0,0
1,home_improvement,0.1158,165.07,11.08220409,12.42,707,5969.958333,0,7.28,2,1,0,0
1,credit_card,0.1411,239.61,12.34583459,7.57,662,4080.0,5086,57.8,1,0,1,1
1,all_other,0.1474,103.62,10.62132735,16.77,662,2729.958333,6241,90.4,0,0,0,0
1,all_other,0.1284,302.57,11.21182037,19.09,692,2789.958333,24401,88.4,0,0,0,0
1,debt_consolidation,0.1379,211.27,10.59653473,9.0,682,5400.0,4480,81.5,3,0,0,0
1,debt_consolidation,0.1095,98.15,10.40426284,7.42,712,5562.0,6630,39.2,3,0,0,0
1,home_improvement,0.1284,63.88,10.44348355,23.29,672,3000.0,24209,54.9,2,0,0,0
1,all_other,0.1095,245.36,11.08214255,11.65,742,11039.95833,62466,58.8,4,0,0,0
1,all_other,0.08,94.01,9.903487553,13.56,747,2022.958333,7783,17.7,1,0,0,0
1,debt_consolidation,0.0932,95.85,12.32385568,11.77,732,6029.958333,12176,36.1,1,0,0,0
1,all_other,0.0963,154.06,10.23981692,7.67,732,2190.0,6246,54.8,2,0,0,1
1,all_other,0.1442,51.58,11.00209984,20.0,697,4380.0,23187,99.1,2,0,0,0
1,debt_consolidation,0.08,188.02,10.59653473,14.58,767,5309.958333,3812,16.8,0,0,0,0
1,all_other,0.0963,57.77,10.59653473,8.52,727,1772.0,733,30.4,1,0,0,0
1,small_business,0.179,902.5,11.35040654,4.93,722,3749.958333,2036,10.1,2,0,1,1
1,debt_consolidation,0.1158,165.07,11.35040654,18.48,702,3809.958333,2591,74.0,1,1,0,0
1,educational,0.1284,282.4,11.45105006,22.54,682,3990.0,65621,81.5,1,0,0,1
1,educational,0.1126,164.32,11.0744205,7.72,717,5699.958333,1460,38.4,2,0,0,0
1,debt_consolidation,0.0963,128.38,11.33857208,8.6,732,2039.958333,3275,14.7,0,0,0,0
1,all_other,0.0963,385.14,11.22524339,9.12,747,2759.958333,5212,8.4,2,0,0,0
1,home_improvement,0.1158,396.17,11.21182037,4.3,717,8460.0,12293,20.6,1,1,0,0
1,home_improvement,0.08,188.02,11.28983191,7.41,807,6630.0,1112,1.2,1,0,0,0
1,all_other,0.1114,328.04,9.980448594,8.28,727,2031.958333,4328,10.3,2,0,0,0
1,educational,0.16,421.89,10.77895629,13.26,667,1710.0,2626,61.1,3,0,0,0
1,all_other,0.0932,118.21,9.61580548,5.52,742,2429.958333,0,0.0,0,0,0,0
1,all_other,0.1411,410.75,11.04285783,15.55,677,2250.0,4450,37.1,1,0,0,0
1,debt_consolidation,0.1347,237.46,10.89673933,17.69,672,2100.0,6062,55.6,0,0,0,0
1,debt_consolidation,0.1347,305.31,11.68687877,22.61,682,7230.0,75723,92.9,2,0,0,0
1,debt_consolidation,0.0963,205.41,11.49272276,16.44,742,5460.0,14001,34.7,4,0,0,0
1,debt_consolidation,0.1347,576.69,10.67533038,13.03,697,4595.958333,17088,73.7,2,0,0,0
1,credit_card,0.0932,319.47,11.1123882,3.33,797,4800.0,0,0.0,0,0,0,0
1,debt_consolidation,0.0963,346.62,10.46310334,8.85,732,3149.958333,10935,52.1,0,0,0,1
1,debt_consolidation,0.1379,681.51,11.54248427,19.76,692,6960.0,22512,65.2,0,0,0,0
1,all_other,0.1189,33.17,11.3736634,5.57,697,8519.958333,5742,55.2,0,1,0,0
1,all_other,0.1158,165.07,10.51867319,7.36,762,2250.0,0,0.0,1,0,0,0
1,debt_consolidation,0.0932,191.69,10.46310334,7.85,737,3210.0,9432,47.2,2,0,0,0
1,debt_consolidation,0.1632,176.57,11.15625052,16.75,662,1560.0,3901,95.1,0,0,0,0
1,all_other,0.1287,538.14,10.54534144,22.34,722,3965.958333,0,0.0,0,0,0,0
1,all_other,0.1347,678.46,10.83958091,17.46,697,2850.0,8467,26.7,1,0,0,0
1,debt_consolidation,0.1284,285.76,10.81977828,24.43,732,9349.958333,8359,91.9,1,0,0,0
1,debt_consolidation,0.1442,481.36,10.66895539,7.67,672,4380.0,7106,67.7,0,0,0,0
1,credit_card,0.1379,374.84,10.69194491,14.97,692,1620.958333,9900,60.0,1,0,0,0
1,all_other,0.0932,319.47,10.73639668,20.92,767,4692.0,24523,37.9,0,0,0,0
1,debt_consolidation,0.1347,339.23,11.3736634,22.65,692,10439.95833,14943,54.3,0,1,0,0
1,debt_consolidation,0.0932,95.85,10.29775689,13.91,757,3540.0,0,0.0,1,0,0,0
1,all_other,0.1253,167.34,10.91508846,7.53,717,3240.0,2196,39.9,1,0,0,0
1,major_purchase,0.1095,386.03,10.46310334,1.99,762,3540.0,5234,11.4,3,0,0,0
1,major_purchase,0.08,235.03,11.90494053,0.92,802,9299.958333,7914,6.5,1,0,0,0
1,debt_consolidation,0.1695,320.65,12.37581542,11.67,667,3869.958333,22353,99.3,0,0,1,1
1,small_business,0.1126,394.36,10.96819829,6.33,782,3631.0,157,0.6,0,0,0,0
1,small_business,0.1758,122.21,10.96812932,7.35,697,1679.958333,4596,51.6,0,0,0,0
1,all_other,0.1316,33.78,10.6454249,19.63,672,3869.958333,11189,86.7,2,1,0,0
1,educational,0.1189,39.8,9.472704636,24.09,707,1387.0,772,25.7,0,0,0,0
1,debt_consolidation,0.1347,529.2,10.87804719,18.66,697,3119.958333,13514,92.6,2,0,0,0
1,all_other,0.1347,203.54,10.34174248,20.25,702,1199.958333,2314,32.1,1,0,0,0
1,debt_consolidation,0.1253,53.55,10.1266311,2.98,712,1113.0,3375,51.1,0,0,0,0
1,debt_consolidation,0.1568,322.02,10.81977828,12.98,662,5160.0,16651,63.3,0,0,0,0
1,debt_consolidation,0.1126,402.58,11.6127708,9.38,747,5669.958333,39833,86.1,1,0,0,0
1,debt_consolidation,0.1158,363.15,11.3736634,9.32,722,3749.958333,19827,90.9,0,0,0,0
1,credit_card,0.0932,319.47,12.2010601,8.36,802,11685.0,144723,3.3,0,0,0,0
1,debt_consolidation,0.1253,167.34,10.54534144,19.14,682,2220.0,19876,77.0,0,0,0,0
1,credit_card,0.0963,224.66,10.71441777,24.59,727,4469.958333,10082,56.3,0,0,0,0
1,small_business,0.1158,198.09,9.798127037,18.07,707,1770.0,10040,32.1,0,0,0,0
1,all_other,0.1253,133.87,10.75798798,1.07,732,1140.0,1332,19.9,0,0,0,0
1,debt_consolidation,0.1126,328.64,10.81977828,12.24,722,4984.958333,14483,36.5,1,0,0,0
1,all_other,0.1126,328.64,11.3736634,10.41,747,3900.958333,14406,37.1,3,0,0,0
1,small_business,0.1663,886.75,11.6784399,2.84,742,6749.958333,6835,13.2,1,0,0,1
1,small_business,0.1884,914.42,11.73606902,19.3,707,6809.958333,26339,49.0,2,0,0,0
1,debt_consolidation,0.0768,93.58,11.15625052,8.78,762,3630.0,2211,6.2,0,0,0,0
1,credit_card,0.0932,76.68,10.59663473,9.0,737,2610.0,10379,69.2,0,0,0,0
1,all_other,0.1189,132.66,10.89673933,12.91,692,4290.0,24671,66.0,1,1,0,0
1,debt_consolidation,0.1411,684.58,11.8913071,13.1,692,5370.0,0,0.0,1,0,0,0
1,debt_consolidation,0.1253,669.33,10.59663473,17.76,722,3267.0,18658,66.9,0,0,0,0
1,credit_card,0.08,108.11,10.27505111,21.6,737,6809.958333,22245,44.5,1,0,0,0
1,major_purchase,0.1505,208.15,11.07702177,11.58,717,4529.958333,5518,98.3,0,0,0,0
1,all_other,0.0963,96.29,11.33857208,16.86,717,7350.0,31089,78.1,1,0,0,0
1,debt_consolidation,0.0932,191.69,11.15310271,4.06,747,2250.0,5307,12.8,1,0,0,0
1,credit_card,0.1221,453.09,11.15625052,22.18,712,3990.0,34560,84.9,2,0,0,0
1,educational,0.1221,69.97,10.08580911,19.35,687,13410.0,0,0.0,0,0,0,0
1,all_other,0.0932,287.53,11.35035948,0.0,812,4800.0,1343,3.1,1,0,0,0
1,debt_consolidation,0.0932,332.25,11.48965684,6.3,762,5400.0,42307,38.0,1,0,0,0
1,debt_consolidation,0.08,137.88,10.40426284,10.76,747,3300.0,433,7.3,0,0,0,0
1,all_other,0.1189,318.38,10.4744671,21.15,707,3575.0,30332,44.4,3,0,0,0
1,educational,0.1218,666.0,11.96527416,8.95,727,7157.958333,31340,61.3,3,0,0,0
1,debt_consolidation,0.1126,492.95,11.03495418,5.46,787,5820.0,17911,32.6,2,0,0,1
1,all_other,0.1347,101.77,10.81977828,19.75,672,6960.0,17015,53.8,1,0,0,0
1,debt_consolidation,0.1284,50.43,10.92233487,23.09,672,4560.958333,31698,79.2,3,0,0,0
1,small_business,0.0963,471.79,11.31447453,4.71,762,6809.958333,3629,17.9,0,1,0,0
1,debt_consolidation,0.1158,825.34,11.47874801,19.57,752,4229.958333,17091,38.8,1,0,0,0
1,all_other,0.1158,594.25,11.53272809,11.35,727,5550.0,32831,66.6,1,0,0,1
1,all_other,0.1221,333.15,10.71441777,0.0,707,2640.0,4924,23.8,0,1,0,0
1,home_improvement,0.0932,159.74,10.81985828,1.39,777,6930.0,2294,6.1,0,0,0,0
1,credit_card,0.1411,479.21,11.00209984,22.14,677,5699.958333,14180,58.6,1,0,0,0
1,credit_card,0.1221,832.88,11.35040654,17.59,727,3330.0,34155,45.5,0,0,0,0
1,home_improvement,0.0768,124.77,10.84480255,18.07,797,5520.0,3832,6.6,0,0,0,0
1,debt_consolidation,0.0932,111.82,11.00209984,16.92,727,2069.958333,3160,33.3,1,0,0,0
1,debt_consolidation,0.1379,681.51,12.4292162,5.4,687,6779.958333,11356,78.7,1,0,0,0
1,debt_consolidation,0.1095,229.0,10.22990945,13.68,717,2100.0,4635,60.2,3,0,0,0
1,home_improvement,0.1316,101.32,10.80242865,0.56,717,1259.958333,1672,53.9,2,0,0,0
1,all_other,0.1095,163.57,11.60367983,15.75,717,4680.0,34267,67.5,2,0,0,0
1,debt_consolidation,0.1158,429.18,10.63585545,17.37,717,3630.0,14391,34.4,2,0,0,0
1,major_purchase,0.1379,477.06,10.89673933,6.71,687,4800.0,16826,81.3,2,0,0,1
1,credit_card,0.1253,259.37,11.70645498,24.54,702,6270.0,72544,93.6,0,0,0,0
1,debt_consolidation,0.1221,333.15,10.59663473,4.59,742,4020.0,5784,52.6,1,0,0,0
1,debt_consolidation,0.1537,261.35,11.22524339,7.09,667,5850.0,25908,97.4,1,0,1,0
1,debt_consolidation,0.1158,396.17,10.95080655,13.89,722,2759.958333,7636,26.9,1,0,0,1
1,debt_consolidation,0.1221,666.3,11.51292546,8.89,722,5400.0,20636,22.6,2,1,0,0
1,home_improvement,0.1221,499.73,11.51292546,9.19,712,2309.958333,24204,30.0,2,0,0,0
1,debt_consolidation,0.1316,506.56,10.87161143,6.52,692,3630.0,10372,50.1,0,0,0,0
1,all_other,0.0963,205.41,10.66895539,21.01,727,3720.0,2210,11.9,1,0,0,0
1,major_purchase,0.08,112.81,10.46321762,2.23,737,4589.958333,5015,8.2,1,0,0,0
1,home_improvement,0.0894,301.83,11.35627165,6.27,747,3449.958333,6382,9.4,0,0,0,0
1,debt_consolidation,0.0932,191.69,10.33475035,5.57,752,4949.958333,8143,18.4,0,0,0,0
1,small_business,0.1565,419.84,11.08214255,11.94,712,6897.0,13583,26.6,0,0,0,1
1,debt_consolidation,0.1221,259.86,10.98529272,11.69,692,2069.958333,7133,63.7,1,0,0,0
1,educational,0.1253,167.34,10.30895266,0.0,697,1860.0,0,0.0,1,1,0,1
1,credit_card,0.1474,86.35,9.798127037,6.93,662,2520.0,4299,17.1,1,0,0,1
1,credit_card,0.0932,159.74,11.05089001,13.79,737,3630.0,5163,28.1,1,0,0,0
1,all_other,0.1158,99.05,11.55214618,15.18,712,7139.958333,21072,94.6,1,0,0,0
1,debt_consolidation,0.0932,127.79,10.62132735,17.82,747,3990.0,24764,32.0,0,0,0,1
1,debt_consolidation,0.1221,133.26,10.59663473,13.26,692,3630.0,6172,22.2,0,0,0,0
1,debt_consolidation,0.1316,148.59,10.84894866,6.69,707,6419.958333,11374,68.1,1,1,0,1
1,small_business,0.08,156.69,9.472704636,16.8,762,3660.0,1970,7.5,0,0,0,0
1,all_other,0.0963,152.45,10.30895266,12.52,727,2550.0,6070,30.3,3,0,0,1
1,small_business,0.1695,178.14,10.81977828,21.7,687,4619.958333,5800,66.7,2,1,0,1
1,debt_consolidation,0.1316,344.46,10.6454249,14.57,697,2850.0,8504,87.7,2,0,0,0
1,all_other,0.1253,301.2,11.34805082,21.4,692,5040.0,7407,45.4,1,0,0,0
1,debt_consolidation,0.08,156.69,11.45495731,16.21,747,8969.958333,78532,36.9,3,0,0,0
1,major_purchase,0.1148,494.53,11.28978191,0.66,752,2789.958333,513,7.0,3,0,0,0
1,all_other,0.1221,283.18,10.49559819,9.23,722,1487.0,364,12.1,1,0,0,0
1,home_improvement,0.0932,319.47,10.9331784,12.62,777,3330.0,798,4.9,0,0,0,0
1,educational,0.0932,332.25,10.61643736,14.47,752,2970.0,3741,10.2,1,0,0,0
1,small_business,0.0963,288.85,11.42954386,15.85,732,4589.958333,27458,63.4,0,0,0,0
1,debt_consolidation,0.1632,565.02,10.95080655,5.64,662,4770.0,19607,76.9,0,0,0,0
1,home_improvement,0.1221,499.73,10.71441777,14.51,712,5699.958333,5786,48.6,3,0,1,1
1,debt_consolidation,0.1505,312.23,11.03488966,23.75,677,3570.0,15149,92.9,1,0,0,0
1,debt_consolidation,0.1126,262.91,11.41564334,8.04,722,6300.0,7670,57.7,1,0,0,0
1,debt_consolidation,0.1379,681.51,11.32242576,14.94,692,4499.958333,36449,45.1,0,0,0,1
1,educational,0.0932,47.93,11.08214255,5.94,742,5880.0,2232,38.5,0,0,0,0
1,credit_card,0.1284,403.42,10.46321762,11.21,687,8100.0,8568,48.1,1,4,0,1
1,credit_card,0.0932,223.63,10.51867319,23.42,737,4680.0,22450,52.9,1,0,0,0
1,major_purchase,0.1411,273.84,10.71441777,8.8,702,1410.0,0,0.0,2,0,0,0
1,debt_consolidation,0.1126,328.64,11.42954386,2.54,717,6749.958333,12809,26.3,3,0,1,0
1,home_improvement,0.1537,871.16,13.01700286,0.13,687,2520.0,4853,14.8,2,0,0,0
1,debt_consolidation,0.1505,346.92,10.71441777,11.92,667,4020.0,29482,80.3,1,0,0,1
1,credit_card,0.1253,200.8,10.62132735,11.24,682,1890.0,9469,65.8,0,1,0,0
1,all_other,0.1221,333.15,11.42958733,10.45,702,3419.958333,17328,45.7,0,0,0,1
1,debt_consolidation,0.1379,817.82,11.81303006,5.72,707,6060.958333,24146,58.9,0,0,0,0
1,credit_card,0.1347,508.84,11.41090381,3.77,682,4800.0,24545,66.9,0,0,0,0
1,debt_consolidation,0.1284,90.77,10.71441777,9.17,697,6600.0,2857,92.2,0,0,0,0
1,small_business,0.1758,215.66,10.77895629,5.03,697,1740.0,3881,55.4,0,0,0,0
1,all_other,0.1253,100.4,11.00209984,12.98,682,4800.0,8288,83.7,0,0,0,0
1,small_business,0.1758,539.13,11.26446411,9.18,692,5981.958333,10055,37.5,0,0,0,0
1,credit_card,0.0894,349.49,11.66134547,7.14,742,8490.0,22162,17.5,0,0,0,0
1,all_other,0.1221,159.92,11.22524339,9.41,697,3750.0,21069,87.8,0,0,0,0
1,major_purchase,0.08,156.69,10.23995979,2.36,752,2192.0,2583,31.5,1,0,0,0
1,debt_consolidation,0.08,188.02,10.73639668,10.64,762,11700.0,74759,13.9,0,0,0,0
1,debt_consolidation,0.16,175.79,10.3859137,16.3,662,3616.0,0,0.0,0,1,0,1
1,credit_card,0.1357,271.75,9.680344001,7.35,692,1514.0,4341,31.2,0,0,0,0
1,all_other,0.1189,215.57,11.33857208,18.1,702,5490.0,14575,36.4,1,0,0,0
1,major_purchase,0.0963,449.32,11.26446411,11.88,802,4290.0,1236,3.9,1,0,0,0
1,educational,0.1316,128.33,10.71441777,17.01,702,2550.0,5144,29.1,0,0,0,0
1,debt_consolidation,0.1316,364.72,10.73630972,19.05,692,3990.0,13067,89.5,1,0,0,0
1,all_other,0.1095,57.25,9.740968623,23.65,712,12629.95833,14385,25.6,3,0,0,0
1,major_purchase,0.1095,98.15,10.98026315,7.4,722,5040.0,11855,76.0,2,1,0,1
1,credit_card,0.1632,882.84,12.56024446,14.67,687,7320.0,95324,96.4,0,0,0,0
1,all_other,0.0963,160.48,11.05879518,22.37,727,2669.958333,3649,28.5,1,0,0,0
1,debt_consolidation,0.1158,660.27,10.81985828,12.46,772,4140.958333,0,0.0,1,0,0,0
1,all_other,0.08,175.49,11.08214255,17.13,757,6150.0,4728,18.8,1,0,0,0
1,debt_consolidation,0.1253,133.87,10.59663473,18.39,687,4050.0,7227,70.9,0,0,0,0
1,credit_card,0.1505,86.73,11.1844214,16.3,667,3600.0,16242,95.5,0,0,0,0
1,debt_consolidation,0.0963,385.14,10.46310334,15.94,767,7139.958333,12002,29.4,1,0,0,0
1,debt_consolidation,0.1189,331.64,11.40756495,13.95,712,6809.958333,32678,75.8,0,0,1,0
1,all_other,0.1284,268.95,10.65140697,16.73,682,3600.0,4075,20.4,0,0,0,0
1,debt_consolidation,0.1461,379.23,11.14186178,12.7,682,10820.95833,21479,82.3,0,0,0,0
1,debt_consolidation,0.1189,530.63,11.45105006,13.93,717,7079.958333,9867,24.1,1,0,0,0
1,major_purchase,0.1221,299.84,10.89049766,24.35,702,3600.0,43751,86.3,0,0,0,0
1,all_other,0.1095,327.14,11.15625052,0.82,722,5984.958333,2401,8.1,0,0,0,0
1,debt_consolidation,0.1379,204.46,11.69524702,9.74,672,5521.0,41042,82.1,2,0,0,0
1,debt_consolidation,0.1126,460.09,10.49127422,22.83,722,3570.0,10400,40.2,2,0,0,0
1,all_other,0.0932,115.01,10.69194491,2.1,797,5161.0,0,0.0,0,0,0,0
1,home_improvement,0.0963,112.33,10.59663473,5.31,717,3270.0,4199,27.6,1,0,0,0
1,small_business,0.1537,139.39,9.61580548,15.04,787,3869.958333,1573,3.5,1,0,0,0
1,debt_consolidation,0.1316,489.67,10.71441777,24.91,687,3899.958333,15134,74.6,0,0,0,0
1,debt_consolidation,0.1126,591.54,11.1051978,10.93,742,5550.0,29596,30.8,0,0,0,1
1,debt_consolidation,0.0788,187.69,10.78931908,18.09,722,3870.041667,23919,67.6,2,0,0,0
1,debt_consolidation,0.1284,134.48,9.340403256,11.7,687,1709.958333,3789,75.8,0,0,0,0
1,debt_consolidation,0.1474,172.69,10.08580911,15.05,672,1380.0,9802,63.6,2,1,0,0
1,debt_consolidation,0.1253,133.87,11.09930217,3.26,712,1740.0,3690,73.8,0,0,0,0
1,debt_consolidation,0.1347,463.05,10.89673933,23.29,682,3300.0,18749,61.1,3,1,0,0
1,debt_consolidation,0.1095,196.29,10.04324949,8.82,742,7320.0,591,29.5,0,0,0,0
1,debt_consolidation,0.1221,199.89,10.18111929,11.05,687,4589.958333,14387,68.5,0,0,0,1
1,debt_consolidation,0.1379,681.51,11.69524702,15.0,687,7680.0,24911,27.2,1,2,0,0
1,home_improvement,0.0963,231.08,11.3736634,3.61,777,4499.958333,0,0.0,0,0,0,0
1,credit_card,0.1221,116.61,10.59663473,8.28,687,5249.958333,3900,43.7,0,1,0,0
1,credit_card,0.1287,235.44,10.81977828,16.06,692,2940.0,19609,73.7,2,0,0,0
1,debt_consolidation,0.0963,320.95,10.81977828,21.89,747,6389.958333,33895,33.3,0,0,0,0
1,major_purchase,0.08,125.35,11.12726298,14.19,772,2339.958333,471,2.6,2,0,0,0
1,major_purchase,0.0932,191.69,11.46468015,9.51,742,4680.0,31108,34.9,0,0,0,1
1,small_business,0.1758,251.6,10.30895266,13.16,712,2100.0,12017,73.7,1,0,0,0
1,debt_consolidation,0.1284,403.42,10.4341158,23.05,687,5070.0,8856,28.2,2,2,1,0
1,debt_consolidation,0.1221,449.76,11.12726298,18.72,707,3180.958333,28714,53.1,0,0,0,0
1,educational,0.1411,201.1,9.862665558,0.56,682,6540.0,0,0.0,2,0,0,0
1,all_other,0.0894,142.98,11.51292546,9.6,752,3893.958333,50284,32.6,3,0,0,0
1,major_purchase,0.0932,111.82,10.79409118,8.94,767,2069.958333,280,2.1,0,0,0,0
1,home_improvement,0.08,203.69,11.72800459,8.79,752,7439.958333,7828,13.2,3,0,0,0
1,debt_consolidation,0.1442,206.3,10.77895629,4.88,662,2100.0,5565,43.1,0,0,0,0
1,all_other,0.1347,122.13,9.61580548,15.28,682,1410.0,371,37.1,1,0,0,0
1,debt_consolidation,0.1379,238.53,11.19134184,13.41,682,4619.958333,22541,57.1,1,0,0,0
1,debt_consolidation,0.1221,299.84,11.51791301,8.6,697,5639.958333,20994,75.8,1,0,0,0
1,educational,0.0932,255.58,10.30895266,16.8,772,5969.958333,7590,25.7,0,0,0,0
1,home_improvement,0.1253,227.58,11.08214255,4.1,747,2789.958333,155,1.2,6,0,0,1
1,debt_consolidation,0.1189,328.33,10.62869042,18.19,707,3607.0,8737,70.5,0,0,0,0
1,debt_consolidation,0.1348,447.8,10.46310334,22.25,687,3955.041667,23698,78.7,0,0,0,0
1,credit_card,0.1126,87.09,10.77895629,20.8,702,15419.95833,8129,63.0,1,0,0,0
1,debt_consolidation,0.1158,495.21,11.19821472,10.22,752,8400.0,16877,54.4,1,0,0,0
1,all_other,0.1726,751.47,10.77895629,13.38,667,5646.958333,0,0.0,1,3,0,0
1,all_other,0.08,156.69,10.98860925,7.12,752,5669.958333,13538,48.9,3,0,0,0
1,all_other,0.08,100.28,10.30895266,2.84,762,2550.0,179,0.5,1,0,0,0
1,educational,0.1284,268.95,9.472704636,0.0,717,1440.0,0,0.0,3,0,0,1
1,debt_consolidation,0.0768,124.77,10.81985828,17.06,782,4290.0,1950,18.7,3,0,0,0
1,debt_consolidation,0.1189,265.32,9.903487553,8.46,712,4169.958333,14326,75.4,0,0,0,0
1,all_other,0.1221,59.97,11.00209984,19.82,732,3720.0,16854,96.3,0,0,0,0
1,debt_consolidation,0.1316,337.71,10.73639668,15.47,687,1679.958333,4351,33.7,0,0,0,1
1,debt_consolidation,0.1442,275.07,10.89673933,7.0,662,1949.958333,14867,57.6,2,0,0,0
1,all_other,0.0963,288.85,11.35045359,7.19,757,2759.958333,11,0.1,1,0,0,1
1,all_other,0.1505,173.46,11.35040654,14.04,672,5490.0,9952,97.6,1,0,0,0
1,debt_consolidation,0.1221,283.18,11.08214255,9.18,692,1979.958333,9283,72.5,0,0,0,0
1,debt_consolidation,0.1284,268.95,10.71441777,8.32,712,2100.0,9572,76.6,0,0,0,0
1,credit_card,0.1568,700.04,11.69524702,16.77,677,2280.0,29799,53.0,3,0,0,0
1,home_improvement,0.1284,282.4,11.9381932,0.39,712,8159.958333,5714,28.4,3,0,0,0
1,debt_consolidation,0.08,94.01,10.30895266,10.4,742,3809.958333,8112,18.2,0,0,0,0
1,credit_card,0.1253,351.4,10.84941475,23.49,697,2850.0,18709,63.9,1,0,0,0
1,all_other,0.1442,120.34,10.22441096,14.67,672,5249.958333,10455,95.3,3,1,0,1
1,credit_card,0.1062,162.8,10.08580911,21.6,707,4800.0,6010,41.4,0,1,0,0
1,debt_consolidation,0.1095,523.42,10.6214249,17.0,752,4290.0,1850,7.6,1,0,0,0
1,major_purchase,0.1126,262.91,11.00209984,4.46,742,2550.0,4824,47.8,2,0,0,0
1,home_improvement,0.1126,427.23,11.21187442,15.31,742,5580.0,957,16.8,2,0,0,0
1,debt_consolidation,0.1126,657.27,11.40756495,12.15,757,3779.958333,5948,56.6,0,0,0,0
1,debt_consolidation,0.0963,385.14,11.08214255,11.76,752,7650.0,54707,50.6,2,0,0,1
1,debt_consolidation,0.1284,470.66,11.88448902,8.88,717,1110.0,2424,15.6,1,0,0,0
1,all_other,0.1284,141.2,10.23466006,10.21,682,4020.0,4002,61.6,2,0,0,1
1,debt_consolidation,0.167,497.02,11.15625052,12.75,707,5088.0,65335,66.9,1,0,0,0
1,debt_consolidation,0.1253,284.47,11.14739716,22.05,692,7020.0,33321,83.5,1,0,0,0
1,debt_consolidation,0.0963,320.95,11.22524339,13.79,737,3059.958333,21027,17.7,1,0,0,0
1,all_other,0.1284,571.51,10.16585182,7.8,752,13140.0,77929,8.3,7,0,0,1
1,credit_card,0.0932,188.49,10.96819829,5.07,737,5341.958333,4499,17.8,1,0,0,0
1,debt_consolidation,0.1537,418.16,10.91508846,8.51,672,4410.0,7494,94.9,1,0,0,0
1,all_other,0.1474,207.23,9.85198371,12.32,662,1770.0,5825,48.5,0,0,0,0
1,all_other,0.1158,495.21,11.71177632,4.34,727,4740.0,13410,20.0,0,0,0,0
1,all_other,0.1568,490.03,11.66992921,6.02,687,3240.0,7755,90.2,1,0,0,0
1,credit_card,0.1158,351.6,10.91508846,9.25,717,7199.958333,17808,58.0,2,0,0,0
1,debt_consolidation,0.1253,234.27,11.00209984,6.64,697,5729.958333,11391,67.0,1,0,0,0
1,all_other,0.0768,155.96,10.48793532,3.65,797,9420.0,4787,10.8,0,0,0,0
1,credit_card,0.1474,518.06,11.08214255,6.79,687,2130.0,11314,87.0,2,0,0,0
1,debt_consolidation,0.1316,709.18,11.77528973,8.23,702,10590.0,11956,71.1,2,0,1,0
1,debt_consolidation,0.1347,254.42,10.77687078,13.23,677,3179.958333,8815,51.0,1,0,0,0
1,all_other,0.1284,47.07,8.494538501,17.68,722,2100.0,0,2.5,3,0,0,0
1,educational,0.1316,135.09,10.30895266,4.28,752,8279.958333,2049,9.1,8,0,0,0
1,debt_consolidation,0.1316,337.71,11.35040654,18.31,702,3240.0,16528,22.9,1,0,0,0
1,credit_card,0.1253,602.4,11.53272809,16.42,707,7859.958333,11318,35.3,0,0,0,0
1,all_other,0.1221,266.52,10.51604813,6.21,717,1589.958333,6883,65.6,0,0,0,0
1,educational,0.1357,203.82,10.30895266,10.84,677,2670.0,3962,56.6,1,0,0,0
1,debt_consolidation,0.1221,399.78,10.85892207,17.12,702,4169.958333,15524,29.0,0,0,0,0
1,debt_consolidation,0.0963,288.85,10.68051622,8.77,737,3210.0,15228,60.4,1,0,0,0
1,debt_consolidation,0.1316,371.48,10.91501573,7.62,682,2669.958333,10756,69.8,0,0,0,0
1,debt_consolidation,0.1537,261.35,10.71441777,15.84,662,3210.0,5015,85.0,0,0,0,0
1,major_purchase,0.1218,266.4,10.75790288,2.32,762,4474.0,7470,38.3,1,0,0,0
1,credit_card,0.0932,153.35,11.27720313,17.26,742,5160.0,22101,26.8,0,0,0,0
1,small_business,0.2011,623.4,11.00209984,21.34,662,3960.0,13337,59.0,0,1,1,1
1,debt_consolidation,0.1379,391.87,10.6454249,10.89,687,3660.0,11637,91.6,1,0,0,0
1,credit_card,0.1126,394.36,10.71441777,17.39,722,2699.958333,5079,14.8,2,0,0,0
1,debt_consolidation,0.1095,327.14,10.81977828,22.46,727,4169.958333,10593,37.2,0,0,0,0
1,major_purchase,0.1411,328.6,11.40756495,12.72,667,5309.958333,11265,39.0,0,2,0,0
1,debt_consolidation,0.1126,230.05,10.98778115,18.2,712,7469.958333,42157,86.6,1,0,0,0
1,debt_consolidation,0.0963,224.66,10.81977828,12.77,727,7320.0,13539,68.7,0,0,0,0
1,home_improvement,0.0963,365.88,11.8277362,4.21,807,4259.958333,58518,0.0,1,0,0,0
1,debt_consolidation,0.1095,327.14,10.81977828,8.9,727,3179.958333,6048,26.8,1,0,0,0
1,debt_consolidation,0.1505,312.23,11.0390102,11.3,662,1770.0,12842,61.7,2,0,0,0
1,debt_consolidation,0.1474,690.74,12.00150548,10.2,712,3960.0,106181,94.1,0,1,0,0
1,small_business,0.1531,417.79,11.20582949,10.39,742,2785.958333,2577,6.3,1,0,0,0
1,debt_consolidation,0.1095,314.06,11.94475983,8.75,732,3119.958333,33147,34.9,2,0,0,0
1,debt_consolidation,0.16,351.58,11.35040654,8.6,672,5220.0,9132,36.5,2,0,0,0
1,credit_card,0.1189,182.41,10.66895539,17.94,697,2819.958333,5668,76.6,3,1,0,0
1,all_other,0.0963,353.04,10.83958091,19.48,737,2910.0,1100,7.7,1,0,0,0
1,all_other,0.1126,427.23,11.3736634,18.36,732,2069.958333,5730,10.8,1,0,0,0
1,debt_consolidation,0.1189,782.67,10.91501573,16.21,737,5009.958333,29276,71.5,0,0,0,0
1,debt_consolidation,0.1189,265.32,10.59663473,15.69,717,2640.0,7131,93.8,0,0,0,0
1,debt_consolidation,0.074,139.77,11.37198383,14.18,797,4939.958333,5254,11.6,0,0,0,0
1,all_other,0.1189,497.46,11.18996158,11.85,752,2160.0,1281,2.3,4,0,0,0
1,debt_consolidation,0.1114,173.86,11.51292546,8.47,742,4896.0,73258,89.9,1,0,0,0
1,debt_consolidation,0.0963,481.42,10.87812266,10.87,782,6540.0,17040,39.4,2,0,0,0
1,debt_consolidation,0.1411,444.98,11.09741002,17.51,682,5669.958333,22388,91.3,3,2,0,0
1,debt_consolidation,0.1316,439.02,10.81977828,9.53,687,1860.0,13472,80.7,0,0,0,0
1,debt_consolidation,0.1253,589.01,11.05564061,10.05,737,6029.958333,51054,58.8,1,0,0,0
1,debt_consolidation,0.1316,351.21,11.35040654,6.73,682,4290.0,4611,30.7,0,1,0,0
1,all_other,0.0932,47.93,10.81552927,18.2,722,3720.0,1498,6.7,1,0,0,0
1,credit_card,0.1853,910.44,11.69524702,24.97,672,4290.0,96565,88.9,0,0,0,0
1,debt_consolidation,0.1316,405.25,11.2185544,18.22,697,4560.958333,10157,63.9,1,0,0,1
1,debt_consolidation,0.1183,308.15,11.40756495,4.12,722,3149.958333,1067,46.4,1,0,0,0
1,debt_consolidation,0.1158,445.69,10.84450992,15.34,717,2819.958333,13582,51.1,2,0,0,0
1,debt_consolidation,0.1189,663.28,11.1844214,14.12,727,3210.0,20979,68.6,0,0,0,0
1,debt_consolidation,0.1632,529.71,11.60823564,10.37,662,3360.0,14517,91.3,2,0,1,0
1,educational,0.1253,167.34,10.37349118,11.81,682,5130.0,1278,63.9,1,1,0,0
1,debt_consolidation,0.1426,171.53,10.81985828,18.57,667,4619.958333,10883,27.2,2,0,0,0
1,debt_consolidation,0.1095,323.87,10.57131693,14.65,727,2399.958333,10299,39.9,0,0,0,0
1,debt_consolidation,0.1411,136.92,11.15619338,2.43,682,1110.0,4177,41.4,2,0,0,0
1,debt_consolidation,0.1189,198.99,10.77895629,23.55,712,1890.0,4659,41.6,0,0,0,0
1,small_business,0.1853,538.98,11.00209984,1.58,717,3390.0,8476,66.7,1,0,0,1
1,all_other,0.1095,196.29,11.12732181,21.33,717,5639.958333,27411,42.4,2,0,0,0
1,all_other,0.1537,174.24,11.08214255,4.23,677,3869.958333,5239,22.6,1,1,0,0
1,debt_consolidation,0.1114,519.94,11.2697195,9.5,762,7721.0,13405,23.7,3,0,0,1
1,major_purchase,0.1505,104.08,10.81977828,14.93,687,5639.958333,3149,98.4,0,0,0,0
1,debt_consolidation,0.1221,333.15,10.54534144,7.14,702,3180.958333,5520,13.6,1,0,0,0
1,debt_consolidation,0.1253,334.67,11.17071681,9.8,707,5130.0,11437,35.4,2,1,0,0
1,small_business,0.1695,356.27,10.83958091,23.53,702,4410.0,19230,44.4,3,0,0,0
1,debt_consolidation,0.16,703.15,11.23843599,23.57,697,4649.958333,22037,99.3,1,0,0,0
1,educational,0.1221,399.78,11.55214618,8.75,707,6600.0,5199,12.5,1,1,0,0
1,all_other,0.0737,108.66,10.70315458,13.89,787,5339.958333,5284,7.0,2,0,0,0
1,debt_consolidation,0.0963,449.32,11.15016059,14.57,762,15119.95833,14992,34.6,0,0,0,0
1,educational,0.1114,164.02,11.15625052,14.52,717,3669.0,4093,17.1,2,0,0,0
1,debt_consolidation,0.1253,284.47,10.1266311,18.72,687,1979.958333,13604,52.5,0,0,0,0
1,debt_consolidation,0.1158,561.23,11.12198437,11.82,727,6540.0,21676,62.1,0,0,0,0
1,debt_consolidation,0.0932,460.04,11.32055357,4.29,772,5760.0,4554,9.4,2,0,0,0
1,major_purchase,0.0768,109.17,10.96819829,15.89,752,15360.0,17771,37.2,0,0,0,0
1,debt_consolidation,0.1158,429.18,11.15619338,18.22,712,4529.958333,24893,69.9,1,0,0,0
1,all_other,0.1284,268.95,10.30895266,4.28,687,4949.958333,1602,76.3,0,0,0,0
1,debt_consolidation,0.1126,709.85,11.40756495,7.91,752,4800.0,16249,72.5,1,0,0,1
1,debt_consolidation,0.1347,67.85,10.14643373,14.64,667,6809.958333,11821,33.7,0,1,0,0
1,all_other,0.1095,32.72,10.37967204,15.43,717,3899.958333,0,0.0,0,0,0,0
1,credit_card,0.1411,189.98,10.81977828,21.58,667,3119.958333,13594,63.5,2,0,0,0
1,credit_card,0.1183,424.12,10.7063856,10.65,717,3965.0,9294,19.3,2,0,0,0
1,all_other,0.1148,327.22,10.71441777,12.67,732,2913.0,696,2.7,3,1,0,0
1,credit_card,0.1284,363.08,10.77895629,22.45,687,8219.958333,15260,77.9,0,0,1,0
1,all_other,0.1316,42.22,9.574983486,21.33,667,2039.958333,1638,71.2,1,1,0,1
1,home_improvement,0.08,313.37,11.40756495,4.07,777,5160.0,2881,14.2,0,0,0,0
1,credit_card,0.08,313.37,11.32659589,8.79,777,6120.0,1226,6.8,3,0,0,0
1,debt_consolidation,0.0932,351.42,11.56171563,4.33,747,4619.958333,5297,20.2,1,0,0,0
1,home_improvement,0.1183,463.88,10.96819829,8.23,742,2153.0,0,0.0,2,0,0,0
1,credit_card,0.1221,133.26,10.57131693,24.98,692,1860.0,6714,57.9,1,0,0,1
1,debt_consolidation,0.1322,243.37,10.59663473,22.77,692,1751.0,9325,63.9,1,0,0,0
1,debt_consolidation,0.0963,385.14,11.15625052,8.86,757,4859.958333,14745,34.6,2,0,0,0
1,small_business,0.1979,287.2,10.87804719,15.26,692,3509.958333,11835,98.6,1,0,0,1
1,debt_consolidation,0.0963,144.43,11.05089001,13.33,732,2130.0,4004,17.8,3,0,0,0
1,educational,0.1189,165.82,10.30895266,18.2,732,1800.0,1984,24.8,0,0,0,1
1,debt_consolidation,0.1411,316.62,10.34174248,19.9,667,4949.958333,978,27.2,0,3,0,0
1,debt_consolidation,0.1379,204.46,11.15625052,7.99,672,8159.958333,7635,88.8,1,0,1,0
1,all_other,0.0737,99.35,10.50506754,18.15,797,7620.0,19617,24.0,0,0,0,0
1,credit_card,0.08,219.36,11.08521475,10.25,757,3990.0,15223,25.8,1,0,0,0
1,all_other,0.0963,320.95,10.68510338,1.35,737,7559.958333,1876,12.3,2,0,0,1
1,credit_card,0.1284,504.27,11.46163217,9.75,697,7919.958333,33981,77.1,0,0,1,1
1,major_purchase,0.0932,281.14,10.07744086,2.37,782,4229.958333,1483,5.3,2,0,0,0
1,all_other,0.0963,256.76,10.77895629,9.2,762,2309.958333,5060,19.5,0,0,0,0
1,all_other,0.1357,628.42,11.27720313,10.68,707,4466.0,6495,42.7,1,1,0,0
1,home_improvement,0.1095,278.07,10.6454249,0.43,817,4979.958333,84,0.5,0,0,0,0
1,all_other,0.08,47.01,11.05089001,16.9,732,2550.0,5848,44.6,1,0,0,0
1,debt_consolidation,0.1189,165.82,10.81977828,2.5,772,3149.958333,5108,33.6,0,0,0,0
1,debt_consolidation,0.0932,297.11,10.91501573,12.15,752,4470.0,2498,24.7,1,0,0,0
1,debt_consolidation,0.1148,494.53,10.77895629,7.35,742,4199.958333,16055,50.5,0,0,0,0
1,debt_consolidation,0.1284,430.31,11.00209984,11.62,697,2160.0,13957,46.1,0,0,0,0
1,debt_consolidation,0.16,527.36,11.15625052,7.83,662,6329.958333,18503,86.5,0,0,0,0
1,all_other,0.1158,825.34,11.51292546,21.05,762,6990.0,5380,12.4,2,0,0,0
1,home_improvement,0.0768,37.43,10.37349118,14.93,757,9689.958333,13271,16.2,1,0,0,0
1,debt_consolidation,0.1253,334.67,10.73639668,12.83,702,1709.958333,7882,29.0,0,0,0,0
1,debt_consolidation,0.0932,223.63,10.59663473,15.03,742,3869.958333,21414,46.0,0,0,0,0
1,debt_consolidation,0.1379,265.79,10.4341158,21.18,672,4229.958333,4601,32.0,2,0,0,1
1,debt_consolidation,0.1316,713.4,12.08168787,11.47,707,3779.958333,113283,81.2,2,0,0,0
1,credit_card,0.0963,385.14,11.00209984,19.4,762,12000.0,13659,22.0,0,0,0,0
1,debt_consolidation,0.1221,259.03,11.05089001,14.86,697,3750.0,10013,38.7,3,0,0,0
1,debt_consolidation,0.1316,675.41,11.22524339,6.75,702,5100.0,19894,78.6,0,0,1,0
1,educational,0.1189,132.66,11.12732181,19.76,707,3990.0,24802,86.4,3,0,0,1
1,major_purchase,0.1322,169.01,10.49127422,9.37,692,2769.958333,2481,50.6,1,2,0,0
1,all_other,0.1411,855.73,11.66767025,15.53,712,2789.958333,26438,48.7,1,0,0,1
1,all_other,0.0859,221.28,11.35040654,3.92,762,1896.0,17390,86.1,1,0,0,0
1,major_purchase,0.1189,530.63,11.26446411,5.23,742,3600.0,16578,44.8,0,0,0,0
1,home_improvement,0.1537,209.08,11.1844214,3.3,707,4979.958333,16860,99.2,3,0,0,0
1,debt_consolidation,0.1148,464.04,10.23981692,16.33,727,3619.0,18496,42.6,1,0,0,1
1,debt_consolidation,0.1663,248.29,10.34161344,8.32,667,2760.958333,6082,96.5,1,2,0,0
1,debt_consolidation,0.1568,875.04,11.58988651,15.73,682,3570.0,36015,88.5,1,0,0,1
1,credit_card,0.1284,365.6,10.63344871,13.76,697,3809.958333,8422,81.8,0,0,0,1
1,debt_consolidation,0.1316,270.17,10.81977828,9.96,682,5279.958333,3958,39.6,3,0,0,0
1,home_improvement,0.0932,255.58,10.66895539,16.02,752,3779.958333,5410,34.9,3,0,0,0
1,all_other,0.1253,251.0,10.77895629,20.51,692,4710.0,12189,69.3,0,0,0,0
1,all_other,0.074,124.24,9.852194258,4.93,787,4195.958333,2331,7.7,2,0,0,0
1,credit_card,0.0932,223.63,10.79957558,19.64,737,4110.0,21140,79.8,3,0,0,0
1,all_other,0.1126,98.59,11.08521475,17.21,702,5760.0,16389,58.1,0,0,0,0
1,debt_consolidation,0.0894,285.95,11.69524702,12.44,742,6375.958333,43488,68.3,3,0,0,0
1,all_other,0.1284,221.88,11.15625052,5.26,742,2850.0,993,24.8,0,0,0,0
1,educational,0.1392,170.69,9.61580548,4.0,692,1470.0,0,0.0,2,1,0,0
1,all_other,0.1221,79.96,10.49127422,7.0,692,5790.0,6655,74.8,1,0,0,0
1,small_business,0.16,70.32,11.27720313,12.58,682,3293.0,4047,30.7,2,0,0,0
1,debt_consolidation,0.08,231.89,10.51867319,13.43,752,5790.0,6938,24.1,2,0,0,0
1,debt_consolidation,0.1531,163.64,9.862665558,8.56,677,1920.0,1089,90.7,0,1,0,0
1,debt_consolidation,0.1284,268.95,10.75790288,14.76,692,2009.958333,11798,88.7,1,0,0,1
1,all_other,0.1347,50.89,9.798127037,21.47,707,1289.958333,865,86.5,0,0,0,0
1,all_other,0.1496,297.95,10.50506754,18.58,682,1110.0,8559,41.0,1,0,0,0
1,debt_consolidation,0.08,109.68,10.30895266,2.24,747,1709.958333,2298,18.5,3,0,0,0
1,debt_consolidation,0.1183,231.94,10.34884622,5.69,712,2460.958333,6955,63.8,1,0,0,0
1,credit_card,0.1253,669.33,11.58988651,15.77,717,12120.0,33900,56.4,1,0,0,0
1,credit_card,0.0894,317.72,11.00791623,4.24,742,2160.0,14188,27.3,2,0,0,0
1,all_other,0.1426,247.01,11.22524339,18.13,667,1835.0,39236,63.4,1,0,0,0
1,educational,0.1148,82.43,10.46310334,18.62,702,5190.0,8677,57.8,2,0,0,0
1,debt_consolidation,0.1322,162.25,10.6454249,15.6,677,2013.958333,9090,58.3,0,0,0,0
1,credit_card,0.1287,151.35,10.46310334,19.78,682,2490.0,4726,73.8,1,0,0,0
1,all_other,0.1287,605.4,10.67442876,13.27,707,5430.0,3423,15.2,0,0,0,0
1,credit_card,0.0894,201.75,10.49127422,21.6,732,3303.0,4508,18.6,0,0,0,0
1,debt_consolidation,0.0894,312.95,10.37349118,16.95,737,2313.958333,3760,20.5,0,0,0,0
1,credit_card,0.1739,645.26,12.40901349,15.67,672,6094.958333,145711,96.2,0,1,0,0
1,debt_consolidation,0.1218,163.17,11.15625052,17.5,697,3360.0,5040,67.2,0,0,0,0
1,all_other,0.1183,41.42,10.29214554,21.4,697,4110.0,11339,78.7,0,0,0,0
1,debt_consolidation,0.0894,182.69,10.7342204,20.94,727,3210.0,4902,47.1,0,0,0,0
1,credit_card,0.1392,652.87,11.40978471,10.28,697,5190.0,11573,61.9,1,0,0,0
1,credit_card,0.1322,101.41,10.82778673,11.45,692,5553.0,21085,36.8,0,0,0,0
1,all_other,0.1253,83.67,10.54691914,10.97,682,4410.0,7527,56.6,0,0,0,0
1,all_other,0.1426,34.31,8.853665428,13.54,677,8099.0,2252,86.6,1,0,0,0
1,credit_card,0.1114,360.84,10.76130135,19.52,727,3570.0,15085,70.5,2,0,0,0
1,debt_consolidation,0.1392,256.03,10.81977828,13.9,677,5460.0,3676,70.5,0,0,0,1
1,debt_consolidation,0.1114,393.65,10.37349118,18.0,737,6483.958333,18340,67.9,1,0,0,0
1,debt_consolidation,0.0894,381.26,10.59653473,13.68,767,5850.0,11012,30.5,0,0,0,0
1,debt_consolidation,0.1392,273.1,11.28978191,13.38,677,3994.0,9356,50.0,2,0,1,0
1,debt_consolidation,0.1565,160.07,10.12647109,23.62,712,2880.0,9912,99.1,0,0,0,0
1,all_other,0.1357,195.32,10.6454249,13.19,677,3660.0,10417,91.4,0,1,0,0
1,all_other,0.1183,579.85,11.27654469,0.3,752,4351.0,209,1.2,4,0,0,0
1,all_other,0.1322,219.71,11.04292184,9.23,682,4259.958333,4856,44.6,0,0,0,0
1,debt_consolidation,0.1148,659.37,11.56171563,7.23,767,5400.0,3700,51.4,2,0,0,0
1,credit_card,0.1218,666.0,12.15477935,24.04,722,9692.958333,121159,74.3,0,0,0,0
1,credit_card,0.1114,157.46,10.46310334,23.66,722,3570.0,14480,56.7,0,0,0,0
1,credit_card,0.0774,202.93,10.81977828,16.54,747,3899.958333,7689,43.0,0,0,0,0
1,credit_card,0.1322,365.05,10.95080655,19.03,692,3660.0,31861,76.0,1,0,0,0
1,debt_consolidation,0.1287,269.07,10.16585182,5.72,707,3240.0,3045,47.6,0,0,0,0
1,all_other,0.0894,362.2,10.66895539,24.78,752,3036.041667,6057,11.6,1,0,0,0
1,home_improvement,0.1287,232.07,10.57131693,4.65,692,4080.0,903,19.6,1,0,0,0
1,debt_consolidation,0.1253,73.63,10.22194128,23.26,682,6857.958333,15225,55.0,0,1,0,0
1,credit_card,0.0894,317.72,10.91501573,12.76,742,3240.0,10041,47.8,2,0,0,0
1,all_other,0.0859,189.67,10.96812932,8.61,732,5850.0,19397,38.3,1,0,0,0
1,debt_consolidation,0.1426,514.59,10.858999,19.68,687,3313.0,22918,90.9,1,0,0,0
1,debt_consolidation,0.1148,494.53,11.35035948,10.02,742,4770.0,14125,40.2,1,0,0,0
1,all_other,0.0859,221.28,11.40756495,4.88,737,8939.958333,13253,20.2,1,0,0,0
1,credit_card,0.1322,676.02,12.01370075,16.83,712,7199.958333,144165,64.9,0,0,0,0
1,credit_card,0.0894,114.38,11.22524339,18.3,712,4715.0,48538,53.0,1,0,0,0
1,small_business,0.167,177.51,10.61888534,20.39,702,4139.958333,5082,31.6,0,0,0,0
1,debt_consolidation,0.0859,252.89,10.59663473,17.7,757,6180.0,26120,32.7,1,0,0,0
1,all_other,0.1253,80.32,10.46310334,21.79,707,2910.0,16022,97.7,0,0,0,0
1,debt_consolidation,0.1392,102.42,10.76231865,3.05,677,2490.0,4339,51.5,3,0,0,0
1,home_improvement,0.1183,530.15,11.08214255,4.91,742,3991.0,9562,70.4,2,0,0,0
1,debt_consolidation,0.1148,362.66,10.21464198,12.84,712,7859.958333,11534,66.7,1,0,0,0
1,debt_consolidation,0.1253,112.95,9.798127037,24.2,687,2880.0,15813,79.1,0,0,0,0
1,debt_consolidation,0.0774,312.19,11.81303006,7.7,787,5639.958333,4200,5.8,1,0,0,0
1,debt_consolidation,0.1496,277.16,11.06663836,8.91,697,1830.0,6908,94.6,0,0,0,0
1,debt_consolidation,0.1114,423.17,11.00209984,6.24,742,3990.0,12419,34.8,0,0,0,0
1,debt_consolidation,0.1148,494.53,11.08214255,12.02,742,3240.0,15757,64.6,0,0,0,0
1,debt_consolidation,0.0774,156.1,9.61580548,15.6,757,6870.0,11602,37.9,2,0,0,0
1,debt_consolidation,0.1183,662.68,11.56171563,3.69,757,1679.958333,1470,14.7,0,0,0,0
1,major_purchase,0.0859,284.5,11.22524339,4.83,792,3089.958333,2563,9.1,0,0,0,0
1,home_improvement,0.1218,399.6,11.51292546,17.09,712,7559.958333,17176,46.4,2,0,0,0
1,credit_card,0.1461,689.51,11.35223181,15.15,697,5550.0,32954,90.0,0,0,0,0
1,debt_consolidation,0.1287,437.24,11.26446411,6.26,702,5249.958333,1783,59.4,2,0,0,0
1,debt_consolidation,0.0774,287.22,11.02640213,1.78,792,7050.0,4600,18.4,0,0,0,0
1,credit_card,0.1148,626.41,12.07254125,12.73,747,8219.958333,29658,42.2,1,0,0,0
1,all_other,0.0859,158.06,10.40438405,2.29,737,3570.0,2870,11.4,0,0,0,0
1,small_business,0.1531,626.68,11.46163217,17.38,727,4710.0,35712,51.9,3,0,0,0
1,home_improvement,0.0774,312.19,11.15625052,15.1,797,9029.958333,9109,73.2,1,0,0,0
1,all_other,0.1287,94.18,10.72161404,3.52,682,4289.958333,2391,30.7,1,0,0,1
1,educational,0.1322,162.25,10.81977828,11.98,677,1949.958333,2523,40.0,0,0,0,0
1,home_improvement,0.0774,234.14,10.34817337,3.08,797,6089.958333,1147,8.8,1,0,0,0
1,debt_consolidation,0.0774,218.54,10.858999,2.58,767,3419.958333,4139,15.6,0,0,0,0
1,all_other,0.1287,201.8,11.08220409,13.09,682,3960.0,10134,38.5,1,0,0,0
1,major_purchase,0.0859,316.11,11.19821472,6.87,767,3509.958333,11140,13.0,0,0,0,0
1,debt_consolidation,0.1218,666.0,11.1123882,20.11,727,2940.0,26359,67.6,1,0,0,0
1,debt_consolidation,0.16,492.21,11.22524339,16.32,662,3929.958333,12944,65.0,3,0,0,0
1,all_other,0.0859,151.73,10.96812932,8.07,737,2880.0,3333,20.1,1,0,0,0
1,major_purchase,0.0859,158.06,10.59663473,6.87,737,3149.958333,8914,74.9,1,0,0,0
1,major_purchase,0.1253,160.64,11.05405958,11.94,687,3390.0,1725,33.8,1,2,0,0
1,credit_card,0.1316,261.72,10.16585182,17.54,677,2721.958333,4034,67.2,0,0,0,0
1,credit_card,0.1392,682.74,11.33857208,20.03,707,9359.958333,27584,54.8,1,0,0,0
1,all_other,0.1357,33.97,9.392661929,14.0,682,1380.0,4352,62.2,1,0,0,1
1,small_business,0.16,703.15,11.00209984,15.9,747,5700.958333,15018,42.9,2,0,0,0
1,all_other,0.0774,140.49,10.69203582,15.3,752,3119.958333,7204,31.3,0,0,0,0
1,debt_consolidation,0.1531,522.23,11.00209984,21.36,677,2161.0,10872,86.3,0,0,0,0
1,debt_consolidation,0.1531,696.31,11.26446411,20.52,722,3300.0,21881,21.8,2,0,0,0
1,debt_consolidation,0.1357,407.63,11.26446411,23.72,682,4649.958333,28843,84.8,1,0,0,0
1,debt_consolidation,0.1218,166.5,11.1844214,24.73,692,5160.0,22457,81.7,0,0,0,0
1,all_other,0.0774,93.66,11.06975849,1.27,762,1890.0,4347,7.4,0,0,0,0
1,small_business,0.1704,713.49,11.51292546,12.65,702,4110.0,6939,31.4,3,0,0,0
1,debt_consolidation,0.1253,133.87,10.46321762,2.3,692,3539.958333,1390,27.8,1,0,0,0
1,major_purchase,0.1148,115.39,10.46310334,7.58,707,8370.0,4336,12.5,1,0,0,0
1,all_other,0.1183,662.68,11.22524339,5.66,737,6075.958333,25818,53.5,0,0,0,0
1,educational,0.1114,65.61,10.6454249,13.49,712,5369.958333,11817,15.7,0,0,0,0
1,credit_card,0.1322,87.89,10.20359214,9.51,692,1619.958333,47,0.5,3,1,0,0
1,debt_consolidation,0.1183,99.41,10.6454249,24.75,697,3119.958333,11900,62.6,0,0,0,0
1,all_other,0.1739,143.39,10.8704714,13.19,662,3030.0,24666,99.1,0,0,0,0
1,debt_consolidation,0.1357,366.86,10.91508846,19.85,702,3030.0,12207,70.6,1,0,0,0
1,all_other,0.1183,132.54,10.71441777,23.95,762,4199.958333,0,0.0,0,0,0,0
1,debt_consolidation,0.1392,177.52,10.46310334,8.09,677,3720.0,6194,53.4,0,0,0,0
1,educational,0.0859,316.11,10.59653473,4.71,772,2130.0,229,2.6,0,0,0,0
1,major_purchase,0.1148,395.63,10.9560559,16.27,732,3960.0,21528,64.3,1,0,0,0
1,debt_consolidation,0.1357,407.63,10.858999,15.48,682,3929.958333,8718,45.6,0,0,0,0
1,debt_consolidation,0.1114,262.43,11.03488966,9.54,732,2520.0,2970,6.0,0,0,0,0
1,credit_card,0.1253,33.47,10.19054443,21.12,682,5969.958333,17080,44.1,0,2,0,0
1,all_other,0.1148,247.27,10.94022444,9.68,737,3779.958333,7341,68.6,0,0,0,0
1,credit_card,0.1183,298.21,11.15625052,10.83,712,2459.958333,9237,41.4,1,0,0,0
1,all_other,0.1565,227.41,10.65725935,13.16,662,4320.0,1542,90.7,1,0,0,1
1,credit_card,0.1496,242.52,11.1844214,12.59,662,2130.0,8018,29.8,1,0,0,0
1,home_improvement,0.1114,492.06,11.09741002,13.98,752,7260.0,17312,68.4,2,0,0,0
1,small_business,0.1496,692.9,11.5228758,14.48,767,5400.0,21076,48.1,1,0,0,0
1,debt_consolidation,0.1392,682.74,10.71441777,7.95,697,8130.0,18367,79.9,1,0,0,0
1,debt_consolidation,0.1218,399.6,11.40756495,16.27,707,2820.958333,34730,52.6,0,0,0,0
1,all_other,0.1114,164.02,11.00209984,13.72,717,9450.0,6577,15.8,2,0,0,0
1,small_business,0.1392,358.44,11.16336799,22.21,757,3690.0,9551,29.2,0,0,0,1
1,debt_consolidation,0.1426,480.29,11.60823564,20.04,682,4080.0,48306,86.8,0,0,0,1
1,credit_card,0.1114,328.04,11.49679608,12.45,732,4890.041667,33186,57.8,3,0,0,0
1,debt_consolidation,0.1253,167.34,9.862665558,12.06,687,2190.0,2365,60.6,0,0,0,0
1,debt_consolidation,0.0894,397.15,10.6454249,14.86,762,3990.0,10687,30.9,0,0,0,0
1,debt_consolidation,0.0894,317.72,11.71177632,14.5,737,5850.0,31607,81.0,3,0,0,0
1,small_business,0.1531,530.94,11.98292909,19.72,727,5940.0,6563,17.9,1,0,0,0
1,credit_card,0.0894,444.81,10.858999,10.89,762,4807.0,8447,50.9,0,0,0,0
1,credit_card,0.0859,410.94,10.9331784,17.96,777,5669.958333,13368,34.7,2,0,0,0
1,all_other,0.0859,395.13,11.82038075,5.87,772,4080.0,5068,16.6,3,0,0,0
1,all_other,0.1253,348.05,10.6214249,11.5,712,2130.0,2045,14.4,3,0,0,0
1,all_other,0.1183,424.12,11.56171563,9.71,717,8446.0,31280,51.2,1,0,0,0
1,credit_card,0.0774,237.27,10.69666105,5.67,772,5609.958333,6616,24.4,1,0,0,0
1,debt_consolidation,0.1322,676.02,11.40756495,18.03,812,3929.958333,32422,95.6,1,0,0,0
1,all_other,0.0859,173.86,10.65282601,12.11,782,2280.0,39,0.3,0,0,0,0
1,major_purchase,0.0859,316.11,11.71180911,2.85,792,5639.958333,16,0.0,3,0,0,0
1,debt_consolidation,0.1287,622.22,11.88448902,1.62,712,4080.0,25063,53.3,0,0,0,0
1,major_purchase,0.0774,156.1,10.58405595,10.27,797,5490.0,2629,8.8,2,0,0,0
1,all_other,0.0859,63.23,12.14421852,8.55,722,4979.958333,26702,75.0,0,0,0,0
1,home_improvement,0.1287,336.34,11.51292546,15.67,692,4380.0,32268,73.0,3,0,0,0
1,debt_consolidation,0.1253,411.64,10.34817337,22.12,702,2280.0,14537,77.3,0,0,0,0
1,debt_consolidation,0.1218,499.5,10.858999,8.88,747,11129.95833,9184,50.5,0,0,0,0
1,all_other,0.1635,229.64,9.99149843,8.74,677,1259.958333,6467,82.9,3,0,0,0
1,major_purchase,0.1496,34.65,10.51867319,18.26,667,1410.0,3150,54.3,0,0,0,0
1,debt_consolidation,0.1148,652.78,11.66134547,1.29,767,5970.0,4110,34.5,0,0,0,0
1,debt_consolidation,0.1322,676.02,11.35040654,16.63,707,4529.958333,25299,58.2,2,0,0,0
1,debt_consolidation,0.0774,312.19,10.77895629,2.38,797,5400.0,4650,14.1,0,0,0,0
1,credit_card,0.1183,662.68,10.81985828,21.48,737,3960.0,32556,82.0,0,0,0,0
1,all_other,0.1253,200.8,11.73606902,11.11,687,5190.0,19058,41.8,0,0,0,0
1,credit_card,0.1183,662.68,11.40756495,14.55,737,6119.958333,24839,81.2,0,0,0,0
1,credit_card,0.1357,271.75,11.1844214,14.28,682,4740.0,8180,88.1,1,0,0,0
1,debt_consolidation,0.1531,409.08,10.81985828,22.51,667,3878.958333,32470,87.5,3,0,0,0
1,credit_card,0.0894,508.35,11.73606902,13.16,772,7320.0,78059,28.3,0,0,0,0
1,credit_card,0.1183,497.01,10.34817337,13.04,727,6359.958333,16566,43.0,0,0,0,0
1,all_other,0.16,105.48,9.998797732,6.71,697,3929.958333,2196,99.8,0,0,0,1
1,debt_consolidation,0.0774,218.54,10.76848499,17.81,752,4770.0,7125,34.4,1,0,0,0
1,debt_consolidation,0.1218,290.55,10.27518903,20.31,702,2950.0,5830,36.9,0,0,0,0
1,debt_consolidation,0.1461,689.51,11.73606902,14.19,687,9930.0,31076,79.7,0,0,0,0
1,debt_consolidation,0.1148,659.37,11.18266986,11.37,747,7380.0,26967,63.0,0,0,0,0
1,all_other,0.0859,113.8,10.59663473,10.32,727,3809.958333,3376,49.3,0,2,0,0
1,debt_consolidation,0.1461,172.38,11.46163217,0.25,697,3300.0,521,57.9,0,1,0,1
1,debt_consolidation,0.1426,54.89,10.77895629,16.15,667,2670.0,1587,41.8,2,0,0,0
1,all_other,0.1148,138.47,11.08214255,11.11,722,4380.0,4351,76.3,0,0,0,0
1,debt_consolidation,0.1392,160.45,10.22194128,21.6,667,5550.0,2960,82.2,0,0,1,0
1,small_business,0.1392,211.65,10.65725935,24.04,747,4110.0,665,10.6,3,0,0,0
1,major_purchase,0.0774,218.54,12.10071213,4.31,787,8730.0,205,0.6,3,0,0,0
1,major_purchase,0.0894,381.26,11.51292546,11.27,747,4649.958333,23270,41.0,1,0,0,0
1,debt_consolidation,0.1531,226.3,10.59913161,23.64,672,3419.958333,17512,90.3,0,0,0,0
1,home_improvement,0.1253,502.0,11.28978191,0.13,802,7102.0,9,0.1,0,0,0,0
1,all_other,0.1218,499.5,11.41861479,0.01,782,2789.958333,6321,12.3,4,0,0,1
1,all_other,0.074,86.97,8.987196821,15.15,752,2190.0,2146,20.2,0,0,0,0
1,debt_consolidation,0.1218,499.5,11.26968124,18.26,717,7320.0,32207,61.7,3,0,0,0
1,home_improvement,0.1322,338.01,10.37349118,3.6,777,1800.0,0,0.04,0,0,0,0
1,small_business,0.1704,713.49,12.13598274,12.5,702,6510.0,21048,58.1,0,0,0,1
1,home_improvement,0.1426,229.85,10.34817337,10.08,677,4860.0,6007,34.1,0,1,0,0
1,all_other,0.1357,169.85,10.83036208,14.75,687,3899.958333,0,0.0,0,1,0,0
1,debt_consolidation,0.1253,522.08,11.35035948,9.05,717,1770.0,5760,22.5,0,0,0,1
1,credit_card,0.16,467.6,10.59350484,4.6,667,1709.958333,11086,79.2,0,0,0,0
1,debt_consolidation,0.1392,682.74,11.28603741,17.09,697,4684.0,26379,79.9,0,0,0,0
1,debt_consolidation,0.1253,167.34,9.903687533,11.04,707,1739.958333,6361,34.7,0,0,0,0
1,home_improvement,0.1253,401.6,11.21182037,8.29,707,8969.958333,4358,46.4,2,0,0,0
1,all_other,0.0774,191.22,11.23056255,12.86,757,6029.958333,5583,12.5,1,0,0,0
1,home_improvement,0.1148,659.37,12.4292162,6.89,762,5729.958333,18068,42.7,1,0,0,0
1,all_other,0.1253,669.33,11.72803684,1.61,772,3449.958333,2757,0.0,4,0,0,1
1,debt_consolidation,0.0894,190.63,11.00209984,22.48,742,5190.0,7056,27.9,4,0,0,0
1,educational,0.1114,164.02,10.30895266,14.48,762,2940.0,135,1.8,0,0,0,0
1,all_other,0.1183,231.94,11.08214255,23.39,712,2940.0,14425,41.9,1,0,0,0
1,debt_consolidation,0.0894,317.72,12.10071213,4.33,742,4259.958333,1341,12.1,3,0,0,1
1,debt_consolidation,0.167,619.5,11.03488966,22.06,672,4649.958333,24971,61.4,1,0,0,0
1,debt_consolidation,0.1114,295.24,11.1844214,9.87,732,4020.0,23255,45.1,3,0,0,0
1,credit_card,0.1148,395.63,10.81977828,13.87,727,3839.958333,15684,42.4,2,0,0,0
1,debt_consolidation,0.1565,524.8,12.68354829,15.58,672,10200.0,17057,82.4,1,0,0,0
1,debt_consolidation,0.1422,219.42,10.59663473,0.57,687,1860.0,899,13.2,1,0,0,1
1,debt_consolidation,0.1426,543.75,10.81977828,22.66,682,2369.958333,16643,63.8,3,0,0,0
1,debt_consolidation,0.0894,317.72,11.03488966,13.28,747,5550.0,7107,20.0,2,0,0,0
1,home_improvement,0.1218,399.6,10.6214249,5.24,712,1899.0,10117,36.3,2,0,0,0
1,debt_consolidation,0.1148,337.93,11.28978191,11.13,752,3600.0,7268,24.9,1,0,0,1
1,debt_consolidation,0.16,351.58,11.11016619,10.3,662,3059.958333,15735,87.8,1,1,0,0
1,debt_consolidation,0.16,140.63,11.1124479,14.61,677,4919.958333,1478,73.9,1,0,0,0
1,debt_consolidation,0.1843,363.7,11.35040654,12.51,667,2580.0,12337,96.4,0,0,0,0
1,home_improvement,0.0894,333.61,10.30895266,2.84,762,4380.0,3257,15.1,1,0,0,0
1,credit_card,0.1148,329.69,11.22524339,21.81,717,6749.958333,12443,42.6,3,0,1,0
1,debt_consolidation,0.1461,689.51,11.51292546,22.55,677,5699.958333,25920,36.8,0,2,0,0
1,educational,0.1148,118.69,9.903687533,3.6,722,1530.0,3475,21.6,2,0,0,0
1,major_purchase,0.1496,519.68,12.0552265,10.49,677,3364.0,2079,36.5,2,0,0,0
1,debt_consolidation,0.1322,676.02,11.56171563,24.89,707,5820.0,63861,65.1,0,0,0,1
1,small_business,0.1739,716.95,10.71441777,0.32,712,2729.958333,589,3.8,0,0,0,0
1,debt_consolidation,0.0894,381.26,11.73606902,8.85,757,5729.958333,22949,46.7,0,0,0,0
1,all_other,0.0894,381.26,11.60823564,7.3,807,4979.958333,1,0.1,0,0,0,0
1,credit_card,0.1183,662.68,11.35040654,24.27,737,5610.0,43878,66.6,3,0,0,1
1,debt_consolidation,0.1426,411.67,11.22524339,24.77,677,6180.0,16958,92.2,0,0,0,0
1,debt_consolidation,0.1461,189.62,11.27456675,8.04,672,1830.0,7841,94.5,1,0,0,0
1,all_other,0.0894,127.09,11.08214255,12.24,742,11190.95833,8782,38.3,4,0,0,1
1,credit_card,0.1114,160.74,10.89851552,24.38,712,3869.958333,10378,49.2,1,0,0,0
1,debt_consolidation,0.0774,124.88,10.4341158,15.6,772,5639.958333,866,2.4,1,0,0,0
1,credit_card,0.0894,317.72,11.22524339,23.64,737,6900.0,39304,33.9,0,0,0,0
1,debt_consolidation,0.1148,659.37,10.81977828,23.52,747,11939.95833,24123,58.1,1,0,0,0
1,all_other,0.1392,143.38,9.852194258,23.05,682,1590.0,4483,83.0,1,0,0,0
1,small_business,0.1704,89.19,11.15247196,0.0,697,8370.0,0,0.0,0,1,0,0
1,educational,0.1322,67.61,8.29404964,6.0,697,1140.0,598,54.4,2,0,0,0
1,credit_card,0.0859,309.78,10.77895629,13.5,757,4803.0,10216,20.9,0,0,0,0
1,credit_card,0.1218,249.75,11.28978191,9.04,742,6089.958333,7431,50.5,1,0,0,0
1,credit_card,0.1704,713.49,11.00209984,17.4,672,5190.0,23595,86.7,2,0,0,0
1,debt_consolidation,0.0859,442.55,11.03495418,11.11,802,6930.0,15647,11.3,2,0,0,0
1,credit_card,0.1287,588.59,11.69524702,14.98,712,2759.958333,10488,45.0,2,0,0,0
1,credit_card,0.0774,234.14,10.23995979,22.37,782,13049.95833,9800,17.7,0,0,0,0
1,all_other,0.0859,94.84,10.81985828,3.72,767,9989.958333,7074,28.3,0,0,0,0
1,debt_consolidation,0.1218,283.05,11.30713055,6.8,707,7859.958333,58907,58.7,0,1,0,0
1,major_purchase,0.1183,132.54,11.00209984,8.44,707,5249.958333,8459,63.1,0,1,0,0
1,credit_card,0.1253,200.8,10.49127422,19.0,687,2880.0,7333,34.7,0,1,0,0
1,credit_card,0.1183,662.68,10.89673933,5.0,757,4230.958333,22872,66.9,0,0,0,0
1,home_improvement,0.1148,659.37,12.20607265,6.97,777,7829.958333,1719,2.8,2,0,0,0
1,debt_consolidation,0.1114,623.27,11.08846101,21.56,787,5460.0,3526,7.8,0,0,0,0
1,all_other,0.0774,249.75,10.81977828,12.58,782,9692.958333,4071,8.7,1,0,0,0
1,debt_consolidation,0.1392,648.61,11.35040654,12.9,692,7140.958333,7541,82.0,2,0,0,0
1,small_business,0.1704,249.72,10.59663473,6.9,702,4320.0,5035,76.0,1,1,0,1
1,debt_consolidation,0.1357,679.37,11.1844214,23.22,702,7980.0,46881,62.9,1,0,0,0
1,debt_consolidation,0.1183,430.75,10.54006438,16.25,772,2250.0,3495,26.3,0,0,0,0
1,all_other,0.0894,111.21,10.23995979,1.71,727,2099.958333,2697,69.2,1,0,0,0
1,debt_consolidation,0.1322,676.02,11.19674789,20.31,707,7529.958333,67342,58.6,0,0,0,0
1,major_purchase,0.1496,207.87,10.59663473,8.49,662,4043.0,2998,19.1,0,0,0,1
1,home_improvement,0.1148,494.53,11.91839057,6.42,732,4830.0,10818,50.8,0,0,0,0
1,debt_consolidation,0.0894,460.69,11.49272276,17.2,762,5108.0,5564,20.7,0,0,0,0
1,debt_consolidation,0.1357,169.85,11.03488966,17.79,707,3921.958333,6283,55.6,3,0,0,0
1,credit_card,0.1114,262.43,10.91508846,18.89,722,5639.958333,36269,41.6,1,1,0,0
1,credit_card,0.1148,435.19,10.6501755,13.79,747,5970.0,36646,32.5,0,0,0,0
1,home_improvement,0.1148,164.85,11.56171563,15.55,707,3059.958333,29097,79.7,1,0,0,0
1,small_business,0.1704,214.05,10.81977828,9.96,682,1890.0,8599,91.6,0,0,0,0
1,debt_consolidation,0.1253,481.92,11.22524339,9.66,712,4714.0,16916,78.7,0,0,0,0
1,educational,0.1496,242.52,10.75790288,21.8,672,3179.958333,6699,64.9,1,2,0,0
1,all_other,0.1114,472.38,11.08214255,15.82,742,3960.0,8799,34.5,2,1,0,0
1,debt_consolidation,0.1531,278.53,11.48246626,13.32,662,5309.958333,6637,61.8,0,0,0,0
1,all_other,0.0859,110.64,10.96819829,19.74,732,3038.0,17929,37.0,2,0,0,0
1,all_other,0.1114,65.61,10.51867319,17.51,707,5250.0,22624,65.4,0,1,0,0
1,debt_consolidation,0.1426,343.06,11.12726298,15.63,682,5039.958333,876,25.0,1,0,0,0
1,debt_consolidation,0.1461,344.76,10.30895266,11.36,672,2429.958333,10544,57.0,1,2,0,0
1,credit_card,0.1183,149.11,10.93310697,15.39,707,4350.0,4624,17.6,0,0,0,0
1,all_other,0.1253,83.67,10.96812932,16.41,682,5759.958333,22107,80.1,3,0,0,0
1,all_other,0.0859,189.67,10.89673933,11.98,742,3929.958333,10275,43.9,0,0,0,0
1,major_purchase,0.1287,302.7,11.11382009,15.85,692,3209.958333,22002,81.2,3,0,0,0
1,all_other,0.0774,218.54,10.30895266,8.28,777,8490.0,0,0.0,0,0,0,0
1,debt_consolidation,0.1322,304.21,11.41751528,9.81,692,6839.958333,19262,85.6,1,1,0,0
1,debt_consolidation,0.1913,220.33,11.13093271,16.81,662,1500.0,7843,98.0,1,0,0,0
1,debt_consolidation,0.1148,494.53,11.65268741,22.88,737,14009.95833,50282,10.9,0,0,0,0
1,all_other,0.0894,270.06,10.83958091,14.26,737,2729.958333,9304,49.8,2,0,0,0
1,small_business,0.1322,84.51,11.40756495,1.31,787,5399.958333,18373,0.0,0,0,0,0
1,home_improvement,0.1183,397.61,11.42118511,6.67,747,8070.0,11107,42.6,4,0,0,0
1,debt_consolidation,0.1635,628.86,11.35040654,19.23,667,3630.0,20300,78.7,1,0,0,0
1,debt_consolidation,0.1148,290.13,10.51856508,10.12,722,5699.958333,13884,38.7,0,0,0,0
1,credit_card,0.1704,713.49,12.10071213,10.9,677,4860.0,51497,90.3,2,0,1,0
1,debt_consolidation,0.1218,333.0,11.53272809,13.96,747,5132.0,30932,41.0,4,0,0,0
1,debt_consolidation,0.1461,51.72,10.77895629,7.25,667,3780.0,3820,93.2,2,1,0,0
1,credit_card,0.1392,54.62,11.1844214,17.65,667,3960.0,40106,80.4,0,0,0,0
1,major_purchase,0.1461,689.51,11.65268741,1.82,767,5821.0,1,0.0,2,0,0,0
1,debt_consolidation,0.0859,221.28,10.59663473,6.87,747,3240.0,7136,21.3,2,0,0,0
1,debt_consolidation,0.1287,322.88,11.65268741,24.56,692,4919.958333,49128,61.4,1,1,0,0
1,all_other,0.0859,214.16,11.66137995,0.89,807,6900.0,1890,2.3,0,0,0,0
1,debt_consolidation,0.1253,133.87,10.91508846,3.01,702,2970.0,3888,74.8,0,0,0,0
1,debt_consolidation,0.0894,317.72,11.66992921,7.88,737,4680.0,27400,44.1,1,0,0,0
1,debt_consolidation,0.0774,312.19,10.51867319,16.02,772,5070.0,15520,52.6,0,0,0,0
1,debt_consolidation,0.1426,686.12,11.28983191,21.19,692,10469.95833,11035,43.1,2,1,0,0
1,small_business,0.1392,273.1,10.53828582,5.88,772,3360.0,2195,24.1,2,0,0,1
1,debt_consolidation,0.167,710.03,11.40756495,21.8,697,6359.958333,39926,78.3,0,0,0,0
1,all_other,0.0894,76.26,10.03407712,17.06,772,6390.958333,8043,29.2,0,0,0,0
1,all_other,0.1322,169.01,10.58405595,1.12,682,3990.0,1536,15.8,1,0,0,0
1,credit_card,0.1148,150.84,9.740968623,18.14,732,2880.0,10934,65.5,0,0,0,0
1,small_business,0.1426,343.06,11.45635511,11.63,742,11549.95833,63567,70.2,3,0,0,0
1,home_improvement,0.1635,158.99,11.22524339,12.94,667,3390.0,2453,94.3,1,1,0,0
1,credit_card,0.074,186.36,11.60823564,12.86,787,9484.0,63621,13.2,0,0,0,0
1,debt_consolidation,0.1183,662.68,11.76756768,16.51,732,5699.958333,23727,31.3,0,0,0,0
1,debt_consolidation,0.0894,381.26,10.94425884,7.42,757,3509.958333,7141,24.3,0,0,0,0
1,credit_card,0.0859,316.11,11.3736634,2.62,752,3602.0,10045,33.4,1,0,0,0
1,debt_consolidation,0.1253,441.76,10.74926998,7.98,712,7229.958333,10683,70.3,1,0,0,0
1,debt_consolidation,0.1253,401.6,11.00209984,19.32,717,3600.0,14855,82.1,1,0,0,1
1,debt_consolidation,0.1287,538.14,10.858999,12.48,712,4320.0,15499,74.9,0,0,0,0
1,home_improvement,0.0894,285.95,10.89673933,9.38,742,7529.958333,59968,74.6,1,0,0,0
1,debt_consolidation,0.1183,530.15,10.62609644,10.75,727,3209.958333,16849,39.8,2,0,0,0
1,home_improvement,0.1357,679.37,11.51292546,18.81,747,3630.0,0,0.0,6,0,0,0
1,debt_consolidation,0.1183,198.81,10.12647109,20.65,717,2373.958333,0,0.0,3,0,0,0
1,all_other,0.0774,62.44,10.83958091,6.45,752,3479.958333,0,0.0,3,0,0,0
1,major_purchase,0.0774,308.29,10.91501573,9.01,782,7199.958333,9040,12.8,0,0,0,0
1,home_improvement,0.1183,119.29,11.70354582,15.14,702,7529.958333,25998,74.6,1,0,0,0
1,debt_consolidation,0.0894,349.49,10.66895539,11.0,742,8879.958333,2140,5.4,0,1,0,0
1,all_other,0.1531,233.27,10.22557105,3.78,667,3300.0,4200,56.0,1,0,0,0
1,debt_consolidation,0.1426,686.12,11.59819449,13.43,702,6449.958333,30497,93.8,0,0,1,1
1,debt_consolidation,0.1461,260.29,9.967588478,17.61,687,3209.958333,10948,96.9,0,0,0,0
1,all_other,0.1218,166.5,11.11988288,14.99,697,3874.958333,1461,23.2,1,1,1,0
1,home_improvement,0.1114,393.65,11.35040654,6.58,752,5880.0,0,0.0,0,0,0,0
1,all_other,0.0859,189.67,10.858999,21.6,732,3240.0,10813,14.9,2,0,0,0
1,debt_consolidation,0.1635,706.59,11.49516874,9.19,677,3600.0,12129,83.1,0,0,0,0
1,credit_card,0.1392,163.86,10.93310697,8.78,702,3842.958333,4645,96.8,2,0,0,0
1,credit_card,0.1322,338.01,10.77895629,22.43,687,2190.0,5082,37.6,0,0,0,0
1,credit_card,0.0894,330.43,10.51867319,8.37,737,5190.0,24416,36.7,0,0,0,0
1,educational,0.1114,164.02,10.30895266,10.32,732,1530.0,2350,7.9,1,0,0,0
1,credit_card,0.1114,328.04,10.16600565,6.55,732,2580.0,9027,37.6,1,0,0,0
1,all_other,0.0894,311.37,11.22524339,2.85,762,4200.958333,8922,40.6,1,0,0,0
1,debt_consolidation,0.0894,266.89,10.91508846,6.52,737,2819.958333,7883,45.6,0,0,0,0
1,debt_consolidation,0.1114,368.22,10.88911776,8.89,732,3600.0,13243,68.2,2,0,0,0
1,credit_card,0.0859,347.72,10.16585182,16.06,767,7532.958333,12706,22.4,0,0,0,0
1,debt_consolidation,0.1148,131.88,10.71894086,21.48,742,3708.0,2529,11.7,1,0,0,0
1,major_purchase,0.1114,82.01,10.91370569,6.34,722,4649.958333,1882,11.3,0,0,0,0
1,debt_consolidation,0.16,527.36,10.66886237,15.57,667,4051.0,16430,80.1,2,0,0,0
1,debt_consolidation,0.1148,659.37,10.83860004,9.19,762,4350.0,14818,26.3,0,0,0,0
1,debt_consolidation,0.1183,424.12,10.46310334,11.66,717,4110.0,13608,49.1,3,0,0,0
1,credit_card,0.0894,170.78,11.84877608,15.13,727,9120.0,74809,58.7,0,0,0,0
1,credit_card,0.1218,199.8,10.71441777,14.43,702,4770.0,8978,88.0,2,0,0,0
1,debt_consolidation,0.1635,565.27,11.28978191,9.63,692,3270.0,17199,98.3,1,0,0,0
1,all_other,0.1218,49.95,9.798127037,14.4,687,4619.958333,7994,62.9,0,0,0,1
1,debt_consolidation,0.1635,367.43,10.46321762,17.45,662,2339.958333,13373,86.8,1,0,0,0
1,debt_consolidation,0.1392,170.69,11.19821472,21.68,672,4320.0,38436,84.7,0,0,0,1
1,all_other,0.0859,205.47,11.33260191,11.48,737,2190.0,1653,6.6,1,0,0,0
1,small_business,0.1843,188.22,10.1266311,20.64,662,3780.0,16177,67.6,2,0,0,0
1,educational,0.0859,110.64,9.472396897,0.0,727,6540.0,11717,32.6,2,0,0,1
1,credit_card,0.1704,356.75,11.69524702,10.67,662,2039.958333,15575,97.3,0,0,0,0
1,debt_consolidation,0.1461,689.51,11.33857208,15.8,682,3899.958333,68723,30.6,2,0,0,0
1,debt_consolidation,0.1357,366.86,10.73639668,2.77,717,2221.0,5911,15.3,1,0,0,1
1,major_purchase,0.0774,156.1,10.9331784,5.12,777,4830.0,33215,65.1,2,0,0,0
1,debt_consolidation,0.1253,301.2,10.59663473,14.46,692,3630.0,11786,42.2,0,0,0,0
1,all_other,0.1426,41.17,10.81977828,14.54,672,3179.958333,16653,94.1,2,0,0,0
1,all_other,0.1426,411.67,10.6454249,1.34,687,5279.958333,4611,36.9,1,1,0,0
1,all_other,0.1357,509.53,11.0279625,15.42,712,2849.958333,6724,27.1,0,0,0,0
1,credit_card,0.1183,106.03,10.91018556,20.96,702,3630.0,16948,83.5,0,0,0,0
1,all_other,0.074,93.18,10.77895629,2.8,762,14039.95833,3771,14.7,0,0,0,0
1,major_purchase,0.0894,47.66,10.34174248,8.52,717,3960.0,1649,6.0,0,0,0,0
1,all_other,0.074,62.12,11.15625052,18.31,762,5729.958333,31305,46.8,1,0,0,0
1,debt_consolidation,0.0894,285.95,10.83486392,21.49,737,2910.0,2695,38.5,1,0,0,0
1,debt_consolidation,0.1114,246.03,10.30895266,17.52,722,2819.958333,2639,21.3,2,0,0,0
1,debt_consolidation,0.1322,546.73,11.06663836,10.13,707,7080.0,12247,45.5,1,0,0,0
1,home_improvement,0.1322,270.41,11.26446411,14.66,682,3960.0,2135,41.9,2,0,0,0
1,debt_consolidation,0.0859,145.41,10.85892207,11.91,737,4140.0,4429,15.6,1,0,0,0
1,small_business,0.1843,545.55,10.46310334,8.78,677,8279.958333,479,20.0,1,3,0,0
1,debt_consolidation,0.1322,676.02,11.24457532,17.36,707,3960.0,991,34.2,1,0,0,0
1,all_other,0.0894,305.01,11.35040654,12.01,742,5039.958333,47474,56.1,0,0,0,1
1,debt_consolidation,0.1183,165.67,11.6421978,13.63,707,3690.0,56128,84.4,0,0,0,0
1,debt_consolidation,0.0894,476.58,11.03939563,7.78,792,7118.958333,13316,33.3,1,0,0,0
1,all_other,0.1183,33.14,10.83958091,16.8,707,5101.0,8035,37.9,3,0,0,0
1,debt_consolidation,0.1253,401.6,11.26446411,18.89,702,6930.0,15074,59.6,0,0,0,0
1,debt_consolidation,0.1287,437.24,10.66895539,14.93,717,4410.0,49,3.3,2,0,0,0
1,all_other,0.0774,93.66,11.62621844,15.26,737,10680.0,32380,64.2,2,0,0,0
1,debt_consolidation,0.1183,662.68,11.1844214,13.8,747,4229.958333,15968,28.6,4,0,0,0
1,major_purchase,0.1183,497.01,12.35879373,8.53,727,4920.958333,23474,38.1,1,0,0,0
1,debt_consolidation,0.0894,317.72,11.03488966,14.37,757,1950.0,1176,4.5,0,0,0,0
1,debt_consolidation,0.1253,669.33,10.47344963,16.97,727,3149.958333,20708,54.6,0,0,0,0
1,home_improvement,0.074,68.33,10.96819829,1.43,772,5490.0,441,2.8,2,0,0,0
1,debt_consolidation,0.1357,271.75,11.79539397,17.68,682,11340.0,55045,85.2,0,1,0,0
1,all_other,0.1426,68.62,10.31304428,15.38,662,2819.958333,3759,80.0,0,1,0,0
1,all_other,0.16,123.06,10.20359214,8.89,677,2009.958333,5869,99.5,0,0,0,0
1,credit_card,0.1183,662.68,11.33857208,15.91,767,5406.958333,12870,12.1,4,0,0,0
1,debt_consolidation,0.0859,126.45,10.08580911,21.85,737,2250.0,1733,10.9,1,0,0,0
1,small_business,0.1913,73.45,10.81977828,17.28,677,3996.0,11132,98.5,1,1,0,1
1,debt_consolidation,0.0894,317.72,10.91508846,19.75,742,9031.958333,12377,39.7,3,0,0,0
1,all_other,0.0894,508.35,11.69524702,23.1,782,6389.958333,78633,31.7,1,0,0,0
1,home_improvement,0.0859,158.06,12.4292002,6.29,737,6484.958333,8101,70.4,2,0,0,0
1,all_other,0.1114,216.51,10.60162227,2.87,727,1679.958333,8164,21.1,2,0,0,0
1,debt_consolidation,0.0894,428.13,11.24504602,18.7,747,5639.958333,33660,45.0,0,0,0,0
1,debt_consolidation,0.1322,507.01,10.81977828,13.42,692,2369.958333,14956,70.1,2,0,0,0
1,debt_consolidation,0.1392,682.74,11.35040654,11.55,697,5220.0,17250,78.3,2,1,0,0
1,debt_consolidation,0.1496,207.87,10.858999,15.65,662,5461.0,1824,67.6,0,2,0,0
1,credit_card,0.1148,296.72,10.71441777,18.93,717,5039.958333,14576,72.2,0,0,0,0
1,all_other,0.0894,381.26,11.00209984,15.86,792,8100.0,498,0.4,0,0,0,0
1,all_other,0.1392,273.1,11.22524339,19.87,677,8160.0,16410,37.2,0,1,1,0
1,major_purchase,0.1114,262.43,9.968338525,17.71,772,2160.0,954,14.7,4,0,0,1
1,home_improvement,0.1322,108.17,11.40756495,12.08,677,13500.0,7479,82.9,2,0,0,0
1,all_other,0.0859,151.73,10.858999,4.41,767,5250.0,115,0.5,2,0,0,0
1,all_other,0.1357,203.82,10.96812932,9.37,692,1410.0,902,20.0,1,0,0,0
1,all_other,0.0859,316.11,10.49127422,16.0,752,5190.0,11185,24.9,1,0,0,0
1,debt_consolidation,0.1496,110.87,10.95954023,20.43,672,5130.0,6552,95.4,1,1,0,0
1,credit_card,0.1426,130.37,11.58988651,13.75,667,6240.0,8413,75.1,3,0,0,0
1,all_other,0.0894,444.81,11.00209984,20.82,757,8985.958333,946,18.9,1,0,0,0
1,debt_consolidation,0.1218,166.5,10.20359214,9.78,707,1530.0,5740,61.1,0,0,0,0
1,educational,0.1322,135.21,10.81977828,1.08,702,1770.0,1503,16.3,0,0,0,0
1,debt_consolidation,0.1253,669.33,11.61964306,11.36,717,7350.0,35173,69.4,0,0,0,0
1,debt_consolidation,0.1635,559.97,10.93310697,22.84,662,8585.958333,14958,71.6,0,0,0,1
1,debt_consolidation,0.0859,158.06,9.903487553,14.16,752,3660.0,5267,42.8,0,0,0,0
1,debt_consolidation,0.0894,403.5,11.15625052,13.63,762,4889.958333,21908,28.8,3,0,0,0
1,all_other,0.1218,249.75,11.1124479,4.66,707,1770.0,2370,17.8,2,0,0,0
1,debt_consolidation,0.1426,411.67,10.93310697,14.55,677,1890.0,8394,48.8,2,0,0,0
1,all_other,0.1426,144.09,11.02698756,12.11,667,3869.958333,1506,34.2,0,3,0,1
1,educational,0.0894,190.63,10.59663473,2.91,732,3149.958333,7198,32.0,0,0,0,1
1,small_business,0.1461,413.71,11.51292546,5.05,767,3149.958333,125,0.4,2,0,0,0
1,debt_consolidation,0.16,351.58,10.73639668,14.3,692,1984.958333,9729,98.3,0,0,0,0
1,debt_consolidation,0.0894,95.32,11.33806004,23.05,717,8339.958333,14040,67.2,0,0,0,0
1,all_other,0.1496,86.62,10.98529272,9.66,662,5999.958333,19487,86.6,3,1,0,0
1,debt_consolidation,0.1287,201.8,11.28978191,13.05,687,3030.0,9640,49.9,0,0,1,0
1,all_other,0.074,74.55,11.09741002,5.89,777,3030.0,151,4.9,0,0,0,0
1,small_business,0.1635,353.3,11.2515607,11.52,732,5009.958333,35873,94.4,3,0,0,0
1,small_business,0.1496,97.01,11.39639165,20.95,712,5910.0,33167,87.5,0,0,0,0
1,debt_consolidation,0.1357,339.69,11.48246626,16.96,682,3839.958333,9063,26.1,1,3,0,0
1,debt_consolidation,0.074,31.06,11.14186178,6.65,767,7080.0,8542,14.8,0,0,0,0
1,educational,0.0774,31.22,10.27505111,21.52,737,3179.958333,3292,42.8,1,0,0,0
1,all_other,0.1287,168.17,10.59653473,3.0,712,1200.0,4009,38.5,0,0,0,0
1,all_other,0.1843,290.96,10.5635432,9.86,667,2520.0,298,99.3,0,0,1,1
1,all_other,0.1253,100.4,11.07720731,15.9,697,8999.958333,16183,32.8,0,2,0,0
1,small_business,0.1774,164.8,9.305650552,8.84,692,1349.958333,0,0.0,1,0,0,0
1,major_purchase,0.1114,393.65,10.20359214,17.82,742,3720.0,21312,29.2,0,0,0,1
1,all_other,0.1322,67.61,10.91508846,9.77,672,5250.0,1083,77.4,3,0,0,0
1,debt_consolidation,0.1392,257.74,10.59663473,22.05,682,4469.0,24604,91.8,0,0,0,0
1,debt_consolidation,0.1253,669.33,10.95940109,20.68,722,4709.958333,18996,77.9,1,0,0,0
1,debt_consolidation,0.1461,330.97,10.6454249,15.09,672,3240.0,10565,80.7,0,0,0,0
1,all_other,0.0894,190.63,11.15625052,9.46,732,4681.958333,19298,35.5,2,0,0,0
1,credit_card,0.1774,720.42,11.69524702,18.34,702,11909.95833,50307,75.0,0,0,0,0
1,debt_consolidation,0.1253,401.6,10.79949394,9.92,707,3539.958333,13107,51.4,0,0,0,0
1,debt_consolidation,0.1218,666.0,10.91501573,13.79,727,3899.958333,16947,66.2,1,0,0,0
1,debt_consolidation,0.0894,381.26,10.46561447,11.01,757,8579.958333,13819,36.9,0,0,0,0
1,credit_card,0.0705,46.35,10.71441777,16.24,792,4020.0,18830,52.0,0,0,0,0
1,home_improvement,0.0774,156.1,10.62132735,17.68,752,3390.0,1757,9.3,1,0,0,0
1,small_business,0.167,532.53,11.47210347,7.05,722,4140.0,3146,46.4,2,0,0,0
1,home_improvement,0.1183,662.68,11.1844214,2.55,742,4649.958333,11518,15.4,3,0,0,0
1,debt_consolidation,0.0859,316.11,10.62132735,10.92,757,5160.0,6999,9.8,1,0,0,0
1,home_improvement,0.1183,115.97,10.95080655,24.11,707,3030.0,2979,14.2,1,1,0,0
1,debt_consolidation,0.0894,352.67,11.32055357,21.53,737,5759.958333,46429,56.1,0,0,0,0
1,debt_consolidation,0.1322,324.49,11.69524702,4.91,692,4619.958333,1664,87.6,1,0,0,0
1,debt_consolidation,0.1114,472.38,11.65268741,11.3,732,3930.0,28541,41.3,0,0,0,0
1,debt_consolidation,0.074,201.89,9.798127037,14.13,772,7169.958333,6954,25.3,0,0,0,0
1,home_improvement,0.074,31.06,10.30895266,0.0,772,5729.958333,11108,46.5,0,0,0,0
1,debt_consolidation,0.0894,190.63,11.00209984,23.18,732,3539.958333,22323,29.0,0,0,0,0
1,all_other,0.0774,99.9,10.71441777,17.33,737,7050.0,12719,39.9,1,0,0,0
1,home_improvement,0.1322,101.41,10.1266311,3.5,682,1530.0,2351,24.0,1,0,0,0
1,debt_consolidation,0.1357,679.37,10.9331784,20.03,707,5999.958333,28296,70.7,1,0,0,0
1,credit_card,0.0859,72.71,10.57131693,0.98,742,2580.0,1868,22.8,1,0,0,0
1,debt_consolidation,0.0894,158.86,10.46321762,15.02,727,2250.0,3657,10.0,0,0,0,0
1,debt_consolidation,0.1531,696.31,11.44678566,23.79,702,4410.0,59980,95.5,0,0,0,0
1,debt_consolidation,0.1287,504.5,11.65268741,8.35,702,6089.958333,12152,54.2,2,0,1,0
1,all_other,0.1218,266.4,10.30895266,4.16,737,2550.0,5820,48.5,0,0,0,0
1,debt_consolidation,0.1322,169.01,9.903487553,10.14,687,6749.958333,5881,82.8,3,0,1,0
1,debt_consolidation,0.0859,227.6,11.62735176,13.89,767,2880.0,600,2.4,1,0,0,0
1,credit_card,0.0894,190.63,10.20359214,17.73,757,4619.958333,20873,28.4,2,0,0,1
1,credit_card,0.1322,608.42,11.77528973,16.99,702,6540.0,33756,82.3,0,0,0,0
1,credit_card,0.0774,52.3,9.903487553,4.68,732,3030.0,2927,27.9,0,0,0,0
1,debt_consolidation,0.1287,174.9,10.96819829,10.28,687,2160.0,2564,19.4,3,0,0,0
1,debt_consolidation,0.1322,255.2,10.49949037,13.49,682,2729.958333,13847,74.4,0,0,0,1
1,all_other,0.0894,317.72,11.04078195,14.78,742,4229.958333,1947,29.1,2,1,0,0
1,home_improvement,0.0774,280.97,10.6454249,2.69,797,13111.0,5689,6.2,0,0,0,0
1,debt_consolidation,0.1183,530.15,10.81985828,19.03,747,3600.0,10740,40.4,4,0,0,0
1,all_other,0.0774,78.05,10.6454249,6.49,737,6359.958333,967,10.1,1,0,0,0
1,all_other,0.1148,72.54,10.59663473,14.55,732,1289.958333,1959,9.8,0,0,0,0
1,debt_consolidation,0.1287,622.22,11.03495418,11.84,707,3690.0,9530,46.0,0,0,0,0
1,debt_consolidation,0.0859,366.68,11.05089001,18.02,777,5009.958333,29568,52.3,0,0,0,0
1,credit_card,0.0774,218.54,11.58988651,12.69,762,8820.0,5872,21.4,0,0,0,0
1,all_other,0.0894,317.72,10.12647109,13.68,742,4080.0,18478,37.1,1,0,0,0
1,home_improvement,0.1357,254.77,11.50795312,13.28,682,5399.958333,28384,89.0,2,0,0,0
1,debt_consolidation,0.1426,240.15,11.15625052,18.82,692,5490.0,16120,96.5,3,0,0,0
1,debt_consolidation,0.0859,267.11,10.6454249,17.37,752,4410.0,8493,58.7,1,0,0,0
1,debt_consolidation,0.0774,216.97,10.37349118,22.73,752,11249.95833,18512,57.1,0,0,0,0
1,educational,0.1322,338.01,11.00209984,9.54,692,2250.0,2263,17.7,0,3,0,0
1,debt_consolidation,0.1253,401.6,10.81977828,16.08,712,5430.0,15244,66.6,0,0,1,0
1,home_improvement,0.1218,499.5,11.47097784,8.7,772,5160.0,2139,30.6,2,0,0,0
1,debt_consolidation,0.1218,399.6,11.28978191,24.88,712,5070.0,6950,16.6,0,0,1,0
1,home_improvement,0.1218,666.0,11.15625052,14.31,722,3000.0,2292,5.4,1,1,0,0
1,debt_consolidation,0.1114,492.06,10.51053203,14.19,752,5369.958333,2855,25.3,2,0,0,0
1,debt_consolidation,0.1148,659.37,11.04132055,18.4,767,10920.0,33184,48.0,0,0,0,0
1,all_other,0.1148,98.91,10.858999,21.72,707,4410.0,11791,63.7,0,0,0,0
1,debt_consolidation,0.0859,221.28,11.00443046,22.73,742,2550.0,8441,18.8,2,0,0,0
1,debt_consolidation,0.1357,339.69,11.58988651,15.74,702,3990.0,23464,31.1,1,0,0,0
1,debt_consolidation,0.1148,626.41,10.4341158,17.44,752,4802.0,25008,36.0,0,0,0,0
1,major_purchase,0.0774,312.19,10.89673933,9.11,792,9029.958333,89252,6.4,0,0,0,0
1,credit_card,0.1183,430.75,11.65268741,4.17,717,2610.0,1731,9.0,3,2,0,0
1,all_other,0.0894,57.19,11.22524339,24.21,722,4289.958333,39900,70.3,0,0,0,0
1,debt_consolidation,0.1114,32.81,11.49272276,11.64,707,5759.958333,10333,28.2,1,1,0,0
1,debt_consolidation,0.1183,430.75,10.93310697,11.87,722,5580.0,10915,34.5,1,0,0,0
1,debt_consolidation,0.074,186.36,11.65268741,6.4,772,4949.958333,13242,23.0,0,0,0,0
1,debt_consolidation,0.1148,659.37,12.16525065,6.62,757,5100.0,26330,28.6,1,0,0,1
1,debt_consolidation,0.1392,324.31,10.30895266,15.92,692,4319.958333,23616,49.4,3,0,0,0
1,credit_card,0.1183,265.08,11.08220409,8.12,732,4259.958333,43799,87.8,2,0,0,0
1,debt_consolidation,0.1287,215.26,11.73606902,9.9,697,5399.958333,2165,36.1,2,0,1,0
1,small_business,0.1565,122.46,11.08214255,2.51,732,4080.0,1450,9.2,0,0,0,0
1,all_other,0.1531,208.9,10.43399815,7.31,667,3600.0,0,0.0,1,0,0,0
1,debt_consolidation,0.0774,156.1,10.31890299,12.91,752,8973.958333,15813,75.7,0,0,0,0
1,small_business,0.1635,176.65,10.81977828,7.2,747,1860.0,1340,7.2,1,0,0,1
1,debt_consolidation,0.0774,142.83,11.26446411,17.94,762,6270.0,112055,33.5,1,0,0,0
1,all_other,0.1148,138.47,10.78931908,18.06,707,2550.0,3522,33.2,1,1,0,0
1,debt_consolidation,0.0894,441.63,10.3011503,17.66,747,10019.95833,25716,73.9,0,0,0,0
1,debt_consolidation,0.1774,720.42,11.31447453,2.87,677,4290.958333,9603,51.9,0,1,0,1
1,debt_consolidation,0.1253,267.74,10.59653473,13.62,717,4710.0,29140,64.0,2,0,0,0
1,debt_consolidation,0.0894,540.12,11.08214255,12.89,772,10889.95833,9242,18.1,1,0,0,0
1,all_other,0.0859,126.45,11.05089001,16.97,742,5675.958333,2187,25.7,0,0,0,0
1,debt_consolidation,0.1148,468.16,11.26446411,23.17,727,4200.958333,31236,42.3,1,0,0,0
1,all_other,0.0894,317.72,10.81977828,7.56,757,4000.0,0,0.0,0,0,0,0
1,credit_card,0.1218,299.7,11.0184488,19.77,702,3990.0,40781,76.9,0,0,0,1
1,debt_consolidation,0.1114,656.07,11.91839057,0.82,792,7499.958333,4363,10.5,1,0,0,1
1,debt_consolidation,0.1426,686.12,11.97035031,16.42,692,7589.958333,77324,75.9,0,0,0,0
1,debt_consolidation,0.1218,532.8,11.40756495,13.68,717,3809.958333,5630,17.8,2,0,0,0
1,debt_consolidation,0.1253,173.19,9.952277717,22.86,692,7290.0,8688,67.3,0,0,0,1
1,all_other,0.0894,95.32,10.03451581,0.79,727,2550.0,208,3.5,1,0,0,0
1,debt_consolidation,0.1287,269.07,10.30895266,9.52,692,3154.958333,7261,51.9,0,0,1,0
1,debt_consolidation,0.1183,596.41,11.66137995,8.22,747,7440.0,71965,76.6,4,0,0,0
1,all_other,0.0894,158.86,10.91501573,20.14,727,6029.958333,22652,53.3,3,0,0,0
1,debt_consolidation,0.1114,344.44,10.89295439,19.63,732,6720.0,9020,64.4,3,0,0,0
1,small_business,0.1461,634.35,11.70354582,13.09,752,7229.958333,14375,17.5,0,0,0,0
1,credit_card,0.1496,426.14,11.1844214,6.43,667,5880.0,5422,46.7,1,0,0,0
1,debt_consolidation,0.1461,689.51,11.05089001,14.72,687,2789.958333,8004,66.1,0,0,0,0
1,debt_consolidation,0.1461,344.76,10.727663,22.03,672,4679.958333,4232,27.1,1,0,0,0
1,small_business,0.16,421.89,11.46163217,11.86,702,6330.0,34057,63.9,3,0,0,1
1,debt_consolidation,0.1253,267.74,10.71441777,11.57,697,5070.0,9929,32.4,1,2,0,0
1,educational,0.0774,74.93,10.64927462,11.47,757,7380.0,13852,24.5,0,0,0,0
1,major_purchase,0.1114,328.04,11.44035477,13.03,727,3030.0,5960,43.8,0,0,0,0
1,all_other,0.0774,156.1,11.03488966,14.4,752,8370.0,15489,35.4,1,0,0,0
1,debt_consolidation,0.1183,430.75,11.5806215,13.2,717,3270.0,38433,56.5,1,0,0,0
1,all_other,0.1148,659.37,11.35040654,10.07,792,2940.0,760,1.9,0,0,0,0
1,debt_consolidation,0.1183,533.46,11.15625052,10.89,732,3600.0,15942,40.9,3,0,0,0
1,debt_consolidation,0.0894,285.95,10.71308355,16.72,737,3720.0,8654,24.6,0,0,0,0
1,small_business,0.1496,207.87,11.35040654,11.55,762,4289.958333,5341,0.0,0,0,0,0
1,debt_consolidation,0.1461,689.51,10.85892207,14.84,682,3690.0,20916,65.6,1,0,0,0
1,educational,0.1357,611.44,11.22524339,2.85,692,4770.0,4389,7.7,3,0,0,0
1,credit_card,0.1183,78.7,11.00209984,16.48,697,6839.958333,3689,22.2,2,0,0,0
1,credit_card,0.1392,682.74,12.32385568,11.37,697,4589.958333,56558,72.1,0,0,0,0
1,credit_card,0.1253,200.8,10.46310334,23.07,687,5100.0,3334,23.5,0,0,0,0
1,all_other,0.0894,413.03,11.77528973,0.05,802,6809.958333,2563,8.8,0,0,0,0
1,all_other,0.1565,262.4,10.40426284,11.93,672,1470.0,1140,54.3,0,0,0,0
1,small_business,0.1635,565.27,10.81977828,0.36,722,1754.958333,640,3.9,3,0,0,0
1,home_improvement,0.167,710.03,11.26446411,24.6,677,1748.958333,0,49.63,1,0,0,1
1,major_purchase,0.1218,466.2,12.32385568,16.65,717,6389.958333,37629,87.1,1,0,0,0
1,credit_card,0.1426,343.06,11.77528973,7.5,677,2580.0,12907,52.9,3,2,0,0
1,debt_consolidation,0.1704,642.14,11.678406,17.74,672,5160.0,18938,53.8,1,1,0,0
1,debt_consolidation,0.0894,368.55,10.74849708,12.35,752,3300.0,1061,10.1,0,0,0,0
1,home_improvement,0.0859,363.52,10.30895266,1.8,792,7889.958333,2324,5.7,0,0,0,0
1,debt_consolidation,0.1565,554.53,10.91508846,22.84,672,4619.958333,22684,89.9,0,0,0,1
1,all_other,0.1878,657.81,11.28978191,15.6,672,1142.0,11184,93.2,0,0,0,0
1,debt_consolidation,0.1114,461.71,10.08580911,13.15,752,6631.0,13551,29.0,0,0,0,0
1,debt_consolidation,0.1148,454.97,10.67359577,23.61,752,8679.958333,6698,67.0,0,0,0,0
1,credit_card,0.1148,659.37,11.26446411,5.72,757,3616.0,8863,27.4,1,0,0,0
1,educational,0.1253,167.34,10.59663473,10.56,692,4410.0,15041,66.6,0,0,0,0
1,all_other,0.0859,63.23,9.903687533,8.7,747,4289.958333,4622,19.3,0,0,0,1
1,debt_consolidation,0.1253,669.33,12.05989014,6.45,722,3420.0,23973,44.9,1,0,0,0
1,educational,0.1287,48.77,9.740968623,7.41,692,2009.958333,0,0.0,0,1,0,0
1,debt_consolidation,0.1114,393.65,11.2395407,15.06,742,4860.0,18862,47.5,1,0,0,0
1,debt_consolidation,0.0859,252.89,10.1266311,20.3,797,6690.0,3301,27.3,0,0,0,0
1,credit_card,0.1253,401.6,11.85651517,5.59,702,5009.958333,4381,16.5,2,0,0,0
1,educational,0.1253,401.6,12.06681058,6.33,717,9120.0,38384,90.1,1,0,0,0
1,small_business,0.1531,313.34,11.32900263,3.45,742,5520.0,6218,8.1,0,0,1,0
1,credit_card,0.1183,198.81,11.00209984,15.5,702,3809.958333,55333,39.0,2,0,0,0
1,educational,0.0894,57.19,10.53209621,21.54,742,3179.958333,2940,32.3,5,0,0,0
1,debt_consolidation,0.1218,666.0,11.57332418,13.84,732,9373.958333,22233,76.7,1,0,0,0
1,all_other,0.0774,156.1,10.58446093,5.62,747,2220.0,2326,25.0,1,0,0,0
1,educational,0.0894,142.98,9.809176873,6.29,792,2670.0,70,0.7,1,0,0,0
1,all_other,0.1148,197.82,11.22524339,12.66,727,3270.0,4027,7.2,2,1,0,0
1,debt_consolidation,0.0894,327.25,10.3041411,19.29,747,8070.0,5822,64.7,1,0,0,1
1,debt_consolidation,0.1114,492.06,10.91501573,12.18,767,8939.958333,13095,19.6,2,0,0,0
1,all_other,0.1809,904.88,11.15625052,21.02,672,5190.0,37893,74.4,3,0,0,1
1,all_other,0.0859,126.45,11.35035948,7.3,747,7949.958333,19817,64.1,1,0,0,0
1,debt_consolidation,0.1531,448.25,10.81977828,24.17,672,3390.0,6256,71.9,0,0,0,1
1,debt_consolidation,0.0859,256.84,10.40426284,16.36,752,3360.0,12442,33.7,0,0,0,0
1,debt_consolidation,0.1426,48.03,10.59663473,13.83,662,3869.958333,3163,53.6,2,0,0,0
1,debt_consolidation,0.1565,314.88,11.00209984,15.42,662,4289.958333,16286,89.5,0,0,0,1
1,debt_consolidation,0.1287,538.14,11.08214255,11.52,727,4740.0,7290,93.5,0,0,0,0
1,all_other,0.0859,316.11,10.85614879,8.52,812,10950.0,952,1.1,0,0,0,0
1,debt_consolidation,0.1322,338.01,10.69557468,19.32,692,3869.958333,8540,87.1,1,0,0,0
1,debt_consolidation,0.1114,360.84,10.75773265,10.39,722,2193.0,10735,34.5,3,0,0,0
1,all_other,0.0894,524.23,11.58896015,3.16,802,9870.0,4588,6.7,0,0,0,0
1,all_other,0.1357,322.71,10.37349118,0.56,792,9029.958333,1479,7.1,7,0,0,0
1,debt_consolidation,0.1218,666.0,10.83695,22.88,732,3990.0,26803,51.4,1,0,0,0
1,all_other,0.0705,61.8,10.71441777,3.68,777,7800.0,6669,23.8,0,0,0,0
1,educational,0.1253,430.88,10.53900562,24.27,712,2039.958333,5048,55.5,0,0,0,1
1,credit_card,0.0859,252.89,10.0604913,17.23,762,2550.0,2296,9.3,2,0,0,0
1,debt_consolidation,0.1114,262.43,11.73606902,13.61,722,5399.958333,41568,48.6,3,0,0,0
1,debt_consolidation,0.1704,713.49,11.99535161,14.04,677,4440.0,70627,91.8,2,0,0,0
1,major_purchase,0.1357,679.37,10.6454249,11.91,722,1410.958333,1458,12.4,2,0,0,0
1,debt_consolidation,0.1496,519.68,11.40756495,24.99,687,3509.958333,53896,96.8,0,0,0,0
1,debt_consolidation,0.1392,512.06,11.15625052,22.34,682,5039.958333,7705,39.9,2,1,0,0
1,debt_consolidation,0.0859,460.72,10.56617553,24.71,772,3990.0,10277,28.9,2,0,0,0
1,credit_card,0.1496,415.74,10.5454467,10.1,682,2553.0,12315,80.0,1,0,0,0
1,debt_consolidation,0.0894,385.23,10.6454249,22.11,747,3360.0,19029,22.0,3,0,0,0
1,home_improvement,0.1253,234.27,11.28983191,15.93,702,4229.958333,20125,59.9,2,0,0,0
1,debt_consolidation,0.1357,142.67,10.34817337,17.77,677,1679.958333,2187,70.5,1,0,0,0
1,debt_consolidation,0.1913,734.42,11.05089001,8.86,677,7350.0,9881,99.8,0,0,0,0
1,credit_card,0.1114,457.61,11.15756394,10.96,732,5429.958333,27948,73.8,0,0,0,0
1,debt_consolidation,0.1287,235.44,10.1266311,9.79,692,6721.0,6355,65.5,1,0,0,0
1,home_improvement,0.1114,393.65,11.41861479,14.36,737,3899.958333,3114,26.4,1,0,0,0
1,all_other,0.1218,249.75,11.28978191,2.77,717,3630.0,653,19.8,2,0,0,0
1,home_improvement,0.1253,510.37,10.858999,10.96,722,6270.0,2652,3.9,0,0,0,1
1,debt_consolidation,0.1218,499.5,11.33857208,24.66,722,11159.95833,22319,58.7,0,2,0,0
1,home_improvement,0.1148,659.37,12.20607265,4.24,812,5880.0,15571,8.7,4,0,0,0
1,debt_consolidation,0.1253,117.14,10.71441777,23.12,692,2459.958333,5177,64.7,0,0,0,0
1,home_improvement,0.1357,339.69,11.51292546,3.35,702,2340.0,61,2.0,0,0,0,0
1,major_purchase,0.1496,277.16,10.6454249,4.46,672,1769.958333,5626,26.9,0,0,0,1
1,debt_consolidation,0.1148,164.85,10.0387175,8.54,732,2039.958333,1517,22.3,0,0,0,0
1,debt_consolidation,0.1392,546.2,11.60823564,15.36,687,3060.0,23839,59.3,1,2,0,0
1,small_business,0.1704,713.49,11.12726298,8.4,747,1860.0,632,1.3,6,0,0,1
1,small_business,0.1565,314.88,10.49127422,4.43,732,1471.0,2320,28.3,1,0,0,0
1,debt_consolidation,0.0894,317.72,10.30895266,5.6,737,5640.0,9152,17.3,2,0,0,1
1,debt_consolidation,0.1531,497.86,11.13458902,13.7,677,2340.0,23626,90.9,2,0,0,0
1,credit_card,0.1392,573.5,12.32385568,24.06,702,6869.958333,109027,90.2,3,0,0,0
1,major_purchase,0.074,124.24,10.23995979,1.89,797,8100.0,2198,8.7,0,0,0,0
1,all_other,0.1531,278.53,10.83958091,16.52,662,2459.958333,7959,33.2,3,0,0,0
1,debt_consolidation,0.16,457.05,11.41861479,23.89,662,2190.0,58686,80.8,2,0,0,0
1,small_business,0.1531,348.16,10.16585182,1.38,792,2291.0,425,2.1,0,0,0,0
1,debt_consolidation,0.1253,321.28,10.63103616,16.72,702,3360.0,2978,81.9,0,0,0,0
1,debt_consolidation,0.167,710.03,11.01046476,20.94,672,5850.0,28332,81.2,0,1,0,0
1,all_other,0.1114,157.46,9.903487553,3.12,737,1500.0,2644,23.4,1,0,0,0
1,debt_consolidation,0.1183,331.34,10.46321762,24.13,717,6449.958333,5587,73.5,0,0,0,1
1,all_other,0.1704,214.05,10.26813067,12.42,662,2160.0,8765,95.3,1,0,0,0
1,all_other,0.1287,235.44,11.58058411,18.09,687,5160.0,89844,84.8,0,0,0,0
1,all_other,0.0774,249.75,11.54244543,15.47,802,4620.958333,6498,11.6,2,0,0,0
1,all_other,0.1114,426.45,10.49127422,11.77,737,5460.0,3636,7.4,1,0,1,0
1,debt_consolidation,0.1253,220.88,11.40235138,20.2,697,9240.0,27017,45.7,2,0,0,0
1,home_improvement,0.1496,346.45,10.43399815,17.08,672,1800.0,3918,38.2,1,0,0,0
1,major_purchase,0.1426,171.53,11.11125555,12.48,687,7410.0,24905,95.5,3,0,0,0
1,all_other,0.1114,246.03,12.08958377,11.33,727,5429.958333,32706,81.6,1,0,0,0
1,debt_consolidation,0.1253,267.74,10.30895266,9.8,702,2670.0,5934,39.8,1,1,0,0
1,all_other,0.0774,109.27,10.34817337,5.73,767,2220.0,1092,9.9,0,0,0,0
1,educational,0.0859,110.64,10.38899537,7.83,737,2160.0,1092,9.9,0,0,0,0
1,small_business,0.2017,186.26,10.81977828,6.0,672,5009.958333,9814,59.5,1,0,1,1
1,debt_consolidation,0.1357,339.69,10.74903388,21.17,702,4229.958333,9114,57.0,0,0,0,0
1,credit_card,0.0859,126.45,10.71441777,4.72,762,3073.0,7347,26.7,1,0,0,0
1,all_other,0.1218,159.84,11.07819631,12.07,697,5759.958333,21028,84.8,1,0,0,0
1,all_other,0.1183,298.21,10.96812932,0.48,717,2910.0,0,0.0,1,0,0,0
1,credit_card,0.0705,92.7,10.54534144,16.8,772,3270.0,4088,15.0,2,0,0,0
1,debt_consolidation,0.1148,659.37,12.53214817,0.22,777,5669.958333,1003,3.3,2,0,0,0
1,debt_consolidation,0.1426,274.45,10.30895266,14.16,677,3089.958333,1338,27.9,0,0,0,0
1,debt_consolidation,0.0894,349.49,10.98529272,16.7,802,4679.958333,667,3.6,3,0,0,0
1,debt_consolidation,0.1287,571.77,11.5229154,17.22,712,7979.958333,26949,52.0,0,0,0,0
1,credit_card,0.1426,96.06,10.1266311,18.29,667,4589.958333,12995,31.6,0,1,0,0
1,debt_consolidation,0.0774,156.1,11.26830288,9.27,747,3119.958333,13899,36.0,1,0,0,0
1,all_other,0.1392,273.1,11.36214909,22.55,677,2940.0,2149,36.4,2,0,0,0
1,debt_consolidation,0.1148,422.0,10.9331784,13.33,722,6240.0,3230,26.4,0,0,0,0
1,all_other,0.1218,149.85,11.21182037,1.49,707,3780.0,2698,33.3,2,1,0,0
1,small_business,0.1704,85.62,11.25161265,7.46,667,4319.958333,575,16.0,2,0,0,0
1,credit_card,0.1357,441.6,11.62625415,15.01,702,4170.0,46306,56.6,1,0,0,0
1,debt_consolidation,0.1531,313.34,10.69194491,6.14,662,6960.0,5776,77.0,1,0,0,1
1,credit_card,0.1148,633.0,11.01862914,17.35,762,8820.0,5331,9.1,2,0,0,0
1,debt_consolidation,0.1218,666.0,11.22524339,18.45,732,4259.958333,29074,46.2,0,0,0,0
1,credit_card,0.1287,420.42,10.91501573,17.61,702,2039.958333,13441,49.4,2,0,0,0
1,all_other,0.1183,493.7,10.91508846,9.51,742,1590.0,1691,16.5,1,0,0,0
1,debt_consolidation,0.0894,349.49,10.87244663,8.95,742,9329.958333,25212,46.6,1,0,0,0
1,major_purchase,0.1253,83.67,11.15619338,10.68,702,5820.0,4403,88.1,0,0,0,0
1,credit_card,0.1287,201.8,10.27518903,10.51,707,4289.958333,1980,46.0,0,1,0,0
1,credit_card,0.1461,861.88,11.69524702,20.52,707,5580.0,78468,84.3,2,0,0,1
1,debt_consolidation,0.1114,656.07,11.60823564,21.69,772,9990.0,67969,40.5,2,0,0,0
1,debt_consolidation,0.1392,204.83,11.03488966,14.05,677,3479.958333,5810,85.4,1,0,0,0
1,credit_card,0.0894,397.15,10.91508846,17.15,757,6330.0,24452,66.4,0,0,0,0
1,credit_card,0.0894,381.26,10.95080655,18.99,752,2849.958333,25577,30.8,1,0,0,0
1,small_business,0.1982,229.86,9.862665558,0.0,667,1440.0,0,0.0,0,0,1,1
1,debt_consolidation,0.1357,339.69,11.00209984,7.3,702,5399.958333,6749,91.2,0,0,0,0
1,debt_consolidation,0.1774,720.42,11.20367921,14.06,702,4229.958333,55912,68.1,2,0,0,1
1,home_improvement,0.1183,662.68,11.28978191,12.95,742,8431.0,20586,37.5,0,0,0,0
1,credit_card,0.0894,349.49,10.81977828,23.18,732,3630.0,11557,46.2,1,0,0,0
1,debt_consolidation,0.1704,642.14,11.36210258,6.81,677,7499.958333,4418,96.0,0,0,0,0
1,all_other,0.0894,556.01,11.77528973,9.81,777,5070.0,8651,13.6,1,0,0,0
1,debt_consolidation,0.1357,397.44,10.92593848,22.66,687,5580.0,16677,45.9,1,0,0,0
1,debt_consolidation,0.1426,171.53,10.92666879,8.17,667,4289.958333,9685,43.2,1,0,0,0
1,small_business,0.1461,206.86,10.5623538,12.76,767,5610.0,4031,39.1,5,0,0,1
1,debt_consolidation,0.1253,167.34,10.5865844,2.97,692,2729.958333,3869,26.1,0,0,0,0
1,debt_consolidation,0.1148,494.53,10.59663473,10.32,737,6630.0,14274,24.6,0,0,0,0
1,credit_card,0.1426,686.12,11.15625052,13.68,687,4860.0,27561,80.8,1,0,0,0
1,debt_consolidation,0.1183,662.68,11.28978191,9.11,742,3660.0,28091,50.6,0,0,0,0
1,debt_consolidation,0.1148,263.75,10.49127422,2.9,727,1800.0,2980,31.7,1,0,0,0
1,debt_consolidation,0.1114,98.42,10.20359214,17.29,717,2550.0,4502,40.9,2,0,0,0
1,debt_consolidation,0.1183,482.1,10.71441777,14.56,717,2280.0,25729,52.4,0,0,0,0
1,credit_card,0.1287,201.8,10.858999,6.3,682,10320.0,9339,33.2,2,1,0,0
1,debt_consolidation,0.1148,494.53,11.22524339,10.1,742,5520.0,73366,61.7,1,0,0,0
1,debt_consolidation,0.1635,529.94,11.15625052,16.66,662,4619.958333,29319,61.5,0,0,0,0
1,debt_consolidation,0.1218,566.1,11.05885818,15.8,717,6240.0,21441,80.6,1,0,0,1
1,home_improvement,0.1565,279.89,11.00209984,16.72,717,2550.0,16951,99.7,0,0,0,0
1,debt_consolidation,0.1322,381.95,10.64285016,19.05,707,5009.958333,32720,94.6,1,0,0,0
1,credit_card,0.1218,499.5,10.79957558,16.97,722,4200.958333,11530,49.1,0,0,0,0
1,debt_consolidation,0.1253,334.67,10.59663473,20.46,702,2520.0,7722,66.1,0,0,0,1
1,debt_consolidation,0.1183,629.55,12.20609265,10.93,742,7020.0,79062,50.8,0,0,0,0
1,debt_consolidation,0.1392,546.2,11.25161265,15.83,687,2099.958333,17923,59.7,0,0,0,0
1,educational,0.1218,183.15,11.48246626,14.75,697,8249.958333,36428,70.7,0,0,0,0
1,credit_card,0.1635,176.65,10.54513089,5.18,672,1379.958333,5403,63.6,1,0,0,0
1,debt_consolidation,0.1426,308.76,10.71441777,22.91,682,3450.0,23703,83.8,0,0,0,0
1,credit_card,0.1114,328.04,10.71441777,22.13,732,3720.0,12253,18.9,2,1,0,0
1,debt_consolidation,0.1357,215.7,9.798127037,21.53,727,2880.0,7727,95.4,0,0,0,0
1,small_business,0.1461,344.76,12.01370075,17.43,732,4350.0,114393,46.6,2,0,0,0
1,all_other,0.0894,254.18,11.65268741,2.7,762,6900.0,5914,15.9,4,0,0,0
1,all_other,0.0774,218.54,11.27720313,3.17,782,4590.958333,482,1.6,2,0,0,0
1,home_improvement,0.0774,187.32,11.29601246,15.69,752,3630.0,6207,41.4,3,0,0,0
1,home_improvement,0.1183,265.08,11.23843599,8.98,732,3720.0,905,12.0,0,0,2,0
1,debt_consolidation,0.1183,298.21,10.858999,20.49,712,4619.958333,23750,47.7,1,0,0,0
1,educational,0.1148,461.56,11.59910316,21.29,727,5250.0,15812,50.0,1,0,0,1
1,credit_card,0.1322,202.81,10.99142642,14.47,682,4289.958333,6891,59.8,0,0,0,0
1,home_improvement,0.1357,339.69,11.71177632,8.38,682,5160.0,865,72.1,3,0,0,0
1,all_other,0.1531,174.08,10.76840078,3.79,672,3030.0,2029,20.3,3,0,0,1
1,major_purchase,0.1218,59.94,11.2514568,5.3,692,5729.958333,1836,34.6,1,1,0,0
1,all_other,0.0774,156.1,11.51292546,10.24,752,5729.958333,15509,25.7,1,0,0,0
1,home_improvement,0.0894,571.89,11.28978191,5.37,777,6990.0,17915,17.0,3,0,0,1
1,debt_consolidation,0.1218,166.5,10.88743693,10.5,692,6119.958333,4819,55.3,0,0,0,0
1,debt_consolidation,0.1426,462.27,10.46310334,22.11,687,3330.0,18522,93.1,0,0,0,1
1,debt_consolidation,0.1357,467.07,11.98292909,9.43,692,5820.0,105576,68.6,0,0,1,0
1,debt_consolidation,0.1287,311.11,10.22034,18.97,687,2550.0,9666,83.3,0,0,0,0
1,all_other,0.1322,236.61,10.23995979,15.09,687,3929.958333,2896,10.3,0,0,0,0
1,debt_consolidation,0.1322,507.01,10.85892207,1.96,717,1409.958333,2425,29.2,0,0,0,0
1,credit_card,0.0894,349.49,11.81303006,13.79,762,9299.958333,2308,33.0,3,0,0,0
1,debt_consolidation,0.1253,669.33,11.40534025,18.72,712,2910.0,55770,62.0,0,0,0,0
1,debt_consolidation,0.1114,492.06,11.22524339,8.05,767,5759.958333,5404,5.2,0,0,0,0
1,debt_consolidation,0.1287,210.21,10.81985828,21.84,692,4349.958333,28565,70.0,1,0,0,0
1,educational,0.1218,511.16,10.90205849,15.47,742,4619.958333,15713,27.9,5,0,0,1
1,debt_consolidation,0.1287,504.5,11.3736634,13.38,707,5667.041667,14045,29.4,1,0,0,1
1,all_other,0.074,105.61,10.59663473,15.03,757,5610.0,12361,43.7,0,0,0,0
1,debt_consolidation,0.1565,489.81,10.81977828,6.0,662,3270.0,1221,12.2,3,0,0,0
1,all_other,0.1809,289.57,10.70907016,13.81,677,4949.958333,8704,16.1,2,2,0,0
1,major_purchase,0.0774,124.88,11.14706561,10.83,762,3209.958333,2976,38.6,0,0,0,0
1,debt_consolidation,0.1148,522.55,10.49127422,22.47,737,4020.0,19796,30.1,1,0,0,0
1,major_purchase,0.074,77.65,12.13350195,4.06,757,10320.0,14063,50.2,1,0,0,0
1,debt_consolidation,0.0894,476.58,11.6351785,6.24,792,7800.0,19367,9.1,0,0,0,0
1,home_improvement,0.1392,204.83,11.47210347,7.0,682,6509.958333,4417,78.9,0,0,0,0
1,debt_consolidation,0.1114,328.04,10.30895266,12.92,727,4470.0,14257,29.5,0,0,0,1
1,educational,0.0774,156.1,11.05089001,0.38,782,2286.0,1137,4.3,1,0,0,0
1,credit_card,0.1392,682.74,11.14186178,14.99,742,8279.958333,13631,80.7,7,0,0,1
1,all_other,0.1357,101.91,10.59663473,22.98,672,4500.0,17590,80.7,1,0,1,0
1,debt_consolidation,0.1253,669.33,11.35040654,24.56,717,4830.0,21621,60.1,1,0,0,1
1,debt_consolidation,0.1218,172.33,9.61580548,13.12,707,1530.0,6947,53.4,0,0,0,1
1,debt_consolidation,0.1114,524.86,11.2515607,5.84,757,13379.95833,20015,34.9,0,0,0,0
1,small_business,0.1635,706.59,10.98529272,2.87,762,2580.0,11341,32.2,1,0,0,0
1,educational,0.1218,64.11,10.30895266,8.36,712,1349.958333,277,46.2,2,0,0,0
1,all_other,0.1287,117.72,10.51867319,9.79,682,2220.0,9868,73.1,3,0,0,0
1,all_other,0.1287,134.54,9.798127037,13.8,692,3210.0,9794,75.9,0,0,0,1
1,debt_consolidation,0.1218,599.4,11.60823564,8.23,722,5429.958333,15533,79.3,1,0,0,0
1,all_other,0.0859,316.11,10.858999,14.35,752,7051.0,16375,28.0,1,0,0,0
1,credit_card,0.1183,662.68,12.05815252,13.22,747,4350.0,10767,50.3,0,0,0,0
1,home_improvement,0.1148,395.63,10.81977828,12.41,757,2460.958333,2071,23.0,4,0,0,0
1,all_other,0.1947,737.94,11.91839057,0.98,667,6419.958333,29518,97.4,0,0,0,0
1,home_improvement,0.1253,267.74,10.77895629,4.97,772,4383.0,2958,7.6,7,0,0,0
1,credit_card,0.1148,494.53,11.19134184,23.9,737,4860.0,38876,59.6,2,0,0,1
1,credit_card,0.0859,177.02,10.57131693,8.34,737,2700.0,2639,24.0,1,0,0,0
1,debt_consolidation,0.1426,548.9,10.71441777,14.67,682,3959.958333,9092,23.2,0,0,0,1
1,debt_consolidation,0.1183,497.01,11.0744205,11.0,732,2879.958333,8318,50.7,1,0,0,0
1,debt_consolidation,0.1426,111.5,10.81977828,19.2,667,4264.958333,9625,49.1,2,0,0,0
1,debt_consolidation,0.0859,316.11,11.00209984,3.78,767,3390.0,3252,13.7,0,0,0,0
1,debt_consolidation,0.1218,116.55,11.69107165,13.42,692,8880.0,25873,63.9,2,0,1,0
1,debt_consolidation,0.1218,93.24,11.46163217,16.96,697,8130.0,40868,86.6,3,0,0,1
1,credit_card,0.1218,549.45,11.22524339,16.06,717,5039.958333,43373,66.9,0,0,0,0
1,debt_consolidation,0.1218,499.5,10.81977828,21.24,722,3300.0,7322,31.8,0,0,0,1
1,educational,0.1183,410.87,11.94470788,17.38,717,7169.958333,452,8.4,1,0,0,0
1,all_other,0.1148,69.24,10.71441777,18.24,717,1830.0,6554,55.1,2,0,0,0
1,all_other,0.1218,366.3,11.69524702,9.38,707,11460.0,9772,41.8,1,0,0,0
1,credit_card,0.0859,202.31,10.7342204,15.24,747,8400.0,13010,36.8,0,0,0,0
1,major_purchase,0.1148,659.37,10.53433371,10.19,767,3959.958333,5110,36.5,0,0,0,0
1,credit_card,0.0859,271.85,11.46163217,16.16,752,4050.0,30330,30.9,2,0,0,0
1,small_business,0.1774,720.42,11.24331904,7.04,702,5100.0,11829,74.4,3,0,1,0
1,debt_consolidation,0.1357,679.37,11.40756495,5.13,707,3929.958333,17470,25.1,0,1,0,0
1,all_other,0.0894,190.63,11.00209984,1.16,732,5309.958333,2731,9.2,0,0,1,0
1,debt_consolidation,0.1287,815.61,12.25486281,8.13,722,8130.0,30159,63.6,1,1,0,0
1,all_other,0.1287,151.35,11.84942627,18.99,682,3959.958333,778,33.8,0,4,0,0
1,debt_consolidation,0.1148,576.95,11.09741002,11.71,737,3780.0,18277,50.8,1,0,0,0
1,small_business,0.1496,710.23,11.40756495,16.12,752,10290.0,5090,7.1,0,0,0,0
1,small_business,0.1357,161.36,10.1266311,5.09,787,4800.0,44834,0.0,0,0,0,0
1,debt_consolidation,0.1704,292.53,11.1844214,15.87,682,8579.958333,13641,98.8,2,0,1,0
1,debt_consolidation,0.1148,560.47,11.47210347,23.18,742,5280.0,11265,24.3,0,0,0,0
1,small_business,0.1565,874.66,11.5228758,9.01,737,5039.958333,52307,62.6,3,0,0,1
1,debt_consolidation,0.1392,273.1,11.21182037,4.2,677,5369.958333,9172,66.0,1,0,1,0
1,debt_consolidation,0.167,464.19,10.95430918,19.89,682,2910.0,3368,99.1,0,0,0,0
1,credit_card,0.1114,196.83,11.85153827,17.3,717,5220.0,61431,74.1,2,0,0,0
1,all_other,0.1287,269.07,10.66895539,15.04,702,9720.958333,4616,41.6,1,1,0,0
1,debt_consolidation,0.1183,497.01,11.0544285,15.87,732,8460.0,26127,44.8,1,0,0,1
1,debt_consolidation,0.1357,441.6,10.58882935,24.04,702,8850.0,20688,91.5,0,0,0,1
1,all_other,0.1148,395.63,10.04342339,0.0,777,7050.0,0,0.0,4,0,0,0
1,all_other,0.16,98.45,10.41619141,14.77,662,1319.958333,339,12.1,2,0,0,1
1,debt_consolidation,0.1287,235.44,11.08220409,9.12,687,2250.0,7361,72.2,0,0,0,0
1,debt_consolidation,0.1253,234.27,10.91508846,21.23,697,5399.958333,28606,84.1,0,0,0,0
1,debt_consolidation,0.1218,372.96,10.49127422,11.1,707,6449.958333,17715,79.0,0,0,0,0
1,home_improvement,0.0859,379.33,11.77528973,6.61,772,5820.0,11867,21.4,3,0,0,0
1,debt_consolidation,0.1183,497.01,12.11448353,9.26,732,5700.958333,75854,46.2,1,1,0,1
1,debt_consolidation,0.0894,317.72,11.22524339,12.64,737,5280.0,36161,46.4,1,0,0,0
1,major_purchase,0.1218,149.85,11.33857208,0.07,707,3660.0,5,0.1,0,0,0,0
1,debt_consolidation,0.1426,343.06,10.86856845,13.49,687,5640.0,7573,48.5,2,0,0,1
1,debt_consolidation,0.1114,426.45,10.98529272,18.63,742,5520.0,25195,24.2,0,0,0,0
1,credit_card,0.1287,807.2,12.61153775,0.54,777,4319.958333,5068,46.1,1,0,0,0
1,debt_consolidation,0.1565,874.66,11.98292909,16.79,687,2520.0,30459,67.8,1,0,0,0
1,debt_consolidation,0.1496,346.45,12.01370075,10.33,722,4770.0,27495,98.2,0,0,0,0
1,debt_consolidation,0.1114,557.66,11.23848862,6.65,762,6839.958333,6542,32.7,1,0,0,1
1,debt_consolidation,0.0894,158.86,10.08580911,19.2,727,1950.0,5089,56.5,0,0,0,0
1,debt_consolidation,0.1461,172.38,11.00209984,20.92,712,5674.958333,3179,20.6,1,0,0,0
1,all_other,0.0774,185.76,10.71441777,11.39,792,4410.0,711,2.5,1,0,0,0
1,all_other,0.0774,56.2,10.2111193,1.46,787,5490.0,2701,3.2,4,0,0,0
1,debt_consolidation,0.1183,614.64,10.66895539,5.86,732,4649.958333,10133,25.6,2,0,0,0
1,debt_consolidation,0.1774,432.26,11.08214255,24.13,677,5100.0,19714,97.6,0,0,0,0
1,credit_card,0.0859,79.03,11.35040654,23.53,732,7169.958333,80572,71.4,0,0,0,0
1,debt_consolidation,0.1322,304.21,10.96819829,16.9,677,4289.958333,11274,72.5,3,0,0,0
1,all_other,0.1287,319.52,11.91839057,2.5,697,5069.958333,3267,12.1,0,0,0,0
1,credit_card,0.1114,57.41,9.998797732,8.02,722,2190.0,1838,14.9,0,0,0,0
1,small_business,0.1843,305.51,10.4125917,4.18,667,1800.0,3244,73.7,1,0,0,0
1,credit_card,0.1114,98.42,10.08580911,8.7,722,1830.0,6941,39.2,0,0,0,0
1,debt_consolidation,0.1531,870.39,11.00209984,22.38,697,4289.958333,42430,81.8,0,0,0,0
1,all_other,0.1496,554.32,11.00209984,21.54,677,12480.0,36095,65.9,1,1,0,0
1,debt_consolidation,0.1218,832.5,11.53751466,7.49,737,7499.958333,67492,55.7,0,0,0,0
1,all_other,0.1357,169.85,10.2181523,21.42,677,1890.0,8817,76.0,1,0,0,0
1,credit_card,0.0774,93.66,11.25507141,7.33,742,10230.0,37721,64.6,0,0,0,0
1,debt_consolidation,0.1357,95.12,11.09922655,11.16,672,5729.958333,26343,83.4,1,0,0,0
1,small_business,0.1496,866.13,11.22524339,6.3,792,7020.0,3793,14.3,2,0,0,0
1,credit_card,0.0894,508.35,11.23843599,6.79,772,5009.958333,7254,15.4,1,0,0,0
1,credit_card,0.16,878.94,11.28983191,17.83,682,5160.0,17426,52.2,2,0,0,0
1,all_other,0.1218,166.5,10.43399815,2.22,697,2519.958333,2070,60.9,3,0,0,0
1,debt_consolidation,0.0859,410.94,10.75363848,2.87,782,6630.0,6049,19.1,0,0,0,0
1,credit_card,0.1183,457.25,10.91508846,20.86,717,4470.0,21981,59.6,1,0,0,0
1,debt_consolidation,0.1253,284.47,11.01856357,16.11,697,2459.958333,9836,69.8,1,0,0,0
1,debt_consolidation,0.1461,827.41,11.82041016,21.94,697,4440.0,124784,73.2,0,0,0,0
1,all_other,0.074,139.77,11.39657141,6.77,787,5820.0,6986,12.3,0,0,0,0
1,home_improvement,0.1218,499.5,11.30220443,13.1,767,4290.958333,7135,8.3,1,0,0,0
1,major_purchase,0.0774,218.54,11.56171563,7.27,767,10439.95833,7283,7.6,0,0,0,0
1,debt_consolidation,0.0774,280.97,10.91508846,9.93,777,6240.0,3940,8.9,1,0,0,0
1,all_other,0.074,217.42,10.73639668,23.87,772,2912.0,1095,5.2,2,0,0,0
1,home_improvement,0.1183,516.89,11.22524339,17.26,732,5880.0,256,1.7,0,0,1,0
1,all_other,0.1426,205.84,10.60905725,20.83,697,1260.0,12,1.5,2,0,0,0
1,all_other,0.1426,144.09,10.12647109,5.14,687,3420.0,0,0.0,3,2,0,0
1,debt_consolidation,0.1635,883.23,11.88446143,14.32,682,4619.958333,30427,86.9,1,0,0,0
1,debt_consolidation,0.167,887.54,11.91839057,24.77,677,8670.958333,56883,93.3,1,1,0,0
1,credit_card,0.1218,333.0,11.1844214,13.82,712,5669.958333,36014,66.1,3,0,0,0
1,credit_card,0.1357,339.69,10.71441777,8.75,682,6360.0,24223,72.7,0,0,0,0
1,debt_consolidation,0.16,878.94,11.48246626,15.06,697,6149.958333,62551,90.1,0,0,0,0
1,all_other,0.1531,835.57,11.73606902,11.71,682,5910.0,36598,74.4,0,0,0,1
1,all_other,0.0774,187.32,11.22524339,22.9,752,8999.958333,63299,64.9,2,0,0,0
1,credit_card,0.16,492.21,10.75363848,9.51,687,2040.041667,14401,92.9,0,0,0,0
1,debt_consolidation,0.1148,131.88,10.73639668,22.93,717,3690.0,0,0.0,0,0,0,0
1,debt_consolidation,0.16,421.89,11.73606902,23.85,662,6089.958333,61956,85.6,2,1,0,0
1,debt_consolidation,0.0894,317.72,10.53209621,13.73,787,5039.958333,417,3.2,2,0,0,0
1,debt_consolidation,0.16,189.85,10.81977828,10.61,662,3119.958333,1487,92.9,0,0,0,0
1,all_other,0.1392,682.74,11.35035948,12.61,707,6419.958333,197,0.5,2,0,0,0
1,all_other,0.1183,397.61,11.28978191,18.9,732,3660.0,11061,46.1,1,0,0,1
1,debt_consolidation,0.1322,669.26,11.58058411,17.05,707,3990.0,23075,67.3,0,0,0,1
1,small_business,0.1392,102.42,12.20607265,5.35,727,5309.958333,5415,12.8,1,1,1,0
1,debt_consolidation,0.0774,288.78,11.1124479,8.17,777,5789.958333,18147,16.7,1,0,0,1
1,credit_card,0.1253,317.93,11.00209984,5.42,702,2129.958333,13228,45.6,0,0,0,0
1,small_business,0.1531,278.53,10.91508846,19.66,752,3239.958333,39644,10.3,1,0,0,0
1,debt_consolidation,0.1392,307.24,10.30895266,12.04,692,1444.0,7171,59.3,0,0,0,0
1,all_other,0.1253,568.93,11.22524339,14.15,727,3179.958333,4071,30.2,1,0,0,0
1,debt_consolidation,0.1461,629.18,10.66886237,20.23,702,4440.0,28607,95.0,2,0,0,0
1,debt_consolidation,0.1496,55.44,11.00209984,6.42,692,1860.0,4050,98.8,2,0,0,0
1,home_improvement,0.1183,497.01,10.49127422,12.27,742,2879.958333,0,0.0,2,0,0,0
1,all_other,0.1531,97.49,9.61580548,6.8,667,1110.0,456,22.8,1,2,0,0
1,debt_consolidation,0.1426,154.38,10.59663473,2.34,687,1560.0,1847,42.0,1,0,0,0
1,home_improvement,0.0894,95.32,10.89673933,7.44,717,4380.0,9166,27.0,1,1,0,0
1,small_business,0.16,703.15,11.60823564,18.13,717,10740.0,22784,82.0,0,0,0,1
1,all_other,0.1114,49.21,9.769727562,20.37,712,2610.0,5013,68.7,0,0,0,1
1,home_improvement,0.1183,662.68,11.46163217,4.24,747,6749.958333,15773,48.2,2,0,0,1
1,debt_consolidation,0.1531,417.79,10.81985828,5.59,667,1830.0,6804,74.0,1,0,0,0
1,debt_consolidation,0.1148,659.37,11.51292546,11.02,752,3239.958333,1492,6.1,3,0,0,0
1,debt_consolidation,0.1287,815.61,11.81303006,8.08,717,3839.958333,26361,73.2,1,0,0,1
1,credit_card,0.1913,201.97,11.87756858,3.58,662,5130.0,0,74.4,1,0,0,0
1,debt_consolidation,0.1253,150.6,11.00209984,1.12,687,7499.958333,1916,43.5,0,0,1,1
1,debt_consolidation,0.1461,163.76,9.546812609,10.71,677,1140.0,3798,50.6,2,0,0,0
1,all_other,0.0859,177.02,11.8277654,12.15,737,6600.0,38084,81.0,3,0,0,1
1,all_other,0.1287,840.83,10.93310697,9.96,717,4478.0,9880,72.1,0,0,0,0
1,debt_consolidation,0.1218,532.8,11.00209984,16.4,712,6960.0,12295,38.5,0,0,0,0
1,debt_consolidation,0.1322,515.46,10.59663473,22.41,697,5009.958333,14876,56.1,1,0,0,1
1,debt_consolidation,0.1253,261.04,10.54534144,16.42,717,1860.0,25608,65.9,0,0,0,0
1,all_other,0.1253,184.07,10.30895266,16.2,687,3090.0,23509,54.8,0,0,0,0
1,debt_consolidation,0.1392,443.78,10.96812932,19.24,682,4949.958333,17599,28.3,3,2,0,0
1,all_other,0.1322,101.41,10.49127422,22.43,677,5369.958333,12905,81.2,1,0,1,0
1,debt_consolidation,0.1357,407.63,12.04355372,5.51,712,8249.958333,31895,66.6,3,0,0,0
1,debt_consolidation,0.1322,270.41,10.30895266,11.76,682,2138.958333,9036,82.9,0,0,0,0
1,credit_card,0.1357,190.23,11.15625052,17.47,692,7831.0,48280,97.7,3,0,0,0
1,credit_card,0.0751,186.66,11.71177632,1.46,747,4569.041667,10817,49.6,1,0,0,0
1,all_other,0.1531,191.49,10.66895539,0.28,677,3390.0,68,2.5,0,0,0,0
1,debt_consolidation,0.1183,662.68,11.1124479,11.95,742,6030.0,19086,67.4,1,0,0,0
1,credit_card,0.1183,596.41,11.75978554,12.92,742,6809.958333,12204,64.6,4,0,0,0
1,all_other,0.0894,476.58,11.53272809,6.21,772,4110.0,4054,6.0,2,0,0,0
1,credit_card,0.074,65.23,11.6351431,13.19,747,4229.958333,19548,37.2,0,0,0,0
1,debt_consolidation,0.1253,301.2,11.88448902,9.76,722,5399.958333,110441,96.6,0,0,0,1
1,small_business,0.16,281.26,11.40756495,6.03,702,6690.0,362,36.2,1,0,0,0
1,home_improvement,0.0894,508.35,11.69524702,7.85,772,8760.0,92944,20.6,0,0,0,0
1,credit_card,0.1218,399.6,10.59663473,19.86,707,3509.958333,9777,72.4,2,0,0,0
1,all_other,0.1531,261.12,10.51867319,21.15,662,2910.0,722,60.2,2,0,0,1
1,debt_consolidation,0.1218,266.4,10.81977828,8.54,702,2280.0,7690,65.6,0,0,0,0
1,major_purchase,0.0894,158.86,10.54534144,18.54,727,4020.0,13862,74.5,0,0,0,0
1,debt_consolidation,0.1461,706.74,11.00209984,23.86,687,8071.0,4503,35.7,1,3,0,0
1,debt_consolidation,0.1183,238.57,11.15619338,23.33,707,5069.958333,31485,64.4,3,0,0,0
1,major_purchase,0.0894,206.52,11.11654398,12.49,777,3633.0,21760,63.2,0,0,0,0
1,debt_consolidation,0.1565,874.66,11.51292546,14.02,692,4559.958333,24594,64.3,0,0,0,0
1,all_other,0.074,77.65,10.37349118,11.48,762,2910.0,1641,14.9,0,0,0,0
1,all_other,0.0894,222.41,10.71441777,15.2,722,3631.0,5764,31.5,1,0,0,1
1,debt_consolidation,0.16,281.26,11.00209984,6.78,672,4080.0,0,0.0,2,1,0,0
1,major_purchase,0.1392,51.21,10.37349118,4.09,682,2550.0,286,35.7,2,0,0,0
1,debt_consolidation,0.1253,200.8,11.15619338,17.28,687,4800.0,33711,81.6,2,0,0,0
1,credit_card,0.1253,60.24,10.23995979,15.21,677,2700.0,4293,66.0,2,0,0,0
1,credit_card,0.1114,213.23,11.13458902,3.43,717,7779.0,9846,59.7,1,0,0,0
1,educational,0.074,86.97,10.81769612,7.96,807,14310.0,562,1.0,0,0,0,0
1,all_other,0.0859,105.9,11.00209984,22.54,727,4500.0,32143,61.7,0,0,0,0
1,debt_consolidation,0.167,319.52,10.91508846,6.83,662,1140.0,8419,65.8,0,0,0,0
1,all_other,0.1392,819.29,11.28978191,9.67,742,3479.958333,254,1.1,6,0,0,0
