Unnamed: 0,Book_length(mins)_overall,Book_length(mins)_avg,Price_overall,Price_avg,Review,Review10/10,Completion,Minutes_listened,Support_Request,Last_Visited_mins_Purchase_date,label
994,1620.0,1620,19.73,19.73,1,10.0,0.99,1603.8,5,92,0
1143,2160.0,2160,5.33,5.33,0,8.91,0.0,0.0,0,0,0
2059,2160.0,2160,5.33,5.33,0,8.91,0.0,0.0,0,388,0
2882,1620.0,1620,5.96,5.96,0,8.91,0.42,680.4,1,129,0
3342,2160.0,2160,5.33,5.33,0,8.91,0.22,475.2,0,361,0
3416,2160.0,2160,4.61,4.61,0,8.91,0.0,0.0,0,0,0
4949,2160.0,2160,5.33,5.33,0,8.91,0.04,86.4,0,366,0
9011,648.0,648,5.33,5.33,0,8.91,0.0,0.0,0,0,1
9282,2160.0,2160,5.33,5.33,0,8.91,0.26,561.6,0,33,0
10500,2160.0,2160,5.33,5.33,1,10.0,0.27,583.2,0,366,0
12898,540.0,540,5.33,5.33,0,8.91,0.28,151.2,0,34,0
16370,2160.0,2160,5.33,5.33,0,8.91,0.0,0.0,0,0,1
16587,2160.0,2160,13.33,13.33,0,8.91,0.6,1296.0,0,98,0
18065,648.0,648,50.66,50.66,0,8.91,0.0,0.0,0,0,0
19313,2160.0,2160,7.03,7.03,0,8.91,0.0,0.0,0,0,0
19996,594.0,1188,29.33,58.67,0,10.0,0.0,0.0,0,0,1
20124,2160.0,2160,5.33,5.33,0,8.91,0.0,0.0,0,29,0
23153,1620.0,1620,11.68,11.68,1,8.0,0.71,1150.2,1,25,0
23372,2160.0,2160,5.33,5.33,0,8.91,0.0,0.0,0,1,0
23757,2160.0,2160,5.33,5.33,0,8.91,0.0,0.0,0,9,0
24187,1620.0,1620,14.29,14.29,1,7.0,0.43,696.6,0,66,0
25850,1620.0,1620,5.33,5.33,0,8.91,0.08,129.6,0,342,0
27030,1188.0,4752,6.0,23.99,0,10.0,0.0,0.0,0,176,1
27703,1620.0,1620,5.33,5.33,0,8.91,0.0,0.0,0,0,0
29095,1404.0,2808,27.99,55.99,0,8.91,0.0,0.0,0,0,1
31062,2160.0,2160,5.33,5.33,0,8.91,0.6,1296.0,0,228,0
33068,2160.0,2160,5.96,5.96,0,8.91,0.0,0.0,0,0,0
3330,1620.0,1620,16.99,16.99,0,8.91,0.33,534.6,0,364,0
3699,2160.0,2160,5.33,5.33,0,8.91,0.0,0.0,0,1,1
4943,2160.0,2160,5.33,5.33,0,8.91,0.0,0.0,0,0,0
5790,2160.0,2160,11.68,11.68,0,8.91,0.0,0.0,0,0,0
5829,1620.0,1620,6.11,6.11,0,8.91,0.12,194.4,0,8,0
7053,2160.0,2160,5.33,5.33,0,8.91,0.0,0.0,0,0,0
13555,2160.0,2160,12.8,12.8,1,8.0,0.19,410.4,0,1,0
14162,2160.0,2160,5.33,5.33,0,8.91,0.04,86.4,0,211,0
14292,2160.0,2160,5.33,5.33,0,8.91,0.0,0.0,0,0,0
17021,2160.0,2160,5.33,5.33,1,10.0,0.23,496.8,0,186,0
20156,2160.0,2160,5.33,5.33,0,8.91,0.0,0.0,0,0,0
20919,2160.0,2160,5.33,5.33,1,10.0,0.45,972.0,0,158,0
20998,2160.0,2160,5.33,5.33,0,8.91,0.0,0.0,0,0,0
24221,2160.0,2160,5.33,5.33,0,8.91,0.05,108.0,0,14,0
25167,2160.0,2160,5.33,5.33,0,8.91,0.07,151.2,0,149,0
25991,2160.0,2160,5.33,5.33,0,8.91,0.37,799.2,0,387,0
27323,2160.0,2160,4.1,4.1,0,8.91,0.0,0.0,0,39,0
28685,1620.0,1620,6.04,6.04,0,8.91,0.64,1036.8,1,7,0
4481,2160.0,2160,5.33,5.33,0,8.91,0.08,172.8,0,344,0
4722,1332.0,3996,5.33,15.99,0,8.91,0.0,0.0,0,86,1
10753,2160.0,2160,11.35,11.35,0,8.91,0.1,216.0,0,323,0
12413,756.0,1512,8.73,17.47,0,8.91,0.0,0.0,0,0,1
13440,1620.0,1620,5.33,5.33,0,8.91,0.68,1101.6,0,371,0
14255,2160.0,2160,5.33,5.33,0,8.91,0.0,0.0,0,0,0
15384,1620.0,1620,9.77,9.77,1,9.0,0.78,1263.6,0,383,0
17321,1404.0,2808,11.35,22.7,0,10.0,0.0,0.0,0,209,1
18755,2160.0,2160,10.98,10.98,0,8.91,0.0,0.0,0,351,1
21533,648.0,648,10.13,10.13,0,8.91,0.0,0.0,0,313,0
22234,2160.0,2160,5.33,5.33,0,8.91,0.0,0.0,0,0,0
28285,2160.0,2160,5.33,5.33,0,8.91,0.0,0.0,0,0,0
29567,1620.0,1620,5.33,5.33,0,8.91,0.0,0.0,0,0,0
31263,2160.0,2160,5.33,5.33,0,8.91,0.03,64.8,0,12,0
31659,1620.0,1620,5.33,5.33,0,8.91,0.0,0.0,0,97,0
31982,2160.0,2160,5.33,5.33,1,10.0,0.0,0.0,0,266,1
3579,2160.0,2160,5.33,5.33,0,8.91,0.0,0.0,0,4,0
7585,2160.0,2160,9.77,9.77,0,8.91,0.0,0.0,0,0,0
8000,2160.0,2160,5.33,5.33,0,8.91,0.0,0.0,0,314,0
9829,1620.0,1620,5.33,5.33,0,8.91,0.06,97.2,0,273,0
11551,648.0,648,50.66,50.66,0,8.91,0.77,498.96,0,23,0
14333,2160.0,2160,10.98,10.98,1,9.0,0.0,0.0,0,136,1
19754,1620.0,1620,5.33,5.33,0,8.91,0.0,0.0,0,0,0
22381,2160.0,2160,5.33,5.33,0,8.91,0.0,0.0,0,0,0
23676,2160.0,2160,5.33,5.33,1,8.0,0.66,1425.6,0,379,0
31372,2160.0,2160,5.33,5.33,1,5.0,0.18,388.8,0,69,0
508,1080.0,1080,10.13,10.13,1,9.0,0.85,918.0,1,81,0
6123,324.0,324,10.13,10.13,1,9.0,0.72,233.28,0,0,0
10244,648.0,648,10.13,10.13,0,8.91,0.8,518.4,0,28,0
14843,648.0,648,5.33,5.33,0,8.91,0.48,311.04,0,198,0
16792,1188.0,3564,12.8,38.4,0,8.91,0.0,0.0,0,152,1
17056,1080.0,1080,10.13,10.13,1,8.0,0.0,0.0,1,1,1
17268,1080.0,1080,5.33,5.33,0,8.91,0.39,421.2,0,0,0
19864,540.0,540,6.11,6.11,1,10.0,0.55,297.0,0,48,0
22116,648.0,648,10.13,10.13,1,10.0,1.0,648.0,2,192,0
22166,2160.0,2160,5.33,5.33,0,8.91,0.0,0.0,0,2,1
22951,1620.0,1620,10.13,10.13,0,8.91,0.19,307.8,0,11,0
23058,2160.0,2160,5.33,5.33,0,8.91,0.0,0.0,0,62,1
23200,648.0,648,10.13,10.13,1,9.0,0.26,168.48,0,337,0
25119,1620.0,1620,5.33,5.33,0,8.91,0.0,0.0,0,0,0
28244,1620.0,1620,5.33,5.33,0,8.91,0.0,0.0,0,0,0
29771,2160.0,2160,5.33,5.33,0,8.91,0.0,0.0,0,355,1
31759,2160.0,2160,5.33,5.33,1,10.0,0.0,0.0,0,294,1
31895,2160.0,2160,10.13,10.13,0,8.91,0.12,259.2,0,1,0
32669,324.0,324,6.11,6.11,0,8.91,0.97,314.28,0,13,0
33273,2160.0,2160,5.33,5.33,0,8.91,0.02,43.2,0,281,0
123,2160.0,2160,5.33,5.33,0,8.91,0.0,0.0,0,37,0
2300,2160.0,2160,10.13,10.13,0,8.91,0.1,216.0,0,6,0
3627,1620.0,1620,11.35,11.35,0,8.91,0.53,858.6,0,9,0
3909,2160.0,2160,5.33,5.33,0,8.91,0.81,1749.6,0,64,0
5580,2160.0,2160,5.33,5.33,1,10.0,0.0,0.0,0,28,1
7103,1620.0,1620,6.11,6.11,0,8.91,0.08,129.6,0,329,0
9200,2160.0,2160,10.13,10.13,1,9.0,0.13,280.8,0,243,0
9755,2160.0,2160,13.45,13.45,0,8.91,0.16,345.6,0,3,0
9972,648.0,648,9.77,9.77,0,8.91,0.0,0.0,0,0,0
11591,2160.0,2160,5.33,5.33,1,7.0,0.3,648.0,0,89,0
13079,324.0,324,5.33,5.33,0,8.91,0.0,0.0,0,0,0
13496,1620.0,1620,5.33,5.33,0,8.91,0.0,0.0,0,0,0
15561,2160.0,2160,5.33,5.33,0,8.91,0.0,0.0,0,119,0
15739,1620.0,1620,12.8,12.8,0,8.91,0.41,664.2,1,148,0
19547,1620.0,1620,10.13,10.13,0,8.91,0.0,0.0,0,346,1
19753,2160.0,2160,9.77,9.77,0,8.91,0.08,172.8,0,0,0
21896,1620.0,1620,10.13,10.13,0,8.91,0.0,0.0,0,62,0
21991,1080.0,1080,5.33,5.33,0,8.91,0.0,0.0,0,0,0
22756,540.0,540,10.13,10.13,0,8.91,0.58,313.2,0,4,0
22887,2160.0,2160,5.33,5.33,0,8.91,0.0,0.0,0,0,0
26439,2160.0,2160,104.0,104.0,0,8.91,0.0,0.0,0,0,0
27278,1620.0,1620,5.33,5.33,0,8.91,0.28,453.6,0,0,0
27395,2160.0,2160,10.13,10.13,0,8.91,0.0,0.0,0,0,0
29290,1080.0,1080,12.8,12.8,0,8.91,0.74,799.2,1,17,0
30116,2160.0,2160,5.33,5.33,0,8.91,0.34,734.4,0,210,0
30363,324.0,324,10.13,10.13,0,8.91,0.0,0.0,0,0,0
33158,2160.0,2160,10.13,10.13,0,8.91,0.89,1922.4,0,10,0
873,2160.0,2160,10.13,10.13,0,8.91,0.0,0.0,0,0,1
1713,1080.0,1080,7.87,7.87,0,8.91,0.0,0.0,0,45,0
1807,324.0,324,10.13,10.13,0,8.91,0.86,278.64,1,17,0
2388,1620.0,1620,10.13,10.13,0,8.91,0.68,1101.6,1,301,0
3580,2160.0,2160,7.08,7.08,0,8.91,0.08,172.8,0,109,0
3968,2160.0,2160,5.33,5.33,0,8.91,0.01,21.6,0,355,0
4365,648.0,648,19.73,19.73,0,8.91,0.0,0.0,0,0,0
4422,2160.0,2160,5.33,5.33,0,8.91,0.0,0.0,0,74,0
5077,1620.0,1620,5.33,5.33,0,8.91,0.0,0.0,0,0,0
5082,1620.0,1620,10.13,10.13,0,8.91,0.0,0.0,0,0,0
7530,2160.0,2160,10.13,10.13,1,8.0,0.0,0.0,0,251,1
10959,1620.0,1620,5.33,5.33,0,8.91,0.0,0.0,0,0,0
11215,324.0,324,10.13,10.13,0,8.91,0.0,0.0,0,0,0
11582,2160.0,2160,5.33,5.33,0,8.91,0.0,0.0,0,152,1
13093,2160.0,2160,5.33,5.33,0,8.91,0.0,0.0,0,0,0
14182,1620.0,1620,5.33,5.33,0,8.91,0.09,145.8,0,104,0
14549,2160.0,2160,5.33,5.33,0,8.91,0.04,86.4,0,28,0
18398,2160.0,2160,5.33,5.33,0,8.91,0.0,0.0,0,51,0
19277,2160.0,2160,5.97,5.97,0,8.91,0.02,43.2,0,72,0
20203,2160.0,2160,5.33,5.33,0,8.91,0.0,0.0,0,0,0
21947,2160.0,2160,4.1,4.1,0,8.91,0.0,0.0,0,0,0
22903,1080.0,1080,10.13,10.13,1,8.0,1.0,1080.0,0,111,0
27449,2160.0,2160,5.33,5.33,0,8.91,0.0,0.0,0,0,0
27951,1620.0,1620,10.13,10.13,0,8.91,0.05,81.0,0,22,0
30204,1890.0,3780,10.13,20.27,0,8.91,0.0,0.0,0,251,1
30674,1242.0,2484,5.33,10.67,0,8.91,0.0,0.0,0,101,1
31893,1620.0,1620,5.33,5.33,0,8.91,0.0,0.0,0,353,0
33185,2160.0,2160,25.6,25.6,0,8.91,0.03,64.8,0,0,0
558,648.0,648,10.13,10.13,1,8.0,0.65,421.2,0,134,0
611,1404.0,2808,6.66,13.33,1,6.5,0.0,0.0,0,182,1
3709,324.0,324,8.0,8.0,1,10.0,0.84,272.16,0,0,0
5780,1080.0,1080,5.33,5.33,0,8.91,0.0,0.0,0,19,0
6226,2160.0,2160,5.33,5.33,0,8.91,0.0,0.0,0,0,0
6377,2160.0,2160,5.33,5.33,0,8.91,0.0,0.0,0,0,0
6761,2160.0,2160,6.11,6.11,1,10.0,0.14,302.4,0,146,0
6931,2160.0,2160,10.13,10.13,1,5.0,0.38,820.8,0,357,0
7266,1620.0,1620,4.1,4.1,0,8.91,0.35,567.0,0,92,0
8447,2160.0,2160,9.66,9.66,0,8.91,0.0,0.0,0,0,0
13101,1620.0,1620,7.74,7.74,0,8.91,0.9,1458.0,0,72,0
14577,1080.0,1080,19.73,19.73,0,8.91,0.0,0.0,0,5,0
16514,1620.0,1620,5.33,5.33,0,8.91,0.02,32.4,0,214,0
17318,2160.0,2160,5.33,5.33,0,8.91,0.0,0.0,0,17,1
17585,1188.0,4752,9.84,39.36,1,9.4,0.0,0.0,0,374,1
19364,1080.0,1080,7.96,7.96,1,8.0,0.99,1069.2,0,116,0
21381,2160.0,2160,5.33,5.33,0,8.91,0.0,0.0,0,1,0
21477,2160.0,2160,5.33,5.33,1,6.0,0.04,86.4,0,220,0
22033,648.0,648,5.33,5.33,0,8.91,0.0,0.0,0,0,0
22544,1620.0,1620,10.13,10.13,0,8.91,0.12,194.4,0,0,0
23164,648.0,648,5.33,5.33,1,10.0,0.0,0.0,0,0,0
24108,2160.0,2160,10.13,10.13,1,5.0,0.0,0.0,0,0,0
24151,648.0,648,9.66,9.66,0,8.91,0.33,213.84,0,0,0
24560,1620.0,1620,5.33,5.33,1,6.5,0.0,0.0,1,330,1
24683,2160.0,2160,10.13,10.13,1,8.0,1.0,2160.0,0,291,0
24727,648.0,648,10.13,10.13,0,8.91,0.16,103.68,0,0,0
24818,1620.0,1620,5.33,5.33,0,8.91,0.0,0.0,0,110,1
27203,1116.0,3348,9.56,28.69,0,8.91,0.0,0.0,0,0,1
27456,1620.0,1620,7.74,7.74,1,8.0,0.42,680.4,0,352,0
27753,1620.0,1620,5.33,5.33,0,8.91,0.0,0.0,0,91,1
28103,2160.0,2160,5.33,5.33,0,8.91,0.0,0.0,0,356,1
31345,2160.0,2160,5.33,5.33,0,8.91,0.0,0.0,0,0,0
31358,2160.0,2160,10.13,10.13,1,9.0,0.39,842.4,0,56,0
33391,1620.0,1620,9.77,9.77,0,8.91,0.06,97.2,0,375,0
678,2160.0,2160,8.0,8.0,0,8.91,0.58,1252.8,0,138,0
4849,2160.0,2160,6.11,6.11,0,8.91,0.0,0.0,0,0,0
5564,1620.0,1620,5.33,5.33,0,8.91,0.0,0.0,0,19,1
5934,648.0,648,8.0,8.0,0,8.91,0.0,0.0,0,0,0
6111,2160.0,2160,5.33,5.33,0,8.91,0.0,0.0,0,0,0
7050,2160.0,2160,11.35,11.35,0,8.91,0.0,0.0,0,0,0
7562,648.0,648,8.0,8.0,0,8.91,0.0,0.0,0,45,1
8441,1476.0,4428,10.84,32.53,1,10.0,0.0,0.0,0,8,1
10630,1620.0,1620,5.33,5.33,0,8.91,0.0,0.0,0,0,0
10977,1620.0,1620,10.13,10.13,0,8.91,0.8,1296.0,1,52,0
11502,648.0,648,10.13,10.13,1,9.0,0.48,311.04,0,104,0
11684,648.0,648,7.99,7.99,0,8.91,0.29,187.92,0,31,0
11894,2160.0,2160,5.33,5.33,0,8.91,0.33,712.8,0,333,0
12719,2160.0,2160,5.33,5.33,0,8.91,0.0,0.0,0,0,0
13806,2160.0,2160,12.8,12.8,0,8.91,0.24,518.4,0,5,0
14077,1620.0,1620,9.77,9.77,1,8.0,0.3,486.0,0,2,0
14811,2160.0,2160,5.33,5.33,0,8.91,0.0,0.0,0,85,1
15138,1620.0,1620,22.1,22.1,1,8.0,0.14,226.8,0,313,0
16505,2160.0,2160,10.13,10.13,0,8.91,0.02,43.2,0,162,0
17290,1620.0,1620,5.33,5.33,0,8.91,0.0,0.0,0,0,0
17947,684.0,2052,5.78,17.34,1,9.0,0.0,0.0,0,326,1
18307,2160.0,2160,8.0,8.0,0,8.91,0.0,0.0,0,0,0
19134,2160.0,2160,5.33,5.33,0,8.91,0.45,972.0,0,43,0
19493,540.0,540,10.07,10.07,0,8.91,0.5,270.0,0,95,0
20971,1080.0,1080,8.0,8.0,0,8.91,0.0,0.0,0,0,0
24567,2160.0,2160,5.33,5.33,0,8.91,0.07,151.2,0,290,0
24867,2160.0,2160,5.33,5.33,0,8.91,0.02,43.2,0,58,0
24879,2160.0,2160,5.33,5.33,0,8.91,0.0,0.0,0,0,0
29826,2160.0,2160,5.33,5.33,0,8.91,0.34,734.4,0,330,0
29999,2160.0,2160,5.33,5.33,0,8.91,0.0,0.0,0,12,0
33304,2160.0,2160,25.6,25.6,1,10.0,0.57,1231.2,0,54,0
604,1620.0,1620,8.96,8.96,0,8.91,0.09,145.8,0,0,0
1201,1620.0,1620,10.13,10.13,0,8.91,0.0,0.0,0,0,1
9568,1620.0,1620,7.74,7.74,0,8.91,0.0,0.0,0,117,1
14006,1080.0,1080,10.13,10.13,0,8.91,0.18,194.4,0,27,0
16160,2160.0,2160,5.33,5.33,0,8.91,0.0,0.0,0,0,0
16341,1620.0,1620,7.74,7.74,0,8.91,0.19,307.8,0,60,0
20068,2160.0,2160,10.62,10.62,1,10.0,0.0,0.0,0,0,0
25051,1620.0,1620,10.13,10.13,0,8.91,0.02,32.4,0,323,0
25937,2160.0,2160,5.33,5.33,0,8.91,0.03,64.8,0,333,0
3327,1620.0,1620,10.13,10.13,0,8.91,0.0,0.0,0,0,0
5701,2160.0,2160,8.0,8.0,0,8.91,0.0,0.0,0,0,0
5943,648.0,648,7.74,7.74,0,8.91,0.0,0.0,0,39,0
6091,2160.0,2160,5.33,5.33,0,8.91,0.0,0.0,0,105,0
6711,2160.0,2160,5.33,5.33,0,8.91,0.0,0.0,0,0,0
7208,2160.0,2160,7.74,7.74,0,8.91,0.0,0.0,0,266,0
7971,1620.0,1620,13.45,13.45,1,8.0,0.43,696.6,0,218,0
8832,1080.0,1080,10.13,10.13,0,8.91,0.0,0.0,0,147,1
9034,324.0,324,10.13,10.13,0,8.91,0.0,0.0,0,0,0
11171,1080.0,1080,8.0,8.0,0,8.91,0.02,21.6,0,0,0
12501,2160.0,2160,5.33,5.33,0,8.91,0.0,0.0,0,247,1
12590,2160.0,2160,8.0,8.0,0,8.91,0.05,108.0,0,94,0
12844,2160.0,2160,25.6,25.6,0,8.91,0.09,194.4,0,7,0
14120,2160.0,2160,5.33,5.33,0,8.91,0.0,0.0,0,0,0
15669,1620.0,1620,7.74,7.74,1,8.0,0.42,680.4,0,240,0
17549,2160.0,2160,5.33,5.33,0,8.91,0.0,0.0,0,366,1
18413,2160.0,2160,5.33,5.33,0,8.91,0.1,216.0,0,349,0
18592,1620.0,1620,7.87,7.87,1,10.0,0.0,0.0,0,0,0
20099,2160.0,2160,5.33,5.33,1,10.0,0.07,151.2,0,19,0
20147,1620.0,1620,7.74,7.74,0,8.91,0.16,259.2,0,34,0
22456,2160.0,2160,10.13,10.13,1,10.0,0.0,0.0,0,34,1
25754,648.0,648,7.99,7.99,0,8.91,0.02,12.96,0,53,0
26667,2160.0,2160,25.6,25.6,0,8.91,0.26,561.6,2,97,0
26813,648.0,648,10.13,10.13,0,8.91,0.43,278.64,0,49,0
27121,1620.0,1620,10.13,10.13,0,8.91,0.0,0.0,0,0,0
28243,540.0,540,10.13,10.13,0,8.91,0.64,345.6,0,117,0
29014,1674.0,3348,5.16,10.33,0,8.91,0.0,0.0,0,250,1
29048,648.0,648,8.0,8.0,0,8.91,0.09,58.32,0,0,0
29374,2160.0,2160,10.13,10.13,0,8.91,0.0,0.0,0,0,0
31180,1620.0,1620,8.0,8.0,0,8.91,0.0,0.0,0,11,0
74,2160.0,2160,8.0,8.0,0,8.91,0.0,0.0,0,280,0
137,2160.0,2160,8.0,8.0,1,9.0,0.16,345.6,0,199,0
469,540.0,540,7.74,7.74,0,8.91,0.04,21.6,0,12,0
596,1620.0,1620,8.0,8.0,0,8.91,0.03,48.6,0,108,0
929,648.0,648,8.0,8.0,0,8.91,0.0,0.0,0,0,0
1103,648.0,648,10.13,10.13,1,10.0,0.89,576.72,0,244,0
3093,1080.0,1080,8.0,8.0,0,8.91,0.0,0.0,0,0,0
3677,2160.0,2160,8.0,8.0,0,8.91,0.0,0.0,0,0,0
4596,2160.0,2160,10.13,10.13,1,8.0,0.68,1468.8,0,367,0
5029,2160.0,2160,5.33,5.33,1,10.0,0.25,540.0,0,54,0
5549,1620.0,1620,10.98,10.98,0,8.91,0.0,0.0,1,301,1
5735,2160.0,2160,13.33,13.33,0,8.91,0.27,583.2,0,51,0
6388,2160.0,2160,10.13,10.13,0,8.91,0.03,64.8,0,25,0
6738,2160.0,2160,8.62,8.62,0,8.91,0.02,43.2,0,10,0
8333,1620.0,1620,10.13,10.13,0,8.91,0.0,0.0,0,329,1
8566,2160.0,2160,5.33,5.33,0,8.91,0.0,0.0,0,0,0
8995,1620.0,1620,10.13,10.13,0,8.91,0.0,0.0,0,0,0
9508,1620.0,1620,10.13,10.13,0,8.91,0.0,0.0,0,0,1
9623,2160.0,2160,5.33,5.33,1,6.0,0.0,0.0,0,0,1
10304,2160.0,2160,7.96,7.96,0,8.91,0.07,151.2,0,248,0
11745,324.0,324,8.0,8.0,0,8.91,0.0,0.0,0,0,0
11849,2160.0,2160,5.33,5.33,0,8.91,0.0,0.0,0,0,0
11941,2160.0,2160,7.96,7.96,0,8.91,0.08,172.8,0,7,0
13879,2160.0,2160,10.13,10.13,0,8.91,0.0,0.0,0,2,0
15212,2160.0,2160,5.33,5.33,0,8.91,0.0,0.0,0,0,1
15718,1080.0,1080,8.0,8.0,0,8.91,0.12,129.6,0,339,0
16156,324.0,324,10.13,10.13,0,8.91,0.0,0.0,0,0,0
16224,2160.0,2160,5.33,5.33,0,8.91,0.45,972.0,0,162,0
17740,324.0,324,10.13,10.13,0,8.91,0.0,0.0,0,0,1
18806,324.0,324,50.67,50.67,0,8.91,0.0,0.0,0,0,1
20866,2160.0,2160,5.33,5.33,0,8.91,0.0,0.0,0,3,0
21020,1890.0,3780,6.67,13.33,0,8.91,0.0,0.0,0,0,1
21082,1620.0,1620,7.99,7.99,0,8.91,0.0,0.0,0,6,0
21244,1620.0,1620,11.35,11.35,0,8.91,0.4,648.0,0,27,0
22207,648.0,648,10.13,10.13,0,8.91,0.0,0.0,0,95,0
23567,648.0,648,8.0,8.0,0,8.91,0.86,557.28,0,47,0
23811,1620.0,1620,10.13,10.13,0,8.91,0.58,939.6,0,36,0
25446,648.0,648,8.0,8.0,0,8.91,0.94,609.12,0,69,0
26881,324.0,324,8.0,8.0,0,8.91,0.0,0.0,0,0,0
30064,648.0,648,8.0,8.0,1,9.0,1.0,648.0,0,130,0
30566,1620.0,1620,10.62,10.62,1,10.0,0.0,0.0,0,69,1
31510,2160.0,2160,7.74,7.74,0,8.91,0.0,0.0,0,212,1
705,324.0,324,10.13,10.13,1,9.0,0.0,0.0,1,334,1
4108,1674.0,3348,5.33,10.66,0,8.91,0.0,0.0,0,119,1
6928,540.0,540,10.13,10.13,0,8.91,0.04,21.6,0,9,0
7228,324.0,324,8.0,8.0,0,8.91,0.0,0.0,0,0,0
7459,1656.0,4968,8.53,25.6,0,10.0,0.0,0.0,0,3,1
8951,648.0,648,19.73,19.73,0,8.91,0.08,51.84,0,1,0
10275,1002.857143,7020,6.61,46.28,0,8.91,0.0,0.0,0,77,1
10852,1152.0,3456,9.24,27.73,0,8.91,0.0,0.0,2,98,1
13619,2160.0,2160,5.33,5.33,0,8.91,0.0,0.0,0,0,0
13956,1620.0,1620,10.13,10.13,0,8.91,0.0,0.0,0,20,0
15643,1620.0,1620,24.36,24.36,1,9.0,0.3,486.0,0,293,0
16686,2160.0,2160,10.13,10.13,0,8.91,0.0,0.0,0,2,1
19454,1080.0,1080,7.96,7.96,1,10.0,0.22,237.6,0,113,0
20045,1620.0,1620,10.13,10.13,0,8.91,0.23,372.6,0,0,0
21773,1620.0,1620,10.98,10.98,0,8.91,0.89,1441.8,1,271,0
22146,1080.0,1080,10.13,10.13,1,10.0,1.0,1080.0,0,234,0
24236,2160.0,2160,9.66,9.66,0,8.91,0.34,734.4,0,295,0
26618,1620.0,1620,10.13,10.13,1,6.0,0.56,907.2,0,23,0
26656,648.0,648,10.13,10.13,0,8.91,1.0,648.0,0,3,0
27110,1620.0,1620,12.8,12.8,1,10.0,0.92,1490.4,1,146,0
28398,324.0,324,10.18,10.18,0,8.91,0.0,0.0,0,0,1
28506,1674.0,3348,6.7,13.41,0,10.0,0.0,0.0,0,299,1
29159,2160.0,2160,10.13,10.13,0,8.91,0.0,0.0,0,1,0
29204,1080.0,1080,10.13,10.13,0,8.91,0.18,194.4,0,0,0
29460,2160.0,2160,10.13,10.13,0,8.91,0.0,0.0,0,0,0
31346,2160.0,2160,9.77,9.77,0,8.91,0.03,64.8,0,16,0
774,2160.0,2160,5.33,5.33,0,8.91,0.0,0.0,0,309,0
1252,1620.0,1620,10.13,10.13,0,8.91,0.31,502.2,0,366,0
3371,1404.0,2808,7.73,15.46,1,9.0,0.0,0.0,0,227,1
6280,1620.0,1620,10.13,10.13,0,8.91,0.14,226.8,0,79,0
7696,648.0,648,12.8,12.8,0,8.91,0.0,0.0,1,27,1
7763,1620.0,1620,10.13,10.13,0,8.91,0.32,518.4,0,5,0
12780,2160.0,2160,12.8,12.8,1,10.0,0.8,1728.0,0,62,0
14554,2160.0,2160,10.13,10.13,0,8.91,0.0,0.0,0,0,1
16543,1620.0,1620,10.13,10.13,0,8.91,0.0,0.0,0,364,0
16925,2160.0,2160,10.13,10.13,0,8.91,0.0,0.0,0,13,0
31416,2160.0,2160,25.6,25.6,0,8.91,0.06,129.6,0,17,0
32101,2160.0,2160,4.1,4.1,1,10.0,0.35,756.0,0,371,0
33341,2160.0,2160,10.13,10.13,0,8.91,0.24,518.4,0,369,0
3791,1188.0,3564,13.33,39.99,0,10.0,0.0,0.0,0,236,1
6574,2160.0,2160,10.13,10.13,0,8.91,0.0,0.0,0,0,0
10894,1620.0,1620,19.73,19.73,0,8.91,0.4,648.0,0,349,0
11051,2160.0,2160,5.88,5.88,1,5.0,0.17,367.2,0,28,0
11386,2160.0,2160,10.13,10.13,0,8.91,0.0,0.0,0,293,1
11454,1620.0,1620,15.47,15.47,0,8.91,0.08,129.6,0,368,0
11803,1134.0,2268,8.42,16.85,0,8.91,0.0,0.0,0,351,1
12548,1620.0,1620,10.13,10.13,0,8.91,0.09,145.8,0,0,0
14014,1620.0,1620,10.13,10.13,0,8.91,0.0,0.0,0,0,0
15121,2160.0,2160,10.13,10.13,0,8.91,0.0,0.0,0,0,0
15165,2160.0,2160,5.33,5.33,0,8.91,0.27,583.2,0,121,0
15588,1620.0,1620,10.13,10.13,1,8.0,0.31,502.2,0,29,0
17882,1620.0,1620,10.98,10.98,1,8.0,0.25,405.0,0,287,0
20295,1080.0,1080,10.13,10.13,0,8.91,0.16,172.8,0,265,0
20424,1080.0,1080,10.13,10.13,0,8.91,0.29,313.2,0,18,0
20900,1620.0,1620,11.35,11.35,0,8.91,0.14,226.8,0,15,0
21692,1620.0,1620,10.13,10.13,0,8.91,0.0,0.0,0,75,0
25958,2160.0,2160,10.13,10.13,1,10.0,0.53,1144.8,0,261,0
26415,2160.0,2160,10.13,10.13,0,8.91,0.03,64.8,0,78,0
30956,1620.0,1620,11.35,11.35,0,8.91,0.0,0.0,0,63,0
32653,1080.0,1080,5.33,5.33,0,8.91,0.0,0.0,0,232,1
4954,1620.0,1620,7.08,7.08,0,8.91,0.08,129.6,0,313,0
7067,2160.0,2160,10.13,10.13,0,8.91,0.19,410.4,0,3,0
7188,2160.0,2160,13.45,13.45,0,8.91,0.0,0.0,0,0,0
7249,648.0,648,8.0,8.0,0,8.91,0.11,71.28,0,2,0
9462,2160.0,2160,10.13,10.13,0,8.91,0.46,993.6,0,26,0
12089,1620.0,1620,8.62,8.62,0,8.91,0.12,194.4,0,464,0
13054,2160.0,2160,7.99,7.99,0,8.91,0.2,432.0,0,152,0
15720,324.0,324,50.67,50.67,1,10.0,0.0,0.0,0,0,0
16523,1152.0,3456,10.13,30.4,0,8.91,0.0,0.0,0,0,1
17064,1620.0,1620,8.0,8.0,0,8.91,0.43,696.6,0,259,0
19026,648.0,648,10.13,10.13,1,6.0,0.0,0.0,0,287,1
20581,1620.0,1620,10.13,10.13,1,8.0,0.07,113.4,0,353,0
22279,2160.0,2160,7.08,7.08,0,8.91,0.1,216.0,0,10,0
22781,2160.0,2160,8.96,8.96,1,10.0,0.45,972.0,0,15,0
32755,2160.0,2160,11.35,11.35,0,8.91,0.0,0.0,0,0,0
1424,1620.0,1620,10.13,10.13,0,8.91,0.74,1198.8,0,164,0
1534,1620.0,1620,8.0,8.0,0,8.91,0.0,0.0,0,347,0
4139,1620.0,1620,7.99,7.99,0,8.91,0.12,194.4,0,307,0
6843,2160.0,2160,10.13,10.13,1,8.0,0.0,0.0,0,0,1
13035,2160.0,2160,25.6,25.6,0,8.91,0.4,864.0,0,32,0
15209,1890.0,3780,6.66,13.33,0,8.91,0.0,0.0,0,0,1
16178,648.0,648,10.13,10.13,0,8.91,0.9,583.2,3,0,0
17195,1620.0,1620,8.0,8.0,0,8.91,0.0,0.0,0,143,0
18618,2160.0,2160,6.23,6.23,0,8.91,0.0,0.0,0,230,0
18823,2160.0,2160,10.13,10.13,0,8.91,0.04,86.4,0,3,0
19836,1620.0,1620,10.13,10.13,0,8.91,0.32,518.4,0,25,0
24573,2160.0,2160,7.99,7.99,0,8.91,0.16,345.6,0,277,0
25751,2160.0,2160,8.0,8.0,0,8.91,0.06,129.6,0,12,0
28128,1476.0,4428,4.62,13.87,0,8.91,0.0,0.0,0,96,1
29337,324.0,324,8.0,8.0,1,10.0,0.0,0.0,0,0,0
31740,2160.0,2160,10.13,10.13,1,10.0,0.9,1944.0,1,133,0
32076,2160.0,2160,8.0,8.0,0,8.91,0.0,0.0,0,144,0
391,1620.0,1620,15.31,15.31,0,9.0,0.0,0.0,0,183,1
834,2160.0,2160,10.13,10.13,1,8.0,0.6,1296.0,0,168,0
2687,648.0,648,7.99,7.99,1,10.0,0.23,149.04,0,5,0
3410,2160.0,2160,8.0,8.0,1,10.0,0.9,1944.0,0,101,0
4124,504.0,1512,6.22,18.67,0,8.91,0.0,0.0,0,10,1
7609,1620.0,1620,8.0,8.0,0,8.91,0.46,745.2,0,327,0
11844,648.0,648,8.0,8.0,0,8.91,1.0,648.0,0,126,0
13776,2160.0,2160,8.0,8.0,0,8.91,0.0,0.0,0,135,0
13783,1620.0,1620,10.13,10.13,0,8.91,0.08,129.6,0,9,0
14762,1620.0,1620,8.0,8.0,1,10.0,0.56,907.2,0,105,0
16140,2160.0,2160,7.65,7.65,1,10.0,0.54,1166.4,0,111,0
17713,1620.0,1620,10.13,10.13,0,8.91,0.0,0.0,0,9,0
18273,1620.0,1620,10.13,10.13,0,8.91,0.04,64.8,0,135,0
20482,2160.0,2160,8.0,8.0,0,8.91,0.03,64.8,0,88,0
21779,2160.0,2160,8.0,8.0,1,10.0,0.04,86.4,0,10,0
24401,1620.0,1620,10.98,10.98,0,8.91,0.82,1328.4,0,56,0
24539,2160.0,2160,7.74,7.74,0,8.91,0.24,518.4,0,67,0
26106,2160.0,2160,10.13,10.13,0,8.91,0.05,108.0,0,3,0
26380,1674.0,3348,7.48,14.95,0,8.91,0.0,0.0,0,342,1
29291,2160.0,2160,10.13,10.13,1,9.0,0.0,0.0,0,156,1
30873,1620.0,1620,8.0,8.0,0,9.0,0.0,0.0,0,1,1
31060,2160.0,2160,8.0,8.0,0,8.91,0.46,993.6,0,275,0
31383,1080.0,1080,10.13,10.13,1,10.0,1.0,1080.0,1,94,0
31444,2160.0,2160,10.13,10.13,1,9.0,0.99,2138.4,2,173,0
2356,2160.0,2160,8.0,8.0,0,8.91,0.22,475.2,0,89,0
2390,2160.0,2160,5.33,5.33,1,7.0,0.9,1944.0,0,201,0
2831,2160.0,2160,10.13,10.13,0,8.91,0.0,0.0,0,33,1
3643,1620.0,1620,11.9,11.9,0,8.91,0.15,243.0,0,0,0
4631,2160.0,2160,5.33,5.33,0,8.91,0.03,64.8,0,5,0
4919,648.0,648,7.99,7.99,0,8.91,0.0,0.0,0,9,0
8306,2160.0,2160,7.87,7.87,0,8.91,0.34,734.4,0,76,0
9205,1620.0,1620,8.0,8.0,0,8.91,0.02,32.4,0,0,0
11861,1620.0,1620,10.13,10.13,1,10.0,0.46,745.2,0,63,0
12973,1620.0,1620,11.35,11.35,0,8.91,0.04,64.8,0,10,0
13122,1080.0,1080,5.33,5.33,0,8.91,0.95,1026.0,1,0,0
14046,1620.0,1620,8.0,8.0,0,8.91,0.1,162.0,0,196,0
14912,2160.0,2160,5.33,5.33,0,8.91,0.04,86.4,0,1,0
19169,2160.0,2160,8.96,8.96,0,8.91,0.0,0.0,0,189,0
23800,1620.0,1620,7.65,7.65,0,8.91,0.0,0.0,0,229,1
24437,1620.0,1620,11.35,11.35,1,8.0,0.83,1344.6,1,311,0
30330,2160.0,2160,10.13,10.13,1,10.0,0.44,950.4,0,225,0
31688,1080.0,1080,10.13,10.13,1,8.0,1.0,1080.0,0,84,0
31782,2160.0,2160,81.44,81.44,1,10.0,0.79,1706.4,0,51,0
32371,648.0,648,10.13,10.13,0,8.91,0.13,84.24,0,1,0
2029,2160.0,2160,8.0,8.0,0,8.91,0.02,43.2,0,14,0
2767,1620.0,1620,10.13,10.13,0,8.91,0.0,0.0,0,9,1
2998,1080.0,1080,10.13,10.13,1,9.0,1.0,1080.0,0,3,0
3072,2160.0,2160,5.88,5.88,1,7.0,0.71,1533.6,2,68,0
4726,1080.0,1080,8.0,8.0,0,8.91,0.35,378.0,0,41,0
4947,648.0,648,8.0,8.0,0,8.91,0.0,0.0,0,264,0
6545,648.0,648,10.13,10.13,1,9.0,0.93,602.64,0,15,0
9603,1620.0,1620,8.0,8.0,0,8.91,0.12,194.4,0,12,0
10445,2160.0,2160,7.74,7.74,0,8.91,0.0,0.0,0,134,1
13141,1620.0,1620,10.13,10.13,0,8.91,0.0,0.0,0,343,1
13402,2160.0,2160,7.99,7.99,1,10.0,0.62,1339.2,2,46,0
13908,2160.0,2160,7.99,7.99,0,8.91,0.0,0.0,0,72,0
14127,2160.0,2160,8.0,8.0,0,8.91,0.16,345.6,0,122,0
14589,324.0,324,8.0,8.0,0,8.91,0.0,0.0,0,84,0
14712,2160.0,2160,5.33,5.33,0,8.91,0.19,410.4,0,1,0
14724,648.0,648,8.0,8.0,1,9.0,0.33,213.84,0,278,0
15237,2160.0,2160,5.33,5.33,1,9.0,0.0,0.0,2,205,1
15551,1620.0,1620,6.23,6.23,1,10.0,0.5,810.0,0,354,0
15748,2160.0,2160,8.0,8.0,1,10.0,0.65,1404.0,2,200,0
18005,1620.0,1620,8.0,8.0,0,8.91,0.07,113.4,0,79,0
19000,1620.0,1620,8.0,8.0,1,10.0,0.1,162.0,0,175,0
19014,2160.0,2160,10.62,10.62,0,8.91,0.07,151.2,0,15,0
20606,1620.0,1620,5.33,5.33,1,8.0,0.41,664.2,0,7,0
23313,2160.0,2160,7.99,7.99,0,8.91,0.28,604.8,0,308,0
24424,648.0,648,7.99,7.99,0,8.91,0.68,440.64,0,27,0
26889,1620.0,1620,5.33,5.33,0,8.91,0.0,0.0,0,4,0
27938,1620.0,1620,7.99,7.99,0,8.91,0.0,0.0,0,4,1
28294,1620.0,1620,6.11,6.11,0,8.91,0.08,129.6,0,17,0
28899,1080.0,1080,8.0,8.0,0,8.91,0.18,194.4,0,305,0
29356,1242.0,2484,6.66,13.33,0,8.91,0.0,0.0,0,345,1
30832,2160.0,2160,8.96,8.96,0,8.91,0.14,302.4,0,355,0
32154,1620.0,1620,5.33,5.33,0,10.0,0.0,0.0,0,48,1
626,2160.0,2160,10.13,10.13,0,8.91,0.29,626.4,0,82,0
1686,2160.0,2160,12.8,12.8,0,8.91,0.18,388.8,0,108,0
4385,1620.0,1620,12.8,12.8,0,8.91,0.15,243.0,0,303,0
5924,1620.0,1620,10.13,10.13,0,8.91,0.0,0.0,0,332,1
6477,2160.0,2160,5.33,5.33,0,8.91,0.0,0.0,0,34,1
7998,2160.0,2160,13.45,13.45,1,10.0,0.34,734.4,0,1,0
8426,324.0,324,10.13,10.13,1,8.0,0.0,0.0,0,0,0
10162,1890.0,3780,10.13,20.27,0,8.91,0.0,0.0,0,68,1
11363,2160.0,2160,5.65,5.65,1,8.0,0.0,0.0,1,22,1
15437,1080.0,1080,12.8,12.8,0,8.91,0.14,151.2,0,1,0
15889,1620.0,1620,8.0,8.0,0,8.91,0.04,64.8,0,10,0
15931,2160.0,2160,5.97,5.97,0,8.91,0.04,86.4,0,16,0
16052,324.0,324,10.13,10.13,0,8.91,0.54,174.96,0,3,0
24049,1080.0,1080,5.33,5.33,0,8.91,0.77,831.6,0,9,0
24750,648.0,648,5.33,5.33,1,5.0,0.89,576.72,0,15,0
24963,1620.0,1620,5.33,5.33,0,8.91,0.0,0.0,0,131,0
31600,2160.0,2160,12.8,12.8,0,8.91,0.75,1620.0,1,322,0
32028,2160.0,2160,104.0,104.0,1,10.0,0.0,0.0,2,16,1
32078,648.0,648,5.33,5.33,0,8.91,0.73,473.04,0,17,0
32182,2160.0,2160,5.33,5.33,1,9.0,0.64,1382.4,0,29,0
2178,1620.0,1620,6.11,6.11,1,7.0,0.14,226.8,0,92,0
3583,2160.0,2160,5.33,5.33,1,8.0,0.39,842.4,0,10,0
11374,999.0,3996,8.79,35.16,0,5.0,0.0,0.0,0,361,1
16107,2160.0,2160,5.33,5.33,1,5.0,0.54,1166.4,0,187,0
17107,1620.0,1620,9.77,9.77,1,8.0,0.41,664.2,0,44,0
20784,2160.0,2160,10.13,10.13,1,10.0,0.99,2138.4,0,161,0
27034,2160.0,2160,7.08,7.08,0,8.91,0.0,0.0,0,128,1
5355,1620.0,1620,10.13,10.13,0,8.91,0.21,340.2,0,140,0
8036,2160.0,2160,9.77,9.77,1,10.0,0.0,0.0,0,301,1
10092,2160.0,2160,10.13,10.13,1,6.0,0.26,561.6,0,176,0
11217,648.0,648,10.13,10.13,0,8.91,0.48,311.04,0,28,0
13426,2160.0,2160,10.13,10.13,1,10.0,0.34,734.4,0,15,0
15094,1620.0,1620,10.13,10.13,0,8.91,0.0,0.0,0,160,0
15842,648.0,648,12.27,12.27,0,8.91,0.26,168.48,0,5,0
18989,1620.0,1620,10.13,10.13,1,10.0,0.22,356.4,0,0,0
21547,1080.0,1080,10.13,10.13,0,8.91,0.14,151.2,0,262,0
24012,2160.0,2160,5.33,5.33,0,8.91,0.73,1576.8,1,48,0
25731,2160.0,2160,13.45,13.45,1,10.0,0.4,864.0,0,183,0
29733,2160.0,2160,5.33,5.33,0,8.91,0.0,0.0,0,258,0
32393,1890.0,3780,6.11,12.21,0,8.91,0.0,0.0,0,7,1
32892,1620.0,1620,5.33,5.33,0,8.91,0.08,129.6,0,3,0
7214,1620.0,1620,10.13,10.13,1,9.0,0.37,599.4,0,13,0
11568,1620.0,1620,10.13,10.13,0,8.91,0.0,0.0,0,177,0
19598,1620.0,1620,10.13,10.13,0,8.91,0.0,0.0,0,307,0
20317,1620.0,1620,10.13,10.13,0,8.91,0.09,145.8,0,1,0
20474,2160.0,2160,9.66,9.66,1,6.0,0.09,194.4,0,24,0
28585,2160.0,2160,10.13,10.13,0,8.91,0.2,432.0,0,158,0
31262,1620.0,1620,5.33,5.33,0,8.91,0.04,64.8,0,104,0
5635,1620.0,1620,10.13,10.13,0,8.91,0.4,648.0,0,8,0
9177,648.0,648,5.33,5.33,1,10.0,1.0,648.0,0,21,0
11675,2160.0,2160,10.13,10.13,0,8.91,0.58,1252.8,0,361,0
13625,1080.0,1080,10.13,10.13,1,8.0,0.22,237.6,0,0,0
14090,1620.0,1620,10.13,10.13,0,8.91,0.0,0.0,0,6,1
14818,1620.0,1620,10.13,10.13,1,10.0,0.41,664.2,0,6,0
16777,1161.0,4644,7.33,29.33,0,8.91,0.0,0.0,0,363,1
17395,2160.0,2160,13.45,13.45,0,8.91,0.0,0.0,0,190,1
17654,540.0,540,50.66,50.66,1,10.0,0.52,280.8,0,0,0
18950,1620.0,1620,10.13,10.13,1,10.0,0.0,0.0,0,326,1
22271,1134.0,2268,5.33,10.67,0,8.91,0.0,0.0,0,0,1
27296,1620.0,1620,5.33,5.33,0,8.91,0.0,0.0,0,95,1
28302,2160.0,2160,10.13,10.13,1,10.0,0.05,108.0,0,116,0
28582,2160.0,2160,13.45,13.45,0,8.91,0.0,0.0,0,3,0
28923,2160.0,2160,10.13,10.13,0,8.91,0.08,172.8,0,0,0
32581,1620.0,1620,5.88,5.88,0,8.91,0.0,0.0,0,134,0
2479,1620.0,1620,8.0,8.0,0,8.91,0.04,64.8,0,237,0
2912,540.0,540,10.13,10.13,0,8.91,0.0,0.0,0,1,1
5557,1620.0,1620,9.66,9.66,0,8.91,0.11,178.2,0,77,0
7256,2160.0,2160,5.33,5.33,0,8.91,0.1,216.0,0,144,0
8660,1620.0,1620,6.11,6.11,1,9.5,0.0,0.0,0,0,1
14756,2160.0,2160,10.13,10.13,1,10.0,0.68,1468.8,1,45,0
17922,2160.0,2160,10.13,10.13,0,8.91,0.11,237.6,0,182,0
26235,2160.0,2160,10.13,10.13,1,10.0,0.37,799.2,0,114,0
27227,2160.0,2160,5.33,5.33,1,10.0,0.48,1036.8,0,139,0
29332,648.0,648,50.66,50.66,0,8.91,0.12,77.76,0,41,0
33441,2160.0,2160,8.96,8.96,1,10.0,0.15,324.0,0,102,0
819,432.0,1296,7.11,21.33,1,9.0,0.0,0.0,0,0,1
1432,2160.0,2160,7.99,7.99,1,10.0,0.49,1058.4,1,351,0
3424,648.0,648,6.21,6.21,1,9.0,0.0,0.0,0,208,1
4542,1620.0,1620,8.0,8.0,1,10.0,0.38,615.6,0,93,0
4655,1620.0,1620,8.0,8.0,1,10.0,0.0,0.0,0,0,0
5981,648.0,648,10.13,10.13,0,8.91,0.0,0.0,0,1,1
6541,1620.0,1620,8.0,8.0,0,8.91,0.17,275.4,0,190,0
6731,1080.0,1080,13.45,13.45,1,9.0,1.0,1080.0,0,43,0
6798,540.0,540,5.33,5.33,0,8.91,0.0,0.0,0,67,1
7811,864.0,1728,5.98,11.97,0,8.91,0.0,0.0,0,31,1
8265,1620.0,1620,8.0,8.0,0,8.91,0.51,826.2,0,28,0
9965,2160.0,2160,8.0,8.0,0,8.91,0.0,0.0,0,232,0
10604,324.0,324,5.33,5.33,0,8.91,0.33,106.92,0,131,0
11875,1620.0,1620,5.97,5.97,0,8.91,0.07,113.4,0,6,0
12170,1656.0,4968,6.22,18.66,0,8.91,0.0,0.0,1,141,1
12483,1620.0,1620,6.04,6.04,0,8.91,0.15,243.0,0,6,0
12854,432.0,864,5.33,10.67,0,8.0,0.0,0.0,0,145,1
13438,1620.0,1620,6.11,6.11,0,8.91,0.05,81.0,0,209,0
13839,1080.0,1080,5.33,5.33,0,8.91,0.0,0.0,0,84,1
14621,2160.0,2160,8.0,8.0,1,1.0,0.0,0.0,0,0,0
14741,648.0,648,8.0,8.0,0,8.91,0.02,12.96,0,9,0
15886,648.0,648,8.0,8.0,0,8.0,0.0,0.0,0,265,1
16144,2160.0,2160,5.33,5.33,0,8.91,0.01,21.6,0,11,0
16363,1620.0,1620,8.0,8.0,1,10.0,0.61,988.2,1,127,0
16568,324.0,324,10.13,10.13,1,7.0,0.0,0.0,0,0,0
17385,1080.0,1080,5.33,5.33,0,8.91,0.68,734.4,0,134,0
19203,2160.0,2160,5.33,5.33,1,10.0,0.0,0.0,0,73,1
20744,648.0,648,8.0,8.0,0,8.91,0.67,434.16,0,30,0
21766,324.0,324,5.88,5.88,0,8.91,0.0,0.0,0,194,1
22082,2160.0,2160,5.33,5.33,1,8.0,0.39,842.4,0,146,0
23697,648.0,648,5.33,5.33,0,8.91,0.0,0.0,0,0,1
23777,1080.0,1080,10.13,10.13,0,8.91,0.85,918.0,0,12,0
24671,2160.0,2160,8.62,8.62,0,8.91,0.0,0.0,0,19,0
25242,432.0,864,5.33,10.67,0,8.91,0.0,0.0,0,238,1
26065,1620.0,1620,8.0,8.0,0,8.91,0.0,0.0,0,265,1
26282,648.0,648,5.04,5.04,0,8.91,0.11,71.28,0,8,0
26405,2160.0,2160,10.13,10.13,0,10.0,0.0,0.0,0,349,1
26414,1116.0,3348,7.11,21.33,0,8.91,0.0,0.0,0,49,1
26617,1620.0,1620,10.13,10.13,1,10.0,0.38,615.6,0,53,0
26766,324.0,324,5.33,5.33,1,8.0,1.0,324.0,0,0,0
27125,648.0,648,8.0,8.0,0,8.91,0.0,0.0,0,2,0
28523,864.0,1728,5.33,10.67,0,8.91,0.0,0.0,0,264,1
28542,324.0,324,5.33,5.33,1,6.0,0.0,0.0,0,0,0
28779,648.0,648,7.08,7.08,0,8.91,0.0,0.0,0,114,1
30899,1620.0,1620,6.04,6.04,0,8.91,0.26,421.2,0,46,0
32504,2160.0,2160,8.0,8.0,0,8.91,0.0,0.0,0,7,1
138,2160.0,2160,10.13,10.13,1,9.0,0.0,0.0,0,5,1
151,648.0,648,5.33,5.33,1,10.0,0.07,45.36,0,0,0
2222,2160.0,2160,7.08,7.08,1,8.0,0.64,1382.4,0,263,0
2627,324.0,324,5.33,5.33,0,8.91,0.9,291.6,0,203,0
3804,1080.0,1080,10.13,10.13,1,10.0,0.37,399.6,0,6,0
4480,2160.0,2160,5.33,5.33,0,8.91,0.0,0.0,0,64,1
4563,648.0,648,5.33,5.33,0,8.91,0.0,0.0,0,216,0
4989,2160.0,2160,7.74,7.74,0,8.91,0.0,0.0,0,242,0
5680,918.0,1836,6.67,13.33,0,8.91,0.0,0.0,0,62,1
5812,1080.0,2160,6.67,13.33,0,8.91,0.0,0.0,0,8,1
6012,594.0,1188,5.33,10.67,0,8.91,0.0,0.0,0,101,1
6441,1332.0,3996,6.58,19.73,1,9.0,0.0,0.0,1,166,1
6851,540.0,540,8.0,8.0,0,8.91,0.0,0.0,0,118,0
7181,1080.0,1080,5.33,5.33,1,10.0,0.95,1026.0,0,0,0
7523,2160.0,2160,8.0,8.0,0,8.91,0.05,108.0,0,1,0
7578,918.0,1836,5.33,10.67,0,8.91,0.0,0.0,0,348,1
7893,540.0,540,5.33,5.33,0,8.91,0.0,0.0,0,25,0
7933,648.0,648,13.45,13.45,1,9.0,0.33,213.84,0,19,0
8887,540.0,540,5.33,5.33,0,8.91,0.0,0.0,0,24,0
9040,1620.0,1620,5.33,5.33,0,8.91,0.0,0.0,0,6,0
10406,756.0,1512,5.33,10.67,0,8.91,0.0,0.0,0,52,1
10907,2160.0,2160,5.33,5.33,1,9.0,0.48,1036.8,1,270,0
11464,2160.0,2160,7.99,7.99,0,8.91,0.0,0.0,0,156,1
11896,540.0,540,5.33,5.33,0,8.91,0.0,0.0,0,357,0
12437,2160.0,2160,7.08,7.08,0,8.91,0.0,0.0,0,358,0
12566,1620.0,1620,6.11,6.11,0,8.91,0.07,113.4,0,245,0
13522,1620.0,1620,7.74,7.74,0,8.91,0.27,437.4,0,32,0
13709,540.0,540,5.33,5.33,0,8.91,0.0,0.0,0,189,0
14071,1620.0,1620,8.96,8.96,0,8.91,0.02,32.4,0,0,0
14693,1080.0,1080,8.0,8.0,1,8.0,1.0,1080.0,0,38,0
14708,648.0,648,8.0,8.0,0,8.91,0.45,291.6,0,64,0
14841,1620.0,1620,5.33,5.33,0,8.91,0.0,0.0,0,357,0
16731,648.0,648,5.33,5.33,0,8.91,0.19,123.12,0,344,0
18060,2160.0,2160,10.98,10.98,0,8.91,0.08,172.8,0,11,0
19626,1620.0,1620,5.33,5.33,0,8.91,0.15,243.0,0,2,0
19701,1620.0,1620,7.65,7.65,0,8.91,0.05,81.0,0,274,0
20193,2160.0,2160,8.0,8.0,0,8.91,0.07,151.2,0,80,0
20218,1620.0,1620,10.13,10.13,0,8.91,0.35,567.0,0,8,0
23237,1296.0,3888,6.22,18.67,0,8.91,0.0,0.0,0,28,1
23434,648.0,648,7.99,7.99,1,8.0,0.22,142.56,0,200,0
23450,1134.0,2268,5.33,10.66,0,8.91,0.0,0.0,0,67,1
23988,540.0,540,5.33,5.33,0,8.91,0.0,0.0,0,54,1
24341,1134.0,2268,5.33,10.67,0,8.91,0.0,0.0,0,8,1
26705,1620.0,1620,8.0,8.0,0,8.91,0.0,0.0,0,314,1
27063,2160.0,2160,13.45,13.45,0,8.91,0.21,453.6,0,8,0
27511,1620.0,1620,10.13,10.13,1,10.0,0.36,583.2,0,123,0
27512,324.0,324,10.13,10.13,1,10.0,0.97,314.28,0,5,0
27757,2160.0,2160,25.6,25.6,0,8.91,0.41,885.6,0,226,0
29959,1620.0,1620,10.13,10.13,0,8.91,0.26,421.2,0,67,0
30110,1620.0,1620,10.13,10.13,0,8.91,0.08,129.6,0,24,0
31044,324.0,324,5.33,5.33,0,8.91,0.0,0.0,0,169,1
31351,1620.0,1620,10.13,10.13,1,9.0,0.41,664.2,0,0,0
31816,648.0,648,5.33,5.33,0,8.91,0.0,0.0,0,6,1
32219,648.0,648,5.33,5.33,0,8.91,0.0,0.0,0,348,0
33278,1620.0,1620,8.0,8.0,0,8.91,0.0,0.0,0,110,0
438,1620.0,1620,7.08,7.08,0,8.91,0.09,145.8,0,16,0
4086,1620.0,1620,5.33,5.33,0,8.91,0.02,32.4,0,40,0
5212,2160.0,2160,11.35,11.35,0,8.91,0.0,0.0,0,137,0
6130,1080.0,1080,7.99,7.99,0,8.91,0.08,86.4,0,46,0
6341,1620.0,1620,7.65,7.65,0,8.91,0.45,729.0,0,68,0
6746,648.0,648,5.33,5.33,0,8.91,0.33,213.84,0,37,0
9063,2160.0,2160,8.0,8.0,0,10.0,0.0,0.0,0,18,1
10791,2160.0,2160,5.33,5.33,0,8.91,0.0,0.0,0,10,1
10990,324.0,324,10.62,10.62,1,4.0,1.0,324.0,0,21,0
11048,2160.0,2160,10.98,10.98,0,8.91,0.0,0.0,0,157,1
12776,1620.0,1620,8.0,8.0,0,8.91,0.15,243.0,0,6,0
14155,648.0,648,7.99,7.99,0,8.91,0.02,12.96,0,4,0
14542,324.0,324,5.33,5.33,1,10.0,0.83,268.92,0,186,0
15525,1620.0,1620,8.0,8.0,1,10.0,0.0,0.0,0,353,1
17042,2160.0,2160,7.99,7.99,0,8.91,0.0,0.0,0,301,0
17839,1620.0,1620,10.13,10.13,1,10.0,0.22,356.4,0,309,0
18582,1080.0,2160,5.33,10.67,0,8.91,0.0,0.0,0,90,1
19863,1620.0,1620,7.08,7.08,0,8.91,0.0,0.0,0,37,0
20330,1620.0,1620,5.33,5.33,0,8.91,0.0,0.0,0,125,0
20686,648.0,648,7.99,7.99,0,8.91,0.26,168.48,0,140,0
21394,540.0,540,8.0,8.0,1,8.0,0.0,0.0,0,307,1
22350,1620.0,1620,10.13,10.13,0,8.91,0.51,826.2,1,12,0
22892,1620.0,1620,8.0,8.0,0,8.91,0.0,0.0,0,30,1
23470,2160.0,2160,7.08,7.08,0,8.91,0.0,0.0,1,75,1
24731,648.0,648,6.11,6.11,0,8.91,0.0,0.0,0,126,1
25693,648.0,648,8.48,8.48,0,8.91,0.0,0.0,0,151,1
25735,324.0,324,5.33,5.33,0,8.91,0.0,0.0,0,12,0
25906,1620.0,1620,8.0,8.0,0,8.91,0.2,324.0,0,160,0
27425,648.0,648,10.13,10.13,0,8.91,0.4,259.2,0,2,0
28197,1620.0,1620,6.11,6.11,1,8.0,0.0,0.0,1,161,1
28776,2160.0,2160,5.33,5.33,0,8.91,0.02,43.2,0,3,0
29763,648.0,648,50.67,50.67,0,8.91,0.21,136.08,0,119,0
33296,324.0,324,8.0,8.0,1,6.0,0.0,0.0,0,11,1
672,540.0,540,8.0,8.0,1,8.0,0.46,248.4,0,18,0
922,2160.0,2160,8.0,8.0,0,8.91,0.09,194.4,0,114,0
1354,1674.0,3348,7.48,14.95,0,8.91,0.0,0.0,0,301,1
1478,1080.0,1080,8.0,8.0,0,8.91,0.0,0.0,0,28,0
1500,486.0,972,7.98,15.95,1,10.0,0.0,0.0,0,0,1
1612,2160.0,2160,5.33,5.33,1,10.0,0.9,1944.0,0,42,0
2112,2160.0,2160,8.96,8.96,0,8.91,0.0,0.0,0,0,1
2314,2160.0,2160,8.0,8.0,0,8.91,0.96,2073.6,0,172,0
3423,648.0,648,5.33,5.33,0,8.91,0.0,0.0,0,82,0
5620,1350.0,2700,7.82,15.64,0,8.91,0.0,0.0,0,19,1
5980,1620.0,1620,8.0,8.0,0,8.91,0.04,64.8,0,315,0
6683,2160.0,2160,10.98,10.98,0,8.91,0.0,0.0,0,30,1
6906,2160.0,2160,5.33,5.33,0,8.91,0.04,86.4,0,246,0
7401,2160.0,2160,8.0,8.0,0,8.91,0.04,86.4,0,53,0
7662,1620.0,1620,8.0,8.0,0,8.91,0.0,0.0,0,11,0
7928,2160.0,2160,7.99,7.99,1,10.0,0.44,950.4,0,248,0
7960,648.0,648,7.99,7.99,0,8.91,0.02,12.96,0,61,0
9134,648.0,648,7.99,7.99,0,8.91,0.45,291.6,0,86,0
9339,1620.0,1620,5.33,5.33,1,10.0,0.28,453.6,0,304,0
9529,2160.0,2160,7.99,7.99,0,8.91,0.0,0.0,0,153,0
10043,1404.0,2808,5.18,10.36,0,8.91,0.0,0.0,0,45,1
10487,720.0,2160,4.81,14.42,1,10.0,0.0,0.0,0,132,1
12076,2160.0,2160,10.13,10.13,1,9.0,0.91,1965.6,0,167,0
12254,2160.0,2160,10.13,10.13,0,8.91,0.02,43.2,0,82,0
12257,2160.0,2160,7.08,7.08,0,8.91,0.0,0.0,0,123,1
12910,2160.0,2160,7.74,7.74,0,8.91,0.0,0.0,0,210,1
13279,2160.0,2160,7.99,7.99,0,8.91,0.3,648.0,0,242,0
14637,648.0,648,8.0,8.0,0,8.91,0.78,505.44,0,10,0
15565,1620.0,1620,6.23,6.23,0,8.91,0.0,0.0,0,122,1
16402,1620.0,1620,9.31,9.31,0,8.91,0.0,0.0,0,4,0
16503,324.0,324,7.08,7.08,0,8.91,0.11,35.64,0,232,0
17536,2160.0,2160,5.33,5.33,0,8.91,0.03,64.8,0,48,0
17564,2160.0,2160,8.0,8.0,0,8.91,0.09,194.4,0,164,0
17821,1404.0,2808,8.0,16.0,0,8.91,0.0,0.0,0,80,1
18020,2160.0,2160,8.96,8.96,0,8.91,0.0,0.0,0,269,0
20046,1620.0,1620,8.0,8.0,1,6.0,0.0,0.0,0,202,1
20092,1620.0,1620,8.0,8.0,1,10.0,0.0,0.0,0,26,1
20650,1620.0,1620,8.0,8.0,1,10.0,0.99,1603.8,4,278,0
21526,1620.0,3240,8.0,16.0,0,10.0,0.0,0.0,0,15,1
21528,1620.0,1620,10.13,10.13,0,8.91,0.0,0.0,0,166,1
21844,1620.0,1620,8.0,8.0,0,8.91,0.13,210.6,0,257,0
23071,1620.0,1620,7.99,7.99,0,8.91,0.01,16.2,0,332,0
24429,648.0,648,8.96,8.96,0,8.91,0.0,0.0,0,80,1
26313,2160.0,2160,5.33,5.33,0,8.91,0.19,410.4,0,294,0
26504,1080.0,1080,7.99,7.99,0,8.91,0.04,43.2,0,7,0
27459,1620.0,1620,10.62,10.62,0,8.91,0.16,259.2,0,6,0
27711,2160.0,2160,8.0,8.0,0,8.91,0.03,64.8,0,290,0
28239,2160.0,2160,8.0,8.0,0,8.91,0.0,0.0,0,42,0
28324,648.0,648,8.0,8.0,0,8.91,0.0,0.0,0,139,0
29841,2160.0,2160,7.99,7.99,0,8.91,0.03,64.8,0,329,0
30102,1620.0,1620,7.99,7.99,0,8.91,0.0,0.0,0,329,0
30238,1620.0,1620,8.0,8.0,0,8.91,0.04,64.8,0,9,0
30472,1620.0,1620,7.87,7.87,0,8.91,0.54,874.8,0,11,0
32058,324.0,324,5.33,5.33,1,8.0,1.0,324.0,0,251,0
32583,1620.0,1620,10.13,10.13,0,8.91,0.17,275.4,0,111,0
32640,1674.0,3348,7.48,14.95,0,8.91,0.0,0.0,0,282,1
1565,2160.0,2160,10.13,10.13,0,8.91,0.0,0.0,0,19,0
2075,2160.0,2160,16.99,16.99,1,8.0,0.01,21.6,0,92,0
3901,2160.0,2160,9.77,9.77,1,10.0,0.6,1296.0,0,97,0
16722,2160.0,2160,10.13,10.13,1,9.0,0.0,0.0,0,0,0
18193,540.0,540,10.98,10.98,1,5.0,1.0,540.0,0,0,0
18775,2160.0,2160,7.87,7.87,0,8.91,0.01,21.6,0,308,0
21837,2160.0,2160,5.33,5.33,0,8.91,0.08,172.8,0,21,0
31626,2160.0,2160,10.13,10.13,0,8.91,0.0,0.0,0,75,0
1315,1620.0,1620,79.99,79.99,1,10.0,0.84,1360.8,2,257,0
2744,1620.0,1620,5.33,5.33,0,8.91,0.0,0.0,0,22,0
5627,1620.0,1620,10.13,10.13,0,8.91,0.0,0.0,0,7,0
8199,540.0,540,10.13,10.13,1,7.0,0.0,0.0,0,2,1
9781,1620.0,1620,10.13,10.13,0,8.91,0.0,0.0,0,10,1
13923,2160.0,2160,10.13,10.13,0,8.91,0.02,43.2,0,0,0
18186,2160.0,2160,5.33,5.33,1,9.0,0.38,820.8,0,351,0
20028,2160.0,2160,10.13,10.13,1,10.0,0.85,1836.0,0,17,0
23884,648.0,648,11.78,11.78,0,8.91,0.0,0.0,0,232,0
29586,2160.0,2160,13.15,13.15,0,8.91,0.0,0.0,0,60,0
31605,2160.0,2160,8.0,8.0,0,8.91,0.0,0.0,0,148,1
756,648.0,648,9.75,9.75,0,8.91,0.1,64.8,0,3,0
6812,1224.0,3672,7.82,23.47,0,8.91,0.0,0.0,0,36,1
9193,1080.0,1080,10.13,10.13,1,10.0,0.45,486.0,0,3,0
14675,1620.0,1620,5.33,5.33,0,8.91,0.0,0.0,0,23,0
15909,1620.0,1620,5.33,5.33,0,8.91,0.02,32.4,0,4,0
16648,2160.0,2160,13.15,13.15,0,8.91,0.11,237.6,0,77,0
21937,1620.0,1620,5.33,5.33,1,7.0,0.07,113.4,0,232,0
24385,1620.0,1620,10.13,10.13,1,7.0,0.42,680.4,0,100,0
24636,1134.0,2268,6.67,13.33,0,8.91,0.0,0.0,0,240,1
28241,324.0,324,10.13,10.13,1,7.0,0.47,152.28,1,37,0
29839,2160.0,2160,10.13,10.13,1,9.0,0.53,1144.8,0,219,0
31552,648.0,648,7.99,7.99,0,8.91,0.0,0.0,0,7,0
32699,2160.0,2160,9.81,9.81,0,8.91,0.25,540.0,0,356,0
3905,1134.0,2268,5.87,11.74,0,8.91,0.0,0.0,0,49,1
4880,1620.0,1620,10.13,10.13,0,8.91,0.29,469.8,0,15,0
5434,1620.0,1620,10.13,10.13,0,8.91,0.51,826.2,0,299,0
13593,2160.0,2160,9.75,9.75,0,8.91,0.09,194.4,0,166,0
20262,1620.0,1620,7.69,7.69,1,10.0,0.0,0.0,0,245,1
21684,1620.0,1620,5.99,5.99,1,8.0,0.32,518.4,0,52,0
21726,1620.0,1620,10.13,10.13,0,8.91,0.14,226.8,0,307,0
24089,2160.0,2160,13.15,13.15,0,8.91,0.03,64.8,0,6,0
25325,1620.0,1620,5.33,5.33,0,8.91,0.23,372.6,0,197,0
27471,1890.0,3780,11.47,22.95,1,10.0,0.0,0.0,1,352,1
6499,648.0,648,10.13,10.13,1,8.0,0.53,343.44,0,33,0
7490,2160.0,2160,5.33,5.33,0,8.91,0.22,475.2,0,162,0
10217,1656.0,4968,5.33,16.0,0,8.91,0.0,0.0,0,284,1
14870,1620.0,1620,10.13,10.13,0,8.91,0.16,259.2,0,107,0
19501,1620.0,1620,5.33,5.33,1,8.0,0.25,405.0,0,229,0
21729,648.0,648,8.0,8.0,0,8.91,0.0,0.0,0,352,0
23855,1620.0,1620,5.33,5.33,1,9.0,0.44,712.8,0,225,0
24530,324.0,324,5.33,5.33,0,8.91,0.0,0.0,0,85,1
24935,1080.0,1080,48.0,48.0,0,8.91,0.14,151.2,0,171,0
30300,1620.0,1620,5.87,5.87,1,9.0,0.0,0.0,2,67,1
31561,1620.0,1620,6.09,6.09,0,8.91,0.0,0.0,0,6,1
31990,2160.0,2160,5.33,5.33,1,10.0,0.11,237.6,0,29,0
1049,1404.0,2808,7.99,15.99,0,8.91,0.0,0.0,0,139,1
1183,1620.0,1620,9.81,9.81,0,8.91,0.0,0.0,0,49,1
2072,1296.0,5184,4.09,16.36,0,8.91,0.0,0.0,0,220,1
5361,2160.0,2160,6.09,6.09,0,8.91,0.02,43.2,0,67,0
6087,2160.0,2160,10.13,10.13,1,9.0,0.26,561.6,0,5,0
6395,2160.0,2160,11.39,11.39,1,7.0,0.0,0.0,0,235,1
6874,2160.0,2160,5.33,5.33,0,8.91,0.0,0.0,0,101,0
7745,1620.0,1620,10.13,10.13,0,8.91,0.08,129.6,0,213,0
10558,324.0,324,8.0,8.0,1,10.0,0.0,0.0,0,0,0
10744,2160.0,2160,10.13,10.13,0,8.91,0.0,0.0,0,290,1
13324,1620.0,1620,8.0,8.0,0,8.91,0.55,891.0,1,83,0
13967,1620.0,1620,8.0,8.0,0,8.91,0.38,615.6,0,1,0
14444,1242.0,2484,5.99,11.99,0,9.0,0.0,0.0,0,329,1
14614,324.0,324,5.33,5.33,0,8.91,0.18,58.32,0,1,0
14719,702.0,1404,10.13,20.27,1,5.5,0.0,0.0,0,0,1
16655,1620.0,1620,5.33,5.33,1,8.0,0.79,1279.8,1,334,0
18853,1080.0,1080,10.13,10.13,1,10.0,0.0,0.0,0,0,1
19354,1620.0,1620,13.15,13.15,0,8.91,0.37,599.4,0,345,0
20336,1620.0,1620,10.13,10.13,1,9.0,0.59,955.8,0,206,0
21688,648.0,648,5.33,5.33,1,10.0,0.0,0.0,0,335,1
22758,1620.0,1620,5.99,5.99,1,10.0,0.51,826.2,0,13,0
23530,1620.0,1620,4.62,4.62,0,8.91,0.0,0.0,0,89,1
23955,324.0,324,65.75,65.75,1,10.0,0.0,0.0,0,0,0
25336,2160.0,2160,10.13,10.13,0,8.91,0.16,345.6,0,11,0
25398,2160.0,2160,5.33,5.33,0,8.91,0.0,0.0,0,117,1
26176,1080.0,1080,10.13,10.13,0,8.91,0.41,442.8,0,169,0
27734,1620.0,1620,8.0,8.0,0,8.91,0.0,0.0,0,26,1
30082,1620.0,1620,10.13,10.13,0,8.91,0.0,0.0,0,20,0
31310,1620.0,1620,10.13,10.13,0,8.91,0.74,1198.8,0,82,0
33063,2160.0,2160,8.0,8.0,0,8.91,0.0,0.0,0,183,1
396,1404.0,2808,6.67,13.33,0,7.0,0.0,0.0,0,90,1
1589,1620.0,1620,10.13,10.13,0,8.91,0.1,162.0,0,226,0
1646,1620.0,1620,62.6,62.6,1,6.0,0.0,0.0,0,260,1
3413,1620.0,1620,8.0,8.0,0,8.91,0.0,0.0,0,266,1
7868,2160.0,2160,8.0,8.0,0,8.91,0.46,993.6,1,124,0
8417,2160.0,2160,5.33,5.33,0,8.91,0.0,0.0,0,33,0
11277,648.0,648,8.0,8.0,1,8.0,0.5,324.0,0,0,0
13430,1080.0,1080,6.09,6.09,1,10.0,1.0,1080.0,0,10,0
16615,648.0,648,7.99,7.99,1,10.0,1.0,648.0,0,24,0
18821,2160.0,2160,8.0,8.0,0,8.91,0.0,0.0,0,61,1
19008,2160.0,2160,7.99,7.99,0,8.91,0.0,0.0,0,12,1
19669,1620.0,1620,9.75,9.75,1,8.0,0.69,1117.8,1,232,0
19711,2160.0,2160,8.0,8.0,1,9.0,0.0,0.0,6,250,1
21070,1620.0,1620,10.13,10.13,1,10.0,0.0,0.0,0,143,1
21857,1620.0,1620,8.61,8.61,0,8.91,0.0,0.0,0,98,0
22095,648.0,648,8.0,8.0,0,8.91,0.0,0.0,0,138,0
22131,1620.0,1620,5.33,5.33,0,8.91,0.01,16.2,0,93,0
24519,2160.0,2160,8.0,8.0,0,8.91,0.0,0.0,0,166,0
24920,1080.0,1080,13.15,13.15,1,10.0,1.0,1080.0,0,26,0
26192,918.0,1836,6.67,13.33,0,8.91,0.0,0.0,0,3,1
30114,2160.0,2160,5.33,5.33,0,8.91,0.34,734.4,0,294,0
31022,2160.0,2160,4.62,4.62,0,8.91,0.0,0.0,0,16,0
2147,2160.0,2160,7.72,7.72,0,8.91,0.22,475.2,0,346,0
4508,2160.0,2160,8.99,8.99,0,8.91,0.0,0.0,0,49,1
4965,1512.0,6048,4.71,18.83,1,9.67,0.0,0.0,1,226,1
6791,2160.0,2160,5.99,5.99,0,8.91,0.14,302.4,0,328,0
7160,2160.0,2160,11.39,11.39,0,10.0,0.0,0.0,0,32,1
8996,1620.0,1620,7.99,7.99,0,8.91,0.29,469.8,1,10,0
9727,2160.0,2160,6.92,6.92,0,8.91,0.33,712.8,0,291,0
9869,1620.0,1620,8.0,8.0,1,10.0,0.16,259.2,0,8,0
13563,540.0,540,8.0,8.0,1,6.0,0.0,0.0,0,3,1
16662,2160.0,2160,7.99,7.99,0,8.91,0.0,0.0,0,130,0
17123,2160.0,2160,10.13,10.13,1,9.0,0.03,64.8,0,234,0
18732,1620.0,1620,19.73,19.73,1,10.0,0.33,534.6,0,31,0
21807,2160.0,2160,6.13,6.13,0,8.91,0.05,108.0,0,1,0
23740,648.0,648,7.99,7.99,0,8.91,0.45,291.6,0,256,0
33339,2160.0,2160,10.13,10.13,0,8.91,0.19,410.4,0,16,0
7466,648.0,648,5.33,5.33,1,8.0,1.0,648.0,1,42,0
11667,2160.0,2160,8.0,8.0,1,5.0,0.05,108.0,0,77,0
12550,324.0,324,12.8,12.8,1,10.0,0.67,217.08,0,0,0
12746,1080.0,1080,5.33,5.33,0,8.91,0.45,486.0,0,1,0
13980,2160.0,2160,7.99,7.99,0,8.91,0.17,367.2,0,341,0
15550,1620.0,1620,8.99,8.99,1,9.5,0.0,0.0,1,345,1
15879,648.0,648,7.99,7.99,0,8.91,0.62,401.76,0,48,0
22933,648.0,648,10.82,10.82,1,9.0,0.99,641.52,0,1,0
23754,2160.0,2160,10.13,10.13,0,8.91,0.03,64.8,0,3,0
25528,1368.0,4104,7.27,21.81,0,8.0,0.0,0.0,0,0,1
26426,540.0,540,50.67,50.67,1,10.0,1.0,540.0,0,347,0
28752,540.0,540,6.92,6.92,1,10.0,1.0,540.0,0,2,0
31150,2160.0,2160,5.33,5.33,0,8.91,0.0,0.0,0,1,0
111,1231.2,6156,7.15,35.73,0,9.0,0.0,0.0,0,2,1
117,648.0,648,8.99,8.99,0,8.91,0.17,110.16,0,174,0
419,1188.0,1188,5.33,5.33,0,8.91,0.0,0.0,0,76,0
1122,1368.0,4104,10.13,30.4,0,8.91,0.0,0.0,0,30,1
1165,1188.0,1188,5.33,5.33,0,8.91,0.0,0.0,0,0,0
1174,1188.0,1188,5.33,5.33,0,8.91,0.0,0.0,0,0,1
1193,1188.0,1188,5.33,5.33,0,8.91,0.4,475.2,0,3,0
1828,1188.0,1188,5.33,5.33,0,8.91,0.0,0.0,0,238,0
1862,1188.0,1188,5.33,5.33,0,8.91,0.0,0.0,0,0,1
2001,1188.0,1188,6.13,6.13,0,8.91,0.0,0.0,0,0,0
2022,864.0,1728,6.67,13.33,0,8.91,0.0,0.0,0,139,1
2073,1188.0,1188,6.92,6.92,0,8.91,0.0,0.0,0,183,0
2195,1188.0,1188,5.87,5.87,0,8.91,0.2,237.6,0,22,0
2256,1188.0,1188,5.33,5.33,0,8.91,0.0,0.0,0,0,1
2423,1188.0,1188,5.87,5.87,0,8.91,0.0,0.0,0,100,1
2484,1188.0,1188,5.33,5.33,0,8.91,0.0,0.0,0,0,0
2554,1188.0,1188,5.33,5.33,0,8.91,0.0,0.0,0,0,0
2829,1188.0,1188,5.33,5.33,1,9.0,0.0,0.0,0,20,1
2876,1188.0,1188,5.33,5.33,0,8.91,0.0,0.0,0,160,0
3171,1188.0,1188,5.33,5.33,0,8.91,0.0,0.0,0,0,0
3379,1080.0,1080,10.13,10.13,0,8.91,0.02,21.6,0,33,0
4007,1188.0,1188,5.33,5.33,0,8.91,0.0,0.0,0,0,0
4053,1080.0,1080,5.33,5.33,0,8.91,0.0,0.0,0,0,0
4208,1188.0,1188,5.33,5.33,0,8.91,0.06,71.28,0,0,0
4337,594.0,2376,4.51,18.05,0,8.91,0.0,0.0,0,338,1
4347,1188.0,1188,5.33,5.33,0,8.91,0.7,831.6,0,33,0
4383,1116.0,3348,8.0,24.0,0,8.91,0.0,0.0,0,0,1
4491,1188.0,1188,5.33,5.33,0,8.91,0.0,0.0,0,0,0
4575,1188.0,1188,5.33,5.33,0,8.91,0.0,0.0,0,176,1
4696,1188.0,1188,5.33,5.33,0,8.91,0.0,0.0,0,326,1
4750,1188.0,1188,5.33,5.33,0,8.91,0.0,0.0,0,0,0
4767,1080.0,1080,10.13,10.13,0,8.91,0.02,21.6,0,3,0
4985,1188.0,1188,5.87,5.87,0,8.91,0.0,0.0,0,0,0
5181,1188.0,1188,5.33,5.33,0,8.91,0.0,0.0,0,63,0
5211,1674.0,3348,5.33,10.67,0,8.91,0.0,0.0,0,257,1
5328,2160.0,2160,10.13,10.13,1,7.0,0.38,820.8,0,261,0
5400,1188.0,1188,5.33,5.33,1,10.0,0.31,368.28,0,188,0
5797,1620.0,1620,5.33,5.33,0,8.91,0.14,226.8,0,119,0
6017,1188.0,1188,6.13,6.13,0,8.91,0.0,0.0,0,0,0
6027,1188.0,1188,5.33,5.33,0,8.91,0.0,0.0,0,1,0
6160,1188.0,1188,5.33,5.33,0,8.91,0.02,23.76,0,7,0
6436,1188.0,1188,5.33,5.33,0,8.91,0.0,0.0,0,0,0
6449,1188.0,1188,5.33,5.33,0,8.91,0.0,0.0,0,170,1
6569,1188.0,1188,5.33,5.33,0,8.91,0.0,0.0,0,0,1
6680,1188.0,1188,5.33,5.33,0,8.91,0.0,0.0,0,121,0
6750,1188.0,1188,5.33,5.33,0,8.91,0.0,0.0,0,20,0
6952,1188.0,1188,5.33,5.33,0,8.91,0.0,0.0,0,222,1
7155,1188.0,1188,5.33,5.33,0,8.91,0.02,23.76,0,43,0
7209,1188.0,1188,5.99,5.99,0,8.91,0.47,558.36,0,209,0
7223,1674.0,3348,6.67,13.33,0,8.91,0.0,0.0,0,0,1
7838,1188.0,1188,5.33,5.33,1,10.0,0.0,0.0,0,178,1
8062,1188.0,1188,5.87,5.87,0,8.91,0.0,0.0,0,0,0
8284,1188.0,1188,6.09,6.09,0,8.91,0.0,0.0,0,0,1
8629,1188.0,1188,5.33,5.33,0,8.91,0.0,0.0,0,0,1
8652,1188.0,1188,10.38,10.38,0,8.91,0.01,11.88,0,257,0
8773,1620.0,1620,5.33,5.33,0,8.91,0.0,0.0,0,17,1
8952,1188.0,1188,5.33,5.33,0,8.91,0.0,0.0,0,0,0
9734,1620.0,1620,6.13,6.13,1,10.0,0.16,259.2,1,349,0
10481,1188.0,1188,6.09,6.09,0,8.91,0.24,285.12,0,335,0
10616,1188.0,1188,5.33,5.33,0,8.91,0.0,0.0,0,113,0
10842,1188.0,1188,4.12,4.12,0,8.91,0.0,0.0,0,297,0
10946,2160.0,2160,10.13,10.13,0,8.91,0.0,0.0,0,66,1
11019,2160.0,2160,10.13,10.13,0,8.91,0.33,712.8,0,118,0
11180,1188.0,1188,5.33,5.33,0,8.91,0.0,0.0,0,35,1
11181,1188.0,1188,5.33,5.33,0,10.0,0.0,0.0,0,1,1
11306,1188.0,1188,6.09,6.09,0,8.91,0.32,380.16,0,319,0
11340,1188.0,1188,4.09,4.09,0,8.91,0.17,201.96,0,333,0
11609,2160.0,2160,7.99,7.99,1,7.0,0.06,129.6,0,192,0
11610,2160.0,2160,8.0,8.0,0,8.91,0.0,0.0,0,0,0
11657,2160.0,2160,8.0,8.0,0,8.91,0.0,0.0,0,0,0
11808,1188.0,1188,5.99,5.99,0,8.91,0.0,0.0,0,289,0
11906,1188.0,1188,6.34,6.34,0,8.91,0.0,0.0,0,324,1
11972,1188.0,1188,5.33,5.33,0,8.91,0.0,0.0,0,1,0
12637,1188.0,1188,5.33,5.33,0,8.91,0.0,0.0,0,100,0
12757,2160.0,2160,6.09,6.09,0,8.91,0.27,583.2,0,196,0
12892,1188.0,1188,5.87,5.87,0,8.91,0.0,0.0,0,291,0
13028,1188.0,1188,5.33,5.33,1,8.0,0.0,0.0,1,122,1
13034,1188.0,1188,5.33,5.33,0,8.91,0.11,130.68,0,51,0
13113,1188.0,1188,5.33,5.33,0,8.91,0.07,83.16,0,0,0
13307,2160.0,2160,5.99,5.99,0,8.91,0.0,0.0,0,213,0
13457,1080.0,1080,8.0,8.0,0,8.91,0.49,529.2,0,0,0
13478,1188.0,1188,5.33,5.33,0,8.91,0.0,0.0,0,31,1
13552,1188.0,1188,5.33,5.33,0,8.91,0.0,0.0,0,0,1
13601,1188.0,1188,5.33,5.33,0,8.91,0.0,0.0,0,0,0
13743,1188.0,1188,5.33,5.33,0,8.91,0.0,0.0,0,55,1
13755,1188.0,1188,5.33,5.33,0,8.91,0.0,0.0,0,73,1
13861,1188.0,1188,5.33,5.33,0,8.91,0.0,0.0,0,0,0
13975,1188.0,1188,5.33,5.33,0,8.91,0.0,0.0,0,0,0
13982,1188.0,1188,5.33,5.33,1,8.0,0.0,0.0,0,194,1
14089,648.0,648,10.13,10.13,0,8.91,0.12,77.76,0,4,0
14262,1188.0,1188,5.33,5.33,0,8.91,0.1,118.8,0,1,0
14280,1188.0,1188,5.33,5.33,0,8.91,0.31,368.28,0,1,0
14385,1188.0,1188,5.99,5.99,0,8.91,0.27,320.76,0,163,0
14671,1188.0,1188,5.33,5.33,0,8.91,0.0,0.0,0,0,1
14717,1188.0,1188,5.33,5.33,0,8.91,0.0,0.0,0,1,1
14819,1188.0,1188,5.33,5.33,0,8.91,0.11,130.68,0,37,0
15281,1188.0,1188,6.92,6.92,0,8.91,0.01,11.88,0,1,0
15559,1620.0,1620,5.33,5.33,1,9.0,0.53,858.6,1,1,0
15584,1188.0,1188,5.33,5.33,0,8.91,0.06,71.28,0,272,0
15682,1620.0,1620,8.0,8.0,0,8.91,0.0,0.0,0,1,1
15700,2160.0,2160,6.92,6.92,0,8.91,0.02,43.2,0,27,0
15784,1188.0,1188,5.33,5.33,1,7.0,0.34,403.92,0,251,0
16198,648.0,648,8.0,8.0,1,10.0,1.0,648.0,0,34,0
16504,1188.0,1188,5.33,5.33,0,8.91,0.0,0.0,0,0,0
16612,1188.0,1188,5.33,5.33,0,8.91,0.0,0.0,0,0,0
16697,1188.0,1188,5.33,5.33,0,8.91,0.0,0.0,0,0,0
17236,1188.0,1188,5.33,5.33,0,8.91,0.0,0.0,0,0,1
17660,1188.0,1188,5.33,5.33,0,8.91,0.0,0.0,0,25,1
17843,1188.0,1188,5.33,5.33,0,8.91,0.02,23.76,0,7,0
18317,2160.0,2160,10.13,10.13,0,8.91,0.0,0.0,0,87,0
18586,1188.0,1188,5.33,5.33,0,8.91,0.13,154.44,0,224,0
18763,1188.0,1188,5.33,5.33,1,10.0,0.24,285.12,0,19,0
19163,1188.0,1188,4.12,4.12,0,8.91,0.0,0.0,0,1,0
19165,1620.0,1620,7.69,7.69,0,8.91,0.0,0.0,0,0,0
19654,1188.0,1188,5.33,5.33,0,8.91,0.0,0.0,0,0,1
19689,1188.0,1188,5.33,5.33,0,8.91,0.0,0.0,0,282,0
19762,1188.0,1188,5.33,5.33,0,8.91,0.0,0.0,0,0,0
19847,1188.0,1188,5.33,5.33,0,8.91,0.04,47.52,0,62,0
20200,1188.0,1188,5.33,5.33,0,8.91,0.0,0.0,0,0,0
20307,1620.0,1620,10.13,10.13,0,8.91,0.37,599.4,0,9,0
20480,1188.0,1188,5.33,5.33,0,8.91,0.0,0.0,0,0,0
20542,1188.0,1188,5.33,5.33,0,8.91,0.0,0.0,0,0,0
20809,1188.0,1188,5.33,5.33,0,8.91,0.0,0.0,0,0,0
21094,1620.0,1620,7.72,7.72,0,8.91,0.0,0.0,0,148,1
21172,1188.0,1188,5.33,5.33,0,8.91,0.0,0.0,0,0,0
21685,1188.0,1188,5.33,5.33,0,8.91,0.0,0.0,0,0,0
21748,1188.0,1188,5.33,5.33,0,8.91,0.0,0.0,0,0,0
22236,1620.0,1620,5.33,5.33,0,8.91,0.02,32.4,0,112,0
22391,1188.0,1188,6.09,6.09,0,8.91,0.0,0.0,0,0,1
22422,1188.0,1188,6.13,6.13,0,8.91,0.0,0.0,0,0,0
22504,1188.0,1188,5.33,5.33,0,8.91,0.12,142.56,0,259,0
22682,2160.0,2160,10.13,10.13,0,8.91,0.0,0.0,0,345,0
22866,1080.0,4320,6.72,26.88,0,8.91,0.0,0.0,0,321,1
22979,1188.0,1188,5.33,5.33,1,10.0,1.0,1188.0,0,33,0
23197,1404.0,2808,6.67,13.33,0,10.0,0.0,0.0,0,10,1
23387,1188.0,1188,5.33,5.33,0,8.91,0.0,0.0,0,0,0
23438,1188.0,1188,6.92,6.92,0,8.91,0.0,0.0,0,201,1
23629,1188.0,1188,10.13,10.13,1,8.0,0.1,118.8,0,0,0
24156,2160.0,2160,7.99,7.99,1,10.0,0.03,64.8,0,213,0
24163,1620.0,1620,8.0,8.0,0,8.91,0.0,0.0,0,105,0
24165,648.0,648,5.99,5.99,0,8.91,0.0,0.0,0,314,1
24317,1188.0,1188,6.09,6.09,0,8.91,0.06,71.28,0,350,0
24415,1188.0,1188,5.33,5.33,0,8.91,0.0,0.0,0,0,0
24589,1188.0,1188,5.33,5.33,0,8.91,0.0,0.0,0,0,0
24703,1188.0,1188,5.33,5.33,0,8.91,0.0,0.0,0,273,1
24746,1188.0,1188,5.33,5.33,0,8.91,0.0,0.0,0,0,0
24863,1188.0,1188,5.33,5.33,0,8.91,0.01,11.88,0,239,0
24988,1188.0,1188,5.33,5.33,0,8.91,0.0,0.0,0,331,0
25064,2160.0,2160,5.33,5.33,0,8.91,0.0,0.0,0,68,0
25080,1188.0,1188,5.33,5.33,1,9.0,0.0,0.0,0,277,1
25482,1188.0,1188,10.13,10.13,0,8.91,0.0,0.0,0,0,1
25621,1188.0,1188,5.99,5.99,0,8.91,0.0,0.0,0,18,0
25695,1188.0,1188,5.87,5.87,0,8.91,0.0,0.0,0,1,0
25927,1188.0,1188,5.33,5.33,0,8.91,0.0,0.0,0,0,1
26054,1188.0,1188,5.33,5.33,1,8.0,0.0,0.0,1,345,1
26675,1188.0,1188,5.33,5.33,0,8.91,0.11,130.68,0,120,0
26752,1188.0,1188,5.33,5.33,0,8.91,0.0,0.0,0,21,0
26782,1188.0,1188,5.33,5.33,0,8.91,0.04,47.52,0,1,0
26842,1674.0,3348,5.33,10.67,0,8.91,0.0,0.0,0,24,1
26862,1188.0,1188,5.99,5.99,0,8.91,0.01,11.88,0,0,0
27174,648.0,648,10.13,10.13,0,8.91,0.0,0.0,0,53,1
27313,648.0,648,5.33,5.33,0,8.91,0.02,12.96,0,8,0
27662,1188.0,1188,5.33,5.33,0,8.91,0.0,0.0,0,0,0
28045,1188.0,1188,5.33,5.33,0,8.91,0.06,71.28,1,331,0
28177,1188.0,1188,6.92,6.92,0,8.91,0.0,0.0,1,144,1
28187,1188.0,1188,5.33,5.33,0,8.91,0.0,0.0,0,0,1
28295,2160.0,2160,6.92,6.92,0,8.91,0.0,0.0,0,12,1
29312,1188.0,1188,5.33,5.33,0,8.91,0.0,0.0,0,196,1
30212,1188.0,1188,5.33,5.33,1,10.0,0.8,950.4,0,167,0
30251,1188.0,1188,5.33,5.33,1,10.0,0.54,641.52,0,348,0
30316,2160.0,2160,7.99,7.99,0,8.91,0.13,280.8,0,236,0
30347,1188.0,1188,5.33,5.33,0,8.91,0.0,0.0,0,0,1
30864,1188.0,1188,5.33,5.33,0,8.91,0.0,0.0,0,281,0
30927,1188.0,1188,5.99,5.99,0,8.91,0.0,0.0,0,0,0
31182,1188.0,1188,5.33,5.33,0,8.91,0.0,0.0,0,0,0
31196,1188.0,1188,5.33,5.33,0,8.91,0.0,0.0,0,27,1
31208,1620.0,1620,6.13,6.13,1,10.0,0.6,972.0,0,1,0
31363,1188.0,1188,6.92,6.92,0,8.91,0.0,0.0,0,0,0
31408,1188.0,1188,5.33,5.33,0,8.91,0.0,0.0,0,0,0
31620,1188.0,1188,6.09,6.09,1,10.0,0.5,594.0,1,61,0
31657,1188.0,1188,5.33,5.33,0,8.91,0.12,142.56,0,33,0
31874,1188.0,1188,6.92,6.92,0,8.91,0.0,0.0,0,0,0
31984,1188.0,1188,5.33,5.33,0,8.91,0.9,1069.2,0,177,0
32269,1188.0,1188,5.87,5.87,0,8.91,0.0,0.0,0,0,0
32441,1188.0,1188,5.33,5.33,0,8.91,0.0,0.0,0,58,1
32804,1674.0,3348,6.82,13.63,0,8.91,0.0,0.0,0,108,1
33125,1188.0,1188,5.33,5.33,0,8.91,0.15,178.2,0,3,0
33445,1188.0,1188,6.13,6.13,0,8.91,0.0,0.0,0,0,0
221,1188.0,1188,5.33,5.33,0,8.91,0.0,0.0,0,11,0
579,1188.0,1188,5.99,5.99,0,8.91,0.0,0.0,0,84,0
681,1188.0,1188,5.33,5.33,0,8.91,0.0,0.0,0,5,0
845,1188.0,1188,6.92,6.92,0,8.91,0.0,0.0,0,0,0
878,1188.0,1188,5.33,5.33,0,8.91,0.02,23.76,0,0,0
1007,2160.0,2160,8.0,8.0,0,8.91,0.0,0.0,0,292,0
1512,1080.0,1080,8.0,8.0,0,8.91,0.18,194.4,0,3,0
1533,1188.0,1188,13.15,13.15,0,8.91,0.0,0.0,0,347,1
1564,1188.0,1188,6.92,6.92,0,8.91,0.0,0.0,0,0,1
1614,1188.0,1188,5.87,5.87,1,10.0,0.0,0.0,0,343,1
1772,1188.0,1188,5.33,5.33,0,8.91,0.0,0.0,0,10,0
1858,1188.0,1188,5.33,5.33,1,6.0,0.0,0.0,0,230,1
1873,1188.0,1188,5.33,5.33,0,8.91,0.11,130.68,0,4,0
2004,1188.0,1188,5.33,5.33,0,8.91,0.0,0.0,0,0,0
2162,1188.0,1188,6.09,6.09,0,8.91,0.0,0.0,0,0,1
2316,2160.0,2160,10.13,10.13,1,10.0,0.33,712.8,0,113,0
2520,1188.0,1188,5.99,5.99,0,8.91,0.0,0.0,0,50,0
2707,1188.0,1188,5.33,5.33,0,8.91,0.0,0.0,0,0,0
2729,1188.0,1188,5.99,5.99,0,8.91,0.0,0.0,0,12,1
2770,648.0,648,10.13,10.13,0,8.91,0.0,0.0,0,0,0
2837,1188.0,1188,5.33,5.33,0,8.91,0.0,0.0,0,344,1
3149,1188.0,1188,5.87,5.87,0,8.91,0.0,0.0,0,1,0
3230,1188.0,1188,6.13,6.13,0,8.91,0.0,0.0,0,0,0
3315,1188.0,1188,5.33,5.33,0,8.91,0.0,0.0,0,337,0
3395,1188.0,1188,5.33,5.33,0,8.91,0.0,0.0,0,0,0
3487,2160.0,2160,8.0,8.0,1,1.0,0.05,108.0,0,14,0
3647,1188.0,1188,6.92,6.92,0,8.91,0.01,11.88,0,229,0
3697,1188.0,1188,5.33,5.33,0,8.91,0.05,59.4,0,2,0
3891,2160.0,2160,10.13,10.13,0,8.91,0.0,0.0,0,344,1
3953,1188.0,1188,6.92,6.92,0,8.91,0.0,0.0,0,45,0
4167,1188.0,1188,5.33,5.33,0,8.91,0.0,0.0,0,0,0
4269,2160.0,2160,5.33,5.33,0,8.91,0.0,0.0,0,138,0
4548,1188.0,1188,5.33,5.33,0,8.91,0.0,0.0,0,0,0
4599,1188.0,1188,6.92,6.92,0,8.91,0.0,0.0,0,0,0
4625,324.0,324,5.33,5.33,0,8.91,0.0,0.0,0,0,0
4915,1188.0,1188,5.33,5.33,0,8.91,0.0,0.0,0,0,0
5035,1188.0,1188,6.92,6.92,0,8.91,0.0,0.0,0,155,1
5047,1188.0,1188,5.33,5.33,0,8.91,0.0,0.0,0,0,0
5075,2160.0,2160,8.0,8.0,0,8.91,0.49,1058.4,0,177,0
5166,1188.0,1188,6.13,6.13,0,8.91,0.0,0.0,0,0,0
5546,1188.0,1188,5.33,5.33,0,8.91,0.2,237.6,0,13,0
5710,648.0,648,7.99,7.99,0,8.91,0.35,226.8,0,294,0
5801,2160.0,2160,7.99,7.99,0,8.91,0.0,0.0,0,265,0
5874,1188.0,1188,5.87,5.87,0,8.91,0.0,0.0,0,0,0
5879,1188.0,1188,5.33,5.33,0,8.91,0.12,142.56,0,14,0
5987,1188.0,1188,5.33,5.33,0,8.91,0.0,0.0,0,0,0
6006,1188.0,1188,5.33,5.33,0,8.91,0.0,0.0,0,0,0
6028,1188.0,1188,8.99,8.99,0,8.91,0.67,795.96,0,182,0
6327,216.0,216,8.0,8.0,0,8.91,0.0,0.0,0,0,1
6491,1188.0,1188,10.13,10.13,0,8.91,0.0,0.0,0,0,0
6663,1188.0,1188,5.33,5.33,0,8.91,0.0,0.0,0,49,1
6699,1188.0,1188,5.99,5.99,1,10.0,0.0,0.0,1,14,1
6806,1080.0,1080,10.13,10.13,0,8.91,0.14,151.2,0,0,0
7017,1188.0,1188,5.33,5.33,0,8.91,0.0,0.0,0,0,0
7349,2160.0,2160,5.33,5.33,0,8.91,0.0,0.0,0,0,0
7363,1188.0,1188,5.33,5.33,0,8.91,0.0,0.0,0,0,0
7486,1188.0,1188,8.0,8.0,0,8.91,0.08,95.04,0,48,0
7571,1188.0,1188,5.33,5.33,0,10.0,0.0,0.0,0,171,1
7629,1188.0,1188,5.33,5.33,1,10.0,0.09,106.92,0,54,0
7633,1188.0,1188,5.33,5.33,0,8.91,0.0,0.0,0,345,0
7657,1188.0,1188,6.13,6.13,0,8.91,0.0,0.0,0,24,0
7700,1080.0,1080,7.99,7.99,0,8.91,0.0,0.0,0,0,0
7947,1188.0,1188,5.33,5.33,0,8.91,0.0,0.0,0,287,1
8127,1188.0,1188,5.33,5.33,0,8.91,0.0,0.0,0,0,0
8266,1188.0,1188,5.33,5.33,0,8.91,0.01,11.88,0,192,0
8476,1188.0,1188,5.33,5.33,0,8.91,0.0,0.0,0,0,0
8523,1188.0,1188,5.33,5.33,0,8.91,0.0,0.0,0,0,0
8534,1188.0,1188,5.33,5.33,0,8.91,0.0,0.0,0,0,1
8777,1188.0,1188,6.09,6.09,0,8.91,0.17,201.96,0,122,0
8824,1188.0,1188,6.92,6.92,1,9.0,0.22,261.36,0,8,0
9079,702.0,1404,8.36,16.72,0,8.91,0.0,0.0,0,0,1
9195,1188.0,1188,5.33,5.33,0,8.91,0.0,0.0,0,0,0
9212,1188.0,1188,5.33,5.33,0,8.91,0.0,0.0,0,0,1
9220,1188.0,1188,5.33,5.33,0,8.91,0.24,285.12,0,106,0
9298,1188.0,1188,5.99,5.99,0,8.91,0.0,0.0,0,0,0
9472,1188.0,1188,5.33,5.33,0,8.91,0.0,0.0,0,1,1
9556,1188.0,1188,5.33,5.33,1,10.0,0.53,629.64,0,51,0
9824,576.0,1728,6.04,18.13,0,8.91,0.0,0.0,0,151,1
9855,1188.0,1188,4.09,4.09,0,8.91,0.47,558.36,0,237,0
9885,2160.0,2160,8.0,8.0,0,8.91,0.0,0.0,0,20,0
10249,1188.0,1188,8.99,8.99,0,8.91,0.0,0.0,0,0,1
10335,1188.0,1188,5.33,5.33,0,8.91,0.89,1057.32,0,164,0
10562,1188.0,1188,5.33,5.33,0,10.0,0.0,0.0,0,0,1
10611,1080.0,1080,10.13,10.13,0,8.91,0.18,194.4,0,7,0
10646,1188.0,1188,6.92,6.92,0,8.91,0.0,0.0,0,0,0
10681,1188.0,1188,5.33,5.33,0,8.91,0.0,0.0,0,4,1
10741,1188.0,1188,5.33,5.33,0,8.91,1.0,1188.0,1,8,0
10764,1188.0,1188,5.87,5.87,0,8.91,0.01,11.88,0,154,0
10851,1404.0,2808,5.87,11.73,0,8.91,0.0,0.0,0,170,1
11116,1188.0,1188,6.13,6.13,0,8.91,0.0,0.0,0,0,0
11465,1188.0,1188,5.87,5.87,0,8.91,0.06,71.28,0,37,0
11481,1674.0,3348,6.13,12.27,0,8.91,0.0,0.0,0,4,1
11489,1188.0,1188,5.33,5.33,0,8.91,0.0,0.0,0,58,0
11532,1404.0,2808,5.33,10.67,0,8.5,0.0,0.0,0,12,1
11558,1188.0,1188,5.99,5.99,0,8.91,0.0,0.0,0,0,0
11612,1620.0,1620,10.38,10.38,0,8.91,0.0,0.0,0,0,1
11715,1188.0,1188,5.87,5.87,0,8.91,0.02,23.76,0,230,0
11902,1188.0,1188,5.33,5.33,0,8.91,0.02,23.76,0,0,0
12055,1188.0,1188,5.33,5.33,0,8.91,0.0,0.0,0,0,0
12096,1620.0,1620,5.33,5.33,0,8.91,0.01,16.2,0,16,0
12322,1188.0,1188,5.33,5.33,0,8.91,0.0,0.0,0,0,1
12344,1188.0,1188,5.33,5.33,1,10.0,0.58,689.04,0,120,0
12359,2160.0,2160,8.0,8.0,0,8.91,0.26,561.6,0,157,0
12438,756.0,1512,4.12,8.25,0,8.91,0.0,0.0,0,0,1
12480,1188.0,1188,5.33,5.33,0,8.91,0.0,0.0,0,0,0
12516,1188.0,1188,5.33,5.33,0,8.91,0.0,0.0,0,0,0
12712,1188.0,1188,5.33,5.33,0,8.91,0.01,11.88,0,58,0
12878,1188.0,1188,5.33,5.33,0,8.91,0.06,71.28,0,346,0
13006,1188.0,1188,5.33,5.33,0,8.91,0.0,0.0,0,0,0
13018,1188.0,1188,5.33,5.33,0,8.91,0.07,83.16,0,7,0
13084,1188.0,1188,8.99,8.99,0,8.91,0.17,201.96,0,191,0
13168,1188.0,1188,5.33,5.33,0,8.91,0.07,83.16,0,112,0
13202,1620.0,1620,5.33,5.33,0,8.91,0.45,729.0,0,3,0
13368,1188.0,1188,6.92,6.92,0,8.91,0.04,47.52,0,1,0
13395,1188.0,1188,5.33,5.33,0,8.91,0.0,0.0,0,0,0
13788,1116.0,3348,6.22,18.67,0,8.91,0.0,0.0,0,0,1
14412,2160.0,2160,8.99,8.99,0,8.91,0.0,0.0,0,279,0
14583,1188.0,1188,5.33,5.33,1,10.0,0.6,712.8,0,202,0
14775,1188.0,1188,5.33,5.33,0,8.91,0.0,0.0,0,0,0
14855,1188.0,1188,5.33,5.33,0,8.91,0.0,0.0,0,0,0
14863,1620.0,1620,8.0,8.0,0,8.91,0.0,0.0,0,0,1
15064,1620.0,1620,5.33,5.33,0,8.91,0.04,64.8,0,6,0
15180,1188.0,1188,6.09,6.09,0,8.91,0.43,510.84,0,268,0
15263,1188.0,1188,5.33,5.33,1,10.0,0.28,332.64,0,125,0
15614,1188.0,1188,5.33,5.33,1,10.0,0.71,843.48,0,217,0
15958,1188.0,1188,8.0,8.0,0,8.91,0.35,415.8,0,278,0
15968,1188.0,1188,5.33,5.33,0,8.91,0.0,0.0,0,0,0
16500,1188.0,1188,5.33,5.33,0,8.91,0.0,0.0,0,0,0
16507,1188.0,1188,5.33,5.33,0,8.91,0.0,0.0,0,25,0
16761,1188.0,1188,5.33,5.33,0,8.91,0.0,0.0,0,95,1
16808,1188.0,1188,8.0,8.0,0,8.91,0.0,0.0,0,0,0
16819,1188.0,1188,5.33,5.33,0,8.91,0.0,0.0,0,0,1
17127,1188.0,1188,5.33,5.33,0,8.91,0.07,83.16,0,237,0
17235,1188.0,1188,5.99,5.99,0,8.91,0.0,0.0,0,0,0
17257,1188.0,1188,5.33,5.33,0,8.91,0.0,0.0,0,0,0
17300,648.0,648,10.13,10.13,0,8.91,0.0,0.0,0,0,1
17377,1188.0,1188,6.92,6.92,0,8.91,0.0,0.0,0,346,1
17515,1188.0,1188,8.0,8.0,0,8.91,0.33,392.04,0,47,0
17773,1188.0,1188,5.33,5.33,1,9.0,0.65,772.2,0,222,0
17780,324.0,324,8.0,8.0,1,10.0,0.0,0.0,0,0,0
17829,2160.0,2160,10.13,10.13,0,8.91,0.22,475.2,0,135,0
18168,1188.0,1188,7.85,7.85,0,8.91,0.0,0.0,0,0,1
18597,1188.0,1188,4.09,4.09,1,10.0,0.8,950.4,0,199,0
18605,1188.0,1188,4.09,4.09,0,8.91,0.0,0.0,0,0,0
18638,1188.0,1188,6.92,6.92,0,8.91,0.0,0.0,0,0,0
18721,1188.0,1188,4.09,4.09,0,8.91,0.14,166.32,0,209,0
18834,2160.0,2160,5.33,5.33,0,8.91,0.38,820.8,0,110,0
18885,1404.0,2808,5.33,10.67,0,8.91,0.0,0.0,0,0,1
19037,1188.0,1188,5.33,5.33,0,8.91,0.0,0.0,0,0,0
19064,1188.0,1188,5.33,5.33,0,8.91,0.0,0.0,0,168,0
19195,1188.0,1188,5.33,5.33,0,8.91,0.18,213.84,0,281,0
19232,1188.0,1188,10.13,10.13,0,8.91,0.19,225.72,0,189,0
19657,1620.0,1620,6.13,6.13,0,8.91,0.24,388.8,0,0,0
19959,1188.0,1188,4.09,4.09,1,10.0,0.0,0.0,0,295,1
20080,1188.0,1188,5.33,5.33,0,8.91,0.0,0.0,0,163,0
20222,1188.0,1188,5.87,5.87,1,10.0,0.07,83.16,0,141,0
20246,1188.0,1188,5.33,5.33,0,8.91,0.18,213.84,0,116,0
20343,1188.0,1188,5.33,5.33,0,8.91,0.0,0.0,0,0,0
20597,1188.0,1188,5.33,5.33,0,8.91,0.07,83.16,0,1,0
20603,1188.0,1188,5.33,5.33,0,8.91,0.06,71.28,0,204,0
20647,1188.0,1188,5.33,5.33,0,8.91,0.0,0.0,0,0,0
20717,1188.0,1188,5.33,5.33,0,8.91,0.0,0.0,0,0,0
20719,1620.0,1620,10.13,10.13,1,10.0,0.86,1393.2,0,127,0
20732,1188.0,1188,5.33,5.33,0,8.91,0.0,0.0,0,93,0
20896,1188.0,1188,6.92,6.92,0,8.91,0.0,0.0,0,124,0
20980,1188.0,1188,5.99,5.99,0,8.0,0.0,0.0,0,0,1
21409,1188.0,1188,5.33,5.33,1,8.0,0.28,332.64,0,248,0
21718,1188.0,1188,8.0,8.0,0,8.91,0.03,35.64,0,0,0
21723,1188.0,1188,6.09,6.09,0,8.91,0.0,0.0,0,0,1
21824,1188.0,1188,6.09,6.09,0,8.91,0.0,0.0,0,0,1
21870,1188.0,1188,5.33,5.33,0,8.91,0.0,0.0,0,0,1
21920,1188.0,1188,5.33,5.33,0,8.91,0.0,0.0,0,0,0
22083,1080.0,1080,10.13,10.13,0,8.91,0.35,378.0,0,10,0
22298,1188.0,1188,5.33,5.33,0,8.91,0.0,0.0,0,0,0
22394,1188.0,1188,5.33,5.33,0,8.91,0.0,0.0,0,0,0
22693,1188.0,1188,6.92,6.92,0,8.91,0.0,0.0,0,0,0
22716,1188.0,1188,6.13,6.13,0,8.91,0.0,0.0,0,0,1
22730,1188.0,1188,6.92,6.92,0,8.91,0.0,0.0,0,1,0
22742,1188.0,1188,5.33,5.33,0,8.91,0.0,0.0,0,0,0
22915,1404.0,2808,8.53,17.07,1,8.33,0.0,0.0,0,299,1
22936,1188.0,1188,4.62,4.62,0,8.91,0.0,0.0,0,321,0
22962,1188.0,1188,5.33,5.33,0,8.91,0.0,0.0,0,0,0
23101,1476.0,4428,5.33,16.0,0,8.91,0.0,0.0,0,0,1
23338,1188.0,1188,5.33,5.33,0,8.91,0.05,59.4,0,20,0
23521,1188.0,1188,5.33,5.33,0,8.91,0.0,0.0,0,74,1
23738,1188.0,1188,5.99,5.99,0,8.91,0.0,0.0,0,0,0
23805,1404.0,2808,6.67,13.33,0,8.0,0.0,0.0,0,301,1
23846,1188.0,1188,6.13,6.13,0,8.91,0.0,0.0,0,0,0
23877,1188.0,1188,6.13,6.13,0,8.91,0.0,0.0,0,0,0
23889,1188.0,1188,5.33,5.33,0,8.91,0.0,0.0,0,250,1
23907,1188.0,1188,5.33,5.33,0,8.91,0.17,201.96,0,5,0
23992,1188.0,1188,4.09,4.09,0,8.91,0.0,0.0,0,0,0
24126,1188.0,1188,5.33,5.33,0,9.0,0.0,0.0,0,55,1
24191,1188.0,1188,6.09,6.09,0,8.91,0.0,0.0,0,82,0
24205,1188.0,1188,5.33,5.33,0,8.91,0.0,0.0,0,0,0
24256,1188.0,1188,5.99,5.99,0,8.91,0.0,0.0,0,0,0
24324,2160.0,2160,8.0,8.0,0,8.91,0.08,172.8,0,147,0
24546,2160.0,2160,5.33,5.33,0,8.91,0.14,302.4,0,108,0
24728,1188.0,1188,5.33,5.33,0,8.91,0.0,0.0,0,344,1
24744,2160.0,2160,11.39,11.39,1,10.0,0.9,1944.0,4,90,0
24813,2160.0,2160,8.0,8.0,0,8.91,0.0,0.0,0,0,1
24866,1188.0,1188,6.92,6.92,0,8.91,0.0,0.0,0,213,0
25004,576.0,1728,7.11,21.33,0,8.91,0.0,0.0,0,306,1
25106,1188.0,1188,5.33,5.33,0,8.91,0.0,0.0,0,15,1
25199,1188.0,1188,6.92,6.92,0,8.91,0.0,0.0,0,0,0
25219,1188.0,1188,6.09,6.09,0,8.91,0.0,0.0,0,0,1
25235,1188.0,1188,5.33,5.33,0,8.91,0.01,11.88,0,25,0
25311,1188.0,1188,5.99,5.99,1,7.0,0.62,736.56,1,266,0
25339,1188.0,1188,5.33,5.33,0,8.91,0.0,0.0,0,348,0
25367,1188.0,1188,5.33,5.33,0,8.91,0.02,23.76,0,0,0
25501,1188.0,1188,5.87,5.87,0,8.91,0.0,0.0,0,0,0
25647,1188.0,1188,5.99,5.99,0,8.91,0.0,0.0,0,0,0
25657,1188.0,1188,5.33,5.33,0,8.91,0.0,0.0,0,0,0
25709,756.0,1512,5.71,11.42,0,10.0,0.0,0.0,0,0,1
25740,1188.0,1188,6.92,6.92,0,8.91,0.0,0.0,0,26,0
25963,1620.0,1620,9.75,9.75,0,8.91,0.0,0.0,0,0,0
25970,1188.0,1188,5.99,5.99,0,8.91,0.0,0.0,0,0,0
26080,1188.0,1188,5.99,5.99,0,8.91,0.05,59.4,0,53,0
26507,1188.0,1188,5.33,5.33,0,8.91,0.0,0.0,0,0,0
26699,1188.0,1188,5.33,5.33,0,8.91,0.0,0.0,0,258,0
26728,1188.0,1188,5.33,5.33,0,8.91,0.0,0.0,0,0,0
26779,1080.0,1080,10.13,10.13,1,6.0,0.41,442.8,0,3,0
26923,1188.0,1188,5.33,5.33,0,8.91,0.0,0.0,0,0,0
27073,1188.0,1188,5.33,5.33,0,8.91,0.0,0.0,0,0,0
27093,1188.0,1188,5.33,5.33,0,8.91,0.01,11.88,0,0,0
27139,648.0,648,7.99,7.99,0,8.91,0.18,116.64,0,345,0
27259,1188.0,1188,6.09,6.09,0,8.91,0.0,0.0,0,0,1
27282,1188.0,1188,8.0,8.0,0,8.91,0.0,0.0,0,0,0
27710,1620.0,1620,8.0,8.0,0,8.91,0.0,0.0,0,0,0
27747,1188.0,1188,5.33,5.33,0,8.91,0.0,0.0,0,0,0
28159,1188.0,1188,6.09,6.09,1,10.0,0.07,83.16,0,105,0
28266,1188.0,1188,5.33,5.33,0,8.91,0.0,0.0,0,0,1
28422,1188.0,1188,6.92,6.92,0,8.91,0.0,0.0,0,341,0
28425,1188.0,1188,5.33,5.33,0,8.91,0.28,332.64,0,282,0
28468,1188.0,1188,6.09,6.09,0,8.91,0.05,59.4,0,1,0
29279,1188.0,1188,5.33,5.33,0,8.91,0.0,0.0,0,0,1
29283,1188.0,1188,5.33,5.33,0,8.91,0.01,11.88,0,109,0
29297,1188.0,1188,6.92,6.92,1,9.0,0.23,273.24,0,237,0
29311,1188.0,1188,6.92,6.92,0,8.91,0.0,0.0,0,256,0
29366,1188.0,1188,5.33,5.33,0,8.91,0.0,0.0,0,1,1
29540,1188.0,1188,5.33,5.33,0,8.91,0.0,0.0,0,0,0
29624,1404.0,2808,5.33,10.67,0,8.91,0.0,0.0,0,0,1
29653,1620.0,1620,5.33,5.33,1,6.0,0.0,0.0,0,0,1
29783,1674.0,3348,5.33,10.67,0,8.91,0.0,0.0,0,0,1
29787,2160.0,2160,10.13,10.13,1,10.0,0.33,712.8,1,169,0
29988,1188.0,1188,8.0,8.0,1,10.0,0.06,71.28,0,267,0
30151,1188.0,1188,6.09,6.09,1,9.0,0.0,0.0,1,275,1
30169,1620.0,1620,8.0,8.0,0,8.91,0.0,0.0,0,306,1
30335,1188.0,1188,5.33,5.33,0,8.91,0.0,0.0,0,0,1
30345,1377.0,5508,6.0,24.0,0,8.91,0.0,0.0,0,0,1
30467,1188.0,1188,4.09,4.09,0,8.91,0.0,0.0,0,89,0
30585,1188.0,1188,5.33,5.33,0,8.91,0.0,0.0,0,0,0
30606,1188.0,1188,5.33,5.33,0,8.91,0.03,35.64,0,0,0
30807,1188.0,1188,5.87,5.87,0,8.91,0.0,0.0,0,0,1
30953,1080.0,1080,5.99,5.99,0,8.91,0.0,0.0,0,0,0
31076,1188.0,1188,6.92,6.92,1,9.0,0.49,582.12,0,278,0
31543,1188.0,1188,4.12,4.12,0,8.91,0.0,0.0,0,3,0
31954,1188.0,1188,6.09,6.09,0,8.91,0.07,83.16,0,41,0
31961,1080.0,1080,8.99,8.99,1,8.0,0.7,756.0,0,94,0
32122,2160.0,2160,7.99,7.99,1,10.0,0.35,756.0,0,319,0
32234,1188.0,1188,5.33,5.33,0,8.91,0.0,0.0,0,0,0
32291,1188.0,1188,5.33,5.33,0,8.91,0.0,0.0,0,0,0
32450,1188.0,1188,6.92,6.92,0,10.0,0.0,0.0,0,40,1
32506,1188.0,1188,5.33,5.33,0,8.91,0.0,0.0,0,100,1
32524,1188.0,1188,5.33,5.33,0,8.91,0.0,0.0,0,216,1
32526,1188.0,1188,5.33,5.33,1,5.0,0.91,1081.08,2,253,0
32560,1188.0,1188,5.33,5.33,0,8.91,0.0,0.0,0,0,1
32732,1188.0,1188,5.87,5.87,0,8.91,0.0,0.0,0,0,0
33084,1188.0,1188,5.99,5.99,1,10.0,0.12,142.56,0,105,0
348,1188.0,1188,6.92,6.92,0,8.91,0.0,0.0,0,2,1
690,1620.0,1620,10.13,10.13,0,8.91,0.58,939.6,0,259,0
1728,1188.0,1188,5.33,5.33,0,8.91,0.0,0.0,0,0,0
3153,2160.0,2160,10.13,10.13,0,8.91,0.18,388.8,0,81,0
4248,1620.0,1620,5.33,5.33,1,8.0,0.94,1522.8,1,344,0
6857,2160.0,2160,7.69,7.69,0,8.91,0.08,172.8,0,75,0
8563,1080.0,1080,10.13,10.13,0,8.91,0.31,334.8,0,2,0
10908,2160.0,2160,5.33,5.33,0,8.91,0.0,0.0,0,0,0
11953,2160.0,2160,5.33,5.33,0,8.91,0.12,259.2,0,214,0
13128,1188.0,1188,5.33,5.33,0,8.91,0.0,0.0,0,34,1
14357,1620.0,1620,5.33,5.33,0,8.91,0.0,0.0,0,162,1
15555,1620.0,1620,5.33,5.33,0,8.91,0.1,162.0,0,23,0
15571,1188.0,1188,10.13,10.13,0,8.91,0.0,0.0,0,323,1
16633,1620.0,1620,5.33,5.33,0,8.91,0.0,0.0,0,0,0
17569,1620.0,1620,9.81,9.81,1,10.0,0.6,972.0,1,200,0
17853,324.0,324,10.13,10.13,0,8.91,0.0,0.0,0,0,0
19059,1188.0,1188,8.0,8.0,0,8.91,0.06,71.28,0,61,0
19909,756.0,1512,5.33,10.67,0,8.91,0.0,0.0,0,281,1
22841,648.0,648,7.99,7.99,0,8.91,0.0,0.0,0,0,0
23332,2160.0,2160,5.69,5.69,0,8.91,0.29,626.4,0,310,0
25016,2160.0,2160,5.33,5.33,0,8.91,0.1,216.0,0,31,0
26264,2160.0,2160,10.13,10.13,1,10.0,0.9,1944.0,4,110,0
28537,1188.0,1188,10.13,10.13,0,8.91,0.0,0.0,0,174,0
29016,1188.0,1188,10.13,10.13,0,8.91,0.0,0.0,0,0,0
30516,2160.0,2160,10.13,10.13,1,10.0,0.3,648.0,0,99,0
30778,324.0,324,12.27,12.27,0,8.91,0.0,0.0,0,0,0
31231,1188.0,1188,5.33,5.33,0,8.91,0.0,0.0,0,87,0
33322,1620.0,1620,9.81,9.81,0,8.91,0.0,0.0,0,0,0
261,2160.0,2160,5.33,5.33,0,8.91,0.07,151.2,0,344,0
2204,2160.0,2160,10.13,10.13,0,8.91,0.0,0.0,0,0,0
4532,1620.0,1620,9.75,9.75,1,8.0,0.28,453.6,0,40,0
4980,1620.0,1620,10.13,10.13,0,8.91,0.0,0.0,0,0,0
5523,1620.0,1620,5.33,5.33,0,8.91,0.0,0.0,0,0,1
6803,324.0,324,50.67,50.67,0,8.91,0.0,0.0,0,0,0
7435,2160.0,2160,10.13,10.13,0,8.91,0.0,0.0,0,24,0
7962,1188.0,1188,5.33,5.33,0,8.91,0.0,0.0,0,58,1
11135,1674.0,3348,55.73,111.47,0,8.91,0.0,0.0,0,0,1
13164,2160.0,2160,5.87,5.87,0,8.91,0.0,0.0,0,1,0
15767,1188.0,1188,10.13,10.13,0,10.0,0.0,0.0,0,0,1
17488,1620.0,1620,10.13,10.13,0,8.91,0.0,0.0,0,38,0
21948,540.0,540,44.98,44.98,0,8.91,0.58,313.2,0,1,0
25572,1620.0,1620,9.75,9.75,0,8.91,0.48,777.6,0,7,0
26296,2160.0,2160,5.87,5.87,0,8.91,0.0,0.0,0,0,0
29731,2160.0,2160,10.13,10.13,0,8.91,0.0,0.0,0,264,0
30944,1080.0,1080,10.13,10.13,0,8.91,0.0,0.0,0,0,0
33161,648.0,648,7.85,7.85,0,8.91,0.0,0.0,0,0,0
33383,2160.0,2160,5.33,5.33,0,8.91,0.0,0.0,0,85,1
1647,1188.0,1188,8.0,8.0,0,8.91,0.01,11.88,0,0,0
1977,2160.0,2160,10.13,10.13,0,8.91,0.22,475.2,0,13,0
2846,1188.0,1188,8.0,8.0,0,8.91,0.0,0.0,0,0,0
4223,1080.0,1080,10.13,10.13,0,8.91,0.16,172.8,0,1,0
4301,2160.0,2160,5.99,5.99,0,8.91,0.24,518.4,0,20,0
4608,2160.0,2160,10.13,10.13,0,8.91,0.0,0.0,0,0,0
6282,1080.0,1080,19.73,19.73,0,8.91,0.49,529.2,0,145,0
8741,1620.0,1620,10.13,10.13,1,10.0,0.0,0.0,0,84,0
10429,2160.0,2160,5.99,5.99,0,8.91,0.0,0.0,0,1,0
12312,1350.0,2700,7.02,14.04,0,8.91,0.0,0.0,0,35,1
14494,1080.0,1080,5.33,5.33,0,8.91,0.31,334.8,0,5,0
16047,1620.0,1620,5.33,5.33,0,8.91,0.0,0.0,0,27,0
16901,2160.0,2160,10.13,10.13,1,8.0,0.92,1987.2,1,270,0
21304,2160.0,2160,5.33,5.33,0,8.91,0.37,799.2,0,33,0
23412,2160.0,2160,11.39,11.39,0,8.91,0.0,0.0,0,6,0
24143,1890.0,3780,9.81,19.62,0,8.91,0.0,0.0,0,260,1
24708,1890.0,3780,7.73,15.46,0,8.91,0.0,0.0,0,87,1
25384,1188.0,1188,8.0,8.0,0,8.91,0.0,0.0,0,256,1
25393,1620.0,1620,11.39,11.39,1,8.0,0.26,421.2,0,46,0
26860,1620.0,1620,10.82,10.82,0,8.91,0.53,858.6,0,81,0
28485,1188.0,1188,8.0,8.0,0,8.91,0.0,0.0,0,12,1
28492,1620.0,1620,5.33,5.33,1,10.0,0.42,680.4,0,122,0
29004,1620.0,3240,4.62,9.25,0,8.91,0.0,0.0,0,126,1
29422,2160.0,2160,10.13,10.13,0,8.91,0.0,0.0,0,109,0
30049,2160.0,2160,5.87,5.87,1,10.0,0.63,1360.8,1,42,0
30302,2160.0,2160,5.33,5.33,0,8.91,0.0,0.0,0,0,0
33350,2160.0,2160,9.75,9.75,0,8.91,0.06,129.6,0,201,0
33412,2160.0,2160,10.13,10.13,0,8.91,0.14,302.4,0,4,0
956,1188.0,1188,8.0,8.0,0,8.91,0.49,582.12,0,71,0
1470,1188.0,1188,10.13,10.13,0,8.91,0.5,594.0,0,238,0
2704,1620.0,1620,6.92,6.92,1,10.0,0.32,518.4,0,74,0
5477,1188.0,1188,5.33,5.33,1,8.0,1.0,1188.0,0,1,0
12734,1188.0,1188,6.92,6.92,0,8.91,0.24,285.12,0,53,0
13133,2160.0,2160,5.33,5.33,0,8.91,0.0,0.0,0,0,0
14848,972.0,1944,5.33,10.66,0,8.91,0.0,0.0,0,0,1
15402,1080.0,1080,9.75,9.75,0,8.91,0.0,0.0,0,0,0
16180,1080.0,1080,10.13,10.13,0,8.91,0.27,291.6,0,0,0
16797,1620.0,1620,5.33,5.33,0,8.91,0.0,0.0,0,200,1
18180,2160.0,2160,5.33,5.33,0,8.91,0.0,0.0,0,237,0
18880,1620.0,1620,6.13,6.13,0,8.91,0.0,0.0,0,0,0
18932,1620.0,1620,9.75,9.75,1,10.0,0.64,1036.8,0,5,0
19469,2160.0,2160,10.13,10.13,0,8.91,0.07,151.2,0,62,0
20607,2160.0,2160,5.33,5.33,0,8.91,0.21,453.6,0,53,0
21280,1188.0,1188,5.87,5.87,0,8.91,0.0,0.0,0,140,0
22802,2160.0,2160,6.13,6.13,0,8.91,0.04,86.4,0,0,0
23617,1620.0,1620,10.13,10.13,0,8.91,0.48,777.6,0,91,0
25614,1890.0,3780,5.33,10.67,0,8.91,0.0,0.0,0,0,1
26006,1188.0,1188,5.33,5.33,0,8.91,0.23,273.24,0,4,0
26131,648.0,648,5.33,5.33,0,8.91,0.0,0.0,0,0,0
27043,2160.0,2160,104.0,104.0,1,10.0,0.9,1944.0,3,32,0
27277,1620.0,1620,5.33,5.33,1,9.0,0.28,453.6,0,254,0
28759,2160.0,2160,10.13,10.13,0,8.91,0.14,302.4,0,30,0
32100,1620.0,1620,4.09,4.09,1,9.0,0.99,1603.8,2,259,0
32739,2160.0,2160,10.13,10.13,0,8.91,0.01,21.6,0,327,0
1993,2160.0,2160,5.33,5.33,0,8.91,0.02,43.2,0,0,0
4315,2160.0,2160,10.13,10.13,0,8.91,0.08,172.8,0,127,0
14880,2160.0,2160,10.13,10.13,1,9.0,0.15,324.0,0,3,0
16111,1620.0,1620,10.13,10.13,1,10.0,0.33,534.6,0,26,0
16935,2160.0,2160,10.13,10.13,1,8.0,0.42,907.2,0,301,0
17131,1620.0,1620,13.15,13.15,0,8.91,0.33,534.6,0,103,0
17209,2160.0,2160,11.39,11.39,0,8.91,0.01,21.6,0,4,0
18858,2160.0,2160,10.13,10.13,0,8.91,0.0,0.0,0,0,0
19267,1674.0,3348,7.73,15.46,0,8.91,0.0,0.0,0,78,1
19407,2160.0,2160,8.0,8.0,1,10.0,0.14,302.4,0,237,0
22449,1188.0,1188,8.0,8.0,0,8.91,0.0,0.0,0,42,1
22567,1620.0,1620,13.15,13.15,1,6.0,0.52,842.4,0,297,0
24242,324.0,324,12.27,12.27,1,10.0,0.0,0.0,0,0,0
25530,1188.0,1188,13.15,13.15,1,10.0,0.0,0.0,0,51,1
26443,1188.0,1188,104.0,104.0,0,10.0,0.0,0.0,0,281,1
27105,1188.0,1188,8.0,8.0,0,8.91,0.0,0.0,0,0,0
27390,2160.0,2160,4.12,4.12,1,10.0,0.44,950.4,0,64,0
3774,2160.0,2160,20.43,20.43,0,8.91,0.0,0.0,0,0,0
3992,1080.0,1080,9.81,9.81,0,8.91,0.45,486.0,0,1,0
4895,1188.0,1188,8.0,8.0,0,8.91,0.27,320.76,0,2,0
5907,2160.0,2160,10.13,10.13,0,8.91,0.0,0.0,0,0,1
7034,1620.0,1620,8.99,8.99,1,9.0,0.99,1603.8,1,150,0
7144,2160.0,2160,8.0,8.0,0,8.91,0.0,0.0,0,3,0
9898,648.0,648,8.0,8.0,0,9.0,0.0,0.0,0,0,1
9999,2160.0,2160,10.13,10.13,1,9.0,0.03,64.8,0,184,0
11877,648.0,648,13.15,13.15,1,10.0,1.0,648.0,1,31,0
12573,1188.0,1188,8.0,8.0,0,8.91,0.08,95.04,0,2,0
16856,2160.0,2160,8.0,8.0,0,8.91,0.0,0.0,0,0,0
17278,1080.0,1080,10.13,10.13,1,8.0,1.0,1080.0,0,29,0
18058,1620.0,1620,8.0,8.0,0,8.91,0.02,32.4,0,0,0
20412,2160.0,2160,9.75,9.75,1,9.0,0.25,540.0,0,3,0
20530,1188.0,1188,10.13,10.13,0,8.91,0.0,0.0,0,0,0
21527,1620.0,1620,5.33,5.33,0,8.91,0.08,129.6,0,7,0
25227,2160.0,2160,5.33,5.33,0,8.91,0.0,0.0,0,14,0
26688,1620.0,1620,10.13,10.13,0,8.91,0.0,0.0,2,226,1
27778,324.0,324,8.0,8.0,0,8.91,1.0,324.0,0,0,0
28621,1188.0,1188,10.38,10.38,0,8.91,0.0,0.0,0,165,1
29310,2160.0,2160,10.13,10.13,1,10.0,0.9,1944.0,4,15,0
29616,2160.0,2160,10.13,10.13,1,6.0,0.03,64.8,0,1,0
30615,1188.0,1188,10.38,10.38,0,8.91,0.11,130.68,0,296,0
237,2160.0,2160,8.0,8.0,0,8.91,0.05,108.0,0,204,0
882,2160.0,2160,8.0,8.0,0,8.91,0.0,0.0,0,0,0
4275,1620.0,1620,8.0,8.0,0,8.91,0.0,0.0,0,0,1
4283,1188.0,1188,8.0,8.0,0,8.91,0.06,71.28,0,299,0
4543,2160.0,2160,11.39,11.39,0,8.91,0.0,0.0,0,0,0
5890,2160.0,2160,10.13,10.13,0,8.91,0.0,0.0,0,0,1
7252,324.0,324,50.67,50.67,0,8.91,0.0,0.0,0,0,0
9912,1620.0,1620,13.15,13.15,0,8.91,0.0,0.0,0,0,0
10684,1188.0,1188,8.0,8.0,0,8.91,0.0,0.0,0,99,0
12860,1620.0,1620,5.99,5.99,0,8.91,0.01,16.2,0,0,0
14519,1620.0,1620,8.0,8.0,0,8.91,0.72,1166.4,0,18,0
17756,2160.0,2160,5.33,5.33,0,8.91,0.0,0.0,0,0,0
18495,1080.0,1080,80.0,80.0,1,9.0,1.0,1080.0,0,31,0
24014,1188.0,1188,8.99,8.99,1,3.0,0.17,201.96,0,318,0
25629,1188.0,1188,6.21,6.21,0,8.91,0.0,0.0,0,135,0
25836,1188.0,1188,10.38,10.38,0,8.91,0.33,392.04,0,331,0
27239,1188.0,1188,6.92,6.92,0,8.91,0.06,71.28,0,119,0
27721,1080.0,1080,10.13,10.13,0,8.91,0.0,0.0,0,0,0
28753,1620.0,1620,10.13,10.13,0,8.91,0.13,210.6,0,227,0
33360,2160.0,2160,10.13,10.13,0,8.91,0.18,388.8,0,34,0
93,2160.0,2160,8.0,8.0,0,8.91,0.09,194.4,0,306,0
1242,1620.0,1620,10.13,10.13,0,8.91,0.57,923.4,1,22,0
1847,2160.0,2160,8.0,8.0,0,8.91,0.0,0.0,0,0,0
2330,1620.0,1620,8.0,8.0,0,8.91,0.13,210.6,0,112,0
3220,1620.0,1620,10.38,10.38,0,8.91,0.0,0.0,0,27,0
3681,1242.0,2484,8.0,16.0,0,8.91,0.0,0.0,0,212,1
4187,684.0,2052,6.22,18.66,0,8.91,0.0,0.0,0,259,1
4240,2160.0,2160,10.13,10.13,0,8.91,0.0,0.0,0,0,0
4293,2160.0,2160,8.0,8.0,0,8.91,0.0,0.0,0,21,0
4818,1620.0,1620,8.0,8.0,0,8.91,0.23,372.6,0,320,0
5607,2160.0,2160,10.13,10.13,0,8.91,0.0,0.0,0,0,1
6580,1620.0,1620,8.0,8.0,0,8.91,0.0,0.0,0,0,0
6598,1620.0,1620,8.0,8.0,0,8.91,0.19,307.8,0,1,0
8274,324.0,324,8.0,8.0,1,8.0,0.0,0.0,0,0,0
10711,1620.0,1620,8.0,8.0,0,8.91,0.0,0.0,0,0,0
12357,1620.0,1620,8.0,8.0,0,8.91,0.0,0.0,0,0,0
12748,1620.0,1620,8.0,8.0,0,8.91,0.07,113.4,0,5,0
12933,1620.0,1620,7.72,7.72,1,8.5,0.0,0.0,1,279,1
13190,1620.0,1620,8.0,8.0,0,8.91,0.0,0.0,0,0,0
13532,1620.0,1620,8.0,8.0,1,10.0,0.9,1458.0,1,132,0
15093,1620.0,1620,8.0,8.0,1,10.0,0.52,842.4,0,33,0
15268,2160.0,2160,10.13,10.13,0,8.91,0.0,0.0,0,12,0
15469,1188.0,1188,8.0,8.0,0,8.91,0.0,0.0,0,0,0
16845,2160.0,2160,6.09,6.09,0,8.91,0.0,0.0,0,2,0
17840,1080.0,1080,10.13,10.13,0,8.91,0.97,1047.6,0,7,0
18562,1620.0,1620,10.13,10.13,0,8.91,0.0,0.0,0,0,0
19207,1620.0,1620,8.0,8.0,1,8.0,0.19,307.8,0,29,0
19425,1188.0,1188,7.69,7.69,0,8.91,0.01,11.88,0,170,0
20598,1620.0,1620,8.0,8.0,0,8.91,0.0,0.0,0,0,0
20612,2160.0,2160,10.13,10.13,0,8.91,0.11,237.6,0,333,0
20812,1620.0,1620,8.0,8.0,0,8.91,0.0,0.0,0,0,0
21418,1620.0,1620,5.33,5.33,0,8.91,0.0,0.0,0,220,1
21584,2160.0,2160,10.13,10.13,0,8.91,0.0,0.0,0,0,1
22031,1620.0,1620,8.0,8.0,0,8.91,0.0,0.0,0,44,0
24326,1620.0,1620,9.75,9.75,0,8.91,0.0,0.0,0,0,0
25563,2160.0,2160,5.33,5.33,0,8.91,0.08,172.8,0,256,0
25854,1188.0,1188,13.15,13.15,0,8.91,0.51,605.88,0,157,0
26082,2160.0,2160,8.0,8.0,0,8.91,0.0,0.0,0,49,0
26258,1620.0,1620,6.04,6.04,0,8.91,0.0,0.0,0,0,0
27025,1620.0,1620,8.0,8.0,0,8.91,0.0,0.0,0,0,0
27666,1620.0,1620,8.0,8.0,1,8.0,0.07,113.4,0,64,0
27688,1620.0,1620,8.0,8.0,0,8.91,0.54,874.8,0,133,0
27775,1620.0,1620,8.0,8.0,0,8.91,0.06,97.2,0,0,0
27810,1620.0,1620,8.99,8.99,0,8.91,0.25,405.0,0,29,0
28098,1620.0,1620,8.0,8.0,0,8.91,0.0,0.0,0,68,1
31677,1620.0,1620,5.33,5.33,1,9.0,0.08,129.6,0,156,0
32676,1620.0,1620,8.0,8.0,0,8.91,0.19,307.8,1,10,0
32705,1620.0,1620,10.38,10.38,0,8.91,0.0,0.0,0,0,0
160,1188.0,1188,8.61,8.61,0,8.91,0.0,0.0,0,60,1
471,2160.0,2160,8.0,8.0,1,10.0,0.07,151.2,0,297,0
1306,2160.0,2160,10.13,10.13,0,8.91,0.03,64.8,0,14,0
1463,2160.0,2160,10.13,10.13,0,8.91,0.08,172.8,0,18,0
1750,1620.0,1620,10.13,10.13,0,8.91,0.29,469.8,0,13,0
1813,1188.0,1188,8.0,8.0,0,8.91,0.0,0.0,0,237,1
2055,2160.0,2160,10.13,10.13,0,8.91,0.0,0.0,0,333,0
2357,2160.0,2160,6.21,6.21,0,8.91,0.0,0.0,0,0,0
2758,1620.0,1620,8.0,8.0,1,10.0,0.79,1279.8,0,5,0
3549,2160.0,2160,7.72,7.72,0,8.91,0.0,0.0,0,0,0
3788,2160.0,2160,8.0,8.0,0,8.91,0.0,0.0,0,0,0
4333,2160.0,2160,7.77,7.77,0,8.91,0.0,0.0,0,27,0
4470,1620.0,1620,8.0,8.0,0,8.91,0.0,0.0,0,0,0
4525,1620.0,1620,8.0,8.0,0,8.91,0.0,0.0,0,162,1
5674,1620.0,1620,8.0,8.0,0,8.91,0.05,81.0,0,0,0
6751,1890.0,3780,7.85,15.7,0,8.91,0.0,0.0,0,0,1
6985,1188.0,1188,8.0,8.0,0,8.91,0.0,0.0,0,0,1
7824,1620.0,1620,8.0,8.0,0,8.91,0.0,0.0,0,0,0
8020,2160.0,2160,6.21,6.21,0,8.91,0.0,0.0,0,315,0
8907,1080.0,1080,7.72,7.72,0,8.91,0.0,0.0,0,0,0
8953,2160.0,2160,8.0,8.0,0,8.91,0.0,0.0,0,260,0
9746,2160.0,2160,10.13,10.13,0,8.91,0.0,0.0,0,118,1
9836,648.0,648,8.0,8.0,0,7.0,0.0,0.0,0,0,1
10651,1188.0,1188,8.0,8.0,0,8.91,0.07,83.16,0,25,0
11395,2160.0,2160,10.13,10.13,0,8.91,0.0,0.0,0,72,1
11673,1620.0,1620,8.0,8.0,0,8.91,0.02,32.4,0,187,0
12043,648.0,648,5.33,5.33,0,8.91,0.0,0.0,0,86,0
12691,1188.0,1188,10.38,10.38,0,8.91,0.0,0.0,0,0,0
12782,2160.0,2160,8.0,8.0,0,8.91,0.0,0.0,0,0,1
13013,2160.0,2160,8.0,8.0,0,8.91,0.0,0.0,0,21,0
13334,648.0,648,8.0,8.0,1,5.0,0.14,90.72,0,93,0
13986,2160.0,2160,8.0,8.0,0,8.91,0.2,432.0,0,9,0
15092,2160.0,2160,10.13,10.13,0,8.91,0.0,0.0,0,0,0
15579,1188.0,1188,7.72,7.72,0,8.91,0.0,0.0,0,0,0
16829,1620.0,1620,8.0,8.0,0,8.91,0.46,745.2,0,83,0
17273,1620.0,1620,10.38,10.38,0,8.91,0.0,0.0,0,11,0
17494,2160.0,2160,8.0,8.0,1,8.0,0.48,1036.8,0,23,0
18446,1620.0,1620,10.13,10.13,1,8.0,0.53,858.6,0,13,0
18525,1188.0,1188,13.15,13.15,1,9.0,0.0,0.0,0,73,1
18679,1620.0,1620,8.0,8.0,0,8.91,0.0,0.0,0,308,1
19217,324.0,324,8.0,8.0,0,8.91,0.0,0.0,0,208,1
19444,2160.0,2160,8.0,8.0,0,8.91,0.16,345.6,0,310,0
20599,1620.0,1620,10.13,10.13,0,8.91,0.63,1020.6,0,99,0
21335,2160.0,2160,8.99,8.99,0,8.91,0.0,0.0,0,122,1
21886,2160.0,2160,8.0,8.0,0,8.91,0.0,0.0,0,0,1
21887,1188.0,1188,8.0,8.0,0,8.91,0.3,356.4,0,78,0
21949,1080.0,1080,7.85,7.85,1,8.0,1.0,1080.0,1,3,0
22155,1620.0,1620,8.0,8.0,0,8.91,0.0,0.0,0,0,0
23026,648.0,648,8.0,8.0,0,8.91,0.0,0.0,0,0,0
23440,1188.0,1188,11.39,11.39,0,8.91,0.06,71.28,0,311,0
23472,1188.0,1188,8.99,8.99,0,8.91,0.0,0.0,0,0,1
24707,2160.0,2160,8.0,8.0,1,10.0,0.06,129.6,0,162,0
24733,2160.0,2160,11.39,11.39,0,8.91,0.0,0.0,0,0,0
25207,2160.0,2160,8.0,8.0,0,8.91,0.0,0.0,0,308,0
25803,918.0,1836,7.06,14.13,0,8.91,0.0,0.0,0,242,1
26395,2160.0,2160,8.0,8.0,0,8.91,0.0,0.0,0,172,0
26850,1620.0,1620,8.0,8.0,1,9.0,0.43,696.6,0,93,0
27143,1080.0,1080,10.13,10.13,0,8.91,1.0,1080.0,1,13,0
27365,1620.0,1620,11.39,11.39,0,8.91,0.04,64.8,0,57,0
28049,2160.0,2160,8.0,8.0,0,8.91,0.12,259.2,0,69,0
29516,1188.0,1188,8.0,8.0,0,8.91,0.15,178.2,0,4,0
29717,2160.0,2160,8.0,8.0,0,8.91,0.0,0.0,0,252,1
29934,2160.0,2160,8.0,8.0,0,8.91,0.33,712.8,0,238,0
31026,2160.0,2160,5.33,5.33,0,8.91,0.25,540.0,0,216,0
31109,2160.0,2160,8.0,8.0,0,8.91,0.0,0.0,0,0,0
31257,2160.0,2160,10.13,10.13,0,8.91,0.04,86.4,0,203,0
86,1134.0,2268,10.13,20.27,1,10.0,0.0,0.0,0,282,1
2778,1620.0,1620,10.13,10.13,0,8.91,0.0,0.0,0,1,0
2987,648.0,648,10.13,10.13,0,8.91,0.24,155.52,0,29,0
3211,1620.0,1620,7.69,7.69,0,8.91,0.0,0.0,0,0,0
4583,1620.0,1620,10.13,10.13,0,8.91,0.0,0.0,0,0,0
4592,1620.0,1620,10.13,10.13,0,8.91,0.15,243.0,0,133,0
5032,648.0,648,10.13,10.13,1,10.0,0.21,136.08,0,184,0
5918,1620.0,1620,10.13,10.13,0,8.91,0.08,129.6,0,41,0
6291,2160.0,2160,13.15,13.15,0,8.91,0.24,518.4,0,52,0
6451,1620.0,1620,5.87,5.87,0,8.91,0.0,0.0,0,0,1
6554,648.0,648,10.13,10.13,1,10.0,0.58,375.84,0,77,0
6863,1134.0,2268,5.99,11.99,0,8.91,0.0,0.0,0,0,1
7089,1620.0,1620,11.39,11.39,1,8.0,0.76,1231.2,0,292,0
7964,1134.0,2268,10.13,20.27,0,8.91,0.0,0.0,0,54,1
8060,1620.0,1620,10.13,10.13,0,8.91,0.46,745.2,0,7,0
9121,648.0,648,10.13,10.13,0,8.91,0.17,110.16,0,0,0
10139,1620.0,1620,11.39,11.39,0,8.91,0.09,145.8,0,74,0
10629,1476.0,4428,8.74,26.22,0,8.91,0.0,0.0,0,0,1
12879,1656.0,4968,30.22,90.67,1,8.0,0.0,0.0,0,232,1
13174,2160.0,2160,8.0,8.0,0,8.91,0.04,86.4,0,7,0
17634,1620.0,1620,8.61,8.61,1,8.0,0.9,1458.0,1,48,0
19170,1620.0,1620,7.69,7.69,0,8.91,0.0,0.0,0,0,0
19438,1188.0,1188,8.61,8.61,1,8.0,0.23,273.24,0,42,0
19627,1080.0,1080,10.13,10.13,1,8.0,1.0,1080.0,0,26,0
19811,1134.0,2268,10.13,20.27,0,8.91,0.0,0.0,0,265,1
20181,1404.0,5616,7.73,30.93,0,8.91,0.0,0.0,0,0,1
20226,1620.0,1620,10.38,10.38,0,8.91,0.0,0.0,0,1,0
21095,1620.0,1620,10.13,10.13,0,8.91,0.12,194.4,0,9,0
21557,1620.0,1620,10.13,10.13,0,8.91,0.06,97.2,0,44,0
21795,2160.0,2160,5.33,5.33,0,8.91,0.03,64.8,0,5,0
24720,2160.0,2160,10.13,10.13,0,8.91,0.01,21.6,0,70,0
25645,2160.0,2160,10.13,10.13,0,8.91,0.04,86.4,0,255,0
26209,1188.0,1188,10.13,10.13,1,10.0,0.83,986.04,1,28,0
26793,1134.0,2268,10.13,20.27,0,8.91,0.0,0.0,0,325,1
27714,2160.0,2160,10.13,10.13,0,8.91,0.05,108.0,0,334,0
29694,1620.0,1620,9.75,9.75,1,10.0,0.99,1603.8,1,250,0
33243,1188.0,1188,10.13,10.13,0,8.91,0.12,142.56,0,1,0
33472,2160.0,2160,10.13,10.13,0,8.91,0.0,0.0,0,0,0
341,1188.0,1188,10.13,10.13,0,8.91,0.0,0.0,0,113,0
2205,2160.0,2160,10.13,10.13,0,8.91,0.02,43.2,0,9,0
5348,1188.0,1188,7.85,7.85,1,10.0,0.14,166.32,0,259,0
9519,1188.0,1188,10.13,10.13,0,8.91,0.0,0.0,0,300,0
10302,540.0,540,50.66,50.66,0,8.91,0.0,0.0,0,0,0
10955,648.0,648,12.27,12.27,0,8.91,0.0,0.0,0,0,0
13460,2160.0,2160,10.13,10.13,0,8.91,0.2,432.0,0,77,0
16009,2160.0,2160,10.13,10.13,0,8.91,0.0,0.0,0,0,0
17902,1890.0,3780,10.13,20.27,0,8.91,0.0,0.0,0,140,1
18906,1620.0,1620,10.13,10.13,1,10.0,0.55,891.0,1,153,0
22418,2160.0,2160,10.13,10.13,0,8.91,0.0,0.0,0,2,0
26545,1134.0,2268,10.13,20.27,0,8.91,0.0,0.0,0,155,1
26868,1620.0,1620,5.33,5.33,1,10.0,0.9,1458.0,4,51,0
27377,1620.0,1620,11.39,11.39,0,8.91,0.06,97.2,0,0,0
27815,1620.0,1620,11.39,11.39,0,8.91,0.07,113.4,0,92,0
32152,2160.0,2160,5.99,5.99,0,8.91,0.0,0.0,0,0,1
32172,1620.0,1620,6.92,6.92,0,8.91,0.0,0.0,0,7,0
32671,648.0,648,8.78,8.78,0,8.91,0.0,0.0,0,1,0
32683,2160.0,2160,10.13,10.13,0,8.91,0.22,475.2,0,248,0
55,1620.0,1620,10.13,10.13,0,8.91,0.0,0.0,0,0,0
2997,1620.0,1620,13.15,13.15,0,8.91,0.42,680.4,0,136,0
3426,2160.0,2160,11.39,11.39,0,8.91,0.0,0.0,0,0,0
6190,2160.0,2160,5.33,5.33,0,8.91,0.0,0.0,0,200,0
7451,1674.0,3348,7.95,15.89,0,8.91,0.0,0.0,0,140,1
7501,1188.0,1188,13.15,13.15,0,8.91,0.75,891.0,0,1,0
7547,2160.0,2160,10.13,10.13,0,8.91,0.03,64.8,0,126,0
7983,2160.0,2160,9.75,9.75,0,8.91,0.63,1360.8,1,47,0
8037,2160.0,2160,10.13,10.13,0,8.91,0.01,21.6,0,3,0
8769,1656.0,4968,7.82,23.46,0,8.91,0.0,0.0,0,232,1
9026,1188.0,1188,5.33,5.33,1,10.0,0.56,665.28,2,23,0
10434,2160.0,2160,10.13,10.13,0,8.91,0.0,0.0,0,0,0
10620,1188.0,1188,10.13,10.13,0,8.91,0.0,0.0,0,218,0
11100,2160.0,2160,10.13,10.13,1,10.0,0.53,1144.8,1,329,0
15674,2160.0,2160,10.13,10.13,0,8.91,0.0,0.0,0,0,0
17351,1134.0,2268,10.13,20.27,0,8.91,0.0,0.0,0,133,1
17369,2160.0,2160,10.13,10.13,0,8.91,0.01,21.6,0,263,0
18774,1188.0,1188,5.33,5.33,0,8.91,0.01,11.88,0,21,0
21111,1674.0,3348,16.53,33.07,0,8.91,0.0,0.0,0,7,1
21775,1620.0,1620,9.75,9.75,0,8.91,0.0,0.0,0,4,0
22692,1404.0,2808,9.07,18.13,1,10.0,0.0,0.0,0,24,1
22803,2160.0,2160,5.33,5.33,0,8.91,0.0,0.0,0,62,0
25580,1674.0,3348,7.73,15.47,1,10.0,0.0,0.0,0,176,1
26342,1620.0,1620,5.99,5.99,0,8.91,0.0,0.0,0,0,0
28091,1188.0,1188,10.13,10.13,0,8.91,0.6,712.8,0,5,0
29257,540.0,540,10.13,10.13,1,9.0,0.64,345.6,0,10,0
29777,1620.0,1620,5.33,5.33,0,8.91,0.33,534.6,0,0,0
30292,1404.0,2808,11.39,22.78,0,8.0,0.0,0.0,0,231,1
726,1620.0,1620,10.13,10.13,0,8.91,0.03,48.6,0,47,0
3606,1620.0,1620,10.13,10.13,0,8.91,0.56,907.2,1,51,0
5577,1080.0,1080,10.13,10.13,1,7.0,1.0,1080.0,0,103,0
7147,324.0,324,10.13,10.13,0,8.91,0.0,0.0,0,20,0
7670,2160.0,2160,10.13,10.13,0,8.91,0.2,432.0,0,182,0
8527,1890.0,3780,10.13,20.27,0,8.91,0.0,0.0,0,0,1
10829,1350.0,2700,10.13,20.27,0,8.0,0.0,0.0,0,257,1
11763,2160.0,2160,9.81,9.81,0,8.91,0.0,0.0,0,49,1
12996,1620.0,1620,10.13,10.13,0,8.91,0.17,275.4,0,70,0
19766,1620.0,1620,5.99,5.99,0,8.91,0.29,469.8,0,334,0
20656,1188.0,1188,25.6,25.6,0,8.91,0.0,0.0,0,262,0
20851,1404.0,2808,7.73,15.46,0,8.91,0.0,0.0,0,3,1
21330,1620.0,1620,9.75,9.75,0,10.0,0.0,0.0,0,0,1
21796,1620.0,1620,10.13,10.13,1,3.0,0.82,1328.4,0,0,0
29119,1620.0,1620,10.13,10.13,0,8.91,0.0,0.0,0,0,0
31227,2160.0,2160,10.13,10.13,0,10.0,0.0,0.0,0,33,1
32625,2160.0,2160,10.13,10.13,0,8.91,0.24,518.4,0,108,0
33271,1620.0,1620,10.13,10.13,0,8.91,0.0,0.0,0,25,1
33623,2160.0,2160,10.13,10.13,0,8.91,0.0,0.0,0,0,1
904,2160.0,2160,8.0,8.0,0,8.91,0.27,583.2,0,96,0
1237,1620.0,1620,10.13,10.13,1,10.0,0.58,939.6,0,230,0
7839,2160.0,2160,6.92,6.92,0,8.91,0.0,0.0,0,0,0
9488,2160.0,2160,5.33,5.33,0,8.91,0.0,0.0,0,115,1
10460,2160.0,2160,6.92,6.92,0,8.91,0.06,129.6,0,57,0
11145,1620.0,1620,9.81,9.81,1,9.0,0.51,826.2,0,141,0
13109,1620.0,1620,9.81,9.81,0,8.91,0.02,32.4,0,0,0
13985,648.0,648,10.13,10.13,1,10.0,0.19,123.12,0,5,0
14536,1620.0,1620,9.75,9.75,0,8.91,0.22,356.4,0,111,0
16802,1620.0,1620,10.13,10.13,0,8.91,0.0,0.0,0,0,0
18637,648.0,648,7.85,7.85,0,8.91,0.2,129.6,0,2,0
18668,1620.0,1620,10.13,10.13,0,8.91,0.03,48.6,0,37,0
18715,1152.0,3456,7.85,23.55,0,8.91,0.0,0.0,0,0,1
21571,1620.0,1620,10.13,10.13,1,10.0,0.16,259.2,0,113,0
21681,2160.0,2160,5.33,5.33,0,8.91,0.0,0.0,0,99,0
23544,2160.0,2160,10.13,10.13,0,8.91,0.04,86.4,0,0,0
23873,2160.0,2160,9.81,9.81,0,8.91,0.0,0.0,0,0,0
24722,2160.0,2160,10.13,10.13,1,9.5,0.0,0.0,0,169,1
24878,1080.0,1080,13.15,13.15,0,8.91,0.25,270.0,0,22,0
25363,2160.0,2160,7.99,7.99,0,8.91,0.06,129.6,0,22,0
28625,1620.0,1620,10.13,10.13,0,8.91,0.0,0.0,0,91,1
31806,1080.0,1080,10.13,10.13,0,8.91,0.0,0.0,0,0,0
2899,1620.0,1620,5.33,5.33,0,8.91,0.58,939.6,0,320,0
4531,1620.0,1620,5.33,5.33,0,8.91,0.52,842.4,0,304,0
5587,1188.0,1188,6.09,6.09,0,10.0,0.0,0.0,0,201,1
6219,1620.0,1620,9.81,9.81,1,9.0,0.0,0.0,0,257,1
9791,2160.0,2160,7.99,7.99,1,4.0,0.0,0.0,0,62,0
9827,1620.0,1620,5.99,5.99,0,8.91,0.02,32.4,0,80,0
10491,1188.0,1188,6.92,6.92,0,8.91,0.43,510.84,0,93,0
10757,2160.0,2160,10.13,10.13,0,8.91,0.14,302.4,0,183,0
11185,1188.0,1188,8.0,8.0,0,8.91,0.0,0.0,0,303,0
12112,648.0,648,5.33,5.33,0,8.91,0.0,0.0,0,0,0
12690,648.0,648,5.33,5.33,0,8.91,0.63,408.24,0,230,0
12958,1188.0,1188,5.33,5.33,1,10.0,0.12,142.56,0,261,0
12991,2160.0,2160,5.33,5.33,0,8.91,0.0,0.0,0,244,0
13048,1188.0,1188,8.0,8.0,0,8.91,0.0,0.0,0,40,0
14062,1620.0,1620,10.13,10.13,0,8.91,0.69,1117.8,0,12,0
14247,324.0,324,5.33,5.33,1,10.0,0.0,0.0,0,0,0
14750,1620.0,1620,5.33,5.33,0,8.91,0.04,64.8,0,302,0
15306,1080.0,1080,6.13,6.13,0,8.91,1.0,1080.0,1,31,0
16942,1620.0,1620,8.0,8.0,1,10.0,0.0,0.0,0,44,1
17953,918.0,1836,5.99,11.99,0,8.91,0.0,0.0,0,0,1
18318,2160.0,2160,5.69,5.69,0,10.0,0.0,0.0,0,0,1
18465,1080.0,1080,5.33,5.33,0,8.91,0.0,0.0,0,81,1
19132,324.0,324,10.13,10.13,0,8.91,0.0,0.0,0,0,0
19749,2160.0,2160,5.33,5.33,1,10.0,0.9,1944.0,0,44,0
19803,2160.0,2160,7.99,7.99,0,8.91,0.0,0.0,0,0,0
19905,1620.0,1620,8.0,8.0,0,8.91,0.0,0.0,0,26,0
19999,1620.0,1620,10.13,10.13,0,8.91,0.32,518.4,0,75,0
20098,1620.0,1620,5.33,5.33,1,9.0,0.17,275.4,0,165,0
21865,324.0,324,10.38,10.38,1,9.0,1.0,324.0,0,91,0
23149,2160.0,2160,5.33,5.33,0,8.91,0.0,0.0,0,0,0
23857,1188.0,1188,5.33,5.33,0,8.91,0.0,0.0,0,0,0
24154,2160.0,2160,7.99,7.99,0,8.91,0.01,21.6,0,9,0
24334,1188.0,1188,8.0,8.0,0,8.91,0.0,0.0,0,0,0
25032,1188.0,1188,8.0,8.0,0,8.91,0.01,11.88,0,21,0
26265,1620.0,1620,5.33,5.33,1,10.0,0.46,745.2,0,218,0
26746,1188.0,1188,9.81,9.81,0,8.91,0.06,71.28,0,210,0
27028,2160.0,2160,5.33,5.33,0,8.91,0.03,64.8,0,157,0
27253,648.0,648,5.33,5.33,0,8.91,0.0,0.0,0,156,1
27258,1620.0,1620,5.99,5.99,0,8.91,0.0,0.0,0,11,0
27284,1188.0,1188,8.0,8.0,0,8.91,0.0,0.0,0,0,0
28608,1188.0,1188,8.0,8.0,0,8.91,0.01,11.88,0,0,0
28812,2160.0,2160,8.0,8.0,0,8.91,0.28,604.8,0,288,0
29044,2160.0,2160,5.33,5.33,0,8.91,0.0,0.0,0,0,0
29265,1188.0,1188,5.33,5.33,0,8.91,0.0,0.0,0,0,0
29874,2160.0,2160,7.99,7.99,0,8.91,0.0,0.0,0,190,1
30245,1188.0,1188,5.33,5.33,0,8.91,0.0,0.0,0,0,0
30896,2160.0,2160,4.09,4.09,0,8.91,0.0,0.0,0,0,0
31377,648.0,648,10.13,10.13,0,8.91,0.0,0.0,0,120,0
31394,1188.0,1188,5.33,5.33,0,8.91,0.0,0.0,0,0,0
31422,1080.0,1080,10.13,10.13,0,8.91,0.0,0.0,0,156,0
31999,1188.0,1188,5.33,5.33,0,8.91,0.05,59.4,0,0,0
32342,1188.0,1188,5.33,5.33,0,8.91,0.0,0.0,0,0,0
33239,2160.0,2160,9.75,9.75,1,8.0,0.99,2138.4,0,183,0
33453,1188.0,1188,5.99,5.99,0,8.91,0.0,0.0,0,311,1
545,1620.0,1620,5.33,5.33,0,8.0,0.0,0.0,0,33,1
930,216.0,216,6.92,6.92,0,8.91,0.0,0.0,0,0,0
1042,2160.0,2160,5.33,5.33,0,8.91,0.03,64.8,0,320,0
1422,1188.0,1188,5.99,5.99,1,10.0,0.7,831.6,3,29,0
1629,2160.0,2160,7.99,7.99,0,8.91,0.02,43.2,0,4,0
2258,1080.0,1080,5.33,5.33,1,9.0,0.0,0.0,0,13,1
2264,2160.0,2160,6.13,6.13,1,10.0,0.0,0.0,0,18,1
2542,1890.0,3780,12.53,25.07,0,8.91,0.0,0.0,0,330,1
2980,1188.0,1188,5.33,5.33,0,8.91,0.2,237.6,0,4,0
3049,1188.0,1188,10.13,10.13,0,8.91,0.0,0.0,0,56,0
3836,1188.0,1188,5.33,5.33,0,8.91,0.01,11.88,0,18,0
4130,1188.0,1188,5.99,5.99,0,8.91,0.0,0.0,0,2,0
4256,1188.0,1188,5.33,5.33,0,8.91,0.3,356.4,0,115,0
4647,1188.0,1188,5.33,5.33,0,8.91,0.0,0.0,0,27,0
4705,1188.0,1188,5.33,5.33,1,8.0,0.59,700.92,0,137,0
4893,648.0,648,5.33,5.33,0,8.91,0.19,123.12,0,44,0
4917,1188.0,1188,5.33,5.33,0,8.91,0.01,11.88,0,5,0
5001,1188.0,1188,5.33,5.33,0,8.91,0.0,0.0,0,0,1
5054,1188.0,1188,5.33,5.33,0,8.91,0.11,130.68,0,113,0
5124,1620.0,1620,5.33,5.33,0,8.91,0.0,0.0,0,0,0
6076,1620.0,1620,11.39,11.39,1,8.0,0.4,648.0,0,8,0
6140,1188.0,1188,5.33,5.33,0,8.91,0.1,118.8,0,141,0
6309,1188.0,1188,5.87,5.87,0,8.91,0.2,237.6,0,182,0
6382,2160.0,2160,6.21,6.21,1,9.0,0.67,1447.2,1,311,0
7044,1188.0,1188,10.13,10.13,1,10.0,0.41,487.08,0,10,0
7294,1188.0,1188,5.33,5.33,0,8.91,0.0,0.0,0,0,0
7708,1188.0,1188,6.92,6.92,0,8.0,0.0,0.0,0,0,1
8119,1620.0,1620,5.33,5.33,0,8.91,0.0,0.0,0,0,0
8195,1188.0,1188,5.33,5.33,0,8.91,0.0,0.0,0,173,0
8542,1620.0,1620,5.33,5.33,0,8.91,0.04,64.8,0,41,0
8565,1188.0,1188,6.92,6.92,0,8.91,0.13,154.44,0,4,0
8636,1188.0,1188,5.33,5.33,0,8.91,0.07,83.16,0,3,0
9073,1404.0,2808,7.97,15.94,0,8.91,0.0,0.0,0,40,1
10508,1188.0,1188,5.33,5.33,0,8.91,0.0,0.0,0,0,0
10759,1188.0,1188,5.99,5.99,0,8.91,0.0,0.0,0,0,0
10847,1188.0,1188,5.33,5.33,0,8.91,0.0,0.0,0,0,0
11092,1188.0,1188,5.33,5.33,0,8.91,0.0,0.0,0,0,0
11300,1080.0,1080,11.39,11.39,1,8.0,0.31,334.8,0,175,0
11371,2160.0,2160,5.33,5.33,0,8.91,0.01,21.6,0,305,0
11562,1188.0,1188,5.33,5.33,0,8.91,0.02,23.76,0,0,0
12659,1188.0,1188,5.99,5.99,1,9.0,0.0,0.0,0,0,1
12949,1188.0,1188,5.33,5.33,0,8.91,0.0,0.0,0,147,0
13525,1188.0,1188,5.33,5.33,0,8.91,0.41,487.08,0,20,0
13570,1188.0,1188,5.33,5.33,0,8.91,0.03,35.64,0,70,0
13628,1188.0,1188,9.75,9.75,0,8.91,0.0,0.0,0,4,0
13915,2160.0,2160,6.92,6.92,0,8.91,0.0,0.0,0,0,0
14627,2160.0,2160,5.33,5.33,0,8.91,0.0,0.0,0,0,0
14642,1188.0,1188,5.33,5.33,0,4.0,0.0,0.0,0,255,1
15204,1188.0,1188,5.33,5.33,0,8.91,0.18,213.84,0,56,0
15289,1188.0,1188,5.33,5.33,0,8.91,0.01,11.88,0,0,0
15391,1188.0,1188,10.13,10.13,0,8.91,0.0,0.0,0,2,1
15560,1188.0,1188,5.33,5.33,1,9.0,1.0,1188.0,0,329,0
16039,1188.0,1188,5.33,5.33,1,6.0,0.15,178.2,0,6,0
16537,1188.0,1188,5.33,5.33,0,8.91,0.12,142.56,0,1,0
16687,1188.0,1188,5.33,5.33,0,8.91,0.01,11.88,0,4,0
16779,1188.0,1188,5.33,5.33,0,8.91,0.49,582.12,0,47,0
16978,1404.0,2808,6.67,13.33,0,3.0,0.0,0.0,1,176,1
17658,1620.0,1620,5.33,5.33,0,8.91,0.02,32.4,0,33,0
17806,2160.0,2160,5.33,5.33,0,8.91,0.0,0.0,0,0,0
18231,1188.0,1188,10.13,10.13,1,7.0,0.0,0.0,0,326,1
18292,1404.0,5616,5.33,21.33,0,8.91,0.0,0.0,0,6,1
18431,1620.0,1620,9.75,9.75,0,8.91,0.89,1441.8,1,24,0
18660,1404.0,5616,6.61,26.43,0,8.91,0.0,0.0,0,17,1
18930,1188.0,1188,5.33,5.33,0,8.91,0.01,11.88,0,7,0
19352,1242.0,2484,10.13,20.27,1,9.0,0.0,0.0,0,204,1
19386,1188.0,1188,5.33,5.33,1,9.0,0.7,831.6,0,144,0
19841,2160.0,2160,4.12,4.12,0,8.91,0.39,842.4,0,190,0
19994,1620.0,1620,5.99,5.99,0,8.91,0.0,0.0,0,162,1
20004,2160.0,2160,25.6,25.6,0,8.91,0.0,0.0,0,127,1
20371,1188.0,1188,5.33,5.33,0,8.91,0.18,213.84,0,287,0
20871,1620.0,1620,5.33,5.33,0,8.91,0.0,0.0,0,0,1
20916,1188.0,1188,4.12,4.12,1,10.0,0.9,1069.2,1,307,0
21093,1188.0,1188,10.13,10.13,0,8.91,0.0,0.0,0,0,0
21258,1188.0,1188,5.33,5.33,0,8.91,0.46,546.48,0,278,0
21469,2160.0,2160,5.33,5.33,1,5.0,0.52,1123.2,1,12,0
21717,2160.0,2160,8.0,8.0,1,10.0,0.0,0.0,1,73,1
22226,1620.0,1620,11.39,11.39,1,6.5,0.0,0.0,1,187,1
22277,1188.0,1188,5.33,5.33,0,8.91,0.0,0.0,0,0,0
22572,1188.0,1188,5.33,5.33,0,8.91,0.05,59.4,0,16,0
22844,2160.0,2160,5.33,5.33,0,8.91,0.03,64.8,0,0,0
23475,2160.0,2160,6.92,6.92,0,8.91,0.0,0.0,0,0,0
23549,1188.0,1188,5.33,5.33,1,6.0,0.0,0.0,0,21,0
23624,1188.0,1188,5.33,5.33,0,8.91,0.0,0.0,0,0,0
23798,1188.0,1188,5.99,5.99,0,8.91,0.0,0.0,0,0,0
24045,2160.0,2160,5.33,5.33,0,8.91,0.0,0.0,0,0,0
24137,2160.0,2160,4.62,4.62,0,8.91,0.01,21.6,0,10,0
24535,1188.0,1188,5.33,5.33,0,8.91,0.0,0.0,0,0,0
24651,1656.0,4968,5.33,16.0,0,8.91,0.0,0.0,0,0,1
24719,1188.0,1188,5.33,5.33,0,8.91,0.0,0.0,0,0,0
25010,2160.0,2160,7.99,7.99,0,8.91,0.0,0.0,0,0,1
25116,1620.0,1620,6.92,6.92,0,8.91,0.0,0.0,0,201,1
25307,2160.0,2160,5.33,5.33,0,8.91,0.03,64.8,0,57,0
26098,1188.0,1188,5.87,5.87,0,8.91,0.0,0.0,0,320,1
26359,1188.0,1188,5.87,5.87,0,8.91,0.0,0.0,0,0,0
26384,2160.0,2160,5.33,5.33,0,8.91,0.02,43.2,0,31,0
26684,1188.0,1188,5.33,5.33,0,8.91,0.09,106.92,0,5,0
26802,1188.0,1188,5.33,5.33,0,8.91,0.0,0.0,0,0,1
27031,1188.0,1188,5.99,5.99,0,8.91,0.01,11.88,0,171,0
27394,1620.0,1620,7.99,7.99,0,8.91,0.08,129.6,0,1,0
27897,1620.0,1620,5.33,5.33,0,8.91,0.61,988.2,1,130,0
28161,1188.0,1188,6.09,6.09,0,8.91,0.0,0.0,0,237,1
28502,324.0,324,5.33,5.33,0,8.91,0.0,0.0,0,0,0
28660,1188.0,1188,5.33,5.33,1,8.0,0.53,629.64,1,141,0
28670,2160.0,2160,6.92,6.92,0,8.0,0.0,0.0,0,262,1
28846,1188.0,1188,5.1,5.1,0,8.91,0.02,23.76,0,4,0
29150,1188.0,1188,5.33,5.33,0,8.91,0.0,0.0,0,0,0
29155,1620.0,1620,7.99,7.99,0,8.91,0.0,0.0,0,0,0
29399,1188.0,1188,5.33,5.33,0,8.91,0.07,83.16,0,24,0
29434,1188.0,1188,5.33,5.33,0,8.91,0.0,0.0,0,13,1
29475,2160.0,2160,7.99,7.99,0,8.91,0.0,0.0,0,0,0
29480,1620.0,1620,5.33,5.33,0,2.0,0.0,0.0,0,145,1
29629,1188.0,1188,5.33,5.33,0,8.91,0.16,190.08,0,56,0
29669,1188.0,1188,5.33,5.33,0,8.91,0.0,0.0,0,131,0
29700,1188.0,1188,5.33,5.33,0,8.91,0.06,71.28,0,25,0
29850,2160.0,2160,6.92,6.92,0,8.91,0.0,0.0,0,246,0
30053,1188.0,1188,5.33,5.33,0,8.91,0.0,0.0,0,0,1
30264,2160.0,2160,13.15,13.15,0,8.91,0.25,540.0,0,56,0
30527,1188.0,1188,5.33,5.33,0,8.91,0.0,0.0,0,64,0
30846,2160.0,2160,6.13,6.13,0,8.91,0.02,43.2,0,86,0
30958,1188.0,1188,6.13,6.13,0,8.91,0.27,320.76,0,5,0
30999,1332.0,3996,5.33,16.0,0,8.91,0.0,0.0,0,96,1
31503,2160.0,2160,5.33,5.33,1,8.5,0.0,0.0,0,165,1
32019,1188.0,1188,5.33,5.33,0,8.91,0.0,0.0,0,0,0
32306,1188.0,1188,5.33,5.33,0,8.91,0.08,95.04,0,4,0
32532,1620.0,1620,5.33,5.33,0,8.91,0.39,631.8,0,208,0
32978,1188.0,1188,5.99,5.99,0,8.91,0.02,23.76,0,2,0
33143,540.0,540,10.95,10.95,0,8.91,0.75,405.0,0,292,0
33230,1350.0,2700,5.33,10.67,1,10.0,0.0,0.0,2,298,1
33492,1188.0,1188,4.09,4.09,0,8.91,0.12,142.56,0,84,0
178,1188.0,1188,10.13,10.13,1,10.0,0.0,0.0,0,192,1
547,324.0,324,5.99,5.99,0,8.91,0.0,0.0,0,0,0
552,1188.0,1188,5.33,5.33,0,8.91,0.0,0.0,0,0,0
874,1620.0,1620,5.33,5.33,0,8.91,0.04,64.8,0,68,0
1024,1188.0,1188,4.12,4.12,0,8.91,0.0,0.0,0,158,0
1149,1188.0,1188,6.92,6.92,1,5.0,0.06,71.28,0,2,0
1851,1620.0,1620,6.34,6.34,0,8.91,0.0,0.0,0,0,0
2109,1188.0,1188,5.99,5.99,1,10.0,0.0,0.0,0,320,1
2415,1188.0,1188,5.33,5.33,1,10.0,0.31,368.28,0,186,0
2486,1188.0,1188,5.33,5.33,0,8.91,0.0,0.0,0,221,0
2643,1188.0,1188,5.99,5.99,0,8.91,0.2,237.6,0,9,0
2843,1620.0,1620,5.33,5.33,0,8.91,0.9,1458.0,0,139,0
2871,1620.0,1620,5.33,5.33,0,8.91,0.0,0.0,0,2,0
3186,1620.0,1620,5.33,5.33,0,8.91,0.0,0.0,0,0,0
3798,648.0,648,5.33,5.33,0,8.91,0.17,110.16,0,254,0
4308,1188.0,1188,5.33,5.33,0,8.91,0.0,0.0,0,128,1
4656,2160.0,2160,5.33,5.33,0,8.91,0.13,280.8,0,266,0
4832,1188.0,1188,10.13,10.13,1,10.0,0.62,736.56,1,286,0
4920,1188.0,1188,5.1,5.1,0,8.91,0.1,118.8,0,1,0
5217,216.0,216,5.33,5.33,0,8.91,0.0,0.0,0,0,1
6170,1620.0,1620,8.99,8.99,0,8.91,0.0,0.0,0,8,1
6684,1188.0,1188,8.99,8.99,1,10.0,0.08,95.04,0,23,0
6825,324.0,324,5.33,5.33,1,10.0,0.0,0.0,0,0,0
7784,1188.0,1188,5.33,5.33,0,8.91,0.04,47.52,0,26,0
8136,1188.0,1188,5.33,5.33,0,8.91,0.0,0.0,0,0,0
8164,1188.0,1188,6.92,6.92,0,8.91,0.07,83.16,0,2,0
8489,1188.0,1188,6.92,6.92,0,8.91,0.0,0.0,0,74,0
9028,2160.0,2160,7.99,7.99,0,8.91,0.0,0.0,0,279,1
9151,1188.0,1188,5.33,5.33,0,8.91,0.32,380.16,0,10,0
9616,1188.0,1188,6.92,6.92,0,8.91,0.0,0.0,0,0,0
10602,2160.0,2160,10.13,10.13,0,8.91,0.0,0.0,0,92,0
10798,1188.0,1188,5.33,5.33,1,7.0,0.24,285.12,0,74,0
11041,1188.0,1188,6.92,6.92,0,8.91,0.0,0.0,0,168,0
11108,1620.0,1620,10.13,10.13,0,8.91,0.21,340.2,0,3,0
12250,1188.0,1188,6.92,6.92,0,8.91,0.04,47.52,0,78,0
12424,1188.0,1188,5.33,5.33,0,8.91,0.02,23.76,0,66,0
13147,324.0,324,12.27,12.27,1,10.0,0.0,0.0,0,0,0
13201,1188.0,1188,6.92,6.92,0,8.91,0.0,0.0,0,2,0
13758,1620.0,1620,5.33,5.33,0,8.91,0.25,405.0,0,140,0
13793,1188.0,1188,5.33,5.33,1,10.0,0.19,225.72,0,0,0
14224,864.0,2592,8.71,26.12,0,9.0,0.0,0.0,0,7,1
14467,1188.0,1188,5.33,5.33,0,8.91,0.1,118.8,0,0,0
14926,1188.0,1188,5.33,5.33,0,8.91,0.0,0.0,0,12,0
15415,1620.0,1620,10.13,10.13,0,8.91,0.15,243.0,0,90,0
15418,2160.0,2160,7.99,7.99,0,8.91,0.0,0.0,0,0,1
16530,1188.0,1188,5.33,5.33,0,8.91,0.24,285.12,0,40,0
16780,1620.0,1620,10.13,10.13,0,8.91,0.25,405.0,0,210,0
17092,1188.0,1188,10.13,10.13,0,8.91,0.0,0.0,0,0,0
17335,1188.0,1188,6.09,6.09,0,8.91,0.0,0.0,0,0,0
17783,1188.0,1188,5.99,5.99,1,10.0,0.56,665.28,0,300,0
18206,324.0,324,10.13,10.13,0,8.91,0.0,0.0,0,0,0
19068,2160.0,2160,6.92,6.92,0,8.91,0.02,43.2,0,332,0
19647,1188.0,1188,6.09,6.09,0,8.91,0.0,0.0,0,0,0
19871,1188.0,1188,5.33,5.33,0,8.91,0.0,0.0,0,0,0
19965,1188.0,1188,7.85,7.85,0,8.91,0.0,0.0,0,188,0
20713,1188.0,1188,5.33,5.33,1,10.0,1.0,1188.0,1,141,0
20771,1620.0,1620,5.99,5.99,0,8.91,0.6,972.0,0,216,0
20778,1188.0,1188,5.33,5.33,0,8.91,0.07,83.16,1,247,0
20781,1620.0,1620,10.13,10.13,0,8.91,0.0,0.0,0,0,1
21403,1404.0,2808,7.7,15.41,1,9.0,0.0,0.0,0,167,1
21950,1188.0,1188,5.99,5.99,1,8.0,0.53,629.64,0,80,0
22274,1620.0,1620,10.13,10.13,0,8.91,0.3,486.0,0,47,0
23928,1188.0,1188,5.33,5.33,0,8.91,0.02,23.76,0,258,0
23938,1188.0,1188,5.33,5.33,0,8.91,0.24,285.12,0,21,0
24450,2160.0,2160,7.99,7.99,0,8.91,0.03,64.8,0,1,0
25186,1620.0,1620,5.33,5.33,0,8.91,0.0,0.0,0,330,1
25493,1188.0,1188,5.33,5.33,0,8.91,0.0,0.0,0,0,0
25687,1188.0,1188,5.33,5.33,1,5.0,0.67,795.96,0,172,0
27054,648.0,648,6.92,6.92,1,10.0,0.75,486.0,0,312,0
27404,1188.0,1188,5.33,5.33,0,8.91,0.49,582.12,0,160,0
27422,1188.0,1188,5.33,5.33,0,8.91,1.0,1188.0,0,86,0
27492,1188.0,1188,6.92,6.92,0,8.91,0.03,35.64,0,19,0
28201,1188.0,1188,6.09,6.09,0,8.91,0.0,0.0,0,0,0
28381,1188.0,1188,6.13,6.13,0,8.91,0.0,0.0,0,8,0
29550,1188.0,1188,5.33,5.33,0,8.91,0.0,0.0,0,0,0
29557,324.0,324,5.33,5.33,0,8.91,0.0,0.0,0,0,1
29843,1620.0,1620,5.33,5.33,0,8.91,0.21,340.2,0,106,0
30352,1188.0,1188,5.33,5.33,0,8.91,0.0,0.0,0,0,0
31210,1620.0,1620,5.33,5.33,0,8.91,0.0,0.0,0,0,0
31542,1188.0,1188,5.33,5.33,0,8.91,0.06,71.28,0,59,0
32055,2160.0,2160,5.33,5.33,0,8.91,0.17,367.2,0,194,0
32493,1188.0,1188,5.33,5.33,0,8.91,0.0,0.0,0,0,0
33030,1188.0,1188,5.69,5.69,0,8.91,0.43,510.84,0,15,0
33240,1188.0,1188,5.33,5.33,0,8.91,0.0,0.0,0,160,0
33292,1674.0,3348,5.33,10.67,0,9.0,0.0,0.0,0,296,1
425,2160.0,2160,7.99,7.99,0,8.91,0.0,0.0,0,3,0
824,1620.0,1620,10.13,10.13,0,8.91,0.46,745.2,0,92,0
1166,648.0,648,5.33,5.33,1,7.0,0.78,505.44,0,9,0
1990,1188.0,1188,8.0,8.0,0,8.91,0.0,0.0,0,71,0
2688,1188.0,1188,5.99,5.99,0,8.91,0.53,629.64,0,25,0
8066,1620.0,1620,5.33,5.33,0,8.91,0.0,0.0,0,145,0
8332,1188.0,1188,5.33,5.33,1,10.0,0.73,867.24,0,329,0
8619,2160.0,2160,10.13,10.13,0,8.91,0.0,0.0,0,30,1
9027,1188.0,1188,5.87,5.87,0,8.91,0.01,11.88,0,8,0
9993,2160.0,2160,10.13,10.13,0,10.0,0.0,0.0,0,216,1
10457,2160.0,2160,7.72,7.72,0,8.91,0.0,0.0,0,0,0
10685,1188.0,1188,5.99,5.99,1,5.0,0.37,439.56,0,233,0
11299,1404.0,2808,5.99,11.99,0,8.91,0.0,0.0,0,19,1
11564,1188.0,1188,5.33,5.33,0,8.91,0.12,142.56,0,183,0
11765,2160.0,2160,5.33,5.33,0,8.91,0.0,0.0,0,0,1
11919,1188.0,1188,4.12,4.12,0,8.91,0.04,47.52,0,17,0
12326,1188.0,1188,28.77,28.77,1,9.0,0.0,0.0,0,0,0
12682,1188.0,1188,4.12,4.12,0,8.91,0.0,0.0,0,284,1
12900,1188.0,1188,5.99,5.99,0,8.91,0.75,891.0,1,253,0
13208,648.0,648,5.33,5.33,0,8.91,0.0,0.0,0,0,0
14513,1188.0,1188,5.99,5.99,0,8.91,0.78,926.64,0,201,0
14618,1188.0,1188,5.33,5.33,0,8.91,0.0,0.0,0,0,0
15034,1188.0,1188,5.33,5.33,0,8.91,0.0,0.0,0,0,0
15318,1188.0,1188,10.13,10.13,0,8.91,0.05,59.4,0,0,0
15503,1188.0,1188,5.33,5.33,0,8.91,0.0,0.0,0,0,0
16647,918.0,1836,5.6,11.19,0,8.91,0.0,0.0,0,0,1
18154,1620.0,1620,9.75,9.75,0,8.91,0.22,356.4,0,226,0
18192,1188.0,1188,6.92,6.92,0,8.91,0.17,201.96,0,120,0
19391,2160.0,2160,10.13,10.13,0,8.91,0.0,0.0,0,0,0
20113,1188.0,1188,5.33,5.33,0,9.0,0.0,0.0,0,1,1
21045,1620.0,1620,5.33,5.33,0,8.91,0.02,32.4,0,0,0
23380,1620.0,1620,8.0,8.0,0,8.91,0.04,64.8,0,87,0
23398,1188.0,1188,4.12,4.12,1,10.0,0.47,558.36,0,276,0
23639,1188.0,1188,10.13,10.13,0,8.91,0.06,71.28,0,61,0
25014,2160.0,2160,5.33,5.33,0,8.91,0.0,0.0,0,21,0
26468,648.0,648,50.67,50.67,0,8.91,0.63,408.24,0,124,0
26955,2160.0,2160,5.33,5.33,0,8.91,0.0,0.0,0,1,0
27597,2160.0,2160,7.99,7.99,0,8.91,0.0,0.0,0,0,0
28235,1188.0,1188,6.92,6.92,0,8.91,0.06,71.28,0,317,0
28588,1188.0,1188,6.13,6.13,0,8.91,0.0,0.0,0,117,1
29067,1620.0,1620,5.33,5.33,0,8.91,0.0,0.0,1,190,1
29884,1188.0,1188,5.99,5.99,0,8.91,0.0,0.0,0,10,0
31462,1188.0,1188,5.33,5.33,0,8.91,0.39,463.32,0,3,0
31679,1620.0,1620,10.13,10.13,0,8.91,0.06,97.2,0,50,0
32931,1188.0,1188,4.12,4.12,1,8.0,0.05,59.4,0,22,0
33000,324.0,324,5.33,5.33,0,8.91,0.0,0.0,0,0,0
1643,1404.0,2808,6.92,13.85,0,8.91,0.0,0.0,0,20,1
1679,1188.0,1188,5.33,5.33,1,6.0,0.1,118.8,0,1,0
2187,1224.0,3672,5.33,16.0,0,8.91,0.0,0.0,0,0,1
2277,1188.0,1188,6.13,6.13,1,10.0,0.0,0.0,0,28,1
4204,1620.0,1620,5.33,5.33,0,8.91,0.02,32.4,0,1,0
4224,1188.0,1188,5.33,5.33,1,7.0,0.29,344.52,0,191,0
4352,1080.0,1080,11.39,11.39,1,10.0,0.83,896.4,0,6,0
4843,1620.0,1620,5.33,5.33,0,8.91,0.76,1231.2,0,278,0
4873,2160.0,2160,7.99,7.99,0,8.91,0.0,0.0,0,48,0
4941,1188.0,1188,5.87,5.87,0,8.91,0.07,83.16,0,107,0
5402,1620.0,1620,7.99,7.99,1,10.0,0.99,1603.8,0,78,0
5658,1620.0,1620,5.33,5.33,0,8.91,0.0,0.0,0,0,0
7308,1188.0,1188,5.33,5.33,0,8.91,0.0,0.0,0,0,0
8041,2160.0,2160,7.99,7.99,0,8.91,0.0,0.0,0,0,0
8443,1188.0,1188,5.99,5.99,0,8.91,0.09,106.92,0,1,0
8798,1188.0,1188,6.09,6.09,0,8.91,0.03,35.64,0,113,0
8919,1188.0,1188,8.99,8.99,0,8.91,0.22,261.36,0,7,0
9019,2160.0,2160,10.13,10.13,0,8.91,0.0,0.0,0,0,0
9227,1620.0,1620,10.13,10.13,0,8.91,0.0,0.0,0,0,0
9360,1188.0,1188,13.15,13.15,1,10.0,0.88,1045.44,1,295,0
9386,1620.0,1620,10.38,10.38,0,8.91,0.01,16.2,0,55,0
9700,1188.0,1188,5.33,5.33,0,8.91,0.0,0.0,0,1,0
10131,1674.0,3348,6.92,13.85,0,8.91,0.0,0.0,0,322,1
10329,1188.0,1188,8.0,8.0,0,8.91,0.0,0.0,0,0,0
10848,1080.0,1080,5.99,5.99,0,8.91,0.0,0.0,0,0,0
11448,1188.0,1188,5.33,5.33,0,8.91,0.0,0.0,0,243,1
13050,1620.0,1620,5.33,5.33,1,10.0,0.0,0.0,1,52,1
14403,324.0,324,5.87,5.87,0,8.91,0.0,0.0,0,0,0
14557,1620.0,1620,5.1,5.1,0,8.91,0.0,0.0,0,0,0
14633,324.0,324,8.0,8.0,0,8.91,0.04,12.96,0,1,0
15019,1188.0,1188,10.13,10.13,0,8.91,0.43,510.84,0,129,0
15221,1188.0,1188,5.33,5.33,0,8.91,0.0,0.0,0,179,0
15892,2160.0,2160,8.61,8.61,0,10.0,0.0,0.0,0,209,1
16023,1188.0,1188,5.33,5.33,1,10.0,1.0,1188.0,2,252,0
16149,2160.0,2160,5.33,5.33,0,8.91,0.0,0.0,0,0,0
16588,1620.0,1620,5.33,5.33,0,8.91,0.0,0.0,0,207,0
16884,1188.0,1188,5.33,5.33,0,8.91,0.0,0.0,0,0,0
16958,1188.0,1188,5.33,5.33,0,8.91,0.03,35.64,0,311,0
17157,1188.0,1188,8.0,8.0,0,8.91,0.0,0.0,2,14,1
17416,2160.0,2160,6.92,6.92,0,8.91,0.0,0.0,0,274,0
17573,2160.0,2160,5.99,5.99,0,8.91,0.0,0.0,0,0,0
17746,2160.0,2160,10.13,10.13,0,8.91,0.0,0.0,0,2,0
19600,1620.0,1620,5.33,5.33,0,8.91,0.0,0.0,0,121,1
19718,1188.0,1188,5.99,5.99,0,8.91,0.01,11.88,0,7,0
19832,1188.0,1188,5.33,5.33,0,8.91,0.12,142.56,0,64,0
20067,1188.0,1188,5.33,5.33,0,8.91,0.28,332.64,0,25,0
20318,1620.0,1620,5.69,5.69,0,8.91,0.0,0.0,0,93,0
20353,1242.0,2484,5.33,10.67,0,8.91,0.0,0.0,0,0,1
20566,1188.0,1188,5.33,5.33,0,8.91,0.0,0.0,0,0,1
20671,1188.0,1188,5.33,5.33,0,8.91,0.0,0.0,0,0,0
20733,1188.0,1188,5.33,5.33,0,8.91,0.0,0.0,0,0,0
21077,1188.0,1188,6.92,6.92,0,8.91,0.02,23.76,0,0,0
21240,1188.0,1188,6.92,6.92,0,8.91,0.0,0.0,0,0,1
21302,1620.0,1620,10.13,10.13,0,8.91,0.55,891.0,1,293,0
21539,1188.0,1188,5.33,5.33,0,8.91,0.01,11.88,0,175,0
23110,1188.0,1188,4.09,4.09,0,8.91,0.0,0.0,0,293,0
23143,2160.0,2160,8.0,8.0,1,10.0,0.63,1360.8,0,298,0
23146,1188.0,1188,5.33,5.33,0,8.91,0.0,0.0,0,56,0
23215,1188.0,1188,5.33,5.33,0,8.91,0.0,0.0,0,19,0
23423,2160.0,2160,10.13,10.13,0,8.91,0.0,0.0,0,0,0
23468,1188.0,1188,5.33,5.33,0,8.91,0.0,0.0,0,121,0
23497,1188.0,1188,5.33,5.33,0,8.91,0.06,71.28,0,0,0
23899,1080.0,1080,6.92,6.92,1,8.0,0.85,918.0,0,0,0
24267,1188.0,1188,5.99,5.99,0,8.91,0.0,0.0,0,0,0
24399,2160.0,2160,5.33,5.33,0,8.91,0.99,2138.4,1,140,0
24777,216.0,216,5.33,5.33,1,10.0,0.0,0.0,0,0,0
25209,1188.0,1188,5.33,5.33,0,8.91,0.0,0.0,0,0,0
25434,1188.0,1188,8.0,8.0,0,8.91,0.0,0.0,0,0,0
25503,1620.0,1620,8.61,8.61,0,8.91,0.0,0.0,0,0,0
25534,1188.0,1188,5.33,5.33,0,8.91,0.0,0.0,0,3,0
25579,2160.0,2160,7.99,7.99,0,8.91,0.0,0.0,0,0,1
26116,1890.0,3780,5.33,10.67,0,8.91,0.0,0.0,0,0,1
26178,1188.0,1188,5.33,5.33,0,8.91,0.06,71.28,0,4,0
26681,648.0,648,5.33,5.33,0,8.91,0.5,324.0,0,327,0
26794,1188.0,1188,5.33,5.33,0,8.91,0.0,0.0,0,68,0
27829,2160.0,2160,5.33,5.33,1,8.0,0.23,496.8,0,6,0
28032,1188.0,1188,5.33,5.33,1,10.0,0.16,190.08,0,33,0
28722,1188.0,1188,5.33,5.33,0,8.91,0.02,23.76,0,266,0
28778,1188.0,1188,6.92,6.92,0,8.91,0.0,0.0,0,0,0
29319,648.0,648,5.33,5.33,0,8.91,0.0,0.0,0,0,0
30095,1620.0,1620,5.33,5.33,0,8.91,0.0,0.0,0,0,1
30361,1188.0,1188,5.87,5.87,1,8.0,0.34,403.92,0,147,0
30433,1188.0,1188,6.92,6.92,1,8.0,0.22,261.36,0,27,0
30510,1188.0,1188,5.33,5.33,0,8.91,0.0,0.0,0,92,1
31669,1188.0,1188,5.33,5.33,0,8.91,0.0,0.0,0,0,0
31712,1620.0,1620,5.33,5.33,0,8.91,0.0,0.0,0,0,0
32503,1188.0,1188,5.33,5.33,0,8.91,0.0,0.0,0,31,1
32839,2160.0,2160,5.69,5.69,0,8.91,0.2,432.0,0,234,0
33140,1188.0,1188,8.0,8.0,1,8.0,0.1,118.8,0,5,0
253,1188.0,1188,5.33,5.33,0,8.91,0.0,0.0,0,23,0
359,2160.0,2160,8.0,8.0,0,8.91,0.04,86.4,0,176,0
1090,1620.0,1620,8.99,8.99,1,10.0,0.22,356.4,0,39,0
1176,1188.0,1188,5.33,5.33,0,8.91,0.0,0.0,0,1,1
1398,1188.0,1188,6.09,6.09,0,8.91,0.0,0.0,0,0,0
2354,1620.0,1620,5.99,5.99,0,8.91,0.0,0.0,0,67,0
2669,1890.0,3780,8.0,16.0,0,8.91,0.0,0.0,0,0,1
2710,1188.0,1188,5.33,5.33,0,8.91,0.12,142.56,0,94,0
3250,1188.0,1188,6.92,6.92,1,10.0,0.07,83.16,1,110,0
3725,1188.0,1188,5.33,5.33,0,8.91,0.01,11.88,0,29,0
4504,1188.0,1188,4.12,4.12,0,8.91,0.03,35.64,0,188,0
4597,2160.0,2160,10.13,10.13,0,8.91,0.0,0.0,0,0,0
4630,2160.0,2160,5.33,5.33,0,8.91,0.0,0.0,0,36,0
4690,2160.0,2160,5.33,5.33,0,8.91,0.0,0.0,0,0,0
4721,1188.0,1188,6.92,6.92,1,6.0,0.08,95.04,0,144,0
4728,648.0,648,5.33,5.33,0,8.91,0.45,291.6,0,90,0
5051,1188.0,1188,10.13,10.13,0,8.91,0.0,0.0,0,10,0
5087,2160.0,2160,7.99,7.99,0,8.91,0.0,0.0,0,0,1
5142,2160.0,2160,8.0,8.0,0,8.91,0.0,0.0,0,178,1
5143,1188.0,1188,4.09,4.09,0,8.91,0.0,0.0,0,0,0
5467,1188.0,1188,5.33,5.33,0,8.91,0.0,0.0,0,1,0
6096,1188.0,1188,8.61,8.61,0,8.91,0.1,118.8,0,22,0
6131,1188.0,1188,5.99,5.99,0,8.91,0.02,23.76,0,0,0
6362,2160.0,2160,5.33,5.33,0,8.91,0.05,108.0,0,162,0
6464,1188.0,1188,8.0,8.0,0,8.91,0.0,0.0,0,268,0
6908,1080.0,1080,6.92,6.92,0,8.91,0.08,86.4,0,8,0
6977,1188.0,1188,5.33,5.33,0,8.91,0.82,974.16,0,22,0
7037,1404.0,5616,5.33,21.33,0,8.91,0.0,0.0,0,0,1
7051,1188.0,1188,5.33,5.33,0,8.91,0.31,368.28,0,203,0
7280,2160.0,2160,5.33,5.33,0,8.91,0.06,129.6,0,0,0
7511,1188.0,1188,5.33,5.33,0,8.91,0.0,0.0,0,0,0
7534,324.0,324,10.13,10.13,0,8.91,0.0,0.0,0,0,1
7632,1890.0,3780,9.06,18.13,0,8.91,0.0,0.0,0,202,1
7651,2160.0,2160,5.33,5.33,0,8.91,0.0,0.0,0,0,0
7703,1188.0,1188,5.33,5.33,0,8.91,0.22,261.36,0,69,0
7859,1080.0,1080,7.72,7.72,0,8.91,0.66,712.8,1,100,0
7940,1188.0,1188,8.0,8.0,1,6.0,0.0,0.0,0,0,0
8860,1620.0,1620,5.87,5.87,0,10.0,0.0,0.0,0,1,1
9005,1188.0,4752,7.33,29.33,0,8.91,0.0,0.0,0,210,1
9110,1620.0,1620,5.33,5.33,0,8.91,0.0,0.0,0,191,1
9158,1188.0,1188,6.92,6.92,0,8.91,0.04,47.52,0,256,0
9189,2160.0,2160,6.13,6.13,0,8.91,0.0,0.0,0,0,0
9246,1620.0,1620,5.33,5.33,0,8.91,0.16,259.2,0,26,0
9455,1188.0,1188,5.33,5.33,1,7.0,1.0,1188.0,2,92,0
9762,2160.0,2160,5.33,5.33,0,8.91,0.03,64.8,0,238,0
9773,216.0,216,5.33,5.33,0,8.91,0.0,0.0,0,0,0
10097,2160.0,2160,4.09,4.09,0,8.91,0.0,0.0,0,0,0
10115,1188.0,1188,4.09,4.09,0,8.91,0.0,0.0,0,0,0
10346,1080.0,1080,5.33,5.33,0,8.91,0.0,0.0,0,176,1
11036,2160.0,2160,6.92,6.92,0,8.91,0.0,0.0,0,8,0
11062,1188.0,1188,5.33,5.33,0,8.91,0.0,0.0,0,0,0
11153,1620.0,1620,5.33,5.33,0,8.91,0.0,0.0,0,29,0
11542,1188.0,1188,6.09,6.09,0,8.91,0.0,0.0,0,44,1
11549,1188.0,1188,8.0,8.0,0,8.91,0.72,855.36,0,28,0
11611,1080.0,1080,6.13,6.13,0,8.91,0.0,0.0,0,0,0
11712,1620.0,1620,10.13,10.13,0,8.91,0.9,1458.0,0,28,0
11782,1188.0,1188,5.33,5.33,0,8.91,0.0,0.0,0,0,1
12380,648.0,648,5.33,5.33,0,8.91,0.02,12.96,0,0,0
12569,1188.0,1188,10.13,10.13,0,8.91,0.0,0.0,0,0,0
12709,2160.0,2160,5.87,5.87,0,8.91,0.0,0.0,0,38,0
13437,2160.0,2160,6.92,6.92,0,8.91,0.0,0.0,0,0,0
13500,648.0,648,5.33,5.33,0,7.0,0.0,0.0,0,0,1
13877,1188.0,1188,5.33,5.33,0,8.91,0.0,0.0,0,0,0
13964,1188.0,1188,5.33,5.33,0,8.91,0.0,0.0,0,152,1
14323,1188.0,1188,5.33,5.33,0,8.91,0.0,0.0,0,0,0
14352,2160.0,2160,7.99,7.99,0,8.91,0.0,0.0,0,0,0
14976,540.0,540,10.13,10.13,0,8.91,0.0,0.0,0,0,0
15065,2160.0,2160,5.33,5.33,1,10.0,0.38,820.8,0,5,0
15278,1188.0,1188,5.33,5.33,0,8.91,0.0,0.0,0,0,0
15298,1296.0,3888,5.33,16.0,0,8.91,0.0,0.0,0,284,1
15403,1188.0,1188,5.33,5.33,0,8.91,0.0,0.0,0,173,1
15440,2160.0,2160,6.13,6.13,0,8.91,0.0,0.0,0,236,1
15801,1188.0,1188,5.33,5.33,0,8.91,0.06,71.28,0,13,0
15808,2160.0,2160,10.13,10.13,0,8.91,0.09,194.4,0,10,0
15959,1620.0,1620,8.0,8.0,1,9.0,0.0,0.0,2,305,1
16125,1188.0,1188,8.0,8.0,0,8.91,0.0,0.0,0,1,0
16460,1188.0,1188,5.33,5.33,0,8.91,0.03,35.64,0,2,0
16595,1188.0,1188,10.38,10.38,0,8.91,0.09,106.92,0,17,0
16622,1188.0,1188,5.33,5.33,0,8.91,0.0,0.0,0,0,1
16666,1188.0,1188,5.99,5.99,0,8.91,0.02,23.76,0,329,0
17116,1188.0,1188,5.33,5.33,0,8.91,0.0,0.0,0,2,0
17623,1188.0,1188,6.13,6.13,0,8.91,0.0,0.0,0,0,0
17663,1188.0,1188,6.92,6.92,0,8.91,0.0,0.0,0,296,0
17710,2160.0,2160,5.87,5.87,0,8.91,0.0,0.0,0,0,0
17828,2160.0,2160,5.99,5.99,0,8.91,0.0,0.0,0,0,0
18055,2160.0,2160,5.33,5.33,0,8.91,0.0,0.0,0,0,0
18263,1188.0,1188,8.0,8.0,0,8.91,0.0,0.0,0,0,0
18481,1620.0,1620,6.92,6.92,0,8.91,0.0,0.0,0,0,0
18877,324.0,324,7.72,7.72,0,8.91,0.0,0.0,0,0,0
18971,2160.0,2160,5.33,5.33,1,10.0,0.05,108.0,0,27,0
19088,1188.0,1188,5.33,5.33,0,8.91,0.11,130.68,0,234,0
19136,1188.0,1188,5.33,5.33,0,8.91,0.13,154.44,0,196,0
19361,1080.0,1080,6.09,6.09,0,8.91,0.0,0.0,0,0,0
19541,1188.0,1188,5.33,5.33,0,8.91,0.0,0.0,0,0,0
19607,1188.0,1188,5.33,5.33,0,8.91,0.0,0.0,0,0,0
19768,1188.0,1188,5.33,5.33,0,8.91,0.63,748.44,0,2,0
19931,1188.0,1188,5.33,5.33,0,8.91,0.06,71.28,0,227,0
20051,1620.0,1620,8.0,8.0,0,8.91,0.0,0.0,0,10,0
20162,1188.0,1188,5.33,5.33,1,10.0,0.06,71.28,0,58,0
20196,1188.0,1188,6.09,6.09,1,10.0,0.07,83.16,0,5,0
20249,1620.0,1620,7.77,7.77,0,8.91,0.0,0.0,0,0,1
20346,1188.0,1188,5.33,5.33,0,8.91,0.0,0.0,0,0,0
20378,1188.0,1188,5.33,5.33,0,8.91,0.0,0.0,0,0,1
21160,1188.0,1188,5.33,5.33,0,8.91,0.0,0.0,0,0,0
21275,2160.0,2160,5.33,5.33,0,8.91,0.0,0.0,0,0,0
21711,1188.0,1188,9.5,9.5,0,8.91,0.0,0.0,0,0,0
21728,2160.0,2160,10.13,10.13,1,10.0,0.81,1749.6,0,226,0
22132,1188.0,1188,5.99,5.99,1,10.0,0.95,1128.6,0,206,0
22401,1188.0,1188,8.0,8.0,0,8.91,0.0,0.0,0,0,0
22755,1188.0,1188,5.33,5.33,0,8.91,0.0,0.0,0,0,0
22871,1188.0,1188,5.99,5.99,0,8.91,0.62,736.56,0,125,0
22939,1188.0,1188,5.33,5.33,0,8.91,0.02,23.76,0,42,0
23303,2160.0,2160,5.33,5.33,1,10.0,1.0,2160.0,0,267,0
23314,1188.0,1188,5.33,5.33,0,8.91,0.0,0.0,0,59,0
23732,648.0,648,5.33,5.33,0,8.91,1.0,648.0,0,182,0
24058,1188.0,1188,4.09,4.09,0,8.91,0.0,0.0,0,163,1
24534,1188.0,1188,6.09,6.09,0,8.91,0.0,0.0,0,0,0
24691,1188.0,1188,5.33,5.33,0,8.91,0.0,0.0,0,0,0
24693,1188.0,1188,5.99,5.99,0,8.91,0.24,285.12,0,284,0
24815,2160.0,2160,5.33,5.33,0,8.91,0.0,0.0,0,3,0
25160,1188.0,1188,10.13,10.13,1,7.0,0.01,11.88,0,0,0
25161,1188.0,1188,5.33,5.33,0,8.91,0.0,0.0,0,0,0
25332,1188.0,1188,10.13,10.13,0,8.91,0.0,0.0,0,22,0
25478,324.0,324,5.33,5.33,0,8.91,0.0,0.0,0,37,1
25487,2160.0,2160,5.33,5.33,1,10.0,0.25,540.0,0,240,0
25630,1620.0,1620,4.09,4.09,0,8.91,0.29,469.8,0,18,0
26162,1080.0,1080,5.99,5.99,1,10.0,0.91,982.8,0,157,0
26180,2160.0,2160,5.87,5.87,0,8.91,0.0,0.0,0,1,0
26337,1620.0,1620,5.33,5.33,0,8.91,0.0,0.0,0,176,0
26352,1620.0,1620,5.33,5.33,0,8.91,0.0,0.0,0,67,0
26442,1188.0,1188,5.99,5.99,0,8.91,0.0,0.0,0,27,1
26720,756.0,756,5.33,5.33,0,8.91,0.0,0.0,0,85,1
26753,1188.0,1188,5.33,5.33,0,8.91,0.0,0.0,0,0,0
26997,1188.0,1188,5.33,5.33,0,8.91,0.0,0.0,0,129,0
27003,1188.0,1188,8.0,8.0,0,8.91,0.0,0.0,0,6,1
27373,1620.0,1620,6.92,6.92,0,8.91,0.0,0.0,0,0,0
27382,1620.0,1620,8.0,8.0,0,8.91,0.0,0.0,0,0,0
27437,1188.0,1188,5.33,5.33,1,6.0,0.74,879.12,1,44,0
27454,1188.0,1188,5.33,5.33,1,10.0,0.41,487.08,0,252,0
27754,2160.0,2160,5.33,5.33,0,8.91,0.04,86.4,0,1,0
28007,2160.0,2160,5.33,5.33,0,8.91,0.07,151.2,0,49,0
28466,1188.0,1188,5.33,5.33,0,8.91,0.0,0.0,0,0,1
28479,1188.0,1188,5.33,5.33,0,8.91,0.29,344.52,0,170,0
28501,1620.0,1620,10.13,10.13,0,10.0,0.0,0.0,1,245,1
28724,1620.0,1620,8.0,8.0,0,8.91,0.98,1587.6,0,287,0
29032,1080.0,1080,5.33,5.33,0,8.91,0.0,0.0,0,178,0
29151,648.0,648,7.99,7.99,0,8.91,0.51,330.48,0,12,0
29250,1188.0,1188,6.09,6.09,1,10.0,0.0,0.0,0,59,1
29487,2160.0,2160,8.0,8.0,0,8.91,0.03,64.8,0,110,0
29734,1476.0,4428,8.53,25.6,0,8.91,0.0,0.0,0,0,1
29742,2160.0,2160,7.99,7.99,0,8.91,0.0,0.0,0,0,0
29990,1080.0,1080,8.0,8.0,0,8.91,0.0,0.0,0,0,0
30086,1188.0,1188,33.91,33.91,1,6.0,1.0,1188.0,0,0,0
30922,1134.0,4536,10.13,40.53,0,8.91,0.0,0.0,0,28,1
30952,1188.0,1188,7.77,7.77,0,8.91,0.12,142.56,0,11,0
30971,1188.0,1188,6.13,6.13,1,10.0,0.8,950.4,1,158,0
31406,2160.0,2160,5.99,5.99,0,8.91,0.0,0.0,0,302,0
31440,648.0,648,5.33,5.33,0,8.91,0.0,0.0,0,0,0
31702,2160.0,2160,5.99,5.99,0,8.91,0.0,0.0,0,0,0
31909,1620.0,1620,5.33,5.33,0,8.91,0.0,0.0,0,0,0
32523,2160.0,2160,8.0,8.0,0,8.91,0.0,0.0,0,0,0
32652,1188.0,1188,5.33,5.33,0,8.91,0.0,0.0,0,122,0
33040,1620.0,1620,5.33,5.33,1,10.0,0.28,453.6,0,101,0
33180,1620.0,1620,4.62,4.62,0,8.91,0.0,0.0,0,0,0
33337,1188.0,1188,5.33,5.33,0,8.91,0.16,190.08,0,265,0
461,1188.0,1188,10.13,10.13,0,8.91,0.0,0.0,0,169,0
961,756.0,1512,7.73,15.47,0,8.91,0.0,0.0,0,0,1
1410,1620.0,1620,5.33,5.33,0,8.91,0.0,0.0,0,0,0
2913,2160.0,2160,7.99,7.99,0,8.91,0.0,0.0,0,207,0
4680,1188.0,1188,10.13,10.13,0,8.91,0.0,0.0,0,0,0
4900,1188.0,1188,10.13,10.13,0,8.91,0.0,0.0,0,2,0
4970,1188.0,1188,7.85,7.85,1,10.0,0.3,356.4,0,6,0
5358,1620.0,1620,10.13,10.13,0,8.91,0.0,0.0,0,30,1
5673,2160.0,2160,7.99,7.99,1,9.0,0.24,518.4,0,39,0
5757,216.0,216,10.13,10.13,0,8.91,0.0,0.0,0,0,0
7346,1242.0,2484,10.13,20.27,0,9.0,0.0,0.0,0,181,1
8760,2160.0,2160,7.99,7.99,0,8.91,0.0,0.0,0,0,0
9147,1404.0,2808,15.47,30.93,0,10.0,0.0,0.0,0,0,1
10696,2160.0,2160,7.99,7.99,0,8.91,0.02,43.2,0,8,0
11467,1620.0,1620,10.75,10.75,0,8.91,0.0,0.0,0,0,0
11777,1620.0,1620,5.33,5.33,0,8.91,0.2,324.0,0,25,0
12621,1620.0,1620,15.53,15.53,1,10.0,0.59,955.8,0,291,0
14800,1188.0,1188,10.13,10.13,0,8.91,0.0,0.0,0,80,1
14886,1080.0,1080,6.92,6.92,1,10.0,0.7,756.0,0,136,0
17424,1188.0,1188,6.92,6.92,0,8.91,0.06,71.28,0,259,0
19952,1620.0,1620,11.39,11.39,1,10.0,0.0,0.0,1,62,1
20838,1188.0,1188,5.33,5.33,1,10.0,0.93,1104.84,0,280,0
21295,1620.0,1620,10.13,10.13,0,8.91,0.0,0.0,0,0,0
22581,1188.0,1188,10.13,10.13,0,8.91,0.0,0.0,0,0,0
22797,1188.0,1188,5.33,5.33,1,10.0,0.0,0.0,0,153,1
23095,1890.0,3780,6.66,13.33,0,8.91,0.0,0.0,0,327,1
23874,1620.0,1620,10.13,10.13,0,8.91,0.0,0.0,0,136,1
26262,1620.0,1620,10.13,10.13,1,9.0,0.23,372.6,0,46,0
26739,1188.0,1188,5.33,5.33,0,8.91,0.24,285.12,0,296,0
27041,324.0,324,19.73,19.73,0,8.91,0.83,268.92,0,219,0
28986,1188.0,1188,10.13,10.13,0,8.91,1.0,1188.0,0,21,0
29289,1188.0,1188,11.39,11.39,0,8.91,0.06,71.28,0,205,0
30982,1188.0,1188,10.13,10.13,1,10.0,0.0,0.0,0,9,1
31692,648.0,648,12.27,12.27,0,8.91,0.16,103.68,0,51,0
31796,1188.0,1188,10.13,10.13,0,8.91,0.01,11.88,0,1,0
32015,1188.0,1188,10.13,10.13,0,8.91,0.03,35.64,0,81,0
32707,1188.0,1188,10.13,10.13,0,8.91,0.0,0.0,0,0,0
33530,1620.0,1620,5.1,5.1,0,8.91,0.33,534.6,0,144,0
1390,1188.0,1188,9.56,9.56,1,10.0,0.0,0.0,0,309,1
1846,2160.0,2160,9.56,9.56,0,8.91,0.02,43.2,0,251,0
3993,648.0,648,10.13,10.13,0,8.91,0.0,0.0,0,108,0
6662,2160.0,2160,10.13,10.13,0,8.91,0.18,388.8,0,25,0
6842,2160.0,2160,7.99,7.99,0,8.91,0.0,0.0,0,0,0
8646,2160.0,2160,10.13,10.13,1,10.0,0.35,756.0,0,277,0
9786,2160.0,2160,10.13,10.13,0,8.91,0.09,194.4,0,97,0
13404,504.0,1512,12.7,38.09,0,9.0,0.0,0.0,0,0,1
15881,1188.0,1188,10.13,10.13,0,8.91,0.07,83.16,0,11,0
17459,648.0,648,10.13,10.13,1,10.0,0.6,388.8,0,28,0
18734,1188.0,1188,25.6,25.6,0,8.91,0.0,0.0,0,115,0
19016,2160.0,2160,10.13,10.13,1,10.0,0.44,950.4,0,9,0
19745,1188.0,1188,10.13,10.13,1,8.0,0.27,320.76,1,17,0
20740,1188.0,1188,10.13,10.13,0,8.91,0.0,0.0,0,0,1
20887,1620.0,1620,19.73,19.73,0,8.91,0.0,0.0,0,196,0
21818,1620.0,1620,10.13,10.13,0,8.91,0.04,64.8,0,3,0
22836,1188.0,1188,9.56,9.56,1,10.0,1.0,1188.0,0,6,0
26227,1620.0,1620,79.99,79.99,0,8.91,0.15,243.0,0,296,0
29930,1188.0,1188,5.33,5.33,0,8.91,0.0,0.0,0,0,0
32885,2160.0,2160,7.99,7.99,0,8.91,0.06,129.6,0,246,0
3091,2160.0,2160,10.13,10.13,0,8.91,0.0,0.0,0,0,0
3820,2160.0,2160,10.13,10.13,1,5.0,0.09,194.4,0,6,0
4979,2160.0,2160,10.13,10.13,0,8.91,0.0,0.0,0,61,1
5125,1188.0,1188,10.13,10.13,1,7.0,0.2,237.6,0,110,0
7198,2160.0,2160,7.99,7.99,0,8.91,0.0,0.0,0,1,0
9274,1890.0,3780,5.33,10.67,0,8.91,0.0,0.0,0,145,1
13019,2160.0,2160,12.41,12.41,0,8.91,0.24,518.4,0,46,0
13091,540.0,540,6.13,6.13,0,8.91,0.0,0.0,0,24,1
14139,1620.0,1620,9.8,9.8,0,8.91,0.27,437.4,0,313,0
16152,2160.0,2160,12.41,12.41,0,8.91,0.21,453.6,0,200,0
21002,1188.0,1188,7.8,7.8,1,9.0,0.06,71.28,0,91,0
21451,1620.0,1620,5.33,5.33,1,6.0,0.28,453.6,0,1,0
22473,1188.0,1188,10.13,10.13,0,8.91,0.39,463.32,0,19,0
22552,2160.0,2160,5.33,5.33,0,8.91,0.0,0.0,0,0,0
22950,1620.0,1620,10.13,10.13,1,10.0,0.09,145.8,0,242,0
23465,1620.0,1620,10.13,10.13,0,8.91,0.09,145.8,0,11,0
24368,1188.0,1188,10.13,10.13,1,8.0,0.23,273.24,0,200,0
25187,1674.0,3348,5.76,11.52,0,8.91,0.0,0.0,0,238,1
25488,1620.0,1620,10.13,10.13,1,6.0,0.17,275.4,0,5,0
26682,1620.0,1620,10.13,10.13,0,8.91,0.06,97.2,0,319,0
26725,1080.0,1080,5.33,5.33,0,8.91,0.0,0.0,0,0,0
28354,1188.0,1188,12.41,12.41,0,8.91,0.09,106.92,0,0,0
28787,1620.0,1620,5.33,5.33,0,8.91,0.0,0.0,0,0,0
28895,540.0,540,12.27,12.27,1,8.0,0.46,248.4,0,25,0
30528,1080.0,1080,10.13,10.13,0,8.91,0.0,0.0,0,0,0
31742,1620.0,1620,5.33,5.33,0,8.91,0.02,32.4,0,118,0
32320,1188.0,1188,10.75,10.75,0,8.91,0.0,0.0,0,50,0
33085,1620.0,1620,10.13,10.13,0,8.91,0.0,0.0,0,318,0
623,1188.0,1188,5.97,5.97,0,8.91,0.0,0.0,0,0,0
670,2160.0,2160,7.99,7.99,0,8.91,0.0,0.0,0,0,0
877,648.0,648,10.13,10.13,1,10.0,1.0,648.0,0,6,0
1795,1080.0,1080,80.0,80.0,1,10.0,0.5,540.0,0,1,0
3827,1620.0,1620,10.13,10.13,0,8.91,0.0,0.0,0,238,1
6047,324.0,324,10.13,10.13,1,10.0,0.0,0.0,0,0,1
7162,1620.0,1620,10.13,10.13,0,8.91,0.0,0.0,0,0,1
9886,1620.0,1620,9.8,9.8,1,7.0,0.2,324.0,0,18,0
12536,1368.0,4104,8.53,25.6,1,7.0,0.0,0.0,2,317,1
14108,2160.0,2160,10.13,10.13,0,8.91,0.36,777.6,0,124,0
16203,324.0,324,10.13,10.13,0,8.91,0.97,314.28,0,26,0
17931,2160.0,2160,8.0,8.0,1,10.0,0.0,0.0,0,257,1
18978,1080.0,1080,5.33,5.33,0,8.91,0.0,0.0,0,77,0
20715,2160.0,2160,10.13,10.13,0,8.91,0.33,712.8,0,3,0
22305,1116.0,3348,5.33,16.0,0,8.91,0.0,0.0,3,259,1
25107,2160.0,2160,9.8,9.8,1,4.5,0.0,0.0,0,258,1
27098,1188.0,1188,6.13,6.13,0,8.91,0.0,0.0,0,28,0
27602,1188.0,1188,5.97,5.97,0,8.91,0.01,11.88,0,0,0
28865,1620.0,1620,10.13,10.13,0,8.91,0.22,356.4,0,1,0
29226,2160.0,2160,8.0,8.0,0,8.91,0.0,0.0,0,0,0
30232,1620.0,1620,10.13,10.13,1,10.0,0.61,988.2,0,6,0
30731,1620.0,1620,10.13,10.13,0,8.91,0.17,275.4,0,3,0
32195,1620.0,1620,10.13,10.13,0,8.91,0.05,81.0,0,146,0
33183,1188.0,1188,9.64,9.64,1,8.0,1.0,1188.0,0,6,0
572,1620.0,1620,11.21,11.21,0,8.91,0.02,32.4,0,0,0
2961,2160.0,2160,6.86,6.86,1,10.0,0.96,2073.6,0,321,0
4216,2160.0,2160,7.99,7.99,0,8.91,0.37,799.2,0,125,0
4854,1188.0,1188,10.13,10.13,1,10.0,0.0,0.0,1,168,1
5435,540.0,540,10.13,10.13,0,8.91,0.04,21.6,0,0,0
11500,1620.0,1620,10.75,10.75,0,8.91,0.32,518.4,0,321,0
12020,1620.0,1620,12.41,12.41,0,8.91,0.15,243.0,0,24,0
12157,648.0,648,10.13,10.13,1,10.0,0.0,0.0,0,18,1
12286,2160.0,2160,7.99,7.99,0,8.91,0.0,0.0,0,147,0
15009,2160.0,2160,10.13,10.13,1,7.0,0.14,302.4,0,14,0
15344,2160.0,2160,7.99,7.99,0,8.91,0.0,0.0,0,0,0
16049,1620.0,1620,10.13,10.13,1,10.0,0.89,1441.8,0,307,0
16306,2160.0,2160,7.99,7.99,0,8.91,0.16,345.6,0,11,0
19013,1620.0,1620,10.13,10.13,0,8.91,0.02,32.4,0,210,0
21141,2160.0,2160,7.99,7.99,0,8.91,0.0,0.0,0,10,0
22976,2160.0,2160,5.33,5.33,1,8.0,0.51,1101.6,4,217,0
23808,540.0,540,7.57,7.57,0,8.91,0.31,167.4,0,2,0
24125,2160.0,2160,7.99,7.99,0,8.91,0.0,0.0,0,0,0
25126,648.0,648,10.13,10.13,0,8.91,0.0,0.0,0,2,1
29969,2160.0,2160,7.99,7.99,0,8.91,0.01,21.6,0,56,0
32413,2160.0,2160,10.13,10.13,0,8.91,0.1,216.0,0,48,0
32744,1188.0,1188,10.13,10.13,0,8.91,0.31,368.28,0,220,0
1059,2160.0,2160,7.99,7.99,0,8.91,0.0,0.0,0,125,1
1673,648.0,648,10.13,10.13,0,8.91,0.28,181.44,0,68,0
1779,1620.0,1620,9.8,9.8,0,8.91,0.07,113.4,0,143,0
2658,1188.0,1188,6.53,6.53,0,8.91,0.36,427.68,0,157,0
2879,2160.0,2160,8.0,8.0,0,8.91,0.0,0.0,0,0,0
5782,1674.0,3348,6.66,13.33,0,8.91,0.0,0.0,0,133,1
9766,1080.0,1080,10.13,10.13,0,8.91,0.16,172.8,0,0,0
11016,2160.0,2160,10.13,10.13,0,8.91,0.0,0.0,0,297,0
13355,2160.0,2160,6.13,6.13,0,8.91,0.0,0.0,0,0,0
13526,1620.0,1620,10.13,10.13,0,8.91,0.02,32.4,0,8,0
13675,1080.0,1080,8.0,8.0,0,8.91,0.62,669.6,1,21,0
14094,1188.0,1188,12.41,12.41,0,8.91,0.0,0.0,0,0,0
14672,2160.0,2160,10.13,10.13,1,9.0,0.16,345.6,0,0,0
16367,2160.0,2160,7.99,7.99,0,8.91,0.0,0.0,0,0,0
17124,2160.0,2160,8.0,8.0,0,8.91,0.0,0.0,0,0,1
18235,2160.0,2160,7.99,7.99,0,8.91,0.0,0.0,0,41,0
23118,2160.0,2160,7.99,7.99,0,8.91,0.0,0.0,0,0,1
24585,1620.0,1620,10.13,10.13,0,8.91,0.0,0.0,0,310,1
25188,2160.0,2160,10.13,10.13,0,8.91,0.14,302.4,0,10,0
27693,2160.0,2160,7.99,7.99,0,8.91,0.0,0.0,0,290,0
28640,2160.0,2160,10.13,10.13,0,8.91,0.0,0.0,0,0,1
29419,2160.0,2160,8.0,8.0,0,8.91,0.03,64.8,0,0,0
29857,2160.0,2160,10.13,10.13,1,10.0,0.34,734.4,0,208,0
30069,1620.0,1620,8.0,8.0,0,8.91,0.02,32.4,0,35,0
31640,2160.0,2160,5.33,5.33,0,8.91,0.08,172.8,0,5,0
32178,1620.0,1620,8.0,8.0,0,8.91,0.0,0.0,0,0,0
32309,324.0,324,10.13,10.13,0,8.91,0.0,0.0,0,0,0
2636,1620.0,1620,5.33,5.33,0,8.91,0.02,32.4,0,3,0
4217,2160.0,2160,8.0,8.0,0,8.91,0.0,0.0,0,113,0
5107,1620.0,1620,8.85,8.85,0,8.91,0.02,32.4,0,62,0
5120,1188.0,1188,11.21,11.21,1,9.0,1.0,1188.0,0,266,0
5417,1620.0,1620,9.8,9.8,0,8.91,0.08,129.6,0,106,0
6072,1080.0,1080,8.0,8.0,0,8.91,0.0,0.0,0,0,0
6249,1188.0,1188,26.13,26.13,1,10.0,1.0,1188.0,1,255,0
6869,2160.0,2160,12.41,12.41,0,8.91,0.03,64.8,0,228,0
7457,1620.0,1620,10.13,10.13,0,8.91,0.04,64.8,0,0,0
7579,1188.0,1188,5.33,5.33,1,7.0,0.5,594.0,0,183,0
8971,1620.0,1620,10.13,10.13,0,8.91,0.49,793.8,0,304,0
9136,648.0,648,8.0,8.0,0,8.91,0.12,77.76,0,0,0
10022,1188.0,1188,10.13,10.13,0,8.91,0.5,594.0,0,297,0
13644,324.0,324,10.13,10.13,0,8.91,0.0,0.0,0,0,1
13932,2160.0,2160,7.99,7.99,0,8.91,0.0,0.0,0,0,1
15044,1674.0,3348,8.0,16.0,0,8.91,0.0,0.0,0,1,1
15518,1188.0,1188,10.13,10.13,0,8.91,0.0,0.0,0,0,0
17501,2160.0,2160,7.99,7.99,0,8.91,0.0,0.0,0,0,0
18476,1620.0,1620,5.97,5.97,0,8.91,0.0,0.0,0,0,1
20205,2160.0,2160,9.56,9.56,0,8.91,0.0,0.0,0,0,0
22312,1080.0,1080,8.0,8.0,0,8.91,0.24,259.2,0,285,0
23311,1620.0,1620,10.13,10.13,1,8.0,0.78,1263.6,1,190,0
23816,648.0,648,8.0,8.0,0,8.91,0.48,311.04,0,68,0
24065,1188.0,1188,23.62,23.62,1,10.0,0.42,498.96,0,115,0
27478,1188.0,1188,10.13,10.13,0,8.91,0.0,0.0,0,0,0
28695,1188.0,1188,7.76,7.76,0,8.91,0.0,0.0,0,134,1
30025,2160.0,2160,7.99,7.99,0,8.91,0.0,0.0,0,283,1
30441,1620.0,1620,8.0,8.0,0,8.91,0.21,340.2,0,183,0
31531,2160.0,2160,10.13,10.13,0,8.91,0.0,0.0,0,165,1
60,1080.0,1080,10.61,10.61,0,8.91,0.22,237.6,0,285,0
3066,2160.0,2160,8.0,8.0,0,8.91,0.0,0.0,0,100,0
3562,1620.0,1620,9.8,9.8,0,8.91,0.75,1215.0,1,86,0
4415,2160.0,2160,7.99,7.99,0,8.91,0.03,64.8,0,208,0
5194,1188.0,1188,23.62,23.62,1,9.0,1.0,1188.0,1,89,0
6984,1620.0,1620,10.13,10.13,1,8.0,0.35,567.0,0,111,0
8014,2160.0,2160,7.99,7.99,0,8.91,0.0,0.0,0,6,0
9229,324.0,324,5.33,5.33,0,8.91,0.0,0.0,0,0,0
10046,2160.0,2160,7.93,7.93,0,8.91,0.03,64.8,0,152,0
11781,2160.0,2160,5.9,5.9,0,8.91,0.4,864.0,0,226,0
16323,2160.0,2160,7.99,7.99,0,8.91,0.0,0.0,0,10,1
22634,648.0,648,10.13,10.13,0,8.91,0.0,0.0,0,0,0
23083,2160.0,2160,7.99,7.99,0,8.91,0.0,0.0,0,0,0
24382,2160.0,2160,7.99,7.99,0,8.91,0.0,0.0,0,0,0
27855,2160.0,2160,10.13,10.13,0,8.91,0.04,86.4,0,125,0
30172,1188.0,1188,6.53,6.53,0,8.91,0.6,712.8,0,304,0
32106,1188.0,1188,7.93,7.93,0,8.91,0.06,71.28,0,72,0
32545,1620.0,1620,10.13,10.13,0,8.91,0.53,858.6,0,31,0
33674,1620.0,1620,10.13,10.13,1,10.0,0.59,955.8,0,101,0
803,1188.0,1188,5.33,5.33,0,8.91,0.0,0.0,0,86,0
4245,2160.0,2160,7.99,7.99,0,8.91,0.0,0.0,0,64,1
4779,2160.0,2160,7.99,7.99,0,8.91,0.03,64.8,0,0,0
4938,1188.0,1188,10.13,10.13,0,8.91,0.06,71.28,0,302,0
5130,2160.0,2160,7.99,7.99,0,8.91,0.0,0.0,0,0,0
6083,1188.0,1188,5.9,5.9,0,8.91,0.0,0.0,0,0,0
7808,2160.0,2160,6.13,6.13,0,8.91,0.0,0.0,0,0,0
7881,1188.0,1188,5.33,5.33,0,8.91,0.0,0.0,0,0,0
7990,1188.0,1188,11.21,11.21,0,8.91,0.0,0.0,0,7,0
10701,648.0,648,10.13,10.13,0,8.91,1.0,648.0,0,89,0
10931,2160.0,2160,7.99,7.99,0,8.91,0.0,0.0,0,0,0
11216,1134.0,2268,10.13,20.27,0,8.91,0.0,0.0,0,0,1
11622,1188.0,1188,5.33,5.33,0,8.91,0.01,11.88,0,6,0
12123,2160.0,2160,5.33,5.33,0,8.91,0.0,0.0,0,147,0
18177,2160.0,2160,10.13,10.13,0,8.91,0.15,324.0,0,104,0
18680,2160.0,2160,7.99,7.99,1,8.0,0.25,540.0,0,46,0
19839,2160.0,2160,11.21,11.21,1,8.0,0.31,669.6,0,69,0
20344,1620.0,1620,10.13,10.13,0,8.91,0.0,0.0,0,105,0
21971,1080.0,1080,10.13,10.13,0,8.91,0.62,669.6,0,15,0
22204,1620.0,1620,10.13,10.13,1,10.0,0.9,1458.0,0,0,0
22250,2160.0,2160,7.99,7.99,0,8.91,0.0,0.0,0,136,0
24167,1674.0,3348,5.33,10.67,0,8.91,0.0,0.0,0,0,1
25485,2160.0,2160,7.99,7.99,0,8.91,0.0,0.0,0,14,0
26892,1188.0,1188,10.61,10.61,0,8.91,0.0,0.0,0,0,0
29041,1188.0,1188,5.33,5.33,0,8.91,0.12,142.56,0,124,0
29845,1890.0,3780,12.41,24.81,0,8.91,0.0,0.0,0,0,1
31255,1620.0,1620,5.33,5.33,1,7.0,0.09,145.8,0,0,0
32487,2160.0,2160,10.13,10.13,0,8.91,0.0,0.0,0,71,1
33288,1188.0,1188,5.33,5.33,0,8.91,0.0,0.0,0,0,0
21,1188.0,1188,5.33,5.33,0,8.91,0.0,0.0,0,8,0
232,2160.0,2160,5.33,5.33,0,8.91,0.01,21.6,0,253,0
564,1620.0,1620,5.33,5.33,0,8.91,0.24,388.8,0,8,0
612,2160.0,2160,5.33,5.33,0,8.91,0.0,0.0,0,0,0
2165,2160.0,2160,7.99,7.99,0,8.91,0.0,0.0,0,28,0
2795,2160.0,2160,9.56,9.56,0,8.91,0.0,0.0,0,41,0
3026,1188.0,1188,5.33,5.33,0,8.91,0.0,0.0,0,0,0
3162,1620.0,4860,5.33,16.0,0,10.0,0.0,0.0,0,0,1
3367,1620.0,1620,5.33,5.33,0,8.91,0.0,0.0,0,152,1
3760,1620.0,1620,10.13,10.13,0,8.91,0.09,145.8,0,22,0
4922,1620.0,1620,5.33,5.33,0,8.91,0.0,0.0,0,82,0
6688,2160.0,2160,7.99,7.99,0,8.91,0.07,151.2,0,91,0
7551,1620.0,1620,10.13,10.13,0,8.91,0.0,0.0,0,47,1
7978,1620.0,1620,5.33,5.33,0,8.91,0.0,0.0,0,0,0
8729,1080.0,1080,5.97,5.97,0,8.91,0.0,0.0,0,0,0
9396,1674.0,3348,6.67,13.33,0,8.91,0.0,0.0,0,0,1
9779,1188.0,1188,5.33,5.33,0,8.91,0.0,0.0,0,0,0
10997,2160.0,2160,7.99,7.99,0,8.91,0.15,324.0,0,134,0
11498,1620.0,1620,5.33,5.33,0,8.91,0.0,0.0,0,49,0
11527,2160.0,2160,5.33,5.33,0,8.91,0.0,0.0,0,0,0
14142,216.0,216,5.33,5.33,0,8.91,0.0,0.0,0,0,0
14452,1188.0,1188,5.33,5.33,0,8.91,0.0,0.0,0,0,0
15824,2160.0,2160,5.33,5.33,0,8.91,0.0,0.0,0,0,1
16072,2160.0,2160,5.33,5.33,0,8.91,0.14,302.4,0,298,0
16311,2160.0,2160,7.99,7.99,0,8.91,0.01,21.6,0,237,0
16326,1620.0,1620,10.13,10.13,1,10.0,0.12,194.4,0,243,0
17284,1188.0,1188,5.33,5.33,0,8.91,0.2,237.6,0,14,0
17567,2160.0,2160,12.41,12.41,1,6.0,0.37,799.2,0,22,0
17875,1188.0,1188,5.33,5.33,0,8.91,0.0,0.0,0,214,1
18303,1620.0,1620,5.33,5.33,0,8.91,0.0,0.0,0,153,0
19333,1404.0,2808,6.67,13.33,0,8.91,0.0,0.0,0,5,1
20048,2160.0,2160,7.99,7.99,0,8.91,0.03,64.8,0,216,0
20115,1620.0,1620,5.33,5.33,0,8.91,0.0,0.0,0,249,0
21007,2160.0,2160,5.33,5.33,0,8.91,0.0,0.0,0,0,0
21715,2160.0,2160,5.07,5.07,0,8.91,0.0,0.0,0,1,0
21820,2160.0,2160,5.33,5.33,0,8.91,0.07,151.2,0,51,0
22899,1188.0,1188,10.13,10.13,0,8.91,0.1,118.8,0,308,0
22911,1620.0,1620,21.82,21.82,0,8.91,0.19,307.8,0,5,0
23940,1188.0,1188,5.33,5.33,0,8.91,0.0,0.0,0,0,0
24809,1188.0,1188,9.8,9.8,0,8.91,0.5,594.0,0,208,0
25288,2160.0,2160,5.33,5.33,0,8.91,0.0,0.0,0,0,0
25505,1080.0,1080,10.13,10.13,0,8.91,0.24,259.2,0,7,0
25880,1188.0,1188,5.33,5.33,0,8.91,0.12,142.56,1,110,0
26183,648.0,648,5.9,5.9,0,8.91,0.21,136.08,0,187,0
26558,2160.0,2160,6.53,6.53,0,8.91,0.0,0.0,0,27,1
27170,2160.0,2160,5.33,5.33,0,8.91,0.0,0.0,0,173,0
27642,1080.0,1080,10.13,10.13,0,8.91,0.0,0.0,0,0,1
27937,648.0,648,5.33,5.33,0,10.0,0.0,0.0,0,0,1
28089,1188.0,1188,9.8,9.8,1,9.0,0.12,142.56,0,272,0
28609,1080.0,1080,5.33,5.33,1,10.0,0.62,669.6,1,27,0
28861,2160.0,2160,7.99,7.99,0,8.91,0.0,0.0,0,1,1
29622,2160.0,2160,7.99,7.99,0,8.91,0.0,0.0,0,0,0
29730,1620.0,1620,5.33,5.33,1,10.0,0.0,0.0,0,188,1
29880,1188.0,1188,8.69,8.69,0,8.0,0.0,0.0,2,207,1
29909,1890.0,3780,5.33,10.67,0,8.91,0.0,0.0,0,140,1
30385,1188.0,1188,7.93,7.93,0,8.91,0.0,0.0,0,54,0
31671,1188.0,1188,5.33,5.33,0,8.91,0.05,59.4,0,122,0
31689,1188.0,1188,5.33,5.33,0,8.91,0.0,0.0,0,0,0
31795,2160.0,2160,4.13,4.13,0,8.91,0.61,1317.6,0,315,0
32007,1890.0,3780,6.66,13.32,0,8.91,0.0,0.0,0,0,1
33396,2160.0,2160,5.33,5.33,0,8.91,0.16,345.6,0,130,0
127,2160.0,2160,6.53,6.53,1,10.0,0.26,561.6,0,199,0
1222,1188.0,1188,10.13,10.13,1,9.0,0.4,475.2,0,246,0
2038,1188.0,1188,9.56,9.56,0,8.91,0.0,0.0,0,0,0
2233,270.0,540,5.33,10.67,0,8.91,0.0,0.0,0,0,1
2278,2160.0,2160,5.33,5.33,0,8.91,0.0,0.0,0,0,0
2695,2160.0,2160,6.53,6.53,0,8.91,0.0,0.0,0,313,0
3053,1188.0,1188,5.33,5.33,0,8.91,0.0,0.0,0,0,0
3401,2160.0,2160,7.99,7.99,0,8.91,0.0,0.0,0,0,0
3722,2160.0,2160,5.33,5.33,0,8.91,0.0,0.0,0,280,1
4145,1620.0,1620,10.13,10.13,0,8.91,0.0,0.0,0,0,0
5269,1080.0,1080,5.9,5.9,0,8.91,0.0,0.0,0,54,0
5335,1890.0,3780,6.64,13.28,1,10.0,0.0,0.0,1,139,1
5696,1620.0,1620,5.33,5.33,0,8.91,0.0,0.0,0,0,0
6296,1620.0,1620,19.73,19.73,1,6.0,0.25,405.0,0,3,0
6668,1620.0,1620,5.33,5.33,1,10.0,0.43,696.6,0,1,0
7576,1620.0,1620,10.13,10.13,0,8.91,0.27,437.4,0,47,0
7611,1620.0,1620,5.33,5.33,0,8.91,0.0,0.0,0,0,0
7794,2160.0,2160,11.21,11.21,0,8.91,0.0,0.0,0,0,0
8635,2160.0,2160,5.33,5.33,0,8.91,0.0,0.0,0,4,0
8746,2160.0,2160,10.13,10.13,0,8.91,0.29,626.4,0,180,0
10165,2160.0,2160,6.53,6.53,1,10.0,0.22,475.2,0,2,0
10680,1620.0,1620,5.33,5.33,0,8.91,0.6,972.0,0,146,0
10708,2160.0,2160,5.33,5.33,0,8.91,0.0,0.0,0,0,0
11304,1188.0,1188,5.33,5.33,1,10.0,0.04,47.52,0,18,0
11399,2160.0,2160,5.33,5.33,0,8.91,0.02,43.2,0,261,0
11432,2160.0,2160,11.78,11.78,0,8.91,0.08,172.8,0,222,0
12371,1188.0,1188,6.13,6.13,0,8.91,0.0,0.0,0,231,0
13022,540.0,540,5.33,5.33,0,8.91,0.0,0.0,0,0,0
15006,1188.0,1188,6.13,6.13,0,8.91,0.0,0.0,0,49,1
15136,1620.0,1620,5.9,5.9,0,8.91,0.0,0.0,0,233,0
15159,1188.0,1188,5.33,5.33,0,8.91,0.0,0.0,0,0,1
15421,1620.0,1620,5.33,5.33,0,8.91,0.3,486.0,0,1,0
15661,2160.0,2160,7.99,7.99,0,8.91,0.19,410.4,0,201,0
16372,2160.0,2160,7.99,7.99,0,8.91,0.0,0.0,0,8,0
17414,1080.0,1080,5.33,5.33,0,8.91,0.37,399.6,0,20,0
17670,324.0,324,5.9,5.9,1,9.5,0.0,0.0,0,0,1
17696,1188.0,1188,6.53,6.53,0,8.91,0.0,0.0,0,165,1
19092,1188.0,1188,5.33,5.33,0,8.91,0.0,0.0,0,0,0
19584,1620.0,1620,6.53,6.53,1,9.0,0.61,988.2,0,38,0
20041,1188.0,1188,5.33,5.33,0,8.91,0.0,0.0,0,0,0
20878,2160.0,2160,7.99,7.99,0,8.91,0.0,0.0,0,193,1
21471,756.0,756,5.33,5.33,0,8.91,0.0,0.0,0,111,0
21642,1080.0,1080,5.59,5.59,0,8.91,0.0,0.0,0,194,0
21675,2160.0,2160,5.9,5.9,0,8.91,0.0,0.0,0,0,1
22990,1620.0,1620,5.33,5.33,0,8.91,0.0,0.0,0,29,0
23853,1620.0,1620,6.13,6.13,0,8.91,0.0,0.0,0,0,0
24083,1188.0,1188,4.13,4.13,0,8.91,0.0,0.0,0,0,0
24688,1188.0,1188,10.13,10.13,0,8.91,0.07,83.16,0,5,0
25135,1188.0,1188,5.33,5.33,0,8.91,0.11,130.68,0,23,0
25322,2160.0,2160,4.18,4.18,0,8.91,0.0,0.0,0,0,0
25757,2160.0,2160,6.13,6.13,0,8.91,0.0,0.0,0,134,0
26637,2160.0,2160,7.99,7.99,1,10.0,0.4,864.0,0,241,0
26826,2160.0,2160,7.99,7.99,0,8.91,0.0,0.0,0,0,0
26940,2160.0,2160,10.13,10.13,0,8.91,0.0,0.0,0,30,0
27154,1188.0,1188,25.6,25.6,0,8.91,0.0,0.0,0,133,1
29011,1620.0,1620,5.9,5.9,0,8.91,0.0,0.0,0,0,0
29937,2160.0,2160,10.75,10.75,0,8.91,0.03,64.8,0,0,0
31061,1620.0,1620,5.33,5.33,0,8.91,0.27,437.4,0,104,0
31762,1188.0,1188,4.18,4.18,0,8.91,0.0,0.0,0,0,0
33452,540.0,540,5.33,5.33,0,8.91,0.62,334.8,0,40,0
648,1188.0,1188,5.33,5.33,0,8.91,0.12,142.56,0,39,0
1305,918.0,1836,8.85,17.7,0,8.91,0.0,0.0,0,315,1
1885,1188.0,1188,5.33,5.33,0,8.91,0.0,0.0,0,0,0
2461,1080.0,1080,5.33,5.33,0,8.91,0.0,0.0,0,0,1
2917,2160.0,2160,5.33,5.33,0,8.91,0.0,0.0,0,0,0
3960,1620.0,1620,12.41,12.41,0,8.91,0.35,567.0,0,173,0
4417,1674.0,3348,10.13,20.27,0,8.91,0.0,0.0,0,188,1
5888,1620.0,1620,5.33,5.33,0,8.91,0.1,162.0,0,9,0
5991,324.0,324,10.75,10.75,0,8.91,0.95,307.8,0,1,0
6890,648.0,648,5.33,5.33,0,8.91,0.0,0.0,0,34,0
8075,1620.0,1620,5.9,5.9,0,8.91,0.3,486.0,0,224,0
8291,2160.0,2160,8.0,8.0,0,8.91,0.0,0.0,0,0,0
11444,1188.0,1188,5.33,5.33,0,8.91,0.0,0.0,0,0,0
12360,2160.0,2160,5.33,5.33,1,8.0,0.07,151.2,0,4,0
13586,1058.4,5292,6.08,30.38,1,10.0,0.0,0.0,0,107,1
13871,1188.0,1188,9.56,9.56,0,8.91,0.0,0.0,0,0,0
16077,2160.0,2160,9.8,9.8,0,8.91,0.1,216.0,0,2,0
17210,1620.0,1620,5.9,5.9,0,8.91,0.25,405.0,0,199,0
17880,1188.0,1188,5.33,5.33,0,8.91,0.08,95.04,0,1,0
18740,1188.0,1188,9.8,9.8,0,8.91,0.11,130.68,0,53,0
21216,2160.0,2160,7.99,7.99,0,8.91,0.0,0.0,0,53,0
22565,2160.0,2160,7.99,7.99,0,8.91,0.0,0.0,0,0,0
24648,1188.0,1188,5.33,5.33,0,8.91,0.0,0.0,0,0,0
26734,2160.0,2160,10.13,10.13,0,8.91,0.09,194.4,0,9,0
26887,1620.0,1620,10.13,10.13,0,8.91,0.0,0.0,0,0,0
29061,2160.0,2160,7.99,7.99,0,8.91,0.0,0.0,0,0,0
29710,2160.0,2160,10.13,10.13,0,8.91,0.0,0.0,0,20,1
32592,2160.0,2160,7.99,7.99,0,8.91,0.0,0.0,0,1,0
280,1188.0,1188,10.13,10.13,0,8.91,0.0,0.0,1,113,1
1535,2160.0,2160,10.13,10.13,0,8.91,0.33,712.8,0,104,0
1817,1188.0,1188,12.41,12.41,0,8.91,0.0,0.0,0,66,0
2697,2160.0,2160,11.21,11.21,0,8.91,0.0,0.0,0,122,0
2936,2160.0,2160,5.33,5.33,0,8.91,0.0,0.0,0,0,1
3758,324.0,324,10.13,10.13,1,8.0,0.0,0.0,0,0,0
4758,1188.0,1188,5.33,5.33,0,8.91,0.0,0.0,0,0,0
5339,1620.0,1620,5.97,5.97,0,8.91,0.0,0.0,0,0,0
5365,1620.0,1620,10.13,10.13,0,8.91,0.28,453.6,0,55,0
5604,1080.0,1080,9.56,9.56,0,8.91,0.0,0.0,0,19,0
6361,2160.0,2160,10.13,10.13,0,8.91,0.44,950.4,0,66,0
9324,1620.0,1620,10.13,10.13,0,8.91,0.22,356.4,0,44,0
12397,1620.0,1620,10.13,10.13,0,8.91,0.0,0.0,0,238,1
15132,2160.0,2160,7.99,7.99,1,10.0,0.16,345.6,0,54,0
17058,2160.0,2160,7.99,7.99,1,8.0,0.08,172.8,0,169,0
17208,1620.0,1620,11.21,11.21,0,8.91,0.1,162.0,0,121,0
17868,2160.0,2160,12.41,12.41,0,8.91,0.0,0.0,0,0,0
20558,2160.0,2160,10.13,10.13,0,8.91,0.0,0.0,0,27,1
21014,1188.0,1188,12.41,12.41,0,8.91,0.03,35.64,0,0,0
22026,2160.0,2160,7.99,7.99,0,8.91,0.0,0.0,0,0,1
25218,1188.0,1188,26.13,26.13,0,8.91,0.13,154.44,0,277,0
30135,1188.0,1188,5.33,5.33,0,8.91,0.0,0.0,0,31,0
32648,1620.0,1620,88.47,88.47,0,8.91,0.34,550.8,0,10,0
288,2160.0,2160,5.33,5.33,0,8.91,0.0,0.0,0,0,0
357,1080.0,1080,5.33,5.33,0,8.91,0.0,0.0,0,185,0
445,1620.0,1620,5.33,5.33,1,10.0,0.07,113.4,0,1,0
455,2160.0,2160,5.33,5.33,0,8.91,0.0,0.0,0,284,0
704,1080.0,1080,6.53,6.53,0,8.91,0.0,0.0,0,0,0
1177,1188.0,1188,5.33,5.33,1,9.0,0.78,926.64,0,313,0
1450,1188.0,1188,5.33,5.33,0,8.91,0.0,0.0,0,73,0
1503,2160.0,2160,5.33,5.33,0,8.91,0.0,0.0,0,0,0
1640,540.0,540,5.33,5.33,0,8.91,0.0,0.0,0,159,0
1810,1620.0,1620,5.33,5.33,0,8.91,0.0,0.0,2,211,1
1849,1188.0,1188,5.33,5.33,0,8.91,0.0,0.0,0,0,0
1979,2160.0,2160,5.33,5.33,0,8.91,0.0,0.0,0,0,1
2092,918.0,1836,6.67,13.33,0,8.91,0.0,0.0,0,226,1
2444,1620.0,1620,5.33,5.33,0,8.91,0.09,145.8,0,309,0
2922,2160.0,2160,5.33,5.33,0,8.91,0.0,0.0,0,181,0
3600,2160.0,2160,5.33,5.33,0,8.91,0.0,0.0,0,0,0
4071,2160.0,2160,5.33,5.33,0,8.91,0.22,475.2,0,24,0
4613,2160.0,2160,5.33,5.33,0,8.91,0.0,0.0,0,0,0
4725,2160.0,2160,5.33,5.33,0,8.91,0.43,928.8,0,290,0
4781,1620.0,1620,5.33,5.33,0,8.91,0.0,0.0,0,0,0
4903,2160.0,2160,5.33,5.33,1,8.0,0.0,0.0,0,0,0
5127,648.0,648,4.13,4.13,0,8.91,0.0,0.0,0,0,0
5199,216.0,216,5.33,5.33,1,10.0,0.0,0.0,0,0,0
5266,1620.0,1620,5.97,5.97,1,10.0,0.65,1053.0,0,191,0
5489,1620.0,1620,5.33,5.33,0,8.91,0.04,64.8,0,294,0
5872,2160.0,2160,5.76,5.76,0,8.91,0.03,64.8,0,236,0
5896,648.0,648,5.33,5.33,0,8.91,0.0,0.0,0,0,0
5915,1620.0,1620,6.13,6.13,0,8.91,0.0,0.0,0,0,1
6210,2160.0,2160,5.33,5.33,0,8.91,0.0,0.0,0,0,0
6329,1080.0,1080,5.33,5.33,0,8.91,0.0,0.0,0,0,0
6478,1080.0,1080,5.33,5.33,0,8.91,1.0,1080.0,0,138,0
6565,1620.0,1620,6.53,6.53,0,8.91,0.0,0.0,0,0,0
6682,2160.0,2160,6.13,6.13,0,8.91,0.04,86.4,0,93,0
7302,1134.0,2268,4.58,9.15,0,8.91,0.0,0.0,0,0,1
7532,2160.0,2160,5.33,5.33,0,8.91,0.03,64.8,0,0,0
7846,2160.0,2160,5.33,5.33,0,8.91,0.0,0.0,0,0,0
8128,1080.0,1080,6.53,6.53,0,8.91,0.16,172.8,0,3,0
8757,1188.0,1188,5.33,5.33,0,8.91,0.0,0.0,0,0,0
8781,1620.0,1620,5.33,5.33,1,8.0,0.13,210.6,0,12,0
8985,1188.0,1188,5.33,5.33,0,8.91,0.0,0.0,0,0,0
9425,1620.0,1620,5.33,5.33,0,8.91,0.15,243.0,0,233,0
9606,1188.0,1188,5.33,5.33,0,8.91,0.0,0.0,0,0,0
9648,1620.0,1620,6.53,6.53,0,8.91,0.06,97.2,1,20,0
9813,648.0,648,5.33,5.33,0,8.91,0.45,291.6,0,24,0
9843,1620.0,1620,4.13,4.13,0,8.91,0.0,0.0,0,0,0
9896,2160.0,2160,5.33,5.33,0,8.91,0.0,0.0,0,279,1
10204,2160.0,2160,5.33,5.33,0,8.91,0.06,129.6,0,241,0
10330,1134.0,2268,6.67,13.33,0,10.0,0.0,0.0,0,4,1
10427,1188.0,1188,5.33,5.33,0,8.91,0.0,0.0,0,0,0
11061,1080.0,1080,5.97,5.97,1,8.0,0.0,0.0,0,167,1
11221,1620.0,1620,5.33,5.33,0,8.91,0.0,0.0,0,0,0
12038,1188.0,1188,5.33,5.33,1,10.0,0.32,380.16,0,279,0
12316,1620.0,1620,5.33,5.33,0,8.91,0.0,0.0,0,4,0
12376,1188.0,1188,5.9,5.9,1,5.0,0.37,439.56,0,18,0
12576,324.0,324,5.33,5.33,0,8.91,0.0,0.0,0,0,1
12580,1188.0,1188,5.33,5.33,1,10.0,0.91,1081.08,1,141,0
12779,2160.0,2160,5.9,5.9,0,8.91,0.02,43.2,0,9,0
13046,1620.0,1620,5.33,5.33,0,8.91,0.02,32.4,0,108,0
13047,2160.0,2160,5.33,5.33,1,9.0,0.07,151.2,0,255,0
13160,2160.0,2160,5.33,5.33,1,10.0,0.06,129.6,0,38,0
13236,1188.0,1188,5.9,5.9,1,10.0,0.44,522.72,0,95,0
13317,1080.0,1080,5.33,5.33,0,8.91,0.7,756.0,0,36,0
13679,1080.0,1080,5.33,5.33,0,8.91,0.22,237.6,0,233,0
13856,2160.0,2160,5.33,5.33,0,8.91,0.12,259.2,0,66,0
13912,1620.0,1620,5.33,5.33,1,10.0,0.18,291.6,0,312,0
14010,2160.0,2160,5.33,5.33,0,8.91,0.0,0.0,0,2,0
14033,1080.0,1080,5.33,5.33,0,8.91,0.0,0.0,0,291,0
14152,1188.0,1188,4.13,4.13,1,10.0,0.12,142.56,0,2,0
14372,1188.0,1188,4.18,4.18,0,8.91,0.11,130.68,0,95,0
14510,2160.0,2160,5.33,5.33,0,8.91,0.0,0.0,0,0,0
14639,1620.0,1620,5.33,5.33,0,8.91,0.0,0.0,0,1,0
14782,1080.0,1080,5.33,5.33,0,8.91,0.0,0.0,0,51,0
14856,756.0,1512,7.73,15.47,0,8.91,0.0,0.0,0,0,1
15265,2160.0,2160,7.99,7.99,0,8.91,0.0,0.0,0,105,0
15380,2160.0,2160,9.56,9.56,0,8.91,0.0,0.0,0,12,0
15585,1620.0,1620,5.33,5.33,1,10.0,0.1,162.0,0,247,0
15954,1188.0,1188,5.33,5.33,0,8.91,0.21,249.48,0,1,0
16008,2160.0,2160,5.33,5.33,0,8.91,0.0,0.0,0,78,0
16168,2160.0,2160,5.97,5.97,0,8.91,0.0,0.0,0,1,0
16516,1674.0,3348,5.33,10.67,0,8.0,0.0,0.0,0,0,1
16534,2160.0,2160,7.99,7.99,0,8.91,0.0,0.0,0,0,1
16572,324.0,324,5.33,5.33,1,1.0,0.0,0.0,0,0,0
16575,216.0,216,5.33,5.33,0,8.91,0.0,0.0,0,0,0
16728,2160.0,2160,5.33,5.33,0,8.91,0.02,43.2,0,0,0
16954,2160.0,2160,5.33,5.33,0,8.91,0.0,0.0,0,0,0
17137,324.0,324,4.58,4.58,0,8.91,0.0,0.0,0,0,0
17262,1620.0,1620,5.33,5.33,1,10.0,0.79,1279.8,0,9,0
17305,1620.0,1620,5.33,5.33,1,10.0,0.72,1166.4,0,9,0
17319,2160.0,2160,5.9,5.9,0,8.91,0.0,0.0,0,46,0
17347,1188.0,1188,5.33,5.33,1,10.0,0.24,285.12,0,61,0
17678,2160.0,2160,5.33,5.33,0,8.91,0.0,0.0,0,0,0
17817,648.0,648,5.97,5.97,0,8.91,0.0,0.0,0,0,0
18313,1620.0,1620,5.76,5.76,0,8.91,0.0,0.0,0,0,0
18382,1620.0,1620,5.33,5.33,0,8.91,0.0,0.0,0,29,0
18474,1080.0,1080,5.33,5.33,0,8.91,0.22,237.6,0,2,0
18489,1188.0,1188,5.97,5.97,0,8.91,0.01,11.88,0,13,0
19047,1188.0,1188,5.33,5.33,0,8.91,0.24,285.12,0,68,0
19069,2160.0,2160,5.33,5.33,0,8.91,0.0,0.0,0,0,0
19849,1620.0,1620,5.76,5.76,0,8.91,0.0,0.0,0,0,0
20031,2160.0,2160,5.33,5.33,0,8.91,0.0,0.0,0,0,0
20136,2160.0,2160,5.33,5.33,0,8.91,0.0,0.0,0,0,0
20220,1620.0,1620,5.9,5.9,0,8.91,0.02,32.4,0,290,0
20311,1620.0,1620,5.33,5.33,1,10.0,0.48,777.6,0,307,0
20418,2160.0,2160,5.33,5.33,0,8.91,0.73,1576.8,0,217,0
20920,2160.0,2160,5.9,5.9,0,8.91,0.03,64.8,0,191,0
21200,1188.0,1188,5.33,5.33,1,7.0,0.12,142.56,0,41,0
21229,2160.0,2160,5.33,5.33,0,8.91,0.01,21.6,0,253,0
21360,2160.0,2160,5.33,5.33,0,8.91,0.0,0.0,0,241,0
21392,648.0,648,5.33,5.33,0,8.91,0.0,0.0,0,0,0
21799,2160.0,2160,5.33,5.33,0,8.91,0.03,64.8,0,275,0
21892,2160.0,2160,5.33,5.33,0,8.91,0.04,86.4,0,267,0
21989,2160.0,2160,5.33,5.33,0,8.91,0.0,0.0,0,0,0
22404,1188.0,1188,5.33,5.33,0,8.91,0.0,0.0,0,0,0
22656,1620.0,1620,5.33,5.33,0,8.91,0.0,0.0,0,0,0
22749,1620.0,1620,5.33,5.33,0,8.91,0.0,0.0,0,0,0
22763,1620.0,1620,5.33,5.33,0,8.91,0.0,0.0,0,0,0
22938,2160.0,2160,5.33,5.33,0,8.91,0.13,280.8,0,297,0
23181,1620.0,1620,5.33,5.33,1,4.0,0.27,437.4,0,148,0
23223,2160.0,2160,5.9,5.9,1,10.0,0.14,302.4,0,9,0
23761,648.0,648,5.33,5.33,0,8.91,0.43,278.64,0,119,0
23803,1080.0,1080,5.33,5.33,0,8.91,0.74,799.2,0,82,0
23914,1188.0,1188,5.33,5.33,0,8.91,0.0,0.0,0,87,0
24095,2160.0,2160,5.33,5.33,0,8.91,0.14,302.4,0,184,0
24353,2160.0,2160,5.9,5.9,1,8.0,0.09,194.4,0,10,0
24414,1620.0,1620,5.33,5.33,0,8.91,0.18,291.6,0,8,0
24512,648.0,648,5.33,5.33,0,8.91,0.0,0.0,0,0,1
24638,1188.0,1188,5.33,5.33,0,8.91,0.12,142.56,0,100,0
25790,1620.0,1620,6.13,6.13,0,8.91,0.37,599.4,0,26,0
26007,648.0,648,5.33,5.33,0,8.91,0.0,0.0,0,0,0
26279,2160.0,2160,5.33,5.33,0,8.91,0.0,0.0,0,0,0
26469,540.0,540,5.33,5.33,0,8.91,0.0,0.0,0,0,1
26534,1188.0,1188,5.33,5.33,0,8.91,0.0,0.0,0,232,0
26549,1080.0,1080,5.33,5.33,0,8.91,0.0,0.0,0,0,0
26556,1620.0,1620,5.33,5.33,0,8.91,0.03,48.6,0,13,0
26703,1188.0,1188,5.33,5.33,0,8.91,0.29,344.52,0,78,0
26722,1188.0,1188,5.33,5.33,0,8.91,0.0,0.0,0,0,0
27124,1188.0,1188,5.33,5.33,0,8.91,0.07,83.16,0,0,0
27306,1188.0,1188,5.33,5.33,0,8.91,0.0,0.0,0,0,0
27319,486.0,972,6.13,12.26,0,8.91,0.0,0.0,0,0,1
27399,1620.0,1620,5.33,5.33,0,8.91,0.1,162.0,0,282,0
28166,1080.0,1080,5.33,5.33,0,8.91,0.2,216.0,0,20,0
28405,1620.0,1620,5.33,5.33,0,8.91,0.0,0.0,0,56,0
28538,2160.0,2160,5.97,5.97,0,8.91,0.21,453.6,0,7,0
28794,2160.0,2160,5.33,5.33,0,8.91,0.0,0.0,0,36,0
28809,1188.0,1188,5.33,5.33,0,8.91,0.32,380.16,0,15,0
28917,2160.0,2160,5.33,5.33,0,8.91,0.0,0.0,0,0,0
29385,648.0,648,5.33,5.33,0,8.91,0.0,0.0,0,0,0
29473,1188.0,1188,5.33,5.33,1,8.0,0.21,249.48,0,133,0
29488,1188.0,1188,5.33,5.33,0,8.91,0.06,71.28,0,74,0
29709,2160.0,2160,5.33,5.33,0,8.91,0.0,0.0,0,35,1
29716,1620.0,1620,5.33,5.33,0,8.91,0.0,0.0,0,0,0
30166,2160.0,2160,5.33,5.33,0,8.91,0.0,0.0,0,0,0
30226,1188.0,1188,5.33,5.33,0,8.91,0.0,0.0,0,0,0
30344,648.0,648,5.33,5.33,0,8.91,0.0,0.0,0,96,1
30698,1620.0,1620,5.33,5.33,0,8.91,0.0,0.0,0,0,0
30835,1188.0,1188,4.58,4.58,0,8.91,0.0,0.0,0,1,0
30983,1188.0,1188,5.33,5.33,0,8.91,0.0,0.0,0,123,0
31359,2160.0,2160,5.33,5.33,0,8.91,0.35,756.0,0,117,0
31598,1620.0,1620,5.33,5.33,0,8.91,0.43,696.6,0,139,0
31976,1188.0,1188,5.33,5.33,0,8.91,0.0,0.0,0,0,0
32087,2160.0,2160,5.33,5.33,0,8.91,0.09,194.4,0,22,0
32141,1620.0,1620,5.33,5.33,1,10.0,0.0,0.0,2,40,1
32312,1476.0,4428,6.76,20.27,0,8.91,0.0,0.0,0,45,1
32401,1620.0,1620,5.33,5.33,0,8.91,0.01,16.2,0,0,0
32829,1188.0,1188,5.76,5.76,0,8.91,0.0,0.0,0,0,0
32942,2160.0,2160,5.33,5.33,0,8.91,0.0,0.0,0,267,0
33037,324.0,324,5.33,5.33,0,8.91,0.0,0.0,0,0,0
33194,1188.0,1188,5.76,5.76,0,8.91,0.0,0.0,0,0,0
33346,1188.0,1188,5.76,5.76,0,8.91,0.0,0.0,0,0,0
33501,1620.0,1620,6.14,6.14,0,8.91,0.0,0.0,0,0,0
33678,2160.0,2160,5.33,5.33,0,8.91,0.0,0.0,0,0,0
118,540.0,540,5.33,5.33,0,8.91,0.0,0.0,0,46,1
196,2160.0,2160,5.33,5.33,0,8.91,0.0,0.0,0,102,0
441,1080.0,1080,5.59,5.59,0,8.91,0.06,64.8,0,8,0
553,1620.0,1620,5.33,5.33,0,8.91,0.0,0.0,0,23,0
693,2160.0,2160,5.33,5.33,0,8.91,0.01,21.6,0,2,0
716,2160.0,2160,5.33,5.33,0,8.91,0.0,0.0,0,0,0
721,1188.0,1188,5.33,5.33,0,8.91,0.0,0.0,0,0,0
919,1404.0,2808,5.33,10.67,0,8.91,0.0,0.0,0,0,1
973,2160.0,2160,4.18,4.18,0,8.91,0.02,43.2,0,0,0
989,2160.0,2160,4.18,4.18,0,8.91,0.0,0.0,0,3,0
1027,1188.0,1188,5.33,5.33,0,8.91,1.0,1188.0,2,75,0
1546,1188.0,1188,5.33,5.33,1,10.0,0.41,487.08,0,48,0
1662,1188.0,1188,5.33,5.33,0,8.91,0.03,35.64,0,0,0
1751,2160.0,2160,5.07,5.07,0,8.91,0.0,0.0,0,220,0
1801,2160.0,2160,5.9,5.9,0,8.91,0.04,86.4,0,105,0
1804,1188.0,1188,5.33,5.33,0,8.91,0.0,0.0,0,60,1
1809,1188.0,1188,5.9,5.9,0,8.91,0.0,0.0,0,2,0
1860,1620.0,1620,4.58,4.58,0,8.91,0.0,0.0,0,8,0
1963,1620.0,3240,5.61,11.23,0,8.91,0.0,0.0,0,0,1
2077,1620.0,1620,5.33,5.33,0,8.91,0.0,0.0,0,0,0
2110,1620.0,1620,5.9,5.9,1,7.0,0.0,0.0,0,88,1
2149,1188.0,1188,5.33,5.33,0,8.91,0.0,0.0,0,4,0
2196,1188.0,1188,5.33,5.33,0,8.91,0.25,297.0,0,7,0
2200,648.0,648,6.53,6.53,0,8.91,0.0,0.0,0,308,0
2290,1620.0,1620,5.33,5.33,0,8.91,0.0,0.0,0,0,0
2373,1188.0,1188,5.07,5.07,0,8.91,0.0,0.0,0,0,0
2389,648.0,648,5.33,5.33,1,8.0,0.21,136.08,0,5,0
2624,1188.0,1188,5.33,5.33,1,8.0,1.0,1188.0,0,58,0
2638,1620.0,1620,5.33,5.33,0,8.91,0.12,194.4,0,51,0
2682,1404.0,2808,5.9,11.8,0,8.91,0.0,0.0,0,0,1
2815,1188.0,1188,6.13,6.13,0,8.91,0.02,23.76,0,284,0
2864,1260.0,3780,5.33,15.98,0,8.91,0.0,0.0,0,200,1
2895,1620.0,1620,5.9,5.9,0,8.91,0.0,0.0,0,0,0
3038,1674.0,3348,6.39,12.79,1,10.0,0.0,0.0,1,154,1
3059,1620.0,1620,5.33,5.33,0,8.91,0.0,0.0,0,3,0
3190,1188.0,1188,5.33,5.33,0,8.91,0.0,0.0,0,311,0
3254,2160.0,2160,5.33,5.33,1,10.0,0.1,216.0,0,100,0
3269,1188.0,1188,5.33,5.33,1,10.0,0.08,95.04,0,0,0
3365,1188.0,1188,5.33,5.33,0,8.91,0.0,0.0,0,0,0
3407,1620.0,1620,5.33,5.33,0,8.91,0.09,145.8,0,229,0
3514,1620.0,1620,5.76,5.76,0,8.91,0.0,0.0,0,0,0
3523,2160.0,2160,5.33,5.33,0,8.91,0.0,0.0,0,0,0
3537,2160.0,2160,5.33,5.33,0,8.91,0.0,0.0,0,0,0
3547,1620.0,1620,6.53,6.53,0,8.91,0.0,0.0,0,63,0
3629,2160.0,2160,5.33,5.33,0,8.91,0.56,1209.6,0,57,0
3806,1620.0,1620,5.9,5.9,0,8.91,0.0,0.0,0,167,0
3892,2160.0,2160,5.33,5.33,0,8.91,0.0,0.0,0,214,0
4041,216.0,216,5.9,5.9,1,10.0,0.0,0.0,0,0,0
4087,2160.0,2160,5.33,5.33,0,8.91,0.0,0.0,0,10,0
4154,1890.0,3780,5.33,10.67,0,8.91,0.0,0.0,0,0,1
4264,1350.0,2700,5.9,11.8,0,8.91,0.0,0.0,0,0,1
4266,1080.0,1080,5.33,5.33,1,8.0,0.7,756.0,0,105,0
4796,1188.0,1188,5.9,5.9,0,8.91,0.0,0.0,0,72,0
4884,648.0,648,5.33,5.33,0,8.91,0.0,0.0,0,6,0
4974,324.0,324,4.13,4.13,0,8.91,0.0,0.0,0,0,0
5066,1620.0,1620,5.33,5.33,0,8.91,0.0,0.0,0,0,0
5106,2160.0,2160,5.33,5.33,0,8.91,0.0,0.0,0,0,0
5131,2160.0,2160,4.13,4.13,0,9.0,0.0,0.0,0,295,1
5244,2160.0,2160,5.33,5.33,0,8.91,0.03,64.8,0,234,0
5279,1620.0,1620,5.33,5.33,0,8.91,0.18,291.6,0,296,0
5316,1188.0,1188,5.33,5.33,0,8.91,0.0,0.0,0,2,0
5362,1620.0,1620,5.9,5.9,0,8.91,0.08,129.6,0,103,0
5415,1188.0,1188,5.33,5.33,0,8.91,0.12,142.56,0,3,0
5420,1188.0,1188,5.33,5.33,0,8.91,0.0,0.0,0,0,1
5460,1620.0,1620,5.33,5.33,0,8.91,0.0,0.0,0,42,0
5471,1620.0,1620,5.33,5.33,0,8.91,0.0,0.0,0,0,0
5486,648.0,648,5.33,5.33,0,8.91,0.0,0.0,0,0,0
5519,1620.0,1620,5.07,5.07,0,8.91,0.05,81.0,0,11,0
5542,2160.0,2160,5.07,5.07,0,8.91,0.0,0.0,0,60,0
5569,2160.0,2160,6.53,6.53,0,8.91,0.0,0.0,0,0,0
5590,648.0,648,5.33,5.33,0,8.91,0.17,110.16,0,0,0
5615,1080.0,1080,5.33,5.33,0,4.0,0.0,0.0,0,0,1
5691,648.0,648,5.97,5.97,1,10.0,0.72,466.56,0,156,0
5695,2160.0,2160,10.13,10.13,0,8.91,0.06,129.6,0,277,0
5824,1620.0,1620,5.07,5.07,0,8.91,0.0,0.0,0,223,0
5917,1134.0,2268,5.33,10.67,0,8.91,0.0,0.0,0,0,1
5942,1620.0,1620,5.33,5.33,0,8.91,0.7,1134.0,0,220,0
6114,1080.0,1080,5.97,5.97,0,8.91,0.0,0.0,0,22,0
6192,1620.0,1620,6.53,6.53,1,10.0,0.48,777.6,0,117,0
6460,1188.0,1188,5.33,5.33,1,9.0,1.0,1188.0,0,56,0
6462,2160.0,2160,5.33,5.33,0,8.91,0.0,0.0,0,0,0
6483,2160.0,2160,5.33,5.33,0,8.91,0.0,0.0,0,0,0
6566,1188.0,1188,5.33,5.33,0,8.91,0.18,213.84,0,55,0
6617,1620.0,1620,5.97,5.97,0,8.91,0.0,0.0,0,5,0
6618,1620.0,1620,5.33,5.33,0,8.91,0.0,0.0,0,0,0
6661,810.0,3240,5.33,21.33,0,8.91,0.0,0.0,0,0,1
7254,2160.0,2160,5.33,5.33,0,8.91,0.0,0.0,0,0,0
7373,1620.0,1620,5.9,5.9,0,8.91,0.0,0.0,0,0,0
7416,2160.0,2160,5.33,5.33,1,10.0,0.0,0.0,1,301,1
7590,1620.0,1620,5.33,5.33,0,8.91,0.0,0.0,0,0,0
7599,2160.0,2160,5.07,5.07,0,8.91,0.0,0.0,0,0,0
7697,1620.0,1620,5.33,5.33,0,8.91,0.01,16.2,0,77,0
7729,1188.0,1188,5.33,5.33,0,8.91,0.0,0.0,0,0,0
7781,1620.0,1620,5.33,5.33,0,8.91,0.08,129.6,0,36,0
7816,2160.0,2160,5.33,5.33,0,8.91,0.03,64.8,0,53,0
7921,2160.0,2160,5.33,5.33,0,8.91,0.02,43.2,0,38,0
7965,2160.0,2160,5.33,5.33,0,8.91,0.1,216.0,0,172,0
8030,1080.0,1080,5.33,5.33,0,8.91,0.0,0.0,0,0,0
8054,1404.0,2808,5.33,10.67,0,8.91,0.0,0.0,0,0,1
8084,918.0,1836,5.33,10.67,0,8.91,0.0,0.0,0,0,1
8187,2160.0,2160,5.33,5.33,0,8.91,0.0,0.0,0,0,0
8307,2160.0,2160,4.13,4.13,1,10.0,0.94,2030.4,5,201,0
8420,1188.0,1188,5.33,5.33,0,8.91,0.15,178.2,0,5,0
8521,2160.0,2160,5.76,5.76,0,8.91,0.0,0.0,0,1,0
8525,2160.0,2160,5.33,5.33,0,8.91,0.0,0.0,0,0,0
8578,1080.0,1080,5.9,5.9,0,8.91,0.08,86.4,0,1,0
8628,1620.0,1620,5.33,5.33,0,8.91,0.0,0.0,0,71,0
8888,2160.0,2160,4.18,4.18,0,8.91,0.35,756.0,0,306,0
8997,1188.0,1188,5.33,5.33,1,10.0,0.69,819.72,0,311,0
9077,1620.0,1620,5.9,5.9,0,8.91,0.0,0.0,0,0,1
9088,648.0,648,5.9,5.9,0,8.91,0.0,0.0,0,0,0
9113,1620.0,1620,5.33,5.33,0,8.91,0.22,356.4,0,10,0
9123,2160.0,2160,5.33,5.33,0,8.91,0.1,216.0,0,152,0
9199,1188.0,1188,5.9,5.9,0,8.91,0.0,0.0,0,124,0
9243,1620.0,1620,5.33,5.33,0,8.91,0.0,0.0,0,31,0
9314,2160.0,2160,5.76,5.76,0,8.91,0.0,0.0,0,21,0
9443,2160.0,2160,5.33,5.33,0,8.91,0.01,21.6,0,0,0
9555,1188.0,1188,5.33,5.33,0,8.91,0.0,0.0,0,0,0
9558,1620.0,1620,5.33,5.33,0,8.91,0.39,631.8,0,273,0
9624,2160.0,2160,5.33,5.33,0,8.0,0.0,0.0,0,127,1
9695,2160.0,2160,5.33,5.33,0,8.91,0.13,280.8,0,1,0
10031,1620.0,1620,5.33,5.33,0,8.91,0.0,0.0,0,127,0
10116,1188.0,1188,4.13,4.13,1,10.0,0.08,95.04,0,2,0
10242,1188.0,1188,5.33,5.33,0,10.0,0.0,0.0,0,120,1
10245,1188.0,1188,5.33,5.33,0,8.91,0.0,0.0,0,0,0
10326,1620.0,1620,5.33,5.33,0,8.91,0.0,0.0,0,6,0
10444,1620.0,1620,5.9,5.9,0,8.91,0.0,0.0,0,1,0
10494,1620.0,1620,5.33,5.33,0,8.91,0.0,0.0,0,8,0
10579,1080.0,1080,5.33,5.33,0,8.91,0.0,0.0,0,0,0
10746,1620.0,1620,5.9,5.9,0,8.91,0.0,0.0,0,309,0
10756,1188.0,1188,6.53,6.53,1,8.0,0.34,403.92,0,106,0
10824,2160.0,2160,5.9,5.9,0,8.91,0.03,64.8,0,181,0
11207,1188.0,1188,5.33,5.33,0,8.91,0.94,1116.72,0,183,0
11261,1620.0,1620,4.13,4.13,0,8.91,0.0,0.0,0,126,1
11351,2160.0,2160,5.33,5.33,0,8.91,0.0,0.0,0,216,0
11541,1188.0,1188,5.9,5.9,0,8.91,0.0,0.0,0,216,0
11707,1080.0,1080,5.33,5.33,0,8.91,0.39,421.2,0,53,0
11828,1620.0,1620,4.13,4.13,0,8.91,0.21,340.2,0,302,0
11886,1476.0,4428,5.33,16.0,0,8.91,0.0,0.0,1,217,1
12158,2160.0,2160,5.33,5.33,0,8.91,0.3,648.0,0,225,0
12231,1188.0,1188,5.33,5.33,0,8.91,0.0,0.0,0,2,0
12404,1620.0,1620,5.9,5.9,0,8.91,0.0,0.0,0,0,0
12500,2160.0,2160,5.33,5.33,0,8.91,0.56,1209.6,0,26,0
12552,2160.0,2160,5.33,5.33,0,8.91,0.04,86.4,0,56,0
12574,1620.0,1620,5.33,5.33,1,8.0,0.58,939.6,1,186,0
12677,1620.0,1620,6.53,6.53,0,8.91,0.68,1101.6,0,14,0
12751,2160.0,2160,5.07,5.07,1,4.0,0.99,2138.4,0,215,0
12904,1188.0,1188,5.33,5.33,1,10.0,0.25,297.0,0,7,0
13002,1188.0,1188,6.53,6.53,0,8.91,0.02,23.76,0,29,0
13015,1188.0,1188,5.33,5.33,0,8.91,0.0,0.0,0,0,0
13303,2160.0,2160,5.33,5.33,0,8.91,0.02,43.2,0,6,0
13361,1620.0,1620,5.33,5.33,1,10.0,0.42,680.4,0,96,0
13411,1620.0,1620,5.33,5.33,0,8.91,0.0,0.0,0,49,0
13432,648.0,648,5.33,5.33,0,8.91,0.0,0.0,0,25,0
13479,2160.0,2160,5.33,5.33,0,8.91,0.0,0.0,0,0,0
13484,1620.0,1620,5.07,5.07,0,8.91,0.0,0.0,0,38,0
13489,1620.0,1620,5.33,5.33,1,10.0,0.0,0.0,1,156,1
13551,2160.0,2160,5.33,5.33,0,8.91,0.0,0.0,0,0,0
13635,2160.0,2160,5.76,5.76,0,8.91,0.05,108.0,0,0,0
13716,2160.0,2160,5.33,5.33,0,8.91,0.0,0.0,0,0,0
13732,1188.0,1188,5.33,5.33,1,10.0,0.07,83.16,0,142,0
13952,1620.0,1620,5.33,5.33,1,7.5,0.0,0.0,0,101,1
14027,2160.0,2160,5.33,5.33,0,8.91,0.0,0.0,0,268,0
14045,1620.0,1620,5.07,5.07,1,10.0,0.39,631.8,2,85,0
14110,1188.0,1188,6.13,6.13,0,8.91,0.09,106.92,0,24,0
14176,1188.0,1188,5.33,5.33,0,8.91,0.05,59.4,0,43,0
14181,1620.0,1620,5.33,5.33,0,8.91,0.01,16.2,0,2,0
14193,1620.0,1620,5.33,5.33,0,8.91,0.01,16.2,0,38,0
14236,1620.0,1620,5.33,5.33,1,10.0,0.22,356.4,0,279,0
14257,1080.0,1080,5.33,5.33,0,8.91,0.14,151.2,0,48,0
14308,1620.0,1620,5.33,5.33,1,10.0,0.99,1603.8,2,193,0
14387,1620.0,1620,5.07,5.07,0,8.91,0.08,129.6,0,7,0
14402,1188.0,1188,5.07,5.07,0,8.91,0.0,0.0,0,0,0
14422,2160.0,2160,5.9,5.9,0,8.91,0.0,0.0,0,59,0
14468,648.0,648,5.9,5.9,1,8.0,1.0,648.0,0,32,0
14477,1350.0,2700,6.53,13.07,1,9.0,0.0,0.0,0,59,1
14518,1188.0,1188,5.33,5.33,1,7.0,0.23,273.24,0,181,0
14582,1620.0,1620,5.9,5.9,0,8.91,0.0,0.0,0,0,0
14674,1080.0,1080,5.33,5.33,0,8.91,0.0,0.0,0,0,0
14701,1620.0,1620,5.33,5.33,1,9.0,0.58,939.6,0,258,0
14916,1620.0,1620,5.33,5.33,0,8.91,0.0,0.0,0,60,0
14945,2160.0,2160,5.33,5.33,0,8.91,0.0,0.0,0,292,0
15000,1188.0,1188,5.33,5.33,0,8.91,0.0,0.0,0,0,0
15016,1188.0,1188,5.76,5.76,0,8.91,0.0,0.0,0,0,0
15215,1188.0,1188,4.18,4.18,0,8.91,0.0,0.0,0,0,0
15338,2160.0,2160,5.33,5.33,0,8.91,0.12,259.2,0,125,0
15367,2160.0,2160,5.33,5.33,0,8.91,0.0,0.0,0,0,0
15373,1620.0,1620,5.33,5.33,0,8.91,0.0,0.0,0,1,0
15540,1080.0,1080,4.13,4.13,0,8.91,0.0,0.0,0,122,0
15639,1620.0,1620,5.97,5.97,1,10.0,0.99,1603.8,2,157,0
15782,1188.0,1188,5.76,5.76,0,8.91,0.01,11.88,0,47,0
15870,1620.0,1620,5.33,5.33,1,10.0,0.44,712.8,0,232,0
15891,1188.0,1188,6.53,6.53,0,8.91,0.0,0.0,0,166,0
16214,1188.0,1188,5.33,5.33,0,8.91,0.0,0.0,0,0,0
16223,2160.0,2160,5.9,5.9,0,8.91,0.0,0.0,0,0,0
16233,1620.0,1620,5.33,5.33,0,8.91,0.0,0.0,0,0,0
16479,540.0,540,5.33,5.33,0,8.91,0.0,0.0,0,4,0
16499,864.0,1728,10.75,21.49,0,8.91,0.0,0.0,0,142,1
16646,2160.0,2160,5.33,5.33,0,8.91,0.05,108.0,0,7,0
16650,648.0,648,5.76,5.76,0,8.91,0.0,0.0,0,277,0
16774,1620.0,1620,5.33,5.33,0,8.91,0.0,0.0,0,0,0
16785,1188.0,1188,5.33,5.33,0,8.91,0.02,23.76,0,272,0
16878,1188.0,1188,5.33,5.33,0,8.91,0.65,772.2,0,249,0
17066,1188.0,1188,6.13,6.13,0,8.91,0.0,0.0,0,0,0
17073,2160.0,2160,5.9,5.9,0,8.91,0.0,0.0,0,1,0
17190,1620.0,1620,5.76,5.76,0,8.91,0.0,0.0,0,6,0
17317,1620.0,1620,6.53,6.53,0,8.91,0.0,0.0,0,0,0
17358,1188.0,1188,5.33,5.33,0,8.91,0.11,130.68,0,100,0
17423,1404.0,2808,5.33,10.66,0,8.91,0.0,0.0,0,258,1
17479,1188.0,1188,5.33,5.33,0,8.91,0.14,166.32,0,269,0
17547,648.0,648,5.33,5.33,0,8.91,0.0,0.0,0,0,0
17671,1188.0,1188,5.33,5.33,0,8.91,0.0,0.0,0,0,0
17697,1080.0,1080,5.33,5.33,0,8.91,0.0,0.0,0,0,0
17858,1620.0,1620,5.07,5.07,0,8.91,0.12,194.4,0,127,0
17894,2160.0,2160,5.9,5.9,0,8.91,0.0,0.0,0,0,0
17945,1620.0,1620,6.13,6.13,0,8.91,0.13,210.6,0,17,0
17978,1188.0,1188,5.33,5.33,0,8.91,0.72,855.36,0,170,0
18082,1188.0,1188,5.33,5.33,0,8.91,0.1,118.8,0,10,0
18147,2160.0,2160,5.33,5.33,0,8.91,0.0,0.0,0,0,0
18253,2160.0,2160,5.33,5.33,0,8.91,0.0,0.0,0,0,0
18291,2160.0,2160,5.33,5.33,0,8.91,0.0,0.0,0,0,0
18327,1620.0,1620,5.33,5.33,0,8.91,0.0,0.0,0,0,0
18428,1620.0,1620,5.33,5.33,0,8.91,0.0,0.0,0,0,0
18550,1620.0,1620,5.07,5.07,0,8.91,0.02,32.4,0,0,0
18608,1620.0,1620,4.13,4.13,1,8.0,0.0,0.0,1,225,1
18654,2160.0,2160,5.97,5.97,0,8.91,0.02,43.2,0,71,0
18788,1620.0,1620,5.33,5.33,0,8.91,0.06,97.2,0,37,0
18963,2160.0,2160,5.33,5.33,1,10.0,0.57,1231.2,0,34,0
18975,1188.0,1188,5.33,5.33,0,8.91,0.0,0.0,0,0,0
19010,1188.0,1188,5.33,5.33,0,8.91,0.0,0.0,0,0,0
19055,2160.0,2160,5.33,5.33,0,8.91,0.02,43.2,0,15,0
19154,2160.0,2160,5.33,5.33,0,8.91,0.08,172.8,0,169,0
19171,2160.0,2160,4.18,4.18,0,8.91,0.31,669.6,0,15,0
19244,1620.0,1620,4.13,4.13,0,8.91,0.0,0.0,0,50,1
19374,1620.0,1620,5.33,5.33,1,10.0,0.44,712.8,0,136,0
19520,2160.0,2160,5.9,5.9,0,8.91,0.0,0.0,0,210,0
19535,2160.0,2160,5.33,5.33,0,8.91,0.0,0.0,0,0,0
19697,1188.0,1188,5.33,5.33,0,8.91,0.0,0.0,0,50,1
19700,1188.0,1188,5.33,5.33,0,8.91,0.0,0.0,0,141,0
19719,2160.0,2160,5.9,5.9,0,8.91,0.0,0.0,0,0,0
19815,1620.0,1620,5.07,5.07,0,8.91,0.0,0.0,0,22,1
19818,1188.0,1188,5.33,5.33,0,8.91,0.0,0.0,0,0,0
20059,1188.0,1188,5.33,5.33,0,8.91,0.24,285.12,0,1,0
20109,1404.0,2808,5.54,11.09,0,8.91,0.0,0.0,0,62,1
20401,2160.0,2160,5.33,5.33,0,8.91,0.06,129.6,0,5,0
20498,648.0,648,5.33,5.33,0,8.91,0.0,0.0,0,0,0
20705,1620.0,1620,5.33,5.33,1,7.0,0.34,550.8,0,51,0
20770,1656.0,4968,7.11,21.32,1,10.0,0.0,0.0,0,18,1
20790,1080.0,1080,5.33,5.33,0,8.91,0.0,0.0,0,0,0
20835,1620.0,1620,5.33,5.33,1,2.0,0.07,113.4,0,174,0
20836,1188.0,1188,5.59,5.59,0,8.91,0.27,320.76,0,13,0
20972,1188.0,1188,6.13,6.13,0,8.91,0.0,0.0,0,1,0
20991,648.0,648,5.33,5.33,0,8.91,0.43,278.64,0,89,0
21057,1620.0,1620,5.33,5.33,0,8.91,0.0,0.0,0,129,1
21303,1620.0,1620,5.33,5.33,0,8.91,0.0,0.0,0,0,0
21313,1620.0,1620,5.33,5.33,0,8.91,0.45,729.0,0,20,0
21348,1620.0,1620,5.33,5.33,0,8.91,0.0,0.0,0,5,1
21368,2160.0,2160,5.33,5.33,0,8.91,0.0,0.0,0,17,0
21432,324.0,324,5.33,5.33,0,8.91,0.0,0.0,0,0,0
21433,1404.0,2808,5.97,11.95,0,8.91,0.0,0.0,0,0,1
21480,1620.0,1620,5.33,5.33,1,10.0,0.0,0.0,2,288,1
21495,1620.0,1620,5.33,5.33,0,8.91,0.0,0.0,0,61,1
21498,540.0,540,5.33,5.33,0,10.0,0.0,0.0,0,310,1
21591,2160.0,2160,5.33,5.33,1,10.0,0.0,0.0,1,122,1
21695,1188.0,1188,6.53,6.53,0,8.91,0.0,0.0,0,0,0
21744,1188.0,1188,5.9,5.9,0,8.91,0.0,0.0,0,0,0
21878,1620.0,1620,5.33,5.33,0,8.91,0.0,0.0,0,8,0
21970,2160.0,2160,5.9,5.9,0,8.91,0.01,21.6,0,308,0
22011,1188.0,1188,5.33,5.33,0,8.91,0.3,356.4,0,14,0
22142,1188.0,1188,5.33,5.33,0,8.91,0.0,0.0,0,3,0
22233,1620.0,1620,5.33,5.33,0,8.91,0.04,64.8,0,163,0
22264,1404.0,2808,5.33,10.67,0,8.91,0.0,0.0,0,223,1
22294,1620.0,1620,5.33,5.33,0,8.91,0.07,113.4,0,3,0
22351,1080.0,1080,5.33,5.33,1,10.0,0.74,799.2,0,121,0
22421,648.0,648,5.9,5.9,0,8.91,0.02,12.96,0,69,0
22454,2160.0,2160,11.21,11.21,0,8.91,0.21,453.6,0,92,0
22523,2160.0,2160,5.9,5.9,0,8.91,0.0,0.0,0,45,0
22606,1188.0,1188,5.33,5.33,0,9.0,0.0,0.0,0,194,1
22641,1188.0,1188,6.53,6.53,0,8.91,0.0,0.0,0,33,1
22711,1620.0,1620,5.07,5.07,0,8.91,0.0,0.0,0,48,0
22928,1188.0,1188,5.33,5.33,0,8.91,0.04,47.52,0,182,0
23184,324.0,324,5.33,5.33,0,8.91,0.0,0.0,0,0,0
23342,1188.0,1188,5.33,5.33,0,8.91,0.0,0.0,0,0,0
23352,648.0,648,5.76,5.76,0,8.91,0.0,0.0,0,0,0
23371,2160.0,2160,5.33,5.33,0,8.91,0.01,21.6,0,35,0
23451,2160.0,2160,5.33,5.33,0,8.91,0.0,0.0,0,196,1
23654,1188.0,1188,5.33,5.33,0,8.91,0.0,0.0,0,0,0
23680,1188.0,1188,5.33,5.33,0,8.91,0.0,0.0,0,39,0
23734,1188.0,1188,5.33,5.33,0,8.91,0.28,332.64,0,252,0
23801,1620.0,1620,5.9,5.9,0,8.91,0.14,226.8,0,4,0
23998,1188.0,1188,5.97,5.97,1,8.0,0.67,795.96,0,68,0
24209,2160.0,2160,5.97,5.97,0,8.91,0.0,0.0,0,21,1
24258,2160.0,2160,5.9,5.9,0,8.91,0.0,0.0,0,0,0
24440,2160.0,2160,5.9,5.9,0,8.91,0.0,0.0,0,0,0
24650,1620.0,1620,5.33,5.33,0,8.91,0.03,48.6,0,2,0
24769,2160.0,2160,5.33,5.33,0,8.91,0.0,0.0,0,41,0
24779,1620.0,1620,5.33,5.33,0,8.91,0.0,0.0,0,23,0
24851,2160.0,2160,5.33,5.33,0,8.91,0.0,0.0,0,1,0
24936,2160.0,2160,5.33,5.33,0,8.91,0.0,0.0,0,0,0
25143,1620.0,1620,5.33,5.33,0,8.91,0.0,0.0,0,74,1
25267,1620.0,1620,5.33,5.33,0,8.91,0.0,0.0,0,0,0
25472,1620.0,1620,5.33,5.33,0,8.91,0.0,0.0,0,24,0
25642,1188.0,1188,5.9,5.9,0,8.91,0.08,95.04,0,11,0
25810,1188.0,1188,5.76,5.76,1,6.0,0.07,83.16,0,284,0
26092,2160.0,2160,5.33,5.33,0,8.91,0.0,0.0,2,106,1
26110,1188.0,1188,5.33,5.33,0,8.91,0.66,784.08,0,146,0
26145,2160.0,2160,4.18,4.18,0,8.91,0.0,0.0,0,0,0
26186,2160.0,2160,6.53,6.53,0,8.91,0.0,0.0,0,226,1
26248,1188.0,1188,4.13,4.13,1,10.0,0.28,332.64,0,239,0
26510,1620.0,1620,6.13,6.13,0,8.91,0.08,129.6,0,55,0
26532,2160.0,2160,5.07,5.07,0,8.91,0.0,0.0,0,0,0
26666,1188.0,1188,5.33,5.33,0,8.91,0.0,0.0,0,0,0
26855,2160.0,2160,5.33,5.33,0,8.91,0.0,0.0,0,0,0
26910,1620.0,1620,5.59,5.59,0,8.91,0.22,356.4,0,13,0
26948,2160.0,2160,5.33,5.33,0,8.91,0.0,0.0,0,0,0
27026,1620.0,1620,5.9,5.9,0,8.91,0.0,0.0,0,0,0
27072,648.0,648,4.18,4.18,0,8.91,0.04,25.92,0,112,0
27097,1620.0,1620,24.16,24.16,1,10.0,0.4,648.0,0,281,0
27150,1404.0,2808,5.76,11.52,0,8.91,0.0,0.0,0,0,1
27374,2160.0,2160,5.9,5.9,0,8.91,0.0,0.0,0,0,0
27468,2160.0,2160,5.33,5.33,0,8.91,0.52,1123.2,0,7,0
27541,1620.0,1620,5.33,5.33,0,8.91,0.47,761.4,0,63,0
27627,2160.0,2160,5.33,5.33,0,8.91,0.0,0.0,0,81,0
27632,1080.0,1080,5.9,5.9,0,8.91,0.0,0.0,0,11,0
27728,1188.0,1188,5.76,5.76,0,8.91,0.03,35.64,0,68,0
27755,1404.0,2808,6.67,13.33,0,8.91,0.0,0.0,0,312,1
27792,2160.0,2160,5.33,5.33,0,8.91,0.0,0.0,0,0,0
27891,2160.0,2160,5.33,5.33,0,8.91,0.0,0.0,2,309,1
27953,2160.0,2160,5.33,5.33,0,8.91,0.25,540.0,0,176,0
27972,2160.0,2160,5.33,5.33,1,9.0,0.35,756.0,0,247,0
27988,1620.0,1620,5.33,5.33,0,8.91,0.14,226.8,0,3,0
28018,2160.0,2160,5.33,5.33,0,8.91,0.05,108.0,0,6,0
28060,1188.0,1188,5.59,5.59,0,8.91,0.0,0.0,0,5,0
28179,2160.0,2160,5.33,5.33,0,8.91,0.0,0.0,0,0,0
28193,2160.0,2160,5.33,5.33,0,8.91,0.04,86.4,0,232,0
28271,1620.0,1620,5.59,5.59,0,8.91,0.0,0.0,0,0,0
28333,2160.0,2160,5.07,5.07,0,8.91,0.0,0.0,0,0,0
28529,1134.0,2268,6.67,13.33,0,8.91,0.0,0.0,0,309,1
28593,1620.0,1620,5.33,5.33,1,10.0,0.25,405.0,0,31,0
28618,2160.0,2160,5.33,5.33,0,8.91,0.24,518.4,0,135,0
28723,2160.0,2160,5.33,5.33,0,8.91,0.02,43.2,0,1,0
28785,1188.0,1188,5.33,5.33,0,8.91,0.0,0.0,0,295,0
28863,2160.0,2160,5.33,5.33,1,10.0,0.99,2138.4,0,308,0
28962,1620.0,1620,5.9,5.9,0,8.91,0.0,0.0,0,30,0
29062,2160.0,2160,5.33,5.33,0,8.91,0.0,0.0,0,0,0
29177,2160.0,2160,5.33,5.33,0,8.91,0.01,21.6,0,0,0
29392,1620.0,1620,5.33,5.33,0,8.91,0.55,891.0,1,235,0
29568,2160.0,2160,5.33,5.33,0,8.91,0.0,0.0,0,9,0
29597,1188.0,1188,5.97,5.97,0,8.91,0.12,142.56,0,19,0
29683,2160.0,2160,5.33,5.33,1,9.0,0.49,1058.4,0,130,0
29782,2160.0,2160,5.33,5.33,0,8.91,0.0,0.0,0,3,0
29859,2160.0,2160,5.33,5.33,0,8.91,0.0,0.0,0,0,0
29891,1188.0,1188,6.13,6.13,1,10.0,1.0,1188.0,1,8,0
29896,1620.0,1620,4.13,4.13,0,8.91,0.11,178.2,0,0,0
29942,1134.0,2268,5.33,10.67,0,8.91,0.0,0.0,0,310,1
29954,1620.0,1620,5.9,5.9,0,8.91,0.05,81.0,0,296,0
29992,1188.0,1188,5.33,5.33,0,8.91,0.06,71.28,0,85,0
30125,2160.0,2160,5.9,5.9,0,8.91,0.0,0.0,0,99,0
30131,1188.0,1188,5.33,5.33,1,10.0,0.0,0.0,0,5,1
30160,1620.0,1620,5.33,5.33,0,8.91,0.0,0.0,0,0,0
30664,648.0,648,5.9,5.9,0,8.91,0.0,0.0,0,0,0
30726,1080.0,1080,5.33,5.33,0,8.91,0.0,0.0,0,14,1
30751,1620.0,1620,5.76,5.76,0,8.91,0.43,696.6,0,235,0
30866,2160.0,2160,5.33,5.33,0,8.91,0.0,0.0,0,0,1
30877,2160.0,2160,5.33,5.33,0,8.91,0.0,0.0,0,31,0
30887,1188.0,1188,5.9,5.9,0,8.91,0.0,0.0,0,94,0
31161,1620.0,1620,5.33,5.33,0,8.91,0.0,0.0,0,50,0
31297,2160.0,2160,5.33,5.33,0,8.91,0.1,216.0,0,287,0
31374,2160.0,2160,5.33,5.33,0,8.91,0.0,0.0,0,0,0
31407,1674.0,3348,5.9,11.8,0,8.91,0.0,0.0,0,29,1
31455,648.0,648,5.33,5.33,0,8.91,0.0,0.0,0,0,0
31538,1620.0,1620,5.33,5.33,0,8.91,0.42,680.4,0,238,0
31565,1188.0,1188,5.33,5.33,0,8.91,0.12,142.56,0,165,0
31576,1620.0,1620,5.33,5.33,0,8.91,0.0,0.0,0,276,0
31625,1188.0,1188,4.58,4.58,1,9.0,0.0,0.0,0,285,1
31725,2160.0,2160,5.33,5.33,1,10.0,0.31,669.6,0,5,0
31770,1188.0,1188,6.13,6.13,0,8.91,0.0,0.0,0,0,0
31779,2160.0,2160,6.53,6.53,1,9.0,0.97,2095.2,0,163,0
32039,2160.0,2160,5.33,5.33,0,8.91,0.02,43.2,0,0,0
32060,1188.0,1188,5.33,5.33,0,8.91,0.0,0.0,0,51,0
32111,1188.0,1188,5.33,5.33,1,8.0,0.03,35.64,0,86,0
32210,1620.0,1620,5.33,5.33,0,8.91,0.05,81.0,0,1,0
32344,2160.0,2160,5.07,5.07,0,8.91,0.0,0.0,0,227,0
32403,1620.0,1620,5.33,5.33,0,8.91,0.0,0.0,0,0,0
32466,1620.0,1620,5.07,5.07,1,6.0,0.0,0.0,0,0,0
32473,1170.0,7020,6.86,41.13,0,8.91,0.0,0.0,0,6,1
32843,2160.0,2160,5.33,5.33,0,8.91,0.0,0.0,0,0,0
32852,1620.0,1620,5.33,5.33,0,8.91,0.0,0.0,0,0,0
32888,1188.0,1188,5.9,5.9,0,8.91,0.0,0.0,0,0,0
33182,1620.0,1620,5.07,5.07,0,8.91,0.36,583.2,0,172,0
33245,1620.0,1620,5.33,5.33,0,8.91,0.32,518.4,0,101,0
33248,1620.0,1620,6.13,6.13,0,8.91,0.15,243.0,0,193,0
33497,2160.0,2160,5.07,5.07,0,8.91,0.0,0.0,0,0,0
33503,1620.0,1620,5.07,5.07,0,8.91,0.0,0.0,0,249,0
33504,2160.0,2160,5.07,5.07,0,8.91,0.0,0.0,0,0,0
33528,1620.0,1620,5.07,5.07,0,8.91,0.0,0.0,0,30,0
33553,1620.0,1620,5.07,5.07,0,8.91,0.05,81.0,0,9,0
33570,1620.0,1620,5.07,5.07,0,8.91,0.0,0.0,0,0,0
33572,648.0,648,5.07,5.07,0,8.91,0.06,38.88,0,0,0
33596,1620.0,1620,5.07,5.07,0,8.91,0.13,210.6,0,117,0
33628,1620.0,1620,5.07,5.07,1,6.0,0.12,194.4,0,99,0
33633,2160.0,2160,5.07,5.07,0,8.91,0.0,0.0,0,26,0
10,324.0,324,5.87,5.87,0,8.91,0.0,0.0,0,0,0
34,1620.0,1620,7.18,7.18,0,8.91,0.0,0.0,0,0,0
147,1188.0,1188,5.87,5.87,0,8.91,0.0,0.0,0,181,0
436,2160.0,2160,5.87,5.87,0,8.91,0.0,0.0,0,0,0
487,1620.0,1620,5.87,5.87,1,10.0,0.84,1360.8,1,210,0
513,1188.0,1188,5.03,5.03,0,8.91,0.0,0.0,0,0,0
607,1620.0,1620,5.87,5.87,0,8.91,0.04,64.8,0,129,0
613,1620.0,1620,5.87,5.87,0,8.91,0.0,0.0,0,256,0
792,1674.0,3348,7.18,14.37,0,8.91,0.0,0.0,0,132,1
821,1620.0,1620,5.87,5.87,0,8.91,0.0,0.0,0,253,1
1033,216.0,216,5.87,5.87,0,8.91,0.0,0.0,0,0,0
1054,1188.0,1188,5.87,5.87,0,8.91,0.0,0.0,0,210,1
1186,1620.0,1620,5.87,5.87,1,9.0,0.57,923.4,0,287,0
1563,1620.0,1620,5.87,5.87,0,8.91,0.0,0.0,0,4,0
1588,1620.0,1620,5.87,5.87,0,8.91,0.0,0.0,0,0,0
1590,2160.0,2160,5.87,5.87,0,8.91,0.0,0.0,0,300,0
1618,1188.0,1188,5.87,5.87,0,8.91,0.06,71.28,0,145,0
1667,1620.0,1620,5.86,5.86,1,8.0,0.06,97.2,0,1,0
1711,2160.0,2160,5.87,5.87,0,8.91,0.45,972.0,0,76,0
1743,324.0,324,5.87,5.87,0,8.91,0.0,0.0,0,0,0
2365,2160.0,2160,4.62,4.62,0,8.91,0.0,0.0,0,0,0
2466,2160.0,2160,6.49,6.49,0,8.91,0.01,21.6,0,129,0
3165,2160.0,2160,5.87,5.87,0,8.91,0.0,0.0,0,93,0
3229,1188.0,1188,5.87,5.87,0,8.91,0.0,0.0,0,0,1
3364,1188.0,1188,6.49,6.49,0,8.91,0.0,0.0,0,2,0
3568,1188.0,1188,5.87,5.87,0,8.91,0.2,237.6,0,15,0
3597,648.0,648,5.97,5.97,0,8.91,0.0,0.0,0,0,0
3838,1188.0,1188,5.87,5.87,0,8.91,0.34,403.92,0,38,0
3900,1620.0,1620,6.49,6.49,1,10.0,0.92,1490.4,0,309,0
4077,2160.0,2160,5.87,5.87,0,8.91,0.03,64.8,0,308,0
4220,1188.0,1188,5.86,5.86,0,8.91,0.0,0.0,0,0,0
4449,1188.0,1188,5.87,5.87,0,8.91,0.07,83.16,0,305,0
4476,1620.0,1620,5.97,5.97,0,8.91,0.0,0.0,0,0,0
4887,2160.0,2160,6.49,6.49,0,8.91,0.0,0.0,0,141,0
5038,1620.0,1620,5.87,5.87,0,8.91,0.35,567.0,0,123,0
5209,1188.0,1188,5.87,5.87,0,8.91,0.0,0.0,0,8,0
5503,2160.0,2160,5.33,5.33,0,8.91,0.0,0.0,0,0,0
5626,1620.0,1620,5.87,5.87,0,8.91,0.0,0.0,0,100,0
5762,1188.0,1188,5.87,5.87,0,8.91,0.0,0.0,0,233,0
5787,1620.0,1620,6.14,6.14,0,8.91,0.42,680.4,0,229,0
5841,1620.0,1620,5.87,5.87,0,8.91,0.0,0.0,0,0,0
6073,1188.0,1188,6.49,6.49,0,8.91,0.0,0.0,0,0,0
6229,1188.0,1188,5.87,5.87,0,8.91,0.81,962.28,0,286,0
6268,324.0,324,5.86,5.86,0,8.91,0.0,0.0,0,0,0
6370,648.0,648,5.87,5.87,0,8.91,0.0,0.0,0,0,1
6468,1620.0,1620,5.58,5.58,0,8.91,0.0,0.0,0,0,0
6635,2160.0,2160,6.49,6.49,0,8.91,0.0,0.0,0,0,0
6823,1188.0,1188,5.87,5.87,0,8.91,0.0,0.0,0,0,0
7058,1188.0,1188,5.87,5.87,0,8.91,0.03,35.64,0,184,0
7133,648.0,648,5.87,5.87,0,8.91,0.0,0.0,0,0,0
7150,1620.0,1620,5.87,5.87,0,8.91,0.0,0.0,0,0,0
7376,324.0,324,5.87,5.87,0,8.91,0.0,0.0,0,20,0
7460,1620.0,1620,5.87,5.87,0,8.91,0.26,421.2,0,54,0
7596,648.0,648,6.13,6.13,0,8.91,0.0,0.0,0,38,0
7600,1620.0,1620,6.14,6.14,0,8.91,0.0,0.0,0,0,1
8116,1620.0,1620,5.87,5.87,0,8.91,0.02,32.4,0,1,0
8481,1620.0,1620,5.86,5.86,0,8.91,0.0,0.0,0,0,0
8800,1188.0,1188,6.49,6.49,1,10.0,0.15,178.2,0,67,0
8965,1620.0,1620,5.87,5.87,0,8.91,0.38,615.6,0,103,0
9059,1080.0,1080,6.13,6.13,0,8.91,0.0,0.0,0,15,0
9377,1620.0,1620,7.18,7.18,0,8.91,0.0,0.0,0,0,1
9388,1674.0,3348,5.87,11.73,0,8.91,0.0,0.0,0,3,1
9398,1188.0,1188,5.87,5.87,0,8.91,0.0,0.0,0,0,0
9468,1080.0,1080,5.87,5.87,1,10.0,0.85,918.0,0,1,0
9664,2160.0,2160,5.87,5.87,0,8.91,0.0,0.0,0,33,1
9707,1188.0,1188,6.14,6.14,0,8.91,0.0,0.0,0,0,0
9854,1080.0,1080,7.18,7.18,1,9.0,0.66,712.8,1,142,0
9857,1620.0,1620,7.18,7.18,0,8.91,0.0,0.0,0,0,0
9929,2160.0,2160,5.87,5.87,0,8.91,0.18,388.8,0,0,0
10247,2160.0,2160,6.49,6.49,0,8.91,0.0,0.0,0,0,1
10456,1188.0,1188,5.87,5.87,0,8.91,1.0,1188.0,1,215,0
10480,1620.0,1620,5.87,5.87,0,8.91,0.0,0.0,0,0,0
10573,1188.0,1188,6.14,6.14,0,8.91,0.0,0.0,0,0,0
10700,1188.0,1188,5.87,5.87,0,8.91,0.01,11.88,0,308,0
10714,2160.0,2160,5.87,5.87,0,8.91,0.04,86.4,0,221,0
10793,1620.0,1620,5.87,5.87,1,10.0,0.0,0.0,0,263,1
10944,648.0,648,5.87,5.87,1,10.0,0.6,388.8,0,26,0
11097,1188.0,1188,5.87,5.87,0,8.91,0.0,0.0,0,0,0
11392,1188.0,1188,6.14,6.14,0,8.91,0.0,0.0,0,68,1
11607,2160.0,2160,7.18,7.18,1,10.0,0.6,1296.0,1,132,0
11794,2160.0,2160,5.87,5.87,0,8.91,0.0,0.0,0,0,0
11948,1188.0,1188,6.66,6.66,0,8.91,0.0,0.0,0,0,0
12044,2160.0,2160,5.58,5.58,0,8.91,0.0,0.0,0,204,1
12054,2160.0,2160,5.87,5.87,0,8.91,0.0,0.0,0,167,0
12388,2160.0,2160,5.87,5.87,1,10.0,0.24,518.4,0,225,0
12608,1188.0,1188,6.14,6.14,0,8.91,0.07,83.16,0,131,0
12629,1188.0,1188,5.87,5.87,0,8.91,0.0,0.0,0,0,0
12874,648.0,648,5.87,5.87,0,8.91,0.0,0.0,0,0,0
12889,2160.0,2160,7.18,7.18,1,10.0,0.16,345.6,0,75,0
12914,1620.0,1620,5.87,5.87,0,8.91,0.66,1069.2,0,5,0
13328,1188.0,1188,5.87,5.87,0,8.91,0.0,0.0,0,0,0
13358,1188.0,1188,5.87,5.87,0,8.91,0.0,0.0,0,0,1
13433,1242.0,4968,6.67,26.67,0,8.91,0.0,0.0,0,286,1
13435,1620.0,1620,5.87,5.87,0,8.91,0.0,0.0,0,129,1
13499,1188.0,1188,5.86,5.86,1,8.0,0.0,0.0,2,300,1
13559,1080.0,1080,5.87,5.87,0,8.91,0.0,0.0,0,0,0
13574,1620.0,1620,5.87,5.87,0,8.91,0.0,0.0,0,0,0
13706,1890.0,3780,5.87,11.73,0,8.91,0.0,0.0,0,60,1
13913,1620.0,1620,5.87,5.87,0,8.91,0.0,0.0,0,0,0
14040,1620.0,1620,5.87,5.87,0,4.0,0.0,0.0,0,173,1
14180,1620.0,1620,5.87,5.87,0,8.91,0.0,0.0,0,0,0
14436,2160.0,2160,5.97,5.97,0,8.91,0.0,0.0,0,3,1
14488,1620.0,1620,5.58,5.58,0,8.91,0.0,0.0,0,0,0
14550,1620.0,1620,5.87,5.87,0,8.91,0.0,0.0,0,0,0
14600,2160.0,2160,5.87,5.87,0,8.91,0.0,0.0,0,20,0
14736,2160.0,2160,5.87,5.87,0,8.91,0.0,0.0,0,0,0
14759,1188.0,1188,6.49,6.49,0,8.91,0.0,0.0,0,0,0
14826,2160.0,2160,5.87,5.87,0,8.91,0.0,0.0,0,0,0
15128,648.0,648,5.86,5.86,0,8.91,0.0,0.0,0,294,0
15155,1890.0,3780,6.93,13.87,0,8.91,0.0,0.0,0,0,1
15349,2160.0,2160,5.33,5.33,0,8.91,0.03,64.8,0,1,0
16124,1188.0,1188,5.87,5.87,0,8.91,0.91,1081.08,1,31,0
16318,2160.0,2160,5.87,5.87,0,8.91,0.01,21.6,0,49,0
16403,648.0,648,5.87,5.87,0,8.91,0.77,498.96,0,230,0
16436,1188.0,1188,5.87,5.87,0,8.91,0.0,0.0,0,170,1
16635,1188.0,1188,6.49,6.49,1,6.0,0.18,213.84,0,285,0
16768,1188.0,1188,5.87,5.87,1,10.0,0.68,807.84,0,22,0
16873,1620.0,1620,5.86,5.86,0,8.91,0.0,0.0,0,138,1
16880,2160.0,2160,5.33,5.33,0,8.91,0.0,0.0,0,0,1
17507,1620.0,1620,5.87,5.87,0,8.91,0.0,0.0,0,236,1
17705,1620.0,1620,5.87,5.87,0,8.91,0.04,64.8,0,252,0
17845,2160.0,2160,4.62,4.62,0,8.91,0.01,21.6,0,254,0
18079,648.0,648,5.87,5.87,0,8.91,0.0,0.0,0,222,1
18095,1404.0,2808,6.97,13.94,0,8.91,0.0,0.0,0,236,1
18353,648.0,648,5.87,5.87,0,8.91,0.0,0.0,0,33,0
18370,324.0,324,5.87,5.87,1,7.0,0.0,0.0,0,0,0
18702,1620.0,1620,5.87,5.87,0,8.91,0.0,0.0,0,0,0
18814,648.0,648,5.97,5.97,0,8.91,0.07,45.36,0,233,0
19077,1188.0,1188,5.03,5.03,0,8.91,0.06,71.28,0,166,0
19187,2160.0,2160,5.86,5.86,0,8.91,0.0,0.0,0,0,0
19199,1620.0,1620,5.87,5.87,0,8.91,0.43,696.6,0,181,0
19475,1080.0,1080,5.87,5.87,0,8.91,0.08,86.4,0,2,0
19533,2160.0,2160,5.87,5.87,0,8.91,0.0,0.0,0,86,0
20173,1620.0,1620,5.87,5.87,0,8.91,0.0,0.0,0,0,0
20199,1188.0,1188,5.87,5.87,0,8.91,0.0,0.0,0,17,0
20259,1404.0,2808,4.45,8.91,0,8.91,0.0,0.0,0,191,1
20410,2160.0,2160,5.87,5.87,1,7.0,0.07,151.2,0,260,0
20476,1620.0,1620,5.87,5.87,0,8.91,0.07,113.4,0,0,0
20501,324.0,324,5.87,5.87,0,8.91,0.0,0.0,0,0,0
21268,1620.0,1620,5.87,5.87,0,8.91,0.0,0.0,0,74,1
21337,2160.0,2160,5.86,5.86,0,8.91,0.0,0.0,0,0,0
21619,1620.0,1620,6.49,6.49,0,8.91,0.0,0.0,0,224,1
21972,2160.0,2160,5.86,5.86,0,8.91,0.0,0.0,0,70,0
22315,1620.0,1620,5.97,5.97,0,8.91,0.28,453.6,0,6,0
22328,2160.0,2160,5.87,5.87,0,8.91,0.0,0.0,0,0,0
22440,1620.0,1620,5.87,5.87,1,10.0,0.12,194.4,0,106,0
22450,1080.0,1080,5.87,5.87,0,8.91,0.1,108.0,0,297,0
22593,2160.0,2160,5.33,5.33,0,8.91,0.99,2138.4,0,142,0
22925,1188.0,1188,5.87,5.87,0,8.91,0.0,0.0,0,38,0
23285,2160.0,2160,5.87,5.87,0,8.91,0.0,0.0,0,0,0
23609,1188.0,1188,5.87,5.87,0,8.91,0.0,0.0,0,0,0
24023,1620.0,1620,5.97,5.97,0,8.91,0.0,0.0,0,0,0
24073,1620.0,1620,5.86,5.86,0,8.91,0.0,0.0,0,0,0
24466,1620.0,1620,5.87,5.87,0,8.91,0.36,583.2,0,176,0
24832,1080.0,1080,5.87,5.87,0,8.91,0.0,0.0,0,11,0
24849,324.0,324,5.87,5.87,1,5.0,0.9,291.6,0,13,0
24933,1188.0,1188,5.87,5.87,0,8.91,0.0,0.0,0,0,0
25149,1512.0,6048,7.46,29.86,0,8.91,0.0,0.0,0,180,1
25293,1134.0,2268,5.6,11.19,0,8.91,0.0,0.0,0,289,1
25954,1620.0,1620,5.87,5.87,0,8.91,0.0,0.0,0,141,0
25994,1188.0,1188,5.87,5.87,0,8.91,0.07,83.16,0,8,0
26785,1620.0,1620,7.18,7.18,1,10.0,0.61,988.2,1,149,0
26866,1620.0,1620,5.86,5.86,0,8.91,0.04,64.8,0,41,0
27185,1620.0,1620,5.86,5.86,0,8.91,0.13,210.6,0,277,0
27198,1620.0,1620,7.18,7.18,1,10.0,0.14,226.8,0,296,0
27305,324.0,324,5.97,5.97,0,8.91,0.0,0.0,0,0,0
27352,1080.0,1080,5.87,5.87,0,8.91,0.0,0.0,0,0,0
27918,1188.0,1188,5.86,5.86,0,8.91,0.0,0.0,0,0,0
28062,2160.0,2160,5.87,5.87,0,8.91,0.0,0.0,0,283,1
28142,648.0,648,5.97,5.97,0,8.91,0.0,0.0,0,0,0
28673,918.0,1836,6.54,13.08,0,8.91,0.0,0.0,0,46,1
29258,324.0,324,5.87,5.87,0,8.91,0.0,0.0,0,0,0
29277,324.0,324,5.87,5.87,0,8.91,0.0,0.0,0,0,0
29371,1188.0,1188,6.14,6.14,0,8.91,0.06,71.28,0,90,0
29741,1620.0,1620,5.87,5.87,0,8.91,0.0,0.0,0,0,0
29795,2160.0,2160,6.49,6.49,1,10.0,0.21,453.6,0,158,0
29809,1620.0,1620,5.87,5.87,0,8.91,0.05,81.0,0,3,0
29834,1620.0,1620,5.87,5.87,0,8.91,0.0,0.0,0,241,1
30065,1188.0,1188,5.87,5.87,1,10.0,0.34,403.92,0,277,0
30257,2160.0,2160,5.87,5.87,0,8.91,0.0,0.0,0,0,0
30298,2160.0,2160,5.97,5.97,0,8.91,0.0,0.0,0,0,0
30370,2160.0,2160,5.87,5.87,0,8.91,0.0,0.0,0,28,0
30671,1620.0,1620,5.87,5.87,0,8.91,0.0,0.0,0,0,0
30684,1188.0,1188,5.87,5.87,0,8.91,0.0,0.0,0,0,0
30688,2160.0,2160,6.49,6.49,0,8.91,0.11,237.6,0,40,0
30855,2160.0,2160,5.33,5.33,0,8.91,0.18,388.8,0,201,0
31078,648.0,648,6.13,6.13,1,9.0,0.16,103.68,0,309,0
31266,2160.0,2160,5.58,5.58,0,8.91,0.0,0.0,0,0,0
31287,1188.0,1188,5.87,5.87,0,8.91,0.0,0.0,0,11,0
31357,1188.0,1188,5.87,5.87,0,8.91,0.0,0.0,0,0,0
31500,1188.0,1188,5.87,5.87,1,10.0,0.0,0.0,0,15,1
32043,1620.0,1620,5.87,5.87,0,8.91,0.06,97.2,0,138,0
32226,1620.0,1620,5.87,5.87,0,8.91,0.0,0.0,0,1,0
32242,1080.0,1080,5.87,5.87,0,8.91,1.0,1080.0,0,1,0
32265,2160.0,2160,5.33,5.33,0,8.91,0.0,0.0,0,0,0
32327,1620.0,1620,6.13,6.13,0,8.91,0.0,0.0,0,0,0
32382,1188.0,1188,5.87,5.87,0,8.91,0.0,0.0,0,0,0
32479,1620.0,1620,5.87,5.87,0,8.91,0.0,0.0,0,0,0
32617,1620.0,1620,5.87,5.87,0,8.91,0.0,0.0,0,0,0
32712,1188.0,1188,6.14,6.14,0,8.91,0.0,0.0,0,56,0
32941,2160.0,2160,5.33,5.33,0,8.91,0.05,108.0,0,278,0
33062,1620.0,1620,5.86,5.86,0,8.91,0.0,0.0,0,0,0
33294,1620.0,1620,5.87,5.87,0,8.91,0.0,0.0,0,0,0
33455,1188.0,1188,6.49,6.49,0,8.91,0.0,0.0,0,0,0
252,1188.0,1188,5.87,5.87,0,8.91,0.0,0.0,0,0,0
390,1080.0,1080,5.87,5.87,0,8.91,1.0,1080.0,0,18,0
854,2160.0,2160,5.87,5.87,0,8.91,0.0,0.0,0,30,1
875,1620.0,1620,5.87,5.87,0,8.91,0.0,0.0,0,0,0
880,1620.0,1620,6.14,6.14,1,9.0,0.0,0.0,0,294,1
943,1188.0,1188,5.87,5.87,0,8.91,0.0,0.0,0,0,1
950,1188.0,1188,4.62,4.62,0,8.91,0.0,0.0,0,0,0
1016,1620.0,1620,5.87,5.87,0,8.91,0.07,113.4,0,3,0
1081,2160.0,2160,5.86,5.86,0,8.91,0.0,0.0,0,76,0
1298,1080.0,1080,5.87,5.87,0,8.91,0.0,0.0,0,0,0
1320,1620.0,1620,6.49,6.49,0,8.91,0.0,0.0,0,0,0
1475,1620.0,1620,5.97,5.97,0,8.91,0.0,0.0,0,0,0
1685,1188.0,1188,5.87,5.87,0,8.91,0.0,0.0,0,0,0
1761,2160.0,2160,5.86,5.86,0,8.91,0.03,64.8,0,148,0
1958,1620.0,1620,6.49,6.49,0,8.91,0.18,291.6,0,12,0
1981,1188.0,1188,7.18,7.18,1,10.0,0.0,0.0,0,53,1
2122,1620.0,1620,6.49,6.49,0,8.91,0.0,0.0,0,0,0
2224,1620.0,1620,5.87,5.87,0,8.91,0.0,0.0,0,0,0
2385,1620.0,1620,5.87,5.87,0,8.91,0.0,0.0,0,5,1
2386,1188.0,1188,5.58,5.58,1,8.0,0.55,653.4,0,283,0
2436,2160.0,2160,5.87,5.87,0,8.91,0.03,64.8,0,130,0
2442,1188.0,1188,4.45,4.45,0,8.91,0.0,0.0,0,0,0
2498,2160.0,2160,5.87,5.87,0,8.91,0.09,194.4,0,291,0
2610,1188.0,1188,6.13,6.13,0,8.91,0.0,0.0,0,203,0
2788,1620.0,1620,5.87,5.87,0,8.91,0.02,32.4,0,113,0
2901,2160.0,2160,5.86,5.86,0,8.91,0.02,43.2,0,72,0
2940,1620.0,1620,5.86,5.86,1,10.0,0.27,437.4,0,125,0
2953,1620.0,1620,6.14,6.14,0,8.91,0.0,0.0,0,11,0
3346,1188.0,1188,5.87,5.87,0,8.91,0.0,0.0,0,0,0
3368,1188.0,1188,5.87,5.87,0,8.91,0.09,106.92,0,2,0
3670,1620.0,1620,5.87,5.87,0,8.91,0.0,0.0,0,21,0
3712,2160.0,2160,6.49,6.49,0,8.91,0.0,0.0,0,0,0
3767,1620.0,1620,5.86,5.86,0,8.91,0.0,0.0,0,0,0
3978,1620.0,1620,5.87,5.87,0,8.91,0.0,0.0,0,0,0
4044,2160.0,2160,5.87,5.87,0,8.91,0.0,0.0,0,0,0
4247,2160.0,2160,5.97,5.97,0,8.91,0.0,0.0,0,0,0
4306,1620.0,1620,6.13,6.13,0,8.91,0.0,0.0,0,0,1
4498,2160.0,2160,5.87,5.87,0,8.91,0.0,0.0,0,0,0
4555,2160.0,2160,4.62,4.62,1,10.0,0.45,972.0,0,201,0
4606,1188.0,1188,5.87,5.87,0,8.91,0.22,261.36,0,63,0
4709,1620.0,1620,5.87,5.87,0,8.91,0.0,0.0,0,0,1
4859,1188.0,1188,5.87,5.87,0,8.91,0.0,0.0,0,0,1
4962,540.0,540,4.62,4.62,0,8.91,0.19,102.6,0,213,0
5359,2160.0,2160,7.18,7.18,0,8.91,0.01,21.6,0,50,0
5637,648.0,648,5.87,5.87,0,8.91,0.0,0.0,0,0,0
5652,648.0,648,6.14,6.14,0,8.91,0.0,0.0,0,0,0
5662,1620.0,1620,5.87,5.87,0,8.91,0.0,0.0,0,0,0
5809,2160.0,2160,5.86,5.86,0,8.91,0.0,0.0,0,0,0
5910,1620.0,1620,7.18,7.18,0,8.91,0.01,16.2,0,0,0
6066,1890.0,3780,5.87,11.73,1,9.0,0.0,0.0,0,260,1
6164,1620.0,1620,5.87,5.87,0,8.91,0.0,0.0,0,0,0
6481,648.0,648,5.87,5.87,0,8.91,0.0,0.0,0,252,1
6496,2160.0,2160,5.87,5.87,0,8.91,0.0,0.0,0,0,0
6511,1620.0,1620,5.87,5.87,0,8.91,0.0,0.0,0,132,1
6611,1620.0,1620,5.87,5.87,0,8.91,0.01,16.2,0,69,0
6864,1188.0,1188,5.58,5.58,0,8.91,0.0,0.0,0,0,0
6982,1188.0,1188,5.86,5.86,0,8.91,0.0,0.0,0,0,0
7063,1188.0,1188,6.14,6.14,0,8.91,0.0,0.0,0,0,0
7205,1620.0,1620,7.18,7.18,0,8.91,0.0,0.0,0,33,0
7267,1620.0,1620,5.97,5.97,1,8.0,0.3,486.0,0,27,0
7283,1620.0,1620,5.87,5.87,0,8.91,0.26,421.2,0,22,0
7299,1620.0,1620,7.18,7.18,0,8.91,0.0,0.0,0,0,0
7304,2160.0,2160,5.86,5.86,0,8.91,0.0,0.0,0,21,0
7397,1134.0,2268,5.97,11.95,0,8.0,0.0,0.0,0,0,1
7733,1188.0,1188,5.87,5.87,0,8.91,0.0,0.0,0,0,0
7757,1188.0,1188,6.14,6.14,0,8.91,0.0,0.0,0,44,0
7782,1188.0,1188,5.58,5.58,0,8.91,0.0,0.0,0,0,0
7833,2160.0,2160,7.18,7.18,0,8.91,0.0,0.0,0,185,0
7919,1620.0,1620,5.87,5.87,0,8.91,0.0,0.0,0,34,0
8186,1620.0,1620,5.87,5.87,0,8.91,0.0,0.0,0,0,0
8262,1188.0,1188,5.87,5.87,0,8.91,0.0,0.0,0,0,0
8372,1188.0,1188,5.87,5.87,0,8.91,0.01,11.88,0,4,0
8388,648.0,648,5.97,5.97,0,8.91,0.0,0.0,0,23,0
8390,1620.0,1620,5.87,5.87,0,8.91,0.0,0.0,0,0,0
8574,1620.0,1620,6.14,6.14,1,9.0,0.37,599.4,0,244,0
8638,1188.0,1188,5.87,5.87,0,8.91,0.0,0.0,0,0,0
8817,1620.0,1620,5.58,5.58,1,9.0,0.89,1441.8,2,5,0
9368,1620.0,1620,7.18,7.18,0,8.91,0.0,0.0,0,0,0
9486,1620.0,1620,5.87,5.87,0,8.91,0.0,0.0,0,178,0
9527,1080.0,1080,5.87,5.87,0,8.91,0.0,0.0,0,0,0
9570,1080.0,1080,5.87,5.87,0,8.91,0.0,0.0,0,0,0
9572,1188.0,1188,5.97,5.97,0,8.91,0.0,0.0,0,0,0
9602,1332.0,3996,5.87,17.6,0,8.91,0.0,0.0,0,0,1
9629,1620.0,1620,5.87,5.87,0,8.91,0.0,0.0,0,0,0
9685,1188.0,1188,6.14,6.14,0,8.91,0.62,736.56,4,279,0
9796,1620.0,1620,5.87,5.87,0,8.91,0.0,0.0,0,0,0
9798,1620.0,1620,5.87,5.87,0,8.91,0.18,291.6,0,84,0
9822,2160.0,2160,5.86,5.86,0,8.91,0.0,0.0,0,0,0
9892,1332.0,3996,5.51,16.53,0,8.91,0.0,0.0,0,151,1
9951,1188.0,1188,7.18,7.18,0,8.91,0.01,11.88,0,170,0
10095,1620.0,1620,5.87,5.87,1,5.0,0.28,453.6,0,203,0
10301,1188.0,1188,5.97,5.97,0,8.91,0.25,297.0,0,51,0
10439,2160.0,2160,6.49,6.49,0,8.91,0.0,0.0,0,0,1
10586,1620.0,1620,5.87,5.87,1,10.0,0.58,939.6,0,108,0
10599,1620.0,1620,5.87,5.87,0,8.91,0.0,0.0,1,182,1
10638,1188.0,1188,6.14,6.14,0,8.91,0.27,320.76,0,231,0
10667,1188.0,1188,5.87,5.87,0,10.0,0.0,0.0,0,208,1
10733,1620.0,1620,5.87,5.87,0,8.91,0.0,0.0,0,0,0
10752,1188.0,1188,5.87,5.87,1,9.0,0.68,807.84,0,132,0
10900,1620.0,1620,5.87,5.87,0,8.91,0.29,469.8,0,0,0
10951,1080.0,1080,5.87,5.87,0,8.91,0.0,0.0,0,0,0
11007,1188.0,1188,5.87,5.87,0,8.91,0.0,0.0,0,0,0
11229,1188.0,1188,6.49,6.49,0,8.91,0.0,0.0,0,0,0
11393,2160.0,2160,6.49,6.49,0,8.91,0.0,0.0,0,21,0
11412,1620.0,1620,5.86,5.86,0,8.91,0.0,0.0,0,3,0
11421,1350.0,2700,7.18,14.37,1,10.0,0.0,0.0,3,188,1
11503,1620.0,1620,5.87,5.87,0,8.91,0.07,113.4,0,17,0
11643,1620.0,1620,5.87,5.87,0,8.91,0.23,372.6,0,292,0
11970,1620.0,1620,6.13,6.13,0,8.91,0.0,0.0,0,0,0
12030,1188.0,1188,5.87,5.87,0,8.91,0.09,106.92,0,137,0
12205,1188.0,1188,6.49,6.49,0,8.91,0.0,0.0,0,289,0
12632,1188.0,1188,6.49,6.49,0,8.91,0.0,0.0,0,1,0
12905,2160.0,2160,5.87,5.87,0,8.91,0.0,0.0,0,212,0
13102,1620.0,1620,5.87,5.87,0,8.91,0.0,0.0,0,0,1
13191,2160.0,2160,5.97,5.97,0,8.91,0.0,0.0,0,0,0
13246,2160.0,2160,6.49,6.49,0,8.91,0.0,0.0,0,248,1
13294,2160.0,2160,5.87,5.87,0,8.91,0.0,0.0,0,0,0
13367,2160.0,2160,5.97,5.97,0,8.91,0.0,0.0,0,0,0
13421,2160.0,2160,5.86,5.86,0,8.91,0.01,21.6,0,12,0
13506,1188.0,1188,5.87,5.87,0,8.91,0.0,0.0,0,1,0
13648,2160.0,2160,5.86,5.86,0,8.91,0.02,43.2,0,55,0
13888,1080.0,1080,5.87,5.87,0,8.91,0.0,0.0,0,0,0
13944,1188.0,1188,5.87,5.87,0,8.91,0.0,0.0,0,0,0
14030,864.0,1728,5.6,11.2,0,8.91,0.0,0.0,0,55,1
14173,2160.0,2160,7.18,7.18,0,8.91,0.82,1771.2,0,261,0
14216,1188.0,1188,7.18,7.18,0,8.91,0.0,0.0,0,0,0
14284,1620.0,1620,7.18,7.18,0,8.91,0.0,0.0,0,0,0
14348,2160.0,2160,5.03,5.03,0,8.91,0.0,0.0,0,0,0
14377,324.0,324,7.18,7.18,0,8.91,0.04,12.96,0,12,0
14408,1620.0,1620,5.87,5.87,0,8.91,0.0,0.0,0,0,0
14470,1188.0,1188,5.87,5.87,0,8.91,0.0,0.0,0,0,0
14474,1188.0,1188,5.87,5.87,0,8.91,0.05,59.4,0,250,0
14567,2160.0,2160,5.86,5.86,1,8.0,0.3,648.0,0,207,0
14696,2160.0,2160,5.86,5.86,0,8.91,0.13,280.8,0,179,0
14743,2160.0,2160,5.58,5.58,0,8.91,0.0,0.0,0,52,0
14923,1188.0,1188,5.97,5.97,0,8.91,0.0,0.0,0,0,1
14963,2160.0,2160,6.49,6.49,0,8.91,0.0,0.0,0,0,0
15160,1620.0,1620,5.87,5.87,0,8.91,0.0,0.0,0,0,0
15170,2160.0,2160,5.86,5.86,1,9.0,0.15,324.0,0,125,0
15220,2160.0,2160,4.45,4.45,0,8.91,0.0,0.0,0,92,0
15634,1620.0,1620,5.87,5.87,0,8.91,0.0,0.0,0,0,0
15671,1080.0,1080,7.18,7.18,0,8.91,0.0,0.0,0,0,0
15677,1188.0,1188,5.87,5.87,0,8.91,0.0,0.0,0,0,0
15711,324.0,324,5.87,5.87,0,8.91,0.0,0.0,0,0,0
15730,324.0,324,5.87,5.87,0,8.91,0.0,0.0,0,0,0
15764,1620.0,1620,6.14,6.14,0,8.91,0.0,0.0,0,0,0
15887,2160.0,2160,5.87,5.87,0,8.91,0.0,0.0,0,0,0
15945,2160.0,2160,5.86,5.86,0,8.91,0.43,928.8,0,292,0
16000,1620.0,1620,5.97,5.97,0,8.91,0.0,0.0,0,0,0
16065,2160.0,2160,5.87,5.87,0,8.91,0.0,0.0,0,143,0
16076,1188.0,1188,5.87,5.87,0,8.91,0.0,0.0,0,0,0
16324,1188.0,1188,5.87,5.87,1,10.0,0.15,178.2,0,175,0
16475,1620.0,1620,6.14,6.14,0,8.91,0.1,162.0,0,211,0
16485,1620.0,1620,6.49,6.49,0,8.91,0.43,696.6,0,75,0
16870,1620.0,1620,5.87,5.87,0,8.91,0.0,0.0,0,0,0
16996,540.0,540,6.13,6.13,0,8.91,1.0,540.0,0,6,0
17072,1620.0,1620,5.87,5.87,0,8.91,0.0,0.0,0,0,0
17109,2160.0,2160,5.87,5.87,1,9.0,0.54,1166.4,0,64,0
17134,1188.0,1188,5.03,5.03,0,8.91,0.0,0.0,0,35,0
17329,1188.0,1188,5.97,5.97,0,8.91,0.0,0.0,0,0,0
17435,1188.0,1188,5.87,5.87,0,8.91,0.0,0.0,0,1,0
17625,2160.0,2160,5.87,5.87,0,8.91,0.0,0.0,0,188,0
17723,1620.0,1620,5.87,5.87,0,8.91,0.0,0.0,0,0,0
17772,2160.0,2160,6.49,6.49,0,8.91,0.0,0.0,0,75,1
17800,1620.0,1620,5.87,5.87,0,8.91,0.0,0.0,0,15,0
17881,1188.0,1188,6.14,6.14,0,8.91,0.09,106.92,0,63,0
17896,1188.0,1188,5.87,5.87,0,8.91,0.0,0.0,0,0,0
18141,1188.0,1188,5.87,5.87,0,8.91,0.0,0.0,0,0,0
18485,648.0,648,5.86,5.86,0,8.91,0.14,90.72,0,103,0
18686,1350.0,2700,5.87,11.73,0,8.91,0.0,0.0,0,0,1
18807,324.0,324,5.87,5.87,0,8.91,0.0,0.0,0,0,0
18871,1620.0,1620,5.87,5.87,0,10.0,0.0,0.0,0,74,1
18990,2160.0,2160,5.87,5.87,0,8.91,0.0,0.0,0,0,0
19101,1620.0,1620,5.86,5.86,0,8.91,0.0,0.0,0,0,0
19108,2160.0,2160,5.86,5.86,0,8.91,0.0,0.0,0,0,0
19290,2160.0,2160,5.87,5.87,0,8.91,0.0,0.0,0,256,0
19300,1620.0,1620,6.49,6.49,0,8.91,0.87,1409.4,0,141,0
19409,648.0,648,5.97,5.97,0,8.91,0.0,0.0,0,0,1
19418,2160.0,2160,5.86,5.86,0,8.91,0.0,0.0,0,0,0
19437,1620.0,1620,5.87,5.87,0,8.91,0.0,0.0,0,0,0
19504,2160.0,2160,5.87,5.87,0,8.91,0.0,0.0,0,54,1
19589,648.0,648,5.87,5.87,1,10.0,0.53,343.44,0,97,0
19605,1188.0,1188,6.13,6.13,0,8.91,0.0,0.0,0,0,0
19683,1188.0,1188,5.87,5.87,0,8.91,0.0,0.0,0,0,0
19722,1620.0,1620,6.49,6.49,0,9.0,0.0,0.0,0,23,1
19769,324.0,324,5.87,5.87,0,8.91,0.0,0.0,0,0,0
19924,1620.0,1620,5.87,5.87,0,8.91,0.0,0.0,0,0,0
20358,2160.0,2160,6.49,6.49,0,8.91,0.0,0.0,0,0,1
20404,2160.0,2160,5.87,5.87,0,8.91,0.0,0.0,0,3,0
20492,1080.0,1080,5.87,5.87,0,8.91,0.0,0.0,0,0,0
20633,2160.0,2160,5.58,5.58,0,8.91,0.0,0.0,0,0,0
20777,1188.0,1188,6.13,6.13,0,8.91,0.0,0.0,0,0,0
20787,1188.0,1188,5.87,5.87,0,8.91,0.0,0.0,0,0,0
20810,1620.0,1620,5.87,5.87,0,8.91,0.19,307.8,0,3,0
20853,2160.0,2160,5.97,5.97,1,10.0,0.04,86.4,0,236,0
21008,1620.0,1620,5.87,5.87,0,8.91,0.0,0.0,0,80,0
21062,324.0,324,5.87,5.87,0,8.91,0.0,0.0,0,0,0
21075,1188.0,1188,5.87,5.87,0,8.91,0.0,0.0,0,0,0
21567,1674.0,3348,5.6,11.2,1,10.0,0.0,0.0,0,259,1
21630,2160.0,2160,5.87,5.87,0,8.91,0.03,64.8,0,243,0
21700,1620.0,1620,6.14,6.14,0,8.91,0.0,0.0,0,0,1
21709,1188.0,1188,5.87,5.87,0,8.91,0.0,0.0,0,0,1
21734,2160.0,2160,6.14,6.14,0,8.91,0.09,194.4,0,0,0
21806,1188.0,1188,5.87,5.87,0,8.91,0.01,11.88,0,0,0
21954,1080.0,1080,5.87,5.87,0,8.91,0.0,0.0,0,0,0
21992,1188.0,1188,5.87,5.87,0,8.91,0.0,0.0,0,218,0
22165,1080.0,1080,5.87,5.87,0,8.91,0.24,259.2,0,134,0
22261,2160.0,2160,5.87,5.87,0,8.91,0.0,0.0,0,0,1
22472,1188.0,1188,5.87,5.87,0,8.91,0.0,0.0,0,139,1
22501,2160.0,2160,6.49,6.49,1,10.0,0.16,345.6,0,94,0
22787,2160.0,2160,5.87,5.87,0,8.91,0.38,820.8,0,84,0
23056,1656.0,4968,5.51,16.53,0,8.91,0.0,0.0,0,115,1
23120,1620.0,1620,5.87,5.87,0,8.91,0.17,275.4,0,208,0
23137,1296.0,3888,5.97,17.92,0,8.91,0.0,0.0,0,0,1
23201,1188.0,1188,7.18,7.18,0,8.91,0.0,0.0,0,0,0
23262,1188.0,1188,5.87,5.87,0,8.91,0.0,0.0,0,0,0
23461,2160.0,2160,5.86,5.86,0,8.91,0.0,0.0,0,2,0
23496,2160.0,2160,5.87,5.87,0,8.91,0.0,0.0,0,0,0
23858,1620.0,1620,5.87,5.87,0,9.0,0.0,0.0,0,0,1
24138,1620.0,1620,5.03,5.03,0,8.91,0.0,0.0,0,0,0
24422,1620.0,1620,6.49,6.49,0,8.91,0.2,324.0,0,0,0
24526,1188.0,1188,5.87,5.87,0,8.91,0.0,0.0,0,0,0
24684,2160.0,2160,5.87,5.87,0,8.91,0.0,0.0,0,0,0
24698,1620.0,1620,6.49,6.49,0,8.91,0.08,129.6,0,99,0
24737,1620.0,1620,5.87,5.87,1,9.0,0.4,648.0,0,14,0
24784,1620.0,1620,5.87,5.87,0,8.91,0.0,0.0,0,29,0
24827,2160.0,2160,6.14,6.14,0,8.91,0.0,0.0,0,225,0
24887,648.0,648,19.73,19.73,0,8.91,0.45,291.6,0,56,0
25050,1620.0,1620,5.87,5.87,0,8.91,0.13,210.6,0,1,0
25211,2160.0,2160,5.86,5.86,0,8.91,0.0,0.0,0,0,0
25263,1620.0,1620,5.87,5.87,1,7.0,0.07,113.4,0,19,0
25574,1188.0,1188,5.87,5.87,0,8.91,0.0,0.0,0,5,0
25676,1188.0,1188,5.87,5.87,0,8.91,0.0,0.0,0,140,1
25711,1080.0,1080,5.87,5.87,0,8.91,0.0,0.0,0,1,0
25924,1188.0,1188,5.87,5.87,0,8.91,0.0,0.0,0,0,0
25931,1188.0,1188,5.97,5.97,1,10.0,0.6,712.8,0,55,0
25992,1188.0,1188,5.87,5.87,0,8.91,0.06,71.28,0,209,0
26022,1188.0,1188,6.49,6.49,0,8.91,0.74,879.12,0,103,0
26096,1620.0,1620,5.87,5.87,0,8.91,0.0,0.0,0,61,0
26288,1620.0,3240,4.62,9.25,1,8.67,0.0,0.0,0,241,1
26304,1188.0,1188,5.87,5.87,0,8.91,0.0,0.0,0,57,1
26403,1404.0,5616,5.87,23.47,0,8.91,0.0,0.0,0,56,1
26434,1188.0,1188,6.14,6.14,0,8.91,0.0,0.0,0,0,0
26522,1404.0,2808,5.87,11.73,0,8.91,0.0,0.0,0,0,1
26756,648.0,648,5.87,5.87,0,8.91,0.0,0.0,0,225,1
26897,1188.0,1188,5.87,5.87,0,8.91,0.0,0.0,0,4,0
26906,1188.0,1188,5.87,5.87,0,8.91,0.22,261.36,0,55,0
26977,2160.0,2160,5.87,5.87,0,8.91,0.0,0.0,0,0,1
26982,1188.0,1188,7.18,7.18,0,8.91,0.19,225.72,0,173,0
27075,648.0,648,5.87,5.87,0,8.91,0.0,0.0,0,0,0
27218,1188.0,1188,5.87,5.87,0,8.91,0.0,0.0,0,0,0
27445,1080.0,1080,5.87,5.87,0,8.91,0.0,0.0,0,0,0
27514,2160.0,2160,5.87,5.87,0,8.91,0.0,0.0,0,215,0
27532,1620.0,1620,5.87,5.87,0,8.91,0.0,0.0,0,0,1
27533,1188.0,1188,5.97,5.97,1,10.0,1.0,1188.0,3,145,0
27619,1620.0,1620,5.87,5.87,0,8.91,0.0,0.0,0,5,1
27925,1188.0,1188,5.87,5.87,0,8.91,0.0,0.0,0,226,0
28010,1620.0,1620,5.87,5.87,0,8.91,0.0,0.0,0,0,0
28053,2160.0,2160,5.86,5.86,0,8.91,0.0,0.0,0,32,0
28143,2160.0,2160,5.87,5.87,0,8.91,0.0,0.0,0,0,0
28246,1620.0,1620,5.87,5.87,0,8.91,0.0,0.0,0,0,0
28344,1188.0,1188,5.87,5.87,0,8.91,0.0,0.0,0,11,0
28602,2160.0,2160,5.86,5.86,0,8.91,0.0,0.0,0,291,0
28736,1188.0,1188,6.49,6.49,0,8.91,0.0,0.0,0,0,0
28747,2160.0,2160,5.86,5.86,0,8.91,0.0,0.0,0,0,0
28903,2160.0,2160,5.86,5.86,0,8.91,0.0,0.0,0,0,0
29027,2160.0,2160,5.87,5.87,0,8.91,0.0,0.0,0,305,0
29130,1620.0,1620,5.87,5.87,1,10.0,0.0,0.0,0,168,1
29513,324.0,324,7.18,7.18,0,7.0,0.0,0.0,0,0,1
29566,1404.0,2808,5.6,11.2,0,8.91,0.0,0.0,0,176,1
29718,1080.0,1080,5.87,5.87,0,8.91,0.0,0.0,0,0,0
29981,1620.0,1620,5.87,5.87,0,8.91,0.05,81.0,0,94,0
30018,1188.0,1188,6.14,6.14,0,8.91,0.0,0.0,0,0,0
30200,1188.0,1188,5.87,5.87,0,8.91,0.0,0.0,0,0,0
30404,1620.0,1620,5.03,5.03,0,8.91,0.04,64.8,0,5,0
30419,2160.0,2160,5.87,5.87,1,9.0,0.16,345.6,0,307,0
30456,1620.0,1620,4.62,4.62,0,8.91,0.48,777.6,1,305,0
30655,1620.0,1620,5.97,5.97,0,8.91,0.69,1117.8,0,212,0
30791,1620.0,1620,5.97,5.97,0,8.91,0.05,81.0,0,225,0
30919,2160.0,2160,5.87,5.87,0,8.91,0.44,950.4,0,85,0
30955,1620.0,1620,6.49,6.49,1,10.0,0.08,129.6,0,99,0
31280,1296.0,3888,5.87,17.6,0,10.0,0.0,0.0,0,201,1
31551,1620.0,1620,5.87,5.87,0,8.91,0.53,858.6,1,298,0
31616,1620.0,1620,6.49,6.49,1,10.0,0.43,696.6,0,243,0
31686,648.0,648,5.87,5.87,0,8.91,0.0,0.0,0,0,0
31810,648.0,648,5.87,5.87,1,8.0,0.0,0.0,0,0,1
31995,1620.0,1620,4.62,4.62,0,8.91,0.0,0.0,0,0,0
32005,2160.0,2160,5.86,5.86,0,8.91,0.0,0.0,0,263,1
32147,1188.0,1188,6.49,6.49,0,8.91,0.0,0.0,0,186,0
32156,2160.0,2160,6.49,6.49,0,8.91,0.02,43.2,0,302,0
32228,1188.0,1188,5.87,5.87,0,8.91,0.17,201.96,0,306,0
32296,1620.0,1620,5.87,5.87,0,8.91,0.07,113.4,0,237,0
32794,1620.0,1620,5.87,5.87,0,8.91,0.58,939.6,0,27,0
32838,1188.0,1188,5.87,5.87,0,8.91,0.0,0.0,0,0,0
32841,1080.0,1080,6.66,6.66,0,8.91,0.0,0.0,0,0,0
32870,648.0,648,5.87,5.87,0,8.91,0.0,0.0,0,0,1
32937,2160.0,2160,7.18,7.18,0,8.91,0.0,0.0,0,0,0
32974,2160.0,2160,6.14,6.14,0,8.91,0.0,0.0,0,0,0
33001,648.0,648,5.58,5.58,0,8.91,0.31,200.88,0,2,0
33119,648.0,648,5.87,5.87,0,8.91,0.0,0.0,0,0,0
33358,2160.0,2160,5.87,5.87,0,8.91,0.0,0.0,0,0,0
33387,1620.0,1620,5.87,5.87,1,10.0,0.99,1603.8,2,76,0
33498,2160.0,2160,5.86,5.86,0,8.91,0.0,0.0,0,22,1
33534,2160.0,2160,5.58,5.58,0,8.91,0.0,0.0,0,173,0
33683,2160.0,2160,5.86,5.86,0,8.91,0.02,43.2,0,76,0
69,1188.0,1188,6.4,6.4,0,8.91,0.01,11.88,0,103,0
90,2160.0,2160,6.39,6.39,0,8.91,0.0,0.0,0,0,0
136,1620.0,1620,5.97,5.97,0,8.91,0.0,0.0,0,0,0
223,2160.0,2160,6.4,6.4,0,8.91,0.0,0.0,0,0,0
923,540.0,540,5.97,5.97,0,8.91,0.0,0.0,0,177,0
970,1188.0,1188,7.08,7.08,0,8.91,0.0,0.0,0,3,0
1220,1620.0,1620,6.91,6.91,0,8.91,0.02,32.4,0,10,0
1468,2160.0,2160,6.4,6.4,0,8.91,0.01,21.6,0,183,0
1836,2160.0,2160,6.4,6.4,1,6.0,0.0,0.0,0,88,1
2091,1080.0,1080,7.08,7.08,0,8.91,0.14,151.2,0,2,0
2126,1188.0,1188,6.4,6.4,0,8.91,0.0,0.0,0,0,0
2342,648.0,648,6.4,6.4,0,8.91,0.0,0.0,0,0,0
2852,1188.0,1188,6.4,6.4,0,8.91,0.0,0.0,0,51,0
2933,2160.0,2160,6.39,6.39,0,8.91,0.15,324.0,0,190,0
3062,1188.0,1188,6.39,6.39,0,8.91,0.03,35.64,0,16,0
3275,1620.0,1620,6.4,6.4,0,8.91,0.0,0.0,0,45,0
3325,1620.0,1620,6.4,6.4,0,8.91,0.0,0.0,0,0,0
4014,2160.0,2160,4.95,4.95,0,8.91,0.02,43.2,0,310,0
4043,2160.0,2160,6.4,6.4,0,8.91,0.01,21.6,0,173,0
4058,2160.0,2160,6.91,6.91,0,8.91,0.13,280.8,1,123,0
4103,1620.0,1620,6.4,6.4,0,8.91,0.01,16.2,0,0,0
4202,1620.0,1620,6.4,6.4,1,10.0,0.08,129.6,0,79,0
4373,1890.0,3780,6.4,12.8,0,8.91,0.0,0.0,0,28,1
4733,648.0,648,6.4,6.4,0,8.91,0.0,0.0,0,0,0
4847,1620.0,1620,6.4,6.4,0,8.91,0.17,275.4,0,74,0
4874,2160.0,2160,6.91,6.91,0,8.91,0.91,1965.6,1,212,0
5258,1242.0,2484,7.19,14.39,0,8.91,0.0,0.0,0,216,1
5629,2160.0,2160,6.39,6.39,0,8.91,0.11,237.6,0,209,0
5717,1620.0,1620,6.4,6.4,0,8.91,0.02,32.4,0,276,0
6059,1620.0,1620,5.97,5.97,0,8.91,0.0,0.0,0,0,1
6116,1188.0,1188,6.39,6.39,1,6.0,0.95,1128.6,0,206,0
6286,2160.0,2160,7.08,7.08,0,8.91,0.17,367.2,0,210,0
6838,324.0,324,6.4,6.4,0,8.91,0.0,0.0,0,0,0
6989,1188.0,1188,6.4,6.4,0,8.91,0.0,0.0,0,0,0
7240,1080.0,1080,7.08,7.08,0,8.91,0.62,669.6,1,123,0
7360,1620.0,1620,6.4,6.4,0,8.91,0.0,0.0,0,0,0
8042,1620.0,1620,6.4,6.4,0,8.91,0.0,0.0,0,0,0
8471,1620.0,1620,7.08,7.08,0,8.91,0.02,32.4,0,33,0
9142,2160.0,2160,6.4,6.4,1,10.0,0.35,756.0,0,187,0
9160,1080.0,1080,6.4,6.4,0,8.91,0.0,0.0,0,0,0
9240,1620.0,1620,6.4,6.4,0,8.91,0.0,0.0,0,14,0
9643,2160.0,2160,6.4,6.4,0,8.91,0.0,0.0,0,0,0
9858,1188.0,1188,6.4,6.4,0,8.91,0.11,130.68,0,258,0
10123,2160.0,2160,6.4,6.4,0,8.91,0.0,0.0,0,0,0
10216,648.0,648,6.91,6.91,0,8.91,0.02,12.96,0,169,0
10279,1620.0,1620,5.01,5.01,1,10.0,0.59,955.8,1,279,0
10368,1620.0,4860,5.91,17.74,0,8.91,0.0,0.0,0,168,1
10800,1620.0,1620,6.4,6.4,0,8.91,0.0,0.0,0,0,0
11250,2160.0,2160,4.95,4.95,0,8.91,0.0,0.0,0,0,0
11522,648.0,648,6.4,6.4,0,8.91,0.53,343.44,0,83,0
11619,1188.0,1188,6.4,6.4,0,8.91,0.0,0.0,0,0,0
11620,2160.0,2160,6.4,6.4,0,8.91,0.12,259.2,0,21,0
11797,2160.0,2160,6.4,6.4,0,8.91,0.0,0.0,0,165,0
12041,2160.0,2160,7.08,7.08,0,8.91,0.0,0.0,0,0,0
12142,1188.0,1188,6.4,6.4,0,8.91,0.04,47.52,0,0,0
12159,1188.0,1188,6.4,6.4,0,8.0,0.0,0.0,0,0,1
12163,1188.0,1188,5.97,5.97,1,9.0,0.76,902.88,0,8,0
12173,2160.0,2160,5.97,5.97,0,8.91,0.18,388.8,0,212,0
12304,1188.0,1188,6.4,6.4,0,8.91,0.0,0.0,0,0,0
12310,1620.0,1620,6.39,6.39,0,8.91,0.0,0.0,0,23,0
12679,1620.0,1620,7.83,7.83,0,8.91,0.0,0.0,0,66,1
12872,1620.0,1620,6.4,6.4,0,8.91,0.0,0.0,0,0,1
13059,1620.0,1620,6.4,6.4,0,8.91,0.0,0.0,0,0,0
13162,324.0,324,5.01,5.01,1,10.0,1.0,324.0,2,42,0
13200,2160.0,2160,6.39,6.39,0,8.91,0.0,0.0,0,22,0
13787,1188.0,1188,5.97,5.97,0,8.91,0.0,0.0,0,0,0
14527,1620.0,1620,6.39,6.39,0,8.91,0.07,113.4,0,18,0
14587,1620.0,1620,6.4,6.4,1,8.0,0.19,307.8,0,100,0
14866,2160.0,2160,6.4,6.4,0,8.91,0.0,0.0,0,0,1
14930,1620.0,1620,7.08,7.08,0,8.91,0.0,0.0,0,0,0
14951,324.0,324,6.4,6.4,0,8.91,0.06,19.44,0,0,0
14961,648.0,648,6.4,6.4,0,8.91,0.0,0.0,0,21,0
15173,1620.0,1620,5.01,5.01,0,8.91,0.0,0.0,0,0,0
15412,2160.0,2160,6.4,6.4,0,8.91,0.0,0.0,0,0,0
15567,1620.0,1620,6.4,6.4,0,8.91,0.15,243.0,0,167,0
15917,1620.0,1620,6.09,6.09,0,8.91,0.0,0.0,0,0,0
16407,1080.0,1080,6.4,6.4,0,8.91,0.0,0.0,0,0,0
16676,2160.0,2160,6.91,6.91,0,8.91,0.0,0.0,0,0,0
16698,1620.0,1620,6.39,6.39,0,8.91,0.0,0.0,0,1,0
16806,324.0,324,5.97,5.97,0,8.91,0.0,0.0,0,0,0
17069,1350.0,2700,7.83,15.67,0,8.91,0.0,0.0,0,196,1
17132,1620.0,1620,5.49,5.49,0,8.91,0.0,0.0,0,0,0
17352,1620.0,1620,6.4,6.4,0,8.91,0.35,567.0,0,6,0
17373,1188.0,1188,7.08,7.08,1,10.0,1.0,1188.0,0,159,0
17464,648.0,648,7.83,7.83,0,8.91,0.02,12.96,0,0,0
17646,1188.0,1188,6.4,6.4,1,9.0,0.58,689.04,0,54,0
17720,1188.0,1188,7.83,7.83,0,8.91,0.21,249.48,0,91,0
17824,2160.0,2160,6.39,6.39,0,8.91,0.0,0.0,0,0,0
17862,2160.0,2160,6.91,6.91,1,9.0,0.77,1663.2,0,2,0
17890,1188.0,1188,6.4,6.4,0,8.91,0.13,154.44,0,76,0
17955,1674.0,3348,5.99,11.97,0,9.0,0.0,0.0,0,167,1
18039,1620.0,1620,6.4,6.4,0,8.91,0.0,0.0,0,0,0
18097,1188.0,1188,7.83,7.83,0,8.91,0.12,142.56,0,5,0
18275,2160.0,2160,6.4,6.4,0,8.91,0.0,0.0,0,35,0
18305,1350.0,2700,6.09,12.17,0,8.91,0.0,0.0,0,0,1
18412,1188.0,1188,6.4,6.4,0,8.91,0.0,0.0,0,0,0
18466,1188.0,1188,6.4,6.4,0,8.91,0.25,297.0,0,186,0
18490,2160.0,2160,6.4,6.4,1,8.0,0.27,583.2,0,106,0
18501,1188.0,1188,5.49,5.49,0,8.91,0.0,0.0,0,0,0
18505,324.0,324,6.4,6.4,0,8.91,0.0,0.0,0,26,0
18546,2160.0,2160,6.39,6.39,0,8.91,0.0,0.0,0,0,0
18593,1620.0,1620,7.08,7.08,0,8.91,0.05,81.0,0,0,0
18659,1620.0,1620,6.39,6.39,1,6.0,0.27,437.4,0,307,0
18689,2160.0,2160,6.4,6.4,0,8.91,0.0,0.0,0,0,0
18753,1620.0,1620,6.4,6.4,0,8.91,0.0,0.0,0,273,0
18764,2160.0,2160,6.4,6.4,1,1.5,0.0,0.0,0,4,1
19197,2160.0,2160,6.39,6.39,0,8.91,0.0,0.0,0,151,0
19260,2160.0,2160,7.08,7.08,0,8.91,0.0,0.0,0,45,0
19494,2160.0,2160,6.4,6.4,0,8.91,0.13,280.8,0,38,0
19516,1188.0,1188,6.39,6.39,1,10.0,1.0,1188.0,2,256,0
19523,1620.0,1620,7.08,7.08,0,8.91,0.0,0.0,0,34,0
19663,324.0,324,7.83,7.83,0,8.91,0.0,0.0,0,0,0
20035,1620.0,1620,6.4,6.4,0,8.91,0.0,0.0,0,41,0
20216,1620.0,1620,7.83,7.83,0,8.91,0.02,32.4,0,202,0
20368,1188.0,1188,6.4,6.4,0,10.0,0.0,0.0,0,97,1
20562,2160.0,2160,6.39,6.39,0,8.91,0.0,0.0,0,0,0
21025,1188.0,1188,7.08,7.08,0,8.91,0.19,225.72,0,156,0
21189,2160.0,2160,6.09,6.09,0,8.91,0.05,108.0,0,39,0
21437,2160.0,2160,6.4,6.4,0,8.91,0.0,0.0,0,223,0
21534,1188.0,1188,7.08,7.08,1,10.0,1.0,1188.0,0,0,0
22488,1620.0,1620,6.4,6.4,0,8.91,0.0,0.0,0,30,0
22991,1188.0,1188,6.4,6.4,1,8.0,0.55,653.4,1,5,0
23055,1080.0,1080,6.4,6.4,0,8.91,0.0,0.0,0,0,0
23229,2160.0,2160,6.4,6.4,1,8.0,0.41,885.6,0,125,0
23258,1188.0,1188,7.83,7.83,1,8.0,1.0,1188.0,1,46,0
23557,324.0,324,6.4,6.4,0,8.91,0.0,0.0,0,0,0
23925,2160.0,2160,4.95,4.95,0,8.91,0.35,756.0,0,115,0
24032,1062.0,6372,6.4,38.4,1,9.5,0.0,0.0,3,304,1
24115,1080.0,1080,6.13,6.13,0,8.91,0.0,0.0,0,0,0
24303,1620.0,1620,7.83,7.83,0,8.91,0.0,0.0,0,0,0
24400,648.0,648,6.4,6.4,0,8.91,0.0,0.0,0,0,0
24674,2160.0,2160,6.4,6.4,0,8.91,0.47,1015.2,2,62,0
24831,1620.0,1620,6.39,6.39,0,8.91,0.0,0.0,0,0,0
25005,2160.0,2160,6.4,6.4,0,8.91,0.22,475.2,0,206,0
25486,1620.0,1620,6.4,6.4,0,8.91,0.03,48.6,0,116,0
25537,1620.0,1620,6.4,6.4,0,8.91,0.26,421.2,0,309,0
25885,2160.0,2160,6.4,6.4,0,8.91,0.0,0.0,0,227,0
25916,1620.0,1620,6.4,6.4,1,6.0,0.09,145.8,0,70,0
26097,1188.0,1188,6.4,6.4,0,8.91,0.0,0.0,0,0,1
26128,1620.0,1620,6.4,6.4,0,8.91,0.0,0.0,0,0,0
26224,1620.0,1620,6.4,6.4,0,8.91,0.0,0.0,0,0,0
26663,1620.0,1620,6.4,6.4,0,8.91,0.0,0.0,0,0,0
26686,1188.0,1188,6.4,6.4,0,8.91,0.0,0.0,0,224,1
27029,2160.0,2160,6.4,6.4,0,8.91,0.07,151.2,0,114,0
27299,2160.0,2160,6.39,6.39,0,8.91,0.01,21.6,0,13,0
27480,2160.0,2160,6.4,6.4,0,8.91,0.71,1533.6,0,55,0
27779,1620.0,1620,6.4,6.4,1,10.0,0.99,1603.8,1,68,0
28190,1080.0,1080,6.4,6.4,0,8.91,0.25,270.0,0,9,0
28196,1674.0,3348,6.67,13.33,1,10.0,0.0,0.0,0,174,1
28290,1188.0,1188,5.97,5.97,0,8.91,0.0,0.0,0,0,0
28907,1188.0,1188,7.08,7.08,0,8.91,0.18,213.84,0,68,0
29198,1674.0,3348,6.09,12.17,0,8.91,0.0,0.0,0,247,1
29202,1620.0,1620,5.01,5.01,0,8.91,0.0,0.0,0,0,0
29236,648.0,648,5.97,5.97,0,8.91,0.04,25.92,0,92,0
29325,1188.0,1188,6.4,6.4,0,8.91,0.0,0.0,0,0,0
29483,1080.0,1080,5.86,5.86,0,8.91,0.33,356.4,0,252,0
29493,2160.0,2160,6.4,6.4,1,9.0,0.26,561.6,0,158,0
30513,1188.0,1188,5.97,5.97,0,8.91,0.0,0.0,0,90,0
30679,2160.0,2160,7.08,7.08,0,8.91,0.0,0.0,0,0,0
30784,2160.0,2160,6.4,6.4,0,8.91,0.0,0.0,0,20,1
30852,1620.0,1620,7.83,7.83,0,8.91,0.0,0.0,0,0,0
30968,2160.0,2160,7.08,7.08,0,8.91,0.0,0.0,0,0,0
31223,648.0,648,6.4,6.4,0,8.91,0.02,12.96,0,0,0
31577,1188.0,1188,5.86,5.86,0,8.0,0.0,0.0,0,51,1
31729,1620.0,1620,6.4,6.4,0,8.91,0.0,0.0,0,60,0
31749,1620.0,1620,4.95,4.95,0,8.91,0.15,243.0,0,188,0
31815,1620.0,1620,6.39,6.39,0,8.91,0.03,48.6,0,0,0
32303,1080.0,1080,5.49,5.49,0,8.91,0.0,0.0,0,0,0
32751,2160.0,2160,7.83,7.83,1,6.0,0.33,712.8,0,285,0
32837,2160.0,2160,6.4,6.4,0,8.91,0.19,410.4,0,39,0
32940,1188.0,1188,6.4,6.4,0,8.91,0.0,0.0,0,0,0
32969,1620.0,1620,6.09,6.09,0,8.91,0.02,32.4,0,150,0
33012,1620.0,1620,6.4,6.4,0,8.91,0.0,0.0,0,0,0
33061,1620.0,1620,6.39,6.39,0,8.91,0.0,0.0,0,0,0
33205,2160.0,2160,6.39,6.39,0,8.91,0.02,43.2,0,3,0
33331,2160.0,2160,6.4,6.4,0,8.91,0.0,0.0,0,256,0
33415,1188.0,1188,7.08,7.08,0,8.91,0.0,0.0,0,0,0
33517,2160.0,2160,6.09,6.09,0,8.91,0.0,0.0,0,202,1
130,2160.0,2160,6.4,6.4,1,4.0,0.03,64.8,0,0,0
188,2160.0,2160,6.39,6.39,0,8.91,0.0,0.0,0,155,0
394,1080.0,1080,6.4,6.4,0,8.91,0.0,0.0,0,0,0
428,1080.0,1080,6.4,6.4,0,8.91,0.24,259.2,0,33,0
539,1188.0,1188,6.4,6.4,0,8.91,0.0,0.0,0,0,1
584,1188.0,1188,7.08,7.08,0,8.91,0.17,201.96,0,302,0
589,756.0,1512,7.2,14.4,0,8.91,0.0,0.0,0,0,1
724,2160.0,2160,6.4,6.4,0,8.91,0.0,0.0,0,0,0
893,324.0,324,6.13,6.13,0,8.91,0.0,0.0,0,0,0
1100,1188.0,1188,6.4,6.4,0,8.91,0.0,0.0,0,0,1
1171,1188.0,1188,6.4,6.4,0,8.91,0.0,0.0,0,0,0
1444,1188.0,1188,7.83,7.83,1,10.0,0.57,677.16,0,23,0
1537,1620.0,1620,6.4,6.4,0,8.91,0.0,0.0,0,0,0
1737,1188.0,1188,5.97,5.97,0,8.91,0.0,0.0,0,0,0
1752,1620.0,1620,7.83,7.83,0,8.91,0.0,0.0,0,0,0
2099,1188.0,1188,6.39,6.39,0,8.91,0.0,0.0,0,0,0
2208,2160.0,2160,6.4,6.4,0,8.91,0.0,0.0,0,0,0
2340,1080.0,1080,6.4,6.4,0,8.91,0.0,0.0,0,0,0
2352,2160.0,2160,6.39,6.39,0,8.91,0.0,0.0,0,0,0
2464,1620.0,1620,6.4,6.4,0,8.91,0.0,0.0,0,0,1
2726,1620.0,1620,6.4,6.4,0,8.91,0.0,0.0,0,0,0
2839,2160.0,2160,7.08,7.08,0,8.91,0.02,43.2,0,176,0
2955,1080.0,1080,6.4,6.4,0,8.91,0.0,0.0,0,0,0
3132,1188.0,1188,6.4,6.4,0,8.91,0.0,0.0,0,0,0
3335,648.0,648,6.4,6.4,0,8.91,0.14,90.72,0,42,0
3336,1404.0,2808,5.65,11.31,1,8.0,0.0,0.0,0,305,1
3408,2160.0,2160,7.08,7.08,0,8.91,0.0,0.0,0,65,0
3456,1620.0,1620,4.95,4.95,0,8.91,0.0,0.0,0,134,0
3564,1656.0,4968,6.4,19.2,0,8.91,0.0,0.0,0,147,1
3644,1620.0,1620,6.4,6.4,0,8.91,0.0,0.0,0,9,0
3904,2160.0,2160,6.39,6.39,0,8.91,0.0,0.0,0,0,0
4027,1188.0,1188,6.4,6.4,0,8.91,0.03,35.64,0,205,0
4099,1620.0,1620,6.13,6.13,0,8.91,0.0,0.0,0,0,0
4324,1620.0,1620,6.4,6.4,0,8.91,0.0,0.0,0,114,1
4384,1620.0,1620,6.4,6.4,0,8.91,0.04,64.8,0,84,0
4403,1188.0,1188,6.4,6.4,0,8.91,0.12,142.56,0,0,0
4495,1188.0,1188,6.39,6.39,0,8.91,0.0,0.0,0,52,1
4546,1620.0,1620,6.39,6.39,1,10.0,0.99,1603.8,1,220,0
4749,1620.0,1620,5.97,5.97,0,8.91,0.0,0.0,0,0,0
5091,1620.0,1620,6.4,6.4,0,8.91,0.0,0.0,0,0,0
5101,1620.0,1620,5.97,5.97,0,8.91,0.0,0.0,0,0,0
5144,1080.0,1080,4.95,4.95,0,8.91,0.0,0.0,0,0,0
5292,1620.0,1620,7.08,7.08,0,8.91,0.52,842.4,0,105,0
5318,1620.0,1620,6.4,6.4,0,8.91,0.0,0.0,0,0,0
5329,2160.0,2160,6.39,6.39,0,8.91,0.0,0.0,0,0,0
5459,1188.0,1188,6.39,6.39,0,8.91,0.0,0.0,0,7,0
5472,1620.0,1620,6.91,6.91,0,8.91,0.0,0.0,0,1,0
5536,2160.0,2160,6.39,6.39,0,8.91,0.0,0.0,0,29,0
5672,1188.0,1188,6.4,6.4,1,8.0,0.55,653.4,1,214,0
5681,1620.0,1620,6.4,6.4,0,8.91,0.0,0.0,0,0,0
6056,324.0,324,6.39,6.39,0,8.91,0.0,0.0,0,0,0
6089,1188.0,1188,6.4,6.4,0,8.91,0.0,0.0,0,0,0
6256,1620.0,1620,6.4,6.4,0,8.91,0.0,0.0,0,0,0
6614,1188.0,1188,6.4,6.4,1,9.0,0.62,736.56,0,25,0
6768,2160.0,2160,6.39,6.39,0,8.91,0.0,0.0,0,0,0
7148,1188.0,1188,7.08,7.08,1,10.0,0.0,0.0,0,80,1
7281,2160.0,2160,25.6,25.6,0,8.91,0.13,280.8,0,216,0
7391,1404.0,2808,6.22,12.44,0,8.91,0.0,0.0,0,79,1
7561,1620.0,1620,6.4,6.4,0,8.91,0.47,761.4,0,227,0
7591,324.0,324,6.4,6.4,0,8.91,0.0,0.0,0,0,0
7678,2160.0,2160,6.4,6.4,0,8.91,0.0,0.0,0,0,0
7698,1890.0,3780,6.39,12.79,0,8.91,0.0,0.0,0,0,1
7749,1188.0,1188,6.4,6.4,1,10.0,0.39,463.32,0,307,0
7913,2160.0,2160,6.4,6.4,0,8.91,0.0,0.0,0,109,0
8592,1620.0,1620,6.09,6.09,0,8.91,0.0,0.0,0,0,0
8645,1620.0,1620,6.4,6.4,0,8.91,0.0,0.0,0,178,1
8745,1188.0,1188,7.08,7.08,0,8.91,0.08,95.04,0,6,0
8804,1080.0,4320,5.6,22.4,0,8.91,0.0,0.0,0,34,1
9133,2160.0,2160,6.39,6.39,0,8.91,0.0,0.0,0,2,0
9139,1620.0,1620,6.4,6.4,0,8.91,0.07,113.4,0,0,0
9311,2160.0,2160,6.4,6.4,0,8.91,0.0,0.0,0,0,0
9540,1188.0,1188,6.4,6.4,0,8.91,0.05,59.4,0,19,0
9547,1620.0,1620,6.4,6.4,0,8.91,0.32,518.4,0,14,0
9714,2160.0,2160,6.39,6.39,0,8.91,0.45,972.0,0,277,0
9848,1620.0,1620,6.7,6.7,0,8.91,0.0,0.0,0,0,0
9850,216.0,216,6.39,6.39,1,10.0,0.0,0.0,0,0,1
9899,1188.0,1188,7.08,7.08,0,8.91,0.0,0.0,0,0,0
9918,2160.0,2160,6.4,6.4,1,9.0,0.34,734.4,0,264,0
9977,1188.0,1188,7.08,7.08,0,8.91,0.0,0.0,0,0,0
10061,1188.0,1188,6.4,6.4,0,8.91,0.0,0.0,0,287,1
10085,1188.0,1188,6.4,6.4,0,8.91,0.0,0.0,0,94,0
10179,1620.0,1620,6.13,6.13,0,8.91,0.0,0.0,0,1,0
10254,2160.0,2160,7.08,7.08,0,8.91,0.0,0.0,0,0,0
10261,1188.0,1188,7.08,7.08,0,8.91,0.0,0.0,0,54,0
10400,1620.0,1620,5.97,5.97,1,3.0,0.16,259.2,0,121,0
10501,2160.0,2160,4.95,4.95,0,8.91,0.04,86.4,0,210,0
10653,2160.0,2160,6.4,6.4,0,8.91,0.0,0.0,0,0,0
10655,540.0,540,6.4,6.4,0,8.91,0.0,0.0,0,0,1
10905,2160.0,2160,7.08,7.08,1,10.0,0.45,972.0,0,164,0
11311,324.0,324,6.4,6.4,0,8.91,0.0,0.0,0,0,0
11394,1188.0,1188,6.4,6.4,0,8.91,0.01,11.88,0,289,0
11420,1188.0,1188,7.83,7.83,0,8.91,0.0,0.0,0,0,0
11732,1080.0,1080,6.4,6.4,0,8.91,0.16,172.8,0,0,0
11852,1188.0,1188,7.83,7.83,0,8.91,0.0,0.0,0,0,1
12035,1188.0,1188,6.4,6.4,0,8.91,0.0,0.0,0,231,0
12474,2160.0,2160,7.08,7.08,0,8.91,0.0,0.0,0,19,0
12567,1620.0,1620,6.4,6.4,1,10.0,0.37,599.4,0,8,0
12592,1188.0,1188,6.4,6.4,0,8.91,0.0,0.0,0,0,0
12617,1188.0,1188,7.08,7.08,0,8.91,0.0,0.0,0,0,0
12650,1188.0,1188,7.08,7.08,0,8.91,0.0,0.0,0,0,0
12753,2160.0,2160,6.13,6.13,0,8.91,0.0,0.0,0,100,0
12924,1080.0,1080,5.49,5.49,0,8.91,0.0,0.0,0,0,0
12990,2160.0,2160,6.39,6.39,0,8.91,0.48,1036.8,0,209,0
13067,1080.0,1080,6.4,6.4,0,8.91,0.0,0.0,0,0,0
13225,1188.0,1188,6.4,6.4,0,8.91,0.0,0.0,0,130,0
13381,2160.0,2160,6.4,6.4,0,8.91,0.0,0.0,0,0,0
13537,1620.0,1620,6.4,6.4,0,8.91,0.04,64.8,0,88,0
13918,1512.0,6048,6.13,24.53,0,8.91,0.0,0.0,0,0,1
14222,1620.0,1620,6.4,6.4,0,8.91,0.0,0.0,0,0,0
14285,1080.0,1080,6.4,6.4,0,8.91,0.35,378.0,0,5,0
14290,1620.0,1620,5.97,5.97,0,8.91,0.0,0.0,0,0,0
14515,1188.0,1188,6.4,6.4,0,8.91,0.06,71.28,0,7,0
14651,1188.0,1188,6.4,6.4,0,8.91,0.0,0.0,0,0,0
14721,1188.0,1188,7.83,7.83,0,8.91,0.0,0.0,0,296,1
14776,1188.0,1188,6.4,6.4,0,8.91,0.09,106.92,0,13,0
14808,2160.0,2160,6.39,6.39,0,8.91,0.0,0.0,0,98,0
14854,1188.0,1188,5.97,5.97,0,8.91,0.02,23.76,0,35,0
14935,1620.0,1620,4.95,4.95,0,8.91,0.0,0.0,0,155,0
15043,1188.0,1188,6.4,6.4,0,8.91,0.0,0.0,0,0,0
15141,2160.0,2160,6.39,6.39,0,8.91,0.0,0.0,0,0,0
15175,1188.0,1188,5.01,5.01,0,8.91,0.0,0.0,0,0,0
15420,1188.0,1188,6.4,6.4,0,8.91,0.03,35.64,0,0,0
15532,1188.0,1188,7.83,7.83,0,8.91,0.0,0.0,0,0,0
15545,1620.0,1620,7.08,7.08,1,10.0,0.61,988.2,1,110,0
15724,1620.0,1620,6.4,6.4,0,8.91,0.35,567.0,0,80,0
15787,1188.0,1188,6.4,6.4,1,9.0,0.07,83.16,0,54,0
15845,1188.0,1188,6.4,6.4,0,8.91,0.0,0.0,0,0,0
16073,1188.0,1188,7.83,7.83,0,8.91,0.19,225.72,0,12,0
16229,1188.0,1188,7.08,7.08,0,8.91,0.0,0.0,0,0,0
16235,2160.0,2160,6.4,6.4,0,8.91,0.52,1123.2,0,268,0
16851,2160.0,2160,6.4,6.4,0,8.91,0.19,410.4,0,103,0
16898,1620.0,1620,6.4,6.4,0,8.91,0.0,0.0,0,65,0
16918,1512.0,6048,6.4,25.6,0,8.91,0.0,0.0,0,99,1
17231,1188.0,1188,6.4,6.4,0,8.91,0.0,0.0,0,0,0
17415,1080.0,1080,7.83,7.83,1,10.0,1.0,1080.0,0,139,0
17505,1080.0,1080,6.4,6.4,0,8.91,0.16,172.8,0,8,0
17588,2160.0,2160,6.4,6.4,0,8.91,0.0,0.0,0,0,0
17963,1620.0,1620,6.4,6.4,0,8.91,0.0,0.0,0,18,0
18123,1188.0,1188,6.4,6.4,0,8.91,0.43,510.84,0,21,0
18261,2160.0,2160,6.4,6.4,0,8.91,0.41,885.6,0,29,0
18321,324.0,324,6.4,6.4,0,8.91,0.0,0.0,0,0,0
18364,2160.0,2160,5.97,5.97,1,10.0,0.41,885.6,0,284,0
18365,1620.0,1620,6.13,6.13,0,8.91,0.0,0.0,0,50,0
18683,1620.0,1620,6.4,6.4,0,8.91,0.0,0.0,0,239,0
19058,1080.0,1080,6.39,6.39,0,8.91,0.0,0.0,0,0,0
19151,1620.0,1620,6.4,6.4,1,9.0,0.48,777.6,0,245,0
19167,1188.0,1188,5.97,5.97,0,8.91,0.0,0.0,0,303,0
19315,1188.0,1188,6.4,6.4,0,8.91,0.0,0.0,0,0,0
19476,1620.0,1620,6.4,6.4,1,10.0,0.5,810.0,0,111,0
19545,2160.0,2160,7.83,7.83,0,8.91,0.0,0.0,0,0,0
19957,1080.0,1080,4.95,4.95,0,8.91,0.0,0.0,0,30,1
19973,1188.0,1188,6.4,6.4,0,8.91,0.0,0.0,0,53,0
20056,648.0,648,6.4,6.4,0,8.91,0.0,0.0,0,0,1
20060,1620.0,1620,6.4,6.4,0,8.91,0.0,0.0,0,11,0
20242,1080.0,1080,7.83,7.83,0,8.91,0.0,0.0,0,0,0
20347,2160.0,2160,7.08,7.08,0,8.91,0.0,0.0,0,0,0
20464,2160.0,2160,6.39,6.39,0,8.91,0.04,86.4,0,1,0
20485,1620.0,1620,7.08,7.08,0,8.91,0.3,486.0,0,17,0
20531,1188.0,1188,6.4,6.4,1,10.0,0.04,47.52,0,55,0
20831,918.0,1836,7.19,14.39,0,8.91,0.0,0.0,0,0,1
20847,2160.0,2160,6.4,6.4,0,8.91,0.0,0.0,0,0,0
21003,2160.0,2160,6.4,6.4,0,8.91,0.0,0.0,0,178,0
21119,2160.0,2160,6.39,6.39,0,8.91,0.0,0.0,0,0,0
21346,1620.0,1620,6.4,6.4,0,8.91,0.05,81.0,0,48,0
21369,1188.0,1188,5.97,5.97,0,8.91,0.0,0.0,0,21,0
21424,324.0,324,6.4,6.4,0,8.91,0.78,252.72,0,15,0
21452,2160.0,2160,6.4,6.4,0,8.91,0.05,108.0,0,0,0
21549,648.0,648,6.39,6.39,1,8.0,1.0,648.0,0,76,0
21576,1620.0,1620,7.08,7.08,1,8.0,0.89,1441.8,1,278,0
21598,1890.0,3780,6.4,12.8,0,8.91,0.0,0.0,2,260,1
21615,1188.0,1188,5.97,5.97,0,8.91,0.0,0.0,0,56,0
21631,1620.0,1620,7.08,7.08,0,8.91,0.0,0.0,0,0,0
21802,1080.0,1080,6.4,6.4,0,8.91,0.0,0.0,0,0,0
21831,1188.0,1188,6.91,6.91,0,8.91,0.0,0.0,0,0,0
22158,1188.0,1188,6.39,6.39,0,8.91,0.07,83.16,0,141,0
22160,1134.0,2268,7.2,14.4,0,8.91,0.0,0.0,0,106,1
22243,1620.0,1620,6.4,6.4,0,8.91,0.0,0.0,0,0,0
22385,2160.0,2160,6.4,6.4,0,8.91,0.02,43.2,0,1,0
22413,1188.0,1188,6.4,6.4,0,8.91,0.69,819.72,0,3,0
22461,1620.0,1620,5.97,5.97,0,8.91,0.37,599.4,0,11,0
22516,2160.0,2160,6.4,6.4,0,8.91,0.14,302.4,0,51,0
22640,1188.0,1188,6.4,6.4,1,9.0,0.24,285.12,0,256,0
22671,2160.0,2160,6.4,6.4,0,8.91,0.03,64.8,0,249,0
22754,648.0,648,6.91,6.91,0,8.91,0.0,0.0,0,11,1
22883,648.0,648,6.4,6.4,0,8.91,0.0,0.0,0,0,0
23136,1188.0,1188,6.39,6.39,0,8.91,0.0,0.0,0,0,0
23562,1620.0,1620,6.4,6.4,0,8.91,0.0,0.0,0,0,0
23581,2160.0,2160,7.08,7.08,0,8.91,0.0,0.0,0,30,0
23592,648.0,648,7.83,7.83,0,8.91,0.0,0.0,0,1,0
23952,1620.0,1620,7.83,7.83,0,8.91,0.35,567.0,0,126,0
24647,1188.0,1188,6.4,6.4,0,8.91,0.35,415.8,0,7,0
24669,2160.0,2160,6.4,6.4,0,8.91,0.04,86.4,0,174,0
24871,2160.0,2160,6.39,6.39,0,8.91,0.0,0.0,0,0,0
25042,1188.0,1188,6.4,6.4,0,10.0,0.0,0.0,0,0,1
25070,1080.0,1080,6.4,6.4,0,8.91,0.0,0.0,0,24,0
25221,1620.0,1620,6.4,6.4,1,6.0,0.3,486.0,0,5,0
25238,1188.0,1188,7.83,7.83,0,8.91,0.02,23.76,0,222,0
25547,2160.0,2160,7.83,7.83,0,8.91,0.0,0.0,0,7,0
25953,2160.0,2160,6.4,6.4,0,8.91,0.6,1296.0,0,33,0
26220,2160.0,2160,6.4,6.4,0,8.91,0.01,21.6,0,18,0
26355,1188.0,1188,6.4,6.4,0,8.91,0.0,0.0,0,0,0
26463,1620.0,1620,6.4,6.4,0,8.91,0.0,0.0,0,83,1
26599,2160.0,2160,6.4,6.4,0,8.91,0.23,496.8,0,94,0
26611,1620.0,1620,7.08,7.08,0,8.91,0.05,81.0,0,0,0
26953,2160.0,2160,5.97,5.97,1,9.0,0.81,1749.6,3,95,0
27096,1188.0,1188,7.83,7.83,0,8.91,0.0,0.0,0,220,0
27343,1620.0,1620,6.4,6.4,0,8.91,0.02,32.4,0,12,0
27430,648.0,648,5.97,5.97,0,8.91,0.11,71.28,0,0,0
27444,1620.0,1620,7.08,7.08,0,8.91,0.0,0.0,0,0,0
27649,2160.0,2160,6.39,6.39,0,8.91,0.0,0.0,0,0,0
27822,1188.0,1188,7.08,7.08,0,8.91,0.0,0.0,0,5,0
28021,2160.0,2160,6.4,6.4,0,8.91,0.0,0.0,0,0,0
28088,1188.0,1188,6.4,6.4,0,8.91,0.0,0.0,0,0,0
28150,1080.0,1080,6.4,6.4,1,10.0,0.64,691.2,0,170,0
28318,1620.0,1620,6.4,6.4,0,8.91,0.0,0.0,0,0,1
28380,2160.0,2160,6.91,6.91,0,8.91,0.0,0.0,0,3,0
28456,648.0,648,6.4,6.4,1,8.0,0.0,0.0,0,0,0
28459,1620.0,1620,6.4,6.4,0,8.91,0.0,0.0,0,0,0
29149,1620.0,1620,6.4,6.4,1,10.0,0.84,1360.8,1,229,0
29234,1188.0,1188,7.08,7.08,0,8.91,0.06,71.28,0,8,0
29448,1620.0,1620,5.97,5.97,0,8.91,0.0,0.0,0,23,0
30047,1188.0,1188,6.91,6.91,0,8.91,0.0,0.0,1,233,1
30214,2160.0,2160,6.39,6.39,1,9.0,0.0,0.0,0,29,1
30234,1188.0,1188,6.91,6.91,0,8.91,0.0,0.0,0,109,0
30280,1188.0,1188,6.09,6.09,0,8.91,0.0,0.0,0,3,0
30291,2160.0,2160,6.4,6.4,0,8.91,0.08,172.8,0,5,0
30318,1134.0,2268,6.41,12.82,1,10.0,0.0,0.0,0,247,1
30362,2160.0,2160,5.49,5.49,0,8.91,0.0,0.0,0,55,0
30390,1188.0,1188,6.4,6.4,0,8.91,0.83,986.04,0,79,0
30738,1620.0,1620,6.91,6.91,0,8.91,0.0,0.0,0,0,0
30749,1620.0,1620,7.83,7.83,0,8.91,0.08,129.6,0,239,0
30824,1620.0,1620,6.4,6.4,0,8.91,0.0,0.0,0,0,0
30836,2160.0,2160,6.39,6.39,0,8.91,0.0,0.0,0,0,0
30845,1620.0,1620,7.08,7.08,1,10.0,0.99,1603.8,1,96,0
31056,1620.0,1620,6.4,6.4,0,8.91,0.0,0.0,0,1,0
31095,1080.0,1080,6.4,6.4,0,8.91,0.0,0.0,0,0,0
31249,2160.0,2160,6.09,6.09,0,8.91,0.0,0.0,0,0,0
31344,2160.0,2160,6.4,6.4,0,8.91,0.25,540.0,0,10,0
31549,1620.0,1620,6.4,6.4,0,8.91,0.0,0.0,0,187,0
31693,648.0,648,6.4,6.4,0,8.91,0.0,0.0,0,0,0
31883,2160.0,2160,6.4,6.4,1,9.0,0.31,669.6,0,263,0
31890,1188.0,1188,6.91,6.91,0,8.91,0.0,0.0,0,0,0
31928,1620.0,1620,6.4,6.4,0,8.91,0.19,307.8,0,4,0
31985,1188.0,1188,6.4,6.4,0,8.91,0.0,0.0,0,0,0
31989,1188.0,1188,6.39,6.39,0,8.91,0.73,867.24,0,229,0
32070,1188.0,1188,6.4,6.4,0,8.91,0.13,154.44,0,44,0
32283,2160.0,2160,6.91,6.91,0,8.91,0.0,0.0,0,0,0
32361,1188.0,1188,6.4,6.4,0,8.91,0.0,0.0,0,228,0
32362,1620.0,1620,6.09,6.09,0,8.91,0.56,907.2,0,110,0
32585,2160.0,2160,6.91,6.91,0,8.91,0.0,0.0,0,181,0
32777,1188.0,1188,6.7,6.7,0,8.91,0.0,0.0,0,0,0
32993,2160.0,2160,6.91,6.91,0,8.91,0.0,0.0,0,0,0
33016,1188.0,1188,6.7,6.7,0,8.91,0.0,0.0,0,0,0
33025,1188.0,1188,6.4,6.4,0,8.91,0.06,71.28,0,10,0
33134,1188.0,1188,6.4,6.4,0,8.91,0.0,0.0,0,0,0
33506,1620.0,1620,6.09,6.09,0,8.91,0.02,32.4,0,1,0
33511,1188.0,1188,5.07,5.07,0,8.91,0.02,23.76,0,5,0
33618,1188.0,1188,6.09,6.09,0,8.91,0.0,0.0,0,9,0
33680,2160.0,2160,6.7,6.7,0,8.91,0.0,0.0,0,0,0
106,2160.0,2160,7.99,7.99,0,8.91,0.0,0.0,0,0,0
404,2160.0,2160,6.93,6.93,0,8.91,0.0,0.0,0,0,0
581,1188.0,1188,6.93,6.93,0,8.91,0.0,0.0,0,0,0
958,1188.0,1188,6.93,6.93,0,8.91,0.0,0.0,0,0,0
1187,1188.0,1188,6.37,6.37,0,8.91,0.06,71.28,0,94,0
1549,2160.0,2160,6.93,6.93,0,8.91,0.0,0.0,0,171,0
2597,2160.0,2160,6.93,6.93,0,8.91,0.81,1749.6,0,51,0
2642,1080.0,1080,6.93,6.93,0,8.91,0.0,0.0,0,0,0
2666,1188.0,1188,8.49,8.49,0,8.91,0.0,0.0,0,243,1
3040,1188.0,1188,6.93,6.93,0,8.91,0.28,332.64,0,36,0
3189,1620.0,1620,7.26,7.26,1,10.0,0.12,194.4,0,3,0
3353,1188.0,1188,6.93,6.93,0,8.91,0.0,0.0,0,0,0
3431,1620.0,1620,7.67,7.67,1,10.0,0.0,0.0,2,225,1
3574,2160.0,2160,6.93,6.93,1,10.0,0.07,151.2,0,1,0
3852,1620.0,1620,6.93,6.93,0,8.91,0.0,0.0,0,0,0
3964,1188.0,1188,6.37,6.37,0,8.91,0.0,0.0,0,253,1
4008,216.0,216,6.93,6.93,0,8.91,0.0,0.0,0,0,0
4048,1134.0,2268,8.14,16.28,0,8.91,0.0,0.0,0,72,1
4273,324.0,324,7.67,7.67,0,8.91,0.0,0.0,0,0,0
4375,324.0,324,6.37,6.37,0,8.91,0.0,0.0,0,0,0
4604,1188.0,1188,6.93,6.93,0,8.91,0.0,0.0,0,0,0
4648,648.0,648,6.93,6.93,0,8.91,0.0,0.0,0,0,0
4676,1620.0,1620,6.93,6.93,1,7.0,0.33,534.6,0,183,0
4807,1188.0,1188,6.37,6.37,1,9.0,0.52,617.76,0,18,0
4934,2160.0,2160,6.59,6.59,0,8.91,0.0,0.0,0,0,0
5034,1188.0,1188,6.93,6.93,0,8.91,0.0,0.0,0,0,1
5122,1188.0,1188,6.53,6.53,0,8.91,0.0,0.0,0,0,0
5157,1620.0,1620,5.29,5.29,0,8.91,0.5,810.0,1,305,0
5380,1188.0,1188,6.93,6.93,0,8.91,0.0,0.0,0,0,0
5609,2160.0,2160,6.93,6.93,0,8.91,0.02,43.2,0,0,0
6061,1188.0,1188,6.93,6.93,0,8.91,0.0,0.0,0,2,0
6300,2160.0,2160,6.93,6.93,0,8.91,0.0,0.0,0,288,0
6364,2160.0,2160,7.99,7.99,0,8.91,0.0,0.0,0,235,1
6421,1188.0,1188,6.93,6.93,0,8.91,0.0,0.0,0,0,0
6432,2160.0,2160,6.93,6.93,0,10.0,0.0,0.0,0,146,1
6667,2160.0,2160,6.93,6.93,0,8.91,0.0,0.0,0,0,0
6676,1620.0,1620,6.93,6.93,0,8.91,0.0,0.0,0,0,0
7036,1188.0,1188,6.93,6.93,0,8.91,0.0,0.0,0,0,0
7154,1620.0,1620,6.93,6.93,0,8.91,0.0,0.0,0,0,0
7171,1620.0,1620,6.93,6.93,1,8.0,0.2,324.0,0,34,0
7759,1188.0,1188,6.93,6.93,0,8.91,0.06,71.28,0,187,0
7776,1890.0,3780,6.68,13.35,1,6.67,0.0,0.0,0,126,1
8071,648.0,648,6.93,6.93,0,8.91,0.0,0.0,0,34,0
8258,1188.0,1188,7.67,7.67,0,8.91,0.12,142.56,0,155,0
8303,1620.0,1620,7.67,7.67,0,8.91,0.0,0.0,0,0,1
8314,2160.0,2160,5.57,5.57,0,8.91,0.0,0.0,0,0,0
8545,1080.0,1080,6.93,6.93,0,8.91,0.0,0.0,0,0,0
8794,1188.0,1188,6.59,6.59,0,8.91,0.0,0.0,0,0,0
9096,2160.0,2160,7.68,7.68,0,8.91,0.0,0.0,0,0,0
9237,1242.0,4968,7.67,30.68,0,8.91,0.0,0.0,0,2,1
9405,1674.0,3348,6.13,12.27,0,8.91,0.0,0.0,0,258,1
9428,1620.0,1620,7.67,7.67,0,8.91,0.0,0.0,0,0,0
9451,1620.0,1620,6.93,6.93,1,8.0,0.55,891.0,1,70,0
9524,1620.0,1620,6.37,6.37,0,8.91,0.05,81.0,0,0,0
9563,1188.0,1188,6.93,6.93,0,8.91,0.0,0.0,0,0,1
9583,1188.0,1188,6.93,6.93,0,8.91,0.0,0.0,0,169,0
9816,1188.0,1188,7.26,7.26,0,8.91,0.04,47.52,0,82,0
9915,1620.0,1620,6.93,6.93,1,9.5,0.0,0.0,0,151,1
9957,1620.0,1620,6.93,6.93,1,8.0,0.26,421.2,0,73,0
10289,2160.0,2160,6.93,6.93,0,8.91,0.0,0.0,0,0,0
10321,648.0,648,6.93,6.93,0,8.91,0.14,90.72,0,47,0
10455,2160.0,2160,6.93,6.93,0,8.91,0.0,0.0,0,0,0
10551,1080.0,1080,6.53,6.53,0,8.91,0.0,0.0,0,308,0
10583,1080.0,6480,5.6,33.6,0,8.91,0.0,0.0,0,77,1
10598,1188.0,1188,6.93,6.93,0,8.91,0.0,0.0,0,2,0
10627,540.0,540,6.93,6.93,0,8.91,0.0,0.0,0,0,1
10671,1188.0,1188,6.37,6.37,0,8.91,0.2,237.6,0,46,0
11084,2160.0,2160,6.93,6.93,0,8.91,0.0,0.0,0,3,0
11398,1188.0,1188,6.93,6.93,0,8.91,0.01,11.88,0,50,0
11491,1620.0,1620,6.93,6.93,0,8.91,0.27,437.4,0,135,0
11757,1620.0,1620,6.93,6.93,0,8.91,0.0,0.0,0,0,0
11811,1188.0,1188,7.67,7.67,0,8.91,0.0,0.0,0,0,0
11964,1620.0,1620,7.67,7.67,0,8.91,0.0,0.0,0,0,0
12080,1620.0,1620,6.93,6.93,0,8.91,0.0,0.0,0,0,0
12105,1188.0,1188,6.93,6.93,1,10.0,0.87,1033.56,0,158,0
12178,1620.0,1620,8.49,8.49,0,8.91,0.0,0.0,0,0,0
12281,1080.0,1080,6.93,6.93,0,8.91,0.0,0.0,0,0,0
12369,1188.0,1188,6.93,6.93,0,8.91,0.03,35.64,0,1,0
12484,1620.0,1620,6.93,6.93,0,8.91,0.0,0.0,0,0,0
12705,1620.0,1620,6.93,6.93,0,8.91,0.0,0.0,0,0,0
12928,2160.0,2160,7.99,7.99,0,8.91,0.0,0.0,0,0,0
13089,1188.0,1188,6.93,6.93,0,8.91,0.0,0.0,0,0,0
13126,1188.0,1188,6.93,6.93,0,8.91,0.2,237.6,0,133,0
13223,1188.0,1188,6.93,6.93,0,8.91,0.0,0.0,0,0,0
13602,1188.0,1188,6.93,6.93,1,9.0,1.0,1188.0,0,296,0
14054,1620.0,1620,6.93,6.93,0,8.91,0.0,0.0,0,0,0
14241,1188.0,1188,6.59,6.59,0,8.91,0.0,0.0,0,1,0
14684,1080.0,1080,6.37,6.37,0,8.91,0.0,0.0,0,0,0
14787,648.0,648,8.49,8.49,1,8.0,0.45,291.6,0,168,0
15039,2160.0,2160,8.49,8.49,0,8.91,0.0,0.0,0,0,0
15090,2160.0,2160,6.37,6.37,0,8.91,0.0,0.0,0,0,0
15164,1134.0,2268,6.65,13.3,1,10.0,0.0,0.0,0,0,1
15459,1620.0,1620,6.93,6.93,0,8.91,0.0,0.0,0,0,1
15553,1620.0,1620,5.29,5.29,0,8.91,0.04,64.8,0,138,0
15882,2160.0,2160,6.93,6.93,0,8.91,0.2,432.0,0,245,0
16080,1188.0,4752,5.73,22.91,0,8.91,0.0,0.0,0,282,1
16130,1620.0,1620,6.93,6.93,0,8.91,0.3,486.0,0,184,0
16285,2160.0,2160,7.67,7.67,0,8.91,0.0,0.0,0,0,0
16522,1188.0,1188,6.93,6.93,0,8.91,0.0,0.0,0,0,0
16693,1080.0,1080,6.93,6.93,0,8.91,0.0,0.0,0,0,0
16811,2160.0,2160,7.67,7.67,0,8.91,0.0,0.0,0,0,0
16882,1620.0,1620,7.68,7.68,0,8.91,0.0,0.0,0,55,0
17138,1188.0,1188,6.93,6.93,0,8.91,0.05,59.4,0,0,0
17334,2160.0,2160,7.67,7.67,1,10.0,0.99,2138.4,2,254,0
17622,1188.0,1188,6.93,6.93,0,8.91,0.0,0.0,0,0,1
17725,2160.0,2160,6.53,6.53,0,8.91,0.12,259.2,0,8,0
17991,1188.0,1188,6.93,6.93,0,8.91,0.0,0.0,0,3,0
18457,2160.0,2160,6.93,6.93,0,8.91,0.0,0.0,0,0,0
18651,2160.0,2160,8.49,8.49,0,8.91,0.0,0.0,0,0,0
18759,1620.0,1620,7.68,7.68,1,10.0,0.99,1603.8,3,32,0
19079,1188.0,1188,5.29,5.29,0,8.91,0.0,0.0,0,0,0
19394,216.0,216,7.67,7.67,0,8.91,0.0,0.0,0,0,0
19440,1188.0,1188,7.68,7.68,0,8.91,0.0,0.0,0,1,0
19591,1620.0,1620,6.93,6.93,0,8.91,0.0,0.0,0,0,0
20182,2160.0,2160,7.99,7.99,0,8.91,0.03,64.8,0,16,0
20266,2160.0,2160,7.67,7.67,0,8.91,0.0,0.0,0,0,1
20386,1620.0,1620,6.93,6.93,1,10.0,0.66,1069.2,1,309,0
20594,2160.0,2160,6.93,6.93,1,10.0,0.15,324.0,1,90,0
21122,1188.0,1188,8.49,8.49,0,8.91,0.16,190.08,0,201,0
21250,1620.0,1620,8.49,8.49,0,8.91,0.05,81.0,0,85,0
21859,2160.0,2160,6.37,6.37,0,8.91,0.14,302.4,0,147,0
21965,1188.0,1188,6.93,6.93,0,8.91,0.0,0.0,0,148,1
22332,1188.0,1188,6.93,6.93,0,8.91,0.07,83.16,0,0,0
22387,2160.0,2160,6.93,6.93,0,8.91,0.0,0.0,0,0,1
22446,1188.0,1188,6.59,6.59,1,10.0,0.32,380.16,0,47,0
22663,1188.0,1188,6.93,6.93,0,8.91,0.0,0.0,0,0,0
22861,1620.0,1620,7.67,7.67,1,9.0,1.0,1620.0,2,277,0
22948,1188.0,1188,6.93,6.93,0,8.91,0.0,0.0,0,0,0
23169,2160.0,2160,7.26,7.26,0,8.91,0.0,0.0,0,0,0
23272,2160.0,2160,7.68,7.68,0,8.91,0.0,0.0,0,206,1
23701,1188.0,1188,5.95,5.95,0,8.91,0.0,0.0,0,0,0
24436,1188.0,1188,7.67,7.67,1,8.0,1.0,1188.0,0,56,0
24523,2160.0,2160,6.93,6.93,0,8.91,0.0,0.0,0,0,0
24946,2160.0,2160,5.29,5.29,0,8.91,0.0,0.0,0,50,0
24980,1188.0,1188,6.93,6.93,1,10.0,0.0,0.0,0,91,1
25060,1674.0,3348,7.46,14.92,0,8.91,0.0,0.0,0,74,1
25415,2160.0,2160,8.49,8.49,0,8.91,0.5,1080.0,0,103,0
25511,1188.0,1188,6.93,6.93,0,8.91,0.02,23.76,0,20,0
25519,1188.0,1188,5.29,5.29,0,8.91,0.0,0.0,0,1,1
25691,324.0,324,6.93,6.93,0,8.91,0.0,0.0,0,0,0
25701,2160.0,2160,5.86,5.86,0,8.91,0.04,86.4,0,61,0
25943,1620.0,1620,6.93,6.93,0,8.91,0.0,0.0,0,0,0
26013,1620.0,1620,6.93,6.93,0,8.91,0.0,0.0,0,0,0
26028,1080.0,1080,6.93,6.93,0,8.91,0.0,0.0,0,0,0
26271,1404.0,2808,6.37,12.75,0,8.91,0.0,0.0,0,32,1
26519,1404.0,2808,6.37,12.75,1,8.0,0.0,0.0,0,187,1
26520,1188.0,1188,7.67,7.67,0,8.91,0.0,0.0,0,0,0
26827,1188.0,1188,7.67,7.67,0,8.91,0.0,0.0,0,0,0
26880,1188.0,1188,6.93,6.93,0,8.91,0.0,0.0,0,0,0
26926,2160.0,2160,6.93,6.93,0,8.91,0.0,0.0,0,50,0
26952,1188.0,1188,6.93,6.93,0,8.91,0.0,0.0,1,99,1
27108,1674.0,3348,6.37,12.75,0,8.91,0.0,0.0,0,285,1
27137,648.0,648,6.93,6.93,0,8.91,0.0,0.0,0,0,1
28162,1620.0,1620,6.59,6.59,0,8.91,0.0,0.0,0,299,0
28259,1188.0,1188,6.37,6.37,0,8.91,0.72,855.36,0,69,0
28375,2160.0,2160,6.53,6.53,0,8.91,0.0,0.0,0,79,0
28423,1080.0,1080,6.93,6.93,0,8.91,0.0,0.0,0,0,0
28525,1620.0,1620,7.67,7.67,0,8.91,0.0,0.0,0,305,0
28647,2160.0,2160,7.67,7.67,0,8.91,0.0,0.0,0,0,0
28698,1188.0,1188,8.49,8.49,0,8.91,0.01,11.88,0,270,0
28964,2160.0,2160,7.99,7.99,0,8.91,0.13,280.8,0,224,0
29031,1188.0,1188,6.93,6.93,0,8.91,0.13,154.44,0,8,0
29436,2160.0,2160,7.99,7.99,0,8.91,0.0,0.0,0,32,0
29561,324.0,324,6.93,6.93,0,8.91,0.0,0.0,0,0,0
29620,1620.0,1620,6.93,6.93,0,8.91,0.12,194.4,0,0,0
29759,1620.0,1620,6.93,6.93,0,8.91,0.04,64.8,0,221,0
29925,1620.0,1620,6.93,6.93,0,8.91,0.0,0.0,0,49,0
29976,1620.0,1620,6.93,6.93,0,8.91,0.0,0.0,0,44,0
30397,1188.0,1188,7.68,7.68,0,8.91,0.0,0.0,0,0,0
30474,2160.0,2160,7.67,7.67,0,8.91,0.01,21.6,0,0,0
31020,1620.0,1620,6.93,6.93,1,10.0,0.59,955.8,1,307,0
31086,1620.0,1620,7.67,7.67,1,9.0,0.63,1020.6,1,35,0
31428,1188.0,1188,6.93,6.93,0,8.91,0.0,0.0,0,0,1
31919,1188.0,1188,6.93,6.93,1,9.0,1.0,1188.0,0,15,0
31932,324.0,324,6.93,6.93,0,8.91,0.0,0.0,0,42,1
31934,2160.0,2160,6.37,6.37,0,8.91,0.0,0.0,0,0,0
32452,1188.0,1188,6.93,6.93,0,8.91,0.0,0.0,0,0,0
32660,1080.0,1080,7.68,7.68,0,8.91,0.0,0.0,0,0,0
32666,1188.0,1188,7.68,7.68,0,8.91,0.0,0.0,0,0,0
32955,1620.0,1620,8.49,8.49,0,8.91,0.0,0.0,0,0,0
32979,2160.0,2160,6.93,6.93,0,8.91,0.0,0.0,0,0,0
33002,2160.0,2160,6.93,6.93,0,8.91,0.08,172.8,0,123,0
33286,1188.0,1188,6.59,6.59,0,8.91,0.0,0.0,0,2,0
33314,486.0,972,6.93,13.87,1,8.0,0.0,0.0,0,229,1
33560,1188.0,1188,6.59,6.59,0,8.91,0.0,0.0,0,0,0
33601,648.0,648,6.59,6.59,0,8.91,0.0,0.0,0,98,0
33605,1404.0,2808,5.86,11.71,0,8.91,0.0,0.0,0,74,1
33624,2160.0,2160,6.59,6.59,0,8.91,0.0,0.0,0,0,0
2,1188.0,1188,7.68,7.68,0,8.91,0.0,0.0,0,0,0
167,1188.0,1188,7.68,7.68,0,8.91,0.94,1116.72,0,190,0
354,1620.0,1620,6.93,6.93,0,8.91,0.0,0.0,0,0,1
682,1188.0,1188,6.93,6.93,0,8.91,0.0,0.0,0,0,0
694,1620.0,1620,6.93,6.93,1,8.0,0.98,1587.6,2,33,0
711,1188.0,1188,6.93,6.93,0,8.91,0.01,11.88,0,177,0
731,1188.0,1188,6.93,6.93,0,8.91,0.0,0.0,0,0,0
805,1188.0,1188,6.93,6.93,0,8.91,0.0,0.0,0,3,0
862,1080.0,1080,6.93,6.93,0,8.91,0.74,799.2,0,10,0
915,1188.0,1188,6.37,6.37,0,8.91,0.04,47.52,0,1,0
1034,1188.0,1188,5.29,5.29,0,8.91,0.07,83.16,0,133,0
1200,2160.0,2160,7.68,7.68,0,8.91,0.0,0.0,0,0,0
1332,1188.0,1188,6.93,6.93,0,8.91,0.0,0.0,0,0,0
1421,1890.0,3780,6.77,13.54,0,8.91,0.0,0.0,0,15,1
1434,1620.0,1620,6.93,6.93,0,8.91,0.0,0.0,0,0,0
1656,1188.0,1188,8.49,8.49,0,8.91,0.17,201.96,0,15,0
1668,1620.0,1620,19.73,19.73,0,8.91,0.35,567.0,0,21,0
2036,1188.0,1188,7.67,7.67,0,8.91,0.01,11.88,0,184,0
2234,1188.0,1188,6.37,6.37,0,8.91,0.0,0.0,0,0,0
2280,1188.0,1188,6.93,6.93,0,8.91,0.0,0.0,0,0,0
2402,1656.0,4968,9.07,27.2,0,8.91,0.0,0.0,0,0,1
2435,2160.0,2160,6.93,6.93,1,8.0,0.05,108.0,0,37,0
2509,864.0,1728,8.49,16.98,0,8.91,0.0,0.0,0,191,1
2686,2160.0,2160,6.93,6.93,0,8.91,0.0,0.0,0,0,1
3077,1620.0,1620,6.37,6.37,0,8.91,0.02,32.4,0,63,0
3135,1620.0,1620,6.93,6.93,0,8.91,0.0,0.0,0,45,0
3292,2160.0,2160,6.93,6.93,0,8.91,0.0,0.0,0,17,0
3340,1620.0,1620,6.93,6.93,1,8.0,0.0,0.0,0,108,1
3384,2160.0,2160,8.49,8.49,0,8.91,0.0,0.0,0,20,0
3809,1188.0,1188,6.93,6.93,0,8.91,0.0,0.0,0,126,0
3912,1620.0,1620,6.93,6.93,1,10.0,0.53,858.6,1,51,0
3927,1044.0,3132,6.4,19.2,0,8.91,0.0,0.0,0,0,1
3936,1476.0,4428,6.93,20.8,0,9.0,0.0,0.0,0,282,1
4020,1620.0,1620,6.93,6.93,1,8.0,0.19,307.8,0,262,0
4055,1188.0,1188,6.93,6.93,0,8.91,0.0,0.0,0,0,0
4156,1656.0,4968,7.64,22.93,0,7.0,0.0,0.0,0,230,1
4344,1620.0,1620,6.59,6.59,0,8.91,0.0,0.0,0,0,0
4576,1620.0,1620,6.53,6.53,0,8.91,0.0,0.0,0,0,0
4636,1620.0,1620,6.93,6.93,0,8.91,0.0,0.0,0,27,0
4715,1620.0,1620,6.93,6.93,0,8.91,0.09,145.8,0,93,0
4797,1188.0,1188,5.29,5.29,0,8.91,0.15,178.2,0,11,0
4831,1188.0,1188,7.68,7.68,0,8.91,0.0,0.0,0,0,0
4984,1188.0,1188,6.93,6.93,0,8.91,0.0,0.0,0,0,0
4986,1620.0,1620,6.93,6.93,0,8.91,0.2,324.0,0,37,0
5025,1188.0,1188,6.93,6.93,0,8.91,0.0,0.0,0,0,0
5078,2160.0,2160,6.93,6.93,0,8.91,0.11,237.6,0,61,0
5158,1620.0,1620,6.93,6.93,0,8.91,0.5,810.0,0,297,0
5234,324.0,324,6.93,6.93,0,8.91,0.0,0.0,0,0,0
5493,1620.0,1620,6.93,6.93,0,8.91,0.0,0.0,0,0,0
5657,2160.0,2160,7.68,7.68,0,8.91,0.0,0.0,0,0,0
5666,648.0,648,6.93,6.93,0,8.91,0.0,0.0,0,0,0
5686,1188.0,1188,5.95,5.95,0,8.91,0.0,0.0,0,21,1
5734,2160.0,2160,6.93,6.93,1,8.0,0.99,2138.4,6,238,0
5832,2160.0,2160,6.93,6.93,0,8.91,0.0,0.0,0,0,0
5880,1188.0,1188,6.93,6.93,0,8.91,0.06,71.28,0,9,0
6162,1188.0,1188,7.67,7.67,0,8.91,0.0,0.0,0,142,0
6425,1188.0,1188,6.93,6.93,0,8.91,0.0,0.0,0,0,0
6476,1188.0,1188,6.53,6.53,0,8.91,0.0,0.0,0,0,0
6527,2160.0,2160,6.93,6.93,0,8.91,0.0,0.0,0,0,0
6567,1188.0,1188,6.93,6.93,0,8.91,0.0,0.0,0,0,1
6604,216.0,216,6.93,6.93,0,8.91,0.0,0.0,0,0,0
6726,1188.0,1188,6.37,6.37,0,8.91,0.0,0.0,0,29,1
6742,1620.0,1620,7.67,7.67,0,8.91,0.03,48.6,0,21,0
6756,1188.0,1188,7.67,7.67,0,8.91,0.03,35.64,0,18,0
7230,1188.0,1188,6.93,6.93,0,8.91,0.0,0.0,0,0,0
7622,1188.0,1188,6.93,6.93,0,8.91,0.28,332.64,0,262,0
7646,1188.0,1188,6.93,6.93,0,8.91,0.0,0.0,0,0,0
7770,324.0,324,6.93,6.93,0,8.91,0.0,0.0,0,0,1
7779,1188.0,1188,7.67,7.67,1,5.0,0.12,142.56,0,3,0
7810,1620.0,1620,6.93,6.93,0,8.91,0.0,0.0,0,0,0
8121,1188.0,1188,6.93,6.93,0,8.91,0.06,71.28,0,80,0
8141,1890.0,3780,6.6,13.21,1,9.5,0.0,0.0,2,240,1
8198,1188.0,1188,6.93,6.93,0,8.91,0.0,0.0,0,0,0
8385,1188.0,1188,7.68,7.68,0,8.91,0.15,178.2,0,5,0
8686,1188.0,1188,6.93,6.93,0,8.91,0.03,35.64,0,154,0
8742,2160.0,2160,7.67,7.67,0,8.91,0.0,0.0,0,0,0
8779,1620.0,1620,6.93,6.93,0,8.91,0.0,0.0,0,136,1
9161,1188.0,1188,7.67,7.67,0,8.91,0.0,0.0,0,0,0
9342,2160.0,2160,6.93,6.93,0,8.91,0.0,0.0,0,0,0
9546,1188.0,1188,7.67,7.67,0,8.91,0.0,0.0,0,0,0
9586,1890.0,3780,6.93,13.87,0,8.91,0.0,0.0,0,0,1
9775,2160.0,2160,6.93,6.93,0,8.91,0.0,0.0,0,0,0
9795,1620.0,1620,8.49,8.49,0,8.91,0.0,0.0,0,0,0
10199,1620.0,1620,6.37,6.37,0,8.91,0.0,0.0,0,15,0
10401,1404.0,2808,6.37,12.75,0,8.91,0.0,0.0,0,0,1
10532,1134.0,2268,4.77,9.55,0,8.91,0.0,0.0,0,263,1
10745,1620.0,1620,6.93,6.93,1,10.0,0.58,939.6,1,98,0
10780,2160.0,2160,7.67,7.67,0,8.91,0.0,0.0,0,148,1
10909,1188.0,1188,6.93,6.93,1,10.0,0.12,142.56,0,62,0
10988,1620.0,1620,6.93,6.93,1,7.0,0.36,583.2,0,297,0
11008,1188.0,1188,6.93,6.93,0,8.91,0.72,855.36,0,47,0
11085,648.0,648,7.67,7.67,0,8.91,0.0,0.0,0,0,0
11111,1620.0,1620,6.93,6.93,0,8.91,0.0,0.0,0,0,0
11220,1188.0,1188,6.93,6.93,0,8.91,0.18,213.84,0,114,0
11548,2160.0,2160,6.93,6.93,1,9.0,0.06,129.6,0,14,0
11573,1080.0,1080,6.93,6.93,0,8.91,0.74,799.2,0,272,0
11581,1188.0,1188,6.93,6.93,0,8.91,0.0,0.0,0,0,0
11743,1188.0,1188,6.93,6.93,0,8.91,0.0,0.0,0,0,0
11833,1188.0,1188,6.93,6.93,0,8.91,0.0,0.0,0,0,0
12193,1188.0,1188,6.93,6.93,0,8.91,0.01,11.88,0,96,0
12249,1620.0,1620,6.37,6.37,0,8.91,0.0,0.0,0,299,0
12262,2160.0,2160,6.59,6.59,0,8.91,0.0,0.0,0,70,0
12329,1620.0,1620,7.68,7.68,0,8.91,0.02,32.4,0,113,0
12381,1188.0,1188,6.59,6.59,0,8.91,0.0,0.0,0,0,0
12453,1188.0,1188,6.93,6.93,0,8.91,0.0,0.0,0,0,0
12470,1188.0,1188,7.67,7.67,0,8.91,0.02,23.76,0,161,0
12634,1080.0,1080,7.67,7.67,0,8.91,0.0,0.0,0,0,0
12654,2160.0,2160,6.93,6.93,0,8.91,0.0,0.0,0,41,1
12703,2160.0,2160,6.93,6.93,0,8.91,0.0,0.0,0,0,0
12834,2160.0,2160,6.93,6.93,0,8.91,0.0,0.0,0,0,1
12929,1620.0,1620,6.93,6.93,0,8.91,0.0,0.0,0,0,0
13132,1188.0,1188,6.93,6.93,0,8.91,0.0,0.0,0,0,0
13268,1620.0,1620,6.53,6.53,1,10.0,0.29,469.8,0,169,0
13275,1620.0,1620,6.93,6.93,0,8.91,0.0,0.0,0,0,1
13439,2160.0,2160,6.93,6.93,0,8.91,0.0,0.0,0,302,0
13596,1188.0,1188,6.93,6.93,0,8.91,0.0,0.0,0,124,0
13629,1188.0,1188,6.93,6.93,0,8.91,0.0,0.0,0,0,0
13935,1188.0,1188,6.93,6.93,0,8.91,0.24,285.12,0,18,0
14206,1188.0,1188,6.93,6.93,0,8.91,0.0,0.0,0,0,0
15113,1620.0,1620,6.93,6.93,0,8.91,0.0,0.0,0,0,0
15151,1188.0,1188,6.37,6.37,1,10.0,0.13,154.44,0,56,0
15203,1188.0,1188,6.93,6.93,0,8.91,0.0,0.0,0,177,0
15205,1188.0,1188,6.93,6.93,1,10.0,1.0,1188.0,2,66,0
15511,648.0,648,6.93,6.93,0,8.91,0.0,0.0,0,0,0
15527,1188.0,1188,6.93,6.93,0,8.91,0.0,0.0,0,0,1
15783,2160.0,2160,7.68,7.68,0,8.91,0.0,0.0,0,23,0
15829,1620.0,1620,6.93,6.93,0,8.91,0.0,0.0,0,0,0
15847,972.0,1944,6.93,13.87,0,8.91,0.0,0.0,0,59,1
15911,1188.0,1188,6.93,6.93,0,8.91,0.3,356.4,0,12,0
15955,1188.0,1188,6.93,6.93,0,8.91,0.0,0.0,0,0,0
16226,1188.0,1188,8.49,8.49,1,9.0,1.0,1188.0,0,216,0
16310,540.0,540,6.93,6.93,0,8.91,0.85,459.0,0,302,0
16327,1188.0,1188,6.93,6.93,0,8.91,0.0,0.0,0,0,0
16373,1188.0,1188,6.93,6.93,0,8.91,0.0,0.0,0,0,0
16471,1188.0,1188,6.93,6.93,0,8.91,0.0,0.0,0,0,0
16518,1350.0,2700,6.93,13.87,0,8.91,0.0,0.0,0,15,1
16579,1620.0,1620,6.93,6.93,0,8.91,0.79,1279.8,1,238,0
16637,1188.0,1188,5.57,5.57,0,8.91,0.47,558.36,0,70,0
17153,2160.0,2160,6.93,6.93,1,10.0,0.56,1209.6,0,306,0
17341,1188.0,1188,6.93,6.93,0,8.91,0.01,11.88,0,6,0
17460,1188.0,1188,6.93,6.93,0,8.91,0.0,0.0,0,0,0
17593,1188.0,1188,6.37,6.37,0,8.91,0.01,11.88,0,0,0
17788,2160.0,2160,6.93,6.93,0,8.91,0.0,0.0,0,0,0
17917,1188.0,1188,6.37,6.37,0,8.91,0.0,0.0,0,0,0
17926,1620.0,1620,7.67,7.67,0,8.91,0.0,0.0,0,0,0
17958,1620.0,1620,6.93,6.93,0,8.91,0.0,0.0,0,113,1
18091,1620.0,1620,6.93,6.93,0,8.91,0.04,64.8,0,0,0
18389,2160.0,2160,7.67,7.67,1,10.0,0.11,237.6,0,88,0
18438,1620.0,1620,6.37,6.37,0,8.91,0.0,0.0,0,0,0
18523,1188.0,1188,7.67,7.67,0,8.91,0.0,0.0,0,0,0
18537,1188.0,1188,6.93,6.93,0,8.91,0.36,427.68,0,6,0
18580,540.0,540,7.67,7.67,0,8.91,0.03,16.2,0,5,0
18815,2160.0,2160,6.93,6.93,0,8.91,0.0,0.0,0,0,0
18945,1188.0,1188,8.49,8.49,0,8.91,0.07,83.16,0,2,0
19097,2160.0,2160,6.93,6.93,1,10.0,0.43,928.8,0,268,0
19138,1620.0,1620,6.93,6.93,1,10.0,0.54,874.8,1,75,0
19146,1620.0,1620,6.93,6.93,0,8.91,0.0,0.0,0,0,0
19291,1620.0,1620,6.93,6.93,0,8.91,0.41,664.2,0,83,0
19355,648.0,648,7.67,7.67,0,8.91,0.0,0.0,0,0,0
19388,1188.0,1188,8.49,8.49,0,8.91,0.0,0.0,0,0,0
19788,1620.0,1620,6.93,6.93,0,8.91,0.0,0.0,0,0,0
19857,1296.0,3888,7.67,23.01,0,10.0,0.0,0.0,0,189,1
20140,1620.0,1620,6.93,6.93,1,7.0,0.1,162.0,0,8,0
20304,1188.0,1188,8.49,8.49,0,8.91,0.0,0.0,0,171,0
20591,1188.0,1188,6.93,6.93,0,8.91,0.0,0.0,0,0,0
20745,1620.0,1620,6.93,6.93,0,8.91,0.0,0.0,0,302,0
20761,2160.0,2160,6.93,6.93,0,8.91,0.0,0.0,0,0,0
20762,1080.0,1080,6.93,6.93,0,8.91,0.0,0.0,0,3,1
21071,1188.0,1188,6.93,6.93,1,10.0,0.08,95.04,0,0,0
21146,1620.0,1620,6.37,6.37,0,8.91,0.04,64.8,0,63,0
21151,1188.0,1188,6.93,6.93,0,8.91,0.5,594.0,0,27,0
21165,648.0,648,7.67,7.67,0,8.91,0.0,0.0,0,0,0
21170,1188.0,1188,6.93,6.93,0,8.91,0.0,0.0,0,0,0
21288,1188.0,1188,8.49,8.49,0,8.91,0.0,0.0,0,211,0
21400,1188.0,1188,6.93,6.93,0,8.91,0.0,0.0,0,0,0
21458,324.0,324,6.93,6.93,0,8.91,0.0,0.0,0,0,0
21595,1188.0,1188,6.93,6.93,0,8.91,0.08,95.04,0,208,0
21603,1188.0,1188,6.93,6.93,0,8.91,0.01,11.88,0,0,0
21686,1188.0,1188,7.68,7.68,0,8.91,0.0,0.0,0,0,0
21875,2160.0,2160,6.93,6.93,0,8.91,0.0,0.0,0,0,0
22027,1188.0,1188,6.37,6.37,0,8.91,0.03,35.64,0,101,0
22443,324.0,324,7.67,7.67,0,8.91,0.0,0.0,0,0,0
22474,1620.0,1620,7.68,7.68,1,7.0,0.15,243.0,0,249,0
22560,1134.0,2268,6.93,13.87,0,8.91,0.0,0.0,0,30,1
22580,324.0,324,6.93,6.93,0,8.91,0.0,0.0,0,0,0
22647,1620.0,1620,6.93,6.93,0,8.91,0.12,194.4,0,21,0
22650,1188.0,1188,6.93,6.93,0,8.91,0.0,0.0,0,0,0
22667,1620.0,1620,8.49,8.49,0,8.91,0.0,0.0,0,0,0
22676,1620.0,1620,6.93,6.93,1,9.0,0.71,1150.2,0,20,0
22895,1620.0,1620,6.93,6.93,0,8.91,0.04,64.8,0,120,0
22922,1188.0,1188,7.67,7.67,0,8.91,0.0,0.0,0,0,0
22945,1188.0,1188,6.93,6.93,0,8.91,0.0,0.0,0,0,0
22997,2160.0,2160,8.49,8.49,0,8.91,0.01,21.6,0,5,0
23115,1188.0,1188,7.68,7.68,1,10.0,0.95,1128.6,0,295,0
23320,1188.0,1188,6.93,6.93,0,8.91,0.08,95.04,0,16,0
23601,2160.0,2160,6.93,6.93,0,8.91,0.0,0.0,0,0,1
23677,1620.0,1620,6.53,6.53,0,8.91,0.0,0.0,0,80,1
23689,1620.0,1620,7.67,7.67,0,8.91,0.11,178.2,0,77,0
23693,1188.0,1188,5.57,5.57,0,8.91,0.0,0.0,0,0,0
23768,2160.0,2160,6.93,6.93,0,8.91,0.0,0.0,0,245,1
23791,1188.0,1188,6.93,6.93,0,8.91,0.0,0.0,0,0,1
23902,1188.0,1188,8.49,8.49,0,8.91,0.05,59.4,0,0,0
23916,1188.0,1188,6.93,6.93,0,8.91,0.6,712.8,1,57,0
24037,2160.0,2160,7.67,7.67,0,8.91,0.0,0.0,0,302,0
24214,1620.0,1620,6.93,6.93,0,8.91,0.0,0.0,0,292,0
24264,864.0,1728,6.13,12.27,0,8.91,0.0,0.0,0,0,1
24393,2160.0,2160,6.59,6.59,0,8.91,0.0,0.0,0,0,0
24503,2160.0,2160,5.95,5.95,0,8.91,0.0,0.0,0,0,0
24732,1188.0,1188,8.49,8.49,0,8.91,0.35,415.8,0,223,0
24909,1188.0,1188,6.93,6.93,0,8.91,0.0,0.0,0,0,0
25401,1044.0,3132,6.49,19.47,0,10.0,0.0,0.0,0,36,1
25412,1620.0,1620,6.37,6.37,1,9.0,0.99,1603.8,1,249,0
25507,1188.0,1188,7.67,7.67,0,8.91,0.0,0.0,0,87,0
25554,2160.0,2160,6.93,6.93,0,8.91,0.04,86.4,0,0,0
25603,2160.0,2160,6.93,6.93,0,8.91,0.0,0.0,0,0,1
25677,1188.0,1188,6.37,6.37,1,9.0,0.31,368.28,0,271,0
25806,1188.0,1188,6.93,6.93,0,8.91,0.0,0.0,0,0,0
25895,2160.0,2160,6.93,6.93,0,8.91,0.0,0.0,0,0,0
26005,1188.0,1188,7.67,7.67,0,8.91,0.0,0.0,0,0,0
26298,1188.0,1188,6.93,6.93,0,8.91,0.0,0.0,0,155,0
26372,1188.0,1188,8.49,8.49,0,8.91,0.0,0.0,0,0,0
26536,2160.0,2160,6.59,6.59,0,8.91,0.0,0.0,0,0,0
26632,1188.0,1188,6.53,6.53,0,8.91,0.0,0.0,0,0,0
26925,1188.0,1188,6.93,6.93,0,8.91,0.0,0.0,0,0,0
27021,1188.0,1188,7.67,7.67,0,8.91,0.0,0.0,0,0,0
27069,1188.0,1188,6.93,6.93,0,8.91,0.32,380.16,0,6,0
27076,2160.0,2160,6.93,6.93,0,8.91,0.0,0.0,0,0,0
27080,1188.0,1188,6.37,6.37,0,8.91,0.82,974.16,0,242,0
27160,1188.0,1188,6.93,6.93,0,8.91,0.0,0.0,0,290,0
27191,1620.0,1620,8.49,8.49,1,6.0,0.21,340.2,0,232,0
27569,1620.0,1620,7.67,7.67,0,8.91,0.0,0.0,0,0,0
27589,1188.0,1188,8.49,8.49,0,8.91,0.0,0.0,0,45,0
27838,1620.0,1620,7.67,7.67,0,8.91,0.0,0.0,0,0,0
27991,1620.0,1620,6.93,6.93,0,8.91,0.0,0.0,0,0,0
28347,2160.0,2160,6.93,6.93,0,8.91,0.0,0.0,0,250,0
28440,1188.0,1188,6.93,6.93,0,8.91,0.16,190.08,0,65,0
28577,1296.0,3888,6.93,20.78,0,8.91,0.0,0.0,0,1,1
28586,1620.0,1620,6.93,6.93,0,8.91,0.0,0.0,0,0,0
28682,2160.0,2160,8.49,8.49,0,8.91,0.0,0.0,0,249,1
28735,1188.0,1188,7.67,7.67,0,8.91,0.07,83.16,0,15,0
28770,1620.0,1620,6.93,6.93,0,8.91,0.0,0.0,0,0,0
28822,1188.0,1188,6.93,6.93,1,2.0,0.07,83.16,0,99,0
28902,2160.0,2160,7.67,7.67,0,8.91,0.0,0.0,0,27,0
29141,1620.0,1620,6.37,6.37,0,8.91,0.0,0.0,0,5,0
29242,1674.0,3348,6.13,12.26,0,8.91,0.0,0.0,0,288,1
29416,1620.0,1620,6.93,6.93,0,8.91,0.0,0.0,0,0,0
29701,1188.0,1188,6.93,6.93,1,10.0,0.0,0.0,0,69,1
29739,2160.0,2160,6.93,6.93,0,8.91,0.01,21.6,0,0,0
29773,1674.0,3348,6.13,12.27,0,10.0,0.0,0.0,0,304,1
29895,1188.0,1188,7.67,7.67,0,8.91,0.0,0.0,0,250,1
29971,1620.0,1620,8.49,8.49,0,8.91,0.45,729.0,0,23,0
29993,2160.0,2160,6.93,6.93,0,8.91,0.57,1231.2,0,175,0
30274,1188.0,1188,6.59,6.59,0,8.91,0.02,23.76,0,260,0
30314,1188.0,1188,6.93,6.93,1,8.0,0.17,201.96,0,16,0
30331,2160.0,2160,6.93,6.93,1,8.0,0.1,216.0,0,169,0
30384,1188.0,1188,5.29,5.29,0,8.91,0.06,71.28,0,266,0
30571,1188.0,1188,6.53,6.53,0,8.91,0.0,0.0,0,0,1
30665,1080.0,1080,6.53,6.53,0,8.91,0.02,21.6,0,31,0
30703,2160.0,2160,8.49,8.49,0,8.91,0.0,0.0,0,274,0
30795,2160.0,2160,6.93,6.93,0,8.91,0.31,669.6,0,44,0
30917,1620.0,1620,6.37,6.37,1,10.0,0.0,0.0,1,169,1
31021,1188.0,1188,6.93,6.93,0,8.91,0.07,83.16,0,214,0
31070,1620.0,1620,5.57,5.57,0,8.91,0.0,0.0,0,0,0
31151,1188.0,1188,6.93,6.93,0,8.91,0.0,0.0,0,36,1
31379,1620.0,1620,6.93,6.93,0,8.91,0.32,518.4,0,78,0
31548,2160.0,2160,6.93,6.93,0,8.91,0.0,0.0,0,180,0
31555,1620.0,1620,7.68,7.68,0,8.91,0.0,0.0,0,0,0
31682,1620.0,1620,6.59,6.59,0,8.91,0.0,0.0,0,0,0
31710,1188.0,1188,6.93,6.93,1,9.0,0.24,285.12,0,16,0
31771,1134.0,2268,5.86,11.71,0,8.91,0.0,0.0,0,272,1
31850,1620.0,1620,6.37,6.37,0,8.91,0.37,599.4,0,77,0
31861,2160.0,2160,6.93,6.93,0,8.91,0.0,0.0,0,0,0
31863,1620.0,1620,6.93,6.93,0,8.91,0.0,0.0,0,145,1
31906,2160.0,2160,6.93,6.93,0,8.91,0.16,345.6,0,66,0
31998,1188.0,1188,5.29,5.29,1,10.0,0.03,35.64,0,234,0
32736,1620.0,1620,6.93,6.93,0,8.91,0.07,113.4,0,44,0
32823,1404.0,5616,8.19,32.77,0,10.0,0.0,0.0,0,270,1
32890,1620.0,1620,6.93,6.93,0,8.91,0.0,0.0,0,14,0
32946,2160.0,2160,6.59,6.59,0,8.91,0.0,0.0,0,0,0
32953,1188.0,1188,7.68,7.68,0,8.91,0.0,0.0,0,0,0
32961,1188.0,1188,6.59,6.59,0,8.91,0.0,0.0,0,0,0
33052,1620.0,1620,7.68,7.68,1,9.0,0.78,1263.6,1,100,0
33291,1188.0,1188,7.68,7.68,1,9.0,0.02,23.76,0,274,0
33490,1620.0,1620,7.67,7.67,0,8.91,0.0,0.0,0,0,0
33512,2160.0,2160,6.59,6.59,0,8.91,0.0,0.0,0,0,0
33587,1080.0,1080,6.59,6.59,0,8.91,0.0,0.0,0,0,0
33588,2160.0,2160,6.59,6.59,0,8.91,0.0,0.0,0,0,0
33672,1188.0,1188,6.93,6.93,0,8.91,0.0,0.0,0,0,0
97,1080.0,1080,7.47,7.47,0,8.91,0.0,0.0,0,0,0
430,1620.0,1620,7.47,7.47,0,8.91,0.0,0.0,0,0,0
912,2160.0,2160,7.46,7.46,0,8.91,0.0,0.0,0,82,1
1211,1188.0,1188,7.47,7.47,0,8.91,0.0,0.0,0,0,0
1367,2160.0,2160,7.47,7.47,0,8.91,0.0,0.0,0,66,0
1510,1188.0,1188,8.7,8.7,0,8.91,0.42,498.96,0,12,0
1526,648.0,648,8.26,8.26,1,10.0,0.51,330.48,0,118,0
1932,1188.0,1188,7.47,7.47,0,8.91,0.01,11.88,0,14,0
1988,1188.0,1188,7.47,7.47,0,8.91,0.0,0.0,0,0,0
2023,1620.0,1620,8.26,8.26,1,10.0,0.99,1603.8,0,53,0
2090,1188.0,1188,8.26,8.26,0,8.91,0.16,190.08,0,145,0
2611,1620.0,1620,7.47,7.47,0,8.91,0.97,1571.4,1,87,0
2890,1188.0,1188,7.47,7.47,0,8.91,0.0,0.0,0,1,1
3842,2160.0,2160,7.47,7.47,0,8.91,0.0,0.0,0,0,0
4176,1188.0,1188,7.47,7.47,1,9.0,0.08,95.04,0,243,0
4444,1656.0,4968,7.82,23.46,0,8.91,0.0,0.0,0,0,1
4446,1188.0,1188,7.17,7.17,0,8.91,0.0,0.0,0,2,0
4693,2160.0,2160,7.47,7.47,0,8.91,0.0,0.0,0,0,0
4997,1188.0,1188,7.47,7.47,0,8.91,0.75,891.0,0,24,0
5281,1620.0,1620,7.47,7.47,1,7.0,0.06,97.2,0,169,0
5473,1620.0,1620,7.17,7.17,0,8.91,0.03,48.6,0,102,0
5661,1188.0,1188,7.1,7.1,0,8.91,0.0,0.0,0,0,0
5823,1620.0,1620,7.47,7.47,0,8.91,0.0,0.0,0,0,0
5984,540.0,540,7.47,7.47,0,8.91,0.0,0.0,0,0,0
6101,1188.0,1188,7.17,7.17,0,8.91,0.0,0.0,0,0,0
6172,1620.0,1620,7.47,7.47,0,8.91,0.0,0.0,0,0,1
6220,1620.0,1620,8.26,8.26,0,8.91,0.0,0.0,0,274,0
6691,1620.0,1620,7.47,7.47,0,8.91,0.0,0.0,0,0,0
6900,324.0,324,7.47,7.47,1,10.0,0.0,0.0,0,0,0
6915,1080.0,1080,7.47,7.47,0,8.91,0.0,0.0,0,0,0
7464,1620.0,1620,7.47,7.47,0,8.91,0.0,0.0,0,0,1
7554,2160.0,2160,7.47,7.47,0,8.91,0.0,0.0,0,14,0
7563,2160.0,2160,7.47,7.47,0,8.91,0.0,0.0,0,226,0
7577,1620.0,1620,8.06,8.06,1,8.0,0.76,1231.2,0,278,0
8648,648.0,648,7.47,7.47,0,8.91,0.14,90.72,0,13,0
9397,2160.0,2160,7.47,7.47,0,8.91,0.0,0.0,0,134,1
9479,1674.0,3348,5.02,10.04,1,10.0,0.0,0.0,2,145,1
9716,1188.0,1188,8.7,8.7,0,8.91,0.0,0.0,0,0,0
10163,2160.0,2160,7.47,7.47,0,8.91,0.0,0.0,0,0,0
10758,1620.0,1620,7.17,7.17,0,8.91,0.0,0.0,0,0,0
11333,1188.0,1188,5.78,5.78,0,8.91,0.0,0.0,0,0,0
11729,1188.0,1188,7.47,7.47,0,8.91,0.0,0.0,0,10,0
12085,2160.0,2160,7.46,7.46,0,8.91,0.0,0.0,0,297,0
12180,2160.0,2160,7.35,7.35,0,8.91,0.0,0.0,0,166,0
12186,2160.0,2160,7.47,7.47,0,8.91,0.1,216.0,0,26,0
12581,2160.0,2160,7.17,7.17,0,8.91,0.04,86.4,0,302,0
12589,2160.0,2160,7.47,7.47,0,8.91,0.0,0.0,0,225,1
12610,1404.0,2808,8.26,16.51,0,8.91,0.0,0.0,0,287,1
12689,1188.0,1188,7.47,7.47,0,8.91,0.0,0.0,0,79,0
13130,1620.0,1620,7.47,7.47,0,8.91,0.0,0.0,0,69,0
13533,1620.0,1620,7.47,7.47,1,10.0,0.15,243.0,0,7,0
14144,2160.0,2160,7.47,7.47,0,8.91,0.22,475.2,0,53,0
14189,1188.0,1188,7.46,7.46,0,8.91,0.0,0.0,0,0,1
14360,1188.0,1188,7.17,7.17,0,8.91,0.0,0.0,0,0,0
15486,1188.0,1188,5.85,5.85,0,8.91,0.01,11.88,0,221,0
15605,648.0,648,8.26,8.26,0,8.91,0.95,615.6,0,6,0
16236,1188.0,1188,7.47,7.47,0,8.91,1.0,1188.0,0,67,0
16251,1188.0,1188,7.47,7.47,0,8.91,0.03,35.64,0,53,0
16400,1620.0,1620,7.47,7.47,0,8.91,0.35,567.0,0,43,0
16497,1620.0,1620,8.7,8.7,0,8.91,0.06,97.2,0,12,0
16896,2160.0,2160,7.47,7.47,0,8.91,0.0,0.0,0,0,0
19240,1188.0,1188,5.78,5.78,0,8.91,0.17,201.96,0,35,0
19249,324.0,324,5.78,5.78,0,8.91,0.0,0.0,0,0,0
19341,1188.0,1188,7.47,7.47,0,8.91,0.0,0.0,0,31,1
19601,1224.0,3672,7.47,22.4,0,8.91,0.0,0.0,0,288,1
19866,1296.0,5184,8.36,33.46,0,8.91,0.0,0.0,0,0,1
20184,1188.0,1188,7.35,7.35,0,8.91,0.0,0.0,0,0,0
20215,1620.0,1620,7.47,7.47,0,8.91,0.0,0.0,0,277,1
20323,1620.0,1620,8.26,8.26,0,8.91,0.0,0.0,0,0,0
20339,2160.0,2160,7.47,7.47,0,8.91,0.02,43.2,0,1,0
20493,1620.0,1620,7.47,7.47,0,8.91,0.0,0.0,0,0,0
20511,2160.0,2160,7.47,7.47,0,8.91,0.0,0.0,0,0,0
20512,324.0,324,7.47,7.47,0,8.91,0.0,0.0,0,0,0
20681,1620.0,1620,7.47,7.47,0,8.91,0.0,0.0,0,0,0
20708,1188.0,1188,9.14,9.14,0,8.91,0.0,0.0,0,102,0
20957,1620.0,1620,7.47,7.47,0,8.91,0.0,0.0,0,0,0
21038,1188.0,1188,7.46,7.46,0,8.91,0.0,0.0,0,0,0
21260,648.0,648,7.47,7.47,0,8.91,0.0,0.0,0,0,0
21262,1188.0,1188,7.47,7.47,0,8.91,0.0,0.0,0,0,0
21393,1188.0,1188,7.46,7.46,0,8.91,0.06,71.28,0,247,0
21407,1620.0,1620,9.14,9.14,0,8.91,0.03,48.6,0,113,0
21462,1620.0,1620,7.46,7.46,1,10.0,0.36,583.2,0,57,0
21463,1620.0,1620,7.47,7.47,1,10.0,0.99,1603.8,0,249,0
21561,2160.0,2160,8.26,8.26,0,8.91,0.23,496.8,0,198,0
21565,324.0,324,7.46,7.46,0,8.91,0.0,0.0,0,0,0
21583,1620.0,3240,8.26,16.51,0,8.91,0.0,0.0,0,63,1
22119,1188.0,1188,7.47,7.47,0,8.91,0.02,23.76,0,2,0
22863,2160.0,2160,8.26,8.26,0,8.91,0.0,0.0,0,112,1
22896,1188.0,1188,7.47,7.47,0,8.91,0.0,0.0,0,0,0
22957,2160.0,2160,7.47,7.47,1,8.0,0.99,2138.4,0,147,0
23198,2160.0,2160,7.47,7.47,0,8.91,0.0,0.0,0,4,0
23340,1620.0,1620,7.47,7.47,0,8.91,0.0,0.0,0,0,0
23772,648.0,648,7.47,7.47,0,8.91,0.0,0.0,0,0,0
23924,1188.0,1188,6.41,6.41,0,8.91,0.0,0.0,0,0,0
24034,1620.0,1620,7.47,7.47,0,8.91,0.23,372.6,0,30,0
24211,1188.0,1188,9.14,9.14,0,8.91,0.0,0.0,0,0,1
24346,1188.0,1188,7.47,7.47,0,8.91,0.0,0.0,0,1,0
25566,2160.0,2160,7.47,7.47,1,9.0,0.47,1015.2,0,27,0
26231,2160.0,2160,7.47,7.47,0,8.91,0.04,86.4,0,9,0
26325,1332.0,3996,8.36,25.07,1,8.5,0.0,0.0,0,219,1
26330,1188.0,1188,8.26,8.26,0,8.91,0.0,0.0,0,48,0
26419,2160.0,2160,7.35,7.35,1,10.0,0.18,388.8,0,198,0
26905,2160.0,2160,7.46,7.46,0,8.91,0.0,0.0,0,0,0
27020,2160.0,2160,7.47,7.47,0,8.91,0.11,237.6,0,279,0
27491,1620.0,1620,7.47,7.47,0,8.91,0.0,0.0,0,0,0
28438,1620.0,1620,7.47,7.47,1,10.0,0.81,1312.2,1,55,0
28666,2160.0,2160,7.47,7.47,0,8.91,0.21,453.6,0,228,0
29379,648.0,648,7.1,7.1,0,8.91,0.0,0.0,0,176,1
29405,1188.0,1188,7.17,7.17,0,8.91,0.0,0.0,0,165,1
29412,2160.0,2160,7.46,7.46,0,8.91,0.0,0.0,0,2,0
29466,648.0,648,8.26,8.26,0,8.91,0.12,77.76,0,105,0
29519,1620.0,1620,7.47,7.47,1,10.0,0.0,0.0,0,81,1
29600,1620.0,1620,7.47,7.47,0,8.91,0.0,0.0,0,83,0
29684,1080.0,1080,8.06,8.06,0,8.91,0.41,442.8,0,225,0
29737,1188.0,1188,7.17,7.17,0,8.91,0.0,0.0,0,0,0
29888,2160.0,2160,7.47,7.47,0,8.91,0.0,0.0,0,24,0
30377,1404.0,5616,5.87,23.47,0,8.91,0.0,0.0,0,0,1
30383,540.0,540,5.78,5.78,0,8.91,0.0,0.0,0,175,1
30790,2160.0,2160,7.46,7.46,0,8.91,0.0,0.0,0,71,1
31194,2160.0,2160,7.47,7.47,1,8.0,0.72,1555.2,0,105,0
31311,1188.0,1188,7.47,7.47,0,8.91,0.0,0.0,0,10,0
31516,1620.0,1620,5.33,5.33,0,8.91,0.0,0.0,0,129,0
31619,1188.0,1188,8.26,8.26,0,8.91,0.0,0.0,0,0,0
31809,324.0,324,7.47,7.47,0,8.91,0.0,0.0,0,0,0
32220,2160.0,2160,7.46,7.46,0,8.91,0.0,0.0,0,0,0
32230,2160.0,2160,7.46,7.46,0,8.91,0.0,0.0,0,270,0
32313,1188.0,1188,7.47,7.47,0,8.91,0.27,320.76,0,3,0
32440,1620.0,1620,7.47,7.47,0,8.91,0.0,0.0,0,6,0
32987,1620.0,1620,7.1,7.1,0,8.91,0.0,0.0,0,0,0
33153,1620.0,1620,7.47,7.47,0,8.91,0.0,0.0,0,0,0
33258,2160.0,2160,7.47,7.47,0,8.91,0.18,388.8,0,278,0
33364,1620.0,1620,7.47,7.47,0,8.91,0.0,0.0,0,0,0
33638,1620.0,1620,7.47,7.47,0,8.91,0.0,0.0,0,0,0
676,540.0,540,7.47,7.47,0,8.91,1.0,540.0,0,105,0
677,2160.0,2160,7.17,7.17,0,8.91,0.0,0.0,0,0,0
1221,2160.0,2160,7.47,7.47,0,8.91,0.0,0.0,0,0,0
1317,1188.0,1188,7.47,7.47,0,8.91,0.0,0.0,0,0,0
1543,1620.0,1620,7.47,7.47,0,8.91,0.89,1441.8,0,6,0
1593,1620.0,1620,7.47,7.47,0,8.91,0.99,1603.8,2,89,0
1603,2160.0,2160,7.47,7.47,1,10.0,0.9,1944.0,0,26,0
1622,1188.0,1188,7.47,7.47,0,8.91,0.0,0.0,0,0,0
1785,2160.0,2160,7.47,7.47,0,8.91,0.0,0.0,0,0,0
2240,2160.0,2160,7.47,7.47,1,8.0,0.0,0.0,0,0,0
2318,2160.0,2160,7.47,7.47,0,8.91,0.31,669.6,0,18,0
2394,2160.0,2160,7.47,7.47,1,10.0,0.46,993.6,3,303,0
3138,1620.0,1620,8.26,8.26,0,8.91,0.0,0.0,0,0,0
3140,1188.0,1188,7.47,7.47,1,9.0,0.07,83.16,0,50,0
3145,2160.0,2160,7.47,7.47,0,8.91,0.04,86.4,0,250,0
3482,2160.0,2160,7.47,7.47,0,8.91,0.0,0.0,0,0,0
3610,1620.0,1620,7.47,7.47,1,9.5,0.0,0.0,2,289,1
3705,1620.0,1620,8.26,8.26,0,8.91,0.28,453.6,0,16,0
3732,2160.0,2160,7.47,7.47,0,8.91,0.0,0.0,0,264,0
3753,1476.0,4428,6.76,20.27,0,8.91,0.0,0.0,0,141,1
3805,2160.0,2160,7.47,7.47,0,8.91,0.02,43.2,0,0,0
3855,2160.0,2160,7.17,7.17,0,8.91,0.48,1036.8,0,77,0
3861,1620.0,1620,7.46,7.46,0,8.91,0.0,0.0,0,27,1
3875,1188.0,1188,7.47,7.47,0,8.91,0.0,0.0,0,2,0
4064,2160.0,2160,5.07,5.07,0,8.91,0.0,0.0,0,0,0
4194,1620.0,1620,7.47,7.47,0,8.91,0.02,32.4,0,296,0
4279,2160.0,2160,7.46,7.46,0,8.91,0.0,0.0,0,0,0
4451,1620.0,1620,7.47,7.47,0,8.91,0.0,0.0,0,0,0
4557,1188.0,1188,7.47,7.47,0,8.91,0.0,0.0,0,0,0
5074,2160.0,2160,7.47,7.47,0,8.91,0.0,0.0,0,0,0
5520,2160.0,2160,7.1,7.1,0,8.91,0.0,0.0,0,0,0
5552,1620.0,1620,7.47,7.47,0,8.91,0.0,0.0,0,0,0
5904,1188.0,1188,7.47,7.47,0,8.91,0.0,0.0,0,0,0
5988,1620.0,1620,8.06,8.06,0,8.91,0.0,0.0,0,0,0
6260,1620.0,1620,7.47,7.47,0,8.91,0.03,48.6,0,15,0
6339,1188.0,1188,7.1,7.1,0,8.91,0.0,0.0,0,0,0
6346,1620.0,1620,7.1,7.1,0,8.91,0.0,0.0,0,0,0
6358,1620.0,1620,7.1,7.1,0,8.91,0.36,583.2,0,241,0
6440,2160.0,2160,7.46,7.46,0,8.91,0.0,0.0,0,0,0
6769,1620.0,1620,7.47,7.47,0,8.91,0.12,194.4,0,64,0
7101,2160.0,2160,7.47,7.47,0,8.91,0.0,0.0,0,31,0
7119,648.0,648,7.47,7.47,0,8.91,0.34,220.32,0,8,0
7165,1620.0,1620,7.47,7.47,0,8.91,0.0,0.0,0,287,0
7207,1188.0,1188,7.47,7.47,0,8.91,0.0,0.0,0,159,0
7415,1188.0,1188,7.47,7.47,0,8.91,0.0,0.0,0,15,0
7522,1188.0,1188,7.47,7.47,0,8.91,0.0,0.0,0,0,0
7948,1188.0,1188,7.47,7.47,0,8.91,0.36,427.68,1,192,0
7950,2160.0,2160,7.47,7.47,0,8.91,0.0,0.0,0,0,0
7982,1188.0,1188,7.35,7.35,0,8.91,0.0,0.0,0,0,0
8371,2160.0,2160,7.47,7.47,0,8.91,0.0,0.0,0,0,1
8418,648.0,648,7.47,7.47,0,8.91,1.0,648.0,0,54,0
8599,2160.0,2160,8.26,8.26,1,8.0,0.27,583.2,0,262,0
8695,1620.0,1620,7.47,7.47,0,8.91,0.0,0.0,0,0,0
8816,1620.0,1620,7.1,7.1,0,8.91,0.0,0.0,0,0,0
9361,2160.0,2160,7.47,7.47,0,8.91,0.0,0.0,0,0,0
9374,1188.0,1188,8.26,8.26,1,9.0,0.65,772.2,0,259,0
9895,1188.0,1188,7.47,7.47,0,8.91,0.0,0.0,0,0,0
9940,1620.0,1620,9.14,9.14,0,8.91,0.0,0.0,0,0,0
9955,1620.0,1620,9.14,9.14,0,8.91,0.0,0.0,0,0,0
10044,1620.0,1620,5.78,5.78,0,8.91,0.0,0.0,0,33,0
10150,1188.0,1188,5.78,5.78,0,8.91,0.06,71.28,0,258,0
10331,1620.0,1620,7.17,7.17,0,8.91,0.0,0.0,0,0,1
10374,1620.0,1620,7.46,7.46,1,9.0,0.53,858.6,0,235,0
10451,648.0,648,7.46,7.46,0,8.91,0.0,0.0,0,202,0
10749,1080.0,1080,8.26,8.26,1,6.0,0.83,896.4,0,6,0
11650,1620.0,1620,7.1,7.1,0,8.91,0.0,0.0,0,0,0
11753,216.0,216,8.26,8.26,0,8.91,0.0,0.0,0,0,0
11826,1620.0,1620,5.78,5.78,0,8.91,0.0,0.0,0,154,0
11863,648.0,648,7.47,7.47,0,8.91,0.0,0.0,0,0,0
11983,1080.0,2160,7.47,14.93,0,9.5,0.0,0.0,0,185,1
12064,2160.0,2160,7.1,7.1,0,8.91,0.0,0.0,0,4,0
12066,1620.0,1620,7.47,7.47,0,8.91,0.0,0.0,0,0,0
12264,1620.0,1620,7.17,7.17,0,8.91,0.04,64.8,0,305,0
12339,2160.0,2160,7.47,7.47,0,8.91,0.0,0.0,0,37,0
12364,1188.0,1188,6.41,6.41,0,8.91,0.0,0.0,0,0,0
12463,2160.0,2160,8.26,8.26,1,10.0,0.74,1598.4,4,301,0
12626,1188.0,1188,7.47,7.47,0,8.91,0.0,0.0,0,218,1
13049,2160.0,2160,7.46,7.46,0,8.91,0.0,0.0,0,0,0
13150,1620.0,1620,7.47,7.47,0,8.91,0.03,48.6,0,0,0
13257,2160.0,2160,7.47,7.47,1,10.0,0.07,151.2,0,293,0
13410,1620.0,1620,7.47,7.47,0,8.91,0.05,81.0,0,58,0
13417,1188.0,1188,7.47,7.47,1,9.0,0.19,225.72,0,4,0
13557,2160.0,2160,7.46,7.46,0,8.91,0.0,0.0,0,0,0
13700,2160.0,2160,7.47,7.47,0,8.91,0.21,453.6,1,116,0
13761,1188.0,1188,7.47,7.47,0,8.91,0.0,0.0,0,0,0
14098,324.0,324,7.47,7.47,0,8.91,0.0,0.0,0,0,0
14311,1188.0,1188,7.1,7.1,0,8.91,0.0,0.0,0,0,0
14359,1620.0,1620,8.06,8.06,0,8.91,0.0,0.0,0,150,0
14653,1080.0,1080,7.47,7.47,0,8.91,0.0,0.0,0,0,0
14805,2160.0,2160,7.47,7.47,1,10.0,0.0,0.0,0,188,1
14975,2160.0,2160,7.47,7.47,0,8.91,0.0,0.0,0,0,0
15284,1188.0,1188,7.47,7.47,0,8.91,0.07,83.16,0,0,0
15339,2160.0,2160,7.47,7.47,0,8.91,0.0,0.0,0,0,0
15822,1404.0,2808,6.4,12.8,1,10.0,0.0,0.0,1,256,1
15928,1188.0,1188,5.9,5.9,0,8.91,0.0,0.0,0,250,1
16037,1188.0,3564,7.64,22.93,0,8.91,0.0,0.0,0,153,1
16427,1620.0,1620,9.14,9.14,0,8.91,0.0,0.0,0,187,0
16982,1620.0,1620,8.06,8.06,0,8.91,0.0,0.0,0,40,0
17164,1620.0,1620,8.06,8.06,1,10.0,0.99,1603.8,3,141,0
17171,2160.0,2160,7.47,7.47,0,8.91,0.0,0.0,0,243,0
17327,1620.0,1620,7.47,7.47,0,8.91,0.0,0.0,0,0,1
17539,648.0,648,7.1,7.1,0,8.91,0.04,25.92,0,140,0
17765,1188.0,1188,7.47,7.47,0,8.91,0.06,71.28,0,202,0
17789,2160.0,2160,7.47,7.47,1,9.0,0.58,1252.8,3,114,0
17951,2160.0,2160,5.07,5.07,0,8.91,0.0,0.0,0,112,0
18064,1620.0,1620,7.47,7.47,0,8.91,0.0,0.0,0,0,0
18075,1188.0,1188,7.47,7.47,0,8.91,0.43,510.84,0,17,0
18125,1188.0,1188,7.47,7.47,1,10.0,0.66,784.08,0,262,0
18234,1188.0,1188,7.1,7.1,0,8.91,0.0,0.0,0,0,0
18512,2160.0,2160,7.47,7.47,0,8.91,0.0,0.0,0,0,0
18676,1080.0,1080,7.47,7.47,0,8.91,0.66,712.8,1,12,0
19157,1188.0,1188,8.26,8.26,1,10.0,0.5,594.0,1,298,0
19198,1188.0,1188,7.46,7.46,0,8.91,0.08,95.04,0,14,0
19378,648.0,648,7.47,7.47,0,8.91,0.17,110.16,0,8,0
19780,2160.0,2160,7.47,7.47,0,8.91,0.22,475.2,0,21,0
20314,1620.0,1620,7.47,7.47,0,8.91,0.0,0.0,0,0,1
20602,1620.0,1620,7.46,7.46,0,8.91,0.0,0.0,0,0,0
20659,2160.0,2160,7.82,7.82,0,8.91,0.0,0.0,0,0,0
20678,1620.0,1620,7.47,7.47,0,8.91,0.0,0.0,0,0,0
21191,1674.0,3348,8.14,16.29,0,8.91,0.0,0.0,0,134,1
21223,1620.0,1620,7.47,7.47,0,8.91,0.0,0.0,0,0,0
21264,648.0,648,5.78,5.78,0,8.91,0.0,0.0,0,42,0
21651,1080.0,1080,8.26,8.26,0,8.91,0.0,0.0,0,0,0
21705,1188.0,1188,7.47,7.47,0,8.91,0.0,0.0,0,116,0
21765,1620.0,1620,7.47,7.47,0,8.91,0.13,210.6,0,221,0
21810,1188.0,1188,9.14,9.14,0,8.91,0.0,0.0,0,205,1
22812,1188.0,1188,7.47,7.47,0,8.91,0.71,843.48,0,203,0
22865,1188.0,1188,8.26,8.26,0,8.91,0.0,0.0,0,224,0
22966,1188.0,1188,7.47,7.47,0,8.91,1.0,1188.0,0,238,0
23590,1188.0,1188,7.47,7.47,0,8.91,0.0,0.0,0,0,0
23708,1188.0,1188,8.26,8.26,0,8.91,0.0,0.0,0,0,0
24004,648.0,648,8.06,8.06,0,8.91,0.7,453.6,0,78,0
24118,1188.0,1188,8.26,8.26,0,8.91,0.0,0.0,0,1,0
24363,1620.0,1620,8.26,8.26,0,8.91,0.0,0.0,0,0,0
25312,2160.0,2160,8.26,8.26,0,8.91,0.38,820.8,0,3,0
25780,1188.0,1188,8.26,8.26,0,8.91,0.07,83.16,0,2,0
26143,2160.0,2160,7.47,7.47,0,8.91,0.01,21.6,0,0,0
26212,1188.0,1188,7.47,7.47,1,10.0,0.11,130.68,0,13,0
26272,1620.0,1620,7.1,7.1,0,8.91,0.07,113.4,0,1,0
26306,1620.0,1620,7.47,7.47,0,8.91,0.53,858.6,1,253,0
26412,2160.0,2160,7.47,7.47,1,7.0,0.04,86.4,0,0,0
26529,1188.0,1188,7.46,7.46,0,8.91,0.0,0.0,0,288,0
26800,2160.0,2160,7.46,7.46,0,8.91,0.0,0.0,0,140,0
27190,1188.0,1188,7.47,7.47,0,8.91,0.0,0.0,0,0,0
27381,2160.0,2160,7.47,7.47,1,10.0,0.9,1944.0,1,88,0
27702,1620.0,1620,7.46,7.46,0,8.91,0.0,0.0,0,50,0
27907,648.0,648,7.47,7.47,0,8.91,0.0,0.0,0,87,1
28121,324.0,324,7.47,7.47,0,8.91,0.0,0.0,0,0,0
28167,1188.0,1188,7.47,7.47,0,8.91,0.0,0.0,0,0,0
28209,1188.0,1188,7.47,7.47,0,8.91,0.0,0.0,0,9,0
28374,1620.0,1620,8.06,8.06,1,8.0,0.99,1603.8,0,56,0
28386,1188.0,1188,7.47,7.47,0,8.91,0.0,0.0,0,0,0
29104,1620.0,1620,7.47,7.47,0,8.91,0.0,0.0,0,0,0
29368,1269.0,5076,5.87,23.47,0,8.91,0.0,0.0,0,0,1
29506,1188.0,1188,7.47,7.47,0,8.91,0.0,0.0,0,0,1
29553,1620.0,1620,7.47,7.47,0,8.91,0.15,243.0,0,27,0
29563,1620.0,1620,7.47,7.47,0,8.91,0.12,194.4,0,146,0
29614,1620.0,1620,7.1,7.1,0,8.91,0.0,0.0,0,0,0
29636,1188.0,1188,7.47,7.47,0,8.91,0.0,0.0,0,0,0
29870,2160.0,2160,7.47,7.47,0,8.91,0.0,0.0,0,0,0
30074,1188.0,1188,8.06,8.06,0,8.91,1.0,1188.0,1,304,0
30217,1188.0,1188,5.33,5.33,0,8.91,0.0,0.0,0,0,0
30290,2160.0,2160,7.47,7.47,0,8.91,0.21,453.6,0,22,0
30313,1620.0,1620,7.47,7.47,0,8.91,0.0,0.0,0,70,0
30389,1620.0,1620,6.41,6.41,0,8.91,0.0,0.0,0,0,1
30426,1188.0,1188,8.26,8.26,0,8.91,0.01,11.88,0,131,0
30543,1188.0,1188,7.47,7.47,0,8.91,0.0,0.0,0,144,0
30599,1620.0,1620,7.47,7.47,0,8.91,0.07,113.4,0,41,0
30634,2160.0,2160,7.17,7.17,0,8.91,0.0,0.0,0,0,0
30643,612.0,1836,7.47,22.4,0,10.0,0.0,0.0,0,0,1
30774,324.0,324,9.14,9.14,0,8.91,0.0,0.0,0,0,0
30904,1620.0,1620,7.17,7.17,0,8.91,0.0,0.0,0,0,0
31463,2160.0,2160,7.46,7.46,0,8.91,0.06,129.6,0,0,0
31514,2160.0,2160,7.46,7.46,0,8.91,0.4,864.0,0,57,0
31597,2160.0,2160,7.47,7.47,0,8.91,0.0,0.0,0,0,0
31748,1620.0,1620,8.06,8.06,0,8.91,0.0,0.0,0,0,0
31755,1188.0,1188,7.47,7.47,0,8.91,0.0,0.0,0,0,0
31792,2160.0,2160,7.46,7.46,0,8.91,0.0,0.0,0,280,0
31846,684.0,2052,7.47,22.4,0,8.91,0.0,0.0,0,0,1
31997,1188.0,1188,5.78,5.78,0,8.91,0.16,190.08,0,27,0
32348,2160.0,2160,7.47,7.47,0,8.91,0.0,0.0,0,15,0
32471,2160.0,2160,7.47,7.47,0,8.91,0.0,0.0,0,0,0
32764,2160.0,2160,8.26,8.26,1,6.0,0.12,259.2,0,26,0
32797,1188.0,1188,7.47,7.47,0,8.91,0.0,0.0,0,30,0
32798,2160.0,2160,7.1,7.1,0,8.91,0.01,21.6,0,47,0
32799,2160.0,2160,7.17,7.17,0,8.91,0.0,0.0,0,0,0
32800,1188.0,1188,7.47,7.47,1,8.0,1.0,1188.0,0,108,0
32869,1620.0,1620,7.47,7.47,0,8.91,0.96,1555.2,2,21,0
32897,1620.0,1620,7.47,7.47,0,8.91,0.21,340.2,0,41,0
32914,2160.0,2160,7.17,7.17,0,8.91,0.0,0.0,0,0,0
32919,2160.0,2160,7.1,7.1,0,10.0,0.0,0.0,0,0,1
32966,1188.0,1188,8.06,8.06,0,8.91,0.0,0.0,0,0,0
33371,1188.0,1188,9.14,9.14,0,8.91,0.11,130.68,0,17,0
33411,1620.0,1620,7.47,7.47,0,8.91,0.0,0.0,0,0,0
33474,2160.0,2160,8.06,8.06,0,8.91,0.0,0.0,0,0,0
33590,2160.0,2160,7.1,7.1,0,8.91,0.0,0.0,0,0,0
33626,1620.0,1620,7.1,7.1,1,7.0,0.82,1328.4,1,256,0
236,2160.0,2160,7.99,7.99,0,8.91,0.0,0.0,0,0,0
302,1188.0,1188,8.0,8.0,0,8.91,0.0,0.0,0,0,0
331,1620.0,1620,8.0,8.0,0,8.91,0.0,0.0,0,9,0
684,324.0,324,8.0,8.0,0,8.91,0.0,0.0,0,0,0
773,1188.0,1188,6.28,6.28,0,8.91,0.07,83.16,0,15,0
814,1620.0,1620,7.57,7.57,0,8.91,0.0,0.0,0,0,0
1254,1188.0,1188,8.0,8.0,0,8.91,0.0,0.0,0,0,0
1566,1188.0,1188,8.0,8.0,0,8.91,0.0,0.0,0,0,0
1701,1188.0,1188,8.0,8.0,0,8.91,0.06,71.28,0,13,0
2009,2160.0,2160,7.57,7.57,0,8.91,0.0,0.0,0,0,0
2223,1188.0,1188,9.8,9.8,0,8.91,0.01,11.88,0,59,0
2241,1188.0,1188,8.45,8.45,0,8.91,0.11,130.68,0,13,0
2747,1188.0,1188,7.99,7.99,1,10.0,1.0,1188.0,0,101,0
3341,1080.0,1080,7.99,7.99,1,8.0,0.0,0.0,0,102,1
4023,648.0,648,8.85,8.85,1,7.0,0.42,272.16,0,60,0
4260,324.0,324,8.38,8.38,0,8.91,0.0,0.0,0,0,0
4420,2160.0,2160,9.8,9.8,0,8.91,0.02,43.2,0,11,0
4624,1188.0,1188,8.0,8.0,0,8.91,0.94,1116.72,1,277,0
4837,2160.0,2160,8.0,8.0,0,8.91,0.0,0.0,0,59,1
4877,1620.0,1620,9.8,9.8,0,8.91,0.0,0.0,0,0,0
5370,2160.0,2160,6.28,6.28,0,8.91,0.45,972.0,1,69,0
5571,1620.0,1620,7.99,7.99,0,8.91,0.11,178.2,0,51,0
5679,2160.0,2160,6.86,6.86,0,8.91,0.27,583.2,0,48,0
6154,2160.0,2160,8.85,8.85,0,8.91,0.12,259.2,0,287,0
6155,1188.0,1188,8.0,8.0,1,5.0,0.0,0.0,1,152,1
6390,1620.0,1620,7.61,7.61,0,8.91,0.54,874.8,0,277,0
6638,1188.0,1188,8.85,8.85,0,8.91,0.22,261.36,0,108,0
6677,1080.0,1080,8.85,8.85,1,9.0,1.0,1080.0,1,4,0
6763,1620.0,1620,8.0,8.0,0,8.91,0.0,0.0,0,38,0
7336,1620.0,1620,8.85,8.85,1,7.0,0.86,1393.2,0,1,0
7364,324.0,324,7.76,7.76,0,8.91,0.0,0.0,0,0,0
7676,1620.0,1620,8.0,8.0,0,8.91,0.0,0.0,0,0,0
8190,1188.0,1188,7.76,7.76,0,8.91,0.07,83.16,0,121,0
8248,1620.0,1620,8.0,8.0,0,8.91,0.33,534.6,0,5,0
8293,1620.0,1620,7.99,7.99,0,8.91,0.0,0.0,0,1,0
8668,1188.0,1188,8.0,8.0,0,8.91,0.0,0.0,0,0,0
8690,648.0,648,7.99,7.99,0,8.91,0.0,0.0,0,0,0
8836,1080.0,1080,8.0,8.0,1,8.0,0.5,540.0,0,199,0
8843,2160.0,2160,7.99,7.99,0,8.91,0.0,0.0,0,269,0
8966,1620.0,1620,6.12,6.12,1,8.0,0.27,437.4,0,26,0
9516,2160.0,2160,8.0,8.0,0,8.91,0.0,0.0,0,0,0
9533,1008.0,3024,7.76,23.28,0,8.91,0.0,0.0,0,0,1
10062,1620.0,1620,8.45,8.45,0,8.91,0.0,0.0,0,0,0
10189,1188.0,1188,8.0,8.0,0,8.91,0.0,0.0,0,0,0
10324,1890.0,3780,8.0,16.0,0,8.91,0.0,0.0,0,0,1
10479,1620.0,1620,8.0,8.0,0,8.91,0.0,0.0,0,125,0
10697,324.0,324,7.76,7.76,0,8.91,0.0,0.0,0,0,1
10751,648.0,648,9.8,9.8,0,8.91,0.0,0.0,0,0,0
11003,2160.0,2160,8.85,8.85,0,8.91,0.49,1058.4,0,125,0
11049,1080.0,1080,8.45,8.45,0,8.91,0.0,0.0,0,0,0
11167,2160.0,2160,7.99,7.99,0,8.91,0.0,0.0,0,0,0
11244,1620.0,1620,7.99,7.99,0,8.91,0.0,0.0,0,0,0
11285,2160.0,2160,7.99,7.99,0,8.91,0.34,734.4,0,273,0
11449,2160.0,2160,7.99,7.99,0,8.91,0.02,43.2,0,129,0
11621,1620.0,1620,9.8,9.8,1,8.0,0.44,712.8,0,102,0
11749,1620.0,1620,7.76,7.76,0,8.91,0.0,0.0,0,126,0
12069,1620.0,1620,7.61,7.61,0,8.91,0.0,0.0,0,0,0
12179,1188.0,1188,9.8,9.8,0,8.91,0.0,0.0,0,217,0
12188,2160.0,2160,8.85,8.85,0,8.91,0.0,0.0,0,25,0
12421,1674.0,3348,8.85,17.7,1,8.5,0.0,0.0,0,119,1
12639,1188.0,1188,8.85,8.85,0,8.91,0.0,0.0,0,0,0
13001,2160.0,2160,7.99,7.99,0,8.91,0.0,0.0,0,0,0
13227,1188.0,1188,8.85,8.85,0,8.91,0.0,0.0,0,4,0
13235,1620.0,1620,8.85,8.85,1,10.0,0.94,1522.8,0,208,0
13366,1188.0,1188,8.45,8.45,0,8.91,0.45,534.6,0,38,0
13490,648.0,648,8.0,8.0,0,8.91,0.0,0.0,0,0,0
13539,2160.0,2160,8.0,8.0,0,8.91,0.0,0.0,0,0,0
13585,2160.0,2160,8.45,8.45,0,8.91,0.0,0.0,0,0,1
13617,1620.0,1620,8.0,8.0,0,8.91,0.0,0.0,0,198,1
13661,1080.0,1080,7.99,7.99,0,8.91,0.79,853.2,0,17,0
14072,2160.0,2160,7.99,7.99,0,8.91,0.03,64.8,0,19,0
14304,1890.0,3780,8.0,16.0,0,8.91,0.0,0.0,0,8,1
14729,1620.0,1620,7.99,7.99,0,8.91,0.0,0.0,0,0,1
14889,1188.0,1188,5.07,5.07,0,8.91,0.0,0.0,0,0,0
14952,1188.0,1188,7.76,7.76,1,10.0,0.6,712.8,0,170,0
15475,2160.0,2160,8.0,8.0,0,8.91,0.04,86.4,0,43,0
15620,2160.0,2160,7.99,7.99,0,8.91,0.0,0.0,0,0,0
15857,1188.0,1188,7.57,7.57,0,8.91,0.07,83.16,0,290,0
16295,1188.0,1188,8.0,8.0,0,8.91,0.0,0.0,0,0,0
16423,1080.0,1080,6.86,6.86,0,8.91,0.0,0.0,0,0,0
16955,1620.0,1620,8.0,8.0,0,8.91,0.05,81.0,0,187,0
16960,2160.0,2160,7.99,7.99,0,8.91,0.23,496.8,0,87,0
17168,1620.0,1620,6.86,6.86,0,8.91,0.0,0.0,0,0,0
17266,2160.0,2160,7.99,7.99,0,8.91,0.0,0.0,0,284,1
17555,1404.0,2808,8.0,16.0,0,8.91,0.0,0.0,0,274,1
17603,216.0,216,8.0,8.0,0,8.91,0.0,0.0,0,0,0
17650,1188.0,1188,8.85,8.85,0,8.91,0.0,0.0,0,0,0
17822,1188.0,1188,8.0,8.0,0,8.91,0.0,0.0,0,66,1
17863,1188.0,1188,8.0,8.0,0,8.91,0.0,0.0,0,0,0
18356,1188.0,1188,7.61,7.61,0,8.91,0.0,0.0,0,15,0
18994,1620.0,1620,8.85,8.85,0,8.91,0.0,0.0,0,0,0
19004,2160.0,2160,7.99,7.99,1,10.0,0.07,151.2,0,103,0
19208,1188.0,1188,9.8,9.8,1,8.0,0.56,665.28,0,216,0
19344,1674.0,3348,6.66,13.32,0,8.91,0.0,0.0,0,32,1
19427,2160.0,2160,9.8,9.8,0,8.91,0.04,86.4,0,2,0
19784,1188.0,1188,8.85,8.85,0,8.91,0.28,332.64,0,172,0
19862,1620.0,1620,8.0,8.0,0,8.91,0.0,0.0,0,0,0
20822,1188.0,1188,8.0,8.0,0,8.91,0.0,0.0,0,0,0
21015,1620.0,1620,6.12,6.12,1,10.0,0.28,453.6,0,14,0
21084,2160.0,2160,7.99,7.99,0,8.91,0.0,0.0,0,16,0
21386,1890.0,3780,8.0,16.0,1,9.0,0.0,0.0,1,27,1
21974,1620.0,1620,7.99,7.99,0,8.91,0.0,0.0,0,59,0
22514,1620.0,1620,8.0,8.0,0,8.91,0.0,0.0,0,0,0
22538,1188.0,1188,8.85,8.85,0,8.91,0.0,0.0,0,0,0
22677,1620.0,1620,8.0,8.0,0,8.91,0.0,0.0,0,0,0
23160,2160.0,2160,6.12,6.12,1,10.0,0.1,216.0,0,223,0
23386,1188.0,1188,8.0,8.0,0,8.91,0.0,0.0,0,5,0
23966,1080.0,1080,7.61,7.61,0,8.91,0.0,0.0,0,0,0
24349,2160.0,2160,9.8,9.8,1,10.0,0.52,1123.2,0,259,0
24502,1188.0,1188,6.86,6.86,0,8.91,0.0,0.0,0,0,0
25055,1620.0,1620,8.0,8.0,0,8.91,0.13,210.6,0,229,0
25150,1620.0,1620,8.0,8.0,1,8.0,0.39,631.8,0,189,0
25204,1620.0,1620,7.76,7.76,0,8.91,0.0,0.0,0,0,0
25526,1188.0,1188,6.28,6.28,1,9.0,0.07,83.16,0,250,0
25789,1188.0,1188,7.76,7.76,0,8.91,0.1,118.8,0,149,0
25868,1188.0,1188,8.0,8.0,1,7.0,0.06,71.28,0,88,0
26340,2160.0,2160,7.99,7.99,0,8.91,0.0,0.0,0,38,0
26585,1620.0,1620,8.85,8.85,0,8.91,0.0,0.0,0,0,0
27335,1620.0,1620,8.0,8.0,0,10.0,0.0,0.0,0,148,1
27341,1620.0,1620,8.0,8.0,0,8.91,0.15,243.0,0,206,0
27669,1620.0,1620,8.0,8.0,0,8.91,0.13,210.6,0,2,0
27684,1620.0,1620,8.0,8.0,0,8.91,0.0,0.0,0,0,0
27772,1080.0,1080,8.45,8.45,0,8.91,0.37,399.6,0,150,0
27978,540.0,540,7.57,7.57,0,8.91,0.0,0.0,0,1,1
28148,2160.0,2160,7.99,7.99,0,8.91,0.01,21.6,0,44,0
28326,1620.0,1620,7.61,7.61,1,10.0,0.31,502.2,0,265,0
28419,2160.0,2160,7.57,7.57,0,8.91,0.33,712.8,0,111,0
28429,1620.0,1620,8.0,8.0,0,8.91,0.1,162.0,0,24,0
29008,1188.0,1188,8.85,8.85,0,8.91,0.0,0.0,0,0,0
29333,216.0,216,8.0,8.0,1,8.0,0.0,0.0,0,0,0
29398,1620.0,1620,7.99,7.99,0,8.91,0.0,0.0,0,161,0
29444,648.0,648,7.99,7.99,0,8.91,0.48,311.04,0,20,0
30016,1620.0,1620,7.99,7.99,0,8.91,0.0,0.0,0,0,0
30221,1188.0,1188,7.99,7.99,0,8.91,0.0,0.0,0,177,1
30368,1188.0,1188,8.0,8.0,0,8.91,0.0,0.0,0,0,0
30398,1620.0,1620,8.0,8.0,0,8.91,0.0,0.0,0,35,1
30529,1431.0,5724,6.67,26.67,0,8.91,0.0,0.0,0,0,1
30646,1620.0,1620,8.0,8.0,0,8.91,0.0,0.0,0,199,0
30909,1620.0,1620,7.99,7.99,0,8.91,0.0,0.0,0,0,0
31144,1620.0,1620,8.0,8.0,0,8.91,0.0,0.0,0,5,1
31373,648.0,648,7.61,7.61,0,8.91,0.0,0.0,0,56,0
31527,1620.0,1620,8.0,8.0,0,8.91,0.0,0.0,0,0,0
31769,1620.0,1620,6.28,6.28,0,8.91,0.2,324.0,0,26,0
31833,1188.0,1188,8.0,8.0,0,8.91,0.76,902.88,0,104,0
32417,1188.0,1188,8.45,8.45,0,8.91,1.0,1188.0,0,262,0
33027,324.0,324,7.99,7.99,1,10.0,0.0,0.0,0,296,1
33162,1188.0,1188,8.0,8.0,0,8.91,0.0,0.0,0,17,0
33184,2160.0,2160,7.99,7.99,0,8.91,0.0,0.0,0,0,0
33281,1620.0,1620,8.0,8.0,1,10.0,0.2,324.0,0,111,0
33334,2160.0,2160,7.61,7.61,0,8.91,0.0,0.0,0,0,0
33389,1080.0,1080,8.0,8.0,0,8.91,0.29,313.2,0,65,0
33584,1188.0,1188,7.61,7.61,0,8.91,0.01,11.88,0,265,0
105,2160.0,2160,8.0,8.0,0,8.91,0.0,0.0,0,0,0
443,1620.0,1620,9.22,9.22,0,8.91,0.0,0.0,0,20,0
524,1620.0,1620,9.8,9.8,0,8.91,0.33,534.6,0,284,0
530,2160.0,2160,8.0,8.0,0,8.91,0.06,129.6,0,71,0
577,1188.0,1188,7.99,7.99,0,8.91,0.02,23.76,0,23,0
714,324.0,324,8.0,8.0,0,8.91,0.0,0.0,0,0,0
728,1188.0,1188,8.0,8.0,1,10.0,0.06,71.28,0,6,0
740,2160.0,2160,8.0,8.0,0,8.91,0.0,0.0,0,18,0
788,2160.0,2160,8.0,8.0,0,8.91,0.0,0.0,0,152,1
935,2160.0,2160,7.61,7.61,0,8.91,0.0,0.0,0,57,0
1159,1620.0,1620,7.57,7.57,0,8.91,0.0,0.0,0,1,0
1163,2160.0,2160,7.99,7.99,0,8.91,0.0,0.0,0,3,0
1234,1188.0,1188,9.8,9.8,0,8.91,0.0,0.0,0,3,0
1309,1620.0,1620,8.0,8.0,0,8.91,0.32,518.4,0,38,0
1577,2160.0,2160,7.61,7.61,1,10.0,0.35,756.0,0,189,0
1631,2160.0,2160,7.99,7.99,0,8.91,0.0,0.0,0,302,1
1842,2160.0,2160,8.0,8.0,1,10.0,0.45,972.0,0,2,0
1946,1188.0,1188,8.0,8.0,0,8.91,0.0,0.0,0,4,0
2547,1188.0,1188,8.0,8.0,0,8.91,0.08,95.04,0,242,0
2720,1080.0,1080,7.99,7.99,0,8.91,0.0,0.0,0,0,1
2971,1188.0,1188,8.0,8.0,0,8.91,0.0,0.0,0,80,0
2990,1620.0,1620,9.8,9.8,0,8.91,0.63,1020.6,1,205,0
3012,1620.0,1620,8.0,8.0,0,8.91,0.0,0.0,0,0,0
3166,2160.0,2160,8.85,8.85,0,8.91,0.0,0.0,0,13,0
3176,1188.0,1188,6.28,6.28,0,8.91,0.0,0.0,0,0,0
3235,1188.0,1188,8.0,8.0,0,8.91,0.05,59.4,0,207,0
3257,1620.0,1620,8.0,8.0,0,8.91,0.07,113.4,0,10,0
3713,1188.0,1188,8.0,8.0,0,8.91,0.0,0.0,0,0,0
3847,1620.0,1620,8.0,8.0,0,8.91,0.0,0.0,0,0,0
4074,1188.0,1188,9.8,9.8,0,8.0,0.0,0.0,0,100,1
4080,1188.0,1188,8.0,8.0,0,8.91,0.0,0.0,0,39,1
4172,1620.0,1620,8.0,8.0,0,8.91,0.0,0.0,0,0,0
4361,1080.0,1080,8.0,8.0,0,8.91,0.0,0.0,0,0,0
4431,1620.0,1620,8.0,8.0,0,8.91,0.0,0.0,0,0,0
4618,1188.0,1188,8.85,8.85,0,8.91,0.0,0.0,0,0,0
4747,1620.0,1620,6.28,6.28,0,8.91,0.0,0.0,0,0,0
4814,1188.0,1188,6.28,6.28,0,8.91,0.0,0.0,0,0,0
4999,2160.0,2160,7.57,7.57,1,10.0,0.32,691.2,0,20,0
5052,1188.0,1188,8.0,8.0,0,8.91,0.0,0.0,0,104,0
5114,2160.0,2160,8.0,8.0,0,8.91,0.0,0.0,0,0,0
5303,648.0,648,7.57,7.57,0,8.91,0.0,0.0,0,0,0
5621,1188.0,1188,8.0,8.0,0,8.91,0.0,0.0,0,0,0
5682,1620.0,1620,8.0,8.0,0,8.91,0.0,0.0,0,267,1
5770,2160.0,2160,8.0,8.0,0,8.91,0.26,561.6,0,88,0
5776,1620.0,1620,8.45,8.45,0,8.91,0.0,0.0,0,203,1
5859,1188.0,1188,8.0,8.0,1,10.0,0.65,772.2,0,165,0
5960,1620.0,1620,8.0,8.0,0,8.91,0.0,0.0,0,35,1
5963,1620.0,1620,8.0,8.0,0,8.91,0.14,226.8,0,2,0
6081,1188.0,1188,8.0,8.0,0,8.91,0.0,0.0,0,34,1
6139,1620.0,1620,8.0,8.0,1,8.0,0.43,696.6,0,23,0
6152,1620.0,1620,8.85,8.85,1,10.0,0.0,0.0,2,210,1
6156,1620.0,1620,8.85,8.85,0,8.91,0.03,48.6,0,44,0
6446,1620.0,1620,8.0,8.0,0,8.91,0.0,0.0,0,22,0
6488,2160.0,2160,8.0,8.0,0,8.91,0.0,0.0,0,224,0
6826,2160.0,2160,8.0,8.0,0,8.91,0.02,43.2,0,6,0
6882,1188.0,1188,9.8,9.8,0,8.91,0.11,130.68,0,285,0
6940,1620.0,1620,7.76,7.76,0,8.91,0.0,0.0,0,0,0
7066,2160.0,2160,7.99,7.99,0,8.91,0.0,0.0,0,0,0
7126,1476.0,4428,5.81,17.43,0,8.91,0.0,0.0,0,142,1
7586,1134.0,2268,6.66,13.32,0,8.91,0.0,0.0,0,66,1
7587,1188.0,1188,9.8,9.8,1,10.0,0.0,0.0,0,150,1
7731,2160.0,2160,8.0,8.0,0,8.91,0.0,0.0,0,0,0
7914,1188.0,1188,9.22,9.22,0,8.91,0.0,0.0,0,0,0
7972,648.0,648,8.0,8.0,0,8.91,0.05,32.4,0,20,0
8025,1188.0,1188,8.0,8.0,0,8.91,0.0,0.0,0,36,1
8038,1188.0,1188,8.0,8.0,0,8.91,0.0,0.0,0,0,0
8093,2160.0,2160,8.0,8.0,1,10.0,0.22,475.2,0,131,0
8297,1188.0,1188,8.45,8.45,0,8.91,0.5,594.0,0,23,0
8355,1188.0,1188,8.0,8.0,1,9.0,0.06,71.28,0,163,0
8469,324.0,324,8.85,8.85,0,8.91,0.0,0.0,0,0,0
8624,648.0,648,8.0,8.0,0,8.91,0.0,0.0,0,0,0
8772,1188.0,1188,8.0,8.0,0,8.91,0.0,0.0,0,0,0
8918,1620.0,1620,8.0,8.0,0,8.91,0.27,437.4,0,14,0
8925,1080.0,1080,8.85,8.85,0,8.91,0.0,0.0,0,0,0
9042,2160.0,2160,7.57,7.57,0,8.91,0.63,1360.8,0,285,0
9054,2160.0,2160,8.0,8.0,0,8.91,0.09,194.4,0,47,0
9114,1188.0,1188,8.0,8.0,0,8.91,0.0,0.0,0,0,0
9122,1620.0,1620,8.0,8.0,0,8.91,0.15,243.0,0,278,0
9424,1620.0,1620,8.38,8.38,0,8.91,0.0,0.0,0,0,0
9638,2160.0,2160,7.57,7.57,0,8.91,0.03,64.8,0,52,0
9680,2160.0,2160,8.0,8.0,0,8.91,0.22,475.2,0,11,0
9704,1620.0,1620,8.45,8.45,0,8.91,0.0,0.0,1,152,1
9830,324.0,324,8.0,8.0,0,8.91,0.0,0.0,0,0,0
10018,1188.0,1188,8.0,8.0,1,9.0,0.23,273.24,0,258,0
10196,1188.0,1188,8.85,8.85,0,8.91,0.0,0.0,0,0,0
10384,2160.0,2160,8.85,8.85,0,8.91,0.02,43.2,0,35,0
10507,1620.0,1620,6.28,6.28,0,8.91,0.0,0.0,0,201,0
10522,1620.0,1620,6.28,6.28,0,8.91,0.04,64.8,0,237,0
10539,2160.0,2160,8.0,8.0,0,8.91,0.0,0.0,0,1,0
10610,2160.0,2160,8.0,8.0,0,8.91,0.05,108.0,0,276,0
10612,1620.0,1620,7.99,7.99,1,10.0,0.32,518.4,0,61,0
10619,1620.0,1620,8.0,8.0,0,8.91,0.04,64.8,0,1,0
10722,1188.0,1188,6.12,6.12,1,8.0,0.54,641.52,0,51,0
10781,1080.0,1080,7.99,7.99,0,8.91,0.0,0.0,0,138,0
10799,1134.0,2268,7.27,14.53,0,8.91,0.0,0.0,0,201,1
10812,1620.0,1620,9.8,9.8,0,8.91,0.0,0.0,0,0,0
11086,2160.0,2160,8.0,8.0,0,8.91,0.18,388.8,0,34,0
11405,2160.0,2160,8.0,8.0,0,8.91,0.0,0.0,0,276,0
11438,648.0,648,7.99,7.99,0,8.91,0.0,0.0,0,4,1
11487,2160.0,2160,8.0,8.0,0,8.91,0.0,0.0,0,37,0
11638,1620.0,1620,9.8,9.8,0,8.91,0.11,178.2,0,41,0
12133,2160.0,2160,8.0,8.0,0,8.91,0.19,410.4,0,87,0
12284,1188.0,1188,8.85,8.85,0,8.91,0.07,83.16,0,1,0
12288,2160.0,2160,8.85,8.85,1,10.0,0.0,0.0,0,108,1
12600,1620.0,1620,8.0,8.0,0,8.91,0.0,0.0,0,0,0
12664,918.0,1836,5.1,10.19,0,8.91,0.0,0.0,0,0,1
12667,324.0,324,8.85,8.85,0,8.91,0.0,0.0,0,0,0
12698,1476.0,4428,8.0,24.0,0,8.91,0.0,0.0,0,0,1
12718,1620.0,1620,8.0,8.0,1,10.0,0.02,32.4,0,125,0
12788,1620.0,1620,8.0,8.0,0,8.91,0.0,0.0,0,0,0
12804,1620.0,1620,8.0,8.0,0,8.91,0.0,0.0,0,66,0
12976,1620.0,1620,8.85,8.85,0,8.91,0.0,0.0,0,6,0
13072,2160.0,2160,5.07,5.07,0,8.91,0.0,0.0,0,1,0
13244,1188.0,1188,8.85,8.85,0,8.91,0.0,0.0,0,154,0
13397,2160.0,2160,8.0,8.0,0,8.91,0.0,0.0,0,0,0
13449,1404.0,2808,8.0,16.0,0,8.91,0.0,0.0,0,0,1
13530,2160.0,2160,6.12,6.12,1,6.0,0.56,1209.6,0,87,0
13672,2160.0,2160,8.0,8.0,0,8.91,0.01,21.6,0,1,0
13953,1188.0,1188,8.45,8.45,1,10.0,0.0,0.0,0,245,0
14369,1188.0,1188,8.0,8.0,0,8.91,0.0,0.0,0,0,0
14374,1620.0,1620,8.0,8.0,0,8.91,0.0,0.0,0,0,0
14425,1188.0,1188,8.0,8.0,1,10.0,1.0,1188.0,2,108,0
14493,1620.0,1620,9.8,9.8,0,8.91,0.38,615.6,0,294,0
14632,648.0,648,7.76,7.76,0,8.91,0.9,583.2,0,60,0
14817,1080.0,1080,8.0,8.0,0,8.91,0.0,0.0,0,0,0
14839,1188.0,1188,9.8,9.8,0,8.91,0.02,23.76,0,65,0
14921,1404.0,2808,8.0,16.0,0,10.0,0.0,0.0,0,208,1
14928,1674.0,3348,8.0,16.0,1,9.5,0.0,0.0,1,82,1
15228,1620.0,1620,8.0,8.0,0,8.91,0.0,0.0,0,0,0
15254,648.0,648,7.99,7.99,0,8.91,0.0,0.0,0,0,0
15303,1620.0,1620,8.45,8.45,0,8.91,0.03,48.6,0,267,0
15672,1620.0,1620,8.0,8.0,0,8.91,0.0,0.0,0,0,0
15804,1188.0,1188,8.0,8.0,0,8.91,0.0,0.0,0,0,0
15890,1620.0,1620,8.0,8.0,0,8.91,0.01,16.2,0,196,0
15902,1080.0,2160,6.66,13.32,0,9.0,0.0,0.0,0,263,1
16022,1188.0,1188,8.0,8.0,0,8.91,0.0,0.0,0,0,1
16032,2160.0,2160,8.0,8.0,0,8.91,0.0,0.0,0,95,0
16050,1188.0,1188,8.85,8.85,0,8.91,0.0,0.0,0,0,0
16051,2160.0,2160,7.99,7.99,0,8.91,0.38,820.8,0,120,0
16232,1188.0,1188,9.8,9.8,0,8.91,0.39,463.32,0,267,0
16278,1188.0,1188,8.85,8.85,0,8.91,0.28,332.64,0,100,0
16308,324.0,324,8.85,8.85,0,8.91,1.0,324.0,0,108,0
16349,2160.0,2160,8.0,8.0,0,8.91,0.0,0.0,0,0,0
16366,1620.0,1620,8.0,8.0,0,8.91,0.0,0.0,0,37,0
16457,2160.0,2160,8.45,8.45,0,8.91,0.31,669.6,0,60,0
16619,1620.0,1620,7.61,7.61,0,8.91,0.0,0.0,0,0,0
17165,1188.0,1188,7.61,7.61,0,8.91,0.0,0.0,0,0,0
17186,2160.0,2160,8.45,8.45,0,8.91,0.0,0.0,0,73,0
17189,1620.0,1620,8.45,8.45,0,8.91,0.3,486.0,0,162,0
17466,1188.0,1188,9.8,9.8,0,8.91,0.0,0.0,0,300,0
17514,2160.0,2160,7.99,7.99,0,8.91,0.04,86.4,0,17,0
17584,648.0,648,8.0,8.0,0,8.91,0.02,12.96,0,38,0
17612,1188.0,1188,8.0,8.0,0,8.91,0.1,118.8,0,36,0
17674,1188.0,1188,8.0,8.0,0,8.91,0.18,213.84,0,83,0
17846,1620.0,1620,6.28,6.28,0,8.91,0.0,0.0,0,10,0
17964,1620.0,1620,8.0,8.0,0,8.91,0.0,0.0,0,0,0
18007,1620.0,1620,6.28,6.28,0,8.91,0.0,0.0,0,0,0
18100,1620.0,1620,7.76,7.76,0,8.91,0.0,0.0,0,0,1
18152,2160.0,2160,8.45,8.45,0,8.91,0.0,0.0,0,303,0
18198,1188.0,1188,8.45,8.45,0,8.91,0.0,0.0,0,0,0
18359,2160.0,2160,7.99,7.99,0,8.91,0.0,0.0,0,26,0
18375,1620.0,1620,9.8,9.8,0,8.91,0.0,0.0,0,131,0
18422,1620.0,1620,9.22,9.22,0,8.91,0.0,0.0,0,0,0
18444,2160.0,2160,8.0,8.0,0,8.91,0.0,0.0,0,0,1
18565,1620.0,1620,8.0,8.0,1,10.0,0.71,1150.2,1,216,0
18758,1080.0,1080,9.8,9.8,1,8.0,0.74,799.2,0,187,0
18809,1620.0,1620,8.0,8.0,0,8.91,0.0,0.0,0,0,0
19041,1188.0,1188,8.0,8.0,0,8.91,0.07,83.16,0,225,0
19093,648.0,648,8.85,8.85,1,10.0,1.0,648.0,1,15,0
19298,1188.0,1188,8.85,8.85,0,8.91,0.0,0.0,0,35,0
19416,1620.0,1620,8.0,8.0,0,8.91,0.0,0.0,0,0,0
19505,1620.0,1620,8.0,8.0,0,8.91,0.0,0.0,0,180,0
19566,2160.0,2160,8.85,8.85,1,9.0,0.15,324.0,0,43,0
19733,1620.0,1620,8.0,8.0,1,8.0,0.19,307.8,0,180,0
19795,2160.0,2160,8.85,8.85,0,8.91,0.0,0.0,0,189,0
19797,1620.0,1620,9.8,9.8,0,8.91,0.0,0.0,0,0,0
19823,2160.0,2160,8.0,8.0,1,8.0,0.22,475.2,0,215,0
19926,1620.0,1620,8.0,8.0,0,8.91,0.0,0.0,0,0,1
19947,1620.0,1620,6.28,6.28,0,8.91,0.0,0.0,0,20,0
20221,2160.0,2160,8.85,8.85,0,8.91,0.0,0.0,0,97,1
20293,1404.0,2808,7.3,14.59,0,8.91,0.0,0.0,0,0,1
20494,1620.0,1620,8.0,8.0,0,8.91,0.74,1198.8,0,66,0
20569,1188.0,1188,7.99,7.99,0,8.91,0.0,0.0,0,110,0
20636,1404.0,2808,6.66,13.33,0,8.91,0.0,0.0,0,0,1
20655,648.0,648,9.8,9.8,1,9.0,1.0,648.0,0,302,0
20759,2160.0,2160,8.0,8.0,0,8.91,0.0,0.0,0,0,0
20883,486.0,972,8.0,16.0,1,10.0,0.0,0.0,0,0,1
20901,1188.0,1188,8.85,8.85,0,8.91,0.0,0.0,0,93,0
20949,1620.0,1620,8.0,8.0,0,8.91,0.0,0.0,0,0,0
21050,1620.0,1620,9.8,9.8,1,8.0,0.09,145.8,0,300,0
21100,2160.0,2160,8.0,8.0,1,10.0,0.28,604.8,0,1,0
21166,2160.0,2160,8.0,8.0,0,8.91,0.06,129.6,0,192,0
21249,1188.0,1188,8.85,8.85,0,8.91,0.0,0.0,0,175,1
21252,1188.0,1188,8.0,8.0,0,8.91,0.0,0.0,0,5,0
21467,1188.0,1188,8.0,8.0,0,6.5,0.0,0.0,0,24,1
21545,648.0,648,7.76,7.76,0,8.91,0.0,0.0,0,0,0
21586,2160.0,2160,8.85,8.85,0,8.91,0.26,561.6,0,34,0
21602,216.0,216,8.0,8.0,1,9.0,0.0,0.0,0,0,0
21704,2160.0,2160,8.0,8.0,0,8.91,0.03,64.8,0,16,0
21752,216.0,216,8.0,8.0,0,8.91,0.0,0.0,0,0,1
21763,1188.0,1188,8.45,8.45,0,8.91,0.0,0.0,0,39,0
21850,1620.0,1620,8.0,8.0,0,8.91,0.02,32.4,0,276,0
21858,1188.0,1188,8.0,8.0,1,7.0,0.61,724.68,0,164,0
21864,1620.0,1620,9.8,9.8,0,8.91,0.0,0.0,0,0,0
21908,648.0,648,7.99,7.99,0,8.91,0.16,103.68,0,72,0
21952,1188.0,1188,8.85,8.85,0,8.91,0.0,0.0,0,0,0
21968,1620.0,1620,8.0,8.0,0,8.91,0.0,0.0,0,0,0
21985,1080.0,1080,8.0,8.0,0,8.91,0.0,0.0,0,0,0
22109,1188.0,1188,8.85,8.85,0,8.91,0.21,249.48,0,253,0
22252,1620.0,1620,8.0,8.0,0,8.91,0.07,113.4,0,31,0
22753,1188.0,1188,8.0,8.0,0,8.91,0.0,0.0,0,0,0
22969,1620.0,1620,8.0,8.0,0,8.91,0.0,0.0,0,0,0
23015,1188.0,1188,7.99,7.99,0,8.91,0.0,0.0,0,0,0
23150,2160.0,2160,8.0,8.0,0,8.91,0.0,0.0,0,0,0
24067,1620.0,1620,6.28,6.28,1,10.0,0.21,340.2,0,181,0
24453,1188.0,1188,7.99,7.99,0,8.91,0.0,0.0,0,0,0
24756,1188.0,1188,8.0,8.0,0,8.91,0.01,11.88,0,278,0
24826,2160.0,2160,8.45,8.45,0,8.91,0.0,0.0,0,0,0
25098,2160.0,2160,7.99,7.99,1,10.0,0.23,496.8,0,233,0
25134,1620.0,1620,8.0,8.0,0,8.91,0.0,0.0,0,117,0
25303,1188.0,1188,8.0,8.0,0,8.91,0.06,71.28,0,10,0
25400,1404.0,2808,6.67,13.33,0,8.91,0.0,0.0,0,0,1
25593,1188.0,1188,9.8,9.8,0,8.91,0.0,0.0,0,1,0
25672,1620.0,1620,8.0,8.0,0,8.91,0.0,0.0,0,107,0
25914,1188.0,1188,8.0,8.0,0,8.91,0.0,0.0,0,0,0
26063,1188.0,1188,8.0,8.0,0,8.91,0.0,0.0,0,0,0
26230,1620.0,1620,6.28,6.28,0,8.91,0.0,0.0,0,81,0
26238,2160.0,2160,7.99,7.99,0,8.91,0.0,0.0,0,102,0
26339,648.0,648,8.0,8.0,0,8.91,0.0,0.0,0,241,0
26486,2160.0,2160,8.0,8.0,0,8.91,0.0,0.0,0,0,1
26531,1620.0,1620,8.0,8.0,0,8.91,0.0,0.0,0,0,0
26539,1620.0,1620,8.45,8.45,0,8.91,0.25,405.0,0,270,0
26589,2160.0,2160,7.99,7.99,1,10.0,0.03,64.8,0,19,0
26835,2160.0,2160,8.85,8.85,0,8.91,0.0,0.0,0,18,1
26849,324.0,324,7.99,7.99,0,8.91,0.0,0.0,0,75,0
27023,1656.0,4968,7.11,21.33,0,8.91,0.0,0.0,0,94,1
27251,1620.0,1620,7.99,7.99,0,8.91,0.04,64.8,0,5,0
27419,1188.0,1188,8.0,8.0,0,8.91,0.41,487.08,0,44,0
27427,2160.0,2160,8.0,8.0,0,8.91,0.0,0.0,0,0,0
27559,1620.0,1620,7.99,7.99,0,8.91,0.0,0.0,0,243,1
27623,2160.0,2160,7.61,7.61,0,8.91,0.0,0.0,0,0,0
27674,2160.0,2160,7.99,7.99,0,8.91,0.0,0.0,0,37,1
27893,2160.0,2160,7.99,7.99,1,9.0,0.38,820.8,0,265,0
27975,1188.0,1188,8.0,8.0,0,8.91,0.27,320.76,0,289,0
28120,1188.0,1188,7.61,7.61,0,8.91,0.0,0.0,0,0,0
28145,1188.0,1188,8.0,8.0,0,8.91,0.11,130.68,0,196,0
28219,2160.0,2160,7.99,7.99,0,8.91,0.0,0.0,0,0,0
28507,540.0,540,8.0,8.0,0,8.91,0.0,0.0,0,0,0
28541,2160.0,2160,7.61,7.61,0,8.91,0.0,0.0,0,0,0
28679,2160.0,2160,8.0,8.0,0,8.91,0.0,0.0,0,280,1
28906,1620.0,1620,8.0,8.0,0,8.91,0.0,0.0,0,0,0
29064,2160.0,2160,8.0,8.0,0,8.91,0.0,0.0,0,0,0
29086,1620.0,1620,8.0,8.0,0,8.91,0.0,0.0,0,0,0
29129,1080.0,1080,7.57,7.57,0,8.91,0.0,0.0,0,53,0
29346,1620.0,1620,8.0,8.0,1,8.0,0.14,226.8,0,75,0
29512,1620.0,1620,8.0,8.0,0,8.91,0.0,0.0,0,0,0
29542,648.0,648,8.0,8.0,0,8.91,0.0,0.0,0,0,1
29708,1188.0,1188,6.86,6.86,0,8.91,0.0,0.0,0,103,0
29885,1188.0,1188,8.85,8.85,1,10.0,0.96,1140.48,0,198,0
30378,1620.0,1620,8.0,8.0,1,8.0,0.0,0.0,0,271,1
30413,1620.0,1620,8.85,8.85,0,8.91,0.25,405.0,0,244,0
30509,1620.0,1620,7.61,7.61,0,8.91,0.0,0.0,0,0,1
30548,1188.0,1188,8.0,8.0,0,8.91,0.0,0.0,0,0,0
30567,1620.0,1620,8.85,8.85,1,10.0,0.99,1603.8,1,53,0
30882,1620.0,1620,8.45,8.45,0,8.91,0.05,81.0,0,66,0
31030,1188.0,1188,7.46,7.46,0,10.0,0.0,0.0,0,249,1
31396,1188.0,1188,8.0,8.0,1,5.0,0.07,83.16,0,14,0
31418,1188.0,1188,8.45,8.45,0,8.91,0.0,0.0,0,23,1
31628,1188.0,1188,7.99,7.99,0,8.91,0.01,11.88,0,8,0
31974,1188.0,1188,8.0,8.0,0,8.91,0.78,926.64,0,268,0
32104,2160.0,2160,6.28,6.28,0,8.91,0.0,0.0,0,212,0
32284,1188.0,1188,6.86,6.86,0,8.91,0.0,0.0,0,0,0
32316,1134.0,2268,8.22,16.45,0,8.91,0.0,0.0,0,0,1
32352,1620.0,1620,6.28,6.28,0,8.91,0.04,64.8,0,92,0
32844,2160.0,2160,8.85,8.85,0,8.91,0.0,0.0,0,293,0
32930,2160.0,2160,8.0,8.0,0,8.91,0.0,0.0,0,207,1
32999,1188.0,1188,7.61,7.61,0,8.91,0.02,23.76,0,0,0
33038,2160.0,2160,8.0,8.0,0,8.91,0.0,0.0,0,82,0
33115,1188.0,1188,8.0,8.0,0,8.91,0.0,0.0,0,0,0
33541,1188.0,1188,7.61,7.61,0,8.91,0.04,47.52,0,280,0
33556,1620.0,1620,5.07,5.07,1,6.0,0.19,307.8,0,77,0
33582,324.0,324,7.61,7.61,0,8.91,0.0,0.0,0,0,0
33616,1620.0,1620,7.61,7.61,0,8.91,0.0,0.0,0,0,1
33620,648.0,648,7.61,7.61,0,8.91,0.16,103.68,0,103,0
2172,1620.0,1620,19.73,19.73,0,8.91,0.02,32.4,0,270,0
7979,2160.0,2160,5.33,5.33,0,8.91,0.07,151.2,0,142,0
7991,1620.0,1620,5.9,5.9,0,8.91,0.0,0.0,0,75,0
11143,2160.0,2160,104.0,104.0,0,8.91,0.16,345.6,0,1,0
12409,2160.0,2160,25.59,25.59,0,8.91,0.0,0.0,0,252,1
13685,1188.0,1188,19.91,19.91,0,8.91,0.0,0.0,0,4,0
15516,1620.0,1620,5.33,5.33,0,8.91,0.08,129.6,0,20,0
18336,216.0,216,24.0,24.0,0,8.91,0.0,0.0,0,0,0
19989,1188.0,1188,5.33,5.33,0,8.91,0.0,0.0,0,0,0
21364,648.0,648,5.33,5.33,0,8.91,0.0,0.0,0,59,0
24690,1620.0,1620,5.33,5.33,0,8.91,0.0,0.0,0,0,1
28384,2160.0,2160,25.59,25.59,0,8.91,0.01,21.6,0,1,0
1419,2160.0,2160,5.07,5.07,0,8.91,0.0,0.0,0,0,0
5826,2160.0,2160,25.6,25.6,1,9.0,0.33,712.8,0,187,0
7362,1188.0,1188,7.99,7.99,1,10.0,0.59,700.92,0,215,0
11147,1620.0,1620,19.73,19.73,0,8.91,0.0,0.0,0,72,1
14148,648.0,648,5.33,5.33,0,8.91,0.0,0.0,0,0,0
16094,1620.0,1620,80.0,80.0,0,8.91,0.0,0.0,0,0,0
17525,1620.0,1620,19.73,19.73,1,10.0,0.97,1571.4,0,113,0
26320,1620.0,1620,5.33,5.33,0,8.0,0.0,0.0,0,21,1
29536,1620.0,1620,5.33,5.33,0,8.91,0.41,664.2,0,18,0
31048,1620.0,1620,5.33,5.33,0,8.91,0.0,0.0,0,33,0
282,1188.0,1188,5.33,5.33,0,8.91,0.0,0.0,0,71,0
632,1188.0,1188,5.33,5.33,0,8.91,0.0,0.0,0,0,0
660,2160.0,2160,5.33,5.33,0,8.91,0.25,540.0,0,170,0
722,1188.0,1188,5.33,5.33,0,8.91,0.07,83.16,0,164,0
841,2160.0,2160,5.33,5.33,0,8.91,0.0,0.0,0,99,0
1370,2160.0,2160,5.33,5.33,0,8.91,0.0,0.0,0,0,0
1586,1620.0,1620,5.33,5.33,0,8.91,0.0,0.0,0,0,0
1698,324.0,324,6.53,6.53,1,10.0,0.0,0.0,0,0,0
1867,1080.0,1080,5.33,5.33,0,8.91,0.0,0.0,0,0,0
1868,2160.0,2160,5.33,5.33,1,7.0,0.48,1036.8,0,155,0
1875,648.0,648,5.97,5.97,1,7.0,0.0,0.0,0,34,1
1878,1620.0,1620,5.33,5.33,0,8.91,0.0,0.0,0,0,0
2034,2160.0,2160,5.33,5.33,0,8.91,0.0,0.0,0,0,0
2144,1620.0,1620,5.33,5.33,0,8.91,0.0,0.0,0,20,0
2183,1620.0,1620,5.33,5.33,0,8.91,0.0,0.0,0,0,0
2212,2160.0,2160,5.33,5.33,0,8.91,0.0,0.0,0,0,0
2279,1620.0,1620,5.33,5.33,0,8.91,0.03,48.6,0,43,0
2281,1620.0,1620,5.33,5.33,0,8.91,0.0,0.0,0,0,0
2285,1620.0,1620,5.33,5.33,0,8.91,0.14,226.8,0,72,0
2293,1620.0,1620,10.13,10.13,0,8.91,0.0,0.0,0,0,0
2313,1188.0,1188,5.33,5.33,0,8.91,0.01,11.88,0,253,0
2317,2160.0,2160,5.33,5.33,0,8.91,0.04,86.4,0,294,0
2428,2160.0,2160,5.97,5.97,1,6.0,0.0,0.0,0,0,0
2472,1620.0,1620,5.33,5.33,0,8.91,0.0,0.0,0,0,0
2561,1620.0,1620,5.33,5.33,0,8.91,0.0,0.0,0,0,0
2764,1620.0,1620,5.33,5.33,0,8.91,0.0,0.0,0,0,0
2853,2160.0,2160,5.33,5.33,0,8.91,0.0,0.0,0,217,0
2856,1188.0,1188,5.33,5.33,0,8.91,0.0,0.0,0,0,0
2930,1620.0,1620,5.33,5.33,0,8.91,0.0,0.0,0,217,0
3044,2160.0,2160,5.33,5.33,0,8.91,0.0,0.0,0,11,0
3477,2160.0,2160,5.33,5.33,0,8.91,0.08,172.8,0,2,0
3634,2160.0,2160,5.33,5.33,0,8.91,0.0,0.0,0,10,0
3841,216.0,216,24.0,24.0,0,8.91,0.0,0.0,0,0,0
3956,1620.0,1620,5.33,5.33,0,8.91,0.0,0.0,0,0,0
4010,648.0,648,11.21,11.21,0,8.91,0.0,0.0,0,0,0
4096,2160.0,2160,5.33,5.33,0,8.91,0.0,0.0,0,0,0
4120,2160.0,2160,5.33,5.33,0,8.91,0.0,0.0,0,160,0
4129,2160.0,2160,5.33,5.33,1,10.0,0.1,216.0,0,135,0
4439,1188.0,1188,5.33,5.33,0,8.91,0.0,0.0,0,0,0
4467,1188.0,1188,5.33,5.33,0,8.91,0.0,0.0,1,182,1
4528,1188.0,1188,104.0,104.0,0,8.91,0.0,0.0,0,0,0
4551,1620.0,1620,5.33,5.33,0,8.91,0.79,1279.8,0,27,0
4605,2160.0,2160,5.33,5.33,0,8.91,0.03,64.8,0,184,0
4684,1080.0,1080,5.33,5.33,0,8.91,0.0,0.0,0,0,0
4824,1080.0,1080,5.33,5.33,1,10.0,0.68,734.4,1,50,0
4865,828.0,2484,5.33,16.0,0,8.91,0.0,0.0,0,112,1
4992,1620.0,1620,10.13,10.13,1,9.0,0.34,550.8,0,83,0
5274,1620.0,1620,5.33,5.33,1,9.0,0.0,0.0,1,48,1
5424,2160.0,2160,5.33,5.33,0,8.91,0.0,0.0,0,0,0
5598,2160.0,2160,5.33,5.33,0,8.91,0.0,0.0,0,123,0
5606,2160.0,2160,5.33,5.33,0,8.91,0.0,0.0,0,0,0
5726,2160.0,2160,5.07,5.07,0,8.91,0.0,0.0,0,0,0
5758,2160.0,2160,5.33,5.33,0,8.91,0.02,43.2,0,59,0
5898,2160.0,2160,5.33,5.33,0,8.91,0.03,64.8,0,238,0
5899,1188.0,1188,6.53,6.53,0,8.91,0.36,427.68,0,57,0
5929,2160.0,2160,5.33,5.33,0,8.91,0.0,0.0,0,0,0
6074,2160.0,2160,5.33,5.33,0,8.91,0.01,21.6,0,3,0
6107,2160.0,2160,5.33,5.33,0,8.91,0.0,0.0,0,0,0
6125,1620.0,1620,5.33,5.33,0,8.91,0.0,0.0,0,0,0
6149,2160.0,2160,5.33,5.33,0,8.91,0.0,0.0,0,0,0
6185,1620.0,1620,5.33,5.33,0,8.91,0.0,0.0,0,0,0
6214,2160.0,2160,5.33,5.33,0,8.91,0.02,43.2,0,164,0
6284,1620.0,1620,5.33,5.33,0,8.0,0.0,0.0,0,0,1
6293,1188.0,1188,5.33,5.33,0,8.91,0.0,0.0,0,0,0
6326,1620.0,1620,5.33,5.33,0,8.91,0.0,0.0,0,0,0
6588,1620.0,1620,5.33,5.33,0,8.91,0.41,664.2,0,276,0
6610,1620.0,1620,5.33,5.33,0,8.91,0.0,0.0,0,0,0
6980,2160.0,2160,5.33,5.33,0,8.91,0.0,0.0,0,254,1
7002,1188.0,1188,5.33,5.33,0,8.91,0.0,0.0,0,0,0
7059,1188.0,1188,5.33,5.33,0,8.91,0.0,0.0,0,0,1
7113,2160.0,2160,5.33,5.33,0,8.91,0.01,21.6,0,280,0
7127,1620.0,1620,5.33,5.33,0,8.91,0.0,0.0,0,0,0
7396,2160.0,2160,5.33,5.33,0,8.91,0.0,0.0,0,0,1
7424,1620.0,1620,5.33,5.33,0,8.91,0.0,0.0,0,0,0
7439,2160.0,2160,5.33,5.33,0,8.91,0.0,0.0,0,0,0
7604,2160.0,2160,5.33,5.33,0,8.91,0.0,0.0,0,0,0
7723,2160.0,2160,5.33,5.33,0,8.91,0.0,0.0,0,0,0
7743,1620.0,1620,5.33,5.33,0,8.91,0.0,0.0,0,0,0
7814,2160.0,2160,5.33,5.33,1,10.0,0.83,1792.8,0,222,0
7890,2160.0,2160,5.97,5.97,0,8.91,0.0,0.0,0,0,0
8152,1620.0,1620,5.33,5.33,0,8.91,0.28,453.6,0,294,0
8340,1188.0,1188,5.9,5.9,0,8.91,0.0,0.0,0,0,0
8359,1188.0,1188,5.9,5.9,0,8.91,0.0,0.0,0,6,0
8440,2160.0,2160,5.9,5.9,0,8.91,0.0,0.0,0,8,0
8511,648.0,648,10.13,10.13,0,8.91,1.0,648.0,0,34,0
8867,1620.0,1620,10.13,10.13,0,8.91,0.27,437.4,0,13,0
8958,540.0,540,5.33,5.33,0,8.91,0.0,0.0,0,251,1
9180,1620.0,1620,5.9,5.9,0,8.91,0.0,0.0,0,9,0
9390,648.0,648,5.33,5.33,0,8.91,0.0,0.0,0,0,0
9441,1620.0,1620,19.73,19.73,0,8.91,0.0,0.0,0,65,1
9489,2160.0,2160,5.33,5.33,0,8.91,0.2,432.0,0,257,0
9550,2160.0,2160,5.33,5.33,0,8.91,0.07,151.2,0,301,0
9561,1620.0,1620,5.9,5.9,0,8.91,0.46,745.2,0,25,0
9581,2160.0,2160,5.33,5.33,0,8.91,0.0,0.0,0,0,0
9823,1620.0,1620,5.33,5.33,0,8.91,0.0,0.0,0,0,0
10133,540.0,540,5.33,5.33,0,8.91,0.0,0.0,0,9,0
10211,2160.0,2160,5.9,5.9,0,8.91,0.0,0.0,0,0,0
10250,2160.0,2160,5.33,5.33,0,8.91,0.0,0.0,0,0,0
10322,1620.0,1620,5.33,5.33,0,8.91,0.0,0.0,0,37,0
10351,1620.0,1620,5.33,5.33,0,8.91,0.0,0.0,0,0,0
10605,2160.0,2160,5.33,5.33,0,8.91,0.0,0.0,0,0,0
10739,540.0,540,5.33,5.33,0,8.91,0.0,0.0,0,0,1
10872,1134.0,2268,6.67,13.33,0,8.91,0.0,0.0,0,0,1
10940,2160.0,2160,5.76,5.76,0,8.91,0.03,64.8,0,106,0
10978,1188.0,1188,5.9,5.9,0,8.91,0.04,47.52,0,140,0
11164,2160.0,2160,5.33,5.33,0,8.91,0.18,388.8,0,152,0
11345,1188.0,1188,5.33,5.33,0,8.91,0.0,0.0,0,79,0
11563,1620.0,1620,5.33,5.33,0,8.91,0.0,0.0,0,0,0
11839,1620.0,1620,5.33,5.33,0,8.91,0.12,194.4,0,263,0
12136,2160.0,2160,5.33,5.33,1,9.0,0.55,1188.0,1,237,0
12192,1188.0,1188,5.76,5.76,0,8.91,0.02,23.76,0,72,0
12200,1188.0,1188,5.33,5.33,0,8.91,0.0,0.0,0,85,1
12223,2160.0,2160,5.33,5.33,0,8.91,0.04,86.4,0,81,0
12374,2160.0,2160,5.33,5.33,0,8.91,0.0,0.0,0,0,0
12378,1188.0,1188,5.9,5.9,0,8.91,0.0,0.0,0,0,1
12406,1620.0,1620,5.33,5.33,0,8.91,0.26,421.2,0,142,0
12695,2160.0,2160,5.33,5.33,0,8.91,0.0,0.0,0,0,1
12731,1620.0,1620,5.33,5.33,0,8.91,0.0,0.0,0,0,0
12738,2160.0,2160,5.33,5.33,0,8.91,0.0,0.0,0,0,0
12828,1620.0,1620,5.33,5.33,0,8.91,0.0,0.0,0,0,0
12983,1620.0,1620,5.33,5.33,0,8.91,0.0,0.0,0,1,0
13044,2160.0,2160,5.33,5.33,0,8.91,0.0,0.0,0,94,0
13095,1188.0,1188,5.33,5.33,0,8.91,0.24,285.12,0,73,0
13169,1188.0,1188,5.33,5.33,0,8.91,0.0,0.0,0,0,1
13259,1620.0,1620,5.33,5.33,0,8.91,0.0,0.0,0,0,0
13278,324.0,324,5.33,5.33,0,8.91,0.0,0.0,0,0,0
13436,2160.0,2160,5.33,5.33,0,8.91,0.0,0.0,0,133,0
13467,2160.0,2160,5.33,5.33,0,8.91,0.33,712.8,0,42,0
13608,2160.0,2160,5.33,5.33,0,8.91,0.0,0.0,0,36,0
13736,1620.0,1620,5.33,5.33,0,8.91,0.0,0.0,0,0,0
13943,1188.0,1188,5.33,5.33,0,8.91,0.0,0.0,0,0,0
13993,1620.0,1620,5.33,5.33,0,8.91,0.0,0.0,0,19,0
14021,2160.0,2160,5.33,5.33,0,8.91,0.0,0.0,0,0,1
14069,1620.0,1620,6.13,6.13,0,8.91,0.66,1069.2,0,45,0
14070,1188.0,1188,5.33,5.33,0,8.91,0.0,0.0,0,8,0
14161,648.0,648,5.33,5.33,0,8.91,0.0,0.0,0,0,0
14503,2160.0,2160,5.33,5.33,0,8.91,0.0,0.0,0,0,0
14636,1080.0,1080,5.33,5.33,0,8.91,0.16,172.8,0,0,0
14711,1188.0,1188,5.33,5.33,0,8.91,0.0,0.0,0,0,0
14791,2160.0,2160,5.33,5.33,0,8.91,0.0,0.0,0,24,0
15052,1188.0,1188,5.33,5.33,0,8.91,0.0,0.0,0,6,0
15071,1620.0,1620,5.33,5.33,0,8.91,0.0,0.0,0,0,1
15083,1188.0,1188,5.33,5.33,0,8.91,0.0,0.0,0,265,1
15096,2160.0,2160,5.33,5.33,0,8.91,0.32,691.2,0,166,0
15225,1188.0,1188,5.33,5.33,0,8.91,0.55,653.4,0,241,0
15259,2160.0,2160,5.33,5.33,0,8.91,0.03,64.8,0,40,0
15362,2160.0,2160,5.33,5.33,0,8.91,0.0,0.0,0,0,0
15434,1620.0,1620,5.33,5.33,0,8.91,0.0,0.0,0,0,0
15665,2160.0,2160,10.13,10.13,1,8.0,0.31,669.6,0,43,0
15694,1620.0,1620,5.33,5.33,0,8.91,0.0,0.0,0,0,1
15712,1620.0,1620,5.33,5.33,0,8.91,0.3,486.0,0,38,0
15780,1188.0,1188,6.53,6.53,0,8.91,0.0,0.0,0,106,1
15939,2160.0,2160,5.33,5.33,1,10.0,0.11,237.6,0,220,0
16007,2160.0,2160,5.33,5.33,0,8.91,0.0,0.0,0,111,0
16185,2160.0,2160,5.33,5.33,0,8.91,0.02,43.2,0,51,0
16243,2160.0,2160,5.33,5.33,0,8.91,0.0,0.0,0,0,0
16329,1080.0,1080,5.33,5.33,0,8.91,0.41,442.8,0,71,0
16404,1080.0,1080,5.33,5.33,0,8.91,0.0,0.0,0,0,0
16495,1620.0,1620,10.13,10.13,0,8.91,0.0,0.0,0,0,1
16715,2160.0,2160,5.33,5.33,0,8.91,0.0,0.0,0,0,0
16758,1620.0,1620,5.33,5.33,0,8.91,0.0,0.0,0,286,1
16784,1080.0,1080,5.33,5.33,0,8.91,0.0,0.0,0,0,0
17044,1620.0,1620,5.33,5.33,0,8.91,0.0,0.0,0,0,0
17148,2160.0,2160,10.13,10.13,1,10.0,0.0,0.0,0,89,1
17187,1620.0,1620,5.76,5.76,0,8.91,0.0,0.0,0,0,0
17292,1188.0,1188,5.33,5.33,0,8.91,0.0,0.0,0,0,0
17360,2160.0,2160,5.33,5.33,0,8.91,0.0,0.0,0,0,0
17475,1080.0,1080,5.33,5.33,0,8.91,0.04,43.2,0,30,0
17592,1620.0,1620,5.33,5.33,0,8.91,0.0,0.0,0,0,0
17675,2160.0,2160,5.33,5.33,0,8.91,0.36,777.6,0,14,0
17907,2160.0,2160,5.33,5.33,0,8.91,0.0,0.0,0,50,1
17997,1188.0,1188,4.13,4.13,0,8.91,0.0,0.0,0,0,0
18143,1404.0,2808,5.33,10.67,1,10.0,0.0,0.0,0,32,1
18325,2160.0,2160,5.33,5.33,0,8.91,0.39,842.4,0,57,0
18450,1188.0,1188,5.33,5.33,0,8.91,0.0,0.0,0,0,0
18677,2160.0,2160,5.33,5.33,0,8.91,0.0,0.0,0,56,1
18765,2160.0,2160,5.33,5.33,1,10.0,0.06,129.6,0,7,0
18874,1890.0,3780,5.33,10.67,0,8.91,0.0,0.0,0,188,1
18988,2160.0,2160,5.33,5.33,0,8.91,0.0,0.0,0,0,0
19142,1620.0,1620,5.33,5.33,0,8.91,0.28,453.6,1,41,0
19253,1188.0,1188,5.33,5.33,0,8.91,0.28,332.64,0,139,0
19650,1620.0,1620,5.33,5.33,0,8.91,0.0,0.0,0,0,0
19677,1620.0,1620,5.9,5.9,1,8.0,0.0,0.0,0,181,1
19726,2160.0,2160,5.9,5.9,0,8.91,0.0,0.0,0,1,0
19990,1620.0,1620,5.33,5.33,0,8.91,0.0,0.0,0,0,0
20185,1620.0,1620,5.33,5.33,1,9.0,0.28,453.6,0,185,0
20613,2160.0,2160,5.33,5.33,0,8.91,0.0,0.0,0,5,0
21046,1188.0,1188,5.33,5.33,0,8.91,0.0,0.0,0,0,0
21144,2160.0,2160,5.33,5.33,0,8.91,0.0,0.0,0,0,0
21292,2160.0,2160,10.13,10.13,0,8.91,0.0,0.0,0,53,0
21326,2160.0,2160,5.33,5.33,0,8.91,0.03,64.8,0,90,0
21743,1620.0,1620,6.14,6.14,0,8.91,0.0,0.0,0,69,0
22221,1620.0,1620,5.33,5.33,0,8.91,0.0,0.0,0,0,0
22224,2160.0,2160,5.33,5.33,0,8.91,0.0,0.0,0,3,1
22800,1188.0,1188,5.33,5.33,0,8.91,0.0,0.0,0,0,0
22974,2160.0,2160,5.33,5.33,0,8.91,0.1,216.0,0,43,0
22998,1890.0,3780,5.33,10.67,0,8.91,0.0,0.0,0,151,1
23081,2160.0,2160,5.33,5.33,0,8.91,0.0,0.0,0,0,0
23495,2160.0,2160,5.33,5.33,0,8.91,0.09,194.4,0,139,0
23548,1620.0,1620,5.33,5.33,0,8.91,0.0,0.0,0,0,0
23582,2160.0,2160,5.33,5.33,0,8.91,0.0,0.0,0,0,0
23656,2160.0,2160,5.33,5.33,0,8.91,0.11,237.6,0,41,0
23659,2160.0,2160,5.33,5.33,0,8.91,0.0,0.0,0,23,0
23696,2160.0,2160,5.33,5.33,0,8.91,0.0,0.0,0,0,0
23727,1620.0,1620,5.97,5.97,0,8.91,0.0,0.0,0,0,0
23833,1620.0,1620,4.58,4.58,0,8.91,0.0,0.0,0,22,0
23850,1188.0,1188,5.97,5.97,0,8.91,0.0,0.0,0,0,0
24243,1620.0,1620,5.33,5.33,0,8.91,0.0,0.0,0,0,0
24902,1188.0,1188,5.33,5.33,1,4.0,0.23,273.24,0,50,0
25249,1620.0,1620,5.33,5.33,0,8.91,0.0,0.0,0,0,0
25291,1377.0,5508,5.33,21.33,0,8.91,0.0,0.0,1,156,1
25292,1620.0,1620,5.33,5.33,0,8.91,0.22,356.4,0,192,0
25329,2160.0,2160,5.33,5.33,1,7.0,0.35,756.0,0,30,0
25536,2160.0,2160,5.33,5.33,0,8.91,0.03,64.8,0,88,0
25591,1188.0,1188,5.33,5.33,0,8.91,0.0,0.0,0,86,0
25718,1620.0,1620,6.13,6.13,0,8.91,0.0,0.0,0,0,0
25743,2160.0,2160,5.33,5.33,0,8.91,0.03,64.8,0,151,0
25999,2160.0,2160,5.33,5.33,0,8.91,0.0,0.0,0,0,0
26194,1620.0,1620,5.33,5.33,0,8.91,0.03,48.6,0,88,0
26596,1620.0,1620,5.33,5.33,0,8.91,0.0,0.0,0,0,0
26723,2160.0,2160,5.33,5.33,0,8.91,0.0,0.0,0,0,0
26784,1890.0,3780,5.33,10.67,0,8.91,0.0,0.0,0,53,1
26790,1620.0,1620,5.33,5.33,0,8.91,0.0,0.0,0,0,0
26913,2160.0,2160,5.33,5.33,0,8.91,0.0,0.0,0,0,0
27060,1620.0,1620,5.33,5.33,0,8.91,0.0,0.0,0,0,0
27241,1188.0,1188,10.13,10.13,1,7.0,0.34,403.92,0,75,0
27243,324.0,324,5.33,5.33,0,8.91,0.0,0.0,0,290,1
27364,1620.0,1620,5.33,5.33,1,6.0,0.0,0.0,0,254,1
27447,2160.0,2160,5.33,5.33,0,8.91,0.0,0.0,0,0,0
27467,1620.0,1620,5.33,5.33,0,8.91,0.0,0.0,0,24,0
27590,2160.0,2160,5.33,5.33,0,8.91,0.0,0.0,0,15,0
27873,1620.0,1620,5.33,5.33,0,8.91,0.0,0.0,0,7,0
27954,2160.0,2160,5.97,5.97,0,8.91,0.0,0.0,0,0,0
27982,2160.0,2160,5.33,5.33,1,10.0,0.25,540.0,0,278,0
28099,1620.0,1620,5.33,5.33,0,8.91,0.07,113.4,0,187,0
28667,2160.0,2160,6.13,6.13,0,8.91,0.0,0.0,0,0,0
28688,1188.0,1188,5.97,5.97,0,8.91,0.0,0.0,0,2,0
28989,2160.0,2160,5.33,5.33,0,8.91,0.0,0.0,0,0,0
29113,1890.0,3780,5.33,10.67,0,8.91,0.0,0.0,0,0,1
29117,1620.0,1620,10.75,10.75,1,9.0,0.38,615.6,0,98,0
29146,2160.0,2160,5.33,5.33,0,8.91,0.0,0.0,0,0,0
29163,2160.0,2160,5.9,5.9,0,8.91,0.22,475.2,0,112,0
29393,1890.0,3780,5.33,10.67,0,8.91,0.0,0.0,0,43,1
29481,1620.0,1620,5.33,5.33,0,8.91,0.08,129.6,0,11,0
29617,2160.0,2160,5.33,5.33,0,8.91,0.01,21.6,0,5,0
29720,2160.0,2160,5.33,5.33,1,8.0,0.57,1231.2,0,275,0
29798,1188.0,1188,5.9,5.9,0,8.91,0.0,0.0,0,0,1
29851,1188.0,1188,5.33,5.33,0,8.91,0.02,23.76,0,0,0
30103,1080.0,1080,80.0,80.0,1,9.0,0.7,756.0,0,36,0
30159,1620.0,1620,5.97,5.97,0,8.91,0.0,0.0,0,0,0
30366,1080.0,1080,6.53,6.53,0,8.91,0.0,0.0,0,0,0
30605,1620.0,1620,5.33,5.33,0,8.91,0.01,16.2,0,0,0
30682,1620.0,1620,5.33,5.33,0,8.91,0.0,0.0,0,0,1
30889,2160.0,2160,5.33,5.33,0,8.91,0.0,0.0,0,0,0
30965,1620.0,1620,5.9,5.9,0,8.91,0.0,0.0,0,35,0
30981,2160.0,2160,5.33,5.33,0,8.91,0.0,0.0,0,0,0
31043,2160.0,2160,5.33,5.33,0,8.91,0.04,86.4,0,151,0
31163,2160.0,2160,5.33,5.33,0,8.91,0.0,0.0,0,0,0
31178,2160.0,2160,5.33,5.33,0,8.91,0.02,43.2,0,30,0
31290,648.0,648,5.33,5.33,0,8.91,0.0,0.0,0,0,0
31425,2160.0,2160,6.53,6.53,0,8.91,0.0,0.0,0,32,0
31563,2160.0,2160,5.33,5.33,0,8.91,0.0,0.0,0,0,0
31662,648.0,648,5.33,5.33,0,8.91,0.0,0.0,0,0,0
31680,945.0,3780,10.75,42.99,0,8.91,0.0,0.0,0,0,1
31869,2160.0,2160,5.33,5.33,0,8.91,0.0,0.0,0,0,0
31958,1188.0,1188,5.33,5.33,0,8.91,0.0,0.0,0,0,0
32032,2160.0,2160,5.33,5.33,1,10.0,0.37,799.2,0,165,0
32102,2160.0,2160,5.33,5.33,0,8.91,0.0,0.0,0,0,0
32582,1620.0,1620,5.33,5.33,0,8.91,0.0,0.0,0,233,0
32611,2160.0,2160,5.33,5.33,0,8.91,0.0,0.0,0,143,1
32766,1620.0,1620,5.33,5.33,0,8.91,0.0,0.0,0,299,1
32901,648.0,648,5.33,5.33,0,8.91,0.0,0.0,0,224,0
33053,648.0,648,5.33,5.33,0,8.91,0.28,181.44,0,20,0
33123,1620.0,1620,5.33,5.33,0,8.91,0.0,0.0,0,0,0
33405,1620.0,1620,5.33,5.33,1,9.0,0.14,226.8,0,12,0
33543,2160.0,2160,5.33,5.33,0,8.91,0.28,604.8,0,13,0
33681,1620.0,1620,5.59,5.59,0,8.91,0.04,64.8,0,233,0
181,1620.0,1620,5.33,5.33,0,8.91,0.0,0.0,0,26,0
1898,1620.0,1620,10.13,10.13,0,8.91,0.0,0.0,0,13,0
3721,2160.0,2160,5.07,5.07,0,8.91,0.07,151.2,0,89,0
4454,540.0,540,10.13,10.13,1,5.0,0.1,54.0,0,2,0
5410,2160.0,2160,10.13,10.13,0,8.91,0.05,108.0,0,3,0
6410,2160.0,2160,5.9,5.9,0,8.91,0.0,0.0,0,9,0
6589,1188.0,1188,10.13,10.13,0,8.91,0.0,0.0,0,183,1
10088,2160.0,2160,5.9,5.9,0,8.91,0.83,1792.8,0,297,0
13327,2160.0,2160,10.13,10.13,0,8.91,0.0,0.0,0,149,1
13580,2160.0,2160,25.59,25.59,0,8.91,0.0,0.0,0,201,0
14165,2160.0,2160,5.33,5.33,0,8.91,0.17,367.2,0,84,0
14680,1620.0,1620,10.13,10.13,0,8.91,0.56,907.2,1,30,0
15497,2160.0,2160,7.93,7.93,0,8.91,0.02,43.2,0,11,0
16821,2160.0,2160,5.33,5.33,1,10.0,0.6,1296.0,2,197,0
18211,2160.0,2160,5.33,5.33,0,8.91,0.13,280.8,0,129,0
18718,1296.0,5184,3.99,15.97,1,9.0,0.0,0.0,0,260,1
20126,1080.0,1080,21.82,21.82,0,8.91,0.81,874.8,0,8,0
20668,1404.0,2808,10.13,20.27,1,10.0,0.0,0.0,1,12,1
22270,1188.0,1188,10.13,10.13,1,10.0,0.0,0.0,1,174,1
22441,1188.0,1188,5.33,5.33,0,8.91,0.89,1057.32,0,296,0
22954,1620.0,1620,10.13,10.13,0,8.91,0.0,0.0,0,10,0
23323,2160.0,2160,10.13,10.13,0,8.91,0.0,0.0,0,228,0
25613,2160.0,2160,10.13,10.13,0,8.91,0.0,0.0,0,70,0
27016,1188.0,1188,5.33,5.33,0,8.91,0.02,23.76,0,88,0
29588,2160.0,2160,10.13,10.13,1,10.0,0.38,820.8,0,220,0
30357,2160.0,2160,10.13,10.13,0,8.91,0.01,21.6,0,203,0
31845,2160.0,2160,5.33,5.33,0,8.91,0.05,108.0,0,89,0
32826,1620.0,1620,10.75,10.75,0,8.91,0.45,729.0,1,125,0
2248,1620.0,1620,19.73,19.73,0,8.91,0.37,599.4,0,117,0
2657,2160.0,2160,5.9,5.9,1,8.0,0.41,885.6,0,86,0
3313,2160.0,2160,5.97,5.97,0,8.91,0.11,237.6,0,127,0
3508,1188.0,1188,12.41,12.41,0,8.91,0.0,0.0,0,77,0
6706,1188.0,1188,10.13,10.13,0,8.91,0.09,106.92,0,1,0
7882,1188.0,1188,10.13,10.13,0,8.91,0.0,0.0,0,273,0
9748,2160.0,2160,10.13,10.13,0,8.91,0.63,1360.8,2,92,0
10695,2160.0,2160,5.33,5.33,0,8.91,0.06,129.6,0,234,0
14095,1620.0,1620,12.41,12.41,1,7.0,0.0,0.0,0,159,1
14475,1620.0,1620,5.33,5.33,0,8.91,0.15,243.0,0,129,0
14761,1620.0,1620,10.13,10.13,0,8.91,0.71,1150.2,0,11,0
16586,1620.0,1620,15.52,15.52,0,8.91,0.99,1603.8,2,291,0
17163,1188.0,1188,8.69,8.69,0,8.91,0.0,0.0,0,0,1
21416,1620.0,1620,5.33,5.33,0,8.91,0.04,64.8,0,43,0
23871,1188.0,1188,10.13,10.13,0,8.91,0.58,689.04,1,8,0
26687,1188.0,1188,9.56,9.56,0,8.91,0.39,463.32,0,2,0
28543,1188.0,1188,10.13,10.13,0,8.91,0.0,0.0,0,13,0
30303,2160.0,2160,5.33,5.33,0,8.91,0.0,0.0,0,258,0
31324,1890.0,3780,10.13,20.27,0,10.0,0.0,0.0,0,279,1
377,1188.0,1188,10.13,10.13,0,8.91,0.0,0.0,0,62,0
991,2160.0,2160,10.13,10.13,1,8.0,0.12,259.2,0,285,0
1225,2160.0,2160,10.13,10.13,0,8.91,0.01,21.6,0,32,0
2732,2160.0,2160,25.6,25.6,0,8.91,0.02,43.2,0,183,0
3519,1620.0,1620,5.33,5.33,0,8.91,0.0,0.0,0,171,0
4463,2160.0,2160,5.33,5.33,0,8.91,0.0,0.0,0,0,0
6409,1188.0,1188,10.75,10.75,1,10.0,0.0,0.0,0,22,1
7724,1890.0,3780,6.59,13.17,0,8.91,0.0,0.0,0,10,1
10332,2160.0,2160,9.56,9.56,0,8.91,0.2,432.0,0,20,0
12017,2160.0,2160,5.61,5.61,0,8.91,0.0,0.0,0,0,0
13116,324.0,324,5.33,5.33,1,10.0,0.0,0.0,0,0,0
15021,2160.0,2160,10.13,10.13,0,8.91,0.28,604.8,0,168,0
15078,2160.0,2160,6.13,6.13,0,8.91,0.0,0.0,0,0,0
16778,2160.0,2160,10.13,10.13,0,8.91,0.0,0.0,0,242,0
16902,1620.0,1620,5.33,5.33,0,8.91,0.0,0.0,0,0,0
17487,1188.0,1188,10.13,10.13,0,8.91,0.01,11.88,0,0,0
19038,1620.0,1620,10.13,10.13,0,8.91,0.0,0.0,0,40,0
19846,2160.0,2160,5.33,5.33,0,8.91,0.0,0.0,0,0,0
20114,648.0,648,10.13,10.13,0,8.91,0.0,0.0,0,13,1
21768,2160.0,2160,5.33,5.33,0,8.91,0.0,0.0,0,242,0
23125,2160.0,2160,10.13,10.13,0,8.91,0.13,280.8,0,166,0
25441,1620.0,1620,10.13,10.13,0,8.91,0.0,0.0,0,2,0
31812,2160.0,2160,7.8,7.8,1,8.0,0.26,561.6,0,36,0
32125,1188.0,1188,5.33,5.33,0,8.91,0.0,0.0,0,107,0
903,648.0,648,50.67,50.67,0,8.91,0.0,0.0,0,152,1
1567,2160.0,2160,10.81,10.81,0,8.91,0.0,0.0,0,0,0
6195,1134.0,2268,5.33,10.67,0,8.91,0.0,0.0,0,23,1
7107,1620.0,1620,19.73,19.73,1,9.0,0.0,0.0,0,280,1
8727,1188.0,1188,10.81,10.81,0,8.91,0.0,0.0,0,124,0
9164,2160.0,2160,7.2,7.2,0,8.91,0.0,0.0,0,230,0
10049,1188.0,1188,5.33,5.33,0,8.91,0.0,0.0,0,270,0
13383,2160.0,2160,5.33,5.33,0,8.91,0.0,0.0,0,0,0
14118,324.0,324,10.13,10.13,0,8.91,0.0,0.0,0,0,1
15328,1188.0,1188,130.94,130.94,0,8.91,0.03,35.64,0,0,0
16102,1188.0,1188,5.33,5.33,0,8.91,0.0,0.0,0,98,0
16451,324.0,324,5.33,5.33,0,8.91,0.0,0.0,0,0,0
17314,2160.0,2160,10.13,10.13,0,8.91,0.02,43.2,0,57,0
17523,324.0,324,19.73,19.73,0,8.91,0.11,35.64,0,88,0
18404,1080.0,1080,5.33,5.33,0,8.91,1.0,1080.0,0,266,0
18536,1620.0,1620,5.33,5.33,0,8.91,0.0,0.0,0,0,1
21461,2160.0,2160,5.33,5.33,0,8.91,0.45,972.0,1,20,0
21648,2160.0,2160,5.33,5.33,0,9.0,0.0,0.0,0,138,1
23427,1674.0,3348,10.13,20.27,0,8.91,0.0,0.0,0,0,1
24884,1188.0,1188,5.69,5.69,0,8.91,0.0,0.0,0,0,0
24949,324.0,324,7.4,7.4,0,8.91,0.0,0.0,0,0,0
25156,1674.0,3348,6.67,13.33,0,10.0,0.0,0.0,0,287,1
25915,1188.0,1188,10.13,10.13,0,8.91,0.0,0.0,0,113,1
28700,1188.0,1188,5.33,5.33,0,8.91,0.01,11.88,0,0,0
28991,1620.0,1620,10.13,10.13,1,8.0,0.37,599.4,0,47,0
29468,2160.0,2160,5.69,5.69,0,8.91,0.27,583.2,0,198,0
29827,2160.0,2160,10.13,10.13,0,8.91,0.02,43.2,0,89,0
30755,1620.0,1620,10.13,10.13,0,8.91,0.07,113.4,0,1,0
32207,1620.0,1620,5.93,5.93,0,8.91,0.0,0.0,0,0,0
32259,1620.0,1620,5.33,5.33,0,8.91,0.19,307.8,0,1,0
32499,1188.0,1188,26.13,26.13,0,8.91,0.0,0.0,0,1,0
1180,1620.0,1620,15.19,15.19,0,8.91,0.43,696.6,0,28,0
3131,1188.0,1188,5.33,5.33,0,8.91,0.0,0.0,0,0,0
3210,1620.0,1620,19.73,19.73,0,8.91,0.0,0.0,0,0,1
4558,1620.0,1620,5.33,5.33,0,8.91,0.0,0.0,0,29,0
7180,1620.0,1620,10.13,10.13,0,8.91,0.07,113.4,0,6,0
7528,1620.0,1620,10.13,10.13,0,8.91,0.0,0.0,0,0,0
7613,1620.0,1620,10.13,10.13,0,8.91,0.0,0.0,0,33,0
9187,1620.0,1620,5.33,5.33,0,8.91,0.1,162.0,0,2,0
10032,1620.0,1620,5.33,5.33,1,8.0,0.94,1522.8,0,166,0
10645,1620.0,1620,19.73,19.73,0,8.91,0.0,0.0,0,0,0
10869,1620.0,1620,7.2,7.2,1,10.0,0.48,777.6,0,44,0
12485,1620.0,1620,10.13,10.13,0,8.91,0.35,567.0,0,8,0
13538,1620.0,1620,19.73,19.73,0,8.91,0.39,631.8,0,289,0
14773,2160.0,2160,12.76,12.76,0,8.91,0.31,669.6,0,107,0
16742,2160.0,2160,5.33,5.33,0,8.91,0.0,0.0,0,0,0
17393,1188.0,1188,5.33,5.33,0,8.91,0.0,0.0,0,0,0
19455,1620.0,1620,19.73,19.73,1,9.0,0.0,0.0,0,0,1
19611,1620.0,1620,9.6,9.6,0,8.91,0.43,696.6,0,47,0
20105,1620.0,1620,10.13,10.13,0,8.91,0.76,1231.2,0,275,0
21516,1188.0,1188,5.33,5.33,0,8.91,0.06,71.28,0,135,0
22238,1620.0,1620,19.73,19.73,0,8.91,0.08,129.6,0,0,0
24291,2160.0,2160,5.33,5.33,0,8.91,0.0,0.0,0,3,0
24506,1188.0,1188,5.33,5.33,1,10.0,1.0,1188.0,0,237,0
26732,2160.0,2160,5.33,5.33,0,8.91,0.06,129.6,0,1,0
28839,2160.0,2160,5.33,5.33,0,8.91,0.04,86.4,0,12,0
29271,1620.0,1620,19.73,19.73,0,8.91,0.0,0.0,0,0,0
30112,1620.0,1620,80.0,80.0,1,8.0,0.45,729.0,0,56,0
30118,1620.0,1620,19.73,19.73,0,8.91,0.0,0.0,0,0,0
31077,1188.0,1188,5.33,5.33,0,8.91,0.0,0.0,0,16,1
31190,1620.0,1620,10.13,10.13,0,8.91,0.0,0.0,0,0,0
31887,1620.0,1620,5.33,5.33,1,8.0,0.43,696.6,0,6,0
33036,2160.0,2160,12.76,12.76,1,10.0,0.28,604.8,0,14,0
328,1620.0,1620,10.13,10.13,0,8.91,0.07,113.4,0,15,0
924,1620.0,1620,19.73,19.73,1,10.0,0.3,486.0,0,86,0
3890,2160.0,2160,5.33,5.33,0,8.91,0.0,0.0,0,0,0
3938,1620.0,1620,10.13,10.13,0,8.91,0.24,388.8,0,15,0
6235,1620.0,1620,5.33,5.33,0,8.91,0.0,0.0,0,0,0
9035,2160.0,2160,5.33,5.33,0,8.91,0.02,43.2,0,1,0
9055,1188.0,1188,9.6,9.6,1,9.0,0.19,225.72,0,109,0
11073,1188.0,1188,5.33,5.33,0,8.91,0.0,0.0,0,0,0
13708,1620.0,1620,5.33,5.33,1,8.0,0.56,907.2,1,95,0
17451,1620.0,1620,5.33,5.33,1,10.0,0.27,437.4,0,15,0
17833,1620.0,1620,5.33,5.33,0,8.91,0.0,0.0,0,0,0
18158,1620.0,1620,19.73,19.73,0,8.91,0.48,777.6,0,36,0
18363,2160.0,2160,5.69,5.69,0,8.91,0.0,0.0,0,0,0
20947,1620.0,1620,10.13,10.13,0,8.91,0.0,0.0,0,267,0
21267,1620.0,1620,5.33,5.33,0,8.91,0.0,0.0,0,0,0
21785,324.0,324,5.33,5.33,0,2.0,0.0,0.0,0,0,1
23033,1620.0,1620,10.13,10.13,1,8.0,0.44,712.8,0,114,0
23449,1188.0,1188,27.29,27.29,1,10.0,0.84,997.92,1,211,0
25141,1620.0,1620,5.33,5.33,0,8.91,0.0,0.0,0,0,0
25290,2160.0,2160,5.61,5.61,0,8.91,0.0,0.0,0,0,0
27892,2160.0,2160,5.33,5.33,0,8.91,0.0,0.0,0,240,1
28044,1188.0,1188,5.33,5.33,1,10.0,0.39,463.32,0,120,0
29676,324.0,324,12.76,12.76,0,8.91,0.0,0.0,0,72,1
29697,1620.0,1620,10.13,10.13,0,8.91,0.0,0.0,0,0,0
29948,1620.0,1620,80.0,80.0,0,8.91,0.07,113.4,0,18,0
32084,1080.0,1080,10.81,10.81,0,8.91,0.97,1047.6,0,1,0
32686,1620.0,1620,10.13,10.13,1,10.0,0.12,194.4,0,75,0
94,1188.0,1188,9.49,9.49,0,8.91,0.84,997.92,0,2,0
149,1620.0,1620,10.13,10.13,1,10.0,0.99,1603.8,0,224,0
583,1188.0,1188,6.71,6.71,0,8.91,0.0,0.0,0,0,0
1477,1620.0,1620,5.33,5.33,0,8.91,0.0,0.0,0,33,1
5582,1620.0,1620,5.33,5.33,0,8.91,0.01,16.2,0,8,0
6445,216.0,216,10.13,10.13,1,7.0,0.0,0.0,0,0,1
6671,1620.0,1620,5.33,5.33,0,8.91,0.0,0.0,0,0,0
6705,324.0,324,50.67,50.67,0,8.91,0.0,0.0,0,0,0
7145,1620.0,1620,5.33,5.33,0,8.91,0.0,0.0,0,0,0
8139,1080.0,1080,10.47,10.47,0,8.91,0.33,356.4,0,3,0
11587,2160.0,2160,6.0,6.0,0,8.91,0.0,0.0,0,0,0
14662,1620.0,1620,5.33,5.33,0,8.91,0.0,0.0,0,0,0
14802,2160.0,2160,25.59,25.59,0,8.91,0.0,0.0,0,0,1
15974,2160.0,2160,6.0,6.0,1,10.0,0.05,108.0,0,202,0
16770,1188.0,1188,5.33,5.33,0,8.91,0.0,0.0,0,0,1
17879,2160.0,2160,5.61,5.61,0,8.91,0.0,0.0,0,10,0
18445,2160.0,2160,10.13,10.13,0,8.91,0.0,0.0,0,0,0
19336,2160.0,2160,10.81,10.81,0,8.91,0.0,0.0,0,288,0
19436,1620.0,1620,19.73,19.73,1,10.0,0.6,972.0,0,290,0
19609,1620.0,1620,5.33,5.33,0,8.91,0.0,0.0,0,0,0
23882,1620.0,1620,19.73,19.73,0,8.91,0.0,0.0,0,0,0
24629,2160.0,2160,10.13,10.13,1,10.0,0.09,194.4,0,241,0
25795,1620.0,1620,5.33,5.33,0,8.91,0.05,81.0,0,46,0
26731,1620.0,1620,19.73,19.73,1,8.0,0.53,858.6,0,1,0
27783,1620.0,1620,5.33,5.33,0,8.91,0.0,0.0,0,137,1
28321,2160.0,2160,5.33,5.33,0,8.91,0.0,0.0,0,0,0
28875,2160.0,2160,5.33,5.33,0,8.91,0.0,0.0,0,0,0
30534,1620.0,1620,5.33,5.33,0,8.91,0.0,0.0,0,59,1
30900,1080.0,1080,9.49,9.49,0,8.91,0.79,853.2,0,3,0
32081,2160.0,2160,5.33,5.33,0,8.91,0.0,0.0,0,22,0
33051,2160.0,2160,10.47,10.47,0,8.91,0.0,0.0,0,13,1
33060,1620.0,1620,10.81,10.81,0,8.91,0.0,0.0,0,98,1
2605,2160.0,2160,10.13,10.13,0,8.91,0.33,712.8,0,183,0
5676,2160.0,2160,5.33,5.33,0,8.91,0.12,259.2,0,174,0
6002,1404.0,2808,8.41,16.83,1,8.0,0.0,0.0,0,116,1
8991,1620.0,1620,5.33,5.33,0,8.91,0.0,0.0,0,0,0
10823,1620.0,1620,7.99,7.99,0,8.91,0.01,16.2,0,123,0
12198,1620.0,1620,5.61,5.61,0,8.91,0.0,0.0,0,0,0
15864,1188.0,1188,10.13,10.13,0,8.91,0.0,0.0,0,1,0
18037,216.0,216,8.0,8.0,0,8.91,0.0,0.0,0,0,0
18247,648.0,648,6.0,6.0,0,8.91,0.05,32.4,0,1,0
18949,2160.0,2160,8.0,8.0,1,10.0,0.05,108.0,0,216,0
20447,2160.0,2160,5.33,5.33,0,8.91,0.13,280.8,0,10,0
21548,1620.0,1620,5.33,5.33,0,8.91,0.0,0.0,0,0,0
21745,2160.0,2160,10.13,10.13,0,8.91,0.0,0.0,0,0,0
22246,1620.0,1620,8.0,8.0,0,8.91,0.0,0.0,0,0,0
22368,1188.0,1188,9.6,9.6,0,8.91,0.83,986.04,0,20,0
23282,1620.0,1620,10.13,10.13,0,8.91,0.04,64.8,0,121,0
23784,648.0,648,10.13,10.13,0,8.91,0.0,0.0,0,0,0
24443,2160.0,2160,5.33,5.33,0,8.91,0.19,410.4,0,68,0
32115,2160.0,2160,5.33,5.33,0,8.91,0.0,0.0,0,2,0
32647,2160.0,2160,10.81,10.81,1,10.0,0.65,1404.0,0,263,0
33443,1620.0,1620,5.33,5.33,1,10.0,0.92,1490.4,0,274,0
3073,1080.0,1080,5.33,5.33,0,8.91,0.0,0.0,0,212,0
3684,1620.0,1620,6.71,6.71,1,10.0,0.14,226.8,0,37,0
4483,2160.0,2160,7.6,7.6,0,8.91,0.0,0.0,0,0,0
5595,2160.0,2160,10.13,10.13,0,8.91,0.79,1706.4,3,48,0
7537,1188.0,1188,8.0,8.0,0,8.91,0.04,47.52,0,92,0
7756,1188.0,1188,8.22,8.22,0,8.91,1.0,1188.0,0,66,0
9400,2160.0,2160,25.59,25.59,1,10.0,0.48,1036.8,0,72,0
9521,324.0,324,5.33,5.33,1,8.5,0.0,0.0,0,32,1
10912,1620.0,1620,5.69,5.69,0,8.91,0.02,32.4,0,74,0
10922,1188.0,1188,12.76,12.76,1,10.0,0.59,700.92,0,174,0
10937,1620.0,1620,10.13,10.13,1,10.0,0.61,988.2,0,222,0
14318,1620.0,1620,5.33,5.33,0,9.0,0.0,0.0,0,176,1
16350,1188.0,1188,12.76,12.76,0,8.91,0.0,0.0,0,0,0
16632,2160.0,2160,8.0,8.0,0,8.91,0.0,0.0,0,4,0
19682,2160.0,2160,5.33,5.33,0,8.91,0.0,0.0,0,179,1
21496,1620.0,1620,10.13,10.13,0,8.91,0.02,32.4,0,205,0
22138,2160.0,2160,10.13,10.13,1,10.0,0.2,432.0,0,117,0
23571,1188.0,1188,6.0,6.0,1,10.0,0.0,0.0,0,151,1
24378,1620.0,1620,10.13,10.13,0,8.91,0.0,0.0,0,0,1
26565,2160.0,2160,10.13,10.13,0,8.91,0.04,86.4,0,136,0
28304,1620.0,1620,12.76,12.76,0,8.91,0.85,1377.0,1,36,0
28737,1620.0,1620,8.22,8.22,0,8.91,0.52,842.4,1,55,0
29619,2160.0,2160,8.0,8.0,0,8.91,0.0,0.0,0,0,0
31382,1620.0,1620,8.0,8.0,0,8.91,0.1,162.0,0,285,0
32821,2160.0,2160,10.81,10.81,0,8.91,0.29,626.4,1,23,0
867,1188.0,1188,8.0,8.0,0,8.91,0.09,106.92,0,99,0
1573,2160.0,2160,5.33,5.33,0,8.91,0.0,0.0,0,280,0
2239,2160.0,2160,10.13,10.13,0,8.91,0.81,1749.6,0,71,0
3010,1620.0,1620,10.13,10.13,1,10.0,0.99,1603.8,0,83,0
3772,1620.0,1620,7.99,7.99,0,8.91,0.34,550.8,0,233,0
7691,1188.0,1188,5.33,5.33,0,8.91,0.0,0.0,0,73,0
12799,1620.0,1620,5.33,5.33,1,10.0,0.96,1555.2,0,265,0
13447,1620.0,1620,9.6,9.6,1,7.0,0.59,955.8,0,8,0
13604,2160.0,2160,7.6,7.6,0,8.91,0.68,1468.8,0,13,0
13814,1620.0,1620,10.13,10.13,1,10.0,0.41,664.2,0,32,0
16703,1188.0,1188,32.9,32.9,0,8.91,0.07,83.16,0,9,0
25585,1890.0,3780,5.33,10.67,0,10.0,0.0,0.0,0,128,1
26652,2160.0,2160,9.49,9.49,0,8.91,0.02,43.2,0,0,0
27612,1620.0,1620,10.13,10.13,1,10.0,0.33,534.6,0,254,0
27727,1188.0,1188,10.47,10.47,0,8.91,0.67,795.96,0,148,0
28342,1620.0,1620,8.0,8.0,1,8.0,0.0,0.0,1,273,1
28927,1476.0,4428,5.33,16.0,1,7.0,0.0,0.0,0,21,1
29065,1188.0,1188,5.33,5.33,0,8.91,0.06,71.28,0,258,0
29767,1188.0,1188,5.33,5.33,0,8.91,0.0,0.0,0,254,1
30722,2160.0,2160,7.6,7.6,0,8.91,0.16,345.6,0,11,0
32698,2160.0,2160,5.33,5.33,0,8.91,0.0,0.0,0,6,0
6403,2160.0,2160,10.13,10.13,0,8.91,0.26,561.6,0,39,0
8181,2160.0,2160,10.13,10.13,0,8.91,0.26,561.6,0,4,0
9202,1080.0,1080,8.0,8.0,0,8.91,0.18,194.4,0,80,0
12104,2160.0,2160,5.33,5.33,0,8.91,0.15,324.0,0,39,0
19950,648.0,648,10.81,10.81,0,8.91,0.65,421.2,0,28,0
20459,2160.0,2160,8.0,8.0,0,8.91,0.0,0.0,0,78,0
22728,1620.0,1620,10.13,10.13,1,9.0,0.99,1603.8,2,115,0
22843,648.0,648,50.67,50.67,0,8.91,0.21,136.08,0,63,0
25035,2160.0,2160,5.93,5.93,0,8.91,0.04,86.4,0,66,0
25713,2160.0,2160,12.76,12.76,0,8.91,0.0,0.0,0,251,0
25909,1188.0,1188,10.07,10.07,0,8.91,0.0,0.0,0,117,0
27434,1620.0,1620,5.33,5.33,0,8.91,0.02,32.4,0,2,0
30648,2160.0,2160,8.0,8.0,0,8.91,0.0,0.0,0,16,0
30937,2160.0,2160,8.0,8.0,0,8.91,0.02,43.2,0,111,0
1762,2160.0,2160,8.0,8.0,0,8.91,0.12,259.2,0,240,0
6347,1620.0,1620,5.33,5.33,0,8.91,0.38,615.6,0,28,0
8557,2160.0,2160,10.13,10.13,0,8.91,0.02,43.2,0,219,0
11566,2160.0,2160,10.13,10.13,1,8.0,0.25,540.0,0,272,0
12367,1080.0,1080,5.33,5.33,0,8.91,0.75,810.0,0,56,0
14207,1620.0,1620,8.0,8.0,0,8.91,0.07,113.4,0,79,0
14472,1620.0,1620,10.13,10.13,1,9.0,0.12,194.4,0,2,0
15174,1620.0,1620,10.13,10.13,0,8.91,0.04,64.8,0,20,0
18898,324.0,324,5.33,5.33,0,8.91,1.0,324.0,0,21,0
24124,1476.0,4428,8.0,24.0,0,8.0,0.0,0.0,0,219,1
25451,1620.0,1620,7.99,7.99,0,8.91,0.0,0.0,0,129,0
26004,2160.0,2160,10.13,10.13,1,10.0,0.72,1555.2,1,9,0
26914,1620.0,1620,10.13,10.13,0,8.91,0.0,0.0,0,211,0
28293,2160.0,2160,8.36,8.36,0,8.91,0.0,0.0,0,3,0
28320,2160.0,2160,10.13,10.13,0,8.91,0.0,0.0,0,57,1
28379,1620.0,1620,5.33,5.33,0,8.91,0.02,32.4,0,31,0
29136,1620.0,1620,9.6,9.6,0,8.91,0.0,0.0,0,50,1
29182,1188.0,1188,8.0,8.0,0,8.91,0.02,23.76,0,145,0
29711,1080.0,1080,8.0,8.0,0,8.91,0.16,172.8,0,9,0
30568,1620.0,1620,10.13,10.13,1,10.0,0.5,810.0,0,239,0
31724,1620.0,1620,5.33,5.33,0,8.91,0.0,0.0,0,187,1
32662,1620.0,1620,10.47,10.47,0,8.91,0.05,81.0,0,15,0
33247,2160.0,2160,25.59,25.59,0,8.91,0.65,1404.0,1,274,0
1365,648.0,648,10.47,10.47,0,8.91,0.16,103.68,0,14,0
3942,1890.0,3780,5.33,10.67,0,8.91,0.0,0.0,0,5,1
5727,1620.0,1620,10.13,10.13,0,8.91,0.15,243.0,0,0,0
8603,1890.0,3780,6.71,13.43,0,8.91,0.0,0.0,0,181,1
9942,1242.0,2484,16.8,33.59,1,10.0,0.0,0.0,0,281,1
10014,1620.0,1620,10.13,10.13,0,8.91,0.0,0.0,0,8,0
11094,1620.0,1620,5.33,5.33,0,8.91,0.19,307.8,0,47,0
13445,1620.0,1620,10.13,10.13,0,8.91,0.09,145.8,0,108,0
13727,1188.0,1188,10.13,10.13,0,8.91,0.0,0.0,0,112,0
17155,2160.0,2160,10.47,10.47,0,8.91,0.06,129.6,0,137,0
18267,1620.0,1620,10.47,10.47,0,9.0,0.0,0.0,0,5,1
19087,2160.0,2160,5.69,5.69,0,8.91,0.0,0.0,0,114,1
19892,1620.0,1620,19.73,19.73,0,8.91,0.03,48.6,0,209,0
20240,1080.0,1080,6.71,6.71,0,8.91,0.0,0.0,0,209,0
21856,2160.0,2160,5.57,5.57,0,8.91,0.0,0.0,0,274,0
23661,2160.0,2160,10.13,10.13,0,8.91,0.0,0.0,0,226,1
25973,648.0,648,5.33,5.33,0,8.91,0.0,0.0,0,5,1
27931,1620.0,1620,9.6,9.6,1,9.0,0.98,1587.6,0,4,0
32916,1620.0,1620,5.33,5.33,0,8.91,0.22,356.4,0,287,0
498,2160.0,2160,8.0,8.0,0,8.91,0.21,453.6,0,15,0
1822,1188.0,1188,8.0,8.0,0,8.91,0.0,0.0,0,1,0
2560,1620.0,1620,5.33,5.33,0,8.91,0.0,0.0,0,108,1
3955,2160.0,2160,8.0,8.0,0,8.91,0.36,777.6,0,40,0
4251,1188.0,1188,10.07,10.07,0,8.91,0.07,83.16,0,17,0
4844,1620.0,1620,8.0,8.0,1,9.0,0.0,0.0,0,275,1
4894,1188.0,1188,5.33,5.33,0,8.91,0.0,0.0,0,246,0
5719,1188.0,1188,7.54,7.54,0,8.91,0.5,594.0,1,132,0
5949,1620.0,1620,8.0,8.0,1,10.0,0.99,1603.8,6,10,0
7693,2160.0,2160,8.0,8.0,1,7.0,0.27,583.2,0,89,0
7920,2160.0,2160,8.0,8.0,0,8.91,0.84,1814.4,0,280,0
9084,540.0,540,10.13,10.13,0,8.91,0.0,0.0,0,34,0
9626,1188.0,1188,8.0,8.0,0,8.91,0.0,0.0,0,250,1
10967,1620.0,1620,8.53,8.53,1,9.5,0.0,0.0,0,21,1
12586,2160.0,2160,8.0,8.0,0,8.91,0.04,86.4,0,19,0
14682,1188.0,1188,8.0,8.0,0,8.91,0.16,190.08,0,16,0
16805,2160.0,2160,5.33,5.33,0,8.91,0.14,302.4,0,1,0
17356,2160.0,2160,8.53,8.53,1,8.0,0.75,1620.0,1,105,0
17812,1080.0,1080,8.0,8.0,1,9.0,0.0,0.0,0,82,1
18349,1080.0,1080,5.33,5.33,1,10.0,0.62,669.6,0,282,0
18504,2160.0,2160,8.0,8.0,0,8.91,0.02,43.2,0,0,0
20282,1620.0,1620,8.0,8.0,0,8.91,0.35,567.0,0,144,0
23586,1656.0,4968,7.51,22.54,0,8.91,0.0,0.0,0,175,1
25297,2160.0,2160,5.33,5.33,0,8.91,0.31,669.6,0,35,0
26814,1620.0,1620,8.0,8.0,0,8.91,0.2,324.0,0,218,0
27440,1620.0,1620,8.0,8.0,0,8.91,0.0,0.0,0,153,0
27825,1620.0,1620,8.0,8.0,0,8.91,0.13,210.6,0,77,0
28307,1620.0,1620,5.33,5.33,0,8.91,0.23,372.6,0,99,0
28940,1620.0,1620,5.33,5.33,0,8.91,0.04,64.8,0,1,0
29579,2160.0,2160,8.0,8.0,0,8.91,0.0,0.0,0,29,0
30709,216.0,216,10.07,10.07,1,7.0,0.0,0.0,0,0,0
32134,2160.0,2160,6.71,6.71,0,8.91,0.32,691.2,0,37,0
150,1188.0,1188,32.9,32.9,1,10.0,0.09,106.92,0,4,0
366,648.0,648,5.33,5.33,1,10.0,0.0,0.0,0,0,1
797,2160.0,2160,5.33,5.33,1,9.0,0.04,86.4,0,0,0
2315,1620.0,1620,80.0,80.0,1,10.0,0.37,599.4,0,94,0
2714,1620.0,1620,8.0,8.0,0,8.91,0.13,210.6,0,49,0
3119,1620.0,1620,7.6,7.6,1,8.0,0.73,1182.6,0,261,0
4206,2160.0,2160,7.51,7.51,0,8.91,0.0,0.0,0,19,0
4339,2160.0,2160,8.0,8.0,0,8.91,0.0,0.0,0,28,1
4522,2160.0,2160,8.0,8.0,0,8.91,0.0,0.0,0,72,1
4933,1620.0,1620,6.71,6.71,0,8.91,0.38,615.6,0,43,0
5327,216.0,216,10.07,10.07,1,10.0,0.0,0.0,0,0,0
5779,2160.0,2160,8.0,8.0,0,8.91,0.02,43.2,0,39,0
6363,648.0,648,5.33,5.33,1,8.0,1.0,648.0,0,105,0
6758,2160.0,2160,8.0,8.0,0,8.91,0.0,0.0,0,191,0
7368,2160.0,2160,8.0,8.0,0,8.91,0.47,1015.2,0,254,0
7474,1674.0,3348,6.64,13.28,0,8.91,0.0,0.0,0,16,1
10810,1620.0,1620,7.99,7.99,0,8.91,0.27,437.4,0,32,0
10868,1620.0,1620,7.99,7.99,0,8.91,0.01,16.2,0,3,0
12342,1620.0,1620,8.0,8.0,0,8.91,0.26,421.2,0,29,0
13155,1404.0,2808,5.02,10.05,0,8.91,0.0,0.0,0,21,1
13180,2160.0,2160,8.53,8.53,0,8.91,0.22,475.2,0,2,0
13614,1674.0,3348,8.53,17.06,1,9.0,0.0,0.0,0,143,1
14443,324.0,324,8.0,8.0,1,10.0,0.0,0.0,0,0,0
14877,1620.0,1620,5.93,5.93,0,8.91,0.05,81.0,0,266,0
16091,1620.0,1620,5.33,5.33,0,8.91,0.0,0.0,0,30,0
16254,1620.0,1620,8.0,8.0,1,4.0,0.49,793.8,0,203,0
16928,1404.0,2808,6.67,13.33,1,10.0,0.0,0.0,0,178,1
17522,1620.0,1620,8.0,8.0,1,9.0,0.99,1603.8,2,53,0
17842,324.0,324,7.99,7.99,1,10.0,0.0,0.0,0,0,0
18402,1620.0,1620,5.33,5.33,0,8.91,0.21,340.2,0,13,0
20030,2160.0,2160,8.0,8.0,0,8.91,0.0,0.0,0,72,1
20461,2160.0,2160,8.0,8.0,0,8.91,0.0,0.0,0,163,0
21730,1620.0,1620,8.0,8.0,0,8.91,0.07,113.4,0,0,0
21808,2160.0,2160,6.71,6.71,1,10.0,0.07,151.2,0,68,0
22209,1620.0,1620,5.33,5.33,0,8.91,0.02,32.4,0,2,0
22744,1188.0,1188,8.0,8.0,0,8.91,0.06,71.28,0,0,0
24407,2160.0,2160,8.0,8.0,0,8.91,0.26,561.6,0,22,0
28123,1188.0,1188,7.99,7.99,0,8.91,0.0,0.0,0,16,0
28530,2160.0,2160,5.33,5.33,1,10.0,1.0,2160.0,2,253,0
29058,2160.0,2160,5.69,5.69,0,8.91,0.24,518.4,0,91,0
29347,1620.0,1620,8.0,8.0,0,8.91,0.02,32.4,0,24,0
29478,1620.0,1620,10.07,10.07,1,8.0,0.19,307.8,0,21,0
29932,1224.0,3672,6.22,18.67,0,8.91,0.0,0.0,0,57,1
31584,1620.0,1620,7.6,7.6,1,10.0,0.0,0.0,1,46,1
31606,2160.0,2160,5.33,5.33,0,8.91,0.0,0.0,0,40,0
32000,1188.0,1188,8.0,8.0,1,7.0,0.11,130.68,0,224,0
384,2160.0,2160,8.0,8.0,0,8.91,0.03,64.8,0,136,0
1092,2160.0,2160,5.69,5.69,0,8.91,0.0,0.0,0,17,0
3943,1620.0,1620,8.0,8.0,0,8.91,0.07,113.4,0,3,0
4111,2160.0,2160,10.07,10.07,0,8.91,0.01,21.6,0,39,0
5336,1620.0,1620,8.0,8.0,1,8.0,0.68,1101.6,0,0,0
6143,324.0,324,8.0,8.0,1,10.0,1.0,324.0,2,14,0
6807,2160.0,2160,8.0,8.0,0,8.91,0.06,129.6,0,61,0
7526,1188.0,1188,5.33,5.33,0,8.91,0.06,71.28,0,31,0
8065,1674.0,3348,6.67,13.33,0,8.91,0.0,0.0,0,195,1
8412,1188.0,1188,8.0,8.0,0,8.91,0.0,0.0,0,121,0
8826,2160.0,2160,5.33,5.33,0,8.91,0.5,1080.0,0,11,0
8979,1620.0,1620,5.33,5.33,0,8.91,0.26,421.2,0,89,0
9928,2160.0,2160,7.51,7.51,0,8.91,0.9,1944.0,0,28,0
12165,1620.0,1620,8.0,8.0,1,9.0,0.45,729.0,0,283,0
12926,1620.0,1620,7.6,7.6,1,10.0,0.99,1603.8,0,160,0
14253,1080.0,1080,7.99,7.99,0,8.91,0.0,0.0,0,2,0
14364,1134.0,2268,6.64,13.28,0,8.91,0.0,0.0,0,71,1
15406,2160.0,2160,8.0,8.0,0,8.91,0.27,583.2,0,207,0
15997,1404.0,2808,5.33,10.67,0,8.91,0.0,0.0,0,16,1
19103,2160.0,2160,5.33,5.33,1,9.0,0.81,1749.6,1,212,0
19968,2160.0,2160,5.86,5.86,1,10.0,0.25,540.0,0,275,0
20679,1620.0,1620,8.0,8.0,1,10.0,0.56,907.2,1,280,0
21769,2160.0,2160,8.0,8.0,0,8.91,0.14,302.4,0,175,0
22336,2160.0,2160,8.0,8.0,1,10.0,0.29,626.4,0,4,0
22876,2160.0,2160,8.0,8.0,0,8.91,0.04,86.4,0,10,0
24604,1188.0,1188,5.33,5.33,0,8.91,0.12,142.56,0,13,0
24914,2160.0,2160,8.0,8.0,0,8.91,0.33,712.8,0,96,0
24923,2160.0,2160,8.0,8.0,0,8.91,0.01,21.6,0,148,0
25571,2160.0,2160,8.0,8.0,1,7.0,0.17,367.2,0,5,0
25714,2160.0,2160,5.33,5.33,0,8.91,0.0,0.0,0,73,1
25764,2160.0,2160,5.33,5.33,0,8.91,0.0,0.0,0,43,0
25951,1620.0,1620,8.0,8.0,0,8.91,0.0,0.0,0,275,0
28136,1080.0,1080,8.0,8.0,0,8.91,0.0,0.0,0,47,0
28335,1620.0,1620,7.51,7.51,0,8.91,0.03,48.6,0,0,0
30261,2160.0,2160,8.0,8.0,0,8.91,0.11,237.6,0,265,0
31183,1620.0,1620,7.99,7.99,1,10.0,0.0,0.0,0,5,1
32470,1188.0,1188,8.53,8.53,0,8.91,0.0,0.0,0,60,0
32831,2160.0,2160,5.61,5.61,0,8.91,0.0,0.0,0,4,0
614,1620.0,1620,8.0,8.0,0,8.91,0.35,567.0,0,281,0
1361,2160.0,2160,5.33,5.33,0,8.91,0.45,972.0,0,7,0
2154,1188.0,1188,8.0,8.0,1,10.0,1.0,1188.0,3,202,0
3339,1620.0,1620,5.33,5.33,0,8.91,0.28,453.6,0,3,0
4786,324.0,324,8.0,8.0,1,8.0,0.0,0.0,0,0,0
5353,2160.0,2160,8.0,8.0,1,10.0,0.07,151.2,0,17,0
6514,2160.0,2160,5.33,5.33,0,8.91,0.2,432.0,0,254,0
8687,2160.0,2160,8.0,8.0,0,8.91,0.43,928.8,0,207,0
9902,1620.0,1620,8.0,8.0,0,8.91,0.08,129.6,0,6,0
10407,2160.0,2160,5.69,5.69,0,8.91,0.12,259.2,0,6,0
10895,1188.0,1188,26.13,26.13,1,3.0,0.0,0.0,0,0,0
11391,324.0,324,8.0,8.0,0,8.91,0.0,0.0,0,21,1
11531,2160.0,2160,7.51,7.51,0,8.91,0.0,0.0,0,162,0
12137,1620.0,1620,8.0,8.0,0,8.91,0.0,0.0,0,52,1
12279,1188.0,1188,8.22,8.22,0,8.91,0.0,0.0,0,0,1
12572,324.0,324,6.0,6.0,1,10.0,1.0,324.0,0,32,0
12787,1188.0,1188,7.51,7.51,1,10.0,0.58,689.04,0,41,0
12955,1188.0,1188,8.0,8.0,0,8.91,0.0,0.0,0,240,1
13547,1620.0,1620,8.0,8.0,1,10.0,0.74,1198.8,1,238,0
13641,1188.0,1188,6.0,6.0,0,8.91,1.0,1188.0,0,151,0
13897,2160.0,2160,5.33,5.33,0,8.91,0.02,43.2,0,170,0
14047,1890.0,3780,8.0,16.0,0,8.91,0.0,0.0,0,167,1
14706,1188.0,1188,8.0,8.0,0,8.91,0.07,83.16,0,137,0
14920,1188.0,1188,8.0,8.0,0,8.91,0.62,736.56,1,79,0
14993,1188.0,1188,7.6,7.6,0,8.91,0.03,35.64,0,2,0
16604,648.0,648,4.48,4.48,0,8.91,0.0,0.0,0,5,0
16692,1620.0,1620,5.33,5.33,0,8.91,0.01,16.2,0,1,0
19209,1620.0,1620,5.33,5.33,1,10.0,0.22,356.4,0,12,0
19480,1620.0,1620,8.0,8.0,0,8.91,0.01,16.2,0,47,0
19582,1620.0,1620,5.33,5.33,1,9.0,0.34,550.8,0,67,0
19612,1620.0,1620,5.33,5.33,0,8.91,0.0,0.0,0,12,0
19829,1188.0,1188,8.0,8.0,0,8.91,0.0,0.0,0,112,0
20337,1620.0,1620,8.0,8.0,0,8.91,0.01,16.2,0,0,0
21293,1620.0,1620,8.0,8.0,0,8.91,0.01,16.2,0,0,0
24716,1620.0,1620,7.99,7.99,0,8.91,0.0,0.0,0,14,0
24956,2160.0,2160,8.53,8.53,0,8.91,0.15,324.0,0,3,0
25766,2160.0,2160,8.0,8.0,0,8.91,0.45,972.0,0,253,0
27079,1620.0,1620,10.07,10.07,1,10.0,0.17,275.4,0,191,0
27268,1620.0,1620,8.0,8.0,0,8.91,0.84,1360.8,1,109,0
27798,1620.0,1620,5.33,5.33,0,8.91,0.23,372.6,1,220,0
28729,2160.0,2160,8.53,8.53,0,8.91,0.0,0.0,0,1,1
29345,648.0,648,7.99,7.99,1,7.0,0.31,200.88,0,208,0
29572,1620.0,1620,8.0,8.0,0,8.91,0.0,0.0,0,81,1
29906,2160.0,2160,8.0,8.0,0,8.91,0.45,972.0,0,38,0
30532,2160.0,2160,5.33,5.33,1,10.0,0.29,626.4,0,236,0
32334,1620.0,1620,5.33,5.33,0,8.91,0.02,32.4,0,193,0
32481,2160.0,2160,8.0,8.0,0,8.91,0.72,1555.2,0,271,0
32858,1332.0,3996,6.22,18.65,0,8.91,0.0,0.0,0,257,1
33432,2160.0,2160,8.0,8.0,0,8.91,0.2,432.0,0,243,0
122,1188.0,1188,25.6,25.6,1,7.0,0.5,594.0,0,273,0
1284,1188.0,1188,8.53,8.53,0,8.91,0.0,0.0,0,14,1
3701,324.0,324,8.0,8.0,0,8.91,0.0,0.0,0,4,0
4228,1620.0,1620,5.93,5.93,0,8.91,0.02,32.4,0,0,0
6337,1188.0,1188,8.0,8.0,0,8.91,0.0,0.0,0,258,0
6997,1620.0,1620,8.0,8.0,1,10.0,0.76,1231.2,0,248,0
7238,1620.0,1620,8.0,8.0,0,8.91,0.0,0.0,0,4,0
10180,2160.0,2160,8.0,8.0,0,8.91,0.22,475.2,0,19,0
12400,1620.0,1620,5.93,5.93,1,10.0,1.0,1620.0,2,256,0
19287,2160.0,2160,5.69,5.69,0,8.91,0.13,280.8,0,5,0
21159,1188.0,1188,8.0,8.0,1,10.0,1.0,1188.0,0,160,0
25760,1188.0,1188,8.0,8.0,0,8.91,0.0,0.0,0,33,1
27914,1188.0,1188,8.0,8.0,0,8.91,0.13,154.44,0,252,0
28306,1188.0,1188,8.0,8.0,0,8.91,0.0,0.0,0,242,1
30786,1188.0,1188,8.0,8.0,0,8.91,0.02,23.76,0,13,0
31031,2160.0,2160,8.53,8.53,0,8.91,0.0,0.0,0,155,0
31541,2160.0,2160,5.69,5.69,0,8.91,0.33,712.8,0,184,0
32593,648.0,648,5.33,5.33,0,8.91,0.21,136.08,0,61,0
843,1620.0,1620,5.33,5.33,0,8.91,0.0,0.0,0,65,1
3524,1620.0,1620,8.0,8.0,0,8.91,0.9,1458.0,0,44,0
15557,1188.0,1188,26.13,26.13,1,9.0,0.0,0.0,0,246,1
15678,1620.0,1620,5.33,5.33,0,8.91,0.0,0.0,0,40,0
18294,1620.0,1620,8.0,8.0,0,8.91,0.0,0.0,0,134,0
20155,2160.0,2160,5.69,5.69,0,8.91,0.15,324.0,0,233,0
29749,2160.0,2160,8.0,8.0,0,8.91,0.12,259.2,0,14,0
32743,1620.0,1620,8.0,8.0,0,8.91,0.0,0.0,0,79,1
32828,2160.0,2160,25.6,25.6,0,8.91,0.0,0.0,0,200,0
2017,2160.0,2160,8.0,8.0,0,8.91,0.01,21.6,0,101,0
3880,1620.0,1620,5.33,5.33,0,8.91,0.0,0.0,0,0,0
3990,216.0,216,8.0,8.0,0,8.91,0.0,0.0,0,0,0
4660,324.0,324,8.0,8.0,1,9.0,0.0,0.0,0,0,0
6306,1620.0,1620,8.22,8.22,0,8.91,0.58,939.6,0,16,0
6945,648.0,648,8.53,8.53,0,8.91,0.0,0.0,0,101,0
7500,1620.0,1620,5.33,5.33,1,8.0,0.3,486.0,0,2,0
7860,1890.0,3780,5.33,10.67,0,8.91,0.0,0.0,0,0,1
8472,1188.0,1188,21.59,21.59,1,10.0,0.63,748.44,0,91,0
10927,1188.0,1188,8.0,8.0,0,8.91,0.0,0.0,0,0,1
11885,1620.0,1620,10.07,10.07,1,7.0,0.79,1279.8,0,67,0
12292,1620.0,1620,7.99,7.99,0,8.91,0.48,777.6,0,259,0
14700,2160.0,2160,5.33,5.33,0,8.91,0.45,972.0,0,77,0
15644,1188.0,1188,8.22,8.22,0,8.91,0.0,0.0,0,0,0
22199,1620.0,1620,8.0,8.0,0,8.91,0.23,372.6,0,0,0
22200,1620.0,1620,8.0,8.0,0,8.91,0.0,0.0,0,0,0
22644,2160.0,2160,8.0,8.0,1,10.0,0.35,756.0,0,17,0
22918,1188.0,1188,8.53,8.53,0,8.91,0.3,356.4,0,22,0
23690,2160.0,2160,8.0,8.0,0,8.91,0.01,21.6,0,42,0
26484,648.0,648,5.69,5.69,0,8.91,0.0,0.0,0,0,0
1382,1620.0,1620,5.33,5.33,0,8.91,0.0,0.0,0,0,0
1806,1620.0,1620,8.0,8.0,0,8.91,0.0,0.0,0,0,0
1883,2160.0,2160,5.33,5.33,0,8.91,0.0,0.0,0,0,0
1915,2160.0,2160,5.33,5.33,0,8.91,0.0,0.0,0,0,0
1971,1188.0,1188,8.0,8.0,1,10.0,0.62,736.56,0,26,0
2709,1080.0,1080,15.19,15.19,1,10.0,1.0,1080.0,1,242,0
2717,2160.0,2160,8.53,8.53,0,8.91,0.0,0.0,0,0,0
5152,2160.0,2160,8.53,8.53,0,8.91,0.0,0.0,0,0,0
6547,2160.0,2160,25.59,25.59,0,8.91,0.0,0.0,5,220,1
7481,1620.0,1620,8.0,8.0,0,8.91,0.16,259.2,0,272,0
7746,2160.0,2160,8.0,8.0,0,8.91,0.0,0.0,0,0,0
7809,2160.0,2160,8.0,8.0,0,8.91,0.49,1058.4,0,273,0
7845,2160.0,2160,8.0,8.0,0,8.91,0.0,0.0,0,0,0
7899,1620.0,1620,10.07,10.07,0,8.91,0.08,129.6,0,278,0
8633,1080.0,1080,5.33,5.33,1,8.0,0.7,756.0,0,104,0
9297,2160.0,2160,5.33,5.33,0,8.91,0.0,0.0,0,49,0
9712,2160.0,2160,25.59,25.59,0,8.91,0.63,1360.8,0,20,0
9812,1188.0,1188,5.57,5.57,0,8.91,0.0,0.0,0,0,1
9832,2160.0,2160,5.33,5.33,0,8.91,0.83,1792.8,0,71,0
10652,1188.0,1188,5.33,5.33,0,8.91,0.0,0.0,0,207,1
11173,1188.0,1188,8.0,8.0,0,8.91,0.0,0.0,0,144,0
11827,2160.0,2160,8.0,8.0,0,8.91,0.0,0.0,0,28,0
12882,1404.0,2808,9.67,19.34,0,8.91,0.0,0.0,0,18,1
12966,2160.0,2160,10.07,10.07,1,9.5,0.0,0.0,0,84,1
13024,1620.0,1620,5.33,5.33,0,8.91,0.86,1393.2,0,95,0
13399,2160.0,2160,8.0,8.0,0,8.91,0.9,1944.0,0,64,0
13607,918.0,1836,7.99,15.99,0,8.91,0.0,0.0,0,41,1
13875,1188.0,1188,5.33,5.33,0,8.91,0.26,308.88,0,83,0
13969,1620.0,1620,8.0,8.0,0,10.0,0.0,0.0,0,9,1
14987,2160.0,2160,5.33,5.33,0,8.91,0.0,0.0,0,259,1
15507,2160.0,2160,5.33,5.33,0,8.91,0.0,0.0,0,0,0
15967,1080.0,1080,5.33,5.33,0,8.91,0.0,0.0,0,33,0
16531,1188.0,1188,5.33,5.33,0,8.91,0.0,0.0,0,0,0
19307,2160.0,2160,3.86,3.86,1,6.0,0.03,64.8,0,9,0
20123,1188.0,1188,8.0,8.0,0,8.91,0.74,879.12,0,277,0
20180,1620.0,1620,5.33,5.33,0,8.91,0.12,194.4,0,77,0
20840,2160.0,2160,5.33,5.33,0,8.91,0.0,0.0,0,0,0
22649,2160.0,2160,5.33,5.33,0,8.91,0.0,0.0,0,69,0
23650,1620.0,1620,8.45,8.45,0,8.91,0.0,0.0,0,0,0
23782,2160.0,2160,8.0,8.0,0,8.91,0.01,21.6,0,6,0
24172,1620.0,1620,5.02,5.02,0,8.91,0.0,0.0,0,0,0
24307,1188.0,1188,5.33,5.33,0,8.91,0.0,0.0,0,34,0
25027,1188.0,1188,5.33,5.33,0,8.91,0.07,83.16,0,133,0
25344,1080.0,1080,5.33,5.33,1,10.0,1.0,1080.0,1,11,0
26095,2160.0,2160,8.0,8.0,0,8.91,0.2,432.0,0,10,0
26928,1674.0,3348,5.33,10.67,0,8.91,0.0,0.0,0,0,1
27011,540.0,540,5.33,5.33,1,6.0,0.91,491.4,2,41,0
27963,2160.0,2160,5.33,5.33,0,8.91,0.0,0.0,0,0,0
29185,1404.0,2808,9.26,18.51,0,10.0,0.0,0.0,0,48,1
30375,2160.0,2160,8.0,8.0,0,8.91,0.0,0.0,0,0,0
30498,1620.0,1620,5.33,5.33,0,8.91,0.0,0.0,0,176,0
30522,1188.0,1188,5.33,5.33,0,8.91,0.0,0.0,0,18,0
30740,2160.0,2160,5.33,5.33,0,8.91,0.34,734.4,0,277,0
30839,2160.0,2160,5.69,5.69,0,8.91,0.0,0.0,0,0,0
31564,1620.0,1620,8.0,8.0,0,8.91,0.0,0.0,0,46,0
31575,2160.0,2160,25.6,25.6,0,8.91,0.0,0.0,0,0,0
33641,2160.0,2160,25.59,25.59,0,8.91,0.0,0.0,0,0,0
1117,2160.0,2160,8.53,8.53,0,8.91,0.0,0.0,0,0,0
1641,2160.0,2160,8.0,8.0,0,8.91,0.0,0.0,0,155,0
2407,648.0,648,5.33,5.33,0,8.91,0.0,0.0,0,0,0
2881,2160.0,2160,5.33,5.33,0,8.91,0.0,0.0,0,0,0
3089,2160.0,2160,7.51,7.51,0,8.91,0.04,86.4,0,175,0
3485,1620.0,1620,8.0,8.0,0,8.91,0.1,162.0,0,34,0
3539,540.0,540,8.0,8.0,0,8.91,0.12,64.8,0,0,0
4349,2160.0,2160,10.07,10.07,0,8.91,0.08,172.8,0,33,0
5050,2160.0,2160,8.0,8.0,0,8.91,0.47,1015.2,0,72,0
5132,648.0,648,5.33,5.33,1,10.0,0.6,388.8,0,88,0
5470,2160.0,2160,8.0,8.0,0,8.91,0.59,1274.4,0,275,0
6084,1080.0,1080,8.53,8.53,1,8.0,0.68,734.4,0,9,0
7444,2160.0,2160,5.33,5.33,0,8.91,0.0,0.0,0,0,0
9152,2160.0,2160,5.69,5.69,0,8.91,0.01,21.6,0,49,0
9326,1188.0,1188,8.0,8.0,0,8.91,0.2,237.6,0,43,0
9871,2160.0,2160,7.51,7.51,0,8.91,0.0,0.0,0,2,0
10260,2160.0,2160,8.53,8.53,0,8.91,0.0,0.0,0,0,0
10806,1350.0,2700,6.78,13.56,0,8.91,0.0,0.0,0,0,1
10816,2160.0,2160,8.53,8.53,0,8.91,0.0,0.0,0,0,0
10919,2160.0,2160,5.33,5.33,1,10.0,1.0,2160.0,0,260,0
11850,1188.0,1188,5.33,5.33,0,8.91,0.0,0.0,0,18,0
12797,1620.0,1620,7.99,7.99,0,8.91,0.0,0.0,0,150,1
13630,2160.0,2160,5.33,5.33,0,8.91,0.0,0.0,0,0,0
15488,2160.0,2160,3.86,3.86,0,8.91,0.0,0.0,0,0,0
15607,1080.0,1080,7.99,7.99,0,8.91,0.0,0.0,0,0,0
15781,1188.0,1188,8.45,8.45,0,5.0,0.0,0.0,0,0,1
16195,2160.0,2160,8.0,8.0,1,8.0,0.38,820.8,0,78,0
16616,648.0,648,5.33,5.33,0,8.91,0.48,311.04,0,2,0
16892,2160.0,2160,5.33,5.33,0,8.91,0.0,0.0,0,0,1
17285,1620.0,1620,3.86,3.86,0,8.91,0.0,0.0,0,0,1
18568,2160.0,2160,5.69,5.69,1,10.0,0.33,712.8,0,277,0
18728,1080.0,1080,8.53,8.53,0,8.91,0.0,0.0,0,0,0
18922,648.0,648,5.33,5.33,0,8.91,0.21,136.08,0,2,0
19429,1620.0,1620,5.33,5.33,0,8.91,0.07,113.4,0,1,0
20751,2160.0,2160,5.33,5.33,0,8.91,0.0,0.0,0,0,0
20798,2160.0,2160,7.6,7.6,0,8.91,0.02,43.2,0,232,0
20913,1620.0,1620,8.0,8.0,0,8.91,0.2,324.0,0,26,0
21278,2160.0,2160,5.33,5.33,0,8.91,0.18,388.8,0,0,0
21770,2160.0,2160,5.61,5.61,0,8.91,0.0,0.0,0,0,0
24281,1188.0,1188,5.33,5.33,0,8.91,0.03,35.64,0,4,0
25198,540.0,540,7.6,7.6,1,10.0,1.0,540.0,0,21,0
25278,1188.0,1188,5.86,5.86,0,8.91,0.05,59.4,0,168,0
25381,1620.0,1620,7.99,7.99,0,8.91,0.29,469.8,0,172,0
26166,2160.0,2160,5.33,5.33,0,8.91,0.0,0.0,0,0,0
26750,540.0,540,8.0,8.0,1,10.0,0.66,356.4,0,9,0
27889,2160.0,2160,5.33,5.33,1,9.0,1.0,2160.0,3,278,0
28234,2160.0,2160,5.33,5.33,0,8.91,0.04,86.4,0,175,0
28984,2160.0,2160,5.69,5.69,0,8.91,0.0,0.0,0,21,0
29599,1620.0,1620,5.33,5.33,1,10.0,0.27,437.4,0,9,0
30092,2160.0,2160,5.33,5.33,1,9.0,0.49,1058.4,0,82,0
30348,324.0,324,8.53,8.53,0,8.91,0.0,0.0,0,219,1
31726,2160.0,2160,8.22,8.22,0,8.91,0.1,216.0,0,0,0
31820,1620.0,1620,5.33,5.33,0,8.91,0.26,421.2,0,40,0
31842,1620.0,1620,7.99,7.99,0,8.91,0.07,113.4,0,249,0
32519,1188.0,1188,5.33,5.33,0,8.91,0.02,23.76,0,0,0
33241,2160.0,2160,5.61,5.61,0,8.91,0.01,21.6,0,5,0
233,1404.0,2808,5.33,10.67,0,8.91,0.0,0.0,0,30,1
817,1620.0,1620,5.33,5.33,0,8.91,0.0,0.0,0,0,1
822,1188.0,1188,8.0,8.0,0,8.91,0.03,35.64,0,5,0
1061,1188.0,1188,8.0,8.0,1,7.0,0.12,142.56,0,3,0
1476,1188.0,1188,8.0,8.0,0,8.91,0.28,332.64,0,30,0
1536,2160.0,2160,5.33,5.33,0,8.91,0.01,21.6,0,2,0
1808,1350.0,2700,5.33,10.66,0,8.91,0.0,0.0,0,9,1
3576,1080.0,1080,5.33,5.33,0,8.91,0.0,0.0,0,0,0
3857,1188.0,1188,8.0,8.0,0,8.91,0.0,0.0,0,0,0
4036,1080.0,1080,5.33,5.33,0,8.91,0.0,0.0,0,0,0
4193,1620.0,1620,5.33,5.33,0,8.91,0.0,0.0,0,0,0
5972,1188.0,1188,8.0,8.0,0,8.91,0.0,0.0,0,0,0
6875,1620.0,1620,5.33,5.33,0,8.91,0.0,0.0,0,0,0
7085,2160.0,2160,5.33,5.33,0,8.91,0.01,21.6,0,23,0
7197,2160.0,2160,8.0,8.0,0,8.91,0.0,0.0,0,34,1
7574,2160.0,2160,5.33,5.33,0,8.91,0.0,0.0,0,0,1
7649,1620.0,1620,5.33,5.33,1,9.0,0.35,567.0,0,7,0
8806,2160.0,2160,10.07,10.07,0,8.91,0.0,0.0,0,9,0
9444,1188.0,1188,10.13,10.13,1,8.0,0.49,582.12,0,63,0
9673,2160.0,2160,5.33,5.33,1,9.0,0.09,194.4,0,246,0
9809,2160.0,2160,7.51,7.51,0,8.91,0.0,0.0,0,274,1
10769,2160.0,2160,5.93,5.93,0,8.91,0.0,0.0,0,217,0
11119,2160.0,2160,8.0,8.0,1,10.0,0.33,712.8,0,262,0
12717,1188.0,1188,5.33,5.33,0,8.91,0.0,0.0,0,0,0
13211,2160.0,2160,4.48,4.48,0,8.91,0.0,0.0,0,0,0
13370,2160.0,2160,5.33,5.33,1,8.0,0.36,777.6,0,251,0
13528,1620.0,1620,8.0,8.0,0,8.91,0.0,0.0,0,0,0
14003,1620.0,1620,5.33,5.33,0,8.91,0.0,0.0,0,0,0
14092,2160.0,2160,8.0,8.0,0,8.91,0.9,1944.0,0,268,0
14965,324.0,324,5.33,5.33,0,8.91,0.0,0.0,0,0,0
15046,1620.0,1620,8.0,8.0,0,8.91,0.07,113.4,0,0,0
15323,324.0,324,5.33,5.33,0,8.91,0.0,0.0,0,0,0
16300,648.0,648,8.0,8.0,0,8.91,0.12,77.76,0,61,0
18278,2160.0,2160,7.6,7.6,0,8.91,0.0,0.0,0,0,0
19035,1620.0,1620,8.0,8.0,0,8.91,0.99,1603.8,0,172,0
19667,1188.0,1188,5.33,5.33,0,8.91,0.0,0.0,0,0,0
20204,2160.0,2160,8.0,8.0,0,8.91,0.0,0.0,0,0,0
21358,2160.0,2160,5.33,5.33,0,8.91,0.0,0.0,0,234,0
21821,1080.0,1080,10.07,10.07,1,8.0,0.99,1069.2,0,141,0
22508,2160.0,2160,8.0,8.0,1,10.0,0.9,1944.0,0,28,0
23131,1620.0,1620,5.33,5.33,0,8.91,0.0,0.0,0,0,0
23331,2160.0,2160,8.0,8.0,1,10.0,0.17,367.2,0,14,0
23414,1620.0,1620,8.0,8.0,0,8.91,0.32,518.4,0,159,0
23511,1188.0,1188,8.0,8.0,0,8.91,0.0,0.0,0,108,0
23723,648.0,648,8.0,8.0,0,8.91,0.0,0.0,0,0,0
23971,378.0,756,7.8,15.6,0,8.91,0.0,0.0,0,0,1
24783,1620.0,1620,8.0,8.0,1,10.0,0.81,1312.2,0,85,0
25829,1188.0,1188,5.93,5.93,1,8.0,0.0,0.0,1,237,1
26139,2160.0,2160,5.33,5.33,0,8.91,0.09,194.4,0,17,0
26737,1620.0,1620,5.33,5.33,1,10.0,0.64,1036.8,1,162,0
26870,1188.0,1188,8.0,8.0,0,8.91,0.07,83.16,0,64,0
27405,1188.0,1188,5.33,5.33,0,8.91,0.0,0.0,0,9,0
27544,324.0,324,5.33,5.33,0,10.0,0.0,0.0,0,75,1
27561,324.0,324,5.33,5.33,0,8.91,0.0,0.0,0,0,1
27946,1620.0,1620,5.33,5.33,0,8.91,0.0,0.0,0,0,0
28938,648.0,648,5.33,5.33,1,8.0,0.0,0.0,0,12,1
29411,1188.0,1188,5.33,5.33,0,8.91,0.0,0.0,0,14,1
29532,2160.0,2160,6.72,6.72,0,8.91,0.0,0.0,0,0,0
30152,2160.0,2160,8.0,8.0,1,7.0,0.09,194.4,0,19,0
30168,1674.0,3348,8.0,16.0,0,8.91,0.0,0.0,0,0,1
30187,1620.0,1620,8.0,8.0,1,8.0,0.99,1603.8,3,44,0
30707,1620.0,1620,8.0,8.0,0,8.91,0.16,259.2,0,55,0
30939,1620.0,1620,5.93,5.93,0,8.91,0.0,0.0,0,0,0
31165,2160.0,2160,5.33,5.33,0,8.91,0.0,0.0,0,0,0
31175,2160.0,2160,6.71,6.71,0,8.91,0.0,0.0,0,0,1
32439,2160.0,2160,5.33,5.33,0,8.91,0.0,0.0,0,0,0
32721,1620.0,1620,7.99,7.99,0,8.91,0.0,0.0,0,0,0
25,1188.0,1188,5.33,5.33,0,8.91,0.0,0.0,0,0,0
66,2160.0,2160,5.33,5.33,0,8.91,0.0,0.0,0,0,0
431,648.0,648,5.33,5.33,0,8.91,0.0,0.0,0,0,0
1707,1620.0,1620,5.33,5.33,1,10.0,0.53,858.6,0,149,0
1815,1620.0,1620,8.0,8.0,0,8.91,0.0,0.0,0,0,0
2349,1188.0,1188,5.33,5.33,0,8.91,0.18,213.84,0,5,0
2549,324.0,324,5.33,5.33,0,8.91,0.08,25.92,0,1,0
2892,1188.0,1188,7.6,7.6,1,10.0,0.51,605.88,1,87,0
2914,1620.0,1620,8.0,8.0,0,8.91,0.0,0.0,0,0,0
3375,1188.0,1188,5.33,5.33,0,8.91,0.0,0.0,0,0,0
3816,1188.0,1188,5.33,5.33,1,10.0,0.08,95.04,0,179,0
4891,1620.0,1620,8.0,8.0,1,10.0,0.09,145.8,0,0,0
5004,2160.0,2160,5.02,5.02,0,8.91,0.0,0.0,0,0,0
5299,1620.0,1620,5.33,5.33,0,8.91,0.27,437.4,0,19,0
5302,1620.0,1620,8.0,8.0,0,8.91,0.0,0.0,0,0,0
6177,2160.0,2160,8.0,8.0,0,8.91,0.12,259.2,0,223,0
8026,1620.0,1620,8.0,8.0,0,8.91,0.0,0.0,0,0,1
8755,2160.0,2160,8.0,8.0,0,8.91,0.03,64.8,0,4,0
9188,2160.0,2160,5.33,5.33,0,8.91,0.16,345.6,0,37,0
9938,2160.0,2160,5.33,5.33,0,8.91,0.0,0.0,0,0,0
10037,648.0,648,3.86,3.86,0,8.91,0.0,0.0,0,0,0
10112,1404.0,2808,5.86,11.71,0,8.91,0.0,0.0,0,0,1
10271,2160.0,2160,8.0,8.0,0,8.91,0.0,0.0,0,230,0
10923,2160.0,2160,8.53,8.53,0,8.91,0.0,0.0,0,0,0
11018,1620.0,1620,8.0,8.0,0,8.91,0.0,0.0,0,0,1
11154,1620.0,1620,5.33,5.33,0,8.91,0.0,0.0,0,0,0
11961,1188.0,1188,5.33,5.33,0,8.91,0.0,0.0,0,77,0
12206,1890.0,3780,5.33,10.66,0,8.91,0.0,0.0,0,253,1
12584,2160.0,2160,8.0,8.0,0,8.91,0.0,0.0,0,135,0
12631,1188.0,1188,5.33,5.33,0,8.91,0.0,0.0,0,4,1
12710,2160.0,2160,5.33,5.33,0,8.91,0.0,0.0,0,0,0
13163,1620.0,1620,5.33,5.33,0,8.91,0.0,0.0,0,42,1
14028,1620.0,1620,8.0,8.0,0,8.91,0.17,275.4,0,216,0
14328,1620.0,1620,5.33,5.33,0,8.91,0.0,0.0,0,20,0
14344,1188.0,1188,5.33,5.33,0,8.91,0.0,0.0,0,0,0
14755,1188.0,1188,5.33,5.33,0,8.91,0.0,0.0,0,175,1
15226,1890.0,3780,5.33,10.67,0,8.91,0.0,0.0,0,0,1
15478,1620.0,1620,5.33,5.33,0,8.91,0.0,0.0,0,0,0
15648,1188.0,1188,8.0,8.0,0,8.91,0.21,249.48,0,14,0
17256,2160.0,2160,4.48,4.48,0,8.91,0.0,0.0,0,0,0
17453,324.0,324,5.33,5.33,0,8.91,1.0,324.0,0,71,0
17946,1620.0,1620,5.33,5.33,0,8.91,0.12,194.4,0,106,0
18376,1890.0,3780,6.67,13.33,0,9.0,0.0,0.0,0,0,1
18442,1188.0,1188,5.33,5.33,0,8.91,0.0,0.0,0,0,0
19211,2160.0,2160,8.0,8.0,0,8.91,0.0,0.0,0,1,1
19282,2160.0,2160,5.69,5.69,0,8.91,0.0,0.0,0,272,0
19477,2160.0,2160,8.0,8.0,0,8.91,0.0,0.0,0,0,0
19561,2160.0,2160,8.0,8.0,1,10.0,0.51,1101.6,0,206,0
20016,2160.0,2160,5.33,5.33,0,8.91,0.29,626.4,0,217,0
20070,2160.0,2160,5.33,5.33,0,8.91,0.0,0.0,0,215,1
20300,1188.0,1188,8.0,8.0,0,8.91,0.0,0.0,0,0,0
20420,1620.0,1620,8.0,8.0,0,8.91,0.07,113.4,0,77,0
20672,2160.0,2160,8.0,8.0,0,8.91,0.0,0.0,0,7,0
20941,1620.0,1620,5.33,5.33,0,8.91,0.0,0.0,0,249,0
20977,1620.0,1620,5.33,5.33,0,8.91,0.0,0.0,0,1,0
21839,1188.0,1188,7.6,7.6,0,8.91,0.0,0.0,0,272,1
22388,2160.0,2160,5.33,5.33,0,8.91,0.0,0.0,0,0,0
22697,2160.0,2160,5.33,5.33,0,8.91,0.0,0.0,0,0,0
23505,2160.0,2160,8.0,8.0,0,8.91,0.0,0.0,0,0,0
23515,324.0,324,8.0,8.0,0,10.0,0.0,0.0,0,0,1
23578,1674.0,3348,6.73,13.47,0,8.91,0.0,0.0,0,275,1
23780,1188.0,1188,8.53,8.53,0,8.91,0.0,0.0,0,0,0
23825,1620.0,1620,8.0,8.0,0,8.91,0.0,0.0,0,0,1
24808,2160.0,2160,5.33,5.33,0,8.91,0.0,0.0,0,0,0
25377,2160.0,2160,8.0,8.0,0,8.91,0.0,0.0,0,0,0
25427,1080.0,1080,5.33,5.33,0,8.91,0.06,64.8,0,61,0
25561,1188.0,1188,5.33,5.33,0,8.91,0.01,11.88,0,0,0
25976,2160.0,2160,8.0,8.0,0,8.91,0.0,0.0,0,0,0
25995,1188.0,1188,5.33,5.33,0,8.91,0.0,0.0,0,0,0
27615,2160.0,2160,8.0,8.0,0,8.91,0.0,0.0,0,0,0
28811,1620.0,1620,6.0,6.0,0,8.91,0.0,0.0,0,8,0
28915,1620.0,1620,8.0,8.0,0,8.91,0.0,0.0,0,0,0
30376,2160.0,2160,5.33,5.33,0,8.91,0.0,0.0,0,0,0
30752,2160.0,2160,5.33,5.33,0,8.91,0.0,0.0,0,0,0
31170,1188.0,1188,5.33,5.33,0,8.91,0.0,0.0,0,152,1
31424,1080.0,1080,5.33,5.33,0,8.91,0.0,0.0,0,0,0
31587,1188.0,1188,5.33,5.33,0,8.91,0.0,0.0,0,0,0
31696,1620.0,1620,7.6,7.6,1,7.0,0.79,1279.8,0,112,0
32067,1620.0,1620,5.33,5.33,0,8.91,0.0,0.0,0,48,1
32292,1188.0,1188,8.0,8.0,0,8.91,0.0,0.0,0,165,0
32572,1188.0,1188,5.33,5.33,0,8.91,0.0,0.0,0,0,0
33338,1080.0,1080,8.0,8.0,0,8.91,0.0,0.0,0,0,0
33446,1188.0,1188,5.33,5.33,0,8.91,0.0,0.0,0,0,0
99,2160.0,2160,5.33,5.33,0,8.91,0.0,0.0,0,0,0
1044,1188.0,1188,5.33,5.33,0,8.91,0.0,0.0,0,0,0
1359,1620.0,1620,5.33,5.33,0,8.91,0.0,0.0,0,0,0
1976,1188.0,1188,7.99,7.99,1,10.0,0.05,59.4,0,1,0
1984,2160.0,2160,5.33,5.33,0,8.91,0.13,280.8,0,217,0
2754,648.0,648,5.33,5.33,0,8.91,0.0,0.0,0,0,0
3084,1620.0,1620,5.33,5.33,0,8.91,0.56,907.2,1,22,0
3107,2160.0,2160,5.33,5.33,0,8.91,0.0,0.0,0,0,0
3369,2160.0,2160,5.33,5.33,0,8.91,0.0,0.0,0,0,0
3626,2160.0,2160,5.33,5.33,0,8.91,0.0,0.0,0,0,0
3835,1188.0,1188,5.33,5.33,0,8.91,0.0,0.0,0,0,0
3980,1188.0,1188,5.33,5.33,0,8.91,0.0,0.0,0,0,0
4069,1620.0,1620,8.0,8.0,1,8.0,0.13,210.6,0,7,0
4201,2160.0,2160,5.69,5.69,0,8.91,0.0,0.0,0,0,0
4205,1620.0,1620,8.53,8.53,1,9.0,0.98,1587.6,0,123,0
4288,2160.0,2160,5.69,5.69,0,8.91,0.0,0.0,0,0,0
5220,2160.0,2160,5.33,5.33,0,8.91,0.0,0.0,0,0,1
5513,1620.0,1620,5.69,5.69,0,8.91,0.11,178.2,0,38,0
6068,1620.0,1620,8.53,8.53,0,8.91,0.0,0.0,0,0,0
6876,2160.0,2160,5.33,5.33,0,8.91,0.25,540.0,0,225,0
7079,1620.0,1620,5.33,5.33,0,8.91,0.04,64.8,1,265,0
7358,2160.0,2160,5.33,5.33,0,8.91,0.0,0.0,0,35,1
7433,1188.0,1188,8.0,8.0,0,8.91,0.0,0.0,0,0,0
7831,1188.0,1188,5.33,5.33,0,8.91,0.0,0.0,0,0,0
7836,1188.0,1188,5.33,5.33,0,8.91,0.0,0.0,0,2,1
8564,1620.0,1620,8.0,8.0,1,10.0,0.35,567.0,0,60,0
9175,1620.0,1620,5.69,5.69,1,10.0,1.0,1620.0,5,239,0
9300,2160.0,2160,5.33,5.33,0,8.91,0.18,388.8,0,165,0
9442,1188.0,1188,5.33,5.33,0,8.91,0.0,0.0,0,0,0
9463,2160.0,2160,5.69,5.69,1,10.0,0.13,280.8,0,91,0
9469,2160.0,2160,5.33,5.33,0,8.91,0.0,0.0,0,0,0
9699,1620.0,1620,5.33,5.33,0,8.91,0.07,113.4,0,32,0
10415,2160.0,2160,5.33,5.33,0,9.0,0.0,0.0,0,142,1
10417,1620.0,1620,5.33,5.33,1,8.0,0.99,1603.8,1,215,0
10563,1620.0,1620,8.0,8.0,1,10.0,0.48,777.6,0,196,0
10837,1188.0,1188,5.33,5.33,0,8.91,0.0,0.0,0,0,0
11415,1620.0,1620,5.33,5.33,1,5.0,0.34,550.8,0,84,0
11585,2160.0,2160,7.6,7.6,0,8.91,0.0,0.0,0,0,0
11660,2160.0,2160,6.71,6.71,0,8.91,0.0,0.0,0,0,0
12594,1620.0,1620,8.0,8.0,0,8.91,0.0,0.0,0,0,0
13051,1620.0,1620,7.99,7.99,0,8.91,0.0,0.0,0,0,1
13282,1188.0,1188,10.07,10.07,0,8.91,0.0,0.0,0,0,0
14537,2160.0,2160,5.33,5.33,0,8.91,0.0,0.0,0,0,0
14615,2160.0,2160,5.33,5.33,0,8.91,0.0,0.0,0,0,0
15337,1620.0,1620,5.33,5.33,1,10.0,0.21,340.2,0,15,0
15433,2160.0,2160,5.33,5.33,0,8.91,0.0,0.0,0,0,0
15630,1080.0,1080,8.53,8.53,0,8.91,0.0,0.0,0,135,0
15848,1620.0,1620,5.33,5.33,0,8.91,0.0,0.0,0,0,0
16744,1620.0,1620,5.33,5.33,0,8.91,0.0,0.0,0,0,0
17006,1620.0,1620,8.22,8.22,0,8.91,0.0,0.0,0,145,0
17032,2160.0,2160,5.33,5.33,1,9.0,0.9,1944.0,2,269,0
17041,1620.0,1620,5.33,5.33,0,8.91,0.02,32.4,0,208,0
17602,1620.0,1620,5.69,5.69,1,10.0,0.28,453.6,0,171,0
18047,1620.0,1620,5.33,5.33,0,8.91,0.0,0.0,0,0,0
18277,1620.0,1620,5.33,5.33,0,8.91,0.0,0.0,0,0,0
18286,1620.0,1620,8.53,8.53,0,8.91,0.0,0.0,0,0,0
18417,1188.0,1188,5.33,5.33,0,8.91,0.0,0.0,0,177,1
18738,1188.0,1188,7.99,7.99,0,8.91,0.65,772.2,0,234,0
19115,1188.0,1188,8.0,8.0,0,8.91,0.0,0.0,0,0,0
19228,1620.0,1620,5.69,5.69,0,8.91,0.0,0.0,0,0,0
19251,1620.0,1620,5.33,5.33,0,8.91,0.0,0.0,0,0,0
19460,1620.0,1620,8.0,8.0,0,8.91,0.0,0.0,0,0,0
19495,324.0,324,8.0,8.0,0,8.91,0.0,0.0,0,0,0
20164,1620.0,1620,5.33,5.33,1,8.0,0.07,113.4,0,33,0
20559,1188.0,1188,7.99,7.99,0,8.91,0.0,0.0,0,0,0
20938,2160.0,2160,5.33,5.33,0,8.91,0.0,0.0,0,0,0
21055,1188.0,1188,5.33,5.33,0,8.91,0.46,546.48,0,87,0
21281,2160.0,2160,5.33,5.33,0,8.91,0.0,0.0,0,98,0
21847,2160.0,2160,5.33,5.33,0,8.91,0.0,0.0,0,0,0
22347,1620.0,1620,5.33,5.33,0,8.91,0.0,0.0,0,0,0
22500,2160.0,2160,5.33,5.33,1,8.0,0.03,64.8,0,7,0
22679,1620.0,1620,8.0,8.0,0,8.91,0.0,0.0,0,0,0
23351,648.0,648,8.0,8.0,1,8.0,1.0,648.0,2,75,0
23835,1620.0,1620,5.33,5.33,0,8.91,0.0,0.0,0,0,0
24157,2160.0,2160,5.33,5.33,0,8.91,0.0,0.0,0,0,0
24225,2160.0,2160,5.33,5.33,0,8.91,0.08,172.8,0,94,0
24421,1620.0,1620,7.6,7.6,0,8.91,0.12,194.4,0,2,0
24454,2160.0,2160,5.69,5.69,0,8.91,0.0,0.0,0,40,0
24666,1620.0,1620,5.33,5.33,0,8.91,0.0,0.0,0,244,1
24804,2160.0,2160,8.0,8.0,1,8.0,0.0,0.0,0,230,1
25305,2160.0,2160,5.33,5.33,0,8.91,0.0,0.0,0,0,0
25922,2160.0,2160,5.33,5.33,0,8.91,0.0,0.0,0,270,0
26665,1620.0,1620,5.33,5.33,0,8.91,0.0,0.0,0,125,0
26738,2160.0,2160,8.0,8.0,0,8.91,0.13,280.8,0,264,0
27078,1188.0,1188,5.33,5.33,0,8.91,0.0,0.0,0,68,1
27106,648.0,648,8.0,8.0,0,8.91,0.0,0.0,0,0,0
27406,1620.0,1620,5.33,5.33,0,8.91,0.0,0.0,0,0,0
27574,2160.0,2160,8.0,8.0,0,8.91,0.0,0.0,0,0,0
27673,1134.0,2268,5.33,10.67,0,8.91,0.0,0.0,0,33,1
27800,2160.0,2160,8.0,8.0,0,8.91,0.0,0.0,0,0,0
28175,2160.0,2160,5.33,5.33,0,8.91,0.0,0.0,0,0,0
28569,1620.0,1620,5.33,5.33,0,8.91,0.0,0.0,0,0,0
28622,1188.0,1188,7.99,7.99,0,8.91,0.04,47.52,0,6,0
29148,1620.0,1620,5.69,5.69,0,8.91,0.0,0.0,0,5,0
29316,1620.0,1620,8.0,8.0,0,8.91,0.0,0.0,0,0,0
29962,2160.0,2160,5.33,5.33,0,8.91,0.22,475.2,0,7,0
30130,2160.0,2160,5.33,5.33,0,9.0,0.0,0.0,0,123,1
30453,2160.0,2160,7.6,7.6,0,8.0,0.0,0.0,1,7,1
30817,2160.0,2160,5.33,5.33,0,8.91,0.0,0.0,0,0,0
31032,2160.0,2160,5.33,5.33,0,8.91,0.01,21.6,0,0,0
31142,1188.0,1188,5.33,5.33,0,8.91,0.0,0.0,0,0,0
31264,1080.0,1080,8.0,8.0,0,8.91,0.0,0.0,0,0,0
31380,648.0,648,10.07,10.07,0,8.91,0.0,0.0,0,32,0
31433,1620.0,1620,5.33,5.33,0,8.91,0.0,0.0,0,0,0
31704,1620.0,1620,5.33,5.33,0,8.91,0.0,0.0,0,155,0
32754,1620.0,1620,5.63,5.63,0,8.91,0.0,0.0,0,0,0
33632,2160.0,2160,5.33,5.33,0,8.91,0.0,0.0,0,0,0
33676,1080.0,1080,5.33,5.33,0,8.91,0.58,626.4,0,100,0
3277,1620.0,1620,8.0,8.0,0,8.91,0.09,145.8,0,165,0
3653,2160.0,2160,8.0,8.0,0,8.91,0.03,64.8,0,139,0
4798,1620.0,1620,3.86,3.86,0,8.91,0.11,178.2,0,134,0
4963,1188.0,1188,5.86,5.86,0,8.91,0.05,59.4,0,123,0
5684,2160.0,2160,8.0,8.0,0,8.91,0.0,0.0,0,0,0
5698,1620.0,1620,8.0,8.0,0,8.91,0.0,0.0,0,0,0
6612,1674.0,3348,8.0,16.0,1,10.0,0.0,0.0,0,146,1
8643,2160.0,2160,8.0,8.0,0,8.91,0.0,0.0,0,0,0
10202,1674.0,3348,13.8,27.59,1,10.0,0.0,0.0,3,86,1
10328,2160.0,2160,5.33,5.33,0,8.91,0.0,0.0,0,0,1
10484,540.0,540,3.86,3.86,0,8.91,0.82,442.8,0,145,0
10748,2160.0,2160,5.33,5.33,0,8.91,0.0,0.0,0,4,0
10834,2160.0,2160,5.93,5.93,0,8.91,0.19,410.4,0,21,0
10878,1080.0,1080,8.53,8.53,0,8.91,0.0,0.0,0,0,0
11169,1620.0,1620,8.0,8.0,0,8.91,0.0,0.0,0,0,0
11980,1620.0,1620,5.33,5.33,0,8.91,0.0,0.0,0,0,0
12100,2160.0,2160,7.51,7.51,0,8.91,0.0,0.0,0,0,0
12181,2160.0,2160,8.0,8.0,0,8.91,0.0,0.0,0,0,0
12348,1188.0,1188,8.0,8.0,0,8.91,0.0,0.0,0,0,1
13676,1890.0,3780,8.0,16.0,0,8.91,0.0,0.0,0,132,1
15327,1188.0,1188,8.0,8.0,0,8.91,0.0,0.0,0,0,0
17583,648.0,648,8.0,8.0,1,6.0,0.33,213.84,0,41,0
18459,1620.0,1620,3.86,3.86,0,8.91,0.05,81.0,0,9,0
19413,2160.0,2160,8.0,8.0,0,8.91,0.0,0.0,0,0,0
19546,1620.0,1620,8.53,8.53,0,8.91,0.0,0.0,0,0,0
19615,1620.0,1620,5.33,5.33,0,8.91,0.0,0.0,0,0,0
20952,2160.0,2160,5.33,5.33,0,8.91,0.0,0.0,0,0,0
22214,1620.0,1620,6.72,6.72,0,8.91,0.2,324.0,0,212,0
22266,1188.0,1188,6.71,6.71,0,8.91,0.0,0.0,0,4,0
24929,1620.0,1620,8.53,8.53,1,8.0,0.0,0.0,1,29,1
25017,1152.0,3456,5.33,16.0,0,8.91,0.0,0.0,0,0,1
25738,2160.0,2160,8.0,8.0,0,8.91,0.47,1015.2,0,18,0
31992,1620.0,1620,3.86,3.86,0,8.91,0.41,664.2,0,138,0
33187,1188.0,1188,8.36,8.36,0,8.91,0.0,0.0,0,1,0
474,1188.0,1188,5.33,5.33,0,8.91,0.09,106.92,0,30,0
519,1188.0,1188,5.33,5.33,1,7.0,0.0,0.0,0,28,1
2177,2160.0,2160,8.0,8.0,0,8.91,0.0,0.0,0,0,0
3294,2160.0,2160,10.07,10.07,1,10.0,0.0,0.0,0,0,0
7786,2160.0,2160,8.0,8.0,1,8.0,0.35,756.0,0,20,0
8049,1620.0,1620,5.61,5.61,0,8.91,0.17,275.4,0,82,0
8132,648.0,648,8.0,8.0,0,8.91,0.0,0.0,0,0,0
8460,1188.0,1188,8.53,8.53,0,8.91,0.56,665.28,0,61,0
10159,1620.0,1620,7.99,7.99,1,7.0,0.78,1263.6,1,235,0
12456,1188.0,1188,8.0,8.0,0,8.91,0.05,59.4,0,0,0
14624,1620.0,1620,5.93,5.93,0,8.91,0.0,0.0,0,0,0
15786,1620.0,1620,10.07,10.07,0,8.91,0.0,0.0,0,0,0
16169,2160.0,2160,5.33,5.33,1,10.0,0.74,1598.4,0,53,0
22776,1674.0,3348,6.67,13.33,0,8.91,0.0,0.0,0,16,1
23117,2160.0,2160,5.33,5.33,0,8.91,0.38,820.8,0,127,0
24389,1620.0,1620,8.0,8.0,0,8.91,0.05,81.0,0,258,0
24955,1188.0,1188,8.0,8.0,0,8.91,0.0,0.0,0,176,1
25358,1080.0,1080,19.73,19.73,1,8.0,1.0,1080.0,1,197,0
31299,2160.0,2160,8.0,8.0,0,8.91,0.23,496.8,0,253,0
31825,1620.0,1620,10.13,10.13,0,8.91,0.22,356.4,0,62,0
31902,2160.0,2160,8.0,8.0,0,8.91,0.0,0.0,0,0,0
32409,648.0,648,8.0,8.0,0,8.91,0.0,0.0,0,0,0
145,1620.0,1620,8.0,8.0,0,8.91,0.0,0.0,0,0,0
259,1188.0,1188,8.0,8.0,0,8.91,0.02,23.76,0,250,0
274,1620.0,1620,6.0,6.0,0,8.91,0.0,0.0,0,0,0
310,1188.0,1188,6.0,6.0,0,8.91,0.42,498.96,0,203,0
496,1620.0,1620,8.0,8.0,1,8.0,0.52,842.4,0,43,0
697,1620.0,1620,5.33,5.33,1,8.0,0.11,178.2,0,20,0
1531,1188.0,1188,3.86,3.86,0,8.91,0.13,154.44,0,99,0
2301,2160.0,2160,5.33,5.33,0,8.91,0.0,0.0,0,0,0
4692,1620.0,1620,7.6,7.6,0,8.91,0.0,0.0,0,0,0
4748,1620.0,1620,8.0,8.0,1,9.0,0.99,1603.8,2,239,0
4944,2160.0,2160,7.51,7.51,0,8.91,0.12,259.2,0,85,0
5511,1188.0,1188,6.71,6.71,0,8.91,0.0,0.0,0,0,0
6147,2160.0,2160,5.33,5.33,0,8.91,0.0,0.0,0,0,0
6619,2160.0,2160,5.33,5.33,1,9.0,0.3,648.0,0,138,0
6650,1188.0,1188,5.33,5.33,0,8.91,0.28,332.64,0,1,0
6805,1620.0,1620,6.0,6.0,0,8.91,0.0,0.0,0,0,1
7021,648.0,648,12.27,12.27,0,8.91,0.0,0.0,0,0,0
7108,1620.0,1620,5.69,5.69,0,8.91,0.0,0.0,0,168,0
7634,2160.0,2160,8.53,8.53,0,8.91,0.0,0.0,0,155,1
9236,1620.0,1620,5.33,5.33,0,8.91,0.0,0.0,0,0,0
9979,2160.0,2160,25.59,25.59,0,8.91,0.0,0.0,0,0,0
10033,1377.0,5508,5.33,21.33,0,8.91,0.0,0.0,0,0,1
10146,1620.0,1620,5.69,5.69,0,8.91,0.0,0.0,0,0,0
10349,1188.0,1188,5.33,5.33,0,8.91,0.0,0.0,0,0,0
10996,2160.0,2160,5.33,5.33,0,8.91,0.0,0.0,0,0,1
11034,1620.0,1620,6.0,6.0,0,8.91,0.04,64.8,0,237,0
11275,1620.0,1620,5.69,5.69,0,8.91,0.0,0.0,0,14,1
12027,864.0,2592,5.33,16.0,0,8.91,0.0,0.0,0,46,1
12680,1620.0,1620,5.93,5.93,0,8.91,0.0,0.0,0,0,0
12894,1620.0,1620,5.33,5.33,0,8.91,0.0,0.0,0,200,0
14060,2160.0,2160,5.69,5.69,0,8.91,0.0,0.0,0,13,0
15476,2160.0,2160,5.33,5.33,0,8.91,0.44,950.4,0,41,0
16644,2160.0,2160,5.33,5.33,1,10.0,0.12,259.2,0,264,0
18012,2160.0,2160,3.86,3.86,1,8.0,0.0,0.0,1,51,1
18268,324.0,324,12.26,12.26,0,8.91,0.0,0.0,0,0,0
18835,1620.0,1620,6.0,6.0,0,8.91,0.38,615.6,0,31,0
18993,2160.0,2160,8.0,8.0,0,8.91,0.07,151.2,0,69,0
19869,1620.0,1620,5.33,5.33,0,8.91,0.0,0.0,0,40,0
20448,1080.0,1080,8.0,8.0,0,8.91,0.02,21.6,0,0,0
20610,2160.0,2160,5.33,5.33,1,10.0,0.34,734.4,0,18,0
21327,648.0,648,5.33,5.33,0,8.91,0.0,0.0,0,0,0
22955,1080.0,1080,5.33,5.33,1,10.0,0.18,194.4,0,38,0
23488,2160.0,2160,8.53,8.53,1,10.0,0.36,777.6,0,27,0
23523,1080.0,1080,5.69,5.69,0,8.91,0.0,0.0,0,0,0
23720,1080.0,1080,8.0,8.0,0,8.91,0.0,0.0,0,0,0
24730,648.0,648,5.33,5.33,1,8.0,0.99,641.52,0,20,0
24992,2160.0,2160,5.33,5.33,0,8.91,0.12,259.2,0,227,0
25514,1620.0,1620,5.86,5.86,0,8.91,0.06,97.2,0,119,0
25694,1620.0,1620,5.33,5.33,0,8.91,0.0,0.0,0,271,0
25996,1620.0,1620,6.0,6.0,1,10.0,0.13,210.6,0,35,0
27004,486.0,972,5.33,10.67,0,8.91,0.0,0.0,0,0,1
29103,2160.0,2160,5.33,5.33,0,8.91,0.0,0.0,0,0,0
29461,648.0,648,5.33,5.33,0,8.91,0.0,0.0,0,7,0
29898,2160.0,2160,6.0,6.0,0,8.91,0.0,0.0,0,0,0
29908,2160.0,2160,5.33,5.33,0,8.91,0.0,0.0,0,31,0
30022,1620.0,1620,5.61,5.61,0,8.91,0.0,0.0,0,0,1
30119,1188.0,1188,8.22,8.22,0,8.91,0.24,285.12,0,20,0
31243,1188.0,1188,6.0,6.0,0,8.91,0.81,962.28,0,14,0
31911,1620.0,1620,8.0,8.0,0,8.91,0.61,988.2,0,203,0
31979,2160.0,2160,5.33,5.33,0,8.91,0.0,0.0,0,0,0
32139,1188.0,1188,8.0,8.0,1,10.0,0.92,1092.96,0,185,0
32623,1620.0,1620,14.95,14.95,0,8.91,0.08,129.6,0,22,0
33056,1188.0,1188,5.57,5.57,0,8.91,0.0,0.0,0,0,0
174,1620.0,1620,8.0,8.0,0,8.91,0.0,0.0,0,91,0
184,1620.0,1620,8.0,8.0,0,8.91,0.0,0.0,0,0,0
453,1188.0,1188,8.0,8.0,0,8.91,0.0,0.0,0,29,0
2325,648.0,648,5.33,5.33,0,8.91,0.0,0.0,0,6,0
2885,1620.0,1620,11.87,11.87,0,9.0,0.0,0.0,0,0,1
4634,1080.0,1080,8.0,8.0,0,8.91,0.0,0.0,0,0,0
5275,2160.0,2160,8.0,8.0,0,8.91,0.0,0.0,0,10,0
5528,648.0,648,5.69,5.69,0,8.91,0.0,0.0,0,83,0
5667,2160.0,2160,5.33,5.33,0,8.91,0.13,280.8,0,7,0
5751,2160.0,2160,8.0,8.0,0,8.91,0.22,475.2,0,90,0
6269,1188.0,1188,8.0,8.0,0,8.91,0.66,784.08,0,156,0
7592,2160.0,2160,8.0,8.0,0,8.91,0.0,0.0,0,0,1
8156,2160.0,2160,8.22,8.22,0,8.91,0.0,0.0,0,0,0
8299,2160.0,2160,5.33,5.33,0,8.91,0.94,2030.4,0,136,0
8529,1620.0,1620,8.0,8.0,0,8.91,0.0,0.0,0,0,0
8731,324.0,324,8.0,8.0,0,8.91,0.0,0.0,0,0,1
9307,1188.0,1188,5.33,5.33,0,8.91,0.0,0.0,0,0,0
10782,1188.0,1188,7.51,7.51,0,8.91,0.0,0.0,0,0,0
12675,2160.0,2160,8.0,8.0,0,8.91,0.05,108.0,0,27,0
13408,2160.0,2160,7.6,7.6,0,8.91,0.0,0.0,0,0,0
15031,1620.0,1620,8.36,8.36,1,10.0,0.28,453.6,0,265,0
17367,1188.0,1188,7.51,7.51,0,8.91,0.06,71.28,0,14,0
18952,1188.0,1188,8.0,8.0,0,8.91,0.0,0.0,0,0,0
19339,2160.0,2160,3.86,3.86,0,8.91,0.37,799.2,0,253,0
19548,1188.0,1188,8.0,8.0,1,10.0,0.66,784.08,0,132,0
20466,1620.0,1620,8.0,8.0,0,8.91,0.0,0.0,0,0,0
20958,2160.0,2160,8.0,8.0,0,8.91,0.0,0.0,0,0,0
21740,1188.0,1188,5.33,5.33,0,8.91,0.0,0.0,0,0,0
22436,1188.0,1188,5.86,5.86,0,8.91,0.08,95.04,0,29,0
22612,1188.0,1188,6.71,6.71,0,8.91,0.37,439.56,0,0,0
24168,2160.0,2160,5.69,5.69,1,10.0,0.99,2138.4,0,77,0
24446,1620.0,1620,8.0,8.0,0,8.91,0.0,0.0,0,14,0
25533,1620.0,1620,3.86,3.86,0,8.91,0.0,0.0,0,0,1
26673,2160.0,2160,8.53,8.53,0,8.91,0.0,0.0,0,34,0
26861,2160.0,2160,7.6,7.6,0,8.91,0.0,0.0,0,0,0
28402,1188.0,1188,5.63,5.63,1,10.0,1.0,1188.0,0,91,0
29517,2160.0,2160,5.33,5.33,0,8.91,0.0,0.0,0,1,0
30402,2160.0,2160,6.72,6.72,0,8.91,0.13,280.8,0,192,0
32237,1620.0,1620,8.0,8.0,0,8.91,0.08,129.6,0,34,0
32406,1188.0,1188,8.0,8.0,0,8.91,0.0,0.0,0,0,0
32624,1620.0,1620,8.0,8.0,0,8.91,0.0,0.0,0,0,0
263,1188.0,1188,6.71,6.71,0,8.91,0.0,0.0,0,260,0
901,1620.0,1620,8.0,8.0,0,8.91,0.1,162.0,0,243,0
1196,1674.0,3348,6.0,12.0,0,8.91,0.0,0.0,0,93,1
2213,1620.0,1620,8.0,8.0,0,8.91,0.82,1328.4,0,41,0
2916,1620.0,1620,8.0,8.0,1,9.0,0.99,1603.8,1,44,0
2977,2160.0,2160,5.33,5.33,1,8.0,0.09,194.4,0,9,0
3013,2160.0,2160,8.0,8.0,0,8.91,0.0,0.0,0,0,0
3197,1620.0,1620,5.69,5.69,1,10.0,0.51,826.2,0,166,0
3723,2160.0,2160,7.6,7.6,0,8.91,0.0,0.0,0,78,0
3739,1188.0,1188,8.0,8.0,0,8.91,0.0,0.0,0,0,0
3962,216.0,216,8.0,8.0,0,8.91,0.0,0.0,0,0,0
4195,2160.0,2160,5.33,5.33,0,8.91,0.22,475.2,0,55,0
5663,2160.0,2160,5.33,5.33,0,8.91,0.0,0.0,0,0,0
6832,648.0,648,5.33,5.33,1,10.0,0.75,486.0,0,21,0
6870,2160.0,2160,5.33,5.33,0,8.91,0.0,0.0,0,0,0
7453,1620.0,1620,8.53,8.53,0,8.91,0.25,405.0,0,173,0
7980,1404.0,2808,8.53,17.06,0,8.91,0.0,0.0,0,160,1
7992,1620.0,1620,7.6,7.6,1,7.0,0.57,923.4,0,265,0
9905,2160.0,2160,8.0,8.0,0,8.91,0.0,0.0,0,0,0
10262,1188.0,1188,7.6,7.6,0,8.91,0.26,308.88,0,0,0
11339,2160.0,2160,8.0,8.0,1,10.0,0.5,1080.0,0,106,0
12800,1188.0,1188,7.6,7.6,0,8.91,0.14,166.32,0,117,0
13387,2160.0,2160,8.0,8.0,0,8.91,0.0,0.0,0,211,0
14100,2160.0,2160,5.33,5.33,0,8.91,0.06,129.6,0,29,0
14563,1188.0,1188,8.53,8.53,0,8.91,0.17,201.96,0,237,0
16458,648.0,648,4.48,4.48,0,8.91,0.0,0.0,0,0,0
16555,2160.0,2160,5.33,5.33,0,8.91,0.51,1101.6,0,2,0
17108,1620.0,1620,5.33,5.33,0,8.91,0.0,0.0,0,24,0
17637,2160.0,2160,8.0,8.0,0,8.91,0.64,1382.4,1,92,0
17743,1620.0,1620,8.0,8.0,0,8.91,0.43,696.6,0,95,0
18022,1620.0,1620,8.53,8.53,0,8.91,0.0,0.0,0,265,0
19081,2160.0,2160,8.0,8.0,0,8.91,0.0,0.0,0,0,0
20003,2160.0,2160,5.33,5.33,0,8.91,0.0,0.0,0,8,1
20118,2160.0,2160,5.33,5.33,0,8.91,0.0,0.0,0,31,0
20805,1620.0,1620,7.51,7.51,0,8.91,0.0,0.0,0,0,0
21951,2160.0,2160,8.53,8.53,1,6.0,0.9,1944.0,0,24,0
23096,1188.0,1188,6.0,6.0,0,8.91,0.0,0.0,0,105,1
23552,1188.0,1188,5.61,5.61,1,8.0,0.25,297.0,0,8,0
24790,1620.0,1620,5.33,5.33,0,8.91,0.0,0.0,0,0,0
25405,1188.0,1188,5.33,5.33,0,8.91,0.07,83.16,0,1,0
25648,1080.0,1080,8.0,8.0,1,10.0,0.0,0.0,1,28,1
26151,2160.0,2160,8.0,8.0,0,8.91,0.0,0.0,0,0,0
26303,1620.0,1620,8.0,8.0,0,8.91,0.07,113.4,0,113,0
26409,1620.0,1620,8.0,8.0,0,8.91,0.0,0.0,0,59,1
27107,2160.0,2160,8.0,8.0,0,8.91,0.06,129.6,0,7,0
27217,2160.0,2160,8.0,8.0,0,8.91,0.0,0.0,0,0,0
28057,2160.0,2160,5.33,5.33,0,8.91,0.03,64.8,0,112,0
28644,1188.0,1188,8.53,8.53,0,8.91,0.27,320.76,0,0,0
29486,2160.0,2160,5.33,5.33,0,8.91,0.44,950.4,0,37,0
29593,648.0,648,8.0,8.0,0,8.91,0.4,259.2,0,93,0
29817,2160.0,2160,8.0,8.0,1,9.0,0.9,1944.0,0,24,0
30395,2160.0,2160,6.72,6.72,1,8.0,0.79,1706.4,0,271,0
30519,1620.0,1620,8.0,8.0,0,8.91,0.11,178.2,0,0,0
31913,2160.0,2160,5.33,5.33,0,8.91,0.0,0.0,0,0,0
32174,2160.0,2160,8.0,8.0,0,8.91,0.0,0.0,0,0,0
152,2160.0,2160,7.6,7.6,0,8.91,0.0,0.0,0,11,0
268,1188.0,1188,5.33,5.33,0,8.91,0.0,0.0,0,135,1
321,2160.0,2160,8.0,8.0,0,8.91,0.1,216.0,0,24,0
1297,1188.0,1188,8.0,8.0,0,8.91,0.0,0.0,0,0,0
1452,1404.0,2808,6.67,13.33,0,8.91,0.0,0.0,0,0,1
1892,2160.0,2160,8.0,8.0,0,8.91,0.0,0.0,0,1,0
2563,1620.0,1620,8.0,8.0,0,8.91,0.0,0.0,0,0,0
3394,2160.0,2160,5.69,5.69,0,8.91,0.17,367.2,0,265,0
3459,1674.0,3348,6.67,13.33,0,10.0,0.0,0.0,0,82,1
3466,1188.0,1188,8.0,8.0,0,8.91,0.0,0.0,0,0,0
4650,1188.0,1188,7.6,7.6,1,10.0,0.29,344.52,0,2,0
5005,1188.0,1188,8.0,8.0,0,8.91,0.0,0.0,0,0,0
5028,1188.0,1188,8.0,8.0,1,9.0,0.75,891.0,0,199,0
5267,2160.0,2160,8.0,8.0,0,8.91,0.3,648.0,0,125,0
5925,2160.0,2160,8.0,8.0,0,8.91,0.0,0.0,0,232,1
6873,2160.0,2160,8.0,8.0,0,8.91,0.02,43.2,0,171,0
7046,2160.0,2160,8.0,8.0,0,8.91,0.0,0.0,0,0,0
7275,1188.0,1188,6.0,6.0,1,10.0,0.92,1092.96,1,52,0
8903,1008.0,3024,8.0,24.0,0,8.91,0.0,0.0,0,0,1
9308,1188.0,1188,5.86,5.86,1,10.0,0.62,736.56,0,245,0
9378,1188.0,1188,7.99,7.99,0,8.91,0.08,95.04,0,37,0
9730,1620.0,1620,5.69,5.69,0,8.91,0.0,0.0,0,11,0
9804,2160.0,2160,5.69,5.69,0,8.91,0.0,0.0,0,0,0
9879,1620.0,1620,8.0,8.0,0,8.91,0.0,0.0,0,0,0
9943,2160.0,2160,5.33,5.33,0,8.91,0.0,0.0,0,0,0
9954,1620.0,1620,8.0,8.0,0,8.91,0.0,0.0,0,0,0
10152,1476.0,4428,4.16,12.49,0,8.91,0.0,0.0,0,168,1
10308,1620.0,1620,8.0,8.0,1,8.0,0.75,1215.0,1,267,0
10476,2160.0,2160,5.33,5.33,0,8.91,0.0,0.0,0,0,1
10740,1620.0,1620,7.6,7.6,0,8.91,0.0,0.0,0,30,0
10960,2160.0,2160,6.0,6.0,0,8.91,0.0,0.0,0,0,0
11118,2160.0,2160,8.0,8.0,0,8.91,0.0,0.0,0,0,0
11945,1188.0,1188,7.99,7.99,0,8.91,0.17,201.96,0,18,0
12769,918.0,1836,7.6,15.2,1,10.0,0.0,0.0,0,0,1
13829,1620.0,1620,8.53,8.53,0,8.91,0.0,0.0,0,35,0
13927,2160.0,2160,7.51,7.51,0,8.91,0.02,43.2,0,0,0
15397,1620.0,1620,5.33,5.33,0,8.91,0.0,0.0,0,0,0
15645,1188.0,1188,6.0,6.0,0,8.91,0.0,0.0,0,0,0
16202,1620.0,1620,5.33,5.33,0,8.91,0.0,0.0,0,0,0
16377,216.0,216,8.0,8.0,0,8.91,0.0,0.0,0,0,0
16590,2160.0,2160,7.6,7.6,0,8.91,0.9,1944.0,0,1,0
16922,648.0,648,8.36,8.36,0,8.91,0.0,0.0,0,0,0
17669,1620.0,1620,5.33,5.33,0,8.91,0.03,48.6,0,0,0
18652,1620.0,1620,8.0,8.0,1,10.0,0.23,372.6,0,39,0
18907,1620.0,1620,5.33,5.33,0,8.91,0.13,210.6,0,44,0
19634,2160.0,2160,8.0,8.0,0,8.91,0.0,0.0,0,136,1
20994,1620.0,1620,8.0,8.0,0,8.91,0.22,356.4,0,267,0
21031,1188.0,1188,8.0,8.0,0,8.91,0.05,59.4,0,53,0
21097,2160.0,2160,10.13,10.13,0,8.91,0.0,0.0,0,11,0
21194,648.0,648,5.33,5.33,0,8.91,0.0,0.0,0,0,0
22164,1620.0,1620,7.51,7.51,0,8.91,0.07,113.4,0,69,0
22352,1188.0,1188,10.07,10.07,0,8.91,0.02,23.76,0,6,0
22759,1620.0,1620,5.33,5.33,0,8.91,0.0,0.0,0,0,0
23585,1620.0,1620,8.0,8.0,0,8.91,0.0,0.0,0,0,0
23840,2160.0,2160,8.0,8.0,0,8.91,0.0,0.0,0,0,0
24228,1188.0,1188,10.07,10.07,0,8.91,0.0,0.0,0,0,0
24234,1188.0,1188,8.0,8.0,0,8.91,0.01,11.88,0,18,0
25652,1620.0,1620,5.86,5.86,0,8.91,0.0,0.0,0,6,1
25799,1080.0,1080,8.0,8.0,0,8.91,0.35,378.0,0,46,0
26903,1620.0,1620,5.33,5.33,0,8.91,0.08,129.6,0,14,0
27321,2160.0,2160,5.33,5.33,0,8.91,0.03,64.8,0,7,0
27412,1620.0,1620,8.0,8.0,0,8.91,0.0,0.0,0,0,0
28185,2160.0,2160,5.33,5.33,0,8.91,0.0,0.0,0,60,0
28550,1188.0,1188,8.0,8.0,0,8.91,0.0,0.0,0,0,0
28554,2160.0,2160,8.0,8.0,1,10.0,0.34,734.4,0,11,0
28725,2160.0,2160,8.0,8.0,0,8.91,0.0,0.0,0,0,0
28808,1620.0,1620,8.53,8.53,0,8.91,0.0,0.0,0,0,0
29670,1620.0,1620,8.22,8.22,0,8.91,0.02,32.4,0,219,0
29952,1188.0,1188,7.6,7.6,0,8.91,0.0,0.0,0,0,0
30277,1620.0,1620,8.0,8.0,0,8.91,0.0,0.0,0,0,0
30486,1188.0,1188,10.07,10.07,1,9.0,0.04,47.52,0,0,0
31417,1620.0,1620,8.0,8.0,0,8.91,0.0,0.0,0,0,0
31465,1620.0,1620,8.0,8.0,0,8.91,0.0,0.0,0,0,0
32276,1620.0,1620,5.33,5.33,0,8.91,0.63,1020.6,0,9,0
32280,1620.0,1620,8.0,8.0,0,8.91,0.0,0.0,0,0,0
32848,1620.0,1620,8.0,8.0,0,8.91,0.0,0.0,0,0,0
669,2160.0,2160,8.0,8.0,1,10.0,0.13,280.8,0,58,0
914,2160.0,2160,5.33,5.33,0,8.91,0.0,0.0,0,0,0
1355,1188.0,1188,6.71,6.71,0,8.91,0.01,11.88,0,1,0
1759,2160.0,2160,8.0,8.0,0,8.91,0.0,0.0,0,0,0
2336,1188.0,1188,5.33,5.33,0,8.91,0.0,0.0,0,0,0
2467,2160.0,2160,5.33,5.33,0,8.91,0.0,0.0,0,0,0
2516,2160.0,2160,8.0,8.0,0,10.0,0.0,0.0,0,66,1
4484,2160.0,2160,8.0,8.0,0,8.91,0.0,0.0,0,0,0
4788,2160.0,2160,5.33,5.33,0,8.91,0.0,0.0,0,263,0
5357,1620.0,1620,5.69,5.69,0,8.91,0.0,0.0,0,0,0
5853,1620.0,1620,5.33,5.33,0,8.91,0.04,64.8,0,102,0
6378,1890.0,3780,6.66,13.33,0,8.91,0.0,0.0,1,102,1
6506,1080.0,1080,8.0,8.0,0,8.91,0.0,0.0,0,0,0
7479,1188.0,1188,8.0,8.0,0,8.91,0.0,0.0,0,0,0
7772,2160.0,2160,5.69,5.69,1,8.0,0.14,302.4,0,4,0
8045,1620.0,1620,8.0,8.0,1,10.0,0.0,0.0,1,173,1
8705,1188.0,1188,8.0,8.0,0,8.91,0.12,142.56,0,16,0
9292,2160.0,2160,8.0,8.0,0,8.91,0.04,86.4,0,166,0
9939,2160.0,2160,5.93,5.93,0,8.91,0.0,0.0,0,0,0
9947,2160.0,2160,7.51,7.51,0,8.91,0.0,0.0,0,133,1
10274,1620.0,1620,5.33,5.33,0,8.91,0.0,0.0,0,0,0
10435,1620.0,1620,8.0,8.0,0,8.91,0.04,64.8,0,0,0
10692,1188.0,1188,7.51,7.51,0,8.91,0.0,0.0,0,94,1
11055,2160.0,2160,5.33,5.33,0,8.91,0.02,43.2,0,31,0
11410,2160.0,2160,8.0,8.0,0,8.91,0.37,799.2,0,70,0
11635,2160.0,2160,5.33,5.33,0,8.91,0.0,0.0,0,0,0
11882,2160.0,2160,5.33,5.33,0,8.91,0.0,0.0,0,0,0
12219,1620.0,1620,5.33,5.33,0,8.91,0.37,599.4,0,4,0
12366,1890.0,3780,6.67,13.33,1,10.0,0.0,0.0,0,24,1
12577,1620.0,1620,5.33,5.33,1,8.0,0.36,583.2,0,219,0
13183,2160.0,2160,10.07,10.07,0,8.91,0.0,0.0,0,0,0
13276,1620.0,1620,8.0,8.0,0,8.91,0.0,0.0,0,6,0
13520,1620.0,1620,6.71,6.71,0,8.91,0.0,0.0,0,102,0
13728,1188.0,1188,5.33,5.33,0,8.91,0.0,0.0,0,0,0
13891,1620.0,1620,5.33,5.33,0,8.91,0.0,0.0,0,0,0
13989,1620.0,1620,7.51,7.51,0,8.91,0.0,0.0,0,0,1
14597,2160.0,2160,8.0,8.0,0,8.91,0.26,561.6,0,226,0
14821,1620.0,1620,8.0,8.0,0,8.91,0.0,0.0,0,0,0
15347,648.0,648,8.0,8.0,0,8.91,0.0,0.0,0,0,1
15435,1620.0,1620,8.0,8.0,0,8.91,0.07,113.4,0,4,0
15963,1620.0,1620,8.0,8.0,0,8.91,0.02,32.4,0,96,0
16401,2160.0,2160,8.0,8.0,0,10.0,0.0,0.0,0,101,1
16428,2160.0,2160,6.72,6.72,0,8.91,0.0,0.0,0,0,0
16464,1188.0,1188,8.0,8.0,0,8.91,0.0,0.0,0,0,0
17017,1080.0,1080,8.53,8.53,0,8.91,0.0,0.0,0,11,0
17045,1620.0,1620,5.33,5.33,0,8.91,0.0,0.0,0,0,0
17170,2160.0,2160,5.33,5.33,0,8.91,0.0,0.0,0,0,0
17628,1620.0,1620,8.0,8.0,0,8.91,0.0,0.0,0,0,0
17642,2160.0,2160,8.0,8.0,0,8.91,0.0,0.0,0,0,0
17983,1188.0,1188,8.53,8.53,0,8.91,0.0,0.0,0,0,0
18025,1188.0,1188,7.6,7.6,0,8.91,0.28,332.64,0,129,0
18046,648.0,648,5.33,5.33,0,8.91,0.45,291.6,0,0,0
18409,2160.0,2160,6.0,6.0,0,8.91,0.0,0.0,0,0,0
18636,2160.0,2160,5.33,5.33,0,8.91,0.0,0.0,0,0,0
18894,2160.0,2160,8.0,8.0,0,8.91,0.0,0.0,0,0,0
19133,1188.0,1188,5.86,5.86,0,8.91,0.0,0.0,0,0,0
19955,1620.0,1620,5.86,5.86,1,9.0,0.99,1603.8,2,100,0
20276,1620.0,1620,5.33,5.33,0,8.91,0.0,0.0,0,0,1
20654,648.0,648,5.33,5.33,1,8.0,1.0,648.0,1,122,0
22362,2160.0,2160,5.33,5.33,0,8.91,0.0,0.0,0,0,0
22784,2160.0,2160,5.33,5.33,0,8.91,0.0,0.0,0,0,0
23046,324.0,324,8.0,8.0,1,7.0,0.0,0.0,0,0,0
23623,2160.0,2160,7.51,7.51,0,8.91,0.0,0.0,0,0,0
23797,1620.0,1620,5.33,5.33,0,8.91,0.0,0.0,0,0,0
24309,990.0,5940,6.67,40.0,1,10.0,0.0,0.0,1,47,1
25078,1620.0,1620,5.33,5.33,0,8.91,0.07,113.4,0,3,0
25123,2160.0,2160,8.0,8.0,0,8.91,0.0,0.0,0,0,0
25233,1080.0,1080,8.0,8.0,0,8.91,0.0,0.0,0,0,0
25699,1620.0,1620,8.0,8.0,1,10.0,0.63,1020.6,0,2,0
25791,1620.0,1620,5.33,5.33,0,8.91,0.0,0.0,0,11,0
26358,2160.0,2160,8.0,8.0,0,8.91,0.0,0.0,0,6,0
26447,2160.0,2160,8.0,8.0,0,8.91,0.31,669.6,0,32,0
26749,2160.0,2160,5.33,5.33,0,8.91,0.32,691.2,0,120,0
26817,2160.0,2160,8.0,8.0,1,10.0,0.0,0.0,1,32,1
27156,1188.0,1188,8.0,8.0,0,8.91,0.0,0.0,0,0,0
27304,2160.0,2160,7.6,7.6,0,8.91,0.0,0.0,0,0,0
27417,2160.0,2160,8.0,8.0,1,9.0,0.34,734.4,0,82,0
28153,1620.0,1620,8.0,8.0,0,8.91,0.0,0.0,0,0,0
28416,1080.0,1080,6.0,6.0,0,8.91,0.0,0.0,0,0,0
29069,1620.0,1620,5.33,5.33,1,8.0,0.33,534.6,1,68,0
29173,1620.0,1620,8.53,8.53,0,8.91,0.0,0.0,0,0,0
29450,1620.0,1620,8.0,8.0,0,9.0,0.0,0.0,0,262,1
29529,1620.0,1620,5.33,5.33,0,8.91,0.0,0.0,0,0,0
29704,1080.0,1080,5.33,5.33,0,8.91,0.0,0.0,0,0,0
30090,1080.0,1080,6.0,6.0,0,8.91,0.0,0.0,0,0,0
30117,1620.0,1620,8.0,8.0,0,8.91,0.04,64.8,0,200,0
32114,1674.0,3348,5.67,11.33,0,7.0,0.0,0.0,0,0,1
32968,1620.0,1620,6.71,6.71,0,8.91,0.0,0.0,0,0,0
17,1620.0,1620,8.0,8.0,0,8.91,0.0,0.0,0,0,0
1217,2160.0,2160,10.13,10.13,0,8.91,0.0,0.0,0,5,0
3187,1620.0,1620,8.0,8.0,1,8.0,0.28,453.6,0,225,0
3588,1620.0,1620,8.0,8.0,1,10.0,0.16,259.2,0,17,0
3630,1188.0,1188,8.53,8.53,0,8.91,0.0,0.0,0,0,0
3632,2160.0,2160,8.53,8.53,0,8.91,0.0,0.0,0,0,0
4766,1404.0,2808,6.67,13.33,0,8.91,0.0,0.0,0,0,1
4935,2160.0,2160,8.0,8.0,0,8.91,0.08,172.8,0,262,0
5461,1620.0,1620,8.22,8.22,0,8.91,0.22,356.4,0,148,0
6311,1188.0,1188,8.53,8.53,1,4.0,0.35,415.8,0,13,0
6510,1620.0,1620,8.0,8.0,1,7.0,0.99,1603.8,0,123,0
7869,1620.0,1620,19.73,19.73,0,8.91,0.0,0.0,0,101,0
10993,1188.0,1188,8.0,8.0,0,8.91,0.12,142.56,0,228,0
11059,1404.0,2808,9.86,19.71,0,10.0,0.0,0.0,0,66,1
11157,1620.0,1620,8.0,8.0,1,10.0,0.36,583.2,0,251,0
11209,216.0,216,8.0,8.0,0,8.91,0.0,0.0,0,0,0
11483,1620.0,1620,19.73,19.73,0,8.91,0.0,0.0,0,73,0
11691,1188.0,1188,8.0,8.0,1,3.0,0.09,106.92,0,104,0
12244,1188.0,1188,8.53,8.53,1,8.0,0.0,0.0,0,14,1
12736,2160.0,2160,8.0,8.0,0,8.91,0.0,0.0,0,223,0
13441,648.0,648,8.0,8.0,0,8.91,0.0,0.0,0,222,0
13611,1620.0,1620,7.6,7.6,0,8.91,0.0,0.0,0,0,0
13674,1620.0,1620,8.53,8.53,0,8.91,0.01,16.2,0,3,0
14339,1188.0,1188,8.22,8.22,0,8.91,0.0,0.0,0,0,0
14437,1620.0,1620,5.33,5.33,0,8.91,0.0,0.0,0,0,0
14620,1188.0,1188,7.6,7.6,0,8.91,0.0,0.0,0,10,0
15075,2160.0,2160,5.33,5.33,1,10.0,0.11,237.6,0,178,0
16110,1620.0,1620,8.0,8.0,0,8.91,0.01,16.2,0,31,0
16375,2160.0,2160,7.51,7.51,0,8.91,0.0,0.0,0,224,0
16446,1188.0,1188,8.0,8.0,0,8.91,0.13,154.44,0,1,0
16917,2160.0,2160,5.33,5.33,0,8.91,0.03,64.8,0,109,0
16919,2160.0,2160,8.0,8.0,0,8.91,0.22,475.2,0,43,0
17307,1620.0,1620,8.0,8.0,0,8.91,0.0,0.0,0,0,0
17540,1080.0,1080,5.63,5.63,0,8.91,0.83,896.4,0,28,0
17656,1188.0,1188,8.0,8.0,0,8.91,0.0,0.0,0,0,0
18006,648.0,648,5.69,5.69,0,8.91,0.0,0.0,0,59,0
18243,324.0,324,8.0,8.0,0,8.91,0.0,0.0,0,0,1
18338,648.0,648,8.0,8.0,0,8.91,0.0,0.0,0,0,0
18603,1620.0,1620,5.33,5.33,0,8.91,0.0,0.0,0,0,0
19255,1080.0,1080,5.33,5.33,0,8.91,0.0,0.0,0,0,0
19937,2160.0,2160,8.0,8.0,0,8.91,0.34,734.4,0,127,0
20438,2160.0,2160,5.63,5.63,0,8.91,0.0,0.0,0,0,0
20981,2160.0,2160,5.69,5.69,0,8.91,0.44,950.4,0,216,0
21609,648.0,648,8.53,8.53,1,10.0,1.0,648.0,0,99,0
21832,2160.0,2160,5.61,5.61,0,8.91,0.0,0.0,0,0,0
22562,2160.0,2160,25.59,25.59,0,8.91,0.1,216.0,0,221,0
22696,2160.0,2160,25.6,25.6,0,8.91,0.01,21.6,0,202,0
22840,1620.0,1620,8.0,8.0,0,8.91,0.08,129.6,0,89,0
23845,2160.0,2160,7.6,7.6,0,8.91,0.0,0.0,0,123,0
24028,2160.0,2160,5.33,5.33,0,8.91,0.22,475.2,0,232,0
24652,2160.0,2160,25.59,25.59,1,8.0,0.0,0.0,0,2,1
24940,1188.0,1188,7.51,7.51,0,8.91,0.0,0.0,0,0,0
25243,2160.0,2160,8.0,8.0,1,10.0,0.27,583.2,0,20,0
26479,2160.0,2160,8.0,8.0,0,8.91,0.0,0.0,0,0,0
27175,2160.0,2160,10.07,10.07,0,8.91,0.0,0.0,0,0,0
27763,1620.0,1620,8.0,8.0,1,10.0,0.45,729.0,0,24,0
28061,324.0,324,8.36,8.36,0,8.91,0.0,0.0,0,0,0
28191,1620.0,1620,8.22,8.22,0,8.91,0.0,0.0,0,0,0
29189,1188.0,1188,5.33,5.33,0,8.91,0.0,0.0,0,2,0
29706,1674.0,3348,5.59,11.18,0,8.91,0.0,0.0,0,8,1
30205,1620.0,1620,19.73,19.73,1,8.0,0.52,842.4,1,167,0
31783,2160.0,2160,5.61,5.61,0,8.91,0.0,0.0,0,0,0
32183,756.0,756,8.0,8.0,0,8.91,0.08,60.48,0,0,0
32279,1080.0,1080,8.0,8.0,0,8.91,0.0,0.0,0,49,0
208,1620.0,1620,5.33,5.33,0,8.91,0.0,0.0,0,0,1
485,2160.0,2160,5.77,5.77,0,8.91,0.0,0.0,0,0,0
550,648.0,648,5.33,5.33,0,8.91,0.0,0.0,0,0,0
1039,2160.0,2160,5.69,5.69,0,8.91,0.0,0.0,0,0,0
1156,2160.0,2160,5.33,5.33,0,8.91,0.0,0.0,0,0,0
1472,1188.0,1188,5.33,5.33,0,8.91,0.12,142.56,0,264,0
1584,1620.0,1620,5.33,5.33,0,10.0,0.0,0.0,0,162,1
2462,2160.0,2160,5.33,5.33,0,8.91,0.0,0.0,0,0,1
2500,2160.0,2160,5.33,5.33,0,8.91,0.0,0.0,0,0,0
2690,2160.0,2160,5.33,5.33,0,8.91,0.02,43.2,0,10,0
2844,2160.0,2160,5.33,5.33,0,8.91,0.0,0.0,0,0,0
3196,648.0,648,5.33,5.33,0,8.91,0.19,123.12,0,85,0
3383,648.0,648,5.33,5.33,0,8.91,0.04,25.92,0,72,0
3405,2160.0,2160,5.33,5.33,0,8.91,0.1,216.0,0,2,0
3616,1188.0,1188,5.33,5.33,0,8.91,0.02,23.76,0,40,0
3657,1188.0,1188,5.33,5.33,0,8.91,0.0,0.0,0,0,0
3662,1152.0,3456,5.33,16.0,0,8.91,0.0,0.0,0,0,1
3733,2160.0,2160,5.33,5.33,0,8.91,0.0,0.0,0,203,1
3792,1188.0,1188,5.33,5.33,0,8.91,0.07,83.16,0,1,0
4079,1188.0,1188,5.33,5.33,0,8.91,0.59,700.92,1,29,0
4277,1188.0,1188,5.33,5.33,0,8.91,0.0,0.0,0,262,0
4374,1620.0,1620,5.33,5.33,0,8.91,0.0,0.0,0,0,0
4392,1188.0,1188,5.33,5.33,0,8.91,0.0,0.0,0,0,1
4850,2160.0,2160,5.33,5.33,0,8.91,0.0,0.0,0,0,0
5458,2160.0,2160,5.33,5.33,1,3.0,0.09,194.4,0,237,0
5616,1620.0,1620,5.33,5.33,0,8.91,0.0,0.0,0,12,1
5617,972.0,1944,5.33,10.66,0,8.91,0.0,0.0,0,29,1
5846,2160.0,2160,5.33,5.33,0,8.91,0.0,0.0,0,2,1
5883,1620.0,1620,5.33,5.33,0,8.91,0.0,0.0,0,1,0
5887,2160.0,2160,5.61,5.61,0,8.91,0.33,712.8,0,128,0
6233,2160.0,2160,6.71,6.71,0,8.91,0.24,518.4,0,162,0
6415,2160.0,2160,5.33,5.33,0,8.91,0.0,0.0,0,0,0
6508,1620.0,1620,5.95,5.95,0,8.91,0.0,0.0,0,0,0
6652,1188.0,1188,5.33,5.33,0,8.91,0.0,0.0,0,154,0
6866,1188.0,1188,5.33,5.33,0,8.91,0.0,0.0,0,0,0
7200,1188.0,1188,5.33,5.33,1,9.0,0.17,201.96,0,136,0
7227,1620.0,1620,5.33,5.33,0,8.91,0.0,0.0,0,0,0
7504,1188.0,1188,5.33,5.33,0,8.91,0.0,0.0,0,0,0
7750,1620.0,1620,5.33,5.33,1,8.0,0.53,858.6,0,239,0
7875,2160.0,2160,5.33,5.33,0,8.91,0.21,453.6,0,6,0
7973,1080.0,1080,5.33,5.33,0,8.91,0.62,669.6,0,31,0
8200,1188.0,1188,5.77,5.77,0,8.91,0.0,0.0,0,6,1
8330,1620.0,1620,5.33,5.33,1,10.0,0.07,113.4,0,121,0
8384,1188.0,1188,5.95,5.95,1,7.0,0.07,83.16,0,50,0
8453,1188.0,1188,5.33,5.33,0,8.91,0.0,0.0,0,0,0
8595,648.0,648,5.33,5.33,0,8.91,0.06,38.88,0,2,0
8733,2160.0,2160,5.33,5.33,0,8.91,0.13,280.8,0,49,0
8735,2160.0,2160,4.93,4.93,1,9.0,0.42,907.2,0,208,0
8758,1620.0,1620,5.33,5.33,0,8.91,0.0,0.0,0,0,0
9358,1620.0,1620,5.69,5.69,0,8.91,0.06,97.2,0,23,0
9501,2160.0,2160,5.33,5.33,0,8.91,0.0,0.0,0,0,0
9659,2160.0,2160,5.33,5.33,0,8.91,0.0,0.0,0,0,0
9751,1620.0,1620,5.33,5.33,0,8.91,0.0,0.0,0,0,0
9883,1620.0,1620,5.33,5.33,0,8.91,0.0,0.0,0,0,0
9921,1620.0,1620,5.33,5.33,0,8.91,0.03,48.6,0,120,0
9964,1188.0,1188,5.33,5.33,0,8.91,0.0,0.0,0,0,1
10157,2160.0,2160,5.69,5.69,0,8.91,0.0,0.0,0,227,1
10243,1620.0,1620,5.33,5.33,0,8.91,0.0,0.0,0,7,0
10268,2160.0,2160,5.33,5.33,0,8.91,0.0,0.0,0,0,0
10286,1674.0,3348,5.33,10.67,0,10.0,0.0,0.0,0,89,1
10817,1620.0,1620,5.69,5.69,0,8.91,0.0,0.0,0,174,0
11515,1620.0,1620,5.33,5.33,1,8.0,0.0,0.0,0,31,1
11629,2160.0,2160,5.33,5.33,0,8.91,0.41,885.6,0,173,0
11653,1620.0,1620,5.33,5.33,0,8.91,0.0,0.0,0,0,0
11883,2160.0,2160,5.33,5.33,0,8.91,0.0,0.0,0,0,0
12065,2160.0,2160,4.93,4.93,0,8.91,0.0,0.0,0,6,0
12131,2160.0,2160,5.33,5.33,0,8.91,0.0,0.0,0,0,0
12195,1188.0,1188,5.33,5.33,0,8.91,0.0,0.0,0,0,0
12242,2160.0,2160,5.33,5.33,0,8.91,0.01,21.6,0,1,0
12468,2160.0,2160,5.69,5.69,0,8.91,0.0,0.0,0,242,0
12519,648.0,648,5.33,5.33,0,8.91,0.0,0.0,0,20,0
12544,1080.0,1080,6.71,6.71,0,8.91,0.02,21.6,0,0,0
12841,1188.0,1188,5.33,5.33,0,8.91,0.0,0.0,0,4,0
12961,1188.0,1188,5.33,5.33,0,8.91,0.0,0.0,0,0,0
13204,2160.0,2160,5.33,5.33,0,8.91,0.0,0.0,0,239,1
13295,1620.0,1620,5.61,5.61,1,10.0,0.31,502.2,0,0,0
13398,1620.0,1620,5.33,5.33,0,8.91,0.0,0.0,0,2,0
13508,1188.0,1188,5.33,5.33,0,8.91,0.03,35.64,0,0,0
13516,1620.0,1620,5.33,5.33,0,8.91,0.0,0.0,0,0,0
13662,1188.0,1188,5.33,5.33,0,8.91,0.0,0.0,0,0,0
13678,2160.0,2160,5.33,5.33,0,8.91,0.43,928.8,0,18,0
13756,1080.0,1080,5.33,5.33,0,8.91,0.0,0.0,0,237,0
14078,1620.0,1620,5.33,5.33,1,8.5,0.0,0.0,2,202,1
14163,1188.0,1188,5.33,5.33,0,8.91,0.0,0.0,0,150,0
14265,2160.0,2160,5.33,5.33,0,8.91,0.04,86.4,0,7,0
14289,2160.0,2160,5.33,5.33,0,8.91,0.0,0.0,0,0,0
14341,1620.0,1620,5.33,5.33,0,8.91,0.0,0.0,0,27,1
14464,1620.0,1620,5.33,5.33,0,8.91,0.0,0.0,0,1,1
15054,2160.0,2160,5.33,5.33,0,8.91,0.0,0.0,0,1,0
15055,1620.0,1620,6.71,6.71,0,8.91,0.0,0.0,0,0,0
15250,2160.0,2160,5.33,5.33,0,8.91,0.0,0.0,0,0,0
15515,1404.0,5616,4.93,19.71,0,8.91,0.0,0.0,0,0,1
15655,2160.0,2160,5.02,5.02,0,8.91,0.0,0.0,0,0,0
16060,1188.0,1188,5.69,5.69,0,8.91,0.0,0.0,0,191,0
16389,1890.0,3780,5.33,10.67,0,8.91,0.0,0.0,0,93,1
16913,1620.0,1620,5.57,5.57,0,8.91,0.0,0.0,0,5,0
17049,1620.0,1620,5.33,5.33,0,8.91,0.0,0.0,0,0,0
17467,1620.0,1620,5.33,5.33,0,8.91,0.26,421.2,0,113,0
17544,648.0,648,5.95,5.95,0,8.91,0.0,0.0,0,0,0
17726,1620.0,1620,5.33,5.33,0,8.91,0.48,777.6,0,18,0
17763,1620.0,1620,6.71,6.71,0,8.91,0.17,275.4,0,2,0
17899,1620.0,1620,5.02,5.02,1,9.0,0.22,356.4,0,208,0
17924,1188.0,1188,5.33,5.33,0,8.91,0.0,0.0,0,14,0
18299,1674.0,3348,5.33,10.67,0,8.91,0.0,0.0,0,0,1
18314,1620.0,1620,5.53,5.53,0,8.91,0.58,939.6,1,73,0
18557,1620.0,1620,5.33,5.33,0,8.91,0.0,0.0,0,0,0
18572,2160.0,2160,5.33,5.33,0,8.91,0.0,0.0,0,0,0
18722,1188.0,1188,5.33,5.33,0,8.91,0.0,0.0,0,0,0
18855,1620.0,1620,5.33,5.33,0,8.91,0.0,0.0,0,260,1
18944,2160.0,2160,5.33,5.33,0,8.91,0.0,0.0,0,168,0
19100,1620.0,1620,5.33,5.33,0,8.91,0.02,32.4,0,238,0
19377,1620.0,1620,5.69,5.69,0,8.91,0.0,0.0,0,1,0
19396,2160.0,2160,5.61,5.61,0,8.91,0.0,0.0,0,31,0
19550,2160.0,2160,5.33,5.33,0,8.91,0.11,237.6,0,74,0
19666,2160.0,2160,5.33,5.33,0,8.91,0.58,1252.8,0,146,0
19710,1620.0,1620,5.33,5.33,1,10.0,0.45,729.0,0,84,0
20434,2160.0,2160,5.33,5.33,0,8.91,0.0,0.0,0,51,1
20451,1188.0,1188,5.95,5.95,0,8.91,0.0,0.0,0,0,0
20897,2160.0,2160,5.69,5.69,0,8.91,0.0,0.0,0,0,0
21443,2160.0,2160,5.33,5.33,0,8.91,0.0,0.0,0,0,0
21464,2160.0,2160,5.33,5.33,0,8.91,0.0,0.0,0,0,0
21465,1620.0,1620,5.33,5.33,0,8.91,0.12,194.4,0,0,0
21522,1188.0,1188,5.33,5.33,0,8.91,0.2,237.6,0,194,0
21535,1188.0,1188,5.33,5.33,1,4.0,0.24,285.12,0,128,0
21845,2160.0,2160,5.95,5.95,0,8.91,0.0,0.0,0,39,0
21993,2160.0,2160,5.33,5.33,0,8.91,0.0,0.0,0,0,1
22345,1620.0,1620,5.33,5.33,0,8.91,0.45,729.0,0,27,0
22416,2160.0,2160,5.33,5.33,0,8.91,0.0,0.0,0,252,1
22805,2160.0,2160,5.95,5.95,0,8.91,0.18,388.8,0,3,0
22924,2160.0,2160,4.48,4.48,0,8.91,0.0,0.0,0,0,0
23225,2160.0,2160,5.69,5.69,0,8.91,0.02,43.2,0,259,0
23233,2160.0,2160,5.33,5.33,0,8.91,0.0,0.0,0,4,1
23513,1080.0,1080,5.33,5.33,0,8.91,0.0,0.0,0,87,1
23891,324.0,324,5.33,5.33,1,9.0,0.0,0.0,0,0,1
23967,1620.0,1620,5.33,5.33,0,8.91,0.0,0.0,0,0,0
24311,2160.0,2160,5.33,5.33,0,8.91,0.0,0.0,0,0,0
24917,1080.0,1080,5.33,5.33,0,8.91,0.0,0.0,0,0,0
25268,2160.0,2160,5.33,5.33,0,8.91,0.27,583.2,0,151,0
25316,324.0,324,5.33,5.33,0,10.0,0.0,0.0,0,54,1
25656,2160.0,2160,5.33,5.33,0,8.91,0.0,0.0,0,0,1
25957,2160.0,2160,5.33,5.33,0,8.91,0.05,108.0,0,158,0
26263,1674.0,3348,5.33,10.67,0,8.91,0.0,0.0,0,0,1
26393,1620.0,1620,5.33,5.33,0,8.91,0.0,0.0,0,0,0
26524,2160.0,2160,5.02,5.02,0,8.91,0.0,0.0,0,0,0
26546,324.0,324,5.33,5.33,0,8.91,0.0,0.0,0,0,0
26559,2160.0,2160,5.95,5.95,0,8.91,0.0,0.0,0,0,0
26643,1188.0,1188,5.33,5.33,0,8.91,0.0,0.0,0,1,1
26740,2160.0,2160,5.33,5.33,0,8.91,0.1,216.0,0,6,0
26795,1188.0,1188,5.95,5.95,1,9.0,0.0,0.0,0,156,1
27246,1620.0,1620,5.33,5.33,0,8.91,0.0,0.0,0,0,0
27281,1620.0,1620,5.33,5.33,0,8.91,0.74,1198.8,0,224,0
27497,2160.0,2160,5.93,5.93,0,8.91,0.0,0.0,0,0,0
27625,1188.0,1188,5.69,5.69,0,8.91,0.0,0.0,0,30,1
27661,1188.0,1188,5.33,5.33,0,8.91,0.0,0.0,0,170,1
27686,1620.0,1620,5.33,5.33,0,8.91,0.04,64.8,0,0,0
27969,2160.0,2160,6.71,6.71,0,8.91,0.0,0.0,0,0,1
28030,2160.0,2160,6.0,6.0,0,8.91,0.18,388.8,0,11,0
28086,1188.0,1188,5.33,5.33,0,8.91,0.08,95.04,0,5,0
28117,1620.0,1620,5.33,5.33,0,8.91,0.72,1166.4,0,142,0
28764,2160.0,2160,5.33,5.33,0,8.91,0.0,0.0,0,0,0
28799,1620.0,1620,5.33,5.33,0,8.91,0.0,0.0,0,0,0
28820,1188.0,1188,5.33,5.33,0,8.91,0.0,0.0,0,0,0
28876,2160.0,2160,6.71,6.71,0,8.91,0.0,0.0,0,1,0
28898,1620.0,1620,4.46,4.46,0,8.91,0.0,0.0,0,0,1
28969,324.0,324,5.33,5.33,0,8.91,0.0,0.0,0,5,0
28996,1080.0,1080,5.33,5.33,0,8.91,0.0,0.0,0,0,0
29197,2160.0,2160,5.33,5.33,0,8.91,0.0,0.0,0,0,0
29201,2160.0,2160,5.33,5.33,0,8.91,0.9,1944.0,0,32,0
29397,2160.0,2160,5.33,5.33,1,9.0,0.0,0.0,7,169,1
29443,1620.0,1620,19.73,19.73,0,8.91,0.0,0.0,0,0,1
29604,2160.0,2160,5.33,5.33,0,8.91,0.0,0.0,0,164,0
29652,2160.0,2160,5.33,5.33,0,8.91,0.0,0.0,0,30,0
29872,2160.0,2160,5.33,5.33,0,8.91,0.01,21.6,0,1,0
30067,1620.0,1620,5.33,5.33,0,8.91,0.06,97.2,0,0,0
30220,324.0,324,5.33,5.33,0,8.91,0.18,58.32,0,28,0
30351,2160.0,2160,6.71,6.71,0,8.91,0.0,0.0,0,0,0
30442,1620.0,1620,5.33,5.33,0,8.91,0.0,0.0,0,0,0
30812,2160.0,2160,5.33,5.33,0,8.91,0.02,43.2,0,130,0
30870,2160.0,2160,5.33,5.33,0,8.91,0.0,0.0,0,0,1
31195,1620.0,1620,5.33,5.33,0,8.91,0.0,0.0,0,0,0
31239,1890.0,3780,5.33,10.67,0,8.91,0.0,0.0,0,7,1
31328,1188.0,1188,5.33,5.33,1,10.0,0.41,487.08,0,7,0
31457,648.0,648,5.95,5.95,0,8.91,0.0,0.0,0,0,0
31666,1620.0,1620,5.33,5.33,0,8.91,0.0,0.0,0,4,0
32130,2160.0,2160,5.93,5.93,1,10.0,0.35,756.0,0,1,0
32243,2160.0,2160,5.33,5.33,0,8.91,0.0,0.0,0,0,0
32836,1620.0,1620,5.33,5.33,0,8.91,0.0,0.0,0,0,0
33201,1620.0,1620,5.33,5.33,0,8.91,0.23,372.6,0,235,0
33482,1134.0,2268,4.46,8.93,0,8.91,0.0,0.0,0,5,1
33486,1620.0,1620,5.33,5.33,0,8.91,0.0,0.0,0,0,0
33591,1620.0,1620,4.93,4.93,0,8.91,0.0,0.0,0,0,0
33595,2160.0,2160,4.93,4.93,0,8.91,0.0,0.0,0,0,0
33609,1620.0,1620,4.93,4.93,0,8.91,0.05,81.0,0,136,0
165,2160.0,2160,5.95,5.95,0,8.91,0.0,0.0,0,0,0
319,1620.0,1620,5.33,5.33,0,8.91,0.0,0.0,0,0,0
326,648.0,648,5.33,5.33,0,8.91,0.0,0.0,0,10,0
582,2160.0,2160,5.33,5.33,1,10.0,0.14,302.4,0,36,0
606,1620.0,1620,5.33,5.33,0,8.91,0.09,145.8,0,99,0
620,1620.0,1620,5.33,5.33,0,8.91,0.14,226.8,0,50,0
771,1656.0,4968,5.33,16.0,0,10.0,0.0,0.0,4,105,1
1062,1620.0,1620,5.33,5.33,0,8.91,0.02,32.4,0,85,0
1105,2160.0,2160,5.61,5.61,0,8.91,0.0,0.0,0,0,0
1318,1188.0,1188,5.33,5.33,0,8.91,0.0,0.0,0,138,1
1610,1188.0,1188,5.54,5.54,1,5.0,0.22,261.36,0,12,0
1630,2160.0,2160,5.33,5.33,0,8.91,0.0,0.0,0,6,0
1955,1080.0,1080,5.33,5.33,0,8.91,0.0,0.0,0,0,0
2044,1188.0,1188,5.95,5.95,1,8.0,1.0,1188.0,2,58,0
2105,1620.0,1620,5.33,5.33,0,8.91,0.0,0.0,0,139,0
2246,1188.0,1188,5.33,5.33,0,8.91,0.0,0.0,0,39,0
2399,2160.0,2160,5.33,5.33,1,9.0,0.45,972.0,0,27,0
2544,2160.0,2160,5.33,5.33,0,8.91,0.0,0.0,2,210,1
2581,2160.0,2160,5.33,5.33,0,8.91,0.0,0.0,0,256,0
2600,648.0,648,5.33,5.33,0,8.91,0.14,90.72,0,85,0
2909,2160.0,2160,5.77,5.77,0,8.91,0.0,0.0,0,0,0
3139,2160.0,2160,6.58,6.58,0,8.91,0.0,0.0,0,0,0
3224,1620.0,1620,5.95,5.95,0,8.91,0.0,0.0,0,114,0
3264,2160.0,2160,5.33,5.33,0,8.91,0.0,0.0,0,236,0
3272,1620.0,1620,5.33,5.33,0,8.91,0.02,32.4,0,6,0
3293,1620.0,1620,5.33,5.33,1,8.0,0.32,518.4,0,13,0
3945,1188.0,1188,5.33,5.33,0,10.0,0.0,0.0,0,54,1
3954,1080.0,1080,5.33,5.33,0,8.91,0.43,464.4,0,18,0
4032,2160.0,2160,5.33,5.33,0,8.91,0.0,0.0,0,141,0
4213,1080.0,1080,5.61,5.61,0,8.91,0.0,0.0,0,0,0
5096,2160.0,2160,5.53,5.53,0,8.91,0.0,0.0,0,7,0
5154,1620.0,1620,5.33,5.33,1,10.0,0.41,664.2,0,156,0
5193,2160.0,2160,5.61,5.61,0,8.91,0.0,0.0,0,0,0
5777,1188.0,1188,5.53,5.53,0,8.91,0.0,0.0,0,39,0
6013,2160.0,2160,5.33,5.33,0,8.91,0.0,0.0,0,0,0
6208,2160.0,2160,5.33,5.33,0,8.91,0.26,561.6,0,29,0
6374,1188.0,1188,5.33,5.33,0,8.91,0.01,11.88,0,3,0
6516,1188.0,1188,5.33,5.33,0,8.91,0.0,0.0,0,0,0
6599,1620.0,1620,5.33,5.33,0,8.91,0.03,48.6,0,0,0
6701,648.0,648,5.33,5.33,0,8.91,0.19,123.12,0,12,0
6889,1620.0,1620,5.61,5.61,0,8.91,0.0,0.0,0,265,1
7091,2160.0,2160,5.33,5.33,0,8.91,0.0,0.0,0,0,0
7287,1620.0,1620,5.33,5.33,0,8.91,0.0,0.0,0,0,0
7381,1620.0,1620,5.33,5.33,0,8.91,0.4,648.0,0,227,0
7467,2160.0,2160,5.33,5.33,0,8.91,0.0,0.0,0,127,0
7631,2160.0,2160,5.33,5.33,0,8.91,0.0,0.0,0,0,0
7647,2160.0,2160,5.33,5.33,0,8.91,0.0,0.0,0,0,0
7712,1620.0,1620,5.33,5.33,0,8.91,0.0,0.0,0,0,0
8276,2160.0,2160,5.33,5.33,1,10.0,0.0,0.0,0,95,1
8387,1404.0,2808,5.33,10.67,0,8.91,0.0,0.0,0,0,1
8396,2160.0,2160,5.33,5.33,0,8.91,0.03,64.8,0,235,0
8448,1188.0,1188,5.33,5.33,0,8.91,0.0,0.0,0,0,0
8722,1188.0,1188,5.77,5.77,0,8.91,0.0,0.0,0,0,0
9157,2160.0,2160,5.33,5.33,0,8.91,0.0,0.0,0,0,0
9198,1620.0,1620,5.33,5.33,0,8.91,0.0,0.0,0,0,0
9252,1620.0,1620,5.53,5.53,1,10.0,0.98,1587.6,2,6,0
9450,2160.0,2160,5.33,5.33,0,8.91,0.0,0.0,0,3,0
9470,1188.0,1188,4.93,4.93,0,8.91,0.0,0.0,0,0,0
9686,2160.0,2160,5.33,5.33,0,8.91,0.0,0.0,0,0,0
10141,1620.0,1620,5.33,5.33,0,8.91,0.0,0.0,0,0,0
10365,1620.0,1620,5.33,5.33,0,8.91,0.0,0.0,0,255,0
10450,1152.0,3456,5.33,15.98,0,8.91,0.0,0.0,0,0,1
10474,1620.0,1620,5.33,5.33,0,8.91,0.0,0.0,0,6,0
10537,2160.0,2160,5.33,5.33,0,8.91,0.0,0.0,0,0,0
10625,648.0,648,5.33,5.33,0,8.91,0.0,0.0,0,0,0
10659,1188.0,1188,5.33,5.33,0,8.91,0.0,0.0,0,0,0
10666,1188.0,1188,5.33,5.33,0,8.91,0.0,0.0,0,0,0
10737,2160.0,2160,6.58,6.58,0,8.91,0.0,0.0,0,0,0
10885,1620.0,1620,6.58,6.58,0,8.91,0.0,0.0,0,1,1
11326,1674.0,3348,5.33,10.67,0,8.91,0.0,0.0,0,0,1
11440,1188.0,1188,5.33,5.33,0,8.91,0.0,0.0,0,0,0
12144,2160.0,2160,6.58,6.58,0,8.91,0.0,0.0,0,0,0
12272,1188.0,1188,5.53,5.53,0,8.91,0.0,0.0,0,78,0
12309,2160.0,2160,5.33,5.33,0,8.91,0.0,0.0,0,0,1
12330,2160.0,2160,5.53,5.53,0,8.91,0.0,0.0,0,0,0
12399,2160.0,2160,5.33,5.33,0,8.91,0.0,0.0,0,0,0
12425,1188.0,1188,5.33,5.33,0,8.91,0.0,0.0,0,3,0
12596,1188.0,1188,5.33,5.33,0,8.91,0.0,0.0,0,0,0
12623,1620.0,1620,4.1,4.1,0,8.91,0.7,1134.0,0,129,0
12791,1620.0,1620,5.33,5.33,0,8.91,0.0,0.0,0,0,0
13115,1080.0,1080,5.33,5.33,0,8.91,0.99,1069.2,1,7,0
13140,1080.0,1080,5.33,5.33,0,8.91,0.0,0.0,0,13,0
13161,1890.0,3780,5.33,10.67,0,8.91,0.0,0.0,0,0,1
13333,1890.0,3780,5.33,10.67,0,8.91,0.0,0.0,0,0,1
13462,2160.0,2160,5.33,5.33,0,8.91,0.0,0.0,0,0,0
13811,1620.0,1620,5.33,5.33,0,8.91,0.04,64.8,0,0,0
13823,2160.0,2160,5.33,5.33,1,10.0,0.19,410.4,0,51,0
13898,1188.0,1188,5.95,5.95,0,8.91,0.0,0.0,0,0,0
13977,1188.0,1188,5.33,5.33,0,8.91,0.09,106.92,0,7,0
14149,2160.0,2160,5.95,5.95,0,8.91,0.0,0.0,0,163,1
14205,1188.0,1188,5.33,5.33,0,8.91,0.0,0.0,0,132,1
14233,1188.0,1188,5.33,5.33,1,7.0,0.0,0.0,0,143,1
14623,1674.0,3348,5.33,10.67,0,8.91,0.0,0.0,0,0,1
14661,1080.0,1080,5.77,5.77,0,8.91,0.0,0.0,0,1,0
14727,2160.0,2160,5.33,5.33,0,8.91,0.0,0.0,0,0,0
15197,2160.0,2160,5.33,5.33,1,10.0,0.05,108.0,0,0,0
15214,1620.0,1620,5.33,5.33,1,10.0,0.08,129.6,0,7,0
15305,1656.0,4968,5.33,16.0,0,8.91,0.0,0.0,0,207,1
15413,1620.0,1620,5.61,5.61,1,10.0,0.5,810.0,0,28,0
15441,1620.0,1620,5.95,5.95,0,8.91,0.05,81.0,0,1,0
15450,2160.0,2160,5.33,5.33,0,8.91,0.0,0.0,0,84,0
15977,1620.0,1620,5.33,5.33,1,9.0,0.0,0.0,0,44,1
16290,1188.0,1188,5.33,5.33,0,8.91,0.0,0.0,0,0,0
16352,324.0,324,6.58,6.58,0,8.91,0.0,0.0,0,0,0
16591,2160.0,2160,5.33,5.33,0,8.91,0.0,0.0,0,0,0
16640,1080.0,1080,5.33,5.33,0,8.91,0.0,0.0,0,0,0
16936,2160.0,2160,5.33,5.33,0,8.91,0.39,842.4,0,32,0
16989,1620.0,1620,5.33,5.33,0,8.91,0.0,0.0,0,0,0
16992,1188.0,1188,6.58,6.58,0,8.91,0.03,35.64,0,21,0
17125,1080.0,1080,5.33,5.33,1,7.0,0.14,151.2,0,23,0
17398,1080.0,1080,5.33,5.33,0,8.91,0.64,691.2,0,26,0
17706,2160.0,2160,5.33,5.33,0,8.91,0.0,0.0,0,31,0
18127,1188.0,1188,5.33,5.33,0,8.91,0.0,0.0,0,82,0
18129,1620.0,1620,5.33,5.33,0,8.91,0.17,275.4,0,1,0
18678,1188.0,1188,4.1,4.1,0,8.91,0.0,0.0,0,0,0
18856,1188.0,1188,5.33,5.33,0,8.91,0.0,0.0,0,0,0
19112,1188.0,1188,5.33,5.33,0,8.91,0.46,546.48,0,217,0
19175,2160.0,2160,5.33,5.33,0,8.91,0.0,0.0,0,0,0
19349,2160.0,2160,5.77,5.77,0,8.91,0.0,0.0,0,0,0
19473,2160.0,2160,5.33,5.33,0,8.91,0.0,0.0,0,17,0
19638,1620.0,1620,5.33,5.33,0,8.91,0.0,0.0,0,0,0
19664,2160.0,2160,5.33,5.33,0,8.91,0.05,108.0,0,19,0
19702,648.0,648,5.33,5.33,0,8.91,0.09,58.32,0,3,0
19705,324.0,324,5.33,5.33,0,8.91,0.0,0.0,0,0,0
20274,2160.0,2160,5.33,5.33,0,8.91,0.19,410.4,0,28,0
20312,1188.0,1188,5.61,5.61,0,8.91,0.0,0.0,0,0,0
20354,1188.0,1188,5.33,5.33,0,8.91,0.0,0.0,0,0,0
20709,1620.0,1620,5.33,5.33,0,8.91,0.0,0.0,0,1,1
20885,2160.0,2160,5.33,5.33,0,8.91,0.0,0.0,0,0,0
21207,1620.0,1620,5.33,5.33,1,8.0,0.37,599.4,0,152,0
21638,2160.0,2160,5.61,5.61,0,8.91,0.03,64.8,0,102,0
21804,2160.0,2160,5.61,5.61,0,8.91,0.0,0.0,0,136,0
22073,1080.0,1080,5.33,5.33,0,8.91,0.0,0.0,0,0,0
22085,1620.0,1620,5.33,5.33,0,8.91,0.0,0.0,0,0,0
22220,1620.0,1620,5.33,5.33,0,8.91,0.0,0.0,0,0,0
22397,2160.0,2160,5.33,5.33,0,8.91,0.31,669.6,0,127,0
22499,2160.0,2160,5.33,5.33,0,8.91,0.29,626.4,0,104,0
22511,2160.0,2160,5.33,5.33,0,8.91,0.22,475.2,0,106,0
22771,1188.0,1188,5.33,5.33,1,10.0,0.06,71.28,0,106,0
22929,1620.0,1620,5.61,5.61,0,8.91,0.0,0.0,0,16,0
23029,1242.0,2484,5.33,10.66,0,8.91,0.0,0.0,0,196,1
23082,2160.0,2160,5.33,5.33,0,8.91,0.0,0.0,0,3,1
23158,648.0,648,4.93,4.93,0,8.91,0.0,0.0,0,0,1
23325,2160.0,2160,5.33,5.33,0,8.91,0.0,0.0,0,0,0
24252,1674.0,3348,5.33,10.67,0,8.91,0.0,0.0,0,28,1
24431,1620.0,1620,5.33,5.33,1,6.0,0.08,129.6,0,7,0
24485,1188.0,1188,4.93,4.93,0,8.91,0.0,0.0,0,0,0
24752,1188.0,1188,5.33,5.33,0,8.91,0.0,0.0,0,1,0
24766,324.0,324,5.33,5.33,0,8.91,0.25,81.0,0,1,0
24995,2160.0,2160,5.33,5.33,0,8.91,0.0,0.0,0,0,0
25178,1620.0,1620,5.33,5.33,0,8.91,0.02,32.4,0,13,0
25215,1620.0,1620,5.33,5.33,0,8.91,0.02,32.4,0,24,0
25436,2160.0,2160,5.33,5.33,0,8.91,0.68,1468.8,0,13,0
25602,1620.0,1620,5.33,5.33,0,8.91,0.0,0.0,0,0,0
25625,2160.0,2160,5.33,5.33,0,8.91,0.02,43.2,0,119,0
25665,1620.0,1620,5.33,5.33,0,8.91,0.0,0.0,0,0,0
25685,2160.0,2160,5.33,5.33,0,8.91,0.0,0.0,0,0,0
25692,1224.0,3672,5.33,16.0,0,8.91,0.0,0.0,0,0,1
25705,1080.0,1080,5.33,5.33,0,8.91,0.0,0.0,0,0,0
25725,1188.0,1188,5.33,5.33,0,8.91,0.06,71.28,0,67,0
26133,1620.0,1620,5.33,5.33,1,10.0,0.35,567.0,0,0,0
26157,648.0,648,5.33,5.33,0,8.91,0.14,90.72,0,1,0
26195,648.0,648,5.61,5.61,0,8.91,0.0,0.0,0,88,0
26378,2160.0,2160,5.33,5.33,0,8.91,0.0,0.0,0,0,0
26657,1620.0,1620,5.33,5.33,0,8.91,0.0,0.0,0,0,0
26677,1188.0,1188,5.33,5.33,0,8.91,0.0,0.0,0,0,0
26706,2160.0,2160,5.33,5.33,0,8.91,0.0,0.0,0,0,0
27337,1620.0,1620,5.33,5.33,1,10.0,0.99,1603.8,3,135,0
27479,1620.0,1620,5.33,5.33,1,10.0,0.07,113.4,1,265,0
27495,2160.0,2160,5.33,5.33,0,8.91,0.25,540.0,0,70,0
27506,1620.0,1620,5.54,5.54,0,8.91,0.0,0.0,0,49,0
27537,1188.0,1188,5.61,5.61,0,8.91,0.0,0.0,0,0,0
27672,1620.0,1620,5.33,5.33,0,8.91,0.0,0.0,0,0,0
27730,1620.0,1620,5.33,5.33,0,8.91,0.0,0.0,0,0,0
27742,1620.0,1620,5.33,5.33,0,8.91,0.02,32.4,0,7,0
27752,2160.0,2160,5.95,5.95,1,7.0,0.03,64.8,0,48,0
28015,2160.0,2160,5.33,5.33,0,8.91,0.1,216.0,0,194,0
28135,1620.0,1620,5.95,5.95,1,9.0,0.0,0.0,0,113,1
28604,1188.0,1188,5.33,5.33,0,8.91,0.0,0.0,0,0,0
28706,1620.0,1620,5.33,5.33,0,8.91,0.03,48.6,0,239,0
29024,1188.0,1188,5.61,5.61,0,8.91,0.06,71.28,0,136,0
29070,1620.0,1620,5.33,5.33,0,8.91,0.21,340.2,0,249,0
29127,1620.0,1620,5.61,5.61,0,10.0,0.0,0.0,0,136,1
29160,1620.0,1620,5.33,5.33,0,8.91,0.03,48.6,0,8,0
29181,2160.0,2160,5.61,5.61,1,6.0,0.03,64.8,0,94,0
29273,1188.0,1188,5.33,5.33,0,8.91,0.0,0.0,0,0,0
29458,1620.0,1620,5.33,5.33,0,8.91,0.02,32.4,0,0,0
29754,1620.0,1620,5.33,5.33,0,8.91,0.23,372.6,0,175,0
29813,1620.0,1620,5.33,5.33,0,8.91,0.0,0.0,0,5,0
29867,2160.0,2160,5.33,5.33,0,8.91,0.0,0.0,0,30,0
29877,324.0,324,5.33,5.33,1,10.0,0.0,0.0,0,0,0
30170,2160.0,2160,5.33,5.33,0,8.91,0.0,0.0,0,0,0
30515,1620.0,1620,5.33,5.33,0,8.91,0.0,0.0,0,143,0
30625,1620.0,1620,5.33,5.33,0,8.91,0.08,129.6,0,5,0
30675,1620.0,1620,5.33,5.33,0,8.91,0.0,0.0,0,0,0
30741,2160.0,2160,5.33,5.33,0,8.91,0.0,0.0,0,0,0
31015,648.0,648,5.33,5.33,1,7.0,0.59,382.32,0,4,0
31082,2160.0,2160,5.33,5.33,0,8.91,0.0,0.0,0,0,0
31274,1620.0,1620,5.33,5.33,0,8.91,0.0,0.0,0,49,0
31300,1620.0,1620,5.33,5.33,0,8.91,0.0,0.0,0,0,0
31615,1188.0,1188,5.33,5.33,0,8.91,0.0,0.0,0,253,0
31668,1188.0,1188,5.33,5.33,0,8.91,0.0,0.0,0,0,0
31894,1188.0,1188,5.33,5.33,0,8.91,0.0,0.0,0,210,1
31925,2160.0,2160,5.33,5.33,0,8.91,0.99,2138.4,0,103,0
31947,2160.0,2160,5.33,5.33,0,8.91,0.44,950.4,0,13,0
32315,1620.0,1620,4.93,4.93,0,8.91,0.02,32.4,0,0,0
32684,1620.0,1620,5.33,5.33,0,8.91,0.37,599.4,0,4,0
32963,1620.0,1620,4.93,4.93,1,10.0,0.08,129.6,0,4,0
32967,1188.0,1188,5.33,5.33,0,8.91,0.06,71.28,0,2,0
33147,1620.0,1620,4.93,4.93,0,8.91,0.61,988.2,0,59,0
33215,1620.0,1620,5.33,5.33,0,8.91,0.0,0.0,0,0,0
33419,2160.0,2160,5.33,5.33,0,8.91,0.0,0.0,0,0,0
33499,2160.0,2160,4.93,4.93,1,7.0,0.03,64.8,0,116,0
33608,1620.0,1620,4.93,4.93,1,7.0,0.43,696.6,1,241,0
285,1620.0,1620,5.33,5.33,0,8.91,0.05,81.0,0,233,0
290,2160.0,2160,5.33,5.33,0,8.91,0.0,0.0,0,32,0
621,2160.0,2160,5.33,5.33,0,8.91,0.06,129.6,0,191,0
758,1188.0,1188,5.33,5.33,1,9.0,0.53,629.64,0,24,0
813,1188.0,1188,5.33,5.33,0,8.91,0.0,0.0,0,30,0
1073,1188.0,1188,5.33,5.33,0,8.91,0.0,0.0,0,217,1
1316,1620.0,1620,5.33,5.33,0,8.91,0.0,0.0,0,259,0
1334,1620.0,1620,5.33,5.33,0,8.91,0.0,0.0,0,38,0
1538,1188.0,1188,5.33,5.33,0,8.91,0.0,0.0,0,0,0
1820,1620.0,1620,5.33,5.33,0,8.91,0.0,0.0,0,0,0
1899,2160.0,2160,5.33,5.33,0,8.91,0.34,734.4,0,135,0
2008,2160.0,2160,5.61,5.61,0,8.91,0.0,0.0,0,0,0
2068,216.0,216,5.61,5.61,0,8.91,0.0,0.0,0,0,0
2184,648.0,648,5.95,5.95,0,8.91,0.0,0.0,0,0,0
2310,1620.0,1620,5.33,5.33,0,8.91,0.0,0.0,0,0,0
2468,2160.0,2160,5.5,5.5,0,8.91,0.05,108.0,0,16,0
2491,2160.0,2160,5.33,5.33,0,8.91,0.0,0.0,0,0,0
2606,1188.0,1188,5.33,5.33,0,8.91,0.01,11.88,0,2,0
2794,2160.0,2160,5.33,5.33,0,8.91,0.0,0.0,0,0,0
3036,1620.0,1620,3.86,3.86,0,8.91,0.17,275.4,0,0,0
3114,1620.0,1620,5.33,5.33,0,8.91,0.0,0.0,0,0,0
3489,1620.0,1620,5.33,5.33,0,8.91,0.0,0.0,0,0,0
3601,1620.0,1620,5.33,5.33,0,8.91,0.07,113.4,0,261,0
3989,1188.0,1188,5.33,5.33,0,8.91,0.0,0.0,0,0,0
4181,1620.0,1620,5.33,5.33,0,8.91,0.0,0.0,0,178,0
4183,1620.0,1620,5.33,5.33,0,8.91,0.0,0.0,0,0,0
4296,2160.0,2160,5.33,5.33,0,8.91,0.01,21.6,0,11,0
4400,1188.0,1188,5.95,5.95,0,8.91,0.43,510.84,0,201,0
4492,1188.0,1188,5.33,5.33,0,8.91,0.0,0.0,0,0,1
4517,2160.0,2160,5.33,5.33,0,8.91,0.22,475.2,0,264,0
4741,2160.0,2160,5.33,5.33,0,8.91,0.0,0.0,0,0,0
4759,1674.0,3348,5.33,10.67,0,8.91,0.0,0.0,0,0,1
4926,2160.0,2160,5.33,5.33,0,8.91,0.0,0.0,0,0,0
5126,2160.0,2160,5.33,5.33,0,8.91,0.0,0.0,0,0,0
5337,1620.0,1620,5.33,5.33,0,8.91,0.37,599.4,0,112,0
5464,648.0,648,5.33,5.33,0,8.91,0.65,421.2,0,79,0
5730,1620.0,1620,4.93,4.93,0,8.91,0.04,64.8,0,10,0
6051,2160.0,2160,5.33,5.33,1,10.0,0.54,1166.4,0,35,0
6173,2160.0,2160,5.61,5.61,0,8.91,0.0,0.0,0,0,0
6586,2160.0,2160,5.33,5.33,0,8.91,0.06,129.6,0,259,0
6600,648.0,648,5.95,5.95,1,8.0,1.0,648.0,0,20,0
6654,1188.0,1188,5.53,5.53,0,8.91,0.49,582.12,0,20,0
6672,1188.0,1188,5.33,5.33,0,8.91,0.0,0.0,0,0,0
6741,1620.0,1620,5.61,5.61,0,8.91,0.0,0.0,0,251,0
6878,486.0,972,5.33,10.67,1,10.0,0.0,0.0,2,261,1
6943,1188.0,1188,5.61,5.61,0,8.91,0.0,0.0,0,80,0
7485,1620.0,1620,5.33,5.33,0,8.91,0.0,0.0,0,0,0
7508,1188.0,1188,5.33,5.33,1,7.0,0.28,332.64,0,60,0
7520,2160.0,2160,5.33,5.33,0,8.91,0.0,0.0,0,0,0
7535,1620.0,1620,5.33,5.33,0,8.91,0.96,1555.2,0,55,0
7544,2160.0,2160,5.33,5.33,0,8.91,0.0,0.0,0,0,0
7661,1620.0,1620,5.33,5.33,0,8.91,0.0,0.0,0,0,0
7935,2160.0,2160,5.33,5.33,0,8.91,1.0,2160.0,0,170,0
8097,1188.0,1188,6.58,6.58,0,8.91,0.0,0.0,0,0,0
8180,648.0,648,5.61,5.61,0,8.91,0.0,0.0,0,0,0
8259,2160.0,2160,5.33,5.33,0,8.91,0.05,108.0,0,65,0
8334,1188.0,1188,5.33,5.33,1,10.0,0.11,130.68,0,0,0
8394,1188.0,1188,5.33,5.33,0,8.91,1.0,1188.0,0,62,0
8692,2160.0,2160,5.33,5.33,0,8.91,0.0,0.0,0,0,0
8840,540.0,540,5.33,5.33,1,10.0,0.0,0.0,0,232,1
8980,1188.0,1188,5.33,5.33,1,10.0,0.28,332.64,0,163,0
9249,2160.0,2160,5.33,5.33,0,8.91,0.78,1684.8,1,261,0
9287,2160.0,2160,5.33,5.33,0,8.91,0.01,21.6,0,0,0
9310,1188.0,1188,5.61,5.61,0,8.91,0.0,0.0,0,56,0
9599,1620.0,1620,5.33,5.33,0,8.91,0.0,0.0,0,0,0
9891,1620.0,1620,5.61,5.61,1,10.0,0.99,1603.8,2,118,0
10148,1188.0,1188,5.61,5.61,0,8.91,0.0,0.0,0,138,0
10489,540.0,540,4.1,4.1,0,8.91,0.05,27.0,0,45,0
10550,1620.0,1620,5.33,5.33,0,8.91,0.0,0.0,0,59,0
10683,1188.0,1188,5.33,5.33,0,8.91,0.0,0.0,0,0,0
10807,1188.0,1188,4.93,4.93,0,8.91,0.32,380.16,0,42,0
10822,1188.0,1188,5.33,5.33,0,8.91,0.0,0.0,0,0,0
10864,1620.0,1620,5.61,5.61,0,8.91,0.0,0.0,0,0,0
10875,972.0,1944,5.33,10.66,0,8.91,0.0,0.0,0,0,1
10980,1188.0,1188,5.33,5.33,0,8.91,0.0,0.0,0,0,0
11095,1620.0,1620,5.95,5.95,0,8.91,0.0,0.0,0,0,0
11146,1620.0,1620,5.33,5.33,0,8.91,0.11,178.2,0,0,0
11284,1620.0,1620,5.33,5.33,0,8.91,0.0,0.0,0,0,0
11318,1620.0,1620,5.33,5.33,0,8.91,0.0,0.0,0,0,0
11447,1620.0,1620,5.33,5.33,0,8.91,0.0,0.0,0,0,0
11553,1188.0,1188,6.58,6.58,0,8.91,0.0,0.0,0,7,0
11596,1188.0,1188,5.33,5.33,0,8.91,0.41,487.08,0,107,0
11647,2160.0,2160,5.33,5.33,1,10.0,0.0,0.0,0,33,1
11669,2160.0,2160,5.33,5.33,0,8.91,0.0,0.0,0,27,0
11730,1620.0,1620,5.33,5.33,0,8.91,0.0,0.0,0,264,0
11899,1188.0,1188,5.61,5.61,0,8.91,0.61,724.68,0,0,0
12028,1188.0,1188,3.86,3.86,1,10.0,1.0,1188.0,0,222,0
12606,1620.0,1620,5.33,5.33,1,10.0,0.0,0.0,0,255,1
12722,2160.0,2160,5.33,5.33,1,8.0,0.24,518.4,0,12,0
12884,1620.0,1620,5.33,5.33,0,8.91,0.17,275.4,0,2,0
13000,1188.0,1188,5.33,5.33,0,8.91,0.0,0.0,0,13,1
13497,1620.0,1620,5.33,5.33,0,8.91,0.6,972.0,0,15,0
13653,1188.0,1188,5.33,5.33,1,10.0,0.13,154.44,0,130,0
13702,1188.0,1188,5.33,5.33,0,8.91,0.0,0.0,0,0,0
13847,1620.0,1620,5.95,5.95,0,8.91,0.0,0.0,0,0,0
13878,2160.0,2160,5.33,5.33,0,8.91,0.11,237.6,0,62,0
13921,2160.0,2160,5.33,5.33,0,8.91,0.0,0.0,0,0,0
14051,2160.0,2160,5.33,5.33,0,8.91,0.14,302.4,0,205,0
14137,1890.0,3780,5.33,10.67,0,8.91,0.0,0.0,0,0,1
14427,2160.0,2160,5.95,5.95,0,8.91,0.0,0.0,0,0,0
14902,2160.0,2160,5.33,5.33,0,8.91,0.0,0.0,0,0,0
14955,1080.0,1080,5.53,5.53,0,8.91,0.0,0.0,0,0,0
15038,2160.0,2160,5.33,5.33,0,8.91,0.0,0.0,0,0,0
15322,2160.0,2160,5.33,5.33,0,8.91,0.0,0.0,0,260,0
15431,540.0,540,5.33,5.33,0,8.91,0.0,0.0,0,0,0
15446,2160.0,2160,5.77,5.77,0,8.91,0.01,21.6,0,227,0
15501,1620.0,1620,5.33,5.33,0,8.91,0.0,0.0,0,0,1
15558,1080.0,1080,5.61,5.61,0,8.91,0.0,0.0,0,0,0
15570,2160.0,2160,5.33,5.33,1,7.0,0.72,1555.2,0,76,0
15578,1188.0,1188,5.33,5.33,0,8.91,0.47,558.36,0,38,0
15792,1188.0,1188,5.33,5.33,1,10.0,1.0,1188.0,1,253,0
16135,2160.0,2160,5.33,5.33,0,8.91,0.0,0.0,0,0,0
16730,1620.0,1620,5.33,5.33,0,8.91,0.02,32.4,0,13,0
16776,648.0,648,5.33,5.33,0,8.91,0.0,0.0,0,4,0
17035,2160.0,2160,5.33,5.33,0,8.91,0.04,86.4,0,9,0
17339,1620.0,1620,5.33,5.33,0,8.91,0.0,0.0,0,0,0
17411,2160.0,2160,5.33,5.33,0,8.91,0.0,0.0,0,161,0
17492,2160.0,2160,5.33,5.33,0,8.91,0.1,216.0,0,2,0
17508,1620.0,1620,5.33,5.33,1,8.0,0.53,858.6,0,43,0
17877,1620.0,1620,5.33,5.33,0,8.91,0.0,0.0,0,81,0
17892,2160.0,2160,5.53,5.53,0,8.91,0.0,0.0,0,0,0
18175,1620.0,1620,5.33,5.33,0,8.91,0.04,64.8,0,23,0
18250,2160.0,2160,5.61,5.61,0,8.91,0.0,0.0,0,47,0
18388,2160.0,2160,5.33,5.33,0,8.91,0.0,0.0,0,0,0
18429,1620.0,1620,5.33,5.33,1,7.0,0.42,680.4,0,176,0
18498,1620.0,1620,5.33,5.33,1,8.0,0.42,680.4,0,27,0
18521,1080.0,1080,5.33,5.33,0,8.91,0.0,0.0,0,0,0
18820,1404.0,5616,9.02,36.09,0,8.91,0.0,0.0,0,0,1
18891,1620.0,1620,5.33,5.33,1,10.0,0.37,599.4,0,213,0
19481,1620.0,1620,5.61,5.61,1,9.0,0.51,826.2,1,61,0
19517,1080.0,1080,5.33,5.33,0,8.91,0.0,0.0,0,0,0
19552,1620.0,1620,5.33,5.33,0,8.91,0.0,0.0,0,0,0
19558,2160.0,2160,5.33,5.33,0,8.91,0.03,64.8,0,98,0
19625,2160.0,2160,5.33,5.33,0,8.91,0.05,108.0,0,155,0
19674,1188.0,1188,5.77,5.77,0,8.91,0.0,0.0,0,0,0
19763,2160.0,2160,5.61,5.61,0,8.91,0.0,0.0,0,263,0
19824,864.0,2592,5.33,16.0,1,9.5,0.0,0.0,0,251,1
19997,1080.0,1080,5.95,5.95,0,8.91,1.0,1080.0,0,27,0
20043,1134.0,2268,7.73,15.47,0,8.91,0.0,0.0,0,226,1
20414,1620.0,1620,5.33,5.33,0,8.91,0.0,0.0,0,0,0
20538,2160.0,2160,5.33,5.33,1,10.0,0.38,820.8,0,67,0
20911,648.0,648,5.33,5.33,1,10.0,1.0,648.0,1,229,0
20914,648.0,648,5.33,5.33,1,10.0,0.34,220.32,0,130,0
20975,2160.0,2160,5.33,5.33,0,8.91,0.0,0.0,0,75,0
21395,648.0,648,5.33,5.33,0,8.91,0.17,110.16,0,51,0
21575,1620.0,1620,5.33,5.33,0,8.91,0.04,64.8,0,0,0
21672,1620.0,1620,5.53,5.53,0,8.91,0.0,0.0,0,0,0
21738,2160.0,2160,5.33,5.33,0,8.91,0.0,0.0,0,206,0
21823,2160.0,2160,5.33,5.33,1,8.0,0.46,993.6,1,90,0
21893,1620.0,1620,5.33,5.33,1,10.0,0.98,1587.6,2,28,0
22218,2160.0,2160,5.33,5.33,0,8.91,0.0,0.0,0,0,0
22382,1188.0,1188,5.33,5.33,0,8.91,0.0,0.0,0,0,0
22476,1188.0,1188,5.53,5.53,0,8.91,0.0,0.0,0,78,0
22541,2160.0,2160,5.33,5.33,0,8.91,0.0,0.0,0,25,0
22592,1620.0,1620,5.33,5.33,0,8.91,0.99,1603.8,0,153,0
22625,2160.0,2160,5.33,5.33,1,8.0,0.0,0.0,0,28,1
22681,1620.0,1620,6.58,6.58,0,8.91,0.04,64.8,0,0,0
22725,1188.0,1188,5.33,5.33,0,8.91,0.34,403.92,0,0,0
23035,1620.0,1620,5.53,5.53,1,7.0,0.43,696.6,0,260,0
23202,2160.0,2160,5.33,5.33,0,8.91,0.0,0.0,0,0,0
23247,648.0,648,5.95,5.95,0,8.91,0.0,0.0,0,0,0
23276,2160.0,2160,5.33,5.33,0,8.91,0.0,0.0,0,0,0
23479,1080.0,1080,5.33,5.33,1,9.0,0.66,712.8,0,78,0
23522,2160.0,2160,5.33,5.33,0,8.91,0.09,194.4,0,36,0
23630,2160.0,2160,5.33,5.33,0,8.91,0.89,1922.4,0,109,0
23741,1620.0,1620,5.33,5.33,0,8.91,0.0,0.0,0,0,0
24111,1620.0,1620,5.33,5.33,0,8.91,0.14,226.8,0,12,0
24219,1620.0,1620,5.33,5.33,1,7.0,0.53,858.6,1,145,0
24276,2160.0,2160,4.46,4.46,1,10.0,0.44,950.4,0,25,0
24323,1620.0,1620,5.33,5.33,0,8.91,0.0,0.0,0,0,0
24330,1620.0,1620,5.33,5.33,1,10.0,0.41,664.2,0,24,0
24433,1620.0,1620,6.58,6.58,0,8.91,0.07,113.4,0,0,0
24474,2160.0,2160,5.33,5.33,0,8.91,0.01,21.6,0,0,0
24516,1188.0,1188,5.33,5.33,1,9.0,0.37,439.56,0,17,0
24594,1188.0,1188,5.33,5.33,0,8.91,0.0,0.0,0,133,0
24747,2160.0,2160,5.61,5.61,1,8.0,0.34,734.4,0,72,0
24772,2160.0,2160,4.46,4.46,0,8.91,0.0,0.0,0,189,0
25022,2160.0,2160,5.33,5.33,0,8.91,0.0,0.0,0,3,0
25361,2160.0,2160,5.33,5.33,0,8.91,0.0,0.0,0,0,0
25538,1620.0,1620,5.33,5.33,1,8.0,0.17,275.4,0,231,0
25540,2160.0,2160,5.33,5.33,0,8.91,0.0,0.0,0,0,0
25589,216.0,216,5.33,5.33,0,8.91,0.17,36.72,0,1,0
26076,1620.0,1620,5.33,5.33,0,8.91,0.99,1603.8,0,25,0
26154,2160.0,2160,5.33,5.33,0,8.91,0.02,43.2,0,0,0
26622,1620.0,1620,5.33,5.33,0,8.91,0.0,0.0,0,0,0
26884,2160.0,2160,5.53,5.53,0,8.91,0.0,0.0,0,0,0
27159,1188.0,1188,5.77,5.77,0,8.91,0.0,0.0,0,249,0
27407,2160.0,2160,5.33,5.33,0,8.91,0.0,0.0,0,11,0
27576,1080.0,1080,5.33,5.33,1,7.0,0.41,442.8,0,248,0
27725,648.0,648,5.33,5.33,0,8.91,0.06,38.88,0,32,0
28031,2160.0,2160,5.33,5.33,0,8.91,0.45,972.0,0,31,0
28383,1188.0,1188,5.33,5.33,0,8.91,0.0,0.0,0,231,0
28451,1188.0,1188,5.33,5.33,0,8.91,0.4,475.2,1,72,0
28972,1620.0,1620,5.33,5.33,0,8.91,0.31,502.2,0,168,0
29012,2160.0,2160,5.33,5.33,0,8.91,0.0,0.0,0,0,0
29264,2160.0,2160,5.33,5.33,0,8.91,0.0,0.0,0,6,1
29644,648.0,648,5.33,5.33,0,8.91,0.0,0.0,0,25,0
29778,1620.0,1620,5.33,5.33,0,8.91,0.0,0.0,0,0,0
30215,2160.0,2160,5.33,5.33,0,8.91,0.04,86.4,0,32,0
30619,1620.0,1620,5.33,5.33,0,8.91,0.0,0.0,0,0,0
30650,1188.0,1188,5.33,5.33,0,8.91,0.0,0.0,0,0,0
30654,2160.0,2160,5.33,5.33,0,8.91,0.32,691.2,0,121,0
30681,2160.0,2160,5.33,5.33,1,8.0,0.7,1512.0,0,246,0
30757,2160.0,2160,5.33,5.33,0,8.91,0.0,0.0,0,0,0
30875,1620.0,1620,5.33,5.33,0,8.91,0.0,0.0,0,0,0
31128,1188.0,1188,5.33,5.33,0,8.91,0.01,11.88,0,13,0
31335,1620.0,1620,5.33,5.33,0,8.91,0.0,0.0,0,0,0
31365,1188.0,1188,5.33,5.33,0,8.91,0.0,0.0,0,0,0
31711,1620.0,1620,5.33,5.33,0,8.91,0.18,291.6,1,215,0
31955,1080.0,1080,5.33,5.33,0,8.91,0.0,0.0,0,0,1
32040,2160.0,2160,5.33,5.33,0,8.91,0.0,0.0,0,0,0
32110,1620.0,1620,5.33,5.33,0,8.91,0.1,162.0,0,131,0
32123,2160.0,2160,5.33,5.33,0,8.91,0.0,0.0,0,0,0
32256,1620.0,1620,5.33,5.33,0,8.91,0.02,32.4,0,7,0
32349,2160.0,2160,4.93,4.93,0,8.91,0.0,0.0,0,0,0
32658,1620.0,1620,5.33,5.33,0,8.91,0.0,0.0,0,9,0
32678,1620.0,1620,5.53,5.53,0,8.91,0.07,113.4,0,32,0
32747,2160.0,2160,5.53,5.53,0,8.91,0.0,0.0,0,79,0
32762,1620.0,1620,5.33,5.33,0,8.91,0.0,0.0,0,0,0
33190,1080.0,1080,5.33,5.33,0,8.91,0.0,0.0,0,32,0
33290,648.0,648,5.33,5.33,0,8.91,0.16,103.68,0,24,0
33481,2160.0,2160,5.33,5.33,0,8.91,0.26,561.6,0,6,0
336,1188.0,1188,5.33,5.33,0,8.91,0.03,35.64,0,182,0
387,1188.0,1188,5.33,5.33,0,8.91,0.0,0.0,0,0,0
514,1620.0,1620,5.33,5.33,0,8.91,0.0,0.0,0,0,1
790,2160.0,2160,5.61,5.61,1,10.0,0.33,712.8,0,236,0
963,1188.0,1188,5.33,5.33,0,8.91,0.0,0.0,0,0,0
1104,1620.0,1620,5.61,5.61,0,8.91,0.0,0.0,0,0,0
1178,324.0,324,5.33,5.33,0,8.91,1.0,324.0,0,151,0
1366,1188.0,1188,5.33,5.33,0,8.91,0.01,11.88,0,193,0
1727,2160.0,2160,5.33,5.33,0,8.91,0.02,43.2,0,1,0
1754,1188.0,1188,5.33,5.33,0,8.91,0.0,0.0,0,0,0
1959,1620.0,1620,5.33,5.33,0,8.91,0.09,145.8,0,4,0
2219,2160.0,2160,5.33,5.33,0,8.91,0.0,0.0,0,21,1
2405,2160.0,2160,4.93,4.93,0,8.91,0.0,0.0,0,76,0
2488,1620.0,1620,10.66,10.66,0,8.91,0.0,0.0,0,0,0
2711,1620.0,1620,5.33,5.33,0,8.91,0.0,0.0,0,0,0
2738,2160.0,2160,5.33,5.33,0,8.91,0.15,324.0,0,32,0
2868,2160.0,2160,6.58,6.58,0,8.91,0.29,626.4,0,76,0
3065,1620.0,1620,5.33,5.33,1,7.0,0.27,437.4,0,5,0
3399,2160.0,2160,5.33,5.33,0,8.91,0.17,367.2,0,226,0
3458,2160.0,2160,5.33,5.33,0,8.91,0.0,0.0,0,0,0
3550,648.0,648,4.93,4.93,0,8.91,0.0,0.0,0,0,0
3741,1080.0,1080,5.33,5.33,1,8.0,0.0,0.0,0,105,1
4012,1620.0,1620,5.33,5.33,0,8.91,0.0,0.0,0,0,0
4142,2160.0,2160,5.95,5.95,0,8.91,0.0,0.0,0,1,0
4173,1620.0,1620,5.33,5.33,0,8.91,0.0,0.0,0,27,1
4258,2160.0,2160,5.33,5.33,0,8.91,0.21,453.6,0,183,0
4323,1620.0,1620,5.33,5.33,0,8.91,0.12,194.4,0,33,0
4539,1620.0,1620,5.33,5.33,0,8.91,0.0,0.0,0,0,0
4641,2160.0,2160,5.33,5.33,0,8.91,0.0,0.0,0,0,0
4720,1620.0,1620,5.33,5.33,0,8.91,0.0,0.0,0,0,0
4768,648.0,648,5.33,5.33,1,10.0,1.0,648.0,0,1,0
5071,1620.0,1620,5.33,5.33,1,6.0,0.15,243.0,0,7,0
5185,648.0,648,5.33,5.33,0,8.91,0.0,0.0,0,1,1
5242,540.0,540,5.53,5.53,0,8.91,1.0,540.0,0,33,0
5284,2160.0,2160,5.33,5.33,0,8.91,0.38,820.8,0,6,0
5447,1620.0,1620,4.46,4.46,0,8.91,0.0,0.0,0,2,0
5454,2160.0,2160,6.58,6.58,0,8.91,0.02,43.2,0,4,0
5558,1188.0,1188,4.1,4.1,1,10.0,0.71,843.48,0,254,0
5636,2160.0,2160,5.33,5.33,0,8.91,0.03,64.8,0,191,0
5671,2160.0,2160,5.33,5.33,0,8.91,0.0,0.0,0,0,0
6031,1674.0,3348,5.33,10.66,0,8.91,0.0,0.0,0,6,1
6331,1188.0,1188,5.33,5.33,0,8.91,0.0,0.0,0,0,0
6413,216.0,216,5.95,5.95,1,8.0,0.0,0.0,0,0,0
6426,1620.0,1620,5.33,5.33,0,8.91,0.0,0.0,0,0,0
6774,2160.0,2160,5.33,5.33,0,8.91,0.0,0.0,0,176,0
6845,2160.0,2160,6.58,6.58,0,8.91,0.0,0.0,0,0,0
6852,2160.0,2160,5.33,5.33,0,8.91,0.0,0.0,0,26,0
7043,1620.0,1620,4.1,4.1,0,8.91,0.3,486.0,0,18,0
7169,1620.0,1620,5.33,5.33,0,8.91,0.05,81.0,0,226,0
7290,1620.0,1620,5.33,5.33,0,8.91,0.23,372.6,0,260,0
7488,1080.0,1080,10.13,10.13,0,8.91,0.0,0.0,0,0,0
7735,1620.0,1620,5.33,5.33,1,10.0,0.0,0.0,0,0,0
7751,1188.0,1188,5.33,5.33,0,8.91,0.0,0.0,0,0,0
7968,2160.0,2160,5.33,5.33,0,8.91,0.41,885.6,0,26,0
8621,2160.0,2160,5.95,5.95,0,8.91,0.0,0.0,0,0,0
8719,1620.0,1620,5.33,5.33,0,8.91,0.0,0.0,0,9,0
8868,1620.0,1620,5.53,5.53,0,8.91,0.0,0.0,0,0,0
9173,1188.0,1188,4.1,4.1,0,8.91,0.0,0.0,0,0,0
9578,2160.0,2160,5.61,5.61,0,8.91,0.0,0.0,0,0,0
9608,1620.0,1620,5.53,5.53,1,10.0,0.3,486.0,0,189,0
9642,1188.0,1188,5.53,5.53,0,8.91,0.0,0.0,0,0,0
9833,1674.0,3348,5.68,11.35,0,8.91,0.0,0.0,0,208,1
9998,1620.0,1620,5.33,5.33,0,8.91,0.0,0.0,0,136,0
10129,2160.0,2160,5.33,5.33,1,5.0,0.9,1944.0,0,172,0
10160,1332.0,3996,5.33,16.0,0,8.91,0.0,0.0,0,0,1
10424,2160.0,2160,5.33,5.33,0,8.91,0.0,0.0,0,0,0
10519,1620.0,1620,5.33,5.33,0,8.91,0.0,0.0,0,0,0
10811,1620.0,1620,5.61,5.61,1,10.0,0.28,453.6,0,236,0
10986,1188.0,1188,5.33,5.33,0,8.91,0.16,190.08,0,90,0
11087,648.0,648,5.33,5.33,0,8.91,0.0,0.0,0,140,1
11202,2160.0,2160,5.33,5.33,0,8.91,0.26,561.6,0,62,0
11210,2160.0,2160,5.33,5.33,0,8.91,0.0,0.0,0,0,1
11231,2160.0,2160,5.33,5.33,0,8.91,0.0,0.0,0,0,0
11403,2160.0,2160,5.61,5.61,0,8.91,0.0,0.0,0,0,0
11855,2160.0,2160,5.33,5.33,0,8.91,0.0,0.0,0,0,0
12212,1620.0,1620,5.33,5.33,0,8.91,0.02,32.4,0,12,0
12643,648.0,648,5.33,5.33,0,8.91,0.0,0.0,0,0,0
12649,2160.0,2160,5.53,5.53,0,8.91,0.0,0.0,0,0,0
13172,2160.0,2160,5.33,5.33,0,8.91,0.0,0.0,0,84,0
13286,1620.0,1620,5.33,5.33,0,8.91,0.0,0.0,0,135,1
13345,1620.0,1620,5.33,5.33,0,8.91,0.19,307.8,0,92,0
13349,2160.0,2160,5.61,5.61,0,8.91,0.0,0.0,0,7,0
13815,648.0,648,5.33,5.33,0,8.91,0.09,58.32,0,81,0
14037,2160.0,2160,5.61,5.61,0,8.91,0.0,0.0,0,6,0
14112,2160.0,2160,5.33,5.33,1,10.0,0.52,1123.2,2,47,0
14347,1620.0,1620,6.58,6.58,0,8.91,0.0,0.0,0,0,0
14432,1080.0,1080,5.33,5.33,0,8.91,0.0,0.0,0,0,0
14617,1080.0,1080,6.58,6.58,1,10.0,1.0,1080.0,1,11,0
14792,1620.0,1620,5.33,5.33,0,8.91,0.99,1603.8,0,140,0
15818,1620.0,1620,5.33,5.33,0,8.91,0.0,0.0,0,0,1
15832,648.0,648,5.77,5.77,0,8.91,0.0,0.0,0,14,0
16070,2160.0,2160,5.33,5.33,0,8.91,0.0,0.0,0,0,0
16122,1188.0,1188,5.33,5.33,0,8.91,0.0,0.0,0,0,0
16154,2160.0,2160,5.33,5.33,0,8.91,0.0,0.0,0,0,0
16182,2160.0,2160,5.33,5.33,0,8.91,0.0,0.0,0,0,0
16319,2160.0,2160,5.95,5.95,0,8.91,0.0,0.0,0,0,0
16321,1620.0,1620,5.33,5.33,0,8.91,0.0,0.0,0,1,0
16344,1620.0,1620,5.33,5.33,0,8.91,0.0,0.0,0,0,0
16461,2160.0,2160,5.33,5.33,0,8.91,0.0,0.0,0,0,0
16661,2160.0,2160,5.33,5.33,0,8.91,0.0,0.0,0,0,0
17306,2160.0,2160,5.33,5.33,0,8.91,0.0,0.0,0,0,0
17497,2160.0,2160,5.33,5.33,0,8.91,0.0,0.0,0,0,0
17791,2160.0,2160,5.33,5.33,0,8.91,0.7,1512.0,0,187,0
17797,2160.0,2160,5.33,5.33,1,10.0,0.9,1944.0,0,166,0
17805,2160.0,2160,5.33,5.33,0,8.91,0.0,0.0,0,1,0
17959,1620.0,1620,5.53,5.53,0,8.91,0.04,64.8,0,23,0
18070,1620.0,1620,5.33,5.33,0,8.91,0.0,0.0,0,0,0
18077,1674.0,3348,5.33,10.66,1,9.0,0.0,0.0,1,121,1
18139,2160.0,2160,5.53,5.53,0,8.91,0.0,0.0,0,0,0
18492,324.0,324,5.33,5.33,1,7.0,0.0,0.0,0,0,0
18878,1620.0,1620,5.33,5.33,0,8.91,0.0,0.0,0,0,0
19371,2160.0,2160,5.61,5.61,0,8.91,0.0,0.0,0,0,0
19512,1620.0,1620,5.33,5.33,0,8.91,0.0,0.0,0,0,0
19782,1188.0,1188,5.33,5.33,0,8.91,0.0,0.0,0,10,0
19927,2160.0,2160,4.93,4.93,0,8.91,0.0,0.0,0,0,0
20039,1188.0,1188,4.46,4.46,0,8.91,0.08,95.04,0,84,0
20159,1188.0,1188,5.33,5.33,0,8.91,0.0,0.0,0,0,1
20296,1188.0,1188,5.33,5.33,0,8.91,0.0,0.0,0,0,0
20739,1620.0,1620,4.93,4.93,0,8.91,0.01,16.2,0,0,0
20813,1188.0,1188,5.33,5.33,0,8.91,0.0,0.0,0,0,0
20940,1620.0,1620,5.33,5.33,0,8.91,0.0,0.0,0,0,0
21027,2160.0,2160,5.33,5.33,0,8.91,0.0,0.0,0,234,1
21156,1620.0,1620,5.33,5.33,0,8.91,0.0,0.0,0,0,0
21161,1188.0,1188,5.33,5.33,0,8.91,0.0,0.0,0,245,0
21655,1188.0,1188,5.33,5.33,1,10.0,0.17,201.96,0,163,0
21742,2160.0,2160,5.33,5.33,0,8.91,0.0,0.0,0,0,0
22113,1620.0,1620,5.61,5.61,0,8.91,0.0,0.0,0,0,0
22177,1620.0,1620,5.61,5.61,0,8.91,0.0,0.0,0,0,0
22210,2160.0,2160,5.33,5.33,1,10.0,0.08,172.8,0,51,0
22478,1116.0,3348,7.82,23.47,0,8.91,0.0,0.0,0,139,1
22518,2160.0,2160,5.61,5.61,0,8.91,0.0,0.0,0,0,0
22557,2160.0,2160,5.33,5.33,0,8.91,0.0,0.0,0,0,0
22814,2160.0,2160,5.33,5.33,0,8.91,0.0,0.0,0,88,1
22873,1188.0,1188,5.61,5.61,0,8.91,0.02,23.76,0,1,0
22943,1188.0,1188,5.33,5.33,0,8.91,0.0,0.0,0,106,0
23076,1188.0,1188,5.33,5.33,0,8.91,0.0,0.0,0,155,1
23111,648.0,648,5.33,5.33,0,8.91,0.0,0.0,0,0,1
23346,1620.0,1620,5.61,5.61,0,8.91,0.0,0.0,0,96,0
23660,1188.0,1188,5.33,5.33,0,8.91,0.0,0.0,0,0,1
23901,1620.0,1620,5.33,5.33,0,8.91,0.0,0.0,0,0,0
24768,1188.0,1188,4.46,4.46,0,8.91,0.1,118.8,0,98,0
24803,1080.0,1080,5.53,5.53,0,8.91,0.16,172.8,0,6,0
24930,1620.0,1620,5.61,5.61,0,8.91,0.0,0.0,0,3,0
25532,2160.0,2160,5.33,5.33,1,9.0,0.9,1944.0,2,125,0
25599,324.0,324,5.33,5.33,0,8.91,0.0,0.0,0,0,0
25768,1620.0,1620,5.95,5.95,0,8.91,0.0,0.0,0,0,0
26044,2160.0,2160,5.33,5.33,0,8.91,0.0,0.0,0,0,0
26085,1620.0,1620,5.33,5.33,0,8.91,0.0,0.0,0,0,0
26127,1620.0,1620,5.33,5.33,0,8.91,0.0,0.0,0,0,0
26135,2160.0,2160,5.61,5.61,0,8.91,0.0,0.0,0,106,0
26422,2160.0,2160,5.53,5.53,0,8.91,0.0,0.0,0,0,0
26567,2160.0,2160,5.33,5.33,1,10.0,0.15,324.0,0,222,0
26647,2160.0,2160,5.33,5.33,0,8.91,0.44,950.4,0,47,0
26777,2160.0,2160,5.33,5.33,0,8.91,0.0,0.0,0,0,0
26783,2160.0,2160,5.33,5.33,0,8.91,0.0,0.0,0,0,0
26871,2160.0,2160,5.33,5.33,0,8.91,0.0,0.0,0,0,0
27408,2160.0,2160,5.33,5.33,0,8.91,0.0,0.0,0,0,0
27474,1620.0,1620,6.58,6.58,0,8.91,0.0,0.0,0,0,0
27560,1080.0,1080,6.58,6.58,0,8.91,0.0,0.0,0,0,1
27696,2160.0,2160,5.33,5.33,0,8.91,0.02,43.2,0,2,0
27743,2160.0,2160,5.33,5.33,0,8.91,1.0,2160.0,1,167,0
27840,2160.0,2160,5.33,5.33,0,8.91,0.0,0.0,0,14,0
27842,2160.0,2160,5.61,5.61,0,8.91,0.0,0.0,0,0,0
28094,1188.0,1188,5.33,5.33,1,9.0,1.0,1188.0,0,7,0
28269,648.0,648,5.33,5.33,0,8.91,0.0,0.0,0,261,1
28837,2160.0,2160,5.33,5.33,0,8.91,0.0,0.0,0,29,0
29105,1620.0,1620,4.46,4.46,0,8.91,0.0,0.0,0,5,1
29111,1188.0,1188,5.33,5.33,0,8.91,0.07,83.16,0,228,0
29772,2160.0,2160,5.33,5.33,0,8.91,0.22,475.2,0,244,0
29892,2160.0,2160,5.61,5.61,0,8.91,0.0,0.0,0,32,0
29915,2160.0,2160,5.33,5.33,0,8.91,0.0,0.0,0,0,0
30306,1890.0,3780,5.33,10.67,0,8.91,0.0,0.0,0,225,1
30503,2160.0,2160,5.33,5.33,0,8.91,0.0,0.0,0,4,0
30759,1188.0,1188,5.33,5.33,0,8.91,0.0,0.0,0,0,1
30781,1080.0,1080,6.58,6.58,0,8.91,0.0,0.0,0,6,1
30869,648.0,648,5.33,5.33,0,8.91,0.0,0.0,0,0,0
31155,1188.0,1188,5.33,5.33,0,8.91,0.44,522.72,0,5,0
31251,1620.0,1620,5.61,5.61,0,8.91,0.0,0.0,0,0,0
32127,648.0,648,5.77,5.77,0,8.0,0.0,0.0,0,0,1
32200,1188.0,1188,5.33,5.33,0,8.91,0.0,0.0,0,0,0
32464,1620.0,1620,5.95,5.95,0,8.91,0.0,0.0,0,0,1
32971,702.0,1404,5.33,10.66,0,8.91,0.0,0.0,0,0,1
33206,1620.0,1620,5.33,5.33,0,8.91,0.0,0.0,0,0,0
33386,1620.0,1620,5.33,5.33,1,10.0,0.23,372.6,0,3,0
144,2160.0,2160,5.33,5.33,0,8.91,0.0,0.0,0,0,0
272,2160.0,2160,5.33,5.33,0,8.91,0.0,0.0,0,0,1
339,2160.0,2160,5.33,5.33,0,8.91,0.03,64.8,0,53,0
376,2160.0,2160,6.58,6.58,0,8.91,0.0,0.0,0,7,0
538,2160.0,2160,5.33,5.33,0,8.91,0.02,43.2,0,182,0
649,1188.0,1188,5.33,5.33,0,8.91,0.0,0.0,0,250,0
748,2160.0,2160,5.33,5.33,0,8.91,0.0,0.0,0,1,1
1070,1188.0,1188,5.33,5.33,0,8.91,0.06,71.28,0,26,0
1645,1620.0,1620,5.95,5.95,0,8.91,0.0,0.0,0,0,0
1746,1080.0,1080,5.33,5.33,1,10.0,1.0,1080.0,0,23,0
2344,1674.0,3348,5.33,10.67,0,8.91,0.0,0.0,1,45,1
2400,1620.0,1620,5.53,5.53,0,8.91,0.98,1587.6,0,18,0
2568,2160.0,2160,5.61,5.61,0,8.91,0.07,151.2,0,26,0
2601,1890.0,3780,5.33,10.67,0,8.91,0.0,0.0,0,0,1
2734,648.0,648,5.33,5.33,0,8.91,0.0,0.0,0,0,0
3078,1620.0,1620,5.33,5.33,0,8.91,0.27,437.4,0,84,0
3182,2160.0,2160,5.33,5.33,0,8.91,0.0,0.0,0,0,0
3234,2160.0,2160,5.33,5.33,0,8.91,0.0,0.0,0,250,0
3402,1188.0,1188,5.61,5.61,1,9.0,0.0,0.0,0,203,1
3748,1188.0,1188,5.33,5.33,0,8.91,0.27,320.76,0,27,0
4440,2160.0,2160,5.33,5.33,0,10.0,0.0,0.0,0,0,1
4723,2160.0,2160,5.33,5.33,0,8.91,0.0,0.0,0,0,0
4994,1620.0,1620,5.33,5.33,0,8.91,0.0,0.0,0,0,0
5017,2160.0,2160,5.33,5.33,0,8.91,0.0,0.0,0,0,0
5151,2160.0,2160,5.33,5.33,0,8.91,0.02,43.2,0,6,0
5210,2160.0,2160,5.33,5.33,0,8.91,0.0,0.0,0,21,0
5239,1188.0,1188,5.33,5.33,0,8.91,0.0,0.0,0,0,0
5405,1620.0,1620,5.33,5.33,0,8.91,0.74,1198.8,0,109,0
5668,2160.0,2160,5.33,5.33,1,8.0,0.45,972.0,0,6,0
5799,2160.0,2160,4.93,4.93,1,10.0,0.03,64.8,0,12,0
5855,1188.0,1188,5.33,5.33,0,8.91,0.0,0.0,0,0,0
5877,2160.0,2160,5.33,5.33,0,8.91,0.0,0.0,0,8,0
5882,2160.0,2160,5.53,5.53,0,8.91,0.13,280.8,0,231,0
6045,648.0,648,10.13,10.13,0,8.91,0.0,0.0,0,0,0
6439,2160.0,2160,5.33,5.33,0,8.91,0.0,0.0,0,0,1
6698,1620.0,1620,5.61,5.61,0,8.91,0.05,81.0,0,0,0
6881,2160.0,2160,5.61,5.61,0,8.91,0.04,86.4,0,229,0
7007,324.0,324,5.33,5.33,0,8.91,0.0,0.0,0,0,0
7106,1188.0,1188,5.33,5.33,0,8.91,0.0,0.0,0,164,0
7158,2160.0,2160,5.33,5.33,0,8.91,0.45,972.0,0,237,0
7399,648.0,648,5.77,5.77,0,8.91,0.51,330.48,0,11,0
7627,1188.0,1188,5.53,5.53,1,10.0,0.0,0.0,0,3,1
7802,2160.0,2160,5.33,5.33,0,8.91,0.0,0.0,0,0,0
7895,1620.0,1620,5.33,5.33,0,8.91,0.04,64.8,0,24,0
7952,2160.0,2160,5.33,5.33,0,8.91,0.0,0.0,0,7,0
7994,1620.0,1620,5.61,5.61,0,8.91,0.02,32.4,0,0,0
8115,2160.0,2160,5.33,5.33,0,8.91,0.0,0.0,0,2,0
8617,1188.0,1188,5.95,5.95,0,8.91,0.0,0.0,0,0,0
9004,1620.0,1620,5.33,5.33,1,9.0,0.57,923.4,0,145,0
9010,2160.0,2160,5.33,5.33,0,8.91,0.0,0.0,0,248,0
9610,1620.0,1620,5.33,5.33,0,8.91,0.0,0.0,0,180,1
9696,1656.0,4968,5.33,15.99,0,8.91,0.0,0.0,0,142,1
9701,1188.0,1188,5.33,5.33,0,8.91,0.0,0.0,0,0,0
10830,2160.0,2160,5.33,5.33,1,7.0,0.14,302.4,0,59,0
10896,2160.0,2160,5.33,5.33,0,8.91,0.22,475.2,0,101,0
11296,1620.0,1620,5.95,5.95,0,8.91,0.3,486.0,0,52,0
11377,540.0,540,5.61,5.61,0,8.91,1.0,540.0,0,4,0
11646,2160.0,2160,5.95,5.95,0,8.91,0.0,0.0,0,195,0
12737,2160.0,2160,5.77,5.77,0,8.91,0.09,194.4,0,6,0
12832,1188.0,1188,5.33,5.33,0,8.91,0.0,0.0,0,11,0
12837,2160.0,2160,5.33,5.33,0,8.91,0.0,0.0,0,0,0
12867,324.0,324,5.95,5.95,0,8.91,0.0,0.0,0,189,0
13031,1620.0,1620,5.33,5.33,0,8.91,0.18,291.6,0,1,0
13291,2160.0,2160,5.33,5.33,0,8.91,0.0,0.0,0,0,0
13388,1620.0,1620,5.33,5.33,0,8.91,0.41,664.2,0,57,0
14000,2160.0,2160,6.58,6.58,0,8.91,0.0,0.0,0,0,0
14129,1350.0,2700,5.33,10.66,0,8.91,0.0,0.0,0,0,1
14138,2160.0,2160,5.33,5.33,0,8.91,0.36,777.6,0,29,0
14232,1620.0,1620,5.33,5.33,0,8.91,0.03,48.6,0,237,0
14235,1620.0,1620,5.33,5.33,0,8.91,0.0,0.0,0,0,0
14394,1188.0,1188,6.58,6.58,0,8.91,0.0,0.0,0,0,0
14552,2160.0,2160,6.58,6.58,0,8.91,0.0,0.0,0,0,0
14882,1620.0,1620,5.77,5.77,0,6.0,0.0,0.0,0,108,1
15134,2160.0,2160,5.33,5.33,1,10.0,0.23,496.8,0,20,0
15206,1188.0,1188,5.33,5.33,0,8.91,0.0,0.0,0,0,0
15224,1188.0,1188,5.33,5.33,1,10.0,0.5,594.0,0,258,0
15286,1620.0,1620,5.33,5.33,0,8.91,0.0,0.0,0,0,0
15449,2160.0,2160,5.33,5.33,1,9.0,0.55,1188.0,1,67,0
16003,1620.0,1620,5.33,5.33,0,8.91,0.0,0.0,0,1,0
16294,1620.0,1620,5.33,5.33,0,8.91,0.56,907.2,0,0,0
16353,1620.0,1620,5.33,5.33,1,10.0,0.09,145.8,0,35,0
16939,1620.0,1620,5.33,5.33,0,8.91,0.0,0.0,0,0,0
17150,1620.0,1620,5.33,5.33,0,8.91,0.0,0.0,0,0,0
17239,2160.0,2160,5.61,5.61,0,8.91,0.0,0.0,0,0,0
17255,1620.0,1620,5.53,5.53,0,8.91,0.26,421.2,0,31,0
17636,1188.0,1188,5.33,5.33,0,8.91,0.0,0.0,0,10,0
17648,1620.0,1620,5.61,5.61,0,8.91,0.0,0.0,0,0,0
17928,2160.0,2160,5.33,5.33,0,8.91,0.0,0.0,0,32,0
18086,2160.0,2160,5.33,5.33,0,8.91,0.0,0.0,0,0,0
18403,1620.0,1620,5.33,5.33,0,8.91,0.0,0.0,0,0,0
18714,1620.0,1620,5.33,5.33,0,8.91,0.0,0.0,0,0,0
18908,1620.0,1620,5.33,5.33,0,8.91,0.0,0.0,0,0,0
