action_type,combined_shot_type,game_event_id,game_id,lat,loc_x,loc_y,lon,minutes_remaining,period,playoffs,season,seconds_remaining,shot_distance,label,shot_type,shot_zone_area,shot_zone_basic,shot_zone_range,team_id,team_name,game_date,matchup,opponent,shot_id
Jump Shot,Jump Shot,10,20000012,33.9723,167,72,-118.1028,10,1,0,2000-01,27,18,,2PT Field Goal,Right Side(R),Mid-Range,16-24 ft.,1610612747,Los Angeles Lakers,2000-10-31,LAL @ POR,POR,1
Jump Shot,Jump Shot,12,20000012,34.0443,-157,0,-118.4268,10,1,0,2000-01,22,15,0.0,2PT Field Goal,Left Side(L),Mid-Range,8-16 ft.,1610612747,Los Angeles Lakers,2000-10-31,LAL @ POR,POR,2
Jump Shot,Jump Shot,35,20000012,33.9093,-101,135,-118.3708,7,1,0,2000-01,45,16,1.0,2PT Field Goal,Left Side Center(LC),Mid-Range,16-24 ft.,1610612747,Los Angeles Lakers,2000-10-31,LAL @ POR,POR,3
Jump Shot,Jump Shot,43,20000012,33.8693,138,175,-118.1318,6,1,0,2000-01,52,22,0.0,2PT Field Goal,Right Side Center(RC),Mid-Range,16-24 ft.,1610612747,Los Angeles Lakers,2000-10-31,LAL @ POR,POR,4
Driving Dunk Shot,Dunk,155,20000012,34.0443,0,0,-118.2698,6,2,0,2000-01,19,0,1.0,2PT Field Goal,Center(C),Restricted Area,Less Than 8 ft.,1610612747,Los Angeles Lakers,2000-10-31,LAL @ POR,POR,5
Jump Shot,Jump Shot,244,20000012,34.0553,-145,-11,-118.4148,9,3,0,2000-01,32,14,0.0,2PT Field Goal,Left Side(L),Mid-Range,8-16 ft.,1610612747,Los Angeles Lakers,2000-10-31,LAL @ POR,POR,6
Layup Shot,Layup,251,20000012,34.0443,0,0,-118.2698,8,3,0,2000-01,52,0,1.0,2PT Field Goal,Center(C),Restricted Area,Less Than 8 ft.,1610612747,Los Angeles Lakers,2000-10-31,LAL @ POR,POR,7
Jump Shot,Jump Shot,254,20000012,34.0163,1,28,-118.2688,8,3,0,2000-01,5,2,,2PT Field Goal,Center(C),Restricted Area,Less Than 8 ft.,1610612747,Los Angeles Lakers,2000-10-31,LAL @ POR,POR,8
Jump Shot,Jump Shot,265,20000012,33.9363,-65,108,-118.3348,6,3,0,2000-01,12,12,1.0,2PT Field Goal,Left Side(L),In The Paint (Non-RA),8-16 ft.,1610612747,Los Angeles Lakers,2000-10-31,LAL @ POR,POR,9
Running Jump Shot,Jump Shot,294,20000012,33.9193,-33,125,-118.3028,3,3,0,2000-01,36,12,0.0,2PT Field Goal,Center(C),In The Paint (Non-RA),8-16 ft.,1610612747,Los Angeles Lakers,2000-10-31,LAL @ POR,POR,10
Jump Shot,Jump Shot,309,20000012,33.8063,-94,238,-118.3638,1,3,0,2000-01,56,25,0.0,3PT Field Goal,Left Side Center(LC),Above the Break 3,24+ ft.,1610612747,Los Angeles Lakers,2000-10-31,LAL @ POR,POR,11
Jump Shot,Jump Shot,4,20000019,33.9173,121,127,-118.1488,11,1,0,2000-01,0,17,1.0,2PT Field Goal,Right Side Center(RC),Mid-Range,16-24 ft.,1610612747,Los Angeles Lakers,2000-11-01,LAL vs. UTA,UTA,12
Running Jump Shot,Jump Shot,27,20000019,33.9343,-67,110,-118.3368,7,1,0,2000-01,9,12,1.0,2PT Field Goal,Left Side(L),In The Paint (Non-RA),8-16 ft.,1610612747,Los Angeles Lakers,2000-11-01,LAL vs. UTA,UTA,13
Jump Shot,Jump Shot,66,20000019,34.0403,-94,4,-118.3638,2,1,0,2000-01,44,9,0.0,2PT Field Goal,Left Side(L),Mid-Range,8-16 ft.,1610612747,Los Angeles Lakers,2000-11-01,LAL vs. UTA,UTA,14
Jump Shot,Jump Shot,80,20000019,33.9973,-23,47,-118.2928,1,1,0,2000-01,16,5,0.0,2PT Field Goal,Center(C),In The Paint (Non-RA),Less Than 8 ft.,1610612747,Los Angeles Lakers,2000-11-01,LAL vs. UTA,UTA,15
Jump Shot,Jump Shot,86,20000019,33.8523,62,192,-118.2078,0,1,0,2000-01,48,20,0.0,2PT Field Goal,Center(C),Mid-Range,16-24 ft.,1610612747,Los Angeles Lakers,2000-11-01,LAL vs. UTA,UTA,16
Driving Layup Shot,Layup,100,20000019,34.0443,0,0,-118.2698,0,1,0,2000-01,1,0,,2PT Field Goal,Center(C),Restricted Area,Less Than 8 ft.,1610612747,Los Angeles Lakers,2000-11-01,LAL vs. UTA,UTA,17
Jump Shot,Jump Shot,138,20000019,33.8183,-117,226,-118.3868,8,2,0,2000-01,50,25,1.0,3PT Field Goal,Left Side Center(LC),Above the Break 3,24+ ft.,1610612747,Los Angeles Lakers,2000-11-01,LAL vs. UTA,UTA,18
Jump Shot,Jump Shot,244,20000019,33.9473,-132,97,-118.4018,11,3,0,2000-01,29,16,0.0,2PT Field Goal,Left Side Center(LC),Mid-Range,16-24 ft.,1610612747,Los Angeles Lakers,2000-11-01,LAL vs. UTA,UTA,19
Driving Layup Shot,Layup,249,20000019,34.0443,0,0,-118.2698,10,3,0,2000-01,46,0,,2PT Field Goal,Center(C),Restricted Area,Less Than 8 ft.,1610612747,Los Angeles Lakers,2000-11-01,LAL vs. UTA,UTA,20
Jump Shot,Jump Shot,255,20000019,33.9003,3,144,-118.2668,10,3,0,2000-01,8,14,0.0,2PT Field Goal,Center(C),Mid-Range,8-16 ft.,1610612747,Los Angeles Lakers,2000-11-01,LAL vs. UTA,UTA,21
Jump Shot,Jump Shot,265,20000019,33.9173,134,127,-118.1358,9,3,0,2000-01,4,18,0.0,2PT Field Goal,Right Side Center(RC),Mid-Range,16-24 ft.,1610612747,Los Angeles Lakers,2000-11-01,LAL vs. UTA,UTA,22
Running Jump Shot,Jump Shot,274,20000019,33.9343,-16,110,-118.2858,7,3,0,2000-01,57,11,1.0,2PT Field Goal,Center(C),In The Paint (Non-RA),8-16 ft.,1610612747,Los Angeles Lakers,2000-11-01,LAL vs. UTA,UTA,23
Running Jump Shot,Jump Shot,299,20000019,33.8943,-109,150,-118.3788,5,3,0,2000-01,47,18,1.0,2PT Field Goal,Left Side Center(LC),Mid-Range,16-24 ft.,1610612747,Los Angeles Lakers,2000-11-01,LAL vs. UTA,UTA,24
Running Jump Shot,Jump Shot,307,20000019,33.9813,-46,63,-118.3158,5,3,0,2000-01,11,7,1.0,2PT Field Goal,Center(C),In The Paint (Non-RA),Less Than 8 ft.,1610612747,Los Angeles Lakers,2000-11-01,LAL vs. UTA,UTA,25
Layup Shot,Layup,332,20000019,34.0443,0,0,-118.2698,2,3,0,2000-01,36,0,0.0,2PT Field Goal,Center(C),Restricted Area,Less Than 8 ft.,1610612747,Los Angeles Lakers,2000-11-01,LAL vs. UTA,UTA,26
Jump Shot,Jump Shot,345,20000019,33.8483,-58,196,-118.3278,2,3,0,2000-01,4,20,0.0,2PT Field Goal,Center(C),Mid-Range,16-24 ft.,1610612747,Los Angeles Lakers,2000-11-01,LAL vs. UTA,UTA,27
Jump Shot,Jump Shot,369,20000019,33.8583,-183,186,-118.4528,0,3,0,2000-01,30,26,0.0,3PT Field Goal,Left Side Center(LC),Above the Break 3,24+ ft.,1610612747,Los Angeles Lakers,2000-11-01,LAL vs. UTA,UTA,28
Jump Shot,Jump Shot,400,20000019,33.8713,85,173,-118.1848,8,4,0,2000-01,19,19,0.0,2PT Field Goal,Right Side Center(RC),Mid-Range,16-24 ft.,1610612747,Los Angeles Lakers,2000-11-01,LAL vs. UTA,UTA,29
Jump Shot,Jump Shot,429,20000019,33.9573,3,87,-118.2668,6,4,0,2000-01,22,8,0.0,2PT Field Goal,Center(C),In The Paint (Non-RA),8-16 ft.,1610612747,Los Angeles Lakers,2000-11-01,LAL vs. UTA,UTA,30
Running Jump Shot,Jump Shot,488,20000019,34.0403,121,4,-118.1488,1,4,0,2000-01,20,12,1.0,2PT Field Goal,Right Side(R),Mid-Range,8-16 ft.,1610612747,Los Angeles Lakers,2000-11-01,LAL vs. UTA,UTA,31
Jump Shot,Jump Shot,499,20000019,34.0103,127,34,-118.1428,0,4,0,2000-01,30,13,0.0,2PT Field Goal,Right Side(R),Mid-Range,8-16 ft.,1610612747,Los Angeles Lakers,2000-11-01,LAL vs. UTA,UTA,32
Jump Shot,Jump Shot,4,20000047,33.9683,163,76,-118.1068,11,1,0,2000-01,26,17,,2PT Field Goal,Right Side(R),Mid-Range,16-24 ft.,1610612747,Los Angeles Lakers,2000-11-04,LAL @ VAN,VAN,33
Jump Shot,Jump Shot,8,20000047,33.8503,70,194,-118.1998,10,1,0,2000-01,58,20,,2PT Field Goal,Right Side Center(RC),Mid-Range,16-24 ft.,1610612747,Los Angeles Lakers,2000-11-04,LAL @ VAN,VAN,34
Layup Shot,Layup,26,20000047,34.0253,1,19,-118.2688,7,1,0,2000-01,33,1,,2PT Field Goal,Center(C),Restricted Area,Less Than 8 ft.,1610612747,Los Angeles Lakers,2000-11-04,LAL @ VAN,VAN,35
Layup Shot,Layup,37,20000047,34.0293,-12,15,-118.2818,5,1,0,2000-01,58,1,,2PT Field Goal,Center(C),Restricted Area,Less Than 8 ft.,1610612747,Los Angeles Lakers,2000-11-04,LAL @ VAN,VAN,36
Reverse Layup Shot,Layup,53,20000047,34.0403,1,4,-118.2688,4,1,0,2000-01,9,0,,2PT Field Goal,Center(C),Restricted Area,Less Than 8 ft.,1610612747,Los Angeles Lakers,2000-11-04,LAL @ VAN,VAN,37
Jump Shot,Jump Shot,165,20000047,33.9283,-117,116,-118.3868,5,2,0,2000-01,33,16,,2PT Field Goal,Left Side Center(LC),Mid-Range,16-24 ft.,1610612747,Los Angeles Lakers,2000-11-04,LAL @ VAN,VAN,38
Jump Shot,Jump Shot,184,20000047,33.8603,91,184,-118.1788,3,2,0,2000-01,30,20,1.0,2PT Field Goal,Right Side Center(RC),Mid-Range,16-24 ft.,1610612747,Los Angeles Lakers,2000-11-04,LAL @ VAN,VAN,39
Jump Shot,Jump Shot,202,20000047,33.7723,-27,272,-118.2968,0,2,0,2000-01,4,27,1.0,3PT Field Goal,Center(C),Above the Break 3,24+ ft.,1610612747,Los Angeles Lakers,2000-11-04,LAL @ VAN,VAN,40
Jump Shot,Jump Shot,212,20000047,33.9783,-176,66,-118.4458,11,3,0,2000-01,12,18,0.0,2PT Field Goal,Left Side(L),Mid-Range,16-24 ft.,1610612747,Los Angeles Lakers,2000-11-04,LAL @ VAN,VAN,41
Layup Shot,Layup,219,20000047,34.0403,7,4,-118.2628,10,3,0,2000-01,13,0,1.0,2PT Field Goal,Center(C),Restricted Area,Less Than 8 ft.,1610612747,Los Angeles Lakers,2000-11-04,LAL @ VAN,VAN,42
Jump Shot,Jump Shot,229,20000047,33.9113,150,133,-118.1198,8,3,0,2000-01,59,20,1.0,2PT Field Goal,Right Side Center(RC),Mid-Range,16-24 ft.,1610612747,Los Angeles Lakers,2000-11-04,LAL @ VAN,VAN,43
Jump Shot,Jump Shot,233,20000047,34.0293,49,15,-118.2208,8,3,0,2000-01,29,5,0.0,2PT Field Goal,Center(C),In The Paint (Non-RA),Less Than 8 ft.,1610612747,Los Angeles Lakers,2000-11-04,LAL @ VAN,VAN,44
Layup Shot,Layup,281,20000047,34.0253,-12,19,-118.2818,4,3,0,2000-01,29,2,,2PT Field Goal,Center(C),Restricted Area,Less Than 8 ft.,1610612747,Los Angeles Lakers,2000-11-04,LAL @ VAN,VAN,45
Layup Shot,Layup,289,20000047,34.0403,-4,4,-118.2738,3,3,0,2000-01,21,0,1.0,2PT Field Goal,Center(C),Restricted Area,Less Than 8 ft.,1610612747,Los Angeles Lakers,2000-11-04,LAL @ VAN,VAN,46
Reverse Dunk Shot,Dunk,295,20000047,34.0403,-4,4,-118.2738,2,3,0,2000-01,55,0,0.0,2PT Field Goal,Center(C),Restricted Area,Less Than 8 ft.,1610612747,Los Angeles Lakers,2000-11-04,LAL @ VAN,VAN,47
Slam Dunk Shot,Dunk,300,20000047,34.0353,1,9,-118.2688,2,3,0,2000-01,38,0,1.0,2PT Field Goal,Center(C),Restricted Area,Less Than 8 ft.,1610612747,Los Angeles Lakers,2000-11-04,LAL @ VAN,VAN,48
Jump Shot,Jump Shot,398,20000047,33.9243,121,120,-118.1488,4,4,0,2000-01,55,17,1.0,2PT Field Goal,Right Side Center(RC),Mid-Range,16-24 ft.,1610612747,Los Angeles Lakers,2000-11-04,LAL @ VAN,VAN,49
Jump Shot,Jump Shot,410,20000047,34.0143,-176,30,-118.4458,3,4,0,2000-01,19,17,,2PT Field Goal,Left Side(L),Mid-Range,16-24 ft.,1610612747,Los Angeles Lakers,2000-11-04,LAL @ VAN,VAN,50
Layup Shot,Layup,445,20000047,34.0353,1,9,-118.2688,1,4,0,2000-01,8,0,0.0,2PT Field Goal,Center(C),Restricted Area,Less Than 8 ft.,1610612747,Los Angeles Lakers,2000-11-04,LAL @ VAN,VAN,51
Layup Shot,Layup,446,20000047,34.0353,-12,9,-118.2818,1,4,0,2000-01,6,1,0.0,2PT Field Goal,Center(C),Restricted Area,Less Than 8 ft.,1610612747,Los Angeles Lakers,2000-11-04,LAL @ VAN,VAN,52
Jump Shot,Jump Shot,7,20000049,33.9743,24,70,-118.2458,10,1,0,2000-01,33,7,0.0,2PT Field Goal,Center(C),In The Paint (Non-RA),Less Than 8 ft.,1610612747,Los Angeles Lakers,2000-11-05,LAL vs. LAC,LAC,53
Jump Shot,Jump Shot,11,20000049,34.0483,-189,-4,-118.4588,10,1,0,2000-01,4,18,0.0,2PT Field Goal,Left Side(L),Mid-Range,16-24 ft.,1610612747,Los Angeles Lakers,2000-11-05,LAL vs. LAC,LAC,54
Jump Shot,Jump Shot,60,20000049,33.7973,-141,247,-118.4108,4,1,0,2000-01,58,28,,3PT Field Goal,Left Side Center(LC),Above the Break 3,24+ ft.,1610612747,Los Angeles Lakers,2000-11-05,LAL vs. LAC,LAC,55
Jump Shot,Jump Shot,80,20000049,33.8503,-155,194,-118.4248,2,1,0,2000-01,33,24,0.0,3PT Field Goal,Left Side Center(LC),Above the Break 3,24+ ft.,1610612747,Los Angeles Lakers,2000-11-05,LAL vs. LAC,LAC,56
Jump Shot,Jump Shot,105,20000049,33.8163,1,228,-118.2688,11,2,0,2000-01,26,22,1.0,3PT Field Goal,Center(C),Mid-Range,16-24 ft.,1610612747,Los Angeles Lakers,2000-11-05,LAL vs. LAC,LAC,57
Driving Layup Shot,Layup,132,20000049,34.0443,0,0,-118.2698,8,2,0,2000-01,40,0,1.0,2PT Field Goal,Center(C),Restricted Area,Less Than 8 ft.,1610612747,Los Angeles Lakers,2000-11-05,LAL vs. LAC,LAC,58
Slam Dunk Shot,Dunk,190,20000049,34.0443,0,0,-118.2698,4,2,0,2000-01,5,0,1.0,2PT Field Goal,Center(C),Restricted Area,Less Than 8 ft.,1610612747,Los Angeles Lakers,2000-11-05,LAL vs. LAC,LAC,59
Jump Shot,Jump Shot,199,20000049,33.8033,146,241,-118.1238,3,2,0,2000-01,10,28,,3PT Field Goal,Right Side Center(RC),Above the Break 3,24+ ft.,1610612747,Los Angeles Lakers,2000-11-05,LAL vs. LAC,LAC,60
Jump Shot,Jump Shot,214,20000049,33.9363,-33,108,-118.3028,2,2,0,2000-01,2,11,0.0,2PT Field Goal,Center(C),In The Paint (Non-RA),8-16 ft.,1610612747,Los Angeles Lakers,2000-11-05,LAL vs. LAC,LAC,61
Layup Shot,Layup,232,20000049,33.9953,22,49,-118.2478,0,2,0,2000-01,47,5,1.0,2PT Field Goal,Center(C),In The Paint (Non-RA),Less Than 8 ft.,1610612747,Los Angeles Lakers,2000-11-05,LAL vs. LAC,LAC,62
Driving Layup Shot,Layup,260,20000049,34.0443,0,0,-118.2698,9,3,0,2000-01,32,0,0.0,2PT Field Goal,Center(C),Restricted Area,Less Than 8 ft.,1610612747,Los Angeles Lakers,2000-11-05,LAL vs. LAC,LAC,63
Driving Layup Shot,Layup,353,20000049,34.0233,56,21,-118.2138,0,3,0,2000-01,37,5,0.0,2PT Field Goal,Center(C),In The Paint (Non-RA),Less Than 8 ft.,1610612747,Los Angeles Lakers,2000-11-05,LAL vs. LAC,LAC,64
Running Jump Shot,Jump Shot,369,20000049,34.0183,121,26,-118.1488,0,3,0,2000-01,1,12,1.0,2PT Field Goal,Right Side(R),Mid-Range,8-16 ft.,1610612747,Los Angeles Lakers,2000-11-05,LAL vs. LAC,LAC,65
Jump Shot,Jump Shot,397,20000049,33.9533,-10,91,-118.2798,10,4,0,2000-01,13,9,,2PT Field Goal,Center(C),In The Paint (Non-RA),8-16 ft.,1610612747,Los Angeles Lakers,2000-11-05,LAL vs. LAC,LAC,66
Jump Shot,Jump Shot,22,20000058,34.0083,-119,36,-118.3888,9,1,0,2000-01,6,12,,2PT Field Goal,Left Side(L),Mid-Range,8-16 ft.,1610612747,Los Angeles Lakers,2000-11-07,LAL @ HOU,HOU,67
Jump Shot,Jump Shot,28,20000058,33.9873,231,57,-118.0388,8,1,0,2000-01,17,23,0.0,3PT Field Goal,Right Side(R),Right Corner 3,24+ ft.,1610612747,Los Angeles Lakers,2000-11-07,LAL @ HOU,HOU,68
Driving Layup Shot,Layup,33,20000058,34.0443,0,0,-118.2698,7,1,0,2000-01,53,0,1.0,2PT Field Goal,Center(C),Restricted Area,Less Than 8 ft.,1610612747,Los Angeles Lakers,2000-11-07,LAL @ HOU,HOU,69
Driving Dunk Shot,Dunk,41,20000058,34.0443,0,0,-118.2698,7,1,0,2000-01,1,0,1.0,2PT Field Goal,Center(C),Restricted Area,Less Than 8 ft.,1610612747,Los Angeles Lakers,2000-11-07,LAL @ HOU,HOU,70
Jump Shot,Jump Shot,55,20000058,33.9343,159,110,-118.1108,5,1,0,2000-01,15,19,,2PT Field Goal,Right Side(R),Mid-Range,16-24 ft.,1610612747,Los Angeles Lakers,2000-11-07,LAL @ HOU,HOU,71
Jump Shot,Jump Shot,73,20000058,33.7873,7,257,-118.2628,3,1,0,2000-01,11,25,1.0,3PT Field Goal,Center(C),Above the Break 3,24+ ft.,1610612747,Los Angeles Lakers,2000-11-07,LAL @ HOU,HOU,72
Driving Layup Shot,Layup,131,20000058,34.0443,0,0,-118.2698,7,2,0,2000-01,56,0,1.0,2PT Field Goal,Center(C),Restricted Area,Less Than 8 ft.,1610612747,Los Angeles Lakers,2000-11-07,LAL @ HOU,HOU,73
Jump Shot,Jump Shot,186,20000058,33.9873,51,57,-118.2188,2,2,0,2000-01,40,7,0.0,2PT Field Goal,Center(C),In The Paint (Non-RA),Less Than 8 ft.,1610612747,Los Angeles Lakers,2000-11-07,LAL @ HOU,HOU,74
Jump Shot,Jump Shot,201,20000058,33.8543,167,190,-118.1028,0,2,0,2000-01,10,25,0.0,3PT Field Goal,Right Side Center(RC),Above the Break 3,24+ ft.,1610612747,Los Angeles Lakers,2000-11-07,LAL @ HOU,HOU,75
Jump Shot,Jump Shot,215,20000058,33.8543,-119,190,-118.3888,11,3,0,2000-01,2,22,1.0,2PT Field Goal,Left Side Center(LC),Mid-Range,16-24 ft.,1610612747,Los Angeles Lakers,2000-11-07,LAL @ HOU,HOU,76
Jump Shot,Jump Shot,225,20000058,33.9873,16,57,-118.2538,9,3,0,2000-01,10,5,0.0,2PT Field Goal,Center(C),In The Paint (Non-RA),Less Than 8 ft.,1610612747,Los Angeles Lakers,2000-11-07,LAL @ HOU,HOU,77
Jump Shot,Jump Shot,236,20000058,33.9343,-84,110,-118.3538,7,3,0,2000-01,24,13,0.0,2PT Field Goal,Left Side(L),Mid-Range,8-16 ft.,1610612747,Los Angeles Lakers,2000-11-07,LAL @ HOU,HOU,78
Jump Shot,Jump Shot,306,20000058,34.0023,-71,42,-118.3408,0,3,0,2000-01,1,8,0.0,2PT Field Goal,Left Side(L),In The Paint (Non-RA),8-16 ft.,1610612747,Los Angeles Lakers,2000-11-07,LAL @ HOU,HOU,79
Jump Shot,Jump Shot,313,20000058,33.9973,58,47,-118.2118,11,4,0,2000-01,49,7,,2PT Field Goal,Center(C),In The Paint (Non-RA),Less Than 8 ft.,1610612747,Los Angeles Lakers,2000-11-07,LAL @ HOU,HOU,80
Jump Shot,Jump Shot,368,20000058,33.9113,30,133,-118.2398,5,4,0,2000-01,1,13,1.0,2PT Field Goal,Center(C),In The Paint (Non-RA),8-16 ft.,1610612747,Los Angeles Lakers,2000-11-07,LAL @ HOU,HOU,81
Jump Shot,Jump Shot,425,20000058,33.8883,1,156,-118.2688,0,4,0,2000-01,46,15,0.0,2PT Field Goal,Center(C),Mid-Range,8-16 ft.,1610612747,Los Angeles Lakers,2000-11-07,LAL @ HOU,HOU,82
Jump Shot,Jump Shot,2,20000068,33.8333,132,211,-118.1378,11,1,0,2000-01,41,24,0.0,3PT Field Goal,Right Side Center(RC),Above the Break 3,24+ ft.,1610612747,Los Angeles Lakers,2000-11-08,LAL @ SAS,SAS,83
Slam Dunk Shot,Dunk,11,20000068,34.0403,-8,4,-118.2778,10,1,0,2000-01,59,0,0.0,2PT Field Goal,Center(C),Restricted Area,Less Than 8 ft.,1610612747,Los Angeles Lakers,2000-11-08,LAL @ SAS,SAS,84
Jump Shot,Jump Shot,20,20000068,33.9743,-29,70,-118.2988,9,1,0,2000-01,48,7,,2PT Field Goal,Center(C),In The Paint (Non-RA),Less Than 8 ft.,1610612747,Los Angeles Lakers,2000-11-08,LAL @ SAS,SAS,85
Turnaround Jump Shot,Jump Shot,33,20000068,33.9953,-124,49,-118.3938,7,1,0,2000-01,26,13,,2PT Field Goal,Left Side(L),Mid-Range,8-16 ft.,1610612747,Los Angeles Lakers,2000-11-08,LAL @ SAS,SAS,86
Jump Shot,Jump Shot,39,20000068,33.9173,132,127,-118.1378,6,1,0,2000-01,36,18,1.0,2PT Field Goal,Right Side Center(RC),Mid-Range,16-24 ft.,1610612747,Los Angeles Lakers,2000-11-08,LAL @ SAS,SAS,87
Jump Shot,Jump Shot,44,20000068,33.8563,-29,188,-118.2988,5,1,0,2000-01,54,19,1.0,2PT Field Goal,Center(C),Mid-Range,16-24 ft.,1610612747,Los Angeles Lakers,2000-11-08,LAL @ SAS,SAS,88
Jump Shot,Jump Shot,70,20000068,33.9683,140,76,-118.1298,2,1,0,2000-01,24,15,1.0,2PT Field Goal,Right Side(R),Mid-Range,8-16 ft.,1610612747,Los Angeles Lakers,2000-11-08,LAL @ SAS,SAS,89
Turnaround Jump Shot,Jump Shot,74,20000068,34.0443,140,0,-118.1298,1,1,0,2000-01,48,14,1.0,2PT Field Goal,Right Side(R),Mid-Range,8-16 ft.,1610612747,Los Angeles Lakers,2000-11-08,LAL @ SAS,SAS,90
Jump Shot,Jump Shot,79,20000068,33.8883,-1,156,-118.2708,1,1,0,2000-01,25,15,1.0,2PT Field Goal,Center(C),Mid-Range,8-16 ft.,1610612747,Los Angeles Lakers,2000-11-08,LAL @ SAS,SAS,91
Jump Shot,Jump Shot,82,20000068,34.0403,-151,4,-118.4208,0,1,0,2000-01,47,15,1.0,2PT Field Goal,Left Side(L),Mid-Range,8-16 ft.,1610612747,Los Angeles Lakers,2000-11-08,LAL @ SAS,SAS,92
Jump Shot,Jump Shot,101,20000068,33.9683,110,76,-118.1598,10,2,0,2000-01,57,13,0.0,2PT Field Goal,Right Side(R),Mid-Range,8-16 ft.,1610612747,Los Angeles Lakers,2000-11-08,LAL @ SAS,SAS,93
Jump Shot,Jump Shot,115,20000068,33.9573,132,87,-118.1378,9,2,0,2000-01,37,15,0.0,2PT Field Goal,Right Side(R),Mid-Range,8-16 ft.,1610612747,Los Angeles Lakers,2000-11-08,LAL @ SAS,SAS,94
Turnaround Jump Shot,Jump Shot,180,20000068,34.0403,132,4,-118.1378,4,2,0,2000-01,25,13,,2PT Field Goal,Right Side(R),Mid-Range,8-16 ft.,1610612747,Los Angeles Lakers,2000-11-08,LAL @ SAS,SAS,95
Jump Shot,Jump Shot,184,20000068,33.7933,-58,251,-118.3278,3,2,0,2000-01,50,25,1.0,3PT Field Goal,Center(C),Above the Break 3,24+ ft.,1610612747,Los Angeles Lakers,2000-11-08,LAL @ SAS,SAS,96
Jump Shot,Jump Shot,192,20000068,33.8843,-94,160,-118.3638,3,2,0,2000-01,15,18,1.0,2PT Field Goal,Left Side Center(LC),Mid-Range,16-24 ft.,1610612747,Los Angeles Lakers,2000-11-08,LAL @ SAS,SAS,97
Jump Shot,Jump Shot,215,20000068,33.8943,-193,150,-118.4628,0,2,0,2000-01,53,24,0.0,3PT Field Goal,Left Side Center(LC),Above the Break 3,24+ ft.,1610612747,Los Angeles Lakers,2000-11-08,LAL @ SAS,SAS,98
Jump Shot,Jump Shot,217,20000068,34.0443,140,0,-118.1298,0,2,0,2000-01,48,14,1.0,2PT Field Goal,Right Side(R),Mid-Range,8-16 ft.,1610612747,Los Angeles Lakers,2000-11-08,LAL @ SAS,SAS,99
Jump Shot,Jump Shot,228,20000068,34.0353,39,9,-118.2308,11,3,0,2000-01,26,4,0.0,2PT Field Goal,Center(C),In The Paint (Non-RA),Less Than 8 ft.,1610612747,Los Angeles Lakers,2000-11-08,LAL @ SAS,SAS,100
Jump Shot,Jump Shot,241,20000068,33.8943,24,150,-118.2458,9,3,0,2000-01,20,15,0.0,2PT Field Goal,Center(C),Mid-Range,8-16 ft.,1610612747,Los Angeles Lakers,2000-11-08,LAL @ SAS,SAS,101
Slam Dunk Shot,Dunk,253,20000068,34.0443,-1,0,-118.2708,7,3,0,2000-01,53,0,1.0,2PT Field Goal,Center(C),Restricted Area,Less Than 8 ft.,1610612747,Los Angeles Lakers,2000-11-08,LAL @ SAS,SAS,102
Jump Shot,Jump Shot,262,20000068,33.9113,119,133,-118.1508,6,3,0,2000-01,40,17,1.0,2PT Field Goal,Right Side Center(RC),Mid-Range,16-24 ft.,1610612747,Los Angeles Lakers,2000-11-08,LAL @ SAS,SAS,103
Jump Shot,Jump Shot,286,20000068,33.9073,-101,137,-118.3708,4,3,0,2000-01,16,17,,2PT Field Goal,Left Side Center(LC),Mid-Range,16-24 ft.,1610612747,Los Angeles Lakers,2000-11-08,LAL @ SAS,SAS,104
Jump Shot,Jump Shot,300,20000068,34.0253,119,19,-118.1508,3,3,0,2000-01,0,12,0.0,2PT Field Goal,Right Side(R),Mid-Range,8-16 ft.,1610612747,Los Angeles Lakers,2000-11-08,LAL @ SAS,SAS,105
Jump Shot,Jump Shot,314,20000068,34.0023,-193,42,-118.4628,0,3,0,2000-01,48,19,0.0,2PT Field Goal,Left Side(L),Mid-Range,16-24 ft.,1610612747,Los Angeles Lakers,2000-11-08,LAL @ SAS,SAS,106
Jump Shot,Jump Shot,322,20000068,33.9893,-166,55,-118.4358,0,3,0,2000-01,21,17,0.0,2PT Field Goal,Left Side(L),Mid-Range,16-24 ft.,1610612747,Los Angeles Lakers,2000-11-08,LAL @ SAS,SAS,107
Jump Shot,Jump Shot,339,20000068,33.9283,24,116,-118.2458,10,4,0,2000-01,39,11,0.0,2PT Field Goal,Center(C),In The Paint (Non-RA),8-16 ft.,1610612747,Los Angeles Lakers,2000-11-08,LAL @ SAS,SAS,108
Jump Shot,Jump Shot,365,20000068,33.8883,-65,156,-118.3348,7,4,0,2000-01,8,16,0.0,2PT Field Goal,Left Side Center(LC),Mid-Range,16-24 ft.,1610612747,Los Angeles Lakers,2000-11-08,LAL @ SAS,SAS,109
Turnaround Jump Shot,Jump Shot,370,20000068,34.0183,-166,26,-118.4358,6,4,0,2000-01,25,16,1.0,2PT Field Goal,Left Side(L),Mid-Range,16-24 ft.,1610612747,Los Angeles Lakers,2000-11-08,LAL @ SAS,SAS,110
Jump Shot,Jump Shot,379,20000068,33.9683,-58,76,-118.3278,5,4,0,2000-01,14,9,0.0,2PT Field Goal,Left Side(L),In The Paint (Non-RA),8-16 ft.,1610612747,Los Angeles Lakers,2000-11-08,LAL @ SAS,SAS,111
Jump Shot,Jump Shot,395,20000068,33.9743,-37,70,-118.3068,3,4,0,2000-01,38,7,0.0,2PT Field Goal,Center(C),In The Paint (Non-RA),Less Than 8 ft.,1610612747,Los Angeles Lakers,2000-11-08,LAL @ SAS,SAS,112
Jump Shot,Jump Shot,418,20000068,33.8943,-151,150,-118.4208,0,4,0,2000-01,43,21,,2PT Field Goal,Left Side Center(LC),Mid-Range,16-24 ft.,1610612747,Los Angeles Lakers,2000-11-08,LAL @ SAS,SAS,113
Jump Shot,Jump Shot,4,20000098,33.8563,-94,188,-118.3638,11,1,0,2000-01,9,21,0.0,2PT Field Goal,Left Side Center(LC),Mid-Range,16-24 ft.,1610612747,Los Angeles Lakers,2000-11-12,LAL vs. HOU,HOU,114
Driving Layup Shot,Layup,11,20000098,34.0443,0,0,-118.2698,10,1,0,2000-01,17,0,0.0,2PT Field Goal,Center(C),Restricted Area,Less Than 8 ft.,1610612747,Los Angeles Lakers,2000-11-12,LAL vs. HOU,HOU,115
Reverse Layup Shot,Layup,19,20000098,34.0443,0,0,-118.2698,9,1,0,2000-01,23,0,0.0,2PT Field Goal,Center(C),Restricted Area,Less Than 8 ft.,1610612747,Los Angeles Lakers,2000-11-12,LAL vs. HOU,HOU,116
Tip Shot,Tip Shot,20,20000098,34.0443,0,0,-118.2698,9,1,0,2000-01,21,0,0.0,2PT Field Goal,Center(C),Restricted Area,Less Than 8 ft.,1610612747,Los Angeles Lakers,2000-11-12,LAL vs. HOU,HOU,117
Slam Dunk Shot,Dunk,111,20000098,34.0443,0,0,-118.2698,3,1,0,2000-01,2,0,1.0,2PT Field Goal,Center(C),Restricted Area,Less Than 8 ft.,1610612747,Los Angeles Lakers,2000-11-12,LAL vs. HOU,HOU,118
Driving Layup Shot,Layup,130,20000098,34.0443,0,0,-118.2698,0,1,0,2000-01,44,0,1.0,2PT Field Goal,Center(C),Restricted Area,Less Than 8 ft.,1610612747,Los Angeles Lakers,2000-11-12,LAL vs. HOU,HOU,119
Jump Shot,Jump Shot,135,20000098,33.9033,85,141,-118.1848,0,1,0,2000-01,21,16,0.0,2PT Field Goal,Right Side Center(RC),Mid-Range,16-24 ft.,1610612747,Los Angeles Lakers,2000-11-12,LAL vs. HOU,HOU,120
Jump Shot,Jump Shot,170,20000098,33.8863,-88,158,-118.3578,8,2,0,2000-01,50,18,1.0,2PT Field Goal,Left Side Center(LC),Mid-Range,16-24 ft.,1610612747,Los Angeles Lakers,2000-11-12,LAL vs. HOU,HOU,121
Driving Dunk Shot,Dunk,174,20000098,34.0443,0,0,-118.2698,8,2,0,2000-01,18,0,1.0,2PT Field Goal,Center(C),Restricted Area,Less Than 8 ft.,1610612747,Los Angeles Lakers,2000-11-12,LAL vs. HOU,HOU,122
Jump Shot,Jump Shot,217,20000098,33.9913,-155,53,-118.4248,2,2,0,2000-01,40,16,,2PT Field Goal,Left Side(L),Mid-Range,16-24 ft.,1610612747,Los Angeles Lakers,2000-11-12,LAL vs. HOU,HOU,123
Running Hook Shot,Hook Shot,236,20000098,34.0443,0,0,-118.2698,0,2,0,2000-01,30,0,1.0,2PT Field Goal,Center(C),Restricted Area,Less Than 8 ft.,1610612747,Los Angeles Lakers,2000-11-12,LAL vs. HOU,HOU,124
Jump Shot,Jump Shot,240,20000098,33.7683,1,276,-118.2688,0,2,0,2000-01,4,27,1.0,3PT Field Goal,Center(C),Above the Break 3,24+ ft.,1610612747,Los Angeles Lakers,2000-11-12,LAL vs. HOU,HOU,125
Running Jump Shot,Jump Shot,261,20000098,33.9113,-96,133,-118.3658,9,3,0,2000-01,59,16,,2PT Field Goal,Left Side Center(LC),Mid-Range,16-24 ft.,1610612747,Los Angeles Lakers,2000-11-12,LAL vs. HOU,HOU,126
Jump Shot,Jump Shot,274,20000098,34.0523,155,-8,-118.1148,8,3,0,2000-01,38,15,1.0,2PT Field Goal,Right Side(R),Mid-Range,8-16 ft.,1610612747,Los Angeles Lakers,2000-11-12,LAL vs. HOU,HOU,127
Jump Shot,Jump Shot,307,20000098,34.0313,-155,13,-118.4248,5,3,0,2000-01,18,15,1.0,2PT Field Goal,Left Side(L),Mid-Range,8-16 ft.,1610612747,Los Angeles Lakers,2000-11-12,LAL vs. HOU,HOU,128
Jump Shot,Jump Shot,309,20000098,33.9113,-84,133,-118.3538,4,3,0,2000-01,34,15,0.0,2PT Field Goal,Left Side(L),Mid-Range,8-16 ft.,1610612747,Los Angeles Lakers,2000-11-12,LAL vs. HOU,HOU,129
Jump Shot,Jump Shot,317,20000098,34.0523,-178,-8,-118.4478,3,3,0,2000-01,51,17,0.0,2PT Field Goal,Left Side(L),Mid-Range,16-24 ft.,1610612747,Los Angeles Lakers,2000-11-12,LAL vs. HOU,HOU,130
Jump Shot,Jump Shot,320,20000098,33.9553,16,89,-118.2538,3,3,0,2000-01,40,9,0.0,2PT Field Goal,Center(C),In The Paint (Non-RA),8-16 ft.,1610612747,Los Angeles Lakers,2000-11-12,LAL vs. HOU,HOU,131
Jump Shot,Jump Shot,322,20000098,33.9383,-48,106,-118.3178,3,3,0,2000-01,33,11,1.0,2PT Field Goal,Center(C),In The Paint (Non-RA),8-16 ft.,1610612747,Los Angeles Lakers,2000-11-12,LAL vs. HOU,HOU,132
Reverse Layup Shot,Layup,327,20000098,34.0443,0,0,-118.2698,2,3,0,2000-01,56,0,,2PT Field Goal,Center(C),Restricted Area,Less Than 8 ft.,1610612747,Los Angeles Lakers,2000-11-12,LAL vs. HOU,HOU,133
Jump Shot,Jump Shot,340,20000098,34.0313,-170,13,-118.4398,2,3,0,2000-01,5,17,0.0,2PT Field Goal,Left Side(L),Mid-Range,16-24 ft.,1610612747,Los Angeles Lakers,2000-11-12,LAL vs. HOU,HOU,134
Jump Shot,Jump Shot,362,20000098,33.9113,-119,133,-118.3888,0,3,0,2000-01,14,17,0.0,2PT Field Goal,Left Side Center(LC),Mid-Range,16-24 ft.,1610612747,Los Angeles Lakers,2000-11-12,LAL vs. HOU,HOU,135
Jump Shot,Jump Shot,381,20000098,34.0043,9,40,-118.2608,10,4,0,2000-01,52,4,0.0,2PT Field Goal,Center(C),In The Paint (Non-RA),Less Than 8 ft.,1610612747,Los Angeles Lakers,2000-11-12,LAL vs. HOU,HOU,136
Jump Shot,Jump Shot,426,20000098,33.9623,-84,82,-118.3538,6,4,0,2000-01,34,11,0.0,2PT Field Goal,Left Side(L),Mid-Range,8-16 ft.,1610612747,Los Angeles Lakers,2000-11-12,LAL vs. HOU,HOU,137
Jump Shot,Jump Shot,444,20000098,33.9853,9,59,-118.2608,4,4,0,2000-01,57,5,0.0,2PT Field Goal,Center(C),In The Paint (Non-RA),Less Than 8 ft.,1610612747,Los Angeles Lakers,2000-11-12,LAL vs. HOU,HOU,138
Driving Dunk Shot,Dunk,468,20000098,34.0443,0,0,-118.2698,3,4,0,2000-01,28,0,1.0,2PT Field Goal,Center(C),Restricted Area,Less Than 8 ft.,1610612747,Los Angeles Lakers,2000-11-12,LAL vs. HOU,HOU,139
Running Jump Shot,Jump Shot,488,20000098,33.9853,9,59,-118.2608,1,4,0,2000-01,38,5,1.0,2PT Field Goal,Center(C),In The Paint (Non-RA),Less Than 8 ft.,1610612747,Los Angeles Lakers,2000-11-12,LAL vs. HOU,HOU,140
Jump Shot,Jump Shot,492,20000098,34.0083,45,36,-118.2248,1,4,0,2000-01,5,5,,2PT Field Goal,Center(C),In The Paint (Non-RA),Less Than 8 ft.,1610612747,Los Angeles Lakers,2000-11-12,LAL vs. HOU,HOU,141
Tip Shot,Tip Shot,493,20000098,34.0443,0,0,-118.2698,1,4,0,2000-01,3,0,0.0,2PT Field Goal,Center(C),Restricted Area,Less Than 8 ft.,1610612747,Los Angeles Lakers,2000-11-12,LAL vs. HOU,HOU,142
Driving Layup Shot,Layup,34,20000108,34.0443,0,0,-118.2698,7,1,0,2000-01,43,0,0.0,2PT Field Goal,Center(C),Restricted Area,Less Than 8 ft.,1610612747,Los Angeles Lakers,2000-11-14,LAL vs. DEN,DEN,143
Jump Shot,Jump Shot,55,20000108,34.0333,237,11,-118.0328,4,1,0,2000-01,52,23,,3PT Field Goal,Right Side(R),Right Corner 3,24+ ft.,1610612747,Los Angeles Lakers,2000-11-14,LAL vs. DEN,DEN,144
Alley Oop Dunk Shot,Dunk,77,20000108,34.0443,0,0,-118.2698,3,1,0,2000-01,8,0,1.0,2PT Field Goal,Center(C),Restricted Area,Less Than 8 ft.,1610612747,Los Angeles Lakers,2000-11-14,LAL vs. DEN,DEN,145
Jump Shot,Jump Shot,86,20000108,34.0483,129,-4,-118.1408,2,1,0,2000-01,25,12,1.0,2PT Field Goal,Right Side(R),Mid-Range,8-16 ft.,1610612747,Los Angeles Lakers,2000-11-14,LAL vs. DEN,DEN,146
Jump Shot,Jump Shot,93,20000108,33.9473,-98,97,-118.3678,0,1,0,2000-01,48,13,1.0,2PT Field Goal,Left Side(L),Mid-Range,8-16 ft.,1610612747,Los Angeles Lakers,2000-11-14,LAL vs. DEN,DEN,147
Jump Shot,Jump Shot,108,20000108,33.9663,167,78,-118.1028,11,2,0,2000-01,16,18,0.0,2PT Field Goal,Right Side(R),Mid-Range,16-24 ft.,1610612747,Los Angeles Lakers,2000-11-14,LAL vs. DEN,DEN,148
Jump Shot,Jump Shot,118,20000108,33.7953,108,249,-118.1618,10,2,0,2000-01,19,27,0.0,3PT Field Goal,Right Side Center(RC),Above the Break 3,24+ ft.,1610612747,Los Angeles Lakers,2000-11-14,LAL vs. DEN,DEN,149
Driving Layup Shot,Layup,120,20000108,34.0443,0,0,-118.2698,10,2,0,2000-01,5,0,,2PT Field Goal,Center(C),Restricted Area,Less Than 8 ft.,1610612747,Los Angeles Lakers,2000-11-14,LAL vs. DEN,DEN,150
Running Jump Shot,Jump Shot,129,20000108,33.8693,100,175,-118.1698,9,2,0,2000-01,7,20,1.0,2PT Field Goal,Right Side Center(RC),Mid-Range,16-24 ft.,1610612747,Los Angeles Lakers,2000-11-14,LAL vs. DEN,DEN,151
Jump Shot,Jump Shot,179,20000108,33.8753,7,169,-118.2628,4,2,0,2000-01,14,16,,2PT Field Goal,Center(C),Mid-Range,16-24 ft.,1610612747,Los Angeles Lakers,2000-11-14,LAL vs. DEN,DEN,152
Driving Layup Shot,Layup,186,20000108,34.0443,0,0,-118.2698,3,2,0,2000-01,22,0,,2PT Field Goal,Center(C),Restricted Area,Less Than 8 ft.,1610612747,Los Angeles Lakers,2000-11-14,LAL vs. DEN,DEN,153
Layup Shot,Layup,199,20000108,34.0443,0,0,-118.2698,1,2,0,2000-01,54,0,0.0,2PT Field Goal,Center(C),Restricted Area,Less Than 8 ft.,1610612747,Los Angeles Lakers,2000-11-14,LAL vs. DEN,DEN,154
Driving Layup Shot,Layup,219,20000108,34.0443,0,0,-118.2698,0,2,0,2000-01,28,0,0.0,2PT Field Goal,Center(C),Restricted Area,Less Than 8 ft.,1610612747,Los Angeles Lakers,2000-11-14,LAL vs. DEN,DEN,155
Tip Shot,Tip Shot,220,20000108,34.0443,0,0,-118.2698,0,2,0,2000-01,26,0,,2PT Field Goal,Center(C),Restricted Area,Less Than 8 ft.,1610612747,Los Angeles Lakers,2000-11-14,LAL vs. DEN,DEN,156
Jump Shot,Jump Shot,243,20000108,33.8753,115,169,-118.1548,10,3,0,2000-01,23,20,0.0,2PT Field Goal,Right Side Center(RC),Mid-Range,16-24 ft.,1610612747,Los Angeles Lakers,2000-11-14,LAL vs. DEN,DEN,157
Jump Shot,Jump Shot,303,20000108,33.9723,1,72,-118.2688,5,3,0,2000-01,23,7,0.0,2PT Field Goal,Center(C),In The Paint (Non-RA),Less Than 8 ft.,1610612747,Los Angeles Lakers,2000-11-14,LAL vs. DEN,DEN,158
Reverse Dunk Shot,Dunk,318,20000108,34.0443,0,0,-118.2698,3,3,0,2000-01,53,0,,2PT Field Goal,Center(C),Restricted Area,Less Than 8 ft.,1610612747,Los Angeles Lakers,2000-11-14,LAL vs. DEN,DEN,159
Driving Dunk Shot,Dunk,352,20000108,34.0443,0,0,-118.2698,0,3,0,2000-01,37,0,1.0,2PT Field Goal,Center(C),Restricted Area,Less Than 8 ft.,1610612747,Los Angeles Lakers,2000-11-14,LAL vs. DEN,DEN,160
Jump Shot,Jump Shot,360,20000108,33.8143,113,230,-118.1568,11,4,0,2000-01,43,25,1.0,3PT Field Goal,Right Side Center(RC),Above the Break 3,24+ ft.,1610612747,Los Angeles Lakers,2000-11-14,LAL vs. DEN,DEN,161
Layup Shot,Layup,368,20000108,34.0443,0,0,-118.2698,10,4,0,2000-01,28,0,1.0,2PT Field Goal,Center(C),Restricted Area,Less Than 8 ft.,1610612747,Los Angeles Lakers,2000-11-14,LAL vs. DEN,DEN,162
Slam Dunk Shot,Dunk,371,20000108,34.0443,0,0,-118.2698,10,4,0,2000-01,11,0,1.0,2PT Field Goal,Center(C),Restricted Area,Less Than 8 ft.,1610612747,Los Angeles Lakers,2000-11-14,LAL vs. DEN,DEN,163
Layup Shot,Layup,416,20000108,34.0443,0,0,-118.2698,5,4,0,2000-01,37,0,0.0,2PT Field Goal,Center(C),Restricted Area,Less Than 8 ft.,1610612747,Los Angeles Lakers,2000-11-14,LAL vs. DEN,DEN,164
Dunk Shot,Dunk,418,20000108,34.0443,0,0,-118.2698,5,4,0,2000-01,32,0,,2PT Field Goal,Center(C),Restricted Area,Less Than 8 ft.,1610612747,Los Angeles Lakers,2000-11-14,LAL vs. DEN,DEN,165
Jump Shot,Jump Shot,2,20000124,33.8503,98,194,-118.1718,11,1,0,2000-01,42,21,1.0,2PT Field Goal,Right Side Center(RC),Mid-Range,16-24 ft.,1610612747,Los Angeles Lakers,2000-11-16,LAL @ SAC,SAC,166
Jump Shot,Jump Shot,5,20000124,33.8603,-117,184,-118.3868,11,1,0,2000-01,7,21,0.0,2PT Field Goal,Left Side Center(LC),Mid-Range,16-24 ft.,1610612747,Los Angeles Lakers,2000-11-16,LAL @ SAC,SAC,167
Jump Shot,Jump Shot,24,20000124,34.0463,-168,-2,-118.4378,8,1,0,2000-01,53,16,0.0,2PT Field Goal,Left Side(L),Mid-Range,16-24 ft.,1610612747,Los Angeles Lakers,2000-11-16,LAL @ SAC,SAC,168
Jump Shot,Jump Shot,31,20000124,34.0083,70,36,-118.1998,8,1,0,2000-01,16,7,0.0,2PT Field Goal,Center(C),In The Paint (Non-RA),Less Than 8 ft.,1610612747,Los Angeles Lakers,2000-11-16,LAL @ SAC,SAC,169
Driving Layup Shot,Layup,34,20000124,34.0443,0,0,-118.2698,7,1,0,2000-01,43,0,0.0,2PT Field Goal,Center(C),Restricted Area,Less Than 8 ft.,1610612747,Los Angeles Lakers,2000-11-16,LAL @ SAC,SAC,170
Jump Shot,Jump Shot,70,20000124,34.0023,-37,42,-118.3068,2,1,0,2000-01,47,5,1.0,2PT Field Goal,Center(C),In The Paint (Non-RA),Less Than 8 ft.,1610612747,Los Angeles Lakers,2000-11-16,LAL @ SAC,SAC,171
Jump Shot,Jump Shot,77,20000124,33.8503,70,194,-118.1998,1,1,0,2000-01,36,20,,2PT Field Goal,Right Side Center(RC),Mid-Range,16-24 ft.,1610612747,Los Angeles Lakers,2000-11-16,LAL @ SAC,SAC,172
Jump Shot,Jump Shot,79,20000124,33.9283,163,116,-118.1068,1,1,0,2000-01,5,20,0.0,2PT Field Goal,Right Side(R),Mid-Range,16-24 ft.,1610612747,Los Angeles Lakers,2000-11-16,LAL @ SAC,SAC,173
Jump Shot,Jump Shot,139,20000124,33.8653,113,179,-118.1568,8,2,0,2000-01,13,21,1.0,2PT Field Goal,Right Side Center(RC),Mid-Range,16-24 ft.,1610612747,Los Angeles Lakers,2000-11-16,LAL @ SAC,SAC,174
Jump Shot,Jump Shot,150,20000124,34.0463,169,-2,-118.1008,6,2,0,2000-01,27,16,1.0,2PT Field Goal,Right Side(R),Mid-Range,16-24 ft.,1610612747,Los Angeles Lakers,2000-11-16,LAL @ SAC,SAC,175
Jump Shot,Jump Shot,200,20000124,33.8883,91,156,-118.1788,0,2,0,2000-01,52,18,0.0,2PT Field Goal,Right Side Center(RC),Mid-Range,16-24 ft.,1610612747,Los Angeles Lakers,2000-11-16,LAL @ SAC,SAC,176
Jump Shot,Jump Shot,209,20000124,33.9513,134,93,-118.1358,0,2,0,2000-01,19,16,0.0,2PT Field Goal,Right Side(R),Mid-Range,16-24 ft.,1610612747,Los Angeles Lakers,2000-11-16,LAL @ SAC,SAC,177
Jump Shot,Jump Shot,212,20000124,33.5673,47,477,-118.2228,0,2,0,2000-01,0,47,0.0,3PT Field Goal,Back Court(BC),Backcourt,Back Court Shot,1610612747,Los Angeles Lakers,2000-11-16,LAL @ SAC,SAC,178
Jump Shot,Jump Shot,240,20000124,33.9073,11,137,-118.2588,8,3,0,2000-01,52,13,0.0,2PT Field Goal,Center(C),In The Paint (Non-RA),8-16 ft.,1610612747,Los Angeles Lakers,2000-11-16,LAL @ SAC,SAC,179
Jump Shot,Jump Shot,304,20000124,34.0313,199,13,-118.0708,2,3,0,2000-01,55,19,0.0,2PT Field Goal,Right Side(R),Mid-Range,16-24 ft.,1610612747,Los Angeles Lakers,2000-11-16,LAL @ SAC,SAC,180
Jump Shot,Jump Shot,323,20000124,33.8083,77,236,-118.1928,0,3,0,2000-01,1,24,0.0,3PT Field Goal,Right Side Center(RC),Above the Break 3,24+ ft.,1610612747,Los Angeles Lakers,2000-11-16,LAL @ SAC,SAC,181
Alley Oop Dunk Shot,Dunk,328,20000124,34.0443,0,0,-118.2698,11,4,0,2000-01,44,0,,2PT Field Goal,Center(C),Restricted Area,Less Than 8 ft.,1610612747,Los Angeles Lakers,2000-11-16,LAL @ SAC,SAC,182
Jump Shot,Jump Shot,341,20000124,33.7973,11,247,-118.2588,9,4,0,2000-01,18,24,0.0,3PT Field Goal,Center(C),Above the Break 3,24+ ft.,1610612747,Los Angeles Lakers,2000-11-16,LAL @ SAC,SAC,183
Jump Shot,Jump Shot,378,20000124,33.8143,-103,230,-118.3728,5,4,0,2000-01,43,25,0.0,3PT Field Goal,Left Side Center(LC),Above the Break 3,24+ ft.,1610612747,Los Angeles Lakers,2000-11-16,LAL @ SAC,SAC,184
Jump Shot,Jump Shot,437,20000124,33.7973,-31,247,-118.3008,0,4,0,2000-01,2,24,1.0,3PT Field Goal,Center(C),Above the Break 3,24+ ft.,1610612747,Los Angeles Lakers,2000-11-16,LAL @ SAC,SAC,185
Jump Shot,Jump Shot,478,20000124,33.9453,-10,99,-118.2798,2,5,0,2000-01,5,9,1.0,2PT Field Goal,Center(C),In The Paint (Non-RA),8-16 ft.,1610612747,Los Angeles Lakers,2000-11-16,LAL @ SAC,SAC,186
Jump Shot,Jump Shot,480,20000124,33.9443,13,100,-118.2568,2,5,0,2000-01,7,10,0.0,2PT Field Goal,Center(C),In The Paint (Non-RA),8-16 ft.,1610612747,Los Angeles Lakers,2000-11-16,LAL @ SAC,SAC,187
Jump Shot,Jump Shot,498,20000124,33.8443,-73,200,-118.3428,0,5,0,2000-01,24,21,1.0,2PT Field Goal,Left Side Center(LC),Mid-Range,16-24 ft.,1610612747,Los Angeles Lakers,2000-11-16,LAL @ SAC,SAC,188
Jump Shot,Jump Shot,18,20000140,33.8603,-77,184,-118.3468,10,1,0,2000-01,5,19,1.0,2PT Field Goal,Left Side Center(LC),Mid-Range,16-24 ft.,1610612747,Los Angeles Lakers,2000-11-18,LAL @ DEN,DEN,189
Jump Shot,Jump Shot,25,20000140,33.8673,188,177,-118.0818,9,1,0,2000-01,7,25,0.0,3PT Field Goal,Right Side Center(RC),Above the Break 3,24+ ft.,1610612747,Los Angeles Lakers,2000-11-18,LAL @ DEN,DEN,190
Driving Layup Shot,Layup,31,20000140,34.0443,0,0,-118.2698,8,1,0,2000-01,15,0,0.0,2PT Field Goal,Center(C),Restricted Area,Less Than 8 ft.,1610612747,Los Angeles Lakers,2000-11-18,LAL @ DEN,DEN,191
Jump Shot,Jump Shot,54,20000140,34.0503,174,-6,-118.0958,6,1,0,2000-01,24,17,,2PT Field Goal,Right Side(R),Mid-Range,16-24 ft.,1610612747,Los Angeles Lakers,2000-11-18,LAL @ DEN,DEN,192
Driving Layup Shot,Layup,57,20000140,34.0443,0,0,-118.2698,6,1,0,2000-01,2,0,,2PT Field Goal,Center(C),Restricted Area,Less Than 8 ft.,1610612747,Los Angeles Lakers,2000-11-18,LAL @ DEN,DEN,193
Jump Shot,Jump Shot,70,20000140,33.9073,-128,137,-118.3978,4,1,0,2000-01,22,18,0.0,2PT Field Goal,Left Side Center(LC),Mid-Range,16-24 ft.,1610612747,Los Angeles Lakers,2000-11-18,LAL @ DEN,DEN,194
Alley Oop Dunk Shot,Dunk,73,20000140,34.0443,0,0,-118.2698,4,1,0,2000-01,9,0,1.0,2PT Field Goal,Center(C),Restricted Area,Less Than 8 ft.,1610612747,Los Angeles Lakers,2000-11-18,LAL @ DEN,DEN,195
Jump Shot,Jump Shot,100,20000140,34.0403,153,4,-118.1168,0,1,0,2000-01,18,15,,2PT Field Goal,Right Side(R),Mid-Range,8-16 ft.,1610612747,Los Angeles Lakers,2000-11-18,LAL @ DEN,DEN,196
Jump Shot,Jump Shot,112,20000140,33.9513,1,93,-118.2688,11,2,0,2000-01,19,9,0.0,2PT Field Goal,Center(C),In The Paint (Non-RA),8-16 ft.,1610612747,Los Angeles Lakers,2000-11-18,LAL @ DEN,DEN,197
Jump Shot,Jump Shot,158,20000140,33.8843,115,160,-118.1548,6,2,0,2000-01,51,19,1.0,2PT Field Goal,Right Side Center(RC),Mid-Range,16-24 ft.,1610612747,Los Angeles Lakers,2000-11-18,LAL @ DEN,DEN,198
Jump Shot,Jump Shot,162,20000140,33.8443,159,200,-118.1108,6,2,0,2000-01,11,25,1.0,3PT Field Goal,Right Side Center(RC),Above the Break 3,24+ ft.,1610612747,Los Angeles Lakers,2000-11-18,LAL @ DEN,DEN,199
Jump Shot,Jump Shot,238,20000140,34.0443,167,0,-118.1028,0,2,0,2000-01,21,16,0.0,2PT Field Goal,Right Side(R),Mid-Range,16-24 ft.,1610612747,Los Angeles Lakers,2000-11-18,LAL @ DEN,DEN,200
Jump Shot,Jump Shot,246,20000140,33.7993,-162,245,-118.4318,11,3,0,2000-01,17,29,0.0,3PT Field Goal,Left Side Center(LC),Above the Break 3,24+ ft.,1610612747,Los Angeles Lakers,2000-11-18,LAL @ DEN,DEN,201
Jump Shot,Jump Shot,256,20000140,33.9783,-162,66,-118.4318,10,3,0,2000-01,5,17,,2PT Field Goal,Left Side(L),Mid-Range,16-24 ft.,1610612747,Los Angeles Lakers,2000-11-18,LAL @ DEN,DEN,202
Jump Shot,Jump Shot,269,20000140,34.0503,167,-6,-118.1028,8,3,0,2000-01,35,16,0.0,2PT Field Goal,Right Side(R),Mid-Range,16-24 ft.,1610612747,Los Angeles Lakers,2000-11-18,LAL @ DEN,DEN,203
Jump Shot,Jump Shot,285,20000140,33.8943,-4,150,-118.2738,6,3,0,2000-01,24,15,1.0,2PT Field Goal,Center(C),Mid-Range,8-16 ft.,1610612747,Los Angeles Lakers,2000-11-18,LAL @ DEN,DEN,204
Jump Shot,Jump Shot,297,20000140,34.0353,-185,9,-118.4548,5,3,0,2000-01,1,18,1.0,2PT Field Goal,Left Side(L),Mid-Range,16-24 ft.,1610612747,Los Angeles Lakers,2000-11-18,LAL @ DEN,DEN,205
Jump Shot,Jump Shot,311,20000140,34.0253,237,19,-118.0328,3,3,0,2000-01,21,23,1.0,3PT Field Goal,Right Side(R),Right Corner 3,24+ ft.,1610612747,Los Angeles Lakers,2000-11-18,LAL @ DEN,DEN,206
Jump Shot,Jump Shot,333,20000140,34.0253,-229,19,-118.4988,0,3,0,2000-01,47,22,1.0,3PT Field Goal,Left Side(L),Left Corner 3,24+ ft.,1610612747,Los Angeles Lakers,2000-11-18,LAL @ DEN,DEN,207
Driving Layup Shot,Layup,350,20000140,34.0443,0,0,-118.2698,11,4,0,2000-01,10,0,0.0,2PT Field Goal,Center(C),Restricted Area,Less Than 8 ft.,1610612747,Los Angeles Lakers,2000-11-18,LAL @ DEN,DEN,208
Reverse Dunk Shot,Dunk,398,20000140,34.0443,0,0,-118.2698,7,4,0,2000-01,10,0,1.0,2PT Field Goal,Center(C),Restricted Area,Less Than 8 ft.,1610612747,Los Angeles Lakers,2000-11-18,LAL @ DEN,DEN,209
Jump Shot,Jump Shot,411,20000140,33.8883,-214,156,-118.4838,5,4,0,2000-01,19,26,,3PT Field Goal,Left Side Center(LC),Above the Break 3,24+ ft.,1610612747,Los Angeles Lakers,2000-11-18,LAL @ DEN,DEN,210
Jump Shot,Jump Shot,425,20000140,33.9073,-149,137,-118.4188,3,4,0,2000-01,38,20,,2PT Field Goal,Left Side Center(LC),Mid-Range,16-24 ft.,1610612747,Los Angeles Lakers,2000-11-18,LAL @ DEN,DEN,211
Jump Shot,Jump Shot,448,20000140,33.9623,37,82,-118.2328,1,4,0,2000-01,18,8,1.0,2PT Field Goal,Center(C),In The Paint (Non-RA),8-16 ft.,1610612747,Los Angeles Lakers,2000-11-18,LAL @ DEN,DEN,212
Jump Shot,Jump Shot,450,20000140,33.9573,-42,87,-118.3118,0,4,0,2000-01,46,9,0.0,2PT Field Goal,Center(C),In The Paint (Non-RA),8-16 ft.,1610612747,Los Angeles Lakers,2000-11-18,LAL @ DEN,DEN,213
Jump Shot,Jump Shot,17,20000147,33.7973,28,247,-118.2418,9,1,0,2000-01,3,24,0.0,3PT Field Goal,Center(C),Above the Break 3,24+ ft.,1610612747,Los Angeles Lakers,2000-11-19,LAL vs. CHI,CHI,214
Jump Shot,Jump Shot,48,20000147,33.9473,7,97,-118.2628,6,1,0,2000-01,10,9,0.0,2PT Field Goal,Center(C),In The Paint (Non-RA),8-16 ft.,1610612747,Los Angeles Lakers,2000-11-19,LAL vs. CHI,CHI,215
Slam Dunk Shot,Dunk,83,20000147,34.0443,0,0,-118.2698,3,1,0,2000-01,10,0,1.0,2PT Field Goal,Center(C),Restricted Area,Less Than 8 ft.,1610612747,Los Angeles Lakers,2000-11-19,LAL vs. CHI,CHI,216
Layup Shot,Layup,114,20000147,34.0443,0,0,-118.2698,0,1,0,2000-01,13,0,0.0,2PT Field Goal,Center(C),Restricted Area,Less Than 8 ft.,1610612747,Los Angeles Lakers,2000-11-19,LAL vs. CHI,CHI,217
Slam Dunk Shot,Dunk,153,20000147,34.0443,0,0,-118.2698,7,2,0,2000-01,24,0,1.0,2PT Field Goal,Center(C),Restricted Area,Less Than 8 ft.,1610612747,Los Angeles Lakers,2000-11-19,LAL vs. CHI,CHI,218
Jump Shot,Jump Shot,166,20000147,33.9093,115,135,-118.1548,6,2,0,2000-01,3,17,0.0,2PT Field Goal,Right Side Center(RC),Mid-Range,16-24 ft.,1610612747,Los Angeles Lakers,2000-11-19,LAL vs. CHI,CHI,219
Jump Shot,Jump Shot,213,20000147,33.8603,142,184,-118.1278,0,2,0,2000-01,44,23,0.0,2PT Field Goal,Right Side Center(RC),Mid-Range,16-24 ft.,1610612747,Los Angeles Lakers,2000-11-19,LAL vs. CHI,CHI,220
Slam Dunk Shot,Dunk,224,20000147,34.0443,0,0,-118.2698,11,3,0,2000-01,24,0,1.0,2PT Field Goal,Center(C),Restricted Area,Less Than 8 ft.,1610612747,Los Angeles Lakers,2000-11-19,LAL vs. CHI,CHI,221
Layup Shot,Layup,229,20000147,34.0443,0,0,-118.2698,10,3,0,2000-01,19,0,1.0,2PT Field Goal,Center(C),Restricted Area,Less Than 8 ft.,1610612747,Los Angeles Lakers,2000-11-19,LAL vs. CHI,CHI,222
Jump Shot,Jump Shot,231,20000147,33.8813,79,163,-118.1908,9,3,0,2000-01,45,18,0.0,2PT Field Goal,Right Side Center(RC),Mid-Range,16-24 ft.,1610612747,Los Angeles Lakers,2000-11-19,LAL vs. CHI,CHI,223
Jump Shot,Jump Shot,251,20000147,33.9033,142,141,-118.1278,7,3,0,2000-01,22,20,1.0,2PT Field Goal,Right Side Center(RC),Mid-Range,16-24 ft.,1610612747,Los Angeles Lakers,2000-11-19,LAL vs. CHI,CHI,224
Jump Shot,Jump Shot,257,20000147,33.9193,30,125,-118.2398,6,3,0,2000-01,43,12,0.0,2PT Field Goal,Center(C),In The Paint (Non-RA),8-16 ft.,1610612747,Los Angeles Lakers,2000-11-19,LAL vs. CHI,CHI,225
Running Jump Shot,Jump Shot,276,20000147,33.9473,-60,97,-118.3298,4,3,0,2000-01,55,11,1.0,2PT Field Goal,Left Side(L),In The Paint (Non-RA),8-16 ft.,1610612747,Los Angeles Lakers,2000-11-19,LAL vs. CHI,CHI,226
Driving Layup Shot,Layup,302,20000147,34.0443,0,0,-118.2698,1,3,0,2000-01,34,0,0.0,2PT Field Goal,Center(C),Restricted Area,Less Than 8 ft.,1610612747,Los Angeles Lakers,2000-11-19,LAL vs. CHI,CHI,227
Driving Dunk Shot,Dunk,322,20000147,34.0443,0,0,-118.2698,0,3,0,2000-01,4,0,,2PT Field Goal,Center(C),Restricted Area,Less Than 8 ft.,1610612747,Los Angeles Lakers,2000-11-19,LAL vs. CHI,CHI,228
Jump Shot,Jump Shot,330,20000147,33.7993,115,245,-118.1548,11,4,0,2000-01,13,27,0.0,3PT Field Goal,Right Side Center(RC),Above the Break 3,24+ ft.,1610612747,Los Angeles Lakers,2000-11-19,LAL vs. CHI,CHI,229
Jump Shot,Jump Shot,334,20000147,33.8603,-132,184,-118.4018,10,4,0,2000-01,52,22,0.0,2PT Field Goal,Left Side Center(LC),Mid-Range,16-24 ft.,1610612747,Los Angeles Lakers,2000-11-19,LAL vs. CHI,CHI,230
Driving Layup Shot,Layup,342,20000147,34.0443,0,0,-118.2698,10,4,0,2000-01,12,0,0.0,2PT Field Goal,Center(C),Restricted Area,Less Than 8 ft.,1610612747,Los Angeles Lakers,2000-11-19,LAL vs. CHI,CHI,231
Layup Shot,Layup,344,20000147,34.0443,0,0,-118.2698,10,4,0,2000-01,8,0,0.0,2PT Field Goal,Center(C),Restricted Area,Less Than 8 ft.,1610612747,Los Angeles Lakers,2000-11-19,LAL vs. CHI,CHI,232
Running Jump Shot,Jump Shot,437,20000147,33.9683,-25,76,-118.2948,2,4,0,2000-01,20,8,1.0,2PT Field Goal,Center(C),In The Paint (Non-RA),8-16 ft.,1610612747,Los Angeles Lakers,2000-11-19,LAL vs. CHI,CHI,233
Jump Shot,Jump Shot,440,20000147,33.9363,-145,108,-118.4148,1,4,0,2000-01,37,18,0.0,2PT Field Goal,Left Side Center(LC),Mid-Range,16-24 ft.,1610612747,Los Angeles Lakers,2000-11-19,LAL vs. CHI,CHI,234
Jump Shot,Jump Shot,454,20000147,34.0733,-208,-29,-118.4778,0,4,0,2000-01,31,21,0.0,2PT Field Goal,Left Side(L),Mid-Range,16-24 ft.,1610612747,Los Angeles Lakers,2000-11-19,LAL vs. CHI,CHI,235
Jump Shot,Jump Shot,10,20000168,33.8963,-105,148,-118.3748,10,1,0,2000-01,5,18,1.0,2PT Field Goal,Left Side Center(LC),Mid-Range,16-24 ft.,1610612747,Los Angeles Lakers,2000-11-22,LAL vs. GSW,GSW,236
Jump Shot,Jump Shot,26,20000168,33.8693,-48,175,-118.3178,8,1,0,2000-01,0,18,0.0,2PT Field Goal,Center(C),Mid-Range,16-24 ft.,1610612747,Los Angeles Lakers,2000-11-22,LAL vs. GSW,GSW,237
Jump Shot,Jump Shot,51,20000168,33.7973,-77,247,-118.3468,4,1,0,2000-01,58,25,0.0,3PT Field Goal,Center(C),Above the Break 3,24+ ft.,1610612747,Los Angeles Lakers,2000-11-22,LAL vs. GSW,GSW,238
Driving Layup Shot,Layup,74,20000168,34.0443,0,0,-118.2698,2,1,0,2000-01,36,0,1.0,2PT Field Goal,Center(C),Restricted Area,Less Than 8 ft.,1610612747,Los Angeles Lakers,2000-11-22,LAL vs. GSW,GSW,239
Layup Shot,Layup,81,20000168,34.0443,0,0,-118.2698,2,1,0,2000-01,20,0,0.0,2PT Field Goal,Center(C),Restricted Area,Less Than 8 ft.,1610612747,Los Angeles Lakers,2000-11-22,LAL vs. GSW,GSW,240
Slam Dunk Shot,Dunk,84,20000168,34.0443,0,0,-118.2698,2,1,0,2000-01,8,0,1.0,2PT Field Goal,Center(C),Restricted Area,Less Than 8 ft.,1610612747,Los Angeles Lakers,2000-11-22,LAL vs. GSW,GSW,241
Jump Shot,Jump Shot,87,20000168,33.8183,142,226,-118.1278,1,1,0,2000-01,43,26,1.0,3PT Field Goal,Right Side Center(RC),Above the Break 3,24+ ft.,1610612747,Los Angeles Lakers,2000-11-22,LAL vs. GSW,GSW,242
Alley Oop Dunk Shot,Dunk,121,20000168,34.0443,0,0,-118.2698,10,2,0,2000-01,17,0,1.0,2PT Field Goal,Center(C),Restricted Area,Less Than 8 ft.,1610612747,Los Angeles Lakers,2000-11-22,LAL vs. GSW,GSW,243
Jump Shot,Jump Shot,134,20000168,33.8733,-63,171,-118.3328,9,2,0,2000-01,16,18,1.0,2PT Field Goal,Left Side Center(LC),Mid-Range,16-24 ft.,1610612747,Los Angeles Lakers,2000-11-22,LAL vs. GSW,GSW,244
Alley Oop Dunk Shot,Dunk,192,20000168,34.0443,0,0,-118.2698,3,2,0,2000-01,34,0,1.0,2PT Field Goal,Center(C),Restricted Area,Less Than 8 ft.,1610612747,Los Angeles Lakers,2000-11-22,LAL vs. GSW,GSW,245
Jump Shot,Jump Shot,202,20000168,33.8693,64,175,-118.2058,2,2,0,2000-01,30,18,1.0,2PT Field Goal,Right Side Center(RC),Mid-Range,16-24 ft.,1610612747,Los Angeles Lakers,2000-11-22,LAL vs. GSW,GSW,246
Driving Dunk Shot,Dunk,241,20000168,34.0443,0,0,-118.2698,9,3,0,2000-01,52,0,1.0,2PT Field Goal,Center(C),Restricted Area,Less Than 8 ft.,1610612747,Los Angeles Lakers,2000-11-22,LAL vs. GSW,GSW,247
Driving Layup Shot,Layup,246,20000168,34.0443,0,0,-118.2698,9,3,0,2000-01,12,0,1.0,2PT Field Goal,Center(C),Restricted Area,Less Than 8 ft.,1610612747,Los Angeles Lakers,2000-11-22,LAL vs. GSW,GSW,248
Jump Shot,Jump Shot,271,20000168,33.8083,115,236,-118.1548,6,3,0,2000-01,31,26,1.0,3PT Field Goal,Right Side Center(RC),Above the Break 3,24+ ft.,1610612747,Los Angeles Lakers,2000-11-22,LAL vs. GSW,GSW,249
Dunk Shot,Dunk,273,20000168,34.0443,0,0,-118.2698,6,3,0,2000-01,9,0,0.0,2PT Field Goal,Center(C),Restricted Area,Less Than 8 ft.,1610612747,Los Angeles Lakers,2000-11-22,LAL vs. GSW,GSW,250
Turnaround Jump Shot,Jump Shot,288,20000168,34.0373,163,7,-118.1068,5,3,0,2000-01,20,16,0.0,2PT Field Goal,Right Side(R),Mid-Range,16-24 ft.,1610612747,Los Angeles Lakers,2000-11-22,LAL vs. GSW,GSW,251
Layup Shot,Layup,331,20000168,34.0443,0,0,-118.2698,2,3,0,2000-01,6,0,0.0,2PT Field Goal,Center(C),Restricted Area,Less Than 8 ft.,1610612747,Los Angeles Lakers,2000-11-22,LAL vs. GSW,GSW,252
Driving Layup Shot,Layup,333,20000168,34.0443,0,0,-118.2698,2,3,0,2000-01,0,0,1.0,2PT Field Goal,Center(C),Restricted Area,Less Than 8 ft.,1610612747,Los Angeles Lakers,2000-11-22,LAL vs. GSW,GSW,253
Layup Shot,Layup,342,20000168,34.0443,0,0,-118.2698,1,3,0,2000-01,26,0,1.0,2PT Field Goal,Center(C),Restricted Area,Less Than 8 ft.,1610612747,Los Angeles Lakers,2000-11-22,LAL vs. GSW,GSW,254
Jump Shot,Jump Shot,8,20000180,34.0043,64,40,-118.2058,10,1,0,2000-01,33,7,0.0,2PT Field Goal,Center(C),In The Paint (Non-RA),Less Than 8 ft.,1610612747,Los Angeles Lakers,2000-11-24,LAL vs. MIN,MIN,255
Running Jump Shot,Jump Shot,45,20000180,34.0463,-105,-2,-118.3748,7,1,0,2000-01,33,10,1.0,2PT Field Goal,Left Side(L),Mid-Range,8-16 ft.,1610612747,Los Angeles Lakers,2000-11-24,LAL vs. MIN,MIN,256
Jump Shot,Jump Shot,56,20000180,33.8903,106,154,-118.1638,6,1,0,2000-01,22,18,,2PT Field Goal,Right Side Center(RC),Mid-Range,16-24 ft.,1610612747,Los Angeles Lakers,2000-11-24,LAL vs. MIN,MIN,257
Reverse Layup Shot,Layup,60,20000180,34.0443,0,0,-118.2698,5,1,0,2000-01,52,0,1.0,2PT Field Goal,Center(C),Restricted Area,Less Than 8 ft.,1610612747,Los Angeles Lakers,2000-11-24,LAL vs. MIN,MIN,258
Jump Shot,Jump Shot,83,20000180,33.9493,64,95,-118.2058,3,1,0,2000-01,56,11,1.0,2PT Field Goal,Right Side(R),In The Paint (Non-RA),8-16 ft.,1610612747,Los Angeles Lakers,2000-11-24,LAL vs. MIN,MIN,259
Jump Shot,Jump Shot,86,20000180,33.8903,106,154,-118.1638,3,1,0,2000-01,25,18,,2PT Field Goal,Right Side Center(RC),Mid-Range,16-24 ft.,1610612747,Los Angeles Lakers,2000-11-24,LAL vs. MIN,MIN,260
Jump Shot,Jump Shot,107,20000180,34.0423,-132,2,-118.4018,1,1,0,2000-01,4,13,1.0,2PT Field Goal,Left Side(L),Mid-Range,8-16 ft.,1610612747,Los Angeles Lakers,2000-11-24,LAL vs. MIN,MIN,261
Jump Shot,Jump Shot,242,20000180,34.0273,73,17,-118.1968,10,3,0,2000-01,53,7,0.0,2PT Field Goal,Center(C),In The Paint (Non-RA),Less Than 8 ft.,1610612747,Los Angeles Lakers,2000-11-24,LAL vs. MIN,MIN,262
Dunk Shot,Dunk,252,20000180,34.0443,0,0,-118.2698,9,3,0,2000-01,45,0,1.0,2PT Field Goal,Center(C),Restricted Area,Less Than 8 ft.,1610612747,Los Angeles Lakers,2000-11-24,LAL vs. MIN,MIN,263
Jump Shot,Jump Shot,256,20000180,33.9073,115,137,-118.1548,9,3,0,2000-01,18,17,,2PT Field Goal,Right Side Center(RC),Mid-Range,16-24 ft.,1610612747,Los Angeles Lakers,2000-11-24,LAL vs. MIN,MIN,264
Jump Shot,Jump Shot,276,20000180,33.8903,-132,154,-118.4018,6,3,0,2000-01,24,20,0.0,2PT Field Goal,Left Side Center(LC),Mid-Range,16-24 ft.,1610612747,Los Angeles Lakers,2000-11-24,LAL vs. MIN,MIN,265
Layup Shot,Layup,279,20000180,34.0443,0,0,-118.2698,5,3,0,2000-01,58,0,1.0,2PT Field Goal,Center(C),Restricted Area,Less Than 8 ft.,1610612747,Los Angeles Lakers,2000-11-24,LAL vs. MIN,MIN,266
Turnaround Jump Shot,Jump Shot,308,20000180,34.0633,-141,-19,-118.4108,3,3,0,2000-01,12,14,,2PT Field Goal,Left Side(L),Mid-Range,8-16 ft.,1610612747,Los Angeles Lakers,2000-11-24,LAL vs. MIN,MIN,267
Jump Shot,Jump Shot,315,20000180,34.0213,235,23,-118.0348,2,3,0,2000-01,42,23,0.0,3PT Field Goal,Right Side(R),Right Corner 3,24+ ft.,1610612747,Los Angeles Lakers,2000-11-24,LAL vs. MIN,MIN,268
Jump Shot,Jump Shot,346,20000180,33.8693,28,175,-118.2418,0,3,0,2000-01,21,17,1.0,2PT Field Goal,Center(C),Mid-Range,16-24 ft.,1610612747,Los Angeles Lakers,2000-11-24,LAL vs. MIN,MIN,269
Jump Shot,Jump Shot,356,20000180,33.8733,184,171,-118.0858,11,4,0,2000-01,38,25,1.0,3PT Field Goal,Right Side Center(RC),Above the Break 3,24+ ft.,1610612747,Los Angeles Lakers,2000-11-24,LAL vs. MIN,MIN,270
Running Jump Shot,Jump Shot,373,20000180,33.9833,127,61,-118.1428,9,4,0,2000-01,50,14,0.0,2PT Field Goal,Right Side(R),Mid-Range,8-16 ft.,1610612747,Los Angeles Lakers,2000-11-24,LAL vs. MIN,MIN,271
Turnaround Jump Shot,Jump Shot,377,20000180,33.9553,28,89,-118.2418,9,4,0,2000-01,36,9,1.0,2PT Field Goal,Center(C),In The Paint (Non-RA),8-16 ft.,1610612747,Los Angeles Lakers,2000-11-24,LAL vs. MIN,MIN,272
Jump Shot,Jump Shot,395,20000180,33.8313,-84,213,-118.3538,7,4,0,2000-01,30,22,1.0,2PT Field Goal,Left Side Center(LC),Mid-Range,16-24 ft.,1610612747,Los Angeles Lakers,2000-11-24,LAL vs. MIN,MIN,273
Running Jump Shot,Jump Shot,418,20000180,33.9003,-119,144,-118.3888,5,4,0,2000-01,24,18,1.0,2PT Field Goal,Left Side Center(LC),Mid-Range,16-24 ft.,1610612747,Los Angeles Lakers,2000-11-24,LAL vs. MIN,MIN,274
Running Jump Shot,Jump Shot,14,20000198,33.9343,0,110,-118.2698,10,1,0,2000-01,25,11,0.0,2PT Field Goal,Center(C),In The Paint (Non-RA),8-16 ft.,1610612747,Los Angeles Lakers,2000-11-27,LAL @ LAC,LAC,275
Driving Layup Shot,Layup,47,20000198,34.0443,0,0,-118.2698,7,1,0,2000-01,14,0,1.0,2PT Field Goal,Center(C),Restricted Area,Less Than 8 ft.,1610612747,Los Angeles Lakers,2000-11-27,LAL @ LAC,LAC,276
Jump Shot,Jump Shot,52,20000198,33.9643,127,80,-118.1428,6,1,0,2000-01,17,15,0.0,2PT Field Goal,Right Side(R),Mid-Range,8-16 ft.,1610612747,Los Angeles Lakers,2000-11-27,LAL @ LAC,LAC,277
Jump Shot,Jump Shot,57,20000198,33.8253,-143,219,-118.4128,5,1,0,2000-01,44,26,1.0,3PT Field Goal,Left Side Center(LC),Above the Break 3,24+ ft.,1610612747,Los Angeles Lakers,2000-11-27,LAL @ LAC,LAC,278
Alley Oop Dunk Shot,Dunk,62,20000198,34.0443,0,0,-118.2698,5,1,0,2000-01,17,0,,2PT Field Goal,Center(C),Restricted Area,Less Than 8 ft.,1610612747,Los Angeles Lakers,2000-11-27,LAL @ LAC,LAC,279
Jump Shot,Jump Shot,155,20000198,33.9033,77,141,-118.1928,7,2,0,2000-01,18,16,1.0,2PT Field Goal,Right Side Center(RC),Mid-Range,16-24 ft.,1610612747,Los Angeles Lakers,2000-11-27,LAL @ LAC,LAC,280
Running Jump Shot,Jump Shot,161,20000198,33.9743,-6,70,-118.2758,6,2,0,2000-01,35,7,1.0,2PT Field Goal,Center(C),In The Paint (Non-RA),Less Than 8 ft.,1610612747,Los Angeles Lakers,2000-11-27,LAL @ LAC,LAC,281
Jump Shot,Jump Shot,207,20000198,33.9033,98,141,-118.1718,2,2,0,2000-01,38,17,,2PT Field Goal,Right Side Center(RC),Mid-Range,16-24 ft.,1610612747,Los Angeles Lakers,2000-11-27,LAL @ LAC,LAC,282
Driving Layup Shot,Layup,215,20000198,34.0443,0,0,-118.2698,2,2,0,2000-01,8,0,1.0,2PT Field Goal,Center(C),Restricted Area,Less Than 8 ft.,1610612747,Los Angeles Lakers,2000-11-27,LAL @ LAC,LAC,283
Layup Shot,Layup,218,20000198,34.0443,0,0,-118.2698,1,2,0,2000-01,39,0,1.0,2PT Field Goal,Center(C),Restricted Area,Less Than 8 ft.,1610612747,Los Angeles Lakers,2000-11-27,LAL @ LAC,LAC,284
Jump Shot,Jump Shot,228,20000198,33.8293,144,215,-118.1258,0,2,0,2000-01,36,25,1.0,3PT Field Goal,Right Side Center(RC),Above the Break 3,24+ ft.,1610612747,Los Angeles Lakers,2000-11-27,LAL @ LAC,LAC,285
Jump Shot,Jump Shot,255,20000198,33.8673,-63,177,-118.3328,11,3,0,2000-01,24,18,0.0,2PT Field Goal,Left Side Center(LC),Mid-Range,16-24 ft.,1610612747,Los Angeles Lakers,2000-11-27,LAL @ LAC,LAC,286
Jump Shot,Jump Shot,287,20000198,33.7853,100,259,-118.1698,7,3,0,2000-01,20,27,0.0,3PT Field Goal,Right Side Center(RC),Above the Break 3,24+ ft.,1610612747,Los Angeles Lakers,2000-11-27,LAL @ LAC,LAC,287
Turnaround Jump Shot,Jump Shot,309,20000198,33.9663,-48,78,-118.3178,4,3,0,2000-01,53,9,1.0,2PT Field Goal,Left Side(L),In The Paint (Non-RA),8-16 ft.,1610612747,Los Angeles Lakers,2000-11-27,LAL @ LAC,LAC,288
Jump Shot,Jump Shot,315,20000198,33.8463,153,198,-118.1168,3,3,0,2000-01,42,25,0.0,3PT Field Goal,Right Side Center(RC),Above the Break 3,24+ ft.,1610612747,Los Angeles Lakers,2000-11-27,LAL @ LAC,LAC,289
Alley Oop Layup shot,Layup,325,20000198,34.0233,-56,21,-118.3258,2,3,0,2000-01,15,5,1.0,2PT Field Goal,Center(C),In The Paint (Non-RA),Less Than 8 ft.,1610612747,Los Angeles Lakers,2000-11-27,LAL @ LAC,LAC,290
Driving Layup Shot,Layup,343,20000198,34.0443,0,0,-118.2698,0,3,0,2000-01,54,0,0.0,2PT Field Goal,Center(C),Restricted Area,Less Than 8 ft.,1610612747,Los Angeles Lakers,2000-11-27,LAL @ LAC,LAC,291
Jump Shot,Jump Shot,370,20000198,34.0333,201,11,-118.0688,11,4,0,2000-01,7,20,1.0,2PT Field Goal,Right Side(R),Mid-Range,16-24 ft.,1610612747,Los Angeles Lakers,2000-11-27,LAL @ LAC,LAC,292
Jump Shot,Jump Shot,374,20000198,33.9283,51,116,-118.2188,10,4,0,2000-01,39,12,,2PT Field Goal,Center(C),In The Paint (Non-RA),8-16 ft.,1610612747,Los Angeles Lakers,2000-11-27,LAL @ LAC,LAC,293
Jump Shot,Jump Shot,15,20000206,34.0103,243,34,-118.0268,9,1,0,2000-01,42,24,1.0,3PT Field Goal,Right Side(R),Right Corner 3,24+ ft.,1610612747,Los Angeles Lakers,2000-11-28,LAL vs. IND,IND,294
Jump Shot,Jump Shot,79,20000206,33.8123,123,232,-118.1468,5,1,0,2000-01,0,26,1.0,3PT Field Goal,Right Side Center(RC),Above the Break 3,24+ ft.,1610612747,Los Angeles Lakers,2000-11-28,LAL vs. IND,IND,295
Jump Shot,Jump Shot,91,20000206,33.9073,-157,137,-118.4268,3,1,0,2000-01,30,20,1.0,2PT Field Goal,Left Side Center(LC),Mid-Range,16-24 ft.,1610612747,Los Angeles Lakers,2000-11-28,LAL vs. IND,IND,296
Jump Shot,Jump Shot,135,20000206,33.9343,138,110,-118.1318,11,2,0,2000-01,8,17,0.0,2PT Field Goal,Right Side Center(RC),Mid-Range,16-24 ft.,1610612747,Los Angeles Lakers,2000-11-28,LAL vs. IND,IND,297
Jump Shot,Jump Shot,166,20000206,33.9073,102,137,-118.1678,8,2,0,2000-01,40,17,0.0,2PT Field Goal,Right Side Center(RC),Mid-Range,16-24 ft.,1610612747,Los Angeles Lakers,2000-11-28,LAL vs. IND,IND,298
Running Jump Shot,Jump Shot,171,20000206,33.9383,-65,106,-118.3348,8,2,0,2000-01,11,12,,2PT Field Goal,Left Side(L),In The Paint (Non-RA),8-16 ft.,1610612747,Los Angeles Lakers,2000-11-28,LAL vs. IND,IND,299
Turnaround Jump Shot,Jump Shot,203,20000206,33.9383,-115,106,-118.3848,6,2,0,2000-01,11,15,,2PT Field Goal,Left Side(L),Mid-Range,8-16 ft.,1610612747,Los Angeles Lakers,2000-11-28,LAL vs. IND,IND,300
Running Jump Shot,Jump Shot,205,20000206,33.9893,-86,55,-118.3558,5,2,0,2000-01,47,10,,2PT Field Goal,Left Side(L),Mid-Range,8-16 ft.,1610612747,Los Angeles Lakers,2000-11-28,LAL vs. IND,IND,301
Jump Shot,Jump Shot,223,20000206,34.0273,186,17,-118.0838,3,2,0,2000-01,47,18,0.0,2PT Field Goal,Right Side(R),Mid-Range,16-24 ft.,1610612747,Los Angeles Lakers,2000-11-28,LAL vs. IND,IND,302
Driving Layup Shot,Layup,235,20000206,34.0443,0,0,-118.2698,2,2,0,2000-01,54,0,1.0,2PT Field Goal,Center(C),Restricted Area,Less Than 8 ft.,1610612747,Los Angeles Lakers,2000-11-28,LAL vs. IND,IND,303
Slam Dunk Shot,Dunk,307,20000206,34.0443,0,0,-118.2698,8,3,0,2000-01,22,0,1.0,2PT Field Goal,Center(C),Restricted Area,Less Than 8 ft.,1610612747,Los Angeles Lakers,2000-11-28,LAL vs. IND,IND,304
Jump Shot,Jump Shot,320,20000206,33.7993,142,245,-118.1278,7,3,0,2000-01,22,28,0.0,3PT Field Goal,Right Side Center(RC),Above the Break 3,24+ ft.,1610612747,Los Angeles Lakers,2000-11-28,LAL vs. IND,IND,305
Jump Shot,Jump Shot,323,20000206,33.9743,-33,70,-118.3028,6,3,0,2000-01,52,7,0.0,2PT Field Goal,Center(C),In The Paint (Non-RA),Less Than 8 ft.,1610612747,Los Angeles Lakers,2000-11-28,LAL vs. IND,IND,306
Jump Shot,Jump Shot,325,20000206,34.0023,-12,42,-118.2818,6,3,0,2000-01,48,4,0.0,2PT Field Goal,Center(C),In The Paint (Non-RA),Less Than 8 ft.,1610612747,Los Angeles Lakers,2000-11-28,LAL vs. IND,IND,307
Jump Shot,Jump Shot,348,20000206,33.9403,121,104,-118.1488,4,3,0,2000-01,58,15,0.0,2PT Field Goal,Right Side(R),Mid-Range,8-16 ft.,1610612747,Los Angeles Lakers,2000-11-28,LAL vs. IND,IND,308
Driving Layup Shot,Layup,358,20000206,34.0443,0,0,-118.2698,4,3,0,2000-01,3,0,1.0,2PT Field Goal,Center(C),Restricted Area,Less Than 8 ft.,1610612747,Los Angeles Lakers,2000-11-28,LAL vs. IND,IND,309
Jump Shot,Jump Shot,367,20000206,33.8813,79,163,-118.1908,3,3,0,2000-01,18,18,0.0,2PT Field Goal,Right Side Center(RC),Mid-Range,16-24 ft.,1610612747,Los Angeles Lakers,2000-11-28,LAL vs. IND,IND,310
Jump Shot,Jump Shot,371,20000206,34.0443,-94,0,-118.3638,2,3,0,2000-01,57,9,0.0,2PT Field Goal,Left Side(L),Mid-Range,8-16 ft.,1610612747,Los Angeles Lakers,2000-11-28,LAL vs. IND,IND,311
Running Jump Shot,Jump Shot,374,20000206,33.9093,-124,135,-118.3938,2,3,0,2000-01,19,18,1.0,2PT Field Goal,Left Side Center(LC),Mid-Range,16-24 ft.,1610612747,Los Angeles Lakers,2000-11-28,LAL vs. IND,IND,312
Running Dunk Shot,Dunk,385,20000206,34.0443,0,0,-118.2698,1,3,0,2000-01,15,0,0.0,2PT Field Goal,Center(C),Restricted Area,Less Than 8 ft.,1610612747,Los Angeles Lakers,2000-11-28,LAL vs. IND,IND,313
Jump Shot,Jump Shot,410,20000206,33.6353,108,409,-118.1618,0,3,0,2000-01,0,42,0.0,3PT Field Goal,Back Court(BC),Above the Break 3,Back Court Shot,1610612747,Los Angeles Lakers,2000-11-28,LAL vs. IND,IND,314
Jump Shot,Jump Shot,421,20000206,33.9093,-67,135,-118.3368,10,4,0,2000-01,32,15,0.0,2PT Field Goal,Center(C),In The Paint (Non-RA),8-16 ft.,1610612747,Los Angeles Lakers,2000-11-28,LAL vs. IND,IND,315
Jump Shot,Jump Shot,429,20000206,33.8203,-160,224,-118.4298,10,4,0,2000-01,6,27,1.0,3PT Field Goal,Left Side Center(LC),Above the Break 3,24+ ft.,1610612747,Los Angeles Lakers,2000-11-28,LAL vs. IND,IND,316
Jump Shot,Jump Shot,439,20000206,33.8273,-117,217,-118.3868,9,4,0,2000-01,23,24,,3PT Field Goal,Left Side Center(LC),Above the Break 3,24+ ft.,1610612747,Los Angeles Lakers,2000-11-28,LAL vs. IND,IND,317
Jump Shot,Jump Shot,11,20000222,34.0353,-134,9,-118.4038,10,1,0,2000-01,59,13,1.0,2PT Field Goal,Left Side(L),Mid-Range,8-16 ft.,1610612747,Los Angeles Lakers,2000-11-30,LAL @ SEA,SEA,318
Jump Shot,Jump Shot,40,20000222,34.0293,-122,15,-118.3918,8,1,0,2000-01,37,12,0.0,2PT Field Goal,Left Side(L),Mid-Range,8-16 ft.,1610612747,Los Angeles Lakers,2000-11-30,LAL @ SEA,SEA,319
Jump Shot,Jump Shot,50,20000222,33.9283,-101,116,-118.3708,7,1,0,2000-01,10,15,0.0,2PT Field Goal,Left Side(L),Mid-Range,8-16 ft.,1610612747,Los Angeles Lakers,2000-11-30,LAL @ SEA,SEA,320
Running Jump Shot,Jump Shot,109,20000222,34.0253,-29,19,-118.2988,0,1,0,2000-01,48,3,1.0,2PT Field Goal,Center(C),Restricted Area,Less Than 8 ft.,1610612747,Los Angeles Lakers,2000-11-30,LAL @ SEA,SEA,321
Jump Shot,Jump Shot,111,20000222,33.7993,-50,245,-118.3198,0,1,0,2000-01,24,25,0.0,3PT Field Goal,Center(C),Above the Break 3,24+ ft.,1610612747,Los Angeles Lakers,2000-11-30,LAL @ SEA,SEA,322
Jump Shot,Jump Shot,115,20000222,33.5783,-150,466,-118.4198,0,1,0,2000-01,0,48,0.0,3PT Field Goal,Back Court(BC),Backcourt,Back Court Shot,1610612747,Los Angeles Lakers,2000-11-30,LAL @ SEA,SEA,323
Layup Shot,Layup,123,20000222,34.0313,-29,13,-118.2988,11,2,0,2000-01,48,3,0.0,2PT Field Goal,Center(C),Restricted Area,Less Than 8 ft.,1610612747,Los Angeles Lakers,2000-11-30,LAL @ SEA,SEA,324
Jump Shot,Jump Shot,151,20000222,34.0253,-35,19,-118.3048,9,2,0,2000-01,0,3,0.0,2PT Field Goal,Center(C),Restricted Area,Less Than 8 ft.,1610612747,Los Angeles Lakers,2000-11-30,LAL @ SEA,SEA,325
Jump Shot,Jump Shot,220,20000222,34.0253,-35,19,-118.3048,1,2,0,2000-01,54,3,0.0,2PT Field Goal,Center(C),Restricted Area,Less Than 8 ft.,1610612747,Los Angeles Lakers,2000-11-30,LAL @ SEA,SEA,326
Jump Shot,Jump Shot,243,20000222,33.8603,167,184,-118.1028,0,2,0,2000-01,28,24,,3PT Field Goal,Right Side Center(RC),Above the Break 3,24+ ft.,1610612747,Los Angeles Lakers,2000-11-30,LAL @ SEA,SEA,327
Jump Shot,Jump Shot,254,20000222,34.0253,129,19,-118.1408,10,3,0,2000-01,59,13,,2PT Field Goal,Right Side(R),Mid-Range,8-16 ft.,1610612747,Los Angeles Lakers,2000-11-30,LAL @ SEA,SEA,328
Slam Dunk Shot,Dunk,267,20000222,34.0443,0,0,-118.2698,9,3,0,2000-01,37,0,1.0,2PT Field Goal,Center(C),Restricted Area,Less Than 8 ft.,1610612747,Los Angeles Lakers,2000-11-30,LAL @ SEA,SEA,329
Jump Shot,Jump Shot,272,20000222,33.8373,167,207,-118.1028,9,3,0,2000-01,6,26,0.0,3PT Field Goal,Right Side Center(RC),Above the Break 3,24+ ft.,1610612747,Los Angeles Lakers,2000-11-30,LAL @ SEA,SEA,330
Slam Dunk Shot,Dunk,294,20000222,34.0443,0,0,-118.2698,7,3,0,2000-01,2,0,1.0,2PT Field Goal,Center(C),Restricted Area,Less Than 8 ft.,1610612747,Los Angeles Lakers,2000-11-30,LAL @ SEA,SEA,331
Jump Shot,Jump Shot,335,20000222,33.8673,60,177,-118.2098,3,3,0,2000-01,45,18,1.0,2PT Field Goal,Right Side Center(RC),Mid-Range,16-24 ft.,1610612747,Los Angeles Lakers,2000-11-30,LAL @ SEA,SEA,332
Driving Layup Shot,Layup,358,20000222,34.0443,0,0,-118.2698,1,3,0,2000-01,28,0,1.0,2PT Field Goal,Center(C),Restricted Area,Less Than 8 ft.,1610612747,Los Angeles Lakers,2000-11-30,LAL @ SEA,SEA,333
Jump Shot,Jump Shot,24,20000230,33.7913,-86,253,-118.3558,9,1,0,2000-01,34,26,0.0,3PT Field Goal,Left Side Center(LC),Above the Break 3,24+ ft.,1610612747,Los Angeles Lakers,2000-12-01,LAL vs. SAS,SAS,334
Layup Shot,Layup,36,20000230,34.0443,0,0,-118.2698,8,1,0,2000-01,14,0,,2PT Field Goal,Center(C),Restricted Area,Less Than 8 ft.,1610612747,Los Angeles Lakers,2000-12-01,LAL vs. SAS,SAS,335
Jump Shot,Jump Shot,46,20000230,33.9763,172,68,-118.0978,7,1,0,2000-01,28,18,1.0,2PT Field Goal,Right Side(R),Mid-Range,16-24 ft.,1610612747,Los Angeles Lakers,2000-12-01,LAL vs. SAS,SAS,336
Jump Shot,Jump Shot,54,20000230,34.0163,-50,28,-118.3198,6,1,0,2000-01,35,5,0.0,2PT Field Goal,Center(C),In The Paint (Non-RA),Less Than 8 ft.,1610612747,Los Angeles Lakers,2000-12-01,LAL vs. SAS,SAS,337
Jump Shot,Jump Shot,61,20000230,33.8793,-86,165,-118.3558,5,1,0,2000-01,30,18,1.0,2PT Field Goal,Left Side Center(LC),Mid-Range,16-24 ft.,1610612747,Los Angeles Lakers,2000-12-01,LAL vs. SAS,SAS,338
Jump Shot,Jump Shot,67,20000230,34.0163,-79,28,-118.3488,4,1,0,2000-01,50,8,0.0,2PT Field Goal,Left Side(L),In The Paint (Non-RA),8-16 ft.,1610612747,Los Angeles Lakers,2000-12-01,LAL vs. SAS,SAS,339
Driving Dunk Shot,Dunk,75,20000230,34.0443,0,0,-118.2698,4,1,0,2000-01,4,0,1.0,2PT Field Goal,Center(C),Restricted Area,Less Than 8 ft.,1610612747,Los Angeles Lakers,2000-12-01,LAL vs. SAS,SAS,340
Jump Shot,Jump Shot,86,20000230,33.9003,18,144,-118.2518,2,1,0,2000-01,33,14,0.0,2PT Field Goal,Center(C),Mid-Range,8-16 ft.,1610612747,Los Angeles Lakers,2000-12-01,LAL vs. SAS,SAS,341
Jump Shot,Jump Shot,96,20000230,33.9893,123,55,-118.1468,2,1,0,2000-01,0,13,0.0,2PT Field Goal,Right Side(R),Mid-Range,8-16 ft.,1610612747,Los Angeles Lakers,2000-12-01,LAL vs. SAS,SAS,342
Driving Layup Shot,Layup,112,20000230,34.0443,0,0,-118.2698,0,1,0,2000-01,7,0,0.0,2PT Field Goal,Center(C),Restricted Area,Less Than 8 ft.,1610612747,Los Angeles Lakers,2000-12-01,LAL vs. SAS,SAS,343
Jump Shot,Jump Shot,193,20000230,34.0593,-170,-15,-118.4398,4,2,0,2000-01,40,17,0.0,2PT Field Goal,Left Side(L),Mid-Range,16-24 ft.,1610612747,Los Angeles Lakers,2000-12-01,LAL vs. SAS,SAS,344
Running Jump Shot,Jump Shot,197,20000230,33.9283,159,116,-118.1108,4,2,0,2000-01,14,19,1.0,2PT Field Goal,Right Side Center(RC),Mid-Range,16-24 ft.,1610612747,Los Angeles Lakers,2000-12-01,LAL vs. SAS,SAS,345
Running Jump Shot,Jump Shot,208,20000230,33.9893,-16,55,-118.2858,3,2,0,2000-01,14,5,,2PT Field Goal,Center(C),In The Paint (Non-RA),Less Than 8 ft.,1610612747,Los Angeles Lakers,2000-12-01,LAL vs. SAS,SAS,346
Jump Shot,Jump Shot,259,20000230,33.8963,32,148,-118.2378,11,3,0,2000-01,35,15,1.0,2PT Field Goal,Center(C),Mid-Range,8-16 ft.,1610612747,Los Angeles Lakers,2000-12-01,LAL vs. SAS,SAS,347
Jump Shot,Jump Shot,267,20000230,33.9763,26,68,-118.2438,10,3,0,2000-01,15,7,,2PT Field Goal,Center(C),In The Paint (Non-RA),Less Than 8 ft.,1610612747,Los Angeles Lakers,2000-12-01,LAL vs. SAS,SAS,348
Jump Shot,Jump Shot,278,20000230,33.8463,5,198,-118.2648,9,3,0,2000-01,10,19,0.0,2PT Field Goal,Center(C),Mid-Range,16-24 ft.,1610612747,Los Angeles Lakers,2000-12-01,LAL vs. SAS,SAS,349
Jump Shot,Jump Shot,297,20000230,33.7973,-149,247,-118.4188,6,3,0,2000-01,27,28,0.0,3PT Field Goal,Left Side Center(LC),Above the Break 3,24+ ft.,1610612747,Los Angeles Lakers,2000-12-01,LAL vs. SAS,SAS,350
Driving Layup Shot,Layup,300,20000230,34.0443,0,0,-118.2698,5,3,0,2000-01,59,0,1.0,2PT Field Goal,Center(C),Restricted Area,Less Than 8 ft.,1610612747,Los Angeles Lakers,2000-12-01,LAL vs. SAS,SAS,351
Jump Shot,Jump Shot,310,20000230,33.9113,-79,133,-118.3488,4,3,0,2000-01,41,15,1.0,2PT Field Goal,Left Side(L),In The Paint (Non-RA),8-16 ft.,1610612747,Los Angeles Lakers,2000-12-01,LAL vs. SAS,SAS,352
Jump Shot,Jump Shot,332,20000230,34.0043,-23,40,-118.2928,3,3,0,2000-01,8,4,0.0,2PT Field Goal,Center(C),In The Paint (Non-RA),Less Than 8 ft.,1610612747,Los Angeles Lakers,2000-12-01,LAL vs. SAS,SAS,353
Jump Shot,Jump Shot,370,20000230,33.8903,66,154,-118.2038,0,3,0,2000-01,37,16,1.0,2PT Field Goal,Right Side Center(RC),Mid-Range,16-24 ft.,1610612747,Los Angeles Lakers,2000-12-01,LAL vs. SAS,SAS,354
Jump Shot,Jump Shot,372,20000230,33.7873,-86,257,-118.3558,0,3,0,2000-01,0,27,1.0,3PT Field Goal,Left Side Center(LC),Above the Break 3,24+ ft.,1610612747,Los Angeles Lakers,2000-12-01,LAL vs. SAS,SAS,355
Jump Shot,Jump Shot,376,20000230,33.8463,75,198,-118.1948,11,4,0,2000-01,42,21,0.0,2PT Field Goal,Right Side Center(RC),Mid-Range,16-24 ft.,1610612747,Los Angeles Lakers,2000-12-01,LAL vs. SAS,SAS,356
Slam Dunk Shot,Dunk,386,20000230,34.0443,0,0,-118.2698,11,4,0,2000-01,0,0,1.0,2PT Field Goal,Center(C),Restricted Area,Less Than 8 ft.,1610612747,Los Angeles Lakers,2000-12-01,LAL vs. SAS,SAS,357
Jump Shot,Jump Shot,401,20000230,33.9763,-58,68,-118.3278,9,4,0,2000-01,42,8,1.0,2PT Field Goal,Left Side(L),In The Paint (Non-RA),8-16 ft.,1610612747,Los Angeles Lakers,2000-12-01,LAL vs. SAS,SAS,358
Jump Shot,Jump Shot,404,20000230,33.9833,60,61,-118.2098,9,4,0,2000-01,7,8,1.0,2PT Field Goal,Right Side(R),In The Paint (Non-RA),8-16 ft.,1610612747,Los Angeles Lakers,2000-12-01,LAL vs. SAS,SAS,359
Jump Shot,Jump Shot,416,20000230,33.7913,117,253,-118.1528,7,4,0,2000-01,34,27,1.0,3PT Field Goal,Right Side Center(RC),Above the Break 3,24+ ft.,1610612747,Los Angeles Lakers,2000-12-01,LAL vs. SAS,SAS,360
Jump Shot,Jump Shot,421,20000230,34.0273,-50,17,-118.3198,6,4,0,2000-01,49,5,0.0,2PT Field Goal,Center(C),In The Paint (Non-RA),Less Than 8 ft.,1610612747,Los Angeles Lakers,2000-12-01,LAL vs. SAS,SAS,361
Slam Dunk Shot,Dunk,425,20000230,34.0443,0,0,-118.2698,6,4,0,2000-01,38,0,1.0,2PT Field Goal,Center(C),Restricted Area,Less Than 8 ft.,1610612747,Los Angeles Lakers,2000-12-01,LAL vs. SAS,SAS,362
Jump Shot,Jump Shot,444,20000230,33.8353,18,209,-118.2518,4,4,0,2000-01,0,20,0.0,2PT Field Goal,Center(C),Mid-Range,16-24 ft.,1610612747,Los Angeles Lakers,2000-12-01,LAL vs. SAS,SAS,363
Jump Shot,Jump Shot,477,20000230,33.8843,-136,160,-118.4058,0,4,0,2000-01,51,20,1.0,2PT Field Goal,Left Side Center(LC),Mid-Range,16-24 ft.,1610612747,Los Angeles Lakers,2000-12-01,LAL vs. SAS,SAS,364
Jump Shot,Jump Shot,4,20000246,33.8633,-16,181,-118.2858,11,1,0,2000-01,18,18,,2PT Field Goal,Center(C),Mid-Range,16-24 ft.,1610612747,Los Angeles Lakers,2000-12-03,LAL vs. DAL,DAL,365
Jump Shot,Jump Shot,10,20000246,33.9173,60,127,-118.2098,10,1,0,2000-01,26,14,1.0,2PT Field Goal,Center(C),In The Paint (Non-RA),8-16 ft.,1610612747,Los Angeles Lakers,2000-12-03,LAL vs. DAL,DAL,366
Running Jump Shot,Jump Shot,19,20000246,33.9113,87,133,-118.1828,9,1,0,2000-01,11,15,0.0,2PT Field Goal,Right Side(R),Mid-Range,8-16 ft.,1610612747,Los Angeles Lakers,2000-12-03,LAL vs. DAL,DAL,367
Running Jump Shot,Jump Shot,28,20000246,33.9623,39,82,-118.2308,8,1,0,2000-01,34,9,1.0,2PT Field Goal,Center(C),In The Paint (Non-RA),8-16 ft.,1610612747,Los Angeles Lakers,2000-12-03,LAL vs. DAL,DAL,368
Jump Shot,Jump Shot,45,20000246,34.0423,-149,2,-118.4188,6,1,0,2000-01,46,14,0.0,2PT Field Goal,Left Side(L),Mid-Range,8-16 ft.,1610612747,Los Angeles Lakers,2000-12-03,LAL vs. DAL,DAL,369
Jump Shot,Jump Shot,55,20000246,33.8013,110,243,-118.1598,5,1,0,2000-01,26,26,1.0,3PT Field Goal,Right Side Center(RC),Above the Break 3,24+ ft.,1610612747,Los Angeles Lakers,2000-12-03,LAL vs. DAL,DAL,370
Jump Shot,Jump Shot,95,20000246,34.0313,110,13,-118.1598,1,1,0,2000-01,29,11,1.0,2PT Field Goal,Right Side(R),Mid-Range,8-16 ft.,1610612747,Los Angeles Lakers,2000-12-03,LAL vs. DAL,DAL,371
Jump Shot,Jump Shot,135,20000246,33.9623,11,82,-118.2588,8,2,0,2000-01,57,8,0.0,2PT Field Goal,Center(C),In The Paint (Non-RA),8-16 ft.,1610612747,Los Angeles Lakers,2000-12-03,LAL vs. DAL,DAL,372
Jump Shot,Jump Shot,137,20000246,33.9893,-16,55,-118.2858,8,2,0,2000-01,53,5,0.0,2PT Field Goal,Center(C),In The Paint (Non-RA),Less Than 8 ft.,1610612747,Los Angeles Lakers,2000-12-03,LAL vs. DAL,DAL,373
Jump Shot,Jump Shot,139,20000246,34.0423,237,2,-118.0328,8,2,0,2000-01,48,23,0.0,3PT Field Goal,Right Side(R),Right Corner 3,24+ ft.,1610612747,Los Angeles Lakers,2000-12-03,LAL vs. DAL,DAL,374
Jump Shot,Jump Shot,178,20000246,33.8463,11,198,-118.2588,5,2,0,2000-01,18,19,0.0,2PT Field Goal,Center(C),Mid-Range,16-24 ft.,1610612747,Los Angeles Lakers,2000-12-03,LAL vs. DAL,DAL,375
Jump Shot,Jump Shot,199,20000246,33.9173,-185,127,-118.4548,1,2,0,2000-01,49,22,1.0,2PT Field Goal,Left Side(L),Mid-Range,16-24 ft.,1610612747,Los Angeles Lakers,2000-12-03,LAL vs. DAL,DAL,376
Driving Dunk Shot,Dunk,206,20000246,34.0443,0,0,-118.2698,1,2,0,2000-01,10,0,0.0,2PT Field Goal,Center(C),Restricted Area,Less Than 8 ft.,1610612747,Los Angeles Lakers,2000-12-03,LAL vs. DAL,DAL,377
Jump Shot,Jump Shot,221,20000246,33.9553,11,89,-118.2588,0,2,0,2000-01,25,8,1.0,2PT Field Goal,Center(C),In The Paint (Non-RA),8-16 ft.,1610612747,Los Angeles Lakers,2000-12-03,LAL vs. DAL,DAL,378
Jump Shot,Jump Shot,230,20000246,33.8843,18,160,-118.2518,0,2,0,2000-01,0,16,0.0,2PT Field Goal,Center(C),Mid-Range,16-24 ft.,1610612747,Los Angeles Lakers,2000-12-03,LAL vs. DAL,DAL,379
Slam Dunk Shot,Dunk,245,20000246,34.0443,0,0,-118.2698,10,3,0,2000-01,32,0,1.0,2PT Field Goal,Center(C),Restricted Area,Less Than 8 ft.,1610612747,Los Angeles Lakers,2000-12-03,LAL vs. DAL,DAL,380
Jump Shot,Jump Shot,278,20000246,33.7593,-98,285,-118.3678,6,3,0,2000-01,17,30,0.0,3PT Field Goal,Left Side Center(LC),Above the Break 3,24+ ft.,1610612747,Los Angeles Lakers,2000-12-03,LAL vs. DAL,DAL,381
Jump Shot,Jump Shot,290,20000246,33.9993,-157,45,-118.4268,5,3,0,2000-01,12,16,1.0,2PT Field Goal,Left Side(L),Mid-Range,16-24 ft.,1610612747,Los Angeles Lakers,2000-12-03,LAL vs. DAL,DAL,382
Jump Shot,Jump Shot,297,20000246,33.8583,-92,186,-118.3618,4,3,0,2000-01,5,20,1.0,2PT Field Goal,Left Side Center(LC),Mid-Range,16-24 ft.,1610612747,Los Angeles Lakers,2000-12-03,LAL vs. DAL,DAL,383
Jump Shot,Jump Shot,304,20000246,34.0163,-149,28,-118.4188,3,3,0,2000-01,25,15,0.0,2PT Field Goal,Left Side(L),Mid-Range,8-16 ft.,1610612747,Los Angeles Lakers,2000-12-03,LAL vs. DAL,DAL,384
Running Jump Shot,Jump Shot,308,20000246,34.0163,75,28,-118.1948,3,3,0,2000-01,3,8,1.0,2PT Field Goal,Right Side(R),In The Paint (Non-RA),8-16 ft.,1610612747,Los Angeles Lakers,2000-12-03,LAL vs. DAL,DAL,385
Jump Shot,Jump Shot,336,20000246,34.0313,138,13,-118.1318,0,3,0,2000-01,17,13,0.0,2PT Field Goal,Right Side(R),Mid-Range,8-16 ft.,1610612747,Los Angeles Lakers,2000-12-03,LAL vs. DAL,DAL,386
Tip Shot,Tip Shot,348,20000246,34.0443,0,0,-118.2698,0,3,0,2000-01,0,0,1.0,2PT Field Goal,Center(C),Restricted Area,Less Than 8 ft.,1610612747,Los Angeles Lakers,2000-12-03,LAL vs. DAL,DAL,387
Driving Layup Shot,Layup,375,20000246,34.0443,0,0,-118.2698,8,4,0,2000-01,35,0,1.0,2PT Field Goal,Center(C),Restricted Area,Less Than 8 ft.,1610612747,Los Angeles Lakers,2000-12-03,LAL vs. DAL,DAL,388
Running Jump Shot,Jump Shot,391,20000246,33.9343,-115,110,-118.3848,7,4,0,2000-01,31,15,1.0,2PT Field Goal,Left Side(L),Mid-Range,8-16 ft.,1610612747,Los Angeles Lakers,2000-12-03,LAL vs. DAL,DAL,389
Driving Layup Shot,Layup,428,20000246,34.0443,0,0,-118.2698,4,4,0,2000-01,16,0,,2PT Field Goal,Center(C),Restricted Area,Less Than 8 ft.,1610612747,Los Angeles Lakers,2000-12-03,LAL vs. DAL,DAL,390
Driving Layup Shot,Layup,466,20000246,34.0443,0,0,-118.2698,1,4,0,2000-01,14,0,,2PT Field Goal,Center(C),Restricted Area,Less Than 8 ft.,1610612747,Los Angeles Lakers,2000-12-03,LAL vs. DAL,DAL,391
Running Jump Shot,Jump Shot,473,20000246,34.0333,-73,11,-118.3428,0,4,0,2000-01,41,7,,2PT Field Goal,Center(C),In The Paint (Non-RA),Less Than 8 ft.,1610612747,Los Angeles Lakers,2000-12-03,LAL vs. DAL,DAL,392
Slam Dunk Shot,Dunk,20,20000258,34.0443,0,0,-118.2698,9,1,0,2000-01,57,0,1.0,2PT Field Goal,Center(C),Restricted Area,Less Than 8 ft.,1610612747,Los Angeles Lakers,2000-12-05,LAL vs. PHI,PHI,393
Running Jump Shot,Jump Shot,46,20000258,33.8793,-65,165,-118.3348,7,1,0,2000-01,27,17,1.0,2PT Field Goal,Left Side Center(LC),Mid-Range,16-24 ft.,1610612747,Los Angeles Lakers,2000-12-05,LAL vs. PHI,PHI,394
Running Jump Shot,Jump Shot,50,20000258,33.9113,81,133,-118.1888,6,1,0,2000-01,48,15,1.0,2PT Field Goal,Right Side(R),Mid-Range,8-16 ft.,1610612747,Los Angeles Lakers,2000-12-05,LAL vs. PHI,PHI,395
Jump Shot,Jump Shot,78,20000258,33.9343,138,110,-118.1318,3,1,0,2000-01,33,17,0.0,2PT Field Goal,Right Side Center(RC),Mid-Range,16-24 ft.,1610612747,Los Angeles Lakers,2000-12-05,LAL vs. PHI,PHI,396
Jump Shot,Jump Shot,99,20000258,33.7973,117,247,-118.1528,1,1,0,2000-01,27,27,,3PT Field Goal,Right Side Center(RC),Above the Break 3,24+ ft.,1610612747,Los Angeles Lakers,2000-12-05,LAL vs. PHI,PHI,397
Jump Shot,Jump Shot,119,20000258,33.6503,231,394,-118.0388,0,1,0,2000-01,0,45,0.0,3PT Field Goal,Right Side Center(RC),Above the Break 3,24+ ft.,1610612747,Los Angeles Lakers,2000-12-05,LAL vs. PHI,PHI,398
Jump Shot,Jump Shot,125,20000258,33.8393,5,205,-118.2648,11,2,0,2000-01,21,20,0.0,2PT Field Goal,Center(C),Mid-Range,16-24 ft.,1610612747,Los Angeles Lakers,2000-12-05,LAL vs. PHI,PHI,399
Jump Shot,Jump Shot,133,20000258,33.8963,-44,148,-118.3138,10,2,0,2000-01,41,15,0.0,2PT Field Goal,Center(C),Mid-Range,8-16 ft.,1610612747,Los Angeles Lakers,2000-12-05,LAL vs. PHI,PHI,400
Driving Layup Shot,Layup,147,20000258,34.0213,18,23,-118.2518,9,2,0,2000-01,26,2,1.0,2PT Field Goal,Center(C),Restricted Area,Less Than 8 ft.,1610612747,Los Angeles Lakers,2000-12-05,LAL vs. PHI,PHI,401
Jump Shot,Jump Shot,156,20000258,33.9553,123,89,-118.1468,8,2,0,2000-01,6,15,1.0,2PT Field Goal,Right Side(R),Mid-Range,8-16 ft.,1610612747,Los Angeles Lakers,2000-12-05,LAL vs. PHI,PHI,402
Jump Shot,Jump Shot,173,20000258,33.9173,-92,127,-118.3618,5,2,0,2000-01,48,15,0.0,2PT Field Goal,Left Side(L),Mid-Range,8-16 ft.,1610612747,Los Angeles Lakers,2000-12-05,LAL vs. PHI,PHI,403
Driving Layup Shot,Layup,180,20000258,34.0443,0,0,-118.2698,5,2,0,2000-01,23,0,1.0,2PT Field Goal,Center(C),Restricted Area,Less Than 8 ft.,1610612747,Los Angeles Lakers,2000-12-05,LAL vs. PHI,PHI,404
Jump Shot,Jump Shot,201,20000258,33.7873,32,257,-118.2378,3,2,0,2000-01,40,25,0.0,3PT Field Goal,Center(C),Above the Break 3,24+ ft.,1610612747,Los Angeles Lakers,2000-12-05,LAL vs. PHI,PHI,405
Jump Shot,Jump Shot,218,20000258,33.9663,33,78,-118.2368,2,2,0,2000-01,34,8,0.0,2PT Field Goal,Center(C),In The Paint (Non-RA),8-16 ft.,1610612747,Los Angeles Lakers,2000-12-05,LAL vs. PHI,PHI,406
Jump Shot,Jump Shot,252,20000258,33.9803,-212,64,-118.4818,0,2,0,2000-01,0,22,0.0,2PT Field Goal,Left Side(L),Mid-Range,16-24 ft.,1610612747,Los Angeles Lakers,2000-12-05,LAL vs. PHI,PHI,407
Jump Shot,Jump Shot,278,20000258,33.8963,123,148,-118.1468,9,3,0,2000-01,27,19,0.0,2PT Field Goal,Right Side Center(RC),Mid-Range,16-24 ft.,1610612747,Los Angeles Lakers,2000-12-05,LAL vs. PHI,PHI,408
Layup Shot,Layup,280,20000258,34.0443,0,0,-118.2698,9,3,0,2000-01,21,0,0.0,2PT Field Goal,Center(C),Restricted Area,Less Than 8 ft.,1610612747,Los Angeles Lakers,2000-12-05,LAL vs. PHI,PHI,409
Jump Shot,Jump Shot,305,20000258,33.9073,-122,137,-118.3918,6,3,0,2000-01,36,18,1.0,2PT Field Goal,Left Side Center(LC),Mid-Range,16-24 ft.,1610612747,Los Angeles Lakers,2000-12-05,LAL vs. PHI,PHI,410
Running Jump Shot,Jump Shot,322,20000258,34.0593,123,-15,-118.1468,4,3,0,2000-01,46,12,1.0,2PT Field Goal,Right Side(R),Mid-Range,8-16 ft.,1610612747,Los Angeles Lakers,2000-12-05,LAL vs. PHI,PHI,411
Jump Shot,Jump Shot,324,20000258,34.0593,-149,-15,-118.4188,4,3,0,2000-01,16,14,1.0,2PT Field Goal,Left Side(L),Mid-Range,8-16 ft.,1610612747,Los Angeles Lakers,2000-12-05,LAL vs. PHI,PHI,412
Jump Shot,Jump Shot,379,20000258,34.0043,237,40,-118.0328,11,4,0,2000-01,26,24,1.0,3PT Field Goal,Right Side(R),Right Corner 3,24+ ft.,1610612747,Los Angeles Lakers,2000-12-05,LAL vs. PHI,PHI,413
Jump Shot,Jump Shot,389,20000258,33.8843,-1,160,-118.2708,10,4,0,2000-01,13,16,0.0,2PT Field Goal,Center(C),Mid-Range,16-24 ft.,1610612747,Los Angeles Lakers,2000-12-05,LAL vs. PHI,PHI,414
Jump Shot,Jump Shot,422,20000258,34.0593,-176,-15,-118.4458,6,4,0,2000-01,35,17,0.0,2PT Field Goal,Left Side(L),Mid-Range,16-24 ft.,1610612747,Los Angeles Lakers,2000-12-05,LAL vs. PHI,PHI,415
Layup Shot,Layup,425,20000258,34.0443,0,0,-118.2698,6,4,0,2000-01,4,0,1.0,2PT Field Goal,Center(C),Restricted Area,Less Than 8 ft.,1610612747,Los Angeles Lakers,2000-12-05,LAL vs. PHI,PHI,416
Jump Shot,Jump Shot,436,20000258,33.8523,39,192,-118.2308,5,4,0,2000-01,2,19,1.0,2PT Field Goal,Center(C),Mid-Range,16-24 ft.,1610612747,Los Angeles Lakers,2000-12-05,LAL vs. PHI,PHI,417
Jump Shot,Jump Shot,439,20000258,33.8633,153,181,-118.1168,4,4,0,2000-01,16,23,,2PT Field Goal,Right Side Center(RC),Mid-Range,16-24 ft.,1610612747,Los Angeles Lakers,2000-12-05,LAL vs. PHI,PHI,418
Slam Dunk Shot,Dunk,470,20000258,34.0443,0,0,-118.2698,1,4,0,2000-01,24,0,1.0,2PT Field Goal,Center(C),Restricted Area,Less Than 8 ft.,1610612747,Los Angeles Lakers,2000-12-05,LAL vs. PHI,PHI,419
Running Jump Shot,Jump Shot,480,20000258,34.0273,60,17,-118.2098,0,4,0,2000-01,38,6,1.0,2PT Field Goal,Center(C),In The Paint (Non-RA),Less Than 8 ft.,1610612747,Los Angeles Lakers,2000-12-05,LAL vs. PHI,PHI,420
Jump Shot,Jump Shot,4,20000267,33.9283,150,116,-118.1198,11,1,0,2000-01,41,18,1.0,2PT Field Goal,Right Side Center(RC),Mid-Range,16-24 ft.,1610612747,Los Angeles Lakers,2000-12-06,LAL @ GSW,GSW,421
Jump Shot,Jump Shot,10,20000267,33.8843,102,160,-118.1678,10,1,0,2000-01,54,18,0.0,2PT Field Goal,Right Side Center(RC),Mid-Range,16-24 ft.,1610612747,Los Angeles Lakers,2000-12-06,LAL @ GSW,GSW,422
Tip Shot,Tip Shot,44,20000267,34.0443,0,0,-118.2698,7,1,0,2000-01,27,0,0.0,2PT Field Goal,Center(C),Restricted Area,Less Than 8 ft.,1610612747,Los Angeles Lakers,2000-12-06,LAL @ GSW,GSW,423
Jump Shot,Jump Shot,73,20000267,33.8773,-4,167,-118.2738,4,1,0,2000-01,37,16,1.0,2PT Field Goal,Center(C),Mid-Range,16-24 ft.,1610612747,Los Angeles Lakers,2000-12-06,LAL @ GSW,GSW,424
Jump Shot,Jump Shot,78,20000267,34.0653,-168,-21,-118.4378,3,1,0,2000-01,38,16,0.0,2PT Field Goal,Left Side(L),Mid-Range,16-24 ft.,1610612747,Los Angeles Lakers,2000-12-06,LAL @ GSW,GSW,425
Jump Shot,Jump Shot,81,20000267,33.9953,1,49,-118.2688,3,1,0,2000-01,10,4,0.0,2PT Field Goal,Center(C),In The Paint (Non-RA),Less Than 8 ft.,1610612747,Los Angeles Lakers,2000-12-06,LAL @ GSW,GSW,426
Jump Shot,Jump Shot,92,20000267,34.0443,144,0,-118.1258,2,1,0,2000-01,6,14,1.0,2PT Field Goal,Right Side(R),Mid-Range,8-16 ft.,1610612747,Los Angeles Lakers,2000-12-06,LAL @ GSW,GSW,427
Jump Shot,Jump Shot,106,20000267,34.0443,-147,0,-118.4168,0,1,0,2000-01,0,14,,2PT Field Goal,Left Side(L),Mid-Range,8-16 ft.,1610612747,Los Angeles Lakers,2000-12-06,LAL @ GSW,GSW,428
Jump Shot,Jump Shot,117,20000267,33.9833,-31,61,-118.3008,10,2,0,2000-01,5,6,0.0,2PT Field Goal,Center(C),In The Paint (Non-RA),Less Than 8 ft.,1610612747,Los Angeles Lakers,2000-12-06,LAL @ GSW,GSW,429
Layup Shot,Layup,125,20000267,34.0443,0,0,-118.2698,9,2,0,2000-01,0,0,1.0,2PT Field Goal,Center(C),Restricted Area,Less Than 8 ft.,1610612747,Los Angeles Lakers,2000-12-06,LAL @ GSW,GSW,430
Turnaround Jump Shot,Jump Shot,134,20000267,34.0403,180,4,-118.0898,7,2,0,2000-01,57,18,1.0,2PT Field Goal,Right Side(R),Mid-Range,16-24 ft.,1610612747,Los Angeles Lakers,2000-12-06,LAL @ GSW,GSW,431
Jump Shot,Jump Shot,145,20000267,34.0443,159,0,-118.1108,6,2,0,2000-01,2,15,0.0,2PT Field Goal,Right Side(R),Mid-Range,8-16 ft.,1610612747,Los Angeles Lakers,2000-12-06,LAL @ GSW,GSW,432
Driving Layup Shot,Layup,194,20000267,34.0443,0,0,-118.2698,1,2,0,2000-01,14,0,0.0,2PT Field Goal,Center(C),Restricted Area,Less Than 8 ft.,1610612747,Los Angeles Lakers,2000-12-06,LAL @ GSW,GSW,433
Turnaround Jump Shot,Jump Shot,201,20000267,33.9783,-60,66,-118.3298,0,2,0,2000-01,33,8,,2PT Field Goal,Left Side(L),In The Paint (Non-RA),8-16 ft.,1610612747,Los Angeles Lakers,2000-12-06,LAL @ GSW,GSW,434
Layup Shot,Layup,203,20000267,34.0233,-18,21,-118.2878,0,2,0,2000-01,7,2,0.0,2PT Field Goal,Center(C),Restricted Area,Less Than 8 ft.,1610612747,Los Angeles Lakers,2000-12-06,LAL @ GSW,GSW,435
Reverse Layup Shot,Layup,217,20000267,34.0443,0,0,-118.2698,11,3,0,2000-01,40,0,1.0,2PT Field Goal,Center(C),Restricted Area,Less Than 8 ft.,1610612747,Los Angeles Lakers,2000-12-06,LAL @ GSW,GSW,436
Jump Shot,Jump Shot,220,20000267,34.0483,231,-4,-118.0388,10,3,0,2000-01,59,23,1.0,3PT Field Goal,Right Side(R),Right Corner 3,24+ ft.,1610612747,Los Angeles Lakers,2000-12-06,LAL @ GSW,GSW,437
Jump Shot,Jump Shot,249,20000267,34.0233,-39,21,-118.3088,8,3,0,2000-01,28,4,0.0,2PT Field Goal,Center(C),In The Paint (Non-RA),Less Than 8 ft.,1610612747,Los Angeles Lakers,2000-12-06,LAL @ GSW,GSW,438
Layup Shot,Layup,250,20000267,34.0443,0,0,-118.2698,8,3,0,2000-01,25,0,,2PT Field Goal,Center(C),Restricted Area,Less Than 8 ft.,1610612747,Los Angeles Lakers,2000-12-06,LAL @ GSW,GSW,439
Jump Shot,Jump Shot,267,20000267,33.8163,96,228,-118.1738,6,3,0,2000-01,37,24,,3PT Field Goal,Right Side Center(RC),Above the Break 3,24+ ft.,1610612747,Los Angeles Lakers,2000-12-06,LAL @ GSW,GSW,440
Jump Shot,Jump Shot,307,20000267,33.9053,96,139,-118.1738,3,3,0,2000-01,31,16,1.0,2PT Field Goal,Right Side Center(RC),Mid-Range,16-24 ft.,1610612747,Los Angeles Lakers,2000-12-06,LAL @ GSW,GSW,441
Jump Shot,Jump Shot,315,20000267,33.8773,-60,167,-118.3298,2,3,0,2000-01,34,17,0.0,2PT Field Goal,Left Side Center(LC),Mid-Range,16-24 ft.,1610612747,Los Angeles Lakers,2000-12-06,LAL @ GSW,GSW,442
Jump Shot,Jump Shot,334,20000267,34.0483,-231,-4,-118.5008,0,3,0,2000-01,29,23,1.0,3PT Field Goal,Left Side(L),Left Corner 3,24+ ft.,1610612747,Los Angeles Lakers,2000-12-06,LAL @ GSW,GSW,443
Running Jump Shot,Jump Shot,382,20000267,33.9663,1,78,-118.2688,7,4,0,2000-01,35,7,1.0,2PT Field Goal,Center(C),In The Paint (Non-RA),Less Than 8 ft.,1610612747,Los Angeles Lakers,2000-12-06,LAL @ GSW,GSW,444
Jump Shot,Jump Shot,399,20000267,34.0403,-231,4,-118.5008,5,4,0,2000-01,55,23,0.0,3PT Field Goal,Left Side(L),Left Corner 3,24+ ft.,1610612747,Los Angeles Lakers,2000-12-06,LAL @ GSW,GSW,445
Jump Shot,Jump Shot,418,20000267,34.0653,-225,-21,-118.4948,3,4,0,2000-01,42,22,0.0,3PT Field Goal,Left Side(L),Left Corner 3,24+ ft.,1610612747,Los Angeles Lakers,2000-12-06,LAL @ GSW,GSW,446
Jump Shot,Jump Shot,434,20000267,33.9663,-73,78,-118.3428,2,4,0,2000-01,9,10,1.0,2PT Field Goal,Left Side(L),In The Paint (Non-RA),8-16 ft.,1610612747,Los Angeles Lakers,2000-12-06,LAL @ GSW,GSW,447
Jump Shot,Jump Shot,445,20000267,33.8883,-60,156,-118.3298,1,4,0,2000-01,5,16,0.0,2PT Field Goal,Left Side Center(LC),Mid-Range,16-24 ft.,1610612747,Los Angeles Lakers,2000-12-06,LAL @ GSW,GSW,448
Jump Shot,Jump Shot,455,20000267,34.0403,-189,4,-118.4588,0,4,0,2000-01,22,18,0.0,2PT Field Goal,Left Side(L),Mid-Range,16-24 ft.,1610612747,Los Angeles Lakers,2000-12-06,LAL @ GSW,GSW,449
Jump Shot,Jump Shot,466,20000267,33.7933,30,251,-118.2398,0,4,0,2000-01,0,25,0.0,3PT Field Goal,Center(C),Above the Break 3,24+ ft.,1610612747,Los Angeles Lakers,2000-12-06,LAL @ GSW,GSW,450
Jump Shot,Jump Shot,494,20000267,34.0483,-147,-4,-118.4168,2,5,0,2000-01,26,14,1.0,2PT Field Goal,Left Side(L),Mid-Range,8-16 ft.,1610612747,Los Angeles Lakers,2000-12-06,LAL @ GSW,GSW,451
Slam Dunk Shot,Dunk,496,20000267,34.0443,0,0,-118.2698,2,5,0,2000-01,10,0,1.0,2PT Field Goal,Center(C),Restricted Area,Less Than 8 ft.,1610612747,Los Angeles Lakers,2000-12-06,LAL @ GSW,GSW,452
Jump Shot,Jump Shot,506,20000267,34.0443,-153,0,-118.4228,1,5,0,2000-01,18,15,1.0,2PT Field Goal,Left Side(L),Mid-Range,8-16 ft.,1610612747,Los Angeles Lakers,2000-12-06,LAL @ GSW,GSW,453
Jump Shot,Jump Shot,515,20000267,34.0333,108,11,-118.1618,0,5,0,2000-01,34,10,1.0,2PT Field Goal,Right Side(R),Mid-Range,8-16 ft.,1610612747,Los Angeles Lakers,2000-12-06,LAL @ GSW,GSW,454
Jump Shot,Jump Shot,529,20000267,33.7263,-96,318,-118.3658,0,5,0,2000-01,0,33,0.0,3PT Field Goal,Center(C),Above the Break 3,24+ ft.,1610612747,Los Angeles Lakers,2000-12-06,LAL @ GSW,GSW,455
Jump Shot,Jump Shot,2,20000280,33.9113,-86,133,-118.3558,11,1,0,2000-01,43,15,,2PT Field Goal,Left Side(L),Mid-Range,8-16 ft.,1610612747,Los Angeles Lakers,2000-12-08,LAL vs. SEA,SEA,456
Jump Shot,Jump Shot,32,20000280,33.9893,26,55,-118.2438,8,1,0,2000-01,27,6,1.0,2PT Field Goal,Center(C),In The Paint (Non-RA),Less Than 8 ft.,1610612747,Los Angeles Lakers,2000-12-08,LAL vs. SEA,SEA,457
Jump Shot,Jump Shot,41,20000280,33.9453,172,99,-118.0978,7,1,0,2000-01,19,19,0.0,2PT Field Goal,Right Side(R),Mid-Range,16-24 ft.,1610612747,Los Angeles Lakers,2000-12-08,LAL vs. SEA,SEA,458
Jump Shot,Jump Shot,55,20000280,34.0103,60,34,-118.2098,6,1,0,2000-01,24,6,,2PT Field Goal,Center(C),In The Paint (Non-RA),Less Than 8 ft.,1610612747,Los Angeles Lakers,2000-12-08,LAL vs. SEA,SEA,459
Jump Shot,Jump Shot,89,20000280,33.8693,11,175,-118.2588,3,1,0,2000-01,5,17,0.0,2PT Field Goal,Center(C),Mid-Range,16-24 ft.,1610612747,Los Angeles Lakers,2000-12-08,LAL vs. SEA,SEA,460
Jump Shot,Jump Shot,96,20000280,33.8693,75,175,-118.1948,1,1,0,2000-01,51,19,1.0,2PT Field Goal,Right Side Center(RC),Mid-Range,16-24 ft.,1610612747,Los Angeles Lakers,2000-12-08,LAL vs. SEA,SEA,461
Jump Shot,Jump Shot,114,20000280,33.9763,-50,68,-118.3198,0,1,0,2000-01,11,8,1.0,2PT Field Goal,Left Side(L),In The Paint (Non-RA),8-16 ft.,1610612747,Los Angeles Lakers,2000-12-08,LAL vs. SEA,SEA,462
Jump Shot,Jump Shot,126,20000280,34.0463,186,-2,-118.0838,11,2,0,2000-01,24,18,0.0,2PT Field Goal,Right Side(R),Mid-Range,16-24 ft.,1610612747,Los Angeles Lakers,2000-12-08,LAL vs. SEA,SEA,463
Slam Dunk Shot,Dunk,139,20000280,34.0443,0,0,-118.2698,9,2,0,2000-01,29,0,1.0,2PT Field Goal,Center(C),Restricted Area,Less Than 8 ft.,1610612747,Los Angeles Lakers,2000-12-08,LAL vs. SEA,SEA,464
Layup Shot,Layup,202,20000280,34.0443,0,0,-118.2698,3,2,0,2000-01,0,0,1.0,2PT Field Goal,Center(C),Restricted Area,Less Than 8 ft.,1610612747,Los Angeles Lakers,2000-12-08,LAL vs. SEA,SEA,465
Jump Shot,Jump Shot,208,20000280,33.9283,159,116,-118.1108,2,2,0,2000-01,30,19,0.0,2PT Field Goal,Right Side Center(RC),Mid-Range,16-24 ft.,1610612747,Los Angeles Lakers,2000-12-08,LAL vs. SEA,SEA,466
Driving Layup Shot,Layup,214,20000280,34.0443,0,0,-118.2698,2,2,0,2000-01,2,0,1.0,2PT Field Goal,Center(C),Restricted Area,Less Than 8 ft.,1610612747,Los Angeles Lakers,2000-12-08,LAL vs. SEA,SEA,467
Jump Shot,Jump Shot,245,20000280,33.8523,60,192,-118.2098,11,3,0,2000-01,34,20,0.0,2PT Field Goal,Center(C),Mid-Range,16-24 ft.,1610612747,Los Angeles Lakers,2000-12-08,LAL vs. SEA,SEA,468
Jump Shot,Jump Shot,248,20000280,34.0313,-44,13,-118.3138,11,3,0,2000-01,2,4,0.0,2PT Field Goal,Center(C),In The Paint (Non-RA),Less Than 8 ft.,1610612747,Los Angeles Lakers,2000-12-08,LAL vs. SEA,SEA,469
Jump Shot,Jump Shot,252,20000280,34.0463,172,-2,-118.0978,10,3,0,2000-01,46,17,0.0,2PT Field Goal,Right Side(R),Mid-Range,16-24 ft.,1610612747,Los Angeles Lakers,2000-12-08,LAL vs. SEA,SEA,470
Jump Shot,Jump Shot,277,20000280,33.9113,102,133,-118.1678,8,3,0,2000-01,32,16,1.0,2PT Field Goal,Right Side Center(RC),Mid-Range,16-24 ft.,1610612747,Los Angeles Lakers,2000-12-08,LAL vs. SEA,SEA,471
Jump Shot,Jump Shot,283,20000280,33.8733,117,171,-118.1528,7,3,0,2000-01,35,20,,2PT Field Goal,Right Side Center(RC),Mid-Range,16-24 ft.,1610612747,Los Angeles Lakers,2000-12-08,LAL vs. SEA,SEA,472
Jump Shot,Jump Shot,286,20000280,33.9173,-23,127,-118.2928,7,3,0,2000-01,27,12,1.0,2PT Field Goal,Center(C),In The Paint (Non-RA),8-16 ft.,1610612747,Los Angeles Lakers,2000-12-08,LAL vs. SEA,SEA,473
Jump Shot,Jump Shot,294,20000280,33.9003,123,144,-118.1468,6,3,0,2000-01,16,18,0.0,2PT Field Goal,Right Side Center(RC),Mid-Range,16-24 ft.,1610612747,Los Angeles Lakers,2000-12-08,LAL vs. SEA,SEA,474
Jump Shot,Jump Shot,301,20000280,33.8353,138,209,-118.1318,5,3,0,2000-01,33,25,0.0,3PT Field Goal,Right Side Center(RC),Above the Break 3,24+ ft.,1610612747,Los Angeles Lakers,2000-12-08,LAL vs. SEA,SEA,475
Jump Shot,Jump Shot,314,20000280,34.0273,-58,17,-118.3278,3,3,0,2000-01,55,6,0.0,2PT Field Goal,Center(C),In The Paint (Non-RA),Less Than 8 ft.,1610612747,Los Angeles Lakers,2000-12-08,LAL vs. SEA,SEA,476
Jump Shot,Jump Shot,374,20000280,33.8523,-71,192,-118.3408,11,4,0,2000-01,47,20,0.0,2PT Field Goal,Left Side Center(LC),Mid-Range,16-24 ft.,1610612747,Los Angeles Lakers,2000-12-08,LAL vs. SEA,SEA,477
Jump Shot,Jump Shot,377,20000280,33.9723,-1,72,-118.2708,11,4,0,2000-01,7,7,0.0,2PT Field Goal,Center(C),In The Paint (Non-RA),Less Than 8 ft.,1610612747,Los Angeles Lakers,2000-12-08,LAL vs. SEA,SEA,478
Jump Shot,Jump Shot,468,20000280,34.0233,-145,21,-118.4148,2,4,0,2000-01,9,14,0.0,2PT Field Goal,Left Side(L),Mid-Range,8-16 ft.,1610612747,Los Angeles Lakers,2000-12-08,LAL vs. SEA,SEA,479
Jump Shot,Jump Shot,477,20000280,34.0403,-101,4,-118.3708,1,4,0,2000-01,43,10,,2PT Field Goal,Left Side(L),Mid-Range,8-16 ft.,1610612747,Los Angeles Lakers,2000-12-08,LAL vs. SEA,SEA,480
Jump Shot,Jump Shot,8,20000297,33.8633,123,181,-118.1468,10,1,0,2000-01,42,21,1.0,2PT Field Goal,Right Side Center(RC),Mid-Range,16-24 ft.,1610612747,Los Angeles Lakers,2000-12-10,LAL vs. DET,DET,481
Jump Shot,Jump Shot,19,20000297,33.8843,-130,160,-118.3998,9,1,0,2000-01,21,20,0.0,2PT Field Goal,Left Side Center(LC),Mid-Range,16-24 ft.,1610612747,Los Angeles Lakers,2000-12-10,LAL vs. DET,DET,482
Slam Dunk Shot,Dunk,21,20000297,34.0443,0,0,-118.2698,9,1,0,2000-01,16,0,1.0,2PT Field Goal,Center(C),Restricted Area,Less Than 8 ft.,1610612747,Los Angeles Lakers,2000-12-10,LAL vs. DET,DET,483
Jump Shot,Jump Shot,26,20000297,33.7973,-115,247,-118.3848,8,1,0,2000-01,32,27,1.0,3PT Field Goal,Left Side Center(LC),Above the Break 3,24+ ft.,1610612747,Los Angeles Lakers,2000-12-10,LAL vs. DET,DET,484
Jump Shot,Jump Shot,28,20000297,33.9243,132,120,-118.1378,7,1,0,2000-01,59,17,1.0,2PT Field Goal,Right Side Center(RC),Mid-Range,16-24 ft.,1610612747,Los Angeles Lakers,2000-12-10,LAL vs. DET,DET,485
Jump Shot,Jump Shot,39,20000297,34.0043,-170,40,-118.4398,6,1,0,2000-01,48,17,0.0,2PT Field Goal,Left Side(L),Mid-Range,16-24 ft.,1610612747,Los Angeles Lakers,2000-12-10,LAL vs. DET,DET,486
Layup Shot,Layup,100,20000297,34.0443,0,0,-118.2698,1,1,0,2000-01,24,0,1.0,2PT Field Goal,Center(C),Restricted Area,Less Than 8 ft.,1610612747,Los Angeles Lakers,2000-12-10,LAL vs. DET,DET,487
Jump Shot,Jump Shot,116,20000297,33.7263,-176,318,-118.4458,0,1,0,2000-01,0,36,0.0,3PT Field Goal,Left Side Center(LC),Above the Break 3,24+ ft.,1610612747,Los Angeles Lakers,2000-12-10,LAL vs. DET,DET,488
Running Jump Shot,Jump Shot,127,20000297,33.9173,66,127,-118.2038,10,2,0,2000-01,38,14,1.0,2PT Field Goal,Center(C),In The Paint (Non-RA),8-16 ft.,1610612747,Los Angeles Lakers,2000-12-10,LAL vs. DET,DET,489
Slam Dunk Shot,Dunk,212,20000297,34.0443,0,0,-118.2698,3,2,0,2000-01,29,0,1.0,2PT Field Goal,Center(C),Restricted Area,Less Than 8 ft.,1610612747,Los Angeles Lakers,2000-12-10,LAL vs. DET,DET,490
Jump Shot,Jump Shot,226,20000297,33.8183,153,226,-118.1168,1,2,0,2000-01,19,27,,3PT Field Goal,Right Side Center(RC),Above the Break 3,24+ ft.,1610612747,Los Angeles Lakers,2000-12-10,LAL vs. DET,DET,491
Jump Shot,Jump Shot,265,20000297,33.8463,-143,198,-118.4128,9,3,0,2000-01,28,24,1.0,3PT Field Goal,Left Side Center(LC),Above the Break 3,24+ ft.,1610612747,Los Angeles Lakers,2000-12-10,LAL vs. DET,DET,492
Jump Shot,Jump Shot,269,20000297,33.9073,102,137,-118.1678,8,3,0,2000-01,46,17,1.0,2PT Field Goal,Right Side Center(RC),Mid-Range,16-24 ft.,1610612747,Los Angeles Lakers,2000-12-10,LAL vs. DET,DET,493
Running Jump Shot,Jump Shot,282,20000297,33.9833,-10,61,-118.2798,7,3,0,2000-01,42,6,1.0,2PT Field Goal,Center(C),In The Paint (Non-RA),Less Than 8 ft.,1610612747,Los Angeles Lakers,2000-12-10,LAL vs. DET,DET,494
Jump Shot,Jump Shot,286,20000297,33.7973,-10,247,-118.2798,6,3,0,2000-01,38,24,0.0,3PT Field Goal,Center(C),Above the Break 3,24+ ft.,1610612747,Los Angeles Lakers,2000-12-10,LAL vs. DET,DET,495
Jump Shot,Jump Shot,291,20000297,33.9343,138,110,-118.1318,6,3,0,2000-01,16,17,1.0,2PT Field Goal,Right Side Center(RC),Mid-Range,16-24 ft.,1610612747,Los Angeles Lakers,2000-12-10,LAL vs. DET,DET,496
Jump Shot,Jump Shot,302,20000297,33.9173,87,127,-118.1828,5,3,0,2000-01,16,15,,2PT Field Goal,Right Side(R),Mid-Range,8-16 ft.,1610612747,Los Angeles Lakers,2000-12-10,LAL vs. DET,DET,497
Reverse Layup Shot,Layup,312,20000297,34.0443,0,0,-118.2698,3,3,0,2000-01,30,0,0.0,2PT Field Goal,Center(C),Restricted Area,Less Than 8 ft.,1610612747,Los Angeles Lakers,2000-12-10,LAL vs. DET,DET,498
Jump Shot,Jump Shot,342,20000297,33.9113,60,133,-118.2098,0,3,0,2000-01,32,14,0.0,2PT Field Goal,Center(C),In The Paint (Non-RA),8-16 ft.,1610612747,Los Angeles Lakers,2000-12-10,LAL vs. DET,DET,499
Jump Shot,Jump Shot,346,20000297,33.9453,-185,99,-118.4548,0,3,0,2000-01,3,20,0.0,2PT Field Goal,Left Side(L),Mid-Range,16-24 ft.,1610612747,Los Angeles Lakers,2000-12-10,LAL vs. DET,DET,500
Jump Shot,Jump Shot,359,20000297,33.9663,-1,78,-118.2708,10,4,0,2000-01,58,7,0.0,2PT Field Goal,Center(C),In The Paint (Non-RA),Less Than 8 ft.,1610612747,Los Angeles Lakers,2000-12-10,LAL vs. DET,DET,501
Jump Shot,Jump Shot,10,20000309,33.9833,-23,61,-118.2928,10,1,0,2000-01,50,6,0.0,2PT Field Goal,Center(C),In The Paint (Non-RA),Less Than 8 ft.,1610612747,Los Angeles Lakers,2000-12-12,LAL vs. MIL,MIL,502
Driving Layup Shot,Layup,15,20000309,34.0443,0,0,-118.2698,10,1,0,2000-01,29,0,0.0,2PT Field Goal,Center(C),Restricted Area,Less Than 8 ft.,1610612747,Los Angeles Lakers,2000-12-12,LAL vs. MIL,MIL,503
Layup Shot,Layup,17,20000309,34.0443,0,0,-118.2698,10,1,0,2000-01,24,0,0.0,2PT Field Goal,Center(C),Restricted Area,Less Than 8 ft.,1610612747,Los Angeles Lakers,2000-12-12,LAL vs. MIL,MIL,504
Layup Shot,Layup,29,20000309,34.0443,0,0,-118.2698,9,1,0,2000-01,44,0,1.0,2PT Field Goal,Center(C),Restricted Area,Less Than 8 ft.,1610612747,Los Angeles Lakers,2000-12-12,LAL vs. MIL,MIL,505
Jump Shot,Jump Shot,33,20000309,34.0213,75,23,-118.1948,9,1,0,2000-01,11,7,0.0,2PT Field Goal,Center(C),In The Paint (Non-RA),Less Than 8 ft.,1610612747,Los Angeles Lakers,2000-12-12,LAL vs. MIL,MIL,506
Layup Shot,Layup,71,20000309,34.0443,0,0,-118.2698,5,1,0,2000-01,14,0,0.0,2PT Field Goal,Center(C),Restricted Area,Less Than 8 ft.,1610612747,Los Angeles Lakers,2000-12-12,LAL vs. MIL,MIL,507
Dunk Shot,Dunk,81,20000309,34.0443,0,0,-118.2698,4,1,0,2000-01,17,0,0.0,2PT Field Goal,Center(C),Restricted Area,Less Than 8 ft.,1610612747,Los Angeles Lakers,2000-12-12,LAL vs. MIL,MIL,508
Jump Shot,Jump Shot,106,20000309,33.7873,32,257,-118.2378,2,1,0,2000-01,33,25,,3PT Field Goal,Center(C),Above the Break 3,24+ ft.,1610612747,Los Angeles Lakers,2000-12-12,LAL vs. MIL,MIL,509
Jump Shot,Jump Shot,115,20000309,33.8693,11,175,-118.2588,1,1,0,2000-01,56,17,1.0,2PT Field Goal,Center(C),Mid-Range,16-24 ft.,1610612747,Los Angeles Lakers,2000-12-12,LAL vs. MIL,MIL,510
Jump Shot,Jump Shot,120,20000309,33.8523,180,192,-118.0898,0,1,0,2000-01,44,26,,3PT Field Goal,Right Side Center(RC),Above the Break 3,24+ ft.,1610612747,Los Angeles Lakers,2000-12-12,LAL vs. MIL,MIL,511
Slam Dunk Shot,Dunk,180,20000309,34.0443,0,0,-118.2698,6,2,0,2000-01,17,0,1.0,2PT Field Goal,Center(C),Restricted Area,Less Than 8 ft.,1610612747,Los Angeles Lakers,2000-12-12,LAL vs. MIL,MIL,512
Jump Shot,Jump Shot,192,20000309,34.0163,-197,28,-118.4668,5,2,0,2000-01,13,19,0.0,2PT Field Goal,Left Side(L),Mid-Range,16-24 ft.,1610612747,Los Angeles Lakers,2000-12-12,LAL vs. MIL,MIL,513
Layup Shot,Layup,203,20000309,34.0443,0,0,-118.2698,4,2,0,2000-01,11,0,1.0,2PT Field Goal,Center(C),Restricted Area,Less Than 8 ft.,1610612747,Los Angeles Lakers,2000-12-12,LAL vs. MIL,MIL,514
Jump Shot,Jump Shot,208,20000309,33.9343,138,110,-118.1318,3,2,0,2000-01,44,17,0.0,2PT Field Goal,Right Side Center(RC),Mid-Range,16-24 ft.,1610612747,Los Angeles Lakers,2000-12-12,LAL vs. MIL,MIL,515
Jump Shot,Jump Shot,218,20000309,33.7533,11,291,-118.2588,2,2,0,2000-01,35,29,0.0,3PT Field Goal,Center(C),Above the Break 3,24+ ft.,1610612747,Los Angeles Lakers,2000-12-12,LAL vs. MIL,MIL,516
Jump Shot,Jump Shot,243,20000309,33.7913,-98,253,-118.3678,0,2,0,2000-01,39,27,1.0,3PT Field Goal,Left Side Center(LC),Above the Break 3,24+ ft.,1610612747,Los Angeles Lakers,2000-12-12,LAL vs. MIL,MIL,517
Jump Shot,Jump Shot,250,20000309,33.8083,-122,236,-118.3918,0,2,0,2000-01,22,26,0.0,3PT Field Goal,Left Side Center(LC),Above the Break 3,24+ ft.,1610612747,Los Angeles Lakers,2000-12-12,LAL vs. MIL,MIL,518
Jump Shot,Jump Shot,259,20000309,33.9173,110,127,-118.1598,11,3,0,2000-01,46,16,0.0,2PT Field Goal,Right Side Center(RC),Mid-Range,16-24 ft.,1610612747,Los Angeles Lakers,2000-12-12,LAL vs. MIL,MIL,519
Jump Shot,Jump Shot,296,20000309,33.8693,81,175,-118.1888,7,3,0,2000-01,27,19,0.0,2PT Field Goal,Right Side Center(RC),Mid-Range,16-24 ft.,1610612747,Los Angeles Lakers,2000-12-12,LAL vs. MIL,MIL,520
Jump Shot,Jump Shot,325,20000309,34.0213,110,23,-118.1598,2,3,0,2000-01,52,11,0.0,2PT Field Goal,Right Side(R),Mid-Range,8-16 ft.,1610612747,Los Angeles Lakers,2000-12-12,LAL vs. MIL,MIL,521
Running Jump Shot,Jump Shot,355,20000309,33.9833,32,61,-118.2378,0,3,0,2000-01,50,6,1.0,2PT Field Goal,Center(C),In The Paint (Non-RA),Less Than 8 ft.,1610612747,Los Angeles Lakers,2000-12-12,LAL vs. MIL,MIL,522
Jump Shot,Jump Shot,365,20000309,33.9383,-16,106,-118.2858,0,3,0,2000-01,0,10,,2PT Field Goal,Center(C),In The Paint (Non-RA),8-16 ft.,1610612747,Los Angeles Lakers,2000-12-12,LAL vs. MIL,MIL,523
Jump Shot,Jump Shot,413,20000309,33.8123,153,232,-118.1168,6,4,0,2000-01,51,27,1.0,3PT Field Goal,Right Side Center(RC),Above the Break 3,24+ ft.,1610612747,Los Angeles Lakers,2000-12-12,LAL vs. MIL,MIL,524
Jump Shot,Jump Shot,419,20000309,34.0163,87,28,-118.1828,6,4,0,2000-01,18,9,0.0,2PT Field Goal,Right Side(R),Mid-Range,8-16 ft.,1610612747,Los Angeles Lakers,2000-12-12,LAL vs. MIL,MIL,525
Jump Shot,Jump Shot,430,20000309,33.8253,-130,219,-118.3998,4,4,0,2000-01,50,25,1.0,3PT Field Goal,Left Side Center(LC),Above the Break 3,24+ ft.,1610612747,Los Angeles Lakers,2000-12-12,LAL vs. MIL,MIL,526
Jump Shot,Jump Shot,433,20000309,33.8253,144,219,-118.1258,4,4,0,2000-01,3,26,0.0,3PT Field Goal,Right Side Center(RC),Above the Break 3,24+ ft.,1610612747,Los Angeles Lakers,2000-12-12,LAL vs. MIL,MIL,527
Jump Shot,Jump Shot,449,20000309,33.7973,-107,247,-118.3768,2,4,0,2000-01,50,26,0.0,3PT Field Goal,Left Side Center(LC),Above the Break 3,24+ ft.,1610612747,Los Angeles Lakers,2000-12-12,LAL vs. MIL,MIL,528
Jump Shot,Jump Shot,458,20000309,34.0313,-86,13,-118.3558,2,4,0,2000-01,28,8,0.0,2PT Field Goal,Left Side(L),Mid-Range,8-16 ft.,1610612747,Los Angeles Lakers,2000-12-12,LAL vs. MIL,MIL,529
Jump Shot,Jump Shot,460,20000309,34.0373,-136,7,-118.4058,2,4,0,2000-01,26,13,0.0,2PT Field Goal,Left Side(L),Mid-Range,8-16 ft.,1610612747,Los Angeles Lakers,2000-12-12,LAL vs. MIL,MIL,530
Running Jump Shot,Jump Shot,482,20000309,33.9993,-71,45,-118.3408,0,4,0,2000-01,12,8,0.0,2PT Field Goal,Left Side(L),In The Paint (Non-RA),8-16 ft.,1610612747,Los Angeles Lakers,2000-12-12,LAL vs. MIL,MIL,531
Jump Shot,Jump Shot,510,20000309,33.7743,-71,270,-118.3408,0,4,0,2000-01,0,27,0.0,3PT Field Goal,Center(C),Above the Break 3,24+ ft.,1610612747,Los Angeles Lakers,2000-12-12,LAL vs. MIL,MIL,532
Jump Shot,Jump Shot,27,20000320,33.9363,161,108,-118.1088,8,1,0,2000-01,53,19,,2PT Field Goal,Right Side(R),Mid-Range,16-24 ft.,1610612747,Los Angeles Lakers,2000-12-13,LAL @ POR,POR,533
Running Jump Shot,Jump Shot,75,20000320,34.0103,-27,34,-118.2968,3,1,0,2000-01,52,4,1.0,2PT Field Goal,Center(C),In The Paint (Non-RA),Less Than 8 ft.,1610612747,Los Angeles Lakers,2000-12-13,LAL @ POR,POR,534
Running Jump Shot,Jump Shot,103,20000320,33.9533,-27,91,-118.2968,0,1,0,2000-01,40,9,1.0,2PT Field Goal,Center(C),In The Paint (Non-RA),8-16 ft.,1610612747,Los Angeles Lakers,2000-12-13,LAL @ POR,POR,535
Layup Shot,Layup,105,20000320,34.0443,0,0,-118.2698,0,1,0,2000-01,13,0,0.0,2PT Field Goal,Center(C),Restricted Area,Less Than 8 ft.,1610612747,Los Angeles Lakers,2000-12-13,LAL @ POR,POR,536
Driving Layup Shot,Layup,110,20000320,34.0443,0,0,-118.2698,0,1,0,2000-01,2,0,1.0,2PT Field Goal,Center(C),Restricted Area,Less Than 8 ft.,1610612747,Los Angeles Lakers,2000-12-13,LAL @ POR,POR,537
Driving Layup Shot,Layup,120,20000320,34.0443,0,0,-118.2698,10,2,0,2000-01,58,0,1.0,2PT Field Goal,Center(C),Restricted Area,Less Than 8 ft.,1610612747,Los Angeles Lakers,2000-12-13,LAL @ POR,POR,538
Jump Shot,Jump Shot,127,20000320,34.0293,81,15,-118.1888,10,2,0,2000-01,24,8,0.0,2PT Field Goal,Right Side(R),Mid-Range,8-16 ft.,1610612747,Los Angeles Lakers,2000-12-13,LAL @ POR,POR,539
Jump Shot,Jump Shot,142,20000320,34.0403,81,4,-118.1888,9,2,0,2000-01,6,8,1.0,2PT Field Goal,Right Side(R),Mid-Range,8-16 ft.,1610612747,Los Angeles Lakers,2000-12-13,LAL @ POR,POR,540
Jump Shot,Jump Shot,156,20000320,33.9723,-4,72,-118.2738,7,2,0,2000-01,56,7,0.0,2PT Field Goal,Center(C),In The Paint (Non-RA),Less Than 8 ft.,1610612747,Los Angeles Lakers,2000-12-13,LAL @ POR,POR,541
Jump Shot,Jump Shot,221,20000320,33.8923,96,152,-118.1738,1,2,0,2000-01,54,17,1.0,2PT Field Goal,Right Side Center(RC),Mid-Range,16-24 ft.,1610612747,Los Angeles Lakers,2000-12-13,LAL @ POR,POR,542
Driving Layup Shot,Layup,223,20000320,34.0443,0,0,-118.2698,1,2,0,2000-01,37,0,1.0,2PT Field Goal,Center(C),Restricted Area,Less Than 8 ft.,1610612747,Los Angeles Lakers,2000-12-13,LAL @ POR,POR,543
Layup Shot,Layup,228,20000320,34.0443,0,0,-118.2698,1,2,0,2000-01,11,0,,2PT Field Goal,Center(C),Restricted Area,Less Than 8 ft.,1610612747,Los Angeles Lakers,2000-12-13,LAL @ POR,POR,544
Running Jump Shot,Jump Shot,247,20000320,33.9933,-12,51,-118.2818,0,2,0,2000-01,0,5,0.0,2PT Field Goal,Center(C),In The Paint (Non-RA),Less Than 8 ft.,1610612747,Los Angeles Lakers,2000-12-13,LAL @ POR,POR,545
Jump Shot,Jump Shot,275,20000320,34.0403,226,4,-118.0438,8,3,0,2000-01,36,22,,3PT Field Goal,Right Side(R),Right Corner 3,24+ ft.,1610612747,Los Angeles Lakers,2000-12-13,LAL @ POR,POR,546
Jump Shot,Jump Shot,297,20000320,34.0593,108,-15,-118.1618,7,3,0,2000-01,8,10,0.0,2PT Field Goal,Right Side(R),Mid-Range,8-16 ft.,1610612747,Los Angeles Lakers,2000-12-13,LAL @ POR,POR,547
Running Jump Shot,Jump Shot,351,20000320,33.9933,1,51,-118.2688,0,3,0,2000-01,35,5,0.0,2PT Field Goal,Center(C),In The Paint (Non-RA),Less Than 8 ft.,1610612747,Los Angeles Lakers,2000-12-13,LAL @ POR,POR,548
Jump Shot,Jump Shot,360,20000320,33.8463,-122,198,-118.3918,11,4,0,2000-01,39,23,0.0,2PT Field Goal,Left Side Center(LC),Mid-Range,16-24 ft.,1610612747,Los Angeles Lakers,2000-12-13,LAL @ POR,POR,549
Jump Shot,Jump Shot,402,20000320,33.8963,81,148,-118.1888,6,4,0,2000-01,2,16,0.0,2PT Field Goal,Right Side Center(RC),Mid-Range,16-24 ft.,1610612747,Los Angeles Lakers,2000-12-13,LAL @ POR,POR,550
Jump Shot,Jump Shot,414,20000320,34.0403,191,4,-118.0788,4,4,0,2000-01,32,19,1.0,2PT Field Goal,Right Side(R),Mid-Range,16-24 ft.,1610612747,Los Angeles Lakers,2000-12-13,LAL @ POR,POR,551
Jump Shot,Jump Shot,417,20000320,34.0483,167,-4,-118.1028,3,4,0,2000-01,54,16,0.0,2PT Field Goal,Right Side(R),Mid-Range,16-24 ft.,1610612747,Los Angeles Lakers,2000-12-13,LAL @ POR,POR,552
Running Jump Shot,Jump Shot,439,20000320,34.0333,-42,11,-118.3118,1,4,0,2000-01,19,4,1.0,2PT Field Goal,Center(C),In The Paint (Non-RA),Less Than 8 ft.,1610612747,Los Angeles Lakers,2000-12-13,LAL @ POR,POR,553
Driving Layup Shot,Layup,444,20000320,34.0443,0,0,-118.2698,1,4,0,2000-01,3,0,1.0,2PT Field Goal,Center(C),Restricted Area,Less Than 8 ft.,1610612747,Los Angeles Lakers,2000-12-13,LAL @ POR,POR,554
Driving Layup Shot,Layup,453,20000320,34.0443,0,0,-118.2698,0,4,0,2000-01,47,0,,2PT Field Goal,Center(C),Restricted Area,Less Than 8 ft.,1610612747,Los Angeles Lakers,2000-12-13,LAL @ POR,POR,555
Driving Dunk Shot,Dunk,465,20000320,34.0443,0,0,-118.2698,0,4,0,2000-01,39,0,1.0,2PT Field Goal,Center(C),Restricted Area,Less Than 8 ft.,1610612747,Los Angeles Lakers,2000-12-13,LAL @ POR,POR,556
Jump Shot,Jump Shot,469,20000320,33.8063,-56,238,-118.3258,0,4,0,2000-01,30,24,0.0,3PT Field Goal,Center(C),Above the Break 3,24+ ft.,1610612747,Los Angeles Lakers,2000-12-13,LAL @ POR,POR,557
Jump Shot,Jump Shot,3,20000334,33.7913,45,253,-118.2248,11,1,0,2000-01,18,25,,3PT Field Goal,Center(C),Above the Break 3,24+ ft.,1610612747,Los Angeles Lakers,2000-12-15,LAL vs. VAN,VAN,558
Driving Layup Shot,Layup,23,20000334,34.0443,0,0,-118.2698,9,1,0,2000-01,18,0,1.0,2PT Field Goal,Center(C),Restricted Area,Less Than 8 ft.,1610612747,Los Angeles Lakers,2000-12-15,LAL vs. VAN,VAN,559
Jump Shot,Jump Shot,29,20000334,33.9663,-143,78,-118.4128,7,1,0,2000-01,17,16,,2PT Field Goal,Left Side(L),Mid-Range,16-24 ft.,1610612747,Los Angeles Lakers,2000-12-15,LAL vs. VAN,VAN,560
Alley Oop Layup shot,Layup,41,20000334,34.0443,0,0,-118.2698,6,1,0,2000-01,3,0,0.0,2PT Field Goal,Center(C),Restricted Area,Less Than 8 ft.,1610612747,Los Angeles Lakers,2000-12-15,LAL vs. VAN,VAN,561
Jump Shot,Jump Shot,58,20000334,33.9173,-115,127,-118.3848,4,1,0,2000-01,40,17,0.0,2PT Field Goal,Left Side Center(LC),Mid-Range,16-24 ft.,1610612747,Los Angeles Lakers,2000-12-15,LAL vs. VAN,VAN,562
Jump Shot,Jump Shot,117,20000334,34.0463,-136,-2,-118.4058,10,2,0,2000-01,59,13,0.0,2PT Field Goal,Left Side(L),Mid-Range,8-16 ft.,1610612747,Los Angeles Lakers,2000-12-15,LAL vs. VAN,VAN,563
Jump Shot,Jump Shot,121,20000334,33.9893,-58,55,-118.3278,10,2,0,2000-01,35,7,0.0,2PT Field Goal,Center(C),In The Paint (Non-RA),Less Than 8 ft.,1610612747,Los Angeles Lakers,2000-12-15,LAL vs. VAN,VAN,564
Jump Shot,Jump Shot,199,20000334,33.9383,75,106,-118.1948,3,2,0,2000-01,16,12,1.0,2PT Field Goal,Right Side(R),In The Paint (Non-RA),8-16 ft.,1610612747,Los Angeles Lakers,2000-12-15,LAL vs. VAN,VAN,565
Jump Shot,Jump Shot,218,20000334,33.8183,110,226,-118.1598,1,2,0,2000-01,35,25,1.0,3PT Field Goal,Right Side Center(RC),Above the Break 3,24+ ft.,1610612747,Los Angeles Lakers,2000-12-15,LAL vs. VAN,VAN,566
Jump Shot,Jump Shot,223,20000334,33.8523,-157,192,-118.4268,1,2,0,2000-01,1,24,0.0,3PT Field Goal,Left Side Center(LC),Above the Break 3,24+ ft.,1610612747,Los Angeles Lakers,2000-12-15,LAL vs. VAN,VAN,567
Jump Shot,Jump Shot,238,20000334,33.8903,102,154,-118.1678,11,3,0,2000-01,48,18,0.0,2PT Field Goal,Right Side Center(RC),Mid-Range,16-24 ft.,1610612747,Los Angeles Lakers,2000-12-15,LAL vs. VAN,VAN,568
Driving Layup Shot,Layup,240,20000334,34.0443,0,0,-118.2698,11,3,0,2000-01,43,0,1.0,2PT Field Goal,Center(C),Restricted Area,Less Than 8 ft.,1610612747,Los Angeles Lakers,2000-12-15,LAL vs. VAN,VAN,569
Dunk Shot,Dunk,249,20000334,34.0443,0,0,-118.2698,10,3,0,2000-01,22,0,1.0,2PT Field Goal,Center(C),Restricted Area,Less Than 8 ft.,1610612747,Los Angeles Lakers,2000-12-15,LAL vs. VAN,VAN,570
Reverse Layup Shot,Layup,267,20000334,34.0443,0,0,-118.2698,8,3,0,2000-01,8,0,0.0,2PT Field Goal,Center(C),Restricted Area,Less Than 8 ft.,1610612747,Los Angeles Lakers,2000-12-15,LAL vs. VAN,VAN,571
Jump Shot,Jump Shot,273,20000334,33.9623,138,82,-118.1318,7,3,0,2000-01,9,16,0.0,2PT Field Goal,Right Side(R),Mid-Range,16-24 ft.,1610612747,Los Angeles Lakers,2000-12-15,LAL vs. VAN,VAN,572
Jump Shot,Jump Shot,282,20000334,34.0103,-149,34,-118.4188,6,3,0,2000-01,30,15,,2PT Field Goal,Left Side(L),Mid-Range,8-16 ft.,1610612747,Los Angeles Lakers,2000-12-15,LAL vs. VAN,VAN,573
Layup Shot,Layup,296,20000334,34.0443,0,0,-118.2698,5,3,0,2000-01,22,0,0.0,2PT Field Goal,Center(C),Restricted Area,Less Than 8 ft.,1610612747,Los Angeles Lakers,2000-12-15,LAL vs. VAN,VAN,574
Turnaround Jump Shot,Jump Shot,377,20000334,33.8693,39,175,-118.2308,8,4,0,2000-01,43,17,1.0,2PT Field Goal,Center(C),Mid-Range,16-24 ft.,1610612747,Los Angeles Lakers,2000-12-15,LAL vs. VAN,VAN,575
Driving Dunk Shot,Dunk,20,20000347,34.0443,0,0,-118.2698,10,1,0,2000-01,29,0,1.0,2PT Field Goal,Center(C),Restricted Area,Less Than 8 ft.,1610612747,Los Angeles Lakers,2000-12-17,LAL @ TOR,TOR,576
Jump Shot,Jump Shot,33,20000347,34.0333,-141,11,-118.4108,8,1,0,2000-01,58,14,0.0,2PT Field Goal,Left Side(L),Mid-Range,8-16 ft.,1610612747,Los Angeles Lakers,2000-12-17,LAL @ TOR,TOR,577
Driving Finger Roll Shot,Layup,40,20000347,34.0443,0,0,-118.2698,8,1,0,2000-01,14,0,1.0,2PT Field Goal,Center(C),Restricted Area,Less Than 8 ft.,1610612747,Los Angeles Lakers,2000-12-17,LAL @ TOR,TOR,578
Jump Shot,Jump Shot,58,20000347,34.0483,-206,-4,-118.4758,6,1,0,2000-01,15,20,1.0,2PT Field Goal,Left Side(L),Mid-Range,16-24 ft.,1610612747,Los Angeles Lakers,2000-12-17,LAL @ TOR,TOR,579
Jump Shot,Jump Shot,61,20000347,34.0063,-149,38,-118.4188,5,1,0,2000-01,45,15,1.0,2PT Field Goal,Left Side(L),Mid-Range,8-16 ft.,1610612747,Los Angeles Lakers,2000-12-17,LAL @ TOR,TOR,580
Jump Shot,Jump Shot,72,20000347,33.9223,-176,122,-118.4458,4,1,0,2000-01,44,21,0.0,2PT Field Goal,Left Side(L),Mid-Range,16-24 ft.,1610612747,Los Angeles Lakers,2000-12-17,LAL @ TOR,TOR,581
Jump Shot,Jump Shot,81,20000347,33.9173,153,127,-118.1168,3,1,0,2000-01,24,19,1.0,2PT Field Goal,Right Side Center(RC),Mid-Range,16-24 ft.,1610612747,Los Angeles Lakers,2000-12-17,LAL @ TOR,TOR,582
Jump Shot,Jump Shot,94,20000347,33.7893,-4,255,-118.2738,1,1,0,2000-01,45,25,1.0,3PT Field Goal,Center(C),Above the Break 3,24+ ft.,1610612747,Los Angeles Lakers,2000-12-17,LAL @ TOR,TOR,583
Jump Shot,Jump Shot,98,20000347,34.0063,-155,38,-118.4248,1,1,0,2000-01,12,15,0.0,2PT Field Goal,Left Side(L),Mid-Range,8-16 ft.,1610612747,Los Angeles Lakers,2000-12-17,LAL @ TOR,TOR,584
Jump Shot,Jump Shot,110,20000347,33.9173,144,127,-118.1258,0,1,0,2000-01,15,19,0.0,2PT Field Goal,Right Side Center(RC),Mid-Range,16-24 ft.,1610612747,Los Angeles Lakers,2000-12-17,LAL @ TOR,TOR,585
Jump Shot,Jump Shot,114,20000347,33.4243,100,620,-118.1698,0,1,0,2000-01,0,62,0.0,3PT Field Goal,Back Court(BC),Backcourt,Back Court Shot,1610612747,Los Angeles Lakers,2000-12-17,LAL @ TOR,TOR,586
Driving Finger Roll Shot,Layup,162,20000347,34.0443,0,0,-118.2698,7,2,0,2000-01,51,0,1.0,2PT Field Goal,Center(C),Restricted Area,Less Than 8 ft.,1610612747,Los Angeles Lakers,2000-12-17,LAL @ TOR,TOR,587
Jump Shot,Jump Shot,205,20000347,33.8353,16,209,-118.2538,5,2,0,2000-01,17,20,1.0,2PT Field Goal,Center(C),Mid-Range,16-24 ft.,1610612747,Los Angeles Lakers,2000-12-17,LAL @ TOR,TOR,588
Jump Shot,Jump Shot,319,20000347,33.8793,-191,165,-118.4608,7,3,0,2000-01,50,25,0.0,3PT Field Goal,Left Side Center(LC),Above the Break 3,24+ ft.,1610612747,Los Angeles Lakers,2000-12-17,LAL @ TOR,TOR,589
Layup Shot,Layup,357,20000347,34.0443,0,0,-118.2698,4,3,0,2000-01,24,0,1.0,2PT Field Goal,Center(C),Restricted Area,Less Than 8 ft.,1610612747,Los Angeles Lakers,2000-12-17,LAL @ TOR,TOR,590
Jump Shot,Jump Shot,371,20000347,33.8563,123,188,-118.1468,2,3,0,2000-01,26,22,,2PT Field Goal,Right Side Center(RC),Mid-Range,16-24 ft.,1610612747,Los Angeles Lakers,2000-12-17,LAL @ TOR,TOR,591
Jump Shot,Jump Shot,380,20000347,33.9723,1,72,-118.2688,2,3,0,2000-01,1,7,1.0,2PT Field Goal,Center(C),In The Paint (Non-RA),Less Than 8 ft.,1610612747,Los Angeles Lakers,2000-12-17,LAL @ TOR,TOR,592
Jump Shot,Jump Shot,405,20000347,33.9513,-176,93,-118.4458,11,4,0,2000-01,48,19,0.0,2PT Field Goal,Left Side(L),Mid-Range,16-24 ft.,1610612747,Los Angeles Lakers,2000-12-17,LAL @ TOR,TOR,593
Jump Shot,Jump Shot,416,20000347,33.8843,1,160,-118.2688,10,4,0,2000-01,35,16,1.0,2PT Field Goal,Center(C),Mid-Range,16-24 ft.,1610612747,Los Angeles Lakers,2000-12-17,LAL @ TOR,TOR,594
Turnaround Jump Shot,Jump Shot,423,20000347,33.9993,159,45,-118.1108,9,4,0,2000-01,24,16,0.0,2PT Field Goal,Right Side(R),Mid-Range,16-24 ft.,1610612747,Los Angeles Lakers,2000-12-17,LAL @ TOR,TOR,595
Jump Shot,Jump Shot,439,20000347,33.9453,-4,99,-118.2738,8,4,0,2000-01,13,9,,2PT Field Goal,Center(C),In The Paint (Non-RA),8-16 ft.,1610612747,Los Angeles Lakers,2000-12-17,LAL @ TOR,TOR,596
Jump Shot,Jump Shot,460,20000347,33.8673,-134,177,-118.4038,6,4,0,2000-01,14,22,,2PT Field Goal,Left Side Center(LC),Mid-Range,16-24 ft.,1610612747,Los Angeles Lakers,2000-12-17,LAL @ TOR,TOR,597
Jump Shot,Jump Shot,475,20000347,33.9553,-206,89,-118.4758,4,4,0,2000-01,53,22,1.0,2PT Field Goal,Left Side(L),Mid-Range,16-24 ft.,1610612747,Los Angeles Lakers,2000-12-17,LAL @ TOR,TOR,598
Jump Shot,Jump Shot,480,20000347,34.0233,237,21,-118.0328,3,4,0,2000-01,28,23,0.0,3PT Field Goal,Right Side(R),Right Corner 3,24+ ft.,1610612747,Los Angeles Lakers,2000-12-17,LAL @ TOR,TOR,599
Jump Shot,Jump Shot,483,20000347,34.0403,129,4,-118.1408,3,4,0,2000-01,4,12,0.0,2PT Field Goal,Right Side(R),Mid-Range,8-16 ft.,1610612747,Los Angeles Lakers,2000-12-17,LAL @ TOR,TOR,600
Turnaround Jump Shot,Jump Shot,515,20000347,33.9723,-48,72,-118.3178,0,4,0,2000-01,48,8,,2PT Field Goal,Left Side(L),In The Paint (Non-RA),8-16 ft.,1610612747,Los Angeles Lakers,2000-12-17,LAL @ TOR,TOR,601
Jump Shot,Jump Shot,538,20000347,33.7893,-4,255,-118.2738,0,4,0,2000-01,0,25,0.0,3PT Field Goal,Center(C),Above the Break 3,24+ ft.,1610612747,Los Angeles Lakers,2000-12-17,LAL @ TOR,TOR,602
Turnaround Jump Shot,Jump Shot,547,20000347,33.9953,123,49,-118.1468,4,5,0,2000-01,40,13,0.0,2PT Field Goal,Right Side(R),Mid-Range,8-16 ft.,1610612747,Los Angeles Lakers,2000-12-17,LAL @ TOR,TOR,603
Driving Finger Roll Shot,Layup,569,20000347,34.0443,0,0,-118.2698,1,5,0,2000-01,56,0,1.0,2PT Field Goal,Center(C),Restricted Area,Less Than 8 ft.,1610612747,Los Angeles Lakers,2000-12-17,LAL @ TOR,TOR,604
Jump Shot,Jump Shot,24,20000352,33.8793,110,165,-118.1598,8,1,0,2000-01,39,19,,2PT Field Goal,Right Side Center(RC),Mid-Range,16-24 ft.,1610612747,Los Angeles Lakers,2000-12-19,LAL @ MIA,MIA,605
Jump Shot,Jump Shot,32,20000352,34.0463,-130,-2,-118.3998,7,1,0,2000-01,46,13,0.0,2PT Field Goal,Left Side(L),Mid-Range,8-16 ft.,1610612747,Los Angeles Lakers,2000-12-19,LAL @ MIA,MIA,606
Jump Shot,Jump Shot,44,20000352,33.9173,-115,127,-118.3848,6,1,0,2000-01,58,17,0.0,2PT Field Goal,Left Side Center(LC),Mid-Range,16-24 ft.,1610612747,Los Angeles Lakers,2000-12-19,LAL @ MIA,MIA,607
Jump Shot,Jump Shot,52,20000352,34.0443,-56,0,-118.3258,5,1,0,2000-01,51,5,1.0,2PT Field Goal,Center(C),In The Paint (Non-RA),Less Than 8 ft.,1610612747,Los Angeles Lakers,2000-12-19,LAL @ MIA,MIA,608
Layup Shot,Layup,80,20000352,34.0443,0,0,-118.2698,2,1,0,2000-01,11,0,1.0,2PT Field Goal,Center(C),Restricted Area,Less Than 8 ft.,1610612747,Los Angeles Lakers,2000-12-19,LAL @ MIA,MIA,609
Jump Shot,Jump Shot,92,20000352,33.9283,62,116,-118.2078,0,1,0,2000-01,0,13,1.0,2PT Field Goal,Center(C),In The Paint (Non-RA),8-16 ft.,1610612747,Los Angeles Lakers,2000-12-19,LAL @ MIA,MIA,610
Jump Shot,Jump Shot,100,20000352,33.8083,47,236,-118.2228,11,2,0,2000-01,14,24,0.0,3PT Field Goal,Center(C),Above the Break 3,24+ ft.,1610612747,Los Angeles Lakers,2000-12-19,LAL @ MIA,MIA,611
Jump Shot,Jump Shot,111,20000352,33.8633,161,181,-118.1088,9,2,0,2000-01,11,24,0.0,3PT Field Goal,Right Side Center(RC),Above the Break 3,24+ ft.,1610612747,Los Angeles Lakers,2000-12-19,LAL @ MIA,MIA,612
Running Jump Shot,Jump Shot,115,20000352,33.9973,56,47,-118.2138,8,2,0,2000-01,48,7,1.0,2PT Field Goal,Center(C),In The Paint (Non-RA),Less Than 8 ft.,1610612747,Los Angeles Lakers,2000-12-19,LAL @ MIA,MIA,613
Jump Shot,Jump Shot,125,20000352,33.8793,125,165,-118.1448,7,2,0,2000-01,59,20,0.0,2PT Field Goal,Right Side Center(RC),Mid-Range,16-24 ft.,1610612747,Los Angeles Lakers,2000-12-19,LAL @ MIA,MIA,614
Jump Shot,Jump Shot,139,20000352,34.0213,153,23,-118.1168,5,2,0,2000-01,52,15,1.0,2PT Field Goal,Right Side(R),Mid-Range,8-16 ft.,1610612747,Los Angeles Lakers,2000-12-19,LAL @ MIA,MIA,615
Running Jump Shot,Jump Shot,200,20000352,33.9973,24,47,-118.2458,0,2,0,2000-01,4,5,0.0,2PT Field Goal,Center(C),In The Paint (Non-RA),Less Than 8 ft.,1610612747,Los Angeles Lakers,2000-12-19,LAL @ MIA,MIA,616
Jump Shot,Jump Shot,219,20000352,34.0443,125,0,-118.1448,10,3,0,2000-01,33,12,,2PT Field Goal,Right Side(R),Mid-Range,8-16 ft.,1610612747,Los Angeles Lakers,2000-12-19,LAL @ MIA,MIA,617
Driving Layup Shot,Layup,221,20000352,34.0443,0,0,-118.2698,10,3,0,2000-01,26,0,0.0,2PT Field Goal,Center(C),Restricted Area,Less Than 8 ft.,1610612747,Los Angeles Lakers,2000-12-19,LAL @ MIA,MIA,618
Jump Shot,Jump Shot,237,20000352,33.9073,-71,137,-118.3408,8,3,0,2000-01,35,15,1.0,2PT Field Goal,Center(C),In The Paint (Non-RA),8-16 ft.,1610612747,Los Angeles Lakers,2000-12-19,LAL @ MIA,MIA,619
Running Jump Shot,Jump Shot,239,20000352,34.0373,32,7,-118.2378,8,3,0,2000-01,9,3,1.0,2PT Field Goal,Center(C),Restricted Area,Less Than 8 ft.,1610612747,Los Angeles Lakers,2000-12-19,LAL @ MIA,MIA,620
Jump Shot,Jump Shot,263,20000352,34.0213,-157,23,-118.4268,5,3,0,2000-01,7,15,0.0,2PT Field Goal,Left Side(L),Mid-Range,8-16 ft.,1610612747,Los Angeles Lakers,2000-12-19,LAL @ MIA,MIA,621
Jump Shot,Jump Shot,295,20000352,33.8733,-109,171,-118.3788,1,3,0,2000-01,57,20,1.0,2PT Field Goal,Left Side Center(LC),Mid-Range,16-24 ft.,1610612747,Los Angeles Lakers,2000-12-19,LAL @ MIA,MIA,622
Jump Shot,Jump Shot,301,20000352,33.9283,110,116,-118.1598,0,3,0,2000-01,57,15,0.0,2PT Field Goal,Right Side(R),Mid-Range,8-16 ft.,1610612747,Los Angeles Lakers,2000-12-19,LAL @ MIA,MIA,623
Driving Layup Shot,Layup,313,20000352,34.0443,0,0,-118.2698,0,3,0,2000-01,3,0,1.0,2PT Field Goal,Center(C),Restricted Area,Less Than 8 ft.,1610612747,Los Angeles Lakers,2000-12-19,LAL @ MIA,MIA,624
Jump Shot,Jump Shot,322,20000352,34.0673,182,-23,-118.0878,11,4,0,2000-01,13,18,0.0,2PT Field Goal,Right Side(R),Mid-Range,16-24 ft.,1610612747,Los Angeles Lakers,2000-12-19,LAL @ MIA,MIA,625
Driving Layup Shot,Layup,330,20000352,34.0443,0,0,-118.2698,10,4,0,2000-01,5,0,0.0,2PT Field Goal,Center(C),Restricted Area,Less Than 8 ft.,1610612747,Los Angeles Lakers,2000-12-19,LAL @ MIA,MIA,626
Running Jump Shot,Jump Shot,387,20000352,34.0443,83,0,-118.1868,3,4,0,2000-01,30,8,0.0,2PT Field Goal,Right Side(R),Mid-Range,8-16 ft.,1610612747,Los Angeles Lakers,2000-12-19,LAL @ MIA,MIA,627
Jump Shot,Jump Shot,420,20000352,34.0443,-166,0,-118.4358,0,4,0,2000-01,18,16,,2PT Field Goal,Left Side(L),Mid-Range,16-24 ft.,1610612747,Los Angeles Lakers,2000-12-19,LAL @ MIA,MIA,628
Jump Shot,Jump Shot,12,20000373,33.8963,-149,148,-118.4188,10,1,0,2000-01,50,21,1.0,2PT Field Goal,Left Side Center(LC),Mid-Range,16-24 ft.,1610612747,Los Angeles Lakers,2000-12-21,LAL @ HOU,HOU,629
Jump Shot,Jump Shot,15,20000373,33.8463,-63,198,-118.3328,9,1,0,2000-01,54,20,1.0,2PT Field Goal,Center(C),Mid-Range,16-24 ft.,1610612747,Los Angeles Lakers,2000-12-21,LAL @ HOU,HOU,630
Layup Shot,Layup,27,20000373,34.0443,0,0,-118.2698,7,1,0,2000-01,53,0,1.0,2PT Field Goal,Center(C),Restricted Area,Less Than 8 ft.,1610612747,Los Angeles Lakers,2000-12-21,LAL @ HOU,HOU,631
Jump Shot,Jump Shot,33,20000373,33.9153,1,129,-118.2688,6,1,0,2000-01,35,12,1.0,2PT Field Goal,Center(C),In The Paint (Non-RA),8-16 ft.,1610612747,Los Angeles Lakers,2000-12-21,LAL @ HOU,HOU,632
Jump Shot,Jump Shot,40,20000373,33.8163,123,228,-118.1468,5,1,0,2000-01,50,25,1.0,3PT Field Goal,Right Side Center(RC),Above the Break 3,24+ ft.,1610612747,Los Angeles Lakers,2000-12-21,LAL @ HOU,HOU,633
Jump Shot,Jump Shot,68,20000373,33.9663,159,78,-118.1108,3,1,0,2000-01,43,17,,2PT Field Goal,Right Side(R),Mid-Range,16-24 ft.,1610612747,Los Angeles Lakers,2000-12-21,LAL @ HOU,HOU,634
Dunk Shot,Dunk,83,20000373,34.0443,0,0,-118.2698,1,1,0,2000-01,40,0,1.0,2PT Field Goal,Center(C),Restricted Area,Less Than 8 ft.,1610612747,Los Angeles Lakers,2000-12-21,LAL @ HOU,HOU,635
Dunk Shot,Dunk,112,20000373,34.0443,0,0,-118.2698,11,2,0,2000-01,3,0,1.0,2PT Field Goal,Center(C),Restricted Area,Less Than 8 ft.,1610612747,Los Angeles Lakers,2000-12-21,LAL @ HOU,HOU,636
Jump Shot,Jump Shot,116,20000373,33.8633,79,181,-118.1908,10,2,0,2000-01,13,19,1.0,2PT Field Goal,Right Side Center(RC),Mid-Range,16-24 ft.,1610612747,Los Angeles Lakers,2000-12-21,LAL @ HOU,HOU,637
Alley Oop Layup shot,Layup,174,20000373,34.0443,0,0,-118.2698,6,2,0,2000-01,21,0,1.0,2PT Field Goal,Center(C),Restricted Area,Less Than 8 ft.,1610612747,Los Angeles Lakers,2000-12-21,LAL @ HOU,HOU,638
Jump Shot,Jump Shot,178,20000373,34.0143,41,30,-118.2288,5,2,0,2000-01,50,5,0.0,2PT Field Goal,Center(C),In The Paint (Non-RA),Less Than 8 ft.,1610612747,Los Angeles Lakers,2000-12-21,LAL @ HOU,HOU,639
Jump Shot,Jump Shot,186,20000373,33.9553,-94,89,-118.3638,4,2,0,2000-01,47,12,1.0,2PT Field Goal,Left Side(L),Mid-Range,8-16 ft.,1610612747,Los Angeles Lakers,2000-12-21,LAL @ HOU,HOU,640
Jump Shot,Jump Shot,202,20000373,33.8483,98,196,-118.1718,3,2,0,2000-01,26,21,0.0,2PT Field Goal,Right Side Center(RC),Mid-Range,16-24 ft.,1610612747,Los Angeles Lakers,2000-12-21,LAL @ HOU,HOU,641
Layup Shot,Layup,254,20000373,34.0443,0,0,-118.2698,10,3,0,2000-01,15,0,1.0,2PT Field Goal,Center(C),Restricted Area,Less Than 8 ft.,1610612747,Los Angeles Lakers,2000-12-21,LAL @ HOU,HOU,642
Running Jump Shot,Jump Shot,260,20000373,34.0253,-107,19,-118.3768,9,3,0,2000-01,47,10,1.0,2PT Field Goal,Left Side(L),Mid-Range,8-16 ft.,1610612747,Los Angeles Lakers,2000-12-21,LAL @ HOU,HOU,643
Jump Shot,Jump Shot,262,20000373,34.0143,136,30,-118.1338,9,3,0,2000-01,6,13,0.0,2PT Field Goal,Right Side(R),Mid-Range,8-16 ft.,1610612747,Los Angeles Lakers,2000-12-21,LAL @ HOU,HOU,644
Jump Shot,Jump Shot,297,20000373,33.8653,-73,179,-118.3428,6,3,0,2000-01,21,19,0.0,2PT Field Goal,Left Side Center(LC),Mid-Range,16-24 ft.,1610612747,Los Angeles Lakers,2000-12-21,LAL @ HOU,HOU,645
Jump Shot,Jump Shot,327,20000373,34.0213,56,23,-118.2138,3,3,0,2000-01,20,6,,2PT Field Goal,Center(C),In The Paint (Non-RA),Less Than 8 ft.,1610612747,Los Angeles Lakers,2000-12-21,LAL @ HOU,HOU,646
Dunk Shot,Dunk,328,20000373,34.0443,0,0,-118.2698,3,3,0,2000-01,17,0,1.0,2PT Field Goal,Center(C),Restricted Area,Less Than 8 ft.,1610612747,Los Angeles Lakers,2000-12-21,LAL @ HOU,HOU,647
Running Jump Shot,Jump Shot,375,20000373,33.9813,20,63,-118.2498,10,4,0,2000-01,32,6,1.0,2PT Field Goal,Center(C),In The Paint (Non-RA),Less Than 8 ft.,1610612747,Los Angeles Lakers,2000-12-21,LAL @ HOU,HOU,648
Jump Shot,Jump Shot,378,20000373,33.9113,106,133,-118.1638,9,4,0,2000-01,44,17,,2PT Field Goal,Right Side Center(RC),Mid-Range,16-24 ft.,1610612747,Los Angeles Lakers,2000-12-21,LAL @ HOU,HOU,649
Alley Oop Dunk Shot,Dunk,392,20000373,34.0443,0,0,-118.2698,7,4,0,2000-01,33,0,1.0,2PT Field Goal,Center(C),Restricted Area,Less Than 8 ft.,1610612747,Los Angeles Lakers,2000-12-21,LAL @ HOU,HOU,650
Driving Layup Shot,Layup,402,20000373,34.0443,0,0,-118.2698,6,4,0,2000-01,16,0,,2PT Field Goal,Center(C),Restricted Area,Less Than 8 ft.,1610612747,Los Angeles Lakers,2000-12-21,LAL @ HOU,HOU,651
Jump Shot,Jump Shot,458,20000373,33.9813,106,63,-118.1638,1,4,0,2000-01,35,12,1.0,2PT Field Goal,Right Side(R),Mid-Range,8-16 ft.,1610612747,Los Angeles Lakers,2000-12-21,LAL @ HOU,HOU,652
Jump Shot,Jump Shot,469,20000373,33.8373,49,207,-118.2208,0,4,0,2000-01,27,21,1.0,2PT Field Goal,Center(C),Mid-Range,16-24 ft.,1610612747,Los Angeles Lakers,2000-12-21,LAL @ HOU,HOU,653
Dunk Shot,Dunk,472,20000373,34.0443,0,0,-118.2698,0,4,0,2000-01,11,0,,2PT Field Goal,Center(C),Restricted Area,Less Than 8 ft.,1610612747,Los Angeles Lakers,2000-12-21,LAL @ HOU,HOU,654
Jump Shot,Jump Shot,2,20000379,33.9453,-136,99,-118.4058,11,1,0,2000-01,39,16,1.0,2PT Field Goal,Left Side Center(LC),Mid-Range,16-24 ft.,1610612747,Los Angeles Lakers,2000-12-22,LAL @ DAL,DAL,655
Layup Shot,Layup,6,20000379,34.0443,0,0,-118.2698,11,1,0,2000-01,6,0,,2PT Field Goal,Center(C),Restricted Area,Less Than 8 ft.,1610612747,Los Angeles Lakers,2000-12-22,LAL @ DAL,DAL,656
Jump Shot,Jump Shot,10,20000379,33.9073,3,137,-118.2668,10,1,0,2000-01,47,13,,2PT Field Goal,Center(C),In The Paint (Non-RA),8-16 ft.,1610612747,Los Angeles Lakers,2000-12-22,LAL @ DAL,DAL,657
Jump Shot,Jump Shot,37,20000379,33.9283,140,116,-118.1298,7,1,0,2000-01,27,18,0.0,2PT Field Goal,Right Side Center(RC),Mid-Range,16-24 ft.,1610612747,Los Angeles Lakers,2000-12-22,LAL @ DAL,DAL,658
Jump Shot,Jump Shot,59,20000379,34.0293,-166,15,-118.4358,4,1,0,2000-01,36,16,1.0,2PT Field Goal,Left Side(L),Mid-Range,16-24 ft.,1610612747,Los Angeles Lakers,2000-12-22,LAL @ DAL,DAL,659
Tip Shot,Tip Shot,105,20000379,34.0443,0,0,-118.2698,0,1,0,2000-01,45,0,1.0,2PT Field Goal,Center(C),Restricted Area,Less Than 8 ft.,1610612747,Los Angeles Lakers,2000-12-22,LAL @ DAL,DAL,660
Slam Dunk Shot,Dunk,116,20000379,34.0443,0,0,-118.2698,0,1,0,2000-01,10,0,1.0,2PT Field Goal,Center(C),Restricted Area,Less Than 8 ft.,1610612747,Los Angeles Lakers,2000-12-22,LAL @ DAL,DAL,661
Layup Shot,Layup,151,20000379,34.0443,0,0,-118.2698,9,2,0,2000-01,10,0,1.0,2PT Field Goal,Center(C),Restricted Area,Less Than 8 ft.,1610612747,Los Angeles Lakers,2000-12-22,LAL @ DAL,DAL,662
Jump Shot,Jump Shot,154,20000379,34.0353,226,9,-118.0438,8,2,0,2000-01,50,22,1.0,3PT Field Goal,Right Side(R),Right Corner 3,24+ ft.,1610612747,Los Angeles Lakers,2000-12-22,LAL @ DAL,DAL,663
Jump Shot,Jump Shot,211,20000379,33.8943,-115,150,-118.3848,3,2,0,2000-01,18,18,0.0,2PT Field Goal,Left Side Center(LC),Mid-Range,16-24 ft.,1610612747,Los Angeles Lakers,2000-12-22,LAL @ DAL,DAL,664
Jump Shot,Jump Shot,218,20000379,33.9893,146,55,-118.1238,2,2,0,2000-01,54,15,1.0,2PT Field Goal,Right Side(R),Mid-Range,8-16 ft.,1610612747,Los Angeles Lakers,2000-12-22,LAL @ DAL,DAL,665
Jump Shot,Jump Shot,232,20000379,33.8223,-65,222,-118.3348,1,2,0,2000-01,43,23,1.0,2PT Field Goal,Center(C),Mid-Range,16-24 ft.,1610612747,Los Angeles Lakers,2000-12-22,LAL @ DAL,DAL,666
Jump Shot,Jump Shot,235,20000379,33.8843,-1,160,-118.2708,1,2,0,2000-01,17,16,0.0,2PT Field Goal,Center(C),Mid-Range,16-24 ft.,1610612747,Los Angeles Lakers,2000-12-22,LAL @ DAL,DAL,667
Jump Shot,Jump Shot,254,20000379,33.9683,-130,76,-118.3998,11,3,0,2000-01,18,15,0.0,2PT Field Goal,Left Side(L),Mid-Range,8-16 ft.,1610612747,Los Angeles Lakers,2000-12-22,LAL @ DAL,DAL,668
Jump Shot,Jump Shot,275,20000379,33.9513,167,93,-118.1028,9,3,0,2000-01,1,19,,2PT Field Goal,Right Side(R),Mid-Range,16-24 ft.,1610612747,Los Angeles Lakers,2000-12-22,LAL @ DAL,DAL,669
Alley Oop Dunk Shot,Dunk,296,20000379,34.0443,0,0,-118.2698,5,3,0,2000-01,51,0,,2PT Field Goal,Center(C),Restricted Area,Less Than 8 ft.,1610612747,Los Angeles Lakers,2000-12-22,LAL @ DAL,DAL,670
Jump Shot,Jump Shot,372,20000379,33.8673,-130,177,-118.3998,10,4,0,2000-01,42,21,1.0,2PT Field Goal,Left Side Center(LC),Mid-Range,16-24 ft.,1610612747,Los Angeles Lakers,2000-12-22,LAL @ DAL,DAL,671
Jump Shot,Jump Shot,416,20000379,34.0443,-151,0,-118.4208,4,4,0,2000-01,57,15,0.0,2PT Field Goal,Left Side(L),Mid-Range,8-16 ft.,1610612747,Los Angeles Lakers,2000-12-22,LAL @ DAL,DAL,672
Jump Shot,Jump Shot,439,20000379,34.0573,176,-13,-118.0938,2,4,0,2000-01,56,17,0.0,2PT Field Goal,Right Side(R),Mid-Range,16-24 ft.,1610612747,Los Angeles Lakers,2000-12-22,LAL @ DAL,DAL,673
Jump Shot,Jump Shot,463,20000379,33.9783,-187,66,-118.4568,1,4,0,2000-01,11,19,1.0,2PT Field Goal,Left Side(L),Mid-Range,16-24 ft.,1610612747,Los Angeles Lakers,2000-12-22,LAL @ DAL,DAL,674
Turnaround Jump Shot,Jump Shot,6,20000397,34.0273,81,17,-118.1888,10,1,0,2000-01,42,8,1.0,2PT Field Goal,Right Side(R),Mid-Range,8-16 ft.,1610612747,Los Angeles Lakers,2000-12-25,LAL vs. POR,POR,675
Jump Shot,Jump Shot,18,20000397,33.8793,81,165,-118.1888,8,1,0,2000-01,50,18,0.0,2PT Field Goal,Right Side Center(RC),Mid-Range,16-24 ft.,1610612747,Los Angeles Lakers,2000-12-25,LAL vs. POR,POR,676
Jump Shot,Jump Shot,77,20000397,33.8733,117,171,-118.1528,2,1,0,2000-01,49,20,1.0,2PT Field Goal,Right Side Center(RC),Mid-Range,16-24 ft.,1610612747,Los Angeles Lakers,2000-12-25,LAL vs. POR,POR,677
Jump Shot,Jump Shot,88,20000397,33.8463,-157,198,-118.4268,1,1,0,2000-01,37,25,0.0,3PT Field Goal,Left Side Center(LC),Above the Break 3,24+ ft.,1610612747,Los Angeles Lakers,2000-12-25,LAL vs. POR,POR,678
Jump Shot,Jump Shot,109,20000397,33.9343,45,110,-118.2248,0,1,0,2000-01,25,11,0.0,2PT Field Goal,Center(C),In The Paint (Non-RA),8-16 ft.,1610612747,Los Angeles Lakers,2000-12-25,LAL vs. POR,POR,679
Driving Layup Shot,Layup,112,20000397,34.0443,0,0,-118.2698,0,1,0,2000-01,10,0,1.0,2PT Field Goal,Center(C),Restricted Area,Less Than 8 ft.,1610612747,Los Angeles Lakers,2000-12-25,LAL vs. POR,POR,680
Jump Shot,Jump Shot,119,20000397,33.8903,144,154,-118.1258,11,2,0,2000-01,14,21,1.0,2PT Field Goal,Right Side Center(RC),Mid-Range,16-24 ft.,1610612747,Los Angeles Lakers,2000-12-25,LAL vs. POR,POR,681
Running Jump Shot,Jump Shot,232,20000397,33.9933,45,51,-118.2248,0,2,0,2000-01,5,6,1.0,2PT Field Goal,Center(C),In The Paint (Non-RA),Less Than 8 ft.,1610612747,Los Angeles Lakers,2000-12-25,LAL vs. POR,POR,682
Jump Shot,Jump Shot,252,20000397,34.0633,-136,-19,-118.4058,10,3,0,2000-01,7,13,0.0,2PT Field Goal,Left Side(L),Mid-Range,8-16 ft.,1610612747,Los Angeles Lakers,2000-12-25,LAL vs. POR,POR,683
Turnaround Jump Shot,Jump Shot,258,20000397,33.9073,5,137,-118.2648,9,3,0,2000-01,39,13,1.0,2PT Field Goal,Center(C),In The Paint (Non-RA),8-16 ft.,1610612747,Los Angeles Lakers,2000-12-25,LAL vs. POR,POR,684
Jump Shot,Jump Shot,263,20000397,33.8843,94,160,-118.1758,8,3,0,2000-01,50,18,0.0,2PT Field Goal,Right Side Center(RC),Mid-Range,16-24 ft.,1610612747,Los Angeles Lakers,2000-12-25,LAL vs. POR,POR,685
Running Jump Shot,Jump Shot,286,20000397,33.9243,45,120,-118.2248,6,3,0,2000-01,23,12,1.0,2PT Field Goal,Center(C),In The Paint (Non-RA),8-16 ft.,1610612747,Los Angeles Lakers,2000-12-25,LAL vs. POR,POR,686
Jump Shot,Jump Shot,288,20000397,33.8183,-157,226,-118.4268,5,3,0,2000-01,47,27,0.0,3PT Field Goal,Left Side Center(LC),Above the Break 3,24+ ft.,1610612747,Los Angeles Lakers,2000-12-25,LAL vs. POR,POR,687
Jump Shot,Jump Shot,306,20000397,33.8903,123,154,-118.1468,4,3,0,2000-01,37,19,0.0,2PT Field Goal,Right Side Center(RC),Mid-Range,16-24 ft.,1610612747,Los Angeles Lakers,2000-12-25,LAL vs. POR,POR,688
Jump Shot,Jump Shot,339,20000397,33.8253,144,219,-118.1258,1,3,0,2000-01,16,26,0.0,3PT Field Goal,Right Side Center(RC),Above the Break 3,24+ ft.,1610612747,Los Angeles Lakers,2000-12-25,LAL vs. POR,POR,689
Jump Shot,Jump Shot,362,20000397,33.8123,144,232,-118.1258,0,3,0,2000-01,0,27,0.0,3PT Field Goal,Right Side Center(RC),Above the Break 3,24+ ft.,1610612747,Los Angeles Lakers,2000-12-25,LAL vs. POR,POR,690
Jump Shot,Jump Shot,372,20000397,33.8843,117,160,-118.1528,10,4,0,2000-01,41,19,1.0,2PT Field Goal,Right Side Center(RC),Mid-Range,16-24 ft.,1610612747,Los Angeles Lakers,2000-12-25,LAL vs. POR,POR,691
Jump Shot,Jump Shot,447,20000397,34.0043,39,40,-118.2308,3,4,0,2000-01,26,5,0.0,2PT Field Goal,Center(C),In The Paint (Non-RA),Less Than 8 ft.,1610612747,Los Angeles Lakers,2000-12-25,LAL vs. POR,POR,692
Turnaround Jump Shot,Jump Shot,474,20000397,33.9893,-44,55,-118.3138,1,4,0,2000-01,49,7,,2PT Field Goal,Center(C),In The Paint (Non-RA),Less Than 8 ft.,1610612747,Los Angeles Lakers,2000-12-25,LAL vs. POR,POR,693
Jump Shot,Jump Shot,476,20000397,33.9453,-71,99,-118.3408,1,4,0,2000-01,22,12,,2PT Field Goal,Left Side(L),In The Paint (Non-RA),8-16 ft.,1610612747,Los Angeles Lakers,2000-12-25,LAL vs. POR,POR,694
Jump Shot,Jump Shot,12,20000420,33.8293,-84,215,-118.3538,10,1,0,2000-01,28,23,0.0,2PT Field Goal,Left Side Center(LC),Mid-Range,16-24 ft.,1610612747,Los Angeles Lakers,2000-12-28,LAL @ PHX,PHX,695
Turnaround Jump Shot,Jump Shot,16,20000420,34.0233,-105,21,-118.3748,9,1,0,2000-01,57,10,1.0,2PT Field Goal,Left Side(L),Mid-Range,8-16 ft.,1610612747,Los Angeles Lakers,2000-12-28,LAL @ PHX,PHX,696
Jump Shot,Jump Shot,22,20000420,34.0443,100,0,-118.1698,8,1,0,2000-01,38,10,1.0,2PT Field Goal,Right Side(R),Mid-Range,8-16 ft.,1610612747,Los Angeles Lakers,2000-12-28,LAL @ PHX,PHX,697
Jump Shot,Jump Shot,45,20000420,34.0403,138,4,-118.1318,5,1,0,2000-01,1,13,0.0,2PT Field Goal,Right Side(R),Mid-Range,8-16 ft.,1610612747,Los Angeles Lakers,2000-12-28,LAL @ PHX,PHX,698
Jump Shot,Jump Shot,49,20000420,33.8753,-27,169,-118.2968,4,1,0,2000-01,30,17,,2PT Field Goal,Center(C),Mid-Range,16-24 ft.,1610612747,Los Angeles Lakers,2000-12-28,LAL @ PHX,PHX,699
Jump Shot,Jump Shot,92,20000420,34.0233,94,21,-118.1758,0,1,0,2000-01,54,9,0.0,2PT Field Goal,Right Side(R),Mid-Range,8-16 ft.,1610612747,Los Angeles Lakers,2000-12-28,LAL @ PHX,PHX,700
Jump Shot,Jump Shot,114,20000420,33.8523,159,192,-118.1108,10,2,0,2000-01,20,24,1.0,3PT Field Goal,Right Side Center(RC),Above the Break 3,24+ ft.,1610612747,Los Angeles Lakers,2000-12-28,LAL @ PHX,PHX,701
Reverse Layup Shot,Layup,175,20000420,34.0443,0,0,-118.2698,4,2,0,2000-01,2,0,1.0,2PT Field Goal,Center(C),Restricted Area,Less Than 8 ft.,1610612747,Los Angeles Lakers,2000-12-28,LAL @ PHX,PHX,702
Turnaround Jump Shot,Jump Shot,196,20000420,34.0163,-141,28,-118.4108,2,2,0,2000-01,46,14,1.0,2PT Field Goal,Left Side(L),Mid-Range,8-16 ft.,1610612747,Los Angeles Lakers,2000-12-28,LAL @ PHX,PHX,703
Jump Shot,Jump Shot,198,20000420,33.9763,167,68,-118.1028,2,2,0,2000-01,26,18,1.0,2PT Field Goal,Right Side(R),Mid-Range,16-24 ft.,1610612747,Los Angeles Lakers,2000-12-28,LAL @ PHX,PHX,704
Jump Shot,Jump Shot,218,20000420,33.8693,1,175,-118.2688,0,2,0,2000-01,45,17,0.0,2PT Field Goal,Center(C),Mid-Range,16-24 ft.,1610612747,Los Angeles Lakers,2000-12-28,LAL @ PHX,PHX,705
Jump Shot,Jump Shot,225,20000420,33.8013,1,243,-118.2688,0,2,0,2000-01,30,24,1.0,3PT Field Goal,Center(C),Above the Break 3,24+ ft.,1610612747,Los Angeles Lakers,2000-12-28,LAL @ PHX,PHX,706
Jump Shot,Jump Shot,232,20000420,33.9473,-4,97,-118.2738,11,3,0,2000-01,47,9,0.0,2PT Field Goal,Center(C),In The Paint (Non-RA),8-16 ft.,1610612747,Los Angeles Lakers,2000-12-28,LAL @ PHX,PHX,707
Turnaround Jump Shot,Jump Shot,238,20000420,33.9723,123,72,-118.1468,11,3,0,2000-01,0,14,1.0,2PT Field Goal,Right Side(R),Mid-Range,8-16 ft.,1610612747,Los Angeles Lakers,2000-12-28,LAL @ PHX,PHX,708
Jump Shot,Jump Shot,257,20000420,33.8393,-141,205,-118.4108,8,3,0,2000-01,21,24,1.0,3PT Field Goal,Left Side Center(LC),Above the Break 3,24+ ft.,1610612747,Los Angeles Lakers,2000-12-28,LAL @ PHX,PHX,709
Driving Layup Shot,Layup,269,20000420,34.0443,0,0,-118.2698,7,3,0,2000-01,13,0,1.0,2PT Field Goal,Center(C),Restricted Area,Less Than 8 ft.,1610612747,Los Angeles Lakers,2000-12-28,LAL @ PHX,PHX,710
Jump Shot,Jump Shot,284,20000420,33.9473,167,97,-118.1028,6,3,0,2000-01,7,19,,2PT Field Goal,Right Side(R),Mid-Range,16-24 ft.,1610612747,Los Angeles Lakers,2000-12-28,LAL @ PHX,PHX,711
Turnaround Jump Shot,Jump Shot,329,20000420,34.0483,195,-4,-118.0748,2,3,0,2000-01,54,19,1.0,2PT Field Goal,Right Side(R),Mid-Range,16-24 ft.,1610612747,Los Angeles Lakers,2000-12-28,LAL @ PHX,PHX,712
Jump Shot,Jump Shot,354,20000420,34.0443,159,0,-118.1108,0,3,0,2000-01,35,15,0.0,2PT Field Goal,Right Side(R),Mid-Range,8-16 ft.,1610612747,Los Angeles Lakers,2000-12-28,LAL @ PHX,PHX,713
Jump Shot,Jump Shot,27,20000434,34.0233,201,21,-118.0688,9,1,0,2000-01,8,20,0.0,2PT Field Goal,Right Side(R),Mid-Range,16-24 ft.,1610612747,Los Angeles Lakers,2000-12-30,LAL @ LAC,LAC,714
Jump Shot,Jump Shot,29,20000434,33.9993,174,45,-118.0958,8,1,0,2000-01,50,17,1.0,2PT Field Goal,Right Side(R),Mid-Range,16-24 ft.,1610612747,Los Angeles Lakers,2000-12-30,LAL @ LAC,LAC,715
Jump Shot,Jump Shot,37,20000434,33.8223,-141,222,-118.4108,7,1,0,2000-01,29,26,1.0,3PT Field Goal,Left Side Center(LC),Above the Break 3,24+ ft.,1610612747,Los Angeles Lakers,2000-12-30,LAL @ LAC,LAC,716
Jump Shot,Jump Shot,39,20000434,33.8843,195,160,-118.0748,6,1,0,2000-01,44,25,0.0,3PT Field Goal,Right Side Center(RC),Above the Break 3,24+ ft.,1610612747,Los Angeles Lakers,2000-12-30,LAL @ LAC,LAC,717
Jump Shot,Jump Shot,45,20000434,33.9833,144,61,-118.1258,5,1,0,2000-01,53,15,,2PT Field Goal,Right Side(R),Mid-Range,8-16 ft.,1610612747,Los Angeles Lakers,2000-12-30,LAL @ LAC,LAC,718
Alley Oop Dunk Shot,Dunk,74,20000434,34.0443,0,0,-118.2698,2,1,0,2000-01,51,0,1.0,2PT Field Goal,Center(C),Restricted Area,Less Than 8 ft.,1610612747,Los Angeles Lakers,2000-12-30,LAL @ LAC,LAC,719
Jump Shot,Jump Shot,80,20000434,33.9993,-162,45,-118.4318,1,1,0,2000-01,53,16,0.0,2PT Field Goal,Left Side(L),Mid-Range,16-24 ft.,1610612747,Los Angeles Lakers,2000-12-30,LAL @ LAC,LAC,720
Running Jump Shot,Jump Shot,88,20000434,33.9893,-12,55,-118.2818,0,1,0,2000-01,40,5,0.0,2PT Field Goal,Center(C),In The Paint (Non-RA),Less Than 8 ft.,1610612747,Los Angeles Lakers,2000-12-30,LAL @ LAC,LAC,721
Jump Shot,Jump Shot,109,20000434,34.0443,153,0,-118.1168,10,2,0,2000-01,30,15,,2PT Field Goal,Right Side(R),Mid-Range,8-16 ft.,1610612747,Los Angeles Lakers,2000-12-30,LAL @ LAC,LAC,722
Jump Shot,Jump Shot,126,20000434,33.8563,-191,188,-118.4608,8,2,0,2000-01,55,26,,3PT Field Goal,Left Side Center(LC),Above the Break 3,24+ ft.,1610612747,Los Angeles Lakers,2000-12-30,LAL @ LAC,LAC,723
Jump Shot,Jump Shot,153,20000434,33.7893,1,255,-118.2688,6,2,0,2000-01,20,25,1.0,3PT Field Goal,Center(C),Above the Break 3,24+ ft.,1610612747,Los Angeles Lakers,2000-12-30,LAL @ LAC,LAC,724
Turnaround Jump Shot,Jump Shot,156,20000434,33.9623,16,82,-118.2538,5,2,0,2000-01,33,8,,2PT Field Goal,Center(C),In The Paint (Non-RA),8-16 ft.,1610612747,Los Angeles Lakers,2000-12-30,LAL @ LAC,LAC,725
Reverse Layup Shot,Layup,174,20000434,34.0443,0,0,-118.2698,3,2,0,2000-01,56,0,1.0,2PT Field Goal,Center(C),Restricted Area,Less Than 8 ft.,1610612747,Los Angeles Lakers,2000-12-30,LAL @ LAC,LAC,726
Jump Shot,Jump Shot,188,20000434,33.9953,64,49,-118.2058,2,2,0,2000-01,1,8,1.0,2PT Field Goal,Right Side(R),In The Paint (Non-RA),8-16 ft.,1610612747,Los Angeles Lakers,2000-12-30,LAL @ LAC,LAC,727
Jump Shot,Jump Shot,197,20000434,33.8393,-141,205,-118.4108,0,2,0,2000-01,27,24,0.0,3PT Field Goal,Left Side Center(LC),Above the Break 3,24+ ft.,1610612747,Los Angeles Lakers,2000-12-30,LAL @ LAC,LAC,728
Jump Shot,Jump Shot,236,20000434,33.8063,-71,238,-118.3408,8,3,0,2000-01,38,24,0.0,3PT Field Goal,Center(C),Above the Break 3,24+ ft.,1610612747,Los Angeles Lakers,2000-12-30,LAL @ LAC,LAC,729
Jump Shot,Jump Shot,270,20000434,33.8163,-141,228,-118.4108,3,3,0,2000-01,54,26,0.0,3PT Field Goal,Left Side Center(LC),Above the Break 3,24+ ft.,1610612747,Los Angeles Lakers,2000-12-30,LAL @ LAC,LAC,730
Jump Shot,Jump Shot,298,20000434,34.0293,129,15,-118.1408,1,3,0,2000-01,53,12,0.0,2PT Field Goal,Right Side(R),Mid-Range,8-16 ft.,1610612747,Los Angeles Lakers,2000-12-30,LAL @ LAC,LAC,731
Jump Shot,Jump Shot,19,20000456,33.8083,-50,236,-118.3198,9,1,0,2000-01,34,24,0.0,3PT Field Goal,Center(C),Above the Break 3,24+ ft.,1610612747,Los Angeles Lakers,2001-01-03,LAL vs. UTA,UTA,732
Jump Shot,Jump Shot,34,20000456,34.0633,-130,-19,-118.3998,8,1,0,2000-01,12,13,1.0,2PT Field Goal,Left Side(L),Mid-Range,8-16 ft.,1610612747,Los Angeles Lakers,2001-01-03,LAL vs. UTA,UTA,733
Jump Shot,Jump Shot,41,20000456,33.9833,153,61,-118.1168,7,1,0,2000-01,5,16,,2PT Field Goal,Right Side(R),Mid-Range,16-24 ft.,1610612747,Los Angeles Lakers,2001-01-03,LAL vs. UTA,UTA,734
Layup Shot,Layup,53,20000456,34.0443,0,0,-118.2698,6,1,0,2000-01,1,0,,2PT Field Goal,Center(C),Restricted Area,Less Than 8 ft.,1610612747,Los Angeles Lakers,2001-01-03,LAL vs. UTA,UTA,735
Jump Shot,Jump Shot,89,20000456,34.0733,-143,-29,-118.4128,1,1,0,2000-01,38,14,0.0,2PT Field Goal,Left Side(L),Mid-Range,8-16 ft.,1610612747,Los Angeles Lakers,2001-01-03,LAL vs. UTA,UTA,736
Running Jump Shot,Jump Shot,95,20000456,34.0043,-44,40,-118.3138,0,1,0,2000-01,53,5,,2PT Field Goal,Center(C),In The Paint (Non-RA),Less Than 8 ft.,1610612747,Los Angeles Lakers,2001-01-03,LAL vs. UTA,UTA,737
Jump Shot,Jump Shot,99,20000456,33.8353,-143,209,-118.4128,0,1,0,2000-01,18,25,0.0,3PT Field Goal,Left Side Center(LC),Above the Break 3,24+ ft.,1610612747,Los Angeles Lakers,2001-01-03,LAL vs. UTA,UTA,738
Jump Shot,Jump Shot,113,20000456,34.0423,144,2,-118.1258,10,2,0,2000-01,39,14,0.0,2PT Field Goal,Right Side(R),Mid-Range,8-16 ft.,1610612747,Los Angeles Lakers,2001-01-03,LAL vs. UTA,UTA,739
Jump Shot,Jump Shot,149,20000456,33.9493,153,95,-118.1168,7,2,0,2000-01,25,18,1.0,2PT Field Goal,Right Side(R),Mid-Range,16-24 ft.,1610612747,Los Angeles Lakers,2001-01-03,LAL vs. UTA,UTA,740
Jump Shot,Jump Shot,168,20000456,33.9453,-107,99,-118.3768,4,2,0,2000-01,56,14,0.0,2PT Field Goal,Left Side(L),Mid-Range,8-16 ft.,1610612747,Los Angeles Lakers,2001-01-03,LAL vs. UTA,UTA,741
Turnaround Jump Shot,Jump Shot,176,20000456,33.9623,94,82,-118.1758,3,2,0,2000-01,46,12,1.0,2PT Field Goal,Right Side(R),Mid-Range,8-16 ft.,1610612747,Los Angeles Lakers,2001-01-03,LAL vs. UTA,UTA,742
Slam Dunk Shot,Dunk,179,20000456,34.0443,0,0,-118.2698,3,2,0,2000-01,4,0,1.0,2PT Field Goal,Center(C),Restricted Area,Less Than 8 ft.,1610612747,Los Angeles Lakers,2001-01-03,LAL vs. UTA,UTA,743
Jump Shot,Jump Shot,189,20000456,33.9283,159,116,-118.1108,2,2,0,2000-01,10,19,0.0,2PT Field Goal,Right Side Center(RC),Mid-Range,16-24 ft.,1610612747,Los Angeles Lakers,2001-01-03,LAL vs. UTA,UTA,744
Reverse Dunk Shot,Dunk,194,20000456,34.0443,0,0,-118.2698,1,2,0,2000-01,53,0,1.0,2PT Field Goal,Center(C),Restricted Area,Less Than 8 ft.,1610612747,Los Angeles Lakers,2001-01-03,LAL vs. UTA,UTA,745
Jump Shot,Jump Shot,235,20000456,34.0273,159,17,-118.1108,9,3,0,2000-01,46,15,,2PT Field Goal,Right Side(R),Mid-Range,8-16 ft.,1610612747,Los Angeles Lakers,2001-01-03,LAL vs. UTA,UTA,746
Turnaround Jump Shot,Jump Shot,269,20000456,33.9453,159,99,-118.1108,5,3,0,2000-01,27,18,,2PT Field Goal,Right Side(R),Mid-Range,16-24 ft.,1610612747,Los Angeles Lakers,2001-01-03,LAL vs. UTA,UTA,747
Driving Dunk Shot,Dunk,309,20000456,34.0443,0,0,-118.2698,0,3,0,2000-01,42,0,1.0,2PT Field Goal,Center(C),Restricted Area,Less Than 8 ft.,1610612747,Los Angeles Lakers,2001-01-03,LAL vs. UTA,UTA,748
Jump Shot,Jump Shot,316,20000456,33.7533,-16,291,-118.2858,0,3,0,2000-01,0,29,0.0,3PT Field Goal,Center(C),Above the Break 3,24+ ft.,1610612747,Los Angeles Lakers,2001-01-03,LAL vs. UTA,UTA,749
Jump Shot,Jump Shot,366,20000456,33.8083,110,236,-118.1598,8,4,0,2000-01,31,26,0.0,3PT Field Goal,Right Side Center(RC),Above the Break 3,24+ ft.,1610612747,Los Angeles Lakers,2001-01-03,LAL vs. UTA,UTA,750
Jump Shot,Jump Shot,412,20000456,33.9343,153,110,-118.1168,4,4,0,2000-01,42,18,1.0,2PT Field Goal,Right Side(R),Mid-Range,16-24 ft.,1610612747,Los Angeles Lakers,2001-01-03,LAL vs. UTA,UTA,751
Alley Oop Dunk Shot,Dunk,424,20000456,34.0443,0,0,-118.2698,3,4,0,2000-01,50,0,1.0,2PT Field Goal,Center(C),Restricted Area,Less Than 8 ft.,1610612747,Los Angeles Lakers,2001-01-03,LAL vs. UTA,UTA,752
Jump Shot,Jump Shot,430,20000456,33.8013,102,243,-118.1678,2,4,0,2000-01,43,26,1.0,3PT Field Goal,Right Side Center(RC),Above the Break 3,24+ ft.,1610612747,Los Angeles Lakers,2001-01-03,LAL vs. UTA,UTA,753
Jump Shot,Jump Shot,443,20000456,34.0313,-227,13,-118.4968,1,4,0,2000-01,2,22,1.0,3PT Field Goal,Left Side(L),Left Corner 3,24+ ft.,1610612747,Los Angeles Lakers,2001-01-03,LAL vs. UTA,UTA,754
Jump Shot,Jump Shot,454,20000456,33.8353,45,209,-118.2248,0,4,0,2000-01,26,21,0.0,2PT Field Goal,Center(C),Mid-Range,16-24 ft.,1610612747,Los Angeles Lakers,2001-01-03,LAL vs. UTA,UTA,755
Jump Shot,Jump Shot,11,20000484,33.8463,-143,198,-118.4128,10,1,0,2000-01,9,24,0.0,3PT Field Goal,Left Side Center(LC),Above the Break 3,24+ ft.,1610612747,Los Angeles Lakers,2001-01-07,LAL vs. LAC,LAC,756
Driving Layup Shot,Layup,33,20000484,34.0443,0,0,-118.2698,8,1,0,2000-01,7,0,1.0,2PT Field Goal,Center(C),Restricted Area,Less Than 8 ft.,1610612747,Los Angeles Lakers,2001-01-07,LAL vs. LAC,LAC,757
Jump Shot,Jump Shot,37,20000484,34.0103,-176,34,-118.4458,7,1,0,2000-01,33,17,1.0,2PT Field Goal,Left Side(L),Mid-Range,16-24 ft.,1610612747,Los Angeles Lakers,2001-01-07,LAL vs. LAC,LAC,758
Running Jump Shot,Jump Shot,46,20000484,33.9113,54,133,-118.2158,6,1,0,2000-01,9,14,1.0,2PT Field Goal,Center(C),In The Paint (Non-RA),8-16 ft.,1610612747,Los Angeles Lakers,2001-01-07,LAL vs. LAC,LAC,759
Jump Shot,Jump Shot,56,20000484,33.9283,102,116,-118.1678,5,1,0,2000-01,4,15,1.0,2PT Field Goal,Right Side(R),Mid-Range,8-16 ft.,1610612747,Los Angeles Lakers,2001-01-07,LAL vs. LAC,LAC,760
Layup Shot,Layup,58,20000484,34.0443,0,0,-118.2698,4,1,0,2000-01,50,0,0.0,2PT Field Goal,Center(C),Restricted Area,Less Than 8 ft.,1610612747,Los Angeles Lakers,2001-01-07,LAL vs. LAC,LAC,761
Jump Shot,Jump Shot,70,20000484,33.8903,45,154,-118.2248,4,1,0,2000-01,12,16,0.0,2PT Field Goal,Center(C),Mid-Range,16-24 ft.,1610612747,Los Angeles Lakers,2001-01-07,LAL vs. LAC,LAC,762
Jump Shot,Jump Shot,78,20000484,33.9173,-44,127,-118.3138,3,1,0,2000-01,56,13,0.0,2PT Field Goal,Center(C),In The Paint (Non-RA),8-16 ft.,1610612747,Los Angeles Lakers,2001-01-07,LAL vs. LAC,LAC,763
Jump Shot,Jump Shot,166,20000484,34.0593,-170,-15,-118.4398,7,2,0,2000-01,16,17,1.0,2PT Field Goal,Left Side(L),Mid-Range,16-24 ft.,1610612747,Los Angeles Lakers,2001-01-07,LAL vs. LAC,LAC,764
Jump Shot,Jump Shot,175,20000484,34.0593,165,-15,-118.1048,6,2,0,2000-01,23,16,0.0,2PT Field Goal,Right Side(R),Mid-Range,16-24 ft.,1610612747,Los Angeles Lakers,2001-01-07,LAL vs. LAC,LAC,765
Jump Shot,Jump Shot,180,20000484,33.7743,11,270,-118.2588,5,2,0,2000-01,49,27,,3PT Field Goal,Center(C),Above the Break 3,24+ ft.,1610612747,Los Angeles Lakers,2001-01-07,LAL vs. LAC,LAC,766
Jump Shot,Jump Shot,182,20000484,34.0313,-176,13,-118.4458,5,2,0,2000-01,37,17,,2PT Field Goal,Left Side(L),Mid-Range,16-24 ft.,1610612747,Los Angeles Lakers,2001-01-07,LAL vs. LAC,LAC,767
Running Jump Shot,Jump Shot,189,20000484,33.9833,54,61,-118.2158,5,2,0,2000-01,12,8,1.0,2PT Field Goal,Right Side(R),In The Paint (Non-RA),8-16 ft.,1610612747,Los Angeles Lakers,2001-01-07,LAL vs. LAC,LAC,768
Running Jump Shot,Jump Shot,193,20000484,34.0043,-130,40,-118.3998,4,2,0,2000-01,42,13,1.0,2PT Field Goal,Left Side(L),Mid-Range,8-16 ft.,1610612747,Los Angeles Lakers,2001-01-07,LAL vs. LAC,LAC,769
Slam Dunk Shot,Dunk,219,20000484,34.0443,0,0,-118.2698,2,2,0,2000-01,14,0,1.0,2PT Field Goal,Center(C),Restricted Area,Less Than 8 ft.,1610612747,Los Angeles Lakers,2001-01-07,LAL vs. LAC,LAC,770
Jump Shot,Jump Shot,241,20000484,34.0313,-136,13,-118.4058,0,2,0,2000-01,25,13,,2PT Field Goal,Left Side(L),Mid-Range,8-16 ft.,1610612747,Los Angeles Lakers,2001-01-07,LAL vs. LAC,LAC,771
Jump Shot,Jump Shot,244,20000484,33.9723,26,72,-118.2438,0,2,0,2000-01,2,7,1.0,2PT Field Goal,Center(C),In The Paint (Non-RA),Less Than 8 ft.,1610612747,Los Angeles Lakers,2001-01-07,LAL vs. LAC,LAC,772
Jump Shot,Jump Shot,251,20000484,34.0313,-71,13,-118.3408,11,3,0,2000-01,20,7,,2PT Field Goal,Center(C),In The Paint (Non-RA),Less Than 8 ft.,1610612747,Los Angeles Lakers,2001-01-07,LAL vs. LAC,LAC,773
Jump Shot,Jump Shot,272,20000484,33.8693,-1,175,-118.2708,8,3,0,2000-01,45,17,,2PT Field Goal,Center(C),Mid-Range,16-24 ft.,1610612747,Los Angeles Lakers,2001-01-07,LAL vs. LAC,LAC,774
Jump Shot,Jump Shot,351,20000484,34.0103,193,34,-118.0768,1,3,0,2000-01,55,19,0.0,2PT Field Goal,Right Side(R),Mid-Range,16-24 ft.,1610612747,Los Angeles Lakers,2001-01-07,LAL vs. LAC,LAC,775
Jump Shot,Jump Shot,468,20000484,33.8393,-79,205,-118.3488,4,4,0,2000-01,46,21,0.0,2PT Field Goal,Left Side Center(LC),Mid-Range,16-24 ft.,1610612747,Los Angeles Lakers,2001-01-07,LAL vs. LAC,LAC,776
Jump Shot,Jump Shot,485,20000484,33.8013,94,243,-118.1758,2,4,0,2000-01,46,26,0.0,3PT Field Goal,Right Side Center(RC),Above the Break 3,24+ ft.,1610612747,Los Angeles Lakers,2001-01-07,LAL vs. LAC,LAC,777
Jump Shot,Jump Shot,492,20000484,33.9833,237,61,-118.0328,2,4,0,2000-01,1,24,0.0,3PT Field Goal,Right Side(R),Right Corner 3,24+ ft.,1610612747,Los Angeles Lakers,2001-01-07,LAL vs. LAC,LAC,778
Jump Shot,Jump Shot,497,20000484,33.7873,54,257,-118.2158,1,4,0,2000-01,26,26,0.0,3PT Field Goal,Center(C),Above the Break 3,24+ ft.,1610612747,Los Angeles Lakers,2001-01-07,LAL vs. LAC,LAC,779
Jump Shot,Jump Shot,11,20000519,33.9113,-10,133,-118.2798,10,1,0,2000-01,28,13,1.0,2PT Field Goal,Center(C),In The Paint (Non-RA),8-16 ft.,1610612747,Los Angeles Lakers,2001-01-12,LAL vs. CLE,CLE,780
Jump Shot,Jump Shot,33,20000519,33.8903,-71,154,-118.3408,8,1,0,2000-01,22,16,0.0,2PT Field Goal,Left Side Center(LC),Mid-Range,16-24 ft.,1610612747,Los Angeles Lakers,2001-01-12,LAL vs. CLE,CLE,781
Jump Shot,Jump Shot,117,20000519,33.8393,-44,205,-118.3138,10,2,0,2000-01,41,20,0.0,2PT Field Goal,Center(C),Mid-Range,16-24 ft.,1610612747,Los Angeles Lakers,2001-01-12,LAL vs. CLE,CLE,782
Jump Shot,Jump Shot,120,20000519,33.9723,-10,72,-118.2798,10,2,0,2000-01,12,7,,2PT Field Goal,Center(C),In The Paint (Non-RA),Less Than 8 ft.,1610612747,Los Angeles Lakers,2001-01-12,LAL vs. CLE,CLE,783
Jump Shot,Jump Shot,174,20000519,33.8463,-149,198,-118.4188,4,2,0,2000-01,29,24,,3PT Field Goal,Left Side Center(LC),Above the Break 3,24+ ft.,1610612747,Los Angeles Lakers,2001-01-12,LAL vs. CLE,CLE,784
Jump Shot,Jump Shot,191,20000519,33.8633,172,181,-118.0978,2,2,0,2000-01,31,24,0.0,3PT Field Goal,Right Side Center(RC),Above the Break 3,24+ ft.,1610612747,Los Angeles Lakers,2001-01-12,LAL vs. CLE,CLE,785
Jump Shot,Jump Shot,224,20000519,33.8903,-107,154,-118.3768,11,3,0,2000-01,14,18,1.0,2PT Field Goal,Left Side Center(LC),Mid-Range,16-24 ft.,1610612747,Los Angeles Lakers,2001-01-12,LAL vs. CLE,CLE,786
Jump Shot,Jump Shot,235,20000519,34.0593,207,-15,-118.0628,9,3,0,2000-01,34,20,1.0,2PT Field Goal,Right Side(R),Mid-Range,16-24 ft.,1610612747,Los Angeles Lakers,2001-01-12,LAL vs. CLE,CLE,787
Jump Shot,Jump Shot,238,20000519,33.9663,81,78,-118.1888,8,3,0,2000-01,58,11,0.0,2PT Field Goal,Right Side(R),Mid-Range,8-16 ft.,1610612747,Los Angeles Lakers,2001-01-12,LAL vs. CLE,CLE,788
Jump Shot,Jump Shot,244,20000519,34.0163,-164,28,-118.4338,8,3,0,2000-01,31,16,,2PT Field Goal,Left Side(L),Mid-Range,16-24 ft.,1610612747,Los Angeles Lakers,2001-01-12,LAL vs. CLE,CLE,789
Running Layup Shot,Layup,250,20000519,34.0443,0,0,-118.2698,7,3,0,2000-01,57,0,0.0,2PT Field Goal,Center(C),Restricted Area,Less Than 8 ft.,1610612747,Los Angeles Lakers,2001-01-12,LAL vs. CLE,CLE,790
Jump Shot,Jump Shot,254,20000519,34.0463,-157,-2,-118.4268,7,3,0,2000-01,38,15,1.0,2PT Field Goal,Left Side(L),Mid-Range,8-16 ft.,1610612747,Los Angeles Lakers,2001-01-12,LAL vs. CLE,CLE,791
Jump Shot,Jump Shot,305,20000519,33.8733,186,171,-118.0838,2,3,0,2000-01,22,25,,3PT Field Goal,Right Side Center(RC),Above the Break 3,24+ ft.,1610612747,Los Angeles Lakers,2001-01-12,LAL vs. CLE,CLE,792
Jump Shot,Jump Shot,313,20000519,34.0423,-98,2,-118.3678,1,3,0,2000-01,43,9,0.0,2PT Field Goal,Left Side(L),Mid-Range,8-16 ft.,1610612747,Los Angeles Lakers,2001-01-12,LAL vs. CLE,CLE,793
Layup Shot,Layup,328,20000519,34.0443,0,0,-118.2698,0,3,0,2000-01,39,0,0.0,2PT Field Goal,Center(C),Restricted Area,Less Than 8 ft.,1610612747,Los Angeles Lakers,2001-01-12,LAL vs. CLE,CLE,794
Layup Shot,Layup,329,20000519,34.0443,0,0,-118.2698,0,3,0,2000-01,37,0,1.0,2PT Field Goal,Center(C),Restricted Area,Less Than 8 ft.,1610612747,Los Angeles Lakers,2001-01-12,LAL vs. CLE,CLE,795
Jump Shot,Jump Shot,339,20000519,33.7743,123,270,-118.1468,0,3,0,2000-01,3,29,0.0,3PT Field Goal,Right Side Center(RC),Above the Break 3,24+ ft.,1610612747,Los Angeles Lakers,2001-01-12,LAL vs. CLE,CLE,796
Turnaround Jump Shot,Jump Shot,356,20000519,34.0313,144,13,-118.1258,10,4,0,2000-01,35,14,1.0,2PT Field Goal,Right Side(R),Mid-Range,8-16 ft.,1610612747,Los Angeles Lakers,2001-01-12,LAL vs. CLE,CLE,797
Jump Shot,Jump Shot,386,20000519,34.0673,-115,-23,-118.3848,7,4,0,2000-01,23,11,0.0,2PT Field Goal,Left Side(L),Mid-Range,8-16 ft.,1610612747,Los Angeles Lakers,2001-01-12,LAL vs. CLE,CLE,798
Alley Oop Layup shot,Layup,391,20000519,34.0443,0,0,-118.2698,6,4,0,2000-01,53,0,0.0,2PT Field Goal,Center(C),Restricted Area,Less Than 8 ft.,1610612747,Los Angeles Lakers,2001-01-12,LAL vs. CLE,CLE,799
Jump Shot,Jump Shot,414,20000519,33.8013,66,243,-118.2038,5,4,0,2000-01,15,25,0.0,3PT Field Goal,Center(C),Above the Break 3,24+ ft.,1610612747,Los Angeles Lakers,2001-01-12,LAL vs. CLE,CLE,800
Jump Shot,Jump Shot,417,20000519,33.9453,159,99,-118.1108,4,4,0,2000-01,51,18,1.0,2PT Field Goal,Right Side(R),Mid-Range,16-24 ft.,1610612747,Los Angeles Lakers,2001-01-12,LAL vs. CLE,CLE,801
Running Jump Shot,Jump Shot,422,20000519,34.0273,-130,17,-118.3998,4,4,0,2000-01,21,13,1.0,2PT Field Goal,Left Side(L),Mid-Range,8-16 ft.,1610612747,Los Angeles Lakers,2001-01-12,LAL vs. CLE,CLE,802
Jump Shot,Jump Shot,436,20000519,33.8903,117,154,-118.1528,3,4,0,2000-01,4,19,0.0,2PT Field Goal,Right Side Center(RC),Mid-Range,16-24 ft.,1610612747,Los Angeles Lakers,2001-01-12,LAL vs. CLE,CLE,803
Jump Shot,Jump Shot,470,20000519,33.8693,-164,175,-118.4338,0,4,0,2000-01,59,23,,3PT Field Goal,Left Side Center(LC),Above the Break 3,24+ ft.,1610612747,Los Angeles Lakers,2001-01-12,LAL vs. CLE,CLE,804
Jump Shot,Jump Shot,37,20000529,33.8203,-107,224,-118.3768,6,1,0,2000-01,53,24,0.0,3PT Field Goal,Left Side Center(LC),Above the Break 3,24+ ft.,1610612747,Los Angeles Lakers,2001-01-13,LAL @ UTA,UTA,805
Jump Shot,Jump Shot,50,20000529,33.8033,11,241,-118.2588,5,1,0,2000-01,10,24,0.0,3PT Field Goal,Center(C),Above the Break 3,24+ ft.,1610612747,Los Angeles Lakers,2001-01-13,LAL @ UTA,UTA,806
Jump Shot,Jump Shot,73,20000529,34.0523,182,-8,-118.0878,2,1,0,2000-01,52,18,1.0,2PT Field Goal,Right Side(R),Mid-Range,16-24 ft.,1610612747,Los Angeles Lakers,2001-01-13,LAL @ UTA,UTA,807
Jump Shot,Jump Shot,139,20000529,34.0483,153,-4,-118.1168,7,2,0,2000-01,43,15,1.0,2PT Field Goal,Right Side(R),Mid-Range,8-16 ft.,1610612747,Los Angeles Lakers,2001-01-13,LAL @ UTA,UTA,808
Jump Shot,Jump Shot,144,20000529,34.0593,176,-15,-118.0938,7,2,0,2000-01,10,17,,2PT Field Goal,Right Side(R),Mid-Range,16-24 ft.,1610612747,Los Angeles Lakers,2001-01-13,LAL @ UTA,UTA,809
Layup Shot,Layup,149,20000529,34.0443,0,0,-118.2698,6,2,0,2000-01,26,0,1.0,2PT Field Goal,Center(C),Restricted Area,Less Than 8 ft.,1610612747,Los Angeles Lakers,2001-01-13,LAL @ UTA,UTA,810
Jump Shot,Jump Shot,193,20000529,34.0083,182,36,-118.0878,1,2,0,2000-01,10,18,1.0,2PT Field Goal,Right Side(R),Mid-Range,16-24 ft.,1610612747,Los Angeles Lakers,2001-01-13,LAL @ UTA,UTA,811
Jump Shot,Jump Shot,195,20000529,34.0763,-187,-32,-118.4568,0,2,0,2000-01,45,18,,2PT Field Goal,Left Side(L),Mid-Range,16-24 ft.,1610612747,Los Angeles Lakers,2001-01-13,LAL @ UTA,UTA,812
Jump Shot,Jump Shot,198,20000529,33.9033,197,141,-118.0728,0,2,0,2000-01,21,24,,3PT Field Goal,Right Side Center(RC),Above the Break 3,24+ ft.,1610612747,Los Angeles Lakers,2001-01-13,LAL @ UTA,UTA,813
Jump Shot,Jump Shot,202,20000529,33.9323,115,112,-118.1548,0,2,0,2000-01,6,16,0.0,2PT Field Goal,Right Side Center(RC),Mid-Range,16-24 ft.,1610612747,Los Angeles Lakers,2001-01-13,LAL @ UTA,UTA,814
Jump Shot,Jump Shot,207,20000529,33.8373,153,207,-118.1168,0,2,0,2000-01,0,25,0.0,3PT Field Goal,Right Side Center(RC),Above the Break 3,24+ ft.,1610612747,Los Angeles Lakers,2001-01-13,LAL @ UTA,UTA,815
Jump Shot,Jump Shot,245,20000529,33.8673,-25,177,-118.2948,9,3,0,2000-01,12,17,0.0,2PT Field Goal,Center(C),Mid-Range,16-24 ft.,1610612747,Los Angeles Lakers,2001-01-13,LAL @ UTA,UTA,816
Jump Shot,Jump Shot,247,20000529,34.0443,70,0,-118.1998,8,3,0,2000-01,59,7,,2PT Field Goal,Center(C),In The Paint (Non-RA),Less Than 8 ft.,1610612747,Los Angeles Lakers,2001-01-13,LAL @ UTA,UTA,817
Jump Shot,Jump Shot,256,20000529,34.0183,-107,26,-118.3768,7,3,0,2000-01,43,11,0.0,2PT Field Goal,Left Side(L),Mid-Range,8-16 ft.,1610612747,Los Angeles Lakers,2001-01-13,LAL @ UTA,UTA,818
Jump Shot,Jump Shot,302,20000529,34.0253,-54,19,-118.3238,4,3,0,2000-01,21,5,1.0,2PT Field Goal,Center(C),In The Paint (Non-RA),Less Than 8 ft.,1610612747,Los Angeles Lakers,2001-01-13,LAL @ UTA,UTA,819
Jump Shot,Jump Shot,307,20000529,34.0313,161,13,-118.1088,3,3,0,2000-01,53,16,,2PT Field Goal,Right Side(R),Mid-Range,16-24 ft.,1610612747,Los Angeles Lakers,2001-01-13,LAL @ UTA,UTA,820
Jump Shot,Jump Shot,313,20000529,34.0523,167,-8,-118.1028,3,3,0,2000-01,5,16,1.0,2PT Field Goal,Right Side(R),Mid-Range,16-24 ft.,1610612747,Los Angeles Lakers,2001-01-13,LAL @ UTA,UTA,821
Jump Shot,Jump Shot,341,20000529,33.8603,85,184,-118.1848,0,3,0,2000-01,29,20,0.0,2PT Field Goal,Right Side Center(RC),Mid-Range,16-24 ft.,1610612747,Los Angeles Lakers,2001-01-13,LAL @ UTA,UTA,822
Jump Shot,Jump Shot,390,20000529,34.0593,-128,-15,-118.3978,8,4,0,2000-01,36,12,0.0,2PT Field Goal,Left Side(L),Mid-Range,8-16 ft.,1610612747,Los Angeles Lakers,2001-01-13,LAL @ UTA,UTA,823
Jump Shot,Jump Shot,416,20000529,33.8733,123,171,-118.1468,5,4,0,2000-01,20,21,1.0,2PT Field Goal,Right Side Center(RC),Mid-Range,16-24 ft.,1610612747,Los Angeles Lakers,2001-01-13,LAL @ UTA,UTA,824
Jump Shot,Jump Shot,442,20000529,33.9033,-157,141,-118.4268,3,4,0,2000-01,1,21,,2PT Field Goal,Left Side Center(LC),Mid-Range,16-24 ft.,1610612747,Los Angeles Lakers,2001-01-13,LAL @ UTA,UTA,825
Jump Shot,Jump Shot,457,20000529,33.8963,144,148,-118.1258,2,4,0,2000-01,23,20,,2PT Field Goal,Right Side Center(RC),Mid-Range,16-24 ft.,1610612747,Los Angeles Lakers,2001-01-13,LAL @ UTA,UTA,826
Jump Shot,Jump Shot,478,20000529,33.7973,-16,247,-118.2858,0,4,0,2000-01,52,24,0.0,3PT Field Goal,Center(C),Above the Break 3,24+ ft.,1610612747,Los Angeles Lakers,2001-01-13,LAL @ UTA,UTA,827
Jump Shot,Jump Shot,496,20000529,33.9323,214,112,-118.0558,0,4,0,2000-01,10,24,0.0,3PT Field Goal,Right Side Center(RC),Above the Break 3,24+ ft.,1610612747,Los Angeles Lakers,2001-01-13,LAL @ UTA,UTA,828
Jump Shot,Jump Shot,6,20000545,33.9623,231,82,-118.0388,10,1,0,2000-01,55,24,,3PT Field Goal,Right Side(R),Right Corner 3,24+ ft.,1610612747,Los Angeles Lakers,2001-01-15,LAL vs. VAN,VAN,829
Jump Shot,Jump Shot,30,20000545,34.0273,-122,17,-118.3918,8,1,0,2000-01,29,12,0.0,2PT Field Goal,Left Side(L),Mid-Range,8-16 ft.,1610612747,Los Angeles Lakers,2001-01-15,LAL vs. VAN,VAN,830
Jump Shot,Jump Shot,59,20000545,33.8693,94,175,-118.1758,5,1,0,2000-01,18,19,0.0,2PT Field Goal,Right Side Center(RC),Mid-Range,16-24 ft.,1610612747,Los Angeles Lakers,2001-01-15,LAL vs. VAN,VAN,831
Jump Shot,Jump Shot,67,20000545,33.9073,-122,137,-118.3918,4,1,0,2000-01,7,18,1.0,2PT Field Goal,Left Side Center(LC),Mid-Range,16-24 ft.,1610612747,Los Angeles Lakers,2001-01-15,LAL vs. VAN,VAN,832
Jump Shot,Jump Shot,77,20000545,33.8843,123,160,-118.1468,2,1,0,2000-01,44,20,1.0,2PT Field Goal,Right Side Center(RC),Mid-Range,16-24 ft.,1610612747,Los Angeles Lakers,2001-01-15,LAL vs. VAN,VAN,833
Turnaround Jump Shot,Jump Shot,106,20000545,33.8793,-37,165,-118.3068,0,1,0,2000-01,36,16,1.0,2PT Field Goal,Center(C),Mid-Range,16-24 ft.,1610612747,Los Angeles Lakers,2001-01-15,LAL vs. VAN,VAN,834
Jump Shot,Jump Shot,116,20000545,33.9453,144,99,-118.1258,0,1,0,2000-01,1,17,0.0,2PT Field Goal,Right Side(R),Mid-Range,16-24 ft.,1610612747,Los Angeles Lakers,2001-01-15,LAL vs. VAN,VAN,835
Running Jump Shot,Jump Shot,150,20000545,33.8843,-92,160,-118.3618,7,2,0,2000-01,39,18,1.0,2PT Field Goal,Left Side Center(LC),Mid-Range,16-24 ft.,1610612747,Los Angeles Lakers,2001-01-15,LAL vs. VAN,VAN,836
Turnaround Jump Shot,Jump Shot,154,20000545,33.9763,-1,68,-118.2708,7,2,0,2000-01,5,6,1.0,2PT Field Goal,Center(C),In The Paint (Non-RA),Less Than 8 ft.,1610612747,Los Angeles Lakers,2001-01-15,LAL vs. VAN,VAN,837
Jump Shot,Jump Shot,161,20000545,33.8633,-164,181,-118.4338,6,2,0,2000-01,24,24,0.0,3PT Field Goal,Left Side Center(LC),Above the Break 3,24+ ft.,1610612747,Los Angeles Lakers,2001-01-15,LAL vs. VAN,VAN,838
Jump Shot,Jump Shot,197,20000545,33.8313,138,213,-118.1318,2,2,0,2000-01,35,25,0.0,3PT Field Goal,Right Side Center(RC),Above the Break 3,24+ ft.,1610612747,Los Angeles Lakers,2001-01-15,LAL vs. VAN,VAN,839
Alley Oop Dunk Shot,Dunk,199,20000545,34.0443,0,0,-118.2698,2,2,0,2000-01,28,0,1.0,2PT Field Goal,Center(C),Restricted Area,Less Than 8 ft.,1610612747,Los Angeles Lakers,2001-01-15,LAL vs. VAN,VAN,840
Jump Shot,Jump Shot,210,20000545,33.9893,180,55,-118.0898,1,2,0,2000-01,12,18,0.0,2PT Field Goal,Right Side(R),Mid-Range,16-24 ft.,1610612747,Los Angeles Lakers,2001-01-15,LAL vs. VAN,VAN,841
Jump Shot,Jump Shot,236,20000545,34.0213,-136,23,-118.4058,11,3,0,2000-01,29,13,0.0,2PT Field Goal,Left Side(L),Mid-Range,8-16 ft.,1610612747,Los Angeles Lakers,2001-01-15,LAL vs. VAN,VAN,842
Jump Shot,Jump Shot,280,20000545,33.7913,54,253,-118.2158,7,3,0,2000-01,23,25,0.0,3PT Field Goal,Center(C),Above the Break 3,24+ ft.,1610612747,Los Angeles Lakers,2001-01-15,LAL vs. VAN,VAN,843
Jump Shot,Jump Shot,289,20000545,33.8903,-122,154,-118.3918,6,3,0,2000-01,29,19,0.0,2PT Field Goal,Left Side Center(LC),Mid-Range,16-24 ft.,1610612747,Los Angeles Lakers,2001-01-15,LAL vs. VAN,VAN,844
Running Jump Shot,Jump Shot,440,20000545,34.0593,-130,-15,-118.3998,4,4,0,2000-01,11,13,1.0,2PT Field Goal,Left Side(L),Mid-Range,8-16 ft.,1610612747,Los Angeles Lakers,2001-01-15,LAL vs. VAN,VAN,845
Jump Shot,Jump Shot,449,20000545,33.9833,-149,61,-118.4188,3,4,0,2000-01,13,16,1.0,2PT Field Goal,Left Side(L),Mid-Range,16-24 ft.,1610612747,Los Angeles Lakers,2001-01-15,LAL vs. VAN,VAN,846
Reverse Layup Shot,Layup,459,20000545,34.0443,0,0,-118.2698,2,4,0,2000-01,43,0,0.0,2PT Field Goal,Center(C),Restricted Area,Less Than 8 ft.,1610612747,Los Angeles Lakers,2001-01-15,LAL vs. VAN,VAN,847
Turnaround Jump Shot,Jump Shot,470,20000545,34.0163,-164,28,-118.4338,1,4,0,2000-01,19,16,1.0,2PT Field Goal,Left Side(L),Mid-Range,16-24 ft.,1610612747,Los Angeles Lakers,2001-01-15,LAL vs. VAN,VAN,848
Jump Shot,Jump Shot,490,20000545,34.0633,-164,-19,-118.4338,0,4,0,2000-01,9,16,0.0,2PT Field Goal,Left Side(L),Mid-Range,16-24 ft.,1610612747,Los Angeles Lakers,2001-01-15,LAL vs. VAN,VAN,849
Jump Shot,Jump Shot,504,20000545,34.0273,172,17,-118.0978,3,5,0,2000-01,57,17,0.0,2PT Field Goal,Right Side(R),Mid-Range,16-24 ft.,1610612747,Los Angeles Lakers,2001-01-15,LAL vs. VAN,VAN,850
Jump Shot,Jump Shot,514,20000545,33.8903,-136,154,-118.4058,2,5,0,2000-01,35,20,1.0,2PT Field Goal,Left Side Center(LC),Mid-Range,16-24 ft.,1610612747,Los Angeles Lakers,2001-01-15,LAL vs. VAN,VAN,851
Jump Shot,Jump Shot,517,20000545,33.8253,66,219,-118.2038,1,5,0,2000-01,50,22,0.0,2PT Field Goal,Center(C),Mid-Range,16-24 ft.,1610612747,Los Angeles Lakers,2001-01-15,LAL vs. VAN,VAN,852
Jump Shot,Jump Shot,11,20000571,33.8843,54,160,-118.2158,10,1,0,2000-01,7,16,0.0,2PT Field Goal,Right Side Center(RC),Mid-Range,16-24 ft.,1610612747,Los Angeles Lakers,2001-01-19,LAL vs. HOU,HOU,853
Jump Shot,Jump Shot,21,20000571,33.8523,-157,192,-118.4268,8,1,0,2000-01,56,24,0.0,3PT Field Goal,Left Side Center(LC),Above the Break 3,24+ ft.,1610612747,Los Angeles Lakers,2001-01-19,LAL vs. HOU,HOU,854
Jump Shot,Jump Shot,50,20000571,33.9073,207,137,-118.0628,5,1,0,2000-01,15,24,,3PT Field Goal,Right Side Center(RC),Above the Break 3,24+ ft.,1610612747,Los Angeles Lakers,2001-01-19,LAL vs. HOU,HOU,855
Turnaround Jump Shot,Jump Shot,56,20000571,33.8963,45,148,-118.2248,4,1,0,2000-01,51,15,1.0,2PT Field Goal,Center(C),Mid-Range,8-16 ft.,1610612747,Los Angeles Lakers,2001-01-19,LAL vs. HOU,HOU,856
Jump Shot,Jump Shot,68,20000571,33.8693,87,175,-118.1828,3,1,0,2000-01,6,19,1.0,2PT Field Goal,Right Side Center(RC),Mid-Range,16-24 ft.,1610612747,Los Angeles Lakers,2001-01-19,LAL vs. HOU,HOU,857
Jump Shot,Jump Shot,76,20000571,33.9243,144,120,-118.1258,2,1,0,2000-01,36,18,0.0,2PT Field Goal,Right Side Center(RC),Mid-Range,16-24 ft.,1610612747,Los Angeles Lakers,2001-01-19,LAL vs. HOU,HOU,858
Driving Layup Shot,Layup,84,20000571,34.0443,0,0,-118.2698,1,1,0,2000-01,30,0,,2PT Field Goal,Center(C),Restricted Area,Less Than 8 ft.,1610612747,Los Angeles Lakers,2001-01-19,LAL vs. HOU,HOU,859
Driving Layup Shot,Layup,94,20000571,34.0443,0,0,-118.2698,0,1,0,2000-01,24,0,1.0,2PT Field Goal,Center(C),Restricted Area,Less Than 8 ft.,1610612747,Los Angeles Lakers,2001-01-19,LAL vs. HOU,HOU,860
Jump Shot,Jump Shot,109,20000571,33.8903,87,154,-118.1828,10,2,0,2000-01,27,17,0.0,2PT Field Goal,Right Side Center(RC),Mid-Range,16-24 ft.,1610612747,Los Angeles Lakers,2001-01-19,LAL vs. HOU,HOU,861
Jump Shot,Jump Shot,136,20000571,33.8633,180,181,-118.0898,8,2,0,2000-01,0,25,,3PT Field Goal,Right Side Center(RC),Above the Break 3,24+ ft.,1610612747,Los Angeles Lakers,2001-01-19,LAL vs. HOU,HOU,862
Driving Layup Shot,Layup,138,20000571,34.0443,0,0,-118.2698,7,2,0,2000-01,47,0,1.0,2PT Field Goal,Center(C),Restricted Area,Less Than 8 ft.,1610612747,Los Angeles Lakers,2001-01-19,LAL vs. HOU,HOU,863
Reverse Layup Shot,Layup,159,20000571,34.0443,0,0,-118.2698,5,2,0,2000-01,34,0,0.0,2PT Field Goal,Center(C),Restricted Area,Less Than 8 ft.,1610612747,Los Angeles Lakers,2001-01-19,LAL vs. HOU,HOU,864
Jump Shot,Jump Shot,161,20000571,33.9833,-1,61,-118.2708,5,2,0,2000-01,30,6,1.0,2PT Field Goal,Center(C),In The Paint (Non-RA),Less Than 8 ft.,1610612747,Los Angeles Lakers,2001-01-19,LAL vs. HOU,HOU,865
Turnaround Jump Shot,Jump Shot,183,20000571,33.9113,-122,133,-118.3918,3,2,0,2000-01,36,18,1.0,2PT Field Goal,Left Side Center(LC),Mid-Range,16-24 ft.,1610612747,Los Angeles Lakers,2001-01-19,LAL vs. HOU,HOU,866
Jump Shot,Jump Shot,231,20000571,33.8253,-44,219,-118.3138,0,2,0,2000-01,9,22,0.0,2PT Field Goal,Center(C),Mid-Range,16-24 ft.,1610612747,Los Angeles Lakers,2001-01-19,LAL vs. HOU,HOU,867
Turnaround Jump Shot,Jump Shot,263,20000571,34.0423,117,2,-118.1528,8,3,0,2000-01,36,11,0.0,2PT Field Goal,Right Side(R),Mid-Range,8-16 ft.,1610612747,Los Angeles Lakers,2001-01-19,LAL vs. HOU,HOU,868
Turnaround Jump Shot,Jump Shot,272,20000571,34.0463,-130,-2,-118.3998,7,3,0,2000-01,39,13,1.0,2PT Field Goal,Left Side(L),Mid-Range,8-16 ft.,1610612747,Los Angeles Lakers,2001-01-19,LAL vs. HOU,HOU,869
Jump Shot,Jump Shot,291,20000571,33.8523,-164,192,-118.4338,5,3,0,2000-01,55,25,,3PT Field Goal,Left Side Center(LC),Above the Break 3,24+ ft.,1610612747,Los Angeles Lakers,2001-01-19,LAL vs. HOU,HOU,870
Jump Shot,Jump Shot,333,20000571,34.0373,-122,7,-118.3918,2,3,0,2000-01,1,12,0.0,2PT Field Goal,Left Side(L),Mid-Range,8-16 ft.,1610612747,Los Angeles Lakers,2001-01-19,LAL vs. HOU,HOU,871
Driving Layup Shot,Layup,337,20000571,34.0443,0,0,-118.2698,1,3,0,2000-01,48,0,1.0,2PT Field Goal,Center(C),Restricted Area,Less Than 8 ft.,1610612747,Los Angeles Lakers,2001-01-19,LAL vs. HOU,HOU,872
Jump Shot,Jump Shot,375,20000571,33.8963,-122,148,-118.3918,10,4,0,2000-01,22,19,1.0,2PT Field Goal,Left Side Center(LC),Mid-Range,16-24 ft.,1610612747,Los Angeles Lakers,2001-01-19,LAL vs. HOU,HOU,873
Turnaround Jump Shot,Jump Shot,396,20000571,33.9663,-31,78,-118.3008,7,4,0,2000-01,38,8,1.0,2PT Field Goal,Center(C),In The Paint (Non-RA),8-16 ft.,1610612747,Los Angeles Lakers,2001-01-19,LAL vs. HOU,HOU,874
Jump Shot,Jump Shot,4,20000583,33.8693,60,175,-118.2098,11,1,0,2000-01,15,18,1.0,2PT Field Goal,Right Side Center(RC),Mid-Range,16-24 ft.,1610612747,Los Angeles Lakers,2001-01-21,LAL vs. MIA,MIA,875
Jump Shot,Jump Shot,18,20000583,33.9933,153,51,-118.1168,8,1,0,2000-01,54,16,,2PT Field Goal,Right Side(R),Mid-Range,16-24 ft.,1610612747,Los Angeles Lakers,2001-01-21,LAL vs. MIA,MIA,876
Jump Shot,Jump Shot,22,20000583,33.8693,102,175,-118.1678,8,1,0,2000-01,11,20,0.0,2PT Field Goal,Right Side Center(RC),Mid-Range,16-24 ft.,1610612747,Los Angeles Lakers,2001-01-21,LAL vs. MIA,MIA,877
Jump Shot,Jump Shot,51,20000583,33.8523,-92,192,-118.3618,3,1,0,2000-01,32,21,0.0,2PT Field Goal,Left Side Center(LC),Mid-Range,16-24 ft.,1610612747,Los Angeles Lakers,2001-01-21,LAL vs. MIA,MIA,878
Jump Shot,Jump Shot,53,20000583,34.0423,117,2,-118.1528,3,1,0,2000-01,21,11,1.0,2PT Field Goal,Right Side(R),Mid-Range,8-16 ft.,1610612747,Los Angeles Lakers,2001-01-21,LAL vs. MIA,MIA,879
Jump Shot,Jump Shot,73,20000583,33.9283,-164,116,-118.4338,0,1,0,2000-01,34,20,,2PT Field Goal,Left Side(L),Mid-Range,16-24 ft.,1610612747,Los Angeles Lakers,2001-01-21,LAL vs. MIA,MIA,880
Jump Shot,Jump Shot,75,20000583,33.9933,32,51,-118.2378,0,1,0,2000-01,1,6,0.0,2PT Field Goal,Center(C),In The Paint (Non-RA),Less Than 8 ft.,1610612747,Los Angeles Lakers,2001-01-21,LAL vs. MIA,MIA,881
Slam Dunk Shot,Dunk,88,20000583,34.0443,0,0,-118.2698,11,2,0,2000-01,15,0,1.0,2PT Field Goal,Center(C),Restricted Area,Less Than 8 ft.,1610612747,Los Angeles Lakers,2001-01-21,LAL vs. MIA,MIA,882
Running Jump Shot,Jump Shot,118,20000583,33.9343,5,110,-118.2648,8,2,0,2000-01,4,11,1.0,2PT Field Goal,Center(C),In The Paint (Non-RA),8-16 ft.,1610612747,Los Angeles Lakers,2001-01-21,LAL vs. MIA,MIA,883
Jump Shot,Jump Shot,124,20000583,33.8903,123,154,-118.1468,7,2,0,2000-01,22,19,1.0,2PT Field Goal,Right Side Center(RC),Mid-Range,16-24 ft.,1610612747,Los Angeles Lakers,2001-01-21,LAL vs. MIA,MIA,884
Running Jump Shot,Jump Shot,139,20000583,33.9283,26,116,-118.2438,5,2,0,2000-01,41,11,1.0,2PT Field Goal,Center(C),In The Paint (Non-RA),8-16 ft.,1610612747,Los Angeles Lakers,2001-01-21,LAL vs. MIA,MIA,885
Slam Dunk Shot,Dunk,164,20000583,34.0443,0,0,-118.2698,3,2,0,2000-01,47,0,,2PT Field Goal,Center(C),Restricted Area,Less Than 8 ft.,1610612747,Los Angeles Lakers,2001-01-21,LAL vs. MIA,MIA,886
Jump Shot,Jump Shot,166,20000583,33.8733,-185,171,-118.4548,3,2,0,2000-01,26,25,0.0,3PT Field Goal,Left Side Center(LC),Above the Break 3,24+ ft.,1610612747,Los Angeles Lakers,2001-01-21,LAL vs. MIA,MIA,887
Jump Shot,Jump Shot,226,20000583,33.9623,-176,82,-118.4458,0,2,0,2000-01,40,19,0.0,2PT Field Goal,Left Side(L),Mid-Range,16-24 ft.,1610612747,Los Angeles Lakers,2001-01-21,LAL vs. MIA,MIA,888
Running Jump Shot,Jump Shot,249,20000583,33.8793,-107,165,-118.3768,9,3,0,2000-01,57,19,,2PT Field Goal,Left Side Center(LC),Mid-Range,16-24 ft.,1610612747,Los Angeles Lakers,2001-01-21,LAL vs. MIA,MIA,889
Jump Shot,Jump Shot,267,20000583,33.9113,102,133,-118.1678,8,3,0,2000-01,14,16,0.0,2PT Field Goal,Right Side Center(RC),Mid-Range,16-24 ft.,1610612747,Los Angeles Lakers,2001-01-21,LAL vs. MIA,MIA,890
Layup Shot,Layup,276,20000583,34.0443,0,0,-118.2698,7,3,0,2000-01,45,0,,2PT Field Goal,Center(C),Restricted Area,Less Than 8 ft.,1610612747,Los Angeles Lakers,2001-01-21,LAL vs. MIA,MIA,891
Jump Shot,Jump Shot,284,20000583,33.8313,138,213,-118.1318,7,3,0,2000-01,12,25,1.0,3PT Field Goal,Right Side Center(RC),Above the Break 3,24+ ft.,1610612747,Los Angeles Lakers,2001-01-21,LAL vs. MIA,MIA,892
Jump Shot,Jump Shot,313,20000583,33.8793,87,165,-118.1828,3,3,0,2000-01,48,18,1.0,2PT Field Goal,Right Side Center(RC),Mid-Range,16-24 ft.,1610612747,Los Angeles Lakers,2001-01-21,LAL vs. MIA,MIA,893
Jump Shot,Jump Shot,323,20000583,34.0103,-122,34,-118.3918,2,3,0,2000-01,17,12,0.0,2PT Field Goal,Left Side(L),Mid-Range,8-16 ft.,1610612747,Los Angeles Lakers,2001-01-21,LAL vs. MIA,MIA,894
Jump Shot,Jump Shot,339,20000583,33.9283,26,116,-118.2438,0,3,0,2000-01,44,11,1.0,2PT Field Goal,Center(C),In The Paint (Non-RA),8-16 ft.,1610612747,Los Angeles Lakers,2001-01-21,LAL vs. MIA,MIA,895
Jump Shot,Jump Shot,383,20000583,33.8733,110,171,-118.1598,9,4,0,2000-01,15,20,0.0,2PT Field Goal,Right Side Center(RC),Mid-Range,16-24 ft.,1610612747,Los Angeles Lakers,2001-01-21,LAL vs. MIA,MIA,896
Slam Dunk Shot,Dunk,393,20000583,34.0443,0,0,-118.2698,8,4,0,2000-01,38,0,,2PT Field Goal,Center(C),Restricted Area,Less Than 8 ft.,1610612747,Los Angeles Lakers,2001-01-21,LAL vs. MIA,MIA,897
Jump Shot,Jump Shot,418,20000583,33.9893,-149,55,-118.4188,6,4,0,2000-01,19,15,0.0,2PT Field Goal,Left Side(L),Mid-Range,8-16 ft.,1610612747,Los Angeles Lakers,2001-01-21,LAL vs. MIA,MIA,898
Layup Shot,Layup,449,20000583,34.0443,0,0,-118.2698,3,4,0,2000-01,23,0,0.0,2PT Field Goal,Center(C),Restricted Area,Less Than 8 ft.,1610612747,Los Angeles Lakers,2001-01-21,LAL vs. MIA,MIA,899
Driving Layup Shot,Layup,468,20000583,34.0443,0,0,-118.2698,1,4,0,2000-01,51,0,0.0,2PT Field Goal,Center(C),Restricted Area,Less Than 8 ft.,1610612747,Los Angeles Lakers,2001-01-21,LAL vs. MIA,MIA,900
Jump Shot,Jump Shot,471,20000583,33.8393,165,205,-118.1048,1,4,0,2000-01,34,26,0.0,3PT Field Goal,Right Side Center(RC),Above the Break 3,24+ ft.,1610612747,Los Angeles Lakers,2001-01-21,LAL vs. MIA,MIA,901
Jump Shot,Jump Shot,4,20000599,33.8013,-75,243,-118.3448,11,1,0,2000-01,29,25,,3PT Field Goal,Center(C),Above the Break 3,24+ ft.,1610612747,Los Angeles Lakers,2001-01-23,LAL @ SEA,SEA,902
Jump Shot,Jump Shot,16,20000599,33.9813,-4,63,-118.2738,9,1,0,2000-01,19,6,,2PT Field Goal,Center(C),In The Paint (Non-RA),Less Than 8 ft.,1610612747,Los Angeles Lakers,2001-01-23,LAL @ SEA,SEA,903
Jump Shot,Jump Shot,19,20000599,33.8963,1,148,-118.2688,8,1,0,2000-01,58,14,0.0,2PT Field Goal,Center(C),Mid-Range,8-16 ft.,1610612747,Los Angeles Lakers,2001-01-23,LAL @ SEA,SEA,904
Jump Shot,Jump Shot,39,20000599,33.9033,-147,141,-118.4168,7,1,0,2000-01,5,20,0.0,2PT Field Goal,Left Side Center(LC),Mid-Range,16-24 ft.,1610612747,Los Angeles Lakers,2001-01-23,LAL @ SEA,SEA,905
Running Jump Shot,Jump Shot,76,20000599,34.0443,-63,0,-118.3328,2,1,0,2000-01,49,6,1.0,2PT Field Goal,Center(C),In The Paint (Non-RA),Less Than 8 ft.,1610612747,Los Angeles Lakers,2001-01-23,LAL @ SEA,SEA,906
Jump Shot,Jump Shot,102,20000599,33.9093,85,135,-118.1848,1,1,0,2000-01,3,15,1.0,2PT Field Goal,Right Side(R),Mid-Range,8-16 ft.,1610612747,Los Angeles Lakers,2001-01-23,LAL @ SEA,SEA,907
Jump Shot,Jump Shot,108,20000599,33.7993,85,245,-118.1848,0,1,0,2000-01,16,25,,3PT Field Goal,Right Side Center(RC),Above the Break 3,24+ ft.,1610612747,Los Angeles Lakers,2001-01-23,LAL @ SEA,SEA,908
Jump Shot,Jump Shot,118,20000599,33.8713,-69,173,-118.3388,11,2,0,2000-01,1,18,,2PT Field Goal,Left Side Center(LC),Mid-Range,16-24 ft.,1610612747,Los Angeles Lakers,2001-01-23,LAL @ SEA,SEA,909
Jump Shot,Jump Shot,122,20000599,34.0503,129,-6,-118.1408,10,2,0,2000-01,42,12,0.0,2PT Field Goal,Right Side(R),Mid-Range,8-16 ft.,1610612747,Los Angeles Lakers,2001-01-23,LAL @ SEA,SEA,910
Jump Shot,Jump Shot,136,20000599,34.0293,-48,15,-118.3178,8,2,0,2000-01,54,5,0.0,2PT Field Goal,Center(C),In The Paint (Non-RA),Less Than 8 ft.,1610612747,Los Angeles Lakers,2001-01-23,LAL @ SEA,SEA,911
Jump Shot,Jump Shot,254,20000599,33.9813,157,63,-118.1128,10,3,0,2000-01,7,16,0.0,2PT Field Goal,Right Side(R),Mid-Range,16-24 ft.,1610612747,Los Angeles Lakers,2001-01-23,LAL @ SEA,SEA,912
Jump Shot,Jump Shot,263,20000599,34.0353,-105,9,-118.3748,9,3,0,2000-01,22,10,0.0,2PT Field Goal,Left Side(L),Mid-Range,8-16 ft.,1610612747,Los Angeles Lakers,2001-01-23,LAL @ SEA,SEA,913
Finger Roll Shot,Layup,338,20000599,34.0443,0,0,-118.2698,1,3,0,2000-01,53,0,0.0,2PT Field Goal,Center(C),Restricted Area,Less Than 8 ft.,1610612747,Los Angeles Lakers,2001-01-23,LAL @ SEA,SEA,914
Jump Shot,Jump Shot,350,20000599,33.7873,-12,257,-118.2818,0,3,0,2000-01,36,25,0.0,3PT Field Goal,Center(C),Above the Break 3,24+ ft.,1610612747,Los Angeles Lakers,2001-01-23,LAL @ SEA,SEA,915
Jump Shot,Jump Shot,363,20000599,33.7993,85,245,-118.1848,11,4,0,2000-01,22,25,0.0,3PT Field Goal,Right Side Center(RC),Above the Break 3,24+ ft.,1610612747,Los Angeles Lakers,2001-01-23,LAL @ SEA,SEA,916
Jump Shot,Jump Shot,378,20000599,33.8483,43,196,-118.2268,9,4,0,2000-01,45,20,0.0,2PT Field Goal,Center(C),Mid-Range,16-24 ft.,1610612747,Los Angeles Lakers,2001-01-23,LAL @ SEA,SEA,917
Jump Shot,Jump Shot,434,20000599,33.9683,150,76,-118.1198,6,4,0,2000-01,12,16,0.0,2PT Field Goal,Right Side(R),Mid-Range,16-24 ft.,1610612747,Los Angeles Lakers,2001-01-23,LAL @ SEA,SEA,918
Jump Shot,Jump Shot,454,20000599,34.0403,-63,4,-118.3328,4,4,0,2000-01,47,6,1.0,2PT Field Goal,Center(C),In The Paint (Non-RA),Less Than 8 ft.,1610612747,Los Angeles Lakers,2001-01-23,LAL @ SEA,SEA,919
Jump Shot,Jump Shot,459,20000599,33.7933,1,251,-118.2688,4,4,0,2000-01,9,25,,3PT Field Goal,Center(C),Above the Break 3,24+ ft.,1610612747,Los Angeles Lakers,2001-01-23,LAL @ SEA,SEA,920
Driving Layup Shot,Layup,13,20000616,34.0443,0,0,-118.2698,10,1,0,2000-01,27,0,1.0,2PT Field Goal,Center(C),Restricted Area,Less Than 8 ft.,1610612747,Los Angeles Lakers,2001-01-26,LAL vs. NJN,NJN,921
Jump Shot,Jump Shot,53,20000616,33.9173,138,127,-118.1318,5,1,0,2000-01,24,18,,2PT Field Goal,Right Side Center(RC),Mid-Range,16-24 ft.,1610612747,Los Angeles Lakers,2001-01-26,LAL vs. NJN,NJN,922
Jump Shot,Jump Shot,55,20000616,33.9893,-149,55,-118.4188,5,1,0,2000-01,1,15,0.0,2PT Field Goal,Left Side(L),Mid-Range,8-16 ft.,1610612747,Los Angeles Lakers,2001-01-26,LAL vs. NJN,NJN,923
Turnaround Jump Shot,Jump Shot,66,20000616,34.0043,159,40,-118.1108,3,1,0,2000-01,54,16,,2PT Field Goal,Right Side(R),Mid-Range,16-24 ft.,1610612747,Los Angeles Lakers,2001-01-26,LAL vs. NJN,NJN,924
Jump Shot,Jump Shot,76,20000616,33.9553,39,89,-118.2308,2,1,0,2000-01,57,9,0.0,2PT Field Goal,Center(C),In The Paint (Non-RA),8-16 ft.,1610612747,Los Angeles Lakers,2001-01-26,LAL vs. NJN,NJN,925
Tip Shot,Tip Shot,77,20000616,34.0443,0,0,-118.2698,2,1,0,2000-01,54,0,0.0,2PT Field Goal,Center(C),Restricted Area,Less Than 8 ft.,1610612747,Los Angeles Lakers,2001-01-26,LAL vs. NJN,NJN,926
Jump Shot,Jump Shot,98,20000616,33.9243,138,120,-118.1318,1,1,0,2000-01,13,18,0.0,2PT Field Goal,Right Side Center(RC),Mid-Range,16-24 ft.,1610612747,Los Angeles Lakers,2001-01-26,LAL vs. NJN,NJN,927
Jump Shot,Jump Shot,102,20000616,33.9763,-31,68,-118.3008,0,1,0,2000-01,58,7,0.0,2PT Field Goal,Center(C),In The Paint (Non-RA),Less Than 8 ft.,1610612747,Los Angeles Lakers,2001-01-26,LAL vs. NJN,NJN,928
Running Jump Shot,Jump Shot,117,20000616,33.9933,32,51,-118.2378,0,1,0,2000-01,4,6,1.0,2PT Field Goal,Center(C),In The Paint (Non-RA),Less Than 8 ft.,1610612747,Los Angeles Lakers,2001-01-26,LAL vs. NJN,NJN,929
Driving Dunk Shot,Dunk,141,20000616,34.0443,0,0,-118.2698,8,2,0,2000-01,55,0,1.0,2PT Field Goal,Center(C),Restricted Area,Less Than 8 ft.,1610612747,Los Angeles Lakers,2001-01-26,LAL vs. NJN,NJN,930
Jump Shot,Jump Shot,171,20000616,34.0313,-44,13,-118.3138,5,2,0,2000-01,38,4,1.0,2PT Field Goal,Center(C),In The Paint (Non-RA),Less Than 8 ft.,1610612747,Los Angeles Lakers,2001-01-26,LAL vs. NJN,NJN,931
Jump Shot,Jump Shot,201,20000616,33.7973,-37,247,-118.3068,2,2,0,2000-01,26,24,,3PT Field Goal,Center(C),Above the Break 3,24+ ft.,1610612747,Los Angeles Lakers,2001-01-26,LAL vs. NJN,NJN,932
Jump Shot,Jump Shot,226,20000616,34.0463,-107,-2,-118.3768,0,2,0,2000-01,40,10,1.0,2PT Field Goal,Left Side(L),Mid-Range,8-16 ft.,1610612747,Los Angeles Lakers,2001-01-26,LAL vs. NJN,NJN,933
Jump Shot,Jump Shot,249,20000616,33.7913,81,253,-118.1888,10,3,0,2000-01,37,26,,3PT Field Goal,Center(C),Above the Break 3,24+ ft.,1610612747,Los Angeles Lakers,2001-01-26,LAL vs. NJN,NJN,934
Jump Shot,Jump Shot,254,20000616,33.7743,-16,270,-118.2858,9,3,0,2000-01,58,27,0.0,3PT Field Goal,Center(C),Above the Break 3,24+ ft.,1610612747,Los Angeles Lakers,2001-01-26,LAL vs. NJN,NJN,935
Jump Shot,Jump Shot,318,20000616,33.8633,117,181,-118.1528,3,3,0,2000-01,43,21,1.0,2PT Field Goal,Right Side Center(RC),Mid-Range,16-24 ft.,1610612747,Los Angeles Lakers,2001-01-26,LAL vs. NJN,NJN,936
Jump Shot,Jump Shot,389,20000616,33.8253,138,219,-118.1318,7,4,0,2000-01,1,25,,3PT Field Goal,Right Side Center(RC),Above the Break 3,24+ ft.,1610612747,Los Angeles Lakers,2001-01-26,LAL vs. NJN,NJN,937
Reverse Layup Shot,Layup,409,20000616,34.0443,0,0,-118.2698,5,4,0,2000-01,18,0,0.0,2PT Field Goal,Center(C),Restricted Area,Less Than 8 ft.,1610612747,Los Angeles Lakers,2001-01-26,LAL vs. NJN,NJN,938
Driving Layup Shot,Layup,425,20000616,34.0443,0,0,-118.2698,4,4,0,2000-01,23,0,0.0,2PT Field Goal,Center(C),Restricted Area,Less Than 8 ft.,1610612747,Los Angeles Lakers,2001-01-26,LAL vs. NJN,NJN,939
Jump Shot,Jump Shot,460,20000616,33.8393,-10,205,-118.2798,0,4,0,2000-01,56,20,1.0,2PT Field Goal,Center(C),Mid-Range,16-24 ft.,1610612747,Los Angeles Lakers,2001-01-26,LAL vs. NJN,NJN,940
Jump Shot,Jump Shot,6,20000629,33.9893,127,55,-118.1428,11,1,0,2000-01,23,13,,2PT Field Goal,Right Side(R),Mid-Range,8-16 ft.,1610612747,Los Angeles Lakers,2001-01-28,LAL @ NYK,NYK,941
Jump Shot,Jump Shot,14,20000629,34.0043,142,40,-118.1278,9,1,0,2000-01,30,14,1.0,2PT Field Goal,Right Side(R),Mid-Range,8-16 ft.,1610612747,Los Angeles Lakers,2001-01-28,LAL @ NYK,NYK,942
Jump Shot,Jump Shot,33,20000629,34.0163,157,28,-118.1128,6,1,0,2000-01,4,15,,2PT Field Goal,Right Side(R),Mid-Range,8-16 ft.,1610612747,Los Angeles Lakers,2001-01-28,LAL @ NYK,NYK,943
Jump Shot,Jump Shot,49,20000629,34.0443,-240,0,-118.5098,4,1,0,2000-01,36,24,1.0,3PT Field Goal,Left Side(L),Left Corner 3,24+ ft.,1610612747,Los Angeles Lakers,2001-01-28,LAL @ NYK,NYK,944
Jump Shot,Jump Shot,85,20000629,33.7803,-23,264,-118.2928,0,1,0,2000-01,35,26,0.0,3PT Field Goal,Center(C),Above the Break 3,24+ ft.,1610612747,Los Angeles Lakers,2001-01-28,LAL @ NYK,NYK,945
Jump Shot,Jump Shot,89,20000629,34.0273,157,17,-118.1128,0,1,0,2000-01,0,15,0.0,2PT Field Goal,Right Side(R),Mid-Range,8-16 ft.,1610612747,Los Angeles Lakers,2001-01-28,LAL @ NYK,NYK,946
Jump Shot,Jump Shot,143,20000629,33.9223,-138,122,-118.4078,6,2,0,2000-01,8,18,1.0,2PT Field Goal,Left Side Center(LC),Mid-Range,16-24 ft.,1610612747,Los Angeles Lakers,2001-01-28,LAL @ NYK,NYK,947
Jump Shot,Jump Shot,152,20000629,33.8563,32,188,-118.2378,5,2,0,2000-01,8,19,0.0,2PT Field Goal,Center(C),Mid-Range,16-24 ft.,1610612747,Los Angeles Lakers,2001-01-28,LAL @ NYK,NYK,948
Layup Shot,Layup,154,20000629,34.0443,0,0,-118.2698,4,2,0,2000-01,59,0,0.0,2PT Field Goal,Center(C),Restricted Area,Less Than 8 ft.,1610612747,Los Angeles Lakers,2001-01-28,LAL @ NYK,NYK,949
Jump Shot,Jump Shot,165,20000629,33.9113,-132,133,-118.4018,3,2,0,2000-01,50,18,,2PT Field Goal,Left Side Center(LC),Mid-Range,16-24 ft.,1610612747,Los Angeles Lakers,2001-01-28,LAL @ NYK,NYK,950
Jump Shot,Jump Shot,179,20000629,33.9783,134,66,-118.1358,2,2,0,2000-01,28,14,0.0,2PT Field Goal,Right Side(R),Mid-Range,8-16 ft.,1610612747,Los Angeles Lakers,2001-01-28,LAL @ NYK,NYK,951
Jump Shot,Jump Shot,212,20000629,33.9723,163,72,-118.1068,11,3,0,2000-01,44,17,,2PT Field Goal,Right Side(R),Mid-Range,16-24 ft.,1610612747,Los Angeles Lakers,2001-01-28,LAL @ NYK,NYK,952
Jump Shot,Jump Shot,216,20000629,34.0213,-183,23,-118.4528,11,3,0,2000-01,2,18,0.0,2PT Field Goal,Left Side(L),Mid-Range,16-24 ft.,1610612747,Los Angeles Lakers,2001-01-28,LAL @ NYK,NYK,953
Alley Oop Dunk Shot,Dunk,219,20000629,34.0443,0,0,-118.2698,10,3,0,2000-01,30,0,,2PT Field Goal,Center(C),Restricted Area,Less Than 8 ft.,1610612747,Los Angeles Lakers,2001-01-28,LAL @ NYK,NYK,954
Layup Shot,Layup,243,20000629,34.0443,0,0,-118.2698,7,3,0,2000-01,26,0,1.0,2PT Field Goal,Center(C),Restricted Area,Less Than 8 ft.,1610612747,Los Angeles Lakers,2001-01-28,LAL @ NYK,NYK,955
Jump Shot,Jump Shot,287,20000629,33.9223,-132,122,-118.4018,2,3,0,2000-01,28,17,0.0,2PT Field Goal,Left Side Center(LC),Mid-Range,16-24 ft.,1610612747,Los Angeles Lakers,2001-01-28,LAL @ NYK,NYK,956
Dunk Shot,Dunk,293,20000629,34.0443,0,0,-118.2698,2,3,0,2000-01,7,0,1.0,2PT Field Goal,Center(C),Restricted Area,Less Than 8 ft.,1610612747,Los Angeles Lakers,2001-01-28,LAL @ NYK,NYK,957
Layup Shot,Layup,295,20000629,34.0443,0,0,-118.2698,1,3,0,2000-01,21,0,0.0,2PT Field Goal,Center(C),Restricted Area,Less Than 8 ft.,1610612747,Los Angeles Lakers,2001-01-28,LAL @ NYK,NYK,958
Driving Layup Shot,Layup,330,20000629,34.0443,0,0,-118.2698,10,4,0,2000-01,51,0,1.0,2PT Field Goal,Center(C),Restricted Area,Less Than 8 ft.,1610612747,Los Angeles Lakers,2001-01-28,LAL @ NYK,NYK,959
Jump Shot,Jump Shot,358,20000629,34.0103,-153,34,-118.4228,8,4,0,2000-01,10,15,1.0,2PT Field Goal,Left Side(L),Mid-Range,8-16 ft.,1610612747,Los Angeles Lakers,2001-01-28,LAL @ NYK,NYK,960
Jump Shot,Jump Shot,364,20000629,33.9553,-138,89,-118.4078,7,4,0,2000-01,26,16,0.0,2PT Field Goal,Left Side(L),Mid-Range,16-24 ft.,1610612747,Los Angeles Lakers,2001-01-28,LAL @ NYK,NYK,961
Layup Shot,Layup,386,20000629,34.0443,0,0,-118.2698,4,4,0,2000-01,53,0,0.0,2PT Field Goal,Center(C),Restricted Area,Less Than 8 ft.,1610612747,Los Angeles Lakers,2001-01-28,LAL @ NYK,NYK,962
Jump Shot,Jump Shot,413,20000629,33.9553,-168,89,-118.4378,2,4,0,2000-01,38,19,,2PT Field Goal,Left Side(L),Mid-Range,16-24 ft.,1610612747,Los Angeles Lakers,2001-01-28,LAL @ NYK,NYK,963
Tip Shot,Tip Shot,417,20000629,34.0443,0,0,-118.2698,2,4,0,2000-01,6,0,1.0,2PT Field Goal,Center(C),Restricted Area,Less Than 8 ft.,1610612747,Los Angeles Lakers,2001-01-28,LAL @ NYK,NYK,964
Layup Shot,Layup,425,20000629,34.0443,0,0,-118.2698,1,4,0,2000-01,0,0,1.0,2PT Field Goal,Center(C),Restricted Area,Less Than 8 ft.,1610612747,Los Angeles Lakers,2001-01-28,LAL @ NYK,NYK,965
Alley Oop Layup shot,Layup,431,20000629,34.0443,0,0,-118.2698,0,4,0,2000-01,38,0,1.0,2PT Field Goal,Center(C),Restricted Area,Less Than 8 ft.,1610612747,Los Angeles Lakers,2001-01-28,LAL @ NYK,NYK,966
Jump Shot,Jump Shot,440,20000629,33.7973,-109,247,-118.3788,0,4,0,2000-01,23,26,0.0,3PT Field Goal,Left Side Center(LC),Above the Break 3,24+ ft.,1610612747,Los Angeles Lakers,2001-01-28,LAL @ NYK,NYK,967
Jump Shot,Jump Shot,15,20000641,34.0523,115,-8,-118.1548,9,1,0,2000-01,15,11,1.0,2PT Field Goal,Right Side(R),Mid-Range,8-16 ft.,1610612747,Los Angeles Lakers,2001-01-30,LAL @ CLE,CLE,968
Jump Shot,Jump Shot,32,20000641,33.9173,-77,127,-118.3468,7,1,0,2000-01,8,14,1.0,2PT Field Goal,Left Side(L),In The Paint (Non-RA),8-16 ft.,1610612747,Los Angeles Lakers,2001-01-30,LAL @ CLE,CLE,969
Jump Shot,Jump Shot,43,20000641,34.0633,159,-19,-118.1108,5,1,0,2000-01,54,16,0.0,2PT Field Goal,Right Side(R),Mid-Range,16-24 ft.,1610612747,Los Angeles Lakers,2001-01-30,LAL @ CLE,CLE,970
Jump Shot,Jump Shot,54,20000641,34.0463,51,-2,-118.2188,5,1,0,2000-01,4,5,1.0,2PT Field Goal,Center(C),In The Paint (Non-RA),Less Than 8 ft.,1610612747,Los Angeles Lakers,2001-01-30,LAL @ CLE,CLE,971
Jump Shot,Jump Shot,68,20000641,33.9283,-92,116,-118.3618,4,1,0,2000-01,4,14,0.0,2PT Field Goal,Left Side(L),Mid-Range,8-16 ft.,1610612747,Los Angeles Lakers,2001-01-30,LAL @ CLE,CLE,972
Jump Shot,Jump Shot,74,20000641,34.0523,-155,-8,-118.4248,3,1,0,2000-01,49,15,0.0,2PT Field Goal,Left Side(L),Mid-Range,8-16 ft.,1610612747,Los Angeles Lakers,2001-01-30,LAL @ CLE,CLE,973
Layup Shot,Layup,95,20000641,34.0373,7,7,-118.2628,2,1,0,2000-01,41,0,1.0,2PT Field Goal,Center(C),Restricted Area,Less Than 8 ft.,1610612747,Los Angeles Lakers,2001-01-30,LAL @ CLE,CLE,974
Jump Shot,Jump Shot,110,20000641,34.0523,167,-8,-118.1028,1,1,0,2000-01,34,16,,2PT Field Goal,Right Side(R),Mid-Range,16-24 ft.,1610612747,Los Angeles Lakers,2001-01-30,LAL @ CLE,CLE,975
Jump Shot,Jump Shot,188,20000641,34.0213,115,23,-118.1548,6,2,0,2000-01,52,11,0.0,2PT Field Goal,Right Side(R),Mid-Range,8-16 ft.,1610612747,Los Angeles Lakers,2001-01-30,LAL @ CLE,CLE,976
Jump Shot,Jump Shot,211,20000641,34.0373,-134,7,-118.4038,4,2,0,2000-01,36,13,0.0,2PT Field Goal,Left Side(L),Mid-Range,8-16 ft.,1610612747,Los Angeles Lakers,2001-01-30,LAL @ CLE,CLE,977
Layup Shot,Layup,213,20000641,34.0313,-12,13,-118.2818,4,2,0,2000-01,32,1,0.0,2PT Field Goal,Center(C),Restricted Area,Less Than 8 ft.,1610612747,Los Angeles Lakers,2001-01-30,LAL @ CLE,CLE,978
Jump Shot,Jump Shot,222,20000641,33.8563,-56,188,-118.3258,3,2,0,2000-01,57,19,,2PT Field Goal,Center(C),Mid-Range,16-24 ft.,1610612747,Los Angeles Lakers,2001-01-30,LAL @ CLE,CLE,979
Jump Shot,Jump Shot,224,20000641,34.0043,-4,40,-118.2738,3,2,0,2000-01,31,4,0.0,2PT Field Goal,Center(C),In The Paint (Non-RA),Less Than 8 ft.,1610612747,Los Angeles Lakers,2001-01-30,LAL @ CLE,CLE,980
Jump Shot,Jump Shot,259,20000641,33.9173,64,127,-118.2058,1,2,0,2000-01,20,14,,2PT Field Goal,Center(C),In The Paint (Non-RA),8-16 ft.,1610612747,Los Angeles Lakers,2001-01-30,LAL @ CLE,CLE,981
Dunk Shot,Dunk,261,20000641,34.0523,1,-8,-118.2688,1,2,0,2000-01,0,0,1.0,2PT Field Goal,Center(C),Restricted Area,Less Than 8 ft.,1610612747,Los Angeles Lakers,2001-01-30,LAL @ CLE,CLE,982
Jump Shot,Jump Shot,270,20000641,34.0443,231,0,-118.0388,0,2,0,2000-01,0,23,,3PT Field Goal,Right Side(R),Right Corner 3,24+ ft.,1610612747,Los Angeles Lakers,2001-01-30,LAL @ CLE,CLE,983
Jump Shot,Jump Shot,284,20000641,34.0313,51,13,-118.2188,10,3,0,2000-01,51,5,0.0,2PT Field Goal,Center(C),In The Paint (Non-RA),Less Than 8 ft.,1610612747,Los Angeles Lakers,2001-01-30,LAL @ CLE,CLE,984
Layup Shot,Layup,285,20000641,34.0443,7,0,-118.2628,10,3,0,2000-01,49,0,,2PT Field Goal,Center(C),Restricted Area,Less Than 8 ft.,1610612747,Los Angeles Lakers,2001-01-30,LAL @ CLE,CLE,985
Jump Shot,Jump Shot,314,20000641,33.8943,-33,150,-118.3028,7,3,0,2000-01,21,15,1.0,2PT Field Goal,Center(C),Mid-Range,8-16 ft.,1610612747,Los Angeles Lakers,2001-01-30,LAL @ CLE,CLE,986
Turnaround Jump Shot,Jump Shot,336,20000641,34.0443,-141,0,-118.4108,5,3,0,2000-01,20,14,1.0,2PT Field Goal,Left Side(L),Mid-Range,8-16 ft.,1610612747,Los Angeles Lakers,2001-01-30,LAL @ CLE,CLE,987
Jump Shot,Jump Shot,357,20000641,33.9173,1,127,-118.2688,3,3,0,2000-01,28,12,0.0,2PT Field Goal,Center(C),In The Paint (Non-RA),8-16 ft.,1610612747,Los Angeles Lakers,2001-01-30,LAL @ CLE,CLE,988
Layup Shot,Layup,417,20000641,34.0373,7,7,-118.2628,8,4,0,2000-01,36,0,,2PT Field Goal,Center(C),Restricted Area,Less Than 8 ft.,1610612747,Los Angeles Lakers,2001-01-30,LAL @ CLE,CLE,989
Jump Shot,Jump Shot,439,20000641,34.0043,-162,40,-118.4318,7,4,0,2000-01,12,16,0.0,2PT Field Goal,Left Side(L),Mid-Range,16-24 ft.,1610612747,Los Angeles Lakers,2001-01-30,LAL @ CLE,CLE,990
Jump Shot,Jump Shot,459,20000641,33.9973,7,47,-118.2628,4,4,0,2000-01,57,4,0.0,2PT Field Goal,Center(C),In The Paint (Non-RA),Less Than 8 ft.,1610612747,Los Angeles Lakers,2001-01-30,LAL @ CLE,CLE,991
Jump Shot,Jump Shot,470,20000641,33.9003,1,144,-118.2688,3,4,0,2000-01,54,14,1.0,2PT Field Goal,Center(C),Mid-Range,8-16 ft.,1610612747,Los Angeles Lakers,2001-01-30,LAL @ CLE,CLE,992
Jump Shot,Jump Shot,518,20000641,34.0573,180,-13,-118.0898,0,4,0,2000-01,29,18,0.0,2PT Field Goal,Right Side(R),Mid-Range,16-24 ft.,1610612747,Los Angeles Lakers,2001-01-30,LAL @ CLE,CLE,993
Turnaround Jump Shot,Jump Shot,10,20000651,33.9833,-136,61,-118.4058,10,1,0,2000-01,41,14,1.0,2PT Field Goal,Left Side(L),Mid-Range,8-16 ft.,1610612747,Los Angeles Lakers,2001-01-31,LAL @ MIN,MIN,994
Jump Shot,Jump Shot,39,20000651,33.8673,89,177,-118.1808,6,1,0,2000-01,22,19,,2PT Field Goal,Right Side Center(RC),Mid-Range,16-24 ft.,1610612747,Los Angeles Lakers,2001-01-31,LAL @ MIN,MIN,995
Jump Shot,Jump Shot,53,20000651,33.9193,113,125,-118.1568,5,1,0,2000-01,16,16,0.0,2PT Field Goal,Right Side Center(RC),Mid-Range,16-24 ft.,1610612747,Los Angeles Lakers,2001-01-31,LAL @ MIN,MIN,996
Layup Shot,Layup,75,20000651,34.0443,0,0,-118.2698,2,1,0,2000-01,51,0,0.0,2PT Field Goal,Center(C),Restricted Area,Less Than 8 ft.,1610612747,Los Angeles Lakers,2001-01-31,LAL @ MIN,MIN,997
Layup Shot,Layup,92,20000651,34.0443,0,0,-118.2698,1,1,0,2000-01,29,0,,2PT Field Goal,Center(C),Restricted Area,Less Than 8 ft.,1610612747,Los Angeles Lakers,2001-01-31,LAL @ MIN,MIN,998
Jump Shot,Jump Shot,100,20000651,33.8163,1,228,-118.2688,0,1,0,2000-01,33,22,0.0,2PT Field Goal,Center(C),Mid-Range,16-24 ft.,1610612747,Los Angeles Lakers,2001-01-31,LAL @ MIN,MIN,999
Driving Layup Shot,Layup,167,20000651,34.0443,0,0,-118.2698,5,2,0,2000-01,42,0,0.0,2PT Field Goal,Center(C),Restricted Area,Less Than 8 ft.,1610612747,Los Angeles Lakers,2001-01-31,LAL @ MIN,MIN,1000
Layup Shot,Layup,186,20000651,34.0443,0,0,-118.2698,4,2,0,2000-01,6,0,0.0,2PT Field Goal,Center(C),Restricted Area,Less Than 8 ft.,1610612747,Los Angeles Lakers,2001-01-31,LAL @ MIN,MIN,1001
Layup Shot,Layup,218,20000651,34.0443,0,0,-118.2698,0,2,0,2000-01,37,0,0.0,2PT Field Goal,Center(C),Restricted Area,Less Than 8 ft.,1610612747,Los Angeles Lakers,2001-01-31,LAL @ MIN,MIN,1002
Jump Shot,Jump Shot,220,20000651,34.0213,-164,23,-118.4338,0,2,0,2000-01,30,16,0.0,2PT Field Goal,Left Side(L),Mid-Range,16-24 ft.,1610612747,Los Angeles Lakers,2001-01-31,LAL @ MIN,MIN,1003
Jump Shot,Jump Shot,244,20000651,33.9263,-143,118,-118.4128,9,3,0,2000-01,5,18,0.0,2PT Field Goal,Left Side Center(LC),Mid-Range,16-24 ft.,1610612747,Los Angeles Lakers,2001-01-31,LAL @ MIN,MIN,1004
Jump Shot,Jump Shot,301,20000651,33.9993,121,45,-118.1488,3,3,0,2000-01,5,12,1.0,2PT Field Goal,Right Side(R),Mid-Range,8-16 ft.,1610612747,Los Angeles Lakers,2001-01-31,LAL @ MIN,MIN,1005
Driving Layup Shot,Layup,318,20000651,34.0443,0,0,-118.2698,0,3,0,2000-01,47,0,1.0,2PT Field Goal,Center(C),Restricted Area,Less Than 8 ft.,1610612747,Los Angeles Lakers,2001-01-31,LAL @ MIN,MIN,1006
Layup Shot,Layup,363,20000651,34.0443,0,0,-118.2698,8,4,0,2000-01,53,0,0.0,2PT Field Goal,Center(C),Restricted Area,Less Than 8 ft.,1610612747,Los Angeles Lakers,2001-01-31,LAL @ MIN,MIN,1007
Jump Shot,Jump Shot,368,20000651,34.0103,39,34,-118.2308,8,4,0,2000-01,24,5,,2PT Field Goal,Center(C),In The Paint (Non-RA),Less Than 8 ft.,1610612747,Los Angeles Lakers,2001-01-31,LAL @ MIN,MIN,1008
Driving Layup Shot,Layup,380,20000651,34.0443,0,0,-118.2698,7,4,0,2000-01,22,0,1.0,2PT Field Goal,Center(C),Restricted Area,Less Than 8 ft.,1610612747,Los Angeles Lakers,2001-01-31,LAL @ MIN,MIN,1009
Jump Shot,Jump Shot,429,20000651,33.8523,172,192,-118.0978,3,4,0,2000-01,36,25,1.0,3PT Field Goal,Right Side Center(RC),Above the Break 3,24+ ft.,1610612747,Los Angeles Lakers,2001-01-31,LAL @ MIN,MIN,1010
Driving Layup Shot,Layup,21,20000666,34.0443,0,0,-118.2698,8,1,0,2000-01,24,0,0.0,2PT Field Goal,Center(C),Restricted Area,Less Than 8 ft.,1610612747,Los Angeles Lakers,2001-02-02,LAL vs. CHH,CHA,1011
Jump Shot,Jump Shot,33,20000666,33.8633,-79,181,-118.3488,7,1,0,2000-01,5,19,1.0,2PT Field Goal,Left Side Center(LC),Mid-Range,16-24 ft.,1610612747,Los Angeles Lakers,2001-02-02,LAL vs. CHH,CHA,1012
Driving Layup Shot,Layup,49,20000666,34.0443,0,0,-118.2698,4,1,0,2000-01,56,0,0.0,2PT Field Goal,Center(C),Restricted Area,Less Than 8 ft.,1610612747,Los Angeles Lakers,2001-02-02,LAL vs. CHH,CHA,1013
Driving Layup Shot,Layup,54,20000666,34.0443,0,0,-118.2698,4,1,0,2000-01,30,0,1.0,2PT Field Goal,Center(C),Restricted Area,Less Than 8 ft.,1610612747,Los Angeles Lakers,2001-02-02,LAL vs. CHH,CHA,1014
Jump Shot,Jump Shot,65,20000666,34.0043,159,40,-118.1108,3,1,0,2000-01,24,16,1.0,2PT Field Goal,Right Side(R),Mid-Range,16-24 ft.,1610612747,Los Angeles Lakers,2001-02-02,LAL vs. CHH,CHA,1015
Layup Shot,Layup,74,20000666,34.0443,0,0,-118.2698,2,1,0,2000-01,24,0,0.0,2PT Field Goal,Center(C),Restricted Area,Less Than 8 ft.,1610612747,Los Angeles Lakers,2001-02-02,LAL vs. CHH,CHA,1016
Turnaround Jump Shot,Jump Shot,86,20000666,33.9553,132,89,-118.1378,0,1,0,2000-01,57,15,0.0,2PT Field Goal,Right Side(R),Mid-Range,8-16 ft.,1610612747,Los Angeles Lakers,2001-02-02,LAL vs. CHH,CHA,1017
Driving Layup Shot,Layup,90,20000666,34.0443,0,0,-118.2698,0,1,0,2000-01,37,0,1.0,2PT Field Goal,Center(C),Restricted Area,Less Than 8 ft.,1610612747,Los Angeles Lakers,2001-02-02,LAL vs. CHH,CHA,1018
Running Layup Shot,Layup,93,20000666,34.0443,0,0,-118.2698,0,1,0,2000-01,21,0,,2PT Field Goal,Center(C),Restricted Area,Less Than 8 ft.,1610612747,Los Angeles Lakers,2001-02-02,LAL vs. CHH,CHA,1019
Turnaround Jump Shot,Jump Shot,109,20000666,34.0213,144,23,-118.1258,11,2,0,2000-01,6,14,1.0,2PT Field Goal,Right Side(R),Mid-Range,8-16 ft.,1610612747,Los Angeles Lakers,2001-02-02,LAL vs. CHH,CHA,1020
Running Jump Shot,Jump Shot,119,20000666,33.9663,5,78,-118.2648,9,2,0,2000-01,31,7,1.0,2PT Field Goal,Center(C),In The Paint (Non-RA),Less Than 8 ft.,1610612747,Los Angeles Lakers,2001-02-02,LAL vs. CHH,CHA,1021
Tip Shot,Tip Shot,149,20000666,34.0443,0,0,-118.2698,5,2,0,2000-01,51,0,1.0,2PT Field Goal,Center(C),Restricted Area,Less Than 8 ft.,1610612747,Los Angeles Lakers,2001-02-02,LAL vs. CHH,CHA,1022
Jump Shot,Jump Shot,191,20000666,33.9003,172,144,-118.0978,2,2,0,2000-01,41,22,,2PT Field Goal,Right Side Center(RC),Mid-Range,16-24 ft.,1610612747,Los Angeles Lakers,2001-02-02,LAL vs. CHH,CHA,1023
Jump Shot,Jump Shot,193,20000666,33.9493,11,95,-118.2588,2,2,0,2000-01,35,9,1.0,2PT Field Goal,Center(C),In The Paint (Non-RA),8-16 ft.,1610612747,Los Angeles Lakers,2001-02-02,LAL vs. CHH,CHA,1024
Jump Shot,Jump Shot,196,20000666,33.8633,-58,181,-118.3278,2,2,0,2000-01,5,19,0.0,2PT Field Goal,Center(C),Mid-Range,16-24 ft.,1610612747,Los Angeles Lakers,2001-02-02,LAL vs. CHH,CHA,1025
Jump Shot,Jump Shot,223,20000666,33.9383,153,106,-118.1168,0,2,0,2000-01,33,18,,2PT Field Goal,Right Side(R),Mid-Range,16-24 ft.,1610612747,Los Angeles Lakers,2001-02-02,LAL vs. CHH,CHA,1026
Layup Shot,Layup,225,20000666,34.0443,0,0,-118.2698,0,2,0,2000-01,16,0,0.0,2PT Field Goal,Center(C),Restricted Area,Less Than 8 ft.,1610612747,Los Angeles Lakers,2001-02-02,LAL vs. CHH,CHA,1027
Jump Shot,Jump Shot,263,20000666,33.7323,11,312,-118.2588,8,3,0,2000-01,26,31,0.0,3PT Field Goal,Center(C),Above the Break 3,24+ ft.,1610612747,Los Angeles Lakers,2001-02-02,LAL vs. CHH,CHA,1028
Turnaround Jump Shot,Jump Shot,273,20000666,34.0313,144,13,-118.1258,7,3,0,2000-01,33,14,,2PT Field Goal,Right Side(R),Mid-Range,8-16 ft.,1610612747,Los Angeles Lakers,2001-02-02,LAL vs. CHH,CHA,1029
Jump Shot,Jump Shot,285,20000666,33.9553,-149,89,-118.4188,5,3,0,2000-01,31,17,0.0,2PT Field Goal,Left Side(L),Mid-Range,16-24 ft.,1610612747,Los Angeles Lakers,2001-02-02,LAL vs. CHH,CHA,1030
Jump Shot,Jump Shot,292,20000666,33.9003,117,144,-118.1528,4,3,0,2000-01,58,18,1.0,2PT Field Goal,Right Side Center(RC),Mid-Range,16-24 ft.,1610612747,Los Angeles Lakers,2001-02-02,LAL vs. CHH,CHA,1031
Jump Shot,Jump Shot,319,20000666,33.8733,132,171,-118.1378,3,3,0,2000-01,14,21,1.0,2PT Field Goal,Right Side Center(RC),Mid-Range,16-24 ft.,1610612747,Los Angeles Lakers,2001-02-02,LAL vs. CHH,CHA,1032
Layup Shot,Layup,339,20000666,34.0443,0,0,-118.2698,1,3,0,2000-01,4,0,1.0,2PT Field Goal,Center(C),Restricted Area,Less Than 8 ft.,1610612747,Los Angeles Lakers,2001-02-02,LAL vs. CHH,CHA,1033
Running Jump Shot,Jump Shot,346,20000666,33.9243,117,120,-118.1528,0,3,0,2000-01,24,16,,2PT Field Goal,Right Side Center(RC),Mid-Range,16-24 ft.,1610612747,Los Angeles Lakers,2001-02-02,LAL vs. CHH,CHA,1034
Driving Layup Shot,Layup,381,20000666,34.0443,0,0,-118.2698,8,4,0,2000-01,4,0,0.0,2PT Field Goal,Center(C),Restricted Area,Less Than 8 ft.,1610612747,Los Angeles Lakers,2001-02-02,LAL vs. CHH,CHA,1035
Turnaround Jump Shot,Jump Shot,409,20000666,34.0103,-44,34,-118.3138,5,4,0,2000-01,16,5,,2PT Field Goal,Center(C),In The Paint (Non-RA),Less Than 8 ft.,1610612747,Los Angeles Lakers,2001-02-02,LAL vs. CHH,CHA,1036
Jump Shot,Jump Shot,412,20000666,33.9173,132,127,-118.1378,4,4,0,2000-01,35,18,0.0,2PT Field Goal,Right Side Center(RC),Mid-Range,16-24 ft.,1610612747,Los Angeles Lakers,2001-02-02,LAL vs. CHH,CHA,1037
Jump Shot,Jump Shot,426,20000666,33.9343,-143,110,-118.4128,2,4,0,2000-01,27,18,,2PT Field Goal,Left Side Center(LC),Mid-Range,16-24 ft.,1610612747,Los Angeles Lakers,2001-02-02,LAL vs. CHH,CHA,1038
Turnaround Jump Shot,Jump Shot,432,20000666,33.9933,165,51,-118.1048,1,4,0,2000-01,27,17,,2PT Field Goal,Right Side(R),Mid-Range,16-24 ft.,1610612747,Los Angeles Lakers,2001-02-02,LAL vs. CHH,CHA,1039
Jump Shot,Jump Shot,443,20000666,33.9343,-107,110,-118.3768,0,4,0,2000-01,21,15,0.0,2PT Field Goal,Left Side(L),Mid-Range,8-16 ft.,1610612747,Los Angeles Lakers,2001-02-02,LAL vs. CHH,CHA,1040
Slam Dunk Shot,Dunk,6,20000682,34.0443,0,0,-118.2698,11,1,0,2000-01,3,0,1.0,2PT Field Goal,Center(C),Restricted Area,Less Than 8 ft.,1610612747,Los Angeles Lakers,2001-02-04,LAL vs. SAC,SAC,1041
Jump Shot,Jump Shot,11,20000682,34.0273,-197,17,-118.4668,9,1,0,2000-01,57,19,1.0,2PT Field Goal,Left Side(L),Mid-Range,16-24 ft.,1610612747,Los Angeles Lakers,2001-02-04,LAL vs. SAC,SAC,1042
Jump Shot,Jump Shot,30,20000682,33.9093,-111,135,-118.3808,7,1,0,2000-01,28,17,0.0,2PT Field Goal,Left Side Center(LC),Mid-Range,16-24 ft.,1610612747,Los Angeles Lakers,2001-02-04,LAL vs. SAC,SAC,1043
Jump Shot,Jump Shot,40,20000682,34.0423,85,2,-118.1848,6,1,0,2000-01,11,8,0.0,2PT Field Goal,Right Side(R),Mid-Range,8-16 ft.,1610612747,Los Angeles Lakers,2001-02-04,LAL vs. SAC,SAC,1044
Jump Shot,Jump Shot,58,20000682,33.8753,-84,169,-118.3538,3,1,0,2000-01,19,18,0.0,2PT Field Goal,Left Side Center(LC),Mid-Range,16-24 ft.,1610612747,Los Angeles Lakers,2001-02-04,LAL vs. SAC,SAC,1045
Jump Shot,Jump Shot,140,20000682,33.8693,121,175,-118.1488,7,2,0,2000-01,53,21,1.0,2PT Field Goal,Right Side Center(RC),Mid-Range,16-24 ft.,1610612747,Los Angeles Lakers,2001-02-04,LAL vs. SAC,SAC,1046
Jump Shot,Jump Shot,142,20000682,33.9033,14,141,-118.2558,7,2,0,2000-01,21,14,0.0,2PT Field Goal,Center(C),Mid-Range,8-16 ft.,1610612747,Los Angeles Lakers,2001-02-04,LAL vs. SAC,SAC,1047
Layup Shot,Layup,147,20000682,34.0443,0,0,-118.2698,6,2,0,2000-01,50,0,0.0,2PT Field Goal,Center(C),Restricted Area,Less Than 8 ft.,1610612747,Los Angeles Lakers,2001-02-04,LAL vs. SAC,SAC,1048
Jump Shot,Jump Shot,155,20000682,33.8813,127,163,-118.1428,6,2,0,2000-01,15,20,0.0,2PT Field Goal,Right Side Center(RC),Mid-Range,16-24 ft.,1610612747,Los Angeles Lakers,2001-02-04,LAL vs. SAC,SAC,1049
Layup Shot,Layup,182,20000682,34.0443,0,0,-118.2698,4,2,0,2000-01,16,0,0.0,2PT Field Goal,Center(C),Restricted Area,Less Than 8 ft.,1610612747,Los Angeles Lakers,2001-02-04,LAL vs. SAC,SAC,1050
Tip Shot,Tip Shot,183,20000682,34.0443,0,0,-118.2698,4,2,0,2000-01,13,0,,2PT Field Goal,Center(C),Restricted Area,Less Than 8 ft.,1610612747,Los Angeles Lakers,2001-02-04,LAL vs. SAC,SAC,1051
Jump Shot,Jump Shot,188,20000682,34.0593,-126,-15,-118.3958,3,2,0,2000-01,40,12,,2PT Field Goal,Left Side(L),Mid-Range,8-16 ft.,1610612747,Los Angeles Lakers,2001-02-04,LAL vs. SAC,SAC,1052
Jump Shot,Jump Shot,219,20000682,34.0523,-204,-8,-118.4738,1,2,0,2000-01,29,20,1.0,2PT Field Goal,Left Side(L),Mid-Range,16-24 ft.,1610612747,Los Angeles Lakers,2001-02-04,LAL vs. SAC,SAC,1053
Jump Shot,Jump Shot,228,20000682,33.8813,106,163,-118.1638,0,2,0,2000-01,50,19,0.0,2PT Field Goal,Right Side Center(RC),Mid-Range,16-24 ft.,1610612747,Los Angeles Lakers,2001-02-04,LAL vs. SAC,SAC,1054
Jump Shot,Jump Shot,231,20000682,34.0103,-160,34,-118.4298,0,2,0,2000-01,43,16,0.0,2PT Field Goal,Left Side(L),Mid-Range,16-24 ft.,1610612747,Los Angeles Lakers,2001-02-04,LAL vs. SAC,SAC,1055
Jump Shot,Jump Shot,255,20000682,33.8983,142,146,-118.1278,11,3,0,2000-01,6,20,1.0,2PT Field Goal,Right Side Center(RC),Mid-Range,16-24 ft.,1610612747,Los Angeles Lakers,2001-02-04,LAL vs. SAC,SAC,1056
Running Jump Shot,Jump Shot,262,20000682,33.9593,-27,85,-118.2968,10,3,0,2000-01,16,8,0.0,2PT Field Goal,Center(C),In The Paint (Non-RA),8-16 ft.,1610612747,Los Angeles Lakers,2001-02-04,LAL vs. SAC,SAC,1057
Running Jump Shot,Jump Shot,272,20000682,33.9833,-27,61,-118.2968,9,3,0,2000-01,25,6,1.0,2PT Field Goal,Center(C),In The Paint (Non-RA),Less Than 8 ft.,1610612747,Los Angeles Lakers,2001-02-04,LAL vs. SAC,SAC,1058
Jump Shot,Jump Shot,283,20000682,34.0213,49,23,-118.2208,7,3,0,2000-01,55,5,0.0,2PT Field Goal,Center(C),In The Paint (Non-RA),Less Than 8 ft.,1610612747,Los Angeles Lakers,2001-02-04,LAL vs. SAC,SAC,1059
Jump Shot,Jump Shot,291,20000682,33.8753,127,169,-118.1428,6,3,0,2000-01,50,21,0.0,2PT Field Goal,Right Side Center(RC),Mid-Range,16-24 ft.,1610612747,Los Angeles Lakers,2001-02-04,LAL vs. SAC,SAC,1060
Jump Shot,Jump Shot,321,20000682,34.0313,241,13,-118.0288,4,3,0,2000-01,2,24,0.0,3PT Field Goal,Right Side(R),Right Corner 3,24+ ft.,1610612747,Los Angeles Lakers,2001-02-04,LAL vs. SAC,SAC,1061
Alley Oop Dunk Shot,Dunk,335,20000682,34.0443,0,0,-118.2698,2,3,0,2000-01,57,0,1.0,2PT Field Goal,Center(C),Restricted Area,Less Than 8 ft.,1610612747,Los Angeles Lakers,2001-02-04,LAL vs. SAC,SAC,1062
Jump Shot,Jump Shot,339,20000682,34.0373,163,7,-118.1068,2,3,0,2000-01,15,16,0.0,2PT Field Goal,Right Side(R),Mid-Range,16-24 ft.,1610612747,Los Angeles Lakers,2001-02-04,LAL vs. SAC,SAC,1063
Jump Shot,Jump Shot,354,20000682,33.9033,-27,141,-118.2968,0,3,0,2000-01,40,14,0.0,2PT Field Goal,Center(C),Mid-Range,8-16 ft.,1610612747,Los Angeles Lakers,2001-02-04,LAL vs. SAC,SAC,1064
Jump Shot,Jump Shot,429,20000682,33.9873,-54,57,-118.3238,5,4,0,2000-01,16,7,0.0,2PT Field Goal,Center(C),In The Paint (Non-RA),Less Than 8 ft.,1610612747,Los Angeles Lakers,2001-02-04,LAL vs. SAC,SAC,1065
Jump Shot,Jump Shot,439,20000682,33.9363,94,108,-118.1758,3,4,0,2000-01,30,14,,2PT Field Goal,Right Side(R),Mid-Range,8-16 ft.,1610612747,Los Angeles Lakers,2001-02-04,LAL vs. SAC,SAC,1066
Jump Shot,Jump Shot,63,20000702,33.9833,-132,61,-118.4018,5,1,0,2000-01,21,14,0.0,2PT Field Goal,Left Side(L),Mid-Range,8-16 ft.,1610612747,Los Angeles Lakers,2001-02-07,LAL vs. PHX,PHX,1067
Jump Shot,Jump Shot,71,20000702,33.8523,-54,192,-118.3238,4,1,0,2000-01,57,19,1.0,2PT Field Goal,Center(C),Mid-Range,16-24 ft.,1610612747,Los Angeles Lakers,2001-02-07,LAL vs. PHX,PHX,1068
Jump Shot,Jump Shot,99,20000702,33.8413,-6,203,-118.2758,1,1,0,2000-01,47,20,0.0,2PT Field Goal,Center(C),Mid-Range,16-24 ft.,1610612747,Los Angeles Lakers,2001-02-07,LAL vs. PHX,PHX,1069
Jump Shot,Jump Shot,120,20000702,33.7403,22,304,-118.2478,0,1,0,2000-01,0,30,1.0,3PT Field Goal,Center(C),Above the Break 3,24+ ft.,1610612747,Los Angeles Lakers,2001-02-07,LAL vs. PHX,PHX,1070
Driving Dunk Shot,Dunk,143,20000702,34.0443,0,0,-118.2698,9,2,0,2000-01,51,0,1.0,2PT Field Goal,Center(C),Restricted Area,Less Than 8 ft.,1610612747,Los Angeles Lakers,2001-02-07,LAL vs. PHX,PHX,1071
Jump Shot,Jump Shot,197,20000702,34.0693,134,-25,-118.1358,5,2,0,2000-01,20,13,0.0,2PT Field Goal,Right Side(R),Mid-Range,8-16 ft.,1610612747,Los Angeles Lakers,2001-02-07,LAL vs. PHX,PHX,1072
Jump Shot,Jump Shot,236,20000702,33.9363,-132,108,-118.4018,1,2,0,2000-01,18,17,1.0,2PT Field Goal,Left Side Center(LC),Mid-Range,16-24 ft.,1610612747,Los Angeles Lakers,2001-02-07,LAL vs. PHX,PHX,1073
Jump Shot,Jump Shot,246,20000702,33.3483,106,696,-118.1638,0,2,0,2000-01,0,70,0.0,3PT Field Goal,Back Court(BC),Backcourt,Back Court Shot,1610612747,Los Angeles Lakers,2001-02-07,LAL vs. PHX,PHX,1074
Running Jump Shot,Jump Shot,261,20000702,34.0463,-132,-2,-118.4018,9,3,0,2000-01,52,13,1.0,2PT Field Goal,Left Side(L),Mid-Range,8-16 ft.,1610612747,Los Angeles Lakers,2001-02-07,LAL vs. PHX,PHX,1075
Jump Shot,Jump Shot,270,20000702,33.9323,73,112,-118.1968,8,3,0,2000-01,23,13,0.0,2PT Field Goal,Right Side(R),In The Paint (Non-RA),8-16 ft.,1610612747,Los Angeles Lakers,2001-02-07,LAL vs. PHX,PHX,1076
Alley Oop Dunk Shot,Dunk,278,20000702,34.0443,0,0,-118.2698,8,3,0,2000-01,1,0,1.0,2PT Field Goal,Center(C),Restricted Area,Less Than 8 ft.,1610612747,Los Angeles Lakers,2001-02-07,LAL vs. PHX,PHX,1077
Alley Oop Layup shot,Layup,282,20000702,34.0443,0,0,-118.2698,7,3,0,2000-01,30,0,1.0,2PT Field Goal,Center(C),Restricted Area,Less Than 8 ft.,1610612747,Los Angeles Lakers,2001-02-07,LAL vs. PHX,PHX,1078
Jump Shot,Jump Shot,292,20000702,33.9193,127,125,-118.1428,6,3,0,2000-01,18,17,1.0,2PT Field Goal,Right Side Center(RC),Mid-Range,16-24 ft.,1610612747,Los Angeles Lakers,2001-02-07,LAL vs. PHX,PHX,1079
Alley Oop Dunk Shot,Dunk,308,20000702,34.0443,0,0,-118.2698,4,3,0,2000-01,44,0,1.0,2PT Field Goal,Center(C),Restricted Area,Less Than 8 ft.,1610612747,Los Angeles Lakers,2001-02-07,LAL vs. PHX,PHX,1080
Jump Shot,Jump Shot,350,20000702,34.0593,-141,-15,-118.4108,11,4,0,2000-01,8,14,0.0,2PT Field Goal,Left Side(L),Mid-Range,8-16 ft.,1610612747,Los Angeles Lakers,2001-02-07,LAL vs. PHX,PHX,1081
Layup Shot,Layup,362,20000702,34.0443,0,0,-118.2698,9,4,0,2000-01,39,0,0.0,2PT Field Goal,Center(C),Restricted Area,Less Than 8 ft.,1610612747,Los Angeles Lakers,2001-02-07,LAL vs. PHX,PHX,1082
Jump Shot,Jump Shot,389,20000702,34.0423,-141,2,-118.4108,7,4,0,2000-01,33,14,1.0,2PT Field Goal,Left Side(L),Mid-Range,8-16 ft.,1610612747,Los Angeles Lakers,2001-02-07,LAL vs. PHX,PHX,1083
Jump Shot,Jump Shot,408,20000702,34.0163,-174,28,-118.4438,6,4,0,2000-01,18,17,0.0,2PT Field Goal,Left Side(L),Mid-Range,16-24 ft.,1610612747,Los Angeles Lakers,2001-02-07,LAL vs. PHX,PHX,1084
Driving Layup Shot,Layup,422,20000702,34.0443,0,0,-118.2698,5,4,0,2000-01,4,0,1.0,2PT Field Goal,Center(C),Restricted Area,Less Than 8 ft.,1610612747,Los Angeles Lakers,2001-02-07,LAL vs. PHX,PHX,1085
Jump Shot,Jump Shot,427,20000702,33.9873,-111,57,-118.3808,4,4,0,2000-01,27,12,0.0,2PT Field Goal,Left Side(L),Mid-Range,8-16 ft.,1610612747,Los Angeles Lakers,2001-02-07,LAL vs. PHX,PHX,1086
Jump Shot,Jump Shot,444,20000702,33.9833,-18,61,-118.2878,2,4,0,2000-01,8,6,,2PT Field Goal,Center(C),In The Paint (Non-RA),Less Than 8 ft.,1610612747,Los Angeles Lakers,2001-02-07,LAL vs. PHX,PHX,1087
Layup Shot,Layup,450,20000702,34.0443,0,0,-118.2698,2,4,0,2000-01,8,0,0.0,2PT Field Goal,Center(C),Restricted Area,Less Than 8 ft.,1610612747,Los Angeles Lakers,2001-02-07,LAL vs. PHX,PHX,1088
Turnaround Jump Shot,Jump Shot,456,20000702,34.0103,-111,34,-118.3808,1,4,0,2000-01,33,11,1.0,2PT Field Goal,Left Side(L),Mid-Range,8-16 ft.,1610612747,Los Angeles Lakers,2001-02-07,LAL vs. PHX,PHX,1089
Jump Shot,Jump Shot,461,20000702,33.8413,58,203,-118.2118,0,4,0,2000-01,59,21,0.0,2PT Field Goal,Center(C),Mid-Range,16-24 ft.,1610612747,Los Angeles Lakers,2001-02-07,LAL vs. PHX,PHX,1090
Jump Shot,Jump Shot,465,20000702,33.8653,28,179,-118.2418,0,4,0,2000-01,25,18,0.0,2PT Field Goal,Center(C),Mid-Range,16-24 ft.,1610612747,Los Angeles Lakers,2001-02-07,LAL vs. PHX,PHX,1091
Jump Shot,Jump Shot,479,20000702,33.9193,115,125,-118.1548,0,4,0,2000-01,2,16,,2PT Field Goal,Right Side Center(RC),Mid-Range,16-24 ft.,1610612747,Los Angeles Lakers,2001-02-07,LAL vs. PHX,PHX,1092
Driving Layup Shot,Layup,9,20000710,34.0443,0,0,-118.2698,10,1,0,2000-01,31,0,1.0,2PT Field Goal,Center(C),Restricted Area,Less Than 8 ft.,1610612747,Los Angeles Lakers,2001-02-13,LAL @ NJN,NJN,1093
Running Jump Shot,Jump Shot,15,20000710,33.8673,-12,177,-118.2818,9,1,0,2000-01,33,17,,2PT Field Goal,Center(C),Mid-Range,16-24 ft.,1610612747,Los Angeles Lakers,2001-02-13,LAL @ NJN,NJN,1094
Driving Layup Shot,Layup,73,20000710,34.0443,0,0,-118.2698,2,1,0,2000-01,22,0,1.0,2PT Field Goal,Center(C),Restricted Area,Less Than 8 ft.,1610612747,Los Angeles Lakers,2001-02-13,LAL @ NJN,NJN,1095
Jump Shot,Jump Shot,91,20000710,33.9573,73,87,-118.1968,1,1,0,2000-01,4,11,1.0,2PT Field Goal,Right Side(R),In The Paint (Non-RA),8-16 ft.,1610612747,Los Angeles Lakers,2001-02-13,LAL @ NJN,NJN,1096
Driving Layup Shot,Layup,102,20000710,34.0443,0,0,-118.2698,0,1,0,2000-01,1,0,0.0,2PT Field Goal,Center(C),Restricted Area,Less Than 8 ft.,1610612747,Los Angeles Lakers,2001-02-13,LAL @ NJN,NJN,1097
Jump Shot,Jump Shot,120,20000710,33.8773,94,167,-118.1758,10,2,0,2000-01,25,19,,2PT Field Goal,Right Side Center(RC),Mid-Range,16-24 ft.,1610612747,Los Angeles Lakers,2001-02-13,LAL @ NJN,NJN,1098
Jump Shot,Jump Shot,187,20000710,33.7873,1,257,-118.2688,3,2,0,2000-01,21,25,,3PT Field Goal,Center(C),Above the Break 3,24+ ft.,1610612747,Los Angeles Lakers,2001-02-13,LAL @ NJN,NJN,1099
Reverse Layup Shot,Layup,249,20000710,34.0443,0,0,-118.2698,10,3,0,2000-01,0,0,1.0,2PT Field Goal,Center(C),Restricted Area,Less Than 8 ft.,1610612747,Los Angeles Lakers,2001-02-13,LAL @ NJN,NJN,1100
Jump Shot,Jump Shot,256,20000710,33.9453,37,99,-118.2328,8,3,0,2000-01,59,10,0.0,2PT Field Goal,Center(C),In The Paint (Non-RA),8-16 ft.,1610612747,Los Angeles Lakers,2001-02-13,LAL @ NJN,NJN,1101
Jump Shot,Jump Shot,268,20000710,33.8543,180,190,-118.0898,8,3,0,2000-01,11,26,,3PT Field Goal,Right Side Center(RC),Above the Break 3,24+ ft.,1610612747,Los Angeles Lakers,2001-02-13,LAL @ NJN,NJN,1102
Jump Shot,Jump Shot,271,20000710,34.0293,-170,15,-118.4398,7,3,0,2000-01,49,17,1.0,2PT Field Goal,Left Side(L),Mid-Range,16-24 ft.,1610612747,Los Angeles Lakers,2001-02-13,LAL @ NJN,NJN,1103
Driving Layup Shot,Layup,281,20000710,34.0443,0,0,-118.2698,6,3,0,2000-01,13,0,0.0,2PT Field Goal,Center(C),Restricted Area,Less Than 8 ft.,1610612747,Los Angeles Lakers,2001-02-13,LAL @ NJN,NJN,1104
Running Jump Shot,Jump Shot,309,20000710,34.0403,-92,4,-118.3618,3,3,0,2000-01,12,9,1.0,2PT Field Goal,Left Side(L),Mid-Range,8-16 ft.,1610612747,Los Angeles Lakers,2001-02-13,LAL @ NJN,NJN,1105
Jump Shot,Jump Shot,348,20000710,33.8673,180,177,-118.0898,0,3,0,2000-01,1,25,0.0,3PT Field Goal,Right Side Center(RC),Above the Break 3,24+ ft.,1610612747,Los Angeles Lakers,2001-02-13,LAL @ NJN,NJN,1106
Turnaround Jump Shot,Jump Shot,402,20000710,34.0333,-134,11,-118.4038,6,4,0,2000-01,56,13,1.0,2PT Field Goal,Left Side(L),Mid-Range,8-16 ft.,1610612747,Los Angeles Lakers,2001-02-13,LAL @ NJN,NJN,1107
Jump Shot,Jump Shot,416,20000710,33.7803,-12,264,-118.2818,5,4,0,2000-01,17,26,1.0,3PT Field Goal,Center(C),Above the Break 3,24+ ft.,1610612747,Los Angeles Lakers,2001-02-13,LAL @ NJN,NJN,1108
Driving Layup Shot,Layup,421,20000710,34.0443,0,0,-118.2698,4,4,0,2000-01,14,0,1.0,2PT Field Goal,Center(C),Restricted Area,Less Than 8 ft.,1610612747,Los Angeles Lakers,2001-02-13,LAL @ NJN,NJN,1109
Layup Shot,Layup,447,20000710,34.0443,0,0,-118.2698,1,4,0,2000-01,37,0,1.0,2PT Field Goal,Center(C),Restricted Area,Less Than 8 ft.,1610612747,Los Angeles Lakers,2001-02-13,LAL @ NJN,NJN,1110
Reverse Layup Shot,Layup,452,20000710,34.0443,0,0,-118.2698,1,4,0,2000-01,4,0,1.0,2PT Field Goal,Center(C),Restricted Area,Less Than 8 ft.,1610612747,Los Angeles Lakers,2001-02-13,LAL @ NJN,NJN,1111
Jump Shot,Jump Shot,463,20000710,33.8603,1,184,-118.2688,0,4,0,2000-01,6,18,0.0,2PT Field Goal,Center(C),Mid-Range,16-24 ft.,1610612747,Los Angeles Lakers,2001-02-13,LAL @ NJN,NJN,1112
Jump Shot,Jump Shot,484,20000710,33.8253,-141,219,-118.4108,3,5,0,2000-01,39,26,0.0,3PT Field Goal,Left Side Center(LC),Above the Break 3,24+ ft.,1610612747,Los Angeles Lakers,2001-02-13,LAL @ NJN,NJN,1113
Driving Layup Shot,Layup,486,20000710,34.0443,0,0,-118.2698,3,5,0,2000-01,33,0,0.0,2PT Field Goal,Center(C),Restricted Area,Less Than 8 ft.,1610612747,Los Angeles Lakers,2001-02-13,LAL @ NJN,NJN,1114
Turnaround Jump Shot,Jump Shot,509,20000710,34.0103,144,34,-118.1258,2,5,0,2000-01,2,14,0.0,2PT Field Goal,Right Side(R),Mid-Range,8-16 ft.,1610612747,Los Angeles Lakers,2001-02-13,LAL @ NJN,NJN,1115
Driving Layup Shot,Layup,514,20000710,34.0443,0,0,-118.2698,1,5,0,2000-01,31,0,0.0,2PT Field Goal,Center(C),Restricted Area,Less Than 8 ft.,1610612747,Los Angeles Lakers,2001-02-13,LAL @ NJN,NJN,1116
Driving Layup Shot,Layup,536,20000710,34.0443,0,0,-118.2698,0,5,0,2000-01,4,0,1.0,2PT Field Goal,Center(C),Restricted Area,Less Than 8 ft.,1610612747,Los Angeles Lakers,2001-02-13,LAL @ NJN,NJN,1117
Jump Shot,Jump Shot,45,20000723,34.0293,191,15,-118.0788,6,1,0,2000-01,52,19,,2PT Field Goal,Right Side(R),Mid-Range,16-24 ft.,1610612747,Los Angeles Lakers,2001-02-14,LAL @ PHI,PHI,1118
Jump Shot,Jump Shot,141,20000723,34.0443,167,0,-118.1028,9,2,0,2000-01,37,16,0.0,2PT Field Goal,Right Side(R),Mid-Range,16-24 ft.,1610612747,Los Angeles Lakers,2001-02-14,LAL @ PHI,PHI,1119
Dunk Shot,Dunk,180,20000723,34.0443,0,0,-118.2698,5,2,0,2000-01,44,0,1.0,2PT Field Goal,Center(C),Restricted Area,Less Than 8 ft.,1610612747,Los Angeles Lakers,2001-02-14,LAL @ PHI,PHI,1120
Jump Shot,Jump Shot,195,20000723,33.7763,-16,268,-118.2858,4,2,0,2000-01,1,26,1.0,3PT Field Goal,Center(C),Above the Break 3,24+ ft.,1610612747,Los Angeles Lakers,2001-02-14,LAL @ PHI,PHI,1121
Jump Shot,Jump Shot,198,20000723,33.9513,-151,93,-118.4208,3,2,0,2000-01,37,17,0.0,2PT Field Goal,Left Side(L),Mid-Range,16-24 ft.,1610612747,Los Angeles Lakers,2001-02-14,LAL @ PHI,PHI,1122
Driving Layup Shot,Layup,220,20000723,34.0443,0,0,-118.2698,2,2,0,2000-01,10,0,1.0,2PT Field Goal,Center(C),Restricted Area,Less Than 8 ft.,1610612747,Los Angeles Lakers,2001-02-14,LAL @ PHI,PHI,1123
Jump Shot,Jump Shot,253,20000723,33.9453,153,99,-118.1168,10,3,0,2000-01,55,18,1.0,2PT Field Goal,Right Side(R),Mid-Range,16-24 ft.,1610612747,Los Angeles Lakers,2001-02-14,LAL @ PHI,PHI,1124
Jump Shot,Jump Shot,258,20000723,33.9573,-151,87,-118.4208,9,3,0,2000-01,31,17,0.0,2PT Field Goal,Left Side(L),Mid-Range,16-24 ft.,1610612747,Los Angeles Lakers,2001-02-14,LAL @ PHI,PHI,1125
Running Jump Shot,Jump Shot,279,20000723,33.9343,-29,110,-118.2988,7,3,0,2000-01,51,11,1.0,2PT Field Goal,Center(C),In The Paint (Non-RA),8-16 ft.,1610612747,Los Angeles Lakers,2001-02-14,LAL @ PHI,PHI,1126
Jump Shot,Jump Shot,290,20000723,34.0403,153,4,-118.1168,5,3,0,2000-01,49,15,0.0,2PT Field Goal,Right Side(R),Mid-Range,8-16 ft.,1610612747,Los Angeles Lakers,2001-02-14,LAL @ PHI,PHI,1127
Driving Layup Shot,Layup,296,20000723,34.0443,0,0,-118.2698,5,3,0,2000-01,20,0,1.0,2PT Field Goal,Center(C),Restricted Area,Less Than 8 ft.,1610612747,Los Angeles Lakers,2001-02-14,LAL @ PHI,PHI,1128
Jump Shot,Jump Shot,344,20000723,33.9783,161,66,-118.1088,0,3,0,2000-01,36,17,0.0,2PT Field Goal,Right Side(R),Mid-Range,16-24 ft.,1610612747,Los Angeles Lakers,2001-02-14,LAL @ PHI,PHI,1129
Jump Shot,Jump Shot,421,20000723,33.8673,191,177,-118.0788,4,4,0,2000-01,39,26,0.0,3PT Field Goal,Right Side Center(RC),Above the Break 3,24+ ft.,1610612747,Los Angeles Lakers,2001-02-14,LAL @ PHI,PHI,1130
Jump Shot,Jump Shot,16,20000739,34.0083,64,36,-118.2058,9,1,0,2000-01,55,7,,2PT Field Goal,Center(C),In The Paint (Non-RA),Less Than 8 ft.,1610612747,Los Angeles Lakers,2001-02-16,LAL @ CHH,CHA,1131
Dunk Shot,Dunk,24,20000739,34.0443,0,0,-118.2698,8,1,0,2000-01,54,0,1.0,2PT Field Goal,Center(C),Restricted Area,Less Than 8 ft.,1610612747,Los Angeles Lakers,2001-02-16,LAL @ CHH,CHA,1132
Driving Layup Shot,Layup,61,20000739,34.0443,0,0,-118.2698,5,1,0,2000-01,26,0,,2PT Field Goal,Center(C),Restricted Area,Less Than 8 ft.,1610612747,Los Angeles Lakers,2001-02-16,LAL @ CHH,CHA,1133
Jump Shot,Jump Shot,102,20000739,33.9973,-155,47,-118.4248,2,1,0,2000-01,41,16,0.0,2PT Field Goal,Left Side(L),Mid-Range,16-24 ft.,1610612747,Los Angeles Lakers,2001-02-16,LAL @ CHH,CHA,1134
Alley Oop Dunk Shot,Dunk,120,20000739,34.0443,0,0,-118.2698,0,1,0,2000-01,46,0,,2PT Field Goal,Center(C),Restricted Area,Less Than 8 ft.,1610612747,Los Angeles Lakers,2001-02-16,LAL @ CHH,CHA,1135
Jump Shot,Jump Shot,137,20000739,33.8653,94,179,-118.1758,10,2,0,2000-01,56,20,1.0,2PT Field Goal,Right Side Center(RC),Mid-Range,16-24 ft.,1610612747,Los Angeles Lakers,2001-02-16,LAL @ CHH,CHA,1136
Jump Shot,Jump Shot,157,20000739,33.8963,-113,148,-118.3828,9,2,0,2000-01,10,18,0.0,2PT Field Goal,Left Side Center(LC),Mid-Range,16-24 ft.,1610612747,Los Angeles Lakers,2001-02-16,LAL @ CHH,CHA,1137
Layup Shot,Layup,247,20000739,34.0443,0,0,-118.2698,2,2,0,2000-01,14,0,,2PT Field Goal,Center(C),Restricted Area,Less Than 8 ft.,1610612747,Los Angeles Lakers,2001-02-16,LAL @ CHH,CHA,1138
Dunk Shot,Dunk,254,20000739,34.0443,0,0,-118.2698,1,2,0,2000-01,46,0,,2PT Field Goal,Center(C),Restricted Area,Less Than 8 ft.,1610612747,Los Angeles Lakers,2001-02-16,LAL @ CHH,CHA,1139
Jump Shot,Jump Shot,275,20000739,33.8753,-92,169,-118.3618,0,2,0,2000-01,2,19,1.0,2PT Field Goal,Left Side Center(LC),Mid-Range,16-24 ft.,1610612747,Los Angeles Lakers,2001-02-16,LAL @ CHH,CHA,1140
Tip Shot,Tip Shot,311,20000739,34.0443,0,0,-118.2698,8,3,0,2000-01,57,0,0.0,2PT Field Goal,Center(C),Restricted Area,Less Than 8 ft.,1610612747,Los Angeles Lakers,2001-02-16,LAL @ CHH,CHA,1141
Jump Shot,Jump Shot,355,20000739,33.8923,201,152,-118.0688,5,3,0,2000-01,55,25,,3PT Field Goal,Right Side Center(RC),Above the Break 3,24+ ft.,1610612747,Los Angeles Lakers,2001-02-16,LAL @ CHH,CHA,1142
Jump Shot,Jump Shot,359,20000739,33.9873,43,57,-118.2268,5,3,0,2000-01,40,7,0.0,2PT Field Goal,Center(C),In The Paint (Non-RA),Less Than 8 ft.,1610612747,Los Angeles Lakers,2001-02-16,LAL @ CHH,CHA,1143
Jump Shot,Jump Shot,362,20000739,33.9743,-141,70,-118.4108,5,3,0,2000-01,9,15,0.0,2PT Field Goal,Left Side(L),Mid-Range,8-16 ft.,1610612747,Los Angeles Lakers,2001-02-16,LAL @ CHH,CHA,1144
Jump Shot,Jump Shot,472,20000739,34.0183,58,26,-118.2118,6,4,0,2000-01,37,6,0.0,2PT Field Goal,Center(C),In The Paint (Non-RA),Less Than 8 ft.,1610612747,Los Angeles Lakers,2001-02-16,LAL @ CHH,CHA,1145
Jump Shot,Jump Shot,530,20000739,33.9193,-149,125,-118.4188,1,4,0,2000-01,39,19,0.0,2PT Field Goal,Left Side Center(LC),Mid-Range,16-24 ft.,1610612747,Los Angeles Lakers,2001-02-16,LAL @ CHH,CHA,1146
Reverse Layup Shot,Layup,540,20000739,34.0443,0,0,-118.2698,0,4,0,2000-01,50,0,1.0,2PT Field Goal,Center(C),Restricted Area,Less Than 8 ft.,1610612747,Los Angeles Lakers,2001-02-16,LAL @ CHH,CHA,1147
Layup Shot,Layup,15,20000753,34.0333,9,11,-118.2608,10,1,0,2000-01,38,1,1.0,2PT Field Goal,Center(C),Restricted Area,Less Than 8 ft.,1610612747,Los Angeles Lakers,2001-02-18,LAL @ IND,IND,1148
Jump Shot,Jump Shot,51,20000753,33.9153,134,129,-118.1358,6,1,0,2000-01,12,18,1.0,2PT Field Goal,Right Side Center(RC),Mid-Range,16-24 ft.,1610612747,Los Angeles Lakers,2001-02-18,LAL @ IND,IND,1149
Jump Shot,Jump Shot,53,20000753,33.9473,148,97,-118.1218,5,1,0,2000-01,47,17,0.0,2PT Field Goal,Right Side(R),Mid-Range,16-24 ft.,1610612747,Los Angeles Lakers,2001-02-18,LAL @ IND,IND,1150
Layup Shot,Layup,88,20000753,34.0293,-27,15,-118.2968,2,1,0,2000-01,1,3,,2PT Field Goal,Center(C),Restricted Area,Less Than 8 ft.,1610612747,Los Angeles Lakers,2001-02-18,LAL @ IND,IND,1151
Jump Shot,Jump Shot,121,20000753,33.9153,-147,129,-118.4168,11,2,0,2000-01,18,19,,2PT Field Goal,Left Side Center(LC),Mid-Range,16-24 ft.,1610612747,Los Angeles Lakers,2001-02-18,LAL @ IND,IND,1152
Layup Shot,Layup,135,20000753,34.0403,22,4,-118.2478,9,2,0,2000-01,41,2,0.0,2PT Field Goal,Center(C),Restricted Area,Less Than 8 ft.,1610612747,Los Angeles Lakers,2001-02-18,LAL @ IND,IND,1153
Jump Shot,Jump Shot,201,20000753,34.0043,51,40,-118.2188,4,2,0,2000-01,2,6,1.0,2PT Field Goal,Center(C),In The Paint (Non-RA),Less Than 8 ft.,1610612747,Los Angeles Lakers,2001-02-18,LAL @ IND,IND,1154
Driving Layup Shot,Layup,238,20000753,34.0103,-12,34,-118.2818,0,2,0,2000-01,44,3,,2PT Field Goal,Center(C),Restricted Area,Less Than 8 ft.,1610612747,Los Angeles Lakers,2001-02-18,LAL @ IND,IND,1155
Jump Shot,Jump Shot,243,20000753,33.9533,-206,91,-118.4758,0,2,0,2000-01,30,22,0.0,2PT Field Goal,Left Side(L),Mid-Range,16-24 ft.,1610612747,Los Angeles Lakers,2001-02-18,LAL @ IND,IND,1156
Layup Shot,Layup,247,20000753,34.0233,1,21,-118.2688,0,2,0,2000-01,2,2,1.0,2PT Field Goal,Center(C),Restricted Area,Less Than 8 ft.,1610612747,Los Angeles Lakers,2001-02-18,LAL @ IND,IND,1157
Jump Shot,Jump Shot,256,20000753,33.9153,-71,129,-118.3408,11,3,0,2000-01,33,14,1.0,2PT Field Goal,Center(C),In The Paint (Non-RA),8-16 ft.,1610612747,Los Angeles Lakers,2001-02-18,LAL @ IND,IND,1158
Layup Shot,Layup,258,20000753,34.0293,9,15,-118.2608,11,3,0,2000-01,14,1,0.0,2PT Field Goal,Center(C),Restricted Area,Less Than 8 ft.,1610612747,Los Angeles Lakers,2001-02-18,LAL @ IND,IND,1159
Jump Shot,Jump Shot,270,20000753,34.0163,-56,28,-118.3258,9,3,0,2000-01,32,6,0.0,2PT Field Goal,Center(C),In The Paint (Non-RA),Less Than 8 ft.,1610612747,Los Angeles Lakers,2001-02-18,LAL @ IND,IND,1160
Jump Shot,Jump Shot,289,20000753,34.0293,-94,15,-118.3638,7,3,0,2000-01,50,9,1.0,2PT Field Goal,Left Side(L),Mid-Range,8-16 ft.,1610612747,Los Angeles Lakers,2001-02-18,LAL @ IND,IND,1161
Jump Shot,Jump Shot,307,20000753,34.0333,140,11,-118.1298,5,3,0,2000-01,20,14,1.0,2PT Field Goal,Right Side(R),Mid-Range,8-16 ft.,1610612747,Los Angeles Lakers,2001-02-18,LAL @ IND,IND,1162
Jump Shot,Jump Shot,324,20000753,33.7553,1,289,-118.2688,3,3,0,2000-01,55,28,0.0,3PT Field Goal,Center(C),Above the Break 3,24+ ft.,1610612747,Los Angeles Lakers,2001-02-18,LAL @ IND,IND,1163
Jump Shot,Jump Shot,335,20000753,34.0103,1,34,-118.2688,2,3,0,2000-01,55,3,0.0,2PT Field Goal,Center(C),Restricted Area,Less Than 8 ft.,1610612747,Los Angeles Lakers,2001-02-18,LAL @ IND,IND,1164
Jump Shot,Jump Shot,354,20000753,33.8463,-42,198,-118.3118,0,3,0,2000-01,33,20,,2PT Field Goal,Center(C),Mid-Range,16-24 ft.,1610612747,Los Angeles Lakers,2001-02-18,LAL @ IND,IND,1165
Jump Shot,Jump Shot,371,20000753,34.0403,-162,4,-118.4318,11,4,0,2000-01,46,16,0.0,2PT Field Goal,Left Side(L),Mid-Range,16-24 ft.,1610612747,Los Angeles Lakers,2001-02-18,LAL @ IND,IND,1166
Driving Dunk Shot,Dunk,378,20000753,34.0233,1,21,-118.2688,11,4,0,2000-01,6,2,,2PT Field Goal,Center(C),Restricted Area,Less Than 8 ft.,1610612747,Los Angeles Lakers,2001-02-18,LAL @ IND,IND,1167
Layup Shot,Layup,406,20000753,34.0443,9,0,-118.2608,7,4,0,2000-01,34,0,1.0,2PT Field Goal,Center(C),Restricted Area,Less Than 8 ft.,1610612747,Los Angeles Lakers,2001-02-18,LAL @ IND,IND,1168
Jump Shot,Jump Shot,420,20000753,33.9533,-48,91,-118.3178,6,4,0,2000-01,0,10,0.0,2PT Field Goal,Center(C),In The Paint (Non-RA),8-16 ft.,1610612747,Los Angeles Lakers,2001-02-18,LAL @ IND,IND,1169
Jump Shot,Jump Shot,425,20000753,34.0483,-94,-4,-118.3638,4,4,0,2000-01,49,9,0.0,2PT Field Goal,Left Side(L),Mid-Range,8-16 ft.,1610612747,Los Angeles Lakers,2001-02-18,LAL @ IND,IND,1170
Jump Shot,Jump Shot,441,20000753,33.8753,-65,169,-118.3348,4,4,0,2000-01,18,18,0.0,2PT Field Goal,Left Side Center(LC),Mid-Range,16-24 ft.,1610612747,Los Angeles Lakers,2001-02-18,LAL @ IND,IND,1171
Layup Shot,Layup,446,20000753,34.0163,-4,28,-118.2738,3,4,0,2000-01,44,2,,2PT Field Goal,Center(C),Restricted Area,Less Than 8 ft.,1610612747,Los Angeles Lakers,2001-02-18,LAL @ IND,IND,1172
Slam Dunk Shot,Dunk,452,20000753,34.0403,9,4,-118.2608,3,4,0,2000-01,4,0,1.0,2PT Field Goal,Center(C),Restricted Area,Less Than 8 ft.,1610612747,Los Angeles Lakers,2001-02-18,LAL @ IND,IND,1173
Running Jump Shot,Jump Shot,474,20000753,34.0103,-4,34,-118.2738,0,4,0,2000-01,36,3,,2PT Field Goal,Center(C),Restricted Area,Less Than 8 ft.,1610612747,Los Angeles Lakers,2001-02-18,LAL @ IND,IND,1174
Jump Shot,Jump Shot,482,20000753,34.0403,237,4,-118.0328,0,4,0,2000-01,2,23,0.0,3PT Field Goal,Right Side(R),Right Corner 3,24+ ft.,1610612747,Los Angeles Lakers,2001-02-18,LAL @ IND,IND,1175
Driving Layup Shot,Layup,15,20000767,34.0443,0,0,-118.2698,10,1,0,2000-01,23,0,0.0,2PT Field Goal,Center(C),Restricted Area,Less Than 8 ft.,1610612747,Los Angeles Lakers,2001-02-20,LAL @ DAL,DAL,1176
Jump Shot,Jump Shot,52,20000767,33.8273,62,217,-118.2078,5,1,0,2000-01,15,22,0.0,2PT Field Goal,Center(C),Mid-Range,16-24 ft.,1610612747,Los Angeles Lakers,2001-02-20,LAL @ DAL,DAL,1177
Turnaround Jump Shot,Jump Shot,119,20000767,34.0143,-151,30,-118.4208,10,2,0,2000-01,59,15,0.0,2PT Field Goal,Left Side(L),Mid-Range,8-16 ft.,1610612747,Los Angeles Lakers,2001-02-20,LAL @ DAL,DAL,1178
Jump Shot,Jump Shot,162,20000767,33.9073,3,137,-118.2668,6,2,0,2000-01,2,13,1.0,2PT Field Goal,Center(C),In The Paint (Non-RA),8-16 ft.,1610612747,Los Angeles Lakers,2001-02-20,LAL @ DAL,DAL,1179
Layup Shot,Layup,164,20000767,34.0443,0,0,-118.2698,5,2,0,2000-01,20,0,,2PT Field Goal,Center(C),Restricted Area,Less Than 8 ft.,1610612747,Los Angeles Lakers,2001-02-20,LAL @ DAL,DAL,1180
Jump Shot,Jump Shot,193,20000767,33.9513,-193,93,-118.4628,2,2,0,2000-01,39,21,1.0,2PT Field Goal,Left Side(L),Mid-Range,16-24 ft.,1610612747,Los Angeles Lakers,2001-02-20,LAL @ DAL,DAL,1181
Jump Shot,Jump Shot,195,20000767,34.0253,-202,19,-118.4718,2,2,0,2000-01,11,20,0.0,2PT Field Goal,Left Side(L),Mid-Range,16-24 ft.,1610612747,Los Angeles Lakers,2001-02-20,LAL @ DAL,DAL,1182
Jump Shot,Jump Shot,242,20000767,33.9183,-23,126,-118.2928,11,3,0,2000-01,5,12,0.0,2PT Field Goal,Center(C),In The Paint (Non-RA),8-16 ft.,1610612747,Los Angeles Lakers,2001-02-20,LAL @ DAL,DAL,1183
Jump Shot,Jump Shot,248,20000767,33.9783,3,66,-118.2668,10,3,0,2000-01,28,6,1.0,2PT Field Goal,Center(C),In The Paint (Non-RA),Less Than 8 ft.,1610612747,Los Angeles Lakers,2001-02-20,LAL @ DAL,DAL,1184
Jump Shot,Jump Shot,278,20000767,34.0253,146,19,-118.1238,8,3,0,2000-01,5,14,0.0,2PT Field Goal,Right Side(R),Mid-Range,8-16 ft.,1610612747,Los Angeles Lakers,2001-02-20,LAL @ DAL,DAL,1185
Jump Shot,Jump Shot,336,20000767,34.0403,77,4,-118.1928,3,3,0,2000-01,4,7,0.0,2PT Field Goal,Center(C),In The Paint (Non-RA),Less Than 8 ft.,1610612747,Los Angeles Lakers,2001-02-20,LAL @ DAL,DAL,1186
Jump Shot,Jump Shot,361,20000767,33.9953,-29,49,-118.2988,0,3,0,2000-01,33,5,0.0,2PT Field Goal,Center(C),In The Paint (Non-RA),Less Than 8 ft.,1610612747,Los Angeles Lakers,2001-02-20,LAL @ DAL,DAL,1187
Layup Shot,Layup,364,20000767,34.0443,0,0,-118.2698,0,3,0,2000-01,3,0,0.0,2PT Field Goal,Center(C),Restricted Area,Less Than 8 ft.,1610612747,Los Angeles Lakers,2001-02-20,LAL @ DAL,DAL,1188
Jump Shot,Jump Shot,376,20000767,34.0083,146,36,-118.1238,11,4,0,2000-01,14,15,1.0,2PT Field Goal,Right Side(R),Mid-Range,8-16 ft.,1610612747,Los Angeles Lakers,2001-02-20,LAL @ DAL,DAL,1189
Layup Shot,Layup,402,20000767,34.0443,0,0,-118.2698,8,4,0,2000-01,14,0,0.0,2PT Field Goal,Center(C),Restricted Area,Less Than 8 ft.,1610612747,Los Angeles Lakers,2001-02-20,LAL @ DAL,DAL,1190
Jump Shot,Jump Shot,469,20000767,34.0023,18,42,-118.2518,2,4,0,2000-01,16,4,1.0,2PT Field Goal,Center(C),In The Paint (Non-RA),Less Than 8 ft.,1610612747,Los Angeles Lakers,2001-02-20,LAL @ DAL,DAL,1191
Jump Shot,Jump Shot,6,20000828,34.0103,-155,34,-118.4248,11,1,0,2000-01,18,15,1.0,2PT Field Goal,Left Side(L),Mid-Range,8-16 ft.,1610612747,Los Angeles Lakers,2001-02-28,LAL @ DEN,DEN,1192
Jump Shot,Jump Shot,29,20000828,33.8863,-92,158,-118.3618,8,1,0,2000-01,15,18,1.0,2PT Field Goal,Left Side Center(LC),Mid-Range,16-24 ft.,1610612747,Los Angeles Lakers,2001-02-28,LAL @ DEN,DEN,1193
Jump Shot,Jump Shot,46,20000828,33.9643,-191,80,-118.4608,6,1,0,2000-01,32,20,0.0,2PT Field Goal,Left Side(L),Mid-Range,16-24 ft.,1610612747,Los Angeles Lakers,2001-02-28,LAL @ DEN,DEN,1194
Layup Shot,Layup,71,20000828,34.0443,0,0,-118.2698,3,1,0,2000-01,53,0,1.0,2PT Field Goal,Center(C),Restricted Area,Less Than 8 ft.,1610612747,Los Angeles Lakers,2001-02-28,LAL @ DEN,DEN,1195
Jump Shot,Jump Shot,83,20000828,33.8413,-18,203,-118.2878,2,1,0,2000-01,46,20,1.0,2PT Field Goal,Center(C),Mid-Range,16-24 ft.,1610612747,Los Angeles Lakers,2001-02-28,LAL @ DEN,DEN,1196
Layup Shot,Layup,151,20000828,34.0143,7,30,-118.2628,5,2,0,2000-01,36,3,0.0,2PT Field Goal,Center(C),Restricted Area,Less Than 8 ft.,1610612747,Los Angeles Lakers,2001-02-28,LAL @ DEN,DEN,1197
Jump Shot,Jump Shot,155,20000828,33.9643,22,80,-118.2478,5,2,0,2000-01,19,8,0.0,2PT Field Goal,Center(C),In The Paint (Non-RA),8-16 ft.,1610612747,Los Angeles Lakers,2001-02-28,LAL @ DEN,DEN,1198
Jump Shot,Jump Shot,160,20000828,33.9433,-12,101,-118.2818,4,2,0,2000-01,39,10,1.0,2PT Field Goal,Center(C),In The Paint (Non-RA),8-16 ft.,1610612747,Los Angeles Lakers,2001-02-28,LAL @ DEN,DEN,1199
Jump Shot,Jump Shot,170,20000828,33.9263,167,118,-118.1028,4,2,0,2000-01,4,20,,2PT Field Goal,Right Side(R),Mid-Range,16-24 ft.,1610612747,Los Angeles Lakers,2001-02-28,LAL @ DEN,DEN,1200
Jump Shot,Jump Shot,192,20000828,33.9093,159,135,-118.1108,2,2,0,2000-01,16,20,1.0,2PT Field Goal,Right Side Center(RC),Mid-Range,16-24 ft.,1610612747,Los Angeles Lakers,2001-02-28,LAL @ DEN,DEN,1201
Jump Shot,Jump Shot,196,20000828,33.9593,167,85,-118.1028,1,2,0,2000-01,38,18,,2PT Field Goal,Right Side(R),Mid-Range,16-24 ft.,1610612747,Los Angeles Lakers,2001-02-28,LAL @ DEN,DEN,1202
Jump Shot,Jump Shot,199,20000828,33.7913,7,253,-118.2628,1,2,0,2000-01,17,25,1.0,3PT Field Goal,Center(C),Above the Break 3,24+ ft.,1610612747,Los Angeles Lakers,2001-02-28,LAL @ DEN,DEN,1203
Jump Shot,Jump Shot,228,20000828,34.0463,-170,-2,-118.4398,10,3,0,2000-01,36,17,1.0,2PT Field Goal,Left Side(L),Mid-Range,16-24 ft.,1610612747,Los Angeles Lakers,2001-02-28,LAL @ DEN,DEN,1204
Jump Shot,Jump Shot,252,20000828,34.0443,-149,0,-118.4188,7,3,0,2000-01,23,14,0.0,2PT Field Goal,Left Side(L),Mid-Range,8-16 ft.,1610612747,Los Angeles Lakers,2001-02-28,LAL @ DEN,DEN,1205
Jump Shot,Jump Shot,255,20000828,33.8963,201,148,-118.0688,6,3,0,2000-01,44,24,1.0,3PT Field Goal,Right Side Center(RC),Above the Break 3,24+ ft.,1610612747,Los Angeles Lakers,2001-02-28,LAL @ DEN,DEN,1206
Jump Shot,Jump Shot,266,20000828,33.8583,115,186,-118.1548,5,3,0,2000-01,12,21,1.0,2PT Field Goal,Right Side Center(RC),Mid-Range,16-24 ft.,1610612747,Los Angeles Lakers,2001-02-28,LAL @ DEN,DEN,1207
Jump Shot,Jump Shot,278,20000828,34.0373,-200,7,-118.4698,3,3,0,2000-01,57,20,1.0,2PT Field Goal,Left Side(L),Mid-Range,16-24 ft.,1610612747,Los Angeles Lakers,2001-02-28,LAL @ DEN,DEN,1208
Jump Shot,Jump Shot,290,20000828,33.9873,-12,57,-118.2818,2,3,0,2000-01,29,5,0.0,2PT Field Goal,Center(C),In The Paint (Non-RA),Less Than 8 ft.,1610612747,Los Angeles Lakers,2001-02-28,LAL @ DEN,DEN,1209
Layup Shot,Layup,294,20000828,34.0443,0,0,-118.2698,2,3,0,2000-01,8,0,1.0,2PT Field Goal,Center(C),Restricted Area,Less Than 8 ft.,1610612747,Los Angeles Lakers,2001-02-28,LAL @ DEN,DEN,1210
Jump Shot,Jump Shot,327,20000828,33.8923,153,152,-118.1168,11,4,0,2000-01,36,21,0.0,2PT Field Goal,Right Side Center(RC),Mid-Range,16-24 ft.,1610612747,Los Angeles Lakers,2001-02-28,LAL @ DEN,DEN,1211
Jump Shot,Jump Shot,348,20000828,33.8313,7,213,-118.2628,9,4,0,2000-01,23,21,0.0,2PT Field Goal,Center(C),Mid-Range,16-24 ft.,1610612747,Los Angeles Lakers,2001-02-28,LAL @ DEN,DEN,1212
Layup Shot,Layup,350,20000828,34.0373,-18,7,-118.2878,9,4,0,2000-01,21,1,0.0,2PT Field Goal,Center(C),Restricted Area,Less Than 8 ft.,1610612747,Los Angeles Lakers,2001-02-28,LAL @ DEN,DEN,1213
Jump Shot,Jump Shot,379,20000828,33.8353,-42,209,-118.3118,6,4,0,2000-01,43,21,1.0,2PT Field Goal,Center(C),Mid-Range,16-24 ft.,1610612747,Los Angeles Lakers,2001-02-28,LAL @ DEN,DEN,1214
Jump Shot,Jump Shot,391,20000828,33.9263,180,118,-118.0898,5,4,0,2000-01,11,21,1.0,2PT Field Goal,Right Side(R),Mid-Range,16-24 ft.,1610612747,Los Angeles Lakers,2001-02-28,LAL @ DEN,DEN,1215
Jump Shot,Jump Shot,425,20000828,34.0103,-170,34,-118.4398,1,4,0,2000-01,28,17,1.0,2PT Field Goal,Left Side(L),Mid-Range,16-24 ft.,1610612747,Los Angeles Lakers,2001-02-28,LAL @ DEN,DEN,1216
Jump Shot,Jump Shot,433,20000828,33.8203,-149,224,-118.4188,0,4,0,2000-01,31,26,0.0,3PT Field Goal,Left Side Center(LC),Above the Break 3,24+ ft.,1610612747,Los Angeles Lakers,2001-02-28,LAL @ DEN,DEN,1217
Jump Shot,Jump Shot,457,20000828,33.7913,79,253,-118.1908,0,4,0,2000-01,3,26,0.0,3PT Field Goal,Center(C),Above the Break 3,24+ ft.,1610612747,Los Angeles Lakers,2001-02-28,LAL @ DEN,DEN,1218
Jump Shot,Jump Shot,462,20000828,33.6523,188,392,-118.0818,0,4,0,2000-01,0,43,0.0,3PT Field Goal,Right Side Center(RC),Above the Break 3,24+ ft.,1610612747,Los Angeles Lakers,2001-02-28,LAL @ DEN,DEN,1219
Jump Shot,Jump Shot,12,20000852,33.8713,-122,173,-118.3918,10,1,0,2000-01,39,21,0.0,2PT Field Goal,Left Side Center(LC),Mid-Range,16-24 ft.,1610612747,Los Angeles Lakers,2001-03-03,LAL @ VAN,VAN,1220
Jump Shot,Jump Shot,99,20000852,33.9853,-191,59,-118.4608,0,1,0,2000-01,25,19,1.0,2PT Field Goal,Left Side(L),Mid-Range,16-24 ft.,1610612747,Los Angeles Lakers,2001-03-03,LAL @ VAN,VAN,1221
Jump Shot,Jump Shot,101,20000852,33.6603,-44,384,-118.3138,0,1,0,2000-01,0,38,0.0,3PT Field Goal,Center(C),Above the Break 3,24+ ft.,1610612747,Los Angeles Lakers,2001-03-03,LAL @ VAN,VAN,1222
Slam Dunk Shot,Dunk,127,20000852,34.0313,5,13,-118.2648,8,2,0,2000-01,39,1,1.0,2PT Field Goal,Center(C),Restricted Area,Less Than 8 ft.,1610612747,Los Angeles Lakers,2001-03-03,LAL @ VAN,VAN,1223
Jump Shot,Jump Shot,157,20000852,33.9093,117,135,-118.1528,5,2,0,2000-01,27,17,1.0,2PT Field Goal,Right Side Center(RC),Mid-Range,16-24 ft.,1610612747,Los Angeles Lakers,2001-03-03,LAL @ VAN,VAN,1224
Jump Shot,Jump Shot,186,20000852,33.8653,132,179,-118.1378,2,2,0,2000-01,25,22,1.0,2PT Field Goal,Right Side Center(RC),Mid-Range,16-24 ft.,1610612747,Los Angeles Lakers,2001-03-03,LAL @ VAN,VAN,1225
Jump Shot,Jump Shot,189,20000852,34.0043,159,40,-118.1108,2,2,0,2000-01,4,16,0.0,2PT Field Goal,Right Side(R),Mid-Range,16-24 ft.,1610612747,Los Angeles Lakers,2001-03-03,LAL @ VAN,VAN,1226
Turnaround Jump Shot,Jump Shot,213,20000852,34.0423,117,2,-118.1528,11,3,0,2000-01,22,11,,2PT Field Goal,Right Side(R),Mid-Range,8-16 ft.,1610612747,Los Angeles Lakers,2001-03-03,LAL @ VAN,VAN,1227
Reverse Layup Shot,Layup,239,20000852,34.0313,5,13,-118.2648,7,3,0,2000-01,52,1,,2PT Field Goal,Center(C),Restricted Area,Less Than 8 ft.,1610612747,Los Angeles Lakers,2001-03-03,LAL @ VAN,VAN,1228
Jump Shot,Jump Shot,262,20000852,33.9323,-115,112,-118.3848,4,3,0,2000-01,25,16,,2PT Field Goal,Left Side Center(LC),Mid-Range,16-24 ft.,1610612747,Los Angeles Lakers,2001-03-03,LAL @ VAN,VAN,1229
Jump Shot,Jump Shot,279,20000852,33.9193,-164,125,-118.4338,2,3,0,2000-01,9,20,0.0,2PT Field Goal,Left Side Center(LC),Mid-Range,16-24 ft.,1610612747,Los Angeles Lakers,2001-03-03,LAL @ VAN,VAN,1230
Layup Shot,Layup,285,20000852,34.0183,-1,26,-118.2708,1,3,0,2000-01,30,2,0.0,2PT Field Goal,Center(C),Restricted Area,Less Than 8 ft.,1610612747,Los Angeles Lakers,2001-03-03,LAL @ VAN,VAN,1231
Jump Shot,Jump Shot,362,20000852,33.7933,11,251,-118.2588,7,4,0,2000-01,50,25,0.0,3PT Field Goal,Center(C),Above the Break 3,24+ ft.,1610612747,Los Angeles Lakers,2001-03-03,LAL @ VAN,VAN,1232
Jump Shot,Jump Shot,379,20000852,33.9853,172,59,-118.0978,6,4,0,2000-01,19,18,0.0,2PT Field Goal,Right Side(R),Mid-Range,16-24 ft.,1610612747,Los Angeles Lakers,2001-03-03,LAL @ VAN,VAN,1233
Jump Shot,Jump Shot,407,20000852,34.0183,-50,26,-118.3198,4,4,0,2000-01,51,5,1.0,2PT Field Goal,Center(C),In The Paint (Non-RA),Less Than 8 ft.,1610612747,Los Angeles Lakers,2001-03-03,LAL @ VAN,VAN,1234
Jump Shot,Jump Shot,420,20000852,33.9913,-1,53,-118.2708,3,4,0,2000-01,45,5,0.0,2PT Field Goal,Center(C),In The Paint (Non-RA),Less Than 8 ft.,1610612747,Los Angeles Lakers,2001-03-03,LAL @ VAN,VAN,1235
Jump Shot,Jump Shot,21,20000860,33.8813,106,163,-118.1638,10,1,0,2000-01,10,19,1.0,2PT Field Goal,Right Side Center(RC),Mid-Range,16-24 ft.,1610612747,Los Angeles Lakers,2001-03-04,LAL vs. GSW,GSW,1236
Layup Shot,Layup,26,20000860,34.0443,0,0,-118.2698,9,1,0,2000-01,38,0,,2PT Field Goal,Center(C),Restricted Area,Less Than 8 ft.,1610612747,Los Angeles Lakers,2001-03-04,LAL vs. GSW,GSW,1237
Running Hook Shot,Hook Shot,41,20000860,34.0443,0,0,-118.2698,7,1,0,2000-01,55,0,1.0,2PT Field Goal,Center(C),Restricted Area,Less Than 8 ft.,1610612747,Los Angeles Lakers,2001-03-04,LAL vs. GSW,GSW,1238
Jump Shot,Jump Shot,92,20000860,33.8143,142,230,-118.1278,3,1,0,2000-01,8,27,0.0,3PT Field Goal,Right Side Center(RC),Above the Break 3,24+ ft.,1610612747,Los Angeles Lakers,2001-03-04,LAL vs. GSW,GSW,1239
Reverse Dunk Shot,Dunk,112,20000860,34.0443,0,0,-118.2698,1,1,0,2000-01,35,0,1.0,2PT Field Goal,Center(C),Restricted Area,Less Than 8 ft.,1610612747,Los Angeles Lakers,2001-03-04,LAL vs. GSW,GSW,1240
Jump Shot,Jump Shot,115,20000860,33.9193,79,125,-118.1908,1,1,0,2000-01,4,14,,2PT Field Goal,Right Side(R),In The Paint (Non-RA),8-16 ft.,1610612747,Los Angeles Lakers,2001-03-04,LAL vs. GSW,GSW,1241
Driving Layup Shot,Layup,124,20000860,34.0443,0,0,-118.2698,0,1,0,2000-01,5,0,1.0,2PT Field Goal,Center(C),Restricted Area,Less Than 8 ft.,1610612747,Los Angeles Lakers,2001-03-04,LAL vs. GSW,GSW,1242
Driving Layup Shot,Layup,215,20000860,34.0443,0,0,-118.2698,3,2,0,2000-01,42,0,1.0,2PT Field Goal,Center(C),Restricted Area,Less Than 8 ft.,1610612747,Los Angeles Lakers,2001-03-04,LAL vs. GSW,GSW,1243
Jump Shot,Jump Shot,265,20000860,33.9133,64,131,-118.2058,10,3,0,2000-01,30,14,0.0,2PT Field Goal,Center(C),In The Paint (Non-RA),8-16 ft.,1610612747,Los Angeles Lakers,2001-03-04,LAL vs. GSW,GSW,1244
Jump Shot,Jump Shot,287,20000860,33.9593,1,85,-118.2688,8,3,0,2000-01,8,8,0.0,2PT Field Goal,Center(C),In The Paint (Non-RA),8-16 ft.,1610612747,Los Angeles Lakers,2001-03-04,LAL vs. GSW,GSW,1245
Jump Shot,Jump Shot,289,20000860,33.9533,1,91,-118.2688,8,3,0,2000-01,1,9,0.0,2PT Field Goal,Center(C),In The Paint (Non-RA),8-16 ft.,1610612747,Los Angeles Lakers,2001-03-04,LAL vs. GSW,GSW,1246
Driving Layup Shot,Layup,303,20000860,34.0443,0,0,-118.2698,7,3,0,2000-01,18,0,1.0,2PT Field Goal,Center(C),Restricted Area,Less Than 8 ft.,1610612747,Los Angeles Lakers,2001-03-04,LAL vs. GSW,GSW,1247
Jump Shot,Jump Shot,346,20000860,33.9833,14,61,-118.2558,3,3,0,2000-01,5,6,0.0,2PT Field Goal,Center(C),In The Paint (Non-RA),Less Than 8 ft.,1610612747,Los Angeles Lakers,2001-03-04,LAL vs. GSW,GSW,1248
Driving Finger Roll Shot,Layup,351,20000860,34.0443,0,0,-118.2698,2,3,0,2000-01,43,0,1.0,2PT Field Goal,Center(C),Restricted Area,Less Than 8 ft.,1610612747,Los Angeles Lakers,2001-03-04,LAL vs. GSW,GSW,1249
Driving Layup Shot,Layup,353,20000860,34.0443,0,0,-118.2698,2,3,0,2000-01,13,0,1.0,2PT Field Goal,Center(C),Restricted Area,Less Than 8 ft.,1610612747,Los Angeles Lakers,2001-03-04,LAL vs. GSW,GSW,1250
Jump Shot,Jump Shot,10,20000871,33.9783,87,66,-118.1828,10,1,0,2000-01,37,10,0.0,2PT Field Goal,Right Side(R),Mid-Range,8-16 ft.,1610612747,Los Angeles Lakers,2001-03-06,LAL @ GSW,GSW,1251
Jump Shot,Jump Shot,24,20000871,33.8733,117,171,-118.1528,9,1,0,2000-01,2,20,0.0,2PT Field Goal,Right Side Center(RC),Mid-Range,16-24 ft.,1610612747,Los Angeles Lakers,2001-03-06,LAL @ GSW,GSW,1252
Jump Shot,Jump Shot,36,20000871,34.0123,-52,32,-118.3218,8,1,0,2000-01,23,6,0.0,2PT Field Goal,Center(C),In The Paint (Non-RA),Less Than 8 ft.,1610612747,Los Angeles Lakers,2001-03-06,LAL @ GSW,GSW,1253
Jump Shot,Jump Shot,39,20000871,33.9953,-31,49,-118.3008,8,1,0,2000-01,12,5,0.0,2PT Field Goal,Center(C),In The Paint (Non-RA),Less Than 8 ft.,1610612747,Los Angeles Lakers,2001-03-06,LAL @ GSW,GSW,1254
Jump Shot,Jump Shot,77,20000871,34.0233,30,21,-118.2398,3,1,0,2000-01,59,3,0.0,2PT Field Goal,Center(C),Restricted Area,Less Than 8 ft.,1610612747,Los Angeles Lakers,2001-03-06,LAL @ GSW,GSW,1255
Jump Shot,Jump Shot,106,20000871,33.9783,-111,66,-118.3808,1,1,0,2000-01,24,12,,2PT Field Goal,Left Side(L),Mid-Range,8-16 ft.,1610612747,Los Angeles Lakers,2001-03-06,LAL @ GSW,GSW,1256
Slam Dunk Shot,Dunk,238,20000871,34.0443,0,0,-118.2698,0,2,0,2000-01,25,0,1.0,2PT Field Goal,Center(C),Restricted Area,Less Than 8 ft.,1610612747,Los Angeles Lakers,2001-03-06,LAL @ GSW,GSW,1257
Driving Layup Shot,Layup,256,20000871,34.0443,0,0,-118.2698,11,3,0,2000-01,50,0,1.0,2PT Field Goal,Center(C),Restricted Area,Less Than 8 ft.,1610612747,Los Angeles Lakers,2001-03-06,LAL @ GSW,GSW,1258
Jump Shot,Jump Shot,263,20000871,34.0273,-168,17,-118.4378,10,3,0,2000-01,26,16,0.0,2PT Field Goal,Left Side(L),Mid-Range,16-24 ft.,1610612747,Los Angeles Lakers,2001-03-06,LAL @ GSW,GSW,1259
Driving Layup Shot,Layup,312,20000871,34.0443,0,0,-118.2698,4,3,0,2000-01,55,0,1.0,2PT Field Goal,Center(C),Restricted Area,Less Than 8 ft.,1610612747,Los Angeles Lakers,2001-03-06,LAL @ GSW,GSW,1260
Dunk Shot,Dunk,329,20000871,34.0443,0,0,-118.2698,2,3,0,2000-01,48,0,0.0,2PT Field Goal,Center(C),Restricted Area,Less Than 8 ft.,1610612747,Los Angeles Lakers,2001-03-06,LAL @ GSW,GSW,1261
Slam Dunk Shot,Dunk,459,20000871,34.0443,0,0,-118.2698,4,4,0,2000-01,15,0,1.0,2PT Field Goal,Center(C),Restricted Area,Less Than 8 ft.,1610612747,Los Angeles Lakers,2001-03-06,LAL @ GSW,GSW,1262
Layup Shot,Layup,474,20000871,34.0443,0,0,-118.2698,3,4,0,2000-01,1,0,0.0,2PT Field Goal,Center(C),Restricted Area,Less Than 8 ft.,1610612747,Los Angeles Lakers,2001-03-06,LAL @ GSW,GSW,1263
Jump Shot,Jump Shot,477,20000871,34.0593,-153,-15,-118.4228,2,4,0,2000-01,33,15,1.0,2PT Field Goal,Left Side(L),Mid-Range,8-16 ft.,1610612747,Los Angeles Lakers,2001-03-06,LAL @ GSW,GSW,1264
Jump Shot,Jump Shot,485,20000871,33.8943,-52,150,-118.3218,1,4,0,2000-01,20,15,0.0,2PT Field Goal,Center(C),Mid-Range,8-16 ft.,1610612747,Los Angeles Lakers,2001-03-06,LAL @ GSW,GSW,1265
Jump Shot,Jump Shot,499,20000871,33.9493,-67,95,-118.3368,0,4,0,2000-01,35,11,1.0,2PT Field Goal,Left Side(L),In The Paint (Non-RA),8-16 ft.,1610612747,Los Angeles Lakers,2001-03-06,LAL @ GSW,GSW,1266
Jump Shot,Jump Shot,502,20000871,33.7933,-25,251,-118.2948,0,4,0,2000-01,8,25,1.0,3PT Field Goal,Center(C),Above the Break 3,24+ ft.,1610612747,Los Angeles Lakers,2001-03-06,LAL @ GSW,GSW,1267
Jump Shot,Jump Shot,14,20000884,33.9433,1,101,-118.2688,9,1,0,2000-01,46,10,0.0,2PT Field Goal,Center(C),In The Paint (Non-RA),8-16 ft.,1610612747,Los Angeles Lakers,2001-03-07,LAL vs. TOR,TOR,1268
Jump Shot,Jump Shot,18,20000884,33.9193,-111,125,-118.3808,9,1,0,2000-01,21,16,0.0,2PT Field Goal,Left Side Center(LC),Mid-Range,16-24 ft.,1610612747,Los Angeles Lakers,2001-03-07,LAL vs. TOR,TOR,1269
Jump Shot,Jump Shot,32,20000884,33.8813,115,163,-118.1548,7,1,0,2000-01,8,19,0.0,2PT Field Goal,Right Side Center(RC),Mid-Range,16-24 ft.,1610612747,Los Angeles Lakers,2001-03-07,LAL vs. TOR,TOR,1270
Tip Shot,Tip Shot,37,20000884,34.0443,0,0,-118.2698,6,1,0,2000-01,42,0,0.0,2PT Field Goal,Center(C),Restricted Area,Less Than 8 ft.,1610612747,Los Angeles Lakers,2001-03-07,LAL vs. TOR,TOR,1271
Driving Layup Shot,Layup,60,20000884,34.0443,0,0,-118.2698,4,1,0,2000-01,13,0,1.0,2PT Field Goal,Center(C),Restricted Area,Less Than 8 ft.,1610612747,Los Angeles Lakers,2001-03-07,LAL vs. TOR,TOR,1272
Jump Shot,Jump Shot,79,20000884,33.9533,7,91,-118.2628,2,1,0,2000-01,22,9,0.0,2PT Field Goal,Center(C),In The Paint (Non-RA),8-16 ft.,1610612747,Los Angeles Lakers,2001-03-07,LAL vs. TOR,TOR,1273
Jump Shot,Jump Shot,93,20000884,33.9533,-84,91,-118.3538,1,1,0,2000-01,28,12,0.0,2PT Field Goal,Left Side(L),Mid-Range,8-16 ft.,1610612747,Los Angeles Lakers,2001-03-07,LAL vs. TOR,TOR,1274
Jump Shot,Jump Shot,187,20000884,33.9033,121,141,-118.1488,4,2,0,2000-01,16,18,0.0,2PT Field Goal,Right Side Center(RC),Mid-Range,16-24 ft.,1610612747,Los Angeles Lakers,2001-03-07,LAL vs. TOR,TOR,1275
Driving Layup Shot,Layup,202,20000884,34.0443,0,0,-118.2698,2,2,0,2000-01,40,0,0.0,2PT Field Goal,Center(C),Restricted Area,Less Than 8 ft.,1610612747,Los Angeles Lakers,2001-03-07,LAL vs. TOR,TOR,1276
Jump Shot,Jump Shot,232,20000884,33.9933,-189,51,-118.4588,0,2,0,2000-01,0,19,0.0,2PT Field Goal,Left Side(L),Mid-Range,16-24 ft.,1610612747,Los Angeles Lakers,2001-03-07,LAL vs. TOR,TOR,1277
Tip Shot,Tip Shot,242,20000884,34.0443,0,0,-118.2698,11,3,0,2000-01,36,0,0.0,2PT Field Goal,Center(C),Restricted Area,Less Than 8 ft.,1610612747,Los Angeles Lakers,2001-03-07,LAL vs. TOR,TOR,1278
Jump Shot,Jump Shot,254,20000884,33.8813,115,163,-118.1548,9,3,0,2000-01,58,19,,2PT Field Goal,Right Side Center(RC),Mid-Range,16-24 ft.,1610612747,Los Angeles Lakers,2001-03-07,LAL vs. TOR,TOR,1279
Jump Shot,Jump Shot,258,20000884,33.8883,85,156,-118.1848,9,3,0,2000-01,25,17,0.0,2PT Field Goal,Right Side Center(RC),Mid-Range,16-24 ft.,1610612747,Los Angeles Lakers,2001-03-07,LAL vs. TOR,TOR,1280
Layup Shot,Layup,267,20000884,34.0443,0,0,-118.2698,8,3,0,2000-01,22,0,1.0,2PT Field Goal,Center(C),Restricted Area,Less Than 8 ft.,1610612747,Los Angeles Lakers,2001-03-07,LAL vs. TOR,TOR,1281
Running Jump Shot,Jump Shot,271,20000884,33.9703,22,74,-118.2478,7,3,0,2000-01,9,7,1.0,2PT Field Goal,Center(C),In The Paint (Non-RA),Less Than 8 ft.,1610612747,Los Angeles Lakers,2001-03-07,LAL vs. TOR,TOR,1282
Jump Shot,Jump Shot,291,20000884,33.9433,155,101,-118.1148,5,3,0,2000-01,34,18,0.0,2PT Field Goal,Right Side(R),Mid-Range,16-24 ft.,1610612747,Los Angeles Lakers,2001-03-07,LAL vs. TOR,TOR,1283
Jump Shot,Jump Shot,293,20000884,33.8983,-90,146,-118.3598,5,3,0,2000-01,26,17,1.0,2PT Field Goal,Left Side Center(LC),Mid-Range,16-24 ft.,1610612747,Los Angeles Lakers,2001-03-07,LAL vs. TOR,TOR,1284
Jump Shot,Jump Shot,295,20000884,34.0043,169,40,-118.1008,4,3,0,2000-01,43,17,0.0,2PT Field Goal,Right Side(R),Mid-Range,16-24 ft.,1610612747,Los Angeles Lakers,2001-03-07,LAL vs. TOR,TOR,1285
Jump Shot,Jump Shot,299,20000884,33.7973,-84,247,-118.3538,4,3,0,2000-01,3,26,0.0,3PT Field Goal,Left Side Center(LC),Above the Break 3,24+ ft.,1610612747,Los Angeles Lakers,2001-03-07,LAL vs. TOR,TOR,1286
Jump Shot,Jump Shot,305,20000884,34.0103,-54,34,-118.3238,3,3,0,2000-01,43,6,0.0,2PT Field Goal,Center(C),In The Paint (Non-RA),Less Than 8 ft.,1610612747,Los Angeles Lakers,2001-03-07,LAL vs. TOR,TOR,1287
Layup Shot,Layup,307,20000884,34.0443,0,0,-118.2698,3,3,0,2000-01,38,0,0.0,2PT Field Goal,Center(C),Restricted Area,Less Than 8 ft.,1610612747,Los Angeles Lakers,2001-03-07,LAL vs. TOR,TOR,1288
Alley Oop Dunk Shot,Dunk,332,20000884,34.0443,0,0,-118.2698,1,3,0,2000-01,59,0,1.0,2PT Field Goal,Center(C),Restricted Area,Less Than 8 ft.,1610612747,Los Angeles Lakers,2001-03-07,LAL vs. TOR,TOR,1289
Jump Shot,Jump Shot,335,20000884,33.8413,-39,203,-118.3088,1,3,0,2000-01,23,20,1.0,2PT Field Goal,Center(C),Mid-Range,16-24 ft.,1610612747,Los Angeles Lakers,2001-03-07,LAL vs. TOR,TOR,1290
Jump Shot,Jump Shot,337,20000884,34.0213,-141,23,-118.4108,0,3,0,2000-01,50,14,1.0,2PT Field Goal,Left Side(L),Mid-Range,8-16 ft.,1610612747,Los Angeles Lakers,2001-03-07,LAL vs. TOR,TOR,1291
Jump Shot,Jump Shot,343,20000884,33.9703,58,74,-118.2118,0,3,0,2000-01,3,9,0.0,2PT Field Goal,Right Side(R),In The Paint (Non-RA),8-16 ft.,1610612747,Los Angeles Lakers,2001-03-07,LAL vs. TOR,TOR,1292
Layup Shot,Layup,344,20000884,34.0443,0,0,-118.2698,0,3,0,2000-01,2,0,,2PT Field Goal,Center(C),Restricted Area,Less Than 8 ft.,1610612747,Los Angeles Lakers,2001-03-07,LAL vs. TOR,TOR,1293
Jump Shot,Jump Shot,359,20000884,33.9323,-27,112,-118.2968,11,4,0,2000-01,7,11,0.0,2PT Field Goal,Center(C),In The Paint (Non-RA),8-16 ft.,1610612747,Los Angeles Lakers,2001-03-07,LAL vs. TOR,TOR,1294
Jump Shot,Jump Shot,377,20000884,33.9363,-126,108,-118.3958,9,4,0,2000-01,24,16,,2PT Field Goal,Left Side Center(LC),Mid-Range,16-24 ft.,1610612747,Los Angeles Lakers,2001-03-07,LAL vs. TOR,TOR,1295
Driving Layup Shot,Layup,384,20000884,34.0443,0,0,-118.2698,8,4,0,2000-01,34,0,1.0,2PT Field Goal,Center(C),Restricted Area,Less Than 8 ft.,1610612747,Los Angeles Lakers,2001-03-07,LAL vs. TOR,TOR,1296
Jump Shot,Jump Shot,395,20000884,34.0373,148,7,-118.1218,6,4,0,2000-01,27,14,0.0,2PT Field Goal,Right Side(R),Mid-Range,8-16 ft.,1610612747,Los Angeles Lakers,2001-03-07,LAL vs. TOR,TOR,1297
Alley Oop Dunk Shot,Dunk,403,20000884,34.0443,0,0,-118.2698,5,4,0,2000-01,57,0,1.0,2PT Field Goal,Center(C),Restricted Area,Less Than 8 ft.,1610612747,Los Angeles Lakers,2001-03-07,LAL vs. TOR,TOR,1298
Jump Shot,Jump Shot,408,20000884,33.9093,134,135,-118.1358,5,4,0,2000-01,23,19,0.0,2PT Field Goal,Right Side Center(RC),Mid-Range,16-24 ft.,1610612747,Los Angeles Lakers,2001-03-07,LAL vs. TOR,TOR,1299
Running Jump Shot,Jump Shot,411,20000884,33.9593,-153,85,-118.4228,4,4,0,2000-01,44,17,1.0,2PT Field Goal,Left Side(L),Mid-Range,16-24 ft.,1610612747,Los Angeles Lakers,2001-03-07,LAL vs. TOR,TOR,1300
Jump Shot,Jump Shot,414,20000884,33.7913,-54,253,-118.3238,4,4,0,2000-01,6,25,0.0,3PT Field Goal,Center(C),Above the Break 3,24+ ft.,1610612747,Los Angeles Lakers,2001-03-07,LAL vs. TOR,TOR,1301
Jump Shot,Jump Shot,8,20000896,33.9593,-141,85,-118.4108,10,1,0,2000-01,38,16,0.0,2PT Field Goal,Left Side(L),Mid-Range,16-24 ft.,1610612747,Los Angeles Lakers,2001-03-09,LAL vs. SAS,SAS,1302
Jump Shot,Jump Shot,12,20000896,34.0423,-111,2,-118.3808,10,1,0,2000-01,23,11,0.0,2PT Field Goal,Left Side(L),Mid-Range,8-16 ft.,1610612747,Los Angeles Lakers,2001-03-09,LAL vs. SAS,SAS,1303
Running Jump Shot,Jump Shot,36,20000896,33.9263,49,118,-118.2208,7,1,0,2000-01,11,12,1.0,2PT Field Goal,Center(C),In The Paint (Non-RA),8-16 ft.,1610612747,Los Angeles Lakers,2001-03-09,LAL vs. SAS,SAS,1304
Jump Shot,Jump Shot,38,20000896,33.9133,-98,131,-118.3678,6,1,0,2000-01,33,16,0.0,2PT Field Goal,Left Side Center(LC),Mid-Range,16-24 ft.,1610612747,Los Angeles Lakers,2001-03-09,LAL vs. SAS,SAS,1305
Driving Layup Shot,Layup,54,20000896,34.0443,0,0,-118.2698,5,1,0,2000-01,12,0,1.0,2PT Field Goal,Center(C),Restricted Area,Less Than 8 ft.,1610612747,Los Angeles Lakers,2001-03-09,LAL vs. SAS,SAS,1306
Driving Layup Shot,Layup,64,20000896,34.0443,0,0,-118.2698,3,1,0,2000-01,53,0,0.0,2PT Field Goal,Center(C),Restricted Area,Less Than 8 ft.,1610612747,Los Angeles Lakers,2001-03-09,LAL vs. SAS,SAS,1307
Jump Shot,Jump Shot,68,20000896,33.9873,-126,57,-118.3958,3,1,0,2000-01,25,13,0.0,2PT Field Goal,Left Side(L),Mid-Range,8-16 ft.,1610612747,Los Angeles Lakers,2001-03-09,LAL vs. SAS,SAS,1308
Jump Shot,Jump Shot,80,20000896,33.9363,94,108,-118.1758,2,1,0,2000-01,44,14,0.0,2PT Field Goal,Right Side(R),Mid-Range,8-16 ft.,1610612747,Los Angeles Lakers,2001-03-09,LAL vs. SAS,SAS,1309
Jump Shot,Jump Shot,94,20000896,33.9193,-63,125,-118.3328,1,1,0,2000-01,43,13,0.0,2PT Field Goal,Center(C),In The Paint (Non-RA),8-16 ft.,1610612747,Los Angeles Lakers,2001-03-09,LAL vs. SAS,SAS,1310
Jump Shot,Jump Shot,163,20000896,33.9363,142,108,-118.1278,6,2,0,2000-01,34,17,0.0,2PT Field Goal,Right Side Center(RC),Mid-Range,16-24 ft.,1610612747,Los Angeles Lakers,2001-03-09,LAL vs. SAS,SAS,1311
Driving Finger Roll Shot,Layup,174,20000896,34.0443,0,0,-118.2698,5,2,0,2000-01,47,0,1.0,2PT Field Goal,Center(C),Restricted Area,Less Than 8 ft.,1610612747,Los Angeles Lakers,2001-03-09,LAL vs. SAS,SAS,1312
Jump Shot,Jump Shot,200,20000896,34.0313,85,13,-118.1848,3,2,0,2000-01,34,8,0.0,2PT Field Goal,Right Side(R),Mid-Range,8-16 ft.,1610612747,Los Angeles Lakers,2001-03-09,LAL vs. SAS,SAS,1313
Driving Layup Shot,Layup,202,20000896,34.0443,0,0,-118.2698,3,2,0,2000-01,16,0,0.0,2PT Field Goal,Center(C),Restricted Area,Less Than 8 ft.,1610612747,Los Angeles Lakers,2001-03-09,LAL vs. SAS,SAS,1314
Driving Layup Shot,Layup,242,20000896,34.0443,0,0,-118.2698,10,3,0,2000-01,58,0,1.0,2PT Field Goal,Center(C),Restricted Area,Less Than 8 ft.,1610612747,Los Angeles Lakers,2001-03-09,LAL vs. SAS,SAS,1315
Running Jump Shot,Jump Shot,249,20000896,34.0463,94,-2,-118.1758,9,3,0,2000-01,47,9,1.0,2PT Field Goal,Right Side(R),Mid-Range,8-16 ft.,1610612747,Los Angeles Lakers,2001-03-09,LAL vs. SAS,SAS,1316
Jump Shot,Jump Shot,252,20000896,33.9703,14,74,-118.2558,8,3,0,2000-01,59,7,0.0,2PT Field Goal,Center(C),In The Paint (Non-RA),Less Than 8 ft.,1610612747,Los Angeles Lakers,2001-03-09,LAL vs. SAS,SAS,1317
Jump Shot,Jump Shot,270,20000896,33.9593,115,85,-118.1548,7,3,0,2000-01,26,14,0.0,2PT Field Goal,Right Side(R),Mid-Range,8-16 ft.,1610612747,Los Angeles Lakers,2001-03-09,LAL vs. SAS,SAS,1318
Driving Layup Shot,Layup,287,20000896,34.0443,0,0,-118.2698,6,3,0,2000-01,20,0,,2PT Field Goal,Center(C),Restricted Area,Less Than 8 ft.,1610612747,Los Angeles Lakers,2001-03-09,LAL vs. SAS,SAS,1319
Jump Shot,Jump Shot,303,20000896,33.8583,14,186,-118.2558,5,3,0,2000-01,18,18,,2PT Field Goal,Center(C),Mid-Range,16-24 ft.,1610612747,Los Angeles Lakers,2001-03-09,LAL vs. SAS,SAS,1320
Running Jump Shot,Jump Shot,308,20000896,33.9663,-6,78,-118.2758,4,3,0,2000-01,42,7,,2PT Field Goal,Center(C),In The Paint (Non-RA),Less Than 8 ft.,1610612747,Los Angeles Lakers,2001-03-09,LAL vs. SAS,SAS,1321
Turnaround Jump Shot,Jump Shot,358,20000896,33.9763,22,68,-118.2478,0,3,0,2000-01,27,7,,2PT Field Goal,Center(C),In The Paint (Non-RA),Less Than 8 ft.,1610612747,Los Angeles Lakers,2001-03-09,LAL vs. SAS,SAS,1322
Layup Shot,Layup,363,20000896,34.0443,0,0,-118.2698,0,3,0,2000-01,0,0,0.0,2PT Field Goal,Center(C),Restricted Area,Less Than 8 ft.,1610612747,Los Angeles Lakers,2001-03-09,LAL vs. SAS,SAS,1323
Turnaround Jump Shot,Jump Shot,369,20000896,33.9593,49,85,-118.2208,11,4,0,2000-01,38,9,1.0,2PT Field Goal,Center(C),In The Paint (Non-RA),8-16 ft.,1610612747,Los Angeles Lakers,2001-03-09,LAL vs. SAS,SAS,1324
Running Jump Shot,Jump Shot,407,20000896,34.0373,-77,7,-118.3468,7,4,0,2000-01,29,7,1.0,2PT Field Goal,Center(C),In The Paint (Non-RA),Less Than 8 ft.,1610612747,Los Angeles Lakers,2001-03-09,LAL vs. SAS,SAS,1325
Jump Shot,Jump Shot,444,20000896,33.9973,58,47,-118.2118,3,4,0,2000-01,40,7,0.0,2PT Field Goal,Center(C),In The Paint (Non-RA),Less Than 8 ft.,1610612747,Los Angeles Lakers,2001-03-09,LAL vs. SAS,SAS,1326
Driving Layup Shot,Layup,453,20000896,34.0443,0,0,-118.2698,2,4,0,2000-01,37,0,1.0,2PT Field Goal,Center(C),Restricted Area,Less Than 8 ft.,1610612747,Los Angeles Lakers,2001-03-09,LAL vs. SAS,SAS,1327
Jump Shot,Jump Shot,467,20000896,33.8583,-77,186,-118.3468,0,4,0,2000-01,55,20,0.0,2PT Field Goal,Left Side Center(LC),Mid-Range,16-24 ft.,1610612747,Los Angeles Lakers,2001-03-09,LAL vs. SAS,SAS,1328
Jump Shot,Jump Shot,469,20000896,33.8813,73,163,-118.1968,0,4,0,2000-01,46,17,1.0,2PT Field Goal,Right Side Center(RC),Mid-Range,16-24 ft.,1610612747,Los Angeles Lakers,2001-03-09,LAL vs. SAS,SAS,1329
Running Hook Shot,Hook Shot,487,20000896,34.0423,94,2,-118.1758,4,5,0,2000-01,48,9,1.0,2PT Field Goal,Right Side(R),Mid-Range,8-16 ft.,1610612747,Los Angeles Lakers,2001-03-09,LAL vs. SAS,SAS,1330
Jump Shot,Jump Shot,489,20000896,33.9193,127,125,-118.1428,4,5,0,2000-01,15,17,1.0,2PT Field Goal,Right Side Center(RC),Mid-Range,16-24 ft.,1610612747,Los Angeles Lakers,2001-03-09,LAL vs. SAS,SAS,1331
Jump Shot,Jump Shot,494,20000896,33.8753,-6,169,-118.2758,3,5,0,2000-01,10,16,0.0,2PT Field Goal,Center(C),Mid-Range,16-24 ft.,1610612747,Los Angeles Lakers,2001-03-09,LAL vs. SAS,SAS,1332
Alley Oop Dunk Shot,Dunk,507,20000896,34.0443,0,0,-118.2698,1,5,0,2000-01,21,0,1.0,2PT Field Goal,Center(C),Restricted Area,Less Than 8 ft.,1610612747,Los Angeles Lakers,2001-03-09,LAL vs. SAS,SAS,1333
Jump Shot,Jump Shot,525,20000896,33.7873,49,257,-118.2208,0,5,0,2000-01,3,26,,3PT Field Goal,Center(C),Above the Break 3,24+ ft.,1610612747,Los Angeles Lakers,2001-03-09,LAL vs. SAS,SAS,1334
Jump Shot,Jump Shot,41,20000936,33.9303,132,114,-118.1378,6,1,0,2000-01,57,17,1.0,2PT Field Goal,Right Side Center(RC),Mid-Range,16-24 ft.,1610612747,Los Angeles Lakers,2001-03-15,LAL @ DET,DET,1335
Dunk Shot,Dunk,56,20000936,34.0443,0,0,-118.2698,4,1,0,2000-01,42,0,1.0,2PT Field Goal,Center(C),Restricted Area,Less Than 8 ft.,1610612747,Los Angeles Lakers,2001-03-15,LAL @ DET,DET,1336
Jump Shot,Jump Shot,100,20000936,34.0103,-172,34,-118.4418,0,1,0,2000-01,50,17,0.0,2PT Field Goal,Left Side(L),Mid-Range,16-24 ft.,1610612747,Los Angeles Lakers,2001-03-15,LAL @ DET,DET,1337
Jump Shot,Jump Shot,192,20000936,33.8313,153,213,-118.1168,3,2,0,2000-01,48,26,0.0,3PT Field Goal,Right Side Center(RC),Above the Break 3,24+ ft.,1610612747,Los Angeles Lakers,2001-03-15,LAL @ DET,DET,1338
Jump Shot,Jump Shot,201,20000936,33.9813,-157,63,-118.4268,3,2,0,2000-01,8,16,0.0,2PT Field Goal,Left Side(L),Mid-Range,16-24 ft.,1610612747,Los Angeles Lakers,2001-03-15,LAL @ DET,DET,1339
Jump Shot,Jump Shot,204,20000936,33.9533,119,91,-118.1508,2,2,0,2000-01,36,14,1.0,2PT Field Goal,Right Side(R),Mid-Range,8-16 ft.,1610612747,Los Angeles Lakers,2001-03-15,LAL @ DET,DET,1340
Jump Shot,Jump Shot,214,20000936,33.8813,18,163,-118.2518,2,2,0,2000-01,14,16,0.0,2PT Field Goal,Center(C),Mid-Range,16-24 ft.,1610612747,Los Angeles Lakers,2001-03-15,LAL @ DET,DET,1341
Jump Shot,Jump Shot,253,20000936,33.8963,212,148,-118.0578,10,3,0,2000-01,19,25,1.0,3PT Field Goal,Right Side Center(RC),Above the Break 3,24+ ft.,1610612747,Los Angeles Lakers,2001-03-15,LAL @ DET,DET,1342
Jump Shot,Jump Shot,262,20000936,33.9703,161,74,-118.1088,8,3,0,2000-01,42,17,0.0,2PT Field Goal,Right Side(R),Mid-Range,16-24 ft.,1610612747,Los Angeles Lakers,2001-03-15,LAL @ DET,DET,1343
Jump Shot,Jump Shot,297,20000936,33.9153,-94,129,-118.3638,5,3,0,2000-01,53,15,1.0,2PT Field Goal,Left Side(L),Mid-Range,8-16 ft.,1610612747,Los Angeles Lakers,2001-03-15,LAL @ DET,DET,1344
Jump Shot,Jump Shot,318,20000936,33.9473,-145,97,-118.4148,3,3,0,2000-01,47,17,1.0,2PT Field Goal,Left Side(L),Mid-Range,16-24 ft.,1610612747,Los Angeles Lakers,2001-03-15,LAL @ DET,DET,1345
Jump Shot,Jump Shot,342,20000936,33.9533,-151,91,-118.4208,1,3,0,2000-01,2,17,0.0,2PT Field Goal,Left Side(L),Mid-Range,16-24 ft.,1610612747,Los Angeles Lakers,2001-03-15,LAL @ DET,DET,1346
Layup Shot,Layup,363,20000936,34.0443,0,0,-118.2698,0,3,0,2000-01,4,0,0.0,2PT Field Goal,Center(C),Restricted Area,Less Than 8 ft.,1610612747,Los Angeles Lakers,2001-03-15,LAL @ DET,DET,1347
Running Jump Shot,Jump Shot,379,20000936,33.9933,68,51,-118.2018,11,4,0,2000-01,2,8,1.0,2PT Field Goal,Right Side(R),In The Paint (Non-RA),8-16 ft.,1610612747,Los Angeles Lakers,2001-03-15,LAL @ DET,DET,1348
Jump Shot,Jump Shot,383,20000936,33.9873,62,57,-118.2078,10,4,0,2000-01,13,8,1.0,2PT Field Goal,Right Side(R),In The Paint (Non-RA),8-16 ft.,1610612747,Los Angeles Lakers,2001-03-15,LAL @ DET,DET,1349
Jump Shot,Jump Shot,396,20000936,33.9873,-166,57,-118.4358,9,4,0,2000-01,5,17,1.0,2PT Field Goal,Left Side(L),Mid-Range,16-24 ft.,1610612747,Los Angeles Lakers,2001-03-15,LAL @ DET,DET,1350
Alley Oop Layup shot,Layup,404,20000936,34.0443,0,0,-118.2698,7,4,0,2000-01,57,0,,2PT Field Goal,Center(C),Restricted Area,Less Than 8 ft.,1610612747,Los Angeles Lakers,2001-03-15,LAL @ DET,DET,1351
Jump Shot,Jump Shot,420,20000936,33.8923,77,152,-118.1928,6,4,0,2000-01,17,17,0.0,2PT Field Goal,Right Side Center(RC),Mid-Range,16-24 ft.,1610612747,Los Angeles Lakers,2001-03-15,LAL @ DET,DET,1352
Jump Shot,Jump Shot,435,20000936,33.8813,104,163,-118.1658,4,4,0,2000-01,48,19,1.0,2PT Field Goal,Right Side Center(RC),Mid-Range,16-24 ft.,1610612747,Los Angeles Lakers,2001-03-15,LAL @ DET,DET,1353
Driving Layup Shot,Layup,451,20000936,34.0443,0,0,-118.2698,3,4,0,2000-01,44,0,1.0,2PT Field Goal,Center(C),Restricted Area,Less Than 8 ft.,1610612747,Los Angeles Lakers,2001-03-15,LAL @ DET,DET,1354
Jump Shot,Jump Shot,457,20000936,33.9093,-124,135,-118.3938,3,4,0,2000-01,5,18,0.0,2PT Field Goal,Left Side Center(LC),Mid-Range,16-24 ft.,1610612747,Los Angeles Lakers,2001-03-15,LAL @ DET,DET,1355
Layup Shot,Layup,464,20000936,34.0443,0,0,-118.2698,2,4,0,2000-01,26,0,0.0,2PT Field Goal,Center(C),Restricted Area,Less Than 8 ft.,1610612747,Los Angeles Lakers,2001-03-15,LAL @ DET,DET,1356
Jump Shot,Jump Shot,471,20000936,33.7703,-94,274,-118.3638,1,4,0,2000-01,24,28,0.0,3PT Field Goal,Left Side Center(LC),Above the Break 3,24+ ft.,1610612747,Los Angeles Lakers,2001-03-15,LAL @ DET,DET,1357
Jump Shot,Jump Shot,487,20000936,33.9973,-136,47,-118.4058,0,4,0,2000-01,30,14,0.0,2PT Field Goal,Left Side(L),Mid-Range,8-16 ft.,1610612747,Los Angeles Lakers,2001-03-15,LAL @ DET,DET,1358
Jump Shot,Jump Shot,523,20000936,33.9973,-50,47,-118.3198,0,4,0,2000-01,2,6,1.0,2PT Field Goal,Center(C),In The Paint (Non-RA),Less Than 8 ft.,1610612747,Los Angeles Lakers,2001-03-15,LAL @ DET,DET,1359
Jump Shot,Jump Shot,541,20000936,33.9533,77,91,-118.1928,4,5,0,2000-01,0,11,1.0,2PT Field Goal,Right Side(R),In The Paint (Non-RA),8-16 ft.,1610612747,Los Angeles Lakers,2001-03-15,LAL @ DET,DET,1360
Jump Shot,Jump Shot,545,20000936,33.9973,161,47,-118.1088,3,5,0,2000-01,10,16,1.0,2PT Field Goal,Right Side(R),Mid-Range,16-24 ft.,1610612747,Los Angeles Lakers,2001-03-15,LAL @ DET,DET,1361
Running Jump Shot,Jump Shot,569,20000936,33.9533,47,91,-118.2228,0,5,0,2000-01,32,10,1.0,2PT Field Goal,Center(C),In The Paint (Non-RA),8-16 ft.,1610612747,Los Angeles Lakers,2001-03-15,LAL @ DET,DET,1362
Slam Dunk Shot,Dunk,30,20000942,34.0443,11,0,-118.2588,8,1,0,2000-01,17,1,1.0,2PT Field Goal,Center(C),Restricted Area,Less Than 8 ft.,1610612747,Los Angeles Lakers,2001-03-16,LAL @ WAS,WAS,1363
Driving Dunk Shot,Dunk,63,20000942,34.0503,11,-6,-118.2588,4,1,0,2000-01,7,1,1.0,2PT Field Goal,Center(C),Restricted Area,Less Than 8 ft.,1610612747,Los Angeles Lakers,2001-03-16,LAL @ WAS,WAS,1364
Jump Shot,Jump Shot,88,20000942,34.0443,-44,0,-118.3138,0,1,0,2000-01,51,4,0.0,2PT Field Goal,Center(C),In The Paint (Non-RA),Less Than 8 ft.,1610612747,Los Angeles Lakers,2001-03-16,LAL @ WAS,WAS,1365
Turnaround Jump Shot,Jump Shot,92,20000942,33.9873,3,57,-118.2668,0,1,0,2000-01,31,5,1.0,2PT Field Goal,Center(C),In The Paint (Non-RA),Less Than 8 ft.,1610612747,Los Angeles Lakers,2001-03-16,LAL @ WAS,WAS,1366
Jump Shot,Jump Shot,217,20000942,33.9743,-229,70,-118.4988,1,2,0,2000-01,48,23,0.0,3PT Field Goal,Left Side(L),Left Corner 3,24+ ft.,1610612747,Los Angeles Lakers,2001-03-16,LAL @ WAS,WAS,1367
Running Jump Shot,Jump Shot,226,20000942,34.0503,-101,-6,-118.3708,0,2,0,2000-01,52,10,1.0,2PT Field Goal,Left Side(L),Mid-Range,8-16 ft.,1610612747,Los Angeles Lakers,2001-03-16,LAL @ WAS,WAS,1368
Jump Shot,Jump Shot,232,20000942,33.8483,3,196,-118.2668,0,2,0,2000-01,32,19,0.0,2PT Field Goal,Center(C),Mid-Range,16-24 ft.,1610612747,Los Angeles Lakers,2001-03-16,LAL @ WAS,WAS,1369
Jump Shot,Jump Shot,236,20000942,33.8103,98,234,-118.1718,0,2,0,2000-01,0,25,1.0,3PT Field Goal,Right Side Center(RC),Above the Break 3,24+ ft.,1610612747,Los Angeles Lakers,2001-03-16,LAL @ WAS,WAS,1370
Jump Shot,Jump Shot,250,20000942,34.0353,47,9,-118.2228,9,3,0,2000-01,43,4,0.0,2PT Field Goal,Center(C),In The Paint (Non-RA),Less Than 8 ft.,1610612747,Los Angeles Lakers,2001-03-16,LAL @ WAS,WAS,1371
Jump Shot,Jump Shot,276,20000942,34.0353,-145,9,-118.4148,7,3,0,2000-01,8,14,0.0,2PT Field Goal,Left Side(L),Mid-Range,8-16 ft.,1610612747,Los Angeles Lakers,2001-03-16,LAL @ WAS,WAS,1372
Jump Shot,Jump Shot,303,20000942,34.0843,146,-40,-118.1238,4,3,0,2000-01,21,15,,2PT Field Goal,Right Side(R),Mid-Range,8-16 ft.,1610612747,Los Angeles Lakers,2001-03-16,LAL @ WAS,WAS,1373
Jump Shot,Jump Shot,308,20000942,33.8483,89,196,-118.1808,3,3,0,2000-01,47,21,1.0,2PT Field Goal,Right Side Center(RC),Mid-Range,16-24 ft.,1610612747,Los Angeles Lakers,2001-03-16,LAL @ WAS,WAS,1374
Jump Shot,Jump Shot,321,20000942,34.0503,-166,-6,-118.4358,1,3,0,2000-01,57,16,,2PT Field Goal,Left Side(L),Mid-Range,16-24 ft.,1610612747,Los Angeles Lakers,2001-03-16,LAL @ WAS,WAS,1375
Driving Dunk Shot,Dunk,333,20000942,34.0353,11,9,-118.2588,0,3,0,2000-01,48,1,1.0,2PT Field Goal,Center(C),Restricted Area,Less Than 8 ft.,1610612747,Los Angeles Lakers,2001-03-16,LAL @ WAS,WAS,1376
Jump Shot,Jump Shot,335,20000942,34.0023,24,42,-118.2458,0,3,0,2000-01,23,4,0.0,2PT Field Goal,Center(C),In The Paint (Non-RA),Less Than 8 ft.,1610612747,Los Angeles Lakers,2001-03-16,LAL @ WAS,WAS,1377
Jump Shot,Jump Shot,345,20000942,33.8443,3,200,-118.2668,11,4,0,2000-01,44,20,0.0,2PT Field Goal,Center(C),Mid-Range,16-24 ft.,1610612747,Los Angeles Lakers,2001-03-16,LAL @ WAS,WAS,1378
Turnaround Jump Shot,Jump Shot,347,20000942,33.9973,32,47,-118.2378,11,4,0,2000-01,27,5,1.0,2PT Field Goal,Center(C),In The Paint (Non-RA),Less Than 8 ft.,1610612747,Los Angeles Lakers,2001-03-16,LAL @ WAS,WAS,1379
Layup Shot,Layup,352,20000942,34.0353,11,9,-118.2588,10,4,0,2000-01,44,1,,2PT Field Goal,Center(C),Restricted Area,Less Than 8 ft.,1610612747,Los Angeles Lakers,2001-03-16,LAL @ WAS,WAS,1380
Jump Shot,Jump Shot,12,20000958,33.9893,-65,55,-118.3348,10,1,0,2000-01,3,8,0.0,2PT Field Goal,Left Side(L),In The Paint (Non-RA),8-16 ft.,1610612747,Los Angeles Lakers,2001-03-18,LAL @ ORL,ORL,1381
Running Jump Shot,Jump Shot,34,20000958,33.9513,-16,93,-118.2858,7,1,0,2000-01,11,9,,2PT Field Goal,Center(C),In The Paint (Non-RA),8-16 ft.,1610612747,Los Angeles Lakers,2001-03-18,LAL @ ORL,ORL,1382
Alley Oop Dunk Shot,Dunk,115,20000958,34.0443,0,0,-118.2698,11,2,0,2000-01,6,0,0.0,2PT Field Goal,Center(C),Restricted Area,Less Than 8 ft.,1610612747,Los Angeles Lakers,2001-03-18,LAL @ ORL,ORL,1383
Turnaround Jump Shot,Jump Shot,155,20000958,34.0443,-145,0,-118.4148,7,2,0,2000-01,19,14,0.0,2PT Field Goal,Left Side(L),Mid-Range,8-16 ft.,1610612747,Los Angeles Lakers,2001-03-18,LAL @ ORL,ORL,1384
Tip Shot,Tip Shot,173,20000958,34.0443,0,0,-118.2698,5,2,0,2000-01,57,0,,2PT Field Goal,Center(C),Restricted Area,Less Than 8 ft.,1610612747,Los Angeles Lakers,2001-03-18,LAL @ ORL,ORL,1385
Jump Shot,Jump Shot,182,20000958,33.8503,-23,194,-118.2928,5,2,0,2000-01,14,19,0.0,2PT Field Goal,Center(C),Mid-Range,16-24 ft.,1610612747,Los Angeles Lakers,2001-03-18,LAL @ ORL,ORL,1386
Turnaround Jump Shot,Jump Shot,201,20000958,33.9893,-166,55,-118.4358,2,2,0,2000-01,41,17,0.0,2PT Field Goal,Left Side(L),Mid-Range,16-24 ft.,1610612747,Los Angeles Lakers,2001-03-18,LAL @ ORL,ORL,1387
Running Jump Shot,Jump Shot,258,20000958,33.9953,-1,49,-118.2708,10,3,0,2000-01,33,4,0.0,2PT Field Goal,Center(C),In The Paint (Non-RA),Less Than 8 ft.,1610612747,Los Angeles Lakers,2001-03-18,LAL @ ORL,ORL,1388
Jump Shot,Jump Shot,265,20000958,34.0823,-151,-38,-118.4208,9,3,0,2000-01,40,15,0.0,2PT Field Goal,Left Side(L),Mid-Range,8-16 ft.,1610612747,Los Angeles Lakers,2001-03-18,LAL @ ORL,ORL,1389
Jump Shot,Jump Shot,278,20000958,34.0823,140,-38,-118.1298,8,3,0,2000-01,25,14,1.0,2PT Field Goal,Right Side(R),Mid-Range,8-16 ft.,1610612747,Los Angeles Lakers,2001-03-18,LAL @ ORL,ORL,1390
Jump Shot,Jump Shot,318,20000958,33.9003,146,144,-118.1238,3,3,0,2000-01,53,20,0.0,2PT Field Goal,Right Side Center(RC),Mid-Range,16-24 ft.,1610612747,Los Angeles Lakers,2001-03-18,LAL @ ORL,ORL,1391
Jump Shot,Jump Shot,378,20000958,33.7893,-8,255,-118.2778,9,4,0,2000-01,46,25,0.0,3PT Field Goal,Center(C),Above the Break 3,24+ ft.,1610612747,Los Angeles Lakers,2001-03-18,LAL @ ORL,ORL,1392
Jump Shot,Jump Shot,383,20000958,33.8903,62,154,-118.2078,9,4,0,2000-01,9,16,0.0,2PT Field Goal,Right Side Center(RC),Mid-Range,16-24 ft.,1610612747,Los Angeles Lakers,2001-03-18,LAL @ ORL,ORL,1393
Jump Shot,Jump Shot,437,20000958,33.9073,182,137,-118.0878,3,4,0,2000-01,12,22,1.0,2PT Field Goal,Right Side Center(RC),Mid-Range,16-24 ft.,1610612747,Los Angeles Lakers,2001-03-18,LAL @ ORL,ORL,1394
Alley Oop Layup shot,Layup,444,20000958,34.0443,0,0,-118.2698,2,4,0,2000-01,34,0,1.0,2PT Field Goal,Center(C),Restricted Area,Less Than 8 ft.,1610612747,Los Angeles Lakers,2001-03-18,LAL @ ORL,ORL,1395
Jump Shot,Jump Shot,447,20000958,34.0763,-115,-32,-118.3848,2,4,0,2000-01,7,11,0.0,2PT Field Goal,Left Side(L),Mid-Range,8-16 ft.,1610612747,Los Angeles Lakers,2001-03-18,LAL @ ORL,ORL,1396
Turnaround Jump Shot,Jump Shot,456,20000958,34.0233,161,21,-118.1088,1,4,0,2000-01,27,16,0.0,2PT Field Goal,Right Side(R),Mid-Range,16-24 ft.,1610612747,Los Angeles Lakers,2001-03-18,LAL @ ORL,ORL,1397
Jump Shot,Jump Shot,28,20000965,33.9833,132,61,-118.1378,7,1,0,2000-01,58,14,0.0,2PT Field Goal,Right Side(R),Mid-Range,8-16 ft.,1610612747,Los Angeles Lakers,2001-03-19,LAL @ ATL,ATL,1398
Jump Shot,Jump Shot,51,20000965,33.9223,-50,122,-118.3198,4,1,0,2000-01,42,13,,2PT Field Goal,Center(C),In The Paint (Non-RA),8-16 ft.,1610612747,Los Angeles Lakers,2001-03-19,LAL @ ATL,ATL,1399
Layup Shot,Layup,101,20000965,34.0443,0,0,-118.2698,11,2,0,2000-01,10,0,1.0,2PT Field Goal,Center(C),Restricted Area,Less Than 8 ft.,1610612747,Los Angeles Lakers,2001-03-19,LAL @ ATL,ATL,1400
Jump Shot,Jump Shot,103,20000965,33.9893,68,55,-118.2018,10,2,0,2000-01,38,8,0.0,2PT Field Goal,Right Side(R),In The Paint (Non-RA),8-16 ft.,1610612747,Los Angeles Lakers,2001-03-19,LAL @ ATL,ATL,1401
Alley Oop Dunk Shot,Dunk,120,20000965,34.0443,0,0,-118.2698,8,2,0,2000-01,39,0,0.0,2PT Field Goal,Center(C),Restricted Area,Less Than 8 ft.,1610612747,Los Angeles Lakers,2001-03-19,LAL @ ATL,ATL,1402
Alley Oop Dunk Shot,Dunk,124,20000965,34.0443,0,0,-118.2698,8,2,0,2000-01,5,0,,2PT Field Goal,Center(C),Restricted Area,Less Than 8 ft.,1610612747,Los Angeles Lakers,2001-03-19,LAL @ ATL,ATL,1403
Layup Shot,Layup,150,20000965,34.0443,0,0,-118.2698,5,2,0,2000-01,16,0,1.0,2PT Field Goal,Center(C),Restricted Area,Less Than 8 ft.,1610612747,Los Angeles Lakers,2001-03-19,LAL @ ATL,ATL,1404
Jump Shot,Jump Shot,162,20000965,33.9933,-1,51,-118.2708,4,2,0,2000-01,31,5,1.0,2PT Field Goal,Center(C),In The Paint (Non-RA),Less Than 8 ft.,1610612747,Los Angeles Lakers,2001-03-19,LAL @ ATL,ATL,1405
Jump Shot,Jump Shot,174,20000965,34.0443,-101,0,-118.3708,3,2,0,2000-01,34,10,0.0,2PT Field Goal,Left Side(L),Mid-Range,8-16 ft.,1610612747,Los Angeles Lakers,2001-03-19,LAL @ ATL,ATL,1406
Jump Shot,Jump Shot,212,20000965,33.9783,-193,66,-118.4628,1,2,0,2000-01,2,20,1.0,2PT Field Goal,Left Side(L),Mid-Range,16-24 ft.,1610612747,Los Angeles Lakers,2001-03-19,LAL @ ATL,ATL,1407
Running Dunk Shot,Dunk,248,20000965,34.0443,0,0,-118.2698,10,3,0,2000-01,56,0,1.0,2PT Field Goal,Center(C),Restricted Area,Less Than 8 ft.,1610612747,Los Angeles Lakers,2001-03-19,LAL @ ATL,ATL,1408
Jump Shot,Jump Shot,256,20000965,34.0273,-71,17,-118.3408,10,3,0,2000-01,2,7,0.0,2PT Field Goal,Center(C),In The Paint (Non-RA),Less Than 8 ft.,1610612747,Los Angeles Lakers,2001-03-19,LAL @ ATL,ATL,1409
Alley Oop Layup shot,Layup,287,20000965,34.0443,0,0,-118.2698,6,3,0,2000-01,56,0,1.0,2PT Field Goal,Center(C),Restricted Area,Less Than 8 ft.,1610612747,Los Angeles Lakers,2001-03-19,LAL @ ATL,ATL,1410
Jump Shot,Jump Shot,300,20000965,34.0103,39,34,-118.2308,5,3,0,2000-01,16,5,0.0,2PT Field Goal,Center(C),In The Paint (Non-RA),Less Than 8 ft.,1610612747,Los Angeles Lakers,2001-03-19,LAL @ ATL,ATL,1411
Jump Shot,Jump Shot,311,20000965,34.0043,153,40,-118.1168,4,3,0,2000-01,3,15,0.0,2PT Field Goal,Right Side(R),Mid-Range,8-16 ft.,1610612747,Los Angeles Lakers,2001-03-19,LAL @ ATL,ATL,1412
Jump Shot,Jump Shot,316,20000965,33.9893,-16,55,-118.2858,3,3,0,2000-01,32,5,0.0,2PT Field Goal,Center(C),In The Paint (Non-RA),Less Than 8 ft.,1610612747,Los Angeles Lakers,2001-03-19,LAL @ ATL,ATL,1413
Jump Shot,Jump Shot,380,20000965,34.0373,-44,7,-118.3138,9,4,0,2000-01,18,4,1.0,2PT Field Goal,Center(C),In The Paint (Non-RA),Less Than 8 ft.,1610612747,Los Angeles Lakers,2001-03-19,LAL @ ATL,ATL,1414
Layup Shot,Layup,472,20000965,34.0443,0,0,-118.2698,1,4,0,2000-01,42,0,0.0,2PT Field Goal,Center(C),Restricted Area,Less Than 8 ft.,1610612747,Los Angeles Lakers,2001-03-19,LAL @ ATL,ATL,1415
Layup Shot,Layup,473,20000965,34.0443,0,0,-118.2698,1,4,0,2000-01,36,0,0.0,2PT Field Goal,Center(C),Restricted Area,Less Than 8 ft.,1610612747,Los Angeles Lakers,2001-03-19,LAL @ ATL,ATL,1416
Jump Shot,Jump Shot,481,20000965,34.0313,140,13,-118.1298,1,4,0,2000-01,14,14,0.0,2PT Field Goal,Right Side(R),Mid-Range,8-16 ft.,1610612747,Los Angeles Lakers,2001-03-19,LAL @ ATL,ATL,1417
Layup Shot,Layup,487,20000965,34.0443,0,0,-118.2698,0,4,0,2000-01,38,0,1.0,2PT Field Goal,Center(C),Restricted Area,Less Than 8 ft.,1610612747,Los Angeles Lakers,2001-03-19,LAL @ ATL,ATL,1418
Jump Shot,Jump Shot,498,20000965,33.8943,11,150,-118.2588,0,4,0,2000-01,0,15,0.0,2PT Field Goal,Center(C),Mid-Range,8-16 ft.,1610612747,Los Angeles Lakers,2001-03-19,LAL @ ATL,ATL,1419
Jump Shot,Jump Shot,20,20000981,33.9343,132,110,-118.1378,10,1,0,2000-01,24,17,0.0,2PT Field Goal,Right Side Center(RC),Mid-Range,16-24 ft.,1610612747,Los Angeles Lakers,2001-03-21,LAL @ MIL,MIL,1420
Jump Shot,Jump Shot,32,20000981,34.0503,68,-6,-118.2018,8,1,0,2000-01,58,6,1.0,2PT Field Goal,Center(C),In The Paint (Non-RA),Less Than 8 ft.,1610612747,Los Angeles Lakers,2001-03-21,LAL @ MIL,MIL,1421
Jump Shot,Jump Shot,46,20000981,33.8443,18,200,-118.2518,7,1,0,2000-01,19,20,0.0,2PT Field Goal,Center(C),Mid-Range,16-24 ft.,1610612747,Los Angeles Lakers,2001-03-21,LAL @ MIL,MIL,1422
Jump Shot,Jump Shot,80,20000981,33.9893,125,55,-118.1448,3,1,0,2000-01,6,13,0.0,2PT Field Goal,Right Side(R),Mid-Range,8-16 ft.,1610612747,Los Angeles Lakers,2001-03-21,LAL @ MIL,MIL,1423
Jump Shot,Jump Shot,137,20000981,33.8843,47,160,-118.2228,8,2,0,2000-01,27,16,0.0,2PT Field Goal,Center(C),Mid-Range,16-24 ft.,1610612747,Los Angeles Lakers,2001-03-21,LAL @ MIL,MIL,1424
Layup Shot,Layup,145,20000981,34.0443,0,0,-118.2698,7,2,0,2000-01,42,0,0.0,2PT Field Goal,Center(C),Restricted Area,Less Than 8 ft.,1610612747,Los Angeles Lakers,2001-03-21,LAL @ MIL,MIL,1425
Alley Oop Layup shot,Layup,197,20000981,34.0443,0,0,-118.2698,2,2,0,2000-01,18,0,0.0,2PT Field Goal,Center(C),Restricted Area,Less Than 8 ft.,1610612747,Los Angeles Lakers,2001-03-21,LAL @ MIL,MIL,1426
Jump Shot,Jump Shot,207,20000981,34.0503,98,-6,-118.1718,1,2,0,2000-01,13,9,0.0,2PT Field Goal,Right Side(R),Mid-Range,8-16 ft.,1610612747,Los Angeles Lakers,2001-03-21,LAL @ MIL,MIL,1427
Jump Shot,Jump Shot,235,20000981,34.0633,-101,-19,-118.3708,10,3,0,2000-01,18,10,,2PT Field Goal,Left Side(L),Mid-Range,8-16 ft.,1610612747,Los Angeles Lakers,2001-03-21,LAL @ MIL,MIL,1428
Jump Shot,Jump Shot,249,20000981,33.9623,146,82,-118.1238,9,3,0,2000-01,9,16,1.0,2PT Field Goal,Right Side(R),Mid-Range,16-24 ft.,1610612747,Los Angeles Lakers,2001-03-21,LAL @ MIL,MIL,1429
Jump Shot,Jump Shot,257,20000981,33.9453,98,99,-118.1718,7,3,0,2000-01,55,13,1.0,2PT Field Goal,Right Side(R),Mid-Range,8-16 ft.,1610612747,Los Angeles Lakers,2001-03-21,LAL @ MIL,MIL,1430
Jump Shot,Jump Shot,285,20000981,33.9953,-109,49,-118.3788,4,3,0,2000-01,48,11,0.0,2PT Field Goal,Left Side(L),Mid-Range,8-16 ft.,1610612747,Los Angeles Lakers,2001-03-21,LAL @ MIL,MIL,1431
Jump Shot,Jump Shot,289,20000981,34.0023,140,42,-118.1298,4,3,0,2000-01,32,14,0.0,2PT Field Goal,Right Side(R),Mid-Range,8-16 ft.,1610612747,Los Angeles Lakers,2001-03-21,LAL @ MIL,MIL,1432
Running Jump Shot,Jump Shot,361,20000981,34.0443,0,0,-118.2698,9,4,0,2000-01,28,0,1.0,2PT Field Goal,Center(C),Restricted Area,Less Than 8 ft.,1610612747,Los Angeles Lakers,2001-03-21,LAL @ MIL,MIL,1433
Jump Shot,Jump Shot,438,20000981,33.8163,-115,228,-118.3848,3,4,0,2000-01,0,25,,3PT Field Goal,Left Side Center(LC),Above the Break 3,24+ ft.,1610612747,Los Angeles Lakers,2001-03-21,LAL @ MIL,MIL,1434
Jump Shot,Jump Shot,18,20001059,33.8813,22,163,-118.2478,9,1,0,2000-01,26,16,0.0,2PT Field Goal,Center(C),Mid-Range,16-24 ft.,1610612747,Los Angeles Lakers,2001-04-01,LAL vs. NYK,NYK,1435
Jump Shot,Jump Shot,48,20001059,33.7913,94,253,-118.1758,4,1,0,2000-01,59,26,0.0,3PT Field Goal,Right Side Center(RC),Above the Break 3,24+ ft.,1610612747,Los Angeles Lakers,2001-04-01,LAL vs. NYK,NYK,1436
Jump Shot,Jump Shot,71,20001059,33.7743,-77,270,-118.3468,2,1,0,2000-01,25,28,0.0,3PT Field Goal,Center(C),Above the Break 3,24+ ft.,1610612747,Los Angeles Lakers,2001-04-01,LAL vs. NYK,NYK,1437
Jump Shot,Jump Shot,91,20001059,33.9323,134,112,-118.1358,1,1,0,2000-01,33,17,0.0,2PT Field Goal,Right Side Center(RC),Mid-Range,16-24 ft.,1610612747,Los Angeles Lakers,2001-04-01,LAL vs. NYK,NYK,1438
Jump Shot,Jump Shot,9,20001121,34.0043,-111,40,-118.3808,10,1,0,2000-01,48,11,0.0,2PT Field Goal,Left Side(L),Mid-Range,8-16 ft.,1610612747,Los Angeles Lakers,2001-04-10,LAL vs. PHX,PHX,1439
Jump Shot,Jump Shot,11,20001121,34.0523,-126,-8,-118.3958,10,1,0,2000-01,47,12,1.0,2PT Field Goal,Left Side(L),Mid-Range,8-16 ft.,1610612747,Los Angeles Lakers,2001-04-10,LAL vs. PHX,PHX,1440
Jump Shot,Jump Shot,46,20001121,33.9363,163,108,-118.1068,6,1,0,2000-01,32,19,1.0,2PT Field Goal,Right Side(R),Mid-Range,16-24 ft.,1610612747,Los Angeles Lakers,2001-04-10,LAL vs. PHX,PHX,1441
Jump Shot,Jump Shot,50,20001121,33.8923,85,152,-118.1848,5,1,0,2000-01,59,17,1.0,2PT Field Goal,Right Side Center(RC),Mid-Range,16-24 ft.,1610612747,Los Angeles Lakers,2001-04-10,LAL vs. PHX,PHX,1442
Running Jump Shot,Jump Shot,61,20001121,33.9433,142,101,-118.1278,5,1,0,2000-01,9,17,1.0,2PT Field Goal,Right Side(R),Mid-Range,16-24 ft.,1610612747,Los Angeles Lakers,2001-04-10,LAL vs. PHX,PHX,1443
Alley Oop Dunk Shot,Dunk,80,20001121,34.0443,0,0,-118.2698,3,1,0,2000-01,26,0,,2PT Field Goal,Center(C),Restricted Area,Less Than 8 ft.,1610612747,Los Angeles Lakers,2001-04-10,LAL vs. PHX,PHX,1444
Turnaround Jump Shot,Jump Shot,209,20001121,34.0523,-141,-8,-118.4108,3,2,0,2000-01,30,14,1.0,2PT Field Goal,Left Side(L),Mid-Range,8-16 ft.,1610612747,Los Angeles Lakers,2001-04-10,LAL vs. PHX,PHX,1445
Jump Shot,Jump Shot,218,20001121,34.0043,-126,40,-118.3958,1,2,0,2000-01,51,13,0.0,2PT Field Goal,Left Side(L),Mid-Range,8-16 ft.,1610612747,Los Angeles Lakers,2001-04-10,LAL vs. PHX,PHX,1446
Jump Shot,Jump Shot,284,20001121,34.0213,-147,23,-118.4168,7,3,0,2000-01,34,14,0.0,2PT Field Goal,Left Side(L),Mid-Range,8-16 ft.,1610612747,Los Angeles Lakers,2001-04-10,LAL vs. PHX,PHX,1447
Jump Shot,Jump Shot,302,20001121,34.0163,226,28,-118.0438,5,3,0,2000-01,48,22,,3PT Field Goal,Right Side(R),Right Corner 3,24+ ft.,1610612747,Los Angeles Lakers,2001-04-10,LAL vs. PHX,PHX,1448
Jump Shot,Jump Shot,305,20001121,34.0463,169,-2,-118.1008,5,3,0,2000-01,26,16,1.0,2PT Field Goal,Right Side(R),Mid-Range,16-24 ft.,1610612747,Los Angeles Lakers,2001-04-10,LAL vs. PHX,PHX,1449
Jump Shot,Jump Shot,329,20001121,33.8523,-48,192,-118.3178,2,3,0,2000-01,6,19,0.0,2PT Field Goal,Center(C),Mid-Range,16-24 ft.,1610612747,Los Angeles Lakers,2001-04-10,LAL vs. PHX,PHX,1450
Jump Shot,Jump Shot,352,20001121,33.9263,134,118,-118.1358,0,3,0,2000-01,14,17,0.0,2PT Field Goal,Right Side Center(RC),Mid-Range,16-24 ft.,1610612747,Los Angeles Lakers,2001-04-10,LAL vs. PHX,PHX,1451
Jump Shot,Jump Shot,366,20001121,33.9593,-126,85,-118.3958,11,4,0,2000-01,1,15,0.0,2PT Field Goal,Left Side(L),Mid-Range,8-16 ft.,1610612747,Los Angeles Lakers,2001-04-10,LAL vs. PHX,PHX,1452
Running Jump Shot,Jump Shot,14,20001136,33.9133,127,131,-118.1428,10,1,0,2000-01,25,18,1.0,2PT Field Goal,Right Side Center(RC),Mid-Range,16-24 ft.,1610612747,Los Angeles Lakers,2001-04-12,LAL vs. MIN,MIN,1453
Jump Shot,Jump Shot,30,20001136,33.9873,7,57,-118.2628,9,1,0,2000-01,8,5,0.0,2PT Field Goal,Center(C),In The Paint (Non-RA),Less Than 8 ft.,1610612747,Los Angeles Lakers,2001-04-12,LAL vs. MIN,MIN,1454
Jump Shot,Jump Shot,37,20001136,33.8883,100,156,-118.1698,8,1,0,2000-01,30,18,0.0,2PT Field Goal,Right Side Center(RC),Mid-Range,16-24 ft.,1610612747,Los Angeles Lakers,2001-04-12,LAL vs. MIN,MIN,1455
Slam Dunk Shot,Dunk,46,20001136,34.0443,0,0,-118.2698,7,1,0,2000-01,24,0,1.0,2PT Field Goal,Center(C),Restricted Area,Less Than 8 ft.,1610612747,Los Angeles Lakers,2001-04-12,LAL vs. MIN,MIN,1456
Jump Shot,Jump Shot,64,20001136,33.9263,106,118,-118.1638,5,1,0,2000-01,5,15,0.0,2PT Field Goal,Right Side(R),Mid-Range,8-16 ft.,1610612747,Los Angeles Lakers,2001-04-12,LAL vs. MIN,MIN,1457
Driving Layup Shot,Layup,67,20001136,34.0443,0,0,-118.2698,4,1,0,2000-01,42,0,1.0,2PT Field Goal,Center(C),Restricted Area,Less Than 8 ft.,1610612747,Los Angeles Lakers,2001-04-12,LAL vs. MIN,MIN,1458
Jump Shot,Jump Shot,69,20001136,33.9263,134,118,-118.1358,4,1,0,2000-01,8,17,1.0,2PT Field Goal,Right Side Center(RC),Mid-Range,16-24 ft.,1610612747,Los Angeles Lakers,2001-04-12,LAL vs. MIN,MIN,1459
Jump Shot,Jump Shot,93,20001136,33.8923,-111,152,-118.3808,1,1,0,2000-01,24,18,0.0,2PT Field Goal,Left Side Center(LC),Mid-Range,16-24 ft.,1610612747,Los Angeles Lakers,2001-04-12,LAL vs. MIN,MIN,1460
Running Jump Shot,Jump Shot,118,20001136,33.9193,106,125,-118.1638,10,2,0,2000-01,33,16,1.0,2PT Field Goal,Right Side Center(RC),Mid-Range,16-24 ft.,1610612747,Los Angeles Lakers,2001-04-12,LAL vs. MIN,MIN,1461
Jump Shot,Jump Shot,242,20001136,33.9473,-27,97,-118.2968,10,3,0,2000-01,37,10,0.0,2PT Field Goal,Center(C),In The Paint (Non-RA),8-16 ft.,1610612747,Los Angeles Lakers,2001-04-12,LAL vs. MIN,MIN,1462
Jump Shot,Jump Shot,256,20001136,33.8883,1,156,-118.2688,9,3,0,2000-01,23,15,1.0,2PT Field Goal,Center(C),Mid-Range,8-16 ft.,1610612747,Los Angeles Lakers,2001-04-12,LAL vs. MIN,MIN,1463
Driving Layup Shot,Layup,263,20001136,34.0443,0,0,-118.2698,8,3,0,2000-01,17,0,1.0,2PT Field Goal,Center(C),Restricted Area,Less Than 8 ft.,1610612747,Los Angeles Lakers,2001-04-12,LAL vs. MIN,MIN,1464
Jump Shot,Jump Shot,266,20001136,33.9363,100,108,-118.1698,7,3,0,2000-01,50,14,0.0,2PT Field Goal,Right Side(R),Mid-Range,8-16 ft.,1610612747,Los Angeles Lakers,2001-04-12,LAL vs. MIN,MIN,1465
Running Jump Shot,Jump Shot,272,20001136,33.8523,-48,192,-118.3178,6,3,0,2000-01,54,19,,2PT Field Goal,Center(C),Mid-Range,16-24 ft.,1610612747,Los Angeles Lakers,2001-04-12,LAL vs. MIN,MIN,1466
Jump Shot,Jump Shot,287,20001136,34.0523,127,-8,-118.1428,5,3,0,2000-01,13,12,1.0,2PT Field Goal,Right Side(R),Mid-Range,8-16 ft.,1610612747,Los Angeles Lakers,2001-04-12,LAL vs. MIN,MIN,1467
Jump Shot,Jump Shot,292,20001136,34.0313,-160,13,-118.4298,4,3,0,2000-01,39,16,0.0,2PT Field Goal,Left Side(L),Mid-Range,16-24 ft.,1610612747,Los Angeles Lakers,2001-04-12,LAL vs. MIN,MIN,1468
Driving Layup Shot,Layup,310,20001136,34.0443,0,0,-118.2698,2,3,0,2000-01,58,0,0.0,2PT Field Goal,Center(C),Restricted Area,Less Than 8 ft.,1610612747,Los Angeles Lakers,2001-04-12,LAL vs. MIN,MIN,1469
Jump Shot,Jump Shot,322,20001136,33.8523,-18,192,-118.2878,2,3,0,2000-01,36,19,1.0,2PT Field Goal,Center(C),Mid-Range,16-24 ft.,1610612747,Los Angeles Lakers,2001-04-12,LAL vs. MIN,MIN,1470
Running Jump Shot,Jump Shot,324,20001136,34.0593,-126,-15,-118.3958,2,3,0,2000-01,3,12,1.0,2PT Field Goal,Left Side(L),Mid-Range,8-16 ft.,1610612747,Los Angeles Lakers,2001-04-12,LAL vs. MIN,MIN,1471
Driving Layup Shot,Layup,327,20001136,34.0443,0,0,-118.2698,1,3,0,2000-01,32,0,1.0,2PT Field Goal,Center(C),Restricted Area,Less Than 8 ft.,1610612747,Los Angeles Lakers,2001-04-12,LAL vs. MIN,MIN,1472
Turnaround Jump Shot,Jump Shot,335,20001136,33.9093,35,135,-118.2348,1,3,0,2000-01,4,13,1.0,2PT Field Goal,Center(C),In The Paint (Non-RA),8-16 ft.,1610612747,Los Angeles Lakers,2001-04-12,LAL vs. MIN,MIN,1473
Jump Shot,Jump Shot,341,20001136,34.0313,155,13,-118.1148,0,3,0,2000-01,30,15,0.0,2PT Field Goal,Right Side(R),Mid-Range,8-16 ft.,1610612747,Los Angeles Lakers,2001-04-12,LAL vs. MIN,MIN,1474
Layup Shot,Layup,370,20001136,34.0443,0,0,-118.2698,9,4,0,2000-01,26,0,0.0,2PT Field Goal,Center(C),Restricted Area,Less Than 8 ft.,1610612747,Los Angeles Lakers,2001-04-12,LAL vs. MIN,MIN,1475
Jump Shot,Jump Shot,391,20001136,33.8583,49,186,-118.2208,7,4,0,2000-01,48,19,,2PT Field Goal,Center(C),Mid-Range,16-24 ft.,1610612747,Los Angeles Lakers,2001-04-12,LAL vs. MIN,MIN,1476
Jump Shot,Jump Shot,65,20001162,33.8813,134,163,-118.1358,5,1,0,2000-01,22,21,0.0,2PT Field Goal,Right Side Center(RC),Mid-Range,16-24 ft.,1610612747,Los Angeles Lakers,2001-04-15,LAL vs. POR,POR,1477
Jump Shot,Jump Shot,129,20001162,33.9323,155,112,-118.1148,10,2,0,2000-01,47,19,,2PT Field Goal,Right Side(R),Mid-Range,16-24 ft.,1610612747,Los Angeles Lakers,2001-04-15,LAL vs. POR,POR,1478
Jump Shot,Jump Shot,131,20001162,34.0733,142,-29,-118.1278,10,2,0,2000-01,9,14,1.0,2PT Field Goal,Right Side(R),Mid-Range,8-16 ft.,1610612747,Los Angeles Lakers,2001-04-15,LAL vs. POR,POR,1479
Jump Shot,Jump Shot,136,20001162,33.7703,14,274,-118.2558,9,2,0,2000-01,38,27,0.0,3PT Field Goal,Center(C),Above the Break 3,24+ ft.,1610612747,Los Angeles Lakers,2001-04-15,LAL vs. POR,POR,1480
Driving Layup Shot,Layup,146,20001162,34.0443,0,0,-118.2698,8,2,0,2000-01,11,0,1.0,2PT Field Goal,Center(C),Restricted Area,Less Than 8 ft.,1610612747,Los Angeles Lakers,2001-04-15,LAL vs. POR,POR,1481
Layup Shot,Layup,223,20001162,34.0443,0,0,-118.2698,1,2,0,2000-01,10,0,0.0,2PT Field Goal,Center(C),Restricted Area,Less Than 8 ft.,1610612747,Los Angeles Lakers,2001-04-15,LAL vs. POR,POR,1482
Driving Layup Shot,Layup,231,20001162,34.0443,0,0,-118.2698,0,2,0,2000-01,1,0,0.0,2PT Field Goal,Center(C),Restricted Area,Less Than 8 ft.,1610612747,Los Angeles Lakers,2001-04-15,LAL vs. POR,POR,1483
Jump Shot,Jump Shot,248,20001162,33.8373,73,207,-118.1968,10,3,0,2000-01,33,21,0.0,2PT Field Goal,Right Side Center(RC),Mid-Range,16-24 ft.,1610612747,Los Angeles Lakers,2001-04-15,LAL vs. POR,POR,1484
Jump Shot,Jump Shot,261,20001162,34.0213,193,23,-118.0768,9,3,0,2000-01,2,19,,2PT Field Goal,Right Side(R),Mid-Range,16-24 ft.,1610612747,Los Angeles Lakers,2001-04-15,LAL vs. POR,POR,1485
Jump Shot,Jump Shot,279,20001162,33.9093,-69,135,-118.3388,7,3,0,2000-01,11,15,0.0,2PT Field Goal,Center(C),In The Paint (Non-RA),8-16 ft.,1610612747,Los Angeles Lakers,2001-04-15,LAL vs. POR,POR,1486
Layup Shot,Layup,281,20001162,34.0443,0,0,-118.2698,6,3,0,2000-01,54,0,0.0,2PT Field Goal,Center(C),Restricted Area,Less Than 8 ft.,1610612747,Los Angeles Lakers,2001-04-15,LAL vs. POR,POR,1487
Driving Layup Shot,Layup,286,20001162,34.0443,0,0,-118.2698,5,3,0,2000-01,58,0,1.0,2PT Field Goal,Center(C),Restricted Area,Less Than 8 ft.,1610612747,Los Angeles Lakers,2001-04-15,LAL vs. POR,POR,1488
Driving Layup Shot,Layup,303,20001162,34.0443,0,0,-118.2698,4,3,0,2000-01,22,0,1.0,2PT Field Goal,Center(C),Restricted Area,Less Than 8 ft.,1610612747,Los Angeles Lakers,2001-04-15,LAL vs. POR,POR,1489
Jump Shot,Jump Shot,312,20001162,33.8883,94,156,-118.1758,3,3,0,2000-01,17,18,1.0,2PT Field Goal,Right Side Center(RC),Mid-Range,16-24 ft.,1610612747,Los Angeles Lakers,2001-04-15,LAL vs. POR,POR,1490
Driving Layup Shot,Layup,352,20001162,34.0443,0,0,-118.2698,0,3,0,2000-01,5,0,,2PT Field Goal,Center(C),Restricted Area,Less Than 8 ft.,1610612747,Los Angeles Lakers,2001-04-15,LAL vs. POR,POR,1491
Jump Shot,Jump Shot,361,20001162,33.9263,1,118,-118.2688,0,3,0,2000-01,0,11,0.0,2PT Field Goal,Center(C),In The Paint (Non-RA),8-16 ft.,1610612747,Los Angeles Lakers,2001-04-15,LAL vs. POR,POR,1492
Jump Shot,Jump Shot,366,20001162,34.0373,241,7,-118.0288,11,4,0,2000-01,45,24,0.0,3PT Field Goal,Right Side(R),Right Corner 3,24+ ft.,1610612747,Los Angeles Lakers,2001-04-15,LAL vs. POR,POR,1493
Turnaround Jump Shot,Jump Shot,406,20001162,33.9973,121,47,-118.1488,7,4,0,2000-01,11,12,,2PT Field Goal,Right Side(R),Mid-Range,8-16 ft.,1610612747,Los Angeles Lakers,2001-04-15,LAL vs. POR,POR,1494
Layup Shot,Layup,429,20001162,34.0443,0,0,-118.2698,4,4,0,2000-01,48,0,1.0,2PT Field Goal,Center(C),Restricted Area,Less Than 8 ft.,1610612747,Los Angeles Lakers,2001-04-15,LAL vs. POR,POR,1495
Jump Shot,Jump Shot,433,20001162,33.9323,-84,112,-118.3538,3,4,0,2000-01,57,14,1.0,2PT Field Goal,Left Side(L),Mid-Range,8-16 ft.,1610612747,Los Angeles Lakers,2001-04-15,LAL vs. POR,POR,1496
Jump Shot,Jump Shot,436,20001162,34.0523,-105,-8,-118.3748,3,4,0,2000-01,10,10,0.0,2PT Field Goal,Left Side(L),Mid-Range,8-16 ft.,1610612747,Los Angeles Lakers,2001-04-15,LAL vs. POR,POR,1497
Running Jump Shot,Jump Shot,49,20001177,33.9193,155,125,-118.1148,7,1,0,2000-01,26,19,1.0,2PT Field Goal,Right Side Center(RC),Mid-Range,16-24 ft.,1610612747,Los Angeles Lakers,2001-04-17,LAL vs. DEN,DEN,1498
Jump Shot,Jump Shot,60,20001177,33.7913,73,253,-118.1968,5,1,0,2000-01,51,26,1.0,3PT Field Goal,Center(C),Above the Break 3,24+ ft.,1610612747,Los Angeles Lakers,2001-04-17,LAL vs. DEN,DEN,1499
Layup Shot,Layup,88,20001177,34.0443,0,0,-118.2698,3,1,0,2000-01,17,0,,2PT Field Goal,Center(C),Restricted Area,Less Than 8 ft.,1610612747,Los Angeles Lakers,2001-04-17,LAL vs. DEN,DEN,1500
Turnaround Jump Shot,Jump Shot,173,20001177,34.0463,142,-2,-118.1278,8,2,0,2000-01,18,14,,2PT Field Goal,Right Side(R),Mid-Range,8-16 ft.,1610612747,Los Angeles Lakers,2001-04-17,LAL vs. DEN,DEN,1501
Layup Shot,Layup,176,20001177,34.0443,0,0,-118.2698,7,2,0,2000-01,38,0,1.0,2PT Field Goal,Center(C),Restricted Area,Less Than 8 ft.,1610612747,Los Angeles Lakers,2001-04-17,LAL vs. DEN,DEN,1502
Jump Shot,Jump Shot,188,20001177,33.8983,85,146,-118.1848,6,2,0,2000-01,13,16,,2PT Field Goal,Right Side Center(RC),Mid-Range,16-24 ft.,1610612747,Los Angeles Lakers,2001-04-17,LAL vs. DEN,DEN,1503
Jump Shot,Jump Shot,192,20001177,34.0043,-48,40,-118.3178,5,2,0,2000-01,51,6,0.0,2PT Field Goal,Center(C),In The Paint (Non-RA),Less Than 8 ft.,1610612747,Los Angeles Lakers,2001-04-17,LAL vs. DEN,DEN,1504
Layup Shot,Layup,205,20001177,34.0443,0,0,-118.2698,5,2,0,2000-01,15,0,0.0,2PT Field Goal,Center(C),Restricted Area,Less Than 8 ft.,1610612747,Los Angeles Lakers,2001-04-17,LAL vs. DEN,DEN,1505
Jump Shot,Jump Shot,272,20001177,34.0463,-141,-2,-118.4108,11,3,0,2000-01,3,14,0.0,2PT Field Goal,Left Side(L),Mid-Range,8-16 ft.,1610612747,Los Angeles Lakers,2001-04-17,LAL vs. DEN,DEN,1506
Driving Layup Shot,Layup,320,20001177,34.0443,0,0,-118.2698,6,3,0,2000-01,26,0,1.0,2PT Field Goal,Center(C),Restricted Area,Less Than 8 ft.,1610612747,Los Angeles Lakers,2001-04-17,LAL vs. DEN,DEN,1507
Dunk Shot,Dunk,326,20001177,34.0443,0,0,-118.2698,6,3,0,2000-01,5,0,1.0,2PT Field Goal,Center(C),Restricted Area,Less Than 8 ft.,1610612747,Los Angeles Lakers,2001-04-17,LAL vs. DEN,DEN,1508
Jump Shot,Jump Shot,340,20001177,34.0463,-160,-2,-118.4298,4,3,0,2000-01,18,16,0.0,2PT Field Goal,Left Side(L),Mid-Range,16-24 ft.,1610612747,Los Angeles Lakers,2001-04-17,LAL vs. DEN,DEN,1509
Jump Shot,Jump Shot,351,20001177,33.8523,169,192,-118.1008,3,3,0,2000-01,19,25,0.0,3PT Field Goal,Right Side Center(RC),Above the Break 3,24+ ft.,1610612747,Los Angeles Lakers,2001-04-17,LAL vs. DEN,DEN,1510
Jump Shot,Jump Shot,9,20100012,33.8753,-84,169,-118.3538,10,1,0,2001-02,34,18,0.0,2PT Field Goal,Left Side Center(LC),Mid-Range,16-24 ft.,1610612747,Los Angeles Lakers,2001-10-30,LAL vs. POR,POR,1511
Running Jump Shot,Jump Shot,13,20100012,33.9153,85,129,-118.1848,10,1,0,2001-02,6,15,1.0,2PT Field Goal,Right Side(R),Mid-Range,8-16 ft.,1610612747,Los Angeles Lakers,2001-10-30,LAL vs. POR,POR,1512
Dunk Shot,Dunk,17,20100012,34.0443,0,0,-118.2698,9,1,0,2001-02,42,0,1.0,2PT Field Goal,Center(C),Restricted Area,Less Than 8 ft.,1610612747,Los Angeles Lakers,2001-10-30,LAL vs. POR,POR,1513
Jump Shot,Jump Shot,28,20100012,33.9093,37,135,-118.2328,7,1,0,2001-02,54,13,0.0,2PT Field Goal,Center(C),In The Paint (Non-RA),8-16 ft.,1610612747,Los Angeles Lakers,2001-10-30,LAL vs. POR,POR,1514
Jump Shot,Jump Shot,40,20100012,34.0293,73,15,-118.1968,6,1,0,2001-02,21,7,0.0,2PT Field Goal,Center(C),In The Paint (Non-RA),Less Than 8 ft.,1610612747,Los Angeles Lakers,2001-10-30,LAL vs. POR,POR,1515
Layup Shot,Layup,47,20100012,34.0443,0,0,-118.2698,5,1,0,2001-02,50,0,1.0,2PT Field Goal,Center(C),Restricted Area,Less Than 8 ft.,1610612747,Los Angeles Lakers,2001-10-30,LAL vs. POR,POR,1516
Jump Shot,Jump Shot,98,20100012,33.8753,-113,169,-118.3828,0,1,0,2001-02,37,20,1.0,2PT Field Goal,Left Side Center(LC),Mid-Range,16-24 ft.,1610612747,Los Angeles Lakers,2001-10-30,LAL vs. POR,POR,1517
Driving Layup Shot,Layup,128,20100012,34.0443,0,0,-118.2698,10,2,0,2001-02,21,0,1.0,2PT Field Goal,Center(C),Restricted Area,Less Than 8 ft.,1610612747,Los Angeles Lakers,2001-10-30,LAL vs. POR,POR,1518
Reverse Layup Shot,Layup,188,20100012,34.0443,0,0,-118.2698,4,2,0,2001-02,58,0,,2PT Field Goal,Center(C),Restricted Area,Less Than 8 ft.,1610612747,Los Angeles Lakers,2001-10-30,LAL vs. POR,POR,1519
Jump Shot,Jump Shot,195,20100012,33.9363,100,108,-118.1698,4,2,0,2001-02,18,14,0.0,2PT Field Goal,Right Side(R),Mid-Range,8-16 ft.,1610612747,Los Angeles Lakers,2001-10-30,LAL vs. POR,POR,1520
Driving Layup Shot,Layup,227,20100012,34.0443,0,0,-118.2698,0,2,0,2001-02,48,0,1.0,2PT Field Goal,Center(C),Restricted Area,Less Than 8 ft.,1610612747,Los Angeles Lakers,2001-10-30,LAL vs. POR,POR,1521
Driving Layup Shot,Layup,232,20100012,34.0443,0,0,-118.2698,0,2,0,2001-02,4,0,0.0,2PT Field Goal,Center(C),Restricted Area,Less Than 8 ft.,1610612747,Los Angeles Lakers,2001-10-30,LAL vs. POR,POR,1522
Jump Shot,Jump Shot,242,20100012,34.0233,159,21,-118.1108,10,3,0,2001-02,58,16,0.0,2PT Field Goal,Right Side(R),Mid-Range,16-24 ft.,1610612747,Los Angeles Lakers,2001-10-30,LAL vs. POR,POR,1523
Jump Shot,Jump Shot,244,20100012,33.9153,7,129,-118.2628,10,3,0,2001-02,51,12,,2PT Field Goal,Center(C),In The Paint (Non-RA),8-16 ft.,1610612747,Los Angeles Lakers,2001-10-30,LAL vs. POR,POR,1524
Reverse Dunk Shot,Dunk,265,20100012,34.0443,0,0,-118.2698,8,3,0,2001-02,53,0,1.0,2PT Field Goal,Center(C),Restricted Area,Less Than 8 ft.,1610612747,Los Angeles Lakers,2001-10-30,LAL vs. POR,POR,1525
Driving Layup Shot,Layup,276,20100012,34.0443,0,0,-118.2698,7,3,0,2001-02,26,0,0.0,2PT Field Goal,Center(C),Restricted Area,Less Than 8 ft.,1610612747,Los Angeles Lakers,2001-10-30,LAL vs. POR,POR,1526
Jump Shot,Jump Shot,302,20100012,33.9533,30,91,-118.2398,5,3,0,2001-02,21,9,0.0,2PT Field Goal,Center(C),In The Paint (Non-RA),8-16 ft.,1610612747,Los Angeles Lakers,2001-10-30,LAL vs. POR,POR,1527
Reverse Layup Shot,Layup,325,20100012,34.0443,0,0,-118.2698,3,3,0,2001-02,11,0,0.0,2PT Field Goal,Center(C),Restricted Area,Less Than 8 ft.,1610612747,Los Angeles Lakers,2001-10-30,LAL vs. POR,POR,1528
Running Jump Shot,Jump Shot,352,20100012,33.9763,-27,68,-118.2968,0,3,0,2001-02,55,7,,2PT Field Goal,Center(C),In The Paint (Non-RA),Less Than 8 ft.,1610612747,Los Angeles Lakers,2001-10-30,LAL vs. POR,POR,1529
Alley Oop Dunk Shot,Dunk,360,20100012,34.0443,0,0,-118.2698,0,3,0,2001-02,36,0,1.0,2PT Field Goal,Center(C),Restricted Area,Less Than 8 ft.,1610612747,Los Angeles Lakers,2001-10-30,LAL vs. POR,POR,1530
Jump Shot,Jump Shot,363,20100012,33.8293,129,215,-118.1408,0,3,0,2001-02,3,25,1.0,3PT Field Goal,Right Side Center(RC),Above the Break 3,24+ ft.,1610612747,Los Angeles Lakers,2001-10-30,LAL vs. POR,POR,1531
Jump Shot,Jump Shot,431,20100012,33.9473,195,97,-118.0748,5,4,0,2001-02,33,21,0.0,2PT Field Goal,Right Side(R),Mid-Range,16-24 ft.,1610612747,Los Angeles Lakers,2001-10-30,LAL vs. POR,POR,1532
Alley Oop Layup shot,Layup,442,20100012,34.0443,0,0,-118.2698,4,4,0,2001-02,29,0,,2PT Field Goal,Center(C),Restricted Area,Less Than 8 ft.,1610612747,Los Angeles Lakers,2001-10-30,LAL vs. POR,POR,1533
Slam Dunk Shot,Dunk,463,20100012,34.0443,0,0,-118.2698,3,4,0,2001-02,7,0,1.0,2PT Field Goal,Center(C),Restricted Area,Less Than 8 ft.,1610612747,Los Angeles Lakers,2001-10-30,LAL vs. POR,POR,1534
Jump Shot,Jump Shot,29,20100023,33.9153,123,129,-118.1468,8,1,0,2001-02,34,17,1.0,2PT Field Goal,Right Side Center(RC),Mid-Range,16-24 ft.,1610612747,Los Angeles Lakers,2001-11-01,LAL @ UTA,UTA,1535
Jump Shot,Jump Shot,31,20100023,33.8603,-113,184,-118.3828,7,1,0,2001-02,55,21,1.0,2PT Field Goal,Left Side Center(LC),Mid-Range,16-24 ft.,1610612747,Los Angeles Lakers,2001-11-01,LAL @ UTA,UTA,1536
Jump Shot,Jump Shot,61,20100023,33.8443,-18,200,-118.2878,5,1,0,2001-02,18,20,0.0,2PT Field Goal,Center(C),Mid-Range,16-24 ft.,1610612747,Los Angeles Lakers,2001-11-01,LAL @ UTA,UTA,1537
Slam Dunk Shot,Dunk,81,20100023,34.0443,0,0,-118.2698,3,1,0,2001-02,30,0,,2PT Field Goal,Center(C),Restricted Area,Less Than 8 ft.,1610612747,Los Angeles Lakers,2001-11-01,LAL @ UTA,UTA,1538
Jump Shot,Jump Shot,109,20100023,34.0593,180,-15,-118.0898,0,1,0,2001-02,40,18,,2PT Field Goal,Right Side(R),Mid-Range,16-24 ft.,1610612747,Los Angeles Lakers,2001-11-01,LAL @ UTA,UTA,1539
Jump Shot,Jump Shot,124,20100023,33.8203,-98,224,-118.3678,11,2,0,2001-02,38,24,0.0,3PT Field Goal,Left Side Center(LC),Above the Break 3,24+ ft.,1610612747,Los Angeles Lakers,2001-11-01,LAL @ UTA,UTA,1540
Layup Shot,Layup,136,20100023,34.0443,0,0,-118.2698,10,2,0,2001-02,24,0,1.0,2PT Field Goal,Center(C),Restricted Area,Less Than 8 ft.,1610612747,Los Angeles Lakers,2001-11-01,LAL @ UTA,UTA,1541
Jump Shot,Jump Shot,197,20100023,33.8733,7,171,-118.2628,4,2,0,2001-02,59,17,0.0,2PT Field Goal,Center(C),Mid-Range,16-24 ft.,1610612747,Los Angeles Lakers,2001-11-01,LAL @ UTA,UTA,1542
Jump Shot,Jump Shot,270,20100023,34.0523,180,-8,-118.0898,9,3,0,2001-02,42,18,0.0,2PT Field Goal,Right Side(R),Mid-Range,16-24 ft.,1610612747,Los Angeles Lakers,2001-11-01,LAL @ UTA,UTA,1543
Jump Shot,Jump Shot,292,20100023,33.8963,-4,148,-118.2738,6,3,0,2001-02,50,14,1.0,2PT Field Goal,Center(C),Mid-Range,8-16 ft.,1610612747,Los Angeles Lakers,2001-11-01,LAL @ UTA,UTA,1544
Jump Shot,Jump Shot,294,20100023,33.9033,153,141,-118.1168,6,3,0,2001-02,12,20,0.0,2PT Field Goal,Right Side Center(RC),Mid-Range,16-24 ft.,1610612747,Los Angeles Lakers,2001-11-01,LAL @ UTA,UTA,1545
Layup Shot,Layup,315,20100023,34.0443,0,0,-118.2698,4,3,0,2001-02,13,0,,2PT Field Goal,Center(C),Restricted Area,Less Than 8 ft.,1610612747,Los Angeles Lakers,2001-11-01,LAL @ UTA,UTA,1546
Jump Shot,Jump Shot,332,20100023,34.0483,-176,-4,-118.4458,2,3,0,2001-02,31,17,1.0,2PT Field Goal,Left Side(L),Mid-Range,16-24 ft.,1610612747,Los Angeles Lakers,2001-11-01,LAL @ UTA,UTA,1547
Jump Shot,Jump Shot,338,20100023,34.0653,180,-21,-118.0898,1,3,0,2001-02,38,18,1.0,2PT Field Goal,Right Side(R),Mid-Range,16-24 ft.,1610612747,Los Angeles Lakers,2001-11-01,LAL @ UTA,UTA,1548
Alley Oop Dunk Shot,Dunk,356,20100023,34.0443,0,0,-118.2698,0,3,0,2001-02,47,0,1.0,2PT Field Goal,Center(C),Restricted Area,Less Than 8 ft.,1610612747,Los Angeles Lakers,2001-11-01,LAL @ UTA,UTA,1549
Jump Shot,Jump Shot,358,20100023,34.0653,195,-21,-118.0748,0,3,0,2001-02,24,19,0.0,2PT Field Goal,Right Side(R),Mid-Range,16-24 ft.,1610612747,Los Angeles Lakers,2001-11-01,LAL @ UTA,UTA,1550
Jump Shot,Jump Shot,373,20100023,33.8033,22,241,-118.2478,0,3,0,2001-02,2,24,1.0,3PT Field Goal,Center(C),Above the Break 3,24+ ft.,1610612747,Los Angeles Lakers,2001-11-01,LAL @ UTA,UTA,1551
Jump Shot,Jump Shot,398,20100023,33.8143,-134,230,-118.4038,10,4,0,2001-02,19,26,0.0,3PT Field Goal,Left Side Center(LC),Above the Break 3,24+ ft.,1610612747,Los Angeles Lakers,2001-11-01,LAL @ UTA,UTA,1552
Jump Shot,Jump Shot,401,20100023,34.0593,-185,-15,-118.4548,9,4,0,2001-02,56,18,0.0,2PT Field Goal,Left Side(L),Mid-Range,16-24 ft.,1610612747,Los Angeles Lakers,2001-11-01,LAL @ UTA,UTA,1553
Running Jump Shot,Jump Shot,464,20100023,34.0143,-33,30,-118.3028,4,4,0,2001-02,36,4,0.0,2PT Field Goal,Center(C),In The Paint (Non-RA),Less Than 8 ft.,1610612747,Los Angeles Lakers,2001-11-01,LAL @ UTA,UTA,1554
Jump Shot,Jump Shot,491,20100023,33.8733,73,171,-118.1968,2,4,0,2001-02,10,18,,2PT Field Goal,Right Side Center(RC),Mid-Range,16-24 ft.,1610612747,Los Angeles Lakers,2001-11-01,LAL @ UTA,UTA,1555
Jump Shot,Jump Shot,505,20100023,34.0653,-141,-21,-118.4108,1,4,0,2001-02,34,14,0.0,2PT Field Goal,Left Side(L),Mid-Range,8-16 ft.,1610612747,Los Angeles Lakers,2001-11-01,LAL @ UTA,UTA,1556
Layup Shot,Layup,17,20100033,34.0443,0,0,-118.2698,10,1,0,2001-02,8,0,1.0,2PT Field Goal,Center(C),Restricted Area,Less Than 8 ft.,1610612747,Los Angeles Lakers,2001-11-02,LAL vs. PHX,PHX,1557
Driving Dunk Shot,Dunk,44,20100033,34.0443,0,0,-118.2698,7,1,0,2001-02,8,0,1.0,2PT Field Goal,Center(C),Restricted Area,Less Than 8 ft.,1610612747,Los Angeles Lakers,2001-11-02,LAL vs. PHX,PHX,1558
Jump Shot,Jump Shot,116,20100033,33.9033,-92,141,-118.3618,0,1,0,2001-02,31,16,,2PT Field Goal,Left Side Center(LC),Mid-Range,16-24 ft.,1610612747,Los Angeles Lakers,2001-11-02,LAL vs. PHX,PHX,1559
Driving Layup Shot,Layup,137,20100033,34.0443,0,0,-118.2698,10,2,0,2001-02,4,0,0.0,2PT Field Goal,Center(C),Restricted Area,Less Than 8 ft.,1610612747,Los Angeles Lakers,2001-11-02,LAL vs. PHX,PHX,1560
Running Jump Shot,Jump Shot,256,20100033,33.9933,1,51,-118.2688,10,3,0,2001-02,28,5,1.0,2PT Field Goal,Center(C),In The Paint (Non-RA),Less Than 8 ft.,1610612747,Los Angeles Lakers,2001-11-02,LAL vs. PHX,PHX,1561
Jump Shot,Jump Shot,259,20100033,33.9263,138,118,-118.1318,10,3,0,2001-02,7,18,1.0,2PT Field Goal,Right Side Center(RC),Mid-Range,16-24 ft.,1610612747,Los Angeles Lakers,2001-11-02,LAL vs. PHX,PHX,1562
Fadeaway Jump Shot,Jump Shot,282,20100033,34.0103,58,34,-118.2118,7,3,0,2001-02,10,6,,2PT Field Goal,Center(C),In The Paint (Non-RA),Less Than 8 ft.,1610612747,Los Angeles Lakers,2001-11-02,LAL vs. PHX,PHX,1563
Jump Shot,Jump Shot,319,20100033,33.8863,94,158,-118.1758,3,3,0,2001-02,45,18,1.0,2PT Field Goal,Right Side Center(RC),Mid-Range,16-24 ft.,1610612747,Los Angeles Lakers,2001-11-02,LAL vs. PHX,PHX,1564
Driving Layup Shot,Layup,376,20100033,34.0443,0,0,-118.2698,10,4,0,2001-02,20,0,,2PT Field Goal,Center(C),Restricted Area,Less Than 8 ft.,1610612747,Los Angeles Lakers,2001-11-02,LAL vs. PHX,PHX,1565
Driving Layup Shot,Layup,395,20100033,34.0443,0,0,-118.2698,8,4,0,2001-02,59,0,1.0,2PT Field Goal,Center(C),Restricted Area,Less Than 8 ft.,1610612747,Los Angeles Lakers,2001-11-02,LAL vs. PHX,PHX,1566
Running Jump Shot,Jump Shot,414,20100033,33.9723,73,72,-118.1968,7,4,0,2001-02,9,10,1.0,2PT Field Goal,Right Side(R),In The Paint (Non-RA),8-16 ft.,1610612747,Los Angeles Lakers,2001-11-02,LAL vs. PHX,PHX,1567
Jump Shot,Jump Shot,420,20100033,34.0293,-98,15,-118.3678,6,4,0,2001-02,40,9,0.0,2PT Field Goal,Left Side(L),Mid-Range,8-16 ft.,1610612747,Los Angeles Lakers,2001-11-02,LAL vs. PHX,PHX,1568
Tip Shot,Tip Shot,423,20100033,34.0443,0,0,-118.2698,6,4,0,2001-02,33,0,0.0,2PT Field Goal,Center(C),Restricted Area,Less Than 8 ft.,1610612747,Los Angeles Lakers,2001-11-02,LAL vs. PHX,PHX,1569
Driving Layup Shot,Layup,431,20100033,34.0443,0,0,-118.2698,6,4,0,2001-02,13,0,1.0,2PT Field Goal,Center(C),Restricted Area,Less Than 8 ft.,1610612747,Los Angeles Lakers,2001-11-02,LAL vs. PHX,PHX,1570
Driving Layup Shot,Layup,30,20100051,34.0443,0,0,-118.2698,7,1,0,2001-02,29,0,1.0,2PT Field Goal,Center(C),Restricted Area,Less Than 8 ft.,1610612747,Los Angeles Lakers,2001-11-04,LAL vs. UTA,UTA,1571
Jump Shot,Jump Shot,39,20100051,33.9363,115,108,-118.1548,6,1,0,2001-02,46,15,0.0,2PT Field Goal,Right Side(R),Mid-Range,8-16 ft.,1610612747,Los Angeles Lakers,2001-11-04,LAL vs. UTA,UTA,1572
Turnaround Jump Shot,Jump Shot,95,20100051,33.9153,79,129,-118.1908,1,1,0,2001-02,58,15,1.0,2PT Field Goal,Right Side(R),In The Paint (Non-RA),8-16 ft.,1610612747,Los Angeles Lakers,2001-11-04,LAL vs. UTA,UTA,1573
Jump Shot,Jump Shot,107,20100051,33.8633,-141,181,-118.4108,0,1,0,2001-02,17,22,,2PT Field Goal,Left Side Center(LC),Mid-Range,16-24 ft.,1610612747,Los Angeles Lakers,2001-11-04,LAL vs. UTA,UTA,1574
Jump Shot,Jump Shot,140,20100051,33.9323,101,112,-118.1688,11,2,0,2001-02,2,15,0.0,2PT Field Goal,Right Side(R),Mid-Range,8-16 ft.,1610612747,Los Angeles Lakers,2001-11-04,LAL vs. UTA,UTA,1575
Turnaround Jump Shot,Jump Shot,147,20100051,34.0333,144,11,-118.1258,8,2,0,2001-02,26,14,1.0,2PT Field Goal,Right Side(R),Mid-Range,8-16 ft.,1610612747,Los Angeles Lakers,2001-11-04,LAL vs. UTA,UTA,1576
Jump Shot,Jump Shot,178,20100051,33.9533,-105,91,-118.3748,6,2,0,2001-02,11,13,0.0,2PT Field Goal,Left Side(L),Mid-Range,8-16 ft.,1610612747,Los Angeles Lakers,2001-11-04,LAL vs. UTA,UTA,1577
Jump Shot,Jump Shot,189,20100051,33.8523,-113,192,-118.3828,4,2,0,2001-02,55,22,0.0,2PT Field Goal,Left Side Center(LC),Mid-Range,16-24 ft.,1610612747,Los Angeles Lakers,2001-11-04,LAL vs. UTA,UTA,1578
Alley Oop Dunk Shot,Dunk,195,20100051,34.0443,0,0,-118.2698,3,2,0,2001-02,46,0,1.0,2PT Field Goal,Center(C),Restricted Area,Less Than 8 ft.,1610612747,Los Angeles Lakers,2001-11-04,LAL vs. UTA,UTA,1579
Jump Shot,Jump Shot,280,20100051,33.8463,1,198,-118.2688,10,3,0,2001-02,24,19,0.0,2PT Field Goal,Center(C),Mid-Range,16-24 ft.,1610612747,Los Angeles Lakers,2001-11-04,LAL vs. UTA,UTA,1580
Driving Layup Shot,Layup,292,20100051,34.0443,0,0,-118.2698,8,3,0,2001-02,56,0,1.0,2PT Field Goal,Center(C),Restricted Area,Less Than 8 ft.,1610612747,Los Angeles Lakers,2001-11-04,LAL vs. UTA,UTA,1581
Driving Layup Shot,Layup,313,20100051,34.0443,0,0,-118.2698,6,3,0,2001-02,41,0,1.0,2PT Field Goal,Center(C),Restricted Area,Less Than 8 ft.,1610612747,Los Angeles Lakers,2001-11-04,LAL vs. UTA,UTA,1582
Fadeaway Jump Shot,Jump Shot,357,20100051,33.8863,64,158,-118.2058,3,3,0,2001-02,1,17,1.0,2PT Field Goal,Right Side Center(RC),Mid-Range,16-24 ft.,1610612747,Los Angeles Lakers,2001-11-04,LAL vs. UTA,UTA,1583
Jump Shot,Jump Shot,413,20100051,33.9113,113,133,-118.1568,10,4,0,2001-02,38,17,1.0,2PT Field Goal,Right Side Center(RC),Mid-Range,16-24 ft.,1610612747,Los Angeles Lakers,2001-11-04,LAL vs. UTA,UTA,1584
Jump Shot,Jump Shot,422,20100051,34.0183,172,26,-118.0978,9,4,0,2001-02,11,17,1.0,2PT Field Goal,Right Side(R),Mid-Range,16-24 ft.,1610612747,Los Angeles Lakers,2001-11-04,LAL vs. UTA,UTA,1585
Jump Shot,Jump Shot,443,20100051,33.8883,-130,156,-118.3998,7,4,0,2001-02,25,20,0.0,2PT Field Goal,Left Side Center(LC),Mid-Range,16-24 ft.,1610612747,Los Angeles Lakers,2001-11-04,LAL vs. UTA,UTA,1586
Turnaround Jump Shot,Jump Shot,452,20100051,33.9113,-115,133,-118.3848,6,4,0,2001-02,58,17,1.0,2PT Field Goal,Left Side Center(LC),Mid-Range,16-24 ft.,1610612747,Los Angeles Lakers,2001-11-04,LAL vs. UTA,UTA,1587
Jump Shot,Jump Shot,454,20100051,33.8943,150,150,-118.1198,6,4,0,2001-02,20,21,1.0,2PT Field Goal,Right Side Center(RC),Mid-Range,16-24 ft.,1610612747,Los Angeles Lakers,2001-11-04,LAL vs. UTA,UTA,1588
Jump Shot,Jump Shot,461,20100051,34.0253,193,19,-118.0768,5,4,0,2001-02,8,19,1.0,2PT Field Goal,Right Side(R),Mid-Range,16-24 ft.,1610612747,Los Angeles Lakers,2001-11-04,LAL vs. UTA,UTA,1589
Layup Shot,Layup,513,20100051,34.0253,-20,19,-118.2898,1,4,0,2001-02,35,2,1.0,2PT Field Goal,Center(C),Restricted Area,Less Than 8 ft.,1610612747,Los Angeles Lakers,2001-11-04,LAL vs. UTA,UTA,1590
Jump Shot,Jump Shot,520,20100051,33.8713,-65,173,-118.3348,0,4,0,2001-02,29,18,,2PT Field Goal,Left Side Center(LC),Mid-Range,16-24 ft.,1610612747,Los Angeles Lakers,2001-11-04,LAL vs. UTA,UTA,1591
Jump Shot,Jump Shot,6,20100083,33.8463,3,198,-118.2668,11,1,0,2001-02,26,19,0.0,2PT Field Goal,Center(C),Mid-Range,16-24 ft.,1610612747,Los Angeles Lakers,2001-11-09,LAL vs. MEM,MEM,1592
Layup Shot,Layup,68,20100083,34.0443,0,0,-118.2698,5,1,0,2001-02,38,0,0.0,2PT Field Goal,Center(C),Restricted Area,Less Than 8 ft.,1610612747,Los Angeles Lakers,2001-11-09,LAL vs. MEM,MEM,1593
Jump Shot,Jump Shot,70,20100083,34.0233,-86,21,-118.3558,5,1,0,2001-02,32,8,,2PT Field Goal,Left Side(L),Mid-Range,8-16 ft.,1610612747,Los Angeles Lakers,2001-11-09,LAL vs. MEM,MEM,1594
Jump Shot,Jump Shot,73,20100083,33.8753,-115,169,-118.3848,5,1,0,2001-02,10,20,0.0,2PT Field Goal,Left Side Center(LC),Mid-Range,16-24 ft.,1610612747,Los Angeles Lakers,2001-11-09,LAL vs. MEM,MEM,1595
Jump Shot,Jump Shot,103,20100083,33.9763,-151,68,-118.4208,3,1,0,2001-02,15,16,0.0,2PT Field Goal,Left Side(L),Mid-Range,16-24 ft.,1610612747,Los Angeles Lakers,2001-11-09,LAL vs. MEM,MEM,1596
Jump Shot,Jump Shot,168,20100083,33.8863,125,158,-118.1448,9,2,0,2001-02,32,20,1.0,2PT Field Goal,Right Side Center(RC),Mid-Range,16-24 ft.,1610612747,Los Angeles Lakers,2001-11-09,LAL vs. MEM,MEM,1597
Jump Shot,Jump Shot,215,20100083,33.9593,-16,85,-118.2858,5,2,0,2001-02,44,8,0.0,2PT Field Goal,Center(C),In The Paint (Non-RA),8-16 ft.,1610612747,Los Angeles Lakers,2001-11-09,LAL vs. MEM,MEM,1598
Slam Dunk Shot,Dunk,268,20100083,34.0443,0,0,-118.2698,0,2,0,2001-02,50,0,1.0,2PT Field Goal,Center(C),Restricted Area,Less Than 8 ft.,1610612747,Los Angeles Lakers,2001-11-09,LAL vs. MEM,MEM,1599
Jump Shot,Jump Shot,275,20100083,33.8523,176,192,-118.0938,0,2,0,2001-02,25,26,1.0,3PT Field Goal,Right Side Center(RC),Above the Break 3,24+ ft.,1610612747,Los Angeles Lakers,2001-11-09,LAL vs. MEM,MEM,1600
Jump Shot,Jump Shot,297,20100083,34.0403,-157,4,-118.4268,9,3,0,2001-02,53,15,0.0,2PT Field Goal,Left Side(L),Mid-Range,8-16 ft.,1610612747,Los Angeles Lakers,2001-11-09,LAL vs. MEM,MEM,1601
Driving Layup Shot,Layup,310,20100083,34.0443,0,0,-118.2698,8,3,0,2001-02,3,0,1.0,2PT Field Goal,Center(C),Restricted Area,Less Than 8 ft.,1610612747,Los Angeles Lakers,2001-11-09,LAL vs. MEM,MEM,1602
Slam Dunk Shot,Dunk,343,20100083,34.0443,0,0,-118.2698,4,3,0,2001-02,56,0,1.0,2PT Field Goal,Center(C),Restricted Area,Less Than 8 ft.,1610612747,Los Angeles Lakers,2001-11-09,LAL vs. MEM,MEM,1603
Jump Shot,Jump Shot,384,20100083,33.8793,98,165,-118.1718,1,3,0,2001-02,18,19,0.0,2PT Field Goal,Right Side Center(RC),Mid-Range,16-24 ft.,1610612747,Los Angeles Lakers,2001-11-09,LAL vs. MEM,MEM,1604
Jump Shot,Jump Shot,393,20100083,34.0103,-172,34,-118.4418,0,3,0,2001-02,33,17,,2PT Field Goal,Left Side(L),Mid-Range,16-24 ft.,1610612747,Los Angeles Lakers,2001-11-09,LAL vs. MEM,MEM,1605
Jump Shot,Jump Shot,400,20100083,33.4563,-145,588,-118.4148,0,3,0,2001-02,0,60,0.0,3PT Field Goal,Back Court(BC),Backcourt,Back Court Shot,1610612747,Los Angeles Lakers,2001-11-09,LAL vs. MEM,MEM,1606
Driving Layup Shot,Layup,29,20100097,34.0043,1,40,-118.2688,9,1,0,2001-02,0,4,1.0,2PT Field Goal,Center(C),In The Paint (Non-RA),Less Than 8 ft.,1610612747,Los Angeles Lakers,2001-11-11,LAL vs. ORL,ORL,1607
Jump Shot,Jump Shot,153,20100097,33.8483,70,196,-118.1998,9,2,0,2001-02,46,20,1.0,2PT Field Goal,Right Side Center(RC),Mid-Range,16-24 ft.,1610612747,Los Angeles Lakers,2001-11-11,LAL vs. ORL,ORL,1608
Jump Shot,Jump Shot,171,20100097,34.0183,56,26,-118.2138,8,2,0,2001-02,7,6,1.0,2PT Field Goal,Center(C),In The Paint (Non-RA),Less Than 8 ft.,1610612747,Los Angeles Lakers,2001-11-11,LAL vs. ORL,ORL,1609
Jump Shot,Jump Shot,253,20100097,33.9623,-143,82,-118.4128,11,3,0,2001-02,36,16,0.0,2PT Field Goal,Left Side(L),Mid-Range,16-24 ft.,1610612747,Los Angeles Lakers,2001-11-11,LAL vs. ORL,ORL,1610
Jump Shot,Jump Shot,282,20100097,33.8883,91,156,-118.1788,8,3,0,2001-02,42,18,,2PT Field Goal,Right Side Center(RC),Mid-Range,16-24 ft.,1610612747,Los Angeles Lakers,2001-11-11,LAL vs. ORL,ORL,1611
Turnaround Jump Shot,Jump Shot,295,20100097,33.8653,-14,179,-118.2838,7,3,0,2001-02,18,17,1.0,2PT Field Goal,Center(C),Mid-Range,16-24 ft.,1610612747,Los Angeles Lakers,2001-11-11,LAL vs. ORL,ORL,1612
Jump Shot,Jump Shot,398,20100097,33.9173,-136,127,-118.4058,0,3,0,2001-02,32,18,0.0,2PT Field Goal,Left Side Center(LC),Mid-Range,16-24 ft.,1610612747,Los Angeles Lakers,2001-11-11,LAL vs. ORL,ORL,1613
Jump Shot,Jump Shot,425,20100097,33.8653,-14,179,-118.2838,10,4,0,2001-02,54,17,,2PT Field Goal,Center(C),Mid-Range,16-24 ft.,1610612747,Los Angeles Lakers,2001-11-11,LAL vs. ORL,ORL,1614
Alley Oop Dunk Shot,Dunk,434,20100097,34.0443,28,0,-118.2418,10,4,0,2001-02,24,2,1.0,2PT Field Goal,Center(C),Restricted Area,Less Than 8 ft.,1610612747,Los Angeles Lakers,2001-11-11,LAL vs. ORL,ORL,1615
Jump Shot,Jump Shot,456,20100097,33.9113,-115,133,-118.3848,8,4,0,2001-02,36,17,1.0,2PT Field Goal,Left Side Center(LC),Mid-Range,16-24 ft.,1610612747,Los Angeles Lakers,2001-11-11,LAL vs. ORL,ORL,1616
Jump Shot,Jump Shot,506,20100097,33.8713,77,173,-118.1928,4,4,0,2001-02,56,18,0.0,2PT Field Goal,Right Side Center(RC),Mid-Range,16-24 ft.,1610612747,Los Angeles Lakers,2001-11-11,LAL vs. ORL,ORL,1617
Layup Shot,Layup,513,20100097,34.0443,0,0,-118.2698,4,4,0,2001-02,27,0,1.0,2PT Field Goal,Center(C),Restricted Area,Less Than 8 ft.,1610612747,Los Angeles Lakers,2001-11-11,LAL vs. ORL,ORL,1618
Jump Shot,Jump Shot,529,20100097,34.0063,5,38,-118.2648,3,4,0,2001-02,38,3,0.0,2PT Field Goal,Center(C),Restricted Area,Less Than 8 ft.,1610612747,Los Angeles Lakers,2001-11-11,LAL vs. ORL,ORL,1619
Jump Shot,Jump Shot,10,20100119,34.0443,180,0,-118.0898,10,1,0,2001-02,28,18,,2PT Field Goal,Right Side(R),Mid-Range,16-24 ft.,1610612747,Los Angeles Lakers,2001-11-15,LAL @ HOU,HOU,1620
Fadeaway Jump Shot,Jump Shot,36,20100119,33.9893,167,55,-118.1028,6,1,0,2001-02,21,17,0.0,2PT Field Goal,Right Side(R),Mid-Range,16-24 ft.,1610612747,Los Angeles Lakers,2001-11-15,LAL @ HOU,HOU,1621
Follow Up Dunk Shot,Dunk,53,20100119,34.0443,0,0,-118.2698,3,1,0,2001-02,36,0,1.0,2PT Field Goal,Center(C),Restricted Area,Less Than 8 ft.,1610612747,Los Angeles Lakers,2001-11-15,LAL @ HOU,HOU,1622
Jump Shot,Jump Shot,63,20100119,33.9243,108,120,-118.1618,2,1,0,2001-02,23,16,0.0,2PT Field Goal,Right Side Center(RC),Mid-Range,16-24 ft.,1610612747,Los Angeles Lakers,2001-11-15,LAL @ HOU,HOU,1623
Jump Shot,Jump Shot,78,20100119,34.0023,-71,42,-118.3408,0,1,0,2001-02,28,8,0.0,2PT Field Goal,Left Side(L),In The Paint (Non-RA),8-16 ft.,1610612747,Los Angeles Lakers,2001-11-15,LAL @ HOU,HOU,1624
Jump Shot,Jump Shot,126,20100119,34.0023,11,42,-118.2588,7,2,0,2001-02,0,4,1.0,2PT Field Goal,Center(C),In The Paint (Non-RA),Less Than 8 ft.,1610612747,Los Angeles Lakers,2001-11-15,LAL @ HOU,HOU,1625
Jump Shot,Jump Shot,132,20100119,34.0253,-134,19,-118.4038,5,2,0,2001-02,42,13,,2PT Field Goal,Left Side(L),Mid-Range,8-16 ft.,1610612747,Los Angeles Lakers,2001-11-15,LAL @ HOU,HOU,1626
Jump Shot,Jump Shot,157,20100119,33.9453,144,99,-118.1258,2,2,0,2001-02,55,17,1.0,2PT Field Goal,Right Side(R),Mid-Range,16-24 ft.,1610612747,Los Angeles Lakers,2001-11-15,LAL @ HOU,HOU,1627
Turnaround Jump Shot,Jump Shot,189,20100119,33.9283,75,116,-118.1948,0,2,0,2001-02,3,13,1.0,2PT Field Goal,Right Side(R),In The Paint (Non-RA),8-16 ft.,1610612747,Los Angeles Lakers,2001-11-15,LAL @ HOU,HOU,1628
Turnaround Jump Shot,Jump Shot,197,20100119,33.9073,39,137,-118.2308,11,3,0,2001-02,28,14,1.0,2PT Field Goal,Center(C),In The Paint (Non-RA),8-16 ft.,1610612747,Los Angeles Lakers,2001-11-15,LAL @ HOU,HOU,1629
Jump Shot,Jump Shot,199,20100119,33.8943,138,150,-118.1318,10,3,0,2001-02,48,20,,2PT Field Goal,Right Side Center(RC),Mid-Range,16-24 ft.,1610612747,Los Angeles Lakers,2001-11-15,LAL @ HOU,HOU,1630
Jump Shot,Jump Shot,212,20100119,33.9173,167,127,-118.1028,8,3,0,2001-02,56,20,1.0,2PT Field Goal,Right Side Center(RC),Mid-Range,16-24 ft.,1610612747,Los Angeles Lakers,2001-11-15,LAL @ HOU,HOU,1631
Jump Shot,Jump Shot,225,20100119,33.7933,11,251,-118.2588,6,3,0,2001-02,28,25,,3PT Field Goal,Center(C),Above the Break 3,24+ ft.,1610612747,Los Angeles Lakers,2001-11-15,LAL @ HOU,HOU,1632
Jump Shot,Jump Shot,238,20100119,33.9383,-170,106,-118.4398,5,3,0,2001-02,34,20,0.0,2PT Field Goal,Left Side(L),Mid-Range,16-24 ft.,1610612747,Los Angeles Lakers,2001-11-15,LAL @ HOU,HOU,1633
Jump Shot,Jump Shot,246,20100119,33.9453,-8,99,-118.2778,5,3,0,2001-02,1,9,,2PT Field Goal,Center(C),In The Paint (Non-RA),8-16 ft.,1610612747,Los Angeles Lakers,2001-11-15,LAL @ HOU,HOU,1634
Jump Shot,Jump Shot,270,20100119,34.0503,144,-6,-118.1258,1,3,0,2001-02,48,14,0.0,2PT Field Goal,Right Side(R),Mid-Range,8-16 ft.,1610612747,Los Angeles Lakers,2001-11-15,LAL @ HOU,HOU,1635
Jump Shot,Jump Shot,279,20100119,34.0353,186,9,-118.0838,0,3,0,2001-02,52,18,1.0,2PT Field Goal,Right Side(R),Mid-Range,16-24 ft.,1610612747,Los Angeles Lakers,2001-11-15,LAL @ HOU,HOU,1636
Turnaround Jump Shot,Jump Shot,294,20100119,34.0443,180,0,-118.0898,11,4,0,2001-02,21,18,1.0,2PT Field Goal,Right Side(R),Mid-Range,16-24 ft.,1610612747,Los Angeles Lakers,2001-11-15,LAL @ HOU,HOU,1637
Jump Shot,Jump Shot,307,20100119,33.8883,-107,156,-118.3768,9,4,0,2001-02,42,18,1.0,2PT Field Goal,Left Side Center(LC),Mid-Range,16-24 ft.,1610612747,Los Angeles Lakers,2001-11-15,LAL @ HOU,HOU,1638
Jump Shot,Jump Shot,313,20100119,33.8563,-8,188,-118.2778,9,4,0,2001-02,5,18,0.0,2PT Field Goal,Center(C),Mid-Range,16-24 ft.,1610612747,Los Angeles Lakers,2001-11-15,LAL @ HOU,HOU,1639
Jump Shot,Jump Shot,317,20100119,33.9003,201,144,-118.0688,8,4,0,2001-02,44,24,0.0,3PT Field Goal,Right Side Center(RC),Above the Break 3,24+ ft.,1610612747,Los Angeles Lakers,2001-11-15,LAL @ HOU,HOU,1640
Jump Shot,Jump Shot,365,20100119,34.0183,81,26,-118.1888,4,4,0,2001-02,6,8,0.0,2PT Field Goal,Right Side(R),Mid-Range,8-16 ft.,1610612747,Los Angeles Lakers,2001-11-15,LAL @ HOU,HOU,1641
Fadeaway Jump Shot,Jump Shot,368,20100119,34.0443,-170,0,-118.4398,3,4,0,2001-02,25,17,1.0,2PT Field Goal,Left Side(L),Mid-Range,16-24 ft.,1610612747,Los Angeles Lakers,2001-11-15,LAL @ HOU,HOU,1642
Jump Shot,Jump Shot,380,20100119,33.9073,-94,137,-118.3638,2,4,0,2001-02,15,16,,2PT Field Goal,Left Side Center(LC),Mid-Range,16-24 ft.,1610612747,Los Angeles Lakers,2001-11-15,LAL @ HOU,HOU,1643
Driving Layup Shot,Layup,434,20100119,34.0443,0,0,-118.2698,4,5,0,2001-02,9,0,0.0,2PT Field Goal,Center(C),Restricted Area,Less Than 8 ft.,1610612747,Los Angeles Lakers,2001-11-15,LAL @ HOU,HOU,1644
Layup Shot,Layup,459,20100119,34.0443,0,0,-118.2698,2,5,0,2001-02,0,0,1.0,2PT Field Goal,Center(C),Restricted Area,Less Than 8 ft.,1610612747,Los Angeles Lakers,2001-11-15,LAL @ HOU,HOU,1645
Jump Shot,Jump Shot,474,20100119,34.0253,68,19,-118.2018,0,5,0,2001-02,24,7,0.0,2PT Field Goal,Center(C),In The Paint (Non-RA),Less Than 8 ft.,1610612747,Los Angeles Lakers,2001-11-15,LAL @ HOU,HOU,1646
Jump Shot,Jump Shot,64,20100127,33.9593,-50,85,-118.3198,3,1,0,2001-02,23,9,0.0,2PT Field Goal,Left Side(L),In The Paint (Non-RA),8-16 ft.,1610612747,Los Angeles Lakers,2001-11-16,LAL @ PHX,PHX,1647
Jump Shot,Jump Shot,94,20100127,34.0253,-178,19,-118.4478,0,1,0,2001-02,33,17,1.0,2PT Field Goal,Left Side(L),Mid-Range,16-24 ft.,1610612747,Los Angeles Lakers,2001-11-16,LAL @ PHX,PHX,1648
Jump Shot,Jump Shot,106,20100127,33.9873,-115,57,-118.3848,11,2,0,2001-02,20,12,0.0,2PT Field Goal,Left Side(L),Mid-Range,8-16 ft.,1610612747,Los Angeles Lakers,2001-11-16,LAL @ PHX,PHX,1649
Fadeaway Jump Shot,Jump Shot,123,20100127,34.0373,119,7,-118.1508,9,2,0,2001-02,48,11,0.0,2PT Field Goal,Right Side(R),Mid-Range,8-16 ft.,1610612747,Los Angeles Lakers,2001-11-16,LAL @ PHX,PHX,1650
Jump Shot,Jump Shot,169,20100127,33.8813,119,163,-118.1508,5,2,0,2001-02,20,20,,2PT Field Goal,Right Side Center(RC),Mid-Range,16-24 ft.,1610612747,Los Angeles Lakers,2001-11-16,LAL @ PHX,PHX,1651
Jump Shot,Jump Shot,249,20100127,33.8963,-44,148,-118.3138,8,3,0,2001-02,39,15,1.0,2PT Field Goal,Center(C),Mid-Range,8-16 ft.,1610612747,Los Angeles Lakers,2001-11-16,LAL @ PHX,PHX,1652
Jump Shot,Jump Shot,251,20100127,33.8813,-65,163,-118.3348,8,3,0,2001-02,10,17,0.0,2PT Field Goal,Left Side Center(LC),Mid-Range,16-24 ft.,1610612747,Los Angeles Lakers,2001-11-16,LAL @ PHX,PHX,1653
Jump Shot,Jump Shot,283,20100127,33.8413,-157,203,-118.4268,5,3,0,2001-02,0,25,1.0,3PT Field Goal,Left Side Center(LC),Above the Break 3,24+ ft.,1610612747,Los Angeles Lakers,2001-11-16,LAL @ PHX,PHX,1654
Jump Shot,Jump Shot,302,20100127,33.9193,-101,125,-118.3708,3,3,0,2001-02,6,16,,2PT Field Goal,Left Side Center(LC),Mid-Range,16-24 ft.,1610612747,Los Angeles Lakers,2001-11-16,LAL @ PHX,PHX,1655
Jump Shot,Jump Shot,314,20100127,33.9433,-151,101,-118.4208,1,3,0,2001-02,42,18,1.0,2PT Field Goal,Left Side(L),Mid-Range,16-24 ft.,1610612747,Los Angeles Lakers,2001-11-16,LAL @ PHX,PHX,1656
Jump Shot,Jump Shot,320,20100127,33.8463,-145,198,-118.4148,0,3,0,2001-02,44,24,0.0,3PT Field Goal,Left Side Center(LC),Above the Break 3,24+ ft.,1610612747,Los Angeles Lakers,2001-11-16,LAL @ PHX,PHX,1657
Jump Shot,Jump Shot,337,20100127,34.0103,-124,34,-118.3938,11,4,0,2001-02,15,12,,2PT Field Goal,Left Side(L),Mid-Range,8-16 ft.,1610612747,Los Angeles Lakers,2001-11-16,LAL @ PHX,PHX,1658
Jump Shot,Jump Shot,409,20100127,33.8963,3,148,-118.2668,4,4,0,2001-02,50,14,,2PT Field Goal,Center(C),Mid-Range,8-16 ft.,1610612747,Los Angeles Lakers,2001-11-16,LAL @ PHX,PHX,1659
Turnaround Jump Shot,Jump Shot,425,20100127,33.9533,-37,91,-118.3068,3,4,0,2001-02,47,9,1.0,2PT Field Goal,Center(C),In The Paint (Non-RA),8-16 ft.,1610612747,Los Angeles Lakers,2001-11-16,LAL @ PHX,PHX,1660
Jump Shot,Jump Shot,451,20100127,33.8863,-193,158,-118.4628,1,4,0,2001-02,36,24,0.0,3PT Field Goal,Left Side Center(LC),Above the Break 3,24+ ft.,1610612747,Los Angeles Lakers,2001-11-16,LAL @ PHX,PHX,1661
Turnaround Jump Shot,Jump Shot,8,20100143,33.9433,100,101,-118.1698,10,1,0,2001-02,49,14,1.0,2PT Field Goal,Right Side(R),Mid-Range,8-16 ft.,1610612747,Los Angeles Lakers,2001-11-18,LAL vs. SAC,SAC,1662
Jump Shot,Jump Shot,24,20100143,33.8583,-71,186,-118.3408,8,1,0,2001-02,54,19,1.0,2PT Field Goal,Left Side Center(LC),Mid-Range,16-24 ft.,1610612747,Los Angeles Lakers,2001-11-18,LAL vs. SAC,SAC,1663
Jump Shot,Jump Shot,92,20100143,33.9473,-155,97,-118.4248,0,1,0,2001-02,48,18,0.0,2PT Field Goal,Left Side(L),Mid-Range,16-24 ft.,1610612747,Los Angeles Lakers,2001-11-18,LAL vs. SAC,SAC,1664
Jump Shot,Jump Shot,98,20100143,33.8463,-4,198,-118.2738,0,1,0,2001-02,30,19,,2PT Field Goal,Center(C),Mid-Range,16-24 ft.,1610612747,Los Angeles Lakers,2001-11-18,LAL vs. SAC,SAC,1665
Jump Shot,Jump Shot,143,20100143,33.9763,64,68,-118.2058,9,2,0,2001-02,41,9,1.0,2PT Field Goal,Right Side(R),In The Paint (Non-RA),8-16 ft.,1610612747,Los Angeles Lakers,2001-11-18,LAL vs. SAC,SAC,1666
Slam Dunk Shot,Dunk,145,20100143,34.0443,0,0,-118.2698,9,2,0,2001-02,21,0,1.0,2PT Field Goal,Center(C),Restricted Area,Less Than 8 ft.,1610612747,Los Angeles Lakers,2001-11-18,LAL vs. SAC,SAC,1667
Jump Shot,Jump Shot,153,20100143,33.9033,94,141,-118.1758,8,2,0,2001-02,17,16,0.0,2PT Field Goal,Right Side Center(RC),Mid-Range,16-24 ft.,1610612747,Los Angeles Lakers,2001-11-18,LAL vs. SAC,SAC,1668
Jump Shot,Jump Shot,316,20100143,33.9723,-92,72,-118.3618,6,3,0,2001-02,57,11,0.0,2PT Field Goal,Left Side(L),Mid-Range,8-16 ft.,1610612747,Los Angeles Lakers,2001-11-18,LAL vs. SAC,SAC,1669
Reverse Dunk Shot,Dunk,323,20100143,34.0443,0,0,-118.2698,6,3,0,2001-02,29,0,1.0,2PT Field Goal,Center(C),Restricted Area,Less Than 8 ft.,1610612747,Los Angeles Lakers,2001-11-18,LAL vs. SAC,SAC,1670
Layup Shot,Layup,339,20100143,34.0443,0,0,-118.2698,4,3,0,2001-02,44,0,0.0,2PT Field Goal,Center(C),Restricted Area,Less Than 8 ft.,1610612747,Los Angeles Lakers,2001-11-18,LAL vs. SAC,SAC,1671
Jump Shot,Jump Shot,353,20100143,33.8923,-134,152,-118.4038,3,3,0,2001-02,9,20,1.0,2PT Field Goal,Left Side Center(LC),Mid-Range,16-24 ft.,1610612747,Los Angeles Lakers,2001-11-18,LAL vs. SAC,SAC,1672
Jump Shot,Jump Shot,381,20100143,34.0403,-134,4,-118.4038,11,4,0,2001-02,44,13,0.0,2PT Field Goal,Left Side(L),Mid-Range,8-16 ft.,1610612747,Los Angeles Lakers,2001-11-18,LAL vs. SAC,SAC,1673
Driving Layup Shot,Layup,405,20100143,34.0443,0,0,-118.2698,8,4,0,2001-02,44,0,1.0,2PT Field Goal,Center(C),Restricted Area,Less Than 8 ft.,1610612747,Los Angeles Lakers,2001-11-18,LAL vs. SAC,SAC,1674
Jump Shot,Jump Shot,409,20100143,33.9153,30,129,-118.2398,8,4,0,2001-02,20,13,,2PT Field Goal,Center(C),In The Paint (Non-RA),8-16 ft.,1610612747,Los Angeles Lakers,2001-11-18,LAL vs. SAC,SAC,1675
Jump Shot,Jump Shot,463,20100143,33.9263,-134,118,-118.4038,4,4,0,2001-02,41,17,1.0,2PT Field Goal,Left Side Center(LC),Mid-Range,16-24 ft.,1610612747,Los Angeles Lakers,2001-11-18,LAL vs. SAC,SAC,1676
Layup Shot,Layup,474,20100143,34.0443,0,0,-118.2698,3,4,0,2001-02,41,0,0.0,2PT Field Goal,Center(C),Restricted Area,Less Than 8 ft.,1610612747,Los Angeles Lakers,2001-11-18,LAL vs. SAC,SAC,1677
Running Jump Shot,Jump Shot,493,20100143,33.9753,-23,69,-118.2928,3,4,0,2001-02,0,7,0.0,2PT Field Goal,Center(C),In The Paint (Non-RA),Less Than 8 ft.,1610612747,Los Angeles Lakers,2001-11-18,LAL vs. SAC,SAC,1678
Jump Shot,Jump Shot,498,20100143,33.9193,108,125,-118.1618,2,4,0,2001-02,23,16,0.0,2PT Field Goal,Right Side Center(RC),Mid-Range,16-24 ft.,1610612747,Los Angeles Lakers,2001-11-18,LAL vs. SAC,SAC,1679
Dunk Shot,Dunk,527,20100143,34.0443,0,0,-118.2698,1,4,0,2001-02,5,0,,2PT Field Goal,Center(C),Restricted Area,Less Than 8 ft.,1610612747,Los Angeles Lakers,2001-11-18,LAL vs. SAC,SAC,1680
Jump Shot,Jump Shot,34,20100152,33.9343,102,110,-118.1678,8,1,0,2001-02,16,15,0.0,2PT Field Goal,Right Side(R),Mid-Range,8-16 ft.,1610612747,Los Angeles Lakers,2001-11-20,LAL @ LAC,LAC,1681
Jump Shot,Jump Shot,59,20100152,33.9623,-115,82,-118.3848,5,1,0,2001-02,33,14,0.0,2PT Field Goal,Left Side(L),Mid-Range,8-16 ft.,1610612747,Los Angeles Lakers,2001-11-20,LAL @ LAC,LAC,1682
Jump Shot,Jump Shot,117,20100152,33.8943,218,150,-118.0518,0,1,0,2001-02,0,26,1.0,3PT Field Goal,Right Side Center(RC),Above the Break 3,24+ ft.,1610612747,Los Angeles Lakers,2001-11-20,LAL @ LAC,LAC,1683
Jump Shot,Jump Shot,127,20100152,33.9113,-31,133,-118.3008,10,2,0,2001-02,57,13,0.0,2PT Field Goal,Center(C),In The Paint (Non-RA),8-16 ft.,1610612747,Los Angeles Lakers,2001-11-20,LAL @ LAC,LAC,1684
Jump Shot,Jump Shot,130,20100152,33.8943,-79,150,-118.3488,10,2,0,2001-02,33,16,1.0,2PT Field Goal,Left Side Center(LC),Mid-Range,16-24 ft.,1610612747,Los Angeles Lakers,2001-11-20,LAL @ LAC,LAC,1685
Jump Shot,Jump Shot,145,20100152,33.8733,-88,171,-118.3578,9,2,0,2001-02,0,19,1.0,2PT Field Goal,Left Side Center(LC),Mid-Range,16-24 ft.,1610612747,Los Angeles Lakers,2001-11-20,LAL @ LAC,LAC,1686
Jump Shot,Jump Shot,212,20100152,33.9113,-37,133,-118.3068,3,2,0,2001-02,31,13,0.0,2PT Field Goal,Center(C),In The Paint (Non-RA),8-16 ft.,1610612747,Los Angeles Lakers,2001-11-20,LAL @ LAC,LAC,1687
Jump Shot,Jump Shot,233,20100152,33.8443,-151,200,-118.4208,1,2,0,2001-02,0,25,1.0,3PT Field Goal,Left Side Center(LC),Above the Break 3,24+ ft.,1610612747,Los Angeles Lakers,2001-11-20,LAL @ LAC,LAC,1688
Reverse Layup Shot,Layup,321,20100152,34.0443,0,0,-118.2698,5,3,0,2001-02,3,0,1.0,2PT Field Goal,Center(C),Restricted Area,Less Than 8 ft.,1610612747,Los Angeles Lakers,2001-11-20,LAL @ LAC,LAC,1689
Jump Shot,Jump Shot,347,20100152,33.9003,81,144,-118.1888,1,3,0,2001-02,23,16,,2PT Field Goal,Right Side Center(RC),Mid-Range,16-24 ft.,1610612747,Los Angeles Lakers,2001-11-20,LAL @ LAC,LAC,1690
Jump Shot,Jump Shot,355,20100152,33.7993,-37,245,-118.3068,0,3,0,2001-02,4,24,1.0,3PT Field Goal,Center(C),Above the Break 3,24+ ft.,1610612747,Los Angeles Lakers,2001-11-20,LAL @ LAC,LAC,1691
Jump Shot,Jump Shot,377,20100152,33.9743,146,70,-118.1238,10,4,0,2001-02,6,16,0.0,2PT Field Goal,Right Side(R),Mid-Range,16-24 ft.,1610612747,Los Angeles Lakers,2001-11-20,LAL @ LAC,LAC,1692
Jump Shot,Jump Shot,467,20100152,34.0313,-37,13,-118.3068,2,4,0,2001-02,33,3,0.0,2PT Field Goal,Center(C),Restricted Area,Less Than 8 ft.,1610612747,Los Angeles Lakers,2001-11-20,LAL @ LAC,LAC,1693
Jump Shot,Jump Shot,538,20100152,34.0443,0,0,-118.2698,0,4,0,2001-02,0,0,0.0,2PT Field Goal,Center(C),Restricted Area,Less Than 8 ft.,1610612747,Los Angeles Lakers,2001-11-20,LAL @ LAC,LAC,1694
Jump Shot,Jump Shot,12,20100161,33.9593,-153,85,-118.4228,10,1,0,2001-02,14,17,1.0,2PT Field Goal,Left Side(L),Mid-Range,16-24 ft.,1610612747,Los Angeles Lakers,2001-11-21,LAL @ DEN,DEN,1695
Jump Shot,Jump Shot,25,20100161,34.0183,-48,26,-118.3178,7,1,0,2001-02,51,5,,2PT Field Goal,Center(C),In The Paint (Non-RA),Less Than 8 ft.,1610612747,Los Angeles Lakers,2001-11-21,LAL @ DEN,DEN,1696
Jump Shot,Jump Shot,27,20100161,33.9953,-153,49,-118.4228,7,1,0,2001-02,47,16,1.0,2PT Field Goal,Left Side(L),Mid-Range,16-24 ft.,1610612747,Los Angeles Lakers,2001-11-21,LAL @ DEN,DEN,1697
Jump Shot,Jump Shot,43,20100161,33.9033,220,141,-118.0498,5,1,0,2001-02,50,26,0.0,3PT Field Goal,Right Side Center(RC),Above the Break 3,24+ ft.,1610612747,Los Angeles Lakers,2001-11-21,LAL @ DEN,DEN,1698
Jump Shot,Jump Shot,47,20100161,34.0403,-90,4,-118.3598,5,1,0,2001-02,33,9,1.0,2PT Field Goal,Left Side(L),Mid-Range,8-16 ft.,1610612747,Los Angeles Lakers,2001-11-21,LAL @ DEN,DEN,1699
Jump Shot,Jump Shot,52,20100161,33.9433,-162,101,-118.4318,4,1,0,2001-02,44,19,0.0,2PT Field Goal,Left Side(L),Mid-Range,16-24 ft.,1610612747,Los Angeles Lakers,2001-11-21,LAL @ DEN,DEN,1700
Tip Shot,Tip Shot,62,20100161,34.0443,0,0,-118.2698,3,1,0,2001-02,35,0,0.0,2PT Field Goal,Center(C),Restricted Area,Less Than 8 ft.,1610612747,Los Angeles Lakers,2001-11-21,LAL @ DEN,DEN,1701
Tip Shot,Tip Shot,64,20100161,34.0443,0,0,-118.2698,3,1,0,2001-02,33,0,1.0,2PT Field Goal,Center(C),Restricted Area,Less Than 8 ft.,1610612747,Los Angeles Lakers,2001-11-21,LAL @ DEN,DEN,1702
Jump Shot,Jump Shot,88,20100161,34.0233,-168,21,-118.4378,0,1,0,2001-02,52,16,0.0,2PT Field Goal,Left Side(L),Mid-Range,16-24 ft.,1610612747,Los Angeles Lakers,2001-11-21,LAL @ DEN,DEN,1703
Jump Shot,Jump Shot,184,20100161,33.9493,43,95,-118.2268,3,2,0,2001-02,40,10,1.0,2PT Field Goal,Center(C),In The Paint (Non-RA),8-16 ft.,1610612747,Los Angeles Lakers,2001-11-21,LAL @ DEN,DEN,1704
Alley Oop Layup shot,Layup,205,20100161,34.0443,0,0,-118.2698,1,2,0,2001-02,45,0,1.0,2PT Field Goal,Center(C),Restricted Area,Less Than 8 ft.,1610612747,Los Angeles Lakers,2001-11-21,LAL @ DEN,DEN,1705
Driving Dunk Shot,Dunk,241,20100161,34.0443,0,0,-118.2698,9,3,0,2001-02,37,0,1.0,2PT Field Goal,Center(C),Restricted Area,Less Than 8 ft.,1610612747,Los Angeles Lakers,2001-11-21,LAL @ DEN,DEN,1706
Jump Shot,Jump Shot,369,20100161,34.0503,191,-6,-118.0788,7,4,0,2001-02,51,19,0.0,2PT Field Goal,Right Side(R),Mid-Range,16-24 ft.,1610612747,Los Angeles Lakers,2001-11-21,LAL @ DEN,DEN,1707
Jump Shot,Jump Shot,379,20100161,33.8963,-195,148,-118.4648,6,4,0,2001-02,28,24,1.0,3PT Field Goal,Left Side Center(LC),Above the Break 3,24+ ft.,1610612747,Los Angeles Lakers,2001-11-21,LAL @ DEN,DEN,1708
Turnaround Jump Shot,Jump Shot,400,20100161,34.0063,-117,38,-118.3868,4,4,0,2001-02,5,12,1.0,2PT Field Goal,Left Side(L),Mid-Range,8-16 ft.,1610612747,Los Angeles Lakers,2001-11-21,LAL @ DEN,DEN,1709
Dunk Shot,Dunk,3,20100178,34.0443,0,0,-118.2698,11,1,0,2001-02,32,0,1.0,2PT Field Goal,Center(C),Restricted Area,Less Than 8 ft.,1610612747,Los Angeles Lakers,2001-11-23,LAL vs. GSW,GSW,1710
Jump Shot,Jump Shot,25,20100178,34.0443,0,0,-118.2698,9,1,0,2001-02,30,0,1.0,2PT Field Goal,Center(C),Restricted Area,Less Than 8 ft.,1610612747,Los Angeles Lakers,2001-11-23,LAL vs. GSW,GSW,1711
Jump Shot,Jump Shot,55,20100178,34.0083,-92,36,-118.3618,7,1,0,2001-02,6,9,0.0,2PT Field Goal,Left Side(L),Mid-Range,8-16 ft.,1610612747,Los Angeles Lakers,2001-11-23,LAL vs. GSW,GSW,1712
Jump Shot,Jump Shot,57,20100178,33.9513,-56,93,-118.3258,7,1,0,2001-02,1,10,1.0,2PT Field Goal,Left Side(L),In The Paint (Non-RA),8-16 ft.,1610612747,Los Angeles Lakers,2001-11-23,LAL vs. GSW,GSW,1713
Jump Shot,Jump Shot,66,20100178,33.9783,-33,66,-118.3028,6,1,0,2001-02,4,7,,2PT Field Goal,Center(C),In The Paint (Non-RA),Less Than 8 ft.,1610612747,Los Angeles Lakers,2001-11-23,LAL vs. GSW,GSW,1714
Jump Shot,Jump Shot,72,20100178,33.9853,89,59,-118.1808,5,1,0,2001-02,21,10,1.0,2PT Field Goal,Right Side(R),Mid-Range,8-16 ft.,1610612747,Los Angeles Lakers,2001-11-23,LAL vs. GSW,GSW,1715
Jump Shot,Jump Shot,119,20100178,33.8733,-8,171,-118.2778,0,1,0,2001-02,40,17,1.0,2PT Field Goal,Center(C),Mid-Range,16-24 ft.,1610612747,Los Angeles Lakers,2001-11-23,LAL vs. GSW,GSW,1716
Jump Shot,Jump Shot,197,20100178,33.7933,62,251,-118.2078,4,2,0,2001-02,54,25,0.0,3PT Field Goal,Center(C),Above the Break 3,24+ ft.,1610612747,Los Angeles Lakers,2001-11-23,LAL vs. GSW,GSW,1717
Driving Layup Shot,Layup,218,20100178,34.0443,0,0,-118.2698,2,2,0,2001-02,47,0,1.0,2PT Field Goal,Center(C),Restricted Area,Less Than 8 ft.,1610612747,Los Angeles Lakers,2001-11-23,LAL vs. GSW,GSW,1718
Driving Layup Shot,Layup,234,20100178,34.0443,0,0,-118.2698,0,2,0,2001-02,28,0,1.0,2PT Field Goal,Center(C),Restricted Area,Less Than 8 ft.,1610612747,Los Angeles Lakers,2001-11-23,LAL vs. GSW,GSW,1719
Jump Shot,Jump Shot,344,20100178,33.9523,-102,92,-118.3718,9,3,0,2001-02,47,13,0.0,2PT Field Goal,Left Side(L),Mid-Range,8-16 ft.,1610612747,Los Angeles Lakers,2001-11-23,LAL vs. GSW,GSW,1720
Jump Shot,Jump Shot,386,20100178,33.9003,-166,144,-118.4358,10,4,0,2001-02,29,21,,2PT Field Goal,Left Side Center(LC),Mid-Range,16-24 ft.,1610612747,Los Angeles Lakers,2001-11-23,LAL vs. GSW,GSW,1721
Jump Shot,Jump Shot,399,20100178,33.9243,98,120,-118.1718,9,4,0,2001-02,0,15,1.0,2PT Field Goal,Right Side(R),Mid-Range,8-16 ft.,1610612747,Los Angeles Lakers,2001-11-23,LAL vs. GSW,GSW,1722
Jump Shot,Jump Shot,401,20100178,33.9113,110,133,-118.1598,8,4,0,2001-02,23,17,1.0,2PT Field Goal,Right Side Center(RC),Mid-Range,16-24 ft.,1610612747,Los Angeles Lakers,2001-11-23,LAL vs. GSW,GSW,1723
Jump Shot,Jump Shot,43,20100192,34.0403,-136,4,-118.4058,7,1,0,2001-02,10,13,1.0,2PT Field Goal,Left Side(L),Mid-Range,8-16 ft.,1610612747,Los Angeles Lakers,2001-11-25,LAL vs. DEN,DEN,1724
Jump Shot,Jump Shot,47,20100192,33.9433,83,101,-118.1868,6,1,0,2001-02,4,13,1.0,2PT Field Goal,Right Side(R),Mid-Range,8-16 ft.,1610612747,Los Angeles Lakers,2001-11-25,LAL vs. DEN,DEN,1725
Jump Shot,Jump Shot,55,20100192,33.8793,-65,165,-118.3348,4,1,0,2001-02,31,17,,2PT Field Goal,Left Side Center(LC),Mid-Range,16-24 ft.,1610612747,Los Angeles Lakers,2001-11-25,LAL vs. DEN,DEN,1726
Slam Dunk Shot,Dunk,60,20100192,34.0443,0,0,-118.2698,4,1,0,2001-02,3,0,1.0,2PT Field Goal,Center(C),Restricted Area,Less Than 8 ft.,1610612747,Los Angeles Lakers,2001-11-25,LAL vs. DEN,DEN,1727
Jump Shot,Jump Shot,64,20100192,33.8633,-58,181,-118.3278,3,1,0,2001-02,23,19,,2PT Field Goal,Center(C),Mid-Range,16-24 ft.,1610612747,Los Angeles Lakers,2001-11-25,LAL vs. DEN,DEN,1728
Turnaround Jump Shot,Jump Shot,69,20100192,33.9153,3,129,-118.2668,2,1,0,2001-02,35,12,0.0,2PT Field Goal,Center(C),In The Paint (Non-RA),8-16 ft.,1610612747,Los Angeles Lakers,2001-11-25,LAL vs. DEN,DEN,1729
Turnaround Jump Shot,Jump Shot,85,20100192,34.0043,153,40,-118.1168,1,1,0,2001-02,35,15,0.0,2PT Field Goal,Right Side(R),Mid-Range,8-16 ft.,1610612747,Los Angeles Lakers,2001-11-25,LAL vs. DEN,DEN,1730
Jump Shot,Jump Shot,94,20100192,33.8863,77,158,-118.1928,0,1,0,2001-02,31,17,0.0,2PT Field Goal,Right Side Center(RC),Mid-Range,16-24 ft.,1610612747,Los Angeles Lakers,2001-11-25,LAL vs. DEN,DEN,1731
Running Jump Shot,Jump Shot,106,20100192,34.0233,-101,21,-118.3708,11,2,0,2001-02,41,10,1.0,2PT Field Goal,Left Side(L),Mid-Range,8-16 ft.,1610612747,Los Angeles Lakers,2001-11-25,LAL vs. DEN,DEN,1732
Jump Shot,Jump Shot,165,20100192,33.9033,110,141,-118.1598,5,2,0,2001-02,38,17,1.0,2PT Field Goal,Right Side Center(RC),Mid-Range,16-24 ft.,1610612747,Los Angeles Lakers,2001-11-25,LAL vs. DEN,DEN,1733
Jump Shot,Jump Shot,198,20100192,33.9193,104,125,-118.1658,1,2,0,2001-02,18,16,,2PT Field Goal,Right Side Center(RC),Mid-Range,16-24 ft.,1610612747,Los Angeles Lakers,2001-11-25,LAL vs. DEN,DEN,1734
Jump Shot,Jump Shot,206,20100192,33.9473,125,97,-118.1448,0,2,0,2001-02,47,15,,2PT Field Goal,Right Side(R),Mid-Range,8-16 ft.,1610612747,Los Angeles Lakers,2001-11-25,LAL vs. DEN,DEN,1735
Jump Shot,Jump Shot,214,20100192,33.8293,161,215,-118.1088,0,2,0,2001-02,5,26,0.0,3PT Field Goal,Right Side Center(RC),Above the Break 3,24+ ft.,1610612747,Los Angeles Lakers,2001-11-25,LAL vs. DEN,DEN,1736
Jump Shot,Jump Shot,228,20100192,33.8583,-8,186,-118.2778,10,3,0,2001-02,59,18,0.0,2PT Field Goal,Center(C),Mid-Range,16-24 ft.,1610612747,Los Angeles Lakers,2001-11-25,LAL vs. DEN,DEN,1737
Jump Shot,Jump Shot,261,20100192,33.8753,-65,169,-118.3348,6,3,0,2001-02,38,18,1.0,2PT Field Goal,Left Side Center(LC),Mid-Range,16-24 ft.,1610612747,Los Angeles Lakers,2001-11-25,LAL vs. DEN,DEN,1738
Layup Shot,Layup,319,20100192,34.0043,3,40,-118.2668,0,3,0,2001-02,32,4,0.0,2PT Field Goal,Center(C),In The Paint (Non-RA),Less Than 8 ft.,1610612747,Los Angeles Lakers,2001-11-25,LAL vs. DEN,DEN,1739
Jump Shot,Jump Shot,344,20100192,33.9323,3,112,-118.2668,9,4,0,2001-02,58,11,,2PT Field Goal,Center(C),In The Paint (Non-RA),8-16 ft.,1610612747,Los Angeles Lakers,2001-11-25,LAL vs. DEN,DEN,1740
Turnaround Jump Shot,Jump Shot,416,20100192,33.9363,104,108,-118.1658,1,4,0,2001-02,33,14,0.0,2PT Field Goal,Right Side(R),Mid-Range,8-16 ft.,1610612747,Los Angeles Lakers,2001-11-25,LAL vs. DEN,DEN,1741
Driving Layup Shot,Layup,442,20100192,34.0443,0,0,-118.2698,0,4,0,2001-02,26,0,1.0,2PT Field Goal,Center(C),Restricted Area,Less Than 8 ft.,1610612747,Los Angeles Lakers,2001-11-25,LAL vs. DEN,DEN,1742
Running Jump Shot,Jump Shot,19,20100204,34.0443,0,0,-118.2698,9,1,0,2001-02,36,0,1.0,2PT Field Goal,Center(C),Restricted Area,Less Than 8 ft.,1610612747,Los Angeles Lakers,2001-11-27,LAL vs. MIL,MIL,1743
Running Jump Shot,Jump Shot,40,20100204,33.9193,-94,125,-118.3638,6,1,0,2001-02,22,15,,2PT Field Goal,Left Side(L),Mid-Range,8-16 ft.,1610612747,Los Angeles Lakers,2001-11-27,LAL vs. MIL,MIL,1744
Turnaround Jump Shot,Jump Shot,78,20100204,34.0353,157,9,-118.1128,2,1,0,2001-02,16,15,0.0,2PT Field Goal,Right Side(R),Mid-Range,8-16 ft.,1610612747,Los Angeles Lakers,2001-11-27,LAL vs. MIL,MIL,1745
Running Jump Shot,Jump Shot,84,20100204,34.0023,11,42,-118.2588,1,1,0,2001-02,18,4,0.0,2PT Field Goal,Center(C),In The Paint (Non-RA),Less Than 8 ft.,1610612747,Los Angeles Lakers,2001-11-27,LAL vs. MIL,MIL,1746
Jump Shot,Jump Shot,89,20100204,33.9363,-138,108,-118.4078,1,1,0,2001-02,0,17,,2PT Field Goal,Left Side Center(LC),Mid-Range,16-24 ft.,1610612747,Los Angeles Lakers,2001-11-27,LAL vs. MIL,MIL,1747
Driving Layup Shot,Layup,202,20100204,34.0443,0,0,-118.2698,1,2,0,2001-02,49,0,1.0,2PT Field Goal,Center(C),Restricted Area,Less Than 8 ft.,1610612747,Los Angeles Lakers,2001-11-27,LAL vs. MIL,MIL,1748
Reverse Layup Shot,Layup,216,20100204,34.0443,0,0,-118.2698,0,2,0,2001-02,50,0,0.0,2PT Field Goal,Center(C),Restricted Area,Less Than 8 ft.,1610612747,Los Angeles Lakers,2001-11-27,LAL vs. MIL,MIL,1749
Jump Shot,Jump Shot,218,20100204,34.0443,0,0,-118.2698,0,2,0,2001-02,44,0,0.0,2PT Field Goal,Center(C),Restricted Area,Less Than 8 ft.,1610612747,Los Angeles Lakers,2001-11-27,LAL vs. MIL,MIL,1750
Jump Shot,Jump Shot,223,20100204,33.7823,-1,262,-118.2708,0,2,0,2001-02,29,26,1.0,3PT Field Goal,Center(C),Above the Break 3,24+ ft.,1610612747,Los Angeles Lakers,2001-11-27,LAL vs. MIL,MIL,1751
Jump Shot,Jump Shot,243,20100204,34.0353,-138,9,-118.4078,10,3,0,2001-02,20,13,,2PT Field Goal,Left Side(L),Mid-Range,8-16 ft.,1610612747,Los Angeles Lakers,2001-11-27,LAL vs. MIL,MIL,1752
Slam Dunk Shot,Dunk,249,20100204,34.0443,0,0,-118.2698,9,3,0,2001-02,59,0,1.0,2PT Field Goal,Center(C),Restricted Area,Less Than 8 ft.,1610612747,Los Angeles Lakers,2001-11-27,LAL vs. MIL,MIL,1753
Fadeaway Jump Shot,Jump Shot,254,20100204,34.0503,148,-6,-118.1218,9,3,0,2001-02,15,14,1.0,2PT Field Goal,Right Side(R),Mid-Range,8-16 ft.,1610612747,Los Angeles Lakers,2001-11-27,LAL vs. MIL,MIL,1754
Jump Shot,Jump Shot,306,20100204,33.8393,77,205,-118.1928,3,3,0,2001-02,28,21,0.0,2PT Field Goal,Right Side Center(RC),Mid-Range,16-24 ft.,1610612747,Los Angeles Lakers,2001-11-27,LAL vs. MIL,MIL,1755
Jump Shot,Jump Shot,310,20100204,33.8963,91,148,-118.1788,3,3,0,2001-02,14,17,0.0,2PT Field Goal,Right Side Center(RC),Mid-Range,16-24 ft.,1610612747,Los Angeles Lakers,2001-11-27,LAL vs. MIL,MIL,1756
Slam Dunk Shot,Dunk,314,20100204,34.0443,0,0,-118.2698,2,3,0,2001-02,54,0,1.0,2PT Field Goal,Center(C),Restricted Area,Less Than 8 ft.,1610612747,Los Angeles Lakers,2001-11-27,LAL vs. MIL,MIL,1757
Jump Shot,Jump Shot,337,20100204,33.7873,-1,257,-118.2708,0,3,0,2001-02,40,25,0.0,3PT Field Goal,Center(C),Above the Break 3,24+ ft.,1610612747,Los Angeles Lakers,2001-11-27,LAL vs. MIL,MIL,1758
Jump Shot,Jump Shot,345,20100204,33.7873,-10,257,-118.2798,0,3,0,2001-02,7,25,1.0,3PT Field Goal,Center(C),Above the Break 3,24+ ft.,1610612747,Los Angeles Lakers,2001-11-27,LAL vs. MIL,MIL,1759
Turnaround Jump Shot,Jump Shot,354,20100204,33.8883,96,156,-118.1738,11,4,0,2001-02,48,18,0.0,2PT Field Goal,Right Side Center(RC),Mid-Range,16-24 ft.,1610612747,Los Angeles Lakers,2001-11-27,LAL vs. MIL,MIL,1760
Jump Shot,Jump Shot,373,20100204,33.8253,132,219,-118.1378,10,4,0,2001-02,12,25,1.0,3PT Field Goal,Right Side Center(RC),Above the Break 3,24+ ft.,1610612747,Los Angeles Lakers,2001-11-27,LAL vs. MIL,MIL,1761
Tip Shot,Tip Shot,378,20100204,34.0443,0,0,-118.2698,10,4,0,2001-02,31,0,0.0,2PT Field Goal,Center(C),Restricted Area,Less Than 8 ft.,1610612747,Los Angeles Lakers,2001-11-27,LAL vs. MIL,MIL,1762
Driving Layup Shot,Layup,395,20100204,34.0443,0,0,-118.2698,8,4,0,2001-02,3,0,,2PT Field Goal,Center(C),Restricted Area,Less Than 8 ft.,1610612747,Los Angeles Lakers,2001-11-27,LAL vs. MIL,MIL,1763
Jump Shot,Jump Shot,433,20100204,33.9513,-141,93,-118.4108,4,4,0,2001-02,29,16,0.0,2PT Field Goal,Left Side(L),Mid-Range,16-24 ft.,1610612747,Los Angeles Lakers,2001-11-27,LAL vs. MIL,MIL,1764
Driving Layup Shot,Layup,444,20100204,34.0443,0,0,-118.2698,3,4,0,2001-02,57,0,,2PT Field Goal,Center(C),Restricted Area,Less Than 8 ft.,1610612747,Los Angeles Lakers,2001-11-27,LAL vs. MIL,MIL,1765
Jump Shot,Jump Shot,10,20100225,34.0503,169,-6,-118.1008,11,1,0,2001-02,4,16,1.0,2PT Field Goal,Right Side(R),Mid-Range,16-24 ft.,1610612747,Los Angeles Lakers,2001-11-30,LAL @ SEA,SEA,1766
Jump Shot,Jump Shot,139,20100225,34.0143,-27,30,-118.2968,11,2,0,2001-02,13,4,1.0,2PT Field Goal,Center(C),In The Paint (Non-RA),Less Than 8 ft.,1610612747,Los Angeles Lakers,2001-11-30,LAL @ SEA,SEA,1767
Jump Shot,Jump Shot,153,20100225,33.8503,16,194,-118.2538,10,2,0,2001-02,13,19,0.0,2PT Field Goal,Center(C),Mid-Range,16-24 ft.,1610612747,Los Angeles Lakers,2001-11-30,LAL @ SEA,SEA,1768
Jump Shot,Jump Shot,166,20100225,33.9243,-168,120,-118.4378,8,2,0,2001-02,31,20,,2PT Field Goal,Left Side(L),Mid-Range,16-24 ft.,1610612747,Los Angeles Lakers,2001-11-30,LAL @ SEA,SEA,1769
Slam Dunk Shot,Dunk,175,20100225,34.0443,0,0,-118.2698,7,2,0,2001-02,13,0,1.0,2PT Field Goal,Center(C),Restricted Area,Less Than 8 ft.,1610612747,Los Angeles Lakers,2001-11-30,LAL @ SEA,SEA,1770
Jump Shot,Jump Shot,179,20100225,33.7993,-27,245,-118.2968,6,2,0,2001-02,31,24,0.0,3PT Field Goal,Center(C),Above the Break 3,24+ ft.,1610612747,Los Angeles Lakers,2001-11-30,LAL @ SEA,SEA,1771
Turnaround Jump Shot,Jump Shot,185,20100225,33.9383,28,106,-118.2418,5,2,0,2001-02,49,10,1.0,2PT Field Goal,Center(C),In The Paint (Non-RA),8-16 ft.,1610612747,Los Angeles Lakers,2001-11-30,LAL @ SEA,SEA,1772
Jump Shot,Jump Shot,201,20100225,33.8163,-183,228,-118.4528,4,2,0,2001-02,30,29,0.0,3PT Field Goal,Left Side Center(LC),Above the Break 3,24+ ft.,1610612747,Los Angeles Lakers,2001-11-30,LAL @ SEA,SEA,1773
Jump Shot,Jump Shot,210,20100225,33.9283,-138,116,-118.4078,3,2,0,2001-02,42,18,0.0,2PT Field Goal,Left Side Center(LC),Mid-Range,16-24 ft.,1610612747,Los Angeles Lakers,2001-11-30,LAL @ SEA,SEA,1774
Jump Shot,Jump Shot,212,20100225,33.9683,-183,76,-118.4528,3,2,0,2001-02,27,19,1.0,2PT Field Goal,Left Side(L),Mid-Range,16-24 ft.,1610612747,Los Angeles Lakers,2001-11-30,LAL @ SEA,SEA,1775
Layup Shot,Layup,214,20100225,34.0403,-18,4,-118.2878,2,2,0,2001-02,46,1,0.0,2PT Field Goal,Center(C),Restricted Area,Less Than 8 ft.,1610612747,Los Angeles Lakers,2001-11-30,LAL @ SEA,SEA,1776
Jump Shot,Jump Shot,265,20100225,33.8223,-105,222,-118.3748,10,3,0,2001-02,57,24,0.0,3PT Field Goal,Left Side Center(LC),Above the Break 3,24+ ft.,1610612747,Los Angeles Lakers,2001-11-30,LAL @ SEA,SEA,1777
Jump Shot,Jump Shot,294,20100225,33.9623,235,82,-118.0348,6,3,0,2001-02,51,24,0.0,3PT Field Goal,Right Side(R),Right Corner 3,24+ ft.,1610612747,Los Angeles Lakers,2001-11-30,LAL @ SEA,SEA,1778
Jump Shot,Jump Shot,297,20100225,34.0143,136,30,-118.1338,6,3,0,2001-02,22,13,0.0,2PT Field Goal,Right Side(R),Mid-Range,8-16 ft.,1610612747,Los Angeles Lakers,2001-11-30,LAL @ SEA,SEA,1779
Turnaround Jump Shot,Jump Shot,312,20100225,34.0183,37,26,-118.2328,4,3,0,2001-02,1,4,1.0,2PT Field Goal,Center(C),In The Paint (Non-RA),Less Than 8 ft.,1610612747,Los Angeles Lakers,2001-11-30,LAL @ SEA,SEA,1780
Driving Dunk Shot,Dunk,314,20100225,34.0443,0,0,-118.2698,3,3,0,2001-02,42,0,1.0,2PT Field Goal,Center(C),Restricted Area,Less Than 8 ft.,1610612747,Los Angeles Lakers,2001-11-30,LAL @ SEA,SEA,1781
Jump Shot,Jump Shot,325,20100225,33.9003,-84,144,-118.3538,2,3,0,2001-02,13,16,1.0,2PT Field Goal,Left Side Center(LC),Mid-Range,16-24 ft.,1610612747,Los Angeles Lakers,2001-11-30,LAL @ SEA,SEA,1782
Slam Dunk Shot,Dunk,412,20100225,34.0443,0,0,-118.2698,4,4,0,2001-02,45,0,1.0,2PT Field Goal,Center(C),Restricted Area,Less Than 8 ft.,1610612747,Los Angeles Lakers,2001-11-30,LAL @ SEA,SEA,1783
Jump Shot,Jump Shot,419,20100225,33.8943,129,150,-118.1408,4,4,0,2001-02,11,19,0.0,2PT Field Goal,Right Side Center(RC),Mid-Range,16-24 ft.,1610612747,Los Angeles Lakers,2001-11-30,LAL @ SEA,SEA,1784
Turnaround Jump Shot,Jump Shot,12,20100235,33.9683,115,76,-118.1548,11,1,0,2001-02,36,13,,2PT Field Goal,Right Side(R),Mid-Range,8-16 ft.,1610612747,Los Angeles Lakers,2001-12-01,LAL vs. MIN,MIN,1785
Jump Shot,Jump Shot,22,20100235,33.9343,-113,110,-118.3828,10,1,0,2001-02,2,15,1.0,2PT Field Goal,Left Side(L),Mid-Range,8-16 ft.,1610612747,Los Angeles Lakers,2001-12-01,LAL vs. MIN,MIN,1786
Jump Shot,Jump Shot,29,20100235,33.9683,138,76,-118.1318,9,1,0,2001-02,30,15,,2PT Field Goal,Right Side(R),Mid-Range,8-16 ft.,1610612747,Los Angeles Lakers,2001-12-01,LAL vs. MIN,MIN,1787
Layup Shot,Layup,57,20100235,34.0443,0,0,-118.2698,6,1,0,2001-02,53,0,,2PT Field Goal,Center(C),Restricted Area,Less Than 8 ft.,1610612747,Los Angeles Lakers,2001-12-01,LAL vs. MIN,MIN,1788
Turnaround Jump Shot,Jump Shot,65,20100235,34.0183,-134,26,-118.4038,5,1,0,2001-02,50,13,0.0,2PT Field Goal,Left Side(L),Mid-Range,8-16 ft.,1610612747,Los Angeles Lakers,2001-12-01,LAL vs. MIN,MIN,1789
Jump Shot,Jump Shot,106,20100235,33.8503,1,194,-118.2688,2,1,0,2001-02,0,19,0.0,2PT Field Goal,Center(C),Mid-Range,16-24 ft.,1610612747,Los Angeles Lakers,2001-12-01,LAL vs. MIN,MIN,1790
Jump Shot,Jump Shot,110,20100235,33.9113,-105,133,-118.3748,1,1,0,2001-02,16,16,1.0,2PT Field Goal,Left Side Center(LC),Mid-Range,16-24 ft.,1610612747,Los Angeles Lakers,2001-12-01,LAL vs. MIN,MIN,1791
Driving Layup Shot,Layup,113,20100235,34.0443,0,0,-118.2698,0,1,0,2001-02,43,0,0.0,2PT Field Goal,Center(C),Restricted Area,Less Than 8 ft.,1610612747,Los Angeles Lakers,2001-12-01,LAL vs. MIN,MIN,1792
Jump Shot,Jump Shot,229,20100235,33.9683,-170,76,-118.4398,1,2,0,2001-02,20,18,,2PT Field Goal,Left Side(L),Mid-Range,16-24 ft.,1610612747,Los Angeles Lakers,2001-12-01,LAL vs. MIN,MIN,1793
Driving Layup Shot,Layup,232,20100235,34.0443,0,0,-118.2698,0,2,0,2001-02,55,0,0.0,2PT Field Goal,Center(C),Restricted Area,Less Than 8 ft.,1610612747,Los Angeles Lakers,2001-12-01,LAL vs. MIN,MIN,1794
Jump Shot,Jump Shot,235,20100235,33.8603,180,184,-118.0898,0,2,0,2001-02,41,25,1.0,3PT Field Goal,Right Side Center(RC),Above the Break 3,24+ ft.,1610612747,Los Angeles Lakers,2001-12-01,LAL vs. MIN,MIN,1795
Running Jump Shot,Jump Shot,282,20100235,33.9873,1,57,-118.2688,7,3,0,2001-02,45,5,1.0,2PT Field Goal,Center(C),In The Paint (Non-RA),Less Than 8 ft.,1610612747,Los Angeles Lakers,2001-12-01,LAL vs. MIN,MIN,1796
Jump Shot,Jump Shot,294,20100235,33.8883,-84,156,-118.3538,6,3,0,2001-02,47,17,0.0,2PT Field Goal,Left Side Center(LC),Mid-Range,16-24 ft.,1610612747,Los Angeles Lakers,2001-12-01,LAL vs. MIN,MIN,1797
Layup Shot,Layup,299,20100235,34.0143,16,30,-118.2538,6,3,0,2001-02,14,3,0.0,2PT Field Goal,Center(C),Restricted Area,Less Than 8 ft.,1610612747,Los Angeles Lakers,2001-12-01,LAL vs. MIN,MIN,1798
Fadeaway Jump Shot,Jump Shot,346,20100235,33.9403,-18,104,-118.2878,2,3,0,2001-02,37,10,1.0,2PT Field Goal,Center(C),In The Paint (Non-RA),8-16 ft.,1610612747,Los Angeles Lakers,2001-12-01,LAL vs. MIN,MIN,1799
Jump Shot,Jump Shot,81,20100259,33.8373,73,207,-118.1968,2,1,0,2001-02,4,21,,2PT Field Goal,Right Side Center(RC),Mid-Range,16-24 ft.,1610612747,Los Angeles Lakers,2001-12-05,LAL vs. DAL,DAL,1800
Jump Shot,Jump Shot,99,20100259,33.8773,-56,167,-118.3258,0,1,0,2001-02,44,17,1.0,2PT Field Goal,Left Side Center(LC),Mid-Range,16-24 ft.,1610612747,Los Angeles Lakers,2001-12-05,LAL vs. DAL,DAL,1801
Jump Shot,Jump Shot,104,20100259,33.9743,-242,70,-118.5118,0,1,0,2001-02,22,25,0.0,3PT Field Goal,Left Side(L),Left Corner 3,24+ ft.,1610612747,Los Angeles Lakers,2001-12-05,LAL vs. DAL,DAL,1802
Jump Shot,Jump Shot,224,20100259,33.8883,129,156,-118.1408,3,2,0,2001-02,0,20,0.0,2PT Field Goal,Right Side Center(RC),Mid-Range,16-24 ft.,1610612747,Los Angeles Lakers,2001-12-05,LAL vs. DAL,DAL,1803
Jump Shot,Jump Shot,242,20100259,34.0313,-170,13,-118.4398,1,2,0,2001-02,13,17,0.0,2PT Field Goal,Left Side(L),Mid-Range,16-24 ft.,1610612747,Los Angeles Lakers,2001-12-05,LAL vs. DAL,DAL,1804
Driving Layup Shot,Layup,247,20100259,34.0443,0,0,-118.2698,0,2,0,2001-02,38,0,1.0,2PT Field Goal,Center(C),Restricted Area,Less Than 8 ft.,1610612747,Los Angeles Lakers,2001-12-05,LAL vs. DAL,DAL,1805
Jump Shot,Jump Shot,249,20100259,33.9813,1,63,-118.2688,0,2,0,2001-02,8,6,0.0,2PT Field Goal,Center(C),In The Paint (Non-RA),Less Than 8 ft.,1610612747,Los Angeles Lakers,2001-12-05,LAL vs. DAL,DAL,1806
Jump Shot,Jump Shot,256,20100259,33.9813,-33,63,-118.3028,11,3,0,2001-02,42,7,0.0,2PT Field Goal,Center(C),In The Paint (Non-RA),Less Than 8 ft.,1610612747,Los Angeles Lakers,2001-12-05,LAL vs. DAL,DAL,1807
Running Jump Shot,Jump Shot,265,20100259,34.0443,115,0,-118.1548,10,3,0,2001-02,9,11,1.0,2PT Field Goal,Right Side(R),Mid-Range,8-16 ft.,1610612747,Los Angeles Lakers,2001-12-05,LAL vs. DAL,DAL,1808
Running Jump Shot,Jump Shot,267,20100259,33.9873,-4,57,-118.2738,9,3,0,2001-02,36,5,1.0,2PT Field Goal,Center(C),In The Paint (Non-RA),Less Than 8 ft.,1610612747,Los Angeles Lakers,2001-12-05,LAL vs. DAL,DAL,1809
Driving Layup Shot,Layup,271,20100259,34.0443,0,0,-118.2698,9,3,0,2001-02,11,0,1.0,2PT Field Goal,Center(C),Restricted Area,Less Than 8 ft.,1610612747,Los Angeles Lakers,2001-12-05,LAL vs. DAL,DAL,1810
Running Jump Shot,Jump Shot,303,20100259,33.9573,-77,87,-118.3468,6,3,0,2001-02,16,11,1.0,2PT Field Goal,Left Side(L),In The Paint (Non-RA),8-16 ft.,1610612747,Los Angeles Lakers,2001-12-05,LAL vs. DAL,DAL,1811
Jump Shot,Jump Shot,305,20100259,33.9003,-18,144,-118.2878,5,3,0,2001-02,39,14,0.0,2PT Field Goal,Center(C),Mid-Range,8-16 ft.,1610612747,Los Angeles Lakers,2001-12-05,LAL vs. DAL,DAL,1812
Jump Shot,Jump Shot,327,20100259,34.0343,50,10,-118.2198,3,3,0,2001-02,51,5,0.0,2PT Field Goal,Center(C),In The Paint (Non-RA),Less Than 8 ft.,1610612747,Los Angeles Lakers,2001-12-05,LAL vs. DAL,DAL,1813
Jump Shot,Jump Shot,329,20100259,33.9893,-34,55,-118.3038,3,3,0,2001-02,45,6,0.0,2PT Field Goal,Center(C),In The Paint (Non-RA),Less Than 8 ft.,1610612747,Los Angeles Lakers,2001-12-05,LAL vs. DAL,DAL,1814
Turnaround Jump Shot,Jump Shot,333,20100259,34.0143,153,30,-118.1168,3,3,0,2001-02,14,15,1.0,2PT Field Goal,Right Side(R),Mid-Range,8-16 ft.,1610612747,Los Angeles Lakers,2001-12-05,LAL vs. DAL,DAL,1815
Jump Shot,Jump Shot,359,20100259,33.8813,-4,163,-118.2738,0,3,0,2001-02,57,16,0.0,2PT Field Goal,Center(C),Mid-Range,16-24 ft.,1610612747,Los Angeles Lakers,2001-12-05,LAL vs. DAL,DAL,1816
Jump Shot,Jump Shot,394,20100259,33.9513,-170,93,-118.4398,10,4,0,2001-02,24,19,0.0,2PT Field Goal,Left Side(L),Mid-Range,16-24 ft.,1610612747,Los Angeles Lakers,2001-12-05,LAL vs. DAL,DAL,1817
Turnaround Jump Shot,Jump Shot,417,20100259,34.0023,-71,42,-118.3408,8,4,0,2001-02,58,8,1.0,2PT Field Goal,Left Side(L),In The Paint (Non-RA),8-16 ft.,1610612747,Los Angeles Lakers,2001-12-05,LAL vs. DAL,DAL,1818
Jump Shot,Jump Shot,425,20100259,34.0373,-42,7,-118.3118,8,4,0,2001-02,28,4,0.0,2PT Field Goal,Center(C),In The Paint (Non-RA),Less Than 8 ft.,1610612747,Los Angeles Lakers,2001-12-05,LAL vs. DAL,DAL,1819
Jump Shot,Jump Shot,461,20100259,33.7913,7,253,-118.2628,5,4,0,2001-02,14,25,0.0,3PT Field Goal,Center(C),Above the Break 3,24+ ft.,1610612747,Los Angeles Lakers,2001-12-05,LAL vs. DAL,DAL,1820
Jump Shot,Jump Shot,490,20100259,34.0143,-170,30,-118.4398,2,4,0,2001-02,46,17,0.0,2PT Field Goal,Left Side(L),Mid-Range,16-24 ft.,1610612747,Los Angeles Lakers,2001-12-05,LAL vs. DAL,DAL,1821
Running Dunk Shot,Dunk,545,20100259,34.0443,0,0,-118.2698,0,4,0,2001-02,0,0,1.0,2PT Field Goal,Center(C),Restricted Area,Less Than 8 ft.,1610612747,Los Angeles Lakers,2001-12-05,LAL vs. DAL,DAL,1822
Jump Shot,Jump Shot,22,20100271,34.0213,163,23,-118.1068,9,1,0,2001-02,45,16,0.0,2PT Field Goal,Right Side(R),Mid-Range,16-24 ft.,1610612747,Los Angeles Lakers,2001-12-07,LAL @ SAC,SAC,1823
Driving Layup Shot,Layup,41,20100271,34.0443,0,0,-118.2698,6,1,0,2001-02,49,0,1.0,2PT Field Goal,Center(C),Restricted Area,Less Than 8 ft.,1610612747,Los Angeles Lakers,2001-12-07,LAL @ SAC,SAC,1824
Jump Shot,Jump Shot,52,20100271,33.8463,49,198,-118.2208,5,1,0,2001-02,38,20,,2PT Field Goal,Center(C),Mid-Range,16-24 ft.,1610612747,Los Angeles Lakers,2001-12-07,LAL @ SAC,SAC,1825
Driving Layup Shot,Layup,79,20100271,34.0443,0,0,-118.2698,2,1,0,2001-02,30,0,,2PT Field Goal,Center(C),Restricted Area,Less Than 8 ft.,1610612747,Los Angeles Lakers,2001-12-07,LAL @ SAC,SAC,1826
Layup Shot,Layup,91,20100271,34.0463,16,-2,-118.2538,0,1,0,2001-02,47,1,0.0,2PT Field Goal,Center(C),Restricted Area,Less Than 8 ft.,1610612747,Los Angeles Lakers,2001-12-07,LAL @ SAC,SAC,1827
Jump Shot,Jump Shot,96,20100271,34.0443,70,0,-118.1998,0,1,0,2001-02,35,7,1.0,2PT Field Goal,Center(C),In The Paint (Non-RA),Less Than 8 ft.,1610612747,Los Angeles Lakers,2001-12-07,LAL @ SAC,SAC,1828
Jump Shot,Jump Shot,131,20100271,33.9593,-124,85,-118.3938,8,2,0,2001-02,44,15,1.0,2PT Field Goal,Left Side(L),Mid-Range,8-16 ft.,1610612747,Los Angeles Lakers,2001-12-07,LAL @ SAC,SAC,1829
Driving Dunk Shot,Dunk,149,20100271,34.0443,0,0,-118.2698,6,2,0,2001-02,42,0,1.0,2PT Field Goal,Center(C),Restricted Area,Less Than 8 ft.,1610612747,Los Angeles Lakers,2001-12-07,LAL @ SAC,SAC,1830
Jump Shot,Jump Shot,177,20100271,33.9893,-4,55,-118.2738,3,2,0,2001-02,51,5,1.0,2PT Field Goal,Center(C),In The Paint (Non-RA),Less Than 8 ft.,1610612747,Los Angeles Lakers,2001-12-07,LAL @ SAC,SAC,1831
Jump Shot,Jump Shot,197,20100271,33.9893,-4,55,-118.2738,1,2,0,2001-02,51,5,0.0,2PT Field Goal,Center(C),In The Paint (Non-RA),Less Than 8 ft.,1610612747,Los Angeles Lakers,2001-12-07,LAL @ SAC,SAC,1832
Jump Shot,Jump Shot,199,20100271,34.0103,-63,34,-118.3328,1,2,0,2001-02,49,7,0.0,2PT Field Goal,Center(C),In The Paint (Non-RA),Less Than 8 ft.,1610612747,Los Angeles Lakers,2001-12-07,LAL @ SAC,SAC,1833
Jump Shot,Jump Shot,215,20100271,33.8143,-84,230,-118.3538,0,2,0,2001-02,34,24,,3PT Field Goal,Left Side Center(LC),Above the Break 3,24+ ft.,1610612747,Los Angeles Lakers,2001-12-07,LAL @ SAC,SAC,1834
Jump Shot,Jump Shot,220,20100271,33.8293,-153,215,-118.4228,0,2,0,2001-02,1,26,0.0,3PT Field Goal,Left Side Center(LC),Above the Break 3,24+ ft.,1610612747,Los Angeles Lakers,2001-12-07,LAL @ SAC,SAC,1835
Jump Shot,Jump Shot,255,20100271,34.0443,77,0,-118.1928,8,3,0,2001-02,23,7,1.0,2PT Field Goal,Center(C),In The Paint (Non-RA),Less Than 8 ft.,1610612747,Los Angeles Lakers,2001-12-07,LAL @ SAC,SAC,1836
Jump Shot,Jump Shot,280,20100271,33.8733,-124,171,-118.3938,5,3,0,2001-02,5,21,0.0,2PT Field Goal,Left Side Center(LC),Mid-Range,16-24 ft.,1610612747,Los Angeles Lakers,2001-12-07,LAL @ SAC,SAC,1837
Jump Shot,Jump Shot,285,20100271,33.9783,28,66,-118.2418,4,3,0,2001-02,28,7,0.0,2PT Field Goal,Center(C),In The Paint (Non-RA),Less Than 8 ft.,1610612747,Los Angeles Lakers,2001-12-07,LAL @ SAC,SAC,1838
Jump Shot,Jump Shot,290,20100271,33.9383,-147,106,-118.4168,3,3,0,2001-02,52,18,0.0,2PT Field Goal,Left Side(L),Mid-Range,16-24 ft.,1610612747,Los Angeles Lakers,2001-12-07,LAL @ SAC,SAC,1839
Jump Shot,Jump Shot,309,20100271,34.0163,-54,28,-118.3238,2,3,0,2001-02,7,6,0.0,2PT Field Goal,Center(C),In The Paint (Non-RA),Less Than 8 ft.,1610612747,Los Angeles Lakers,2001-12-07,LAL @ SAC,SAC,1840
Driving Layup Shot,Layup,318,20100271,34.0443,0,0,-118.2698,0,3,0,2001-02,35,0,0.0,2PT Field Goal,Center(C),Restricted Area,Less Than 8 ft.,1610612747,Los Angeles Lakers,2001-12-07,LAL @ SAC,SAC,1841
Turnaround Jump Shot,Jump Shot,378,20100271,34.0313,58,13,-118.2118,6,4,0,2001-02,29,5,1.0,2PT Field Goal,Center(C),In The Paint (Non-RA),Less Than 8 ft.,1610612747,Los Angeles Lakers,2001-12-07,LAL @ SAC,SAC,1842
Jump Shot,Jump Shot,454,20100271,33.8633,169,181,-118.1008,0,4,0,2001-02,41,24,,3PT Field Goal,Right Side Center(RC),Above the Break 3,24+ ft.,1610612747,Los Angeles Lakers,2001-12-07,LAL @ SAC,SAC,1843
Jump Shot,Jump Shot,468,20100271,33.8793,184,165,-118.0858,0,4,0,2001-02,29,24,,3PT Field Goal,Right Side Center(RC),Above the Break 3,24+ ft.,1610612747,Los Angeles Lakers,2001-12-07,LAL @ SAC,SAC,1844
Running Jump Shot,Jump Shot,477,20100271,34.0373,115,7,-118.1548,0,4,0,2001-02,17,11,1.0,2PT Field Goal,Right Side(R),Mid-Range,8-16 ft.,1610612747,Los Angeles Lakers,2001-12-07,LAL @ SAC,SAC,1845
Turnaround Jump Shot,Jump Shot,7,20100301,33.9623,1,82,-118.2688,10,1,0,2001-02,28,8,1.0,2PT Field Goal,Center(C),In The Paint (Non-RA),8-16 ft.,1610612747,Los Angeles Lakers,2001-12-11,LAL vs. SEA,SEA,1846
Jump Shot,Jump Shot,27,20100301,33.9113,100,133,-118.1698,8,1,0,2001-02,24,16,0.0,2PT Field Goal,Right Side Center(RC),Mid-Range,16-24 ft.,1610612747,Los Angeles Lakers,2001-12-11,LAL vs. SEA,SEA,1847
Jump Shot,Jump Shot,32,20100301,34.0023,159,42,-118.1108,7,1,0,2001-02,30,16,,2PT Field Goal,Right Side(R),Mid-Range,16-24 ft.,1610612747,Los Angeles Lakers,2001-12-11,LAL vs. SEA,SEA,1848
Layup Shot,Layup,48,20100301,34.0443,0,0,-118.2698,4,1,0,2001-02,58,0,,2PT Field Goal,Center(C),Restricted Area,Less Than 8 ft.,1610612747,Los Angeles Lakers,2001-12-11,LAL vs. SEA,SEA,1849
Jump Shot,Jump Shot,67,20100301,33.9113,115,133,-118.1548,2,1,0,2001-02,38,17,0.0,2PT Field Goal,Right Side Center(RC),Mid-Range,16-24 ft.,1610612747,Los Angeles Lakers,2001-12-11,LAL vs. SEA,SEA,1850
Driving Layup Shot,Layup,69,20100301,34.0443,0,0,-118.2698,2,1,0,2001-02,32,0,1.0,2PT Field Goal,Center(C),Restricted Area,Less Than 8 ft.,1610612747,Los Angeles Lakers,2001-12-11,LAL vs. SEA,SEA,1851
Jump Shot,Jump Shot,93,20100301,33.9073,-92,137,-118.3618,0,1,0,2001-02,44,16,0.0,2PT Field Goal,Left Side Center(LC),Mid-Range,16-24 ft.,1610612747,Los Angeles Lakers,2001-12-11,LAL vs. SEA,SEA,1852
Driving Layup Shot,Layup,101,20100301,34.0443,0,0,-118.2698,0,1,0,2001-02,0,0,0.0,2PT Field Goal,Center(C),Restricted Area,Less Than 8 ft.,1610612747,Los Angeles Lakers,2001-12-11,LAL vs. SEA,SEA,1853
Jump Shot,Jump Shot,109,20100301,33.8543,-27,190,-118.2968,11,2,0,2001-02,17,19,0.0,2PT Field Goal,Center(C),Mid-Range,16-24 ft.,1610612747,Los Angeles Lakers,2001-12-11,LAL vs. SEA,SEA,1854
Jump Shot,Jump Shot,220,20100301,33.8393,83,205,-118.1868,1,2,0,2001-02,5,22,1.0,2PT Field Goal,Right Side Center(RC),Mid-Range,16-24 ft.,1610612747,Los Angeles Lakers,2001-12-11,LAL vs. SEA,SEA,1855
Dunk Shot,Dunk,223,20100301,34.0443,0,0,-118.2698,0,2,0,2001-02,40,0,0.0,2PT Field Goal,Center(C),Restricted Area,Less Than 8 ft.,1610612747,Los Angeles Lakers,2001-12-11,LAL vs. SEA,SEA,1856
Running Jump Shot,Jump Shot,230,20100301,33.9913,-56,53,-118.3258,0,2,0,2001-02,17,7,1.0,2PT Field Goal,Center(C),In The Paint (Non-RA),Less Than 8 ft.,1610612747,Los Angeles Lakers,2001-12-11,LAL vs. SEA,SEA,1857
Jump Shot,Jump Shot,232,20100301,33.6713,7,373,-118.2628,0,2,0,2001-02,0,37,0.0,3PT Field Goal,Center(C),Above the Break 3,24+ ft.,1610612747,Los Angeles Lakers,2001-12-11,LAL vs. SEA,SEA,1858
Jump Shot,Jump Shot,245,20100301,34.0083,64,36,-118.2058,11,3,0,2001-02,15,7,0.0,2PT Field Goal,Center(C),In The Paint (Non-RA),Less Than 8 ft.,1610612747,Los Angeles Lakers,2001-12-11,LAL vs. SEA,SEA,1859
Layup Shot,Layup,264,20100301,34.0443,0,0,-118.2698,9,3,0,2001-02,26,0,,2PT Field Goal,Center(C),Restricted Area,Less Than 8 ft.,1610612747,Los Angeles Lakers,2001-12-11,LAL vs. SEA,SEA,1860
Jump Shot,Jump Shot,272,20100301,33.9683,138,76,-118.1318,8,3,0,2001-02,59,15,1.0,2PT Field Goal,Right Side(R),Mid-Range,8-16 ft.,1610612747,Los Angeles Lakers,2001-12-11,LAL vs. SEA,SEA,1861
Jump Shot,Jump Shot,296,20100301,34.0373,153,7,-118.1168,6,3,0,2001-02,37,15,0.0,2PT Field Goal,Right Side(R),Mid-Range,8-16 ft.,1610612747,Los Angeles Lakers,2001-12-11,LAL vs. SEA,SEA,1862
Layup Shot,Layup,300,20100301,34.0443,0,0,-118.2698,6,3,0,2001-02,40,0,,2PT Field Goal,Center(C),Restricted Area,Less Than 8 ft.,1610612747,Los Angeles Lakers,2001-12-11,LAL vs. SEA,SEA,1863
Driving Layup Shot,Layup,308,20100301,34.0443,0,0,-118.2698,5,3,0,2001-02,28,0,0.0,2PT Field Goal,Center(C),Restricted Area,Less Than 8 ft.,1610612747,Los Angeles Lakers,2001-12-11,LAL vs. SEA,SEA,1864
Jump Shot,Jump Shot,362,20100301,34.0373,138,7,-118.1318,0,3,0,2001-02,30,13,0.0,2PT Field Goal,Right Side(R),Mid-Range,8-16 ft.,1610612747,Los Angeles Lakers,2001-12-11,LAL vs. SEA,SEA,1865
Jump Shot,Jump Shot,369,20100301,33.8033,64,241,-118.2058,0,3,0,2001-02,2,24,0.0,3PT Field Goal,Center(C),Above the Break 3,24+ ft.,1610612747,Los Angeles Lakers,2001-12-11,LAL vs. SEA,SEA,1866
Jump Shot,Jump Shot,485,20100301,33.8253,-141,219,-118.4108,1,4,0,2001-02,46,26,0.0,3PT Field Goal,Left Side Center(LC),Above the Break 3,24+ ft.,1610612747,Los Angeles Lakers,2001-12-11,LAL vs. SEA,SEA,1867
Turnaround Jump Shot,Jump Shot,504,20100301,34.0463,123,-2,-118.1468,0,4,0,2001-02,53,12,0.0,2PT Field Goal,Right Side(R),Mid-Range,8-16 ft.,1610612747,Los Angeles Lakers,2001-12-11,LAL vs. SEA,SEA,1868
Driving Layup Shot,Layup,4,20100320,34.0443,0,0,-118.2698,11,1,0,2001-02,35,0,1.0,2PT Field Goal,Center(C),Restricted Area,Less Than 8 ft.,1610612747,Los Angeles Lakers,2001-12-14,LAL vs. LAC,LAC,1869
Jump Shot,Jump Shot,35,20100320,33.9513,-98,93,-118.3678,7,1,0,2001-02,35,13,0.0,2PT Field Goal,Left Side(L),Mid-Range,8-16 ft.,1610612747,Los Angeles Lakers,2001-12-14,LAL vs. LAC,LAC,1870
Driving Dunk Shot,Dunk,56,20100320,34.0443,0,0,-118.2698,5,1,0,2001-02,34,0,1.0,2PT Field Goal,Center(C),Restricted Area,Less Than 8 ft.,1610612747,Los Angeles Lakers,2001-12-14,LAL vs. LAC,LAC,1871
Driving Layup Shot,Layup,88,20100320,34.0443,0,0,-118.2698,3,1,0,2001-02,0,0,0.0,2PT Field Goal,Center(C),Restricted Area,Less Than 8 ft.,1610612747,Los Angeles Lakers,2001-12-14,LAL vs. LAC,LAC,1872
Dunk Shot,Dunk,99,20100320,34.0443,0,0,-118.2698,1,1,0,2001-02,57,0,0.0,2PT Field Goal,Center(C),Restricted Area,Less Than 8 ft.,1610612747,Los Angeles Lakers,2001-12-14,LAL vs. LAC,LAC,1873
Fadeaway Jump Shot,Jump Shot,115,20100320,33.9683,-33,76,-118.3028,0,1,0,2001-02,39,8,1.0,2PT Field Goal,Center(C),In The Paint (Non-RA),8-16 ft.,1610612747,Los Angeles Lakers,2001-12-14,LAL vs. LAC,LAC,1874
Turnaround Jump Shot,Jump Shot,120,20100320,34.0523,100,-8,-118.1698,0,1,0,2001-02,6,10,,2PT Field Goal,Right Side(R),Mid-Range,8-16 ft.,1610612747,Los Angeles Lakers,2001-12-14,LAL vs. LAC,LAC,1875
Driving Dunk Shot,Dunk,204,20100320,34.0443,0,0,-118.2698,3,2,0,2001-02,49,0,1.0,2PT Field Goal,Center(C),Restricted Area,Less Than 8 ft.,1610612747,Los Angeles Lakers,2001-12-14,LAL vs. LAC,LAC,1876
Jump Shot,Jump Shot,227,20100320,33.8273,136,217,-118.1338,0,2,0,2001-02,24,25,0.0,3PT Field Goal,Right Side Center(RC),Above the Break 3,24+ ft.,1610612747,Los Angeles Lakers,2001-12-14,LAL vs. LAC,LAC,1877
Jump Shot,Jump Shot,305,20100320,33.9993,-122,45,-118.3918,5,3,0,2001-02,16,13,0.0,2PT Field Goal,Left Side(L),Mid-Range,8-16 ft.,1610612747,Los Angeles Lakers,2001-12-14,LAL vs. LAC,LAC,1878
Jump Shot,Jump Shot,329,20100320,34.0103,142,34,-118.1278,3,3,0,2001-02,19,14,0.0,2PT Field Goal,Right Side(R),Mid-Range,8-16 ft.,1610612747,Los Angeles Lakers,2001-12-14,LAL vs. LAC,LAC,1879
Jump Shot,Jump Shot,354,20100320,33.9033,-115,141,-118.3848,1,3,0,2001-02,55,18,1.0,2PT Field Goal,Left Side Center(LC),Mid-Range,16-24 ft.,1610612747,Los Angeles Lakers,2001-12-14,LAL vs. LAC,LAC,1880
Reverse Layup Shot,Layup,362,20100320,34.0443,0,0,-118.2698,1,3,0,2001-02,3,0,1.0,2PT Field Goal,Center(C),Restricted Area,Less Than 8 ft.,1610612747,Los Angeles Lakers,2001-12-14,LAL vs. LAC,LAC,1881
Jump Shot,Jump Shot,376,20100320,33.9643,-44,80,-118.3138,0,3,0,2001-02,4,9,0.0,2PT Field Goal,Center(C),In The Paint (Non-RA),8-16 ft.,1610612747,Los Angeles Lakers,2001-12-14,LAL vs. LAC,LAC,1882
Jump Shot,Jump Shot,411,20100320,33.9073,138,137,-118.1318,9,4,0,2001-02,36,19,,2PT Field Goal,Right Side Center(RC),Mid-Range,16-24 ft.,1610612747,Los Angeles Lakers,2001-12-14,LAL vs. LAC,LAC,1883
Jump Shot,Jump Shot,413,20100320,34.0373,-105,7,-118.3748,9,4,0,2001-02,23,10,1.0,2PT Field Goal,Left Side(L),Mid-Range,8-16 ft.,1610612747,Los Angeles Lakers,2001-12-14,LAL vs. LAC,LAC,1884
Jump Shot,Jump Shot,436,20100320,33.8373,-12,207,-118.2818,7,4,0,2001-02,5,20,0.0,2PT Field Goal,Center(C),Mid-Range,16-24 ft.,1610612747,Los Angeles Lakers,2001-12-14,LAL vs. LAC,LAC,1885
Jump Shot,Jump Shot,446,20100320,33.8313,7,213,-118.2628,6,4,0,2001-02,0,21,1.0,2PT Field Goal,Center(C),Mid-Range,16-24 ft.,1610612747,Los Angeles Lakers,2001-12-14,LAL vs. LAC,LAC,1886
Jump Shot,Jump Shot,5,20100336,33.8813,-12,163,-118.2818,11,1,0,2001-02,20,16,1.0,2PT Field Goal,Center(C),Mid-Range,16-24 ft.,1610612747,Los Angeles Lakers,2001-12-16,LAL vs. GSW,GSW,1887
Layup Shot,Layup,30,20100336,34.0443,0,0,-118.2698,8,1,0,2001-02,49,0,1.0,2PT Field Goal,Center(C),Restricted Area,Less Than 8 ft.,1610612747,Los Angeles Lakers,2001-12-16,LAL vs. GSW,GSW,1888
Running Jump Shot,Jump Shot,44,20100336,33.9113,22,133,-118.2478,7,1,0,2001-02,4,13,1.0,2PT Field Goal,Center(C),In The Paint (Non-RA),8-16 ft.,1610612747,Los Angeles Lakers,2001-12-16,LAL vs. GSW,GSW,1889
Jump Shot,Jump Shot,46,20100336,33.8143,-63,230,-118.3328,6,1,0,2001-02,29,23,,3PT Field Goal,Center(C),Above the Break 3,24+ ft.,1610612747,Los Angeles Lakers,2001-12-16,LAL vs. GSW,GSW,1890
Running Jump Shot,Jump Shot,75,20100336,34.0143,43,30,-118.2268,4,1,0,2001-02,15,5,1.0,2PT Field Goal,Center(C),In The Paint (Non-RA),Less Than 8 ft.,1610612747,Los Angeles Lakers,2001-12-16,LAL vs. GSW,GSW,1891
Jump Shot,Jump Shot,263,20100336,33.8203,22,224,-118.2478,11,3,0,2001-02,20,22,,2PT Field Goal,Center(C),Mid-Range,16-24 ft.,1610612747,Los Angeles Lakers,2001-12-16,LAL vs. GSW,GSW,1892
Jump Shot,Jump Shot,272,20100336,33.9073,115,137,-118.1548,9,3,0,2001-02,50,17,,2PT Field Goal,Right Side Center(RC),Mid-Range,16-24 ft.,1610612747,Los Angeles Lakers,2001-12-16,LAL vs. GSW,GSW,1893
Driving Dunk Shot,Dunk,328,20100336,34.0443,0,0,-118.2698,3,3,0,2001-02,40,0,1.0,2PT Field Goal,Center(C),Restricted Area,Less Than 8 ft.,1610612747,Los Angeles Lakers,2001-12-16,LAL vs. GSW,GSW,1894
Slam Dunk Shot,Dunk,336,20100336,34.0443,0,0,-118.2698,2,3,0,2001-02,57,0,1.0,2PT Field Goal,Center(C),Restricted Area,Less Than 8 ft.,1610612747,Los Angeles Lakers,2001-12-16,LAL vs. GSW,GSW,1895
Driving Dunk Shot,Dunk,353,20100336,34.0443,0,0,-118.2698,1,3,0,2001-02,45,0,1.0,2PT Field Goal,Center(C),Restricted Area,Less Than 8 ft.,1610612747,Los Angeles Lakers,2001-12-16,LAL vs. GSW,GSW,1896
Jump Shot,Jump Shot,355,20100336,33.9243,43,120,-118.2268,1,3,0,2001-02,23,12,,2PT Field Goal,Center(C),In The Paint (Non-RA),8-16 ft.,1610612747,Los Angeles Lakers,2001-12-16,LAL vs. GSW,GSW,1897
Running Jump Shot,Jump Shot,368,20100336,33.9453,-77,99,-118.3468,0,3,0,2001-02,41,12,1.0,2PT Field Goal,Left Side(L),In The Paint (Non-RA),8-16 ft.,1610612747,Los Angeles Lakers,2001-12-16,LAL vs. GSW,GSW,1898
Jump Shot,Jump Shot,45,20100360,33.8463,-50,198,-118.3198,11,1,0,2001-02,9,20,0.0,2PT Field Goal,Center(C),Mid-Range,16-24 ft.,1610612747,Los Angeles Lakers,2001-12-20,LAL @ HOU,HOU,1899
Jump Shot,Jump Shot,58,20100360,33.8633,-65,181,-118.3348,9,1,0,2001-02,14,19,0.0,2PT Field Goal,Left Side Center(LC),Mid-Range,16-24 ft.,1610612747,Los Angeles Lakers,2001-12-20,LAL @ HOU,HOU,1900
Jump Shot,Jump Shot,102,20100360,33.8013,60,243,-118.2098,5,1,0,2001-02,16,25,1.0,3PT Field Goal,Center(C),Above the Break 3,24+ ft.,1610612747,Los Angeles Lakers,2001-12-20,LAL @ HOU,HOU,1901
Jump Shot,Jump Shot,107,20100360,33.9933,3,51,-118.2668,4,1,0,2001-02,8,5,0.0,2PT Field Goal,Center(C),In The Paint (Non-RA),Less Than 8 ft.,1610612747,Los Angeles Lakers,2001-12-20,LAL @ HOU,HOU,1902
Driving Dunk Shot,Dunk,120,20100360,34.0443,0,0,-118.2698,2,1,0,2001-02,58,0,1.0,2PT Field Goal,Center(C),Restricted Area,Less Than 8 ft.,1610612747,Los Angeles Lakers,2001-12-20,LAL @ HOU,HOU,1903
Jump Shot,Jump Shot,138,20100360,33.8983,94,146,-118.1758,0,1,0,2001-02,58,17,1.0,2PT Field Goal,Right Side Center(RC),Mid-Range,16-24 ft.,1610612747,Los Angeles Lakers,2001-12-20,LAL @ HOU,HOU,1904
Jump Shot,Jump Shot,198,20100360,33.9113,-164,133,-118.4338,5,2,0,2001-02,39,21,,2PT Field Goal,Left Side Center(LC),Mid-Range,16-24 ft.,1610612747,Los Angeles Lakers,2001-12-20,LAL @ HOU,HOU,1905
Fadeaway Jump Shot,Jump Shot,202,20100360,33.9783,9,66,-118.2608,5,2,0,2001-02,16,6,0.0,2PT Field Goal,Center(C),In The Paint (Non-RA),Less Than 8 ft.,1610612747,Los Angeles Lakers,2001-12-20,LAL @ HOU,HOU,1906
Jump Shot,Jump Shot,289,20100360,33.9113,94,133,-118.1758,8,3,0,2001-02,52,16,1.0,2PT Field Goal,Right Side Center(RC),Mid-Range,16-24 ft.,1610612747,Los Angeles Lakers,2001-12-20,LAL @ HOU,HOU,1907
Turnaround Jump Shot,Jump Shot,292,20100360,34.0123,73,32,-118.1968,8,3,0,2001-02,18,7,,2PT Field Goal,Center(C),In The Paint (Non-RA),Less Than 8 ft.,1610612747,Los Angeles Lakers,2001-12-20,LAL @ HOU,HOU,1908
Fadeaway Jump Shot,Jump Shot,325,20100360,33.9853,115,59,-118.1548,4,3,0,2001-02,15,12,0.0,2PT Field Goal,Right Side(R),Mid-Range,8-16 ft.,1610612747,Los Angeles Lakers,2001-12-20,LAL @ HOU,HOU,1909
Jump Shot,Jump Shot,329,20100360,34.0023,100,42,-118.1698,3,3,0,2001-02,52,10,0.0,2PT Field Goal,Right Side(R),Mid-Range,8-16 ft.,1610612747,Los Angeles Lakers,2001-12-20,LAL @ HOU,HOU,1910
Jump Shot,Jump Shot,340,20100360,33.9553,-4,89,-118.2738,2,3,0,2001-02,36,8,0.0,2PT Field Goal,Center(C),In The Paint (Non-RA),8-16 ft.,1610612747,Los Angeles Lakers,2001-12-20,LAL @ HOU,HOU,1911
Layup Shot,Layup,355,20100360,34.0443,0,0,-118.2698,1,3,0,2001-02,42,0,0.0,2PT Field Goal,Center(C),Restricted Area,Less Than 8 ft.,1610612747,Los Angeles Lakers,2001-12-20,LAL @ HOU,HOU,1912
Dunk Shot,Dunk,361,20100360,34.0443,0,0,-118.2698,1,3,0,2001-02,26,0,1.0,2PT Field Goal,Center(C),Restricted Area,Less Than 8 ft.,1610612747,Los Angeles Lakers,2001-12-20,LAL @ HOU,HOU,1913
Follow Up Dunk Shot,Dunk,368,20100360,34.0443,0,0,-118.2698,0,3,0,2001-02,53,0,1.0,2PT Field Goal,Center(C),Restricted Area,Less Than 8 ft.,1610612747,Los Angeles Lakers,2001-12-20,LAL @ HOU,HOU,1914
Layup Shot,Layup,375,20100360,34.0443,0,0,-118.2698,0,3,0,2001-02,2,0,0.0,2PT Field Goal,Center(C),Restricted Area,Less Than 8 ft.,1610612747,Los Angeles Lakers,2001-12-20,LAL @ HOU,HOU,1915
Jump Shot,Jump Shot,398,20100360,33.8543,-18,190,-118.2878,10,4,0,2001-02,21,19,0.0,2PT Field Goal,Center(C),Mid-Range,16-24 ft.,1610612747,Los Angeles Lakers,2001-12-20,LAL @ HOU,HOU,1916
Running Jump Shot,Jump Shot,405,20100360,33.9783,-96,66,-118.3658,9,4,0,2001-02,26,11,0.0,2PT Field Goal,Left Side(L),Mid-Range,8-16 ft.,1610612747,Los Angeles Lakers,2001-12-20,LAL @ HOU,HOU,1917
Driving Layup Shot,Layup,418,20100360,34.0443,0,0,-118.2698,8,4,0,2001-02,44,0,1.0,2PT Field Goal,Center(C),Restricted Area,Less Than 8 ft.,1610612747,Los Angeles Lakers,2001-12-20,LAL @ HOU,HOU,1918
Finger Roll Shot,Layup,421,20100360,34.0443,0,0,-118.2698,8,4,0,2001-02,8,0,1.0,2PT Field Goal,Center(C),Restricted Area,Less Than 8 ft.,1610612747,Los Angeles Lakers,2001-12-20,LAL @ HOU,HOU,1919
Turnaround Jump Shot,Jump Shot,423,20100360,33.9553,-10,89,-118.2798,7,4,0,2001-02,27,8,0.0,2PT Field Goal,Center(C),In The Paint (Non-RA),8-16 ft.,1610612747,Los Angeles Lakers,2001-12-20,LAL @ HOU,HOU,1920
Jump Shot,Jump Shot,432,20100360,34.0313,106,13,-118.1638,6,4,0,2001-02,36,10,0.0,2PT Field Goal,Right Side(R),Mid-Range,8-16 ft.,1610612747,Los Angeles Lakers,2001-12-20,LAL @ HOU,HOU,1921
Jump Shot,Jump Shot,449,20100360,33.8603,1,184,-118.2688,4,4,0,2001-02,41,18,0.0,2PT Field Goal,Center(C),Mid-Range,16-24 ft.,1610612747,Los Angeles Lakers,2001-12-20,LAL @ HOU,HOU,1922
Driving Layup Shot,Layup,487,20100360,34.0443,0,0,-118.2698,1,4,0,2001-02,36,0,0.0,2PT Field Goal,Center(C),Restricted Area,Less Than 8 ft.,1610612747,Los Angeles Lakers,2001-12-20,LAL @ HOU,HOU,1923
Driving Layup Shot,Layup,499,20100360,34.0443,0,0,-118.2698,0,4,0,2001-02,43,0,1.0,2PT Field Goal,Center(C),Restricted Area,Less Than 8 ft.,1610612747,Los Angeles Lakers,2001-12-20,LAL @ HOU,HOU,1924
Jump Shot,Jump Shot,5,20100367,34.0403,180,4,-118.0898,11,1,0,2001-02,10,18,1.0,2PT Field Goal,Right Side(R),Mid-Range,16-24 ft.,1610612747,Los Angeles Lakers,2001-12-21,LAL @ MEM,MEM,1925
Running Jump Shot,Jump Shot,14,20100367,33.9573,37,87,-118.2328,10,1,0,2001-02,10,9,0.0,2PT Field Goal,Center(C),In The Paint (Non-RA),8-16 ft.,1610612747,Los Angeles Lakers,2001-12-21,LAL @ MEM,MEM,1926
Jump Shot,Jump Shot,38,20100367,33.9973,-155,47,-118.4248,7,1,0,2001-02,43,16,0.0,2PT Field Goal,Left Side(L),Mid-Range,16-24 ft.,1610612747,Los Angeles Lakers,2001-12-21,LAL @ MEM,MEM,1927
Jump Shot,Jump Shot,44,20100367,33.8813,-134,163,-118.4038,6,1,0,2001-02,37,21,1.0,2PT Field Goal,Left Side Center(LC),Mid-Range,16-24 ft.,1610612747,Los Angeles Lakers,2001-12-21,LAL @ MEM,MEM,1928
Jump Shot,Jump Shot,47,20100367,33.8373,43,207,-118.2268,6,1,0,2001-02,13,21,1.0,2PT Field Goal,Center(C),Mid-Range,16-24 ft.,1610612747,Los Angeles Lakers,2001-12-21,LAL @ MEM,MEM,1929
Layup Shot,Layup,128,20100367,34.0443,0,0,-118.2698,9,2,0,2001-02,45,0,1.0,2PT Field Goal,Center(C),Restricted Area,Less Than 8 ft.,1610612747,Los Angeles Lakers,2001-12-21,LAL @ MEM,MEM,1930
Jump Shot,Jump Shot,179,20100367,33.9913,43,53,-118.2268,5,2,0,2001-02,18,6,,2PT Field Goal,Center(C),In The Paint (Non-RA),Less Than 8 ft.,1610612747,Los Angeles Lakers,2001-12-21,LAL @ MEM,MEM,1931
Jump Shot,Jump Shot,192,20100367,33.8923,-4,152,-118.2738,4,2,0,2001-02,32,15,1.0,2PT Field Goal,Center(C),Mid-Range,8-16 ft.,1610612747,Los Angeles Lakers,2001-12-21,LAL @ MEM,MEM,1932
Driving Finger Roll Shot,Layup,200,20100367,34.0443,0,0,-118.2698,3,2,0,2001-02,24,0,1.0,2PT Field Goal,Center(C),Restricted Area,Less Than 8 ft.,1610612747,Los Angeles Lakers,2001-12-21,LAL @ MEM,MEM,1933
Jump Shot,Jump Shot,207,20100367,33.9383,43,106,-118.2268,2,2,0,2001-02,24,11,1.0,2PT Field Goal,Center(C),In The Paint (Non-RA),8-16 ft.,1610612747,Los Angeles Lakers,2001-12-21,LAL @ MEM,MEM,1934
Jump Shot,Jump Shot,218,20100367,33.8863,-77,158,-118.3468,0,2,0,2001-02,50,17,1.0,2PT Field Goal,Left Side Center(LC),Mid-Range,16-24 ft.,1610612747,Los Angeles Lakers,2001-12-21,LAL @ MEM,MEM,1935
Jump Shot,Jump Shot,233,20100367,33.8713,-63,173,-118.3328,11,3,0,2001-02,26,18,1.0,2PT Field Goal,Left Side Center(LC),Mid-Range,16-24 ft.,1610612747,Los Angeles Lakers,2001-12-21,LAL @ MEM,MEM,1936
Jump Shot,Jump Shot,240,20100367,33.8863,129,158,-118.1408,9,3,0,2001-02,56,20,0.0,2PT Field Goal,Right Side Center(RC),Mid-Range,16-24 ft.,1610612747,Los Angeles Lakers,2001-12-21,LAL @ MEM,MEM,1937
Turnaround Jump Shot,Jump Shot,287,20100367,33.9263,7,118,-118.2628,4,3,0,2001-02,43,11,1.0,2PT Field Goal,Center(C),In The Paint (Non-RA),8-16 ft.,1610612747,Los Angeles Lakers,2001-12-21,LAL @ MEM,MEM,1938
Driving Dunk Shot,Dunk,292,20100367,34.0443,0,0,-118.2698,4,3,0,2001-02,19,0,1.0,2PT Field Goal,Center(C),Restricted Area,Less Than 8 ft.,1610612747,Los Angeles Lakers,2001-12-21,LAL @ MEM,MEM,1939
Dunk Shot,Dunk,295,20100367,34.0443,0,0,-118.2698,3,3,0,2001-02,55,0,,2PT Field Goal,Center(C),Restricted Area,Less Than 8 ft.,1610612747,Los Angeles Lakers,2001-12-21,LAL @ MEM,MEM,1940
Jump Shot,Jump Shot,299,20100367,34.0503,-185,-6,-118.4548,3,3,0,2001-02,19,18,0.0,2PT Field Goal,Left Side(L),Mid-Range,16-24 ft.,1610612747,Los Angeles Lakers,2001-12-21,LAL @ MEM,MEM,1941
Fadeaway Jump Shot,Jump Shot,318,20100367,34.0183,159,26,-118.1108,2,3,0,2001-02,9,16,1.0,2PT Field Goal,Right Side(R),Mid-Range,16-24 ft.,1610612747,Los Angeles Lakers,2001-12-21,LAL @ MEM,MEM,1942
Jump Shot,Jump Shot,331,20100367,33.8483,28,196,-118.2418,1,3,0,2001-02,12,19,,2PT Field Goal,Center(C),Mid-Range,16-24 ft.,1610612747,Los Angeles Lakers,2001-12-21,LAL @ MEM,MEM,1943
Jump Shot,Jump Shot,393,20100367,33.8033,16,241,-118.2538,6,4,0,2001-02,48,24,0.0,3PT Field Goal,Center(C),Above the Break 3,24+ ft.,1610612747,Los Angeles Lakers,2001-12-21,LAL @ MEM,MEM,1944
Jump Shot,Jump Shot,438,20100367,33.8863,201,158,-118.0688,2,4,0,2001-02,32,25,0.0,3PT Field Goal,Right Side Center(RC),Above the Break 3,24+ ft.,1610612747,Los Angeles Lakers,2001-12-21,LAL @ MEM,MEM,1945
Jump Shot,Jump Shot,459,20100367,33.8143,-191,230,-118.4608,0,4,0,2001-02,25,29,0.0,3PT Field Goal,Left Side Center(LC),Above the Break 3,24+ ft.,1610612747,Los Angeles Lakers,2001-12-21,LAL @ MEM,MEM,1946
Jump Shot,Jump Shot,463,20100367,33.8203,-170,224,-118.4398,0,4,0,2001-02,18,28,,3PT Field Goal,Left Side Center(LC),Above the Break 3,24+ ft.,1610612747,Los Angeles Lakers,2001-12-21,LAL @ MEM,MEM,1947
Jump Shot,Jump Shot,4,20100387,33.9813,-42,63,-118.3118,11,1,0,2001-02,36,7,0.0,2PT Field Goal,Center(C),In The Paint (Non-RA),Less Than 8 ft.,1610612747,Los Angeles Lakers,2001-12-25,LAL vs. PHI,PHI,1948
Jump Shot,Jump Shot,41,20100387,33.9743,-191,70,-118.4608,7,1,0,2001-02,14,20,0.0,2PT Field Goal,Left Side(L),Mid-Range,16-24 ft.,1610612747,Los Angeles Lakers,2001-12-25,LAL vs. PHI,PHI,1949
Jump Shot,Jump Shot,66,20100387,34.0183,159,26,-118.1108,4,1,0,2001-02,21,16,0.0,2PT Field Goal,Right Side(R),Mid-Range,16-24 ft.,1610612747,Los Angeles Lakers,2001-12-25,LAL vs. PHI,PHI,1950
Jump Shot,Jump Shot,104,20100387,33.9003,1,144,-118.2688,2,1,0,2001-02,10,14,0.0,2PT Field Goal,Center(C),Mid-Range,8-16 ft.,1610612747,Los Angeles Lakers,2001-12-25,LAL vs. PHI,PHI,1951
Jump Shot,Jump Shot,131,20100387,33.9073,43,137,-118.2268,11,2,0,2001-02,44,14,1.0,2PT Field Goal,Center(C),In The Paint (Non-RA),8-16 ft.,1610612747,Los Angeles Lakers,2001-12-25,LAL vs. PHI,PHI,1952
Jump Shot,Jump Shot,158,20100387,33.9383,7,106,-118.2628,9,2,0,2001-02,17,10,0.0,2PT Field Goal,Center(C),In The Paint (Non-RA),8-16 ft.,1610612747,Los Angeles Lakers,2001-12-25,LAL vs. PHI,PHI,1953
Jump Shot,Jump Shot,197,20100387,33.9113,1,133,-118.2688,5,2,0,2001-02,50,13,1.0,2PT Field Goal,Center(C),In The Paint (Non-RA),8-16 ft.,1610612747,Los Angeles Lakers,2001-12-25,LAL vs. PHI,PHI,1954
Jump Shot,Jump Shot,237,20100387,33.8603,51,184,-118.2188,2,2,0,2001-02,25,19,0.0,2PT Field Goal,Center(C),Mid-Range,16-24 ft.,1610612747,Los Angeles Lakers,2001-12-25,LAL vs. PHI,PHI,1955
Jump Shot,Jump Shot,277,20100387,33.8033,-134,241,-118.4038,11,3,0,2001-02,3,27,0.0,3PT Field Goal,Left Side Center(LC),Above the Break 3,24+ ft.,1610612747,Los Angeles Lakers,2001-12-25,LAL vs. PHI,PHI,1956
Running Jump Shot,Jump Shot,282,20100387,33.9113,-155,133,-118.4248,10,3,0,2001-02,40,20,0.0,2PT Field Goal,Left Side Center(LC),Mid-Range,16-24 ft.,1610612747,Los Angeles Lakers,2001-12-25,LAL vs. PHI,PHI,1957
Jump Shot,Jump Shot,290,20100387,33.9453,-113,99,-118.3828,9,3,0,2001-02,19,15,0.0,2PT Field Goal,Left Side(L),Mid-Range,8-16 ft.,1610612747,Los Angeles Lakers,2001-12-25,LAL vs. PHI,PHI,1958
Jump Shot,Jump Shot,309,20100387,33.9243,-134,120,-118.4038,7,3,0,2001-02,12,17,0.0,2PT Field Goal,Left Side Center(LC),Mid-Range,16-24 ft.,1610612747,Los Angeles Lakers,2001-12-25,LAL vs. PHI,PHI,1959
Jump Shot,Jump Shot,338,20100387,33.9623,123,82,-118.1468,3,3,0,2001-02,44,14,0.0,2PT Field Goal,Right Side(R),Mid-Range,8-16 ft.,1610612747,Los Angeles Lakers,2001-12-25,LAL vs. PHI,PHI,1960
Jump Shot,Jump Shot,342,20100387,33.9073,-113,137,-118.3828,3,3,0,2001-02,13,17,0.0,2PT Field Goal,Left Side Center(LC),Mid-Range,16-24 ft.,1610612747,Los Angeles Lakers,2001-12-25,LAL vs. PHI,PHI,1961
Jump Shot,Jump Shot,400,20100387,34.0293,144,15,-118.1258,9,4,0,2001-02,11,14,1.0,2PT Field Goal,Right Side(R),Mid-Range,8-16 ft.,1610612747,Los Angeles Lakers,2001-12-25,LAL vs. PHI,PHI,1962
Turnaround Jump Shot,Jump Shot,427,20100387,34.0023,167,42,-118.1028,5,4,0,2001-02,19,17,1.0,2PT Field Goal,Right Side(R),Mid-Range,16-24 ft.,1610612747,Los Angeles Lakers,2001-12-25,LAL vs. PHI,PHI,1963
Jump Shot,Jump Shot,450,20100387,33.8223,138,222,-118.1318,1,4,0,2001-02,53,26,0.0,3PT Field Goal,Right Side Center(RC),Above the Break 3,24+ ft.,1610612747,Los Angeles Lakers,2001-12-25,LAL vs. PHI,PHI,1964
Turnaround Jump Shot,Jump Shot,462,20100387,33.9113,64,133,-118.2058,1,4,0,2001-02,12,14,,2PT Field Goal,Center(C),In The Paint (Non-RA),8-16 ft.,1610612747,Los Angeles Lakers,2001-12-25,LAL vs. PHI,PHI,1965
Turnaround Jump Shot,Jump Shot,468,20100387,34.0293,-191,15,-118.4608,0,4,0,2001-02,31,19,1.0,2PT Field Goal,Left Side(L),Mid-Range,16-24 ft.,1610612747,Los Angeles Lakers,2001-12-25,LAL vs. PHI,PHI,1966
Jump Shot,Jump Shot,20,20100399,33.9003,150,144,-118.1198,9,1,0,2001-02,50,20,,2PT Field Goal,Right Side Center(RC),Mid-Range,16-24 ft.,1610612747,Los Angeles Lakers,2001-12-26,LAL @ GSW,GSW,1967
Jump Shot,Jump Shot,67,20100399,33.9173,157,127,-118.1128,5,1,0,2001-02,7,20,,2PT Field Goal,Right Side Center(RC),Mid-Range,16-24 ft.,1610612747,Los Angeles Lakers,2001-12-26,LAL @ GSW,GSW,1968
Jump Shot,Jump Shot,73,20100399,33.9053,150,139,-118.1198,4,1,0,2001-02,27,20,0.0,2PT Field Goal,Right Side Center(RC),Mid-Range,16-24 ft.,1610612747,Los Angeles Lakers,2001-12-26,LAL @ GSW,GSW,1969
Jump Shot,Jump Shot,187,20100399,34.0083,73,36,-118.1968,6,2,0,2001-02,23,8,0.0,2PT Field Goal,Right Side(R),In The Paint (Non-RA),8-16 ft.,1610612747,Los Angeles Lakers,2001-12-26,LAL @ GSW,GSW,1970
Jump Shot,Jump Shot,197,20100399,33.9283,87,116,-118.1828,5,2,0,2001-02,33,14,1.0,2PT Field Goal,Right Side(R),Mid-Range,8-16 ft.,1610612747,Los Angeles Lakers,2001-12-26,LAL @ GSW,GSW,1971
Driving Layup Shot,Layup,209,20100399,34.0443,0,0,-118.2698,3,2,0,2001-02,50,0,,2PT Field Goal,Center(C),Restricted Area,Less Than 8 ft.,1610612747,Los Angeles Lakers,2001-12-26,LAL @ GSW,GSW,1972
Jump Shot,Jump Shot,222,20100399,34.0143,73,30,-118.1968,2,2,0,2001-02,31,7,1.0,2PT Field Goal,Center(C),In The Paint (Non-RA),Less Than 8 ft.,1610612747,Los Angeles Lakers,2001-12-26,LAL @ GSW,GSW,1973
Slam Dunk Shot,Dunk,242,20100399,34.0443,0,0,-118.2698,0,2,0,2001-02,5,0,1.0,2PT Field Goal,Center(C),Restricted Area,Less Than 8 ft.,1610612747,Los Angeles Lakers,2001-12-26,LAL @ GSW,GSW,1974
Turnaround Jump Shot,Jump Shot,258,20100399,33.9973,150,47,-118.1198,10,3,0,2001-02,15,15,1.0,2PT Field Goal,Right Side(R),Mid-Range,8-16 ft.,1610612747,Los Angeles Lakers,2001-12-26,LAL @ GSW,GSW,1975
Turnaround Jump Shot,Jump Shot,285,20100399,34.0443,-124,0,-118.3938,7,3,0,2001-02,41,12,1.0,2PT Field Goal,Left Side(L),Mid-Range,8-16 ft.,1610612747,Los Angeles Lakers,2001-12-26,LAL @ GSW,GSW,1976
Jump Shot,Jump Shot,300,20100399,33.8943,-31,150,-118.3008,6,3,0,2001-02,11,15,0.0,2PT Field Goal,Center(C),Mid-Range,8-16 ft.,1610612747,Los Angeles Lakers,2001-12-26,LAL @ GSW,GSW,1977
Fadeaway Jump Shot,Jump Shot,308,20100399,34.0553,172,-11,-118.0978,5,3,0,2001-02,27,17,1.0,2PT Field Goal,Right Side(R),Mid-Range,16-24 ft.,1610612747,Los Angeles Lakers,2001-12-26,LAL @ GSW,GSW,1978
Jump Shot,Jump Shot,314,20100399,34.0353,142,9,-118.1278,4,3,0,2001-02,27,14,1.0,2PT Field Goal,Right Side(R),Mid-Range,8-16 ft.,1610612747,Los Angeles Lakers,2001-12-26,LAL @ GSW,GSW,1979
Fadeaway Jump Shot,Jump Shot,330,20100399,33.9113,-103,133,-118.3728,3,3,0,2001-02,21,16,0.0,2PT Field Goal,Left Side Center(LC),Mid-Range,16-24 ft.,1610612747,Los Angeles Lakers,2001-12-26,LAL @ GSW,GSW,1980
Jump Shot,Jump Shot,342,20100399,33.8673,106,177,-118.1638,2,3,0,2001-02,16,20,1.0,2PT Field Goal,Right Side Center(RC),Mid-Range,16-24 ft.,1610612747,Los Angeles Lakers,2001-12-26,LAL @ GSW,GSW,1981
Jump Shot,Jump Shot,355,20100399,33.9973,-151,47,-118.4208,0,3,0,2001-02,37,15,,2PT Field Goal,Left Side(L),Mid-Range,8-16 ft.,1610612747,Los Angeles Lakers,2001-12-26,LAL @ GSW,GSW,1982
Turnaround Jump Shot,Jump Shot,411,20100399,34.0423,172,2,-118.0978,7,4,0,2001-02,20,17,1.0,2PT Field Goal,Right Side(R),Mid-Range,16-24 ft.,1610612747,Los Angeles Lakers,2001-12-26,LAL @ GSW,GSW,1983
Slam Dunk Shot,Dunk,419,20100399,34.0443,0,0,-118.2698,6,4,0,2001-02,31,0,1.0,2PT Field Goal,Center(C),Restricted Area,Less Than 8 ft.,1610612747,Los Angeles Lakers,2001-12-26,LAL @ GSW,GSW,1984
Jump Shot,Jump Shot,425,20100399,34.0423,-136,2,-118.4058,5,4,0,2001-02,56,13,,2PT Field Goal,Left Side(L),Mid-Range,8-16 ft.,1610612747,Los Angeles Lakers,2001-12-26,LAL @ GSW,GSW,1985
Jump Shot,Jump Shot,432,20100399,33.9643,87,80,-118.1828,5,4,0,2001-02,23,11,0.0,2PT Field Goal,Right Side(R),Mid-Range,8-16 ft.,1610612747,Los Angeles Lakers,2001-12-26,LAL @ GSW,GSW,1986
Jump Shot,Jump Shot,434,20100399,34.0353,106,9,-118.1638,5,4,0,2001-02,18,10,1.0,2PT Field Goal,Right Side(R),Mid-Range,8-16 ft.,1610612747,Los Angeles Lakers,2001-12-26,LAL @ GSW,GSW,1987
Jump Shot,Jump Shot,463,20100399,33.8253,136,219,-118.1338,3,4,0,2001-02,56,25,0.0,3PT Field Goal,Right Side Center(RC),Above the Break 3,24+ ft.,1610612747,Los Angeles Lakers,2001-12-26,LAL @ GSW,GSW,1988
Jump Shot,Jump Shot,481,20100399,33.7973,-18,247,-118.2878,2,4,0,2001-02,45,24,1.0,3PT Field Goal,Center(C),Above the Break 3,24+ ft.,1610612747,Los Angeles Lakers,2001-12-26,LAL @ GSW,GSW,1989
Jump Shot,Jump Shot,484,20100399,33.8463,-157,198,-118.4268,2,4,0,2001-02,19,25,1.0,3PT Field Goal,Left Side Center(LC),Above the Break 3,24+ ft.,1610612747,Los Angeles Lakers,2001-12-26,LAL @ GSW,GSW,1990
Jump Shot,Jump Shot,486,20100399,33.8083,87,236,-118.1828,1,4,0,2001-02,46,25,0.0,3PT Field Goal,Right Side Center(RC),Above the Break 3,24+ ft.,1610612747,Los Angeles Lakers,2001-12-26,LAL @ GSW,GSW,1991
Jump Shot,Jump Shot,503,20100399,33.8083,100,236,-118.1698,0,4,0,2001-02,38,25,1.0,3PT Field Goal,Right Side Center(RC),Above the Break 3,24+ ft.,1610612747,Los Angeles Lakers,2001-12-26,LAL @ GSW,GSW,1992
Jump Shot,Jump Shot,516,20100399,33.7803,-88,264,-118.3578,0,4,0,2001-02,20,27,0.0,3PT Field Goal,Left Side Center(LC),Above the Break 3,24+ ft.,1610612747,Los Angeles Lakers,2001-12-26,LAL @ GSW,GSW,1993
Jump Shot,Jump Shot,525,20100399,33.6883,184,356,-118.0858,0,4,0,2001-02,3,40,0.0,3PT Field Goal,Right Side Center(RC),Above the Break 3,24+ ft.,1610612747,Los Angeles Lakers,2001-12-26,LAL @ GSW,GSW,1994
Jump Shot,Jump Shot,12,20100413,33.9593,119,85,-118.1508,10,1,0,2001-02,48,14,0.0,2PT Field Goal,Right Side(R),Mid-Range,8-16 ft.,1610612747,Los Angeles Lakers,2001-12-28,LAL vs. TOR,TOR,1995
Jump Shot,Jump Shot,16,20100413,33.9473,140,97,-118.1298,10,1,0,2001-02,12,17,0.0,2PT Field Goal,Right Side(R),Mid-Range,16-24 ft.,1610612747,Los Angeles Lakers,2001-12-28,LAL vs. TOR,TOR,1996
Driving Layup Shot,Layup,21,20100413,34.0443,0,0,-118.2698,9,1,0,2001-02,42,0,1.0,2PT Field Goal,Center(C),Restricted Area,Less Than 8 ft.,1610612747,Los Angeles Lakers,2001-12-28,LAL vs. TOR,TOR,1997
Running Jump Shot,Jump Shot,31,20100413,33.8843,35,160,-118.2348,8,1,0,2001-02,18,16,1.0,2PT Field Goal,Center(C),Mid-Range,16-24 ft.,1610612747,Los Angeles Lakers,2001-12-28,LAL vs. TOR,TOR,1998
Turnaround Jump Shot,Jump Shot,33,20100413,34.0403,-141,4,-118.4108,7,1,0,2001-02,43,14,0.0,2PT Field Goal,Left Side(L),Mid-Range,8-16 ft.,1610612747,Los Angeles Lakers,2001-12-28,LAL vs. TOR,TOR,1999
Jump Shot,Jump Shot,56,20100413,33.7893,-14,255,-118.2838,5,1,0,2001-02,44,25,1.0,3PT Field Goal,Center(C),Above the Break 3,24+ ft.,1610612747,Los Angeles Lakers,2001-12-28,LAL vs. TOR,TOR,2000
Turnaround Jump Shot,Jump Shot,157,20100413,33.9433,98,101,-118.1718,7,2,0,2001-02,30,14,1.0,2PT Field Goal,Right Side(R),Mid-Range,8-16 ft.,1610612747,Los Angeles Lakers,2001-12-28,LAL vs. TOR,TOR,2001
Driving Finger Roll Shot,Layup,164,20100413,33.9933,0,51,-118.2698,6,2,0,2001-02,29,5,1.0,2PT Field Goal,Center(C),In The Paint (Non-RA),Less Than 8 ft.,1610612747,Los Angeles Lakers,2001-12-28,LAL vs. TOR,TOR,2002
Jump Shot,Jump Shot,167,20100413,33.9033,-119,141,-118.3888,6,2,0,2001-02,3,18,0.0,2PT Field Goal,Left Side Center(LC),Mid-Range,16-24 ft.,1610612747,Los Angeles Lakers,2001-12-28,LAL vs. TOR,TOR,2003
Jump Shot,Jump Shot,174,20100413,33.9263,113,118,-118.1568,5,2,0,2001-02,54,16,0.0,2PT Field Goal,Right Side Center(RC),Mid-Range,16-24 ft.,1610612747,Los Angeles Lakers,2001-12-28,LAL vs. TOR,TOR,2004
Running Jump Shot,Jump Shot,184,20100413,33.9433,119,101,-118.1508,4,2,0,2001-02,35,15,,2PT Field Goal,Right Side(R),Mid-Range,8-16 ft.,1610612747,Los Angeles Lakers,2001-12-28,LAL vs. TOR,TOR,2005
Running Jump Shot,Jump Shot,220,20100413,34.0333,68,11,-118.2018,1,2,0,2001-02,18,6,0.0,2PT Field Goal,Center(C),In The Paint (Non-RA),Less Than 8 ft.,1610612747,Los Angeles Lakers,2001-12-28,LAL vs. TOR,TOR,2006
Driving Layup Shot,Layup,265,20100413,34.0443,0,0,-118.2698,9,3,0,2001-02,52,0,0.0,2PT Field Goal,Center(C),Restricted Area,Less Than 8 ft.,1610612747,Los Angeles Lakers,2001-12-28,LAL vs. TOR,TOR,2007
Jump Shot,Jump Shot,285,20100413,33.9033,-86,141,-118.3558,8,3,0,2001-02,15,16,0.0,2PT Field Goal,Left Side Center(LC),Mid-Range,16-24 ft.,1610612747,Los Angeles Lakers,2001-12-28,LAL vs. TOR,TOR,2008
Jump Shot,Jump Shot,287,20100413,34.0403,-107,4,-118.3768,8,3,0,2001-02,2,10,0.0,2PT Field Goal,Left Side(L),Mid-Range,8-16 ft.,1610612747,Los Angeles Lakers,2001-12-28,LAL vs. TOR,TOR,2009
Running Jump Shot,Jump Shot,358,20100413,33.9363,-56,108,-118.3258,0,3,0,2001-02,19,12,,2PT Field Goal,Center(C),In The Paint (Non-RA),8-16 ft.,1610612747,Los Angeles Lakers,2001-12-28,LAL vs. TOR,TOR,2010
Jump Shot,Jump Shot,385,20100413,34.0103,-170,34,-118.4398,9,4,0,2001-02,57,17,1.0,2PT Field Goal,Left Side(L),Mid-Range,16-24 ft.,1610612747,Los Angeles Lakers,2001-12-28,LAL vs. TOR,TOR,2011
Turnaround Jump Shot,Jump Shot,388,20100413,34.0443,155,0,-118.1148,9,4,0,2001-02,4,15,0.0,2PT Field Goal,Right Side(R),Mid-Range,8-16 ft.,1610612747,Los Angeles Lakers,2001-12-28,LAL vs. TOR,TOR,2012
Jump Shot,Jump Shot,431,20100413,33.8793,134,165,-118.1358,5,4,0,2001-02,57,21,0.0,2PT Field Goal,Right Side Center(RC),Mid-Range,16-24 ft.,1610612747,Los Angeles Lakers,2001-12-28,LAL vs. TOR,TOR,2013
Running Jump Shot,Jump Shot,446,20100413,33.9533,56,91,-118.2138,4,4,0,2001-02,36,10,0.0,2PT Field Goal,Right Side(R),In The Paint (Non-RA),8-16 ft.,1610612747,Los Angeles Lakers,2001-12-28,LAL vs. TOR,TOR,2014
Jump Shot,Jump Shot,469,20100413,33.9193,0,125,-118.2698,2,4,0,2001-02,33,12,0.0,2PT Field Goal,Center(C),In The Paint (Non-RA),8-16 ft.,1610612747,Los Angeles Lakers,2001-12-28,LAL vs. TOR,TOR,2015
Layup Shot,Layup,487,20100413,34.0443,0,0,-118.2698,1,4,0,2001-02,0,0,0.0,2PT Field Goal,Center(C),Restricted Area,Less Than 8 ft.,1610612747,Los Angeles Lakers,2001-12-28,LAL vs. TOR,TOR,2016
Jump Shot,Jump Shot,497,20100413,34.0163,233,28,-118.0368,0,4,0,2001-02,11,23,0.0,3PT Field Goal,Right Side(R),Right Corner 3,24+ ft.,1610612747,Los Angeles Lakers,2001-12-28,LAL vs. TOR,TOR,2017
Jump Shot,Jump Shot,499,20100413,33.9093,203,135,-118.0668,0,4,0,2001-02,5,24,1.0,3PT Field Goal,Right Side Center(RC),Above the Break 3,24+ ft.,1610612747,Los Angeles Lakers,2001-12-28,LAL vs. TOR,TOR,2018
Layup Shot,Layup,7,20100428,34.0443,0,0,-118.2698,11,1,0,2001-02,14,0,0.0,2PT Field Goal,Center(C),Restricted Area,Less Than 8 ft.,1610612747,Los Angeles Lakers,2001-12-30,LAL vs. HOU,HOU,2019
Jump Shot,Jump Shot,18,20100428,33.8943,91,150,-118.1788,9,1,0,2001-02,29,17,0.0,2PT Field Goal,Right Side Center(RC),Mid-Range,16-24 ft.,1610612747,Los Angeles Lakers,2001-12-30,LAL vs. HOU,HOU,2020
Jump Shot,Jump Shot,30,20100428,33.9343,129,110,-118.1408,7,1,0,2001-02,53,16,,2PT Field Goal,Right Side Center(RC),Mid-Range,16-24 ft.,1610612747,Los Angeles Lakers,2001-12-30,LAL vs. HOU,HOU,2021
Turnaround Jump Shot,Jump Shot,42,20100428,33.9683,108,76,-118.1618,6,1,0,2001-02,55,13,1.0,2PT Field Goal,Right Side(R),Mid-Range,8-16 ft.,1610612747,Los Angeles Lakers,2001-12-30,LAL vs. HOU,HOU,2022
Turnaround Jump Shot,Jump Shot,68,20100428,34.0593,129,-15,-118.1408,2,1,0,2001-02,55,12,1.0,2PT Field Goal,Right Side(R),Mid-Range,8-16 ft.,1610612747,Los Angeles Lakers,2001-12-30,LAL vs. HOU,HOU,2023
Running Jump Shot,Jump Shot,73,20100428,34.0023,-111,42,-118.3808,1,1,0,2001-02,58,11,,2PT Field Goal,Left Side(L),Mid-Range,8-16 ft.,1610612747,Los Angeles Lakers,2001-12-30,LAL vs. HOU,HOU,2024
Jump Shot,Jump Shot,78,20100428,33.7913,-75,253,-118.3448,1,1,0,2001-02,18,26,0.0,3PT Field Goal,Center(C),Above the Break 3,24+ ft.,1610612747,Los Angeles Lakers,2001-12-30,LAL vs. HOU,HOU,2025
Turnaround Jump Shot,Jump Shot,91,20100428,34.0373,115,7,-118.1548,0,1,0,2001-02,23,11,1.0,2PT Field Goal,Right Side(R),Mid-Range,8-16 ft.,1610612747,Los Angeles Lakers,2001-12-30,LAL vs. HOU,HOU,2026
Jump Shot,Jump Shot,94,20100428,33.7513,-48,293,-118.3178,0,1,0,2001-02,0,29,0.0,3PT Field Goal,Center(C),Above the Break 3,24+ ft.,1610612747,Los Angeles Lakers,2001-12-30,LAL vs. HOU,HOU,2027
Turnaround Jump Shot,Jump Shot,109,20100428,34.0373,70,7,-118.1998,10,2,0,2001-02,35,7,0.0,2PT Field Goal,Center(C),In The Paint (Non-RA),Less Than 8 ft.,1610612747,Los Angeles Lakers,2001-12-30,LAL vs. HOU,HOU,2028
Jump Shot,Jump Shot,112,20100428,33.8883,85,156,-118.1848,10,2,0,2001-02,31,17,0.0,2PT Field Goal,Right Side Center(RC),Mid-Range,16-24 ft.,1610612747,Los Angeles Lakers,2001-12-30,LAL vs. HOU,HOU,2029
Layup Shot,Layup,208,20100428,34.0443,0,0,-118.2698,1,2,0,2001-02,14,0,0.0,2PT Field Goal,Center(C),Restricted Area,Less Than 8 ft.,1610612747,Los Angeles Lakers,2001-12-30,LAL vs. HOU,HOU,2030
Running Layup Shot,Layup,211,20100428,34.0443,0,0,-118.2698,1,2,0,2001-02,2,0,1.0,2PT Field Goal,Center(C),Restricted Area,Less Than 8 ft.,1610612747,Los Angeles Lakers,2001-12-30,LAL vs. HOU,HOU,2031
Jump Shot,Jump Shot,239,20100428,33.9873,1,57,-118.2688,10,3,0,2001-02,53,5,0.0,2PT Field Goal,Center(C),In The Paint (Non-RA),Less Than 8 ft.,1610612747,Los Angeles Lakers,2001-12-30,LAL vs. HOU,HOU,2032
Turnaround Jump Shot,Jump Shot,278,20100428,34.0023,-111,42,-118.3808,5,3,0,2001-02,53,11,1.0,2PT Field Goal,Left Side(L),Mid-Range,8-16 ft.,1610612747,Los Angeles Lakers,2001-12-30,LAL vs. HOU,HOU,2033
Turnaround Jump Shot,Jump Shot,280,20100428,34.0023,-124,42,-118.3938,5,3,0,2001-02,14,13,0.0,2PT Field Goal,Left Side(L),Mid-Range,8-16 ft.,1610612747,Los Angeles Lakers,2001-12-30,LAL vs. HOU,HOU,2034
Jump Shot,Jump Shot,299,20100428,33.9113,157,133,-118.1128,2,3,0,2001-02,42,20,0.0,2PT Field Goal,Right Side Center(RC),Mid-Range,16-24 ft.,1610612747,Los Angeles Lakers,2001-12-30,LAL vs. HOU,HOU,2035
Jump Shot,Jump Shot,28,20100440,33.9363,148,108,-118.1218,8,1,0,2001-02,13,18,,2PT Field Goal,Right Side Center(RC),Mid-Range,16-24 ft.,1610612747,Los Angeles Lakers,2002-01-02,LAL @ DEN,DEN,2036
Layup Shot,Layup,38,20100440,34.0443,0,0,-118.2698,7,1,0,2001-02,10,0,0.0,2PT Field Goal,Center(C),Restricted Area,Less Than 8 ft.,1610612747,Los Angeles Lakers,2002-01-02,LAL @ DEN,DEN,2037
Jump Shot,Jump Shot,71,20100440,33.9093,157,135,-118.1128,4,1,0,2001-02,54,20,1.0,2PT Field Goal,Right Side Center(RC),Mid-Range,16-24 ft.,1610612747,Los Angeles Lakers,2002-01-02,LAL @ DEN,DEN,2038
Jump Shot,Jump Shot,79,20100440,33.8313,-10,213,-118.2798,3,1,0,2001-02,57,21,0.0,2PT Field Goal,Center(C),Mid-Range,16-24 ft.,1610612747,Los Angeles Lakers,2002-01-02,LAL @ DEN,DEN,2039
Jump Shot,Jump Shot,203,20100440,34.0143,199,30,-118.0708,3,2,0,2001-02,22,20,0.0,2PT Field Goal,Right Side(R),Mid-Range,16-24 ft.,1610612747,Los Angeles Lakers,2002-01-02,LAL @ DEN,DEN,2040
Jump Shot,Jump Shot,253,20100440,33.9433,47,101,-118.2228,10,3,0,2001-02,14,11,1.0,2PT Field Goal,Center(C),In The Paint (Non-RA),8-16 ft.,1610612747,Los Angeles Lakers,2002-01-02,LAL @ DEN,DEN,2041
Jump Shot,Jump Shot,260,20100440,33.9193,169,125,-118.1008,9,3,0,2001-02,31,21,1.0,2PT Field Goal,Right Side Center(RC),Mid-Range,16-24 ft.,1610612747,Los Angeles Lakers,2002-01-02,LAL @ DEN,DEN,2042
Turnaround Jump Shot,Jump Shot,269,20100440,33.9573,91,87,-118.1788,8,3,0,2001-02,37,12,,2PT Field Goal,Right Side(R),Mid-Range,8-16 ft.,1610612747,Los Angeles Lakers,2002-01-02,LAL @ DEN,DEN,2043
Jump Shot,Jump Shot,279,20100440,33.9303,163,114,-118.1068,7,3,0,2001-02,8,19,1.0,2PT Field Goal,Right Side(R),Mid-Range,16-24 ft.,1610612747,Los Angeles Lakers,2002-01-02,LAL @ DEN,DEN,2044
Driving Layup Shot,Layup,297,20100440,34.0443,0,0,-118.2698,4,3,0,2001-02,51,0,1.0,2PT Field Goal,Center(C),Restricted Area,Less Than 8 ft.,1610612747,Los Angeles Lakers,2002-01-02,LAL @ DEN,DEN,2045
Running Jump Shot,Jump Shot,307,20100440,34.0083,-52,36,-118.3218,3,3,0,2001-02,54,6,0.0,2PT Field Goal,Center(C),In The Paint (Non-RA),Less Than 8 ft.,1610612747,Los Angeles Lakers,2002-01-02,LAL @ DEN,DEN,2046
Fadeaway Jump Shot,Jump Shot,315,20100440,34.0443,-162,0,-118.4318,2,3,0,2001-02,49,16,,2PT Field Goal,Left Side(L),Mid-Range,16-24 ft.,1610612747,Los Angeles Lakers,2002-01-02,LAL @ DEN,DEN,2047
Jump Shot,Jump Shot,318,20100440,34.0573,163,-13,-118.1068,2,3,0,2001-02,9,16,0.0,2PT Field Goal,Right Side(R),Mid-Range,16-24 ft.,1610612747,Los Angeles Lakers,2002-01-02,LAL @ DEN,DEN,2048
Jump Shot,Jump Shot,383,20100440,33.9093,-162,135,-118.4318,7,4,0,2001-02,47,21,,2PT Field Goal,Left Side Center(LC),Mid-Range,16-24 ft.,1610612747,Los Angeles Lakers,2002-01-02,LAL @ DEN,DEN,2049
Jump Shot,Jump Shot,385,20100440,33.9573,11,87,-118.2588,7,4,0,2001-02,39,8,1.0,2PT Field Goal,Center(C),In The Paint (Non-RA),8-16 ft.,1610612747,Los Angeles Lakers,2002-01-02,LAL @ DEN,DEN,2050
Fadeaway Jump Shot,Jump Shot,393,20100440,33.8863,-16,158,-118.2858,6,4,0,2001-02,28,15,0.0,2PT Field Goal,Center(C),Mid-Range,8-16 ft.,1610612747,Los Angeles Lakers,2002-01-02,LAL @ DEN,DEN,2051
Fadeaway Jump Shot,Jump Shot,420,20100440,33.9683,-10,76,-118.2798,3,4,0,2001-02,26,7,1.0,2PT Field Goal,Center(C),In The Paint (Non-RA),Less Than 8 ft.,1610612747,Los Angeles Lakers,2002-01-02,LAL @ DEN,DEN,2052
Jump Shot,Jump Shot,423,20100440,33.9873,-117,57,-118.3868,2,4,0,2001-02,50,13,0.0,2PT Field Goal,Left Side(L),Mid-Range,8-16 ft.,1610612747,Los Angeles Lakers,2002-01-02,LAL @ DEN,DEN,2053
Fadeaway Jump Shot,Jump Shot,428,20100440,33.9873,-1,57,-118.2708,2,4,0,2001-02,12,5,1.0,2PT Field Goal,Center(C),In The Paint (Non-RA),Less Than 8 ft.,1610612747,Los Angeles Lakers,2002-01-02,LAL @ DEN,DEN,2054
Jump Shot,Jump Shot,432,20100440,34.0443,142,0,-118.1278,1,4,0,2001-02,39,14,,2PT Field Goal,Right Side(R),Mid-Range,8-16 ft.,1610612747,Los Angeles Lakers,2002-01-02,LAL @ DEN,DEN,2055
Jump Shot,Jump Shot,440,20100440,33.9643,121,80,-118.1488,1,4,0,2001-02,0,14,0.0,2PT Field Goal,Right Side(R),Mid-Range,8-16 ft.,1610612747,Los Angeles Lakers,2002-01-02,LAL @ DEN,DEN,2056
Fadeaway Jump Shot,Jump Shot,442,20100440,33.8713,-94,173,-118.3638,0,4,0,2001-02,55,19,1.0,2PT Field Goal,Left Side Center(LC),Mid-Range,16-24 ft.,1610612747,Los Angeles Lakers,2002-01-02,LAL @ DEN,DEN,2057
Driving Layup Shot,Layup,35,20100456,34.0443,0,0,-118.2698,8,1,0,2001-02,3,0,1.0,2PT Field Goal,Center(C),Restricted Area,Less Than 8 ft.,1610612747,Los Angeles Lakers,2002-01-04,LAL vs. PHX,PHX,2058
Driving Layup Shot,Layup,76,20100456,34.0443,0,0,-118.2698,3,1,0,2001-02,28,0,1.0,2PT Field Goal,Center(C),Restricted Area,Less Than 8 ft.,1610612747,Los Angeles Lakers,2002-01-04,LAL vs. PHX,PHX,2059
Turnaround Jump Shot,Jump Shot,89,20100456,34.0483,129,-4,-118.1408,2,1,0,2001-02,29,12,0.0,2PT Field Goal,Right Side(R),Mid-Range,8-16 ft.,1610612747,Los Angeles Lakers,2002-01-04,LAL vs. PHX,PHX,2060
Jump Shot,Jump Shot,91,20100456,33.9513,108,93,-118.1618,2,1,0,2001-02,14,14,0.0,2PT Field Goal,Right Side(R),Mid-Range,8-16 ft.,1610612747,Los Angeles Lakers,2002-01-04,LAL vs. PHX,PHX,2061
Layup Shot,Layup,93,20100456,34.0443,0,0,-118.2698,2,1,0,2001-02,1,0,0.0,2PT Field Goal,Center(C),Restricted Area,Less Than 8 ft.,1610612747,Los Angeles Lakers,2002-01-04,LAL vs. PHX,PHX,2062
Jump Shot,Jump Shot,108,20100456,33.9073,64,137,-118.2058,1,1,0,2001-02,6,15,1.0,2PT Field Goal,Center(C),In The Paint (Non-RA),8-16 ft.,1610612747,Los Angeles Lakers,2002-01-04,LAL vs. PHX,PHX,2063
Running Jump Shot,Jump Shot,115,20100456,33.9813,1,63,-118.2688,0,1,0,2001-02,6,6,1.0,2PT Field Goal,Center(C),In The Paint (Non-RA),Less Than 8 ft.,1610612747,Los Angeles Lakers,2002-01-04,LAL vs. PHX,PHX,2064
Jump Shot,Jump Shot,132,20100456,33.8413,94,203,-118.1758,10,2,0,2001-02,45,22,,2PT Field Goal,Right Side Center(RC),Mid-Range,16-24 ft.,1610612747,Los Angeles Lakers,2002-01-04,LAL vs. PHX,PHX,2065
Jump Shot,Jump Shot,256,20100456,34.0353,-141,9,-118.4108,10,3,0,2001-02,58,14,,2PT Field Goal,Left Side(L),Mid-Range,8-16 ft.,1610612747,Los Angeles Lakers,2002-01-04,LAL vs. PHX,PHX,2066
Layup Shot,Layup,326,20100456,34.0443,0,0,-118.2698,4,3,0,2001-02,7,0,0.0,2PT Field Goal,Center(C),Restricted Area,Less Than 8 ft.,1610612747,Los Angeles Lakers,2002-01-04,LAL vs. PHX,PHX,2067
Jump Shot,Jump Shot,340,20100456,34.0423,89,2,-118.1808,2,3,0,2001-02,46,8,1.0,2PT Field Goal,Right Side(R),Mid-Range,8-16 ft.,1610612747,Los Angeles Lakers,2002-01-04,LAL vs. PHX,PHX,2068
Turnaround Jump Shot,Jump Shot,344,20100456,34.0443,140,0,-118.1298,2,3,0,2001-02,9,14,0.0,2PT Field Goal,Right Side(R),Mid-Range,8-16 ft.,1610612747,Los Angeles Lakers,2002-01-04,LAL vs. PHX,PHX,2069
Jump Shot,Jump Shot,355,20100456,33.9893,0,55,-118.2698,1,3,0,2001-02,36,5,,2PT Field Goal,Center(C),In The Paint (Non-RA),Less Than 8 ft.,1610612747,Los Angeles Lakers,2002-01-04,LAL vs. PHX,PHX,2070
Jump Shot,Jump Shot,369,20100456,33.8503,-170,194,-118.4398,0,3,0,2001-02,32,25,0.0,3PT Field Goal,Left Side Center(LC),Above the Break 3,24+ ft.,1610612747,Los Angeles Lakers,2002-01-04,LAL vs. PHX,PHX,2071
Jump Shot,Jump Shot,372,20100456,34.0503,134,-6,-118.1358,0,3,0,2001-02,22,13,0.0,2PT Field Goal,Right Side(R),Mid-Range,8-16 ft.,1610612747,Los Angeles Lakers,2002-01-04,LAL vs. PHX,PHX,2072
Jump Shot,Jump Shot,6,20100468,33.9833,167,61,-118.1028,11,1,0,2001-02,30,17,0.0,2PT Field Goal,Right Side(R),Mid-Range,16-24 ft.,1610612747,Los Angeles Lakers,2002-01-06,LAL @ TOR,TOR,2073
Layup Shot,Layup,17,20100468,34.0443,0,0,-118.2698,10,1,0,2001-02,12,0,0.0,2PT Field Goal,Center(C),Restricted Area,Less Than 8 ft.,1610612747,Los Angeles Lakers,2002-01-06,LAL @ TOR,TOR,2074
Tip Shot,Tip Shot,45,20100468,34.0443,0,0,-118.2698,6,1,0,2001-02,39,0,1.0,2PT Field Goal,Center(C),Restricted Area,Less Than 8 ft.,1610612747,Los Angeles Lakers,2002-01-06,LAL @ TOR,TOR,2075
Fadeaway Jump Shot,Jump Shot,98,20100468,33.9873,159,57,-118.1108,1,1,0,2001-02,26,16,1.0,2PT Field Goal,Right Side(R),Mid-Range,16-24 ft.,1610612747,Los Angeles Lakers,2002-01-06,LAL @ TOR,TOR,2076
Reverse Dunk Shot,Dunk,192,20100468,34.0443,0,0,-118.2698,4,2,0,2001-02,8,0,,2PT Field Goal,Center(C),Restricted Area,Less Than 8 ft.,1610612747,Los Angeles Lakers,2002-01-06,LAL @ TOR,TOR,2077
Reverse Dunk Shot,Dunk,194,20100468,34.0443,0,0,-118.2698,3,2,0,2001-02,36,0,1.0,2PT Field Goal,Center(C),Restricted Area,Less Than 8 ft.,1610612747,Los Angeles Lakers,2002-01-06,LAL @ TOR,TOR,2078
Tip Shot,Tip Shot,203,20100468,34.0443,0,0,-118.2698,3,2,0,2001-02,4,0,0.0,2PT Field Goal,Center(C),Restricted Area,Less Than 8 ft.,1610612747,Los Angeles Lakers,2002-01-06,LAL @ TOR,TOR,2079
Jump Shot,Jump Shot,212,20100468,33.9153,-170,129,-118.4398,2,2,0,2001-02,10,21,1.0,2PT Field Goal,Left Side Center(LC),Mid-Range,16-24 ft.,1610612747,Los Angeles Lakers,2002-01-06,LAL @ TOR,TOR,2080
Jump Shot,Jump Shot,227,20100468,33.9153,180,129,-118.0898,0,2,0,2001-02,51,22,1.0,2PT Field Goal,Right Side(R),Mid-Range,16-24 ft.,1610612747,Los Angeles Lakers,2002-01-06,LAL @ TOR,TOR,2081
Jump Shot,Jump Shot,252,20100468,33.9993,144,45,-118.1258,11,3,0,2001-02,2,15,0.0,2PT Field Goal,Right Side(R),Mid-Range,8-16 ft.,1610612747,Los Angeles Lakers,2002-01-06,LAL @ TOR,TOR,2082
Running Layup Shot,Layup,264,20100468,34.0443,0,0,-118.2698,9,3,0,2001-02,37,0,1.0,2PT Field Goal,Center(C),Restricted Area,Less Than 8 ft.,1610612747,Los Angeles Lakers,2002-01-06,LAL @ TOR,TOR,2083
Alley Oop Layup shot,Layup,269,20100468,34.0443,0,0,-118.2698,9,3,0,2001-02,5,0,0.0,2PT Field Goal,Center(C),Restricted Area,Less Than 8 ft.,1610612747,Los Angeles Lakers,2002-01-06,LAL @ TOR,TOR,2084
Running Jump Shot,Jump Shot,300,20100468,33.9993,-12,45,-118.2818,6,3,0,2001-02,53,4,,2PT Field Goal,Center(C),In The Paint (Non-RA),Less Than 8 ft.,1610612747,Los Angeles Lakers,2002-01-06,LAL @ TOR,TOR,2085
Layup Shot,Layup,332,20100468,34.0443,0,0,-118.2698,2,3,0,2001-02,39,0,1.0,2PT Field Goal,Center(C),Restricted Area,Less Than 8 ft.,1610612747,Los Angeles Lakers,2002-01-06,LAL @ TOR,TOR,2086
Jump Shot,Jump Shot,339,20100468,33.9833,138,61,-118.1318,2,3,0,2001-02,1,15,1.0,2PT Field Goal,Right Side(R),Mid-Range,8-16 ft.,1610612747,Los Angeles Lakers,2002-01-06,LAL @ TOR,TOR,2087
Jump Shot,Jump Shot,342,20100468,33.8793,43,165,-118.2268,1,3,0,2001-02,34,17,0.0,2PT Field Goal,Center(C),Mid-Range,16-24 ft.,1610612747,Los Angeles Lakers,2002-01-06,LAL @ TOR,TOR,2088
Jump Shot,Jump Shot,344,20100468,33.8923,-134,152,-118.4038,1,3,0,2001-02,28,20,1.0,2PT Field Goal,Left Side Center(LC),Mid-Range,16-24 ft.,1610612747,Los Angeles Lakers,2002-01-06,LAL @ TOR,TOR,2089
Fadeaway Jump Shot,Jump Shot,346,20100468,33.9193,-77,125,-118.3468,0,3,0,2001-02,48,14,1.0,2PT Field Goal,Left Side(L),In The Paint (Non-RA),8-16 ft.,1610612747,Los Angeles Lakers,2002-01-06,LAL @ TOR,TOR,2090
Jump Shot,Jump Shot,358,20100468,33.8353,7,209,-118.2628,11,4,0,2001-02,18,20,0.0,2PT Field Goal,Center(C),Mid-Range,16-24 ft.,1610612747,Los Angeles Lakers,2002-01-06,LAL @ TOR,TOR,2091
Jump Shot,Jump Shot,371,20100468,33.9323,1,112,-118.2688,9,4,0,2001-02,24,11,1.0,2PT Field Goal,Center(C),In The Paint (Non-RA),8-16 ft.,1610612747,Los Angeles Lakers,2002-01-06,LAL @ TOR,TOR,2092
Jump Shot,Jump Shot,24,20100482,33.9303,94,114,-118.1758,9,1,0,2001-02,13,14,1.0,2PT Field Goal,Right Side(R),Mid-Range,8-16 ft.,1610612747,Los Angeles Lakers,2002-01-08,LAL @ DET,DET,2093
Jump Shot,Jump Shot,56,20100482,33.9153,73,129,-118.1968,5,1,0,2001-02,59,14,0.0,2PT Field Goal,Center(C),In The Paint (Non-RA),8-16 ft.,1610612747,Los Angeles Lakers,2002-01-08,LAL @ DET,DET,2094
Fadeaway Jump Shot,Jump Shot,89,20100482,34.0233,167,21,-118.1028,2,1,0,2001-02,31,16,,2PT Field Goal,Right Side(R),Mid-Range,16-24 ft.,1610612747,Los Angeles Lakers,2002-01-08,LAL @ DET,DET,2095
Jump Shot,Jump Shot,92,20100482,33.9363,123,108,-118.1468,1,1,0,2001-02,57,16,1.0,2PT Field Goal,Right Side Center(RC),Mid-Range,16-24 ft.,1610612747,Los Angeles Lakers,2002-01-08,LAL @ DET,DET,2096
Reverse Layup Shot,Layup,95,20100482,34.0443,0,0,-118.2698,1,1,0,2001-02,29,0,,2PT Field Goal,Center(C),Restricted Area,Less Than 8 ft.,1610612747,Los Angeles Lakers,2002-01-08,LAL @ DET,DET,2097
Jump Shot,Jump Shot,102,20100482,33.9093,-214,135,-118.4838,0,1,0,2001-02,27,25,0.0,3PT Field Goal,Left Side Center(LC),Above the Break 3,24+ ft.,1610612747,Los Angeles Lakers,2002-01-08,LAL @ DET,DET,2098
Jump Shot,Jump Shot,117,20100482,33.9623,153,82,-118.1168,11,2,0,2001-02,44,17,1.0,2PT Field Goal,Right Side(R),Mid-Range,16-24 ft.,1610612747,Los Angeles Lakers,2002-01-08,LAL @ DET,DET,2099
Jump Shot,Jump Shot,127,20100482,33.9363,138,108,-118.1318,10,2,0,2001-02,24,17,0.0,2PT Field Goal,Right Side Center(RC),Mid-Range,16-24 ft.,1610612747,Los Angeles Lakers,2002-01-08,LAL @ DET,DET,2100
Dunk Shot,Dunk,129,20100482,34.0443,0,0,-118.2698,10,2,0,2001-02,20,0,1.0,2PT Field Goal,Center(C),Restricted Area,Less Than 8 ft.,1610612747,Los Angeles Lakers,2002-01-08,LAL @ DET,DET,2101
Jump Shot,Jump Shot,177,20100482,33.9153,129,129,-118.1408,4,2,0,2001-02,9,18,0.0,2PT Field Goal,Right Side Center(RC),Mid-Range,16-24 ft.,1610612747,Los Angeles Lakers,2002-01-08,LAL @ DET,DET,2102
Jump Shot,Jump Shot,185,20100482,34.0023,-141,42,-118.4108,3,2,0,2001-02,43,14,0.0,2PT Field Goal,Left Side(L),Mid-Range,8-16 ft.,1610612747,Los Angeles Lakers,2002-01-08,LAL @ DET,DET,2103
Jump Shot,Jump Shot,202,20100482,34.0123,-162,32,-118.4318,2,2,0,2001-02,12,16,0.0,2PT Field Goal,Left Side(L),Mid-Range,16-24 ft.,1610612747,Los Angeles Lakers,2002-01-08,LAL @ DET,DET,2104
Running Jump Shot,Jump Shot,210,20100482,33.9303,-4,114,-118.2738,1,2,0,2001-02,33,11,1.0,2PT Field Goal,Center(C),In The Paint (Non-RA),8-16 ft.,1610612747,Los Angeles Lakers,2002-01-08,LAL @ DET,DET,2105
Dunk Shot,Dunk,217,20100482,34.0443,0,0,-118.2698,0,2,0,2001-02,37,0,1.0,2PT Field Goal,Center(C),Restricted Area,Less Than 8 ft.,1610612747,Los Angeles Lakers,2002-01-08,LAL @ DET,DET,2106
Fadeaway Jump Shot,Jump Shot,252,20100482,34.0403,123,4,-118.1468,9,3,0,2001-02,19,12,1.0,2PT Field Goal,Right Side(R),Mid-Range,8-16 ft.,1610612747,Los Angeles Lakers,2002-01-08,LAL @ DET,DET,2107
Layup Shot,Layup,280,20100482,34.0443,0,0,-118.2698,5,3,0,2001-02,42,0,,2PT Field Goal,Center(C),Restricted Area,Less Than 8 ft.,1610612747,Los Angeles Lakers,2002-01-08,LAL @ DET,DET,2108
Jump Shot,Jump Shot,290,20100482,34.0333,115,11,-118.1548,5,3,0,2001-02,1,11,0.0,2PT Field Goal,Right Side(R),Mid-Range,8-16 ft.,1610612747,Los Angeles Lakers,2002-01-08,LAL @ DET,DET,2109
Jump Shot,Jump Shot,23,20100490,33.9873,7,57,-118.2628,9,1,0,2001-02,34,5,0.0,2PT Field Goal,Center(C),In The Paint (Non-RA),Less Than 8 ft.,1610612747,Los Angeles Lakers,2002-01-09,LAL @ IND,IND,2110
Layup Shot,Layup,26,20100490,34.0313,-12,13,-118.2818,9,1,0,2001-02,23,1,1.0,2PT Field Goal,Center(C),Restricted Area,Less Than 8 ft.,1610612747,Los Angeles Lakers,2002-01-09,LAL @ IND,IND,2111
Driving Layup Shot,Layup,32,20100490,33.9873,1,57,-118.2688,8,1,0,2001-02,36,5,,2PT Field Goal,Center(C),In The Paint (Non-RA),Less Than 8 ft.,1610612747,Los Angeles Lakers,2002-01-09,LAL @ IND,IND,2112
Driving Layup Shot,Layup,34,20100490,34.0373,30,7,-118.2398,8,1,0,2001-02,17,3,,2PT Field Goal,Center(C),Restricted Area,Less Than 8 ft.,1610612747,Los Angeles Lakers,2002-01-09,LAL @ IND,IND,2113
Jump Shot,Jump Shot,38,20100490,34.0313,-33,13,-118.3028,7,1,0,2001-02,35,3,0.0,2PT Field Goal,Center(C),Restricted Area,Less Than 8 ft.,1610612747,Los Angeles Lakers,2002-01-09,LAL @ IND,IND,2114
Jump Shot,Jump Shot,62,20100490,33.9263,85,118,-118.1848,5,1,0,2001-02,33,14,0.0,2PT Field Goal,Right Side(R),Mid-Range,8-16 ft.,1610612747,Los Angeles Lakers,2002-01-09,LAL @ IND,IND,2115
Jump Shot,Jump Shot,79,20100490,33.8653,-98,179,-118.3678,3,1,0,2001-02,21,20,0.0,2PT Field Goal,Left Side Center(LC),Mid-Range,16-24 ft.,1610612747,Los Angeles Lakers,2002-01-09,LAL @ IND,IND,2116
Jump Shot,Jump Shot,93,20100490,33.9873,7,57,-118.2628,1,1,0,2001-02,59,5,0.0,2PT Field Goal,Center(C),In The Paint (Non-RA),Less Than 8 ft.,1610612747,Los Angeles Lakers,2002-01-09,LAL @ IND,IND,2117
Alley Oop Dunk Shot,Dunk,131,20100490,34.0373,43,7,-118.2268,9,2,0,2001-02,49,4,1.0,2PT Field Goal,Center(C),In The Paint (Non-RA),Less Than 8 ft.,1610612747,Los Angeles Lakers,2002-01-09,LAL @ IND,IND,2118
Jump Shot,Jump Shot,137,20100490,33.9973,-33,47,-118.3028,9,2,0,2001-02,7,5,0.0,2PT Field Goal,Center(C),In The Paint (Non-RA),Less Than 8 ft.,1610612747,Los Angeles Lakers,2002-01-09,LAL @ IND,IND,2119
Fadeaway Jump Shot,Jump Shot,236,20100490,34.0253,115,19,-118.1548,2,2,0,2001-02,3,11,1.0,2PT Field Goal,Right Side(R),Mid-Range,8-16 ft.,1610612747,Los Angeles Lakers,2002-01-09,LAL @ IND,IND,2120
Jump Shot,Jump Shot,266,20100490,33.8583,159,186,-118.1108,0,2,0,2001-02,12,24,1.0,3PT Field Goal,Right Side Center(RC),Above the Break 3,24+ ft.,1610612747,Los Angeles Lakers,2002-01-09,LAL @ IND,IND,2121
Jump Shot,Jump Shot,272,20100490,34.0443,153,0,-118.1168,0,2,0,2001-02,0,15,,2PT Field Goal,Right Side(R),Mid-Range,8-16 ft.,1610612747,Los Angeles Lakers,2002-01-09,LAL @ IND,IND,2122
Reverse Layup Shot,Layup,294,20100490,34.0443,-12,0,-118.2818,9,3,0,2001-02,18,1,1.0,2PT Field Goal,Center(C),Restricted Area,Less Than 8 ft.,1610612747,Los Angeles Lakers,2002-01-09,LAL @ IND,IND,2123
Dunk Shot,Dunk,311,20100490,34.0373,16,7,-118.2538,8,3,0,2001-02,0,1,0.0,2PT Field Goal,Center(C),Restricted Area,Less Than 8 ft.,1610612747,Los Angeles Lakers,2002-01-09,LAL @ IND,IND,2124
Dunk Shot,Dunk,366,20100490,34.0373,7,7,-118.2628,3,3,0,2001-02,17,0,0.0,2PT Field Goal,Center(C),Restricted Area,Less Than 8 ft.,1610612747,Los Angeles Lakers,2002-01-09,LAL @ IND,IND,2125
Layup Shot,Layup,367,20100490,34.0313,1,13,-118.2688,3,3,0,2001-02,15,1,0.0,2PT Field Goal,Center(C),Restricted Area,Less Than 8 ft.,1610612747,Los Angeles Lakers,2002-01-09,LAL @ IND,IND,2126
Jump Shot,Jump Shot,374,20100490,34.0443,-113,0,-118.3828,2,3,0,2001-02,51,11,0.0,2PT Field Goal,Left Side(L),Mid-Range,8-16 ft.,1610612747,Los Angeles Lakers,2002-01-09,LAL @ IND,IND,2127
Reverse Layup Shot,Layup,402,20100490,34.0313,-12,13,-118.2818,11,4,0,2001-02,52,1,1.0,2PT Field Goal,Center(C),Restricted Area,Less Than 8 ft.,1610612747,Los Angeles Lakers,2002-01-09,LAL @ IND,IND,2128
Fadeaway Jump Shot,Jump Shot,412,20100490,34.0373,138,7,-118.1318,10,4,0,2001-02,47,13,1.0,2PT Field Goal,Right Side(R),Mid-Range,8-16 ft.,1610612747,Los Angeles Lakers,2002-01-09,LAL @ IND,IND,2129
Jump Shot,Jump Shot,414,20100490,33.8713,-63,173,-118.3328,10,4,0,2001-02,6,18,1.0,2PT Field Goal,Left Side Center(LC),Mid-Range,16-24 ft.,1610612747,Los Angeles Lakers,2002-01-09,LAL @ IND,IND,2130
Jump Shot,Jump Shot,427,20100490,33.9093,-119,135,-118.3888,9,4,0,2001-02,10,17,0.0,2PT Field Goal,Left Side Center(LC),Mid-Range,16-24 ft.,1610612747,Los Angeles Lakers,2002-01-09,LAL @ IND,IND,2131
Jump Shot,Jump Shot,18,20100506,33.8983,144,146,-118.1258,9,1,0,2001-02,47,20,0.0,2PT Field Goal,Right Side Center(RC),Mid-Range,16-24 ft.,1610612747,Los Angeles Lakers,2002-01-11,LAL @ MIN,MIN,2132
Jump Shot,Jump Shot,40,20100506,33.8483,-50,196,-118.3198,7,1,0,2001-02,34,20,0.0,2PT Field Goal,Center(C),Mid-Range,16-24 ft.,1610612747,Los Angeles Lakers,2002-01-11,LAL @ MIN,MIN,2133
Turnaround Jump Shot,Jump Shot,43,20100506,34.0253,79,19,-118.1908,6,1,0,2001-02,58,8,1.0,2PT Field Goal,Right Side(R),In The Paint (Non-RA),8-16 ft.,1610612747,Los Angeles Lakers,2002-01-11,LAL @ MIN,MIN,2134
Layup Shot,Layup,61,20100506,34.0443,0,0,-118.2698,3,1,0,2001-02,58,0,0.0,2PT Field Goal,Center(C),Restricted Area,Less Than 8 ft.,1610612747,Los Angeles Lakers,2002-01-11,LAL @ MIN,MIN,2135
Jump Shot,Jump Shot,77,20100506,33.9853,-29,59,-118.2988,2,1,0,2001-02,26,6,0.0,2PT Field Goal,Center(C),In The Paint (Non-RA),Less Than 8 ft.,1610612747,Los Angeles Lakers,2002-01-11,LAL @ MIN,MIN,2136
Jump Shot,Jump Shot,84,20100506,33.9853,-44,59,-118.3138,1,1,0,2001-02,11,7,0.0,2PT Field Goal,Center(C),In The Paint (Non-RA),Less Than 8 ft.,1610612747,Los Angeles Lakers,2002-01-11,LAL @ MIN,MIN,2137
Jump Shot,Jump Shot,86,20100506,34.0213,-73,23,-118.3428,1,1,0,2001-02,8,7,1.0,2PT Field Goal,Center(C),In The Paint (Non-RA),Less Than 8 ft.,1610612747,Los Angeles Lakers,2002-01-11,LAL @ MIN,MIN,2138
Jump Shot,Jump Shot,89,20100506,33.8653,85,179,-118.1848,0,1,0,2001-02,42,19,,2PT Field Goal,Right Side Center(RC),Mid-Range,16-24 ft.,1610612747,Los Angeles Lakers,2002-01-11,LAL @ MIN,MIN,2139
Jump Shot,Jump Shot,91,20100506,33.9113,129,133,-118.1408,0,1,0,2001-02,1,18,0.0,2PT Field Goal,Right Side Center(RC),Mid-Range,16-24 ft.,1610612747,Los Angeles Lakers,2002-01-11,LAL @ MIN,MIN,2140
Running Jump Shot,Jump Shot,107,20100506,33.9113,129,133,-118.1408,10,2,0,2001-02,56,18,1.0,2PT Field Goal,Right Side Center(RC),Mid-Range,16-24 ft.,1610612747,Los Angeles Lakers,2002-01-11,LAL @ MIN,MIN,2141
Jump Shot,Jump Shot,110,20100506,33.9553,-189,89,-118.4588,10,2,0,2001-02,20,20,0.0,2PT Field Goal,Left Side(L),Mid-Range,16-24 ft.,1610612747,Los Angeles Lakers,2002-01-11,LAL @ MIN,MIN,2142
Running Jump Shot,Jump Shot,112,20100506,33.9623,-29,82,-118.2988,10,2,0,2001-02,16,8,1.0,2PT Field Goal,Center(C),In The Paint (Non-RA),8-16 ft.,1610612747,Los Angeles Lakers,2002-01-11,LAL @ MIN,MIN,2143
Turnaround Jump Shot,Jump Shot,125,20100506,34.0463,174,-2,-118.0958,9,2,0,2001-02,2,17,,2PT Field Goal,Right Side(R),Mid-Range,16-24 ft.,1610612747,Los Angeles Lakers,2002-01-11,LAL @ MIN,MIN,2144
Jump Shot,Jump Shot,127,20100506,34.0043,-168,40,-118.4378,8,2,0,2001-02,25,17,0.0,2PT Field Goal,Left Side(L),Mid-Range,16-24 ft.,1610612747,Los Angeles Lakers,2002-01-11,LAL @ MIN,MIN,2145
Jump Shot,Jump Shot,184,20100506,33.9853,-29,59,-118.2988,2,2,0,2001-02,34,6,,2PT Field Goal,Center(C),In The Paint (Non-RA),Less Than 8 ft.,1610612747,Los Angeles Lakers,2002-01-11,LAL @ MIN,MIN,2146
Jump Shot,Jump Shot,189,20100506,33.8983,129,146,-118.1408,2,2,0,2001-02,3,19,0.0,2PT Field Goal,Right Side Center(RC),Mid-Range,16-24 ft.,1610612747,Los Angeles Lakers,2002-01-11,LAL @ MIN,MIN,2147
Jump Shot,Jump Shot,213,20100506,33.8373,136,207,-118.1338,0,2,0,2001-02,0,24,,3PT Field Goal,Right Side Center(RC),Above the Break 3,24+ ft.,1610612747,Los Angeles Lakers,2002-01-11,LAL @ MIN,MIN,2148
Alley Oop Layup shot,Layup,239,20100506,34.0443,0,0,-118.2698,9,3,0,2001-02,34,0,,2PT Field Goal,Center(C),Restricted Area,Less Than 8 ft.,1610612747,Los Angeles Lakers,2002-01-11,LAL @ MIN,MIN,2149
Jump Shot,Jump Shot,243,20100506,34.0083,49,36,-118.2208,9,3,0,2001-02,4,6,0.0,2PT Field Goal,Center(C),In The Paint (Non-RA),Less Than 8 ft.,1610612747,Los Angeles Lakers,2002-01-11,LAL @ MIN,MIN,2150
Turnaround Jump Shot,Jump Shot,273,20100506,33.9343,-35,110,-118.3048,5,3,0,2001-02,19,11,1.0,2PT Field Goal,Center(C),In The Paint (Non-RA),8-16 ft.,1610612747,Los Angeles Lakers,2002-01-11,LAL @ MIN,MIN,2151
Driving Dunk Shot,Dunk,285,20100506,34.0443,0,0,-118.2698,4,3,0,2001-02,30,0,1.0,2PT Field Goal,Center(C),Restricted Area,Less Than 8 ft.,1610612747,Los Angeles Lakers,2002-01-11,LAL @ MIN,MIN,2152
Layup Shot,Layup,287,20100506,34.0443,0,0,-118.2698,4,3,0,2001-02,5,0,0.0,2PT Field Goal,Center(C),Restricted Area,Less Than 8 ft.,1610612747,Los Angeles Lakers,2002-01-11,LAL @ MIN,MIN,2153
Jump Shot,Jump Shot,315,20100506,33.9743,144,70,-118.1258,1,3,0,2001-02,25,16,0.0,2PT Field Goal,Right Side(R),Mid-Range,16-24 ft.,1610612747,Los Angeles Lakers,2002-01-11,LAL @ MIN,MIN,2154
Layup Shot,Layup,335,20100506,34.0443,0,0,-118.2698,0,3,0,2001-02,1,0,0.0,2PT Field Goal,Center(C),Restricted Area,Less Than 8 ft.,1610612747,Los Angeles Lakers,2002-01-11,LAL @ MIN,MIN,2155
Jump Shot,Jump Shot,387,20100506,33.9813,35,63,-118.2348,7,4,0,2001-02,19,7,0.0,2PT Field Goal,Center(C),In The Paint (Non-RA),Less Than 8 ft.,1610612747,Los Angeles Lakers,2002-01-11,LAL @ MIN,MIN,2156
Jump Shot,Jump Shot,409,20100506,33.9173,218,127,-118.0518,4,4,0,2001-02,50,25,,3PT Field Goal,Right Side Center(RC),Above the Break 3,24+ ft.,1610612747,Los Angeles Lakers,2002-01-11,LAL @ MIN,MIN,2157
Layup Shot,Layup,454,20100506,34.0443,0,0,-118.2698,1,4,0,2001-02,54,0,0.0,2PT Field Goal,Center(C),Restricted Area,Less Than 8 ft.,1610612747,Los Angeles Lakers,2002-01-11,LAL @ MIN,MIN,2158
Jump Shot,Jump Shot,25,20100514,33.9683,167,76,-118.1028,9,1,0,2001-02,7,18,,2PT Field Goal,Right Side(R),Mid-Range,16-24 ft.,1610612747,Los Angeles Lakers,2002-01-12,LAL @ CHI,CHI,2159
Driving Layup Shot,Layup,32,20100514,34.0443,0,0,-118.2698,8,1,0,2001-02,38,0,1.0,2PT Field Goal,Center(C),Restricted Area,Less Than 8 ft.,1610612747,Los Angeles Lakers,2002-01-12,LAL @ CHI,CHI,2160
Jump Shot,Jump Shot,39,20100514,33.9913,129,53,-118.1408,7,1,0,2001-02,36,13,1.0,2PT Field Goal,Right Side(R),Mid-Range,8-16 ft.,1610612747,Los Angeles Lakers,2002-01-12,LAL @ CHI,CHI,2161
Jump Shot,Jump Shot,48,20100514,33.8543,-86,190,-118.3558,6,1,0,2001-02,19,20,0.0,2PT Field Goal,Left Side Center(LC),Mid-Range,16-24 ft.,1610612747,Los Angeles Lakers,2002-01-12,LAL @ CHI,CHI,2162
Driving Layup Shot,Layup,91,20100514,34.0443,0,0,-118.2698,2,1,0,2001-02,17,0,1.0,2PT Field Goal,Center(C),Restricted Area,Less Than 8 ft.,1610612747,Los Angeles Lakers,2002-01-12,LAL @ CHI,CHI,2163
Jump Shot,Jump Shot,94,20100514,33.9343,138,110,-118.1318,1,1,0,2001-02,47,17,1.0,2PT Field Goal,Right Side Center(RC),Mid-Range,16-24 ft.,1610612747,Los Angeles Lakers,2002-01-12,LAL @ CHI,CHI,2164
Jump Shot,Jump Shot,187,20100514,34.0253,94,19,-118.1758,6,2,0,2001-02,9,9,0.0,2PT Field Goal,Right Side(R),Mid-Range,8-16 ft.,1610612747,Los Angeles Lakers,2002-01-12,LAL @ CHI,CHI,2165
Jump Shot,Jump Shot,190,20100514,34.0253,138,19,-118.1318,6,2,0,2001-02,4,13,1.0,2PT Field Goal,Right Side(R),Mid-Range,8-16 ft.,1610612747,Los Angeles Lakers,2002-01-12,LAL @ CHI,CHI,2166
Jump Shot,Jump Shot,233,20100514,34.0313,222,13,-118.0478,3,2,0,2001-02,40,22,0.0,3PT Field Goal,Right Side(R),Right Corner 3,24+ ft.,1610612747,Los Angeles Lakers,2002-01-12,LAL @ CHI,CHI,2167
Jump Shot,Jump Shot,246,20100514,33.8773,39,167,-118.2308,1,2,0,2001-02,48,17,,2PT Field Goal,Center(C),Mid-Range,16-24 ft.,1610612747,Los Angeles Lakers,2002-01-12,LAL @ CHI,CHI,2168
Jump Shot,Jump Shot,299,20100514,33.8543,68,190,-118.2018,9,3,0,2001-02,40,20,0.0,2PT Field Goal,Right Side Center(RC),Mid-Range,16-24 ft.,1610612747,Los Angeles Lakers,2002-01-12,LAL @ CHI,CHI,2169
Layup Shot,Layup,324,20100514,34.0443,0,0,-118.2698,6,3,0,2001-02,59,0,1.0,2PT Field Goal,Center(C),Restricted Area,Less Than 8 ft.,1610612747,Los Angeles Lakers,2002-01-12,LAL @ CHI,CHI,2170
Jump Shot,Jump Shot,330,20100514,33.9173,117,127,-118.1528,6,3,0,2001-02,23,17,1.0,2PT Field Goal,Right Side Center(RC),Mid-Range,16-24 ft.,1610612747,Los Angeles Lakers,2002-01-12,LAL @ CHI,CHI,2171
Jump Shot,Jump Shot,352,20100514,33.9453,11,99,-118.2588,4,3,0,2001-02,21,9,0.0,2PT Field Goal,Center(C),In The Paint (Non-RA),8-16 ft.,1610612747,Los Angeles Lakers,2002-01-12,LAL @ CHI,CHI,2172
Jump Shot,Jump Shot,394,20100514,33.9973,153,47,-118.1168,0,3,0,2001-02,28,16,0.0,2PT Field Goal,Right Side(R),Mid-Range,16-24 ft.,1610612747,Los Angeles Lakers,2002-01-12,LAL @ CHI,CHI,2173
Jump Shot,Jump Shot,416,20100514,33.9283,-113,116,-118.3828,9,4,0,2001-02,53,16,1.0,2PT Field Goal,Left Side Center(LC),Mid-Range,16-24 ft.,1610612747,Los Angeles Lakers,2002-01-12,LAL @ CHI,CHI,2174
Jump Shot,Jump Shot,435,20100514,33.8653,-122,179,-118.3918,7,4,0,2001-02,59,21,0.0,2PT Field Goal,Left Side Center(LC),Mid-Range,16-24 ft.,1610612747,Los Angeles Lakers,2002-01-12,LAL @ CHI,CHI,2175
Layup Shot,Layup,523,20100514,34.0443,0,0,-118.2698,0,4,0,2001-02,38,0,,2PT Field Goal,Center(C),Restricted Area,Less Than 8 ft.,1610612747,Los Angeles Lakers,2002-01-12,LAL @ CHI,CHI,2176
Jump Shot,Jump Shot,538,20100514,33.8813,-94,163,-118.3638,0,4,0,2001-02,0,18,0.0,2PT Field Goal,Left Side Center(LC),Mid-Range,16-24 ft.,1610612747,Los Angeles Lakers,2002-01-12,LAL @ CHI,CHI,2177
Reverse Layup Shot,Layup,544,20100514,34.0443,0,0,-118.2698,4,5,0,2001-02,12,0,,2PT Field Goal,Center(C),Restricted Area,Less Than 8 ft.,1610612747,Los Angeles Lakers,2002-01-12,LAL @ CHI,CHI,2178
Layup Shot,Layup,558,20100514,34.0443,0,0,-118.2698,3,5,0,2001-02,2,0,0.0,2PT Field Goal,Center(C),Restricted Area,Less Than 8 ft.,1610612747,Los Angeles Lakers,2002-01-12,LAL @ CHI,CHI,2179
Tip Shot,Tip Shot,559,20100514,34.0443,0,0,-118.2698,3,5,0,2001-02,1,0,0.0,2PT Field Goal,Center(C),Restricted Area,Less Than 8 ft.,1610612747,Los Angeles Lakers,2002-01-12,LAL @ CHI,CHI,2180
Jump Shot,Jump Shot,569,20100514,33.9873,-94,57,-118.3638,2,5,0,2001-02,36,10,,2PT Field Goal,Left Side(L),Mid-Range,8-16 ft.,1610612747,Los Angeles Lakers,2002-01-12,LAL @ CHI,CHI,2181
Jump Shot,Jump Shot,592,20100514,33.8543,-155,190,-118.4248,0,5,0,2001-02,45,24,0.0,3PT Field Goal,Left Side Center(LC),Above the Break 3,24+ ft.,1610612747,Los Angeles Lakers,2002-01-12,LAL @ CHI,CHI,2182
Jump Shot,Jump Shot,610,20100514,34.0313,-191,13,-118.4608,0,5,0,2001-02,1,19,0.0,2PT Field Goal,Left Side(L),Mid-Range,16-24 ft.,1610612747,Los Angeles Lakers,2002-01-12,LAL @ CHI,CHI,2183
Jump Shot,Jump Shot,2,20100525,33.9513,150,93,-118.1198,11,1,0,2001-02,43,17,0.0,2PT Field Goal,Right Side(R),Mid-Range,16-24 ft.,1610612747,Los Angeles Lakers,2002-01-14,LAL vs. MEM,MEM,2184
Finger Roll Shot,Layup,9,20100525,34.0443,0,0,-118.2698,11,1,0,2001-02,13,0,1.0,2PT Field Goal,Center(C),Restricted Area,Less Than 8 ft.,1610612747,Los Angeles Lakers,2002-01-14,LAL vs. MEM,MEM,2185
Jump Shot,Jump Shot,14,20100525,33.8483,-18,196,-118.2878,10,1,0,2001-02,14,19,0.0,2PT Field Goal,Center(C),Mid-Range,16-24 ft.,1610612747,Los Angeles Lakers,2002-01-14,LAL vs. MEM,MEM,2186
Running Jump Shot,Jump Shot,26,20100525,34.0273,-105,17,-118.3748,8,1,0,2001-02,47,10,,2PT Field Goal,Left Side(L),Mid-Range,8-16 ft.,1610612747,Los Angeles Lakers,2002-01-14,LAL vs. MEM,MEM,2187
Jump Shot,Jump Shot,33,20100525,34.0163,129,28,-118.1408,7,1,0,2001-02,57,13,,2PT Field Goal,Right Side(R),Mid-Range,8-16 ft.,1610612747,Los Angeles Lakers,2002-01-14,LAL vs. MEM,MEM,2188
Driving Dunk Shot,Dunk,38,20100525,34.0443,0,0,-118.2698,7,1,0,2001-02,27,0,1.0,2PT Field Goal,Center(C),Restricted Area,Less Than 8 ft.,1610612747,Los Angeles Lakers,2002-01-14,LAL vs. MEM,MEM,2189
Jump Shot,Jump Shot,51,20100525,34.0273,-147,17,-118.4168,6,1,0,2001-02,16,14,,2PT Field Goal,Left Side(L),Mid-Range,8-16 ft.,1610612747,Los Angeles Lakers,2002-01-14,LAL vs. MEM,MEM,2190
Jump Shot,Jump Shot,56,20100525,33.8653,-90,179,-118.3598,5,1,0,2001-02,44,20,1.0,2PT Field Goal,Left Side Center(LC),Mid-Range,16-24 ft.,1610612747,Los Angeles Lakers,2002-01-14,LAL vs. MEM,MEM,2191
Jump Shot,Jump Shot,59,20100525,33.9743,-4,70,-118.2738,5,1,0,2001-02,3,7,0.0,2PT Field Goal,Center(C),In The Paint (Non-RA),Less Than 8 ft.,1610612747,Los Angeles Lakers,2002-01-14,LAL vs. MEM,MEM,2192
Driving Dunk Shot,Dunk,69,20100525,34.0443,0,0,-118.2698,4,1,0,2001-02,23,0,1.0,2PT Field Goal,Center(C),Restricted Area,Less Than 8 ft.,1610612747,Los Angeles Lakers,2002-01-14,LAL vs. MEM,MEM,2193
Layup Shot,Layup,86,20100525,34.0443,0,0,-118.2698,2,1,0,2001-02,31,0,,2PT Field Goal,Center(C),Restricted Area,Less Than 8 ft.,1610612747,Los Angeles Lakers,2002-01-14,LAL vs. MEM,MEM,2194
Tip Shot,Tip Shot,120,20100525,34.0443,0,0,-118.2698,11,2,0,2001-02,29,0,1.0,2PT Field Goal,Center(C),Restricted Area,Less Than 8 ft.,1610612747,Los Angeles Lakers,2002-01-14,LAL vs. MEM,MEM,2195
Layup Shot,Layup,144,20100525,34.0443,0,0,-118.2698,8,2,0,2001-02,56,0,0.0,2PT Field Goal,Center(C),Restricted Area,Less Than 8 ft.,1610612747,Los Angeles Lakers,2002-01-14,LAL vs. MEM,MEM,2196
Jump Shot,Jump Shot,157,20100525,33.9873,43,57,-118.2268,8,2,0,2001-02,32,7,,2PT Field Goal,Center(C),In The Paint (Non-RA),Less Than 8 ft.,1610612747,Los Angeles Lakers,2002-01-14,LAL vs. MEM,MEM,2197
Jump Shot,Jump Shot,164,20100525,33.7893,64,255,-118.2058,8,2,0,2001-02,10,26,1.0,3PT Field Goal,Center(C),Above the Break 3,24+ ft.,1610612747,Los Angeles Lakers,2002-01-14,LAL vs. MEM,MEM,2198
Jump Shot,Jump Shot,167,20100525,33.8583,-63,186,-118.3328,7,2,0,2001-02,42,19,1.0,2PT Field Goal,Left Side Center(LC),Mid-Range,16-24 ft.,1610612747,Los Angeles Lakers,2002-01-14,LAL vs. MEM,MEM,2199
Slam Dunk Shot,Dunk,171,20100525,34.0443,0,0,-118.2698,7,2,0,2001-02,22,0,1.0,2PT Field Goal,Center(C),Restricted Area,Less Than 8 ft.,1610612747,Los Angeles Lakers,2002-01-14,LAL vs. MEM,MEM,2200
Jump Shot,Jump Shot,186,20100525,33.9873,121,57,-118.1488,5,2,0,2001-02,45,13,0.0,2PT Field Goal,Right Side(R),Mid-Range,8-16 ft.,1610612747,Los Angeles Lakers,2002-01-14,LAL vs. MEM,MEM,2201
Driving Layup Shot,Layup,198,20100525,34.0443,0,0,-118.2698,4,2,0,2001-02,13,0,1.0,2PT Field Goal,Center(C),Restricted Area,Less Than 8 ft.,1610612747,Los Angeles Lakers,2002-01-14,LAL vs. MEM,MEM,2202
Jump Shot,Jump Shot,215,20100525,33.9243,-117,120,-118.3868,2,2,0,2001-02,54,16,0.0,2PT Field Goal,Left Side Center(LC),Mid-Range,16-24 ft.,1610612747,Los Angeles Lakers,2002-01-14,LAL vs. MEM,MEM,2203
Reverse Layup Shot,Layup,221,20100525,34.0443,0,0,-118.2698,1,2,0,2001-02,58,0,1.0,2PT Field Goal,Center(C),Restricted Area,Less Than 8 ft.,1610612747,Los Angeles Lakers,2002-01-14,LAL vs. MEM,MEM,2204
Jump Shot,Jump Shot,244,20100525,33.8813,191,163,-118.0788,0,2,0,2001-02,12,25,1.0,3PT Field Goal,Right Side Center(RC),Above the Break 3,24+ ft.,1610612747,Los Angeles Lakers,2002-01-14,LAL vs. MEM,MEM,2205
Jump Shot,Jump Shot,256,20100525,34.0273,-153,17,-118.4228,11,3,0,2001-02,19,15,0.0,2PT Field Goal,Left Side(L),Mid-Range,8-16 ft.,1610612747,Los Angeles Lakers,2002-01-14,LAL vs. MEM,MEM,2206
Driving Dunk Shot,Dunk,274,20100525,34.0443,0,0,-118.2698,9,3,0,2001-02,42,0,1.0,2PT Field Goal,Center(C),Restricted Area,Less Than 8 ft.,1610612747,Los Angeles Lakers,2002-01-14,LAL vs. MEM,MEM,2207
Turnaround Jump Shot,Jump Shot,284,20100525,34.0273,64,17,-118.2058,7,3,0,2001-02,58,6,1.0,2PT Field Goal,Center(C),In The Paint (Non-RA),Less Than 8 ft.,1610612747,Los Angeles Lakers,2002-01-14,LAL vs. MEM,MEM,2208
Driving Layup Shot,Layup,293,20100525,34.0163,16,28,-118.2538,6,3,0,2001-02,52,3,1.0,2PT Field Goal,Center(C),Restricted Area,Less Than 8 ft.,1610612747,Los Angeles Lakers,2002-01-14,LAL vs. MEM,MEM,2209
Jump Shot,Jump Shot,301,20100525,33.8713,-195,173,-118.4648,5,3,0,2001-02,56,26,0.0,3PT Field Goal,Left Side Center(LC),Above the Break 3,24+ ft.,1610612747,Los Angeles Lakers,2002-01-14,LAL vs. MEM,MEM,2210
Jump Shot,Jump Shot,319,20100525,33.9683,-63,76,-118.3328,4,3,0,2001-02,11,9,0.0,2PT Field Goal,Left Side(L),In The Paint (Non-RA),8-16 ft.,1610612747,Los Angeles Lakers,2002-01-14,LAL vs. MEM,MEM,2211
Driving Dunk Shot,Dunk,334,20100525,34.0443,0,0,-118.2698,2,3,0,2001-02,14,0,1.0,2PT Field Goal,Center(C),Restricted Area,Less Than 8 ft.,1610612747,Los Angeles Lakers,2002-01-14,LAL vs. MEM,MEM,2212
Jump Shot,Jump Shot,337,20100525,33.8253,169,219,-118.1008,1,3,0,2001-02,44,27,1.0,3PT Field Goal,Right Side Center(RC),Above the Break 3,24+ ft.,1610612747,Los Angeles Lakers,2002-01-14,LAL vs. MEM,MEM,2213
Jump Shot,Jump Shot,344,20100525,33.7663,22,278,-118.2478,1,3,0,2001-02,17,27,,3PT Field Goal,Center(C),Above the Break 3,24+ ft.,1610612747,Los Angeles Lakers,2002-01-14,LAL vs. MEM,MEM,2214
Running Jump Shot,Jump Shot,349,20100525,33.9813,-33,63,-118.3028,0,3,0,2001-02,53,7,1.0,2PT Field Goal,Center(C),In The Paint (Non-RA),Less Than 8 ft.,1610612747,Los Angeles Lakers,2002-01-14,LAL vs. MEM,MEM,2215
Jump Shot,Jump Shot,356,20100525,33.9283,64,116,-118.2058,0,3,0,2001-02,21,13,1.0,2PT Field Goal,Center(C),In The Paint (Non-RA),8-16 ft.,1610612747,Los Angeles Lakers,2002-01-14,LAL vs. MEM,MEM,2216
Jump Shot,Jump Shot,359,20100525,33.8143,-138,230,-118.4078,0,3,0,2001-02,2,26,,3PT Field Goal,Left Side Center(LC),Above the Break 3,24+ ft.,1610612747,Los Angeles Lakers,2002-01-14,LAL vs. MEM,MEM,2217
Turnaround Jump Shot,Jump Shot,16,20100542,33.9933,-124,51,-118.3938,9,1,0,2001-02,15,13,1.0,2PT Field Goal,Left Side(L),Mid-Range,8-16 ft.,1610612747,Los Angeles Lakers,2002-01-16,LAL vs. MIA,MIA,2218
Layup Shot,Layup,18,20100542,34.0443,0,0,-118.2698,8,1,0,2001-02,35,0,1.0,2PT Field Goal,Center(C),Restricted Area,Less Than 8 ft.,1610612747,Los Angeles Lakers,2002-01-16,LAL vs. MIA,MIA,2219
Jump Shot,Jump Shot,42,20100542,33.8943,-111,150,-118.3808,6,1,0,2001-02,2,18,0.0,2PT Field Goal,Left Side Center(LC),Mid-Range,16-24 ft.,1610612747,Los Angeles Lakers,2002-01-16,LAL vs. MIA,MIA,2220
Jump Shot,Jump Shot,55,20100542,33.9283,-176,116,-118.4458,4,1,0,2001-02,24,21,1.0,2PT Field Goal,Left Side(L),Mid-Range,16-24 ft.,1610612747,Los Angeles Lakers,2002-01-16,LAL vs. MIA,MIA,2221
Jump Shot,Jump Shot,59,20100542,33.8753,-124,169,-118.3938,3,1,0,2001-02,56,20,,2PT Field Goal,Left Side Center(LC),Mid-Range,16-24 ft.,1610612747,Los Angeles Lakers,2002-01-16,LAL vs. MIA,MIA,2222
Jump Shot,Jump Shot,67,20100542,34.0103,-147,34,-118.4168,2,1,0,2001-02,44,15,,2PT Field Goal,Left Side(L),Mid-Range,8-16 ft.,1610612747,Los Angeles Lakers,2002-01-16,LAL vs. MIA,MIA,2223
Jump Shot,Jump Shot,100,20100542,33.9683,-138,76,-118.4078,0,1,0,2001-02,31,15,1.0,2PT Field Goal,Left Side(L),Mid-Range,8-16 ft.,1610612747,Los Angeles Lakers,2002-01-16,LAL vs. MIA,MIA,2224
Jump Shot,Jump Shot,105,20100542,34.0443,220,0,-118.0498,0,1,0,2001-02,0,22,0.0,2PT Field Goal,Right Side(R),Right Corner 3,24+ ft.,1610612747,Los Angeles Lakers,2002-01-16,LAL vs. MIA,MIA,2225
Jump Shot,Jump Shot,163,20100542,34.0233,-176,21,-118.4458,6,2,0,2001-02,25,17,,2PT Field Goal,Left Side(L),Mid-Range,16-24 ft.,1610612747,Los Angeles Lakers,2002-01-16,LAL vs. MIA,MIA,2226
Slam Dunk Shot,Dunk,211,20100542,34.0443,0,0,-118.2698,2,2,0,2001-02,5,0,1.0,2PT Field Goal,Center(C),Restricted Area,Less Than 8 ft.,1610612747,Los Angeles Lakers,2002-01-16,LAL vs. MIA,MIA,2227
Jump Shot,Jump Shot,224,20100542,33.8413,142,203,-118.1278,0,2,0,2001-02,35,24,0.0,3PT Field Goal,Right Side Center(RC),Above the Break 3,24+ ft.,1610612747,Los Angeles Lakers,2002-01-16,LAL vs. MIA,MIA,2228
Driving Layup Shot,Layup,232,20100542,34.0443,0,0,-118.2698,11,3,0,2001-02,47,0,1.0,2PT Field Goal,Center(C),Restricted Area,Less Than 8 ft.,1610612747,Los Angeles Lakers,2002-01-16,LAL vs. MIA,MIA,2229
Alley Oop Layup shot,Layup,241,20100542,34.0443,0,0,-118.2698,11,3,0,2001-02,4,0,,2PT Field Goal,Center(C),Restricted Area,Less Than 8 ft.,1610612747,Los Angeles Lakers,2002-01-16,LAL vs. MIA,MIA,2230
Layup Shot,Layup,246,20100542,34.0443,0,0,-118.2698,10,3,0,2001-02,40,0,0.0,2PT Field Goal,Center(C),Restricted Area,Less Than 8 ft.,1610612747,Los Angeles Lakers,2002-01-16,LAL vs. MIA,MIA,2231
Tip Shot,Tip Shot,247,20100542,34.0443,0,0,-118.2698,10,3,0,2001-02,38,0,0.0,2PT Field Goal,Center(C),Restricted Area,Less Than 8 ft.,1610612747,Los Angeles Lakers,2002-01-16,LAL vs. MIA,MIA,2232
Tip Shot,Tip Shot,249,20100542,34.0443,0,0,-118.2698,10,3,0,2001-02,37,0,0.0,2PT Field Goal,Center(C),Restricted Area,Less Than 8 ft.,1610612747,Los Angeles Lakers,2002-01-16,LAL vs. MIA,MIA,2233
Jump Shot,Jump Shot,270,20100542,33.9973,64,47,-118.2058,8,3,0,2001-02,23,7,0.0,2PT Field Goal,Center(C),In The Paint (Non-RA),Less Than 8 ft.,1610612747,Los Angeles Lakers,2002-01-16,LAL vs. MIA,MIA,2234
Driving Layup Shot,Layup,290,20100542,34.0443,0,0,-118.2698,5,3,0,2001-02,51,0,1.0,2PT Field Goal,Center(C),Restricted Area,Less Than 8 ft.,1610612747,Los Angeles Lakers,2002-01-16,LAL vs. MIA,MIA,2235
Jump Shot,Jump Shot,300,20100542,33.9743,-162,70,-118.4318,4,3,0,2001-02,53,17,0.0,2PT Field Goal,Left Side(L),Mid-Range,16-24 ft.,1610612747,Los Angeles Lakers,2002-01-16,LAL vs. MIA,MIA,2236
Driving Layup Shot,Layup,305,20100542,34.0443,0,0,-118.2698,4,3,0,2001-02,18,0,0.0,2PT Field Goal,Center(C),Restricted Area,Less Than 8 ft.,1610612747,Los Angeles Lakers,2002-01-16,LAL vs. MIA,MIA,2237
Driving Layup Shot,Layup,342,20100542,34.0443,0,0,-118.2698,0,3,0,2001-02,1,0,1.0,2PT Field Goal,Center(C),Restricted Area,Less Than 8 ft.,1610612747,Los Angeles Lakers,2002-01-16,LAL vs. MIA,MIA,2238
Hook Shot,Hook Shot,387,20100542,34.0443,85,0,-118.1848,7,4,0,2001-02,11,8,0.0,2PT Field Goal,Right Side(R),Mid-Range,8-16 ft.,1610612747,Los Angeles Lakers,2002-01-16,LAL vs. MIA,MIA,2239
Tip Shot,Tip Shot,394,20100542,34.0443,0,0,-118.2698,6,4,0,2001-02,31,0,,2PT Field Goal,Center(C),Restricted Area,Less Than 8 ft.,1610612747,Los Angeles Lakers,2002-01-16,LAL vs. MIA,MIA,2240
Running Jump Shot,Jump Shot,401,20100542,33.9813,70,63,-118.1998,5,4,0,2001-02,51,9,1.0,2PT Field Goal,Right Side(R),In The Paint (Non-RA),8-16 ft.,1610612747,Los Angeles Lakers,2002-01-16,LAL vs. MIA,MIA,2241
Jump Shot,Jump Shot,410,20100542,33.8943,91,150,-118.1788,4,4,0,2001-02,34,17,0.0,2PT Field Goal,Right Side Center(RC),Mid-Range,16-24 ft.,1610612747,Los Angeles Lakers,2002-01-16,LAL vs. MIA,MIA,2242
Dunk Shot,Dunk,419,20100542,34.0443,0,0,-118.2698,3,4,0,2001-02,47,0,0.0,2PT Field Goal,Center(C),Restricted Area,Less Than 8 ft.,1610612747,Los Angeles Lakers,2002-01-16,LAL vs. MIA,MIA,2243
Layup Shot,Layup,430,20100542,34.0443,0,0,-118.2698,2,4,0,2001-02,58,0,1.0,2PT Field Goal,Center(C),Restricted Area,Less Than 8 ft.,1610612747,Los Angeles Lakers,2002-01-16,LAL vs. MIA,MIA,2244
Jump Shot,Jump Shot,439,20100542,33.9003,85,144,-118.1848,1,4,0,2001-02,23,16,0.0,2PT Field Goal,Right Side Center(RC),Mid-Range,16-24 ft.,1610612747,Los Angeles Lakers,2002-01-16,LAL vs. MIA,MIA,2245
Jump Shot,Jump Shot,449,20100542,33.7853,-54,259,-118.3238,0,4,0,2001-02,28,26,0.0,3PT Field Goal,Center(C),Above the Break 3,24+ ft.,1610612747,Los Angeles Lakers,2002-01-16,LAL vs. MIA,MIA,2246
Jump Shot,Jump Shot,458,20100542,33.9173,214,127,-118.0558,0,4,0,2001-02,14,24,,3PT Field Goal,Right Side Center(RC),Above the Break 3,24+ ft.,1610612747,Los Angeles Lakers,2002-01-16,LAL vs. MIA,MIA,2247
Jump Shot,Jump Shot,4,20100558,34.0613,-162,-17,-118.4318,11,1,0,2001-02,17,16,0.0,2PT Field Goal,Left Side(L),Mid-Range,16-24 ft.,1610612747,Los Angeles Lakers,2002-01-19,LAL @ SAS,SAS,2248
Jump Shot,Jump Shot,18,20100558,34.0443,-109,0,-118.3788,9,1,0,2001-02,52,10,1.0,2PT Field Goal,Left Side(L),Mid-Range,8-16 ft.,1610612747,Los Angeles Lakers,2002-01-19,LAL @ SAS,SAS,2249
Jump Shot,Jump Shot,20,20100558,33.9813,-1,63,-118.2708,9,1,0,2001-02,28,6,,2PT Field Goal,Center(C),In The Paint (Non-RA),Less Than 8 ft.,1610612747,Los Angeles Lakers,2002-01-19,LAL @ SAS,SAS,2250
Dunk Shot,Dunk,34,20100558,34.0403,3,4,-118.2668,7,1,0,2001-02,49,0,0.0,2PT Field Goal,Center(C),Restricted Area,Less Than 8 ft.,1610612747,Los Angeles Lakers,2002-01-19,LAL @ SAS,SAS,2251
Jump Shot,Jump Shot,46,20100558,34.0083,-46,36,-118.3158,6,1,0,2001-02,8,5,1.0,2PT Field Goal,Center(C),In The Paint (Non-RA),Less Than 8 ft.,1610612747,Los Angeles Lakers,2002-01-19,LAL @ SAS,SAS,2252
Jump Shot,Jump Shot,107,20100558,34.0023,3,42,-118.2668,0,1,0,2001-02,21,4,0.0,2PT Field Goal,Center(C),In The Paint (Non-RA),Less Than 8 ft.,1610612747,Los Angeles Lakers,2002-01-19,LAL @ SAS,SAS,2253
Jump Shot,Jump Shot,134,20100558,33.8753,106,169,-118.1638,9,2,0,2001-02,22,19,0.0,2PT Field Goal,Right Side Center(RC),Mid-Range,16-24 ft.,1610612747,Los Angeles Lakers,2002-01-19,LAL @ SAS,SAS,2254
Turnaround Jump Shot,Jump Shot,212,20100558,33.9433,-46,101,-118.3158,1,2,0,2001-02,54,11,1.0,2PT Field Goal,Center(C),In The Paint (Non-RA),8-16 ft.,1610612747,Los Angeles Lakers,2002-01-19,LAL @ SAS,SAS,2255
Jump Shot,Jump Shot,215,20100558,33.8443,32,200,-118.2378,1,2,0,2001-02,32,20,0.0,2PT Field Goal,Center(C),Mid-Range,16-24 ft.,1610612747,Los Angeles Lakers,2002-01-19,LAL @ SAS,SAS,2256
Alley Oop Dunk Shot,Dunk,220,20100558,34.0573,3,-13,-118.2668,0,2,0,2001-02,48,1,1.0,2PT Field Goal,Center(C),Restricted Area,Less Than 8 ft.,1610612747,Los Angeles Lakers,2002-01-19,LAL @ SAS,SAS,2257
Jump Shot,Jump Shot,243,20100558,33.8753,127,169,-118.1428,11,3,0,2001-02,2,21,0.0,2PT Field Goal,Right Side Center(RC),Mid-Range,16-24 ft.,1610612747,Los Angeles Lakers,2002-01-19,LAL @ SAS,SAS,2258
Turnaround Jump Shot,Jump Shot,247,20100558,34.0293,-132,15,-118.4018,10,3,0,2001-02,20,13,,2PT Field Goal,Left Side(L),Mid-Range,8-16 ft.,1610612747,Los Angeles Lakers,2002-01-19,LAL @ SAS,SAS,2259
Jump Shot,Jump Shot,256,20100558,33.9643,39,80,-118.2308,9,3,0,2001-02,26,8,0.0,2PT Field Goal,Center(C),In The Paint (Non-RA),8-16 ft.,1610612747,Los Angeles Lakers,2002-01-19,LAL @ SAS,SAS,2260
Jump Shot,Jump Shot,267,20100558,33.9973,-162,47,-118.4318,8,3,0,2001-02,35,16,1.0,2PT Field Goal,Left Side(L),Mid-Range,16-24 ft.,1610612747,Los Angeles Lakers,2002-01-19,LAL @ SAS,SAS,2261
Jump Shot,Jump Shot,270,20100558,33.9153,91,129,-118.1788,7,3,0,2001-02,53,15,,2PT Field Goal,Right Side(R),Mid-Range,8-16 ft.,1610612747,Los Angeles Lakers,2002-01-19,LAL @ SAS,SAS,2262
Jump Shot,Jump Shot,292,20100558,33.8543,3,190,-118.2668,4,3,0,2001-02,12,19,0.0,2PT Field Goal,Center(C),Mid-Range,16-24 ft.,1610612747,Los Angeles Lakers,2002-01-19,LAL @ SAS,SAS,2263
Jump Shot,Jump Shot,301,20100558,33.8753,18,169,-118.2518,3,3,0,2001-02,11,16,1.0,2PT Field Goal,Center(C),Mid-Range,16-24 ft.,1610612747,Los Angeles Lakers,2002-01-19,LAL @ SAS,SAS,2264
Jump Shot,Jump Shot,303,20100558,33.8713,106,173,-118.1638,2,3,0,2001-02,41,20,1.0,2PT Field Goal,Right Side Center(RC),Mid-Range,16-24 ft.,1610612747,Los Angeles Lakers,2002-01-19,LAL @ SAS,SAS,2265
Jump Shot,Jump Shot,317,20100558,33.8443,148,200,-118.1218,0,3,0,2001-02,59,24,,3PT Field Goal,Right Side Center(RC),Above the Break 3,24+ ft.,1610612747,Los Angeles Lakers,2002-01-19,LAL @ SAS,SAS,2266
Jump Shot,Jump Shot,380,20100558,33.8373,-138,207,-118.4078,5,4,0,2001-02,23,24,1.0,3PT Field Goal,Left Side Center(LC),Above the Break 3,24+ ft.,1610612747,Los Angeles Lakers,2002-01-19,LAL @ SAS,SAS,2267
Jump Shot,Jump Shot,383,20100558,33.9813,39,63,-118.2308,4,4,0,2001-02,57,7,0.0,2PT Field Goal,Center(C),In The Paint (Non-RA),Less Than 8 ft.,1610612747,Los Angeles Lakers,2002-01-19,LAL @ SAS,SAS,2268
Jump Shot,Jump Shot,384,20100558,33.9913,3,53,-118.2668,4,4,0,2001-02,54,5,1.0,2PT Field Goal,Center(C),In The Paint (Non-RA),Less Than 8 ft.,1610612747,Los Angeles Lakers,2002-01-19,LAL @ SAS,SAS,2269
Layup Shot,Layup,395,20100558,34.0443,-1,0,-118.2708,3,4,0,2001-02,26,0,0.0,2PT Field Goal,Center(C),Restricted Area,Less Than 8 ft.,1610612747,Los Angeles Lakers,2002-01-19,LAL @ SAS,SAS,2270
Jump Shot,Jump Shot,401,20100558,33.9743,157,70,-118.1128,2,4,0,2001-02,37,17,0.0,2PT Field Goal,Right Side(R),Mid-Range,16-24 ft.,1610612747,Los Angeles Lakers,2002-01-19,LAL @ SAS,SAS,2271
Turnaround Jump Shot,Jump Shot,419,20100558,34.0183,142,26,-118.1278,0,4,0,2001-02,27,14,0.0,2PT Field Goal,Right Side(R),Mid-Range,8-16 ft.,1610612747,Los Angeles Lakers,2002-01-19,LAL @ SAS,SAS,2272
Jump Shot,Jump Shot,42,20100588,33.8183,-69,226,-118.3388,6,1,0,2001-02,46,23,1.0,2PT Field Goal,Center(C),Mid-Range,16-24 ft.,1610612747,Los Angeles Lakers,2002-01-22,LAL vs. DEN,DEN,2273
Jump Shot,Jump Shot,59,20100588,34.0553,100,-11,-118.1698,4,1,0,2001-02,12,10,0.0,2PT Field Goal,Right Side(R),Mid-Range,8-16 ft.,1610612747,Los Angeles Lakers,2002-01-22,LAL vs. DEN,DEN,2274
Jump Shot,Jump Shot,115,20100588,33.8183,150,226,-118.1198,0,1,0,2001-02,24,27,0.0,3PT Field Goal,Right Side Center(RC),Above the Break 3,24+ ft.,1610612747,Los Angeles Lakers,2002-01-22,LAL vs. DEN,DEN,2275
Driving Layup Shot,Layup,249,20100588,34.0443,0,0,-118.2698,10,3,0,2001-02,36,0,1.0,2PT Field Goal,Center(C),Restricted Area,Less Than 8 ft.,1610612747,Los Angeles Lakers,2002-01-22,LAL vs. DEN,DEN,2276
Jump Shot,Jump Shot,258,20100588,34.0233,178,21,-118.0918,9,3,0,2001-02,2,17,1.0,2PT Field Goal,Right Side(R),Mid-Range,16-24 ft.,1610612747,Los Angeles Lakers,2002-01-22,LAL vs. DEN,DEN,2277
Turnaround Jump Shot,Jump Shot,262,20100588,33.9243,100,120,-118.1698,8,3,0,2001-02,20,15,1.0,2PT Field Goal,Right Side(R),Mid-Range,8-16 ft.,1610612747,Los Angeles Lakers,2002-01-22,LAL vs. DEN,DEN,2278
Jump Shot,Jump Shot,291,20100588,33.8083,-111,236,-118.3808,5,3,0,2001-02,22,26,0.0,3PT Field Goal,Left Side Center(LC),Above the Break 3,24+ ft.,1610612747,Los Angeles Lakers,2002-01-22,LAL vs. DEN,DEN,2279
Running Jump Shot,Jump Shot,330,20100588,33.9933,-42,51,-118.3118,0,3,0,2001-02,46,6,1.0,2PT Field Goal,Center(C),In The Paint (Non-RA),Less Than 8 ft.,1610612747,Los Angeles Lakers,2002-01-22,LAL vs. DEN,DEN,2280
Driving Layup Shot,Layup,333,20100588,34.0443,0,0,-118.2698,0,3,0,2001-02,18,0,0.0,2PT Field Goal,Center(C),Restricted Area,Less Than 8 ft.,1610612747,Los Angeles Lakers,2002-01-22,LAL vs. DEN,DEN,2281
Turnaround Jump Shot,Jump Shot,340,20100588,33.9173,129,127,-118.1408,11,4,0,2001-02,45,18,1.0,2PT Field Goal,Right Side Center(RC),Mid-Range,16-24 ft.,1610612747,Los Angeles Lakers,2002-01-22,LAL vs. DEN,DEN,2282
Jump Shot,Jump Shot,350,20100588,33.8813,-48,163,-118.3178,10,4,0,2001-02,19,16,0.0,2PT Field Goal,Center(C),Mid-Range,16-24 ft.,1610612747,Los Angeles Lakers,2002-01-22,LAL vs. DEN,DEN,2283
Reverse Layup Shot,Layup,355,20100588,34.0443,0,0,-118.2698,9,4,0,2001-02,34,0,0.0,2PT Field Goal,Center(C),Restricted Area,Less Than 8 ft.,1610612747,Los Angeles Lakers,2002-01-22,LAL vs. DEN,DEN,2284
Jump Shot,Jump Shot,360,20100588,33.9473,-153,97,-118.4228,9,4,0,2001-02,7,18,0.0,2PT Field Goal,Left Side(L),Mid-Range,16-24 ft.,1610612747,Los Angeles Lakers,2002-01-22,LAL vs. DEN,DEN,2285
Jump Shot,Jump Shot,371,20100588,34.0233,77,21,-118.1928,8,4,0,2001-02,22,7,0.0,2PT Field Goal,Center(C),In The Paint (Non-RA),Less Than 8 ft.,1610612747,Los Angeles Lakers,2002-01-22,LAL vs. DEN,DEN,2286
Driving Layup Shot,Layup,14,20100595,34.0443,0,0,-118.2698,10,1,0,2001-02,3,0,1.0,2PT Field Goal,Center(C),Restricted Area,Less Than 8 ft.,1610612747,Los Angeles Lakers,2002-01-23,LAL @ LAC,LAC,2287
Slam Dunk Shot,Dunk,31,20100595,34.0443,0,0,-118.2698,7,1,0,2001-02,26,0,1.0,2PT Field Goal,Center(C),Restricted Area,Less Than 8 ft.,1610612747,Los Angeles Lakers,2002-01-23,LAL @ LAC,LAC,2288
Jump Shot,Jump Shot,35,20100595,34.0333,-115,11,-118.3848,7,1,0,2001-02,0,11,1.0,2PT Field Goal,Left Side(L),Mid-Range,8-16 ft.,1610612747,Los Angeles Lakers,2002-01-23,LAL @ LAC,LAC,2289
Driving Dunk Shot,Dunk,45,20100595,34.0443,0,0,-118.2698,6,1,0,2001-02,14,0,0.0,2PT Field Goal,Center(C),Restricted Area,Less Than 8 ft.,1610612747,Los Angeles Lakers,2002-01-23,LAL @ LAC,LAC,2290
Jump Shot,Jump Shot,96,20100595,33.8963,-145,148,-118.4148,0,1,0,2001-02,28,20,0.0,2PT Field Goal,Left Side Center(LC),Mid-Range,16-24 ft.,1610612747,Los Angeles Lakers,2002-01-23,LAL @ LAC,LAC,2291
Jump Shot,Jump Shot,106,20100595,34.0333,-122,11,-118.3918,11,2,0,2001-02,47,12,1.0,2PT Field Goal,Left Side(L),Mid-Range,8-16 ft.,1610612747,Los Angeles Lakers,2002-01-23,LAL @ LAC,LAC,2292
Jump Shot,Jump Shot,112,20100595,33.9243,-94,120,-118.3638,10,2,0,2001-02,39,15,0.0,2PT Field Goal,Left Side(L),Mid-Range,8-16 ft.,1610612747,Los Angeles Lakers,2002-01-23,LAL @ LAC,LAC,2293
Jump Shot,Jump Shot,164,20100595,33.9493,155,95,-118.1148,4,2,0,2001-02,17,18,1.0,2PT Field Goal,Right Side(R),Mid-Range,16-24 ft.,1610612747,Los Angeles Lakers,2002-01-23,LAL @ LAC,LAC,2294
Jump Shot,Jump Shot,167,20100595,33.9283,54,116,-118.2158,3,2,0,2001-02,47,12,0.0,2PT Field Goal,Center(C),In The Paint (Non-RA),8-16 ft.,1610612747,Los Angeles Lakers,2002-01-23,LAL @ LAC,LAC,2295
Jump Shot,Jump Shot,169,20100595,33.8673,117,177,-118.1528,3,2,0,2001-02,41,21,1.0,2PT Field Goal,Right Side Center(RC),Mid-Range,16-24 ft.,1610612747,Los Angeles Lakers,2002-01-23,LAL @ LAC,LAC,2296
Jump Shot,Jump Shot,185,20100595,33.9343,-115,110,-118.3848,2,2,0,2001-02,9,15,0.0,2PT Field Goal,Left Side(L),Mid-Range,8-16 ft.,1610612747,Los Angeles Lakers,2002-01-23,LAL @ LAC,LAC,2297
Layup Shot,Layup,191,20100595,34.0443,0,0,-118.2698,1,2,0,2001-02,49,0,1.0,2PT Field Goal,Center(C),Restricted Area,Less Than 8 ft.,1610612747,Los Angeles Lakers,2002-01-23,LAL @ LAC,LAC,2298
Fadeaway Jump Shot,Jump Shot,196,20100595,33.8843,68,160,-118.2018,1,2,0,2001-02,6,17,1.0,2PT Field Goal,Right Side Center(RC),Mid-Range,16-24 ft.,1610612747,Los Angeles Lakers,2002-01-23,LAL @ LAC,LAC,2299
Jump Shot,Jump Shot,199,20100595,33.9953,167,49,-118.1028,0,2,0,2001-02,32,17,0.0,2PT Field Goal,Right Side(R),Mid-Range,16-24 ft.,1610612747,Los Angeles Lakers,2002-01-23,LAL @ LAC,LAC,2300
Jump Shot,Jump Shot,202,20100595,33.9783,-10,66,-118.2798,0,2,0,2001-02,7,6,0.0,2PT Field Goal,Center(C),In The Paint (Non-RA),Less Than 8 ft.,1610612747,Los Angeles Lakers,2002-01-23,LAL @ LAC,LAC,2301
Jump Shot,Jump Shot,212,20100595,33.9003,-122,144,-118.3918,11,3,0,2001-02,47,18,0.0,2PT Field Goal,Left Side Center(LC),Mid-Range,16-24 ft.,1610612747,Los Angeles Lakers,2002-01-23,LAL @ LAC,LAC,2302
Jump Shot,Jump Shot,216,20100595,33.9283,39,116,-118.2308,11,3,0,2001-02,12,12,0.0,2PT Field Goal,Center(C),In The Paint (Non-RA),8-16 ft.,1610612747,Los Angeles Lakers,2002-01-23,LAL @ LAC,LAC,2303
Jump Shot,Jump Shot,259,20100595,33.9073,146,137,-118.1238,7,3,0,2001-02,5,20,1.0,2PT Field Goal,Right Side Center(RC),Mid-Range,16-24 ft.,1610612747,Los Angeles Lakers,2002-01-23,LAL @ LAC,LAC,2304
Jump Shot,Jump Shot,289,20100595,34.0333,167,11,-118.1028,4,3,0,2001-02,35,16,,2PT Field Goal,Right Side(R),Mid-Range,16-24 ft.,1610612747,Los Angeles Lakers,2002-01-23,LAL @ LAC,LAC,2305
Jump Shot,Jump Shot,311,20100595,34.0273,182,17,-118.0878,3,3,0,2001-02,13,18,1.0,2PT Field Goal,Right Side(R),Mid-Range,16-24 ft.,1610612747,Los Angeles Lakers,2002-01-23,LAL @ LAC,LAC,2306
Jump Shot,Jump Shot,313,20100595,33.8843,18,160,-118.2518,2,3,0,2001-02,30,16,0.0,2PT Field Goal,Center(C),Mid-Range,16-24 ft.,1610612747,Los Angeles Lakers,2002-01-23,LAL @ LAC,LAC,2307
Running Jump Shot,Jump Shot,317,20100595,33.9683,5,76,-118.2648,2,3,0,2001-02,22,7,1.0,2PT Field Goal,Center(C),In The Paint (Non-RA),Less Than 8 ft.,1610612747,Los Angeles Lakers,2002-01-23,LAL @ LAC,LAC,2308
Jump Shot,Jump Shot,330,20100595,33.7893,-58,255,-118.3278,0,3,0,2001-02,1,26,0.0,3PT Field Goal,Center(C),Above the Break 3,24+ ft.,1610612747,Los Angeles Lakers,2002-01-23,LAL @ LAC,LAC,2309
Jump Shot,Jump Shot,388,20100595,34.0553,188,-11,-118.0818,6,4,0,2001-02,34,18,,2PT Field Goal,Right Side(R),Mid-Range,16-24 ft.,1610612747,Los Angeles Lakers,2002-01-23,LAL @ LAC,LAC,2310
Jump Shot,Jump Shot,474,20100595,33.7423,-69,302,-118.3388,0,4,0,2001-02,10,30,0.0,3PT Field Goal,Center(C),Above the Break 3,24+ ft.,1610612747,Los Angeles Lakers,2002-01-23,LAL @ LAC,LAC,2311
Jump Shot,Jump Shot,12,20100609,33.9973,-153,47,-118.4228,10,1,0,2001-02,42,16,0.0,2PT Field Goal,Left Side(L),Mid-Range,16-24 ft.,1610612747,Los Angeles Lakers,2002-01-25,LAL vs. SAS,SAS,2312
Layup Shot,Layup,63,20100609,34.0443,0,0,-118.2698,3,1,0,2001-02,46,0,,2PT Field Goal,Center(C),Restricted Area,Less Than 8 ft.,1610612747,Los Angeles Lakers,2002-01-25,LAL vs. SAS,SAS,2313
Driving Dunk Shot,Dunk,78,20100609,34.0443,0,0,-118.2698,2,1,0,2001-02,37,0,1.0,2PT Field Goal,Center(C),Restricted Area,Less Than 8 ft.,1610612747,Los Angeles Lakers,2002-01-25,LAL vs. SAS,SAS,2314
Jump Shot,Jump Shot,87,20100609,33.9933,-27,51,-118.2968,1,1,0,2001-02,59,5,0.0,2PT Field Goal,Center(C),In The Paint (Non-RA),Less Than 8 ft.,1610612747,Los Angeles Lakers,2002-01-25,LAL vs. SAS,SAS,2315
Jump Shot,Jump Shot,93,20100609,34.0403,115,4,-118.1548,1,1,0,2001-02,8,11,1.0,2PT Field Goal,Right Side(R),Mid-Range,8-16 ft.,1610612747,Los Angeles Lakers,2002-01-25,LAL vs. SAS,SAS,2316
Running Jump Shot,Jump Shot,172,20100609,34.0443,-124,0,-118.3938,4,2,0,2001-02,52,12,1.0,2PT Field Goal,Left Side(L),Mid-Range,8-16 ft.,1610612747,Los Angeles Lakers,2002-01-25,LAL vs. SAS,SAS,2317
Jump Shot,Jump Shot,186,20100609,34.0103,64,34,-118.2058,2,2,0,2001-02,59,7,1.0,2PT Field Goal,Center(C),In The Paint (Non-RA),Less Than 8 ft.,1610612747,Los Angeles Lakers,2002-01-25,LAL vs. SAS,SAS,2318
Running Jump Shot,Jump Shot,194,20100609,34.0403,157,4,-118.1128,2,2,0,2001-02,43,15,,2PT Field Goal,Right Side(R),Mid-Range,8-16 ft.,1610612747,Los Angeles Lakers,2002-01-25,LAL vs. SAS,SAS,2319
Fadeaway Jump Shot,Jump Shot,202,20100609,33.9683,100,76,-118.1698,1,2,0,2001-02,17,12,,2PT Field Goal,Right Side(R),Mid-Range,8-16 ft.,1610612747,Los Angeles Lakers,2002-01-25,LAL vs. SAS,SAS,2320
Turnaround Jump Shot,Jump Shot,265,20100609,33.9493,-107,95,-118.3768,7,3,0,2001-02,32,14,0.0,2PT Field Goal,Left Side(L),Mid-Range,8-16 ft.,1610612747,Los Angeles Lakers,2002-01-25,LAL vs. SAS,SAS,2321
Jump Shot,Jump Shot,278,20100609,33.9663,83,78,-118.1868,6,3,0,2001-02,37,11,0.0,2PT Field Goal,Right Side(R),Mid-Range,8-16 ft.,1610612747,Los Angeles Lakers,2002-01-25,LAL vs. SAS,SAS,2322
Driving Layup Shot,Layup,285,20100609,34.0443,0,0,-118.2698,6,3,0,2001-02,14,0,1.0,2PT Field Goal,Center(C),Restricted Area,Less Than 8 ft.,1610612747,Los Angeles Lakers,2002-01-25,LAL vs. SAS,SAS,2323
Jump Shot,Jump Shot,297,20100609,33.8603,-113,184,-118.3828,4,3,0,2001-02,21,21,0.0,2PT Field Goal,Left Side Center(LC),Mid-Range,16-24 ft.,1610612747,Los Angeles Lakers,2002-01-25,LAL vs. SAS,SAS,2324
Jump Shot,Jump Shot,339,20100609,34.0423,182,2,-118.0878,0,3,0,2001-02,53,18,0.0,2PT Field Goal,Right Side(R),Mid-Range,16-24 ft.,1610612747,Los Angeles Lakers,2002-01-25,LAL vs. SAS,SAS,2325
Driving Finger Roll Shot,Layup,394,20100609,34.0443,0,0,-118.2698,8,4,0,2001-02,13,0,1.0,2PT Field Goal,Center(C),Restricted Area,Less Than 8 ft.,1610612747,Los Angeles Lakers,2002-01-25,LAL vs. SAS,SAS,2326
Jump Shot,Jump Shot,413,20100609,33.9953,-29,49,-118.2988,5,4,0,2001-02,16,5,0.0,2PT Field Goal,Center(C),In The Paint (Non-RA),Less Than 8 ft.,1610612747,Los Angeles Lakers,2002-01-25,LAL vs. SAS,SAS,2327
Turnaround Jump Shot,Jump Shot,436,20100609,33.9663,113,78,-118.1568,2,4,0,2001-02,56,13,0.0,2PT Field Goal,Right Side(R),Mid-Range,8-16 ft.,1610612747,Los Angeles Lakers,2002-01-25,LAL vs. SAS,SAS,2328
Alley Oop Dunk Shot,Dunk,440,20100609,34.0443,0,0,-118.2698,2,4,0,2001-02,25,0,1.0,2PT Field Goal,Center(C),Restricted Area,Less Than 8 ft.,1610612747,Los Angeles Lakers,2002-01-25,LAL vs. SAS,SAS,2329
Jump Shot,Jump Shot,446,20100609,33.9763,-56,68,-118.3258,1,4,0,2001-02,58,8,0.0,2PT Field Goal,Left Side(L),In The Paint (Non-RA),8-16 ft.,1610612747,Los Angeles Lakers,2002-01-25,LAL vs. SAS,SAS,2330
Dunk Shot,Dunk,37,20100622,34.0443,0,0,-118.2698,6,1,0,2001-02,27,0,1.0,2PT Field Goal,Center(C),Restricted Area,Less Than 8 ft.,1610612747,Los Angeles Lakers,2002-01-27,LAL @ PHI,PHI,2331
Jump Shot,Jump Shot,70,20100622,33.9533,-119,91,-118.3888,3,1,0,2001-02,40,14,0.0,2PT Field Goal,Left Side(L),Mid-Range,8-16 ft.,1610612747,Los Angeles Lakers,2002-01-27,LAL @ PHI,PHI,2332
Layup Shot,Layup,96,20100622,34.0443,0,0,-118.2698,1,1,0,2001-02,6,0,0.0,2PT Field Goal,Center(C),Restricted Area,Less Than 8 ft.,1610612747,Los Angeles Lakers,2002-01-27,LAL @ PHI,PHI,2333
Driving Layup Shot,Layup,105,20100622,34.0443,0,0,-118.2698,0,1,0,2001-02,2,0,1.0,2PT Field Goal,Center(C),Restricted Area,Less Than 8 ft.,1610612747,Los Angeles Lakers,2002-01-27,LAL @ PHI,PHI,2334
Turnaround Jump Shot,Jump Shot,121,20100622,34.0483,134,-4,-118.1358,11,2,0,2001-02,6,13,1.0,2PT Field Goal,Right Side(R),Mid-Range,8-16 ft.,1610612747,Los Angeles Lakers,2002-01-27,LAL @ PHI,PHI,2335
Jump Shot,Jump Shot,166,20100622,33.8883,134,156,-118.1358,6,2,0,2001-02,3,20,0.0,2PT Field Goal,Right Side Center(RC),Mid-Range,16-24 ft.,1610612747,Los Angeles Lakers,2002-01-27,LAL @ PHI,PHI,2336
Jump Shot,Jump Shot,247,20100622,34.0403,148,4,-118.1218,11,3,0,2001-02,38,14,1.0,2PT Field Goal,Right Side(R),Mid-Range,8-16 ft.,1610612747,Los Angeles Lakers,2002-01-27,LAL @ PHI,PHI,2337
Jump Shot,Jump Shot,250,20100622,33.9133,142,131,-118.1278,10,3,0,2001-02,56,19,0.0,2PT Field Goal,Right Side Center(RC),Mid-Range,16-24 ft.,1610612747,Los Angeles Lakers,2002-01-27,LAL @ PHI,PHI,2338
Jump Shot,Jump Shot,252,20100622,33.9093,49,135,-118.2208,10,3,0,2001-02,42,14,0.0,2PT Field Goal,Center(C),In The Paint (Non-RA),8-16 ft.,1610612747,Los Angeles Lakers,2002-01-27,LAL @ PHI,PHI,2339
Jump Shot,Jump Shot,267,20100622,33.8983,14,146,-118.2558,9,3,0,2001-02,4,14,0.0,2PT Field Goal,Center(C),Mid-Range,8-16 ft.,1610612747,Los Angeles Lakers,2002-01-27,LAL @ PHI,PHI,2340
Jump Shot,Jump Shot,273,20100622,34.0293,-132,15,-118.4018,8,3,0,2001-02,5,13,0.0,2PT Field Goal,Left Side(L),Mid-Range,8-16 ft.,1610612747,Los Angeles Lakers,2002-01-27,LAL @ PHI,PHI,2341
Running Jump Shot,Jump Shot,297,20100622,33.9743,-54,70,-118.3238,5,3,0,2001-02,57,8,1.0,2PT Field Goal,Left Side(L),In The Paint (Non-RA),8-16 ft.,1610612747,Los Angeles Lakers,2002-01-27,LAL @ PHI,PHI,2342
Running Jump Shot,Jump Shot,310,20100622,34.0063,-6,38,-118.2758,4,3,0,2001-02,19,3,1.0,2PT Field Goal,Center(C),Restricted Area,Less Than 8 ft.,1610612747,Los Angeles Lakers,2002-01-27,LAL @ PHI,PHI,2343
Dunk Shot,Dunk,313,20100622,34.0443,0,0,-118.2698,3,3,0,2001-02,56,0,1.0,2PT Field Goal,Center(C),Restricted Area,Less Than 8 ft.,1610612747,Los Angeles Lakers,2002-01-27,LAL @ PHI,PHI,2344
Jump Shot,Jump Shot,358,20100622,33.9913,-6,53,-118.2758,10,4,0,2001-02,37,5,,2PT Field Goal,Center(C),In The Paint (Non-RA),Less Than 8 ft.,1610612747,Los Angeles Lakers,2002-01-27,LAL @ PHI,PHI,2345
Jump Shot,Jump Shot,425,20100622,33.8753,-12,169,-118.2818,3,4,0,2001-02,4,16,0.0,2PT Field Goal,Center(C),Mid-Range,16-24 ft.,1610612747,Los Angeles Lakers,2002-01-27,LAL @ PHI,PHI,2346
Turnaround Jump Shot,Jump Shot,452,20100622,33.9643,1,80,-118.2688,0,4,0,2001-02,56,8,1.0,2PT Field Goal,Center(C),In The Paint (Non-RA),8-16 ft.,1610612747,Los Angeles Lakers,2002-01-27,LAL @ PHI,PHI,2347
Jump Shot,Jump Shot,2,20100628,34.0103,-42,34,-118.3118,11,1,0,2001-02,44,5,1.0,2PT Field Goal,Center(C),In The Paint (Non-RA),Less Than 8 ft.,1610612747,Los Angeles Lakers,2002-01-29,LAL @ ATL,ATL,2348
Layup Shot,Layup,9,20100628,34.0443,0,0,-118.2698,10,1,0,2001-02,41,0,0.0,2PT Field Goal,Center(C),Restricted Area,Less Than 8 ft.,1610612747,Los Angeles Lakers,2002-01-29,LAL @ ATL,ATL,2349
Reverse Layup Shot,Layup,13,20100628,34.0443,0,0,-118.2698,10,1,0,2001-02,18,0,,2PT Field Goal,Center(C),Restricted Area,Less Than 8 ft.,1610612747,Los Angeles Lakers,2002-01-29,LAL @ ATL,ATL,2350
Jump Shot,Jump Shot,20,20100628,33.8943,-33,150,-118.3028,9,1,0,2001-02,35,15,1.0,2PT Field Goal,Center(C),Mid-Range,8-16 ft.,1610612747,Los Angeles Lakers,2002-01-29,LAL @ ATL,ATL,2351
Jump Shot,Jump Shot,40,20100628,34.0403,-71,4,-118.3408,7,1,0,2001-02,17,7,1.0,2PT Field Goal,Center(C),In The Paint (Non-RA),Less Than 8 ft.,1610612747,Los Angeles Lakers,2002-01-29,LAL @ ATL,ATL,2352
Fadeaway Jump Shot,Jump Shot,45,20100628,34.0403,132,4,-118.1378,6,1,0,2001-02,40,13,1.0,2PT Field Goal,Right Side(R),Mid-Range,8-16 ft.,1610612747,Los Angeles Lakers,2002-01-29,LAL @ ATL,ATL,2353
Fadeaway Jump Shot,Jump Shot,63,20100628,34.0403,123,4,-118.1468,4,1,0,2001-02,20,12,1.0,2PT Field Goal,Right Side(R),Mid-Range,8-16 ft.,1610612747,Los Angeles Lakers,2002-01-29,LAL @ ATL,ATL,2354
Dunk Shot,Dunk,78,20100628,34.0443,0,0,-118.2698,2,1,0,2001-02,54,0,1.0,2PT Field Goal,Center(C),Restricted Area,Less Than 8 ft.,1610612747,Los Angeles Lakers,2002-01-29,LAL @ ATL,ATL,2355
Jump Shot,Jump Shot,85,20100628,33.9173,-166,127,-118.4358,2,1,0,2001-02,10,20,,2PT Field Goal,Left Side Center(LC),Mid-Range,16-24 ft.,1610612747,Los Angeles Lakers,2002-01-29,LAL @ ATL,ATL,2356
Jump Shot,Jump Shot,88,20100628,33.8603,-27,184,-118.2968,1,1,0,2001-02,29,18,0.0,2PT Field Goal,Center(C),Mid-Range,16-24 ft.,1610612747,Los Angeles Lakers,2002-01-29,LAL @ ATL,ATL,2357
Reverse Layup Shot,Layup,92,20100628,34.0443,0,0,-118.2698,1,1,0,2001-02,8,0,1.0,2PT Field Goal,Center(C),Restricted Area,Less Than 8 ft.,1610612747,Los Angeles Lakers,2002-01-29,LAL @ ATL,ATL,2358
Jump Shot,Jump Shot,97,20100628,33.9623,-202,82,-118.4718,0,1,0,2001-02,46,21,1.0,2PT Field Goal,Left Side(L),Mid-Range,16-24 ft.,1610612747,Los Angeles Lakers,2002-01-29,LAL @ ATL,ATL,2359
Fadeaway Jump Shot,Jump Shot,198,20100628,34.0443,176,0,-118.0938,2,2,0,2001-02,56,17,,2PT Field Goal,Right Side(R),Mid-Range,16-24 ft.,1610612747,Los Angeles Lakers,2002-01-29,LAL @ ATL,ATL,2360
Layup Shot,Layup,209,20100628,34.0443,0,0,-118.2698,1,2,0,2001-02,45,0,0.0,2PT Field Goal,Center(C),Restricted Area,Less Than 8 ft.,1610612747,Los Angeles Lakers,2002-01-29,LAL @ ATL,ATL,2361
Jump Shot,Jump Shot,221,20100628,33.9383,-172,106,-118.4418,0,2,0,2001-02,50,20,1.0,2PT Field Goal,Left Side(L),Mid-Range,16-24 ft.,1610612747,Los Angeles Lakers,2002-01-29,LAL @ ATL,ATL,2362
Jump Shot,Jump Shot,224,20100628,33.8903,153,154,-118.1168,0,2,0,2001-02,29,21,0.0,2PT Field Goal,Right Side Center(RC),Mid-Range,16-24 ft.,1610612747,Los Angeles Lakers,2002-01-29,LAL @ ATL,ATL,2363
Jump Shot,Jump Shot,232,20100628,34.0163,235,28,-118.0348,0,2,0,2001-02,0,23,0.0,3PT Field Goal,Right Side(R),Right Corner 3,24+ ft.,1610612747,Los Angeles Lakers,2002-01-29,LAL @ ATL,ATL,2364
Reverse Layup Shot,Layup,247,20100628,34.0443,0,0,-118.2698,11,3,0,2001-02,0,0,1.0,2PT Field Goal,Center(C),Restricted Area,Less Than 8 ft.,1610612747,Los Angeles Lakers,2002-01-29,LAL @ ATL,ATL,2365
Layup Shot,Layup,283,20100628,34.0443,0,0,-118.2698,7,3,0,2001-02,9,0,0.0,2PT Field Goal,Center(C),Restricted Area,Less Than 8 ft.,1610612747,Los Angeles Lakers,2002-01-29,LAL @ ATL,ATL,2366
Jump Shot,Jump Shot,333,20100628,33.8733,-107,171,-118.3768,2,3,0,2001-02,19,20,0.0,2PT Field Goal,Left Side Center(LC),Mid-Range,16-24 ft.,1610612747,Los Angeles Lakers,2002-01-29,LAL @ ATL,ATL,2367
Tip Shot,Tip Shot,16,20100639,34.0443,0,0,-118.2698,9,1,0,2001-02,36,0,1.0,2PT Field Goal,Center(C),Restricted Area,Less Than 8 ft.,1610612747,Los Angeles Lakers,2002-01-30,LAL @ ORL,ORL,2368
Jump Shot,Jump Shot,24,20100639,33.9223,-94,122,-118.3638,8,1,0,2001-02,50,15,0.0,2PT Field Goal,Left Side(L),Mid-Range,8-16 ft.,1610612747,Los Angeles Lakers,2002-01-30,LAL @ ORL,ORL,2369
Jump Shot,Jump Shot,54,20100639,33.8733,176,171,-118.0938,5,1,0,2001-02,8,24,,3PT Field Goal,Right Side Center(RC),Above the Break 3,24+ ft.,1610612747,Los Angeles Lakers,2002-01-30,LAL @ ORL,ORL,2370
Running Hook Shot,Hook Shot,89,20100639,34.0523,62,-8,-118.2078,1,1,0,2001-02,19,6,0.0,2PT Field Goal,Center(C),In The Paint (Non-RA),Less Than 8 ft.,1610612747,Los Angeles Lakers,2002-01-30,LAL @ ORL,ORL,2371
Running Jump Shot,Jump Shot,126,20100639,34.0463,-101,-2,-118.3708,10,2,0,2001-02,45,10,0.0,2PT Field Goal,Left Side(L),Mid-Range,8-16 ft.,1610612747,Los Angeles Lakers,2002-01-30,LAL @ ORL,ORL,2372
Driving Finger Roll Shot,Layup,175,20100639,34.0443,0,0,-118.2698,6,2,0,2001-02,28,0,1.0,2PT Field Goal,Center(C),Restricted Area,Less Than 8 ft.,1610612747,Los Angeles Lakers,2002-01-30,LAL @ ORL,ORL,2373
Driving Layup Shot,Layup,195,20100639,34.0443,0,0,-118.2698,4,2,0,2001-02,25,0,0.0,2PT Field Goal,Center(C),Restricted Area,Less Than 8 ft.,1610612747,Los Angeles Lakers,2002-01-30,LAL @ ORL,ORL,2374
Slam Dunk Shot,Dunk,198,20100639,34.0443,0,0,-118.2698,4,2,0,2001-02,4,0,0.0,2PT Field Goal,Center(C),Restricted Area,Less Than 8 ft.,1610612747,Los Angeles Lakers,2002-01-30,LAL @ ORL,ORL,2375
Alley Oop Dunk Shot,Dunk,227,20100639,34.0443,0,0,-118.2698,1,2,0,2001-02,18,0,1.0,2PT Field Goal,Center(C),Restricted Area,Less Than 8 ft.,1610612747,Los Angeles Lakers,2002-01-30,LAL @ ORL,ORL,2376
Jump Shot,Jump Shot,248,20100639,33.9513,132,93,-118.1378,11,3,0,2001-02,23,16,0.0,2PT Field Goal,Right Side(R),Mid-Range,16-24 ft.,1610612747,Los Angeles Lakers,2002-01-30,LAL @ ORL,ORL,2377
Jump Shot,Jump Shot,298,20100639,33.9283,182,116,-118.0878,6,3,0,2001-02,26,21,1.0,2PT Field Goal,Right Side(R),Mid-Range,16-24 ft.,1610612747,Los Angeles Lakers,2002-01-30,LAL @ ORL,ORL,2378
Jump Shot,Jump Shot,337,20100639,33.9553,176,89,-118.0938,3,3,0,2001-02,9,19,0.0,2PT Field Goal,Right Side(R),Mid-Range,16-24 ft.,1610612747,Los Angeles Lakers,2002-01-30,LAL @ ORL,ORL,2379
Jump Shot,Jump Shot,376,20100639,33.8793,98,165,-118.1718,11,4,0,2001-02,46,19,1.0,2PT Field Goal,Right Side Center(RC),Mid-Range,16-24 ft.,1610612747,Los Angeles Lakers,2002-01-30,LAL @ ORL,ORL,2380
Jump Shot,Jump Shot,379,20100639,33.8463,24,198,-118.2458,11,4,0,2001-02,7,19,0.0,2PT Field Goal,Center(C),Mid-Range,16-24 ft.,1610612747,Los Angeles Lakers,2002-01-30,LAL @ ORL,ORL,2381
Fadeaway Jump Shot,Jump Shot,386,20100639,34.0213,110,23,-118.1598,10,4,0,2001-02,27,11,1.0,2PT Field Goal,Right Side(R),Mid-Range,8-16 ft.,1610612747,Los Angeles Lakers,2002-01-30,LAL @ ORL,ORL,2382
Jump Shot,Jump Shot,391,20100639,33.9593,-157,85,-118.4268,9,4,0,2001-02,53,17,0.0,2PT Field Goal,Left Side(L),Mid-Range,16-24 ft.,1610612747,Los Angeles Lakers,2002-01-30,LAL @ ORL,ORL,2383
Turnaround Jump Shot,Jump Shot,422,20100639,34.0633,-187,-19,-118.4568,9,4,0,2001-02,4,18,1.0,2PT Field Goal,Left Side(L),Mid-Range,16-24 ft.,1610612747,Los Angeles Lakers,2002-01-30,LAL @ ORL,ORL,2384
Driving Dunk Shot,Dunk,425,20100639,34.0443,0,0,-118.2698,8,4,0,2001-02,35,0,1.0,2PT Field Goal,Center(C),Restricted Area,Less Than 8 ft.,1610612747,Los Angeles Lakers,2002-01-30,LAL @ ORL,ORL,2385
Jump Shot,Jump Shot,432,20100639,33.9513,167,93,-118.1028,8,4,0,2001-02,5,19,,2PT Field Goal,Right Side(R),Mid-Range,16-24 ft.,1610612747,Los Angeles Lakers,2002-01-30,LAL @ ORL,ORL,2386
Jump Shot,Jump Shot,437,20100639,33.9553,-94,89,-118.3638,7,4,0,2001-02,40,12,0.0,2PT Field Goal,Left Side(L),Mid-Range,8-16 ft.,1610612747,Los Angeles Lakers,2002-01-30,LAL @ ORL,ORL,2387
Driving Layup Shot,Layup,448,20100639,34.0443,0,0,-118.2698,6,4,0,2001-02,11,0,0.0,2PT Field Goal,Center(C),Restricted Area,Less Than 8 ft.,1610612747,Los Angeles Lakers,2002-01-30,LAL @ ORL,ORL,2388
Turnaround Jump Shot,Jump Shot,493,20100639,34.0673,191,-23,-118.0788,2,4,0,2001-02,7,19,0.0,2PT Field Goal,Right Side(R),Mid-Range,16-24 ft.,1610612747,Los Angeles Lakers,2002-01-30,LAL @ ORL,ORL,2389
Driving Dunk Shot,Dunk,496,20100639,34.0443,0,0,-118.2698,1,4,0,2001-02,52,0,1.0,2PT Field Goal,Center(C),Restricted Area,Less Than 8 ft.,1610612747,Los Angeles Lakers,2002-01-30,LAL @ ORL,ORL,2390
Jump Shot,Jump Shot,8,20100653,33.9153,-128,129,-118.3978,10,1,0,2001-02,42,18,0.0,2PT Field Goal,Left Side Center(LC),Mid-Range,16-24 ft.,1610612747,Los Angeles Lakers,2002-02-01,LAL @ MEM,MEM,2391
Layup Shot,Layup,42,20100653,34.0443,0,0,-118.2698,7,1,0,2001-02,20,0,1.0,2PT Field Goal,Center(C),Restricted Area,Less Than 8 ft.,1610612747,Los Angeles Lakers,2002-02-01,LAL @ MEM,MEM,2392
Jump Shot,Jump Shot,45,20100653,33.9743,174,70,-118.0958,6,1,0,2001-02,57,18,0.0,2PT Field Goal,Right Side(R),Mid-Range,16-24 ft.,1610612747,Los Angeles Lakers,2002-02-01,LAL @ MEM,MEM,2393
Turnaround Jump Shot,Jump Shot,77,20100653,34.0443,159,0,-118.1108,1,1,0,2001-02,27,15,0.0,2PT Field Goal,Right Side(R),Mid-Range,8-16 ft.,1610612747,Los Angeles Lakers,2002-02-01,LAL @ MEM,MEM,2394
Jump Shot,Jump Shot,97,20100653,33.7153,-18,329,-118.2878,0,1,0,2001-02,0,32,0.0,3PT Field Goal,Center(C),Above the Break 3,24+ ft.,1610612747,Los Angeles Lakers,2002-02-01,LAL @ MEM,MEM,2395
Jump Shot,Jump Shot,182,20100653,34.0503,108,-6,-118.1618,1,2,0,2001-02,42,10,0.0,2PT Field Goal,Right Side(R),Mid-Range,8-16 ft.,1610612747,Los Angeles Lakers,2002-02-01,LAL @ MEM,MEM,2396
Jump Shot,Jump Shot,189,20100653,34.0403,-56,4,-118.3258,1,2,0,2001-02,2,5,1.0,2PT Field Goal,Center(C),In The Paint (Non-RA),Less Than 8 ft.,1610612747,Los Angeles Lakers,2002-02-01,LAL @ MEM,MEM,2397
Jump Shot,Jump Shot,196,20100653,33.9363,237,108,-118.0328,0,2,0,2001-02,34,26,,3PT Field Goal,Right Side Center(RC),Above the Break 3,24+ ft.,1610612747,Los Angeles Lakers,2002-02-01,LAL @ MEM,MEM,2398
Reverse Layup Shot,Layup,242,20100653,34.0443,0,0,-118.2698,6,3,0,2001-02,21,0,1.0,2PT Field Goal,Center(C),Restricted Area,Less Than 8 ft.,1610612747,Los Angeles Lakers,2002-02-01,LAL @ MEM,MEM,2399
Layup Shot,Layup,281,20100653,34.0443,0,0,-118.2698,1,3,0,2001-02,5,0,1.0,2PT Field Goal,Center(C),Restricted Area,Less Than 8 ft.,1610612747,Los Angeles Lakers,2002-02-01,LAL @ MEM,MEM,2400
Layup Shot,Layup,296,20100653,34.0443,0,0,-118.2698,11,4,0,2001-02,5,0,0.0,2PT Field Goal,Center(C),Restricted Area,Less Than 8 ft.,1610612747,Los Angeles Lakers,2002-02-01,LAL @ MEM,MEM,2401
Layup Shot,Layup,311,20100653,34.0443,0,0,-118.2698,9,4,0,2001-02,40,0,0.0,2PT Field Goal,Center(C),Restricted Area,Less Than 8 ft.,1610612747,Los Angeles Lakers,2002-02-01,LAL @ MEM,MEM,2402
Jump Shot,Jump Shot,337,20100653,33.9913,-71,53,-118.3408,5,4,0,2001-02,52,8,1.0,2PT Field Goal,Left Side(L),In The Paint (Non-RA),8-16 ft.,1610612747,Los Angeles Lakers,2002-02-01,LAL @ MEM,MEM,2403
Jump Shot,Jump Shot,22,20100668,33.9323,132,112,-118.1378,9,1,0,2001-02,26,17,0.0,2PT Field Goal,Right Side Center(RC),Mid-Range,16-24 ft.,1610612747,Los Angeles Lakers,2002-02-03,LAL @ DAL,DAL,2404
Driving Layup Shot,Layup,40,20100668,34.0443,0,0,-118.2698,7,1,0,2001-02,28,0,0.0,2PT Field Goal,Center(C),Restricted Area,Less Than 8 ft.,1610612747,Los Angeles Lakers,2002-02-03,LAL @ DAL,DAL,2405
Jump Shot,Jump Shot,42,20100668,34.0333,77,11,-118.1928,7,1,0,2001-02,24,7,0.0,2PT Field Goal,Center(C),In The Paint (Non-RA),Less Than 8 ft.,1610612747,Los Angeles Lakers,2002-02-03,LAL @ DAL,DAL,2406
Jump Shot,Jump Shot,43,20100668,34.0103,54,34,-118.2158,7,1,0,2001-02,23,6,0.0,2PT Field Goal,Center(C),In The Paint (Non-RA),Less Than 8 ft.,1610612747,Los Angeles Lakers,2002-02-03,LAL @ DAL,DAL,2407
Jump Shot,Jump Shot,46,20100668,33.9833,3,61,-118.2668,7,1,0,2001-02,21,6,1.0,2PT Field Goal,Center(C),In The Paint (Non-RA),Less Than 8 ft.,1610612747,Los Angeles Lakers,2002-02-03,LAL @ DAL,DAL,2408
Jump Shot,Jump Shot,66,20100668,33.8293,119,215,-118.1508,5,1,0,2001-02,6,24,0.0,3PT Field Goal,Right Side Center(RC),Above the Break 3,24+ ft.,1610612747,Los Angeles Lakers,2002-02-03,LAL @ DAL,DAL,2409
Slam Dunk Shot,Dunk,72,20100668,34.0443,0,0,-118.2698,4,1,0,2001-02,45,0,1.0,2PT Field Goal,Center(C),Restricted Area,Less Than 8 ft.,1610612747,Los Angeles Lakers,2002-02-03,LAL @ DAL,DAL,2410
Jump Shot,Jump Shot,83,20100668,33.9893,32,55,-118.2378,3,1,0,2001-02,14,6,1.0,2PT Field Goal,Center(C),In The Paint (Non-RA),Less Than 8 ft.,1610612747,Los Angeles Lakers,2002-02-03,LAL @ DAL,DAL,2411
Jump Shot,Jump Shot,103,20100668,33.9113,110,133,-118.1598,1,1,0,2001-02,49,17,1.0,2PT Field Goal,Right Side Center(RC),Mid-Range,16-24 ft.,1610612747,Los Angeles Lakers,2002-02-03,LAL @ DAL,DAL,2412
Jump Shot,Jump Shot,109,20100668,33.9383,161,106,-118.1088,1,1,0,2001-02,21,19,0.0,2PT Field Goal,Right Side(R),Mid-Range,16-24 ft.,1610612747,Los Angeles Lakers,2002-02-03,LAL @ DAL,DAL,2413
Driving Layup Shot,Layup,118,20100668,34.0443,0,0,-118.2698,0,1,0,2001-02,20,0,,2PT Field Goal,Center(C),Restricted Area,Less Than 8 ft.,1610612747,Los Angeles Lakers,2002-02-03,LAL @ DAL,DAL,2414
Jump Shot,Jump Shot,169,20100668,33.9113,56,133,-118.2138,7,2,0,2001-02,5,14,0.0,2PT Field Goal,Center(C),In The Paint (Non-RA),8-16 ft.,1610612747,Los Angeles Lakers,2002-02-03,LAL @ DAL,DAL,2415
Jump Shot,Jump Shot,227,20100668,34.0483,119,-4,-118.1508,1,2,0,2001-02,36,11,0.0,2PT Field Goal,Right Side(R),Mid-Range,8-16 ft.,1610612747,Los Angeles Lakers,2002-02-03,LAL @ DAL,DAL,2416
Jump Shot,Jump Shot,238,20100668,33.9893,89,55,-118.1808,0,2,0,2001-02,2,10,0.0,2PT Field Goal,Right Side(R),Mid-Range,8-16 ft.,1610612747,Los Angeles Lakers,2002-02-03,LAL @ DAL,DAL,2417
Layup Shot,Layup,246,20100668,34.0443,0,0,-118.2698,11,3,0,2001-02,27,0,0.0,2PT Field Goal,Center(C),Restricted Area,Less Than 8 ft.,1610612747,Los Angeles Lakers,2002-02-03,LAL @ DAL,DAL,2418
Layup Shot,Layup,269,20100668,34.0443,0,0,-118.2698,9,3,0,2001-02,40,0,0.0,2PT Field Goal,Center(C),Restricted Area,Less Than 8 ft.,1610612747,Los Angeles Lakers,2002-02-03,LAL @ DAL,DAL,2419
Jump Shot,Jump Shot,275,20100668,33.8463,11,198,-118.2588,8,3,0,2001-02,21,19,1.0,2PT Field Goal,Center(C),Mid-Range,16-24 ft.,1610612747,Los Angeles Lakers,2002-02-03,LAL @ DAL,DAL,2420
Driving Layup Shot,Layup,288,20100668,34.0443,0,0,-118.2698,7,3,0,2001-02,3,0,1.0,2PT Field Goal,Center(C),Restricted Area,Less Than 8 ft.,1610612747,Los Angeles Lakers,2002-02-03,LAL @ DAL,DAL,2421
Jump Shot,Jump Shot,298,20100668,33.8733,-29,171,-118.2988,5,3,0,2001-02,54,17,0.0,2PT Field Goal,Center(C),Mid-Range,16-24 ft.,1610612747,Los Angeles Lakers,2002-02-03,LAL @ DAL,DAL,2422
Driving Layup Shot,Layup,329,20100668,34.0443,0,0,-118.2698,2,3,0,2001-02,17,0,1.0,2PT Field Goal,Center(C),Restricted Area,Less Than 8 ft.,1610612747,Los Angeles Lakers,2002-02-03,LAL @ DAL,DAL,2423
Jump Shot,Jump Shot,351,20100668,33.8013,11,243,-118.2588,0,3,0,2001-02,0,24,0.0,3PT Field Goal,Center(C),Above the Break 3,24+ ft.,1610612747,Los Angeles Lakers,2002-02-03,LAL @ DAL,DAL,2424
Slam Dunk Shot,Dunk,417,20100668,34.0443,0,0,-118.2698,6,4,0,2001-02,54,0,1.0,2PT Field Goal,Center(C),Restricted Area,Less Than 8 ft.,1610612747,Los Angeles Lakers,2002-02-03,LAL @ DAL,DAL,2425
Layup Shot,Layup,448,20100668,34.0443,0,0,-118.2698,4,4,0,2001-02,17,0,1.0,2PT Field Goal,Center(C),Restricted Area,Less Than 8 ft.,1610612747,Los Angeles Lakers,2002-02-03,LAL @ DAL,DAL,2426
Jump Shot,Jump Shot,451,20100668,33.9073,18,137,-118.2518,3,4,0,2001-02,40,13,0.0,2PT Field Goal,Center(C),In The Paint (Non-RA),8-16 ft.,1610612747,Los Angeles Lakers,2002-02-03,LAL @ DAL,DAL,2427
Jump Shot,Jump Shot,476,20100668,33.8563,-16,188,-118.2858,1,4,0,2001-02,7,18,1.0,2PT Field Goal,Center(C),Mid-Range,16-24 ft.,1610612747,Los Angeles Lakers,2002-02-03,LAL @ DAL,DAL,2428
Jump Shot,Jump Shot,7,20100691,33.8653,-149,179,-118.4188,11,1,0,2001-02,13,23,0.0,2PT Field Goal,Left Side Center(LC),Mid-Range,16-24 ft.,1610612747,Los Angeles Lakers,2002-02-06,LAL vs. CHI,CHI,2429
Jump Shot,Jump Shot,30,20100691,33.9283,-71,116,-118.3408,8,1,0,2001-02,27,13,0.0,2PT Field Goal,Left Side(L),In The Paint (Non-RA),8-16 ft.,1610612747,Los Angeles Lakers,2002-02-06,LAL vs. CHI,CHI,2430
Running Jump Shot,Jump Shot,42,20100691,34.0463,-105,-2,-118.3748,6,1,0,2001-02,56,10,1.0,2PT Field Goal,Left Side(L),Mid-Range,8-16 ft.,1610612747,Los Angeles Lakers,2002-02-06,LAL vs. CHI,CHI,2431
Jump Shot,Jump Shot,56,20100691,34.0253,-176,19,-118.4458,5,1,0,2001-02,3,17,0.0,2PT Field Goal,Left Side(L),Mid-Range,16-24 ft.,1610612747,Los Angeles Lakers,2002-02-06,LAL vs. CHI,CHI,2432
Running Jump Shot,Jump Shot,62,20100691,33.9973,79,47,-118.1908,3,1,0,2001-02,57,9,1.0,2PT Field Goal,Right Side(R),In The Paint (Non-RA),8-16 ft.,1610612747,Los Angeles Lakers,2002-02-06,LAL vs. CHI,CHI,2433
Layup Shot,Layup,86,20100691,34.0443,0,0,-118.2698,2,1,0,2001-02,2,0,0.0,2PT Field Goal,Center(C),Restricted Area,Less Than 8 ft.,1610612747,Los Angeles Lakers,2002-02-06,LAL vs. CHI,CHI,2434
Driving Layup Shot,Layup,183,20100691,34.0443,0,0,-118.2698,4,2,0,2001-02,6,0,,2PT Field Goal,Center(C),Restricted Area,Less Than 8 ft.,1610612747,Los Angeles Lakers,2002-02-06,LAL vs. CHI,CHI,2435
Fadeaway Jump Shot,Jump Shot,197,20100691,33.8713,-77,173,-118.3468,3,2,0,2001-02,1,18,1.0,2PT Field Goal,Left Side Center(LC),Mid-Range,16-24 ft.,1610612747,Los Angeles Lakers,2002-02-06,LAL vs. CHI,CHI,2436
Running Jump Shot,Jump Shot,204,20100691,33.9173,-134,127,-118.4038,2,2,0,2001-02,25,18,1.0,2PT Field Goal,Left Side Center(LC),Mid-Range,16-24 ft.,1610612747,Los Angeles Lakers,2002-02-06,LAL vs. CHI,CHI,2437
Running Jump Shot,Jump Shot,250,20100691,33.9813,-84,63,-118.3538,10,3,0,2001-02,11,10,0.0,2PT Field Goal,Left Side(L),Mid-Range,8-16 ft.,1610612747,Los Angeles Lakers,2002-02-06,LAL vs. CHI,CHI,2438
Tip Shot,Tip Shot,251,20100691,34.0443,0,0,-118.2698,10,3,0,2001-02,9,0,,2PT Field Goal,Center(C),Restricted Area,Less Than 8 ft.,1610612747,Los Angeles Lakers,2002-02-06,LAL vs. CHI,CHI,2439
Running Jump Shot,Jump Shot,267,20100691,34.0083,-134,36,-118.4038,9,3,0,2001-02,3,13,1.0,2PT Field Goal,Left Side(L),Mid-Range,8-16 ft.,1610612747,Los Angeles Lakers,2002-02-06,LAL vs. CHI,CHI,2440
Jump Shot,Jump Shot,289,20100691,34.0523,159,-8,-118.1108,5,3,0,2001-02,54,15,0.0,2PT Field Goal,Right Side(R),Mid-Range,8-16 ft.,1610612747,Los Angeles Lakers,2002-02-06,LAL vs. CHI,CHI,2441
Jump Shot,Jump Shot,298,20100691,33.8253,-170,219,-118.4398,5,3,0,2001-02,35,27,1.0,3PT Field Goal,Left Side Center(LC),Above the Break 3,24+ ft.,1610612747,Los Angeles Lakers,2002-02-06,LAL vs. CHI,CHI,2442
Jump Shot,Jump Shot,300,20100691,33.9813,-134,63,-118.4038,4,3,0,2001-02,57,14,1.0,2PT Field Goal,Left Side(L),Mid-Range,8-16 ft.,1610612747,Los Angeles Lakers,2002-02-06,LAL vs. CHI,CHI,2443
Jump Shot,Jump Shot,320,20100691,33.9003,-134,144,-118.4038,3,3,0,2001-02,14,19,0.0,2PT Field Goal,Left Side Center(LC),Mid-Range,16-24 ft.,1610612747,Los Angeles Lakers,2002-02-06,LAL vs. CHI,CHI,2444
Jump Shot,Jump Shot,326,20100691,33.9413,-130,103,-118.3998,4,3,0,2001-02,8,16,0.0,2PT Field Goal,Left Side Center(LC),Mid-Range,16-24 ft.,1610612747,Los Angeles Lakers,2002-02-06,LAL vs. CHI,CHI,2445
Driving Layup Shot,Layup,331,20100691,34.0443,0,0,-118.2698,2,3,0,2001-02,38,0,,2PT Field Goal,Center(C),Restricted Area,Less Than 8 ft.,1610612747,Los Angeles Lakers,2002-02-06,LAL vs. CHI,CHI,2446
Dunk Shot,Dunk,338,20100691,34.0443,0,0,-118.2698,1,3,0,2001-02,52,0,1.0,2PT Field Goal,Center(C),Restricted Area,Less Than 8 ft.,1610612747,Los Angeles Lakers,2002-02-06,LAL vs. CHI,CHI,2447
Jump Shot,Jump Shot,348,20100691,33.9073,-128,137,-118.3978,0,3,0,2001-02,36,18,0.0,2PT Field Goal,Left Side Center(LC),Mid-Range,16-24 ft.,1610612747,Los Angeles Lakers,2002-02-06,LAL vs. CHI,CHI,2448
Driving Layup Shot,Layup,367,20100691,34.0443,0,0,-118.2698,10,4,0,2001-02,5,0,1.0,2PT Field Goal,Center(C),Restricted Area,Less Than 8 ft.,1610612747,Los Angeles Lakers,2002-02-06,LAL vs. CHI,CHI,2449
Jump Shot,Jump Shot,374,20100691,33.8143,16,230,-118.2538,9,4,0,2001-02,20,23,1.0,2PT Field Goal,Center(C),Mid-Range,16-24 ft.,1610612747,Los Angeles Lakers,2002-02-06,LAL vs. CHI,CHI,2450
Driving Layup Shot,Layup,390,20100691,34.0443,0,0,-118.2698,7,4,0,2001-02,30,0,1.0,2PT Field Goal,Center(C),Restricted Area,Less Than 8 ft.,1610612747,Los Angeles Lakers,2002-02-06,LAL vs. CHI,CHI,2451
Jump Shot,Jump Shot,460,20100691,33.9623,-12,82,-118.2818,0,4,0,2001-02,29,8,0.0,2PT Field Goal,Center(C),In The Paint (Non-RA),8-16 ft.,1610612747,Los Angeles Lakers,2002-02-06,LAL vs. CHI,CHI,2452
Jump Shot,Jump Shot,469,20100691,33.7873,-98,257,-118.3678,0,4,0,2001-02,24,27,0.0,3PT Field Goal,Left Side Center(LC),Above the Break 3,24+ ft.,1610612747,Los Angeles Lakers,2002-02-06,LAL vs. CHI,CHI,2453
Layup Shot,Layup,481,20100691,34.0443,0,0,-118.2698,0,4,0,2001-02,15,0,1.0,2PT Field Goal,Center(C),Restricted Area,Less Than 8 ft.,1610612747,Los Angeles Lakers,2002-02-06,LAL vs. CHI,CHI,2454
Jump Shot,Jump Shot,27,20100707,33.9873,144,57,-118.1258,8,1,0,2001-02,40,15,0.0,2PT Field Goal,Right Side(R),Mid-Range,8-16 ft.,1610612747,Los Angeles Lakers,2002-02-12,LAL vs. WAS,WAS,2455
Jump Shot,Jump Shot,48,20100707,34.0253,153,19,-118.1168,5,1,0,2001-02,30,15,0.0,2PT Field Goal,Right Side(R),Mid-Range,8-16 ft.,1610612747,Los Angeles Lakers,2002-02-12,LAL vs. WAS,WAS,2456
Jump Shot,Jump Shot,80,20100707,33.9113,108,133,-118.1618,2,1,0,2001-02,39,17,0.0,2PT Field Goal,Right Side Center(RC),Mid-Range,16-24 ft.,1610612747,Los Angeles Lakers,2002-02-12,LAL vs. WAS,WAS,2457
Jump Shot,Jump Shot,87,20100707,33.9913,-149,53,-118.4188,2,1,0,2001-02,22,15,,2PT Field Goal,Left Side(L),Mid-Range,8-16 ft.,1610612747,Los Angeles Lakers,2002-02-12,LAL vs. WAS,WAS,2458
Jump Shot,Jump Shot,107,20100707,33.8373,51,207,-118.2188,0,1,0,2001-02,1,21,0.0,2PT Field Goal,Center(C),Mid-Range,16-24 ft.,1610612747,Los Angeles Lakers,2002-02-12,LAL vs. WAS,WAS,2459
Jump Shot,Jump Shot,150,20100707,33.7803,-63,264,-118.3328,7,2,0,2001-02,25,27,0.0,3PT Field Goal,Center(C),Above the Break 3,24+ ft.,1610612747,Los Angeles Lakers,2002-02-12,LAL vs. WAS,WAS,2460
Jump Shot,Jump Shot,159,20100707,33.8883,108,156,-118.1618,6,2,0,2001-02,23,18,0.0,2PT Field Goal,Right Side Center(RC),Mid-Range,16-24 ft.,1610612747,Los Angeles Lakers,2002-02-12,LAL vs. WAS,WAS,2461
Running Layup Shot,Layup,174,20100707,34.0443,0,0,-118.2698,4,2,0,2001-02,29,0,0.0,2PT Field Goal,Center(C),Restricted Area,Less Than 8 ft.,1610612747,Los Angeles Lakers,2002-02-12,LAL vs. WAS,WAS,2462
Follow Up Dunk Shot,Dunk,175,20100707,34.0443,0,0,-118.2698,4,2,0,2001-02,27,0,1.0,2PT Field Goal,Center(C),Restricted Area,Less Than 8 ft.,1610612747,Los Angeles Lakers,2002-02-12,LAL vs. WAS,WAS,2463
Jump Shot,Jump Shot,228,20100707,34.0463,108,-2,-118.1618,11,3,0,2001-02,51,10,0.0,2PT Field Goal,Right Side(R),Mid-Range,8-16 ft.,1610612747,Los Angeles Lakers,2002-02-12,LAL vs. WAS,WAS,2464
Jump Shot,Jump Shot,236,20100707,33.9683,-155,76,-118.4248,10,3,0,2001-02,5,17,,2PT Field Goal,Left Side(L),Mid-Range,16-24 ft.,1610612747,Los Angeles Lakers,2002-02-12,LAL vs. WAS,WAS,2465
Jump Shot,Jump Shot,257,20100707,33.8773,108,167,-118.1618,8,3,0,2001-02,10,19,,2PT Field Goal,Right Side Center(RC),Mid-Range,16-24 ft.,1610612747,Los Angeles Lakers,2002-02-12,LAL vs. WAS,WAS,2466
Jump Shot,Jump Shot,302,20100707,33.9283,-134,116,-118.4038,4,3,0,2001-02,45,17,1.0,2PT Field Goal,Left Side Center(LC),Mid-Range,16-24 ft.,1610612747,Los Angeles Lakers,2002-02-12,LAL vs. WAS,WAS,2467
Jump Shot,Jump Shot,325,20100707,33.9453,-134,99,-118.4038,1,3,0,2001-02,59,16,1.0,2PT Field Goal,Left Side Center(LC),Mid-Range,16-24 ft.,1610612747,Los Angeles Lakers,2002-02-12,LAL vs. WAS,WAS,2468
Driving Layup Shot,Layup,335,20100707,34.0443,0,0,-118.2698,1,3,0,2001-02,0,0,1.0,2PT Field Goal,Center(C),Restricted Area,Less Than 8 ft.,1610612747,Los Angeles Lakers,2002-02-12,LAL vs. WAS,WAS,2469
Jump Shot,Jump Shot,385,20100707,33.9973,174,47,-118.0958,9,4,0,2001-02,43,18,,2PT Field Goal,Right Side(R),Mid-Range,16-24 ft.,1610612747,Los Angeles Lakers,2002-02-12,LAL vs. WAS,WAS,2470
Running Jump Shot,Jump Shot,416,20100707,34.0313,-149,13,-118.4188,6,4,0,2001-02,16,14,1.0,2PT Field Goal,Left Side(L),Mid-Range,8-16 ft.,1610612747,Los Angeles Lakers,2002-02-12,LAL vs. WAS,WAS,2471
Jump Shot,Jump Shot,418,20100707,33.9623,188,82,-118.0818,5,4,0,2001-02,40,20,0.0,2PT Field Goal,Right Side(R),Mid-Range,16-24 ft.,1610612747,Los Angeles Lakers,2002-02-12,LAL vs. WAS,WAS,2472
Running Jump Shot,Jump Shot,428,20100707,33.9743,-42,70,-118.3118,4,4,0,2001-02,33,8,1.0,2PT Field Goal,Left Side(L),In The Paint (Non-RA),8-16 ft.,1610612747,Los Angeles Lakers,2002-02-12,LAL vs. WAS,WAS,2473
Jump Shot,Jump Shot,454,20100707,33.9173,-176,127,-118.4458,1,4,0,2001-02,7,21,1.0,2PT Field Goal,Left Side(L),Mid-Range,16-24 ft.,1610612747,Los Angeles Lakers,2002-02-12,LAL vs. WAS,WAS,2474
Jump Shot,Jump Shot,3,20100720,34.0353,115,9,-118.1548,11,1,0,2001-02,38,11,0.0,2PT Field Goal,Right Side(R),Mid-Range,8-16 ft.,1610612747,Los Angeles Lakers,2002-02-14,LAL @ SEA,SEA,2475
Tip Shot,Tip Shot,21,20100720,34.0443,0,0,-118.2698,9,1,0,2001-02,39,0,0.0,2PT Field Goal,Center(C),Restricted Area,Less Than 8 ft.,1610612747,Los Angeles Lakers,2002-02-14,LAL @ SEA,SEA,2476
Alley Oop Dunk Shot,Dunk,63,20100720,34.0443,0,0,-118.2698,5,1,0,2001-02,3,0,1.0,2PT Field Goal,Center(C),Restricted Area,Less Than 8 ft.,1610612747,Los Angeles Lakers,2002-02-14,LAL @ SEA,SEA,2477
Jump Shot,Jump Shot,65,20100720,34.0143,75,30,-118.1948,4,1,0,2001-02,24,8,0.0,2PT Field Goal,Right Side(R),In The Paint (Non-RA),8-16 ft.,1610612747,Los Angeles Lakers,2002-02-14,LAL @ SEA,SEA,2478
Jump Shot,Jump Shot,128,20100720,34.0333,188,11,-118.0818,11,2,0,2001-02,30,18,0.0,2PT Field Goal,Right Side(R),Mid-Range,16-24 ft.,1610612747,Los Angeles Lakers,2002-02-14,LAL @ SEA,SEA,2479
Jump Shot,Jump Shot,203,20100720,34.0183,-48,26,-118.3178,4,2,0,2001-02,31,5,1.0,2PT Field Goal,Center(C),In The Paint (Non-RA),Less Than 8 ft.,1610612747,Los Angeles Lakers,2002-02-14,LAL @ SEA,SEA,2480
Layup Shot,Layup,241,20100720,34.0443,0,0,-118.2698,0,2,0,2001-02,31,0,1.0,2PT Field Goal,Center(C),Restricted Area,Less Than 8 ft.,1610612747,Los Angeles Lakers,2002-02-14,LAL @ SEA,SEA,2481
Jump Shot,Jump Shot,256,20100720,34.0443,161,0,-118.1088,0,2,0,2001-02,0,16,0.0,2PT Field Goal,Right Side(R),Mid-Range,16-24 ft.,1610612747,Los Angeles Lakers,2002-02-14,LAL @ SEA,SEA,2482
Jump Shot,Jump Shot,270,20100720,33.9913,11,53,-118.2588,9,3,0,2001-02,57,5,0.0,2PT Field Goal,Center(C),In The Paint (Non-RA),Less Than 8 ft.,1610612747,Los Angeles Lakers,2002-02-14,LAL @ SEA,SEA,2483
Jump Shot,Jump Shot,280,20100720,34.0423,-170,2,-118.4398,8,3,0,2001-02,25,17,0.0,2PT Field Goal,Left Side(L),Mid-Range,16-24 ft.,1610612747,Los Angeles Lakers,2002-02-14,LAL @ SEA,SEA,2484
Jump Shot,Jump Shot,283,20100720,33.9703,108,74,-118.1618,7,3,0,2001-02,42,13,0.0,2PT Field Goal,Right Side(R),Mid-Range,8-16 ft.,1610612747,Los Angeles Lakers,2002-02-14,LAL @ SEA,SEA,2485
Turnaround Jump Shot,Jump Shot,286,20100720,34.0733,-84,-29,-118.3538,7,3,0,2001-02,26,8,0.0,2PT Field Goal,Left Side(L),Mid-Range,8-16 ft.,1610612747,Los Angeles Lakers,2002-02-14,LAL @ SEA,SEA,2486
Jump Shot,Jump Shot,291,20100720,33.8693,94,175,-118.1758,6,3,0,2001-02,50,19,0.0,2PT Field Goal,Right Side Center(RC),Mid-Range,16-24 ft.,1610612747,Los Angeles Lakers,2002-02-14,LAL @ SEA,SEA,2487
Jump Shot,Jump Shot,326,20100720,34.0313,43,13,-118.2268,2,3,0,2001-02,48,4,1.0,2PT Field Goal,Center(C),In The Paint (Non-RA),Less Than 8 ft.,1610612747,Los Angeles Lakers,2002-02-14,LAL @ SEA,SEA,2488
Jump Shot,Jump Shot,349,20100720,33.8923,108,152,-118.1618,0,3,0,2001-02,0,18,0.0,2PT Field Goal,Right Side Center(RC),Mid-Range,16-24 ft.,1610612747,Los Angeles Lakers,2002-02-14,LAL @ SEA,SEA,2489
Fadeaway Jump Shot,Jump Shot,382,20100720,33.9323,79,112,-118.1908,7,4,0,2001-02,49,13,1.0,2PT Field Goal,Right Side(R),In The Paint (Non-RA),8-16 ft.,1610612747,Los Angeles Lakers,2002-02-14,LAL @ SEA,SEA,2490
Jump Shot,Jump Shot,384,20100720,34.0313,64,13,-118.2058,7,4,0,2001-02,16,6,0.0,2PT Field Goal,Center(C),In The Paint (Non-RA),Less Than 8 ft.,1610612747,Los Angeles Lakers,2002-02-14,LAL @ SEA,SEA,2491
Jump Shot,Jump Shot,411,20100720,34.0273,186,17,-118.0838,5,4,0,2001-02,18,18,1.0,2PT Field Goal,Right Side(R),Mid-Range,16-24 ft.,1610612747,Los Angeles Lakers,2002-02-14,LAL @ SEA,SEA,2492
Tip Shot,Tip Shot,432,20100720,34.0443,0,0,-118.2698,2,4,0,2001-02,17,0,1.0,2PT Field Goal,Center(C),Restricted Area,Less Than 8 ft.,1610612747,Los Angeles Lakers,2002-02-14,LAL @ SEA,SEA,2493
Jump Shot,Jump Shot,436,20100720,33.9433,144,101,-118.1258,1,4,0,2001-02,42,17,0.0,2PT Field Goal,Right Side(R),Mid-Range,16-24 ft.,1610612747,Los Angeles Lakers,2002-02-14,LAL @ SEA,SEA,2494
Driving Layup Shot,Layup,447,20100720,34.0443,0,0,-118.2698,0,4,0,2001-02,27,0,,2PT Field Goal,Center(C),Restricted Area,Less Than 8 ft.,1610612747,Los Angeles Lakers,2002-02-14,LAL @ SEA,SEA,2495
Driving Layup Shot,Layup,51,20100730,34.0443,0,0,-118.2698,5,1,0,2001-02,16,0,0.0,2PT Field Goal,Center(C),Restricted Area,Less Than 8 ft.,1610612747,Los Angeles Lakers,2002-02-15,LAL vs. ATL,ATL,2496
Jump Shot,Jump Shot,94,20100730,34.0143,-71,30,-118.3408,0,1,0,2001-02,55,7,0.0,2PT Field Goal,Center(C),In The Paint (Non-RA),Less Than 8 ft.,1610612747,Los Angeles Lakers,2002-02-15,LAL vs. ATL,ATL,2497
Jump Shot,Jump Shot,102,20100730,33.7173,188,327,-118.0818,0,1,0,2001-02,0,37,0.0,3PT Field Goal,Right Side Center(RC),Above the Break 3,24+ ft.,1610612747,Los Angeles Lakers,2002-02-15,LAL vs. ATL,ATL,2498
Jump Shot,Jump Shot,169,20100730,33.8253,-71,219,-118.3408,5,2,0,2001-02,52,23,1.0,2PT Field Goal,Center(C),Mid-Range,16-24 ft.,1610612747,Los Angeles Lakers,2002-02-15,LAL vs. ATL,ATL,2499
Jump Shot,Jump Shot,252,20100730,33.8603,85,184,-118.1848,11,3,0,2001-02,1,20,1.0,2PT Field Goal,Right Side Center(RC),Mid-Range,16-24 ft.,1610612747,Los Angeles Lakers,2002-02-15,LAL vs. ATL,ATL,2500
Jump Shot,Jump Shot,262,20100730,33.9623,159,82,-118.1108,9,3,0,2001-02,22,17,,2PT Field Goal,Right Side(R),Mid-Range,16-24 ft.,1610612747,Los Angeles Lakers,2002-02-15,LAL vs. ATL,ATL,2501
Jump Shot,Jump Shot,281,20100730,33.9873,-27,57,-118.2968,7,3,0,2001-02,42,6,0.0,2PT Field Goal,Center(C),In The Paint (Non-RA),Less Than 8 ft.,1610612747,Los Angeles Lakers,2002-02-15,LAL vs. ATL,ATL,2502
Running Jump Shot,Jump Shot,294,20100730,33.9873,73,57,-118.1968,6,3,0,2001-02,14,9,1.0,2PT Field Goal,Right Side(R),In The Paint (Non-RA),8-16 ft.,1610612747,Los Angeles Lakers,2002-02-15,LAL vs. ATL,ATL,2503
Reverse Layup Shot,Layup,301,20100730,34.0443,0,0,-118.2698,5,3,0,2001-02,18,0,1.0,2PT Field Goal,Center(C),Restricted Area,Less Than 8 ft.,1610612747,Los Angeles Lakers,2002-02-15,LAL vs. ATL,ATL,2504
Fadeaway Jump Shot,Jump Shot,312,20100730,34.0083,85,36,-118.1848,3,3,0,2001-02,51,9,1.0,2PT Field Goal,Right Side(R),Mid-Range,8-16 ft.,1610612747,Los Angeles Lakers,2002-02-15,LAL vs. ATL,ATL,2505
Driving Layup Shot,Layup,394,20100730,34.0443,0,0,-118.2698,8,4,0,2001-02,20,0,1.0,2PT Field Goal,Center(C),Restricted Area,Less Than 8 ft.,1610612747,Los Angeles Lakers,2002-02-15,LAL vs. ATL,ATL,2506
Jump Shot,Jump Shot,409,20100730,33.9623,-12,82,-118.2818,6,4,0,2001-02,42,8,,2PT Field Goal,Center(C),In The Paint (Non-RA),8-16 ft.,1610612747,Los Angeles Lakers,2002-02-15,LAL vs. ATL,ATL,2507
Driving Layup Shot,Layup,451,20100730,34.0443,0,0,-118.2698,3,4,0,2001-02,11,0,1.0,2PT Field Goal,Center(C),Restricted Area,Less Than 8 ft.,1610612747,Los Angeles Lakers,2002-02-15,LAL vs. ATL,ATL,2508
Jump Shot,Jump Shot,26,20100741,33.8883,-145,156,-118.4148,9,1,0,2001-02,3,21,0.0,2PT Field Goal,Left Side Center(LC),Mid-Range,16-24 ft.,1610612747,Los Angeles Lakers,2002-02-17,LAL @ POR,POR,2509
Jump Shot,Jump Shot,49,20100741,34.0423,176,2,-118.0938,6,1,0,2001-02,15,17,1.0,2PT Field Goal,Right Side(R),Mid-Range,16-24 ft.,1610612747,Los Angeles Lakers,2002-02-17,LAL @ POR,POR,2510
Jump Shot,Jump Shot,54,20100741,33.9743,75,70,-118.1948,5,1,0,2001-02,51,10,1.0,2PT Field Goal,Right Side(R),In The Paint (Non-RA),8-16 ft.,1610612747,Los Angeles Lakers,2002-02-17,LAL @ POR,POR,2511
Driving Layup Shot,Layup,83,20100741,34.0443,0,0,-118.2698,1,1,0,2001-02,51,0,0.0,2PT Field Goal,Center(C),Restricted Area,Less Than 8 ft.,1610612747,Los Angeles Lakers,2002-02-17,LAL @ POR,POR,2512
Turnaround Jump Shot,Jump Shot,130,20100741,33.9053,-67,139,-118.3368,9,2,0,2001-02,50,15,0.0,2PT Field Goal,Center(C),Mid-Range,8-16 ft.,1610612747,Los Angeles Lakers,2002-02-17,LAL @ POR,POR,2513
Running Jump Shot,Jump Shot,140,20100741,33.9853,18,59,-118.2518,8,2,0,2001-02,33,6,1.0,2PT Field Goal,Center(C),In The Paint (Non-RA),Less Than 8 ft.,1610612747,Los Angeles Lakers,2002-02-17,LAL @ POR,POR,2514
Jump Shot,Jump Shot,158,20100741,34.0463,182,-2,-118.0878,6,2,0,2001-02,16,18,1.0,2PT Field Goal,Right Side(R),Mid-Range,16-24 ft.,1610612747,Los Angeles Lakers,2002-02-17,LAL @ POR,POR,2515
Fadeaway Jump Shot,Jump Shot,167,20100741,34.0333,-160,11,-118.4298,5,2,0,2001-02,15,16,1.0,2PT Field Goal,Left Side(L),Mid-Range,16-24 ft.,1610612747,Los Angeles Lakers,2002-02-17,LAL @ POR,POR,2516
Jump Shot,Jump Shot,224,20100741,33.9303,176,114,-118.0938,0,2,0,2001-02,1,20,1.0,2PT Field Goal,Right Side(R),Mid-Range,16-24 ft.,1610612747,Los Angeles Lakers,2002-02-17,LAL @ POR,POR,2517
Jump Shot,Jump Shot,233,20100741,34.0273,-187,17,-118.4568,11,3,0,2001-02,5,18,0.0,2PT Field Goal,Left Side(L),Mid-Range,16-24 ft.,1610612747,Los Angeles Lakers,2002-02-17,LAL @ POR,POR,2518
Jump Shot,Jump Shot,246,20100741,33.9683,117,76,-118.1528,9,3,0,2001-02,48,13,0.0,2PT Field Goal,Right Side(R),Mid-Range,8-16 ft.,1610612747,Los Angeles Lakers,2002-02-17,LAL @ POR,POR,2519
Jump Shot,Jump Shot,251,20100741,33.8333,5,211,-118.2648,9,3,0,2001-02,32,21,0.0,2PT Field Goal,Center(C),Mid-Range,16-24 ft.,1610612747,Los Angeles Lakers,2002-02-17,LAL @ POR,POR,2520
Running Jump Shot,Jump Shot,261,20100741,34.0103,-25,34,-118.2948,8,3,0,2001-02,11,4,0.0,2PT Field Goal,Center(C),In The Paint (Non-RA),Less Than 8 ft.,1610612747,Los Angeles Lakers,2002-02-17,LAL @ POR,POR,2521
Finger Roll Shot,Layup,283,20100741,34.0443,0,0,-118.2698,5,3,0,2001-02,29,0,0.0,2PT Field Goal,Center(C),Restricted Area,Less Than 8 ft.,1610612747,Los Angeles Lakers,2002-02-17,LAL @ POR,POR,2522
Jump Shot,Jump Shot,288,20100741,33.8083,-37,236,-118.3068,4,3,0,2001-02,59,23,0.0,3PT Field Goal,Center(C),Above the Break 3,24+ ft.,1610612747,Los Angeles Lakers,2002-02-17,LAL @ POR,POR,2523
Jump Shot,Jump Shot,337,20100741,33.4833,60,561,-118.2098,0,3,0,2001-02,0,56,0.0,3PT Field Goal,Back Court(BC),Backcourt,Back Court Shot,1610612747,Los Angeles Lakers,2002-02-17,LAL @ POR,POR,2524
Jump Shot,Jump Shot,345,20100741,34.0523,-46,-8,-118.3158,11,4,0,2001-02,4,4,1.0,2PT Field Goal,Center(C),In The Paint (Non-RA),Less Than 8 ft.,1610612747,Los Angeles Lakers,2002-02-17,LAL @ POR,POR,2525
Jump Shot,Jump Shot,348,20100741,33.8563,39,188,-118.2308,10,4,0,2001-02,37,19,1.0,2PT Field Goal,Center(C),Mid-Range,16-24 ft.,1610612747,Los Angeles Lakers,2002-02-17,LAL @ POR,POR,2526
Turnaround Jump Shot,Jump Shot,353,20100741,33.8603,-58,184,-118.3278,9,4,0,2001-02,48,19,0.0,2PT Field Goal,Center(C),Mid-Range,16-24 ft.,1610612747,Los Angeles Lakers,2002-02-17,LAL @ POR,POR,2527
Jump Shot,Jump Shot,372,20100741,33.9303,218,114,-118.0518,7,4,0,2001-02,27,24,0.0,3PT Field Goal,Right Side Center(RC),Above the Break 3,24+ ft.,1610612747,Los Angeles Lakers,2002-02-17,LAL @ POR,POR,2528
Running Jump Shot,Jump Shot,404,20100741,34.0163,-73,28,-118.3428,5,4,0,2001-02,5,7,1.0,2PT Field Goal,Center(C),In The Paint (Non-RA),Less Than 8 ft.,1610612747,Los Angeles Lakers,2002-02-17,LAL @ POR,POR,2529
Fadeaway Jump Shot,Jump Shot,410,20100741,33.8983,11,146,-118.2588,3,4,0,2001-02,43,14,1.0,2PT Field Goal,Center(C),Mid-Range,8-16 ft.,1610612747,Los Angeles Lakers,2002-02-17,LAL @ POR,POR,2530
Jump Shot,Jump Shot,414,20100741,33.8813,-136,163,-118.4058,3,4,0,2001-02,9,21,1.0,2PT Field Goal,Left Side Center(LC),Mid-Range,16-24 ft.,1610612747,Los Angeles Lakers,2002-02-17,LAL @ POR,POR,2531
Jump Shot,Jump Shot,430,20100741,33.8983,140,146,-118.1298,1,4,0,2001-02,33,20,0.0,2PT Field Goal,Right Side Center(RC),Mid-Range,16-24 ft.,1610612747,Los Angeles Lakers,2002-02-17,LAL @ POR,POR,2532
Jump Shot,Jump Shot,450,20100741,33.7913,-174,253,-118.4438,0,4,0,2001-02,28,30,,3PT Field Goal,Left Side Center(LC),Above the Break 3,24+ ft.,1610612747,Los Angeles Lakers,2002-02-17,LAL @ POR,POR,2533
Driving Layup Shot,Layup,465,20100741,34.0443,0,0,-118.2698,0,4,0,2001-02,19,0,0.0,2PT Field Goal,Center(C),Restricted Area,Less Than 8 ft.,1610612747,Los Angeles Lakers,2002-02-17,LAL @ POR,POR,2534
Jump Shot,Jump Shot,5,20100758,34.0463,-206,-2,-118.4758,11,1,0,2001-02,29,20,0.0,2PT Field Goal,Left Side(L),Mid-Range,16-24 ft.,1610612747,Los Angeles Lakers,2002-02-19,LAL vs. BOS,BOS,2535
Jump Shot,Jump Shot,43,20100758,33.9623,58,82,-118.2118,7,1,0,2001-02,27,10,1.0,2PT Field Goal,Right Side(R),In The Paint (Non-RA),8-16 ft.,1610612747,Los Angeles Lakers,2002-02-19,LAL vs. BOS,BOS,2536
Jump Shot,Jump Shot,77,20100758,33.9073,-170,137,-118.4398,3,1,0,2001-02,16,21,,2PT Field Goal,Left Side Center(LC),Mid-Range,16-24 ft.,1610612747,Los Angeles Lakers,2002-02-19,LAL vs. BOS,BOS,2537
Jump Shot,Jump Shot,82,20100758,33.9913,-170,53,-118.4398,2,1,0,2001-02,24,17,,2PT Field Goal,Left Side(L),Mid-Range,16-24 ft.,1610612747,Los Angeles Lakers,2002-02-19,LAL vs. BOS,BOS,2538
Layup Shot,Layup,154,20100758,34.0443,0,0,-118.2698,6,2,0,2001-02,45,0,0.0,2PT Field Goal,Center(C),Restricted Area,Less Than 8 ft.,1610612747,Los Angeles Lakers,2002-02-19,LAL vs. BOS,BOS,2539
Jump Shot,Jump Shot,167,20100758,33.9113,-149,133,-118.4188,5,2,0,2001-02,51,19,1.0,2PT Field Goal,Left Side Center(LC),Mid-Range,16-24 ft.,1610612747,Los Angeles Lakers,2002-02-19,LAL vs. BOS,BOS,2540
Jump Shot,Jump Shot,187,20100758,34.0463,115,-2,-118.1548,4,2,0,2001-02,9,11,,2PT Field Goal,Right Side(R),Mid-Range,8-16 ft.,1610612747,Los Angeles Lakers,2002-02-19,LAL vs. BOS,BOS,2541
Driving Layup Shot,Layup,192,20100758,34.0443,0,0,-118.2698,3,2,0,2001-02,42,0,,2PT Field Goal,Center(C),Restricted Area,Less Than 8 ft.,1610612747,Los Angeles Lakers,2002-02-19,LAL vs. BOS,BOS,2542
Jump Shot,Jump Shot,199,20100758,34.0463,153,-2,-118.1168,2,2,0,2001-02,45,15,0.0,2PT Field Goal,Right Side(R),Mid-Range,8-16 ft.,1610612747,Los Angeles Lakers,2002-02-19,LAL vs. BOS,BOS,2543
Running Hook Shot,Hook Shot,215,20100758,33.9743,1,70,-118.2688,1,2,0,2001-02,13,7,,2PT Field Goal,Center(C),In The Paint (Non-RA),Less Than 8 ft.,1610612747,Los Angeles Lakers,2002-02-19,LAL vs. BOS,BOS,2544
Jump Shot,Jump Shot,250,20100758,33.9003,-134,144,-118.4038,9,3,0,2001-02,26,19,1.0,2PT Field Goal,Left Side Center(LC),Mid-Range,16-24 ft.,1610612747,Los Angeles Lakers,2002-02-19,LAL vs. BOS,BOS,2545
Running Jump Shot,Jump Shot,252,20100758,34.0023,-92,42,-118.3618,8,3,0,2001-02,48,10,0.0,2PT Field Goal,Left Side(L),Mid-Range,8-16 ft.,1610612747,Los Angeles Lakers,2002-02-19,LAL vs. BOS,BOS,2546
Jump Shot,Jump Shot,322,20100758,33.9343,-48,110,-118.3178,2,3,0,2001-02,15,12,0.0,2PT Field Goal,Center(C),In The Paint (Non-RA),8-16 ft.,1610612747,Los Angeles Lakers,2002-02-19,LAL vs. BOS,BOS,2547
Jump Shot,Jump Shot,332,20100758,33.9743,153,70,-118.1168,1,3,0,2001-02,29,16,0.0,2PT Field Goal,Right Side(R),Mid-Range,16-24 ft.,1610612747,Los Angeles Lakers,2002-02-19,LAL vs. BOS,BOS,2548
Jump Shot,Jump Shot,338,20100758,33.8313,144,213,-118.1258,0,3,0,2001-02,27,25,1.0,3PT Field Goal,Right Side Center(RC),Above the Break 3,24+ ft.,1610612747,Los Angeles Lakers,2002-02-19,LAL vs. BOS,BOS,2549
Jump Shot,Jump Shot,353,20100758,33.9173,-141,127,-118.4108,11,4,0,2001-02,42,18,0.0,2PT Field Goal,Left Side Center(LC),Mid-Range,16-24 ft.,1610612747,Los Angeles Lakers,2002-02-19,LAL vs. BOS,BOS,2550
Running Hook Shot,Hook Shot,371,20100758,33.9623,64,82,-118.2058,9,4,0,2001-02,24,10,1.0,2PT Field Goal,Right Side(R),In The Paint (Non-RA),8-16 ft.,1610612747,Los Angeles Lakers,2002-02-19,LAL vs. BOS,BOS,2551
Jump Shot,Jump Shot,417,20100758,33.7803,16,264,-118.2538,5,4,0,2001-02,22,26,0.0,3PT Field Goal,Center(C),Above the Break 3,24+ ft.,1610612747,Los Angeles Lakers,2002-02-19,LAL vs. BOS,BOS,2552
Alley Oop Layup shot,Layup,428,20100758,34.0443,0,0,-118.2698,4,4,0,2001-02,4,0,1.0,2PT Field Goal,Center(C),Restricted Area,Less Than 8 ft.,1610612747,Los Angeles Lakers,2002-02-19,LAL vs. BOS,BOS,2553
Jump Shot,Jump Shot,442,20100758,33.9683,-56,76,-118.3258,2,4,0,2001-02,54,9,,2PT Field Goal,Left Side(L),In The Paint (Non-RA),8-16 ft.,1610612747,Los Angeles Lakers,2002-02-19,LAL vs. BOS,BOS,2554
Jump Shot,Jump Shot,451,20100758,33.9913,-105,53,-118.3748,2,4,0,2001-02,34,11,,2PT Field Goal,Left Side(L),Mid-Range,8-16 ft.,1610612747,Los Angeles Lakers,2002-02-19,LAL vs. BOS,BOS,2555
Jump Shot,Jump Shot,452,20100758,34.0463,-98,-2,-118.3678,2,4,0,2001-02,29,9,0.0,2PT Field Goal,Left Side(L),Mid-Range,8-16 ft.,1610612747,Los Angeles Lakers,2002-02-19,LAL vs. BOS,BOS,2556
Jump Shot,Jump Shot,473,20100758,34.0253,64,19,-118.2058,1,4,0,2001-02,13,6,0.0,2PT Field Goal,Center(C),In The Paint (Non-RA),Less Than 8 ft.,1610612747,Los Angeles Lakers,2002-02-19,LAL vs. BOS,BOS,2557
Driving Layup Shot,Layup,482,20100758,34.0443,0,0,-118.2698,0,4,0,2001-02,45,0,1.0,2PT Field Goal,Center(C),Restricted Area,Less Than 8 ft.,1610612747,Los Angeles Lakers,2002-02-19,LAL vs. BOS,BOS,2558
Jump Shot,Jump Shot,484,20100758,33.8653,16,179,-118.2538,0,4,0,2001-02,11,17,1.0,2PT Field Goal,Center(C),Mid-Range,16-24 ft.,1610612747,Los Angeles Lakers,2002-02-19,LAL vs. BOS,BOS,2559
Reverse Layup Shot,Layup,18,20100768,34.0483,-10,-4,-118.2798,10,1,0,2001-02,3,1,0.0,2PT Field Goal,Center(C),Restricted Area,Less Than 8 ft.,1610612747,Los Angeles Lakers,2002-02-21,LAL @ CLE,CLE,2560
Jump Shot,Jump Shot,62,20100768,34.0593,184,-15,-118.0858,4,1,0,2001-02,13,18,0.0,2PT Field Goal,Right Side(R),Mid-Range,16-24 ft.,1610612747,Los Angeles Lakers,2002-02-21,LAL @ CLE,CLE,2561
Layup Shot,Layup,68,20100768,34.0403,18,4,-118.2518,3,1,0,2001-02,42,1,1.0,2PT Field Goal,Center(C),Restricted Area,Less Than 8 ft.,1610612747,Los Angeles Lakers,2002-02-21,LAL @ CLE,CLE,2562
Jump Shot,Jump Shot,108,20100768,33.9973,-52,47,-118.3218,0,1,0,2001-02,28,7,0.0,2PT Field Goal,Center(C),In The Paint (Non-RA),Less Than 8 ft.,1610612747,Los Angeles Lakers,2002-02-21,LAL @ CLE,CLE,2563
Jump Shot,Jump Shot,110,20100768,33.9283,-162,116,-118.4318,0,1,0,2001-02,26,19,1.0,2PT Field Goal,Left Side(L),Mid-Range,16-24 ft.,1610612747,Los Angeles Lakers,2002-02-21,LAL @ CLE,CLE,2564
Tip Shot,Tip Shot,181,20100768,34.0483,-1,-4,-118.2708,4,2,0,2001-02,58,0,,2PT Field Goal,Center(C),Restricted Area,Less Than 8 ft.,1610612747,Los Angeles Lakers,2002-02-21,LAL @ CLE,CLE,2565
Finger Roll Shot,Layup,199,20100768,34.0103,18,34,-118.2518,3,2,0,2001-02,30,3,0.0,2PT Field Goal,Center(C),Restricted Area,Less Than 8 ft.,1610612747,Los Angeles Lakers,2002-02-21,LAL @ CLE,CLE,2566
Layup Shot,Layup,209,20100768,34.0443,0,0,-118.2698,2,2,0,2001-02,45,0,0.0,2PT Field Goal,Center(C),Restricted Area,Less Than 8 ft.,1610612747,Los Angeles Lakers,2002-02-21,LAL @ CLE,CLE,2567
Fadeaway Jump Shot,Jump Shot,217,20100768,34.0103,91,34,-118.1788,2,2,0,2001-02,17,9,1.0,2PT Field Goal,Right Side(R),Mid-Range,8-16 ft.,1610612747,Los Angeles Lakers,2002-02-21,LAL @ CLE,CLE,2568
Jump Shot,Jump Shot,221,20100768,33.8753,-1,169,-118.2708,1,2,0,2001-02,41,16,0.0,2PT Field Goal,Center(C),Mid-Range,16-24 ft.,1610612747,Los Angeles Lakers,2002-02-21,LAL @ CLE,CLE,2569
Jump Shot,Jump Shot,232,20100768,34.0333,32,11,-118.2378,0,2,0,2001-02,41,3,1.0,2PT Field Goal,Center(C),Restricted Area,Less Than 8 ft.,1610612747,Los Angeles Lakers,2002-02-21,LAL @ CLE,CLE,2570
Finger Roll Shot,Layup,241,20100768,34.0273,24,17,-118.2458,0,2,0,2001-02,7,2,0.0,2PT Field Goal,Center(C),Restricted Area,Less Than 8 ft.,1610612747,Los Angeles Lakers,2002-02-21,LAL @ CLE,CLE,2571
Running Jump Shot,Jump Shot,258,20100768,33.9573,-10,87,-118.2798,10,3,0,2001-02,55,8,1.0,2PT Field Goal,Center(C),In The Paint (Non-RA),8-16 ft.,1610612747,Los Angeles Lakers,2002-02-21,LAL @ CLE,CLE,2572
Jump Shot,Jump Shot,262,20100768,33.8883,98,156,-118.1718,10,3,0,2001-02,16,18,0.0,2PT Field Goal,Right Side Center(RC),Mid-Range,16-24 ft.,1610612747,Los Angeles Lakers,2002-02-21,LAL @ CLE,CLE,2573
Jump Shot,Jump Shot,265,20100768,33.8483,3,196,-118.2668,9,3,0,2001-02,31,19,1.0,2PT Field Goal,Center(C),Mid-Range,16-24 ft.,1610612747,Los Angeles Lakers,2002-02-21,LAL @ CLE,CLE,2574
Driving Layup Shot,Layup,287,20100768,34.0443,-16,0,-118.2858,5,3,0,2001-02,52,1,,2PT Field Goal,Center(C),Restricted Area,Less Than 8 ft.,1610612747,Los Angeles Lakers,2002-02-21,LAL @ CLE,CLE,2575
Jump Shot,Jump Shot,300,20100768,33.8353,-23,209,-118.2928,5,3,0,2001-02,7,21,0.0,2PT Field Goal,Center(C),Mid-Range,16-24 ft.,1610612747,Los Angeles Lakers,2002-02-21,LAL @ CLE,CLE,2576
Driving Layup Shot,Layup,323,20100768,34.0403,11,4,-118.2588,2,3,0,2001-02,43,1,1.0,2PT Field Goal,Center(C),Restricted Area,Less Than 8 ft.,1610612747,Los Angeles Lakers,2002-02-21,LAL @ CLE,CLE,2577
Jump Shot,Jump Shot,348,20100768,33.8813,-82,163,-118.3518,0,3,0,2001-02,28,18,1.0,2PT Field Goal,Left Side Center(LC),Mid-Range,16-24 ft.,1610612747,Los Angeles Lakers,2002-02-21,LAL @ CLE,CLE,2578
Fadeaway Jump Shot,Jump Shot,355,20100768,34.0553,157,-11,-118.1128,0,3,0,2001-02,0,15,1.0,2PT Field Goal,Right Side(R),Mid-Range,8-16 ft.,1610612747,Los Angeles Lakers,2002-02-21,LAL @ CLE,CLE,2579
Jump Shot,Jump Shot,432,20100768,33.8943,-23,150,-118.2928,3,4,0,2001-02,47,15,0.0,2PT Field Goal,Center(C),Mid-Range,8-16 ft.,1610612747,Los Angeles Lakers,2002-02-21,LAL @ CLE,CLE,2580
Jump Shot,Jump Shot,448,20100768,33.7853,18,259,-118.2518,2,4,0,2001-02,29,25,0.0,3PT Field Goal,Center(C),Above the Break 3,24+ ft.,1610612747,Los Angeles Lakers,2002-02-21,LAL @ CLE,CLE,2581
Layup Shot,Layup,453,20100768,34.0443,-1,0,-118.2708,2,4,0,2001-02,9,0,1.0,2PT Field Goal,Center(C),Restricted Area,Less Than 8 ft.,1610612747,Los Angeles Lakers,2002-02-21,LAL @ CLE,CLE,2582
Fadeaway Jump Shot,Jump Shot,460,20100768,33.9513,3,93,-118.2668,0,4,0,2001-02,57,9,1.0,2PT Field Goal,Center(C),In The Paint (Non-RA),8-16 ft.,1610612747,Los Angeles Lakers,2002-02-21,LAL @ CLE,CLE,2583
Jump Shot,Jump Shot,9,20100778,33.8203,-128,224,-118.3978,9,1,0,2001-02,54,25,0.0,3PT Field Goal,Left Side Center(LC),Above the Break 3,24+ ft.,1610612747,Los Angeles Lakers,2002-02-22,LAL @ CHH,CHA,2584
Jump Shot,Jump Shot,39,20100778,33.7763,96,268,-118.1738,6,1,0,2001-02,4,28,0.0,3PT Field Goal,Right Side Center(RC),Above the Break 3,24+ ft.,1610612747,Los Angeles Lakers,2002-02-22,LAL @ CHH,CHA,2585
Layup Shot,Layup,45,20100778,34.0443,0,0,-118.2698,5,1,0,2001-02,33,0,,2PT Field Goal,Center(C),Restricted Area,Less Than 8 ft.,1610612747,Los Angeles Lakers,2002-02-22,LAL @ CHH,CHA,2586
Jump Shot,Jump Shot,87,20100778,33.9473,153,97,-118.1168,0,1,0,2001-02,59,18,0.0,2PT Field Goal,Right Side(R),Mid-Range,16-24 ft.,1610612747,Los Angeles Lakers,2002-02-22,LAL @ CHH,CHA,2587
Jump Shot,Jump Shot,90,20100778,33.8583,-71,186,-118.3408,0,1,0,2001-02,37,19,,2PT Field Goal,Left Side Center(LC),Mid-Range,16-24 ft.,1610612747,Los Angeles Lakers,2002-02-22,LAL @ CHH,CHA,2588
Alley Oop Dunk Shot,Dunk,102,20100778,34.0443,0,0,-118.2698,11,2,0,2001-02,5,0,1.0,2PT Field Goal,Center(C),Restricted Area,Less Than 8 ft.,1610612747,Los Angeles Lakers,2002-02-22,LAL @ CHH,CHA,2589
Jump Shot,Jump Shot,122,20100778,34.0143,68,30,-118.2018,8,2,0,2001-02,47,7,0.0,2PT Field Goal,Center(C),In The Paint (Non-RA),Less Than 8 ft.,1610612747,Los Angeles Lakers,2002-02-22,LAL @ CHH,CHA,2590
Jump Shot,Jump Shot,200,20100778,33.8813,68,163,-118.2018,3,2,0,2001-02,12,17,0.0,2PT Field Goal,Right Side Center(RC),Mid-Range,16-24 ft.,1610612747,Los Angeles Lakers,2002-02-22,LAL @ CHH,CHA,2591
Jump Shot,Jump Shot,207,20100778,33.9303,108,114,-118.1618,2,2,0,2001-02,3,15,0.0,2PT Field Goal,Right Side(R),Mid-Range,8-16 ft.,1610612747,Los Angeles Lakers,2002-02-22,LAL @ CHH,CHA,2592
Jump Shot,Jump Shot,243,20100778,34.0253,-170,19,-118.4398,10,3,0,2001-02,33,17,0.0,2PT Field Goal,Left Side(L),Mid-Range,16-24 ft.,1610612747,Los Angeles Lakers,2002-02-22,LAL @ CHH,CHA,2593
Reverse Layup Shot,Layup,271,20100778,34.0443,0,0,-118.2698,7,3,0,2001-02,21,0,,2PT Field Goal,Center(C),Restricted Area,Less Than 8 ft.,1610612747,Los Angeles Lakers,2002-02-22,LAL @ CHH,CHA,2594
Follow Up Dunk Shot,Dunk,351,20100778,34.0443,0,0,-118.2698,0,3,0,2001-02,2,0,1.0,2PT Field Goal,Center(C),Restricted Area,Less Than 8 ft.,1610612747,Los Angeles Lakers,2002-02-22,LAL @ CHH,CHA,2595
Layup Shot,Layup,358,20100778,34.0443,0,0,-118.2698,11,4,0,2001-02,42,0,0.0,2PT Field Goal,Center(C),Restricted Area,Less Than 8 ft.,1610612747,Los Angeles Lakers,2002-02-22,LAL @ CHH,CHA,2596
Jump Shot,Jump Shot,378,20100778,33.9873,222,57,-118.0478,9,4,0,2001-02,37,22,0.0,3PT Field Goal,Right Side(R),Right Corner 3,24+ ft.,1610612747,Los Angeles Lakers,2002-02-22,LAL @ CHH,CHA,2597
Jump Shot,Jump Shot,414,20100778,33.9873,24,57,-118.2458,5,4,0,2001-02,19,6,0.0,2PT Field Goal,Center(C),In The Paint (Non-RA),Less Than 8 ft.,1610612747,Los Angeles Lakers,2002-02-22,LAL @ CHH,CHA,2598
Reverse Layup Shot,Layup,423,20100778,34.0443,0,0,-118.2698,4,4,0,2001-02,50,0,1.0,2PT Field Goal,Center(C),Restricted Area,Less Than 8 ft.,1610612747,Los Angeles Lakers,2002-02-22,LAL @ CHH,CHA,2599
Jump Shot,Jump Shot,433,20100778,34.0253,-107,19,-118.3768,3,4,0,2001-02,34,10,0.0,2PT Field Goal,Left Side(L),Mid-Range,8-16 ft.,1610612747,Los Angeles Lakers,2002-02-22,LAL @ CHH,CHA,2600
Layup Shot,Layup,439,20100778,34.0443,0,0,-118.2698,2,4,0,2001-02,17,0,1.0,2PT Field Goal,Center(C),Restricted Area,Less Than 8 ft.,1610612747,Los Angeles Lakers,2002-02-22,LAL @ CHH,CHA,2601
Jump Shot,Jump Shot,474,20100778,33.9433,153,101,-118.1168,0,4,0,2001-02,0,18,1.0,2PT Field Goal,Right Side(R),Mid-Range,16-24 ft.,1610612747,Los Angeles Lakers,2002-02-22,LAL @ CHH,CHA,2602
Jump Shot,Jump Shot,29,20100790,34.0503,121,-6,-118.1488,7,1,0,2001-02,22,12,1.0,2PT Field Goal,Right Side(R),Mid-Range,8-16 ft.,1610612747,Los Angeles Lakers,2002-02-24,LAL @ NYK,NYK,2603
Jump Shot,Jump Shot,51,20100790,33.8813,-143,163,-118.4128,4,1,0,2001-02,44,21,0.0,2PT Field Goal,Left Side Center(LC),Mid-Range,16-24 ft.,1610612747,Los Angeles Lakers,2002-02-24,LAL @ NYK,NYK,2604
Turnaround Jump Shot,Jump Shot,59,20100790,33.9813,62,63,-118.2078,3,1,0,2001-02,26,8,1.0,2PT Field Goal,Right Side(R),In The Paint (Non-RA),8-16 ft.,1610612747,Los Angeles Lakers,2002-02-24,LAL @ NYK,NYK,2605
Turnaround Jump Shot,Jump Shot,94,20100790,34.0573,-143,-13,-118.4128,0,1,0,2001-02,38,14,1.0,2PT Field Goal,Left Side(L),Mid-Range,8-16 ft.,1610612747,Los Angeles Lakers,2002-02-24,LAL @ NYK,NYK,2606
Jump Shot,Jump Shot,99,20100790,33.9113,87,133,-118.1828,0,1,0,2001-02,0,15,1.0,2PT Field Goal,Right Side(R),Mid-Range,8-16 ft.,1610612747,Los Angeles Lakers,2002-02-24,LAL @ NYK,NYK,2607
Jump Shot,Jump Shot,119,20100790,33.9743,-117,70,-118.3868,10,2,0,2001-02,16,13,1.0,2PT Field Goal,Left Side(L),Mid-Range,8-16 ft.,1610612747,Los Angeles Lakers,2002-02-24,LAL @ NYK,NYK,2608
Jump Shot,Jump Shot,190,20100790,33.8603,-168,184,-118.4378,3,2,0,2001-02,54,24,1.0,3PT Field Goal,Left Side Center(LC),Above the Break 3,24+ ft.,1610612747,Los Angeles Lakers,2002-02-24,LAL @ NYK,NYK,2609
Tip Shot,Tip Shot,211,20100790,34.0443,0,0,-118.2698,1,2,0,2001-02,59,0,0.0,2PT Field Goal,Center(C),Restricted Area,Less Than 8 ft.,1610612747,Los Angeles Lakers,2002-02-24,LAL @ NYK,NYK,2610
Layup Shot,Layup,254,20100790,34.0443,0,0,-118.2698,9,3,0,2001-02,28,0,0.0,2PT Field Goal,Center(C),Restricted Area,Less Than 8 ft.,1610612747,Los Angeles Lakers,2002-02-24,LAL @ NYK,NYK,2611
Tip Shot,Tip Shot,255,20100790,34.0443,0,0,-118.2698,9,3,0,2001-02,27,0,0.0,2PT Field Goal,Center(C),Restricted Area,Less Than 8 ft.,1610612747,Los Angeles Lakers,2002-02-24,LAL @ NYK,NYK,2612
Jump Shot,Jump Shot,278,20100790,33.9593,-35,85,-118.3048,6,3,0,2001-02,52,9,0.0,2PT Field Goal,Center(C),In The Paint (Non-RA),8-16 ft.,1610612747,Los Angeles Lakers,2002-02-24,LAL @ NYK,NYK,2613
Layup Shot,Layup,292,20100790,34.0443,0,0,-118.2698,5,3,0,2001-02,30,0,1.0,2PT Field Goal,Center(C),Restricted Area,Less Than 8 ft.,1610612747,Los Angeles Lakers,2002-02-24,LAL @ NYK,NYK,2614
Driving Dunk Shot,Dunk,316,20100790,34.0443,0,0,-118.2698,2,3,0,2001-02,34,0,1.0,2PT Field Goal,Center(C),Restricted Area,Less Than 8 ft.,1610612747,Los Angeles Lakers,2002-02-24,LAL @ NYK,NYK,2615
Jump Shot,Jump Shot,332,20100790,33.9113,37,133,-118.2328,0,3,0,2001-02,35,13,0.0,2PT Field Goal,Center(C),In The Paint (Non-RA),8-16 ft.,1610612747,Los Angeles Lakers,2002-02-24,LAL @ NYK,NYK,2616
Layup Shot,Layup,350,20100790,34.0443,0,0,-118.2698,10,4,0,2001-02,16,0,,2PT Field Goal,Center(C),Restricted Area,Less Than 8 ft.,1610612747,Los Angeles Lakers,2002-02-24,LAL @ NYK,NYK,2617
Jump Shot,Jump Shot,365,20100790,33.9683,62,76,-118.2078,8,4,0,2001-02,52,9,,2PT Field Goal,Right Side(R),In The Paint (Non-RA),8-16 ft.,1610612747,Los Angeles Lakers,2002-02-24,LAL @ NYK,NYK,2618
Jump Shot,Jump Shot,427,20100790,34.0373,-134,7,-118.4038,3,4,0,2001-02,10,13,0.0,2PT Field Goal,Left Side(L),Mid-Range,8-16 ft.,1610612747,Los Angeles Lakers,2002-02-24,LAL @ NYK,NYK,2619
Jump Shot,Jump Shot,451,20100790,34.0373,-101,7,-118.3708,0,4,0,2001-02,39,10,1.0,2PT Field Goal,Left Side(L),Mid-Range,8-16 ft.,1610612747,Los Angeles Lakers,2002-02-24,LAL @ NYK,NYK,2620
Jump Shot,Jump Shot,10,20100803,34.0373,-105,7,-118.3748,10,1,0,2001-02,29,10,1.0,2PT Field Goal,Left Side(L),Mid-Range,8-16 ft.,1610612747,Los Angeles Lakers,2002-02-26,LAL @ MIL,MIL,2621
Running Layup Shot,Layup,21,20100803,34.0443,0,0,-118.2698,8,1,0,2001-02,49,0,1.0,2PT Field Goal,Center(C),Restricted Area,Less Than 8 ft.,1610612747,Los Angeles Lakers,2002-02-26,LAL @ MIL,MIL,2622
Slam Dunk Shot,Dunk,24,20100803,34.0443,0,0,-118.2698,8,1,0,2001-02,13,0,,2PT Field Goal,Center(C),Restricted Area,Less Than 8 ft.,1610612747,Los Angeles Lakers,2002-02-26,LAL @ MIL,MIL,2623
Jump Shot,Jump Shot,30,20100803,33.9763,-162,68,-118.4318,7,1,0,2001-02,16,17,0.0,2PT Field Goal,Left Side(L),Mid-Range,16-24 ft.,1610612747,Los Angeles Lakers,2002-02-26,LAL @ MIL,MIL,2624
Layup Shot,Layup,42,20100803,34.0443,0,0,-118.2698,6,1,0,2001-02,21,0,1.0,2PT Field Goal,Center(C),Restricted Area,Less Than 8 ft.,1610612747,Los Angeles Lakers,2002-02-26,LAL @ MIL,MIL,2625
Layup Shot,Layup,113,20100803,34.0443,0,0,-118.2698,11,2,0,2001-02,17,0,1.0,2PT Field Goal,Center(C),Restricted Area,Less Than 8 ft.,1610612747,Los Angeles Lakers,2002-02-26,LAL @ MIL,MIL,2626
Jump Shot,Jump Shot,118,20100803,34.0463,-155,-2,-118.4248,10,2,0,2001-02,47,15,1.0,2PT Field Goal,Left Side(L),Mid-Range,8-16 ft.,1610612747,Los Angeles Lakers,2002-02-26,LAL @ MIL,MIL,2627
Layup Shot,Layup,133,20100803,34.0443,0,0,-118.2698,9,2,0,2001-02,12,0,0.0,2PT Field Goal,Center(C),Restricted Area,Less Than 8 ft.,1610612747,Los Angeles Lakers,2002-02-26,LAL @ MIL,MIL,2628
Jump Shot,Jump Shot,135,20100803,33.9533,-149,91,-118.4188,9,2,0,2001-02,2,17,0.0,2PT Field Goal,Left Side(L),Mid-Range,16-24 ft.,1610612747,Los Angeles Lakers,2002-02-26,LAL @ MIL,MIL,2629
Jump Shot,Jump Shot,163,20100803,33.8583,-185,186,-118.4548,5,2,0,2001-02,23,26,0.0,3PT Field Goal,Left Side Center(LC),Above the Break 3,24+ ft.,1610612747,Los Angeles Lakers,2002-02-26,LAL @ MIL,MIL,2630
Layup Shot,Layup,182,20100803,34.0443,0,0,-118.2698,3,2,0,2001-02,43,0,,2PT Field Goal,Center(C),Restricted Area,Less Than 8 ft.,1610612747,Los Angeles Lakers,2002-02-26,LAL @ MIL,MIL,2631
Layup Shot,Layup,187,20100803,34.0443,0,0,-118.2698,3,2,0,2001-02,11,0,1.0,2PT Field Goal,Center(C),Restricted Area,Less Than 8 ft.,1610612747,Los Angeles Lakers,2002-02-26,LAL @ MIL,MIL,2632
Layup Shot,Layup,241,20100803,34.0443,0,0,-118.2698,10,3,0,2001-02,13,0,1.0,2PT Field Goal,Center(C),Restricted Area,Less Than 8 ft.,1610612747,Los Angeles Lakers,2002-02-26,LAL @ MIL,MIL,2633
Jump Shot,Jump Shot,272,20100803,34.0633,144,-19,-118.1258,5,3,0,2001-02,34,14,0.0,2PT Field Goal,Right Side(R),Mid-Range,8-16 ft.,1610612747,Los Angeles Lakers,2002-02-26,LAL @ MIL,MIL,2634
Jump Shot,Jump Shot,276,20100803,33.8713,37,173,-118.2328,5,3,0,2001-02,5,17,0.0,2PT Field Goal,Center(C),Mid-Range,16-24 ft.,1610612747,Los Angeles Lakers,2002-02-26,LAL @ MIL,MIL,2635
Layup Shot,Layup,289,20100803,34.0443,0,0,-118.2698,3,3,0,2001-02,41,0,1.0,2PT Field Goal,Center(C),Restricted Area,Less Than 8 ft.,1610612747,Los Angeles Lakers,2002-02-26,LAL @ MIL,MIL,2636
Layup Shot,Layup,297,20100803,34.0443,0,0,-118.2698,2,3,0,2001-02,24,0,1.0,2PT Field Goal,Center(C),Restricted Area,Less Than 8 ft.,1610612747,Los Angeles Lakers,2002-02-26,LAL @ MIL,MIL,2637
Jump Shot,Jump Shot,311,20100803,33.9643,79,80,-118.1908,0,3,0,2001-02,54,11,0.0,2PT Field Goal,Right Side(R),In The Paint (Non-RA),8-16 ft.,1610612747,Los Angeles Lakers,2002-02-26,LAL @ MIL,MIL,2638
Jump Shot,Jump Shot,322,20100803,33.9383,132,106,-118.1378,0,3,0,2001-02,1,16,0.0,2PT Field Goal,Right Side Center(RC),Mid-Range,16-24 ft.,1610612747,Los Angeles Lakers,2002-02-26,LAL @ MIL,MIL,2639
Jump Shot,Jump Shot,349,20100803,34.0213,64,23,-118.2058,9,4,0,2001-02,42,6,,2PT Field Goal,Center(C),In The Paint (Non-RA),Less Than 8 ft.,1610612747,Los Angeles Lakers,2002-02-26,LAL @ MIL,MIL,2640
Jump Shot,Jump Shot,364,20100803,34.0673,138,-23,-118.1318,8,4,0,2001-02,14,13,0.0,2PT Field Goal,Right Side(R),Mid-Range,8-16 ft.,1610612747,Los Angeles Lakers,2002-02-26,LAL @ MIL,MIL,2641
Driving Layup Shot,Layup,372,20100803,34.0443,0,0,-118.2698,7,4,0,2001-02,48,0,,2PT Field Goal,Center(C),Restricted Area,Less Than 8 ft.,1610612747,Los Angeles Lakers,2002-02-26,LAL @ MIL,MIL,2642
Jump Shot,Jump Shot,393,20100803,33.7913,123,253,-118.1468,3,4,0,2001-02,51,28,0.0,3PT Field Goal,Right Side Center(RC),Above the Break 3,24+ ft.,1610612747,Los Angeles Lakers,2002-02-26,LAL @ MIL,MIL,2643
Dunk Shot,Dunk,424,20100803,34.0443,0,0,-118.2698,1,4,0,2001-02,5,0,1.0,2PT Field Goal,Center(C),Restricted Area,Less Than 8 ft.,1610612747,Los Angeles Lakers,2002-02-26,LAL @ MIL,MIL,2644
Jump Shot,Jump Shot,427,20100803,33.9933,167,51,-118.1028,0,4,0,2001-02,40,17,0.0,2PT Field Goal,Right Side(R),Mid-Range,16-24 ft.,1610612747,Los Angeles Lakers,2002-02-26,LAL @ MIL,MIL,2645
Running Jump Shot,Jump Shot,10,20100816,34.0423,106,2,-118.1638,10,1,0,2001-02,38,10,1.0,2PT Field Goal,Right Side(R),Mid-Range,8-16 ft.,1610612747,Los Angeles Lakers,2002-02-27,LAL @ MIN,MIN,2646
Jump Shot,Jump Shot,13,20100816,33.8773,-96,167,-118.3658,9,1,0,2001-02,54,19,,2PT Field Goal,Left Side Center(LC),Mid-Range,16-24 ft.,1610612747,Los Angeles Lakers,2002-02-27,LAL @ MIN,MIN,2647
Layup Shot,Layup,15,20100816,34.0443,0,0,-118.2698,9,1,0,2001-02,48,0,1.0,2PT Field Goal,Center(C),Restricted Area,Less Than 8 ft.,1610612747,Los Angeles Lakers,2002-02-27,LAL @ MIN,MIN,2648
Layup Shot,Layup,29,20100816,34.0443,0,0,-118.2698,8,1,0,2001-02,52,0,0.0,2PT Field Goal,Center(C),Restricted Area,Less Than 8 ft.,1610612747,Los Angeles Lakers,2002-02-27,LAL @ MIN,MIN,2649
Alley Oop Layup shot,Layup,32,20100816,34.0443,0,0,-118.2698,8,1,0,2001-02,41,0,0.0,2PT Field Goal,Center(C),Restricted Area,Less Than 8 ft.,1610612747,Los Angeles Lakers,2002-02-27,LAL @ MIN,MIN,2650
Jump Shot,Jump Shot,48,20100816,33.9093,144,135,-118.1258,5,1,0,2001-02,43,19,0.0,2PT Field Goal,Right Side Center(RC),Mid-Range,16-24 ft.,1610612747,Los Angeles Lakers,2002-02-27,LAL @ MIN,MIN,2651
Layup Shot,Layup,51,20100816,34.0443,0,0,-118.2698,5,1,0,2001-02,10,0,0.0,2PT Field Goal,Center(C),Restricted Area,Less Than 8 ft.,1610612747,Los Angeles Lakers,2002-02-27,LAL @ MIN,MIN,2652
Layup Shot,Layup,53,20100816,34.0443,0,0,-118.2698,5,1,0,2001-02,7,0,0.0,2PT Field Goal,Center(C),Restricted Area,Less Than 8 ft.,1610612747,Los Angeles Lakers,2002-02-27,LAL @ MIN,MIN,2653
Layup Shot,Layup,73,20100816,34.0443,0,0,-118.2698,3,1,0,2001-02,6,0,1.0,2PT Field Goal,Center(C),Restricted Area,Less Than 8 ft.,1610612747,Los Angeles Lakers,2002-02-27,LAL @ MIN,MIN,2654
Jump Shot,Jump Shot,95,20100816,33.8903,150,154,-118.1198,0,1,0,2001-02,49,21,0.0,2PT Field Goal,Right Side Center(RC),Mid-Range,16-24 ft.,1610612747,Los Angeles Lakers,2002-02-27,LAL @ MIN,MIN,2655
Jump Shot,Jump Shot,134,20100816,34.0083,85,36,-118.1848,8,2,0,2001-02,36,9,1.0,2PT Field Goal,Right Side(R),Mid-Range,8-16 ft.,1610612747,Los Angeles Lakers,2002-02-27,LAL @ MIN,MIN,2656
Jump Shot,Jump Shot,157,20100816,33.8543,70,190,-118.1998,6,2,0,2001-02,32,20,0.0,2PT Field Goal,Right Side Center(RC),Mid-Range,16-24 ft.,1610612747,Los Angeles Lakers,2002-02-27,LAL @ MIN,MIN,2657
Running Jump Shot,Jump Shot,165,20100816,33.9323,5,112,-118.2648,5,2,0,2001-02,50,11,1.0,2PT Field Goal,Center(C),In The Paint (Non-RA),8-16 ft.,1610612747,Los Angeles Lakers,2002-02-27,LAL @ MIN,MIN,2658
Driving Layup Shot,Layup,217,20100816,34.0443,0,0,-118.2698,0,2,0,2001-02,55,0,1.0,2PT Field Goal,Center(C),Restricted Area,Less Than 8 ft.,1610612747,Los Angeles Lakers,2002-02-27,LAL @ MIN,MIN,2659
Jump Shot,Jump Shot,219,20100816,33.8843,-67,160,-118.3368,0,2,0,2001-02,25,17,1.0,2PT Field Goal,Left Side Center(LC),Mid-Range,16-24 ft.,1610612747,Los Angeles Lakers,2002-02-27,LAL @ MIN,MIN,2660
Jump Shot,Jump Shot,261,20100816,33.9433,136,101,-118.1338,7,3,0,2001-02,12,16,0.0,2PT Field Goal,Right Side Center(RC),Mid-Range,16-24 ft.,1610612747,Los Angeles Lakers,2002-02-27,LAL @ MIN,MIN,2661
Layup Shot,Layup,266,20100816,34.0443,0,0,-118.2698,6,3,0,2001-02,41,0,0.0,2PT Field Goal,Center(C),Restricted Area,Less Than 8 ft.,1610612747,Los Angeles Lakers,2002-02-27,LAL @ MIN,MIN,2662
Jump Shot,Jump Shot,289,20100816,33.9363,188,108,-118.0818,3,3,0,2001-02,41,21,,2PT Field Goal,Right Side(R),Mid-Range,16-24 ft.,1610612747,Los Angeles Lakers,2002-02-27,LAL @ MIN,MIN,2663
Jump Shot,Jump Shot,318,20100816,33.9263,79,118,-118.1908,0,3,0,2001-02,44,14,,2PT Field Goal,Right Side(R),In The Paint (Non-RA),8-16 ft.,1610612747,Los Angeles Lakers,2002-02-27,LAL @ MIN,MIN,2664
Jump Shot,Jump Shot,333,20100816,33.9433,-35,101,-118.3048,11,4,0,2001-02,36,10,0.0,2PT Field Goal,Center(C),In The Paint (Non-RA),8-16 ft.,1610612747,Los Angeles Lakers,2002-02-27,LAL @ MIN,MIN,2665
Jump Shot,Jump Shot,341,20100816,34.0523,136,-8,-118.1338,10,4,0,2001-02,32,13,0.0,2PT Field Goal,Right Side(R),Mid-Range,8-16 ft.,1610612747,Los Angeles Lakers,2002-02-27,LAL @ MIN,MIN,2666
Jump Shot,Jump Shot,371,20100816,34.0523,188,-8,-118.0818,7,4,0,2001-02,21,18,0.0,2PT Field Goal,Right Side(R),Mid-Range,16-24 ft.,1610612747,Los Angeles Lakers,2002-02-27,LAL @ MIN,MIN,2667
Jump Shot,Jump Shot,377,20100816,34.0593,144,-15,-118.1258,6,4,0,2001-02,50,14,0.0,2PT Field Goal,Right Side(R),Mid-Range,8-16 ft.,1610612747,Los Angeles Lakers,2002-02-27,LAL @ MIN,MIN,2668
Running Jump Shot,Jump Shot,424,20100816,33.9953,-58,49,-118.3278,1,4,0,2001-02,40,7,1.0,2PT Field Goal,Center(C),In The Paint (Non-RA),Less Than 8 ft.,1610612747,Los Angeles Lakers,2002-02-27,LAL @ MIN,MIN,2669
Jump Shot,Jump Shot,438,20100816,34.0523,-204,-8,-118.4738,1,4,0,2001-02,6,20,0.0,2PT Field Goal,Left Side(L),Mid-Range,16-24 ft.,1610612747,Los Angeles Lakers,2002-02-27,LAL @ MIN,MIN,2670
Jump Shot,Jump Shot,58,20100830,33.8653,108,179,-118.1618,5,1,0,2001-02,6,20,1.0,2PT Field Goal,Right Side Center(RC),Mid-Range,16-24 ft.,1610612747,Los Angeles Lakers,2002-03-01,LAL vs. IND,IND,2671
Reverse Dunk Shot,Dunk,85,20100830,34.0443,0,0,-118.2698,1,1,0,2001-02,46,0,1.0,2PT Field Goal,Center(C),Restricted Area,Less Than 8 ft.,1610612747,Los Angeles Lakers,2002-03-01,LAL vs. IND,IND,2672
Jump Shot,Jump Shot,95,20100830,34.0313,174,13,-118.0958,1,1,0,2001-02,20,17,0.0,2PT Field Goal,Right Side(R),Mid-Range,16-24 ft.,1610612747,Los Angeles Lakers,2002-03-01,LAL vs. IND,IND,2673
Jump Shot,Jump Shot,106,20100830,34.0313,123,13,-118.1468,0,1,0,2001-02,22,12,0.0,2PT Field Goal,Right Side(R),Mid-Range,8-16 ft.,1610612747,Los Angeles Lakers,2002-03-01,LAL vs. IND,IND,2674
Jump Shot,Jump Shot,185,20100830,33.9343,153,110,-118.1168,4,2,0,2001-02,59,18,1.0,2PT Field Goal,Right Side(R),Mid-Range,16-24 ft.,1610612747,Los Angeles Lakers,2002-03-01,LAL vs. IND,IND,2675
Jump Shot,Jump Shot,191,20100830,33.8373,79,207,-118.1908,4,2,0,2001-02,25,22,,2PT Field Goal,Right Side Center(RC),Mid-Range,16-24 ft.,1610612747,Los Angeles Lakers,2002-03-01,LAL vs. IND,IND,2676
Jump Shot,Jump Shot,194,20100830,33.8713,-98,173,-118.3678,3,2,0,2001-02,57,19,1.0,2PT Field Goal,Left Side Center(LC),Mid-Range,16-24 ft.,1610612747,Los Angeles Lakers,2002-03-01,LAL vs. IND,IND,2677
Jump Shot,Jump Shot,211,20100830,34.0373,-77,7,-118.3468,2,2,0,2001-02,45,7,0.0,2PT Field Goal,Center(C),In The Paint (Non-RA),Less Than 8 ft.,1610612747,Los Angeles Lakers,2002-03-01,LAL vs. IND,IND,2678
Driving Dunk Shot,Dunk,240,20100830,34.0443,0,0,-118.2698,0,2,0,2001-02,28,0,1.0,2PT Field Goal,Center(C),Restricted Area,Less Than 8 ft.,1610612747,Los Angeles Lakers,2002-03-01,LAL vs. IND,IND,2679
Driving Dunk Shot,Dunk,275,20100830,34.0443,0,0,-118.2698,9,3,0,2001-02,9,0,,2PT Field Goal,Center(C),Restricted Area,Less Than 8 ft.,1610612747,Los Angeles Lakers,2002-03-01,LAL vs. IND,IND,2680
Jump Shot,Jump Shot,315,20100830,33.8813,129,163,-118.1408,5,3,0,2001-02,3,20,,2PT Field Goal,Right Side Center(RC),Mid-Range,16-24 ft.,1610612747,Los Angeles Lakers,2002-03-01,LAL vs. IND,IND,2681
Driving Layup Shot,Layup,323,20100830,34.0443,0,0,-118.2698,4,3,0,2001-02,34,0,1.0,2PT Field Goal,Center(C),Restricted Area,Less Than 8 ft.,1610612747,Los Angeles Lakers,2002-03-01,LAL vs. IND,IND,2682
Jump Shot,Jump Shot,353,20100830,33.9683,-149,76,-118.4188,1,3,0,2001-02,8,16,0.0,2PT Field Goal,Left Side(L),Mid-Range,16-24 ft.,1610612747,Los Angeles Lakers,2002-03-01,LAL vs. IND,IND,2683
Driving Layup Shot,Layup,357,20100830,34.0443,0,0,-118.2698,0,3,0,2001-02,32,0,1.0,2PT Field Goal,Center(C),Restricted Area,Less Than 8 ft.,1610612747,Los Angeles Lakers,2002-03-01,LAL vs. IND,IND,2684
Jump Shot,Jump Shot,437,20100830,33.8713,-149,173,-118.4188,5,4,0,2001-02,12,22,0.0,2PT Field Goal,Left Side Center(LC),Mid-Range,16-24 ft.,1610612747,Los Angeles Lakers,2002-03-01,LAL vs. IND,IND,2685
Jump Shot,Jump Shot,441,20100830,33.9913,-33,53,-118.3028,4,4,0,2001-02,40,6,0.0,2PT Field Goal,Center(C),In The Paint (Non-RA),Less Than 8 ft.,1610612747,Los Angeles Lakers,2002-03-01,LAL vs. IND,IND,2686
Jump Shot,Jump Shot,537,20100830,33.8373,174,207,-118.0958,0,4,0,2001-02,6,27,0.0,3PT Field Goal,Right Side Center(RC),Above the Break 3,24+ ft.,1610612747,Los Angeles Lakers,2002-03-01,LAL vs. IND,IND,2687
Jump Shot,Jump Shot,7,20100865,33.8393,144,205,-118.1258,10,1,0,2001-02,57,25,0.0,3PT Field Goal,Right Side Center(RC),Above the Break 3,24+ ft.,1610612747,Los Angeles Lakers,2002-03-06,LAL @ UTA,UTA,2688
Jump Shot,Jump Shot,48,20100865,34.0443,138,0,-118.1318,5,1,0,2001-02,1,13,1.0,2PT Field Goal,Right Side(R),Mid-Range,8-16 ft.,1610612747,Los Angeles Lakers,2002-03-06,LAL @ UTA,UTA,2689
Jump Shot,Jump Shot,50,20100865,33.8583,-33,186,-118.3028,4,1,0,2001-02,30,18,1.0,2PT Field Goal,Center(C),Mid-Range,16-24 ft.,1610612747,Los Angeles Lakers,2002-03-06,LAL @ UTA,UTA,2690
Jump Shot,Jump Shot,77,20100865,34.0503,167,-6,-118.1028,2,1,0,2001-02,45,16,,2PT Field Goal,Right Side(R),Mid-Range,16-24 ft.,1610612747,Los Angeles Lakers,2002-03-06,LAL @ UTA,UTA,2691
Jump Shot,Jump Shot,94,20100865,33.9473,153,97,-118.1168,1,1,0,2001-02,14,18,1.0,2PT Field Goal,Right Side(R),Mid-Range,16-24 ft.,1610612747,Los Angeles Lakers,2002-03-06,LAL @ UTA,UTA,2692
Jump Shot,Jump Shot,102,20100865,33.9073,144,137,-118.1258,0,1,0,2001-02,43,19,,2PT Field Goal,Right Side Center(RC),Mid-Range,16-24 ft.,1610612747,Los Angeles Lakers,2002-03-06,LAL @ UTA,UTA,2693
Jump Shot,Jump Shot,107,20100865,34.0233,51,21,-118.2188,0,1,0,2001-02,22,5,0.0,2PT Field Goal,Center(C),In The Paint (Non-RA),Less Than 8 ft.,1610612747,Los Angeles Lakers,2002-03-06,LAL @ UTA,UTA,2694
Layup Shot,Layup,167,20100865,34.0443,0,0,-118.2698,5,2,0,2001-02,39,0,,2PT Field Goal,Center(C),Restricted Area,Less Than 8 ft.,1610612747,Los Angeles Lakers,2002-03-06,LAL @ UTA,UTA,2695
Alley Oop Dunk Shot,Dunk,184,20100865,34.0443,0,0,-118.2698,4,2,0,2001-02,36,0,1.0,2PT Field Goal,Center(C),Restricted Area,Less Than 8 ft.,1610612747,Los Angeles Lakers,2002-03-06,LAL @ UTA,UTA,2696
Jump Shot,Jump Shot,234,20100865,33.6123,20,432,-118.2498,0,2,0,2001-02,0,43,1.0,3PT Field Goal,Back Court(BC),Backcourt,Back Court Shot,1610612747,Los Angeles Lakers,2002-03-06,LAL @ UTA,UTA,2697
Jump Shot,Jump Shot,252,20100865,34.0503,176,-6,-118.0938,9,3,0,2001-02,28,17,0.0,2PT Field Goal,Right Side(R),Mid-Range,16-24 ft.,1610612747,Los Angeles Lakers,2002-03-06,LAL @ UTA,UTA,2698
Layup Shot,Layup,287,20100865,34.0443,0,0,-118.2698,4,3,0,2001-02,24,0,0.0,2PT Field Goal,Center(C),Restricted Area,Less Than 8 ft.,1610612747,Los Angeles Lakers,2002-03-06,LAL @ UTA,UTA,2699
Driving Layup Shot,Layup,321,20100865,34.0443,0,0,-118.2698,2,3,0,2001-02,16,0,0.0,2PT Field Goal,Center(C),Restricted Area,Less Than 8 ft.,1610612747,Los Angeles Lakers,2002-03-06,LAL @ UTA,UTA,2700
Jump Shot,Jump Shot,334,20100865,33.8753,20,169,-118.2498,0,3,0,2001-02,32,17,0.0,2PT Field Goal,Center(C),Mid-Range,16-24 ft.,1610612747,Los Angeles Lakers,2002-03-06,LAL @ UTA,UTA,2701
Jump Shot,Jump Shot,345,20100865,33.8883,98,156,-118.1718,11,4,0,2001-02,36,18,0.0,2PT Field Goal,Right Side Center(RC),Mid-Range,16-24 ft.,1610612747,Los Angeles Lakers,2002-03-06,LAL @ UTA,UTA,2702
Jump Shot,Jump Shot,357,20100865,34.0103,138,34,-118.1318,10,4,0,2001-02,57,14,0.0,2PT Field Goal,Right Side(R),Mid-Range,8-16 ft.,1610612747,Los Angeles Lakers,2002-03-06,LAL @ UTA,UTA,2703
Jump Shot,Jump Shot,363,20100865,34.0503,161,-6,-118.1088,10,4,0,2001-02,10,16,,2PT Field Goal,Right Side(R),Mid-Range,16-24 ft.,1610612747,Los Angeles Lakers,2002-03-06,LAL @ UTA,UTA,2704
Jump Shot,Jump Shot,456,20100865,33.9003,144,144,-118.1258,1,4,0,2001-02,4,20,0.0,2PT Field Goal,Right Side Center(RC),Mid-Range,16-24 ft.,1610612747,Los Angeles Lakers,2002-03-06,LAL @ UTA,UTA,2705
Jump Shot,Jump Shot,474,20100865,34.0403,-244,4,-118.5138,0,4,0,2001-02,13,24,0.0,3PT Field Goal,Left Side(L),Left Corner 3,24+ ft.,1610612747,Los Angeles Lakers,2002-03-06,LAL @ UTA,UTA,2706
Jump Shot,Jump Shot,10,20100898,33.9153,-12,129,-118.2818,11,1,0,2001-02,1,12,0.0,2PT Field Goal,Center(C),In The Paint (Non-RA),8-16 ft.,1610612747,Los Angeles Lakers,2002-03-10,LAL vs. NYK,NYK,2707
Jump Shot,Jump Shot,36,20100898,33.8143,-141,230,-118.4108,7,1,0,2001-02,55,26,,3PT Field Goal,Left Side Center(LC),Above the Break 3,24+ ft.,1610612747,Los Angeles Lakers,2002-03-10,LAL vs. NYK,NYK,2708
Driving Dunk Shot,Dunk,40,20100898,34.0443,0,0,-118.2698,7,1,0,2001-02,43,0,,2PT Field Goal,Center(C),Restricted Area,Less Than 8 ft.,1610612747,Los Angeles Lakers,2002-03-10,LAL vs. NYK,NYK,2709
Running Jump Shot,Jump Shot,61,20100898,33.9763,7,68,-118.2628,4,1,0,2001-02,59,6,1.0,2PT Field Goal,Center(C),In The Paint (Non-RA),Less Than 8 ft.,1610612747,Los Angeles Lakers,2002-03-10,LAL vs. NYK,NYK,2710
Jump Shot,Jump Shot,63,20100898,33.9093,-4,135,-118.2738,4,1,0,2001-02,26,13,1.0,2PT Field Goal,Center(C),In The Paint (Non-RA),8-16 ft.,1610612747,Los Angeles Lakers,2002-03-10,LAL vs. NYK,NYK,2711
Jump Shot,Jump Shot,95,20100898,33.8523,-71,192,-118.3408,0,1,0,2001-02,0,20,0.0,2PT Field Goal,Left Side Center(LC),Mid-Range,16-24 ft.,1610612747,Los Angeles Lakers,2002-03-10,LAL vs. NYK,NYK,2712
Jump Shot,Jump Shot,195,20100898,34.0103,174,34,-118.0958,3,2,0,2001-02,31,17,1.0,2PT Field Goal,Right Side(R),Mid-Range,16-24 ft.,1610612747,Los Angeles Lakers,2002-03-10,LAL vs. NYK,NYK,2713
Jump Shot,Jump Shot,202,20100898,33.8963,129,148,-118.1408,2,2,0,2001-02,58,19,0.0,2PT Field Goal,Right Side Center(RC),Mid-Range,16-24 ft.,1610612747,Los Angeles Lakers,2002-03-10,LAL vs. NYK,NYK,2714
Running Jump Shot,Jump Shot,225,20100898,33.9643,7,80,-118.2628,0,2,0,2001-02,36,8,1.0,2PT Field Goal,Center(C),In The Paint (Non-RA),8-16 ft.,1610612747,Los Angeles Lakers,2002-03-10,LAL vs. NYK,NYK,2715
Jump Shot,Jump Shot,243,20100898,33.9093,-105,135,-118.3748,10,3,0,2001-02,25,17,0.0,2PT Field Goal,Left Side Center(LC),Mid-Range,16-24 ft.,1610612747,Los Angeles Lakers,2002-03-10,LAL vs. NYK,NYK,2716
Driving Layup Shot,Layup,254,20100898,34.0443,0,0,-118.2698,8,3,0,2001-02,45,0,,2PT Field Goal,Center(C),Restricted Area,Less Than 8 ft.,1610612747,Los Angeles Lakers,2002-03-10,LAL vs. NYK,NYK,2717
Jump Shot,Jump Shot,307,20100898,34.0213,64,23,-118.2058,2,3,0,2001-02,29,6,0.0,2PT Field Goal,Center(C),In The Paint (Non-RA),Less Than 8 ft.,1610612747,Los Angeles Lakers,2002-03-10,LAL vs. NYK,NYK,2718
Jump Shot,Jump Shot,407,20100898,33.8923,1,152,-118.2688,4,4,0,2001-02,59,15,1.0,2PT Field Goal,Center(C),Mid-Range,8-16 ft.,1610612747,Los Angeles Lakers,2002-03-10,LAL vs. NYK,NYK,2719
Jump Shot,Jump Shot,424,20100898,33.7803,-4,264,-118.2738,3,4,0,2001-02,6,26,0.0,3PT Field Goal,Center(C),Above the Break 3,24+ ft.,1610612747,Los Angeles Lakers,2002-03-10,LAL vs. NYK,NYK,2720
Jump Shot,Jump Shot,15,20100914,33.9263,-84,118,-118.3538,10,1,0,2001-02,41,14,0.0,2PT Field Goal,Left Side(L),Mid-Range,8-16 ft.,1610612747,Los Angeles Lakers,2002-03-12,LAL vs. CHH,CHA,2721
Jump Shot,Jump Shot,37,20100914,33.9153,144,129,-118.1258,7,1,0,2001-02,35,19,,2PT Field Goal,Right Side Center(RC),Mid-Range,16-24 ft.,1610612747,Los Angeles Lakers,2002-03-12,LAL vs. CHH,CHA,2722
Jump Shot,Jump Shot,52,20100914,33.9033,123,141,-118.1468,6,1,0,2001-02,2,18,1.0,2PT Field Goal,Right Side Center(RC),Mid-Range,16-24 ft.,1610612747,Los Angeles Lakers,2002-03-12,LAL vs. CHH,CHA,2723
Jump Shot,Jump Shot,81,20100914,34.0143,-155,30,-118.4248,3,1,0,2001-02,21,15,0.0,2PT Field Goal,Left Side(L),Mid-Range,8-16 ft.,1610612747,Los Angeles Lakers,2002-03-12,LAL vs. CHH,CHA,2724
Jump Shot,Jump Shot,88,20100914,33.8813,-98,163,-118.3678,2,1,0,2001-02,50,19,0.0,2PT Field Goal,Left Side Center(LC),Mid-Range,16-24 ft.,1610612747,Los Angeles Lakers,2002-03-12,LAL vs. CHH,CHA,2725
Fadeaway Jump Shot,Jump Shot,94,20100914,34.0213,-191,23,-118.4608,2,1,0,2001-02,5,19,1.0,2PT Field Goal,Left Side(L),Mid-Range,16-24 ft.,1610612747,Los Angeles Lakers,2002-03-12,LAL vs. CHH,CHA,2726
Jump Shot,Jump Shot,102,20100914,33.8713,-84,173,-118.3538,0,1,0,2001-02,31,19,1.0,2PT Field Goal,Left Side Center(LC),Mid-Range,16-24 ft.,1610612747,Los Angeles Lakers,2002-03-12,LAL vs. CHH,CHA,2727
Jump Shot,Jump Shot,104,20100914,33.9973,-200,47,-118.4698,0,1,0,2001-02,14,20,,2PT Field Goal,Left Side(L),Mid-Range,16-24 ft.,1610612747,Los Angeles Lakers,2002-03-12,LAL vs. CHH,CHA,2728
Jump Shot,Jump Shot,194,20100914,33.8583,-119,186,-118.3888,3,2,0,2001-02,45,22,1.0,2PT Field Goal,Left Side Center(LC),Mid-Range,16-24 ft.,1610612747,Los Angeles Lakers,2002-03-12,LAL vs. CHH,CHA,2729
Jump Shot,Jump Shot,199,20100914,34.0373,-128,7,-118.3978,3,2,0,2001-02,13,12,0.0,2PT Field Goal,Left Side(L),Mid-Range,8-16 ft.,1610612747,Los Angeles Lakers,2002-03-12,LAL vs. CHH,CHA,2730
Jump Shot,Jump Shot,218,20100914,33.8963,115,148,-118.1548,1,2,0,2001-02,42,18,1.0,2PT Field Goal,Right Side Center(RC),Mid-Range,16-24 ft.,1610612747,Los Angeles Lakers,2002-03-12,LAL vs. CHH,CHA,2731
Driving Layup Shot,Layup,221,20100914,34.0443,0,0,-118.2698,1,2,0,2001-02,13,0,,2PT Field Goal,Center(C),Restricted Area,Less Than 8 ft.,1610612747,Los Angeles Lakers,2002-03-12,LAL vs. CHH,CHA,2732
Running Jump Shot,Jump Shot,241,20100914,33.9643,1,80,-118.2688,10,3,0,2001-02,37,8,1.0,2PT Field Goal,Center(C),In The Paint (Non-RA),8-16 ft.,1610612747,Los Angeles Lakers,2002-03-12,LAL vs. CHH,CHA,2733
Jump Shot,Jump Shot,259,20100914,33.9593,144,85,-118.1258,8,3,0,2001-02,17,16,0.0,2PT Field Goal,Right Side(R),Mid-Range,16-24 ft.,1610612747,Los Angeles Lakers,2002-03-12,LAL vs. CHH,CHA,2734
Jump Shot,Jump Shot,271,20100914,33.8863,-71,158,-118.3408,6,3,0,2001-02,23,17,0.0,2PT Field Goal,Left Side Center(LC),Mid-Range,16-24 ft.,1610612747,Los Angeles Lakers,2002-03-12,LAL vs. CHH,CHA,2735
Follow Up Dunk Shot,Dunk,284,20100914,34.0443,0,0,-118.2698,5,3,0,2001-02,22,0,1.0,2PT Field Goal,Center(C),Restricted Area,Less Than 8 ft.,1610612747,Los Angeles Lakers,2002-03-12,LAL vs. CHH,CHA,2736
Jump Shot,Jump Shot,331,20100914,33.8083,94,236,-118.1758,1,3,0,2001-02,14,25,0.0,3PT Field Goal,Right Side Center(RC),Above the Break 3,24+ ft.,1610612747,Los Angeles Lakers,2002-03-12,LAL vs. CHH,CHA,2737
Driving Layup Shot,Layup,6,20100926,34.0443,0,0,-118.2698,11,1,0,2001-02,18,0,1.0,2PT Field Goal,Center(C),Restricted Area,Less Than 8 ft.,1610612747,Los Angeles Lakers,2002-03-14,LAL @ GSW,GSW,2738
Jump Shot,Jump Shot,15,20100926,33.9113,136,133,-118.1338,10,1,0,2001-02,35,19,0.0,2PT Field Goal,Right Side Center(RC),Mid-Range,16-24 ft.,1610612747,Los Angeles Lakers,2002-03-14,LAL @ GSW,GSW,2739
Jump Shot,Jump Shot,37,20100926,33.8943,142,150,-118.1278,7,1,0,2001-02,45,20,0.0,2PT Field Goal,Right Side Center(RC),Mid-Range,16-24 ft.,1610612747,Los Angeles Lakers,2002-03-14,LAL @ GSW,GSW,2740
Driving Layup Shot,Layup,46,20100926,34.0443,0,0,-118.2698,7,1,0,2001-02,17,0,1.0,2PT Field Goal,Center(C),Restricted Area,Less Than 8 ft.,1610612747,Los Angeles Lakers,2002-03-14,LAL @ GSW,GSW,2741
Jump Shot,Jump Shot,55,20100926,34.0503,-130,-6,-118.3998,5,1,0,2001-02,50,13,0.0,2PT Field Goal,Left Side(L),Mid-Range,8-16 ft.,1610612747,Los Angeles Lakers,2002-03-14,LAL @ GSW,GSW,2742
Layup Shot,Layup,124,20100926,34.0143,9,30,-118.2608,1,1,0,2001-02,18,3,,2PT Field Goal,Center(C),Restricted Area,Less Than 8 ft.,1610612747,Los Angeles Lakers,2002-03-14,LAL @ GSW,GSW,2743
Jump Shot,Jump Shot,131,20100926,34.0043,58,40,-118.2118,0,1,0,2001-02,31,7,0.0,2PT Field Goal,Center(C),In The Paint (Non-RA),Less Than 8 ft.,1610612747,Los Angeles Lakers,2002-03-14,LAL @ GSW,GSW,2744
Dunk Shot,Dunk,133,20100926,34.0443,0,0,-118.2698,0,1,0,2001-02,29,0,1.0,2PT Field Goal,Center(C),Restricted Area,Less Than 8 ft.,1610612747,Los Angeles Lakers,2002-03-14,LAL @ GSW,GSW,2745
Layup Shot,Layup,186,20100926,34.0183,22,26,-118.2478,6,2,0,2001-02,37,3,0.0,2PT Field Goal,Center(C),Restricted Area,Less Than 8 ft.,1610612747,Los Angeles Lakers,2002-03-14,LAL @ GSW,GSW,2746
Slam Dunk Shot,Dunk,219,20100926,34.0443,0,0,-118.2698,4,2,0,2001-02,2,0,1.0,2PT Field Goal,Center(C),Restricted Area,Less Than 8 ft.,1610612747,Los Angeles Lakers,2002-03-14,LAL @ GSW,GSW,2747
Reverse Layup Shot,Layup,236,20100926,34.0443,0,0,-118.2698,2,2,0,2001-02,25,0,1.0,2PT Field Goal,Center(C),Restricted Area,Less Than 8 ft.,1610612747,Los Angeles Lakers,2002-03-14,LAL @ GSW,GSW,2748
Jump Shot,Jump Shot,249,20100926,33.9053,-109,139,-118.3788,0,2,0,2001-02,47,17,0.0,2PT Field Goal,Left Side Center(LC),Mid-Range,16-24 ft.,1610612747,Los Angeles Lakers,2002-03-14,LAL @ GSW,GSW,2749
Reverse Layup Shot,Layup,291,20100926,34.0443,0,0,-118.2698,8,3,0,2001-02,22,0,1.0,2PT Field Goal,Center(C),Restricted Area,Less Than 8 ft.,1610612747,Los Angeles Lakers,2002-03-14,LAL @ GSW,GSW,2750
Driving Layup Shot,Layup,300,20100926,34.0443,0,0,-118.2698,7,3,0,2001-02,39,0,1.0,2PT Field Goal,Center(C),Restricted Area,Less Than 8 ft.,1610612747,Los Angeles Lakers,2002-03-14,LAL @ GSW,GSW,2751
Jump Shot,Jump Shot,4,20100934,33.9643,-4,80,-118.2738,11,1,0,2001-02,19,8,,2PT Field Goal,Center(C),In The Paint (Non-RA),8-16 ft.,1610612747,Los Angeles Lakers,2002-03-15,LAL vs. LAC,LAC,2752
Jump Shot,Jump Shot,10,20100934,33.8523,7,192,-118.2628,10,1,0,2001-02,26,19,0.0,2PT Field Goal,Center(C),Mid-Range,16-24 ft.,1610612747,Los Angeles Lakers,2002-03-15,LAL vs. LAC,LAC,2753
Layup Shot,Layup,20,20100934,34.0443,0,0,-118.2698,9,1,0,2001-02,16,0,0.0,2PT Field Goal,Center(C),Restricted Area,Less Than 8 ft.,1610612747,Los Angeles Lakers,2002-03-15,LAL vs. LAC,LAC,2754
Jump Shot,Jump Shot,25,20100934,34.0143,123,30,-118.1468,8,1,0,2001-02,49,12,0.0,2PT Field Goal,Right Side(R),Mid-Range,8-16 ft.,1610612747,Los Angeles Lakers,2002-03-15,LAL vs. LAC,LAC,2755
Jump Shot,Jump Shot,31,20100934,34.0313,-206,13,-118.4758,8,1,0,2001-02,18,20,0.0,2PT Field Goal,Left Side(L),Mid-Range,16-24 ft.,1610612747,Los Angeles Lakers,2002-03-15,LAL vs. LAC,LAC,2756
Driving Layup Shot,Layup,103,20100934,34.0443,0,0,-118.2698,0,1,0,2001-02,11,0,,2PT Field Goal,Center(C),Restricted Area,Less Than 8 ft.,1610612747,Los Angeles Lakers,2002-03-15,LAL vs. LAC,LAC,2757
Jump Shot,Jump Shot,118,20100934,33.9933,-149,51,-118.4188,11,2,0,2001-02,36,15,1.0,2PT Field Goal,Left Side(L),Mid-Range,8-16 ft.,1610612747,Los Angeles Lakers,2002-03-15,LAL vs. LAC,LAC,2758
Jump Shot,Jump Shot,125,20100934,33.9593,64,85,-118.2058,10,2,0,2001-02,48,10,0.0,2PT Field Goal,Right Side(R),In The Paint (Non-RA),8-16 ft.,1610612747,Los Angeles Lakers,2002-03-15,LAL vs. LAC,LAC,2759
Layup Shot,Layup,129,20100934,34.0443,0,0,-118.2698,10,2,0,2001-02,29,0,0.0,2PT Field Goal,Center(C),Restricted Area,Less Than 8 ft.,1610612747,Los Angeles Lakers,2002-03-15,LAL vs. LAC,LAC,2760
Layup Shot,Layup,197,20100934,34.0443,0,0,-118.2698,4,2,0,2001-02,22,0,,2PT Field Goal,Center(C),Restricted Area,Less Than 8 ft.,1610612747,Los Angeles Lakers,2002-03-15,LAL vs. LAC,LAC,2761
Jump Shot,Jump Shot,204,20100934,33.9473,188,97,-118.0818,3,2,0,2001-02,12,21,1.0,2PT Field Goal,Right Side(R),Mid-Range,16-24 ft.,1610612747,Los Angeles Lakers,2002-03-15,LAL vs. LAC,LAC,2762
Jump Shot,Jump Shot,206,20100934,33.9933,-42,51,-118.3118,2,2,0,2001-02,46,6,0.0,2PT Field Goal,Center(C),In The Paint (Non-RA),Less Than 8 ft.,1610612747,Los Angeles Lakers,2002-03-15,LAL vs. LAC,LAC,2763
Running Hook Shot,Hook Shot,221,20100934,33.9643,-27,80,-118.2968,1,2,0,2001-02,12,8,1.0,2PT Field Goal,Center(C),In The Paint (Non-RA),8-16 ft.,1610612747,Los Angeles Lakers,2002-03-15,LAL vs. LAC,LAC,2764
Jump Shot,Jump Shot,223,20100934,33.8653,94,179,-118.1758,0,2,0,2001-02,39,20,1.0,2PT Field Goal,Right Side Center(RC),Mid-Range,16-24 ft.,1610612747,Los Angeles Lakers,2002-03-15,LAL vs. LAC,LAC,2765
Driving Finger Roll Shot,Layup,248,20100934,33.9873,-4,57,-118.2738,9,3,0,2001-02,4,5,1.0,2PT Field Goal,Center(C),In The Paint (Non-RA),Less Than 8 ft.,1610612747,Los Angeles Lakers,2002-03-15,LAL vs. LAC,LAC,2766
Layup Shot,Layup,258,20100934,34.0443,0,0,-118.2698,8,3,0,2001-02,11,0,1.0,2PT Field Goal,Center(C),Restricted Area,Less Than 8 ft.,1610612747,Los Angeles Lakers,2002-03-15,LAL vs. LAC,LAC,2767
Jump Shot,Jump Shot,294,20100934,33.9433,123,101,-118.1468,5,3,0,2001-02,4,15,0.0,2PT Field Goal,Right Side(R),Mid-Range,8-16 ft.,1610612747,Los Angeles Lakers,2002-03-15,LAL vs. LAC,LAC,2768
Jump Shot,Jump Shot,310,20100934,33.9643,-56,80,-118.3258,3,3,0,2001-02,43,9,,2PT Field Goal,Left Side(L),In The Paint (Non-RA),8-16 ft.,1610612747,Los Angeles Lakers,2002-03-15,LAL vs. LAC,LAC,2769
Jump Shot,Jump Shot,333,20100934,33.8713,94,173,-118.1758,2,3,0,2001-02,13,19,0.0,2PT Field Goal,Right Side Center(RC),Mid-Range,16-24 ft.,1610612747,Los Angeles Lakers,2002-03-15,LAL vs. LAC,LAC,2770
Layup Shot,Layup,347,20100934,34.0443,0,0,-118.2698,0,3,0,2001-02,51,0,,2PT Field Goal,Center(C),Restricted Area,Less Than 8 ft.,1610612747,Los Angeles Lakers,2002-03-15,LAL vs. LAC,LAC,2771
Jump Shot,Jump Shot,353,20100934,33.9303,-128,114,-118.3978,0,3,0,2001-02,35,17,0.0,2PT Field Goal,Left Side Center(LC),Mid-Range,16-24 ft.,1610612747,Los Angeles Lakers,2002-03-15,LAL vs. LAC,LAC,2772
Fadeaway Jump Shot,Jump Shot,423,20100934,33.9303,-4,114,-118.2738,6,4,0,2001-02,19,11,1.0,2PT Field Goal,Center(C),In The Paint (Non-RA),8-16 ft.,1610612747,Los Angeles Lakers,2002-03-15,LAL vs. LAC,LAC,2773
Jump Shot,Jump Shot,432,20100934,33.8653,-12,179,-118.2818,5,4,0,2001-02,25,17,,2PT Field Goal,Center(C),Mid-Range,16-24 ft.,1610612747,Los Angeles Lakers,2002-03-15,LAL vs. LAC,LAC,2774
Jump Shot,Jump Shot,445,20100934,33.7873,-42,257,-118.3118,4,4,0,2001-02,18,26,1.0,3PT Field Goal,Center(C),Above the Break 3,24+ ft.,1610612747,Los Angeles Lakers,2002-03-15,LAL vs. LAC,LAC,2775
Jump Shot,Jump Shot,449,20100934,33.9153,108,129,-118.1618,3,4,0,2001-02,38,16,,2PT Field Goal,Right Side Center(RC),Mid-Range,16-24 ft.,1610612747,Los Angeles Lakers,2002-03-15,LAL vs. LAC,LAC,2776
Jump Shot,Jump Shot,465,20100934,33.7913,-12,253,-118.2818,2,4,0,2001-02,28,25,1.0,3PT Field Goal,Center(C),Above the Break 3,24+ ft.,1610612747,Los Angeles Lakers,2002-03-15,LAL vs. LAC,LAC,2777
Jump Shot,Jump Shot,15,20100950,33.8583,43,186,-118.2268,9,1,0,2001-02,35,19,0.0,2PT Field Goal,Center(C),Mid-Range,16-24 ft.,1610612747,Los Angeles Lakers,2002-03-17,LAL vs. DAL,DAL,2778
Jump Shot,Jump Shot,98,20100950,33.9363,-63,108,-118.3328,0,1,0,2001-02,38,12,0.0,2PT Field Goal,Left Side(L),In The Paint (Non-RA),8-16 ft.,1610612747,Los Angeles Lakers,2002-03-17,LAL vs. DAL,DAL,2779
Driving Dunk Shot,Dunk,207,20100950,34.0443,0,0,-118.2698,0,2,0,2001-02,39,0,1.0,2PT Field Goal,Center(C),Restricted Area,Less Than 8 ft.,1610612747,Los Angeles Lakers,2002-03-17,LAL vs. DAL,DAL,2780
Jump Shot,Jump Shot,237,20100950,33.9663,125,78,-118.1448,8,3,0,2001-02,57,14,,2PT Field Goal,Right Side(R),Mid-Range,8-16 ft.,1610612747,Los Angeles Lakers,2002-03-17,LAL vs. DAL,DAL,2781
Reverse Layup Shot,Layup,261,20100950,34.0443,0,0,-118.2698,6,3,0,2001-02,54,0,0.0,2PT Field Goal,Center(C),Restricted Area,Less Than 8 ft.,1610612747,Los Angeles Lakers,2002-03-17,LAL vs. DAL,DAL,2782
Fadeaway Jump Shot,Jump Shot,290,20100950,34.0633,146,-19,-118.1238,4,3,0,2001-02,30,14,1.0,2PT Field Goal,Right Side(R),Mid-Range,8-16 ft.,1610612747,Los Angeles Lakers,2002-03-17,LAL vs. DAL,DAL,2783
Jump Shot,Jump Shot,317,20100950,33.9383,102,106,-118.1678,1,3,0,2001-02,41,14,0.0,2PT Field Goal,Right Side(R),Mid-Range,8-16 ft.,1610612747,Los Angeles Lakers,2002-03-17,LAL vs. DAL,DAL,2784
Jump Shot,Jump Shot,324,20100950,33.7783,-4,266,-118.2738,1,3,0,2001-02,15,26,1.0,3PT Field Goal,Center(C),Above the Break 3,24+ ft.,1610612747,Los Angeles Lakers,2002-03-17,LAL vs. DAL,DAL,2785
Layup Shot,Layup,333,20100950,34.0443,0,0,-118.2698,0,3,0,2001-02,6,0,0.0,2PT Field Goal,Center(C),Restricted Area,Less Than 8 ft.,1610612747,Los Angeles Lakers,2002-03-17,LAL vs. DAL,DAL,2786
Jump Shot,Jump Shot,345,20100950,33.9813,37,63,-118.2328,11,4,0,2001-02,6,7,1.0,2PT Field Goal,Center(C),In The Paint (Non-RA),Less Than 8 ft.,1610612747,Los Angeles Lakers,2002-03-17,LAL vs. DAL,DAL,2787
Jump Shot,Jump Shot,347,20100950,33.9683,1,76,-118.2688,10,4,0,2001-02,40,7,0.0,2PT Field Goal,Center(C),In The Paint (Non-RA),Less Than 8 ft.,1610612747,Los Angeles Lakers,2002-03-17,LAL vs. DAL,DAL,2788
Jump Shot,Jump Shot,360,20100950,33.9513,30,93,-118.2398,9,4,0,2001-02,3,9,1.0,2PT Field Goal,Center(C),In The Paint (Non-RA),8-16 ft.,1610612747,Los Angeles Lakers,2002-03-17,LAL vs. DAL,DAL,2789
Dunk Shot,Dunk,427,20100950,34.0443,0,0,-118.2698,1,4,0,2001-02,49,0,0.0,2PT Field Goal,Center(C),Restricted Area,Less Than 8 ft.,1610612747,Los Angeles Lakers,2002-03-17,LAL vs. DAL,DAL,2790
Jump Shot,Jump Shot,432,20100950,33.8753,-147,169,-118.4168,1,4,0,2001-02,7,22,0.0,2PT Field Goal,Left Side Center(LC),Mid-Range,16-24 ft.,1610612747,Los Angeles Lakers,2002-03-17,LAL vs. DAL,DAL,2791
Fadeaway Jump Shot,Jump Shot,51,20100962,33.9893,-145,55,-118.4148,5,1,0,2001-02,53,15,1.0,2PT Field Goal,Left Side(L),Mid-Range,8-16 ft.,1610612747,Los Angeles Lakers,2002-03-19,LAL @ DAL,DAL,2792
Jump Shot,Jump Shot,82,20100962,33.9223,-86,122,-118.3558,3,1,0,2001-02,38,14,,2PT Field Goal,Left Side(L),Mid-Range,8-16 ft.,1610612747,Los Angeles Lakers,2002-03-19,LAL @ DAL,DAL,2793
Layup Shot,Layup,105,20100962,34.0443,0,0,-118.2698,1,1,0,2001-02,56,0,0.0,2PT Field Goal,Center(C),Restricted Area,Less Than 8 ft.,1610612747,Los Angeles Lakers,2002-03-19,LAL @ DAL,DAL,2794
Jump Shot,Jump Shot,114,20100962,33.9553,119,89,-118.1508,1,1,0,2001-02,7,14,0.0,2PT Field Goal,Right Side(R),Mid-Range,8-16 ft.,1610612747,Los Angeles Lakers,2002-03-19,LAL @ DAL,DAL,2795
Jump Shot,Jump Shot,128,20100962,33.9783,104,66,-118.1658,0,1,0,2001-02,11,12,0.0,2PT Field Goal,Right Side(R),Mid-Range,8-16 ft.,1610612747,Los Angeles Lakers,2002-03-19,LAL @ DAL,DAL,2796
Jump Shot,Jump Shot,206,20100962,34.0163,125,28,-118.1448,3,2,0,2001-02,35,12,0.0,2PT Field Goal,Right Side(R),Mid-Range,8-16 ft.,1610612747,Los Angeles Lakers,2002-03-19,LAL @ DAL,DAL,2797
Layup Shot,Layup,241,20100962,34.0443,0,0,-118.2698,1,2,0,2001-02,2,0,1.0,2PT Field Goal,Center(C),Restricted Area,Less Than 8 ft.,1610612747,Los Angeles Lakers,2002-03-19,LAL @ DAL,DAL,2798
Jump Shot,Jump Shot,255,20100962,34.0233,-229,21,-118.4988,0,2,0,2001-02,11,22,,3PT Field Goal,Left Side(L),Left Corner 3,24+ ft.,1610612747,Los Angeles Lakers,2002-03-19,LAL @ DAL,DAL,2799
Jump Shot,Jump Shot,272,20100962,33.9003,-115,144,-118.3848,9,3,0,2001-02,49,18,0.0,2PT Field Goal,Left Side Center(LC),Mid-Range,16-24 ft.,1610612747,Los Angeles Lakers,2002-03-19,LAL @ DAL,DAL,2800
Jump Shot,Jump Shot,293,20100962,34.0293,-44,15,-118.3138,7,3,0,2001-02,14,4,0.0,2PT Field Goal,Center(C),In The Paint (Non-RA),Less Than 8 ft.,1610612747,Los Angeles Lakers,2002-03-19,LAL @ DAL,DAL,2801
Jump Shot,Jump Shot,320,20100962,33.8673,-71,177,-118.3408,4,3,0,2001-02,25,19,0.0,2PT Field Goal,Left Side Center(LC),Mid-Range,16-24 ft.,1610612747,Los Angeles Lakers,2002-03-19,LAL @ DAL,DAL,2802
Jump Shot,Jump Shot,326,20100962,33.9893,62,55,-118.2078,4,3,0,2001-02,0,8,,2PT Field Goal,Right Side(R),In The Paint (Non-RA),8-16 ft.,1610612747,Los Angeles Lakers,2002-03-19,LAL @ DAL,DAL,2803
Jump Shot,Jump Shot,350,20100962,34.0293,-109,15,-118.3788,2,3,0,2001-02,27,11,0.0,2PT Field Goal,Left Side(L),Mid-Range,8-16 ft.,1610612747,Los Angeles Lakers,2002-03-19,LAL @ DAL,DAL,2804
Driving Layup Shot,Layup,359,20100962,34.0443,0,0,-118.2698,1,3,0,2001-02,39,0,0.0,2PT Field Goal,Center(C),Restricted Area,Less Than 8 ft.,1610612747,Los Angeles Lakers,2002-03-19,LAL @ DAL,DAL,2805
Jump Shot,Jump Shot,450,20100962,33.9893,-16,55,-118.2858,5,4,0,2001-02,5,5,1.0,2PT Field Goal,Center(C),In The Paint (Non-RA),Less Than 8 ft.,1610612747,Los Angeles Lakers,2002-03-19,LAL @ DAL,DAL,2806
Jump Shot,Jump Shot,459,20100962,33.8943,-202,150,-118.4718,3,4,0,2001-02,56,25,0.0,3PT Field Goal,Left Side Center(LC),Above the Break 3,24+ ft.,1610612747,Los Angeles Lakers,2002-03-19,LAL @ DAL,DAL,2807
Jump Shot,Jump Shot,482,20100962,33.9323,-178,112,-118.4478,2,4,0,2001-02,7,21,0.0,2PT Field Goal,Left Side(L),Mid-Range,16-24 ft.,1610612747,Los Angeles Lakers,2002-03-19,LAL @ DAL,DAL,2808
Driving Layup Shot,Layup,499,20100962,34.0443,0,0,-118.2698,0,4,0,2001-02,45,0,1.0,2PT Field Goal,Center(C),Restricted Area,Less Than 8 ft.,1610612747,Los Angeles Lakers,2002-03-19,LAL @ DAL,DAL,2809
Layup Shot,Layup,11,20100970,34.0403,11,4,-118.2588,10,1,0,2001-02,41,1,1.0,2PT Field Goal,Center(C),Restricted Area,Less Than 8 ft.,1610612747,Los Angeles Lakers,2002-03-20,LAL @ SAS,SAS,2810
Jump Shot,Jump Shot,33,20100970,34.0403,121,4,-118.1488,7,1,0,2001-02,33,12,,2PT Field Goal,Right Side(R),Mid-Range,8-16 ft.,1610612747,Los Angeles Lakers,2002-03-20,LAL @ SAS,SAS,2811
Running Jump Shot,Jump Shot,69,20100970,34.0403,113,4,-118.1568,4,1,0,2001-02,13,11,1.0,2PT Field Goal,Right Side(R),Mid-Range,8-16 ft.,1610612747,Los Angeles Lakers,2002-03-20,LAL @ SAS,SAS,2812
Layup Shot,Layup,75,20100970,34.0353,-1,9,-118.2708,3,1,0,2001-02,5,0,1.0,2PT Field Goal,Center(C),Restricted Area,Less Than 8 ft.,1610612747,Los Angeles Lakers,2002-03-20,LAL @ SAS,SAS,2813
Jump Shot,Jump Shot,84,20100970,33.9683,-109,76,-118.3788,2,1,0,2001-02,32,13,0.0,2PT Field Goal,Left Side(L),Mid-Range,8-16 ft.,1610612747,Los Angeles Lakers,2002-03-20,LAL @ SAS,SAS,2814
Jump Shot,Jump Shot,97,20100970,33.9683,98,76,-118.1718,1,1,0,2001-02,24,12,1.0,2PT Field Goal,Right Side(R),Mid-Range,8-16 ft.,1610612747,Los Angeles Lakers,2002-03-20,LAL @ SAS,SAS,2815
Turnaround Hook Shot,Hook Shot,127,20100970,33.9813,-124,63,-118.3938,10,2,0,2001-02,32,13,0.0,2PT Field Goal,Left Side(L),Mid-Range,8-16 ft.,1610612747,Los Angeles Lakers,2002-03-20,LAL @ SAS,SAS,2816
Layup Shot,Layup,130,20100970,34.0403,11,4,-118.2588,10,2,0,2001-02,4,1,1.0,2PT Field Goal,Center(C),Restricted Area,Less Than 8 ft.,1610612747,Los Angeles Lakers,2002-03-20,LAL @ SAS,SAS,2817
Jump Shot,Jump Shot,135,20100970,33.9303,-117,114,-118.3868,9,2,0,2001-02,7,16,,2PT Field Goal,Left Side Center(LC),Mid-Range,16-24 ft.,1610612747,Los Angeles Lakers,2002-03-20,LAL @ SAS,SAS,2818
Jump Shot,Jump Shot,137,20100970,33.9973,24,47,-118.2458,8,2,0,2001-02,56,5,0.0,2PT Field Goal,Center(C),In The Paint (Non-RA),Less Than 8 ft.,1610612747,Los Angeles Lakers,2002-03-20,LAL @ SAS,SAS,2819
Jump Shot,Jump Shot,250,20100970,33.9743,70,70,-118.1998,10,3,0,2001-02,49,9,0.0,2PT Field Goal,Right Side(R),In The Paint (Non-RA),8-16 ft.,1610612747,Los Angeles Lakers,2002-03-20,LAL @ SAS,SAS,2820
Jump Shot,Jump Shot,274,20100970,33.9813,-1,63,-118.2708,8,3,0,2001-02,42,6,1.0,2PT Field Goal,Center(C),In The Paint (Non-RA),Less Than 8 ft.,1610612747,Los Angeles Lakers,2002-03-20,LAL @ SAS,SAS,2821
Jump Shot,Jump Shot,310,20100970,34.0143,-124,30,-118.3938,5,3,0,2001-02,12,12,0.0,2PT Field Goal,Left Side(L),Mid-Range,8-16 ft.,1610612747,Los Angeles Lakers,2002-03-20,LAL @ SAS,SAS,2822
Jump Shot,Jump Shot,326,20100970,34.0353,62,9,-118.2078,4,3,0,2001-02,5,6,1.0,2PT Field Goal,Center(C),In The Paint (Non-RA),Less Than 8 ft.,1610612747,Los Angeles Lakers,2002-03-20,LAL @ SAS,SAS,2823
Layup Shot,Layup,331,20100970,34.0403,3,4,-118.2668,3,3,0,2001-02,7,0,,2PT Field Goal,Center(C),Restricted Area,Less Than 8 ft.,1610612747,Los Angeles Lakers,2002-03-20,LAL @ SAS,SAS,2824
Jump Shot,Jump Shot,337,20100970,33.9193,-46,125,-118.3158,2,3,0,2001-02,34,13,0.0,2PT Field Goal,Center(C),In The Paint (Non-RA),8-16 ft.,1610612747,Los Angeles Lakers,2002-03-20,LAL @ SAS,SAS,2825
Jump Shot,Jump Shot,3,20100986,33.9093,-16,135,-118.2858,11,1,0,2001-02,43,13,0.0,2PT Field Goal,Center(C),In The Paint (Non-RA),8-16 ft.,1610612747,Los Angeles Lakers,2002-03-22,LAL vs. DET,DET,2826
Jump Shot,Jump Shot,22,20100986,33.9033,119,141,-118.1508,9,1,0,2001-02,32,18,1.0,2PT Field Goal,Right Side Center(RC),Mid-Range,16-24 ft.,1610612747,Los Angeles Lakers,2002-03-22,LAL vs. DET,DET,2827
Driving Layup Shot,Layup,46,20100986,34.0443,0,0,-118.2698,5,1,0,2001-02,54,0,,2PT Field Goal,Center(C),Restricted Area,Less Than 8 ft.,1610612747,Los Angeles Lakers,2002-03-22,LAL vs. DET,DET,2828
Jump Shot,Jump Shot,59,20100986,33.8793,-65,165,-118.3348,4,1,0,2001-02,10,17,,2PT Field Goal,Left Side Center(LC),Mid-Range,16-24 ft.,1610612747,Los Angeles Lakers,2002-03-22,LAL vs. DET,DET,2829
Jump Shot,Jump Shot,70,20100986,33.8793,110,165,-118.1598,3,1,0,2001-02,17,19,,2PT Field Goal,Right Side Center(RC),Mid-Range,16-24 ft.,1610612747,Los Angeles Lakers,2002-03-22,LAL vs. DET,DET,2830
Running Jump Shot,Jump Shot,78,20100986,33.8963,-109,148,-118.3788,2,1,0,2001-02,43,18,1.0,2PT Field Goal,Left Side Center(LC),Mid-Range,16-24 ft.,1610612747,Los Angeles Lakers,2002-03-22,LAL vs. DET,DET,2831
Jump Shot,Jump Shot,84,20100986,33.9363,83,108,-118.1868,2,1,0,2001-02,1,13,0.0,2PT Field Goal,Right Side(R),Mid-Range,8-16 ft.,1610612747,Los Angeles Lakers,2002-03-22,LAL vs. DET,DET,2832
Driving Finger Roll Shot,Layup,96,20100986,34.0443,0,0,-118.2698,1,1,0,2001-02,5,0,1.0,2PT Field Goal,Center(C),Restricted Area,Less Than 8 ft.,1610612747,Los Angeles Lakers,2002-03-22,LAL vs. DET,DET,2833
Jump Shot,Jump Shot,98,20100986,33.8923,132,152,-118.1378,0,1,0,2001-02,39,20,0.0,2PT Field Goal,Right Side Center(RC),Mid-Range,16-24 ft.,1610612747,Los Angeles Lakers,2002-03-22,LAL vs. DET,DET,2834
Turnaround Jump Shot,Jump Shot,101,20100986,34.0293,161,15,-118.1088,0,1,0,2001-02,3,16,1.0,2PT Field Goal,Right Side(R),Mid-Range,16-24 ft.,1610612747,Los Angeles Lakers,2002-03-22,LAL vs. DET,DET,2835
Jump Shot,Jump Shot,107,20100986,33.8883,16,156,-118.2538,11,2,0,2001-02,46,15,0.0,2PT Field Goal,Center(C),Mid-Range,8-16 ft.,1610612747,Los Angeles Lakers,2002-03-22,LAL vs. DET,DET,2836
Driving Layup Shot,Layup,186,20100986,34.0443,0,0,-118.2698,5,2,0,2001-02,15,0,1.0,2PT Field Goal,Center(C),Restricted Area,Less Than 8 ft.,1610612747,Los Angeles Lakers,2002-03-22,LAL vs. DET,DET,2837
Jump Shot,Jump Shot,404,20100986,34.0463,-126,-2,-118.3958,7,4,0,2001-02,53,12,0.0,2PT Field Goal,Left Side(L),Mid-Range,8-16 ft.,1610612747,Los Angeles Lakers,2002-03-22,LAL vs. DET,DET,2838
Jump Shot,Jump Shot,416,20100986,34.0143,203,30,-118.0668,6,4,0,2001-02,35,20,0.0,2PT Field Goal,Right Side(R),Mid-Range,16-24 ft.,1610612747,Los Angeles Lakers,2002-03-22,LAL vs. DET,DET,2839
Jump Shot,Jump Shot,424,20100986,33.9853,-168,59,-118.4378,5,4,0,2001-02,55,17,0.0,2PT Field Goal,Left Side(L),Mid-Range,16-24 ft.,1610612747,Los Angeles Lakers,2002-03-22,LAL vs. DET,DET,2840
Jump Shot,Jump Shot,465,20100986,33.8523,81,192,-118.1888,2,4,0,2001-02,9,20,0.0,2PT Field Goal,Right Side Center(RC),Mid-Range,16-24 ft.,1610612747,Los Angeles Lakers,2002-03-22,LAL vs. DET,DET,2841
Driving Layup Shot,Layup,487,20100986,34.0443,0,0,-118.2698,0,4,0,2001-02,24,0,,2PT Field Goal,Center(C),Restricted Area,Less Than 8 ft.,1610612747,Los Angeles Lakers,2002-03-22,LAL vs. DET,DET,2842
Jump Shot,Jump Shot,9,20101000,34.0373,37,7,-118.2328,10,1,0,2001-02,43,3,1.0,2PT Field Goal,Center(C),Restricted Area,Less Than 8 ft.,1610612747,Los Angeles Lakers,2002-03-24,LAL @ SAC,SAC,2843
Jump Shot,Jump Shot,12,20101000,33.8943,142,150,-118.1278,10,1,0,2001-02,8,20,0.0,2PT Field Goal,Right Side Center(RC),Mid-Range,16-24 ft.,1610612747,Los Angeles Lakers,2002-03-24,LAL @ SAC,SAC,2844
Driving Layup Shot,Layup,33,20101000,34.0443,0,0,-118.2698,8,1,0,2001-02,13,0,1.0,2PT Field Goal,Center(C),Restricted Area,Less Than 8 ft.,1610612747,Los Angeles Lakers,2002-03-24,LAL @ SAC,SAC,2845
Jump Shot,Jump Shot,42,20101000,34.0163,-48,28,-118.3178,7,1,0,2001-02,32,5,0.0,2PT Field Goal,Center(C),In The Paint (Non-RA),Less Than 8 ft.,1610612747,Los Angeles Lakers,2002-03-24,LAL @ SAC,SAC,2846
Alley Oop Layup shot,Layup,58,20101000,34.0443,0,0,-118.2698,6,1,0,2001-02,11,0,,2PT Field Goal,Center(C),Restricted Area,Less Than 8 ft.,1610612747,Los Angeles Lakers,2002-03-24,LAL @ SAC,SAC,2847
Jump Shot,Jump Shot,76,20101000,34.0273,-168,17,-118.4378,3,1,0,2001-02,34,16,,2PT Field Goal,Left Side(L),Mid-Range,16-24 ft.,1610612747,Los Angeles Lakers,2002-03-24,LAL @ SAC,SAC,2848
Driving Layup Shot,Layup,91,20101000,34.0443,0,0,-118.2698,1,1,0,2001-02,56,0,1.0,2PT Field Goal,Center(C),Restricted Area,Less Than 8 ft.,1610612747,Los Angeles Lakers,2002-03-24,LAL @ SAC,SAC,2849
Jump Shot,Jump Shot,115,20101000,33.8843,16,160,-118.2538,0,1,0,2001-02,28,16,0.0,2PT Field Goal,Center(C),Mid-Range,16-24 ft.,1610612747,Los Angeles Lakers,2002-03-24,LAL @ SAC,SAC,2850
Driving Layup Shot,Layup,143,20101000,34.0443,0,0,-118.2698,10,2,0,2001-02,8,0,0.0,2PT Field Goal,Center(C),Restricted Area,Less Than 8 ft.,1610612747,Los Angeles Lakers,2002-03-24,LAL @ SAC,SAC,2851
Jump Shot,Jump Shot,154,20101000,33.9593,43,85,-118.2268,9,2,0,2001-02,13,9,1.0,2PT Field Goal,Center(C),In The Paint (Non-RA),8-16 ft.,1610612747,Los Angeles Lakers,2002-03-24,LAL @ SAC,SAC,2852
Jump Shot,Jump Shot,319,20101000,33.9173,-111,127,-118.3808,4,3,0,2001-02,8,16,1.0,2PT Field Goal,Left Side Center(LC),Mid-Range,16-24 ft.,1610612747,Los Angeles Lakers,2002-03-24,LAL @ SAC,SAC,2853
Jump Shot,Jump Shot,343,20101000,33.9323,85,112,-118.1848,1,3,0,2001-02,37,14,0.0,2PT Field Goal,Right Side(R),Mid-Range,8-16 ft.,1610612747,Los Angeles Lakers,2002-03-24,LAL @ SAC,SAC,2854
Jump Shot,Jump Shot,351,20101000,34.0103,121,34,-118.1488,1,3,0,2001-02,5,12,1.0,2PT Field Goal,Right Side(R),Mid-Range,8-16 ft.,1610612747,Los Angeles Lakers,2002-03-24,LAL @ SAC,SAC,2855
Jump Shot,Jump Shot,353,20101000,34.0103,150,34,-118.1198,0,3,0,2001-02,41,15,1.0,2PT Field Goal,Right Side(R),Mid-Range,8-16 ft.,1610612747,Los Angeles Lakers,2002-03-24,LAL @ SAC,SAC,2856
Jump Shot,Jump Shot,360,20101000,33.7493,191,295,-118.0788,0,3,0,2001-02,0,35,0.0,3PT Field Goal,Right Side Center(RC),Above the Break 3,24+ ft.,1610612747,Los Angeles Lakers,2002-03-24,LAL @ SAC,SAC,2857
Jump Shot,Jump Shot,410,20101000,33.9513,163,93,-118.1068,5,4,0,2001-02,34,18,1.0,2PT Field Goal,Right Side(R),Mid-Range,16-24 ft.,1610612747,Los Angeles Lakers,2002-03-24,LAL @ SAC,SAC,2858
Jump Shot,Jump Shot,422,20101000,33.9173,58,127,-118.2118,4,4,0,2001-02,28,13,0.0,2PT Field Goal,Center(C),In The Paint (Non-RA),8-16 ft.,1610612747,Los Angeles Lakers,2002-03-24,LAL @ SAC,SAC,2859
Running Hook Shot,Hook Shot,436,20101000,34.0103,43,34,-118.2268,3,4,0,2001-02,8,5,1.0,2PT Field Goal,Center(C),In The Paint (Non-RA),Less Than 8 ft.,1610612747,Los Angeles Lakers,2002-03-24,LAL @ SAC,SAC,2860
Jump Shot,Jump Shot,444,20101000,33.9513,136,93,-118.1338,2,4,0,2001-02,13,16,0.0,2PT Field Goal,Right Side(R),Mid-Range,16-24 ft.,1610612747,Los Angeles Lakers,2002-03-24,LAL @ SAC,SAC,2861
Driving Layup Shot,Layup,461,20101000,34.0443,0,0,-118.2698,1,4,0,2001-02,6,0,1.0,2PT Field Goal,Center(C),Restricted Area,Less Than 8 ft.,1610612747,Los Angeles Lakers,2002-03-24,LAL @ SAC,SAC,2862
Fadeaway Jump Shot,Jump Shot,472,20101000,33.9933,150,51,-118.1198,0,4,0,2001-02,36,15,1.0,2PT Field Goal,Right Side(R),Mid-Range,8-16 ft.,1610612747,Los Angeles Lakers,2002-03-24,LAL @ SAC,SAC,2863
Jump Shot,Jump Shot,30,20101016,33.8673,18,177,-118.2518,8,1,0,2001-02,34,17,0.0,2PT Field Goal,Center(C),Mid-Range,16-24 ft.,1610612747,Los Angeles Lakers,2002-03-26,LAL vs. CLE,CLE,2864
Jump Shot,Jump Shot,43,20101016,33.8223,125,222,-118.1448,6,1,0,2001-02,25,25,1.0,3PT Field Goal,Right Side Center(RC),Above the Break 3,24+ ft.,1610612747,Los Angeles Lakers,2002-03-26,LAL vs. CLE,CLE,2865
Layup Shot,Layup,70,20101016,34.0443,0,0,-118.2698,3,1,0,2001-02,53,0,1.0,2PT Field Goal,Center(C),Restricted Area,Less Than 8 ft.,1610612747,Los Angeles Lakers,2002-03-26,LAL vs. CLE,CLE,2866
Jump Shot,Jump Shot,77,20101016,33.8633,119,181,-118.1508,2,1,0,2001-02,49,21,1.0,2PT Field Goal,Right Side Center(RC),Mid-Range,16-24 ft.,1610612747,Los Angeles Lakers,2002-03-26,LAL vs. CLE,CLE,2867
Jump Shot,Jump Shot,119,20101016,34.0443,-178,0,-118.4478,0,1,0,2001-02,14,17,,2PT Field Goal,Left Side(L),Mid-Range,16-24 ft.,1610612747,Los Angeles Lakers,2002-03-26,LAL vs. CLE,CLE,2868
Turnaround Jump Shot,Jump Shot,128,20101016,33.7763,-23,268,-118.2928,11,2,0,2001-02,16,26,0.0,3PT Field Goal,Center(C),Above the Break 3,24+ ft.,1610612747,Los Angeles Lakers,2002-03-26,LAL vs. CLE,CLE,2869
Jump Shot,Jump Shot,268,20101016,34.0573,146,-13,-118.1238,8,3,0,2001-02,13,14,,2PT Field Goal,Right Side(R),Mid-Range,8-16 ft.,1610612747,Los Angeles Lakers,2002-03-26,LAL vs. CLE,CLE,2870
Jump Shot,Jump Shot,273,20101016,33.9263,-145,118,-118.4148,7,3,0,2001-02,6,18,0.0,2PT Field Goal,Left Side Center(LC),Mid-Range,16-24 ft.,1610612747,Los Angeles Lakers,2002-03-26,LAL vs. CLE,CLE,2871
Reverse Layup Shot,Layup,301,20101016,34.0443,0,0,-118.2698,4,3,0,2001-02,40,0,1.0,2PT Field Goal,Center(C),Restricted Area,Less Than 8 ft.,1610612747,Los Angeles Lakers,2002-03-26,LAL vs. CLE,CLE,2872
Fadeaway Jump Shot,Jump Shot,313,20101016,33.9663,125,78,-118.1448,3,3,0,2001-02,29,14,1.0,2PT Field Goal,Right Side(R),Mid-Range,8-16 ft.,1610612747,Los Angeles Lakers,2002-03-26,LAL vs. CLE,CLE,2873
Jump Shot,Jump Shot,40,20101022,33.8943,-117,150,-118.3868,7,1,0,2001-02,5,19,0.0,2PT Field Goal,Left Side Center(LC),Mid-Range,16-24 ft.,1610612747,Los Angeles Lakers,2002-03-27,LAL @ PHX,PHX,2874
Tip Shot,Tip Shot,72,20101022,34.0443,0,0,-118.2698,3,1,0,2001-02,23,0,0.0,2PT Field Goal,Center(C),Restricted Area,Less Than 8 ft.,1610612747,Los Angeles Lakers,2002-03-27,LAL @ PHX,PHX,2875
Jump Shot,Jump Shot,79,20101022,34.0143,134,30,-118.1358,2,1,0,2001-02,58,13,0.0,2PT Field Goal,Right Side(R),Mid-Range,8-16 ft.,1610612747,Los Angeles Lakers,2002-03-27,LAL @ PHX,PHX,2876
Reverse Layup Shot,Layup,89,20101022,34.0443,0,0,-118.2698,2,1,0,2001-02,31,0,1.0,2PT Field Goal,Center(C),Restricted Area,Less Than 8 ft.,1610612747,Los Angeles Lakers,2002-03-27,LAL @ PHX,PHX,2877
Jump Shot,Jump Shot,99,20101022,34.0293,-176,15,-118.4458,0,1,0,2001-02,44,17,0.0,2PT Field Goal,Left Side(L),Mid-Range,16-24 ft.,1610612747,Los Angeles Lakers,2002-03-27,LAL @ PHX,PHX,2878
Layup Shot,Layup,118,20101022,34.0443,0,0,-118.2698,11,2,0,2001-02,31,0,0.0,2PT Field Goal,Center(C),Restricted Area,Less Than 8 ft.,1610612747,Los Angeles Lakers,2002-03-27,LAL @ PHX,PHX,2879
Jump Shot,Jump Shot,189,20101022,33.9893,127,55,-118.1428,5,2,0,2001-02,32,13,1.0,2PT Field Goal,Right Side(R),Mid-Range,8-16 ft.,1610612747,Los Angeles Lakers,2002-03-27,LAL @ PHX,PHX,2880
Layup Shot,Layup,204,20101022,34.0443,0,0,-118.2698,4,2,0,2001-02,2,0,0.0,2PT Field Goal,Center(C),Restricted Area,Less Than 8 ft.,1610612747,Los Angeles Lakers,2002-03-27,LAL @ PHX,PHX,2881
Layup Shot,Layup,210,20101022,34.0443,0,0,-118.2698,3,2,0,2001-02,17,0,0.0,2PT Field Goal,Center(C),Restricted Area,Less Than 8 ft.,1610612747,Los Angeles Lakers,2002-03-27,LAL @ PHX,PHX,2882
Layup Shot,Layup,224,20101022,34.0443,0,0,-118.2698,2,2,0,2001-02,15,0,1.0,2PT Field Goal,Center(C),Restricted Area,Less Than 8 ft.,1610612747,Los Angeles Lakers,2002-03-27,LAL @ PHX,PHX,2883
Turnaround Jump Shot,Jump Shot,231,20101022,33.9853,-31,59,-118.3008,1,2,0,2001-02,14,6,1.0,2PT Field Goal,Center(C),In The Paint (Non-RA),Less Than 8 ft.,1610612747,Los Angeles Lakers,2002-03-27,LAL @ PHX,PHX,2884
Jump Shot,Jump Shot,244,20101022,33.9683,127,76,-118.1428,0,2,0,2001-02,0,14,,2PT Field Goal,Right Side(R),Mid-Range,8-16 ft.,1610612747,Los Angeles Lakers,2002-03-27,LAL @ PHX,PHX,2885
Jump Shot,Jump Shot,255,20101022,33.8843,-88,160,-118.3578,10,3,0,2001-02,36,18,,2PT Field Goal,Left Side Center(LC),Mid-Range,16-24 ft.,1610612747,Los Angeles Lakers,2002-03-27,LAL @ PHX,PHX,2886
Turnaround Jump Shot,Jump Shot,274,20101022,33.9783,-10,66,-118.2798,8,3,0,2001-02,12,6,1.0,2PT Field Goal,Center(C),In The Paint (Non-RA),Less Than 8 ft.,1610612747,Los Angeles Lakers,2002-03-27,LAL @ PHX,PHX,2887
Jump Shot,Jump Shot,283,20101022,33.8603,178,184,-118.0918,6,3,0,2001-02,56,25,0.0,3PT Field Goal,Right Side Center(RC),Above the Break 3,24+ ft.,1610612747,Los Angeles Lakers,2002-03-27,LAL @ PHX,PHX,2888
Turnaround Jump Shot,Jump Shot,290,20101022,34.0293,-58,15,-118.3278,6,3,0,2001-02,5,5,,2PT Field Goal,Center(C),In The Paint (Non-RA),Less Than 8 ft.,1610612747,Los Angeles Lakers,2002-03-27,LAL @ PHX,PHX,2889
Jump Shot,Jump Shot,299,20101022,34.0443,-124,0,-118.3938,5,3,0,2001-02,20,12,1.0,2PT Field Goal,Left Side(L),Mid-Range,8-16 ft.,1610612747,Los Angeles Lakers,2002-03-27,LAL @ PHX,PHX,2890
Jump Shot,Jump Shot,301,20101022,33.9513,3,93,-118.2668,4,3,0,2001-02,45,9,0.0,2PT Field Goal,Center(C),In The Paint (Non-RA),8-16 ft.,1610612747,Los Angeles Lakers,2002-03-27,LAL @ PHX,PHX,2891
Jump Shot,Jump Shot,352,20101022,33.9683,127,76,-118.1428,0,3,0,2001-02,37,14,1.0,2PT Field Goal,Right Side(R),Mid-Range,8-16 ft.,1610612747,Los Angeles Lakers,2002-03-27,LAL @ PHX,PHX,2892
Jump Shot,Jump Shot,354,20101022,34.0403,148,4,-118.1218,0,3,0,2001-02,4,14,0.0,2PT Field Goal,Right Side(R),Mid-Range,8-16 ft.,1610612747,Los Angeles Lakers,2002-03-27,LAL @ PHX,PHX,2893
Jump Shot,Jump Shot,8,20101040,33.8863,-71,158,-118.3408,10,1,0,2001-02,22,17,1.0,2PT Field Goal,Left Side Center(LC),Mid-Range,16-24 ft.,1610612747,Los Angeles Lakers,2002-03-29,LAL vs. POR,POR,2894
Jump Shot,Jump Shot,17,20101040,33.8923,-101,152,-118.3708,9,1,0,2001-02,3,18,1.0,2PT Field Goal,Left Side Center(LC),Mid-Range,16-24 ft.,1610612747,Los Angeles Lakers,2002-03-29,LAL vs. POR,POR,2895
Jump Shot,Jump Shot,50,20101040,33.8293,-29,215,-118.2988,6,1,0,2001-02,32,21,1.0,2PT Field Goal,Center(C),Mid-Range,16-24 ft.,1610612747,Los Angeles Lakers,2002-03-29,LAL vs. POR,POR,2896
Jump Shot,Jump Shot,53,20101040,33.8463,110,198,-118.1598,5,1,0,2001-02,59,22,1.0,2PT Field Goal,Right Side Center(RC),Mid-Range,16-24 ft.,1610612747,Los Angeles Lakers,2002-03-29,LAL vs. POR,POR,2897
Jump Shot,Jump Shot,59,20101040,33.9723,-145,72,-118.4148,5,1,0,2001-02,9,16,0.0,2PT Field Goal,Left Side(L),Mid-Range,16-24 ft.,1610612747,Los Angeles Lakers,2002-03-29,LAL vs. POR,POR,2898
Fadeaway Jump Shot,Jump Shot,69,20101040,33.8923,83,152,-118.1868,4,1,0,2001-02,31,17,0.0,2PT Field Goal,Right Side Center(RC),Mid-Range,16-24 ft.,1610612747,Los Angeles Lakers,2002-03-29,LAL vs. POR,POR,2899
Jump Shot,Jump Shot,76,20101040,34.0183,-202,26,-118.4718,3,1,0,2001-02,51,20,1.0,2PT Field Goal,Left Side(L),Mid-Range,16-24 ft.,1610612747,Los Angeles Lakers,2002-03-29,LAL vs. POR,POR,2900
Jump Shot,Jump Shot,87,20101040,33.8633,-1,181,-118.2708,2,1,0,2001-02,52,18,1.0,2PT Field Goal,Center(C),Mid-Range,16-24 ft.,1610612747,Los Angeles Lakers,2002-03-29,LAL vs. POR,POR,2901
Running Jump Shot,Jump Shot,102,20101040,33.9033,3,141,-118.2668,1,1,0,2001-02,18,14,1.0,2PT Field Goal,Center(C),Mid-Range,8-16 ft.,1610612747,Los Angeles Lakers,2002-03-29,LAL vs. POR,POR,2902
Jump Shot,Jump Shot,224,20101040,33.8693,81,175,-118.1888,2,2,0,2001-02,35,19,,2PT Field Goal,Right Side Center(RC),Mid-Range,16-24 ft.,1610612747,Los Angeles Lakers,2002-03-29,LAL vs. POR,POR,2903
Driving Layup Shot,Layup,247,20101040,34.0443,0,0,-118.2698,0,2,0,2001-02,34,0,,2PT Field Goal,Center(C),Restricted Area,Less Than 8 ft.,1610612747,Los Angeles Lakers,2002-03-29,LAL vs. POR,POR,2904
Jump Shot,Jump Shot,250,20101040,33.8653,75,179,-118.1948,0,2,0,2001-02,0,19,0.0,2PT Field Goal,Right Side Center(RC),Mid-Range,16-24 ft.,1610612747,Los Angeles Lakers,2002-03-29,LAL vs. POR,POR,2905
Running Jump Shot,Jump Shot,273,20101040,33.9973,-46,47,-118.3158,9,3,0,2001-02,25,6,1.0,2PT Field Goal,Center(C),In The Paint (Non-RA),Less Than 8 ft.,1610612747,Los Angeles Lakers,2002-03-29,LAL vs. POR,POR,2906
Jump Shot,Jump Shot,286,20101040,34.0463,-117,-2,-118.3868,8,3,0,2001-02,23,11,0.0,2PT Field Goal,Left Side(L),Mid-Range,8-16 ft.,1610612747,Los Angeles Lakers,2002-03-29,LAL vs. POR,POR,2907
Jump Shot,Jump Shot,293,20101040,33.9623,1,82,-118.2688,6,3,0,2001-02,44,8,0.0,2PT Field Goal,Center(C),In The Paint (Non-RA),8-16 ft.,1610612747,Los Angeles Lakers,2002-03-29,LAL vs. POR,POR,2908
Jump Shot,Jump Shot,305,20101040,34.0313,138,13,-118.1318,5,3,0,2001-02,36,13,1.0,2PT Field Goal,Right Side(R),Mid-Range,8-16 ft.,1610612747,Los Angeles Lakers,2002-03-29,LAL vs. POR,POR,2909
Jump Shot,Jump Shot,313,20101040,33.8943,117,150,-118.1528,4,3,0,2001-02,54,19,0.0,2PT Field Goal,Right Side Center(RC),Mid-Range,16-24 ft.,1610612747,Los Angeles Lakers,2002-03-29,LAL vs. POR,POR,2910
Layup Shot,Layup,323,20101040,34.0443,0,0,-118.2698,3,3,0,2001-02,44,0,0.0,2PT Field Goal,Center(C),Restricted Area,Less Than 8 ft.,1610612747,Los Angeles Lakers,2002-03-29,LAL vs. POR,POR,2911
Driving Layup Shot,Layup,330,20101040,34.0443,0,0,-118.2698,3,3,0,2001-02,27,0,1.0,2PT Field Goal,Center(C),Restricted Area,Less Than 8 ft.,1610612747,Los Angeles Lakers,2002-03-29,LAL vs. POR,POR,2912
Jump Shot,Jump Shot,333,20101040,33.9453,129,99,-118.1408,2,3,0,2001-02,55,16,0.0,2PT Field Goal,Right Side Center(RC),Mid-Range,16-24 ft.,1610612747,Los Angeles Lakers,2002-03-29,LAL vs. POR,POR,2913
Alley Oop Dunk Shot,Dunk,344,20101040,34.0443,0,0,-118.2698,2,3,0,2001-02,0,0,1.0,2PT Field Goal,Center(C),Restricted Area,Less Than 8 ft.,1610612747,Los Angeles Lakers,2002-03-29,LAL vs. POR,POR,2914
Jump Shot,Jump Shot,375,20101040,33.8253,174,219,-118.0958,0,3,0,2001-02,0,27,0.0,3PT Field Goal,Right Side Center(RC),Above the Break 3,24+ ft.,1610612747,Los Angeles Lakers,2002-03-29,LAL vs. POR,POR,2915
Jump Shot,Jump Shot,386,20101040,34.0423,165,2,-118.1048,10,4,0,2001-02,25,16,0.0,2PT Field Goal,Right Side(R),Mid-Range,16-24 ft.,1610612747,Los Angeles Lakers,2002-03-29,LAL vs. POR,POR,2916
Turnaround Jump Shot,Jump Shot,397,20101040,34.0593,150,-15,-118.1198,9,4,0,2001-02,13,15,0.0,2PT Field Goal,Right Side(R),Mid-Range,8-16 ft.,1610612747,Los Angeles Lakers,2002-03-29,LAL vs. POR,POR,2917
Running Jump Shot,Jump Shot,434,20101040,33.9453,129,99,-118.1408,6,4,0,2001-02,6,16,,2PT Field Goal,Right Side Center(RC),Mid-Range,16-24 ft.,1610612747,Los Angeles Lakers,2002-03-29,LAL vs. POR,POR,2918
Jump Shot,Jump Shot,454,20101040,33.9223,-117,122,-118.3868,3,4,0,2001-02,47,16,,2PT Field Goal,Left Side Center(LC),Mid-Range,16-24 ft.,1610612747,Los Angeles Lakers,2002-03-29,LAL vs. POR,POR,2919
Jump Shot,Jump Shot,27,20101055,33.9093,85,135,-118.1848,9,1,0,2001-02,2,15,0.0,2PT Field Goal,Right Side(R),Mid-Range,8-16 ft.,1610612747,Los Angeles Lakers,2002-03-31,LAL vs. SAS,SAS,2920
Jump Shot,Jump Shot,30,20101055,33.9473,37,97,-118.2328,8,1,0,2001-02,31,10,0.0,2PT Field Goal,Center(C),In The Paint (Non-RA),8-16 ft.,1610612747,Los Angeles Lakers,2002-03-31,LAL vs. SAS,SAS,2921
Jump Shot,Jump Shot,57,20101055,33.8923,100,152,-118.1698,5,1,0,2001-02,24,18,,2PT Field Goal,Right Side Center(RC),Mid-Range,16-24 ft.,1610612747,Los Angeles Lakers,2002-03-31,LAL vs. SAS,SAS,2922
Jump Shot,Jump Shot,69,20101055,33.9433,64,101,-118.2058,4,1,0,2001-02,12,11,,2PT Field Goal,Right Side(R),In The Paint (Non-RA),8-16 ft.,1610612747,Los Angeles Lakers,2002-03-31,LAL vs. SAS,SAS,2923
Driving Layup Shot,Layup,85,20101055,34.0443,0,0,-118.2698,2,1,0,2001-02,51,0,1.0,2PT Field Goal,Center(C),Restricted Area,Less Than 8 ft.,1610612747,Los Angeles Lakers,2002-03-31,LAL vs. SAS,SAS,2924
Running Jump Shot,Jump Shot,97,20101055,33.9833,37,61,-118.2328,2,1,0,2001-02,14,7,1.0,2PT Field Goal,Center(C),In The Paint (Non-RA),Less Than 8 ft.,1610612747,Los Angeles Lakers,2002-03-31,LAL vs. SAS,SAS,2925
Running Jump Shot,Jump Shot,103,20101055,33.9933,-27,51,-118.2968,1,1,0,2001-02,22,5,1.0,2PT Field Goal,Center(C),In The Paint (Non-RA),Less Than 8 ft.,1610612747,Los Angeles Lakers,2002-03-31,LAL vs. SAS,SAS,2926
Driving Layup Shot,Layup,108,20101055,34.0443,0,0,-118.2698,0,1,0,2001-02,52,0,1.0,2PT Field Goal,Center(C),Restricted Area,Less Than 8 ft.,1610612747,Los Angeles Lakers,2002-03-31,LAL vs. SAS,SAS,2927
Turnaround Jump Shot,Jump Shot,115,20101055,33.9193,85,125,-118.1848,0,1,0,2001-02,4,15,1.0,2PT Field Goal,Right Side(R),Mid-Range,8-16 ft.,1610612747,Los Angeles Lakers,2002-03-31,LAL vs. SAS,SAS,2928
Jump Shot,Jump Shot,128,20101055,33.9593,22,85,-118.2478,11,2,0,2001-02,17,8,0.0,2PT Field Goal,Center(C),In The Paint (Non-RA),8-16 ft.,1610612747,Los Angeles Lakers,2002-03-31,LAL vs. SAS,SAS,2929
Jump Shot,Jump Shot,132,20101055,33.9473,51,97,-118.2188,11,2,0,2001-02,2,10,0.0,2PT Field Goal,Center(C),In The Paint (Non-RA),8-16 ft.,1610612747,Los Angeles Lakers,2002-03-31,LAL vs. SAS,SAS,2930
Jump Shot,Jump Shot,167,20101055,34.0043,144,40,-118.1258,8,2,0,2001-02,1,14,,2PT Field Goal,Right Side(R),Mid-Range,8-16 ft.,1610612747,Los Angeles Lakers,2002-03-31,LAL vs. SAS,SAS,2931
Jump Shot,Jump Shot,170,20101055,33.9473,153,97,-118.1168,7,2,0,2001-02,53,18,1.0,2PT Field Goal,Right Side(R),Mid-Range,16-24 ft.,1610612747,Los Angeles Lakers,2002-03-31,LAL vs. SAS,SAS,2932
Jump Shot,Jump Shot,175,20101055,33.9763,-119,68,-118.3888,7,2,0,2001-02,9,13,0.0,2PT Field Goal,Left Side(L),Mid-Range,8-16 ft.,1610612747,Los Angeles Lakers,2002-03-31,LAL vs. SAS,SAS,2933
Turnaround Jump Shot,Jump Shot,187,20101055,34.0333,123,11,-118.1468,6,2,0,2001-02,4,12,1.0,2PT Field Goal,Right Side(R),Mid-Range,8-16 ft.,1610612747,Los Angeles Lakers,2002-03-31,LAL vs. SAS,SAS,2934
Follow Up Dunk Shot,Dunk,216,20101055,34.0443,0,0,-118.2698,2,2,0,2001-02,59,0,1.0,2PT Field Goal,Center(C),Restricted Area,Less Than 8 ft.,1610612747,Los Angeles Lakers,2002-03-31,LAL vs. SAS,SAS,2935
Running Jump Shot,Jump Shot,262,20101055,34.0443,0,0,-118.2698,10,3,0,2001-02,56,0,1.0,2PT Field Goal,Center(C),Restricted Area,Less Than 8 ft.,1610612747,Los Angeles Lakers,2002-03-31,LAL vs. SAS,SAS,2936
Jump Shot,Jump Shot,268,20101055,33.9193,-141,125,-118.4108,9,3,0,2001-02,55,18,0.0,2PT Field Goal,Left Side Center(LC),Mid-Range,16-24 ft.,1610612747,Los Angeles Lakers,2002-03-31,LAL vs. SAS,SAS,2937
Jump Shot,Jump Shot,280,20101055,34.0233,51,21,-118.2188,7,3,0,2001-02,42,5,0.0,2PT Field Goal,Center(C),In The Paint (Non-RA),Less Than 8 ft.,1610612747,Los Angeles Lakers,2002-03-31,LAL vs. SAS,SAS,2938
Layup Shot,Layup,317,20101055,34.0443,0,0,-118.2698,4,3,0,2001-02,1,0,1.0,2PT Field Goal,Center(C),Restricted Area,Less Than 8 ft.,1610612747,Los Angeles Lakers,2002-03-31,LAL vs. SAS,SAS,2939
Jump Shot,Jump Shot,367,20101055,33.8923,7,152,-118.2628,11,4,0,2001-02,8,15,0.0,2PT Field Goal,Center(C),Mid-Range,8-16 ft.,1610612747,Los Angeles Lakers,2002-03-31,LAL vs. SAS,SAS,2940
Layup Shot,Layup,410,20101055,34.0443,0,0,-118.2698,7,4,0,2001-02,34,0,0.0,2PT Field Goal,Center(C),Restricted Area,Less Than 8 ft.,1610612747,Los Angeles Lakers,2002-03-31,LAL vs. SAS,SAS,2941
Jump Shot,Jump Shot,424,20101055,34.0333,138,11,-118.1318,5,4,0,2001-02,44,13,0.0,2PT Field Goal,Right Side(R),Mid-Range,8-16 ft.,1610612747,Los Angeles Lakers,2002-03-31,LAL vs. SAS,SAS,2942
Layup Shot,Layup,482,20101055,34.0443,0,0,-118.2698,0,4,0,2001-02,33,0,0.0,2PT Field Goal,Center(C),Restricted Area,Less Than 8 ft.,1610612747,Los Angeles Lakers,2002-03-31,LAL vs. SAS,SAS,2943
Running Jump Shot,Jump Shot,2,20101057,34.0803,140,-36,-118.1298,11,1,0,2001-02,45,14,1.0,2PT Field Goal,Right Side(R),Mid-Range,8-16 ft.,1610612747,Los Angeles Lakers,2002-04-02,LAL @ WAS,WAS,2944
Jump Shot,Jump Shot,8,20101057,33.8903,-84,154,-118.3538,10,1,0,2001-02,40,17,,2PT Field Goal,Left Side Center(LC),Mid-Range,16-24 ft.,1610612747,Los Angeles Lakers,2002-04-02,LAL @ WAS,WAS,2945
Jump Shot,Jump Shot,40,20101057,34.0373,54,7,-118.2158,7,1,0,2001-02,29,5,0.0,2PT Field Goal,Center(C),In The Paint (Non-RA),Less Than 8 ft.,1610612747,Los Angeles Lakers,2002-04-02,LAL @ WAS,WAS,2946
Driving Layup Shot,Layup,70,20101057,34.0423,-4,2,-118.2738,4,1,0,2001-02,25,0,1.0,2PT Field Goal,Center(C),Restricted Area,Less Than 8 ft.,1610612747,Los Angeles Lakers,2002-04-02,LAL @ WAS,WAS,2947
Slam Dunk Shot,Dunk,74,20101057,34.0423,1,2,-118.2688,3,1,0,2001-02,30,0,1.0,2PT Field Goal,Center(C),Restricted Area,Less Than 8 ft.,1610612747,Los Angeles Lakers,2002-04-02,LAL @ WAS,WAS,2948
Jump Shot,Jump Shot,103,20101057,34.0463,-170,-2,-118.4398,1,1,0,2001-02,17,17,0.0,2PT Field Goal,Left Side(L),Mid-Range,16-24 ft.,1610612747,Los Angeles Lakers,2002-04-02,LAL @ WAS,WAS,2949
Running Dunk Shot,Dunk,106,20101057,34.0523,-4,-8,-118.2738,1,1,0,2001-02,7,0,1.0,2PT Field Goal,Center(C),Restricted Area,Less Than 8 ft.,1610612747,Los Angeles Lakers,2002-04-02,LAL @ WAS,WAS,2950
Jump Shot,Jump Shot,128,20101057,34.0523,182,-8,-118.0878,10,2,0,2001-02,28,18,0.0,2PT Field Goal,Right Side(R),Mid-Range,16-24 ft.,1610612747,Los Angeles Lakers,2002-04-02,LAL @ WAS,WAS,2951
Slam Dunk Shot,Dunk,184,20101057,34.0523,-12,-8,-118.2818,6,2,0,2001-02,4,1,1.0,2PT Field Goal,Center(C),Restricted Area,Less Than 8 ft.,1610612747,Los Angeles Lakers,2002-04-02,LAL @ WAS,WAS,2952
Jump Shot,Jump Shot,190,20101057,33.9303,16,114,-118.2538,4,2,0,2001-02,59,11,1.0,2PT Field Goal,Center(C),In The Paint (Non-RA),8-16 ft.,1610612747,Los Angeles Lakers,2002-04-02,LAL @ WAS,WAS,2953
Jump Shot,Jump Shot,197,20101057,33.9973,75,47,-118.1948,3,2,0,2001-02,11,8,0.0,2PT Field Goal,Right Side(R),In The Paint (Non-RA),8-16 ft.,1610612747,Los Angeles Lakers,2002-04-02,LAL @ WAS,WAS,2954
Jump Shot,Jump Shot,230,20101057,33.9093,110,135,-118.1598,0,2,0,2001-02,49,17,,2PT Field Goal,Right Side Center(RC),Mid-Range,16-24 ft.,1610612747,Los Angeles Lakers,2002-04-02,LAL @ WAS,WAS,2955
Jump Shot,Jump Shot,265,20101057,33.9193,60,125,-118.2098,8,3,0,2001-02,8,13,0.0,2PT Field Goal,Center(C),In The Paint (Non-RA),8-16 ft.,1610612747,Los Angeles Lakers,2002-04-02,LAL @ WAS,WAS,2956
Reverse Layup Shot,Layup,17,20101069,34.0443,0,0,-118.2698,9,1,0,2001-02,19,0,,2PT Field Goal,Center(C),Restricted Area,Less Than 8 ft.,1610612747,Los Angeles Lakers,2002-04-03,LAL @ NJN,NJN,2957
Jump Shot,Jump Shot,26,20101069,33.8253,-35,219,-118.3048,8,1,0,2001-02,22,22,0.0,2PT Field Goal,Center(C),Mid-Range,16-24 ft.,1610612747,Los Angeles Lakers,2002-04-03,LAL @ NJN,NJN,2958
Turnaround Jump Shot,Jump Shot,32,20101069,34.0443,-132,0,-118.4018,7,1,0,2001-02,8,13,0.0,2PT Field Goal,Left Side(L),Mid-Range,8-16 ft.,1610612747,Los Angeles Lakers,2002-04-03,LAL @ NJN,NJN,2959
Driving Layup Shot,Layup,47,20101069,34.0443,0,0,-118.2698,5,1,0,2001-02,15,0,,2PT Field Goal,Center(C),Restricted Area,Less Than 8 ft.,1610612747,Los Angeles Lakers,2002-04-03,LAL @ NJN,NJN,2960
Jump Shot,Jump Shot,61,20101069,33.8793,-67,165,-118.3368,4,1,0,2001-02,18,17,0.0,2PT Field Goal,Left Side Center(LC),Mid-Range,16-24 ft.,1610612747,Los Angeles Lakers,2002-04-03,LAL @ NJN,NJN,2961
Turnaround Jump Shot,Jump Shot,88,20101069,33.8793,11,165,-118.2588,1,1,0,2001-02,37,16,1.0,2PT Field Goal,Center(C),Mid-Range,16-24 ft.,1610612747,Los Angeles Lakers,2002-04-03,LAL @ NJN,NJN,2962
Jump Shot,Jump Shot,139,20101069,34.0373,-92,7,-118.3618,7,2,0,2001-02,44,9,,2PT Field Goal,Left Side(L),Mid-Range,8-16 ft.,1610612747,Los Angeles Lakers,2002-04-03,LAL @ NJN,NJN,2963
Jump Shot,Jump Shot,170,20101069,34.0103,150,34,-118.1198,5,2,0,2001-02,11,15,1.0,2PT Field Goal,Right Side(R),Mid-Range,8-16 ft.,1610612747,Los Angeles Lakers,2002-04-03,LAL @ NJN,NJN,2964
Jump Shot,Jump Shot,175,20101069,33.9683,167,76,-118.1028,4,2,0,2001-02,37,18,0.0,2PT Field Goal,Right Side(R),Mid-Range,16-24 ft.,1610612747,Los Angeles Lakers,2002-04-03,LAL @ NJN,NJN,2965
Dunk Shot,Dunk,215,20101069,34.0443,0,0,-118.2698,0,2,0,2001-02,58,0,,2PT Field Goal,Center(C),Restricted Area,Less Than 8 ft.,1610612747,Los Angeles Lakers,2002-04-03,LAL @ NJN,NJN,2966
Jump Shot,Jump Shot,223,20101069,33.8583,85,186,-118.1848,0,2,0,2001-02,1,20,0.0,2PT Field Goal,Right Side Center(RC),Mid-Range,16-24 ft.,1610612747,Los Angeles Lakers,2002-04-03,LAL @ NJN,NJN,2967
Jump Shot,Jump Shot,230,20101069,34.0163,-141,28,-118.4108,11,3,0,2001-02,11,14,1.0,2PT Field Goal,Left Side(L),Mid-Range,8-16 ft.,1610612747,Los Angeles Lakers,2002-04-03,LAL @ NJN,NJN,2968
Running Jump Shot,Jump Shot,238,20101069,34.0253,-75,19,-118.3448,9,3,0,2001-02,56,7,1.0,2PT Field Goal,Center(C),In The Paint (Non-RA),Less Than 8 ft.,1610612747,Los Angeles Lakers,2002-04-03,LAL @ NJN,NJN,2969
Jump Shot,Jump Shot,252,20101069,33.9343,70,110,-118.1998,7,3,0,2001-02,37,13,1.0,2PT Field Goal,Right Side(R),In The Paint (Non-RA),8-16 ft.,1610612747,Los Angeles Lakers,2002-04-03,LAL @ NJN,NJN,2970
Fadeaway Jump Shot,Jump Shot,256,20101069,34.0373,136,7,-118.1338,6,3,0,2001-02,57,13,0.0,2PT Field Goal,Right Side(R),Mid-Range,8-16 ft.,1610612747,Los Angeles Lakers,2002-04-03,LAL @ NJN,NJN,2971
Running Jump Shot,Jump Shot,259,20101069,33.9973,54,47,-118.2158,6,3,0,2001-02,26,7,,2PT Field Goal,Center(C),In The Paint (Non-RA),Less Than 8 ft.,1610612747,Los Angeles Lakers,2002-04-03,LAL @ NJN,NJN,2972
Jump Shot,Jump Shot,272,20101069,33.9153,-101,129,-118.3708,4,3,0,2001-02,45,16,0.0,2PT Field Goal,Left Side Center(LC),Mid-Range,16-24 ft.,1610612747,Los Angeles Lakers,2002-04-03,LAL @ NJN,NJN,2973
Jump Shot,Jump Shot,287,20101069,33.9433,3,101,-118.2668,3,3,0,2001-02,30,10,,2PT Field Goal,Center(C),In The Paint (Non-RA),8-16 ft.,1610612747,Los Angeles Lakers,2002-04-03,LAL @ NJN,NJN,2974
Fadeaway Jump Shot,Jump Shot,289,20101069,33.9683,127,76,-118.1428,2,3,0,2001-02,51,14,0.0,2PT Field Goal,Right Side(R),Mid-Range,8-16 ft.,1610612747,Los Angeles Lakers,2002-04-03,LAL @ NJN,NJN,2975
Turnaround Jump Shot,Jump Shot,305,20101069,34.0103,94,34,-118.1758,1,3,0,2001-02,34,9,1.0,2PT Field Goal,Right Side(R),Mid-Range,8-16 ft.,1610612747,Los Angeles Lakers,2002-04-03,LAL @ NJN,NJN,2976
Jump Shot,Jump Shot,311,20101069,34.0443,150,0,-118.1198,0,3,0,2001-02,34,15,1.0,2PT Field Goal,Right Side(R),Mid-Range,8-16 ft.,1610612747,Los Angeles Lakers,2002-04-03,LAL @ NJN,NJN,2977
Driving Layup Shot,Layup,332,20101069,34.0443,0,0,-118.2698,10,4,0,2001-02,40,0,0.0,2PT Field Goal,Center(C),Restricted Area,Less Than 8 ft.,1610612747,Los Angeles Lakers,2002-04-03,LAL @ NJN,NJN,2978
Driving Layup Shot,Layup,336,20101069,34.0443,0,0,-118.2698,10,4,0,2001-02,28,0,1.0,2PT Field Goal,Center(C),Restricted Area,Less Than 8 ft.,1610612747,Los Angeles Lakers,2002-04-03,LAL @ NJN,NJN,2979
Jump Shot,Jump Shot,346,20101069,33.7853,54,259,-118.2158,9,4,0,2001-02,15,26,0.0,3PT Field Goal,Center(C),Above the Break 3,24+ ft.,1610612747,Los Angeles Lakers,2002-04-03,LAL @ NJN,NJN,2980
Layup Shot,Layup,365,20101069,34.0443,0,0,-118.2698,6,4,0,2001-02,53,0,0.0,2PT Field Goal,Center(C),Restricted Area,Less Than 8 ft.,1610612747,Los Angeles Lakers,2002-04-03,LAL @ NJN,NJN,2981
Jump Shot,Jump Shot,368,20101069,34.0313,102,13,-118.1678,6,4,0,2001-02,45,10,,2PT Field Goal,Right Side(R),Mid-Range,8-16 ft.,1610612747,Los Angeles Lakers,2002-04-03,LAL @ NJN,NJN,2982
Jump Shot,Jump Shot,372,20101069,34.0503,144,-6,-118.1258,6,4,0,2001-02,4,14,0.0,2PT Field Goal,Right Side(R),Mid-Range,8-16 ft.,1610612747,Los Angeles Lakers,2002-04-03,LAL @ NJN,NJN,2983
Running Jump Shot,Jump Shot,383,20101069,33.9833,20,61,-118.2498,5,4,0,2001-02,1,6,,2PT Field Goal,Center(C),In The Paint (Non-RA),Less Than 8 ft.,1610612747,Los Angeles Lakers,2002-04-03,LAL @ NJN,NJN,2984
Jump Shot,Jump Shot,397,20101069,33.8673,62,177,-118.2078,2,4,0,2001-02,57,18,0.0,2PT Field Goal,Right Side Center(RC),Mid-Range,16-24 ft.,1610612747,Los Angeles Lakers,2002-04-03,LAL @ NJN,NJN,2985
Layup Shot,Layup,437,20101069,34.0443,0,0,-118.2698,0,4,0,2001-02,1,0,0.0,2PT Field Goal,Center(C),Restricted Area,Less Than 8 ft.,1610612747,Los Angeles Lakers,2002-04-03,LAL @ NJN,NJN,2986
Jump Shot,Jump Shot,4,20101084,33.9073,11,137,-118.2588,11,1,0,2001-02,30,13,0.0,2PT Field Goal,Center(C),In The Paint (Non-RA),8-16 ft.,1610612747,Los Angeles Lakers,2002-04-05,LAL @ BOS,BOS,2987
Jump Shot,Jump Shot,22,20101084,33.9893,169,55,-118.1008,8,1,0,2001-02,56,17,0.0,2PT Field Goal,Right Side(R),Mid-Range,16-24 ft.,1610612747,Los Angeles Lakers,2002-04-05,LAL @ BOS,BOS,2988
Jump Shot,Jump Shot,64,20101084,33.9593,24,85,-118.2458,4,1,0,2001-02,47,8,0.0,2PT Field Goal,Center(C),In The Paint (Non-RA),8-16 ft.,1610612747,Los Angeles Lakers,2002-04-05,LAL @ BOS,BOS,2989
Jump Shot,Jump Shot,67,20101084,33.8353,142,209,-118.1278,4,1,0,2001-02,25,25,0.0,3PT Field Goal,Right Side Center(RC),Above the Break 3,24+ ft.,1610612747,Los Angeles Lakers,2002-04-05,LAL @ BOS,BOS,2990
Jump Shot,Jump Shot,110,20101084,34.0443,142,0,-118.1278,1,1,0,2001-02,27,14,1.0,2PT Field Goal,Right Side(R),Mid-Range,8-16 ft.,1610612747,Los Angeles Lakers,2002-04-05,LAL @ BOS,BOS,2991
Jump Shot,Jump Shot,118,20101084,33.8943,-132,150,-118.4018,0,1,0,2001-02,39,19,0.0,2PT Field Goal,Left Side Center(LC),Mid-Range,16-24 ft.,1610612747,Los Angeles Lakers,2002-04-05,LAL @ BOS,BOS,2992
Jump Shot,Jump Shot,131,20101084,33.9663,127,78,-118.1428,11,2,0,2001-02,48,14,0.0,2PT Field Goal,Right Side(R),Mid-Range,8-16 ft.,1610612747,Los Angeles Lakers,2002-04-05,LAL @ BOS,BOS,2993
Jump Shot,Jump Shot,136,20101084,33.9113,142,133,-118.1278,11,2,0,2001-02,20,19,0.0,2PT Field Goal,Right Side Center(RC),Mid-Range,16-24 ft.,1610612747,Los Angeles Lakers,2002-04-05,LAL @ BOS,BOS,2994
Jump Shot,Jump Shot,204,20101084,33.9223,163,122,-118.1068,4,2,0,2001-02,42,20,0.0,2PT Field Goal,Right Side Center(RC),Mid-Range,16-24 ft.,1610612747,Los Angeles Lakers,2002-04-05,LAL @ BOS,BOS,2995
Jump Shot,Jump Shot,213,20101084,33.8943,148,150,-118.1218,4,2,0,2001-02,4,21,1.0,2PT Field Goal,Right Side Center(RC),Mid-Range,16-24 ft.,1610612747,Los Angeles Lakers,2002-04-05,LAL @ BOS,BOS,2996
Jump Shot,Jump Shot,218,20101084,33.8943,-88,150,-118.3578,3,2,0,2001-02,31,17,0.0,2PT Field Goal,Left Side Center(LC),Mid-Range,16-24 ft.,1610612747,Los Angeles Lakers,2002-04-05,LAL @ BOS,BOS,2997
Jump Shot,Jump Shot,233,20101084,33.9323,163,112,-118.1068,2,2,0,2001-02,16,19,1.0,2PT Field Goal,Right Side(R),Mid-Range,16-24 ft.,1610612747,Los Angeles Lakers,2002-04-05,LAL @ BOS,BOS,2998
Jump Shot,Jump Shot,239,20101084,33.8793,-109,165,-118.3788,1,2,0,2001-02,17,19,0.0,2PT Field Goal,Left Side Center(LC),Mid-Range,16-24 ft.,1610612747,Los Angeles Lakers,2002-04-05,LAL @ BOS,BOS,2999
Jump Shot,Jump Shot,249,20101084,34.0573,142,-13,-118.1278,0,2,0,2001-02,11,14,1.0,2PT Field Goal,Right Side(R),Mid-Range,8-16 ft.,1610612747,Los Angeles Lakers,2002-04-05,LAL @ BOS,BOS,3000
Jump Shot,Jump Shot,260,20101084,33.8583,16,186,-118.2538,11,3,0,2001-02,39,18,0.0,2PT Field Goal,Center(C),Mid-Range,16-24 ft.,1610612747,Los Angeles Lakers,2002-04-05,LAL @ BOS,BOS,3001
Jump Shot,Jump Shot,265,20101084,34.0503,-170,-6,-118.4398,11,3,0,2001-02,5,17,0.0,2PT Field Goal,Left Side(L),Mid-Range,16-24 ft.,1610612747,Los Angeles Lakers,2002-04-05,LAL @ BOS,BOS,3002
Jump Shot,Jump Shot,271,20101084,33.9433,129,101,-118.1408,10,3,0,2001-02,6,16,0.0,2PT Field Goal,Right Side Center(RC),Mid-Range,16-24 ft.,1610612747,Los Angeles Lakers,2002-04-05,LAL @ BOS,BOS,3003
Jump Shot,Jump Shot,287,20101084,33.9913,7,53,-118.2628,8,3,0,2001-02,30,5,0.0,2PT Field Goal,Center(C),In The Paint (Non-RA),Less Than 8 ft.,1610612747,Los Angeles Lakers,2002-04-05,LAL @ BOS,BOS,3004
Layup Shot,Layup,299,20101084,34.0403,16,4,-118.2538,7,3,0,2001-02,38,1,0.0,2PT Field Goal,Center(C),Restricted Area,Less Than 8 ft.,1610612747,Los Angeles Lakers,2002-04-05,LAL @ BOS,BOS,3005
Layup Shot,Layup,319,20101084,34.0503,16,-6,-118.2538,5,3,0,2001-02,22,1,1.0,2PT Field Goal,Center(C),Restricted Area,Less Than 8 ft.,1610612747,Los Angeles Lakers,2002-04-05,LAL @ BOS,BOS,3006
Jump Shot,Jump Shot,434,20101084,33.8963,-27,148,-118.2968,6,4,0,2001-02,9,15,0.0,2PT Field Goal,Center(C),Mid-Range,8-16 ft.,1610612747,Los Angeles Lakers,2002-04-05,LAL @ BOS,BOS,3007
Jump Shot,Jump Shot,438,20101084,33.8813,108,163,-118.1618,5,4,0,2001-02,35,19,0.0,2PT Field Goal,Right Side Center(RC),Mid-Range,16-24 ft.,1610612747,Los Angeles Lakers,2002-04-05,LAL @ BOS,BOS,3008
Jump Shot,Jump Shot,449,20101084,33.9873,-42,57,-118.3118,4,4,0,2001-02,34,7,0.0,2PT Field Goal,Center(C),In The Paint (Non-RA),Less Than 8 ft.,1610612747,Los Angeles Lakers,2002-04-05,LAL @ BOS,BOS,3009
Jump Shot,Jump Shot,452,20101084,33.8713,-221,173,-118.4908,3,4,0,2001-02,59,28,0.0,3PT Field Goal,Left Side Center(LC),Above the Break 3,24+ ft.,1610612747,Los Angeles Lakers,2002-04-05,LAL @ BOS,BOS,3010
Layup Shot,Layup,457,20101084,34.0443,22,0,-118.2478,3,4,0,2001-02,42,2,0.0,2PT Field Goal,Center(C),Restricted Area,Less Than 8 ft.,1610612747,Los Angeles Lakers,2002-04-05,LAL @ BOS,BOS,3011
Driving Layup Shot,Layup,2,20101100,34.0443,0,0,-118.2698,11,1,0,2001-02,40,0,0.0,2PT Field Goal,Center(C),Restricted Area,Less Than 8 ft.,1610612747,Los Angeles Lakers,2002-04-07,LAL @ MIA,MIA,3012
Reverse Layup Shot,Layup,30,20101100,34.0443,0,0,-118.2698,8,1,0,2001-02,40,0,0.0,2PT Field Goal,Center(C),Restricted Area,Less Than 8 ft.,1610612747,Los Angeles Lakers,2002-04-07,LAL @ MIA,MIA,3013
Jump Shot,Jump Shot,99,20101100,33.9593,-132,85,-118.4018,1,1,0,2001-02,24,15,1.0,2PT Field Goal,Left Side(L),Mid-Range,8-16 ft.,1610612747,Los Angeles Lakers,2002-04-07,LAL @ MIA,MIA,3014
Jump Shot,Jump Shot,104,20101100,34.0123,-176,32,-118.4458,0,1,0,2001-02,34,17,1.0,2PT Field Goal,Left Side(L),Mid-Range,16-24 ft.,1610612747,Los Angeles Lakers,2002-04-07,LAL @ MIA,MIA,3015
Layup Shot,Layup,145,20101100,34.0443,0,0,-118.2698,7,2,0,2001-02,53,0,,2PT Field Goal,Center(C),Restricted Area,Less Than 8 ft.,1610612747,Los Angeles Lakers,2002-04-07,LAL @ MIA,MIA,3016
Jump Shot,Jump Shot,156,20101100,34.0403,184,4,-118.0858,6,2,0,2001-02,5,18,0.0,2PT Field Goal,Right Side(R),Mid-Range,16-24 ft.,1610612747,Los Angeles Lakers,2002-04-07,LAL @ MIA,MIA,3017
Jump Shot,Jump Shot,192,20101100,34.0403,157,4,-118.1128,1,2,0,2001-02,37,15,1.0,2PT Field Goal,Right Side(R),Mid-Range,8-16 ft.,1610612747,Los Angeles Lakers,2002-04-07,LAL @ MIA,MIA,3018
Jump Shot,Jump Shot,217,20101100,33.9363,134,108,-118.1358,11,3,0,2001-02,26,17,1.0,2PT Field Goal,Right Side Center(RC),Mid-Range,16-24 ft.,1610612747,Los Angeles Lakers,2002-04-07,LAL @ MIA,MIA,3019
Jump Shot,Jump Shot,228,20101100,33.9153,98,129,-118.1718,9,3,0,2001-02,39,16,1.0,2PT Field Goal,Right Side Center(RC),Mid-Range,16-24 ft.,1610612747,Los Angeles Lakers,2002-04-07,LAL @ MIA,MIA,3020
Jump Shot,Jump Shot,279,20101100,34.0403,169,4,-118.1008,3,3,0,2001-02,7,16,,2PT Field Goal,Right Side(R),Mid-Range,16-24 ft.,1610612747,Los Angeles Lakers,2002-04-07,LAL @ MIA,MIA,3021
Jump Shot,Jump Shot,300,20101100,34.0443,178,0,-118.0918,1,3,0,2001-02,13,17,0.0,2PT Field Goal,Right Side(R),Mid-Range,16-24 ft.,1610612747,Los Angeles Lakers,2002-04-07,LAL @ MIA,MIA,3022
Dunk Shot,Dunk,432,20101100,34.0443,0,0,-118.2698,0,4,0,2001-02,53,0,,2PT Field Goal,Center(C),Restricted Area,Less Than 8 ft.,1610612747,Los Angeles Lakers,2002-04-07,LAL @ MIA,MIA,3023
Jump Shot,Jump Shot,13,20101121,33.9873,153,57,-118.1168,10,1,0,2001-02,41,16,0.0,2PT Field Goal,Right Side(R),Mid-Range,16-24 ft.,1610612747,Los Angeles Lakers,2002-04-09,LAL vs. UTA,UTA,3024
Jump Shot,Jump Shot,32,20101121,33.8753,79,169,-118.1908,8,1,0,2001-02,24,18,,2PT Field Goal,Right Side Center(RC),Mid-Range,16-24 ft.,1610612747,Los Angeles Lakers,2002-04-09,LAL vs. UTA,UTA,3025
Driving Layup Shot,Layup,79,20101121,34.0443,0,0,-118.2698,4,1,0,2001-02,36,0,1.0,2PT Field Goal,Center(C),Restricted Area,Less Than 8 ft.,1610612747,Los Angeles Lakers,2002-04-09,LAL vs. UTA,UTA,3026
Turnaround Jump Shot,Jump Shot,88,20101121,34.0163,94,28,-118.1758,4,1,0,2001-02,5,9,0.0,2PT Field Goal,Right Side(R),Mid-Range,8-16 ft.,1610612747,Los Angeles Lakers,2002-04-09,LAL vs. UTA,UTA,3027
Jump Shot,Jump Shot,112,20101121,33.9533,-98,91,-118.3678,1,1,0,2001-02,38,13,0.0,2PT Field Goal,Left Side(L),Mid-Range,8-16 ft.,1610612747,Los Angeles Lakers,2002-04-09,LAL vs. UTA,UTA,3028
Jump Shot,Jump Shot,117,20101121,34.0163,-63,28,-118.3328,1,1,0,2001-02,1,6,,2PT Field Goal,Center(C),In The Paint (Non-RA),Less Than 8 ft.,1610612747,Los Angeles Lakers,2002-04-09,LAL vs. UTA,UTA,3029
Fadeaway Jump Shot,Jump Shot,119,20101121,33.9473,-105,97,-118.3748,0,1,0,2001-02,32,14,1.0,2PT Field Goal,Left Side(L),Mid-Range,8-16 ft.,1610612747,Los Angeles Lakers,2002-04-09,LAL vs. UTA,UTA,3030
Jump Shot,Jump Shot,129,20101121,33.8863,100,158,-118.1698,11,2,0,2001-02,16,18,1.0,2PT Field Goal,Right Side Center(RC),Mid-Range,16-24 ft.,1610612747,Los Angeles Lakers,2002-04-09,LAL vs. UTA,UTA,3031
Reverse Dunk Shot,Dunk,306,20101121,34.0443,0,0,-118.2698,6,3,0,2001-02,24,0,1.0,2PT Field Goal,Center(C),Restricted Area,Less Than 8 ft.,1610612747,Los Angeles Lakers,2002-04-09,LAL vs. UTA,UTA,3032
Jump Shot,Jump Shot,328,20101121,34.0333,144,11,-118.1258,4,3,0,2001-02,50,14,0.0,2PT Field Goal,Right Side(R),Mid-Range,8-16 ft.,1610612747,Los Angeles Lakers,2002-04-09,LAL vs. UTA,UTA,3033
Driving Layup Shot,Layup,371,20101121,34.0443,0,0,-118.2698,0,3,0,2001-02,54,0,,2PT Field Goal,Center(C),Restricted Area,Less Than 8 ft.,1610612747,Los Angeles Lakers,2002-04-09,LAL vs. UTA,UTA,3034
Fadeaway Jump Shot,Jump Shot,381,20101121,34.0593,144,-15,-118.1258,0,3,0,2001-02,0,14,1.0,2PT Field Goal,Right Side(R),Mid-Range,8-16 ft.,1610612747,Los Angeles Lakers,2002-04-09,LAL vs. UTA,UTA,3035
Alley Oop Layup shot,Layup,385,20101121,34.0443,0,0,-118.2698,11,4,0,2001-02,49,0,0.0,2PT Field Goal,Center(C),Restricted Area,Less Than 8 ft.,1610612747,Los Angeles Lakers,2002-04-09,LAL vs. UTA,UTA,3036
Jump Shot,Jump Shot,396,20101121,33.8633,43,181,-118.2268,11,4,0,2001-02,13,18,0.0,2PT Field Goal,Center(C),Mid-Range,16-24 ft.,1610612747,Los Angeles Lakers,2002-04-09,LAL vs. UTA,UTA,3037
Jump Shot,Jump Shot,410,20101121,33.9193,-119,125,-118.3888,9,4,0,2001-02,32,17,,2PT Field Goal,Left Side Center(LC),Mid-Range,16-24 ft.,1610612747,Los Angeles Lakers,2002-04-09,LAL vs. UTA,UTA,3038
Turnaround Jump Shot,Jump Shot,414,20101121,33.9663,-42,78,-118.3118,8,4,0,2001-02,58,8,1.0,2PT Field Goal,Center(C),In The Paint (Non-RA),8-16 ft.,1610612747,Los Angeles Lakers,2002-04-09,LAL vs. UTA,UTA,3039
Jump Shot,Jump Shot,2,20101136,33.8713,70,173,-118.1998,11,1,0,2001-02,44,18,,2PT Field Goal,Right Side Center(RC),Mid-Range,16-24 ft.,1610612747,Los Angeles Lakers,2002-04-11,LAL vs. MIN,MIN,3040
Driving Layup Shot,Layup,8,20101136,34.0443,0,0,-118.2698,10,1,0,2001-02,39,0,1.0,2PT Field Goal,Center(C),Restricted Area,Less Than 8 ft.,1610612747,Los Angeles Lakers,2002-04-11,LAL vs. MIN,MIN,3041
Jump Shot,Jump Shot,19,20101136,33.9113,-101,133,-118.3708,9,1,0,2001-02,18,16,0.0,2PT Field Goal,Left Side Center(LC),Mid-Range,16-24 ft.,1610612747,Los Angeles Lakers,2002-04-11,LAL vs. MIN,MIN,3042
Jump Shot,Jump Shot,50,20101136,34.0573,-115,-13,-118.3848,5,1,0,2001-02,30,11,0.0,2PT Field Goal,Left Side(L),Mid-Range,8-16 ft.,1610612747,Los Angeles Lakers,2002-04-11,LAL vs. MIN,MIN,3043
Finger Roll Shot,Layup,95,20101136,34.0183,35,26,-118.2348,1,1,0,2001-02,52,4,1.0,2PT Field Goal,Center(C),In The Paint (Non-RA),Less Than 8 ft.,1610612747,Los Angeles Lakers,2002-04-11,LAL vs. MIN,MIN,3044
Jump Shot,Jump Shot,105,20101136,34.0573,83,-13,-118.1868,0,1,0,2001-02,37,8,0.0,2PT Field Goal,Right Side(R),Mid-Range,8-16 ft.,1610612747,Los Angeles Lakers,2002-04-11,LAL vs. MIN,MIN,3045
Driving Dunk Shot,Dunk,200,20101136,34.0443,0,0,-118.2698,3,2,0,2001-02,0,0,1.0,2PT Field Goal,Center(C),Restricted Area,Less Than 8 ft.,1610612747,Los Angeles Lakers,2002-04-11,LAL vs. MIN,MIN,3046
Layup Shot,Layup,222,20101136,34.0443,0,0,-118.2698,0,2,0,2001-02,34,0,0.0,2PT Field Goal,Center(C),Restricted Area,Less Than 8 ft.,1610612747,Los Angeles Lakers,2002-04-11,LAL vs. MIN,MIN,3047
Fadeaway Jump Shot,Jump Shot,229,20101136,33.9223,-6,122,-118.2758,0,2,0,2001-02,0,12,1.0,2PT Field Goal,Center(C),In The Paint (Non-RA),8-16 ft.,1610612747,Los Angeles Lakers,2002-04-11,LAL vs. MIN,MIN,3048
Jump Shot,Jump Shot,234,20101136,33.8943,121,150,-118.1488,11,3,0,2001-02,16,19,0.0,2PT Field Goal,Right Side Center(RC),Mid-Range,16-24 ft.,1610612747,Los Angeles Lakers,2002-04-11,LAL vs. MIN,MIN,3049
Running Jump Shot,Jump Shot,257,20101136,34.0123,-94,32,-118.3638,8,3,0,2001-02,24,9,1.0,2PT Field Goal,Left Side(L),Mid-Range,8-16 ft.,1610612747,Los Angeles Lakers,2002-04-11,LAL vs. MIN,MIN,3050
Running Jump Shot,Jump Shot,261,20101136,34.0313,-101,13,-118.3708,7,3,0,2001-02,52,10,,2PT Field Goal,Left Side(L),Mid-Range,8-16 ft.,1610612747,Los Angeles Lakers,2002-04-11,LAL vs. MIN,MIN,3051
Jump Shot,Jump Shot,266,20101136,34.0063,-73,38,-118.3428,6,3,0,2001-02,41,8,0.0,2PT Field Goal,Left Side(L),In The Paint (Non-RA),8-16 ft.,1610612747,Los Angeles Lakers,2002-04-11,LAL vs. MIN,MIN,3052
Reverse Layup Shot,Layup,282,20101136,34.0443,0,0,-118.2698,4,3,0,2001-02,54,0,0.0,2PT Field Goal,Center(C),Restricted Area,Less Than 8 ft.,1610612747,Los Angeles Lakers,2002-04-11,LAL vs. MIN,MIN,3053
Jump Shot,Jump Shot,297,20101136,33.8373,-50,207,-118.3198,3,3,0,2001-02,58,21,1.0,2PT Field Goal,Center(C),Mid-Range,16-24 ft.,1610612747,Los Angeles Lakers,2002-04-11,LAL vs. MIN,MIN,3054
Jump Shot,Jump Shot,396,20101136,33.9173,121,127,-118.1488,8,4,0,2001-02,39,17,0.0,2PT Field Goal,Right Side Center(RC),Mid-Range,16-24 ft.,1610612747,Los Angeles Lakers,2002-04-11,LAL vs. MIN,MIN,3055
Jump Shot,Jump Shot,399,20101136,33.7913,-101,253,-118.3708,8,4,0,2001-02,21,27,0.0,3PT Field Goal,Left Side Center(LC),Above the Break 3,24+ ft.,1610612747,Los Angeles Lakers,2002-04-11,LAL vs. MIN,MIN,3056
Turnaround Jump Shot,Jump Shot,471,20101136,33.9453,5,99,-118.2648,1,4,0,2001-02,55,9,1.0,2PT Field Goal,Center(C),In The Paint (Non-RA),8-16 ft.,1610612747,Los Angeles Lakers,2002-04-11,LAL vs. MIN,MIN,3057
Jump Shot,Jump Shot,482,20101136,34.0423,172,2,-118.0978,0,4,0,2001-02,54,17,0.0,2PT Field Goal,Right Side(R),Mid-Range,16-24 ft.,1610612747,Los Angeles Lakers,2002-04-11,LAL vs. MIN,MIN,3058
Jump Shot,Jump Shot,491,20101136,34.0123,-143,32,-118.4128,0,4,0,2001-02,19,14,0.0,2PT Field Goal,Left Side(L),Mid-Range,8-16 ft.,1610612747,Los Angeles Lakers,2002-04-11,LAL vs. MIN,MIN,3059
Jump Shot,Jump Shot,16,20101159,34.0183,43,26,-118.2268,10,1,0,2001-02,25,5,1.0,2PT Field Goal,Center(C),In The Paint (Non-RA),Less Than 8 ft.,1610612747,Los Angeles Lakers,2002-04-14,LAL @ POR,POR,3060
Jump Shot,Jump Shot,103,20101159,33.9193,-212,125,-118.4818,0,1,0,2001-02,24,24,0.0,3PT Field Goal,Left Side Center(LC),Above the Break 3,24+ ft.,1610612747,Los Angeles Lakers,2002-04-14,LAL @ POR,POR,3061
Jump Shot,Jump Shot,107,20101159,33.9813,-149,63,-118.4188,0,1,0,2001-02,16,16,,2PT Field Goal,Left Side(L),Mid-Range,16-24 ft.,1610612747,Los Angeles Lakers,2002-04-14,LAL @ POR,POR,3062
Turnaround Jump Shot,Jump Shot,121,20101159,34.0483,172,-4,-118.0978,10,2,0,2001-02,57,17,1.0,2PT Field Goal,Right Side(R),Mid-Range,16-24 ft.,1610612747,Los Angeles Lakers,2002-04-14,LAL @ POR,POR,3063
Driving Layup Shot,Layup,230,20101159,34.0443,0,0,-118.2698,2,2,0,2001-02,6,0,0.0,2PT Field Goal,Center(C),Restricted Area,Less Than 8 ft.,1610612747,Los Angeles Lakers,2002-04-14,LAL @ POR,POR,3064
Jump Shot,Jump Shot,236,20101159,34.0183,180,26,-118.0898,1,2,0,2001-02,49,18,0.0,2PT Field Goal,Right Side(R),Mid-Range,16-24 ft.,1610612747,Los Angeles Lakers,2002-04-14,LAL @ POR,POR,3065
Jump Shot,Jump Shot,331,20101159,34.0183,115,26,-118.1548,1,3,0,2001-02,57,11,1.0,2PT Field Goal,Right Side(R),Mid-Range,8-16 ft.,1610612747,Los Angeles Lakers,2002-04-14,LAL @ POR,POR,3066
Jump Shot,Jump Shot,370,20101159,34.0293,115,15,-118.1548,10,4,0,2001-02,25,11,1.0,2PT Field Goal,Right Side(R),Mid-Range,8-16 ft.,1610612747,Los Angeles Lakers,2002-04-14,LAL @ POR,POR,3067
Turnaround Jump Shot,Jump Shot,418,20101159,33.9473,73,97,-118.1968,5,4,0,2001-02,7,12,0.0,2PT Field Goal,Right Side(R),In The Paint (Non-RA),8-16 ft.,1610612747,Los Angeles Lakers,2002-04-14,LAL @ POR,POR,3068
Jump Shot,Jump Shot,425,20101159,34.0123,-191,32,-118.4608,4,4,0,2001-02,48,19,,2PT Field Goal,Left Side(L),Mid-Range,16-24 ft.,1610612747,Los Angeles Lakers,2002-04-14,LAL @ POR,POR,3069
Jump Shot,Jump Shot,455,20101159,34.0443,64,0,-118.2058,2,4,0,2001-02,10,6,1.0,2PT Field Goal,Center(C),In The Paint (Non-RA),Less Than 8 ft.,1610612747,Los Angeles Lakers,2002-04-14,LAL @ POR,POR,3070
Jump Shot,Jump Shot,462,20101159,34.0443,94,0,-118.1758,0,4,0,2001-02,43,9,,2PT Field Goal,Right Side(R),Mid-Range,8-16 ft.,1610612747,Los Angeles Lakers,2002-04-14,LAL @ POR,POR,3071
Jump Shot,Jump Shot,493,20101159,33.9473,-69,97,-118.3388,4,5,0,2001-02,33,11,0.0,2PT Field Goal,Left Side(L),In The Paint (Non-RA),8-16 ft.,1610612747,Los Angeles Lakers,2002-04-14,LAL @ POR,POR,3072
Turnaround Jump Shot,Jump Shot,518,20101159,33.9093,108,135,-118.1618,1,5,0,2001-02,35,17,0.0,2PT Field Goal,Right Side Center(RC),Mid-Range,16-24 ft.,1610612747,Los Angeles Lakers,2002-04-14,LAL @ POR,POR,3073
Jump Shot,Jump Shot,584,20101159,33.8883,-185,156,-118.4548,1,6,0,2001-02,19,24,0.0,3PT Field Goal,Left Side Center(LC),Above the Break 3,24+ ft.,1610612747,Los Angeles Lakers,2002-04-14,LAL @ POR,POR,3074
Jump Shot,Jump Shot,43,20101164,33.8463,159,198,-118.1108,5,1,0,2001-02,43,25,0.0,3PT Field Goal,Right Side Center(RC),Above the Break 3,24+ ft.,1610612747,Los Angeles Lakers,2002-04-15,LAL vs. SEA,SEA,3075
Alley Oop Dunk Shot,Dunk,183,20101164,34.0443,0,0,-118.2698,2,2,0,2001-02,46,0,,2PT Field Goal,Center(C),Restricted Area,Less Than 8 ft.,1610612747,Los Angeles Lakers,2002-04-15,LAL vs. SEA,SEA,3076
Jump Shot,Jump Shot,221,20101164,33.9723,79,72,-118.1908,10,3,0,2001-02,52,10,0.0,2PT Field Goal,Right Side(R),In The Paint (Non-RA),8-16 ft.,1610612747,Los Angeles Lakers,2002-04-15,LAL vs. SEA,SEA,3077
Reverse Layup Shot,Layup,224,20101164,34.0443,0,0,-118.2698,10,3,0,2001-02,20,0,1.0,2PT Field Goal,Center(C),Restricted Area,Less Than 8 ft.,1610612747,Los Angeles Lakers,2002-04-15,LAL vs. SEA,SEA,3078
Jump Shot,Jump Shot,227,20101164,33.9433,-27,101,-118.2968,9,3,0,2001-02,50,10,,2PT Field Goal,Center(C),In The Paint (Non-RA),8-16 ft.,1610612747,Los Angeles Lakers,2002-04-15,LAL vs. SEA,SEA,3079
Tip Shot,Tip Shot,228,20101164,34.0443,0,0,-118.2698,9,3,0,2001-02,48,0,0.0,2PT Field Goal,Center(C),Restricted Area,Less Than 8 ft.,1610612747,Los Angeles Lakers,2002-04-15,LAL vs. SEA,SEA,3080
Jump Shot,Jump Shot,257,20101164,34.0163,85,28,-118.1848,6,3,0,2001-02,59,8,,2PT Field Goal,Right Side(R),Mid-Range,8-16 ft.,1610612747,Los Angeles Lakers,2002-04-15,LAL vs. SEA,SEA,3081
Jump Shot,Jump Shot,264,20101164,33.8963,123,148,-118.1468,6,3,0,2001-02,24,19,,2PT Field Goal,Right Side Center(RC),Mid-Range,16-24 ft.,1610612747,Los Angeles Lakers,2002-04-15,LAL vs. SEA,SEA,3082
Alley Oop Dunk Shot,Dunk,285,20101164,34.0443,0,0,-118.2698,4,3,0,2001-02,41,0,1.0,2PT Field Goal,Center(C),Restricted Area,Less Than 8 ft.,1610612747,Los Angeles Lakers,2002-04-15,LAL vs. SEA,SEA,3083
Running Jump Shot,Jump Shot,288,20101164,33.8633,1,181,-118.2688,4,3,0,2001-02,16,18,,2PT Field Goal,Center(C),Mid-Range,16-24 ft.,1610612747,Los Angeles Lakers,2002-04-15,LAL vs. SEA,SEA,3084
Jump Shot,Jump Shot,290,20101164,33.8753,79,169,-118.1908,3,3,0,2001-02,33,18,0.0,2PT Field Goal,Right Side Center(RC),Mid-Range,16-24 ft.,1610612747,Los Angeles Lakers,2002-04-15,LAL vs. SEA,SEA,3085
Jump Shot,Jump Shot,310,20101164,34.0443,222,0,-118.0478,2,3,0,2001-02,9,22,1.0,3PT Field Goal,Right Side(R),Right Corner 3,24+ ft.,1610612747,Los Angeles Lakers,2002-04-15,LAL vs. SEA,SEA,3086
Jump Shot,Jump Shot,313,20101164,33.8123,-134,232,-118.4038,1,3,0,2001-02,34,26,0.0,3PT Field Goal,Left Side Center(LC),Above the Break 3,24+ ft.,1610612747,Los Angeles Lakers,2002-04-15,LAL vs. SEA,SEA,3087
Jump Shot,Jump Shot,383,20101164,33.8693,79,175,-118.1908,6,4,0,2001-02,58,19,0.0,2PT Field Goal,Right Side Center(RC),Mid-Range,16-24 ft.,1610612747,Los Angeles Lakers,2002-04-15,LAL vs. SEA,SEA,3088
Alley Oop Layup shot,Layup,403,20101164,34.0443,0,0,-118.2698,5,4,0,2001-02,49,0,1.0,2PT Field Goal,Center(C),Restricted Area,Less Than 8 ft.,1610612747,Los Angeles Lakers,2002-04-15,LAL vs. SEA,SEA,3089
Jump Shot,Jump Shot,410,20101164,34.0553,123,-11,-118.1468,5,4,0,2001-02,17,12,0.0,2PT Field Goal,Right Side(R),Mid-Range,8-16 ft.,1610612747,Los Angeles Lakers,2002-04-15,LAL vs. SEA,SEA,3090
Jump Shot,Jump Shot,18,20101188,34.0653,159,-21,-118.1108,10,1,0,2001-02,20,16,0.0,2PT Field Goal,Right Side(R),Mid-Range,16-24 ft.,1610612747,Los Angeles Lakers,2002-04-17,LAL vs. SAC,SAC,3091
Jump Shot,Jump Shot,31,20101188,33.9193,210,125,-118.0598,9,1,0,2001-02,1,24,0.0,3PT Field Goal,Right Side Center(RC),Above the Break 3,24+ ft.,1610612747,Los Angeles Lakers,2002-04-17,LAL vs. SAC,SAC,3092
Jump Shot,Jump Shot,40,20101188,33.8223,-141,222,-118.4108,7,1,0,2001-02,47,26,0.0,3PT Field Goal,Left Side Center(LC),Above the Break 3,24+ ft.,1610612747,Los Angeles Lakers,2002-04-17,LAL vs. SAC,SAC,3093
Dunk Shot,Dunk,64,20101188,34.0443,0,0,-118.2698,4,1,0,2001-02,49,0,1.0,2PT Field Goal,Center(C),Restricted Area,Less Than 8 ft.,1610612747,Los Angeles Lakers,2002-04-17,LAL vs. SAC,SAC,3094
Driving Finger Roll Shot,Layup,70,20101188,34.0443,0,0,-118.2698,4,1,0,2001-02,25,0,1.0,2PT Field Goal,Center(C),Restricted Area,Less Than 8 ft.,1610612747,Los Angeles Lakers,2002-04-17,LAL vs. SAC,SAC,3095
Jump Shot,Jump Shot,94,20101188,33.9833,30,61,-118.2398,1,1,0,2001-02,10,6,0.0,2PT Field Goal,Center(C),In The Paint (Non-RA),Less Than 8 ft.,1610612747,Los Angeles Lakers,2002-04-17,LAL vs. SAC,SAC,3096
Layup Shot,Layup,182,20101188,34.0443,0,0,-118.2698,5,2,0,2001-02,11,0,0.0,2PT Field Goal,Center(C),Restricted Area,Less Than 8 ft.,1610612747,Los Angeles Lakers,2002-04-17,LAL vs. SAC,SAC,3097
Jump Shot,Jump Shot,197,20101188,33.8393,167,205,-118.1028,3,2,0,2001-02,31,26,,3PT Field Goal,Right Side Center(RC),Above the Break 3,24+ ft.,1610612747,Los Angeles Lakers,2002-04-17,LAL vs. SAC,SAC,3098
Jump Shot,Jump Shot,202,20101188,33.8393,-27,205,-118.2968,3,2,0,2001-02,6,20,1.0,2PT Field Goal,Center(C),Mid-Range,16-24 ft.,1610612747,Los Angeles Lakers,2002-04-17,LAL vs. SAC,SAC,3099
Turnaround Jump Shot,Jump Shot,214,20101188,33.9933,108,51,-118.1618,2,2,0,2001-02,4,11,1.0,2PT Field Goal,Right Side(R),Mid-Range,8-16 ft.,1610612747,Los Angeles Lakers,2002-04-17,LAL vs. SAC,SAC,3100
Jump Shot,Jump Shot,248,20101188,33.9193,123,125,-118.1468,0,2,0,2001-02,0,17,1.0,2PT Field Goal,Right Side Center(RC),Mid-Range,16-24 ft.,1610612747,Los Angeles Lakers,2002-04-17,LAL vs. SAC,SAC,3101
Running Jump Shot,Jump Shot,264,20101188,33.9873,79,57,-118.1908,9,3,0,2001-02,54,9,1.0,2PT Field Goal,Right Side(R),In The Paint (Non-RA),8-16 ft.,1610612747,Los Angeles Lakers,2002-04-17,LAL vs. SAC,SAC,3102
Layup Shot,Layup,272,20101188,34.0443,0,0,-118.2698,8,3,0,2001-02,54,0,1.0,2PT Field Goal,Center(C),Restricted Area,Less Than 8 ft.,1610612747,Los Angeles Lakers,2002-04-17,LAL vs. SAC,SAC,3103
Jump Shot,Jump Shot,278,20101188,33.8693,188,175,-118.0818,8,3,0,2001-02,0,25,,3PT Field Goal,Right Side Center(RC),Above the Break 3,24+ ft.,1610612747,Los Angeles Lakers,2002-04-17,LAL vs. SAC,SAC,3104
Jump Shot,Jump Shot,303,20101188,34.0553,195,-11,-118.0748,5,3,0,2001-02,41,19,,2PT Field Goal,Right Side(R),Mid-Range,16-24 ft.,1610612747,Los Angeles Lakers,2002-04-17,LAL vs. SAC,SAC,3105
Layup Shot,Layup,312,20101188,34.0443,0,0,-118.2698,4,3,0,2001-02,17,0,0.0,2PT Field Goal,Center(C),Restricted Area,Less Than 8 ft.,1610612747,Los Angeles Lakers,2002-04-17,LAL vs. SAC,SAC,3106
Jump Shot,Jump Shot,346,20101188,33.9263,-162,118,-118.4318,0,3,0,2001-02,56,20,1.0,2PT Field Goal,Left Side Center(LC),Mid-Range,16-24 ft.,1610612747,Los Angeles Lakers,2002-04-17,LAL vs. SAC,SAC,3107
Jump Shot,Jump Shot,7,20200003,33.9393,-117,105,-118.3868,11,1,0,2002-03,27,15,0.0,2PT Field Goal,Left Side(L),Mid-Range,8-16 ft.,1610612747,Los Angeles Lakers,2002-10-29,LAL vs. SAS,SAS,3108
Jump Shot,Jump Shot,11,20200003,33.9553,-120,89,-118.3898,10,1,0,2002-03,57,14,1.0,2PT Field Goal,Left Side(L),Mid-Range,8-16 ft.,1610612747,Los Angeles Lakers,2002-10-29,LAL vs. SAS,SAS,3109
Jump Shot,Jump Shot,17,20200003,33.9673,41,77,-118.2288,10,1,0,2002-03,18,8,0.0,2PT Field Goal,Center(C),In The Paint (Non-RA),8-16 ft.,1610612747,Los Angeles Lakers,2002-10-29,LAL vs. SAS,SAS,3110
Layup Shot,Layup,19,20200003,34.0443,0,0,-118.2698,10,1,0,2002-03,12,0,0.0,2PT Field Goal,Center(C),Restricted Area,Less Than 8 ft.,1610612747,Los Angeles Lakers,2002-10-29,LAL vs. SAS,SAS,3111
Jump Shot,Jump Shot,54,20200003,33.9933,38,51,-118.2318,5,1,0,2002-03,55,6,0.0,2PT Field Goal,Center(C),In The Paint (Non-RA),Less Than 8 ft.,1610612747,Los Angeles Lakers,2002-10-29,LAL vs. SAS,SAS,3112
Jump Shot,Jump Shot,62,20200003,34.0143,-145,30,-118.4148,5,1,0,2002-03,14,14,0.0,2PT Field Goal,Left Side(L),Mid-Range,8-16 ft.,1610612747,Los Angeles Lakers,2002-10-29,LAL vs. SAS,SAS,3113
Driving Layup Shot,Layup,68,20200003,34.0443,0,0,-118.2698,4,1,0,2002-03,40,0,,2PT Field Goal,Center(C),Restricted Area,Less Than 8 ft.,1610612747,Los Angeles Lakers,2002-10-29,LAL vs. SAS,SAS,3114
Layup Shot,Layup,79,20200003,34.0443,0,0,-118.2698,3,1,0,2002-03,30,0,0.0,2PT Field Goal,Center(C),Restricted Area,Less Than 8 ft.,1610612747,Los Angeles Lakers,2002-10-29,LAL vs. SAS,SAS,3115
Jump Shot,Jump Shot,81,20200003,34.0443,-62,0,-118.3318,3,1,0,2002-03,27,6,1.0,2PT Field Goal,Center(C),In The Paint (Non-RA),Less Than 8 ft.,1610612747,Los Angeles Lakers,2002-10-29,LAL vs. SAS,SAS,3116
Driving Layup Shot,Layup,122,20200003,34.0443,0,0,-118.2698,0,1,0,2002-03,5,0,0.0,2PT Field Goal,Center(C),Restricted Area,Less Than 8 ft.,1610612747,Los Angeles Lakers,2002-10-29,LAL vs. SAS,SAS,3117
Jump Shot,Jump Shot,130,20200003,33.8653,39,179,-118.2308,11,2,0,2002-03,41,18,,2PT Field Goal,Center(C),Mid-Range,16-24 ft.,1610612747,Los Angeles Lakers,2002-10-29,LAL vs. SAS,SAS,3118
Jump Shot,Jump Shot,189,20200003,33.9813,-15,63,-118.2848,6,2,0,2002-03,52,6,0.0,2PT Field Goal,Center(C),In The Paint (Non-RA),Less Than 8 ft.,1610612747,Los Angeles Lakers,2002-10-29,LAL vs. SAS,SAS,3119
Jump Shot,Jump Shot,192,20200003,33.9423,130,102,-118.1398,6,2,0,2002-03,44,16,1.0,2PT Field Goal,Right Side Center(RC),Mid-Range,16-24 ft.,1610612747,Los Angeles Lakers,2002-10-29,LAL vs. SAS,SAS,3120
Finger Roll Shot,Layup,216,20200003,34.0083,-25,36,-118.2948,5,2,0,2002-03,18,4,1.0,2PT Field Goal,Center(C),In The Paint (Non-RA),Less Than 8 ft.,1610612747,Los Angeles Lakers,2002-10-29,LAL vs. SAS,SAS,3121
Jump Shot,Jump Shot,268,20200003,34.0083,85,36,-118.1848,1,2,0,2002-03,9,9,,2PT Field Goal,Right Side(R),Mid-Range,8-16 ft.,1610612747,Los Angeles Lakers,2002-10-29,LAL vs. SAS,SAS,3122
Jump Shot,Jump Shot,299,20200003,34.0263,-66,18,-118.3358,10,3,0,2002-03,41,6,0.0,2PT Field Goal,Center(C),In The Paint (Non-RA),Less Than 8 ft.,1610612747,Los Angeles Lakers,2002-10-29,LAL vs. SAS,SAS,3123
Reverse Layup Shot,Layup,319,20200003,34.0443,0,0,-118.2698,8,3,0,2002-03,22,0,0.0,2PT Field Goal,Center(C),Restricted Area,Less Than 8 ft.,1610612747,Los Angeles Lakers,2002-10-29,LAL vs. SAS,SAS,3124
Jump Shot,Jump Shot,351,20200003,33.9623,64,82,-118.2058,5,3,0,2002-03,7,10,0.0,2PT Field Goal,Right Side(R),In The Paint (Non-RA),8-16 ft.,1610612747,Los Angeles Lakers,2002-10-29,LAL vs. SAS,SAS,3125
Jump Shot,Jump Shot,355,20200003,33.8883,38,156,-118.2318,4,3,0,2002-03,29,16,1.0,2PT Field Goal,Center(C),Mid-Range,16-24 ft.,1610612747,Los Angeles Lakers,2002-10-29,LAL vs. SAS,SAS,3126
Jump Shot,Jump Shot,370,20200003,33.8753,-153,169,-118.4228,2,3,0,2002-03,59,22,0.0,2PT Field Goal,Left Side Center(LC),Mid-Range,16-24 ft.,1610612747,Los Angeles Lakers,2002-10-29,LAL vs. SAS,SAS,3127
Reverse Dunk Shot,Dunk,383,20200003,34.0443,0,0,-118.2698,1,3,0,2002-03,46,0,1.0,2PT Field Goal,Center(C),Restricted Area,Less Than 8 ft.,1610612747,Los Angeles Lakers,2002-10-29,LAL vs. SAS,SAS,3128
Jump Shot,Jump Shot,402,20200003,33.8663,82,178,-118.1878,0,3,0,2002-03,18,19,1.0,2PT Field Goal,Right Side Center(RC),Mid-Range,16-24 ft.,1610612747,Los Angeles Lakers,2002-10-29,LAL vs. SAS,SAS,3129
Layup Shot,Layup,421,20200003,34.0443,0,0,-118.2698,10,4,0,2002-03,17,0,0.0,2PT Field Goal,Center(C),Restricted Area,Less Than 8 ft.,1610612747,Los Angeles Lakers,2002-10-29,LAL vs. SAS,SAS,3130
Layup Shot,Layup,479,20200003,34.0443,0,0,-118.2698,5,4,0,2002-03,10,0,0.0,2PT Field Goal,Center(C),Restricted Area,Less Than 8 ft.,1610612747,Los Angeles Lakers,2002-10-29,LAL vs. SAS,SAS,3131
Jump Shot,Jump Shot,486,20200003,33.9913,54,53,-118.2158,4,4,0,2002-03,35,7,,2PT Field Goal,Center(C),In The Paint (Non-RA),Less Than 8 ft.,1610612747,Los Angeles Lakers,2002-10-29,LAL vs. SAS,SAS,3132
Layup Shot,Layup,508,20200003,34.0443,0,0,-118.2698,3,4,0,2002-03,27,0,0.0,2PT Field Goal,Center(C),Restricted Area,Less Than 8 ft.,1610612747,Los Angeles Lakers,2002-10-29,LAL vs. SAS,SAS,3133
Jump Shot,Jump Shot,529,20200003,33.8553,167,189,-118.1028,1,4,0,2002-03,22,25,0.0,3PT Field Goal,Right Side Center(RC),Above the Break 3,24+ ft.,1610612747,Los Angeles Lakers,2002-10-29,LAL vs. SAS,SAS,3134
Dunk Shot,Dunk,558,20200003,34.0443,0,0,-118.2698,0,4,0,2002-03,19,0,0.0,2PT Field Goal,Center(C),Restricted Area,Less Than 8 ft.,1610612747,Los Angeles Lakers,2002-10-29,LAL vs. SAS,SAS,3135
Jump Shot,Jump Shot,561,20200003,33.9013,-222,143,-118.4918,0,4,0,2002-03,4,26,1.0,3PT Field Goal,Left Side Center(LC),Above the Break 3,24+ ft.,1610612747,Los Angeles Lakers,2002-10-29,LAL vs. SAS,SAS,3136
Dunk Shot,Dunk,3,20200014,34.0443,0,0,-118.2698,11,1,0,2002-03,50,0,0.0,2PT Field Goal,Center(C),Restricted Area,Less Than 8 ft.,1610612747,Los Angeles Lakers,2002-10-30,LAL @ POR,POR,3137
Jump Shot,Jump Shot,11,20200014,33.9123,66,132,-118.2038,10,1,0,2002-03,58,14,,2PT Field Goal,Center(C),In The Paint (Non-RA),8-16 ft.,1610612747,Los Angeles Lakers,2002-10-30,LAL @ POR,POR,3138
Turnaround Jump Shot,Jump Shot,17,20200014,34.0443,174,0,-118.0958,9,1,0,2002-03,34,17,0.0,2PT Field Goal,Right Side(R),Mid-Range,16-24 ft.,1610612747,Los Angeles Lakers,2002-10-30,LAL @ POR,POR,3139
Jump Shot,Jump Shot,65,20200014,33.8023,49,242,-118.2208,3,1,0,2002-03,52,24,1.0,3PT Field Goal,Center(C),Above the Break 3,24+ ft.,1610612747,Los Angeles Lakers,2002-10-30,LAL @ POR,POR,3140
Layup Shot,Layup,67,20200014,34.0443,0,0,-118.2698,3,1,0,2002-03,31,0,,2PT Field Goal,Center(C),Restricted Area,Less Than 8 ft.,1610612747,Los Angeles Lakers,2002-10-30,LAL @ POR,POR,3141
Alley Oop Layup shot,Layup,71,20200014,34.0443,0,0,-118.2698,2,1,0,2002-03,58,0,1.0,2PT Field Goal,Center(C),Restricted Area,Less Than 8 ft.,1610612747,Los Angeles Lakers,2002-10-30,LAL @ POR,POR,3142
Jump Shot,Jump Shot,115,20200014,33.8303,0,214,-118.2698,11,2,0,2002-03,50,21,0.0,2PT Field Goal,Center(C),Mid-Range,16-24 ft.,1610612747,Los Angeles Lakers,2002-10-30,LAL @ POR,POR,3143
Jump Shot,Jump Shot,132,20200014,33.8633,163,181,-118.1068,9,2,0,2002-03,59,24,0.0,3PT Field Goal,Right Side Center(RC),Above the Break 3,24+ ft.,1610612747,Los Angeles Lakers,2002-10-30,LAL @ POR,POR,3144
Jump Shot,Jump Shot,189,20200014,34.0373,169,7,-118.1008,5,2,0,2002-03,49,16,0.0,2PT Field Goal,Right Side(R),Mid-Range,16-24 ft.,1610612747,Los Angeles Lakers,2002-10-30,LAL @ POR,POR,3145
Jump Shot,Jump Shot,200,20200014,33.9813,200,63,-118.0698,5,2,0,2002-03,4,20,0.0,2PT Field Goal,Right Side(R),Mid-Range,16-24 ft.,1610612747,Los Angeles Lakers,2002-10-30,LAL @ POR,POR,3146
Jump Shot,Jump Shot,221,20200014,33.8943,195,150,-118.0748,3,2,0,2002-03,22,24,1.0,3PT Field Goal,Right Side Center(RC),Above the Break 3,24+ ft.,1610612747,Los Angeles Lakers,2002-10-30,LAL @ POR,POR,3147
Jump Shot,Jump Shot,260,20200014,33.8713,-172,173,-118.4418,0,2,0,2002-03,0,24,0.0,3PT Field Goal,Left Side Center(LC),Above the Break 3,24+ ft.,1610612747,Los Angeles Lakers,2002-10-30,LAL @ POR,POR,3148
Driving Layup Shot,Layup,278,20200014,34.0443,0,0,-118.2698,9,3,0,2002-03,58,0,1.0,2PT Field Goal,Center(C),Restricted Area,Less Than 8 ft.,1610612747,Los Angeles Lakers,2002-10-30,LAL @ POR,POR,3149
Driving Layup Shot,Layup,285,20200014,34.0443,0,0,-118.2698,9,3,0,2002-03,15,0,1.0,2PT Field Goal,Center(C),Restricted Area,Less Than 8 ft.,1610612747,Los Angeles Lakers,2002-10-30,LAL @ POR,POR,3150
Jump Shot,Jump Shot,349,20200014,33.8173,120,227,-118.1498,1,3,0,2002-03,32,25,1.0,3PT Field Goal,Right Side Center(RC),Above the Break 3,24+ ft.,1610612747,Los Angeles Lakers,2002-10-30,LAL @ POR,POR,3151
Jump Shot,Jump Shot,351,20200014,33.8913,-214,153,-118.4838,0,3,0,2002-03,40,26,0.0,3PT Field Goal,Left Side Center(LC),Above the Break 3,24+ ft.,1610612747,Los Angeles Lakers,2002-10-30,LAL @ POR,POR,3152
Jump Shot,Jump Shot,356,20200014,33.8523,-199,192,-118.4688,0,3,0,2002-03,0,27,0.0,3PT Field Goal,Left Side Center(LC),Above the Break 3,24+ ft.,1610612747,Los Angeles Lakers,2002-10-30,LAL @ POR,POR,3153
Turnaround Jump Shot,Jump Shot,373,20200014,34.0363,-92,8,-118.3618,10,4,0,2002-03,43,9,1.0,2PT Field Goal,Left Side(L),Mid-Range,8-16 ft.,1610612747,Los Angeles Lakers,2002-10-30,LAL @ POR,POR,3154
Running Jump Shot,Jump Shot,4,20200029,33.8993,-105,145,-118.3748,11,1,0,2002-03,38,17,1.0,2PT Field Goal,Left Side Center(LC),Mid-Range,16-24 ft.,1610612747,Los Angeles Lakers,2002-11-01,LAL @ LAC,LAC,3155
Reverse Layup Shot,Layup,6,20200029,34.0443,0,0,-118.2698,11,1,0,2002-03,10,0,,2PT Field Goal,Center(C),Restricted Area,Less Than 8 ft.,1610612747,Los Angeles Lakers,2002-11-01,LAL @ LAC,LAC,3156
Tip Shot,Tip Shot,34,20200029,34.0443,0,0,-118.2698,7,1,0,2002-03,35,0,0.0,2PT Field Goal,Center(C),Restricted Area,Less Than 8 ft.,1610612747,Los Angeles Lakers,2002-11-01,LAL @ LAC,LAC,3157
Layup Shot,Layup,36,20200029,34.0443,0,0,-118.2698,7,1,0,2002-03,32,0,1.0,2PT Field Goal,Center(C),Restricted Area,Less Than 8 ft.,1610612747,Los Angeles Lakers,2002-11-01,LAL @ LAC,LAC,3158
Jump Shot,Jump Shot,71,20200029,34.0263,182,18,-118.0878,4,1,0,2002-03,17,18,1.0,2PT Field Goal,Right Side(R),Mid-Range,16-24 ft.,1610612747,Los Angeles Lakers,2002-11-01,LAL @ LAC,LAC,3159
Jump Shot,Jump Shot,199,20200029,33.7943,-99,250,-118.3688,3,2,0,2002-03,56,26,0.0,3PT Field Goal,Left Side Center(LC),Above the Break 3,24+ ft.,1610612747,Los Angeles Lakers,2002-11-01,LAL @ LAC,LAC,3160
Jump Shot,Jump Shot,230,20200029,33.8353,52,209,-118.2178,0,2,0,2002-03,45,21,1.0,2PT Field Goal,Center(C),Mid-Range,16-24 ft.,1610612747,Los Angeles Lakers,2002-11-01,LAL @ LAC,LAC,3161
Driving Layup Shot,Layup,250,20200029,34.0443,0,0,-118.2698,11,3,0,2002-03,1,0,,2PT Field Goal,Center(C),Restricted Area,Less Than 8 ft.,1610612747,Los Angeles Lakers,2002-11-01,LAL @ LAC,LAC,3162
Running Jump Shot,Jump Shot,254,20200029,33.9753,-5,69,-118.2748,10,3,0,2002-03,21,6,1.0,2PT Field Goal,Center(C),In The Paint (Non-RA),Less Than 8 ft.,1610612747,Los Angeles Lakers,2002-11-01,LAL @ LAC,LAC,3163
Driving Layup Shot,Layup,295,20200029,34.0443,0,0,-118.2698,6,3,0,2002-03,42,0,1.0,2PT Field Goal,Center(C),Restricted Area,Less Than 8 ft.,1610612747,Los Angeles Lakers,2002-11-01,LAL @ LAC,LAC,3164
Jump Shot,Jump Shot,331,20200029,33.9703,-2,74,-118.2718,3,3,0,2002-03,45,7,0.0,2PT Field Goal,Center(C),In The Paint (Non-RA),Less Than 8 ft.,1610612747,Los Angeles Lakers,2002-11-01,LAL @ LAC,LAC,3165
Driving Dunk Shot,Dunk,351,20200029,34.0443,0,0,-118.2698,2,3,0,2002-03,25,0,1.0,2PT Field Goal,Center(C),Restricted Area,Less Than 8 ft.,1610612747,Los Angeles Lakers,2002-11-01,LAL @ LAC,LAC,3166
Jump Shot,Jump Shot,375,20200029,33.8433,-159,201,-118.4288,11,4,0,2002-03,29,25,,3PT Field Goal,Left Side Center(LC),Above the Break 3,24+ ft.,1610612747,Los Angeles Lakers,2002-11-01,LAL @ LAC,LAC,3167
Jump Shot,Jump Shot,382,20200029,33.8813,8,163,-118.2618,10,4,0,2002-03,19,16,0.0,2PT Field Goal,Center(C),Mid-Range,16-24 ft.,1610612747,Los Angeles Lakers,2002-11-01,LAL @ LAC,LAC,3168
Jump Shot,Jump Shot,453,20200029,33.9123,-5,132,-118.2748,2,4,0,2002-03,31,13,0.0,2PT Field Goal,Center(C),In The Paint (Non-RA),8-16 ft.,1610612747,Los Angeles Lakers,2002-11-01,LAL @ LAC,LAC,3169
Jump Shot,Jump Shot,463,20200029,33.8763,121,168,-118.1488,1,4,0,2002-03,41,20,,2PT Field Goal,Right Side Center(RC),Mid-Range,16-24 ft.,1610612747,Los Angeles Lakers,2002-11-01,LAL @ LAC,LAC,3170
Jump Shot,Jump Shot,465,20200029,34.0523,-177,-8,-118.4468,1,4,0,2002-03,18,17,,2PT Field Goal,Left Side(L),Mid-Range,16-24 ft.,1610612747,Los Angeles Lakers,2002-11-01,LAL @ LAC,LAC,3171
Jump Shot,Jump Shot,469,20200029,33.8703,-113,174,-118.3828,0,4,0,2002-03,53,20,,2PT Field Goal,Left Side Center(LC),Mid-Range,16-24 ft.,1610612747,Los Angeles Lakers,2002-11-01,LAL @ LAC,LAC,3172
Jump Shot,Jump Shot,85,20200045,33.8583,-169,186,-118.4388,2,1,0,2002-03,47,25,1.0,3PT Field Goal,Left Side Center(LC),Above the Break 3,24+ ft.,1610612747,Los Angeles Lakers,2002-11-03,LAL vs. POR,POR,3173
Jump Shot,Jump Shot,88,20200045,33.9223,90,122,-118.1798,2,1,0,2002-03,17,15,0.0,2PT Field Goal,Right Side(R),Mid-Range,8-16 ft.,1610612747,Los Angeles Lakers,2002-11-03,LAL vs. POR,POR,3174
Jump Shot,Jump Shot,121,20200045,33.8663,118,178,-118.1518,10,2,0,2002-03,38,21,1.0,2PT Field Goal,Right Side Center(RC),Mid-Range,16-24 ft.,1610612747,Los Angeles Lakers,2002-11-03,LAL vs. POR,POR,3175
Slam Dunk Shot,Dunk,184,20200045,34.0443,0,0,-118.2698,4,2,0,2002-03,16,0,,2PT Field Goal,Center(C),Restricted Area,Less Than 8 ft.,1610612747,Los Angeles Lakers,2002-11-03,LAL vs. POR,POR,3176
Jump Shot,Jump Shot,238,20200045,33.9173,-176,127,-118.4458,10,3,0,2002-03,4,21,1.0,2PT Field Goal,Left Side(L),Mid-Range,16-24 ft.,1610612747,Los Angeles Lakers,2002-11-03,LAL vs. POR,POR,3177
Turnaround Jump Shot,Jump Shot,256,20200045,33.9533,52,91,-118.2178,7,3,0,2002-03,37,10,1.0,2PT Field Goal,Center(C),In The Paint (Non-RA),8-16 ft.,1610612747,Los Angeles Lakers,2002-11-03,LAL vs. POR,POR,3178
Jump Shot,Jump Shot,292,20200045,33.9803,233,64,-118.0368,3,3,0,2002-03,32,24,0.0,3PT Field Goal,Right Side(R),Right Corner 3,24+ ft.,1610612747,Los Angeles Lakers,2002-11-03,LAL vs. POR,POR,3179
Jump Shot,Jump Shot,307,20200045,34.0373,186,7,-118.0838,2,3,0,2002-03,14,18,,2PT Field Goal,Right Side(R),Mid-Range,16-24 ft.,1610612747,Los Angeles Lakers,2002-11-03,LAL vs. POR,POR,3180
Layup Shot,Layup,346,20200045,34.0443,0,0,-118.2698,10,4,0,2002-03,5,0,1.0,2PT Field Goal,Center(C),Restricted Area,Less Than 8 ft.,1610612747,Los Angeles Lakers,2002-11-03,LAL vs. POR,POR,3181
Jump Shot,Jump Shot,393,20200045,33.7843,-21,260,-118.2908,6,4,0,2002-03,24,26,1.0,3PT Field Goal,Center(C),Above the Break 3,24+ ft.,1610612747,Los Angeles Lakers,2002-11-03,LAL vs. POR,POR,3182
Jump Shot,Jump Shot,395,20200045,33.8483,-3,196,-118.2728,5,4,0,2002-03,49,19,1.0,2PT Field Goal,Center(C),Mid-Range,16-24 ft.,1610612747,Los Angeles Lakers,2002-11-03,LAL vs. POR,POR,3183
Jump Shot,Jump Shot,407,20200045,33.7863,98,258,-118.1718,4,4,0,2002-03,29,27,0.0,3PT Field Goal,Right Side Center(RC),Above the Break 3,24+ ft.,1610612747,Los Angeles Lakers,2002-11-03,LAL vs. POR,POR,3184
Jump Shot,Jump Shot,419,20200045,33.8683,41,176,-118.2288,3,4,0,2002-03,50,18,1.0,2PT Field Goal,Center(C),Mid-Range,16-24 ft.,1610612747,Los Angeles Lakers,2002-11-03,LAL vs. POR,POR,3185
Jump Shot,Jump Shot,438,20200045,33.7973,39,247,-118.2308,1,4,0,2002-03,46,25,0.0,3PT Field Goal,Center(C),Above the Break 3,24+ ft.,1610612747,Los Angeles Lakers,2002-11-03,LAL vs. POR,POR,3186
Layup Shot,Layup,456,20200045,34.0443,0,0,-118.2698,0,4,0,2002-03,36,0,0.0,2PT Field Goal,Center(C),Restricted Area,Less Than 8 ft.,1610612747,Los Angeles Lakers,2002-11-03,LAL vs. POR,POR,3187
Tip Shot,Tip Shot,457,20200045,34.0443,0,0,-118.2698,0,4,0,2002-03,35,0,1.0,2PT Field Goal,Center(C),Restricted Area,Less Than 8 ft.,1610612747,Los Angeles Lakers,2002-11-03,LAL vs. POR,POR,3188
Jump Shot,Jump Shot,485,20200045,34.0343,77,10,-118.1928,4,5,0,2002-03,45,7,,2PT Field Goal,Center(C),In The Paint (Non-RA),Less Than 8 ft.,1610612747,Los Angeles Lakers,2002-11-03,LAL vs. POR,POR,3189
Jump Shot,Jump Shot,516,20200045,33.8153,-151,229,-118.4208,2,5,0,2002-03,1,27,0.0,3PT Field Goal,Left Side Center(LC),Above the Break 3,24+ ft.,1610612747,Los Angeles Lakers,2002-11-03,LAL vs. POR,POR,3190
Driving Layup Shot,Layup,522,20200045,34.0443,0,0,-118.2698,1,5,0,2002-03,25,0,1.0,2PT Field Goal,Center(C),Restricted Area,Less Than 8 ft.,1610612747,Los Angeles Lakers,2002-11-03,LAL vs. POR,POR,3191
Layup Shot,Layup,15,20200053,34.0243,1,20,-118.2688,9,1,0,2002-03,39,2,0.0,2PT Field Goal,Center(C),Restricted Area,Less Than 8 ft.,1610612747,Los Angeles Lakers,2002-11-05,LAL @ CLE,CLE,3192
Jump Shot,Jump Shot,29,20200053,34.0373,57,7,-118.2128,8,1,0,2002-03,31,5,0.0,2PT Field Goal,Center(C),In The Paint (Non-RA),Less Than 8 ft.,1610612747,Los Angeles Lakers,2002-11-05,LAL @ CLE,CLE,3193
Jump Shot,Jump Shot,34,20200053,34.0553,232,-11,-118.0378,8,1,0,2002-03,0,23,1.0,3PT Field Goal,Right Side(R),Right Corner 3,24+ ft.,1610612747,Los Angeles Lakers,2002-11-05,LAL @ CLE,CLE,3194
Jump Shot,Jump Shot,40,20200053,33.9763,141,68,-118.1288,6,1,0,2002-03,55,15,0.0,2PT Field Goal,Right Side(R),Mid-Range,8-16 ft.,1610612747,Los Angeles Lakers,2002-11-05,LAL @ CLE,CLE,3195
Tip Shot,Tip Shot,68,20200053,34.0343,-5,10,-118.2748,4,1,0,2002-03,31,1,0.0,2PT Field Goal,Center(C),Restricted Area,Less Than 8 ft.,1610612747,Los Angeles Lakers,2002-11-05,LAL @ CLE,CLE,3196
Layup Shot,Layup,70,20200053,34.0393,-6,5,-118.2758,4,1,0,2002-03,29,0,1.0,2PT Field Goal,Center(C),Restricted Area,Less Than 8 ft.,1610612747,Los Angeles Lakers,2002-11-05,LAL @ CLE,CLE,3197
Jump Shot,Jump Shot,139,20200053,33.9573,130,87,-118.1398,9,2,0,2002-03,50,15,,2PT Field Goal,Right Side(R),Mid-Range,8-16 ft.,1610612747,Los Angeles Lakers,2002-11-05,LAL @ CLE,CLE,3198
Layup Shot,Layup,216,20200053,34.0363,13,8,-118.2568,2,2,0,2002-03,28,1,0.0,2PT Field Goal,Center(C),Restricted Area,Less Than 8 ft.,1610612747,Los Angeles Lakers,2002-11-05,LAL @ CLE,CLE,3199
Jump Shot,Jump Shot,218,20200053,33.9143,8,130,-118.2618,2,2,0,2002-03,19,13,1.0,2PT Field Goal,Center(C),In The Paint (Non-RA),8-16 ft.,1610612747,Los Angeles Lakers,2002-11-05,LAL @ CLE,CLE,3200
Fadeaway Jump Shot,Jump Shot,248,20200053,33.8813,29,163,-118.2408,11,3,0,2002-03,39,16,0.0,2PT Field Goal,Center(C),Mid-Range,16-24 ft.,1610612747,Los Angeles Lakers,2002-11-05,LAL @ CLE,CLE,3201
Jump Shot,Jump Shot,279,20200053,33.8343,-2,210,-118.2718,7,3,0,2002-03,37,21,0.0,2PT Field Goal,Center(C),Mid-Range,16-24 ft.,1610612747,Los Angeles Lakers,2002-11-05,LAL @ CLE,CLE,3202
Jump Shot,Jump Shot,332,20200053,34.0373,59,7,-118.2108,2,3,0,2002-03,25,5,1.0,2PT Field Goal,Center(C),In The Paint (Non-RA),Less Than 8 ft.,1610612747,Los Angeles Lakers,2002-11-05,LAL @ CLE,CLE,3203
Jump Shot,Jump Shot,369,20200053,33.8893,141,155,-118.1288,11,4,0,2002-03,20,20,0.0,2PT Field Goal,Right Side Center(RC),Mid-Range,16-24 ft.,1610612747,Los Angeles Lakers,2002-11-05,LAL @ CLE,CLE,3204
Jump Shot,Jump Shot,8,20200069,33.9243,-102,120,-118.3718,10,1,0,2002-03,54,15,0.0,2PT Field Goal,Left Side(L),Mid-Range,8-16 ft.,1610612747,Los Angeles Lakers,2002-11-07,LAL @ BOS,BOS,3205
Jump Shot,Jump Shot,23,20200069,33.9173,94,127,-118.1758,9,1,0,2002-03,32,15,,2PT Field Goal,Right Side(R),Mid-Range,8-16 ft.,1610612747,Los Angeles Lakers,2002-11-07,LAL @ BOS,BOS,3206
Layup Shot,Layup,34,20200069,34.0323,-16,12,-118.2858,8,1,0,2002-03,25,2,0.0,2PT Field Goal,Center(C),Restricted Area,Less Than 8 ft.,1610612747,Los Angeles Lakers,2002-11-07,LAL @ BOS,BOS,3207
Jump Shot,Jump Shot,75,20200069,33.9803,1,64,-118.2688,4,1,0,2002-03,2,6,0.0,2PT Field Goal,Center(C),In The Paint (Non-RA),Less Than 8 ft.,1610612747,Los Angeles Lakers,2002-11-07,LAL @ BOS,BOS,3208
Fadeaway Jump Shot,Jump Shot,93,20200069,33.9933,130,51,-118.1398,2,1,0,2002-03,24,13,0.0,2PT Field Goal,Right Side(R),Mid-Range,8-16 ft.,1610612747,Los Angeles Lakers,2002-11-07,LAL @ BOS,BOS,3209
Jump Shot,Jump Shot,103,20200069,33.8303,-126,214,-118.3958,0,1,0,2002-03,55,24,0.0,3PT Field Goal,Left Side Center(LC),Above the Break 3,24+ ft.,1610612747,Los Angeles Lakers,2002-11-07,LAL @ BOS,BOS,3210
Layup Shot,Layup,110,20200069,34.0393,-6,5,-118.2758,0,1,0,2002-03,19,0,1.0,2PT Field Goal,Center(C),Restricted Area,Less Than 8 ft.,1610612747,Los Angeles Lakers,2002-11-07,LAL @ BOS,BOS,3211
Jump Shot,Jump Shot,113,20200069,33.4953,64,549,-118.2058,0,1,0,2002-03,0,55,0.0,3PT Field Goal,Back Court(BC),Backcourt,Back Court Shot,1610612747,Los Angeles Lakers,2002-11-07,LAL @ BOS,BOS,3212
Jump Shot,Jump Shot,166,20200069,34.0623,-161,-18,-118.4308,5,2,0,2002-03,56,16,1.0,2PT Field Goal,Left Side(L),Mid-Range,16-24 ft.,1610612747,Los Angeles Lakers,2002-11-07,LAL @ BOS,BOS,3213
Jump Shot,Jump Shot,168,20200069,33.9073,-28,137,-118.2978,5,2,0,2002-03,27,13,0.0,2PT Field Goal,Center(C),In The Paint (Non-RA),8-16 ft.,1610612747,Los Angeles Lakers,2002-11-07,LAL @ BOS,BOS,3214
Layup Shot,Layup,176,20200069,34.0213,15,23,-118.2548,4,2,0,2002-03,43,2,,2PT Field Goal,Center(C),Restricted Area,Less Than 8 ft.,1610612747,Los Angeles Lakers,2002-11-07,LAL @ BOS,BOS,3215
Jump Shot,Jump Shot,186,20200069,34.0473,92,-3,-118.1778,4,2,0,2002-03,7,9,0.0,2PT Field Goal,Right Side(R),Mid-Range,8-16 ft.,1610612747,Los Angeles Lakers,2002-11-07,LAL @ BOS,BOS,3216
Fadeaway Jump Shot,Jump Shot,210,20200069,33.9393,87,105,-118.1828,1,2,0,2002-03,24,13,1.0,2PT Field Goal,Right Side(R),Mid-Range,8-16 ft.,1610612747,Los Angeles Lakers,2002-11-07,LAL @ BOS,BOS,3217
Jump Shot,Jump Shot,215,20200069,33.8753,-112,169,-118.3818,0,2,0,2002-03,52,20,1.0,2PT Field Goal,Left Side Center(LC),Mid-Range,16-24 ft.,1610612747,Los Angeles Lakers,2002-11-07,LAL @ BOS,BOS,3218
Jump Shot,Jump Shot,223,20200069,33.6863,151,358,-118.1188,0,2,0,2002-03,0,38,0.0,3PT Field Goal,Right Side Center(RC),Above the Break 3,24+ ft.,1610612747,Los Angeles Lakers,2002-11-07,LAL @ BOS,BOS,3219
Jump Shot,Jump Shot,232,20200069,33.9683,-18,76,-118.2878,11,3,0,2002-03,5,7,1.0,2PT Field Goal,Center(C),In The Paint (Non-RA),Less Than 8 ft.,1610612747,Los Angeles Lakers,2002-11-07,LAL @ BOS,BOS,3220
Jump Shot,Jump Shot,235,20200069,33.9223,143,122,-118.1268,10,3,0,2002-03,31,18,0.0,2PT Field Goal,Right Side Center(RC),Mid-Range,16-24 ft.,1610612747,Los Angeles Lakers,2002-11-07,LAL @ BOS,BOS,3221
Reverse Layup Shot,Layup,244,20200069,34.0443,-2,0,-118.2718,9,3,0,2002-03,27,0,,2PT Field Goal,Center(C),Restricted Area,Less Than 8 ft.,1610612747,Los Angeles Lakers,2002-11-07,LAL @ BOS,BOS,3222
Jump Shot,Jump Shot,247,20200069,33.9393,64,105,-118.2058,8,3,0,2002-03,44,12,1.0,2PT Field Goal,Right Side(R),In The Paint (Non-RA),8-16 ft.,1610612747,Los Angeles Lakers,2002-11-07,LAL @ BOS,BOS,3223
Jump Shot,Jump Shot,250,20200069,33.8153,131,229,-118.1388,8,3,0,2002-03,13,26,0.0,3PT Field Goal,Right Side Center(RC),Above the Break 3,24+ ft.,1610612747,Los Angeles Lakers,2002-11-07,LAL @ BOS,BOS,3224
Fadeaway Jump Shot,Jump Shot,259,20200069,34.0633,-181,-19,-118.4508,7,3,0,2002-03,3,18,1.0,2PT Field Goal,Left Side(L),Mid-Range,16-24 ft.,1610612747,Los Angeles Lakers,2002-11-07,LAL @ BOS,BOS,3225
Jump Shot,Jump Shot,261,20200069,34.0523,113,-8,-118.1568,6,3,0,2002-03,31,11,0.0,2PT Field Goal,Right Side(R),Mid-Range,8-16 ft.,1610612747,Los Angeles Lakers,2002-11-07,LAL @ BOS,BOS,3226
Jump Shot,Jump Shot,269,20200069,33.8783,110,166,-118.1598,5,3,0,2002-03,49,19,1.0,2PT Field Goal,Right Side Center(RC),Mid-Range,16-24 ft.,1610612747,Los Angeles Lakers,2002-11-07,LAL @ BOS,BOS,3227
Jump Shot,Jump Shot,278,20200069,33.9063,-103,138,-118.3728,4,3,0,2002-03,41,17,,2PT Field Goal,Left Side Center(LC),Mid-Range,16-24 ft.,1610612747,Los Angeles Lakers,2002-11-07,LAL @ BOS,BOS,3228
Jump Shot,Jump Shot,289,20200069,33.9213,-130,123,-118.3998,3,3,0,2002-03,4,17,,2PT Field Goal,Left Side Center(LC),Mid-Range,16-24 ft.,1610612747,Los Angeles Lakers,2002-11-07,LAL @ BOS,BOS,3229
Jump Shot,Jump Shot,312,20200069,33.8843,95,160,-118.1748,1,3,0,2002-03,2,18,1.0,2PT Field Goal,Right Side Center(RC),Mid-Range,16-24 ft.,1610612747,Los Angeles Lakers,2002-11-07,LAL @ BOS,BOS,3230
Jump Shot,Jump Shot,316,20200069,33.7873,-6,257,-118.2758,0,3,0,2002-03,32,25,0.0,3PT Field Goal,Center(C),Above the Break 3,24+ ft.,1610612747,Los Angeles Lakers,2002-11-07,LAL @ BOS,BOS,3231
Jump Shot,Jump Shot,322,20200069,33.8553,-3,189,-118.2728,0,3,0,2002-03,1,18,,2PT Field Goal,Center(C),Mid-Range,16-24 ft.,1610612747,Los Angeles Lakers,2002-11-07,LAL @ BOS,BOS,3232
Jump Shot,Jump Shot,331,20200069,34.0163,39,28,-118.2308,10,4,0,2002-03,54,4,,2PT Field Goal,Center(C),In The Paint (Non-RA),Less Than 8 ft.,1610612747,Los Angeles Lakers,2002-11-07,LAL @ BOS,BOS,3233
Jump Shot,Jump Shot,341,20200069,34.0133,149,31,-118.1208,9,4,0,2002-03,45,15,0.0,2PT Field Goal,Right Side(R),Mid-Range,8-16 ft.,1610612747,Los Angeles Lakers,2002-11-07,LAL @ BOS,BOS,3234
Jump Shot,Jump Shot,343,20200069,34.0133,34,31,-118.2358,9,4,0,2002-03,39,4,0.0,2PT Field Goal,Center(C),In The Paint (Non-RA),Less Than 8 ft.,1610612747,Los Angeles Lakers,2002-11-07,LAL @ BOS,BOS,3235
Jump Shot,Jump Shot,367,20200069,33.8153,-168,229,-118.4378,7,4,0,2002-03,10,28,0.0,3PT Field Goal,Left Side Center(LC),Above the Break 3,24+ ft.,1610612747,Los Angeles Lakers,2002-11-07,LAL @ BOS,BOS,3236
Jump Shot,Jump Shot,372,20200069,33.8883,-113,156,-118.3828,6,4,0,2002-03,26,19,1.0,2PT Field Goal,Left Side Center(LC),Mid-Range,16-24 ft.,1610612747,Los Angeles Lakers,2002-11-07,LAL @ BOS,BOS,3237
Jump Shot,Jump Shot,376,20200069,33.9063,-128,138,-118.3978,5,4,0,2002-03,49,18,,2PT Field Goal,Left Side Center(LC),Mid-Range,16-24 ft.,1610612747,Los Angeles Lakers,2002-11-07,LAL @ BOS,BOS,3238
Jump Shot,Jump Shot,381,20200069,34.0583,-133,-14,-118.4028,5,4,0,2002-03,12,13,0.0,2PT Field Goal,Left Side(L),Mid-Range,8-16 ft.,1610612747,Los Angeles Lakers,2002-11-07,LAL @ BOS,BOS,3239
Jump Shot,Jump Shot,389,20200069,34.0423,148,2,-118.1218,4,4,0,2002-03,41,14,0.0,2PT Field Goal,Right Side(R),Mid-Range,8-16 ft.,1610612747,Los Angeles Lakers,2002-11-07,LAL @ BOS,BOS,3240
Jump Shot,Jump Shot,401,20200069,33.7893,16,255,-118.2538,3,4,0,2002-03,17,25,0.0,3PT Field Goal,Center(C),Above the Break 3,24+ ft.,1610612747,Los Angeles Lakers,2002-11-07,LAL @ BOS,BOS,3241
Jump Shot,Jump Shot,408,20200069,33.8863,103,158,-118.1668,2,4,0,2002-03,31,18,0.0,2PT Field Goal,Right Side Center(RC),Mid-Range,16-24 ft.,1610612747,Los Angeles Lakers,2002-11-07,LAL @ BOS,BOS,3242
Jump Shot,Jump Shot,412,20200069,34.0143,71,30,-118.1988,2,4,0,2002-03,16,7,0.0,2PT Field Goal,Center(C),In The Paint (Non-RA),Less Than 8 ft.,1610612747,Los Angeles Lakers,2002-11-07,LAL @ BOS,BOS,3243
Jump Shot,Jump Shot,414,20200069,33.9393,-125,105,-118.3948,2,4,0,2002-03,10,16,0.0,2PT Field Goal,Left Side Center(LC),Mid-Range,16-24 ft.,1610612747,Los Angeles Lakers,2002-11-07,LAL @ BOS,BOS,3244
Jump Shot,Jump Shot,417,20200069,33.9783,-123,66,-118.3928,1,4,0,2002-03,36,13,0.0,2PT Field Goal,Left Side(L),Mid-Range,8-16 ft.,1610612747,Los Angeles Lakers,2002-11-07,LAL @ BOS,BOS,3245
Jump Shot,Jump Shot,427,20200069,33.9953,31,49,-118.2388,0,4,0,2002-03,53,5,0.0,2PT Field Goal,Center(C),In The Paint (Non-RA),Less Than 8 ft.,1610612747,Los Angeles Lakers,2002-11-07,LAL @ BOS,BOS,3246
Jump Shot,Jump Shot,434,20200069,34.0033,97,41,-118.1728,0,4,0,2002-03,18,10,0.0,2PT Field Goal,Right Side(R),Mid-Range,8-16 ft.,1610612747,Los Angeles Lakers,2002-11-07,LAL @ BOS,BOS,3247
Jump Shot,Jump Shot,454,20200069,33.9243,-118,120,-118.3878,3,5,0,2002-03,46,16,0.0,2PT Field Goal,Left Side Center(LC),Mid-Range,16-24 ft.,1610612747,Los Angeles Lakers,2002-11-07,LAL @ BOS,BOS,3248
Jump Shot,Jump Shot,470,20200069,33.8343,10,210,-118.2598,2,5,0,2002-03,16,21,1.0,2PT Field Goal,Center(C),Mid-Range,16-24 ft.,1610612747,Los Angeles Lakers,2002-11-07,LAL @ BOS,BOS,3249
Turnaround Jump Shot,Jump Shot,485,20200069,33.8613,46,183,-118.2238,0,5,0,2002-03,58,18,1.0,2PT Field Goal,Center(C),Mid-Range,16-24 ft.,1610612747,Los Angeles Lakers,2002-11-07,LAL @ BOS,BOS,3250
Jump Shot,Jump Shot,495,20200069,33.8483,-158,196,-118.4278,0,5,0,2002-03,1,25,0.0,3PT Field Goal,Left Side Center(LC),Above the Break 3,24+ ft.,1610612747,Los Angeles Lakers,2002-11-07,LAL @ BOS,BOS,3251
Jump Shot,Jump Shot,6,20200076,34.0063,126,38,-118.1438,11,1,0,2002-03,11,13,0.0,2PT Field Goal,Right Side(R),Mid-Range,8-16 ft.,1610612747,Los Angeles Lakers,2002-11-08,LAL @ WAS,WAS,3252
Running Layup Shot,Layup,15,20200076,34.0443,16,0,-118.2538,10,1,0,2002-03,32,1,1.0,2PT Field Goal,Center(C),Restricted Area,Less Than 8 ft.,1610612747,Los Angeles Lakers,2002-11-08,LAL @ WAS,WAS,3253
Jump Shot,Jump Shot,17,20200076,33.9093,151,135,-118.1188,10,1,0,2002-03,12,20,0.0,2PT Field Goal,Right Side Center(RC),Mid-Range,16-24 ft.,1610612747,Los Angeles Lakers,2002-11-08,LAL @ WAS,WAS,3254
Jump Shot,Jump Shot,46,20200076,34.0813,205,-37,-118.0648,5,1,0,2002-03,10,20,1.0,2PT Field Goal,Right Side(R),Mid-Range,16-24 ft.,1610612747,Los Angeles Lakers,2002-11-08,LAL @ WAS,WAS,3255
Layup Shot,Layup,59,20200076,34.0503,-8,-6,-118.2778,3,1,0,2002-03,34,1,,2PT Field Goal,Center(C),Restricted Area,Less Than 8 ft.,1610612747,Los Angeles Lakers,2002-11-08,LAL @ WAS,WAS,3256
Jump Shot,Jump Shot,64,20200076,33.8433,6,201,-118.2638,2,1,0,2002-03,25,20,0.0,2PT Field Goal,Center(C),Mid-Range,16-24 ft.,1610612747,Los Angeles Lakers,2002-11-08,LAL @ WAS,WAS,3257
Jump Shot,Jump Shot,72,20200076,34.0323,75,12,-118.1948,1,1,0,2002-03,58,7,0.0,2PT Field Goal,Center(C),In The Paint (Non-RA),Less Than 8 ft.,1610612747,Los Angeles Lakers,2002-11-08,LAL @ WAS,WAS,3258
Jump Shot,Jump Shot,82,20200076,33.9803,102,64,-118.1678,0,1,0,2002-03,40,12,1.0,2PT Field Goal,Right Side(R),Mid-Range,8-16 ft.,1610612747,Los Angeles Lakers,2002-11-08,LAL @ WAS,WAS,3259
Jump Shot,Jump Shot,137,20200076,33.9263,49,118,-118.2208,6,2,0,2002-03,26,12,0.0,2PT Field Goal,Center(C),In The Paint (Non-RA),8-16 ft.,1610612747,Los Angeles Lakers,2002-11-08,LAL @ WAS,WAS,3260
Jump Shot,Jump Shot,148,20200076,33.9243,161,120,-118.1088,5,2,0,2002-03,10,20,0.0,2PT Field Goal,Right Side Center(RC),Mid-Range,16-24 ft.,1610612747,Los Angeles Lakers,2002-11-08,LAL @ WAS,WAS,3261
Jump Shot,Jump Shot,174,20200076,33.8863,135,158,-118.1348,2,2,0,2002-03,31,20,0.0,2PT Field Goal,Right Side Center(RC),Mid-Range,16-24 ft.,1610612747,Los Angeles Lakers,2002-11-08,LAL @ WAS,WAS,3262
Jump Shot,Jump Shot,183,20200076,34.0573,71,-13,-118.1988,1,2,0,2002-03,40,7,0.0,2PT Field Goal,Center(C),In The Paint (Non-RA),Less Than 8 ft.,1610612747,Los Angeles Lakers,2002-11-08,LAL @ WAS,WAS,3263
Turnaround Jump Shot,Jump Shot,215,20200076,34.0753,163,-31,-118.1068,11,3,0,2002-03,7,16,,2PT Field Goal,Right Side(R),Mid-Range,16-24 ft.,1610612747,Los Angeles Lakers,2002-11-08,LAL @ WAS,WAS,3264
Jump Shot,Jump Shot,226,20200076,34.0703,200,-26,-118.0698,10,3,0,2002-03,5,20,0.0,2PT Field Goal,Right Side(R),Mid-Range,16-24 ft.,1610612747,Los Angeles Lakers,2002-11-08,LAL @ WAS,WAS,3265
Jump Shot,Jump Shot,275,20200076,33.9683,-56,76,-118.3258,5,3,0,2002-03,1,9,0.0,2PT Field Goal,Left Side(L),In The Paint (Non-RA),8-16 ft.,1610612747,Los Angeles Lakers,2002-11-08,LAL @ WAS,WAS,3266
Jump Shot,Jump Shot,291,20200076,33.8473,92,197,-118.1778,3,3,0,2002-03,57,21,1.0,2PT Field Goal,Right Side Center(RC),Mid-Range,16-24 ft.,1610612747,Los Angeles Lakers,2002-11-08,LAL @ WAS,WAS,3267
Layup Shot,Layup,323,20200076,34.0343,-16,10,-118.2858,0,3,0,2002-03,52,1,0.0,2PT Field Goal,Center(C),Restricted Area,Less Than 8 ft.,1610612747,Los Angeles Lakers,2002-11-08,LAL @ WAS,WAS,3268
Jump Shot,Jump Shot,377,20200076,33.8663,84,178,-118.1858,6,4,0,2002-03,12,19,0.0,2PT Field Goal,Right Side Center(RC),Mid-Range,16-24 ft.,1610612747,Los Angeles Lakers,2002-11-08,LAL @ WAS,WAS,3269
Running Jump Shot,Jump Shot,401,20200076,33.9913,-115,53,-118.3848,3,4,0,2002-03,44,12,1.0,2PT Field Goal,Left Side(L),Mid-Range,8-16 ft.,1610612747,Los Angeles Lakers,2002-11-08,LAL @ WAS,WAS,3270
Jump Shot,Jump Shot,411,20200076,33.9983,-49,46,-118.3188,2,4,0,2002-03,42,6,1.0,2PT Field Goal,Center(C),In The Paint (Non-RA),Less Than 8 ft.,1610612747,Los Angeles Lakers,2002-11-08,LAL @ WAS,WAS,3271
Jump Shot,Jump Shot,424,20200076,33.9113,-8,133,-118.2778,1,4,0,2002-03,14,13,0.0,2PT Field Goal,Center(C),In The Paint (Non-RA),8-16 ft.,1610612747,Los Angeles Lakers,2002-11-08,LAL @ WAS,WAS,3272
Jump Shot,Jump Shot,27,20200106,33.9063,125,138,-118.1448,9,1,0,2002-03,21,18,,2PT Field Goal,Right Side Center(RC),Mid-Range,16-24 ft.,1610612747,Los Angeles Lakers,2002-11-12,LAL vs. ATL,ATL,3273
Jump Shot,Jump Shot,38,20200106,33.9533,138,91,-118.1318,8,1,0,2002-03,14,16,0.0,2PT Field Goal,Right Side(R),Mid-Range,16-24 ft.,1610612747,Los Angeles Lakers,2002-11-12,LAL vs. ATL,ATL,3274
Fadeaway Jump Shot,Jump Shot,57,20200106,33.8893,5,155,-118.2648,6,1,0,2002-03,0,15,,2PT Field Goal,Center(C),Mid-Range,8-16 ft.,1610612747,Los Angeles Lakers,2002-11-12,LAL vs. ATL,ATL,3275
Layup Shot,Layup,63,20200106,34.0443,0,0,-118.2698,5,1,0,2002-03,22,0,0.0,2PT Field Goal,Center(C),Restricted Area,Less Than 8 ft.,1610612747,Los Angeles Lakers,2002-11-12,LAL vs. ATL,ATL,3276
Jump Shot,Jump Shot,112,20200106,33.9303,0,114,-118.2698,1,1,0,2002-03,2,11,0.0,2PT Field Goal,Center(C),In The Paint (Non-RA),8-16 ft.,1610612747,Los Angeles Lakers,2002-11-12,LAL vs. ATL,ATL,3277
Jump Shot,Jump Shot,138,20200106,33.9473,136,97,-118.1338,9,2,0,2002-03,18,16,1.0,2PT Field Goal,Right Side(R),Mid-Range,16-24 ft.,1610612747,Los Angeles Lakers,2002-11-12,LAL vs. ATL,ATL,3278
Driving Layup Shot,Layup,164,20200106,34.0443,0,0,-118.2698,6,2,0,2002-03,11,0,1.0,2PT Field Goal,Center(C),Restricted Area,Less Than 8 ft.,1610612747,Los Angeles Lakers,2002-11-12,LAL vs. ATL,ATL,3279
Jump Shot,Jump Shot,215,20200106,33.9503,-54,94,-118.3238,1,2,0,2002-03,46,10,0.0,2PT Field Goal,Center(C),In The Paint (Non-RA),8-16 ft.,1610612747,Los Angeles Lakers,2002-11-12,LAL vs. ATL,ATL,3280
Layup Shot,Layup,237,20200106,34.0443,0,0,-118.2698,0,2,0,2002-03,19,0,1.0,2PT Field Goal,Center(C),Restricted Area,Less Than 8 ft.,1610612747,Los Angeles Lakers,2002-11-12,LAL vs. ATL,ATL,3281
Jump Shot,Jump Shot,262,20200106,33.9583,54,86,-118.2158,10,3,0,2002-03,11,10,0.0,2PT Field Goal,Right Side(R),In The Paint (Non-RA),8-16 ft.,1610612747,Los Angeles Lakers,2002-11-12,LAL vs. ATL,ATL,3282
Jump Shot,Jump Shot,274,20200106,33.8763,26,168,-118.2438,9,3,0,2002-03,35,17,1.0,2PT Field Goal,Center(C),Mid-Range,16-24 ft.,1610612747,Los Angeles Lakers,2002-11-12,LAL vs. ATL,ATL,3283
Slam Dunk Shot,Dunk,276,20200106,34.0443,0,0,-118.2698,9,3,0,2002-03,13,0,1.0,2PT Field Goal,Center(C),Restricted Area,Less Than 8 ft.,1610612747,Los Angeles Lakers,2002-11-12,LAL vs. ATL,ATL,3284
Hook Shot,Hook Shot,278,20200106,34.0273,-5,17,-118.2748,8,3,0,2002-03,37,1,,2PT Field Goal,Center(C),Restricted Area,Less Than 8 ft.,1610612747,Los Angeles Lakers,2002-11-12,LAL vs. ATL,ATL,3285
Running Jump Shot,Jump Shot,297,20200106,34.0673,-95,-23,-118.3648,6,3,0,2002-03,19,9,1.0,2PT Field Goal,Left Side(L),Mid-Range,8-16 ft.,1610612747,Los Angeles Lakers,2002-11-12,LAL vs. ATL,ATL,3286
Jump Shot,Jump Shot,300,20200106,33.9073,6,137,-118.2638,5,3,0,2002-03,53,13,0.0,2PT Field Goal,Center(C),In The Paint (Non-RA),8-16 ft.,1610612747,Los Angeles Lakers,2002-11-12,LAL vs. ATL,ATL,3287
Driving Layup Shot,Layup,308,20200106,34.0443,0,0,-118.2698,4,3,0,2002-03,58,0,1.0,2PT Field Goal,Center(C),Restricted Area,Less Than 8 ft.,1610612747,Los Angeles Lakers,2002-11-12,LAL vs. ATL,ATL,3288
Jump Shot,Jump Shot,310,20200106,34.0633,-136,-19,-118.4058,4,3,0,2002-03,35,13,,2PT Field Goal,Left Side(L),Mid-Range,8-16 ft.,1610612747,Los Angeles Lakers,2002-11-12,LAL vs. ATL,ATL,3289
Jump Shot,Jump Shot,342,20200106,33.9603,115,84,-118.1548,1,3,0,2002-03,3,14,0.0,2PT Field Goal,Right Side(R),Mid-Range,8-16 ft.,1610612747,Los Angeles Lakers,2002-11-12,LAL vs. ATL,ATL,3290
Jump Shot,Jump Shot,349,20200106,33.8153,120,229,-118.1498,0,3,0,2002-03,29,25,0.0,3PT Field Goal,Right Side Center(RC),Above the Break 3,24+ ft.,1610612747,Los Angeles Lakers,2002-11-12,LAL vs. ATL,ATL,3291
Jump Shot,Jump Shot,364,20200106,34.0473,133,-3,-118.1368,10,4,0,2002-03,38,13,0.0,2PT Field Goal,Right Side(R),Mid-Range,8-16 ft.,1610612747,Los Angeles Lakers,2002-11-12,LAL vs. ATL,ATL,3292
Jump Shot,Jump Shot,411,20200106,33.8503,44,194,-118.2258,5,4,0,2002-03,29,19,0.0,2PT Field Goal,Center(C),Mid-Range,16-24 ft.,1610612747,Los Angeles Lakers,2002-11-12,LAL vs. ATL,ATL,3293
Jump Shot,Jump Shot,450,20200106,33.9863,-237,58,-118.5068,1,4,0,2002-03,39,24,,3PT Field Goal,Left Side(L),Left Corner 3,24+ ft.,1610612747,Los Angeles Lakers,2002-11-12,LAL vs. ATL,ATL,3294
Jump Shot,Jump Shot,38,20200127,33.9443,-108,100,-118.3778,8,1,0,2002-03,6,14,1.0,2PT Field Goal,Left Side(L),Mid-Range,8-16 ft.,1610612747,Los Angeles Lakers,2002-11-15,LAL vs. GSW,GSW,3295
Jump Shot,Jump Shot,41,20200127,34.0043,182,40,-118.0878,7,1,0,2002-03,33,18,1.0,2PT Field Goal,Right Side(R),Mid-Range,16-24 ft.,1610612747,Los Angeles Lakers,2002-11-15,LAL vs. GSW,GSW,3296
Jump Shot,Jump Shot,49,20200127,33.8713,43,173,-118.2268,6,1,0,2002-03,46,17,1.0,2PT Field Goal,Center(C),Mid-Range,16-24 ft.,1610612747,Los Angeles Lakers,2002-11-15,LAL vs. GSW,GSW,3297
Jump Shot,Jump Shot,56,20200127,33.9063,103,138,-118.1668,5,1,0,2002-03,50,17,1.0,2PT Field Goal,Right Side Center(RC),Mid-Range,16-24 ft.,1610612747,Los Angeles Lakers,2002-11-15,LAL vs. GSW,GSW,3298
Jump Shot,Jump Shot,61,20200127,33.8483,10,196,-118.2598,5,1,0,2002-03,16,19,0.0,2PT Field Goal,Center(C),Mid-Range,16-24 ft.,1610612747,Los Angeles Lakers,2002-11-15,LAL vs. GSW,GSW,3299
Dunk Shot,Dunk,64,20200127,34.0443,0,0,-118.2698,4,1,0,2002-03,55,0,1.0,2PT Field Goal,Center(C),Restricted Area,Less Than 8 ft.,1610612747,Los Angeles Lakers,2002-11-15,LAL vs. GSW,GSW,3300
Turnaround Jump Shot,Jump Shot,67,20200127,33.8993,-85,145,-118.3548,4,1,0,2002-03,21,16,0.0,2PT Field Goal,Left Side Center(LC),Mid-Range,16-24 ft.,1610612747,Los Angeles Lakers,2002-11-15,LAL vs. GSW,GSW,3301
Jump Shot,Jump Shot,80,20200127,33.9963,-102,48,-118.3718,3,1,0,2002-03,15,11,0.0,2PT Field Goal,Left Side(L),Mid-Range,8-16 ft.,1610612747,Los Angeles Lakers,2002-11-15,LAL vs. GSW,GSW,3302
Jump Shot,Jump Shot,84,20200127,33.9993,174,45,-118.0958,3,1,0,2002-03,5,17,1.0,2PT Field Goal,Right Side(R),Mid-Range,16-24 ft.,1610612747,Los Angeles Lakers,2002-11-15,LAL vs. GSW,GSW,3303
Jump Shot,Jump Shot,111,20200127,33.8943,-80,150,-118.3498,0,1,0,2002-03,39,17,0.0,2PT Field Goal,Left Side Center(LC),Mid-Range,16-24 ft.,1610612747,Los Angeles Lakers,2002-11-15,LAL vs. GSW,GSW,3304
Jump Shot,Jump Shot,118,20200127,33.8713,225,173,-118.0448,0,1,0,2002-03,1,28,0.0,3PT Field Goal,Right Side Center(RC),Above the Break 3,24+ ft.,1610612747,Los Angeles Lakers,2002-11-15,LAL vs. GSW,GSW,3305
Jump Shot,Jump Shot,136,20200127,33.8343,-126,210,-118.3958,10,2,0,2002-03,24,24,,3PT Field Goal,Left Side Center(LC),Above the Break 3,24+ ft.,1610612747,Los Angeles Lakers,2002-11-15,LAL vs. GSW,GSW,3306
Jump Shot,Jump Shot,140,20200127,33.9013,97,143,-118.1728,9,2,0,2002-03,41,17,0.0,2PT Field Goal,Right Side Center(RC),Mid-Range,16-24 ft.,1610612747,Los Angeles Lakers,2002-11-15,LAL vs. GSW,GSW,3307
Jump Shot,Jump Shot,195,20200127,34.0503,-209,-6,-118.4788,5,2,0,2002-03,20,20,1.0,2PT Field Goal,Left Side(L),Mid-Range,16-24 ft.,1610612747,Los Angeles Lakers,2002-11-15,LAL vs. GSW,GSW,3308
Jump Shot,Jump Shot,197,20200127,33.9683,164,76,-118.1058,4,2,0,2002-03,38,18,1.0,2PT Field Goal,Right Side(R),Mid-Range,16-24 ft.,1610612747,Los Angeles Lakers,2002-11-15,LAL vs. GSW,GSW,3309
Fadeaway Jump Shot,Jump Shot,203,20200127,34.0523,-158,-8,-118.4278,4,2,0,2002-03,3,15,0.0,2PT Field Goal,Left Side(L),Mid-Range,8-16 ft.,1610612747,Los Angeles Lakers,2002-11-15,LAL vs. GSW,GSW,3310
Driving Layup Shot,Layup,231,20200127,34.0443,0,0,-118.2698,1,2,0,2002-03,9,0,,2PT Field Goal,Center(C),Restricted Area,Less Than 8 ft.,1610612747,Los Angeles Lakers,2002-11-15,LAL vs. GSW,GSW,3311
Jump Shot,Jump Shot,234,20200127,33.8223,5,222,-118.2648,0,2,0,2002-03,34,22,0.0,2PT Field Goal,Center(C),Mid-Range,16-24 ft.,1610612747,Los Angeles Lakers,2002-11-15,LAL vs. GSW,GSW,3312
Turnaround Jump Shot,Jump Shot,243,20200127,33.9013,1,143,-118.2688,0,2,0,2002-03,2,14,0.0,2PT Field Goal,Center(C),Mid-Range,8-16 ft.,1610612747,Los Angeles Lakers,2002-11-15,LAL vs. GSW,GSW,3313
Turnaround Jump Shot,Jump Shot,251,20200127,34.0533,-161,-9,-118.4308,11,3,0,2002-03,15,16,1.0,2PT Field Goal,Left Side(L),Mid-Range,16-24 ft.,1610612747,Los Angeles Lakers,2002-11-15,LAL vs. GSW,GSW,3314
Jump Shot,Jump Shot,256,20200127,33.9903,156,54,-118.1138,10,3,0,2002-03,31,16,0.0,2PT Field Goal,Right Side(R),Mid-Range,16-24 ft.,1610612747,Los Angeles Lakers,2002-11-15,LAL vs. GSW,GSW,3315
Layup Shot,Layup,288,20200127,34.0443,0,0,-118.2698,8,3,0,2002-03,31,0,0.0,2PT Field Goal,Center(C),Restricted Area,Less Than 8 ft.,1610612747,Los Angeles Lakers,2002-11-15,LAL vs. GSW,GSW,3316
Jump Shot,Jump Shot,301,20200127,34.0223,75,22,-118.1948,7,3,0,2002-03,4,7,0.0,2PT Field Goal,Center(C),In The Paint (Non-RA),Less Than 8 ft.,1610612747,Los Angeles Lakers,2002-11-15,LAL vs. GSW,GSW,3317
Jump Shot,Jump Shot,305,20200127,33.9193,-112,125,-118.3818,6,3,0,2002-03,33,16,,2PT Field Goal,Left Side Center(LC),Mid-Range,16-24 ft.,1610612747,Los Angeles Lakers,2002-11-15,LAL vs. GSW,GSW,3318
Driving Finger Roll Shot,Layup,328,20200127,34.0513,-39,-7,-118.3088,4,3,0,2002-03,23,3,1.0,2PT Field Goal,Center(C),Restricted Area,Less Than 8 ft.,1610612747,Los Angeles Lakers,2002-11-15,LAL vs. GSW,GSW,3319
Dunk Shot,Dunk,359,20200127,34.0443,0,0,-118.2698,2,3,0,2002-03,6,0,1.0,2PT Field Goal,Center(C),Restricted Area,Less Than 8 ft.,1610612747,Los Angeles Lakers,2002-11-15,LAL vs. GSW,GSW,3320
Jump Shot,Jump Shot,363,20200127,33.9273,235,117,-118.0348,0,3,0,2002-03,57,26,0.0,3PT Field Goal,Right Side Center(RC),Above the Break 3,24+ ft.,1610612747,Los Angeles Lakers,2002-11-15,LAL vs. GSW,GSW,3321
Turnaround Jump Shot,Jump Shot,418,20200127,33.9933,153,51,-118.1168,8,4,0,2002-03,19,16,,2PT Field Goal,Right Side(R),Mid-Range,16-24 ft.,1610612747,Los Angeles Lakers,2002-11-15,LAL vs. GSW,GSW,3322
Slam Dunk Shot,Dunk,426,20200127,34.0443,0,0,-118.2698,6,4,0,2002-03,54,0,1.0,2PT Field Goal,Center(C),Restricted Area,Less Than 8 ft.,1610612747,Los Angeles Lakers,2002-11-15,LAL vs. GSW,GSW,3323
Jump Shot,Jump Shot,434,20200127,33.8843,-46,160,-118.3158,6,4,0,2002-03,24,16,,2PT Field Goal,Center(C),Mid-Range,16-24 ft.,1610612747,Los Angeles Lakers,2002-11-15,LAL vs. GSW,GSW,3324
Jump Shot,Jump Shot,437,20200127,33.8863,-8,158,-118.2778,5,4,0,2002-03,48,15,0.0,2PT Field Goal,Center(C),Mid-Range,8-16 ft.,1610612747,Los Angeles Lakers,2002-11-15,LAL vs. GSW,GSW,3325
Jump Shot,Jump Shot,442,20200127,34.0193,-179,25,-118.4488,5,4,0,2002-03,10,18,0.0,2PT Field Goal,Left Side(L),Mid-Range,16-24 ft.,1610612747,Los Angeles Lakers,2002-11-15,LAL vs. GSW,GSW,3326
Jump Shot,Jump Shot,450,20200127,33.9533,-57,91,-118.3268,4,4,0,2002-03,12,10,0.0,2PT Field Goal,Left Side(L),In The Paint (Non-RA),8-16 ft.,1610612747,Los Angeles Lakers,2002-11-15,LAL vs. GSW,GSW,3327
Jump Shot,Jump Shot,471,20200127,33.8913,21,153,-118.2488,1,4,0,2002-03,57,15,1.0,2PT Field Goal,Center(C),Mid-Range,8-16 ft.,1610612747,Los Angeles Lakers,2002-11-15,LAL vs. GSW,GSW,3328
Fadeaway Jump Shot,Jump Shot,482,20200127,33.9193,-169,125,-118.4388,0,4,0,2002-03,47,21,0.0,2PT Field Goal,Left Side Center(LC),Mid-Range,16-24 ft.,1610612747,Los Angeles Lakers,2002-11-15,LAL vs. GSW,GSW,3329
Jump Shot,Jump Shot,487,20200127,33.8483,18,196,-118.2518,0,4,0,2002-03,18,19,0.0,2PT Field Goal,Center(C),Mid-Range,16-24 ft.,1610612747,Los Angeles Lakers,2002-11-15,LAL vs. GSW,GSW,3330
Turnaround Jump Shot,Jump Shot,512,20200127,34.0183,161,26,-118.1088,4,5,0,2002-03,26,16,0.0,2PT Field Goal,Right Side(R),Mid-Range,16-24 ft.,1610612747,Los Angeles Lakers,2002-11-15,LAL vs. GSW,GSW,3331
Jump Shot,Jump Shot,543,20200127,33.8913,92,153,-118.1778,2,5,0,2002-03,8,17,0.0,2PT Field Goal,Right Side Center(RC),Mid-Range,16-24 ft.,1610612747,Los Angeles Lakers,2002-11-15,LAL vs. GSW,GSW,3332
Turnaround Jump Shot,Jump Shot,556,20200127,34.0163,-138,28,-118.4078,1,5,0,2002-03,31,14,1.0,2PT Field Goal,Left Side(L),Mid-Range,8-16 ft.,1610612747,Los Angeles Lakers,2002-11-15,LAL vs. GSW,GSW,3333
Turnaround Jump Shot,Jump Shot,570,20200127,34.0503,-156,-6,-118.4258,0,5,0,2002-03,34,15,,2PT Field Goal,Left Side(L),Mid-Range,8-16 ft.,1610612747,Los Angeles Lakers,2002-11-15,LAL vs. GSW,GSW,3334
Jump Shot,Jump Shot,2,20200142,33.9603,-48,84,-118.3178,11,1,0,2002-03,45,9,1.0,2PT Field Goal,Center(C),In The Paint (Non-RA),8-16 ft.,1610612747,Los Angeles Lakers,2002-11-17,LAL vs. HOU,HOU,3335
Jump Shot,Jump Shot,16,20200142,33.9343,-46,110,-118.3158,9,1,0,2002-03,19,11,1.0,2PT Field Goal,Center(C),In The Paint (Non-RA),8-16 ft.,1610612747,Los Angeles Lakers,2002-11-17,LAL vs. HOU,HOU,3336
Jump Shot,Jump Shot,21,20200142,33.9243,-89,120,-118.3588,8,1,0,2002-03,20,14,0.0,2PT Field Goal,Left Side(L),Mid-Range,8-16 ft.,1610612747,Los Angeles Lakers,2002-11-17,LAL vs. HOU,HOU,3337
Jump Shot,Jump Shot,30,20200142,33.9093,110,135,-118.1598,7,1,0,2002-03,6,17,0.0,2PT Field Goal,Right Side Center(RC),Mid-Range,16-24 ft.,1610612747,Los Angeles Lakers,2002-11-17,LAL vs. HOU,HOU,3338
Jump Shot,Jump Shot,47,20200142,33.9243,84,120,-118.1858,5,1,0,2002-03,29,14,0.0,2PT Field Goal,Right Side(R),Mid-Range,8-16 ft.,1610612747,Los Angeles Lakers,2002-11-17,LAL vs. HOU,HOU,3339
Jump Shot,Jump Shot,57,20200142,33.9213,20,123,-118.2498,4,1,0,2002-03,14,12,0.0,2PT Field Goal,Center(C),In The Paint (Non-RA),8-16 ft.,1610612747,Los Angeles Lakers,2002-11-17,LAL vs. HOU,HOU,3340
Jump Shot,Jump Shot,125,20200142,33.8803,115,164,-118.1548,10,2,0,2002-03,40,20,,2PT Field Goal,Right Side Center(RC),Mid-Range,16-24 ft.,1610612747,Los Angeles Lakers,2002-11-17,LAL vs. HOU,HOU,3341
Jump Shot,Jump Shot,144,20200142,33.8983,0,146,-118.2698,8,2,0,2002-03,42,14,1.0,2PT Field Goal,Center(C),Mid-Range,8-16 ft.,1610612747,Los Angeles Lakers,2002-11-17,LAL vs. HOU,HOU,3342
Jump Shot,Jump Shot,151,20200142,33.9093,-95,135,-118.3648,7,2,0,2002-03,58,16,1.0,2PT Field Goal,Left Side Center(LC),Mid-Range,16-24 ft.,1610612747,Los Angeles Lakers,2002-11-17,LAL vs. HOU,HOU,3343
Jump Shot,Jump Shot,161,20200142,33.9223,49,122,-118.2208,6,2,0,2002-03,41,13,1.0,2PT Field Goal,Center(C),In The Paint (Non-RA),8-16 ft.,1610612747,Los Angeles Lakers,2002-11-17,LAL vs. HOU,HOU,3344
Jump Shot,Jump Shot,170,20200142,33.9723,-15,72,-118.2848,4,2,0,2002-03,54,7,,2PT Field Goal,Center(C),In The Paint (Non-RA),Less Than 8 ft.,1610612747,Los Angeles Lakers,2002-11-17,LAL vs. HOU,HOU,3345
Alley Oop Dunk Shot,Dunk,176,20200142,34.0443,0,0,-118.2698,4,2,0,2002-03,13,0,,2PT Field Goal,Center(C),Restricted Area,Less Than 8 ft.,1610612747,Los Angeles Lakers,2002-11-17,LAL vs. HOU,HOU,3346
Driving Layup Shot,Layup,185,20200142,34.0443,0,0,-118.2698,3,2,0,2002-03,50,0,1.0,2PT Field Goal,Center(C),Restricted Area,Less Than 8 ft.,1610612747,Los Angeles Lakers,2002-11-17,LAL vs. HOU,HOU,3347
Jump Shot,Jump Shot,189,20200142,33.8683,20,176,-118.2498,3,2,0,2002-03,15,17,0.0,2PT Field Goal,Center(C),Mid-Range,16-24 ft.,1610612747,Los Angeles Lakers,2002-11-17,LAL vs. HOU,HOU,3348
Jump Shot,Jump Shot,219,20200142,33.8603,-20,184,-118.2898,0,2,0,2002-03,50,18,1.0,2PT Field Goal,Center(C),Mid-Range,16-24 ft.,1610612747,Los Angeles Lakers,2002-11-17,LAL vs. HOU,HOU,3349
Layup Shot,Layup,244,20200142,34.0443,0,0,-118.2698,11,3,0,2002-03,3,0,0.0,2PT Field Goal,Center(C),Restricted Area,Less Than 8 ft.,1610612747,Los Angeles Lakers,2002-11-17,LAL vs. HOU,HOU,3350
Jump Shot,Jump Shot,246,20200142,34.0323,62,12,-118.2078,10,3,0,2002-03,52,6,0.0,2PT Field Goal,Center(C),In The Paint (Non-RA),Less Than 8 ft.,1610612747,Los Angeles Lakers,2002-11-17,LAL vs. HOU,HOU,3351
Jump Shot,Jump Shot,251,20200142,33.9723,38,72,-118.2318,10,3,0,2002-03,25,8,,2PT Field Goal,Center(C),In The Paint (Non-RA),8-16 ft.,1610612747,Los Angeles Lakers,2002-11-17,LAL vs. HOU,HOU,3352
Jump Shot,Jump Shot,254,20200142,33.8883,-38,156,-118.3078,10,3,0,2002-03,0,16,0.0,2PT Field Goal,Center(C),Mid-Range,16-24 ft.,1610612747,Los Angeles Lakers,2002-11-17,LAL vs. HOU,HOU,3353
Jump Shot,Jump Shot,271,20200142,33.9213,103,123,-118.1668,8,3,0,2002-03,6,16,0.0,2PT Field Goal,Right Side Center(RC),Mid-Range,16-24 ft.,1610612747,Los Angeles Lakers,2002-11-17,LAL vs. HOU,HOU,3354
Jump Shot,Jump Shot,277,20200142,33.9983,163,46,-118.1068,7,3,0,2002-03,27,16,0.0,2PT Field Goal,Right Side(R),Mid-Range,16-24 ft.,1610612747,Los Angeles Lakers,2002-11-17,LAL vs. HOU,HOU,3355
Jump Shot,Jump Shot,280,20200142,34.0113,100,33,-118.1698,6,3,0,2002-03,57,10,1.0,2PT Field Goal,Right Side(R),Mid-Range,8-16 ft.,1610612747,Los Angeles Lakers,2002-11-17,LAL vs. HOU,HOU,3356
Jump Shot,Jump Shot,299,20200142,33.9343,128,110,-118.1418,4,3,0,2002-03,56,16,0.0,2PT Field Goal,Right Side Center(RC),Mid-Range,16-24 ft.,1610612747,Los Angeles Lakers,2002-11-17,LAL vs. HOU,HOU,3357
Slam Dunk Shot,Dunk,301,20200142,34.0443,0,0,-118.2698,4,3,0,2002-03,44,0,1.0,2PT Field Goal,Center(C),Restricted Area,Less Than 8 ft.,1610612747,Los Angeles Lakers,2002-11-17,LAL vs. HOU,HOU,3358
Jump Shot,Jump Shot,313,20200142,33.8913,-54,153,-118.3238,3,3,0,2002-03,4,16,0.0,2PT Field Goal,Left Side Center(LC),Mid-Range,16-24 ft.,1610612747,Los Angeles Lakers,2002-11-17,LAL vs. HOU,HOU,3359
Driving Layup Shot,Layup,326,20200142,34.0093,-13,35,-118.2828,1,3,0,2002-03,22,3,0.0,2PT Field Goal,Center(C),Restricted Area,Less Than 8 ft.,1610612747,Los Angeles Lakers,2002-11-17,LAL vs. HOU,HOU,3360
Jump Shot,Jump Shot,389,20200142,34.0453,-131,-1,-118.4008,7,4,0,2002-03,23,13,1.0,2PT Field Goal,Left Side(L),Mid-Range,8-16 ft.,1610612747,Los Angeles Lakers,2002-11-17,LAL vs. HOU,HOU,3361
Jump Shot,Jump Shot,391,20200142,33.9733,-77,71,-118.3468,6,4,0,2002-03,44,10,0.0,2PT Field Goal,Left Side(L),In The Paint (Non-RA),8-16 ft.,1610612747,Los Angeles Lakers,2002-11-17,LAL vs. HOU,HOU,3362
Jump Shot,Jump Shot,404,20200142,34.0583,153,-14,-118.1168,5,4,0,2002-03,48,15,1.0,2PT Field Goal,Right Side(R),Mid-Range,8-16 ft.,1610612747,Los Angeles Lakers,2002-11-17,LAL vs. HOU,HOU,3363
Jump Shot,Jump Shot,407,20200142,33.8833,-29,161,-118.2988,5,4,0,2002-03,13,16,1.0,2PT Field Goal,Center(C),Mid-Range,16-24 ft.,1610612747,Los Angeles Lakers,2002-11-17,LAL vs. HOU,HOU,3364
Jump Shot,Jump Shot,409,20200142,33.9993,-207,45,-118.4768,4,4,0,2002-03,48,21,1.0,2PT Field Goal,Left Side(L),Mid-Range,16-24 ft.,1610612747,Los Angeles Lakers,2002-11-17,LAL vs. HOU,HOU,3365
Jump Shot,Jump Shot,411,20200142,33.9403,-20,104,-118.2898,4,4,0,2002-03,12,10,0.0,2PT Field Goal,Center(C),In The Paint (Non-RA),8-16 ft.,1610612747,Los Angeles Lakers,2002-11-17,LAL vs. HOU,HOU,3366
Jump Shot,Jump Shot,420,20200142,33.9933,-143,51,-118.4128,3,4,0,2002-03,9,15,1.0,2PT Field Goal,Left Side(L),Mid-Range,8-16 ft.,1610612747,Los Angeles Lakers,2002-11-17,LAL vs. HOU,HOU,3367
Jump Shot,Jump Shot,426,20200142,33.8933,84,151,-118.1858,2,4,0,2002-03,28,17,,2PT Field Goal,Right Side Center(RC),Mid-Range,16-24 ft.,1610612747,Los Angeles Lakers,2002-11-17,LAL vs. HOU,HOU,3368
Jump Shot,Jump Shot,438,20200142,34.0493,228,-5,-118.0418,1,4,0,2002-03,46,22,1.0,3PT Field Goal,Right Side(R),Right Corner 3,24+ ft.,1610612747,Los Angeles Lakers,2002-11-17,LAL vs. HOU,HOU,3369
Driving Layup Shot,Layup,452,20200142,34.0443,0,0,-118.2698,0,4,0,2002-03,8,0,0.0,2PT Field Goal,Center(C),Restricted Area,Less Than 8 ft.,1610612747,Los Angeles Lakers,2002-11-17,LAL vs. HOU,HOU,3370
Jump Shot,Jump Shot,459,20200142,33.8293,-151,215,-118.4208,0,4,0,2002-03,2,26,,3PT Field Goal,Left Side Center(LC),Above the Break 3,24+ ft.,1610612747,Los Angeles Lakers,2002-11-17,LAL vs. HOU,HOU,3371
Jump Shot,Jump Shot,12,20200151,33.9123,151,132,-118.1188,10,1,0,2002-03,43,20,,2PT Field Goal,Right Side Center(RC),Mid-Range,16-24 ft.,1610612747,Los Angeles Lakers,2002-11-19,LAL @ DAL,DAL,3372
Jump Shot,Jump Shot,18,20200151,33.9803,-108,64,-118.3778,10,1,0,2002-03,14,12,0.0,2PT Field Goal,Left Side(L),Mid-Range,8-16 ft.,1610612747,Los Angeles Lakers,2002-11-19,LAL @ DAL,DAL,3373
Jump Shot,Jump Shot,30,20200151,33.9223,69,122,-118.2008,8,1,0,2002-03,46,14,1.0,2PT Field Goal,Center(C),In The Paint (Non-RA),8-16 ft.,1610612747,Los Angeles Lakers,2002-11-19,LAL @ DAL,DAL,3374
Jump Shot,Jump Shot,43,20200151,33.8503,69,194,-118.2008,7,1,0,2002-03,23,20,,2PT Field Goal,Right Side Center(RC),Mid-Range,16-24 ft.,1610612747,Los Angeles Lakers,2002-11-19,LAL @ DAL,DAL,3375
Jump Shot,Jump Shot,51,20200151,33.8753,-142,169,-118.4118,5,1,0,2002-03,52,22,0.0,2PT Field Goal,Left Side Center(LC),Mid-Range,16-24 ft.,1610612747,Los Angeles Lakers,2002-11-19,LAL @ DAL,DAL,3376
Jump Shot,Jump Shot,69,20200151,34.0343,105,10,-118.1648,3,1,0,2002-03,56,10,0.0,2PT Field Goal,Right Side(R),Mid-Range,8-16 ft.,1610612747,Los Angeles Lakers,2002-11-19,LAL @ DAL,DAL,3377
Jump Shot,Jump Shot,101,20200151,33.9063,52,138,-118.2178,1,1,0,2002-03,13,14,0.0,2PT Field Goal,Center(C),In The Paint (Non-RA),8-16 ft.,1610612747,Los Angeles Lakers,2002-11-19,LAL @ DAL,DAL,3378
Slam Dunk Shot,Dunk,111,20200151,34.0443,0,0,-118.2698,0,1,0,2002-03,0,0,1.0,2PT Field Goal,Center(C),Restricted Area,Less Than 8 ft.,1610612747,Los Angeles Lakers,2002-11-19,LAL @ DAL,DAL,3379
Jump Shot,Jump Shot,122,20200151,34.0223,207,22,-118.0628,11,2,0,2002-03,36,20,0.0,2PT Field Goal,Right Side(R),Mid-Range,16-24 ft.,1610612747,Los Angeles Lakers,2002-11-19,LAL @ DAL,DAL,3380
Jump Shot,Jump Shot,136,20200151,34.0353,-150,9,-118.4198,9,2,0,2002-03,56,15,1.0,2PT Field Goal,Left Side(L),Mid-Range,8-16 ft.,1610612747,Los Angeles Lakers,2002-11-19,LAL @ DAL,DAL,3381
Jump Shot,Jump Shot,139,20200151,33.9673,105,77,-118.1648,9,2,0,2002-03,27,13,1.0,2PT Field Goal,Right Side(R),Mid-Range,8-16 ft.,1610612747,Los Angeles Lakers,2002-11-19,LAL @ DAL,DAL,3382
Turnaround Jump Shot,Jump Shot,181,20200151,34.0063,80,38,-118.1898,6,2,0,2002-03,8,8,1.0,2PT Field Goal,Right Side(R),In The Paint (Non-RA),8-16 ft.,1610612747,Los Angeles Lakers,2002-11-19,LAL @ DAL,DAL,3383
Jump Shot,Jump Shot,190,20200151,34.0573,174,-13,-118.0958,5,2,0,2002-03,21,17,,2PT Field Goal,Right Side(R),Mid-Range,16-24 ft.,1610612747,Los Angeles Lakers,2002-11-19,LAL @ DAL,DAL,3384
Layup Shot,Layup,210,20200151,34.0443,0,0,-118.2698,3,2,0,2002-03,45,0,1.0,2PT Field Goal,Center(C),Restricted Area,Less Than 8 ft.,1610612747,Los Angeles Lakers,2002-11-19,LAL @ DAL,DAL,3385
Jump Shot,Jump Shot,230,20200151,33.9193,-74,125,-118.3438,0,2,0,2002-03,37,14,0.0,2PT Field Goal,Left Side(L),In The Paint (Non-RA),8-16 ft.,1610612747,Los Angeles Lakers,2002-11-19,LAL @ DAL,DAL,3386
Jump Shot,Jump Shot,250,20200151,34.0503,-136,-6,-118.4058,11,3,0,2002-03,39,13,,2PT Field Goal,Left Side(L),Mid-Range,8-16 ft.,1610612747,Los Angeles Lakers,2002-11-19,LAL @ DAL,DAL,3387
Jump Shot,Jump Shot,286,20200151,33.9983,-140,46,-118.4098,8,3,0,2002-03,57,14,0.0,2PT Field Goal,Left Side(L),Mid-Range,8-16 ft.,1610612747,Los Angeles Lakers,2002-11-19,LAL @ DAL,DAL,3388
Jump Shot,Jump Shot,338,20200151,34.0193,102,25,-118.1678,4,3,0,2002-03,2,10,0.0,2PT Field Goal,Right Side(R),Mid-Range,8-16 ft.,1610612747,Los Angeles Lakers,2002-11-19,LAL @ DAL,DAL,3389
Jump Shot,Jump Shot,341,20200151,34.0033,-66,41,-118.3358,3,3,0,2002-03,43,7,1.0,2PT Field Goal,Center(C),In The Paint (Non-RA),Less Than 8 ft.,1610612747,Los Angeles Lakers,2002-11-19,LAL @ DAL,DAL,3390
Jump Shot,Jump Shot,351,20200151,33.9223,-210,122,-118.4798,2,3,0,2002-03,56,24,0.0,3PT Field Goal,Left Side Center(LC),Above the Break 3,24+ ft.,1610612747,Los Angeles Lakers,2002-11-19,LAL @ DAL,DAL,3391
Layup Shot,Layup,361,20200151,34.0443,0,0,-118.2698,2,3,0,2002-03,11,0,0.0,2PT Field Goal,Center(C),Restricted Area,Less Than 8 ft.,1610612747,Los Angeles Lakers,2002-11-19,LAL @ DAL,DAL,3392
Jump Shot,Jump Shot,25,20200160,33.9373,133,107,-118.1368,9,1,0,2002-03,13,17,,2PT Field Goal,Right Side Center(RC),Mid-Range,16-24 ft.,1610612747,Los Angeles Lakers,2002-11-20,LAL @ SAS,SAS,3393
Slam Dunk Shot,Dunk,28,20200160,34.0263,-2,18,-118.2718,8,1,0,2002-03,33,1,1.0,2PT Field Goal,Center(C),Restricted Area,Less Than 8 ft.,1610612747,Los Angeles Lakers,2002-11-20,LAL @ SAS,SAS,3394
Running Jump Shot,Jump Shot,48,20200160,34.0083,-118,36,-118.3878,5,1,0,2002-03,20,12,1.0,2PT Field Goal,Left Side(L),Mid-Range,8-16 ft.,1610612747,Los Angeles Lakers,2002-11-20,LAL @ SAS,SAS,3395
Jump Shot,Jump Shot,54,20200160,33.8383,95,206,-118.1748,4,1,0,2002-03,11,22,1.0,2PT Field Goal,Right Side Center(RC),Mid-Range,16-24 ft.,1610612747,Los Angeles Lakers,2002-11-20,LAL @ SAS,SAS,3396
Jump Shot,Jump Shot,66,20200160,33.8593,-46,185,-118.3158,3,1,0,2002-03,28,19,0.0,2PT Field Goal,Center(C),Mid-Range,16-24 ft.,1610612747,Los Angeles Lakers,2002-11-20,LAL @ SAS,SAS,3397
Jump Shot,Jump Shot,96,20200160,33.9553,135,89,-118.1348,0,1,0,2002-03,31,16,1.0,2PT Field Goal,Right Side(R),Mid-Range,16-24 ft.,1610612747,Los Angeles Lakers,2002-11-20,LAL @ SAS,SAS,3398
Jump Shot,Jump Shot,177,20200160,33.9733,75,71,-118.1948,4,2,0,2002-03,24,10,0.0,2PT Field Goal,Right Side(R),In The Paint (Non-RA),8-16 ft.,1610612747,Los Angeles Lakers,2002-11-20,LAL @ SAS,SAS,3399
Slam Dunk Shot,Dunk,184,20200160,34.0293,0,15,-118.2698,3,2,0,2002-03,29,1,1.0,2PT Field Goal,Center(C),Restricted Area,Less Than 8 ft.,1610612747,Los Angeles Lakers,2002-11-20,LAL @ SAS,SAS,3400
Running Jump Shot,Jump Shot,226,20200160,34.0143,-46,30,-118.3158,0,2,0,2002-03,14,5,0.0,2PT Field Goal,Center(C),In The Paint (Non-RA),Less Than 8 ft.,1610612747,Los Angeles Lakers,2002-11-20,LAL @ SAS,SAS,3401
Jump Shot,Jump Shot,235,20200160,33.9193,143,125,-118.1268,11,3,0,2002-03,41,18,0.0,2PT Field Goal,Right Side Center(RC),Mid-Range,16-24 ft.,1610612747,Los Angeles Lakers,2002-11-20,LAL @ SAS,SAS,3402
Jump Shot,Jump Shot,247,20200160,33.9443,-143,100,-118.4128,9,3,0,2002-03,55,17,0.0,2PT Field Goal,Left Side(L),Mid-Range,16-24 ft.,1610612747,Los Angeles Lakers,2002-11-20,LAL @ SAS,SAS,3403
Running Jump Shot,Jump Shot,251,20200160,34.0313,51,13,-118.2188,9,3,0,2002-03,30,5,0.0,2PT Field Goal,Center(C),In The Paint (Non-RA),Less Than 8 ft.,1610612747,Los Angeles Lakers,2002-11-20,LAL @ SAS,SAS,3404
Jump Shot,Jump Shot,261,20200160,33.9223,151,122,-118.1188,7,3,0,2002-03,57,19,1.0,2PT Field Goal,Right Side Center(RC),Mid-Range,16-24 ft.,1610612747,Los Angeles Lakers,2002-11-20,LAL @ SAS,SAS,3405
Jump Shot,Jump Shot,268,20200160,33.9113,158,133,-118.1118,6,3,0,2002-03,43,20,,2PT Field Goal,Right Side Center(RC),Mid-Range,16-24 ft.,1610612747,Los Angeles Lakers,2002-11-20,LAL @ SAS,SAS,3406
Jump Shot,Jump Shot,304,20200160,33.8813,43,163,-118.2268,2,3,0,2002-03,53,16,0.0,2PT Field Goal,Center(C),Mid-Range,16-24 ft.,1610612747,Los Angeles Lakers,2002-11-20,LAL @ SAS,SAS,3407
Jump Shot,Jump Shot,331,20200160,33.9603,163,84,-118.1068,1,3,0,2002-03,15,18,0.0,2PT Field Goal,Right Side(R),Mid-Range,16-24 ft.,1610612747,Los Angeles Lakers,2002-11-20,LAL @ SAS,SAS,3408
Jump Shot,Jump Shot,358,20200160,33.9983,-200,46,-118.4698,10,4,0,2002-03,58,20,0.0,2PT Field Goal,Left Side(L),Mid-Range,16-24 ft.,1610612747,Los Angeles Lakers,2002-11-20,LAL @ SAS,SAS,3409
Jump Shot,Jump Shot,374,20200160,33.8203,-80,224,-118.3498,9,4,0,2002-03,16,23,0.0,2PT Field Goal,Left Side Center(LC),Above the Break 3,24+ ft.,1610612747,Los Angeles Lakers,2002-11-20,LAL @ SAS,SAS,3410
Fadeaway Jump Shot,Jump Shot,382,20200160,33.9603,-3,84,-118.2728,8,4,0,2002-03,3,8,,2PT Field Goal,Center(C),In The Paint (Non-RA),8-16 ft.,1610612747,Los Angeles Lakers,2002-11-20,LAL @ SAS,SAS,3411
Driving Layup Shot,Layup,420,20200160,34.0143,11,30,-118.2588,4,4,0,2002-03,20,3,,2PT Field Goal,Center(C),Restricted Area,Less Than 8 ft.,1610612747,Los Angeles Lakers,2002-11-20,LAL @ SAS,SAS,3412
Jump Shot,Jump Shot,428,20200160,33.8503,156,194,-118.1138,3,4,0,2002-03,10,24,0.0,3PT Field Goal,Right Side Center(RC),Above the Break 3,24+ ft.,1610612747,Los Angeles Lakers,2002-11-20,LAL @ SAS,SAS,3413
Fadeaway Jump Shot,Jump Shot,436,20200160,34.0413,141,3,-118.1288,2,4,0,2002-03,13,14,,2PT Field Goal,Right Side(R),Mid-Range,8-16 ft.,1610612747,Los Angeles Lakers,2002-11-20,LAL @ SAS,SAS,3414
Jump Shot,Jump Shot,441,20200160,33.9123,179,132,-118.0908,1,4,0,2002-03,44,22,0.0,2PT Field Goal,Right Side Center(RC),Mid-Range,16-24 ft.,1610612747,Los Angeles Lakers,2002-11-20,LAL @ SAS,SAS,3415
Jump Shot,Jump Shot,455,20200160,33.8703,-179,174,-118.4488,0,4,0,2002-03,34,24,0.0,3PT Field Goal,Left Side Center(LC),Above the Break 3,24+ ft.,1610612747,Los Angeles Lakers,2002-11-20,LAL @ SAS,SAS,3416
Running Layup Shot,Layup,457,20200160,34.0323,10,12,-118.2598,0,4,0,2002-03,28,1,,2PT Field Goal,Center(C),Restricted Area,Less Than 8 ft.,1610612747,Los Angeles Lakers,2002-11-20,LAL @ SAS,SAS,3417
Jump Shot,Jump Shot,46,20200178,33.7813,-66,263,-118.3358,8,1,0,2002-03,31,27,0.0,3PT Field Goal,Center(C),Above the Break 3,24+ ft.,1610612747,Los Angeles Lakers,2002-11-22,LAL vs. CHI,CHI,3418
Reverse Layup Shot,Layup,79,20200178,33.9953,8,49,-118.2618,5,1,0,2002-03,11,4,0.0,2PT Field Goal,Center(C),In The Paint (Non-RA),Less Than 8 ft.,1610612747,Los Angeles Lakers,2002-11-22,LAL vs. CHI,CHI,3419
Driving Layup Shot,Layup,147,20200178,34.0443,0,0,-118.2698,10,2,0,2002-03,24,0,,2PT Field Goal,Center(C),Restricted Area,Less Than 8 ft.,1610612747,Los Angeles Lakers,2002-11-22,LAL vs. CHI,CHI,3420
Jump Shot,Jump Shot,165,20200178,33.8843,189,160,-118.0808,9,2,0,2002-03,1,24,0.0,3PT Field Goal,Right Side Center(RC),Above the Break 3,24+ ft.,1610612747,Los Angeles Lakers,2002-11-22,LAL vs. CHI,CHI,3421
Jump Shot,Jump Shot,301,20200178,33.8933,82,151,-118.1878,8,3,0,2002-03,56,17,1.0,2PT Field Goal,Right Side Center(RC),Mid-Range,16-24 ft.,1610612747,Los Angeles Lakers,2002-11-22,LAL vs. CHI,CHI,3422
Driving Layup Shot,Layup,304,20200178,34.0443,0,0,-118.2698,8,3,0,2002-03,38,0,,2PT Field Goal,Center(C),Restricted Area,Less Than 8 ft.,1610612747,Los Angeles Lakers,2002-11-22,LAL vs. CHI,CHI,3423
Jump Shot,Jump Shot,318,20200178,33.8483,-49,196,-118.3188,6,3,0,2002-03,24,20,1.0,2PT Field Goal,Center(C),Mid-Range,16-24 ft.,1610612747,Los Angeles Lakers,2002-11-22,LAL vs. CHI,CHI,3424
Jump Shot,Jump Shot,338,20200178,33.9453,113,99,-118.1568,5,3,0,2002-03,7,15,1.0,2PT Field Goal,Right Side(R),Mid-Range,8-16 ft.,1610612747,Los Angeles Lakers,2002-11-22,LAL vs. CHI,CHI,3425
Jump Shot,Jump Shot,347,20200178,33.9963,158,48,-118.1118,3,3,0,2002-03,21,16,0.0,2PT Field Goal,Right Side(R),Mid-Range,16-24 ft.,1610612747,Los Angeles Lakers,2002-11-22,LAL vs. CHI,CHI,3426
Jump Shot,Jump Shot,370,20200178,34.0163,-84,28,-118.3538,1,3,0,2002-03,28,8,0.0,2PT Field Goal,Left Side(L),Mid-Range,8-16 ft.,1610612747,Los Angeles Lakers,2002-11-22,LAL vs. CHI,CHI,3427
Slam Dunk Shot,Dunk,375,20200178,34.0443,0,0,-118.2698,1,3,0,2002-03,6,0,1.0,2PT Field Goal,Center(C),Restricted Area,Less Than 8 ft.,1610612747,Los Angeles Lakers,2002-11-22,LAL vs. CHI,CHI,3428
Jump Shot,Jump Shot,378,20200178,33.8303,-154,214,-118.4238,0,3,0,2002-03,37,26,1.0,3PT Field Goal,Left Side Center(LC),Above the Break 3,24+ ft.,1610612747,Los Angeles Lakers,2002-11-22,LAL vs. CHI,CHI,3429
Jump Shot,Jump Shot,382,20200178,33.8783,-140,166,-118.4098,0,3,0,2002-03,0,21,0.0,2PT Field Goal,Left Side Center(LC),Mid-Range,16-24 ft.,1610612747,Los Angeles Lakers,2002-11-22,LAL vs. CHI,CHI,3430
Jump Shot,Jump Shot,406,20200178,33.9623,-103,82,-118.3728,9,4,0,2002-03,26,13,0.0,2PT Field Goal,Left Side(L),Mid-Range,8-16 ft.,1610612747,Los Angeles Lakers,2002-11-22,LAL vs. CHI,CHI,3431
Jump Shot,Jump Shot,7,20200194,33.8713,-113,173,-118.3828,10,1,0,2002-03,41,20,1.0,2PT Field Goal,Left Side Center(LC),Mid-Range,16-24 ft.,1610612747,Los Angeles Lakers,2002-11-24,LAL vs. MIL,MIL,3432
Jump Shot,Jump Shot,28,20200194,33.8383,-161,206,-118.4308,7,1,0,2002-03,28,26,0.0,3PT Field Goal,Left Side Center(LC),Above the Break 3,24+ ft.,1610612747,Los Angeles Lakers,2002-11-24,LAL vs. MIL,MIL,3433
Slam Dunk Shot,Dunk,53,20200194,34.0443,0,0,-118.2698,4,1,0,2002-03,58,0,1.0,2PT Field Goal,Center(C),Restricted Area,Less Than 8 ft.,1610612747,Los Angeles Lakers,2002-11-24,LAL vs. MIL,MIL,3434
Jump Shot,Jump Shot,117,20200194,33.8613,1,183,-118.2688,11,2,0,2002-03,45,18,1.0,2PT Field Goal,Center(C),Mid-Range,16-24 ft.,1610612747,Los Angeles Lakers,2002-11-24,LAL vs. MIL,MIL,3435
Jump Shot,Jump Shot,177,20200194,33.9863,-10,58,-118.2798,6,2,0,2002-03,13,5,,2PT Field Goal,Center(C),In The Paint (Non-RA),Less Than 8 ft.,1610612747,Los Angeles Lakers,2002-11-24,LAL vs. MIL,MIL,3436
Jump Shot,Jump Shot,211,20200194,33.9353,148,109,-118.1218,3,2,0,2002-03,13,18,0.0,2PT Field Goal,Right Side Center(RC),Mid-Range,16-24 ft.,1610612747,Los Angeles Lakers,2002-11-24,LAL vs. MIL,MIL,3437
Alley Oop Layup shot,Layup,260,20200194,34.0443,0,0,-118.2698,11,3,0,2002-03,50,0,,2PT Field Goal,Center(C),Restricted Area,Less Than 8 ft.,1610612747,Los Angeles Lakers,2002-11-24,LAL vs. MIL,MIL,3438
Jump Shot,Jump Shot,268,20200194,33.8503,-189,194,-118.4588,10,3,0,2002-03,51,27,0.0,3PT Field Goal,Left Side Center(LC),Above the Break 3,24+ ft.,1610612747,Los Angeles Lakers,2002-11-24,LAL vs. MIL,MIL,3439
Jump Shot,Jump Shot,295,20200194,34.0033,112,41,-118.1578,8,3,0,2002-03,18,11,0.0,2PT Field Goal,Right Side(R),Mid-Range,8-16 ft.,1610612747,Los Angeles Lakers,2002-11-24,LAL vs. MIL,MIL,3440
Turnaround Jump Shot,Jump Shot,370,20200194,34.0183,161,26,-118.1088,2,3,0,2002-03,31,16,0.0,2PT Field Goal,Right Side(R),Mid-Range,16-24 ft.,1610612747,Los Angeles Lakers,2002-11-24,LAL vs. MIL,MIL,3441
Jump Shot,Jump Shot,424,20200194,34.0503,135,-6,-118.1348,9,4,0,2002-03,13,13,,2PT Field Goal,Right Side(R),Mid-Range,8-16 ft.,1610612747,Los Angeles Lakers,2002-11-24,LAL vs. MIL,MIL,3442
Jump Shot,Jump Shot,465,20200194,33.8703,0,174,-118.2698,5,4,0,2002-03,34,17,,2PT Field Goal,Center(C),Mid-Range,16-24 ft.,1610612747,Los Angeles Lakers,2002-11-24,LAL vs. MIL,MIL,3443
Jump Shot,Jump Shot,520,20200194,34.0603,235,-16,-118.0348,2,4,0,2002-03,7,23,0.0,3PT Field Goal,Right Side(R),Right Corner 3,24+ ft.,1610612747,Los Angeles Lakers,2002-11-24,LAL vs. MIL,MIL,3444
Jump Shot,Jump Shot,530,20200194,33.9683,-20,76,-118.2898,0,4,0,2002-03,56,7,1.0,2PT Field Goal,Center(C),In The Paint (Non-RA),Less Than 8 ft.,1610612747,Los Angeles Lakers,2002-11-24,LAL vs. MIL,MIL,3445
Jump Shot,Jump Shot,532,20200194,33.8843,-135,160,-118.4048,0,4,0,2002-03,21,20,0.0,2PT Field Goal,Left Side Center(LC),Mid-Range,16-24 ft.,1610612747,Los Angeles Lakers,2002-11-24,LAL vs. MIL,MIL,3446
Jump Shot,Jump Shot,2,20200199,33.9223,-59,122,-118.3288,11,1,0,2002-03,46,13,1.0,2PT Field Goal,Center(C),In The Paint (Non-RA),8-16 ft.,1610612747,Los Angeles Lakers,2002-11-26,LAL @ MIA,MIA,3447
Jump Shot,Jump Shot,44,20200199,33.8573,-166,187,-118.4358,6,1,0,2002-03,4,25,1.0,3PT Field Goal,Left Side Center(LC),Above the Break 3,24+ ft.,1610612747,Los Angeles Lakers,2002-11-26,LAL @ MIA,MIA,3448
Jump Shot,Jump Shot,250,20200199,33.9173,89,127,-118.1808,9,3,0,2002-03,20,15,1.0,2PT Field Goal,Right Side(R),Mid-Range,8-16 ft.,1610612747,Los Angeles Lakers,2002-11-26,LAL @ MIA,MIA,3449
Jump Shot,Jump Shot,266,20200199,33.8503,176,194,-118.0938,6,3,0,2002-03,25,26,0.0,3PT Field Goal,Right Side Center(RC),Above the Break 3,24+ ft.,1610612747,Los Angeles Lakers,2002-11-26,LAL @ MIA,MIA,3450
Jump Shot,Jump Shot,270,20200199,34.0143,-59,30,-118.3288,6,3,0,2002-03,7,6,,2PT Field Goal,Center(C),In The Paint (Non-RA),Less Than 8 ft.,1610612747,Los Angeles Lakers,2002-11-26,LAL @ MIA,MIA,3451
Jump Shot,Jump Shot,288,20200199,33.9143,31,130,-118.2388,4,3,0,2002-03,23,13,0.0,2PT Field Goal,Center(C),In The Paint (Non-RA),8-16 ft.,1610612747,Los Angeles Lakers,2002-11-26,LAL @ MIA,MIA,3452
Jump Shot,Jump Shot,324,20200199,33.8883,108,156,-118.1618,0,3,0,2002-03,39,18,0.0,2PT Field Goal,Right Side Center(RC),Mid-Range,16-24 ft.,1610612747,Los Angeles Lakers,2002-11-26,LAL @ MIA,MIA,3453
Jump Shot,Jump Shot,340,20200199,33.8153,87,229,-118.1828,11,4,0,2002-03,1,24,0.0,3PT Field Goal,Right Side Center(RC),Above the Break 3,24+ ft.,1610612747,Los Angeles Lakers,2002-11-26,LAL @ MIA,MIA,3454
Layup Shot,Layup,350,20200199,34.0443,0,0,-118.2698,10,4,0,2002-03,2,0,0.0,2PT Field Goal,Center(C),Restricted Area,Less Than 8 ft.,1610612747,Los Angeles Lakers,2002-11-26,LAL @ MIA,MIA,3455
Jump Shot,Jump Shot,408,20200199,34.0063,89,38,-118.1808,5,4,0,2002-03,7,9,1.0,2PT Field Goal,Right Side(R),Mid-Range,8-16 ft.,1610612747,Los Angeles Lakers,2002-11-26,LAL @ MIA,MIA,3456
Dunk Shot,Dunk,420,20200199,34.0443,0,0,-118.2698,3,4,0,2002-03,49,0,1.0,2PT Field Goal,Center(C),Restricted Area,Less Than 8 ft.,1610612747,Los Angeles Lakers,2002-11-26,LAL @ MIA,MIA,3457
Jump Shot,Jump Shot,436,20200199,33.9653,-177,79,-118.4468,2,4,0,2002-03,16,19,1.0,2PT Field Goal,Left Side(L),Mid-Range,16-24 ft.,1610612747,Los Angeles Lakers,2002-11-26,LAL @ MIA,MIA,3458
Jump Shot,Jump Shot,441,20200199,33.8353,135,209,-118.1348,1,4,0,2002-03,33,24,0.0,3PT Field Goal,Right Side Center(RC),Above the Break 3,24+ ft.,1610612747,Los Angeles Lakers,2002-11-26,LAL @ MIA,MIA,3459
Jump Shot,Jump Shot,450,20200199,33.9093,52,135,-118.2178,1,4,0,2002-03,5,14,1.0,2PT Field Goal,Center(C),In The Paint (Non-RA),8-16 ft.,1610612747,Los Angeles Lakers,2002-11-26,LAL @ MIA,MIA,3460
Jump Shot,Jump Shot,21,20200206,33.8933,-79,151,-118.3488,7,1,0,2002-03,55,17,,2PT Field Goal,Left Side Center(LC),Mid-Range,16-24 ft.,1610612747,Los Angeles Lakers,2002-11-27,LAL @ ORL,ORL,3461
Jump Shot,Jump Shot,41,20200206,34.0633,135,-19,-118.1348,6,1,0,2002-03,21,13,1.0,2PT Field Goal,Right Side(R),Mid-Range,8-16 ft.,1610612747,Los Angeles Lakers,2002-11-27,LAL @ ORL,ORL,3462
Jump Shot,Jump Shot,67,20200206,34.0083,-171,36,-118.4408,4,1,0,2002-03,30,17,0.0,2PT Field Goal,Left Side(L),Mid-Range,16-24 ft.,1610612747,Los Angeles Lakers,2002-11-27,LAL @ ORL,ORL,3463
Fadeaway Jump Shot,Jump Shot,81,20200206,34.0523,154,-8,-118.1158,3,1,0,2002-03,16,15,1.0,2PT Field Goal,Right Side(R),Mid-Range,8-16 ft.,1610612747,Los Angeles Lakers,2002-11-27,LAL @ ORL,ORL,3464
Layup Shot,Layup,88,20200206,34.0443,0,0,-118.2698,2,1,0,2002-03,37,0,0.0,2PT Field Goal,Center(C),Restricted Area,Less Than 8 ft.,1610612747,Los Angeles Lakers,2002-11-27,LAL @ ORL,ORL,3465
Jump Shot,Jump Shot,124,20200206,33.9453,163,99,-118.1068,10,2,0,2002-03,49,19,0.0,2PT Field Goal,Right Side(R),Mid-Range,16-24 ft.,1610612747,Los Angeles Lakers,2002-11-27,LAL @ ORL,ORL,3466
Turnaround Jump Shot,Jump Shot,140,20200206,33.9343,-125,110,-118.3948,9,2,0,2002-03,42,16,1.0,2PT Field Goal,Left Side Center(LC),Mid-Range,16-24 ft.,1610612747,Los Angeles Lakers,2002-11-27,LAL @ ORL,ORL,3467
Jump Shot,Jump Shot,144,20200206,33.9473,-130,97,-118.3998,9,2,0,2002-03,23,16,0.0,2PT Field Goal,Left Side Center(LC),Mid-Range,16-24 ft.,1610612747,Los Angeles Lakers,2002-11-27,LAL @ ORL,ORL,3468
Jump Shot,Jump Shot,147,20200206,33.8913,-20,153,-118.2898,8,2,0,2002-03,57,15,0.0,2PT Field Goal,Center(C),Mid-Range,8-16 ft.,1610612747,Los Angeles Lakers,2002-11-27,LAL @ ORL,ORL,3469
Jump Shot,Jump Shot,187,20200206,33.9403,-123,104,-118.3928,5,2,0,2002-03,17,16,1.0,2PT Field Goal,Left Side Center(LC),Mid-Range,16-24 ft.,1610612747,Los Angeles Lakers,2002-11-27,LAL @ ORL,ORL,3470
Fadeaway Jump Shot,Jump Shot,192,20200206,33.9983,103,46,-118.1668,4,2,0,2002-03,51,11,0.0,2PT Field Goal,Right Side(R),Mid-Range,8-16 ft.,1610612747,Los Angeles Lakers,2002-11-27,LAL @ ORL,ORL,3471
Jump Shot,Jump Shot,201,20200206,33.9043,-108,140,-118.3778,4,2,0,2002-03,20,17,0.0,2PT Field Goal,Left Side Center(LC),Mid-Range,16-24 ft.,1610612747,Los Angeles Lakers,2002-11-27,LAL @ ORL,ORL,3472
Slam Dunk Shot,Dunk,227,20200206,34.0443,0,0,-118.2698,1,2,0,2002-03,36,0,1.0,2PT Field Goal,Center(C),Restricted Area,Less Than 8 ft.,1610612747,Los Angeles Lakers,2002-11-27,LAL @ ORL,ORL,3473
Fadeaway Jump Shot,Jump Shot,235,20200206,34.0553,161,-11,-118.1088,0,2,0,2002-03,48,16,1.0,2PT Field Goal,Right Side(R),Mid-Range,16-24 ft.,1610612747,Los Angeles Lakers,2002-11-27,LAL @ ORL,ORL,3474
Reverse Layup Shot,Layup,242,20200206,34.0443,0,0,-118.2698,0,2,0,2002-03,24,0,0.0,2PT Field Goal,Center(C),Restricted Area,Less Than 8 ft.,1610612747,Los Angeles Lakers,2002-11-27,LAL @ ORL,ORL,3475
Driving Finger Roll Shot,Layup,267,20200206,34.0443,0,0,-118.2698,10,3,0,2002-03,27,0,1.0,2PT Field Goal,Center(C),Restricted Area,Less Than 8 ft.,1610612747,Los Angeles Lakers,2002-11-27,LAL @ ORL,ORL,3476
Jump Shot,Jump Shot,304,20200206,33.8373,-82,207,-118.3518,6,3,0,2002-03,23,22,0.0,2PT Field Goal,Left Side Center(LC),Mid-Range,16-24 ft.,1610612747,Los Angeles Lakers,2002-11-27,LAL @ ORL,ORL,3477
Jump Shot,Jump Shot,319,20200206,33.8353,-20,209,-118.2898,4,3,0,2002-03,52,20,0.0,2PT Field Goal,Center(C),Mid-Range,16-24 ft.,1610612747,Los Angeles Lakers,2002-11-27,LAL @ ORL,ORL,3478
Reverse Layup Shot,Layup,335,20200206,34.0443,0,0,-118.2698,3,3,0,2002-03,2,0,0.0,2PT Field Goal,Center(C),Restricted Area,Less Than 8 ft.,1610612747,Los Angeles Lakers,2002-11-27,LAL @ ORL,ORL,3479
Jump Shot,Jump Shot,373,20200206,33.8633,-23,181,-118.2928,0,3,0,2002-03,6,18,1.0,2PT Field Goal,Center(C),Mid-Range,16-24 ft.,1610612747,Los Angeles Lakers,2002-11-27,LAL @ ORL,ORL,3480
Jump Shot,Jump Shot,384,20200206,34.0703,195,-26,-118.0748,11,4,0,2002-03,44,19,1.0,2PT Field Goal,Right Side(R),Mid-Range,16-24 ft.,1610612747,Los Angeles Lakers,2002-11-27,LAL @ ORL,ORL,3481
Fadeaway Jump Shot,Jump Shot,388,20200206,33.9993,-156,45,-118.4258,10,4,0,2002-03,53,16,1.0,2PT Field Goal,Left Side(L),Mid-Range,16-24 ft.,1610612747,Los Angeles Lakers,2002-11-27,LAL @ ORL,ORL,3482
Fadeaway Jump Shot,Jump Shot,390,20200206,34.0703,143,-26,-118.1268,10,4,0,2002-03,16,14,0.0,2PT Field Goal,Right Side(R),Mid-Range,8-16 ft.,1610612747,Los Angeles Lakers,2002-11-27,LAL @ ORL,ORL,3483
Finger Roll Shot,Layup,399,20200206,34.0443,0,0,-118.2698,9,4,0,2002-03,6,0,1.0,2PT Field Goal,Center(C),Restricted Area,Less Than 8 ft.,1610612747,Los Angeles Lakers,2002-11-27,LAL @ ORL,ORL,3484
Jump Shot,Jump Shot,416,20200206,33.9073,82,137,-118.1878,7,4,0,2002-03,24,15,1.0,2PT Field Goal,Right Side(R),Mid-Range,8-16 ft.,1610612747,Los Angeles Lakers,2002-11-27,LAL @ ORL,ORL,3485
Jump Shot,Jump Shot,445,20200206,33.9443,169,100,-118.1008,4,4,0,2002-03,43,19,0.0,2PT Field Goal,Right Side(R),Mid-Range,16-24 ft.,1610612747,Los Angeles Lakers,2002-11-27,LAL @ ORL,ORL,3486
Slam Dunk Shot,Dunk,455,20200206,34.0443,0,0,-118.2698,3,4,0,2002-03,24,0,1.0,2PT Field Goal,Center(C),Restricted Area,Less Than 8 ft.,1610612747,Los Angeles Lakers,2002-11-27,LAL @ ORL,ORL,3487
Finger Roll Shot,Layup,471,20200206,34.0443,0,0,-118.2698,2,4,0,2002-03,15,0,1.0,2PT Field Goal,Center(C),Restricted Area,Less Than 8 ft.,1610612747,Los Angeles Lakers,2002-11-27,LAL @ ORL,ORL,3488
Jump Shot,Jump Shot,484,20200206,34.0673,166,-23,-118.1038,1,4,0,2002-03,11,16,,2PT Field Goal,Right Side(R),Mid-Range,16-24 ft.,1610612747,Los Angeles Lakers,2002-11-27,LAL @ ORL,ORL,3489
Jump Shot,Jump Shot,501,20200206,33.9503,98,94,-118.1718,0,4,0,2002-03,45,13,0.0,2PT Field Goal,Right Side(R),Mid-Range,8-16 ft.,1610612747,Los Angeles Lakers,2002-11-27,LAL @ ORL,ORL,3490
Fadeaway Jump Shot,Jump Shot,511,20200206,33.9983,136,46,-118.1338,0,4,0,2002-03,33,14,,2PT Field Goal,Right Side(R),Mid-Range,8-16 ft.,1610612747,Los Angeles Lakers,2002-11-27,LAL @ ORL,ORL,3491
Layup Shot,Layup,13,20200223,34.0443,0,0,-118.2698,10,1,0,2002-03,39,0,0.0,2PT Field Goal,Center(C),Restricted Area,Less Than 8 ft.,1610612747,Los Angeles Lakers,2002-11-29,LAL @ MEM,MEM,3492
Layup Shot,Layup,16,20200223,34.0443,0,0,-118.2698,10,1,0,2002-03,27,0,1.0,2PT Field Goal,Center(C),Restricted Area,Less Than 8 ft.,1610612747,Los Angeles Lakers,2002-11-29,LAL @ MEM,MEM,3493
Layup Shot,Layup,18,20200223,34.0443,0,0,-118.2698,9,1,0,2002-03,49,0,1.0,2PT Field Goal,Center(C),Restricted Area,Less Than 8 ft.,1610612747,Los Angeles Lakers,2002-11-29,LAL @ MEM,MEM,3494
Dunk Shot,Dunk,37,20200223,34.0443,0,0,-118.2698,7,1,0,2002-03,45,0,1.0,2PT Field Goal,Center(C),Restricted Area,Less Than 8 ft.,1610612747,Los Angeles Lakers,2002-11-29,LAL @ MEM,MEM,3495
Jump Shot,Jump Shot,47,20200223,34.0363,71,8,-118.1988,6,1,0,2002-03,28,7,0.0,2PT Field Goal,Center(C),In The Paint (Non-RA),Less Than 8 ft.,1610612747,Los Angeles Lakers,2002-11-29,LAL @ MEM,MEM,3496
Jump Shot,Jump Shot,67,20200223,33.9113,29,133,-118.2408,4,1,0,2002-03,43,13,0.0,2PT Field Goal,Center(C),In The Paint (Non-RA),8-16 ft.,1610612747,Los Angeles Lakers,2002-11-29,LAL @ MEM,MEM,3497
Driving Layup Shot,Layup,77,20200223,34.0443,0,0,-118.2698,3,1,0,2002-03,39,0,1.0,2PT Field Goal,Center(C),Restricted Area,Less Than 8 ft.,1610612747,Los Angeles Lakers,2002-11-29,LAL @ MEM,MEM,3498
Layup Shot,Layup,92,20200223,34.0443,0,0,-118.2698,2,1,0,2002-03,34,0,0.0,2PT Field Goal,Center(C),Restricted Area,Less Than 8 ft.,1610612747,Los Angeles Lakers,2002-11-29,LAL @ MEM,MEM,3499
Jump Shot,Jump Shot,105,20200223,34.0553,227,-11,-118.0428,0,1,0,2002-03,46,22,1.0,3PT Field Goal,Right Side(R),Right Corner 3,24+ ft.,1610612747,Los Angeles Lakers,2002-11-29,LAL @ MEM,MEM,3500
Turnaround Jump Shot,Jump Shot,107,20200223,33.9453,8,99,-118.2618,0,1,0,2002-03,9,9,0.0,2PT Field Goal,Center(C),In The Paint (Non-RA),8-16 ft.,1610612747,Los Angeles Lakers,2002-11-29,LAL @ MEM,MEM,3501
Jump Shot,Jump Shot,140,20200223,33.9653,-146,79,-118.4158,8,2,0,2002-03,57,16,1.0,2PT Field Goal,Left Side(L),Mid-Range,16-24 ft.,1610612747,Los Angeles Lakers,2002-11-29,LAL @ MEM,MEM,3502
Driving Layup Shot,Layup,194,20200223,34.0443,0,0,-118.2698,3,2,0,2002-03,56,0,1.0,2PT Field Goal,Center(C),Restricted Area,Less Than 8 ft.,1610612747,Los Angeles Lakers,2002-11-29,LAL @ MEM,MEM,3503
Jump Shot,Jump Shot,196,20200223,33.9733,-20,71,-118.2898,3,2,0,2002-03,30,7,1.0,2PT Field Goal,Center(C),In The Paint (Non-RA),Less Than 8 ft.,1610612747,Los Angeles Lakers,2002-11-29,LAL @ MEM,MEM,3504
Fadeaway Jump Shot,Jump Shot,200,20200223,34.0313,-153,13,-118.4228,3,2,0,2002-03,0,15,0.0,2PT Field Goal,Left Side(L),Mid-Range,8-16 ft.,1610612747,Los Angeles Lakers,2002-11-29,LAL @ MEM,MEM,3505
Running Jump Shot,Jump Shot,223,20200223,33.9783,52,66,-118.2178,0,2,0,2002-03,4,8,1.0,2PT Field Goal,Right Side(R),In The Paint (Non-RA),8-16 ft.,1610612747,Los Angeles Lakers,2002-11-29,LAL @ MEM,MEM,3506
Jump Shot,Jump Shot,230,20200223,33.6483,-174,396,-118.4438,0,2,0,2002-03,0,43,0.0,3PT Field Goal,Left Side Center(LC),Above the Break 3,24+ ft.,1610612747,Los Angeles Lakers,2002-11-29,LAL @ MEM,MEM,3507
Running Jump Shot,Jump Shot,235,20200223,33.9653,-15,79,-118.2848,11,3,0,2002-03,53,8,0.0,2PT Field Goal,Center(C),In The Paint (Non-RA),8-16 ft.,1610612747,Los Angeles Lakers,2002-11-29,LAL @ MEM,MEM,3508
Jump Shot,Jump Shot,242,20200223,33.9093,166,135,-118.1038,10,3,0,2002-03,37,21,0.0,2PT Field Goal,Right Side Center(RC),Mid-Range,16-24 ft.,1610612747,Los Angeles Lakers,2002-11-29,LAL @ MEM,MEM,3509
Running Jump Shot,Jump Shot,249,20200223,33.9883,-33,56,-118.3028,9,3,0,2002-03,59,6,,2PT Field Goal,Center(C),In The Paint (Non-RA),Less Than 8 ft.,1610612747,Los Angeles Lakers,2002-11-29,LAL @ MEM,MEM,3510
Reverse Dunk Shot,Dunk,254,20200223,34.0443,0,0,-118.2698,9,3,0,2002-03,5,0,1.0,2PT Field Goal,Center(C),Restricted Area,Less Than 8 ft.,1610612747,Los Angeles Lakers,2002-11-29,LAL @ MEM,MEM,3511
Jump Shot,Jump Shot,267,20200223,33.9813,-11,63,-118.2808,7,3,0,2002-03,12,6,0.0,2PT Field Goal,Center(C),In The Paint (Non-RA),Less Than 8 ft.,1610612747,Los Angeles Lakers,2002-11-29,LAL @ MEM,MEM,3512
Running Jump Shot,Jump Shot,300,20200223,33.9813,8,63,-118.2618,3,3,0,2002-03,48,6,1.0,2PT Field Goal,Center(C),In The Paint (Non-RA),Less Than 8 ft.,1610612747,Los Angeles Lakers,2002-11-29,LAL @ MEM,MEM,3513
Fadeaway Jump Shot,Jump Shot,312,20200223,33.9853,-153,59,-118.4228,2,3,0,2002-03,53,16,0.0,2PT Field Goal,Left Side(L),Mid-Range,16-24 ft.,1610612747,Los Angeles Lakers,2002-11-29,LAL @ MEM,MEM,3514
Fadeaway Jump Shot,Jump Shot,352,20200223,34.0343,128,10,-118.1418,11,4,0,2002-03,27,12,,2PT Field Goal,Right Side(R),Mid-Range,8-16 ft.,1610612747,Los Angeles Lakers,2002-11-29,LAL @ MEM,MEM,3515
Jump Shot,Jump Shot,359,20200223,33.8523,-171,192,-118.4408,9,4,0,2002-03,43,25,0.0,3PT Field Goal,Left Side Center(LC),Above the Break 3,24+ ft.,1610612747,Los Angeles Lakers,2002-11-29,LAL @ MEM,MEM,3516
Jump Shot,Jump Shot,380,20200223,33.9833,-225,61,-118.4948,8,4,0,2002-03,36,23,1.0,3PT Field Goal,Left Side(L),Left Corner 3,24+ ft.,1610612747,Los Angeles Lakers,2002-11-29,LAL @ MEM,MEM,3517
Layup Shot,Layup,407,20200223,34.0443,0,0,-118.2698,5,4,0,2002-03,58,0,0.0,2PT Field Goal,Center(C),Restricted Area,Less Than 8 ft.,1610612747,Los Angeles Lakers,2002-11-29,LAL @ MEM,MEM,3518
Jump Shot,Jump Shot,411,20200223,34.0013,-123,43,-118.3928,5,4,0,2002-03,56,13,1.0,2PT Field Goal,Left Side(L),Mid-Range,8-16 ft.,1610612747,Los Angeles Lakers,2002-11-29,LAL @ MEM,MEM,3519
Jump Shot,Jump Shot,417,20200223,33.8783,-49,166,-118.3188,4,4,0,2002-03,40,17,0.0,2PT Field Goal,Center(C),Mid-Range,16-24 ft.,1610612747,Los Angeles Lakers,2002-11-29,LAL @ MEM,MEM,3520
Running Jump Shot,Jump Shot,440,20200223,33.9753,-29,69,-118.2988,2,4,0,2002-03,40,7,1.0,2PT Field Goal,Center(C),In The Paint (Non-RA),Less Than 8 ft.,1610612747,Los Angeles Lakers,2002-11-29,LAL @ MEM,MEM,3521
Tip Shot,Tip Shot,449,20200223,34.0443,0,0,-118.2698,1,4,0,2002-03,40,0,1.0,2PT Field Goal,Center(C),Restricted Area,Less Than 8 ft.,1610612747,Los Angeles Lakers,2002-11-29,LAL @ MEM,MEM,3522
Jump Shot,Jump Shot,471,20200223,33.8253,-2,219,-118.2718,0,4,0,2002-03,0,21,0.0,2PT Field Goal,Center(C),Mid-Range,16-24 ft.,1610612747,Los Angeles Lakers,2002-11-29,LAL @ MEM,MEM,3523
Jump Shot,Jump Shot,497,20200223,33.9623,-146,82,-118.4158,2,5,0,2002-03,1,16,0.0,2PT Field Goal,Left Side(L),Mid-Range,16-24 ft.,1610612747,Los Angeles Lakers,2002-11-29,LAL @ MEM,MEM,3524
Fadeaway Jump Shot,Jump Shot,509,20200223,33.9403,-54,104,-118.3238,0,5,0,2002-03,55,11,0.0,2PT Field Goal,Center(C),In The Paint (Non-RA),8-16 ft.,1610612747,Los Angeles Lakers,2002-11-29,LAL @ MEM,MEM,3525
Dunk Shot,Dunk,520,20200223,34.0443,0,0,-118.2698,0,5,0,2002-03,32,0,1.0,2PT Field Goal,Center(C),Restricted Area,Less Than 8 ft.,1610612747,Los Angeles Lakers,2002-11-29,LAL @ MEM,MEM,3526
Jump Shot,Jump Shot,9,20200243,33.9213,98,123,-118.1718,10,1,0,2002-03,46,15,,2PT Field Goal,Right Side(R),Mid-Range,8-16 ft.,1610612747,Los Angeles Lakers,2002-12-01,LAL vs. MIN,MIN,3527
Jump Shot,Jump Shot,28,20200243,34.0443,184,0,-118.0858,7,1,0,2002-03,31,18,1.0,2PT Field Goal,Right Side(R),Mid-Range,16-24 ft.,1610612747,Los Angeles Lakers,2002-12-01,LAL vs. MIN,MIN,3528
Jump Shot,Jump Shot,30,20200243,33.9093,-113,135,-118.3828,6,1,0,2002-03,46,17,1.0,2PT Field Goal,Left Side Center(LC),Mid-Range,16-24 ft.,1610612747,Los Angeles Lakers,2002-12-01,LAL vs. MIN,MIN,3529
Layup Shot,Layup,44,20200243,34.0443,0,0,-118.2698,5,1,0,2002-03,15,0,,2PT Field Goal,Center(C),Restricted Area,Less Than 8 ft.,1610612747,Los Angeles Lakers,2002-12-01,LAL vs. MIN,MIN,3530
Jump Shot,Jump Shot,81,20200243,33.9173,179,127,-118.0908,1,1,0,2002-03,47,21,1.0,2PT Field Goal,Right Side(R),Mid-Range,16-24 ft.,1610612747,Los Angeles Lakers,2002-12-01,LAL vs. MIN,MIN,3531
Driving Layup Shot,Layup,92,20200243,34.0443,0,0,-118.2698,0,1,0,2002-03,35,0,0.0,2PT Field Goal,Center(C),Restricted Area,Less Than 8 ft.,1610612747,Los Angeles Lakers,2002-12-01,LAL vs. MIN,MIN,3532
Driving Layup Shot,Layup,212,20200243,34.0443,0,0,-118.2698,0,2,0,2002-03,45,0,1.0,2PT Field Goal,Center(C),Restricted Area,Less Than 8 ft.,1610612747,Los Angeles Lakers,2002-12-01,LAL vs. MIN,MIN,3533
Slam Dunk Shot,Dunk,266,20200243,34.0443,0,0,-118.2698,6,3,0,2002-03,57,0,1.0,2PT Field Goal,Center(C),Restricted Area,Less Than 8 ft.,1610612747,Los Angeles Lakers,2002-12-01,LAL vs. MIN,MIN,3534
Jump Shot,Jump Shot,325,20200243,33.9443,62,100,-118.2078,0,3,0,2002-03,28,11,0.0,2PT Field Goal,Right Side(R),In The Paint (Non-RA),8-16 ft.,1610612747,Los Angeles Lakers,2002-12-01,LAL vs. MIN,MIN,3535
Reverse Layup Shot,Layup,382,20200243,34.0443,0,0,-118.2698,7,4,0,2002-03,10,0,1.0,2PT Field Goal,Center(C),Restricted Area,Less Than 8 ft.,1610612747,Los Angeles Lakers,2002-12-01,LAL vs. MIN,MIN,3536
Jump Shot,Jump Shot,385,20200243,33.9883,11,56,-118.2588,6,4,0,2002-03,44,5,0.0,2PT Field Goal,Center(C),In The Paint (Non-RA),Less Than 8 ft.,1610612747,Los Angeles Lakers,2002-12-01,LAL vs. MIN,MIN,3537
Jump Shot,Jump Shot,442,20200243,33.9633,0,81,-118.2698,1,4,0,2002-03,56,8,1.0,2PT Field Goal,Center(C),In The Paint (Non-RA),8-16 ft.,1610612747,Los Angeles Lakers,2002-12-01,LAL vs. MIN,MIN,3538
Jump Shot,Jump Shot,448,20200243,33.8223,105,222,-118.1648,1,4,0,2002-03,22,24,0.0,3PT Field Goal,Right Side Center(RC),Above the Break 3,24+ ft.,1610612747,Los Angeles Lakers,2002-12-01,LAL vs. MIN,MIN,3539
Jump Shot,Jump Shot,480,20200243,33.7873,-20,257,-118.2898,0,4,0,2002-03,10,25,,3PT Field Goal,Center(C),Above the Break 3,24+ ft.,1610612747,Los Angeles Lakers,2002-12-01,LAL vs. MIN,MIN,3540
Jump Shot,Jump Shot,502,20200243,33.8013,123,243,-118.1468,0,4,0,2002-03,0,27,0.0,3PT Field Goal,Right Side Center(RC),Above the Break 3,24+ ft.,1610612747,Los Angeles Lakers,2002-12-01,LAL vs. MIN,MIN,3541
Jump Shot,Jump Shot,11,20200254,33.8553,92,189,-118.1778,10,1,0,2002-03,34,21,1.0,2PT Field Goal,Right Side Center(RC),Mid-Range,16-24 ft.,1610612747,Los Angeles Lakers,2002-12-03,LAL vs. MEM,MEM,3542
Driving Finger Roll Shot,Layup,30,20200254,34.0443,0,0,-118.2698,8,1,0,2002-03,0,0,1.0,2PT Field Goal,Center(C),Restricted Area,Less Than 8 ft.,1610612747,Los Angeles Lakers,2002-12-03,LAL vs. MEM,MEM,3543
Jump Shot,Jump Shot,51,20200254,33.8843,-128,160,-118.3978,5,1,0,2002-03,9,20,0.0,2PT Field Goal,Left Side Center(LC),Mid-Range,16-24 ft.,1610612747,Los Angeles Lakers,2002-12-03,LAL vs. MEM,MEM,3544
Layup Shot,Layup,102,20200254,34.0443,0,0,-118.2698,0,1,0,2002-03,45,0,0.0,2PT Field Goal,Center(C),Restricted Area,Less Than 8 ft.,1610612747,Los Angeles Lakers,2002-12-03,LAL vs. MEM,MEM,3545
Layup Shot,Layup,126,20200254,34.0443,0,0,-118.2698,10,2,0,2002-03,5,0,0.0,2PT Field Goal,Center(C),Restricted Area,Less Than 8 ft.,1610612747,Los Angeles Lakers,2002-12-03,LAL vs. MEM,MEM,3546
Jump Shot,Jump Shot,192,20200254,33.9673,-166,77,-118.4358,3,2,0,2002-03,57,18,0.0,2PT Field Goal,Left Side(L),Mid-Range,16-24 ft.,1610612747,Los Angeles Lakers,2002-12-03,LAL vs. MEM,MEM,3547
Slam Dunk Shot,Dunk,218,20200254,34.0443,0,0,-118.2698,1,2,0,2002-03,24,0,1.0,2PT Field Goal,Center(C),Restricted Area,Less Than 8 ft.,1610612747,Los Angeles Lakers,2002-12-03,LAL vs. MEM,MEM,3548
Reverse Dunk Shot,Dunk,223,20200254,34.0443,0,0,-118.2698,0,2,0,2002-03,30,0,1.0,2PT Field Goal,Center(C),Restricted Area,Less Than 8 ft.,1610612747,Los Angeles Lakers,2002-12-03,LAL vs. MEM,MEM,3549
Running Dunk Shot,Dunk,272,20200254,34.0443,0,0,-118.2698,7,3,0,2002-03,51,0,1.0,2PT Field Goal,Center(C),Restricted Area,Less Than 8 ft.,1610612747,Los Angeles Lakers,2002-12-03,LAL vs. MEM,MEM,3550
Jump Shot,Jump Shot,284,20200254,33.8943,205,150,-118.0648,6,3,0,2002-03,19,25,1.0,3PT Field Goal,Right Side Center(RC),Above the Break 3,24+ ft.,1610612747,Los Angeles Lakers,2002-12-03,LAL vs. MEM,MEM,3551
Driving Layup Shot,Layup,293,20200254,34.0443,0,0,-118.2698,5,3,0,2002-03,19,0,1.0,2PT Field Goal,Center(C),Restricted Area,Less Than 8 ft.,1610612747,Los Angeles Lakers,2002-12-03,LAL vs. MEM,MEM,3552
Jump Shot,Jump Shot,313,20200254,33.9393,128,105,-118.1418,3,3,0,2002-03,20,16,1.0,2PT Field Goal,Right Side Center(RC),Mid-Range,16-24 ft.,1610612747,Los Angeles Lakers,2002-12-03,LAL vs. MEM,MEM,3553
Jump Shot,Jump Shot,349,20200254,33.5433,-118,501,-118.3878,0,3,0,2002-03,0,51,0.0,3PT Field Goal,Back Court(BC),Backcourt,Back Court Shot,1610612747,Los Angeles Lakers,2002-12-03,LAL vs. MEM,MEM,3554
Slam Dunk Shot,Dunk,365,20200254,34.0443,0,0,-118.2698,11,4,0,2002-03,1,0,1.0,2PT Field Goal,Center(C),Restricted Area,Less Than 8 ft.,1610612747,Los Angeles Lakers,2002-12-03,LAL vs. MEM,MEM,3555
Turnaround Jump Shot,Jump Shot,441,20200254,33.9783,-66,66,-118.3358,3,4,0,2002-03,44,9,1.0,2PT Field Goal,Left Side(L),In The Paint (Non-RA),8-16 ft.,1610612747,Los Angeles Lakers,2002-12-03,LAL vs. MEM,MEM,3556
Alley Oop Dunk Shot,Dunk,473,20200254,34.0443,0,0,-118.2698,1,4,0,2002-03,10,0,1.0,2PT Field Goal,Center(C),Restricted Area,Less Than 8 ft.,1610612747,Los Angeles Lakers,2002-12-03,LAL vs. MEM,MEM,3557
Dunk Shot,Dunk,37,20200262,34.0443,0,0,-118.2698,5,1,0,2002-03,39,0,1.0,2PT Field Goal,Center(C),Restricted Area,Less Than 8 ft.,1610612747,Los Angeles Lakers,2002-12-04,LAL @ UTA,UTA,3558
Driving Layup Shot,Layup,64,20200262,34.0443,0,0,-118.2698,3,1,0,2002-03,50,0,1.0,2PT Field Goal,Center(C),Restricted Area,Less Than 8 ft.,1610612747,Los Angeles Lakers,2002-12-04,LAL @ UTA,UTA,3559
Jump Shot,Jump Shot,77,20200262,33.8763,-10,168,-118.2798,2,1,0,2002-03,17,16,1.0,2PT Field Goal,Center(C),Mid-Range,16-24 ft.,1610612747,Los Angeles Lakers,2002-12-04,LAL @ UTA,UTA,3560
Jump Shot,Jump Shot,91,20200262,34.0083,59,36,-118.2108,0,1,0,2002-03,41,6,0.0,2PT Field Goal,Center(C),In The Paint (Non-RA),Less Than 8 ft.,1610612747,Los Angeles Lakers,2002-12-04,LAL @ UTA,UTA,3561
Jump Shot,Jump Shot,106,20200262,33.8373,-84,207,-118.3538,0,1,0,2002-03,0,22,0.0,2PT Field Goal,Left Side Center(LC),Mid-Range,16-24 ft.,1610612747,Los Angeles Lakers,2002-12-04,LAL @ UTA,UTA,3562
Jump Shot,Jump Shot,115,20200262,33.8373,-99,207,-118.3688,11,2,0,2002-03,5,22,1.0,2PT Field Goal,Left Side Center(LC),Mid-Range,16-24 ft.,1610612747,Los Angeles Lakers,2002-12-04,LAL @ UTA,UTA,3563
Fadeaway Jump Shot,Jump Shot,130,20200262,34.0573,-138,-13,-118.4078,8,2,0,2002-03,58,13,0.0,2PT Field Goal,Left Side(L),Mid-Range,8-16 ft.,1610612747,Los Angeles Lakers,2002-12-04,LAL @ UTA,UTA,3564
Jump Shot,Jump Shot,182,20200262,34.0673,-192,-23,-118.4618,4,2,0,2002-03,3,19,0.0,2PT Field Goal,Left Side(L),Mid-Range,16-24 ft.,1610612747,Los Angeles Lakers,2002-12-04,LAL @ UTA,UTA,3565
Jump Shot,Jump Shot,238,20200262,33.8653,-6,179,-118.2758,10,3,0,2002-03,9,17,0.0,2PT Field Goal,Center(C),Mid-Range,16-24 ft.,1610612747,Los Angeles Lakers,2002-12-04,LAL @ UTA,UTA,3566
Jump Shot,Jump Shot,276,20200262,33.8193,92,225,-118.1778,6,3,0,2002-03,0,24,0.0,3PT Field Goal,Right Side Center(RC),Above the Break 3,24+ ft.,1610612747,Los Angeles Lakers,2002-12-04,LAL @ UTA,UTA,3567
Driving Layup Shot,Layup,395,20200262,34.0443,0,0,-118.2698,7,4,0,2002-03,54,0,1.0,2PT Field Goal,Center(C),Restricted Area,Less Than 8 ft.,1610612747,Los Angeles Lakers,2002-12-04,LAL @ UTA,UTA,3568
Layup Shot,Layup,398,20200262,34.0443,0,0,-118.2698,7,4,0,2002-03,4,0,0.0,2PT Field Goal,Center(C),Restricted Area,Less Than 8 ft.,1610612747,Los Angeles Lakers,2002-12-04,LAL @ UTA,UTA,3569
Layup Shot,Layup,454,20200262,34.0443,0,0,-118.2698,1,4,0,2002-03,48,0,0.0,2PT Field Goal,Center(C),Restricted Area,Less Than 8 ft.,1610612747,Los Angeles Lakers,2002-12-04,LAL @ UTA,UTA,3570
Jump Shot,Jump Shot,472,20200262,34.0473,223,-3,-118.0468,0,4,0,2002-03,34,22,0.0,3PT Field Goal,Right Side(R),Right Corner 3,24+ ft.,1610612747,Los Angeles Lakers,2002-12-04,LAL @ UTA,UTA,3571
Jump Shot,Jump Shot,21,20200278,33.8523,202,192,-118.0678,8,1,0,2002-03,36,27,0.0,3PT Field Goal,Right Side Center(RC),Above the Break 3,24+ ft.,1610612747,Los Angeles Lakers,2002-12-06,LAL vs. DAL,DAL,3572
Jump Shot,Jump Shot,127,20200278,33.9193,126,125,-118.1438,11,2,0,2002-03,15,17,1.0,2PT Field Goal,Right Side Center(RC),Mid-Range,16-24 ft.,1610612747,Los Angeles Lakers,2002-12-06,LAL vs. DAL,DAL,3573
Jump Shot,Jump Shot,141,20200278,34.0503,159,-6,-118.1108,9,2,0,2002-03,14,15,0.0,2PT Field Goal,Right Side(R),Mid-Range,8-16 ft.,1610612747,Los Angeles Lakers,2002-12-06,LAL vs. DAL,DAL,3574
Jump Shot,Jump Shot,210,20200278,34.0013,167,43,-118.1028,2,2,0,2002-03,46,17,0.0,2PT Field Goal,Right Side(R),Mid-Range,16-24 ft.,1610612747,Los Angeles Lakers,2002-12-06,LAL vs. DAL,DAL,3575
Jump Shot,Jump Shot,248,20200278,33.9763,71,68,-118.1988,11,3,0,2002-03,32,9,0.0,2PT Field Goal,Right Side(R),In The Paint (Non-RA),8-16 ft.,1610612747,Los Angeles Lakers,2002-12-06,LAL vs. DAL,DAL,3576
Driving Layup Shot,Layup,268,20200278,34.0443,0,0,-118.2698,8,3,0,2002-03,0,0,0.0,2PT Field Goal,Center(C),Restricted Area,Less Than 8 ft.,1610612747,Los Angeles Lakers,2002-12-06,LAL vs. DAL,DAL,3577
Layup Shot,Layup,279,20200278,34.0443,0,0,-118.2698,7,3,0,2002-03,15,0,0.0,2PT Field Goal,Center(C),Restricted Area,Less Than 8 ft.,1610612747,Los Angeles Lakers,2002-12-06,LAL vs. DAL,DAL,3578
Jump Shot,Jump Shot,308,20200278,33.9063,115,138,-118.1548,4,3,0,2002-03,11,17,0.0,2PT Field Goal,Right Side Center(RC),Mid-Range,16-24 ft.,1610612747,Los Angeles Lakers,2002-12-06,LAL vs. DAL,DAL,3579
Tip Shot,Tip Shot,311,20200278,34.0443,0,0,-118.2698,4,3,0,2002-03,2,0,0.0,2PT Field Goal,Center(C),Restricted Area,Less Than 8 ft.,1610612747,Los Angeles Lakers,2002-12-06,LAL vs. DAL,DAL,3580
Jump Shot,Jump Shot,322,20200278,34.0133,94,31,-118.1758,2,3,0,2002-03,34,9,1.0,2PT Field Goal,Right Side(R),Mid-Range,8-16 ft.,1610612747,Los Angeles Lakers,2002-12-06,LAL vs. DAL,DAL,3581
Jump Shot,Jump Shot,343,20200278,33.9123,117,132,-118.1528,0,3,0,2002-03,1,17,,2PT Field Goal,Right Side Center(RC),Mid-Range,16-24 ft.,1610612747,Los Angeles Lakers,2002-12-06,LAL vs. DAL,DAL,3582
Running Jump Shot,Jump Shot,360,20200278,33.9763,-2,68,-118.2718,10,4,0,2002-03,34,6,1.0,2PT Field Goal,Center(C),In The Paint (Non-RA),Less Than 8 ft.,1610612747,Los Angeles Lakers,2002-12-06,LAL vs. DAL,DAL,3583
Driving Dunk Shot,Dunk,392,20200278,34.0443,0,0,-118.2698,7,4,0,2002-03,18,0,1.0,2PT Field Goal,Center(C),Restricted Area,Less Than 8 ft.,1610612747,Los Angeles Lakers,2002-12-06,LAL vs. DAL,DAL,3584
Turnaround Jump Shot,Jump Shot,405,20200278,33.9913,-34,53,-118.3038,5,4,0,2002-03,49,6,1.0,2PT Field Goal,Center(C),In The Paint (Non-RA),Less Than 8 ft.,1610612747,Los Angeles Lakers,2002-12-06,LAL vs. DAL,DAL,3585
Jump Shot,Jump Shot,419,20200278,33.8013,80,243,-118.1898,4,4,0,2002-03,11,25,1.0,3PT Field Goal,Right Side Center(RC),Above the Break 3,24+ ft.,1610612747,Los Angeles Lakers,2002-12-06,LAL vs. DAL,DAL,3586
Driving Finger Roll Shot,Layup,422,20200278,34.0443,0,0,-118.2698,3,4,0,2002-03,40,0,1.0,2PT Field Goal,Center(C),Restricted Area,Less Than 8 ft.,1610612747,Los Angeles Lakers,2002-12-06,LAL vs. DAL,DAL,3587
Reverse Layup Shot,Layup,439,20200278,34.0443,0,0,-118.2698,2,4,0,2002-03,23,0,1.0,2PT Field Goal,Center(C),Restricted Area,Less Than 8 ft.,1610612747,Los Angeles Lakers,2002-12-06,LAL vs. DAL,DAL,3588
Driving Finger Roll Shot,Layup,444,20200278,34.0443,0,0,-118.2698,1,4,0,2002-03,50,0,1.0,2PT Field Goal,Center(C),Restricted Area,Less Than 8 ft.,1610612747,Los Angeles Lakers,2002-12-06,LAL vs. DAL,DAL,3589
Turnaround Jump Shot,Jump Shot,468,20200278,33.9273,110,117,-118.1598,0,4,0,2002-03,8,16,1.0,2PT Field Goal,Right Side Center(RC),Mid-Range,16-24 ft.,1610612747,Los Angeles Lakers,2002-12-06,LAL vs. DAL,DAL,3590
Reverse Layup Shot,Layup,27,20200292,34.0443,0,0,-118.2698,9,1,0,2002-03,50,0,0.0,2PT Field Goal,Center(C),Restricted Area,Less Than 8 ft.,1610612747,Los Angeles Lakers,2002-12-08,LAL vs. UTA,UTA,3591
Driving Layup Shot,Layup,47,20200292,34.0443,0,0,-118.2698,7,1,0,2002-03,44,0,1.0,2PT Field Goal,Center(C),Restricted Area,Less Than 8 ft.,1610612747,Los Angeles Lakers,2002-12-08,LAL vs. UTA,UTA,3592
Jump Shot,Jump Shot,176,20200292,33.9583,128,86,-118.1418,9,2,0,2002-03,1,15,0.0,2PT Field Goal,Right Side(R),Mid-Range,8-16 ft.,1610612747,Los Angeles Lakers,2002-12-08,LAL vs. UTA,UTA,3593
Jump Shot,Jump Shot,224,20200292,33.9553,-5,89,-118.2748,5,2,0,2002-03,6,8,1.0,2PT Field Goal,Center(C),In The Paint (Non-RA),8-16 ft.,1610612747,Los Angeles Lakers,2002-12-08,LAL vs. UTA,UTA,3594
Jump Shot,Jump Shot,227,20200292,33.9093,15,135,-118.2548,4,2,0,2002-03,42,13,0.0,2PT Field Goal,Center(C),In The Paint (Non-RA),8-16 ft.,1610612747,Los Angeles Lakers,2002-12-08,LAL vs. UTA,UTA,3595
Slam Dunk Shot,Dunk,236,20200292,34.0443,0,0,-118.2698,4,2,0,2002-03,5,0,1.0,2PT Field Goal,Center(C),Restricted Area,Less Than 8 ft.,1610612747,Los Angeles Lakers,2002-12-08,LAL vs. UTA,UTA,3596
Driving Layup Shot,Layup,270,20200292,34.0443,0,0,-118.2698,0,2,0,2002-03,28,0,1.0,2PT Field Goal,Center(C),Restricted Area,Less Than 8 ft.,1610612747,Los Angeles Lakers,2002-12-08,LAL vs. UTA,UTA,3597
Jump Shot,Jump Shot,277,20200292,33.9073,13,137,-118.2568,0,2,0,2002-03,0,13,0.0,2PT Field Goal,Center(C),In The Paint (Non-RA),8-16 ft.,1610612747,Los Angeles Lakers,2002-12-08,LAL vs. UTA,UTA,3598
Jump Shot,Jump Shot,293,20200292,33.8483,8,196,-118.2618,10,3,0,2002-03,35,19,0.0,2PT Field Goal,Center(C),Mid-Range,16-24 ft.,1610612747,Los Angeles Lakers,2002-12-08,LAL vs. UTA,UTA,3599
Jump Shot,Jump Shot,336,20200292,33.9963,84,48,-118.1858,6,3,0,2002-03,31,9,1.0,2PT Field Goal,Right Side(R),Mid-Range,8-16 ft.,1610612747,Los Angeles Lakers,2002-12-08,LAL vs. UTA,UTA,3600
Driving Layup Shot,Layup,353,20200292,34.0443,0,0,-118.2698,3,3,0,2002-03,56,0,1.0,2PT Field Goal,Center(C),Restricted Area,Less Than 8 ft.,1610612747,Los Angeles Lakers,2002-12-08,LAL vs. UTA,UTA,3601
Driving Layup Shot,Layup,371,20200292,34.0443,0,0,-118.2698,2,3,0,2002-03,38,0,1.0,2PT Field Goal,Center(C),Restricted Area,Less Than 8 ft.,1610612747,Los Angeles Lakers,2002-12-08,LAL vs. UTA,UTA,3602
Running Jump Shot,Jump Shot,391,20200292,34.0093,-46,35,-118.3158,0,3,0,2002-03,40,5,1.0,2PT Field Goal,Center(C),In The Paint (Non-RA),Less Than 8 ft.,1610612747,Los Angeles Lakers,2002-12-08,LAL vs. UTA,UTA,3603
Layup Shot,Layup,463,20200292,34.0443,0,0,-118.2698,4,4,0,2002-03,57,0,,2PT Field Goal,Center(C),Restricted Area,Less Than 8 ft.,1610612747,Los Angeles Lakers,2002-12-08,LAL vs. UTA,UTA,3604
Jump Shot,Jump Shot,479,20200292,34.0443,149,0,-118.1208,3,4,0,2002-03,15,14,,2PT Field Goal,Right Side(R),Mid-Range,8-16 ft.,1610612747,Los Angeles Lakers,2002-12-08,LAL vs. UTA,UTA,3605
Jump Shot,Jump Shot,483,20200292,34.0633,-238,-19,-118.5078,2,4,0,2002-03,45,23,0.0,3PT Field Goal,Left Side(L),Left Corner 3,24+ ft.,1610612747,Los Angeles Lakers,2002-12-08,LAL vs. UTA,UTA,3606
Jump Shot,Jump Shot,490,20200292,34.0223,34,22,-118.2358,1,4,0,2002-03,42,4,0.0,2PT Field Goal,Center(C),In The Paint (Non-RA),Less Than 8 ft.,1610612747,Los Angeles Lakers,2002-12-08,LAL vs. UTA,UTA,3607
Driving Dunk Shot,Dunk,505,20200292,34.0443,0,0,-118.2698,0,4,0,2002-03,4,0,1.0,2PT Field Goal,Center(C),Restricted Area,Less Than 8 ft.,1610612747,Los Angeles Lakers,2002-12-08,LAL vs. UTA,UTA,3608
Jump Shot,Jump Shot,35,20200305,33.9833,1,61,-118.2688,7,1,0,2002-03,26,6,,2PT Field Goal,Center(C),In The Paint (Non-RA),Less Than 8 ft.,1610612747,Los Angeles Lakers,2002-12-10,LAL @ GSW,GSW,3609
Jump Shot,Jump Shot,66,20200305,33.9373,148,107,-118.1218,4,1,0,2002-03,54,18,0.0,2PT Field Goal,Right Side(R),Mid-Range,16-24 ft.,1610612747,Los Angeles Lakers,2002-12-10,LAL @ GSW,GSW,3610
Slam Dunk Shot,Dunk,87,20200305,34.0443,0,0,-118.2698,2,1,0,2002-03,25,0,1.0,2PT Field Goal,Center(C),Restricted Area,Less Than 8 ft.,1610612747,Los Angeles Lakers,2002-12-10,LAL @ GSW,GSW,3611
Slam Dunk Shot,Dunk,98,20200305,34.0443,0,0,-118.2698,1,1,0,2002-03,34,0,1.0,2PT Field Goal,Center(C),Restricted Area,Less Than 8 ft.,1610612747,Los Angeles Lakers,2002-12-10,LAL @ GSW,GSW,3612
Reverse Layup Shot,Layup,100,20200305,34.0443,0,0,-118.2698,1,1,0,2002-03,0,0,1.0,2PT Field Goal,Center(C),Restricted Area,Less Than 8 ft.,1610612747,Los Angeles Lakers,2002-12-10,LAL @ GSW,GSW,3613
Jump Shot,Jump Shot,102,20200305,33.9193,-10,125,-118.2798,0,1,0,2002-03,32,12,1.0,2PT Field Goal,Center(C),In The Paint (Non-RA),8-16 ft.,1610612747,Los Angeles Lakers,2002-12-10,LAL @ GSW,GSW,3614
Jump Shot,Jump Shot,104,20200305,34.0223,-28,22,-118.2978,0,1,0,2002-03,3,3,0.0,2PT Field Goal,Center(C),Restricted Area,Less Than 8 ft.,1610612747,Los Angeles Lakers,2002-12-10,LAL @ GSW,GSW,3615
Jump Shot,Jump Shot,142,20200305,33.9913,8,53,-118.2618,8,2,0,2002-03,13,5,0.0,2PT Field Goal,Center(C),In The Paint (Non-RA),Less Than 8 ft.,1610612747,Los Angeles Lakers,2002-12-10,LAL @ GSW,GSW,3616
Reverse Layup Shot,Layup,261,20200305,34.0443,0,0,-118.2698,7,3,0,2002-03,6,0,1.0,2PT Field Goal,Center(C),Restricted Area,Less Than 8 ft.,1610612747,Los Angeles Lakers,2002-12-10,LAL @ GSW,GSW,3617
Jump Shot,Jump Shot,266,20200305,34.0043,-28,40,-118.2978,6,3,0,2002-03,42,4,0.0,2PT Field Goal,Center(C),In The Paint (Non-RA),Less Than 8 ft.,1610612747,Los Angeles Lakers,2002-12-10,LAL @ GSW,GSW,3618
Jump Shot,Jump Shot,416,20200305,33.8633,166,181,-118.1038,3,4,0,2002-03,6,24,1.0,3PT Field Goal,Right Side Center(RC),Above the Break 3,24+ ft.,1610612747,Los Angeles Lakers,2002-12-10,LAL @ GSW,GSW,3619
Jump Shot,Jump Shot,428,20200305,34.0313,-138,13,-118.4078,1,4,0,2002-03,21,13,0.0,2PT Field Goal,Left Side(L),Mid-Range,8-16 ft.,1610612747,Los Angeles Lakers,2002-12-10,LAL @ GSW,GSW,3620
Slam Dunk Shot,Dunk,7,20200326,34.0443,0,0,-118.2698,10,1,0,2002-03,52,0,1.0,2PT Field Goal,Center(C),Restricted Area,Less Than 8 ft.,1610612747,Los Angeles Lakers,2002-12-13,LAL vs. NOH,NOH,3621
Driving Layup Shot,Layup,33,20200326,34.0443,0,0,-118.2698,7,1,0,2002-03,37,0,0.0,2PT Field Goal,Center(C),Restricted Area,Less Than 8 ft.,1610612747,Los Angeles Lakers,2002-12-13,LAL vs. NOH,NOH,3622
Jump Shot,Jump Shot,98,20200326,33.9993,18,45,-118.2518,0,1,0,2002-03,43,4,0.0,2PT Field Goal,Center(C),In The Paint (Non-RA),Less Than 8 ft.,1610612747,Los Angeles Lakers,2002-12-13,LAL vs. NOH,NOH,3623
Jump Shot,Jump Shot,104,20200326,33.8423,-77,202,-118.3468,0,1,0,2002-03,0,21,,2PT Field Goal,Left Side Center(LC),Mid-Range,16-24 ft.,1610612747,Los Angeles Lakers,2002-12-13,LAL vs. NOH,NOH,3624
Alley Oop Layup shot,Layup,114,20200326,34.0443,0,0,-118.2698,11,2,0,2002-03,1,0,1.0,2PT Field Goal,Center(C),Restricted Area,Less Than 8 ft.,1610612747,Los Angeles Lakers,2002-12-13,LAL vs. NOH,NOH,3625
Slam Dunk Shot,Dunk,209,20200326,34.0443,0,0,-118.2698,0,2,0,2002-03,44,0,1.0,2PT Field Goal,Center(C),Restricted Area,Less Than 8 ft.,1610612747,Los Angeles Lakers,2002-12-13,LAL vs. NOH,NOH,3626
Jump Shot,Jump Shot,220,20200326,33.8963,110,148,-118.1598,11,3,0,2002-03,20,18,0.0,2PT Field Goal,Right Side Center(RC),Mid-Range,16-24 ft.,1610612747,Los Angeles Lakers,2002-12-13,LAL vs. NOH,NOH,3627
Driving Layup Shot,Layup,231,20200326,34.0443,0,0,-118.2698,9,3,0,2002-03,46,0,,2PT Field Goal,Center(C),Restricted Area,Less Than 8 ft.,1610612747,Los Angeles Lakers,2002-12-13,LAL vs. NOH,NOH,3628
Driving Layup Shot,Layup,284,20200326,34.0443,0,0,-118.2698,3,3,0,2002-03,58,0,1.0,2PT Field Goal,Center(C),Restricted Area,Less Than 8 ft.,1610612747,Los Angeles Lakers,2002-12-13,LAL vs. NOH,NOH,3629
Jump Shot,Jump Shot,329,20200326,33.9493,-115,95,-118.3848,11,4,0,2002-03,47,14,,2PT Field Goal,Left Side(L),Mid-Range,8-16 ft.,1610612747,Los Angeles Lakers,2002-12-13,LAL vs. NOH,NOH,3630
Jump Shot,Jump Shot,334,20200326,33.9583,-21,86,-118.2908,11,4,0,2002-03,20,8,0.0,2PT Field Goal,Center(C),In The Paint (Non-RA),8-16 ft.,1610612747,Los Angeles Lakers,2002-12-13,LAL vs. NOH,NOH,3631
Jump Shot,Jump Shot,338,20200326,33.8893,-126,155,-118.3958,10,4,0,2002-03,36,19,0.0,2PT Field Goal,Left Side Center(LC),Mid-Range,16-24 ft.,1610612747,Los Angeles Lakers,2002-12-13,LAL vs. NOH,NOH,3632
Slam Dunk Shot,Dunk,344,20200326,34.0443,0,0,-118.2698,9,4,0,2002-03,57,0,1.0,2PT Field Goal,Center(C),Restricted Area,Less Than 8 ft.,1610612747,Los Angeles Lakers,2002-12-13,LAL vs. NOH,NOH,3633
Jump Shot,Jump Shot,384,20200326,33.9123,10,132,-118.2598,5,4,0,2002-03,35,13,0.0,2PT Field Goal,Center(C),In The Paint (Non-RA),8-16 ft.,1610612747,Los Angeles Lakers,2002-12-13,LAL vs. NOH,NOH,3634
Jump Shot,Jump Shot,411,20200326,33.8963,62,148,-118.2078,4,4,0,2002-03,2,16,0.0,2PT Field Goal,Right Side Center(RC),Mid-Range,16-24 ft.,1610612747,Los Angeles Lakers,2002-12-13,LAL vs. NOH,NOH,3635
Jump Shot,Jump Shot,415,20200326,33.9113,29,133,-118.2408,3,4,0,2002-03,47,13,0.0,2PT Field Goal,Center(C),In The Paint (Non-RA),8-16 ft.,1610612747,Los Angeles Lakers,2002-12-13,LAL vs. NOH,NOH,3636
Layup Shot,Layup,43,20200341,34.0243,3,20,-118.2668,7,1,0,2002-03,38,2,0.0,2PT Field Goal,Center(C),Restricted Area,Less Than 8 ft.,1610612747,Los Angeles Lakers,2002-12-15,LAL vs. ORL,ORL,3637
Jump Shot,Jump Shot,71,20200341,33.9073,-2,137,-118.2718,5,1,0,2002-03,8,13,0.0,2PT Field Goal,Center(C),In The Paint (Non-RA),8-16 ft.,1610612747,Los Angeles Lakers,2002-12-15,LAL vs. ORL,ORL,3638
Jump Shot,Jump Shot,96,20200341,34.0243,135,20,-118.1348,2,1,0,2002-03,26,13,0.0,2PT Field Goal,Right Side(R),Mid-Range,8-16 ft.,1610612747,Los Angeles Lakers,2002-12-15,LAL vs. ORL,ORL,3639
Jump Shot,Jump Shot,101,20200341,34.0413,-143,3,-118.4128,2,1,0,2002-03,18,14,0.0,2PT Field Goal,Left Side(L),Mid-Range,8-16 ft.,1610612747,Los Angeles Lakers,2002-12-15,LAL vs. ORL,ORL,3640
Jump Shot,Jump Shot,233,20200341,34.0493,-125,-5,-118.3948,3,2,0,2002-03,6,12,,2PT Field Goal,Left Side(L),Mid-Range,8-16 ft.,1610612747,Los Angeles Lakers,2002-12-15,LAL vs. ORL,ORL,3641
Jump Shot,Jump Shot,245,20200341,34.0533,-89,-9,-118.3588,1,2,0,2002-03,47,8,,2PT Field Goal,Left Side(L),Mid-Range,8-16 ft.,1610612747,Los Angeles Lakers,2002-12-15,LAL vs. ORL,ORL,3642
Jump Shot,Jump Shot,273,20200341,34.0363,77,8,-118.1928,10,3,0,2002-03,50,7,1.0,2PT Field Goal,Center(C),In The Paint (Non-RA),Less Than 8 ft.,1610612747,Los Angeles Lakers,2002-12-15,LAL vs. ORL,ORL,3643
Driving Layup Shot,Layup,276,20200341,34.0443,0,0,-118.2698,10,3,0,2002-03,20,0,1.0,2PT Field Goal,Center(C),Restricted Area,Less Than 8 ft.,1610612747,Los Angeles Lakers,2002-12-15,LAL vs. ORL,ORL,3644
Jump Shot,Jump Shot,290,20200341,34.0083,-38,36,-118.3078,9,3,0,2002-03,3,5,0.0,2PT Field Goal,Center(C),In The Paint (Non-RA),Less Than 8 ft.,1610612747,Los Angeles Lakers,2002-12-15,LAL vs. ORL,ORL,3645
Jump Shot,Jump Shot,295,20200341,33.9043,-62,140,-118.3318,8,3,0,2002-03,23,15,0.0,2PT Field Goal,Center(C),Mid-Range,8-16 ft.,1610612747,Los Angeles Lakers,2002-12-15,LAL vs. ORL,ORL,3646
Slam Dunk Shot,Dunk,301,20200341,34.0443,0,0,-118.2698,8,3,0,2002-03,3,0,1.0,2PT Field Goal,Center(C),Restricted Area,Less Than 8 ft.,1610612747,Los Angeles Lakers,2002-12-15,LAL vs. ORL,ORL,3647
Jump Shot,Jump Shot,333,20200341,33.7973,-107,247,-118.3768,5,3,0,2002-03,14,26,,3PT Field Goal,Left Side Center(LC),Above the Break 3,24+ ft.,1610612747,Los Angeles Lakers,2002-12-15,LAL vs. ORL,ORL,3648
Jump Shot,Jump Shot,342,20200341,34.0163,95,28,-118.1748,4,3,0,2002-03,27,9,1.0,2PT Field Goal,Right Side(R),Mid-Range,8-16 ft.,1610612747,Los Angeles Lakers,2002-12-15,LAL vs. ORL,ORL,3649
Slam Dunk Shot,Dunk,345,20200341,34.0443,0,0,-118.2698,4,3,0,2002-03,3,0,,2PT Field Goal,Center(C),Restricted Area,Less Than 8 ft.,1610612747,Los Angeles Lakers,2002-12-15,LAL vs. ORL,ORL,3650
Jump Shot,Jump Shot,393,20200341,33.8913,-44,153,-118.3138,0,3,0,2002-03,31,15,0.0,2PT Field Goal,Center(C),Mid-Range,8-16 ft.,1610612747,Los Angeles Lakers,2002-12-15,LAL vs. ORL,ORL,3651
Driving Dunk Shot,Dunk,28,20200352,34.0443,0,0,-118.2698,7,1,0,2002-03,10,0,,2PT Field Goal,Center(C),Restricted Area,Less Than 8 ft.,1610612747,Los Angeles Lakers,2002-12-17,LAL @ MIN,MIN,3652
Jump Shot,Jump Shot,33,20200352,33.9963,128,48,-118.1418,5,1,0,2002-03,54,13,0.0,2PT Field Goal,Right Side(R),Mid-Range,8-16 ft.,1610612747,Los Angeles Lakers,2002-12-17,LAL @ MIN,MIN,3653
Jump Shot,Jump Shot,68,20200352,33.9223,-115,122,-118.3848,1,1,0,2002-03,24,16,0.0,2PT Field Goal,Left Side Center(LC),Mid-Range,16-24 ft.,1610612747,Los Angeles Lakers,2002-12-17,LAL @ MIN,MIN,3654
Jump Shot,Jump Shot,111,20200352,34.0533,153,-9,-118.1168,9,2,0,2002-03,31,15,0.0,2PT Field Goal,Right Side(R),Mid-Range,8-16 ft.,1610612747,Los Angeles Lakers,2002-12-17,LAL @ MIN,MIN,3655
Jump Shot,Jump Shot,208,20200352,33.8173,-11,227,-118.2808,0,2,0,2002-03,41,22,1.0,2PT Field Goal,Center(C),Mid-Range,16-24 ft.,1610612747,Los Angeles Lakers,2002-12-17,LAL @ MIN,MIN,3656
Jump Shot,Jump Shot,213,20200352,33.9353,-153,109,-118.4228,0,2,0,2002-03,1,18,0.0,2PT Field Goal,Left Side(L),Mid-Range,16-24 ft.,1610612747,Los Angeles Lakers,2002-12-17,LAL @ MIN,MIN,3657
Driving Dunk Shot,Dunk,222,20200352,34.0443,0,0,-118.2698,10,3,0,2002-03,39,0,0.0,2PT Field Goal,Center(C),Restricted Area,Less Than 8 ft.,1610612747,Los Angeles Lakers,2002-12-17,LAL @ MIN,MIN,3658
Jump Shot,Jump Shot,228,20200352,33.9013,159,143,-118.1108,9,3,0,2002-03,49,21,1.0,2PT Field Goal,Right Side Center(RC),Mid-Range,16-24 ft.,1610612747,Los Angeles Lakers,2002-12-17,LAL @ MIN,MIN,3659
Jump Shot,Jump Shot,251,20200352,33.9243,164,120,-118.1058,6,3,0,2002-03,40,20,,2PT Field Goal,Right Side Center(RC),Mid-Range,16-24 ft.,1610612747,Los Angeles Lakers,2002-12-17,LAL @ MIN,MIN,3660
Layup Shot,Layup,295,20200352,34.0443,0,0,-118.2698,1,3,0,2002-03,11,0,0.0,2PT Field Goal,Center(C),Restricted Area,Less Than 8 ft.,1610612747,Los Angeles Lakers,2002-12-17,LAL @ MIN,MIN,3661
Running Jump Shot,Jump Shot,301,20200352,33.8763,-75,168,-118.3448,0,3,0,2002-03,38,18,1.0,2PT Field Goal,Left Side Center(LC),Mid-Range,16-24 ft.,1610612747,Los Angeles Lakers,2002-12-17,LAL @ MIN,MIN,3662
Jump Shot,Jump Shot,316,20200352,33.8573,141,187,-118.1288,11,4,0,2002-03,36,23,0.0,2PT Field Goal,Right Side Center(RC),Mid-Range,16-24 ft.,1610612747,Los Angeles Lakers,2002-12-17,LAL @ MIN,MIN,3663
Jump Shot,Jump Shot,336,20200352,33.9753,-8,69,-118.2778,8,4,0,2002-03,28,6,,2PT Field Goal,Center(C),In The Paint (Non-RA),Less Than 8 ft.,1610612747,Los Angeles Lakers,2002-12-17,LAL @ MIN,MIN,3664
Jump Shot,Jump Shot,339,20200352,33.9533,195,91,-118.0748,7,4,0,2002-03,59,21,1.0,2PT Field Goal,Right Side(R),Mid-Range,16-24 ft.,1610612747,Los Angeles Lakers,2002-12-17,LAL @ MIN,MIN,3665
Jump Shot,Jump Shot,11,20200367,33.9033,133,141,-118.1368,11,1,0,2002-03,1,19,0.0,2PT Field Goal,Right Side Center(RC),Mid-Range,16-24 ft.,1610612747,Los Angeles Lakers,2002-12-19,LAL @ NJN,NJN,3666
Jump Shot,Jump Shot,21,20200367,33.8553,-120,189,-118.3898,9,1,0,2002-03,59,22,1.0,2PT Field Goal,Left Side Center(LC),Mid-Range,16-24 ft.,1610612747,Los Angeles Lakers,2002-12-19,LAL @ NJN,NJN,3667
Jump Shot,Jump Shot,32,20200367,34.0423,176,2,-118.0938,8,1,0,2002-03,27,17,0.0,2PT Field Goal,Right Side(R),Mid-Range,16-24 ft.,1610612747,Los Angeles Lakers,2002-12-19,LAL @ NJN,NJN,3668
Running Jump Shot,Jump Shot,37,20200367,33.9983,21,46,-118.2488,7,1,0,2002-03,55,5,0.0,2PT Field Goal,Center(C),In The Paint (Non-RA),Less Than 8 ft.,1610612747,Los Angeles Lakers,2002-12-19,LAL @ NJN,NJN,3669
Jump Shot,Jump Shot,44,20200367,33.9603,38,84,-118.2318,7,1,0,2002-03,11,9,,2PT Field Goal,Center(C),In The Paint (Non-RA),8-16 ft.,1610612747,Los Angeles Lakers,2002-12-19,LAL @ NJN,NJN,3670
Reverse Layup Shot,Layup,58,20200367,34.0443,0,0,-118.2698,6,1,0,2002-03,19,0,0.0,2PT Field Goal,Center(C),Restricted Area,Less Than 8 ft.,1610612747,Los Angeles Lakers,2002-12-19,LAL @ NJN,NJN,3671
Jump Shot,Jump Shot,74,20200367,33.9113,-100,133,-118.3698,5,1,0,2002-03,7,16,,2PT Field Goal,Left Side Center(LC),Mid-Range,16-24 ft.,1610612747,Los Angeles Lakers,2002-12-19,LAL @ NJN,NJN,3672
Jump Shot,Jump Shot,89,20200367,33.9293,18,115,-118.2518,3,1,0,2002-03,16,11,0.0,2PT Field Goal,Center(C),In The Paint (Non-RA),8-16 ft.,1610612747,Los Angeles Lakers,2002-12-19,LAL @ NJN,NJN,3673
Reverse Layup Shot,Layup,118,20200367,34.0443,0,0,-118.2698,1,1,0,2002-03,17,0,1.0,2PT Field Goal,Center(C),Restricted Area,Less Than 8 ft.,1610612747,Los Angeles Lakers,2002-12-19,LAL @ NJN,NJN,3674
Turnaround Jump Shot,Jump Shot,126,20200367,33.9033,31,141,-118.2388,0,1,0,2002-03,1,14,1.0,2PT Field Goal,Center(C),Mid-Range,8-16 ft.,1610612747,Los Angeles Lakers,2002-12-19,LAL @ NJN,NJN,3675
Jump Shot,Jump Shot,132,20200367,33.8433,1,201,-118.2688,11,2,0,2002-03,31,20,0.0,2PT Field Goal,Center(C),Mid-Range,16-24 ft.,1610612747,Los Angeles Lakers,2002-12-19,LAL @ NJN,NJN,3676
Jump Shot,Jump Shot,157,20200367,33.8753,112,169,-118.1578,9,2,0,2002-03,6,20,0.0,2PT Field Goal,Right Side Center(RC),Mid-Range,16-24 ft.,1610612747,Los Angeles Lakers,2002-12-19,LAL @ NJN,NJN,3677
Jump Shot,Jump Shot,203,20200367,33.9833,-72,61,-118.3418,4,2,0,2002-03,46,9,0.0,2PT Field Goal,Left Side(L),In The Paint (Non-RA),8-16 ft.,1610612747,Los Angeles Lakers,2002-12-19,LAL @ NJN,NJN,3678
Jump Shot,Jump Shot,237,20200367,33.9623,21,82,-118.2488,2,2,0,2002-03,43,8,0.0,2PT Field Goal,Center(C),In The Paint (Non-RA),8-16 ft.,1610612747,Los Angeles Lakers,2002-12-19,LAL @ NJN,NJN,3679
Layup Shot,Layup,243,20200367,34.0443,0,0,-118.2698,2,2,0,2002-03,4,0,,2PT Field Goal,Center(C),Restricted Area,Less Than 8 ft.,1610612747,Los Angeles Lakers,2002-12-19,LAL @ NJN,NJN,3680
Running Jump Shot,Jump Shot,248,20200367,34.0313,102,13,-118.1678,1,2,0,2002-03,25,10,0.0,2PT Field Goal,Right Side(R),Mid-Range,8-16 ft.,1610612747,Los Angeles Lakers,2002-12-19,LAL @ NJN,NJN,3681
Slam Dunk Shot,Dunk,252,20200367,34.0443,0,0,-118.2698,1,2,0,2002-03,4,0,,2PT Field Goal,Center(C),Restricted Area,Less Than 8 ft.,1610612747,Los Angeles Lakers,2002-12-19,LAL @ NJN,NJN,3682
Turnaround Jump Shot,Jump Shot,258,20200367,34.0533,158,-9,-118.1118,0,2,0,2002-03,20,15,0.0,2PT Field Goal,Right Side(R),Mid-Range,8-16 ft.,1610612747,Los Angeles Lakers,2002-12-19,LAL @ NJN,NJN,3683
Turnaround Jump Shot,Jump Shot,276,20200367,33.9063,-85,138,-118.3548,11,3,0,2002-03,25,16,0.0,2PT Field Goal,Left Side Center(LC),Mid-Range,16-24 ft.,1610612747,Los Angeles Lakers,2002-12-19,LAL @ NJN,NJN,3684
Turnaround Jump Shot,Jump Shot,287,20200367,33.9453,5,99,-118.2648,9,3,0,2002-03,35,9,,2PT Field Goal,Center(C),In The Paint (Non-RA),8-16 ft.,1610612747,Los Angeles Lakers,2002-12-19,LAL @ NJN,NJN,3685
Jump Shot,Jump Shot,311,20200367,34.0443,128,0,-118.1418,7,3,0,2002-03,27,12,,2PT Field Goal,Right Side(R),Mid-Range,8-16 ft.,1610612747,Los Angeles Lakers,2002-12-19,LAL @ NJN,NJN,3686
Running Jump Shot,Jump Shot,317,20200367,33.9783,-74,66,-118.3438,5,3,0,2002-03,57,9,0.0,2PT Field Goal,Left Side(L),In The Paint (Non-RA),8-16 ft.,1610612747,Los Angeles Lakers,2002-12-19,LAL @ NJN,NJN,3687
Turnaround Jump Shot,Jump Shot,333,20200367,33.8833,-89,161,-118.3588,4,3,0,2002-03,21,18,0.0,2PT Field Goal,Left Side Center(LC),Mid-Range,16-24 ft.,1610612747,Los Angeles Lakers,2002-12-19,LAL @ NJN,NJN,3688
Jump Shot,Jump Shot,343,20200367,33.8883,51,156,-118.2188,2,3,0,2002-03,43,16,,2PT Field Goal,Right Side Center(RC),Mid-Range,16-24 ft.,1610612747,Los Angeles Lakers,2002-12-19,LAL @ NJN,NJN,3689
Layup Shot,Layup,406,20200367,34.0443,0,0,-118.2698,8,4,0,2002-03,28,0,1.0,2PT Field Goal,Center(C),Restricted Area,Less Than 8 ft.,1610612747,Los Angeles Lakers,2002-12-19,LAL @ NJN,NJN,3690
Jump Shot,Jump Shot,436,20200367,34.0443,227,0,-118.0428,5,4,0,2002-03,7,22,0.0,3PT Field Goal,Right Side(R),Right Corner 3,24+ ft.,1610612747,Los Angeles Lakers,2002-12-19,LAL @ NJN,NJN,3691
Jump Shot,Jump Shot,446,20200367,34.0443,130,0,-118.1398,4,4,0,2002-03,28,13,0.0,2PT Field Goal,Right Side(R),Mid-Range,8-16 ft.,1610612747,Los Angeles Lakers,2002-12-19,LAL @ NJN,NJN,3692
Jump Shot,Jump Shot,451,20200367,34.0183,190,26,-118.0798,4,4,0,2002-03,9,19,1.0,2PT Field Goal,Right Side(R),Mid-Range,16-24 ft.,1610612747,Los Angeles Lakers,2002-12-19,LAL @ NJN,NJN,3693
Jump Shot,Jump Shot,461,20200367,33.9813,177,63,-118.0928,2,4,0,2002-03,56,18,0.0,2PT Field Goal,Right Side(R),Mid-Range,16-24 ft.,1610612747,Los Angeles Lakers,2002-12-19,LAL @ NJN,NJN,3694
Jump Shot,Jump Shot,2,20200372,34.0063,-29,38,-118.2988,11,1,0,2002-03,51,4,0.0,2PT Field Goal,Center(C),In The Paint (Non-RA),Less Than 8 ft.,1610612747,Los Angeles Lakers,2002-12-20,LAL @ PHI,PHI,3695
Driving Layup Shot,Layup,12,20200372,34.0443,0,0,-118.2698,10,1,0,2002-03,13,0,1.0,2PT Field Goal,Center(C),Restricted Area,Less Than 8 ft.,1610612747,Los Angeles Lakers,2002-12-20,LAL @ PHI,PHI,3696
Jump Shot,Jump Shot,27,20200372,34.0093,113,35,-118.1568,8,1,0,2002-03,9,11,0.0,2PT Field Goal,Right Side(R),Mid-Range,8-16 ft.,1610612747,Los Angeles Lakers,2002-12-20,LAL @ PHI,PHI,3697
Fadeaway Jump Shot,Jump Shot,84,20200372,34.0573,117,-13,-118.1528,1,1,0,2002-03,41,11,1.0,2PT Field Goal,Right Side(R),Mid-Range,8-16 ft.,1610612747,Los Angeles Lakers,2002-12-20,LAL @ PHI,PHI,3698
Jump Shot,Jump Shot,106,20200372,33.9573,117,87,-118.1528,0,1,0,2002-03,2,14,0.0,2PT Field Goal,Right Side(R),Mid-Range,8-16 ft.,1610612747,Los Angeles Lakers,2002-12-20,LAL @ PHI,PHI,3699
Jump Shot,Jump Shot,132,20200372,34.0473,153,-3,-118.1168,9,2,0,2002-03,35,15,0.0,2PT Field Goal,Right Side(R),Mid-Range,8-16 ft.,1610612747,Los Angeles Lakers,2002-12-20,LAL @ PHI,PHI,3700
Layup Shot,Layup,143,20200372,34.0443,0,0,-118.2698,7,2,0,2002-03,45,0,0.0,2PT Field Goal,Center(C),Restricted Area,Less Than 8 ft.,1610612747,Los Angeles Lakers,2002-12-20,LAL @ PHI,PHI,3701
Dunk Shot,Dunk,151,20200372,34.0443,0,0,-118.2698,7,2,0,2002-03,31,0,1.0,2PT Field Goal,Center(C),Restricted Area,Less Than 8 ft.,1610612747,Los Angeles Lakers,2002-12-20,LAL @ PHI,PHI,3702
Jump Shot,Jump Shot,177,20200372,33.8553,103,189,-118.1668,5,2,0,2002-03,27,21,0.0,2PT Field Goal,Right Side Center(RC),Mid-Range,16-24 ft.,1610612747,Los Angeles Lakers,2002-12-20,LAL @ PHI,PHI,3703
Alley Oop Dunk Shot,Dunk,179,20200372,34.0443,0,0,-118.2698,5,2,0,2002-03,20,0,1.0,2PT Field Goal,Center(C),Restricted Area,Less Than 8 ft.,1610612747,Los Angeles Lakers,2002-12-20,LAL @ PHI,PHI,3704
Jump Shot,Jump Shot,200,20200372,33.9123,135,132,-118.1348,2,2,0,2002-03,24,18,,2PT Field Goal,Right Side Center(RC),Mid-Range,16-24 ft.,1610612747,Los Angeles Lakers,2002-12-20,LAL @ PHI,PHI,3705
Jump Shot,Jump Shot,206,20200372,34.0533,-174,-9,-118.4438,1,2,0,2002-03,33,17,0.0,2PT Field Goal,Left Side(L),Mid-Range,16-24 ft.,1610612747,Los Angeles Lakers,2002-12-20,LAL @ PHI,PHI,3706
Jump Shot,Jump Shot,239,20200372,33.9393,-123,105,-118.3928,11,3,0,2002-03,37,16,1.0,2PT Field Goal,Left Side Center(LC),Mid-Range,16-24 ft.,1610612747,Los Angeles Lakers,2002-12-20,LAL @ PHI,PHI,3707
Jump Shot,Jump Shot,263,20200372,34.0313,146,13,-118.1238,8,3,0,2002-03,24,14,0.0,2PT Field Goal,Right Side(R),Mid-Range,8-16 ft.,1610612747,Los Angeles Lakers,2002-12-20,LAL @ PHI,PHI,3708
Layup Shot,Layup,267,20200372,34.0443,0,0,-118.2698,8,3,0,2002-03,3,0,0.0,2PT Field Goal,Center(C),Restricted Area,Less Than 8 ft.,1610612747,Los Angeles Lakers,2002-12-20,LAL @ PHI,PHI,3709
Jump Shot,Jump Shot,273,20200372,34.0443,-33,0,-118.3028,7,3,0,2002-03,2,3,0.0,2PT Field Goal,Center(C),Restricted Area,Less Than 8 ft.,1610612747,Los Angeles Lakers,2002-12-20,LAL @ PHI,PHI,3710
Jump Shot,Jump Shot,314,20200372,34.0393,164,5,-118.1058,3,3,0,2002-03,42,16,0.0,2PT Field Goal,Right Side(R),Mid-Range,16-24 ft.,1610612747,Los Angeles Lakers,2002-12-20,LAL @ PHI,PHI,3711
Jump Shot,Jump Shot,323,20200372,33.9903,-156,54,-118.4258,3,3,0,2002-03,8,16,,2PT Field Goal,Left Side(L),Mid-Range,16-24 ft.,1610612747,Los Angeles Lakers,2002-12-20,LAL @ PHI,PHI,3712
Jump Shot,Jump Shot,328,20200372,33.9883,186,56,-118.0838,2,3,0,2002-03,3,19,,2PT Field Goal,Right Side(R),Mid-Range,16-24 ft.,1610612747,Los Angeles Lakers,2002-12-20,LAL @ PHI,PHI,3713
Jump Shot,Jump Shot,333,20200372,33.8433,179,201,-118.0908,0,3,0,2002-03,50,26,1.0,3PT Field Goal,Right Side Center(RC),Above the Break 3,24+ ft.,1610612747,Los Angeles Lakers,2002-12-20,LAL @ PHI,PHI,3714
Driving Layup Shot,Layup,335,20200372,34.0443,0,0,-118.2698,0,3,0,2002-03,23,0,1.0,2PT Field Goal,Center(C),Restricted Area,Less Than 8 ft.,1610612747,Los Angeles Lakers,2002-12-20,LAL @ PHI,PHI,3715
Jump Shot,Jump Shot,339,20200372,33.3933,-207,651,-118.4768,0,3,0,2002-03,0,68,0.0,3PT Field Goal,Back Court(BC),Backcourt,Back Court Shot,1610612747,Los Angeles Lakers,2002-12-20,LAL @ PHI,PHI,3716
Alley Oop Layup shot,Layup,345,20200372,34.0443,0,0,-118.2698,11,4,0,2002-03,49,0,1.0,2PT Field Goal,Center(C),Restricted Area,Less Than 8 ft.,1610612747,Los Angeles Lakers,2002-12-20,LAL @ PHI,PHI,3717
Turnaround Jump Shot,Jump Shot,380,20200372,34.0323,-141,12,-118.4108,9,4,0,2002-03,11,14,1.0,2PT Field Goal,Left Side(L),Mid-Range,8-16 ft.,1610612747,Los Angeles Lakers,2002-12-20,LAL @ PHI,PHI,3718
Jump Shot,Jump Shot,386,20200372,34.0343,-138,10,-118.4078,8,4,0,2002-03,39,13,,2PT Field Goal,Left Side(L),Mid-Range,8-16 ft.,1610612747,Los Angeles Lakers,2002-12-20,LAL @ PHI,PHI,3719
Alley Oop Dunk Shot,Dunk,393,20200372,34.0443,0,0,-118.2698,8,4,0,2002-03,13,0,1.0,2PT Field Goal,Center(C),Restricted Area,Less Than 8 ft.,1610612747,Los Angeles Lakers,2002-12-20,LAL @ PHI,PHI,3720
Jump Shot,Jump Shot,407,20200372,34.0413,174,3,-118.0958,7,4,0,2002-03,2,17,,2PT Field Goal,Right Side(R),Mid-Range,16-24 ft.,1610612747,Los Angeles Lakers,2002-12-20,LAL @ PHI,PHI,3721
Jump Shot,Jump Shot,418,20200372,33.8013,89,243,-118.1808,5,4,0,2002-03,48,25,0.0,3PT Field Goal,Right Side Center(RC),Above the Break 3,24+ ft.,1610612747,Los Angeles Lakers,2002-12-20,LAL @ PHI,PHI,3722
Running Jump Shot,Jump Shot,421,20200372,34.0723,-105,-28,-118.3748,5,4,0,2002-03,25,10,,2PT Field Goal,Left Side(L),Mid-Range,8-16 ft.,1610612747,Los Angeles Lakers,2002-12-20,LAL @ PHI,PHI,3723
Jump Shot,Jump Shot,441,20200372,34.0043,-122,40,-118.3918,3,4,0,2002-03,1,12,,2PT Field Goal,Left Side(L),Mid-Range,8-16 ft.,1610612747,Los Angeles Lakers,2002-12-20,LAL @ PHI,PHI,3724
Jump Shot,Jump Shot,461,20200372,33.8943,3,150,-118.2668,1,4,0,2002-03,54,15,0.0,2PT Field Goal,Center(C),Mid-Range,8-16 ft.,1610612747,Los Angeles Lakers,2002-12-20,LAL @ PHI,PHI,3725
Jump Shot,Jump Shot,480,20200372,33.7833,89,261,-118.1808,0,4,0,2002-03,2,27,0.0,3PT Field Goal,Right Side Center(RC),Above the Break 3,24+ ft.,1610612747,Los Angeles Lakers,2002-12-20,LAL @ PHI,PHI,3726
Jump Shot,Jump Shot,500,20200372,34.0523,159,-8,-118.1108,3,5,0,2002-03,27,15,,2PT Field Goal,Right Side(R),Mid-Range,8-16 ft.,1610612747,Los Angeles Lakers,2002-12-20,LAL @ PHI,PHI,3727
Jump Shot,Jump Shot,539,20200372,34.0473,-241,-3,-118.5108,0,5,0,2002-03,19,24,1.0,3PT Field Goal,Left Side(L),Left Corner 3,24+ ft.,1610612747,Los Angeles Lakers,2002-12-20,LAL @ PHI,PHI,3728
Driving Dunk Shot,Dunk,546,20200372,34.0443,0,0,-118.2698,0,5,0,2002-03,8,0,1.0,2PT Field Goal,Center(C),Restricted Area,Less Than 8 ft.,1610612747,Los Angeles Lakers,2002-12-20,LAL @ PHI,PHI,3729
Jump Shot,Jump Shot,8,20200392,33.9303,72,114,-118.1978,10,1,0,2002-03,59,13,0.0,2PT Field Goal,Right Side(R),In The Paint (Non-RA),8-16 ft.,1610612747,Los Angeles Lakers,2002-12-22,LAL @ TOR,TOR,3730
Jump Shot,Jump Shot,34,20200392,33.9073,108,137,-118.1618,7,1,0,2002-03,42,17,1.0,2PT Field Goal,Right Side Center(RC),Mid-Range,16-24 ft.,1610612747,Los Angeles Lakers,2002-12-22,LAL @ TOR,TOR,3731
Jump Shot,Jump Shot,39,20200392,33.8553,-3,189,-118.2728,7,1,0,2002-03,11,18,1.0,2PT Field Goal,Center(C),Mid-Range,16-24 ft.,1610612747,Los Angeles Lakers,2002-12-22,LAL @ TOR,TOR,3732
Fadeaway Jump Shot,Jump Shot,47,20200392,34.0313,-174,13,-118.4438,6,1,0,2002-03,4,17,,2PT Field Goal,Left Side(L),Mid-Range,16-24 ft.,1610612747,Los Angeles Lakers,2002-12-22,LAL @ TOR,TOR,3733
Jump Shot,Jump Shot,56,20200392,33.8303,-15,214,-118.2848,5,1,0,2002-03,38,21,,2PT Field Goal,Center(C),Mid-Range,16-24 ft.,1610612747,Los Angeles Lakers,2002-12-22,LAL @ TOR,TOR,3734
Turnaround Jump Shot,Jump Shot,59,20200392,33.9093,72,135,-118.1978,5,1,0,2002-03,2,15,0.0,2PT Field Goal,Center(C),In The Paint (Non-RA),8-16 ft.,1610612747,Los Angeles Lakers,2002-12-22,LAL @ TOR,TOR,3735
Jump Shot,Jump Shot,70,20200392,33.8553,161,189,-118.1088,4,1,0,2002-03,18,24,1.0,3PT Field Goal,Right Side Center(RC),Above the Break 3,24+ ft.,1610612747,Los Angeles Lakers,2002-12-22,LAL @ TOR,TOR,3736
Jump Shot,Jump Shot,87,20200392,34.0163,197,28,-118.0728,2,1,0,2002-03,46,19,1.0,2PT Field Goal,Right Side(R),Mid-Range,16-24 ft.,1610612747,Los Angeles Lakers,2002-12-22,LAL @ TOR,TOR,3737
Driving Layup Shot,Layup,108,20200392,34.0443,0,0,-118.2698,1,1,0,2002-03,30,0,0.0,2PT Field Goal,Center(C),Restricted Area,Less Than 8 ft.,1610612747,Los Angeles Lakers,2002-12-22,LAL @ TOR,TOR,3738
Jump Shot,Jump Shot,182,20200392,33.9173,67,127,-118.2028,8,2,0,2002-03,14,14,0.0,2PT Field Goal,Center(C),In The Paint (Non-RA),8-16 ft.,1610612747,Los Angeles Lakers,2002-12-22,LAL @ TOR,TOR,3739
Turnaround Jump Shot,Jump Shot,217,20200392,33.9033,-75,141,-118.3448,4,2,0,2002-03,53,15,1.0,2PT Field Goal,Center(C),Mid-Range,8-16 ft.,1610612747,Los Angeles Lakers,2002-12-22,LAL @ TOR,TOR,3740
Jump Shot,Jump Shot,219,20200392,34.0363,158,8,-118.1118,4,2,0,2002-03,15,15,1.0,2PT Field Goal,Right Side(R),Mid-Range,8-16 ft.,1610612747,Los Angeles Lakers,2002-12-22,LAL @ TOR,TOR,3741
Jump Shot,Jump Shot,248,20200392,33.9343,-172,110,-118.4418,1,2,0,2002-03,2,20,,2PT Field Goal,Left Side(L),Mid-Range,16-24 ft.,1610612747,Los Angeles Lakers,2002-12-22,LAL @ TOR,TOR,3742
Jump Shot,Jump Shot,250,20200392,33.8353,-151,209,-118.4208,0,2,0,2002-03,34,25,1.0,3PT Field Goal,Left Side Center(LC),Above the Break 3,24+ ft.,1610612747,Los Angeles Lakers,2002-12-22,LAL @ TOR,TOR,3743
Running Jump Shot,Jump Shot,252,20200392,33.9833,-20,61,-118.2898,0,2,0,2002-03,0,6,0.0,2PT Field Goal,Center(C),In The Paint (Non-RA),Less Than 8 ft.,1610612747,Los Angeles Lakers,2002-12-22,LAL @ TOR,TOR,3744
Jump Shot,Jump Shot,301,20200392,33.9733,-172,71,-118.4418,7,3,0,2002-03,58,18,1.0,2PT Field Goal,Left Side(L),Mid-Range,16-24 ft.,1610612747,Los Angeles Lakers,2002-12-22,LAL @ TOR,TOR,3745
Jump Shot,Jump Shot,306,20200392,33.8753,44,169,-118.2258,7,3,0,2002-03,1,17,0.0,2PT Field Goal,Center(C),Mid-Range,16-24 ft.,1610612747,Los Angeles Lakers,2002-12-22,LAL @ TOR,TOR,3746
Fadeaway Jump Shot,Jump Shot,319,20200392,34.0273,176,17,-118.0938,5,3,0,2002-03,49,17,0.0,2PT Field Goal,Right Side(R),Mid-Range,16-24 ft.,1610612747,Los Angeles Lakers,2002-12-22,LAL @ TOR,TOR,3747
Driving Layup Shot,Layup,348,20200392,34.0443,0,0,-118.2698,2,3,0,2002-03,54,0,0.0,2PT Field Goal,Center(C),Restricted Area,Less Than 8 ft.,1610612747,Los Angeles Lakers,2002-12-22,LAL @ TOR,TOR,3748
Jump Shot,Jump Shot,422,20200392,33.9703,130,74,-118.1398,7,4,0,2002-03,28,14,0.0,2PT Field Goal,Right Side(R),Mid-Range,8-16 ft.,1610612747,Los Angeles Lakers,2002-12-22,LAL @ TOR,TOR,3749
Turnaround Jump Shot,Jump Shot,425,20200392,33.9853,-3,59,-118.2728,6,4,0,2002-03,55,5,0.0,2PT Field Goal,Center(C),In The Paint (Non-RA),Less Than 8 ft.,1610612747,Los Angeles Lakers,2002-12-22,LAL @ TOR,TOR,3750
Turnaround Jump Shot,Jump Shot,436,20200392,34.0033,-100,41,-118.3698,5,4,0,2002-03,50,10,1.0,2PT Field Goal,Left Side(L),Mid-Range,8-16 ft.,1610612747,Los Angeles Lakers,2002-12-22,LAL @ TOR,TOR,3751
Turnaround Jump Shot,Jump Shot,440,20200392,34.0243,-120,20,-118.3898,5,4,0,2002-03,3,12,0.0,2PT Field Goal,Left Side(L),Mid-Range,8-16 ft.,1610612747,Los Angeles Lakers,2002-12-22,LAL @ TOR,TOR,3752
Running Jump Shot,Jump Shot,483,20200392,33.9503,47,94,-118.2228,0,4,0,2002-03,20,10,0.0,2PT Field Goal,Center(C),In The Paint (Non-RA),8-16 ft.,1610612747,Los Angeles Lakers,2002-12-22,LAL @ TOR,TOR,3753
Driving Layup Shot,Layup,545,20200392,34.0443,0,0,-118.2698,0,5,0,2002-03,33,0,1.0,2PT Field Goal,Center(C),Restricted Area,Less Than 8 ft.,1610612747,Los Angeles Lakers,2002-12-22,LAL @ TOR,TOR,3754
Running Jump Shot,Jump Shot,20,20200404,33.8403,3,204,-118.2668,9,1,0,2002-03,49,20,1.0,2PT Field Goal,Center(C),Mid-Range,16-24 ft.,1610612747,Los Angeles Lakers,2002-12-25,LAL vs. SAC,SAC,3755
Jump Shot,Jump Shot,24,20200404,33.9093,130,135,-118.1398,9,1,0,2002-03,13,18,1.0,2PT Field Goal,Right Side Center(RC),Mid-Range,16-24 ft.,1610612747,Los Angeles Lakers,2002-12-25,LAL vs. SAC,SAC,3756
Jump Shot,Jump Shot,78,20200404,34.0473,-159,-3,-118.4288,3,1,0,2002-03,15,15,1.0,2PT Field Goal,Left Side(L),Mid-Range,8-16 ft.,1610612747,Los Angeles Lakers,2002-12-25,LAL vs. SAC,SAC,3757
Jump Shot,Jump Shot,98,20200404,34.0423,-105,2,-118.3748,1,1,0,2002-03,25,10,0.0,2PT Field Goal,Left Side(L),Mid-Range,8-16 ft.,1610612747,Los Angeles Lakers,2002-12-25,LAL vs. SAC,SAC,3758
Driving Layup Shot,Layup,133,20200404,34.0443,0,0,-118.2698,10,2,0,2002-03,58,0,0.0,2PT Field Goal,Center(C),Restricted Area,Less Than 8 ft.,1610612747,Los Angeles Lakers,2002-12-25,LAL vs. SAC,SAC,3759
Turnaround Jump Shot,Jump Shot,137,20200404,34.0413,138,3,-118.1318,10,2,0,2002-03,23,13,1.0,2PT Field Goal,Right Side(R),Mid-Range,8-16 ft.,1610612747,Los Angeles Lakers,2002-12-25,LAL vs. SAC,SAC,3760
Jump Shot,Jump Shot,142,20200404,33.9163,-113,128,-118.3828,9,2,0,2002-03,53,17,0.0,2PT Field Goal,Left Side Center(LC),Mid-Range,16-24 ft.,1610612747,Los Angeles Lakers,2002-12-25,LAL vs. SAC,SAC,3761
Jump Shot,Jump Shot,148,20200404,33.9173,135,127,-118.1348,8,2,0,2002-03,43,18,0.0,2PT Field Goal,Right Side Center(RC),Mid-Range,16-24 ft.,1610612747,Los Angeles Lakers,2002-12-25,LAL vs. SAC,SAC,3762
Jump Shot,Jump Shot,150,20200404,33.9963,8,48,-118.2618,8,2,0,2002-03,38,4,0.0,2PT Field Goal,Center(C),In The Paint (Non-RA),Less Than 8 ft.,1610612747,Los Angeles Lakers,2002-12-25,LAL vs. SAC,SAC,3763
Running Jump Shot,Jump Shot,171,20200404,33.9113,-23,133,-118.2928,6,2,0,2002-03,28,13,1.0,2PT Field Goal,Center(C),In The Paint (Non-RA),8-16 ft.,1610612747,Los Angeles Lakers,2002-12-25,LAL vs. SAC,SAC,3764
Layup Shot,Layup,209,20200404,34.0443,0,0,-118.2698,2,2,0,2002-03,54,0,0.0,2PT Field Goal,Center(C),Restricted Area,Less Than 8 ft.,1610612747,Los Angeles Lakers,2002-12-25,LAL vs. SAC,SAC,3765
Layup Shot,Layup,243,20200404,34.0443,0,0,-118.2698,0,2,0,2002-03,18,0,0.0,2PT Field Goal,Center(C),Restricted Area,Less Than 8 ft.,1610612747,Los Angeles Lakers,2002-12-25,LAL vs. SAC,SAC,3766
Jump Shot,Jump Shot,260,20200404,33.9853,-163,59,-118.4328,11,3,0,2002-03,27,17,0.0,2PT Field Goal,Left Side(L),Mid-Range,16-24 ft.,1610612747,Los Angeles Lakers,2002-12-25,LAL vs. SAC,SAC,3767
Driving Layup Shot,Layup,262,20200404,34.0443,0,0,-118.2698,11,3,0,2002-03,21,0,1.0,2PT Field Goal,Center(C),Restricted Area,Less Than 8 ft.,1610612747,Los Angeles Lakers,2002-12-25,LAL vs. SAC,SAC,3768
Jump Shot,Jump Shot,337,20200404,33.9803,21,64,-118.2488,4,3,0,2002-03,22,6,0.0,2PT Field Goal,Center(C),In The Paint (Non-RA),Less Than 8 ft.,1610612747,Los Angeles Lakers,2002-12-25,LAL vs. SAC,SAC,3769
Jump Shot,Jump Shot,388,20200404,33.8993,-122,145,-118.3918,0,3,0,2002-03,0,18,,2PT Field Goal,Left Side Center(LC),Mid-Range,16-24 ft.,1610612747,Los Angeles Lakers,2002-12-25,LAL vs. SAC,SAC,3770
Jump Shot,Jump Shot,401,20200404,33.8963,-209,148,-118.4788,10,4,0,2002-03,28,25,0.0,3PT Field Goal,Left Side Center(LC),Above the Break 3,24+ ft.,1610612747,Los Angeles Lakers,2002-12-25,LAL vs. SAC,SAC,3771
Jump Shot,Jump Shot,433,20200404,33.9453,-52,99,-118.3218,8,4,0,2002-03,17,11,0.0,2PT Field Goal,Center(C),In The Paint (Non-RA),8-16 ft.,1610612747,Los Angeles Lakers,2002-12-25,LAL vs. SAC,SAC,3772
Jump Shot,Jump Shot,439,20200404,33.9043,-140,140,-118.4098,7,4,0,2002-03,19,19,0.0,2PT Field Goal,Left Side Center(LC),Mid-Range,16-24 ft.,1610612747,Los Angeles Lakers,2002-12-25,LAL vs. SAC,SAC,3773
Jump Shot,Jump Shot,450,20200404,33.9093,-82,135,-118.3518,6,4,0,2002-03,4,15,0.0,2PT Field Goal,Left Side(L),Mid-Range,8-16 ft.,1610612747,Los Angeles Lakers,2002-12-25,LAL vs. SAC,SAC,3774
Jump Shot,Jump Shot,458,20200404,33.9583,-125,86,-118.3948,5,4,0,2002-03,38,15,0.0,2PT Field Goal,Left Side(L),Mid-Range,8-16 ft.,1610612747,Los Angeles Lakers,2002-12-25,LAL vs. SAC,SAC,3775
Jump Shot,Jump Shot,474,20200404,33.7923,-6,252,-118.2758,4,4,0,2002-03,3,25,1.0,3PT Field Goal,Center(C),Above the Break 3,24+ ft.,1610612747,Los Angeles Lakers,2002-12-25,LAL vs. SAC,SAC,3776
Jump Shot,Jump Shot,505,20200404,33.7963,-43,248,-118.3128,0,4,0,2002-03,55,25,,3PT Field Goal,Center(C),Above the Break 3,24+ ft.,1610612747,Los Angeles Lakers,2002-12-25,LAL vs. SAC,SAC,3777
Jump Shot,Jump Shot,511,20200404,33.8203,125,224,-118.1448,0,4,0,2002-03,43,25,,3PT Field Goal,Right Side Center(RC),Above the Break 3,24+ ft.,1610612747,Los Angeles Lakers,2002-12-25,LAL vs. SAC,SAC,3778
Jump Shot,Jump Shot,2,20200425,33.9303,190,114,-118.0798,11,1,0,2002-03,45,22,1.0,2PT Field Goal,Right Side(R),Mid-Range,16-24 ft.,1610612747,Los Angeles Lakers,2002-12-28,LAL @ DEN,DEN,3779
Jump Shot,Jump Shot,4,20200425,33.9813,-176,63,-118.4458,10,1,0,2002-03,58,18,,2PT Field Goal,Left Side(L),Mid-Range,16-24 ft.,1610612747,Los Angeles Lakers,2002-12-28,LAL @ DEN,DEN,3780
Jump Shot,Jump Shot,7,20200425,34.0323,-209,12,-118.4788,10,1,0,2002-03,30,20,1.0,2PT Field Goal,Left Side(L),Mid-Range,16-24 ft.,1610612747,Los Angeles Lakers,2002-12-28,LAL @ DEN,DEN,3781
Reverse Layup Shot,Layup,32,20200425,34.0443,0,0,-118.2698,7,1,0,2002-03,14,0,1.0,2PT Field Goal,Center(C),Restricted Area,Less Than 8 ft.,1610612747,Los Angeles Lakers,2002-12-28,LAL @ DEN,DEN,3782
Jump Shot,Jump Shot,38,20200425,33.9423,-2,102,-118.2718,6,1,0,2002-03,38,10,,2PT Field Goal,Center(C),In The Paint (Non-RA),8-16 ft.,1610612747,Los Angeles Lakers,2002-12-28,LAL @ DEN,DEN,3783
Jump Shot,Jump Shot,68,20200425,34.0533,179,-9,-118.0908,3,1,0,2002-03,51,17,,2PT Field Goal,Right Side(R),Mid-Range,16-24 ft.,1610612747,Los Angeles Lakers,2002-12-28,LAL @ DEN,DEN,3784
Alley Oop Dunk Shot,Dunk,78,20200425,34.0443,0,0,-118.2698,3,1,0,2002-03,12,0,1.0,2PT Field Goal,Center(C),Restricted Area,Less Than 8 ft.,1610612747,Los Angeles Lakers,2002-12-28,LAL @ DEN,DEN,3785
Reverse Layup Shot,Layup,85,20200425,34.0443,0,0,-118.2698,2,1,0,2002-03,16,0,1.0,2PT Field Goal,Center(C),Restricted Area,Less Than 8 ft.,1610612747,Los Angeles Lakers,2002-12-28,LAL @ DEN,DEN,3786
Fadeaway Jump Shot,Jump Shot,106,20200425,33.9633,57,81,-118.2128,0,1,0,2002-03,8,9,1.0,2PT Field Goal,Right Side(R),In The Paint (Non-RA),8-16 ft.,1610612747,Los Angeles Lakers,2002-12-28,LAL @ DEN,DEN,3787
Jump Shot,Jump Shot,180,20200425,34.0503,176,-6,-118.0938,3,2,0,2002-03,55,17,,2PT Field Goal,Right Side(R),Mid-Range,16-24 ft.,1610612747,Los Angeles Lakers,2002-12-28,LAL @ DEN,DEN,3788
Jump Shot,Jump Shot,185,20200425,34.0293,64,15,-118.2058,3,2,0,2002-03,31,6,0.0,2PT Field Goal,Center(C),In The Paint (Non-RA),Less Than 8 ft.,1610612747,Los Angeles Lakers,2002-12-28,LAL @ DEN,DEN,3789
Jump Shot,Jump Shot,188,20200425,34.0523,177,-8,-118.0928,3,2,0,2002-03,24,17,,2PT Field Goal,Right Side(R),Mid-Range,16-24 ft.,1610612747,Los Angeles Lakers,2002-12-28,LAL @ DEN,DEN,3790
Jump Shot,Jump Shot,200,20200425,33.9883,164,56,-118.1058,2,2,0,2002-03,44,17,0.0,2PT Field Goal,Right Side(R),Mid-Range,16-24 ft.,1610612747,Los Angeles Lakers,2002-12-28,LAL @ DEN,DEN,3791
Jump Shot,Jump Shot,223,20200425,33.8943,64,150,-118.2058,1,2,0,2002-03,2,16,0.0,2PT Field Goal,Right Side Center(RC),Mid-Range,16-24 ft.,1610612747,Los Angeles Lakers,2002-12-28,LAL @ DEN,DEN,3792
Jump Shot,Jump Shot,234,20200425,33.6483,18,396,-118.2518,0,2,0,2002-03,0,39,0.0,3PT Field Goal,Center(C),Above the Break 3,24+ ft.,1610612747,Los Angeles Lakers,2002-12-28,LAL @ DEN,DEN,3793
Jump Shot,Jump Shot,246,20200425,34.0373,232,7,-118.0378,10,3,0,2002-03,51,23,,3PT Field Goal,Right Side(R),Right Corner 3,24+ ft.,1610612747,Los Angeles Lakers,2002-12-28,LAL @ DEN,DEN,3794
Jump Shot,Jump Shot,254,20200425,33.8553,1,189,-118.2688,9,3,0,2002-03,46,18,,2PT Field Goal,Center(C),Mid-Range,16-24 ft.,1610612747,Los Angeles Lakers,2002-12-28,LAL @ DEN,DEN,3795
Jump Shot,Jump Shot,264,20200425,33.9353,186,109,-118.0838,8,3,0,2002-03,11,21,,2PT Field Goal,Right Side(R),Mid-Range,16-24 ft.,1610612747,Los Angeles Lakers,2002-12-28,LAL @ DEN,DEN,3796
Driving Layup Shot,Layup,276,20200425,34.0443,0,0,-118.2698,6,3,0,2002-03,25,0,1.0,2PT Field Goal,Center(C),Restricted Area,Less Than 8 ft.,1610612747,Los Angeles Lakers,2002-12-28,LAL @ DEN,DEN,3797
Jump Shot,Jump Shot,279,20200425,33.8663,176,178,-118.0938,5,3,0,2002-03,55,25,0.0,3PT Field Goal,Right Side Center(RC),Above the Break 3,24+ ft.,1610612747,Los Angeles Lakers,2002-12-28,LAL @ DEN,DEN,3798
Jump Shot,Jump Shot,303,20200425,33.9833,164,61,-118.1058,3,3,0,2002-03,57,17,0.0,2PT Field Goal,Right Side(R),Mid-Range,16-24 ft.,1610612747,Los Angeles Lakers,2002-12-28,LAL @ DEN,DEN,3799
Jump Shot,Jump Shot,320,20200425,33.9353,-146,109,-118.4158,1,3,0,2002-03,51,18,1.0,2PT Field Goal,Left Side Center(LC),Mid-Range,16-24 ft.,1610612747,Los Angeles Lakers,2002-12-28,LAL @ DEN,DEN,3800
Fadeaway Jump Shot,Jump Shot,325,20200425,34.0573,164,-13,-118.1058,0,3,0,2002-03,33,16,,2PT Field Goal,Right Side(R),Mid-Range,16-24 ft.,1610612747,Los Angeles Lakers,2002-12-28,LAL @ DEN,DEN,3801
Jump Shot,Jump Shot,327,20200425,33.8943,194,150,-118.0758,0,3,0,2002-03,2,24,1.0,3PT Field Goal,Right Side Center(RC),Above the Break 3,24+ ft.,1610612747,Los Angeles Lakers,2002-12-28,LAL @ DEN,DEN,3802
Turnaround Jump Shot,Jump Shot,337,20200425,34.0453,182,-1,-118.0878,11,4,0,2002-03,15,18,0.0,2PT Field Goal,Right Side(R),Mid-Range,16-24 ft.,1610612747,Los Angeles Lakers,2002-12-28,LAL @ DEN,DEN,3803
Slam Dunk Shot,Dunk,355,20200425,34.0443,0,0,-118.2698,9,4,0,2002-03,27,0,1.0,2PT Field Goal,Center(C),Restricted Area,Less Than 8 ft.,1610612747,Los Angeles Lakers,2002-12-28,LAL @ DEN,DEN,3804
Jump Shot,Jump Shot,5,20200431,33.8893,97,155,-118.1728,11,1,0,2002-03,24,18,0.0,2PT Field Goal,Right Side Center(RC),Mid-Range,16-24 ft.,1610612747,Los Angeles Lakers,2002-12-29,LAL vs. TOR,TOR,3805
Jump Shot,Jump Shot,13,20200431,33.8943,85,150,-118.1848,10,1,0,2002-03,15,17,,2PT Field Goal,Right Side Center(RC),Mid-Range,16-24 ft.,1610612747,Los Angeles Lakers,2002-12-29,LAL vs. TOR,TOR,3806
Jump Shot,Jump Shot,26,20200431,33.9033,0,141,-118.2698,8,1,0,2002-03,9,14,0.0,2PT Field Goal,Center(C),Mid-Range,8-16 ft.,1610612747,Los Angeles Lakers,2002-12-29,LAL vs. TOR,TOR,3807
Jump Shot,Jump Shot,44,20200431,34.0143,128,30,-118.1418,6,1,0,2002-03,11,13,1.0,2PT Field Goal,Right Side(R),Mid-Range,8-16 ft.,1610612747,Los Angeles Lakers,2002-12-29,LAL vs. TOR,TOR,3808
Jump Shot,Jump Shot,63,20200431,33.9033,110,141,-118.1598,4,1,0,2002-03,4,17,0.0,2PT Field Goal,Right Side Center(RC),Mid-Range,16-24 ft.,1610612747,Los Angeles Lakers,2002-12-29,LAL vs. TOR,TOR,3809
Jump Shot,Jump Shot,98,20200431,33.7963,200,248,-118.0698,0,1,0,2002-03,0,31,0.0,3PT Field Goal,Right Side Center(RC),Above the Break 3,24+ ft.,1610612747,Los Angeles Lakers,2002-12-29,LAL vs. TOR,TOR,3810
Driving Layup Shot,Layup,224,20200431,34.0443,0,0,-118.2698,11,3,0,2002-03,25,0,1.0,2PT Field Goal,Center(C),Restricted Area,Less Than 8 ft.,1610612747,Los Angeles Lakers,2002-12-29,LAL vs. TOR,TOR,3811
Jump Shot,Jump Shot,227,20200431,33.9213,59,123,-118.2108,10,3,0,2002-03,49,13,0.0,2PT Field Goal,Center(C),In The Paint (Non-RA),8-16 ft.,1610612747,Los Angeles Lakers,2002-12-29,LAL vs. TOR,TOR,3812
Jump Shot,Jump Shot,248,20200431,33.8713,59,173,-118.2108,7,3,0,2002-03,46,18,,2PT Field Goal,Right Side Center(RC),Mid-Range,16-24 ft.,1610612747,Los Angeles Lakers,2002-12-29,LAL vs. TOR,TOR,3813
Jump Shot,Jump Shot,254,20200431,33.8803,74,164,-118.1958,6,3,0,2002-03,52,17,,2PT Field Goal,Right Side Center(RC),Mid-Range,16-24 ft.,1610612747,Los Angeles Lakers,2002-12-29,LAL vs. TOR,TOR,3814
Turnaround Jump Shot,Jump Shot,283,20200431,34.0533,128,-9,-118.1418,3,3,0,2002-03,48,12,0.0,2PT Field Goal,Right Side(R),Mid-Range,8-16 ft.,1610612747,Los Angeles Lakers,2002-12-29,LAL vs. TOR,TOR,3815
Jump Shot,Jump Shot,308,20200431,33.9033,18,141,-118.2518,2,3,0,2002-03,10,14,1.0,2PT Field Goal,Center(C),Mid-Range,8-16 ft.,1610612747,Los Angeles Lakers,2002-12-29,LAL vs. TOR,TOR,3816
Jump Shot,Jump Shot,312,20200431,33.8943,77,150,-118.1928,1,3,0,2002-03,27,16,0.0,2PT Field Goal,Right Side Center(RC),Mid-Range,16-24 ft.,1610612747,Los Angeles Lakers,2002-12-29,LAL vs. TOR,TOR,3817
Running Tip Shot,Tip Shot,324,20200431,34.0443,0,0,-118.2698,0,3,0,2002-03,30,0,,2PT Field Goal,Center(C),Restricted Area,Less Than 8 ft.,1610612747,Los Angeles Lakers,2002-12-29,LAL vs. TOR,TOR,3818
Layup Shot,Layup,373,20200431,34.0443,0,0,-118.2698,8,4,0,2002-03,25,0,0.0,2PT Field Goal,Center(C),Restricted Area,Less Than 8 ft.,1610612747,Los Angeles Lakers,2002-12-29,LAL vs. TOR,TOR,3819
Jump Shot,Jump Shot,14,20200471,33.8913,56,153,-118.2138,9,1,0,2002-03,40,16,1.0,2PT Field Goal,Right Side Center(RC),Mid-Range,16-24 ft.,1610612747,Los Angeles Lakers,2003-01-04,LAL @ PHX,PHX,3820
Jump Shot,Jump Shot,31,20200471,33.8373,-79,207,-118.3488,8,1,0,2002-03,6,22,0.0,2PT Field Goal,Left Side Center(LC),Mid-Range,16-24 ft.,1610612747,Los Angeles Lakers,2003-01-04,LAL @ PHX,PHX,3821
Jump Shot,Jump Shot,64,20200471,34.0183,103,26,-118.1668,4,1,0,2002-03,29,10,1.0,2PT Field Goal,Right Side(R),Mid-Range,8-16 ft.,1610612747,Los Angeles Lakers,2003-01-04,LAL @ PHX,PHX,3822
Jump Shot,Jump Shot,67,20200471,33.8613,-108,183,-118.3778,4,1,0,2002-03,2,21,1.0,2PT Field Goal,Left Side Center(LC),Mid-Range,16-24 ft.,1610612747,Los Angeles Lakers,2003-01-04,LAL @ PHX,PHX,3823
Jump Shot,Jump Shot,90,20200471,33.8703,95,174,-118.1748,1,1,0,2002-03,26,19,,2PT Field Goal,Right Side Center(RC),Mid-Range,16-24 ft.,1610612747,Los Angeles Lakers,2003-01-04,LAL @ PHX,PHX,3824
Jump Shot,Jump Shot,102,20200471,33.6743,-123,370,-118.3928,0,1,0,2002-03,0,38,0.0,3PT Field Goal,Left Side Center(LC),Above the Break 3,24+ ft.,1610612747,Los Angeles Lakers,2003-01-04,LAL @ PHX,PHX,3825
Jump Shot,Jump Shot,108,20200471,33.8533,-82,191,-118.3518,11,2,0,2002-03,17,20,1.0,2PT Field Goal,Left Side Center(LC),Mid-Range,16-24 ft.,1610612747,Los Angeles Lakers,2003-01-04,LAL @ PHX,PHX,3826
Jump Shot,Jump Shot,110,20200471,33.8503,154,194,-118.1158,10,2,0,2002-03,35,24,0.0,3PT Field Goal,Right Side Center(RC),Above the Break 3,24+ ft.,1610612747,Los Angeles Lakers,2003-01-04,LAL @ PHX,PHX,3827
Jump Shot,Jump Shot,187,20200471,33.9553,158,89,-118.1118,3,2,0,2002-03,2,18,1.0,2PT Field Goal,Right Side(R),Mid-Range,16-24 ft.,1610612747,Los Angeles Lakers,2003-01-04,LAL @ PHX,PHX,3828
Jump Shot,Jump Shot,201,20200471,34.0343,102,10,-118.1678,1,2,0,2002-03,54,10,0.0,2PT Field Goal,Right Side(R),Mid-Range,8-16 ft.,1610612747,Los Angeles Lakers,2003-01-04,LAL @ PHX,PHX,3829
Jump Shot,Jump Shot,213,20200471,33.9813,89,63,-118.1808,0,2,0,2002-03,49,10,1.0,2PT Field Goal,Right Side(R),Mid-Range,8-16 ft.,1610612747,Los Angeles Lakers,2003-01-04,LAL @ PHX,PHX,3830
Jump Shot,Jump Shot,229,20200471,33.7913,13,253,-118.2568,0,2,0,2002-03,0,25,0.0,3PT Field Goal,Center(C),Above the Break 3,24+ ft.,1610612747,Los Angeles Lakers,2003-01-04,LAL @ PHX,PHX,3831
Jump Shot,Jump Shot,244,20200471,34.0453,187,-1,-118.0828,10,3,0,2002-03,18,18,1.0,2PT Field Goal,Right Side(R),Mid-Range,16-24 ft.,1610612747,Los Angeles Lakers,2003-01-04,LAL @ PHX,PHX,3832
Jump Shot,Jump Shot,250,20200471,33.9813,-105,63,-118.3748,9,3,0,2002-03,37,12,0.0,2PT Field Goal,Left Side(L),Mid-Range,8-16 ft.,1610612747,Los Angeles Lakers,2003-01-04,LAL @ PHX,PHX,3833
Jump Shot,Jump Shot,258,20200471,33.8753,98,169,-118.1718,8,3,0,2002-03,45,19,1.0,2PT Field Goal,Right Side Center(RC),Mid-Range,16-24 ft.,1610612747,Los Angeles Lakers,2003-01-04,LAL @ PHX,PHX,3834
Slam Dunk Shot,Dunk,269,20200471,34.0443,0,0,-118.2698,7,3,0,2002-03,52,0,1.0,2PT Field Goal,Center(C),Restricted Area,Less Than 8 ft.,1610612747,Los Angeles Lakers,2003-01-04,LAL @ PHX,PHX,3835
Jump Shot,Jump Shot,287,20200471,33.9143,-13,130,-118.2828,5,3,0,2002-03,36,13,,2PT Field Goal,Center(C),In The Paint (Non-RA),8-16 ft.,1610612747,Los Angeles Lakers,2003-01-04,LAL @ PHX,PHX,3836
Jump Shot,Jump Shot,292,20200471,34.0633,167,-19,-118.1028,5,3,0,2002-03,11,16,0.0,2PT Field Goal,Right Side(R),Mid-Range,16-24 ft.,1610612747,Los Angeles Lakers,2003-01-04,LAL @ PHX,PHX,3837
Jump Shot,Jump Shot,334,20200471,33.8753,-171,169,-118.4408,1,3,0,2002-03,19,24,0.0,3PT Field Goal,Left Side Center(LC),Above the Break 3,24+ ft.,1610612747,Los Angeles Lakers,2003-01-04,LAL @ PHX,PHX,3838
Jump Shot,Jump Shot,343,20200471,33.8763,26,168,-118.2438,0,3,0,2002-03,57,17,0.0,2PT Field Goal,Center(C),Mid-Range,16-24 ft.,1610612747,Los Angeles Lakers,2003-01-04,LAL @ PHX,PHX,3839
Jump Shot,Jump Shot,352,20200471,33.6483,128,396,-118.1418,0,3,0,2002-03,0,41,0.0,3PT Field Goal,Center(C),Above the Break 3,24+ ft.,1610612747,Los Angeles Lakers,2003-01-04,LAL @ PHX,PHX,3840
Jump Shot,Jump Shot,425,20200471,33.9623,159,82,-118.1108,5,4,0,2002-03,7,17,0.0,2PT Field Goal,Right Side(R),Mid-Range,16-24 ft.,1610612747,Los Angeles Lakers,2003-01-04,LAL @ PHX,PHX,3841
Driving Dunk Shot,Dunk,430,20200471,34.0443,0,0,-118.2698,4,4,0,2002-03,39,0,1.0,2PT Field Goal,Center(C),Restricted Area,Less Than 8 ft.,1610612747,Los Angeles Lakers,2003-01-04,LAL @ PHX,PHX,3842
Turnaround Jump Shot,Jump Shot,461,20200471,33.9143,-8,130,-118.2778,2,4,0,2002-03,35,13,1.0,2PT Field Goal,Center(C),In The Paint (Non-RA),8-16 ft.,1610612747,Los Angeles Lakers,2003-01-04,LAL @ PHX,PHX,3843
Jump Shot,Jump Shot,466,20200471,33.7923,-44,252,-118.3138,2,4,0,2002-03,14,25,0.0,3PT Field Goal,Center(C),Above the Break 3,24+ ft.,1610612747,Los Angeles Lakers,2003-01-04,LAL @ PHX,PHX,3844
Driving Layup Shot,Layup,479,20200471,34.0443,0,0,-118.2698,1,4,0,2002-03,45,0,1.0,2PT Field Goal,Center(C),Restricted Area,Less Than 8 ft.,1610612747,Los Angeles Lakers,2003-01-04,LAL @ PHX,PHX,3845
Jump Shot,Jump Shot,485,20200471,33.9073,192,137,-118.0778,1,4,0,2002-03,34,23,0.0,2PT Field Goal,Right Side(R),Mid-Range,16-24 ft.,1610612747,Los Angeles Lakers,2003-01-04,LAL @ PHX,PHX,3846
Turnaround Jump Shot,Jump Shot,501,20200471,33.9113,-151,133,-118.4208,1,4,0,2002-03,20,20,1.0,2PT Field Goal,Left Side Center(LC),Mid-Range,16-24 ft.,1610612747,Los Angeles Lakers,2003-01-04,LAL @ PHX,PHX,3847
Jump Shot,Jump Shot,505,20200471,33.8533,-59,191,-118.3288,1,4,0,2002-03,9,19,0.0,2PT Field Goal,Center(C),Mid-Range,16-24 ft.,1610612747,Los Angeles Lakers,2003-01-04,LAL @ PHX,PHX,3848
Driving Layup Shot,Layup,521,20200471,34.0443,0,0,-118.2698,0,4,0,2002-03,43,0,1.0,2PT Field Goal,Center(C),Restricted Area,Less Than 8 ft.,1610612747,Los Angeles Lakers,2003-01-04,LAL @ PHX,PHX,3849
Jump Shot,Jump Shot,526,20200471,33.8043,-72,240,-118.3418,0,4,0,2002-03,26,25,0.0,3PT Field Goal,Center(C),Above the Break 3,24+ ft.,1610612747,Los Angeles Lakers,2003-01-04,LAL @ PHX,PHX,3850
Jump Shot,Jump Shot,535,20200471,33.8243,115,220,-118.1548,0,4,0,2002-03,3,24,0.0,3PT Field Goal,Right Side Center(RC),Above the Break 3,24+ ft.,1610612747,Los Angeles Lakers,2003-01-04,LAL @ PHX,PHX,3851
Jump Shot,Jump Shot,7,20200476,33.8983,103,146,-118.1668,10,1,0,2002-03,37,17,1.0,2PT Field Goal,Right Side Center(RC),Mid-Range,16-24 ft.,1610612747,Los Angeles Lakers,2003-01-05,LAL vs. PHX,PHX,3852
Jump Shot,Jump Shot,11,20200476,33.9073,54,137,-118.2158,10,1,0,2002-03,8,14,,2PT Field Goal,Center(C),In The Paint (Non-RA),8-16 ft.,1610612747,Los Angeles Lakers,2003-01-05,LAL vs. PHX,PHX,3853
Jump Shot,Jump Shot,14,20200476,33.9093,52,135,-118.2178,9,1,0,2002-03,35,14,1.0,2PT Field Goal,Center(C),In The Paint (Non-RA),8-16 ft.,1610612747,Los Angeles Lakers,2003-01-05,LAL vs. PHX,PHX,3854
Jump Shot,Jump Shot,18,20200476,34.0473,146,-3,-118.1238,9,1,0,2002-03,4,14,,2PT Field Goal,Right Side(R),Mid-Range,8-16 ft.,1610612747,Los Angeles Lakers,2003-01-05,LAL vs. PHX,PHX,3855
Jump Shot,Jump Shot,23,20200476,33.8023,-79,242,-118.3488,8,1,0,2002-03,16,25,0.0,3PT Field Goal,Left Side Center(LC),Above the Break 3,24+ ft.,1610612747,Los Angeles Lakers,2003-01-05,LAL vs. PHX,PHX,3856
Jump Shot,Jump Shot,63,20200476,33.8883,-135,156,-118.4048,4,1,0,2002-03,11,20,0.0,2PT Field Goal,Left Side Center(LC),Mid-Range,16-24 ft.,1610612747,Los Angeles Lakers,2003-01-05,LAL vs. PHX,PHX,3857
Layup Shot,Layup,65,20200476,34.0443,0,0,-118.2698,4,1,0,2002-03,3,0,,2PT Field Goal,Center(C),Restricted Area,Less Than 8 ft.,1610612747,Los Angeles Lakers,2003-01-05,LAL vs. PHX,PHX,3858
Jump Shot,Jump Shot,84,20200476,34.0093,-62,35,-118.3318,2,1,0,2002-03,40,7,1.0,2PT Field Goal,Center(C),In The Paint (Non-RA),Less Than 8 ft.,1610612747,Los Angeles Lakers,2003-01-05,LAL vs. PHX,PHX,3859
Jump Shot,Jump Shot,97,20200476,33.9353,126,109,-118.1438,1,1,0,2002-03,10,16,0.0,2PT Field Goal,Right Side Center(RC),Mid-Range,16-24 ft.,1610612747,Los Angeles Lakers,2003-01-05,LAL vs. PHX,PHX,3860
Driving Layup Shot,Layup,99,20200476,34.0443,0,0,-118.2698,0,1,0,2002-03,58,0,,2PT Field Goal,Center(C),Restricted Area,Less Than 8 ft.,1610612747,Los Angeles Lakers,2003-01-05,LAL vs. PHX,PHX,3861
Jump Shot,Jump Shot,106,20200476,33.9033,26,141,-118.2438,0,1,0,2002-03,36,14,0.0,2PT Field Goal,Center(C),Mid-Range,8-16 ft.,1610612747,Los Angeles Lakers,2003-01-05,LAL vs. PHX,PHX,3862
Turnaround Jump Shot,Jump Shot,129,20200476,33.9833,-39,61,-118.3088,10,2,0,2002-03,21,7,1.0,2PT Field Goal,Center(C),In The Paint (Non-RA),Less Than 8 ft.,1610612747,Los Angeles Lakers,2003-01-05,LAL vs. PHX,PHX,3863
Driving Layup Shot,Layup,197,20200476,34.0443,0,0,-118.2698,4,2,0,2002-03,38,0,0.0,2PT Field Goal,Center(C),Restricted Area,Less Than 8 ft.,1610612747,Los Angeles Lakers,2003-01-05,LAL vs. PHX,PHX,3864
Jump Shot,Jump Shot,226,20200476,33.8843,-123,160,-118.3928,2,2,0,2002-03,6,20,0.0,2PT Field Goal,Left Side Center(LC),Mid-Range,16-24 ft.,1610612747,Los Angeles Lakers,2003-01-05,LAL vs. PHX,PHX,3865
Jump Shot,Jump Shot,265,20200476,33.9453,74,99,-118.1958,11,3,0,2002-03,30,12,,2PT Field Goal,Right Side(R),In The Paint (Non-RA),8-16 ft.,1610612747,Los Angeles Lakers,2003-01-05,LAL vs. PHX,PHX,3866
Driving Dunk Shot,Dunk,278,20200476,34.0443,0,0,-118.2698,10,3,0,2002-03,35,0,1.0,2PT Field Goal,Center(C),Restricted Area,Less Than 8 ft.,1610612747,Los Angeles Lakers,2003-01-05,LAL vs. PHX,PHX,3867
Reverse Layup Shot,Layup,323,20200476,34.0443,0,0,-118.2698,5,3,0,2002-03,10,0,0.0,2PT Field Goal,Center(C),Restricted Area,Less Than 8 ft.,1610612747,Los Angeles Lakers,2003-01-05,LAL vs. PHX,PHX,3868
Jump Shot,Jump Shot,327,20200476,33.9993,-237,45,-118.5068,4,3,0,2002-03,40,24,0.0,3PT Field Goal,Left Side(L),Left Corner 3,24+ ft.,1610612747,Los Angeles Lakers,2003-01-05,LAL vs. PHX,PHX,3869
Jump Shot,Jump Shot,339,20200476,33.9933,197,51,-118.0728,4,3,0,2002-03,16,20,,2PT Field Goal,Right Side(R),Mid-Range,16-24 ft.,1610612747,Los Angeles Lakers,2003-01-05,LAL vs. PHX,PHX,3870
Turnaround Jump Shot,Jump Shot,347,20200476,33.8963,-79,148,-118.3488,2,3,0,2002-03,48,16,0.0,2PT Field Goal,Left Side Center(LC),Mid-Range,16-24 ft.,1610612747,Los Angeles Lakers,2003-01-05,LAL vs. PHX,PHX,3871
Jump Shot,Jump Shot,379,20200476,33.9093,-102,135,-118.3718,11,4,0,2002-03,40,16,1.0,2PT Field Goal,Left Side Center(LC),Mid-Range,16-24 ft.,1610612747,Los Angeles Lakers,2003-01-05,LAL vs. PHX,PHX,3872
Jump Shot,Jump Shot,386,20200476,34.0223,52,22,-118.2178,10,4,0,2002-03,44,5,0.0,2PT Field Goal,Center(C),In The Paint (Non-RA),Less Than 8 ft.,1610612747,Los Angeles Lakers,2003-01-05,LAL vs. PHX,PHX,3873
Slam Dunk Shot,Dunk,388,20200476,34.0443,0,0,-118.2698,10,4,0,2002-03,41,0,,2PT Field Goal,Center(C),Restricted Area,Less Than 8 ft.,1610612747,Los Angeles Lakers,2003-01-05,LAL vs. PHX,PHX,3874
Jump Shot,Jump Shot,396,20200476,33.8503,-177,194,-118.4468,9,4,0,2002-03,45,26,1.0,3PT Field Goal,Left Side Center(LC),Above the Break 3,24+ ft.,1610612747,Los Angeles Lakers,2003-01-05,LAL vs. PHX,PHX,3875
Jump Shot,Jump Shot,409,20200476,34.0553,-136,-11,-118.4058,8,4,0,2002-03,48,13,,2PT Field Goal,Left Side(L),Mid-Range,8-16 ft.,1610612747,Los Angeles Lakers,2003-01-05,LAL vs. PHX,PHX,3876
Driving Layup Shot,Layup,422,20200476,34.0443,0,0,-118.2698,7,4,0,2002-03,54,0,0.0,2PT Field Goal,Center(C),Restricted Area,Less Than 8 ft.,1610612747,Los Angeles Lakers,2003-01-05,LAL vs. PHX,PHX,3877
Jump Shot,Jump Shot,425,20200476,33.9953,46,49,-118.2238,7,4,0,2002-03,17,6,,2PT Field Goal,Center(C),In The Paint (Non-RA),Less Than 8 ft.,1610612747,Los Angeles Lakers,2003-01-05,LAL vs. PHX,PHX,3878
Jump Shot,Jump Shot,438,20200476,33.8223,-149,222,-118.4188,6,4,0,2002-03,5,26,0.0,3PT Field Goal,Left Side Center(LC),Above the Break 3,24+ ft.,1610612747,Los Angeles Lakers,2003-01-05,LAL vs. PHX,PHX,3879
Jump Shot,Jump Shot,484,20200476,33.8753,197,169,-118.0728,1,4,0,2002-03,37,25,0.0,3PT Field Goal,Right Side Center(RC),Above the Break 3,24+ ft.,1610612747,Los Angeles Lakers,2003-01-05,LAL vs. PHX,PHX,3880
Jump Shot,Jump Shot,16,20200490,33.8713,117,173,-118.1528,10,1,0,2002-03,42,20,0.0,2PT Field Goal,Right Side Center(RC),Mid-Range,16-24 ft.,1610612747,Los Angeles Lakers,2003-01-07,LAL vs. SEA,SEA,3881
Jump Shot,Jump Shot,18,20200490,34.0063,149,38,-118.1208,10,1,0,2002-03,29,15,0.0,2PT Field Goal,Right Side(R),Mid-Range,8-16 ft.,1610612747,Los Angeles Lakers,2003-01-07,LAL vs. SEA,SEA,3882
Jump Shot,Jump Shot,61,20200490,34.0083,44,36,-118.2258,5,1,0,2002-03,28,5,0.0,2PT Field Goal,Center(C),In The Paint (Non-RA),Less Than 8 ft.,1610612747,Los Angeles Lakers,2003-01-07,LAL vs. SEA,SEA,3883
Layup Shot,Layup,99,20200490,34.0443,0,0,-118.2698,2,1,0,2002-03,49,0,0.0,2PT Field Goal,Center(C),Restricted Area,Less Than 8 ft.,1610612747,Los Angeles Lakers,2003-01-07,LAL vs. SEA,SEA,3884
Slam Dunk Shot,Dunk,102,20200490,34.0443,0,0,-118.2698,2,1,0,2002-03,29,0,1.0,2PT Field Goal,Center(C),Restricted Area,Less Than 8 ft.,1610612747,Los Angeles Lakers,2003-01-07,LAL vs. SEA,SEA,3885
Dunk Shot,Dunk,117,20200490,34.0443,0,0,-118.2698,0,1,0,2002-03,58,0,1.0,2PT Field Goal,Center(C),Restricted Area,Less Than 8 ft.,1610612747,Los Angeles Lakers,2003-01-07,LAL vs. SEA,SEA,3886
Jump Shot,Jump Shot,125,20200490,33.7053,181,339,-118.0888,0,1,0,2002-03,1,38,0.0,3PT Field Goal,Right Side Center(RC),Above the Break 3,24+ ft.,1610612747,Los Angeles Lakers,2003-01-07,LAL vs. SEA,SEA,3887
Jump Shot,Jump Shot,135,20200490,34.0423,-148,2,-118.4178,10,2,0,2002-03,46,14,0.0,2PT Field Goal,Left Side(L),Mid-Range,8-16 ft.,1610612747,Los Angeles Lakers,2003-01-07,LAL vs. SEA,SEA,3888
Jump Shot,Jump Shot,187,20200490,33.8023,-52,242,-118.3218,5,2,0,2002-03,28,24,1.0,3PT Field Goal,Center(C),Above the Break 3,24+ ft.,1610612747,Los Angeles Lakers,2003-01-07,LAL vs. SEA,SEA,3889
Jump Shot,Jump Shot,193,20200490,33.8173,-125,227,-118.3948,4,2,0,2002-03,39,25,,3PT Field Goal,Left Side Center(LC),Above the Break 3,24+ ft.,1610612747,Los Angeles Lakers,2003-01-07,LAL vs. SEA,SEA,3890
Jump Shot,Jump Shot,203,20200490,33.8143,125,230,-118.1448,3,2,0,2002-03,18,26,1.0,3PT Field Goal,Right Side Center(RC),Above the Break 3,24+ ft.,1610612747,Los Angeles Lakers,2003-01-07,LAL vs. SEA,SEA,3891
Jump Shot,Jump Shot,216,20200490,33.8173,118,227,-118.1518,2,2,0,2002-03,40,25,1.0,3PT Field Goal,Right Side Center(RC),Above the Break 3,24+ ft.,1610612747,Los Angeles Lakers,2003-01-07,LAL vs. SEA,SEA,3892
Jump Shot,Jump Shot,220,20200490,33.7993,-99,245,-118.3688,2,2,0,2002-03,5,26,1.0,3PT Field Goal,Left Side Center(LC),Above the Break 3,24+ ft.,1610612747,Los Angeles Lakers,2003-01-07,LAL vs. SEA,SEA,3893
Jump Shot,Jump Shot,232,20200490,33.8373,136,207,-118.1338,0,2,0,2002-03,30,24,1.0,3PT Field Goal,Right Side Center(RC),Above the Break 3,24+ ft.,1610612747,Los Angeles Lakers,2003-01-07,LAL vs. SEA,SEA,3894
Running Jump Shot,Jump Shot,240,20200490,34.0493,-94,-5,-118.3638,11,3,0,2002-03,34,9,1.0,2PT Field Goal,Left Side(L),Mid-Range,8-16 ft.,1610612747,Los Angeles Lakers,2003-01-07,LAL vs. SEA,SEA,3895
Jump Shot,Jump Shot,259,20200490,33.8323,-131,212,-118.4008,9,3,0,2002-03,19,24,1.0,3PT Field Goal,Left Side Center(LC),Above the Break 3,24+ ft.,1610612747,Los Angeles Lakers,2003-01-07,LAL vs. SEA,SEA,3896
Jump Shot,Jump Shot,271,20200490,33.8303,-126,214,-118.3958,7,3,0,2002-03,17,24,1.0,3PT Field Goal,Left Side Center(LC),Above the Break 3,24+ ft.,1610612747,Los Angeles Lakers,2003-01-07,LAL vs. SEA,SEA,3897
Jump Shot,Jump Shot,276,20200490,33.8113,-99,233,-118.3688,6,3,0,2002-03,37,25,1.0,3PT Field Goal,Left Side Center(LC),Above the Break 3,24+ ft.,1610612747,Los Angeles Lakers,2003-01-07,LAL vs. SEA,SEA,3898
Jump Shot,Jump Shot,286,20200490,34.0473,-232,-3,-118.5018,5,3,0,2002-03,10,23,0.0,3PT Field Goal,Left Side(L),Left Corner 3,24+ ft.,1610612747,Los Angeles Lakers,2003-01-07,LAL vs. SEA,SEA,3899
Reverse Dunk Shot,Dunk,288,20200490,34.0443,0,0,-118.2698,5,3,0,2002-03,6,0,,2PT Field Goal,Center(C),Restricted Area,Less Than 8 ft.,1610612747,Los Angeles Lakers,2003-01-07,LAL vs. SEA,SEA,3900
Jump Shot,Jump Shot,306,20200490,33.8273,121,217,-118.1488,3,3,0,2002-03,1,24,1.0,3PT Field Goal,Right Side Center(RC),Above the Break 3,24+ ft.,1610612747,Los Angeles Lakers,2003-01-07,LAL vs. SEA,SEA,3901
Jump Shot,Jump Shot,308,20200490,33.8013,89,243,-118.1808,2,3,0,2002-03,27,25,1.0,3PT Field Goal,Right Side Center(RC),Above the Break 3,24+ ft.,1610612747,Los Angeles Lakers,2003-01-07,LAL vs. SEA,SEA,3902
Jump Shot,Jump Shot,316,20200490,33.9553,120,89,-118.1498,1,3,0,2002-03,30,14,0.0,2PT Field Goal,Right Side(R),Mid-Range,8-16 ft.,1610612747,Los Angeles Lakers,2003-01-07,LAL vs. SEA,SEA,3903
Jump Shot,Jump Shot,319,20200490,33.9043,-215,140,-118.4848,0,3,0,2002-03,57,25,,3PT Field Goal,Left Side Center(LC),Above the Break 3,24+ ft.,1610612747,Los Angeles Lakers,2003-01-07,LAL vs. SEA,SEA,3904
Jump Shot,Jump Shot,375,20200490,33.7993,75,245,-118.1948,7,4,0,2002-03,40,25,0.0,3PT Field Goal,Center(C),Above the Break 3,24+ ft.,1610612747,Los Angeles Lakers,2003-01-07,LAL vs. SEA,SEA,3905
Jump Shot,Jump Shot,381,20200490,33.8203,113,224,-118.1568,6,4,0,2002-03,58,25,,3PT Field Goal,Right Side Center(RC),Above the Break 3,24+ ft.,1610612747,Los Angeles Lakers,2003-01-07,LAL vs. SEA,SEA,3906
Jump Shot,Jump Shot,411,20200490,33.7943,-57,250,-118.3268,4,4,0,2002-03,56,25,,3PT Field Goal,Center(C),Above the Break 3,24+ ft.,1610612747,Los Angeles Lakers,2003-01-07,LAL vs. SEA,SEA,3907
Jump Shot,Jump Shot,420,20200490,33.8143,-107,230,-118.3768,4,4,0,2002-03,18,25,,3PT Field Goal,Left Side Center(LC),Above the Break 3,24+ ft.,1610612747,Los Angeles Lakers,2003-01-07,LAL vs. SEA,SEA,3908
Jump Shot,Jump Shot,9,20200516,34.0113,144,33,-118.1258,11,1,0,2002-03,1,14,0.0,2PT Field Goal,Right Side(R),Mid-Range,8-16 ft.,1610612747,Los Angeles Lakers,2003-01-10,LAL vs. CLE,CLE,3909
Jump Shot,Jump Shot,65,20200516,33.8883,197,156,-118.0728,5,1,0,2002-03,14,25,0.0,3PT Field Goal,Right Side Center(RC),Above the Break 3,24+ ft.,1610612747,Los Angeles Lakers,2003-01-10,LAL vs. CLE,CLE,3910
Dunk Shot,Dunk,86,20200516,34.0443,0,0,-118.2698,3,1,0,2002-03,16,0,1.0,2PT Field Goal,Center(C),Restricted Area,Less Than 8 ft.,1610612747,Los Angeles Lakers,2003-01-10,LAL vs. CLE,CLE,3911
Layup Shot,Layup,96,20200516,34.0443,0,0,-118.2698,2,1,0,2002-03,7,0,,2PT Field Goal,Center(C),Restricted Area,Less Than 8 ft.,1610612747,Los Angeles Lakers,2003-01-10,LAL vs. CLE,CLE,3912
Reverse Layup Shot,Layup,153,20200516,34.0443,0,0,-118.2698,9,2,0,2002-03,29,0,1.0,2PT Field Goal,Center(C),Restricted Area,Less Than 8 ft.,1610612747,Los Angeles Lakers,2003-01-10,LAL vs. CLE,CLE,3913
Jump Shot,Jump Shot,206,20200516,34.0533,227,-9,-118.0428,4,2,0,2002-03,30,22,0.0,3PT Field Goal,Right Side(R),Right Corner 3,24+ ft.,1610612747,Los Angeles Lakers,2003-01-10,LAL vs. CLE,CLE,3914
Slam Dunk Shot,Dunk,211,20200516,34.0443,0,0,-118.2698,4,2,0,2002-03,4,0,1.0,2PT Field Goal,Center(C),Restricted Area,Less Than 8 ft.,1610612747,Los Angeles Lakers,2003-01-10,LAL vs. CLE,CLE,3915
Layup Shot,Layup,242,20200516,34.0443,0,0,-118.2698,1,2,0,2002-03,2,0,1.0,2PT Field Goal,Center(C),Restricted Area,Less Than 8 ft.,1610612747,Los Angeles Lakers,2003-01-10,LAL vs. CLE,CLE,3916
Driving Layup Shot,Layup,261,20200516,34.0443,0,0,-118.2698,11,3,0,2002-03,2,0,1.0,2PT Field Goal,Center(C),Restricted Area,Less Than 8 ft.,1610612747,Los Angeles Lakers,2003-01-10,LAL vs. CLE,CLE,3917
Driving Dunk Shot,Dunk,318,20200516,34.0443,0,0,-118.2698,6,3,0,2002-03,49,0,,2PT Field Goal,Center(C),Restricted Area,Less Than 8 ft.,1610612747,Los Angeles Lakers,2003-01-10,LAL vs. CLE,CLE,3918
Driving Dunk Shot,Dunk,370,20200516,34.0443,0,0,-118.2698,2,3,0,2002-03,8,0,1.0,2PT Field Goal,Center(C),Restricted Area,Less Than 8 ft.,1610612747,Los Angeles Lakers,2003-01-10,LAL vs. CLE,CLE,3919
Jump Shot,Jump Shot,386,20200516,33.9403,-184,104,-118.4538,0,3,0,2002-03,26,21,0.0,2PT Field Goal,Left Side(L),Mid-Range,16-24 ft.,1610612747,Los Angeles Lakers,2003-01-10,LAL vs. CLE,CLE,3920
Jump Shot,Jump Shot,14,20200530,33.8473,-44,197,-118.3138,10,1,0,2002-03,15,20,1.0,2PT Field Goal,Center(C),Mid-Range,16-24 ft.,1610612747,Los Angeles Lakers,2003-01-12,LAL vs. MIA,MIA,3921
Running Jump Shot,Jump Shot,34,20200530,33.8983,-128,146,-118.3978,7,1,0,2002-03,5,19,1.0,2PT Field Goal,Left Side Center(LC),Mid-Range,16-24 ft.,1610612747,Los Angeles Lakers,2003-01-12,LAL vs. MIA,MIA,3922
Driving Dunk Shot,Dunk,53,20200530,34.0443,0,0,-118.2698,4,1,0,2002-03,54,0,,2PT Field Goal,Center(C),Restricted Area,Less Than 8 ft.,1610612747,Los Angeles Lakers,2003-01-12,LAL vs. MIA,MIA,3923
Jump Shot,Jump Shot,78,20200530,33.7963,-13,248,-118.2828,1,1,0,2002-03,49,24,,3PT Field Goal,Center(C),Above the Break 3,24+ ft.,1610612747,Los Angeles Lakers,2003-01-12,LAL vs. MIA,MIA,3924
Layup Shot,Layup,99,20200530,34.0443,0,0,-118.2698,0,1,0,2002-03,0,0,,2PT Field Goal,Center(C),Restricted Area,Less Than 8 ft.,1610612747,Los Angeles Lakers,2003-01-12,LAL vs. MIA,MIA,3925
Reverse Layup Shot,Layup,107,20200530,34.0443,0,0,-118.2698,11,2,0,2002-03,10,0,1.0,2PT Field Goal,Center(C),Restricted Area,Less Than 8 ft.,1610612747,Los Angeles Lakers,2003-01-12,LAL vs. MIA,MIA,3926
Fadeaway Jump Shot,Jump Shot,114,20200530,33.9813,46,63,-118.2238,9,2,0,2002-03,18,7,,2PT Field Goal,Center(C),In The Paint (Non-RA),Less Than 8 ft.,1610612747,Los Angeles Lakers,2003-01-12,LAL vs. MIA,MIA,3927
Jump Shot,Jump Shot,166,20200530,33.9633,10,81,-118.2598,4,2,0,2002-03,40,8,1.0,2PT Field Goal,Center(C),In The Paint (Non-RA),8-16 ft.,1610612747,Los Angeles Lakers,2003-01-12,LAL vs. MIA,MIA,3928
Jump Shot,Jump Shot,204,20200530,34.0393,-172,5,-118.4418,1,2,0,2002-03,21,17,0.0,2PT Field Goal,Left Side(L),Mid-Range,16-24 ft.,1610612747,Los Angeles Lakers,2003-01-12,LAL vs. MIA,MIA,3929
Reverse Layup Shot,Layup,212,20200530,34.0443,0,0,-118.2698,0,2,0,2002-03,31,0,1.0,2PT Field Goal,Center(C),Restricted Area,Less Than 8 ft.,1610612747,Los Angeles Lakers,2003-01-12,LAL vs. MIA,MIA,3930
Layup Shot,Layup,238,20200530,34.0443,0,0,-118.2698,10,3,0,2002-03,15,0,1.0,2PT Field Goal,Center(C),Restricted Area,Less Than 8 ft.,1610612747,Los Angeles Lakers,2003-01-12,LAL vs. MIA,MIA,3931
Jump Shot,Jump Shot,262,20200530,33.8553,-171,189,-118.4408,7,3,0,2002-03,59,25,0.0,3PT Field Goal,Left Side Center(LC),Above the Break 3,24+ ft.,1610612747,Los Angeles Lakers,2003-01-12,LAL vs. MIA,MIA,3932
Jump Shot,Jump Shot,268,20200530,33.8303,120,214,-118.1498,7,3,0,2002-03,12,24,0.0,3PT Field Goal,Right Side Center(RC),Above the Break 3,24+ ft.,1610612747,Los Angeles Lakers,2003-01-12,LAL vs. MIA,MIA,3933
Jump Shot,Jump Shot,271,20200530,34.0633,-115,-19,-118.3848,6,3,0,2002-03,58,11,0.0,2PT Field Goal,Left Side(L),Mid-Range,8-16 ft.,1610612747,Los Angeles Lakers,2003-01-12,LAL vs. MIA,MIA,3934
Reverse Layup Shot,Layup,279,20200530,34.0443,0,0,-118.2698,6,3,0,2002-03,6,0,1.0,2PT Field Goal,Center(C),Restricted Area,Less Than 8 ft.,1610612747,Los Angeles Lakers,2003-01-12,LAL vs. MIA,MIA,3935
Driving Layup Shot,Layup,286,20200530,34.0443,0,0,-118.2698,4,3,0,2002-03,42,0,0.0,2PT Field Goal,Center(C),Restricted Area,Less Than 8 ft.,1610612747,Los Angeles Lakers,2003-01-12,LAL vs. MIA,MIA,3936
Reverse Layup Shot,Layup,326,20200530,34.0443,0,0,-118.2698,1,3,0,2002-03,4,0,0.0,2PT Field Goal,Center(C),Restricted Area,Less Than 8 ft.,1610612747,Los Angeles Lakers,2003-01-12,LAL vs. MIA,MIA,3937
Reverse Layup Shot,Layup,340,20200530,34.0443,0,0,-118.2698,11,4,0,2002-03,44,0,0.0,2PT Field Goal,Center(C),Restricted Area,Less Than 8 ft.,1610612747,Los Angeles Lakers,2003-01-12,LAL vs. MIA,MIA,3938
Jump Shot,Jump Shot,346,20200530,34.0243,138,20,-118.1318,10,4,0,2002-03,53,13,1.0,2PT Field Goal,Right Side(R),Mid-Range,8-16 ft.,1610612747,Los Angeles Lakers,2003-01-12,LAL vs. MIA,MIA,3939
Jump Shot,Jump Shot,355,20200530,34.0133,174,31,-118.0958,9,4,0,2002-03,36,17,0.0,2PT Field Goal,Right Side(R),Mid-Range,16-24 ft.,1610612747,Los Angeles Lakers,2003-01-12,LAL vs. MIA,MIA,3940
Layup Shot,Layup,370,20200530,34.0443,0,0,-118.2698,8,4,0,2002-03,25,0,1.0,2PT Field Goal,Center(C),Restricted Area,Less Than 8 ft.,1610612747,Los Angeles Lakers,2003-01-12,LAL vs. MIA,MIA,3941
Jump Shot,Jump Shot,4,20200546,34.0413,184,3,-118.0858,11,1,0,2002-03,41,18,1.0,2PT Field Goal,Right Side(R),Mid-Range,16-24 ft.,1610612747,Los Angeles Lakers,2003-01-15,LAL @ NOH,NOH,3942
Jump Shot,Jump Shot,12,20200546,34.0183,144,26,-118.1258,10,1,0,2002-03,40,14,1.0,2PT Field Goal,Right Side(R),Mid-Range,8-16 ft.,1610612747,Los Angeles Lakers,2003-01-15,LAL @ NOH,NOH,3943
Jump Shot,Jump Shot,24,20200546,33.9623,6,82,-118.2638,9,1,0,2002-03,28,8,0.0,2PT Field Goal,Center(C),In The Paint (Non-RA),8-16 ft.,1610612747,Los Angeles Lakers,2003-01-15,LAL @ NOH,NOH,3944
Layup Shot,Layup,26,20200546,33.9603,-14,84,-118.2838,9,1,0,2002-03,24,8,0.0,2PT Field Goal,Center(C),In The Paint (Non-RA),8-16 ft.,1610612747,Los Angeles Lakers,2003-01-15,LAL @ NOH,NOH,3945
Jump Shot,Jump Shot,41,20200546,33.8583,121,186,-118.1488,7,1,0,2002-03,24,22,0.0,2PT Field Goal,Right Side Center(RC),Mid-Range,16-24 ft.,1610612747,Los Angeles Lakers,2003-01-15,LAL @ NOH,NOH,3946
Jump Shot,Jump Shot,48,20200546,34.0443,-186,0,-118.4558,6,1,0,2002-03,7,18,0.0,2PT Field Goal,Left Side(L),Mid-Range,16-24 ft.,1610612747,Los Angeles Lakers,2003-01-15,LAL @ NOH,NOH,3947
Jump Shot,Jump Shot,68,20200546,33.8713,-6,173,-118.2758,3,1,0,2002-03,36,17,1.0,2PT Field Goal,Center(C),Mid-Range,16-24 ft.,1610612747,Los Angeles Lakers,2003-01-15,LAL @ NOH,NOH,3948
Jump Shot,Jump Shot,87,20200546,34.0093,-148,35,-118.4178,1,1,0,2002-03,37,15,0.0,2PT Field Goal,Left Side(L),Mid-Range,8-16 ft.,1610612747,Los Angeles Lakers,2003-01-15,LAL @ NOH,NOH,3949
Driving Layup Shot,Layup,110,20200546,34.0443,0,0,-118.2698,11,2,0,2002-03,33,0,1.0,2PT Field Goal,Center(C),Restricted Area,Less Than 8 ft.,1610612747,Los Angeles Lakers,2003-01-15,LAL @ NOH,NOH,3950
Jump Shot,Jump Shot,117,20200546,33.8073,-36,237,-118.3058,10,2,0,2002-03,31,23,1.0,3PT Field Goal,Center(C),Above the Break 3,24+ ft.,1610612747,Los Angeles Lakers,2003-01-15,LAL @ NOH,NOH,3951
Jump Shot,Jump Shot,123,20200546,34.0413,225,3,-118.0448,9,2,0,2002-03,36,22,0.0,3PT Field Goal,Right Side(R),Right Corner 3,24+ ft.,1610612747,Los Angeles Lakers,2003-01-15,LAL @ NOH,NOH,3952
Reverse Dunk Shot,Dunk,126,20200546,34.0443,0,0,-118.2698,9,2,0,2002-03,18,0,1.0,2PT Field Goal,Center(C),Restricted Area,Less Than 8 ft.,1610612747,Los Angeles Lakers,2003-01-15,LAL @ NOH,NOH,3953
Jump Shot,Jump Shot,195,20200546,33.9833,236,61,-118.0338,1,2,0,2002-03,32,24,1.0,3PT Field Goal,Right Side(R),Right Corner 3,24+ ft.,1610612747,Los Angeles Lakers,2003-01-15,LAL @ NOH,NOH,3954
Driving Dunk Shot,Dunk,198,20200546,34.0443,0,0,-118.2698,0,2,0,2002-03,56,0,,2PT Field Goal,Center(C),Restricted Area,Less Than 8 ft.,1610612747,Los Angeles Lakers,2003-01-15,LAL @ NOH,NOH,3955
Jump Shot,Jump Shot,227,20200546,33.9813,-122,63,-118.3918,10,3,0,2002-03,56,13,0.0,2PT Field Goal,Left Side(L),Mid-Range,8-16 ft.,1610612747,Los Angeles Lakers,2003-01-15,LAL @ NOH,NOH,3956
Driving Layup Shot,Layup,252,20200546,34.0443,0,0,-118.2698,8,3,0,2002-03,27,0,1.0,2PT Field Goal,Center(C),Restricted Area,Less Than 8 ft.,1610612747,Los Angeles Lakers,2003-01-15,LAL @ NOH,NOH,3957
Layup Shot,Layup,274,20200546,34.0443,0,0,-118.2698,5,3,0,2002-03,13,0,0.0,2PT Field Goal,Center(C),Restricted Area,Less Than 8 ft.,1610612747,Los Angeles Lakers,2003-01-15,LAL @ NOH,NOH,3958
Jump Shot,Jump Shot,281,20200546,33.8223,3,222,-118.2668,4,3,0,2002-03,44,22,1.0,2PT Field Goal,Center(C),Mid-Range,16-24 ft.,1610612747,Los Angeles Lakers,2003-01-15,LAL @ NOH,NOH,3959
Layup Shot,Layup,325,20200546,34.0443,0,0,-118.2698,0,3,0,2002-03,16,0,1.0,2PT Field Goal,Center(C),Restricted Area,Less Than 8 ft.,1610612747,Los Angeles Lakers,2003-01-15,LAL @ NOH,NOH,3960
Jump Shot,Jump Shot,341,20200546,34.0493,202,-5,-118.0678,11,4,0,2002-03,2,20,0.0,2PT Field Goal,Right Side(R),Mid-Range,16-24 ft.,1610612747,Los Angeles Lakers,2003-01-15,LAL @ NOH,NOH,3961
Jump Shot,Jump Shot,344,20200546,34.0013,148,43,-118.1218,10,4,0,2002-03,24,15,0.0,2PT Field Goal,Right Side(R),Mid-Range,8-16 ft.,1610612747,Los Angeles Lakers,2003-01-15,LAL @ NOH,NOH,3962
Jump Shot,Jump Shot,348,20200546,34.0443,164,0,-118.1058,9,4,0,2002-03,33,16,0.0,2PT Field Goal,Right Side(R),Mid-Range,16-24 ft.,1610612747,Los Angeles Lakers,2003-01-15,LAL @ NOH,NOH,3963
Layup Shot,Layup,350,20200546,34.0443,0,0,-118.2698,9,4,0,2002-03,32,0,,2PT Field Goal,Center(C),Restricted Area,Less Than 8 ft.,1610612747,Los Angeles Lakers,2003-01-15,LAL @ NOH,NOH,3964
Jump Shot,Jump Shot,353,20200546,33.9633,144,81,-118.1258,8,4,0,2002-03,47,16,0.0,2PT Field Goal,Right Side(R),Mid-Range,16-24 ft.,1610612747,Los Angeles Lakers,2003-01-15,LAL @ NOH,NOH,3965
Jump Shot,Jump Shot,395,20200546,33.9453,-189,99,-118.4588,5,4,0,2002-03,34,21,0.0,2PT Field Goal,Left Side(L),Mid-Range,16-24 ft.,1610612747,Los Angeles Lakers,2003-01-15,LAL @ NOH,NOH,3966
Jump Shot,Jump Shot,416,20200546,33.9753,80,69,-118.1898,2,4,0,2002-03,31,10,0.0,2PT Field Goal,Right Side(R),In The Paint (Non-RA),8-16 ft.,1610612747,Los Angeles Lakers,2003-01-15,LAL @ NOH,NOH,3967
Jump Shot,Jump Shot,429,20200546,33.9673,-72,77,-118.3418,1,4,0,2002-03,37,10,0.0,2PT Field Goal,Left Side(L),In The Paint (Non-RA),8-16 ft.,1610612747,Los Angeles Lakers,2003-01-15,LAL @ NOH,NOH,3968
Layup Shot,Layup,440,20200546,34.0443,0,0,-118.2698,0,4,0,2002-03,43,0,,2PT Field Goal,Center(C),Restricted Area,Less Than 8 ft.,1610612747,Los Angeles Lakers,2003-01-15,LAL @ NOH,NOH,3969
Jump Shot,Jump Shot,5,20200563,33.8653,-176,179,-118.4458,11,1,0,2002-03,9,25,1.0,3PT Field Goal,Left Side Center(LC),Above the Break 3,24+ ft.,1610612747,Los Angeles Lakers,2003-01-17,LAL @ HOU,HOU,3970
Jump Shot,Jump Shot,8,20200563,33.8383,-140,206,-118.4098,10,1,0,2002-03,32,24,1.0,3PT Field Goal,Left Side Center(LC),Above the Break 3,24+ ft.,1610612747,Los Angeles Lakers,2003-01-17,LAL @ HOU,HOU,3971
Jump Shot,Jump Shot,40,20200563,33.7943,56,250,-118.2138,6,1,0,2002-03,27,25,0.0,3PT Field Goal,Center(C),Above the Break 3,24+ ft.,1610612747,Los Angeles Lakers,2003-01-17,LAL @ HOU,HOU,3972
Jump Shot,Jump Shot,101,20200563,33.8403,-172,204,-118.4418,0,1,0,2002-03,48,26,0.0,3PT Field Goal,Left Side Center(LC),Above the Break 3,24+ ft.,1610612747,Los Angeles Lakers,2003-01-17,LAL @ HOU,HOU,3973
Driving Layup Shot,Layup,104,20200563,34.0443,0,0,-118.2698,0,1,0,2002-03,41,0,,2PT Field Goal,Center(C),Restricted Area,Less Than 8 ft.,1610612747,Los Angeles Lakers,2003-01-17,LAL @ HOU,HOU,3974
Jump Shot,Jump Shot,109,20200563,33.9963,57,48,-118.2128,0,1,0,2002-03,12,7,0.0,2PT Field Goal,Center(C),In The Paint (Non-RA),Less Than 8 ft.,1610612747,Los Angeles Lakers,2003-01-17,LAL @ HOU,HOU,3975
Layup Shot,Layup,141,20200563,34.0443,0,0,-118.2698,8,2,0,2002-03,42,0,,2PT Field Goal,Center(C),Restricted Area,Less Than 8 ft.,1610612747,Los Angeles Lakers,2003-01-17,LAL @ HOU,HOU,3976
Jump Shot,Jump Shot,174,20200563,34.0443,0,0,-118.2698,11,2,0,2002-03,24,0,0.0,2PT Field Goal,Center(C),Restricted Area,Less Than 8 ft.,1610612747,Los Angeles Lakers,2003-01-17,LAL @ HOU,HOU,3977
Jump Shot,Jump Shot,182,20200563,33.9503,-11,94,-118.2808,5,2,0,2002-03,49,9,0.0,2PT Field Goal,Center(C),In The Paint (Non-RA),8-16 ft.,1610612747,Los Angeles Lakers,2003-01-17,LAL @ HOU,HOU,3978
Tip Shot,Tip Shot,184,20200563,34.0443,0,0,-118.2698,5,2,0,2002-03,46,0,0.0,2PT Field Goal,Center(C),Restricted Area,Less Than 8 ft.,1610612747,Los Angeles Lakers,2003-01-17,LAL @ HOU,HOU,3979
Jump Shot,Jump Shot,210,20200563,34.0573,-161,-13,-118.4308,3,2,0,2002-03,3,16,0.0,2PT Field Goal,Left Side(L),Mid-Range,16-24 ft.,1610612747,Los Angeles Lakers,2003-01-17,LAL @ HOU,HOU,3980
Jump Shot,Jump Shot,235,20200563,33.7973,10,247,-118.2598,0,2,0,2002-03,0,24,0.0,3PT Field Goal,Center(C),Above the Break 3,24+ ft.,1610612747,Los Angeles Lakers,2003-01-17,LAL @ HOU,HOU,3981
Jump Shot,Jump Shot,241,20200563,33.9633,-66,81,-118.3358,11,3,0,2002-03,23,10,1.0,2PT Field Goal,Left Side(L),In The Paint (Non-RA),8-16 ft.,1610612747,Los Angeles Lakers,2003-01-17,LAL @ HOU,HOU,3982
Layup Shot,Layup,312,20200563,34.0443,0,0,-118.2698,3,3,0,2002-03,30,0,0.0,2PT Field Goal,Center(C),Restricted Area,Less Than 8 ft.,1610612747,Los Angeles Lakers,2003-01-17,LAL @ HOU,HOU,3983
Jump Shot,Jump Shot,389,20200563,34.0093,115,35,-118.1548,7,4,0,2002-03,16,12,,2PT Field Goal,Right Side(R),Mid-Range,8-16 ft.,1610612747,Los Angeles Lakers,2003-01-17,LAL @ HOU,HOU,3984
Jump Shot,Jump Shot,433,20200563,33.9373,164,107,-118.1058,2,4,0,2002-03,25,19,1.0,2PT Field Goal,Right Side(R),Mid-Range,16-24 ft.,1610612747,Los Angeles Lakers,2003-01-17,LAL @ HOU,HOU,3985
Jump Shot,Jump Shot,436,20200563,33.8733,-49,171,-118.3188,1,4,0,2002-03,44,17,0.0,2PT Field Goal,Center(C),Mid-Range,16-24 ft.,1610612747,Los Angeles Lakers,2003-01-17,LAL @ HOU,HOU,3986
Turnaround Jump Shot,Jump Shot,450,20200563,33.9393,-90,105,-118.3598,0,4,0,2002-03,36,13,1.0,2PT Field Goal,Left Side(L),Mid-Range,8-16 ft.,1610612747,Los Angeles Lakers,2003-01-17,LAL @ HOU,HOU,3987
Reverse Layup Shot,Layup,466,20200563,34.0443,0,0,-118.2698,0,4,0,2002-03,0,0,0.0,2PT Field Goal,Center(C),Restricted Area,Less Than 8 ft.,1610612747,Los Angeles Lakers,2003-01-17,LAL @ HOU,HOU,3988
Jump Shot,Jump Shot,492,20200563,33.8573,89,187,-118.1808,2,5,0,2002-03,5,20,0.0,2PT Field Goal,Right Side Center(RC),Mid-Range,16-24 ft.,1610612747,Los Angeles Lakers,2003-01-17,LAL @ HOU,HOU,3989
Jump Shot,Jump Shot,548,20200563,33.8123,-120,232,-118.3898,0,5,0,2002-03,1,26,0.0,3PT Field Goal,Left Side Center(LC),Above the Break 3,24+ ft.,1610612747,Los Angeles Lakers,2003-01-17,LAL @ HOU,HOU,3990
Jump Shot,Jump Shot,26,20200587,33.8303,-141,214,-118.4108,8,1,0,2002-03,28,25,,3PT Field Goal,Left Side Center(LC),Above the Break 3,24+ ft.,1610612747,Los Angeles Lakers,2003-01-20,LAL vs. LAC,LAC,3991
Jump Shot,Jump Shot,57,20200587,34.0133,172,31,-118.0978,5,1,0,2002-03,32,17,0.0,2PT Field Goal,Right Side(R),Mid-Range,16-24 ft.,1610612747,Los Angeles Lakers,2003-01-20,LAL vs. LAC,LAC,3992
Slam Dunk Shot,Dunk,60,20200587,34.0443,0,0,-118.2698,5,1,0,2002-03,22,0,,2PT Field Goal,Center(C),Restricted Area,Less Than 8 ft.,1610612747,Los Angeles Lakers,2003-01-20,LAL vs. LAC,LAC,3993
Driving Layup Shot,Layup,94,20200587,34.0443,0,0,-118.2698,2,1,0,2002-03,32,0,1.0,2PT Field Goal,Center(C),Restricted Area,Less Than 8 ft.,1610612747,Los Angeles Lakers,2003-01-20,LAL vs. LAC,LAC,3994
Slam Dunk Shot,Dunk,103,20200587,34.0443,0,0,-118.2698,1,1,0,2002-03,21,0,1.0,2PT Field Goal,Center(C),Restricted Area,Less Than 8 ft.,1610612747,Los Angeles Lakers,2003-01-20,LAL vs. LAC,LAC,3995
Jump Shot,Jump Shot,207,20200587,33.9093,-113,135,-118.3828,3,2,0,2002-03,39,17,0.0,2PT Field Goal,Left Side Center(LC),Mid-Range,16-24 ft.,1610612747,Los Angeles Lakers,2003-01-20,LAL vs. LAC,LAC,3996
Jump Shot,Jump Shot,213,20200587,33.8153,92,229,-118.1778,3,2,0,2002-03,20,24,1.0,3PT Field Goal,Right Side Center(RC),Above the Break 3,24+ ft.,1610612747,Los Angeles Lakers,2003-01-20,LAL vs. LAC,LAC,3997
Reverse Layup Shot,Layup,291,20200587,34.0443,0,0,-118.2698,8,3,0,2002-03,51,0,1.0,2PT Field Goal,Center(C),Restricted Area,Less Than 8 ft.,1610612747,Los Angeles Lakers,2003-01-20,LAL vs. LAC,LAC,3998
Jump Shot,Jump Shot,315,20200587,33.9063,-136,138,-118.4058,6,3,0,2002-03,46,19,1.0,2PT Field Goal,Left Side Center(LC),Mid-Range,16-24 ft.,1610612747,Los Angeles Lakers,2003-01-20,LAL vs. LAC,LAC,3999
Layup Shot,Layup,380,20200587,34.0443,0,0,-118.2698,0,3,0,2002-03,38,0,0.0,2PT Field Goal,Center(C),Restricted Area,Less Than 8 ft.,1610612747,Los Angeles Lakers,2003-01-20,LAL vs. LAC,LAC,4000
