age,job,salary,marital,education,targeted,default,balance,housing,loan,contact,day,month,duration,campaign,pdays,previous,poutcome,label
58,management,100000,married,tertiary,yes,no,2143,yes,no,unknown,5,may,261,1,-1,0,unknown,no
44,technician,60000,single,secondary,yes,no,29,yes,no,unknown,5,may,151,1,-1,0,unknown,no
33,entrepreneur,120000,married,secondary,yes,no,2,yes,yes,unknown,5,may,76,1,-1,0,unknown,no
47,blue-collar,20000,married,unknown,no,no,1506,yes,no,unknown,5,may,92,1,-1,0,unknown,no
33,unknown,0,single,unknown,no,no,1,no,no,unknown,5,may,198,1,-1,0,unknown,no
35,management,100000,married,tertiary,yes,no,231,yes,no,unknown,5,may,139,1,-1,0,unknown,no
28,management,100000,single,tertiary,no,no,447,yes,yes,unknown,5,may,217,1,-1,0,unknown,no
42,entrepreneur,120000,divorced,tertiary,no,yes,2,yes,no,unknown,5,may,380,1,-1,0,unknown,no
58,retired,55000,married,primary,yes,no,121,yes,no,unknown,5,may,50,1,-1,0,unknown,no
43,technician,60000,single,secondary,yes,no,593,yes,no,unknown,5,may,55,1,-1,0,unknown,no
41,admin.,50000,divorced,secondary,yes,no,270,yes,no,unknown,5,may,222,1,-1,0,unknown,no
29,admin.,50000,single,secondary,yes,no,390,yes,no,unknown,5,may,137,1,-1,0,unknown,no
53,technician,60000,married,secondary,yes,no,6,yes,no,unknown,5,may,517,1,-1,0,unknown,no
58,technician,60000,married,unknown,no,no,71,yes,no,unknown,5,may,71,1,-1,0,unknown,no
57,services,70000,married,secondary,yes,no,162,yes,no,unknown,5,may,174,1,-1,0,unknown,no
51,retired,55000,married,primary,yes,no,229,yes,no,unknown,5,may,353,1,-1,0,unknown,no
45,admin.,50000,single,unknown,no,no,13,yes,no,unknown,5,may,98,1,-1,0,unknown,no
57,blue-collar,20000,married,primary,yes,no,52,yes,no,unknown,5,may,38,1,-1,0,unknown,no
60,retired,55000,married,primary,yes,no,60,yes,no,unknown,5,may,219,1,-1,0,unknown,no
33,services,70000,married,secondary,yes,no,0,yes,no,unknown,5,may,54,1,-1,0,unknown,no
28,blue-collar,20000,married,secondary,yes,no,723,yes,yes,unknown,5,may,262,1,-1,0,unknown,no
56,management,100000,married,tertiary,yes,no,779,yes,no,unknown,5,may,164,1,-1,0,unknown,no
32,blue-collar,20000,single,primary,yes,no,23,yes,yes,unknown,5,may,160,1,-1,0,unknown,no
25,services,70000,married,secondary,yes,no,50,yes,no,unknown,5,may,342,1,-1,0,unknown,no
40,retired,55000,married,primary,yes,no,0,yes,yes,unknown,5,may,181,1,-1,0,unknown,no
44,admin.,50000,married,secondary,yes,no,-372,yes,no,unknown,5,may,172,1,-1,0,unknown,no
39,management,100000,single,tertiary,no,no,255,yes,no,unknown,5,may,296,1,-1,0,unknown,no
52,entrepreneur,120000,married,secondary,yes,no,113,yes,yes,unknown,5,may,127,1,-1,0,unknown,no
46,management,100000,single,secondary,yes,no,-246,yes,no,unknown,5,may,255,2,-1,0,unknown,no
36,technician,60000,single,secondary,yes,no,265,yes,yes,unknown,5,may,348,1,-1,0,unknown,no
57,technician,60000,married,secondary,yes,no,839,no,yes,unknown,5,may,225,1,-1,0,unknown,no
49,management,100000,married,tertiary,yes,no,378,yes,no,unknown,5,may,230,1,-1,0,unknown,no
60,admin.,50000,married,secondary,yes,no,39,yes,yes,unknown,5,may,208,1,-1,0,unknown,no
59,blue-collar,20000,married,secondary,yes,no,0,yes,no,unknown,5,may,226,1,-1,0,unknown,no
51,management,100000,married,tertiary,yes,no,10635,yes,no,unknown,5,may,336,1,-1,0,unknown,no
57,technician,60000,divorced,secondary,yes,no,63,yes,no,unknown,5,may,242,1,-1,0,unknown,no
25,blue-collar,20000,married,secondary,yes,no,-7,yes,no,unknown,5,may,365,1,-1,0,unknown,no
53,technician,60000,married,secondary,yes,no,-3,no,no,unknown,5,may,1666,1,-1,0,unknown,no
36,admin.,50000,divorced,secondary,yes,no,506,yes,no,unknown,5,may,577,1,-1,0,unknown,no
37,admin.,50000,single,secondary,yes,no,0,yes,no,unknown,5,may,137,1,-1,0,unknown,no
44,services,70000,divorced,secondary,yes,no,2586,yes,no,unknown,5,may,160,1,-1,0,unknown,no
50,management,100000,married,secondary,yes,no,49,yes,no,unknown,5,may,180,2,-1,0,unknown,no
60,blue-collar,20000,married,unknown,no,no,104,yes,no,unknown,5,may,22,1,-1,0,unknown,no
54,retired,55000,married,secondary,yes,no,529,yes,no,unknown,5,may,1492,1,-1,0,unknown,no
58,retired,55000,married,unknown,no,no,96,yes,no,unknown,5,may,616,1,-1,0,unknown,no
36,admin.,50000,single,primary,yes,no,-171,yes,no,unknown,5,may,242,1,-1,0,unknown,no
58,self-employed,60000,married,tertiary,yes,no,-364,yes,no,unknown,5,may,355,1,-1,0,unknown,no
44,technician,60000,married,secondary,yes,no,0,yes,no,unknown,5,may,225,2,-1,0,unknown,no
55,technician,60000,divorced,secondary,yes,no,0,no,no,unknown,5,may,160,1,-1,0,unknown,no
29,management,100000,single,tertiary,no,no,0,yes,no,unknown,5,may,363,1,-1,0,unknown,no
54,blue-collar,20000,married,secondary,yes,no,1291,yes,no,unknown,5,may,266,1,-1,0,unknown,no
48,management,100000,divorced,tertiary,no,no,-244,yes,no,unknown,5,may,253,1,-1,0,unknown,no
32,management,100000,married,tertiary,yes,no,0,yes,no,unknown,5,may,179,1,-1,0,unknown,no
42,admin.,50000,single,secondary,yes,no,-76,yes,no,unknown,5,may,787,1,-1,0,unknown,no
24,technician,60000,single,secondary,yes,no,-103,yes,yes,unknown,5,may,145,1,-1,0,unknown,no
38,entrepreneur,120000,single,tertiary,no,no,243,no,yes,unknown,5,may,174,1,-1,0,unknown,no
38,management,100000,single,tertiary,no,no,424,yes,no,unknown,5,may,104,1,-1,0,unknown,no
47,blue-collar,20000,married,unknown,no,no,306,yes,no,unknown,5,may,13,1,-1,0,unknown,no
40,blue-collar,20000,single,unknown,no,no,24,yes,no,unknown,5,may,185,1,-1,0,unknown,no
46,services,70000,married,primary,yes,no,179,yes,no,unknown,5,may,1778,1,-1,0,unknown,no
32,admin.,50000,married,tertiary,yes,no,0,yes,no,unknown,5,may,138,1,-1,0,unknown,no
53,technician,60000,divorced,secondary,yes,no,989,yes,no,unknown,5,may,812,1,-1,0,unknown,no
57,blue-collar,20000,married,primary,yes,no,249,yes,no,unknown,5,may,164,1,-1,0,unknown,no
33,services,70000,married,secondary,yes,no,790,yes,no,unknown,5,may,391,1,-1,0,unknown,no
49,blue-collar,20000,married,unknown,no,no,154,yes,no,unknown,5,may,357,1,-1,0,unknown,no
51,management,100000,married,tertiary,yes,no,6530,yes,no,unknown,5,may,91,1,-1,0,unknown,no
60,retired,55000,married,tertiary,yes,no,100,no,no,unknown,5,may,528,1,-1,0,unknown,no
59,management,100000,divorced,tertiary,no,no,59,yes,no,unknown,5,may,273,1,-1,0,unknown,no
55,technician,60000,married,secondary,yes,no,1205,yes,no,unknown,5,may,158,2,-1,0,unknown,no
35,blue-collar,20000,single,secondary,yes,no,12223,yes,yes,unknown,5,may,177,1,-1,0,unknown,no
57,blue-collar,20000,married,secondary,yes,no,5935,yes,yes,unknown,5,may,258,1,-1,0,unknown,no
31,services,70000,married,secondary,yes,no,25,yes,yes,unknown,5,may,172,1,-1,0,unknown,no
54,management,100000,married,secondary,yes,no,282,yes,yes,unknown,5,may,154,1,-1,0,unknown,no
55,blue-collar,20000,married,primary,yes,no,23,yes,no,unknown,5,may,291,1,-1,0,unknown,no
43,technician,60000,married,secondary,yes,no,1937,yes,no,unknown,5,may,181,1,-1,0,unknown,no
53,technician,60000,married,secondary,yes,no,384,yes,no,unknown,5,may,176,1,-1,0,unknown,no
44,blue-collar,20000,married,secondary,yes,no,582,no,yes,unknown,5,may,211,1,-1,0,unknown,no
55,services,70000,divorced,secondary,yes,no,91,no,no,unknown,5,may,349,1,-1,0,unknown,no
49,services,70000,divorced,secondary,yes,no,0,yes,yes,unknown,5,may,272,1,-1,0,unknown,no
55,services,70000,divorced,secondary,yes,yes,1,yes,no,unknown,5,may,208,1,-1,0,unknown,no
45,admin.,50000,single,secondary,yes,no,206,yes,no,unknown,5,may,193,1,-1,0,unknown,no
47,services,70000,divorced,secondary,yes,no,164,no,no,unknown,5,may,212,1,-1,0,unknown,no
42,technician,60000,single,secondary,yes,no,690,yes,no,unknown,5,may,20,1,-1,0,unknown,no
59,admin.,50000,married,secondary,yes,no,2343,yes,no,unknown,5,may,1042,1,-1,0,unknown,yes
46,self-employed,60000,married,tertiary,yes,no,137,yes,yes,unknown,5,may,246,1,-1,0,unknown,no
51,blue-collar,20000,married,primary,yes,no,173,yes,no,unknown,5,may,529,2,-1,0,unknown,no
56,admin.,50000,married,secondary,yes,no,45,no,no,unknown,5,may,1467,1,-1,0,unknown,yes
41,technician,60000,married,secondary,yes,no,1270,yes,no,unknown,5,may,1389,1,-1,0,unknown,yes
46,management,100000,divorced,secondary,yes,no,16,yes,yes,unknown,5,may,188,2,-1,0,unknown,no
57,retired,55000,married,secondary,yes,no,486,yes,no,unknown,5,may,180,2,-1,0,unknown,no
42,management,100000,single,secondary,yes,no,50,no,no,unknown,5,may,48,1,-1,0,unknown,no
30,technician,60000,married,secondary,yes,no,152,yes,yes,unknown,5,may,213,2,-1,0,unknown,no
60,admin.,50000,married,secondary,yes,no,290,yes,no,unknown,5,may,583,1,-1,0,unknown,no
60,blue-collar,20000,married,unknown,no,no,54,yes,no,unknown,5,may,221,1,-1,0,unknown,no
57,entrepreneur,120000,divorced,secondary,yes,no,-37,no,no,unknown,5,may,173,1,-1,0,unknown,no
36,management,100000,married,tertiary,yes,no,101,yes,yes,unknown,5,may,426,1,-1,0,unknown,no
55,blue-collar,20000,married,secondary,yes,no,383,no,no,unknown,5,may,287,1,-1,0,unknown,no
60,retired,55000,married,tertiary,yes,no,81,yes,no,unknown,5,may,101,1,-1,0,unknown,no
39,technician,60000,married,secondary,yes,no,0,yes,no,unknown,5,may,203,1,-1,0,unknown,no
46,management,100000,married,tertiary,yes,no,229,yes,no,unknown,5,may,197,1,-1,0,unknown,no
44,blue-collar,20000,married,secondary,yes,no,-674,yes,no,unknown,5,may,257,1,-1,0,unknown,no
53,blue-collar,20000,married,primary,yes,no,90,no,no,unknown,5,may,124,1,-1,0,unknown,no
52,blue-collar,20000,married,primary,yes,no,128,yes,no,unknown,5,may,229,1,-1,0,unknown,no
59,blue-collar,20000,married,primary,yes,no,179,yes,no,unknown,5,may,55,3,-1,0,unknown,no
27,technician,60000,single,tertiary,no,no,0,yes,no,unknown,5,may,400,1,-1,0,unknown,no
44,blue-collar,20000,married,secondary,yes,no,54,yes,no,unknown,5,may,197,1,-1,0,unknown,no
47,technician,60000,married,tertiary,yes,no,151,yes,no,unknown,5,may,190,1,-1,0,unknown,no
34,admin.,50000,married,secondary,yes,no,61,no,yes,unknown,5,may,21,1,-1,0,unknown,no
59,retired,55000,single,secondary,yes,no,30,yes,no,unknown,5,may,514,1,-1,0,unknown,no
45,management,100000,married,tertiary,yes,no,523,yes,no,unknown,5,may,849,2,-1,0,unknown,no
29,services,70000,divorced,secondary,yes,no,31,yes,no,unknown,5,may,194,1,-1,0,unknown,no
46,technician,60000,divorced,secondary,yes,no,79,no,no,unknown,5,may,144,1,-1,0,unknown,no
56,self-employed,60000,married,primary,yes,no,-34,yes,yes,unknown,5,may,212,2,-1,0,unknown,no
36,blue-collar,20000,married,primary,yes,no,448,yes,no,unknown,5,may,286,1,-1,0,unknown,no
59,retired,55000,divorced,primary,yes,no,81,yes,no,unknown,5,may,107,1,-1,0,unknown,no
44,blue-collar,20000,married,secondary,yes,no,144,yes,no,unknown,5,may,247,2,-1,0,unknown,no
41,admin.,50000,married,secondary,yes,no,351,yes,no,unknown,5,may,518,1,-1,0,unknown,no
33,management,100000,single,tertiary,no,no,-67,yes,no,unknown,5,may,364,1,-1,0,unknown,no
59,management,100000,divorced,tertiary,no,no,262,no,no,unknown,5,may,178,1,-1,0,unknown,no
57,technician,60000,married,primary,yes,no,0,no,no,unknown,5,may,98,1,-1,0,unknown,no
56,technician,60000,divorced,unknown,no,no,56,yes,no,unknown,5,may,439,1,-1,0,unknown,no
51,blue-collar,20000,married,secondary,yes,no,26,yes,no,unknown,5,may,79,1,-1,0,unknown,no
34,admin.,50000,married,unknown,no,no,3,yes,no,unknown,5,may,120,3,-1,0,unknown,no
43,services,70000,married,secondary,yes,no,41,yes,yes,unknown,5,may,127,2,-1,0,unknown,no
52,technician,60000,married,tertiary,yes,no,7,no,yes,unknown,5,may,175,1,-1,0,unknown,no
33,technician,60000,single,secondary,yes,no,105,yes,no,unknown,5,may,262,2,-1,0,unknown,no
29,admin.,50000,single,secondary,yes,no,818,yes,yes,unknown,5,may,61,1,-1,0,unknown,no
34,services,70000,married,secondary,yes,no,-16,yes,yes,unknown,5,may,78,1,-1,0,unknown,no
31,blue-collar,20000,married,secondary,yes,no,0,yes,no,unknown,5,may,143,1,-1,0,unknown,no
55,services,70000,married,secondary,yes,no,2476,yes,no,unknown,5,may,579,1,-1,0,unknown,yes
55,management,100000,married,unknown,no,no,1185,no,no,unknown,5,may,677,1,-1,0,unknown,no
32,admin.,50000,single,secondary,yes,no,217,yes,no,unknown,5,may,345,1,-1,0,unknown,no
38,technician,60000,single,secondary,yes,no,1685,yes,no,unknown,5,may,185,1,-1,0,unknown,no
55,admin.,50000,single,secondary,yes,no,802,yes,yes,unknown,5,may,100,2,-1,0,unknown,no
28,unemployed,8000,single,tertiary,no,no,0,yes,no,unknown,5,may,125,2,-1,0,unknown,no
23,blue-collar,20000,married,secondary,yes,no,94,yes,no,unknown,5,may,193,1,-1,0,unknown,no
32,technician,60000,single,secondary,yes,no,0,yes,no,unknown,5,may,136,1,-1,0,unknown,no
43,services,70000,single,unknown,no,no,0,no,no,unknown,5,may,73,1,-1,0,unknown,no
32,blue-collar,20000,married,secondary,yes,no,517,yes,no,unknown,5,may,528,1,-1,0,unknown,no
46,blue-collar,20000,married,secondary,yes,no,265,yes,no,unknown,5,may,541,1,-1,0,unknown,no
53,housemaid,16000,divorced,primary,yes,no,947,yes,no,unknown,5,may,163,1,-1,0,unknown,no
34,self-employed,60000,single,secondary,yes,no,3,yes,no,unknown,5,may,301,1,-1,0,unknown,no
57,unemployed,8000,married,tertiary,yes,no,42,no,no,unknown,5,may,46,1,-1,0,unknown,no
37,blue-collar,20000,married,secondary,yes,no,37,yes,no,unknown,5,may,204,1,-1,0,unknown,no
59,blue-collar,20000,married,secondary,yes,no,57,yes,no,unknown,5,may,98,1,-1,0,unknown,no
33,services,70000,married,secondary,yes,no,22,yes,no,unknown,5,may,71,1,-1,0,unknown,no
56,blue-collar,20000,divorced,primary,yes,no,8,yes,no,unknown,5,may,157,2,-1,0,unknown,no
48,unemployed,8000,married,secondary,yes,no,293,yes,no,unknown,5,may,243,1,-1,0,unknown,no
43,services,70000,married,primary,yes,no,3,yes,no,unknown,5,may,186,2,-1,0,unknown,no
54,blue-collar,20000,married,primary,yes,no,348,yes,no,unknown,5,may,579,2,-1,0,unknown,no
51,blue-collar,20000,married,unknown,no,no,-19,yes,no,unknown,5,may,163,2,-1,0,unknown,no
26,student,4000,single,secondary,yes,no,0,yes,no,unknown,5,may,610,2,-1,0,unknown,no
40,management,100000,married,tertiary,yes,no,-4,yes,no,unknown,5,may,2033,1,-1,0,unknown,no
39,management,100000,married,secondary,yes,no,18,yes,no,unknown,5,may,85,1,-1,0,unknown,no
50,technician,60000,married,primary,yes,no,139,no,no,unknown,5,may,114,2,-1,0,unknown,no
41,services,70000,married,secondary,yes,no,0,yes,no,unknown,5,may,114,2,-1,0,unknown,no
51,blue-collar,20000,married,unknown,no,no,1883,yes,no,unknown,5,may,57,1,-1,0,unknown,no
60,retired,55000,divorced,secondary,yes,no,216,yes,no,unknown,5,may,238,1,-1,0,unknown,no
52,blue-collar,20000,married,secondary,yes,no,782,yes,no,unknown,5,may,93,3,-1,0,unknown,no
48,blue-collar,20000,married,secondary,yes,no,904,yes,no,unknown,5,may,128,2,-1,0,unknown,no
48,services,70000,married,unknown,no,no,1705,yes,no,unknown,5,may,107,1,-1,0,unknown,no
39,technician,60000,single,tertiary,no,no,47,yes,no,unknown,5,may,181,1,-1,0,unknown,no
47,services,70000,single,secondary,yes,no,176,yes,no,unknown,5,may,303,2,-1,0,unknown,no
40,blue-collar,20000,married,secondary,yes,no,1225,yes,no,unknown,5,may,558,5,-1,0,unknown,no
45,technician,60000,married,secondary,yes,no,86,yes,no,unknown,5,may,270,1,-1,0,unknown,no
26,admin.,50000,single,secondary,yes,no,82,yes,no,unknown,5,may,228,1,-1,0,unknown,no
52,management,100000,married,tertiary,yes,no,271,yes,no,unknown,5,may,99,1,-1,0,unknown,no
54,technician,60000,married,secondary,yes,no,1378,yes,no,unknown,5,may,240,1,-1,0,unknown,no
54,admin.,50000,married,tertiary,yes,no,184,no,no,unknown,5,may,673,2,-1,0,unknown,yes
50,blue-collar,20000,married,primary,yes,no,0,no,no,unknown,5,may,233,3,-1,0,unknown,no
35,blue-collar,20000,married,secondary,yes,no,0,yes,no,unknown,5,may,1056,1,-1,0,unknown,no
44,services,70000,married,secondary,yes,no,1357,yes,yes,unknown,5,may,250,1,-1,0,unknown,no
53,entrepreneur,120000,married,unknown,no,no,19,yes,no,unknown,5,may,252,1,-1,0,unknown,no
35,retired,55000,single,primary,yes,no,434,no,no,unknown,5,may,138,1,-1,0,unknown,no
60,admin.,50000,divorced,secondary,yes,no,92,yes,no,unknown,5,may,130,1,-1,0,unknown,no
53,admin.,50000,divorced,secondary,yes,no,1151,yes,no,unknown,5,may,412,1,-1,0,unknown,no
48,unemployed,8000,married,secondary,yes,no,41,yes,no,unknown,5,may,179,2,-1,0,unknown,no
34,technician,60000,married,secondary,yes,no,51,yes,no,unknown,5,may,19,2,-1,0,unknown,no
54,services,70000,married,secondary,yes,no,214,yes,no,unknown,5,may,458,2,-1,0,unknown,no
51,management,100000,married,secondary,yes,no,1161,yes,no,unknown,5,may,717,1,-1,0,unknown,no
31,services,70000,married,tertiary,yes,no,37,yes,no,unknown,5,may,313,1,-1,0,unknown,no
35,technician,60000,divorced,secondary,yes,no,787,yes,no,unknown,5,may,683,2,-1,0,unknown,no
35,services,70000,married,secondary,yes,no,59,yes,no,unknown,5,may,1077,1,-1,0,unknown,no
38,technician,60000,married,secondary,yes,no,253,yes,no,unknown,5,may,416,1,-1,0,unknown,no
36,admin.,50000,married,tertiary,yes,no,211,yes,no,unknown,5,may,146,2,-1,0,unknown,no
58,retired,55000,married,primary,yes,no,235,yes,no,unknown,5,may,167,1,-1,0,unknown,no
40,services,70000,divorced,unknown,no,no,4384,yes,no,unknown,5,may,315,1,-1,0,unknown,no
54,management,100000,married,secondary,yes,no,4080,no,no,unknown,5,may,140,1,-1,0,unknown,no
34,blue-collar,20000,single,secondary,yes,no,53,yes,yes,unknown,5,may,346,1,-1,0,unknown,no
31,management,100000,single,tertiary,no,no,0,yes,no,unknown,5,may,562,1,-1,0,unknown,no
51,retired,55000,married,secondary,yes,no,2127,yes,no,unknown,5,may,172,1,-1,0,unknown,no
33,management,100000,married,tertiary,yes,no,377,yes,no,unknown,5,may,217,1,-1,0,unknown,no
55,management,100000,married,tertiary,yes,no,73,yes,no,unknown,5,may,142,2,-1,0,unknown,no
42,admin.,50000,married,secondary,yes,no,445,yes,no,unknown,5,may,67,1,-1,0,unknown,no
34,blue-collar,20000,married,secondary,yes,no,243,yes,no,unknown,5,may,291,1,-1,0,unknown,no
33,blue-collar,20000,single,secondary,yes,no,307,yes,no,unknown,5,may,309,2,-1,0,unknown,no
38,services,70000,married,secondary,yes,no,155,yes,no,unknown,5,may,248,1,-1,0,unknown,no
50,technician,60000,divorced,tertiary,no,no,173,no,yes,unknown,5,may,98,1,-1,0,unknown,no
43,management,100000,married,tertiary,yes,no,400,yes,no,unknown,5,may,256,1,-1,0,unknown,no
61,blue-collar,20000,divorced,primary,yes,no,1428,yes,no,unknown,5,may,82,2,-1,0,unknown,no
47,admin.,50000,married,secondary,yes,no,219,yes,no,unknown,5,may,577,1,-1,0,unknown,no
48,self-employed,60000,married,tertiary,yes,no,7,yes,no,unknown,5,may,286,1,-1,0,unknown,no
44,blue-collar,20000,married,secondary,yes,no,575,yes,no,unknown,5,may,477,1,-1,0,unknown,no
35,student,4000,single,unknown,no,no,298,yes,no,unknown,5,may,611,2,-1,0,unknown,no
35,services,70000,married,secondary,yes,no,0,yes,no,unknown,5,may,471,1,-1,0,unknown,no
50,services,70000,married,secondary,yes,no,5699,yes,no,unknown,5,may,381,2,-1,0,unknown,no
41,management,100000,married,tertiary,yes,no,176,yes,yes,unknown,5,may,42,1,-1,0,unknown,no
41,management,100000,married,tertiary,yes,no,517,yes,no,unknown,5,may,251,1,-1,0,unknown,no
39,services,70000,single,unknown,no,no,257,yes,no,unknown,5,may,408,1,-1,0,unknown,no
42,retired,55000,married,secondary,yes,no,56,yes,no,unknown,5,may,215,1,-1,0,unknown,no
38,blue-collar,20000,married,secondary,yes,no,-390,yes,no,unknown,5,may,287,1,-1,0,unknown,no
53,retired,55000,married,secondary,yes,no,330,yes,no,unknown,5,may,216,2,-1,0,unknown,no
59,housemaid,16000,divorced,primary,yes,no,195,no,no,unknown,5,may,366,2,-1,0,unknown,no
36,services,70000,married,secondary,yes,no,301,yes,no,unknown,5,may,210,1,-1,0,unknown,no
54,blue-collar,20000,married,primary,yes,no,-41,yes,no,unknown,5,may,288,1,-1,0,unknown,no
40,technician,60000,married,tertiary,yes,no,483,yes,no,unknown,5,may,168,1,-1,0,unknown,no
47,unknown,0,married,unknown,no,no,28,no,no,unknown,5,may,338,2,-1,0,unknown,no
53,unemployed,8000,married,unknown,no,no,13,no,no,unknown,5,may,410,3,-1,0,unknown,no
46,housemaid,16000,married,primary,yes,no,965,no,no,unknown,5,may,177,1,-1,0,unknown,no
39,management,100000,married,tertiary,yes,no,378,yes,yes,unknown,5,may,127,2,-1,0,unknown,no
40,unemployed,8000,married,secondary,yes,no,219,yes,no,unknown,5,may,357,1,-1,0,unknown,no
28,blue-collar,20000,married,primary,yes,no,324,yes,no,unknown,5,may,175,1,-1,0,unknown,no
35,entrepreneur,120000,divorced,secondary,yes,no,-69,yes,no,unknown,5,may,300,1,-1,0,unknown,no
55,retired,55000,married,secondary,yes,no,0,no,yes,unknown,5,may,136,1,-1,0,unknown,no
43,technician,60000,divorced,unknown,no,no,205,yes,no,unknown,5,may,1419,1,-1,0,unknown,no
48,blue-collar,20000,married,primary,yes,no,278,yes,no,unknown,5,may,125,2,-1,0,unknown,no
58,management,100000,married,unknown,no,no,1065,yes,no,unknown,5,may,213,3,-1,0,unknown,no
33,management,100000,single,tertiary,no,no,34,yes,no,unknown,5,may,27,1,-1,0,unknown,no
36,blue-collar,20000,married,unknown,no,no,1033,no,no,unknown,5,may,238,2,-1,0,unknown,no
53,services,70000,divorced,secondary,yes,no,1467,yes,no,unknown,5,may,124,1,-1,0,unknown,no
47,blue-collar,20000,married,primary,yes,no,-12,yes,no,unknown,5,may,18,1,-1,0,unknown,no
31,services,70000,married,secondary,yes,no,388,yes,no,unknown,5,may,730,2,-1,0,unknown,no
57,entrepreneur,120000,married,secondary,yes,no,294,yes,no,unknown,5,may,746,2,-1,0,unknown,no
53,blue-collar,20000,married,unknown,no,no,1827,no,no,unknown,5,may,121,1,-1,0,unknown,no
55,blue-collar,20000,married,primary,yes,no,627,yes,no,unknown,5,may,247,1,-1,0,unknown,no
45,blue-collar,20000,married,primary,yes,no,25,yes,no,unknown,5,may,40,1,-1,0,unknown,no
53,admin.,50000,divorced,secondary,yes,no,315,yes,no,unknown,5,may,181,2,-1,0,unknown,no
37,blue-collar,20000,married,primary,yes,no,0,yes,no,unknown,5,may,79,1,-1,0,unknown,no
44,admin.,50000,divorced,secondary,yes,no,66,yes,no,unknown,5,may,206,1,-1,0,unknown,no
49,blue-collar,20000,divorced,primary,yes,no,-9,yes,yes,unknown,5,may,389,1,-1,0,unknown,no
46,technician,60000,married,secondary,yes,no,349,yes,yes,unknown,5,may,127,1,-1,0,unknown,no
43,entrepreneur,120000,married,unknown,no,no,100,yes,no,unknown,5,may,702,1,-1,0,unknown,no
38,admin.,50000,married,secondary,yes,no,0,no,no,unknown,5,may,151,1,-1,0,unknown,no
43,technician,60000,married,secondary,yes,no,434,yes,no,unknown,5,may,117,1,-1,0,unknown,no
49,management,100000,married,tertiary,yes,no,3237,yes,no,unknown,5,may,232,3,-1,0,unknown,no
42,management,100000,married,unknown,no,no,275,no,no,unknown,5,may,408,2,-1,0,unknown,no
22,blue-collar,20000,single,secondary,yes,no,0,yes,no,unknown,5,may,179,2,-1,0,unknown,no
40,management,100000,married,tertiary,yes,no,207,yes,no,unknown,5,may,39,1,-1,0,unknown,no
39,blue-collar,20000,married,secondary,yes,no,483,yes,no,unknown,5,may,282,1,-1,0,unknown,no
51,services,70000,married,secondary,yes,no,2248,yes,no,unknown,5,may,714,2,-1,0,unknown,no
49,admin.,50000,married,secondary,yes,no,428,yes,no,unknown,5,may,50,1,-1,0,unknown,no
53,blue-collar,20000,married,secondary,yes,no,0,yes,yes,unknown,5,may,181,1,-1,0,unknown,no
34,services,70000,single,secondary,yes,no,0,yes,no,unknown,5,may,142,1,-1,0,unknown,no
33,technician,60000,divorced,secondary,yes,no,140,yes,no,unknown,5,may,227,1,-1,0,unknown,no
50,management,100000,single,tertiary,no,no,297,yes,no,unknown,5,may,119,1,-1,0,unknown,no
39,blue-collar,20000,married,primary,yes,no,279,yes,no,unknown,5,may,361,1,-1,0,unknown,no
59,entrepreneur,120000,divorced,secondary,yes,no,901,yes,no,unknown,5,may,73,3,-1,0,unknown,no
30,technician,60000,single,secondary,yes,no,2573,yes,no,unknown,5,may,67,2,-1,0,unknown,no
36,services,70000,married,secondary,yes,no,143,yes,yes,unknown,5,may,350,1,-1,0,unknown,no
40,blue-collar,20000,married,secondary,yes,no,475,yes,no,unknown,5,may,332,2,-1,0,unknown,no
53,blue-collar,20000,married,secondary,yes,no,70,yes,no,unknown,5,may,611,2,-1,0,unknown,no
34,management,100000,single,tertiary,no,no,318,yes,no,unknown,5,may,113,2,-1,0,unknown,no
37,technician,60000,married,secondary,yes,no,275,yes,no,unknown,5,may,132,1,-1,0,unknown,no
42,management,100000,divorced,tertiary,no,no,742,yes,no,unknown,5,may,58,3,-1,0,unknown,no
41,entrepreneur,120000,married,primary,yes,no,236,yes,no,unknown,5,may,151,1,-1,0,unknown,no
30,student,4000,single,tertiary,no,no,25,yes,no,unknown,5,may,89,2,-1,0,unknown,no
37,management,100000,single,tertiary,no,no,600,yes,no,unknown,5,may,152,1,-1,0,unknown,no
39,admin.,50000,divorced,secondary,yes,no,-349,yes,no,unknown,5,may,611,2,-1,0,unknown,no
41,blue-collar,20000,married,primary,yes,no,183,yes,yes,unknown,5,may,110,2,-1,0,unknown,no
40,blue-collar,20000,married,primary,yes,no,0,yes,no,unknown,5,may,463,1,-1,0,unknown,no
42,management,100000,single,tertiary,no,no,0,yes,yes,unknown,5,may,562,2,-1,0,unknown,yes
40,blue-collar,20000,divorced,primary,yes,no,0,yes,no,unknown,5,may,962,1,-1,0,unknown,no
57,technician,60000,married,secondary,yes,no,1078,yes,no,unknown,5,may,10,4,-1,0,unknown,no
56,entrepreneur,120000,divorced,secondary,yes,no,155,no,no,unknown,5,may,118,3,-1,0,unknown,no
37,admin.,50000,married,secondary,yes,no,190,yes,no,unknown,5,may,92,2,-1,0,unknown,no
59,retired,55000,married,secondary,yes,no,319,yes,no,unknown,5,may,143,3,-1,0,unknown,no
39,services,70000,divorced,secondary,yes,no,-185,yes,no,unknown,5,may,189,3,-1,0,unknown,no
49,services,70000,married,secondary,yes,no,47,no,no,unknown,5,may,234,2,-1,0,unknown,no
38,services,70000,single,secondary,yes,no,570,yes,no,unknown,5,may,75,2,-1,0,unknown,no
36,self-employed,60000,married,tertiary,yes,no,19,no,no,unknown,5,may,189,2,-1,0,unknown,no
50,blue-collar,20000,married,primary,yes,no,61,yes,no,unknown,5,may,621,3,-1,0,unknown,no
41,admin.,50000,married,secondary,yes,no,-62,yes,yes,unknown,5,may,55,2,-1,0,unknown,no
54,technician,60000,married,tertiary,yes,no,258,no,no,unknown,5,may,310,4,-1,0,unknown,no
58,blue-collar,20000,married,primary,yes,no,76,yes,no,unknown,5,may,156,2,-1,0,unknown,no
30,blue-collar,20000,single,secondary,yes,no,0,yes,no,unknown,5,may,5,2,-1,0,unknown,no
33,admin.,50000,single,secondary,yes,no,352,yes,no,unknown,5,may,225,2,-1,0,unknown,no
47,admin.,50000,married,secondary,yes,no,368,yes,no,unknown,5,may,125,2,-1,0,unknown,no
50,technician,60000,single,tertiary,no,no,339,yes,no,unknown,5,may,2,3,-1,0,unknown,no
32,blue-collar,20000,married,secondary,yes,no,1331,yes,no,unknown,5,may,286,2,-1,0,unknown,no
40,self-employed,60000,married,secondary,yes,no,672,yes,no,unknown,5,may,164,2,-1,0,unknown,no
37,management,100000,married,tertiary,yes,no,58,yes,no,unknown,5,may,98,2,-1,0,unknown,no
54,technician,60000,single,unknown,no,no,447,yes,no,unknown,5,may,742,2,-1,0,unknown,no
24,student,4000,single,secondary,yes,no,423,yes,no,unknown,5,may,226,3,-1,0,unknown,no
54,management,100000,married,tertiary,yes,no,0,no,no,unknown,5,may,120,2,-1,0,unknown,no
34,technician,60000,married,secondary,yes,no,19,yes,no,unknown,5,may,362,4,-1,0,unknown,no
56,technician,60000,divorced,primary,yes,no,13,yes,no,unknown,5,may,357,2,-1,0,unknown,no
31,blue-collar,20000,single,secondary,yes,no,3,yes,no,unknown,5,may,200,2,-1,0,unknown,no
24,student,4000,single,secondary,yes,no,82,yes,no,unknown,5,may,204,2,-1,0,unknown,no
42,blue-collar,20000,divorced,primary,yes,no,28,yes,no,unknown,5,may,126,3,-1,0,unknown,no
57,technician,60000,married,secondary,yes,no,792,yes,no,unknown,5,may,65,2,-1,0,unknown,no
42,blue-collar,20000,married,unknown,no,no,408,yes,no,unknown,5,may,107,2,-1,0,unknown,no
51,admin.,50000,married,secondary,yes,no,531,yes,no,unknown,5,may,267,2,-1,0,unknown,no
57,retired,55000,married,secondary,yes,no,211,yes,no,unknown,5,may,248,2,-1,0,unknown,no
36,services,70000,single,secondary,yes,no,62,yes,no,unknown,5,may,215,2,-1,0,unknown,no
53,services,70000,married,unknown,no,no,257,yes,no,unknown,5,may,209,2,-1,0,unknown,no
50,technician,60000,married,secondary,yes,no,1234,yes,no,unknown,5,may,205,2,-1,0,unknown,no
54,management,100000,married,tertiary,yes,no,313,yes,no,unknown,5,may,83,2,-1,0,unknown,no
55,blue-collar,20000,married,secondary,yes,no,89,yes,no,unknown,5,may,106,3,-1,0,unknown,no
44,blue-collar,20000,married,secondary,yes,no,129,yes,yes,unknown,5,may,189,2,-1,0,unknown,no
43,management,100000,married,unknown,no,no,0,yes,no,unknown,5,may,105,2,-1,0,unknown,no
56,admin.,50000,married,secondary,yes,no,353,yes,no,unknown,5,may,106,2,-1,0,unknown,no
54,technician,60000,married,unknown,no,no,851,yes,no,unknown,5,may,108,2,-1,0,unknown,no
55,services,70000,divorced,primary,yes,no,96,yes,yes,unknown,5,may,311,2,-1,0,unknown,no
37,services,70000,divorced,secondary,yes,no,398,yes,yes,unknown,5,may,214,2,-1,0,unknown,no
33,admin.,50000,single,tertiary,no,no,193,no,no,unknown,5,may,132,2,-1,0,unknown,no
46,admin.,50000,married,secondary,yes,no,-358,yes,no,unknown,5,may,358,2,-1,0,unknown,no
36,blue-collar,20000,married,secondary,yes,no,539,yes,yes,unknown,5,may,453,2,-1,0,unknown,no
51,technician,60000,single,secondary,yes,no,0,yes,no,unknown,5,may,364,2,-1,0,unknown,no
40,retired,55000,single,primary,yes,no,0,no,no,unknown,5,may,136,2,-1,0,unknown,no
42,blue-collar,20000,married,secondary,yes,no,490,yes,no,unknown,5,may,386,2,-1,0,unknown,no
51,blue-collar,20000,married,secondary,yes,no,0,yes,no,unknown,5,may,173,2,-1,0,unknown,no
49,blue-collar,20000,married,unknown,no,no,403,yes,no,unknown,5,may,241,2,-1,0,unknown,no
48,management,100000,married,secondary,yes,no,161,yes,no,unknown,5,may,224,3,-1,0,unknown,no
32,technician,60000,divorced,tertiary,no,no,2558,no,no,unknown,5,may,148,2,-1,0,unknown,no
31,admin.,50000,single,secondary,yes,no,98,yes,no,unknown,5,may,196,2,-1,0,unknown,no
55,management,100000,single,tertiary,no,no,115,no,no,unknown,5,may,111,4,-1,0,unknown,no
40,blue-collar,20000,single,secondary,yes,no,436,yes,no,unknown,5,may,231,3,-1,0,unknown,no
47,technician,60000,married,tertiary,yes,no,831,yes,no,unknown,5,may,316,3,-1,0,unknown,no
57,technician,60000,married,unknown,no,no,206,yes,no,unknown,5,may,216,3,-1,0,unknown,no
41,blue-collar,20000,married,secondary,yes,no,290,yes,no,unknown,5,may,240,2,-1,0,unknown,no
48,blue-collar,20000,married,secondary,yes,no,1,no,no,unknown,5,may,669,3,-1,0,unknown,no
42,blue-collar,20000,married,unknown,no,no,57,yes,no,unknown,5,may,425,2,-1,0,unknown,no
30,blue-collar,20000,single,secondary,yes,no,-457,yes,no,unknown,5,may,143,2,-1,0,unknown,no
58,management,100000,single,tertiary,no,no,1387,yes,no,unknown,5,may,174,5,-1,0,unknown,no
45,management,100000,divorced,tertiary,no,no,24598,yes,no,unknown,5,may,313,3,-1,0,unknown,no
49,blue-collar,20000,married,secondary,yes,no,30,yes,no,unknown,5,may,135,4,-1,0,unknown,no
42,admin.,50000,single,secondary,yes,no,1022,yes,no,unknown,5,may,146,2,-1,0,unknown,no
53,technician,60000,married,secondary,yes,no,56,yes,yes,unknown,5,may,152,2,-1,0,unknown,no
51,admin.,50000,single,secondary,yes,yes,-2,no,no,unknown,5,may,402,3,-1,0,unknown,no
32,services,70000,single,secondary,yes,no,121,yes,no,unknown,5,may,213,2,-1,0,unknown,no
41,blue-collar,20000,single,secondary,yes,no,842,yes,no,unknown,5,may,144,3,-1,0,unknown,no
43,management,100000,divorced,secondary,yes,no,693,yes,no,unknown,5,may,124,3,-1,0,unknown,no
40,blue-collar,20000,divorced,secondary,yes,no,-333,yes,no,unknown,5,may,183,2,-1,0,unknown,no
50,blue-collar,20000,married,primary,yes,no,1533,yes,no,unknown,5,may,325,2,-1,0,unknown,no
34,management,100000,married,tertiary,yes,no,46,yes,no,unknown,5,may,39,4,-1,0,unknown,no
53,services,70000,married,unknown,no,no,18,no,no,unknown,5,may,503,2,-1,0,unknown,no
45,technician,60000,married,secondary,yes,no,44,yes,no,unknown,5,may,95,4,-1,0,unknown,no
39,blue-collar,20000,married,primary,yes,no,-100,yes,no,unknown,5,may,680,2,-1,0,unknown,no
44,services,70000,married,tertiary,yes,no,510,yes,no,unknown,5,may,421,4,-1,0,unknown,no
55,management,100000,married,tertiary,yes,no,685,yes,no,unknown,5,may,174,3,-1,0,unknown,no
46,management,100000,single,tertiary,no,no,187,yes,no,unknown,5,may,113,2,-1,0,unknown,no
45,blue-collar,20000,married,secondary,yes,no,66,yes,no,unknown,5,may,808,2,-1,0,unknown,no
34,admin.,50000,married,secondary,yes,no,560,yes,no,unknown,5,may,198,3,-1,0,unknown,no
36,blue-collar,20000,married,secondary,yes,no,0,yes,no,unknown,5,may,195,2,-1,0,unknown,no
59,unknown,0,divorced,unknown,no,no,27,no,no,unknown,5,may,347,3,-1,0,unknown,no
31,admin.,50000,single,secondary,yes,no,12,yes,no,unknown,5,may,208,2,-1,0,unknown,no
44,blue-collar,20000,single,secondary,yes,no,34,yes,no,unknown,5,may,404,4,-1,0,unknown,no
33,entrepreneur,120000,single,tertiary,no,no,1068,yes,no,unknown,5,may,396,2,-1,0,unknown,no
40,blue-collar,20000,married,secondary,yes,no,211,yes,no,unknown,5,may,216,4,-1,0,unknown,no
46,admin.,50000,single,tertiary,no,no,377,yes,no,unknown,5,may,98,2,-1,0,unknown,no
48,management,100000,married,tertiary,yes,no,263,yes,no,unknown,5,may,350,2,-1,0,unknown,no
42,services,70000,married,secondary,yes,no,1263,yes,no,unknown,6,may,114,2,-1,0,unknown,no
27,services,70000,married,secondary,yes,no,8,yes,no,unknown,6,may,88,3,-1,0,unknown,no
48,admin.,50000,married,secondary,yes,no,126,yes,yes,unknown,6,may,379,2,-1,0,unknown,no
59,admin.,50000,married,secondary,yes,no,230,yes,no,unknown,6,may,190,3,-1,0,unknown,no
46,technician,60000,married,tertiary,yes,no,841,yes,no,unknown,6,may,158,1,-1,0,unknown,no
38,admin.,50000,divorced,secondary,yes,no,308,yes,no,unknown,6,may,102,1,-1,0,unknown,no
43,management,100000,divorced,tertiary,no,no,1,yes,no,unknown,6,may,306,1,-1,0,unknown,no
38,admin.,50000,divorced,tertiary,no,no,86,yes,no,unknown,6,may,218,1,-1,0,unknown,no
23,student,4000,single,secondary,yes,no,157,yes,no,unknown,6,may,54,1,-1,0,unknown,no
34,services,70000,married,secondary,yes,no,22,yes,no,unknown,6,may,344,1,-1,0,unknown,no
38,admin.,50000,married,secondary,yes,no,46,yes,yes,unknown,6,may,195,1,-1,0,unknown,no
37,blue-collar,20000,married,secondary,yes,no,1293,no,no,unknown,6,may,652,1,-1,0,unknown,no
25,admin.,50000,single,secondary,yes,no,122,yes,no,unknown,6,may,286,1,-1,0,unknown,no
48,blue-collar,20000,married,unknown,no,no,131,yes,no,unknown,6,may,189,1,-1,0,unknown,no
49,blue-collar,20000,single,secondary,yes,no,143,yes,no,unknown,6,may,83,1,-1,0,unknown,no
38,admin.,50000,single,secondary,yes,no,393,no,no,unknown,6,may,184,2,-1,0,unknown,no
43,blue-collar,20000,married,primary,yes,no,98,yes,no,unknown,6,may,235,1,-1,0,unknown,no
33,management,100000,married,tertiary,yes,no,0,yes,no,unknown,6,may,290,1,-1,0,unknown,no
55,blue-collar,20000,married,secondary,yes,no,224,yes,no,unknown,6,may,232,1,-1,0,unknown,no
38,blue-collar,20000,married,secondary,yes,no,757,yes,no,unknown,6,may,133,1,-1,0,unknown,no
49,services,70000,married,secondary,yes,no,245,yes,yes,unknown,6,may,318,1,-1,0,unknown,no
40,management,100000,married,secondary,yes,no,8486,no,no,unknown,6,may,260,3,-1,0,unknown,no
43,admin.,50000,married,unknown,no,no,350,no,no,unknown,6,may,437,1,-1,0,unknown,no
38,blue-collar,20000,married,secondary,yes,no,20,yes,no,unknown,6,may,402,1,-1,0,unknown,no
58,services,70000,married,secondary,yes,no,1667,yes,yes,unknown,6,may,85,1,-1,0,unknown,no
57,technician,60000,married,unknown,no,no,345,yes,no,unknown,6,may,125,1,-1,0,unknown,no
32,unemployed,8000,married,secondary,yes,no,10,yes,no,unknown,6,may,501,4,-1,0,unknown,no
56,management,100000,married,tertiary,yes,no,830,yes,yes,unknown,6,may,1201,1,-1,0,unknown,yes
58,blue-collar,20000,divorced,unknown,no,no,29,yes,no,unknown,6,may,253,1,-1,0,unknown,no
60,retired,55000,divorced,secondary,yes,no,545,yes,no,unknown,6,may,1030,1,-1,0,unknown,yes
37,technician,60000,married,tertiary,yes,no,8730,yes,no,unknown,6,may,149,1,-1,0,unknown,no
46,technician,60000,divorced,tertiary,no,no,477,yes,no,unknown,6,may,114,1,-1,0,unknown,no
27,admin.,50000,married,secondary,yes,no,4,yes,no,unknown,6,may,243,1,-1,0,unknown,no
43,blue-collar,20000,married,secondary,yes,no,1205,yes,no,unknown,6,may,769,2,-1,0,unknown,no
32,technician,60000,single,secondary,yes,no,0,yes,yes,unknown,6,may,135,3,-1,0,unknown,no
40,admin.,50000,single,secondary,yes,no,263,yes,no,unknown,6,may,231,1,-1,0,unknown,no
38,admin.,50000,married,secondary,yes,no,1,no,no,unknown,6,may,76,1,-1,0,unknown,no
34,blue-collar,20000,married,secondary,yes,no,283,no,yes,unknown,6,may,199,1,-1,0,unknown,no
47,blue-collar,20000,married,primary,yes,no,206,yes,no,unknown,6,may,152,1,-1,0,unknown,no
42,housemaid,16000,married,primary,yes,no,17,yes,no,unknown,6,may,124,1,-1,0,unknown,no
48,technician,60000,married,secondary,yes,no,141,yes,yes,unknown,6,may,424,1,-1,0,unknown,no
29,self-employed,60000,single,tertiary,no,no,16,yes,no,unknown,6,may,43,1,-1,0,unknown,no
50,services,70000,married,secondary,yes,no,206,yes,no,unknown,6,may,154,1,-1,0,unknown,no
52,technician,60000,married,unknown,no,no,7,no,no,unknown,6,may,203,2,-1,0,unknown,no
50,management,100000,married,tertiary,yes,no,0,no,no,unknown,6,may,326,1,-1,0,unknown,no
58,retired,55000,married,tertiary,yes,no,0,no,no,unknown,6,may,393,1,-1,0,unknown,no
46,blue-collar,20000,divorced,primary,yes,no,1927,yes,no,unknown,6,may,241,3,-1,0,unknown,no
38,technician,60000,married,secondary,yes,no,284,yes,no,unknown,6,may,483,1,-1,0,unknown,no
46,blue-collar,20000,married,secondary,yes,no,1660,yes,no,unknown,6,may,259,1,-1,0,unknown,no
32,services,70000,single,secondary,yes,no,406,yes,no,unknown,6,may,227,1,-1,0,unknown,no
51,blue-collar,20000,married,primary,yes,no,230,yes,no,unknown,6,may,673,1,-1,0,unknown,no
39,admin.,50000,single,secondary,yes,no,-25,yes,no,unknown,6,may,576,1,-1,0,unknown,no
48,admin.,50000,married,secondary,yes,no,182,yes,no,unknown,6,may,180,2,-1,0,unknown,no
36,entrepreneur,120000,married,tertiary,yes,no,1169,yes,no,unknown,6,may,168,2,-1,0,unknown,no
34,admin.,50000,divorced,secondary,yes,no,67,yes,no,unknown,6,may,90,1,-1,0,unknown,no
40,technician,60000,married,secondary,yes,no,77,no,no,unknown,6,may,505,1,-1,0,unknown,no
43,unemployed,8000,married,secondary,yes,no,0,yes,no,unknown,6,may,245,1,-1,0,unknown,no
52,blue-collar,20000,divorced,primary,yes,no,55,yes,yes,unknown,6,may,186,1,-1,0,unknown,no
33,technician,60000,married,secondary,yes,yes,72,yes,no,unknown,6,may,623,1,-1,0,unknown,no
49,management,100000,single,tertiary,no,no,163,yes,no,unknown,6,may,496,3,-1,0,unknown,no
32,management,100000,single,tertiary,no,no,151,yes,no,unknown,6,may,118,1,-1,0,unknown,no
39,admin.,50000,single,secondary,yes,no,113,yes,no,unknown,6,may,342,1,-1,0,unknown,no
40,blue-collar,20000,married,secondary,yes,no,0,yes,no,unknown,6,may,225,1,-1,0,unknown,no
38,technician,60000,single,tertiary,no,no,9,yes,no,unknown,6,may,185,3,-1,0,unknown,no
43,management,100000,married,secondary,yes,no,375,yes,no,unknown,6,may,196,2,-1,0,unknown,no
39,services,70000,married,secondary,yes,no,1142,yes,no,unknown,6,may,276,1,-1,0,unknown,no
54,blue-collar,20000,married,primary,yes,no,2102,yes,no,unknown,6,may,76,1,-1,0,unknown,no
38,technician,60000,single,tertiary,no,no,4325,yes,no,unknown,6,may,87,1,-1,0,unknown,no
40,blue-collar,20000,married,secondary,yes,no,217,yes,no,unknown,6,may,195,1,-1,0,unknown,no
55,admin.,50000,married,secondary,yes,no,131,yes,no,unknown,6,may,744,1,-1,0,unknown,no
42,management,100000,married,tertiary,yes,no,1680,yes,no,unknown,6,may,765,1,-1,0,unknown,no
39,blue-collar,20000,married,secondary,yes,no,0,yes,no,unknown,6,may,262,1,-1,0,unknown,no
40,blue-collar,20000,married,primary,yes,no,46,yes,no,unknown,6,may,119,1,-1,0,unknown,no
32,blue-collar,20000,married,secondary,yes,no,320,yes,no,unknown,6,may,198,2,-1,0,unknown,no
55,admin.,50000,married,secondary,yes,no,183,yes,no,unknown,6,may,150,1,-1,0,unknown,no
45,blue-collar,20000,married,secondary,yes,no,39,no,no,unknown,6,may,241,1,-1,0,unknown,no
35,management,100000,single,tertiary,no,no,560,yes,no,unknown,6,may,181,1,-1,0,unknown,no
58,technician,60000,divorced,secondary,yes,no,469,no,no,unknown,6,may,196,1,-1,0,unknown,no
35,admin.,50000,married,secondary,yes,no,530,yes,no,unknown,6,may,149,1,-1,0,unknown,no
49,services,70000,married,primary,yes,no,61,yes,no,unknown,6,may,246,1,-1,0,unknown,no
34,technician,60000,single,tertiary,no,no,242,yes,no,unknown,6,may,112,1,-1,0,unknown,no
36,blue-collar,20000,married,secondary,yes,no,139,yes,no,unknown,6,may,309,2,-1,0,unknown,no
24,self-employed,60000,single,secondary,yes,no,0,yes,no,unknown,6,may,278,1,-1,0,unknown,no
34,technician,60000,married,secondary,yes,no,367,yes,no,unknown,6,may,140,1,-1,0,unknown,no
51,admin.,50000,divorced,secondary,yes,no,228,yes,no,unknown,6,may,136,1,-1,0,unknown,no
39,technician,60000,single,unknown,no,no,45248,yes,no,unknown,6,may,1623,1,-1,0,unknown,yes
50,self-employed,60000,married,unknown,no,no,-84,yes,no,unknown,6,may,101,1,-1,0,unknown,no
32,services,70000,single,secondary,yes,no,310,yes,no,unknown,6,may,144,1,-1,0,unknown,no
42,blue-collar,20000,married,unknown,no,no,132,yes,no,unknown,6,may,238,1,-1,0,unknown,no
50,technician,60000,married,secondary,yes,no,797,yes,no,unknown,6,may,354,1,-1,0,unknown,no
40,services,70000,married,secondary,yes,no,71,no,no,unknown,6,may,79,1,-1,0,unknown,no
46,management,100000,divorced,unknown,no,no,2,yes,no,unknown,6,may,187,1,-1,0,unknown,no
37,management,100000,married,tertiary,yes,no,231,yes,yes,unknown,6,may,451,2,-1,0,unknown,no
34,blue-collar,20000,married,secondary,yes,no,270,yes,yes,unknown,6,may,159,1,-1,0,unknown,no
44,blue-collar,20000,married,secondary,yes,no,274,yes,yes,unknown,6,may,409,1,-1,0,unknown,no
40,admin.,50000,single,secondary,yes,no,-109,yes,yes,unknown,6,may,170,1,-1,0,unknown,no
37,technician,60000,married,secondary,yes,no,1,yes,no,unknown,6,may,608,1,-1,0,unknown,yes
33,blue-collar,20000,single,secondary,yes,yes,-60,no,no,unknown,6,may,243,1,-1,0,unknown,no
35,blue-collar,20000,married,secondary,yes,no,89,yes,no,unknown,6,may,145,2,-1,0,unknown,no
58,blue-collar,20000,divorced,secondary,yes,no,-11,no,no,unknown,6,may,112,1,-1,0,unknown,no
39,blue-collar,20000,married,primary,yes,no,0,yes,no,unknown,6,may,262,2,-1,0,unknown,no
43,blue-collar,20000,married,secondary,yes,no,-509,yes,no,unknown,6,may,124,1,-1,0,unknown,no
39,unemployed,8000,married,primary,yes,no,408,yes,no,unknown,6,may,53,1,-1,0,unknown,no
36,services,70000,single,primary,yes,no,58,yes,no,unknown,6,may,134,1,-1,0,unknown,no
57,retired,55000,single,secondary,yes,no,1640,no,yes,unknown,6,may,204,4,-1,0,unknown,no
36,admin.,50000,single,secondary,yes,no,20,yes,no,unknown,6,may,186,1,-1,0,unknown,no
50,blue-collar,20000,married,primary,yes,no,71,yes,no,unknown,6,may,678,1,-1,0,unknown,no
55,blue-collar,20000,married,secondary,yes,no,52,yes,no,unknown,6,may,182,1,-1,0,unknown,no
44,self-employed,60000,married,tertiary,yes,no,292,yes,no,unknown,6,may,162,1,-1,0,unknown,no
44,services,70000,divorced,secondary,yes,no,424,yes,no,unknown,6,may,27,1,-1,0,unknown,no
39,housemaid,16000,single,primary,yes,no,109,yes,no,unknown,6,may,699,3,-1,0,unknown,no
46,blue-collar,20000,married,unknown,no,no,1044,yes,no,unknown,6,may,43,1,-1,0,unknown,no
39,blue-collar,20000,married,secondary,yes,no,983,yes,no,unknown,6,may,97,1,-1,0,unknown,no
34,admin.,50000,married,secondary,yes,no,869,no,no,unknown,6,may,1677,1,-1,0,unknown,yes
40,blue-collar,20000,married,primary,yes,no,668,yes,no,unknown,6,may,283,2,-1,0,unknown,no
50,management,100000,married,tertiary,yes,no,964,yes,no,unknown,6,may,323,1,-1,0,unknown,no
31,management,100000,single,secondary,yes,no,301,yes,no,unknown,6,may,82,1,-1,0,unknown,no
37,admin.,50000,single,secondary,yes,no,140,yes,no,unknown,6,may,310,1,-1,0,unknown,no
39,management,100000,single,secondary,yes,no,1877,yes,no,unknown,6,may,185,1,-1,0,unknown,no
51,blue-collar,20000,married,primary,yes,no,1127,yes,no,unknown,6,may,47,1,-1,0,unknown,no
41,technician,60000,married,secondary,yes,no,871,yes,no,unknown,6,may,145,1,-1,0,unknown,no
41,technician,60000,married,secondary,yes,no,767,yes,yes,unknown,6,may,204,1,-1,0,unknown,no
43,blue-collar,20000,married,secondary,yes,no,0,no,no,unknown,6,may,187,1,-1,0,unknown,no
30,services,70000,single,secondary,yes,no,209,yes,no,unknown,6,may,30,2,-1,0,unknown,no
54,management,100000,divorced,primary,yes,no,0,no,no,unknown,6,may,472,1,-1,0,unknown,no
43,blue-collar,20000,divorced,secondary,yes,no,110,yes,yes,unknown,6,may,448,1,-1,0,unknown,no
59,management,100000,divorced,tertiary,no,no,-76,yes,yes,unknown,6,may,264,1,-1,0,unknown,no
47,technician,60000,married,unknown,no,no,178,yes,no,unknown,6,may,169,1,-1,0,unknown,no
40,blue-collar,20000,married,primary,yes,no,-66,yes,no,unknown,6,may,288,1,-1,0,unknown,no
32,technician,60000,married,secondary,yes,no,0,yes,no,unknown,6,may,176,2,-1,0,unknown,no
29,blue-collar,20000,married,secondary,yes,no,1,yes,no,unknown,6,may,215,1,-1,0,unknown,no
36,blue-collar,20000,married,secondary,yes,no,0,yes,no,unknown,6,may,337,1,-1,0,unknown,no
55,unemployed,8000,married,tertiary,yes,no,5345,no,no,unknown,6,may,278,1,-1,0,unknown,no
30,blue-collar,20000,divorced,secondary,yes,no,-209,yes,no,unknown,6,may,188,2,-1,0,unknown,no
39,admin.,50000,single,secondary,yes,no,0,yes,no,unknown,6,may,174,2,-1,0,unknown,no
39,blue-collar,20000,divorced,secondary,yes,no,42,yes,no,unknown,6,may,226,2,-1,0,unknown,no
50,blue-collar,20000,divorced,secondary,yes,no,41,yes,no,unknown,6,may,190,1,-1,0,unknown,no
44,blue-collar,20000,married,secondary,yes,no,-99,yes,no,unknown,6,may,111,2,-1,0,unknown,no
37,technician,60000,single,secondary,yes,no,17,yes,no,unknown,6,may,164,1,-1,0,unknown,no
46,admin.,50000,married,primary,yes,no,276,yes,yes,unknown,6,may,157,2,-1,0,unknown,no
32,technician,60000,single,unknown,no,no,-170,no,no,unknown,6,may,46,1,-1,0,unknown,no
37,management,100000,single,tertiary,no,no,230,yes,yes,unknown,6,may,374,1,-1,0,unknown,no
29,blue-collar,20000,married,secondary,yes,no,9,yes,no,unknown,6,may,349,1,-1,0,unknown,no
41,blue-collar,20000,married,secondary,yes,no,946,yes,no,unknown,6,may,325,1,-1,0,unknown,no
45,blue-collar,20000,married,primary,yes,no,1297,yes,no,unknown,6,may,233,2,-1,0,unknown,no
57,retired,55000,divorced,secondary,yes,no,-331,yes,no,unknown,6,may,531,1,-1,0,unknown,no
48,blue-collar,20000,single,secondary,yes,no,44,yes,no,unknown,6,may,153,1,-1,0,unknown,no
60,retired,55000,married,secondary,yes,yes,15,no,no,unknown,6,may,80,1,-1,0,unknown,no
26,admin.,50000,single,secondary,yes,no,712,yes,no,unknown,6,may,232,1,-1,0,unknown,no
58,retired,55000,married,secondary,yes,no,5435,yes,no,unknown,6,may,118,1,-1,0,unknown,no
34,admin.,50000,married,secondary,yes,no,507,yes,no,unknown,6,may,190,1,-1,0,unknown,no
55,unemployed,8000,divorced,secondary,yes,no,387,yes,no,unknown,6,may,918,1,-1,0,unknown,yes
41,blue-collar,20000,married,primary,yes,no,0,yes,yes,unknown,6,may,238,1,-1,0,unknown,no
50,management,100000,divorced,secondary,yes,no,1716,yes,no,unknown,6,may,82,1,-1,0,unknown,no
49,entrepreneur,120000,married,secondary,yes,no,167,yes,yes,unknown,6,may,198,3,-1,0,unknown,no
44,admin.,50000,married,unknown,no,no,40,no,yes,unknown,6,may,160,2,-1,0,unknown,no
44,blue-collar,20000,married,primary,yes,no,148,yes,no,unknown,6,may,211,1,-1,0,unknown,no
31,technician,60000,married,secondary,yes,no,17,yes,yes,unknown,6,may,120,1,-1,0,unknown,no
34,blue-collar,20000,single,tertiary,no,no,1011,yes,no,unknown,6,may,136,1,-1,0,unknown,no
46,management,100000,single,unknown,no,no,1527,yes,no,unknown,6,may,269,1,-1,0,unknown,no
42,management,100000,married,tertiary,yes,no,744,no,no,unknown,6,may,157,1,-1,0,unknown,no
52,admin.,50000,married,secondary,yes,no,484,yes,no,unknown,6,may,128,1,-1,0,unknown,no
29,management,100000,single,tertiary,no,no,0,yes,no,unknown,6,may,211,1,-1,0,unknown,no
53,retired,55000,married,primary,yes,no,136,yes,no,unknown,6,may,267,2,-1,0,unknown,no
43,blue-collar,20000,married,secondary,yes,no,1335,yes,no,unknown,6,may,371,2,-1,0,unknown,no
38,management,100000,married,secondary,yes,no,517,yes,no,unknown,6,may,288,2,-1,0,unknown,no
46,management,100000,married,tertiary,yes,no,459,yes,no,unknown,6,may,221,1,-1,0,unknown,no
48,management,100000,divorced,unknown,no,no,549,yes,no,unknown,6,may,427,1,-1,0,unknown,no
30,admin.,50000,divorced,secondary,yes,no,83,yes,yes,unknown,6,may,310,1,-1,0,unknown,no
44,blue-collar,20000,married,primary,yes,no,213,no,no,unknown,6,may,158,1,-1,0,unknown,no
31,housemaid,16000,married,primary,yes,no,203,yes,no,unknown,6,may,604,3,-1,0,unknown,no
42,services,70000,single,secondary,yes,no,518,yes,no,unknown,6,may,198,1,-1,0,unknown,no
40,management,100000,single,tertiary,no,no,3877,yes,no,unknown,6,may,145,1,-1,0,unknown,no
52,admin.,50000,married,secondary,yes,no,1236,yes,no,unknown,6,may,247,1,-1,0,unknown,no
45,blue-collar,20000,divorced,secondary,yes,no,756,yes,no,unknown,6,may,179,2,-1,0,unknown,no
48,blue-collar,20000,married,secondary,yes,no,157,yes,no,unknown,6,may,73,1,-1,0,unknown,no
45,blue-collar,20000,married,primary,yes,no,-66,yes,no,unknown,6,may,263,2,-1,0,unknown,no
34,blue-collar,20000,married,unknown,no,no,245,yes,no,unknown,6,may,13,1,-1,0,unknown,no
34,blue-collar,20000,married,primary,yes,no,-144,yes,no,unknown,6,may,79,2,-1,0,unknown,no
46,blue-collar,20000,married,secondary,yes,no,71,yes,no,unknown,6,may,416,1,-1,0,unknown,no
49,services,70000,divorced,secondary,yes,no,505,yes,no,unknown,6,may,162,1,-1,0,unknown,no
50,technician,60000,married,primary,yes,no,249,yes,no,unknown,6,may,129,1,-1,0,unknown,no
34,admin.,50000,single,secondary,yes,no,0,yes,no,unknown,6,may,150,1,-1,0,unknown,no
40,unemployed,8000,single,secondary,yes,no,11,yes,no,unknown,6,may,43,1,-1,0,unknown,no
36,admin.,50000,married,secondary,yes,no,639,yes,no,unknown,6,may,191,1,-1,0,unknown,no
59,blue-collar,20000,divorced,unknown,no,no,124,yes,no,unknown,6,may,26,1,-1,0,unknown,no
45,blue-collar,20000,married,secondary,yes,no,82,yes,no,unknown,6,may,250,1,-1,0,unknown,no
36,self-employed,60000,married,tertiary,yes,no,107,yes,no,unknown,6,may,146,1,-1,0,unknown,no
56,services,70000,married,secondary,yes,no,473,yes,no,unknown,6,may,416,1,-1,0,unknown,no
42,services,70000,divorced,secondary,yes,no,372,yes,yes,unknown,6,may,121,2,-1,0,unknown,no
30,admin.,50000,married,secondary,yes,no,46,yes,no,unknown,6,may,114,2,-1,0,unknown,no
30,student,4000,single,tertiary,no,no,34,yes,no,unknown,6,may,289,1,-1,0,unknown,no
47,self-employed,60000,married,unknown,no,no,935,yes,no,unknown,6,may,225,1,-1,0,unknown,no
33,blue-collar,20000,married,secondary,yes,no,-10,yes,no,unknown,6,may,123,1,-1,0,unknown,no
36,admin.,50000,married,secondary,yes,no,-106,yes,no,unknown,6,may,130,2,-1,0,unknown,no
39,services,70000,divorced,primary,yes,no,471,yes,no,unknown,6,may,161,2,-1,0,unknown,no
56,admin.,50000,divorced,secondary,yes,no,778,yes,no,unknown,6,may,149,2,-1,0,unknown,no
39,blue-collar,20000,divorced,unknown,no,no,170,yes,no,unknown,6,may,268,2,-1,0,unknown,no
42,technician,60000,married,secondary,yes,no,315,yes,no,unknown,6,may,259,2,-1,0,unknown,no
52,blue-collar,20000,married,secondary,yes,no,3165,no,no,unknown,6,may,26,1,-1,0,unknown,no
36,admin.,50000,divorced,secondary,yes,no,131,yes,no,unknown,6,may,153,1,-1,0,unknown,no
35,entrepreneur,120000,married,secondary,yes,yes,204,yes,no,unknown,6,may,424,2,-1,0,unknown,no
47,technician,60000,married,secondary,yes,no,83,yes,no,unknown,6,may,179,2,-1,0,unknown,no
59,services,70000,divorced,secondary,yes,no,0,yes,yes,unknown,6,may,97,1,-1,0,unknown,no
57,blue-collar,20000,married,primary,yes,no,5431,yes,yes,unknown,6,may,383,1,-1,0,unknown,no
38,management,100000,married,unknown,no,no,1759,yes,no,unknown,6,may,440,1,-1,0,unknown,no
46,unemployed,8000,married,secondary,yes,no,-125,yes,no,unknown,6,may,23,1,-1,0,unknown,no
34,blue-collar,20000,married,secondary,yes,no,0,no,no,unknown,6,may,195,1,-1,0,unknown,no
28,services,70000,single,secondary,yes,no,5090,yes,no,unknown,6,may,1297,3,-1,0,unknown,yes
38,technician,60000,married,unknown,no,no,573,yes,no,unknown,6,may,87,1,-1,0,unknown,no
56,blue-collar,20000,married,secondary,yes,no,1602,yes,no,unknown,6,may,427,1,-1,0,unknown,no
41,blue-collar,20000,single,primary,yes,yes,-137,yes,yes,unknown,6,may,189,1,-1,0,unknown,no
52,technician,60000,married,unknown,no,no,0,no,no,unknown,6,may,195,1,-1,0,unknown,no
54,services,70000,married,secondary,yes,no,193,no,no,unknown,6,may,179,1,-1,0,unknown,no
61,retired,55000,married,secondary,yes,no,195,yes,yes,unknown,6,may,179,1,-1,0,unknown,no
53,entrepreneur,120000,married,secondary,yes,no,288,no,no,unknown,6,may,69,1,-1,0,unknown,no
47,technician,60000,married,secondary,yes,no,19,yes,no,unknown,6,may,105,2,-1,0,unknown,no
53,blue-collar,20000,married,primary,yes,no,25,yes,no,unknown,6,may,266,3,-1,0,unknown,no
46,services,70000,married,secondary,yes,no,216,yes,no,unknown,6,may,524,2,-1,0,unknown,no
39,blue-collar,20000,divorced,primary,yes,no,190,yes,yes,unknown,6,may,96,2,-1,0,unknown,no
56,technician,60000,divorced,secondary,yes,no,99,yes,no,unknown,6,may,155,2,-1,0,unknown,no
55,services,70000,divorced,primary,yes,no,2298,yes,no,unknown,6,may,162,2,-1,0,unknown,no
44,management,100000,married,tertiary,yes,no,17,yes,no,unknown,6,may,352,2,-1,0,unknown,no
37,technician,60000,married,primary,yes,no,0,yes,no,unknown,6,may,76,4,-1,0,unknown,no
35,blue-collar,20000,married,primary,yes,no,0,yes,no,unknown,6,may,154,2,-1,0,unknown,no
55,blue-collar,20000,married,secondary,yes,no,840,yes,no,unknown,6,may,310,2,-1,0,unknown,no
37,services,70000,married,secondary,yes,no,358,yes,no,unknown,6,may,390,3,-1,0,unknown,no
30,technician,60000,single,secondary,yes,no,0,yes,no,unknown,6,may,369,1,-1,0,unknown,no
37,blue-collar,20000,married,primary,yes,no,-325,yes,yes,unknown,6,may,112,2,-1,0,unknown,no
36,technician,60000,single,secondary,yes,no,-15,yes,no,unknown,6,may,341,3,-1,0,unknown,no
38,technician,60000,married,secondary,yes,no,581,yes,no,unknown,6,may,79,1,-1,0,unknown,no
41,admin.,50000,divorced,primary,yes,no,4070,yes,no,unknown,6,may,140,2,-1,0,unknown,no
48,retired,55000,married,secondary,yes,no,74,no,yes,unknown,6,may,315,1,-1,0,unknown,no
55,services,70000,divorced,secondary,yes,no,141,yes,no,unknown,6,may,262,2,-1,0,unknown,no
28,services,70000,divorced,secondary,yes,no,89,no,no,unknown,6,may,174,2,-1,0,unknown,no
54,services,70000,married,secondary,yes,yes,0,yes,no,unknown,6,may,138,3,-1,0,unknown,no
30,blue-collar,20000,married,secondary,yes,no,450,no,no,unknown,6,may,526,2,-1,0,unknown,no
48,technician,60000,married,tertiary,yes,no,310,no,no,unknown,6,may,135,1,-1,0,unknown,no
31,self-employed,60000,married,secondary,yes,no,0,yes,no,unknown,6,may,36,5,-1,0,unknown,no
38,blue-collar,20000,married,secondary,yes,no,384,yes,no,unknown,6,may,1906,3,-1,0,unknown,no
37,blue-collar,20000,married,secondary,yes,no,395,yes,no,unknown,6,may,219,2,-1,0,unknown,no
37,services,70000,single,unknown,no,no,-118,yes,no,unknown,6,may,147,2,-1,0,unknown,no
56,blue-collar,20000,married,primary,yes,no,5,yes,yes,unknown,6,may,407,2,-1,0,unknown,no
51,blue-collar,20000,married,secondary,yes,no,50,yes,yes,unknown,6,may,121,1,-1,0,unknown,no
39,blue-collar,20000,married,secondary,yes,no,285,yes,yes,unknown,6,may,209,1,-1,0,unknown,no
49,technician,60000,married,unknown,no,no,15,no,no,unknown,6,may,92,2,-1,0,unknown,no
51,blue-collar,20000,married,primary,yes,no,653,yes,yes,unknown,6,may,208,1,-1,0,unknown,no
43,self-employed,60000,married,secondary,yes,no,918,yes,no,unknown,6,may,193,1,-1,0,unknown,no
32,services,70000,married,secondary,yes,no,243,yes,yes,unknown,6,may,144,1,-1,0,unknown,no
29,technician,60000,single,tertiary,no,no,405,yes,no,unknown,6,may,65,1,-1,0,unknown,no
48,management,100000,divorced,tertiary,no,no,1328,yes,no,unknown,6,may,339,1,-1,0,unknown,no
55,services,70000,married,primary,yes,no,255,yes,no,unknown,6,may,285,1,-1,0,unknown,no
53,blue-collar,20000,married,secondary,yes,no,3397,yes,no,unknown,6,may,231,1,-1,0,unknown,no
47,technician,60000,married,unknown,no,no,2106,yes,no,unknown,6,may,168,1,-1,0,unknown,no
39,management,100000,married,tertiary,yes,no,2877,yes,no,unknown,6,may,278,1,-1,0,unknown,no
31,blue-collar,20000,single,tertiary,no,no,60,yes,yes,unknown,6,may,389,1,-1,0,unknown,no
39,blue-collar,20000,married,primary,yes,no,2226,yes,no,unknown,6,may,158,1,-1,0,unknown,no
40,blue-collar,20000,married,primary,yes,no,2880,yes,no,unknown,6,may,145,2,-1,0,unknown,no
40,technician,60000,single,unknown,no,no,-5,yes,no,unknown,6,may,78,2,-1,0,unknown,no
48,technician,60000,married,secondary,yes,no,147,no,no,unknown,6,may,142,3,-1,0,unknown,no
33,technician,60000,divorced,secondary,yes,no,7,yes,yes,unknown,6,may,87,1,-1,0,unknown,no
40,technician,60000,married,secondary,yes,no,109,yes,no,unknown,6,may,147,2,-1,0,unknown,no
59,retired,55000,married,primary,yes,no,-119,yes,no,unknown,6,may,289,1,-1,0,unknown,no
30,technician,60000,married,secondary,yes,no,484,yes,no,unknown,6,may,703,1,-1,0,unknown,yes
31,management,100000,single,tertiary,no,no,1852,yes,no,unknown,6,may,170,3,-1,0,unknown,no
35,unemployed,8000,married,secondary,yes,no,533,yes,no,unknown,6,may,802,1,-1,0,unknown,no
54,technician,60000,divorced,secondary,yes,no,21,yes,no,unknown,6,may,381,2,-1,0,unknown,no
34,admin.,50000,single,unknown,no,no,2434,yes,no,unknown,6,may,218,4,-1,0,unknown,no
32,technician,60000,married,secondary,yes,no,90,yes,yes,unknown,6,may,57,2,-1,0,unknown,no
56,admin.,50000,divorced,unknown,no,no,4246,yes,no,unknown,6,may,304,2,-1,0,unknown,no
32,admin.,50000,single,tertiary,no,no,395,yes,no,unknown,6,may,241,3,-1,0,unknown,no
42,blue-collar,20000,married,primary,yes,no,15,yes,no,unknown,6,may,230,1,-1,0,unknown,no
33,services,70000,married,tertiary,yes,no,85,no,no,unknown,6,may,262,3,-1,0,unknown,no
52,entrepreneur,120000,married,tertiary,yes,no,-184,yes,yes,unknown,6,may,392,2,-1,0,unknown,no
52,services,70000,married,secondary,yes,no,660,no,no,unknown,6,may,201,2,-1,0,unknown,no
52,blue-collar,20000,divorced,primary,yes,yes,-183,yes,no,unknown,6,may,145,1,-1,0,unknown,no
30,unemployed,8000,divorced,secondary,yes,no,1144,yes,no,unknown,6,may,252,1,-1,0,unknown,no
44,services,70000,divorced,secondary,yes,no,1,yes,no,unknown,6,may,235,4,-1,0,unknown,no
35,admin.,50000,married,secondary,yes,no,69,yes,yes,unknown,6,may,235,2,-1,0,unknown,no
55,management,100000,single,secondary,yes,no,220,yes,no,unknown,6,may,328,2,-1,0,unknown,no
33,blue-collar,20000,married,primary,yes,no,332,yes,no,unknown,6,may,116,2,-1,0,unknown,no
37,blue-collar,20000,single,secondary,yes,no,240,yes,no,unknown,6,may,246,1,-1,0,unknown,no
42,technician,60000,single,secondary,yes,no,0,yes,no,unknown,6,may,293,1,-1,0,unknown,no
43,unemployed,8000,married,secondary,yes,no,0,yes,no,unknown,6,may,37,2,-1,0,unknown,no
38,entrepreneur,120000,married,tertiary,yes,no,898,yes,no,unknown,6,may,132,2,-1,0,unknown,no
37,technician,60000,married,secondary,yes,no,123,yes,yes,unknown,6,may,530,2,-1,0,unknown,no
31,student,4000,single,secondary,yes,no,252,yes,no,unknown,6,may,175,3,-1,0,unknown,no
41,management,100000,married,tertiary,yes,no,65,yes,no,unknown,6,may,524,2,-1,0,unknown,no
41,technician,60000,married,secondary,yes,no,-366,yes,yes,unknown,6,may,29,3,-1,0,unknown,no
29,student,4000,single,secondary,yes,no,209,yes,no,unknown,6,may,311,2,-1,0,unknown,no
38,admin.,50000,single,secondary,yes,no,221,yes,no,unknown,6,may,211,2,-1,0,unknown,no
44,self-employed,60000,divorced,tertiary,no,no,4,yes,no,unknown,6,may,312,3,-1,0,unknown,no
39,admin.,50000,married,secondary,yes,no,104,yes,no,unknown,6,may,412,1,-1,0,unknown,no
28,technician,60000,single,secondary,yes,no,312,yes,no,unknown,6,may,392,1,-1,0,unknown,no
33,blue-collar,20000,married,secondary,yes,no,-349,yes,no,unknown,6,may,191,1,-1,0,unknown,no
41,services,70000,married,unknown,no,no,4,no,no,unknown,6,may,284,2,-1,0,unknown,no
40,blue-collar,20000,married,primary,yes,no,-322,yes,yes,unknown,6,may,144,1,-1,0,unknown,no
29,admin.,50000,married,secondary,yes,no,-150,yes,no,unknown,6,may,328,1,-1,0,unknown,no
38,management,100000,married,unknown,no,no,1349,yes,no,unknown,6,may,100,1,-1,0,unknown,no
32,admin.,50000,married,tertiary,yes,no,281,yes,no,unknown,6,may,226,1,-1,0,unknown,no
45,services,70000,married,secondary,yes,no,1259,yes,no,unknown,6,may,507,1,-1,0,unknown,no
33,admin.,50000,single,secondary,yes,no,101,yes,no,unknown,6,may,392,1,-1,0,unknown,no
34,blue-collar,20000,married,secondary,yes,no,848,yes,no,unknown,6,may,684,2,-1,0,unknown,no
41,entrepreneur,120000,married,unknown,no,no,89,yes,no,unknown,6,may,333,2,-1,0,unknown,no
41,blue-collar,20000,married,secondary,yes,no,140,yes,no,unknown,6,may,311,3,-1,0,unknown,no
35,admin.,50000,single,secondary,yes,no,148,yes,no,unknown,6,may,128,2,-1,0,unknown,no
40,technician,60000,single,secondary,yes,no,200,yes,no,unknown,6,may,322,2,-1,0,unknown,no
60,self-employed,60000,married,primary,yes,no,46,yes,no,unknown,6,may,202,4,-1,0,unknown,no
47,services,70000,divorced,secondary,yes,no,201,yes,no,unknown,6,may,92,2,-1,0,unknown,no
46,blue-collar,20000,married,primary,yes,no,530,yes,no,unknown,6,may,739,3,-1,0,unknown,no
31,blue-collar,20000,single,secondary,yes,no,0,yes,no,unknown,6,may,273,2,-1,0,unknown,no
49,self-employed,60000,married,secondary,yes,no,1,yes,no,unknown,6,may,260,3,-1,0,unknown,no
29,blue-collar,20000,married,secondary,yes,no,43,yes,no,unknown,6,may,268,2,-1,0,unknown,no
31,management,100000,single,tertiary,no,no,-173,yes,no,unknown,6,may,396,2,-1,0,unknown,no
38,management,100000,married,tertiary,yes,no,389,yes,no,unknown,6,may,262,1,-1,0,unknown,no
37,blue-collar,20000,married,primary,yes,no,215,yes,yes,unknown,6,may,308,3,-1,0,unknown,no
35,technician,60000,married,secondary,yes,no,-131,yes,no,unknown,6,may,467,2,-1,0,unknown,no
31,management,100000,single,secondary,yes,no,783,yes,no,unknown,6,may,320,1,-1,0,unknown,no
41,admin.,50000,married,secondary,yes,no,0,yes,no,unknown,6,may,160,3,-1,0,unknown,no
46,services,70000,married,unknown,no,no,80,yes,no,unknown,6,may,245,2,-1,0,unknown,no
40,services,70000,divorced,secondary,yes,no,105,yes,no,unknown,6,may,189,2,-1,0,unknown,no
29,admin.,50000,married,secondary,yes,no,182,yes,yes,unknown,6,may,477,1,-1,0,unknown,no
49,admin.,50000,married,secondary,yes,no,82,yes,no,unknown,6,may,310,1,-1,0,unknown,no
42,management,100000,married,tertiary,yes,no,0,yes,no,unknown,6,may,65,3,-1,0,unknown,no
54,services,70000,married,secondary,yes,no,510,yes,no,unknown,6,may,196,2,-1,0,unknown,no
40,management,100000,single,tertiary,no,no,242,yes,no,unknown,6,may,221,2,-1,0,unknown,no
53,admin.,50000,married,secondary,yes,no,244,yes,yes,unknown,6,may,197,2,-1,0,unknown,no
49,management,100000,married,tertiary,yes,no,92,yes,no,unknown,6,may,221,2,-1,0,unknown,no
40,blue-collar,20000,married,primary,yes,yes,0,yes,no,unknown,6,may,64,2,-1,0,unknown,no
29,student,4000,single,secondary,yes,no,948,yes,no,unknown,6,may,75,2,-1,0,unknown,no
36,blue-collar,20000,married,primary,yes,no,23,yes,no,unknown,6,may,400,2,-1,0,unknown,no
37,technician,60000,married,secondary,yes,no,710,yes,no,unknown,6,may,378,3,-1,0,unknown,no
39,services,70000,married,secondary,yes,no,1205,yes,no,unknown,6,may,118,2,-1,0,unknown,no
36,technician,60000,married,secondary,yes,no,368,yes,yes,unknown,6,may,1597,2,-1,0,unknown,yes
44,entrepreneur,120000,married,tertiary,yes,no,1631,yes,no,unknown,6,may,346,2,-1,0,unknown,no
40,admin.,50000,married,secondary,yes,no,6,yes,no,unknown,6,may,60,3,-1,0,unknown,no
49,blue-collar,20000,married,secondary,yes,no,26,yes,no,unknown,6,may,276,2,-1,0,unknown,no
30,technician,60000,single,unknown,no,no,-48,yes,no,unknown,6,may,152,2,-1,0,unknown,no
57,management,100000,married,tertiary,yes,no,2142,yes,no,unknown,6,may,251,3,-1,0,unknown,no
24,services,70000,single,secondary,yes,no,77,yes,yes,unknown,6,may,390,2,-1,0,unknown,no
46,blue-collar,20000,married,unknown,no,no,401,yes,no,unknown,6,may,306,2,-1,0,unknown,no
33,admin.,50000,married,secondary,yes,no,21,no,no,unknown,6,may,189,3,-1,0,unknown,no
43,services,70000,divorced,secondary,yes,no,0,yes,no,unknown,6,may,125,2,-1,0,unknown,no
43,admin.,50000,single,secondary,yes,no,-497,yes,no,unknown,6,may,234,2,-1,0,unknown,no
40,blue-collar,20000,divorced,primary,yes,no,369,no,no,unknown,6,may,79,2,-1,0,unknown,no
44,technician,60000,single,unknown,no,no,78,yes,no,unknown,6,may,13,6,-1,0,unknown,no
35,technician,60000,single,tertiary,no,no,226,yes,yes,unknown,6,may,283,3,-1,0,unknown,no
47,technician,60000,married,secondary,yes,no,503,yes,no,unknown,6,may,109,2,-1,0,unknown,no
33,blue-collar,20000,married,secondary,yes,no,372,yes,no,unknown,6,may,132,2,-1,0,unknown,no
31,admin.,50000,married,secondary,yes,no,0,yes,yes,unknown,6,may,144,2,-1,0,unknown,no
40,blue-collar,20000,divorced,secondary,yes,no,0,yes,no,unknown,6,may,121,2,-1,0,unknown,no
36,entrepreneur,120000,married,tertiary,yes,no,125,yes,no,unknown,6,may,95,3,-1,0,unknown,no
56,retired,55000,divorced,primary,yes,no,4,yes,no,unknown,6,may,31,3,-1,0,unknown,no
40,admin.,50000,single,unknown,no,no,419,yes,no,unknown,6,may,112,3,-1,0,unknown,no
41,admin.,50000,divorced,secondary,yes,no,322,yes,no,unknown,6,may,87,4,-1,0,unknown,no
53,retired,55000,married,secondary,yes,no,303,yes,no,unknown,6,may,593,2,-1,0,unknown,no
39,blue-collar,20000,married,secondary,yes,no,607,yes,no,unknown,6,may,99,2,-1,0,unknown,no
44,blue-collar,20000,divorced,secondary,yes,no,579,yes,no,unknown,6,may,198,2,-1,0,unknown,no
38,admin.,50000,married,secondary,yes,no,3047,yes,no,unknown,6,may,285,2,-1,0,unknown,no
54,technician,60000,divorced,secondary,yes,no,83,yes,no,unknown,6,may,190,3,-1,0,unknown,no
58,management,100000,married,tertiary,yes,no,68,yes,no,unknown,6,may,172,5,-1,0,unknown,no
52,blue-collar,20000,married,primary,yes,no,58,yes,no,unknown,6,may,213,3,-1,0,unknown,no
28,admin.,50000,single,secondary,yes,no,251,yes,no,unknown,6,may,178,2,-1,0,unknown,no
36,blue-collar,20000,married,secondary,yes,no,688,yes,no,unknown,6,may,174,2,-1,0,unknown,no
60,retired,55000,married,primary,yes,no,364,yes,no,unknown,6,may,631,2,-1,0,unknown,no
42,services,70000,divorced,secondary,yes,no,55,yes,no,unknown,6,may,176,5,-1,0,unknown,no
42,admin.,50000,married,secondary,yes,no,101,yes,no,unknown,6,may,32,3,-1,0,unknown,no
44,management,100000,married,tertiary,yes,no,105,yes,no,unknown,6,may,1529,2,-1,0,unknown,no
51,blue-collar,20000,divorced,primary,yes,no,325,yes,no,unknown,6,may,254,2,-1,0,unknown,no
49,blue-collar,20000,married,primary,yes,no,198,yes,no,unknown,6,may,200,2,-1,0,unknown,no
47,entrepreneur,120000,married,unknown,no,no,209,yes,no,unknown,6,may,135,2,-1,0,unknown,no
37,blue-collar,20000,married,secondary,yes,no,183,yes,no,unknown,6,may,112,4,-1,0,unknown,no
34,management,100000,married,tertiary,yes,no,105,yes,no,unknown,6,may,314,3,-1,0,unknown,no
35,services,70000,married,secondary,yes,no,109,yes,no,unknown,6,may,597,3,-1,0,unknown,no
35,blue-collar,20000,single,secondary,yes,no,376,yes,yes,unknown,6,may,207,3,-1,0,unknown,no
40,blue-collar,20000,married,primary,yes,no,-7,yes,no,unknown,6,may,410,2,-1,0,unknown,no
55,technician,60000,married,secondary,yes,no,0,no,no,unknown,6,may,160,3,-1,0,unknown,no
55,retired,55000,married,secondary,yes,no,143,yes,no,unknown,6,may,42,3,-1,0,unknown,no
35,management,100000,single,tertiary,no,no,550,yes,no,unknown,6,may,55,2,-1,0,unknown,no
57,blue-collar,20000,married,primary,yes,no,162,yes,no,unknown,6,may,155,2,-1,0,unknown,no
53,management,100000,married,tertiary,yes,no,115,yes,no,unknown,6,may,336,3,-1,0,unknown,no
41,blue-collar,20000,married,primary,yes,no,512,yes,no,unknown,6,may,233,2,-1,0,unknown,no
57,blue-collar,20000,married,unknown,no,no,807,yes,no,unknown,6,may,211,2,-1,0,unknown,no
45,blue-collar,20000,married,unknown,no,no,248,yes,no,unknown,6,may,88,5,-1,0,unknown,no
43,blue-collar,20000,married,primary,yes,no,1211,yes,no,unknown,6,may,208,3,-1,0,unknown,no
56,self-employed,60000,married,unknown,no,no,7,no,no,unknown,6,may,305,2,-1,0,unknown,no
31,entrepreneur,120000,married,tertiary,yes,no,281,yes,no,unknown,6,may,206,2,-1,0,unknown,no
37,blue-collar,20000,single,secondary,yes,no,88,yes,no,unknown,6,may,128,2,-1,0,unknown,no
30,management,100000,married,tertiary,yes,no,32,yes,no,unknown,6,may,122,3,-1,0,unknown,no
30,admin.,50000,single,secondary,yes,no,115,yes,no,unknown,6,may,66,3,-1,0,unknown,no
54,blue-collar,20000,married,secondary,yes,no,254,yes,no,unknown,6,may,66,2,-1,0,unknown,no
36,management,100000,married,tertiary,yes,no,144,yes,no,unknown,6,may,164,2,-1,0,unknown,no
55,unemployed,8000,married,tertiary,yes,no,383,no,no,unknown,6,may,343,3,-1,0,unknown,no
37,admin.,50000,single,secondary,yes,no,569,yes,yes,unknown,6,may,126,2,-1,0,unknown,no
38,housemaid,16000,married,secondary,yes,no,0,yes,no,unknown,6,may,59,3,-1,0,unknown,no
48,admin.,50000,married,secondary,yes,no,3754,yes,no,unknown,6,may,249,3,-1,0,unknown,no
55,housemaid,16000,divorced,tertiary,no,no,6920,yes,no,unknown,6,may,406,3,-1,0,unknown,no
59,services,70000,married,secondary,yes,no,307,yes,yes,unknown,6,may,250,7,-1,0,unknown,no
37,technician,60000,married,secondary,yes,no,-421,yes,no,unknown,6,may,183,5,-1,0,unknown,no
33,blue-collar,20000,divorced,secondary,yes,no,60,no,no,unknown,6,may,190,3,-1,0,unknown,no
44,blue-collar,20000,married,primary,yes,no,67,yes,no,unknown,6,may,220,2,-1,0,unknown,no
57,technician,60000,married,secondary,yes,no,402,yes,no,unknown,6,may,153,3,-1,0,unknown,no
30,self-employed,60000,single,tertiary,no,no,800,no,no,unknown,6,may,95,2,-1,0,unknown,no
42,technician,60000,married,tertiary,yes,no,239,yes,yes,unknown,6,may,191,3,-1,0,unknown,no
51,blue-collar,20000,divorced,secondary,yes,no,421,yes,no,unknown,6,may,216,2,-1,0,unknown,no
44,admin.,50000,divorced,secondary,yes,no,161,yes,no,unknown,7,may,89,2,-1,0,unknown,no
46,technician,60000,married,secondary,yes,yes,289,no,no,unknown,7,may,51,3,-1,0,unknown,no
29,student,4000,single,secondary,yes,no,110,yes,no,unknown,7,may,169,3,-1,0,unknown,no
39,blue-collar,20000,married,primary,yes,no,245,yes,no,unknown,7,may,148,3,-1,0,unknown,no
42,services,70000,married,secondary,yes,no,0,yes,no,unknown,7,may,132,3,-1,0,unknown,no
50,blue-collar,20000,married,primary,yes,no,156,yes,no,unknown,7,may,117,3,-1,0,unknown,no
42,technician,60000,single,secondary,yes,no,0,yes,no,unknown,7,may,275,4,-1,0,unknown,no
39,admin.,50000,married,secondary,yes,no,20,yes,no,unknown,7,may,124,2,-1,0,unknown,no
55,technician,60000,single,tertiary,no,no,92,yes,no,unknown,7,may,118,3,-1,0,unknown,no
46,services,70000,married,secondary,yes,no,89,yes,no,unknown,7,may,479,2,-1,0,unknown,no
42,blue-collar,20000,married,secondary,yes,no,166,yes,no,unknown,7,may,285,3,-1,0,unknown,no
45,management,100000,married,tertiary,yes,no,103,yes,no,unknown,7,may,35,4,-1,0,unknown,no
43,blue-collar,20000,married,primary,yes,no,-454,yes,no,unknown,7,may,322,2,-1,0,unknown,no
42,admin.,50000,married,secondary,yes,no,445,yes,no,unknown,7,may,202,2,-1,0,unknown,no
30,admin.,50000,married,secondary,yes,no,4,no,no,unknown,7,may,172,8,-1,0,unknown,no
47,blue-collar,20000,married,secondary,yes,no,1001,yes,no,unknown,7,may,201,4,-1,0,unknown,no
51,services,70000,divorced,secondary,yes,no,-69,yes,no,unknown,7,may,216,3,-1,0,unknown,no
38,technician,60000,single,secondary,yes,no,42,yes,no,unknown,7,may,195,2,-1,0,unknown,no
57,technician,60000,married,unknown,no,no,1617,yes,no,unknown,7,may,96,2,-1,0,unknown,no
42,management,100000,divorced,tertiary,no,no,221,yes,no,unknown,7,may,720,2,-1,0,unknown,no
32,technician,60000,divorced,secondary,yes,no,210,yes,yes,unknown,7,may,188,2,-1,0,unknown,no
46,management,100000,married,tertiary,yes,no,0,no,no,unknown,7,may,70,2,-1,0,unknown,no
29,student,4000,single,tertiary,no,no,185,yes,no,unknown,7,may,141,3,-1,0,unknown,no
59,retired,55000,married,secondary,yes,no,836,yes,no,unknown,7,may,106,1,-1,0,unknown,no
32,blue-collar,20000,single,secondary,yes,no,301,yes,no,unknown,7,may,395,2,-1,0,unknown,no
44,blue-collar,20000,married,primary,yes,no,503,yes,no,unknown,7,may,629,2,-1,0,unknown,no
40,retired,55000,married,primary,yes,no,407,yes,no,unknown,7,may,502,1,-1,0,unknown,no
31,blue-collar,20000,single,secondary,yes,no,53,yes,no,unknown,7,may,446,1,-1,0,unknown,no
46,self-employed,60000,married,tertiary,yes,no,2303,yes,no,unknown,7,may,241,1,-1,0,unknown,no
43,management,100000,married,tertiary,yes,no,144,yes,no,unknown,7,may,131,3,-1,0,unknown,no
34,services,70000,married,secondary,yes,no,205,yes,no,unknown,7,may,312,1,-1,0,unknown,no
39,management,100000,married,tertiary,yes,no,305,yes,no,unknown,7,may,275,6,-1,0,unknown,no
30,blue-collar,20000,divorced,secondary,yes,no,251,yes,yes,unknown,7,may,120,2,-1,0,unknown,no
56,retired,55000,married,secondary,yes,no,0,yes,no,unknown,7,may,333,4,-1,0,unknown,no
29,technician,60000,married,secondary,yes,no,8,no,no,unknown,7,may,113,1,-1,0,unknown,no
40,blue-collar,20000,divorced,secondary,yes,no,139,yes,no,unknown,7,may,91,1,-1,0,unknown,no
36,services,70000,married,secondary,yes,no,184,yes,no,unknown,7,may,128,3,-1,0,unknown,no
37,blue-collar,20000,single,secondary,yes,no,238,yes,no,unknown,7,may,200,2,-1,0,unknown,no
35,admin.,50000,married,secondary,yes,no,0,no,no,unknown,7,may,326,1,-1,0,unknown,no
35,blue-collar,20000,married,primary,yes,yes,0,yes,no,unknown,7,may,292,1,-1,0,unknown,no
47,services,70000,married,primary,yes,no,222,yes,no,unknown,7,may,68,1,-1,0,unknown,no
31,services,70000,married,secondary,yes,no,414,yes,no,unknown,7,may,215,1,-1,0,unknown,no
56,retired,55000,single,primary,yes,no,223,yes,no,unknown,7,may,97,1,-1,0,unknown,no
57,technician,60000,married,secondary,yes,no,197,no,no,unknown,7,may,32,1,-1,0,unknown,no
36,blue-collar,20000,married,secondary,yes,no,-251,yes,no,unknown,7,may,162,1,-1,0,unknown,no
45,self-employed,60000,divorced,secondary,yes,no,-139,yes,no,unknown,7,may,152,3,-1,0,unknown,no
47,blue-collar,20000,married,unknown,no,no,733,yes,no,unknown,7,may,268,1,-1,0,unknown,no
29,technician,60000,single,tertiary,no,no,0,yes,no,unknown,7,may,104,2,-1,0,unknown,no
57,services,70000,married,secondary,yes,no,1,no,no,unknown,7,may,852,1,-1,0,unknown,no
45,blue-collar,20000,married,primary,yes,no,97,yes,no,unknown,7,may,923,3,-1,0,unknown,no
31,blue-collar,20000,single,primary,yes,no,435,yes,no,unknown,7,may,159,2,-1,0,unknown,no
31,management,100000,divorced,tertiary,no,no,0,yes,no,unknown,7,may,953,3,-1,0,unknown,no
37,technician,60000,single,tertiary,no,no,147,no,no,unknown,7,may,416,2,-1,0,unknown,no
30,technician,60000,single,tertiary,no,no,3,yes,no,unknown,7,may,174,1,-1,0,unknown,no
58,services,70000,divorced,secondary,yes,no,1109,yes,yes,unknown,7,may,180,1,-1,0,unknown,no
33,services,70000,married,secondary,yes,no,404,yes,no,unknown,7,may,139,1,-1,0,unknown,no
39,blue-collar,20000,married,primary,yes,no,981,yes,no,unknown,7,may,294,1,-1,0,unknown,no
33,blue-collar,20000,single,primary,yes,no,95,yes,no,unknown,7,may,102,1,-1,0,unknown,no
34,services,70000,married,secondary,yes,no,302,yes,no,unknown,7,may,124,1,-1,0,unknown,no
36,services,70000,divorced,secondary,yes,no,-290,yes,yes,unknown,7,may,128,1,-1,0,unknown,no
37,services,70000,single,secondary,yes,no,259,yes,no,unknown,7,may,130,1,-1,0,unknown,no
35,blue-collar,20000,married,secondary,yes,no,527,yes,yes,unknown,7,may,143,1,-1,0,unknown,no
55,retired,55000,married,secondary,yes,no,102,yes,no,unknown,7,may,74,1,-1,0,unknown,no
34,management,100000,single,tertiary,no,no,872,yes,no,unknown,7,may,105,2,-1,0,unknown,no
40,management,100000,divorced,tertiary,no,no,490,yes,no,unknown,7,may,477,2,-1,0,unknown,no
42,blue-collar,20000,single,primary,yes,no,19,yes,no,unknown,7,may,158,1,-1,0,unknown,no
37,blue-collar,20000,married,secondary,yes,no,16,yes,no,unknown,7,may,250,1,-1,0,unknown,no
42,management,100000,married,tertiary,yes,no,386,yes,no,unknown,7,may,168,1,-1,0,unknown,no
35,technician,60000,single,secondary,yes,no,539,yes,no,unknown,7,may,520,1,-1,0,unknown,no
44,technician,60000,divorced,secondary,yes,no,-329,yes,no,unknown,7,may,171,1,-1,0,unknown,no
30,services,70000,single,secondary,yes,no,-174,yes,no,unknown,7,may,113,1,-1,0,unknown,no
45,entrepreneur,120000,married,secondary,yes,no,68,yes,no,unknown,7,may,254,1,-1,0,unknown,no
35,blue-collar,20000,single,unknown,no,yes,-532,yes,no,unknown,7,may,149,1,-1,0,unknown,no
36,admin.,50000,divorced,secondary,yes,no,0,yes,no,unknown,7,may,133,2,-1,0,unknown,no
49,blue-collar,20000,married,secondary,yes,no,64,yes,no,unknown,7,may,293,3,-1,0,unknown,no
31,blue-collar,20000,single,secondary,yes,no,1415,yes,no,unknown,7,may,485,1,-1,0,unknown,no
31,technician,60000,single,secondary,yes,no,147,yes,no,unknown,7,may,374,1,-1,0,unknown,no
39,blue-collar,20000,married,secondary,yes,no,72,yes,no,unknown,7,may,425,6,-1,0,unknown,no
37,services,70000,single,secondary,yes,no,-196,yes,no,unknown,7,may,207,1,-1,0,unknown,no
33,blue-collar,20000,married,primary,yes,no,716,yes,no,unknown,7,may,83,3,-1,0,unknown,no
37,management,100000,married,tertiary,yes,no,0,yes,no,unknown,7,may,228,1,-1,0,unknown,no
42,services,70000,married,secondary,yes,no,-246,yes,no,unknown,7,may,149,1,-1,0,unknown,no
56,blue-collar,20000,married,secondary,yes,no,-203,yes,no,unknown,7,may,139,1,-1,0,unknown,no
37,admin.,50000,single,secondary,yes,no,245,yes,yes,unknown,7,may,732,2,-1,0,unknown,yes
36,services,70000,single,secondary,yes,no,342,yes,no,unknown,7,may,142,1,-1,0,unknown,no
29,technician,60000,single,tertiary,no,no,3,yes,no,unknown,7,may,359,1,-1,0,unknown,no
54,management,100000,married,tertiary,yes,yes,-248,yes,yes,unknown,7,may,112,1,-1,0,unknown,no
38,blue-collar,20000,married,secondary,yes,no,376,yes,no,unknown,7,may,1521,1,-1,0,unknown,no
43,blue-collar,20000,divorced,secondary,yes,no,370,yes,no,unknown,7,may,216,1,-1,0,unknown,no
47,admin.,50000,single,secondary,yes,no,594,yes,no,unknown,7,may,161,1,-1,0,unknown,no
47,blue-collar,20000,married,secondary,yes,no,387,yes,no,unknown,7,may,122,2,-1,0,unknown,no
38,services,70000,married,secondary,yes,no,208,yes,no,unknown,7,may,800,1,-1,0,unknown,no
40,blue-collar,20000,married,secondary,yes,no,563,yes,no,unknown,7,may,615,1,-1,0,unknown,no
33,services,70000,divorced,secondary,yes,no,392,yes,yes,unknown,7,may,254,1,-1,0,unknown,no
33,retired,55000,married,secondary,yes,no,165,no,no,unknown,7,may,111,1,-1,0,unknown,no
53,admin.,50000,divorced,unknown,no,no,236,yes,no,unknown,7,may,354,1,-1,0,unknown,no
37,services,70000,married,primary,yes,no,52,yes,no,unknown,7,may,359,1,-1,0,unknown,no
40,management,100000,single,tertiary,no,no,1265,yes,no,unknown,7,may,97,1,-1,0,unknown,no
37,blue-collar,20000,married,primary,yes,no,693,yes,no,unknown,7,may,327,3,-1,0,unknown,no
35,technician,60000,married,secondary,yes,no,118,yes,no,unknown,7,may,236,1,-1,0,unknown,no
49,blue-collar,20000,married,primary,yes,no,3659,yes,no,unknown,7,may,160,1,-1,0,unknown,no
26,blue-collar,20000,single,secondary,yes,no,24,yes,no,unknown,7,may,180,1,-1,0,unknown,no
38,management,100000,single,tertiary,no,no,673,yes,no,unknown,7,may,184,1,-1,0,unknown,no
52,self-employed,60000,married,secondary,yes,no,273,no,no,unknown,7,may,227,1,-1,0,unknown,no
33,services,70000,divorced,secondary,yes,no,327,yes,no,unknown,7,may,109,1,-1,0,unknown,no
31,admin.,50000,single,secondary,yes,no,299,yes,no,unknown,7,may,492,2,-1,0,unknown,no
32,blue-collar,20000,married,secondary,yes,no,0,yes,no,unknown,7,may,298,1,-1,0,unknown,no
35,blue-collar,20000,single,primary,yes,no,109,yes,no,unknown,7,may,83,2,-1,0,unknown,no
55,management,100000,divorced,tertiary,no,no,552,no,no,unknown,7,may,241,2,-1,0,unknown,no
32,blue-collar,20000,divorced,primary,yes,no,473,yes,no,unknown,7,may,204,2,-1,0,unknown,no
37,unknown,0,single,unknown,no,no,414,yes,no,unknown,7,may,131,1,-1,0,unknown,no
45,blue-collar,20000,married,secondary,yes,no,154,yes,no,unknown,7,may,1138,1,-1,0,unknown,yes
31,technician,60000,married,secondary,yes,no,344,yes,no,unknown,7,may,123,1,-1,0,unknown,no
38,admin.,50000,married,secondary,yes,no,8,yes,no,unknown,7,may,125,1,-1,0,unknown,no
37,services,70000,married,secondary,yes,no,78,yes,no,unknown,7,may,295,2,-1,0,unknown,no
38,blue-collar,20000,married,secondary,yes,no,266,yes,no,unknown,7,may,287,1,-1,0,unknown,no
33,housemaid,16000,married,tertiary,yes,no,98,yes,yes,unknown,7,may,109,1,-1,0,unknown,no
38,blue-collar,20000,married,primary,yes,no,83,yes,no,unknown,7,may,140,2,-1,0,unknown,no
37,management,100000,single,tertiary,no,yes,45,yes,no,unknown,7,may,204,1,-1,0,unknown,no
29,unemployed,8000,married,tertiary,yes,no,8,yes,no,unknown,7,may,233,1,-1,0,unknown,no
42,management,100000,married,tertiary,yes,no,263,yes,no,unknown,7,may,254,1,-1,0,unknown,no
40,blue-collar,20000,married,secondary,yes,no,306,yes,no,unknown,7,may,184,2,-1,0,unknown,no
32,management,100000,married,tertiary,yes,no,233,yes,no,unknown,7,may,193,1,-1,0,unknown,no
47,management,100000,divorced,tertiary,no,no,447,no,yes,unknown,7,may,126,1,-1,0,unknown,no
29,student,4000,single,secondary,yes,no,872,yes,no,unknown,7,may,230,1,-1,0,unknown,no
53,services,70000,divorced,primary,yes,no,-291,yes,yes,unknown,7,may,591,1,-1,0,unknown,yes
31,services,70000,married,tertiary,yes,no,309,yes,yes,unknown,7,may,294,1,-1,0,unknown,no
59,blue-collar,20000,married,secondary,yes,no,202,yes,no,unknown,7,may,173,1,-1,0,unknown,no
29,entrepreneur,120000,married,primary,yes,no,56,yes,yes,unknown,7,may,336,1,-1,0,unknown,no
59,blue-collar,20000,married,primary,yes,no,229,yes,yes,unknown,7,may,19,1,-1,0,unknown,no
44,blue-collar,20000,married,primary,yes,no,143,yes,no,unknown,7,may,153,1,-1,0,unknown,no
38,admin.,50000,single,secondary,yes,no,100,yes,no,unknown,7,may,786,1,-1,0,unknown,yes
49,admin.,50000,married,secondary,yes,no,326,yes,no,unknown,7,may,99,2,-1,0,unknown,no
43,blue-collar,20000,married,secondary,yes,no,167,yes,no,unknown,7,may,243,1,-1,0,unknown,no
52,admin.,50000,single,secondary,yes,no,545,yes,no,unknown,7,may,260,1,-1,0,unknown,no
40,admin.,50000,married,secondary,yes,no,2100,yes,yes,unknown,7,may,164,2,-1,0,unknown,no
32,services,70000,married,secondary,yes,no,0,yes,yes,unknown,7,may,255,2,-1,0,unknown,no
47,admin.,50000,married,primary,yes,no,192,yes,no,unknown,7,may,47,1,-1,0,unknown,no
33,management,100000,married,tertiary,yes,no,442,yes,no,unknown,7,may,463,1,-1,0,unknown,no
35,management,100000,married,tertiary,yes,no,267,yes,no,unknown,7,may,192,1,-1,0,unknown,no
27,services,70000,single,secondary,yes,no,0,yes,no,unknown,7,may,388,7,-1,0,unknown,no
50,blue-collar,20000,married,primary,yes,no,377,yes,no,unknown,7,may,221,1,-1,0,unknown,no
44,retired,55000,married,secondary,yes,no,7624,no,no,unknown,7,may,126,5,-1,0,unknown,no
43,self-employed,60000,married,primary,yes,no,66,yes,no,unknown,7,may,175,5,-1,0,unknown,no
51,blue-collar,20000,married,unknown,no,no,37,yes,no,unknown,7,may,256,6,-1,0,unknown,no
32,admin.,50000,single,secondary,yes,no,64,yes,no,unknown,7,may,202,2,-1,0,unknown,no
47,management,100000,divorced,tertiary,no,no,34,yes,no,unknown,7,may,104,1,-1,0,unknown,no
34,admin.,50000,divorced,secondary,yes,no,627,yes,no,unknown,7,may,283,2,-1,0,unknown,no
57,self-employed,60000,married,primary,yes,no,1013,yes,no,unknown,7,may,448,1,-1,0,unknown,no
43,admin.,50000,single,secondary,yes,no,140,yes,no,unknown,7,may,127,1,-1,0,unknown,no
40,services,70000,single,tertiary,no,no,8823,yes,no,unknown,7,may,378,1,-1,0,unknown,no
28,blue-collar,20000,single,secondary,yes,no,97,yes,no,unknown,7,may,67,1,-1,0,unknown,no
38,blue-collar,20000,married,unknown,no,no,5,yes,no,unknown,7,may,221,2,-1,0,unknown,no
37,unemployed,8000,divorced,secondary,yes,no,74,yes,no,unknown,7,may,150,1,-1,0,unknown,no
44,admin.,50000,married,secondary,yes,no,58544,yes,no,unknown,7,may,144,2,-1,0,unknown,no
41,technician,60000,married,secondary,yes,no,169,yes,no,unknown,7,may,296,2,-1,0,unknown,no
37,self-employed,60000,married,tertiary,yes,no,444,yes,no,unknown,7,may,401,2,-1,0,unknown,no
30,services,70000,single,tertiary,no,no,542,yes,no,unknown,7,may,435,2,-1,0,unknown,no
32,blue-collar,20000,married,secondary,yes,no,-205,yes,no,unknown,7,may,388,1,-1,0,unknown,no
30,management,100000,single,tertiary,no,no,112,yes,no,unknown,7,may,245,1,-1,0,unknown,no
35,services,70000,married,secondary,yes,no,39,no,no,unknown,7,may,143,1,-1,0,unknown,no
55,blue-collar,20000,married,secondary,yes,no,1268,yes,no,unknown,7,may,223,2,-1,0,unknown,no
52,blue-collar,20000,married,secondary,yes,no,-98,yes,no,unknown,7,may,423,1,-1,0,unknown,no
33,admin.,50000,married,secondary,yes,no,44,yes,yes,unknown,7,may,231,1,-1,0,unknown,no
55,retired,55000,married,primary,yes,no,-90,yes,yes,unknown,7,may,634,2,-1,0,unknown,no
33,blue-collar,20000,married,secondary,yes,no,0,no,no,unknown,7,may,107,1,-1,0,unknown,no
40,blue-collar,20000,married,secondary,yes,yes,-94,yes,yes,unknown,7,may,227,1,-1,0,unknown,no
39,blue-collar,20000,married,secondary,yes,yes,-345,yes,no,unknown,7,may,69,1,-1,0,unknown,no
54,blue-collar,20000,married,secondary,yes,no,-932,yes,no,unknown,7,may,799,1,-1,0,unknown,no
39,blue-collar,20000,married,primary,yes,no,20,yes,no,unknown,7,may,109,1,-1,0,unknown,no
49,blue-collar,20000,married,secondary,yes,no,90,yes,no,unknown,7,may,127,1,-1,0,unknown,no
52,admin.,50000,married,secondary,yes,no,31,yes,no,unknown,7,may,120,1,-1,0,unknown,no
27,management,100000,single,tertiary,no,no,134,yes,yes,unknown,7,may,68,3,-1,0,unknown,no
26,services,70000,married,secondary,yes,no,0,yes,no,unknown,7,may,180,2,-1,0,unknown,no
40,blue-collar,20000,married,secondary,yes,no,61,yes,no,unknown,7,may,112,3,-1,0,unknown,no
47,blue-collar,20000,married,secondary,yes,yes,-5,yes,no,unknown,7,may,444,1,-1,0,unknown,no
31,services,70000,single,secondary,yes,no,-45,no,no,unknown,7,may,246,2,-1,0,unknown,no
53,blue-collar,20000,single,secondary,yes,no,156,yes,yes,unknown,7,may,259,4,-1,0,unknown,no
31,services,70000,married,secondary,yes,no,564,yes,no,unknown,7,may,223,3,-1,0,unknown,no
33,admin.,50000,married,secondary,yes,no,-6,yes,no,unknown,7,may,566,2,-1,0,unknown,no
35,services,70000,married,secondary,yes,no,528,no,no,unknown,7,may,274,2,-1,0,unknown,no
46,entrepreneur,120000,married,unknown,no,no,1481,yes,no,unknown,7,may,49,3,-1,0,unknown,no
31,management,100000,married,secondary,yes,no,2019,no,no,unknown,7,may,380,2,-1,0,unknown,no
35,technician,60000,single,secondary,yes,no,1855,yes,no,unknown,7,may,138,1,-1,0,unknown,no
29,management,100000,married,secondary,yes,no,147,yes,yes,unknown,7,may,376,2,-1,0,unknown,no
51,technician,60000,married,secondary,yes,no,220,yes,no,unknown,7,may,421,2,-1,0,unknown,no
33,blue-collar,20000,married,primary,yes,no,198,yes,no,unknown,7,may,121,2,-1,0,unknown,no
37,management,100000,married,tertiary,yes,no,115,no,no,unknown,7,may,36,1,-1,0,unknown,no
43,admin.,50000,single,unknown,no,no,87,yes,no,unknown,7,may,328,2,-1,0,unknown,no
42,technician,60000,married,tertiary,yes,no,644,yes,no,unknown,7,may,19,1,-1,0,unknown,no
28,blue-collar,20000,married,secondary,yes,no,225,yes,yes,unknown,7,may,866,2,-1,0,unknown,no
57,retired,55000,married,secondary,yes,no,502,yes,no,unknown,7,may,229,3,-1,0,unknown,no
38,services,70000,married,secondary,yes,no,-32,yes,no,unknown,7,may,154,2,-1,0,unknown,no
39,blue-collar,20000,married,primary,yes,no,106,yes,no,unknown,7,may,56,1,-1,0,unknown,no
36,technician,60000,married,tertiary,yes,no,301,yes,no,unknown,7,may,1581,2,-1,0,unknown,no
57,retired,55000,married,tertiary,yes,no,906,yes,no,unknown,7,may,117,1,-1,0,unknown,no
44,management,100000,married,unknown,no,no,187,yes,no,unknown,7,may,185,1,-1,0,unknown,no
48,services,70000,divorced,secondary,yes,no,852,yes,yes,unknown,7,may,202,1,-1,0,unknown,no
46,blue-collar,20000,married,primary,yes,no,143,yes,no,unknown,7,may,279,1,-1,0,unknown,no
43,admin.,50000,married,secondary,yes,no,71,no,no,unknown,7,may,180,5,-1,0,unknown,no
49,services,70000,married,secondary,yes,no,1496,yes,no,unknown,7,may,218,4,-1,0,unknown,no
29,services,70000,single,secondary,yes,no,703,yes,no,unknown,7,may,129,5,-1,0,unknown,no
53,blue-collar,20000,married,secondary,yes,no,732,yes,no,unknown,7,may,530,2,-1,0,unknown,no
30,services,70000,single,secondary,yes,no,21,yes,no,unknown,7,may,104,2,-1,0,unknown,no
41,management,100000,divorced,secondary,yes,no,276,yes,no,unknown,7,may,60,1,-1,0,unknown,no
33,technician,60000,married,secondary,yes,no,0,yes,no,unknown,7,may,432,1,-1,0,unknown,no
47,blue-collar,20000,married,primary,yes,no,550,yes,no,unknown,7,may,113,1,-1,0,unknown,no
58,retired,55000,married,secondary,yes,no,268,yes,no,unknown,7,may,516,1,-1,0,unknown,no
31,unemployed,8000,married,secondary,yes,no,-825,yes,no,unknown,7,may,179,2,-1,0,unknown,no
38,admin.,50000,single,secondary,yes,no,137,yes,yes,unknown,7,may,125,2,-1,0,unknown,no
60,retired,55000,married,secondary,yes,no,42,yes,yes,unknown,7,may,386,2,-1,0,unknown,no
33,management,100000,single,tertiary,no,no,54,no,no,unknown,7,may,262,2,-1,0,unknown,no
33,unemployed,8000,single,tertiary,no,no,1716,yes,no,unknown,7,may,396,2,-1,0,unknown,no
52,admin.,50000,married,primary,yes,no,270,yes,no,unknown,7,may,294,2,-1,0,unknown,no
42,blue-collar,20000,married,primary,yes,no,803,yes,no,unknown,7,may,171,2,-1,0,unknown,no
30,technician,60000,single,secondary,yes,no,102,yes,no,unknown,7,may,614,2,-1,0,unknown,no
33,entrepreneur,120000,divorced,tertiary,no,no,188,yes,no,unknown,7,may,118,3,-1,0,unknown,no
46,admin.,50000,divorced,secondary,yes,no,207,yes,no,unknown,7,may,485,4,-1,0,unknown,no
51,blue-collar,20000,married,primary,yes,no,1466,yes,no,unknown,7,may,406,2,-1,0,unknown,no
40,unemployed,8000,single,secondary,yes,no,350,yes,no,unknown,7,may,287,1,-1,0,unknown,no
50,admin.,50000,married,secondary,yes,no,159,yes,no,unknown,7,may,216,2,-1,0,unknown,no
42,entrepreneur,120000,married,tertiary,yes,no,157,yes,yes,unknown,7,may,650,1,-1,0,unknown,no
38,technician,60000,married,secondary,yes,no,0,no,no,unknown,7,may,55,1,-1,0,unknown,no
36,admin.,50000,single,primary,yes,no,91,yes,no,unknown,7,may,371,2,-1,0,unknown,no
37,unemployed,8000,divorced,primary,yes,no,849,yes,no,unknown,7,may,166,1,-1,0,unknown,no
33,management,100000,married,tertiary,yes,no,436,yes,no,unknown,7,may,48,1,-1,0,unknown,no
38,blue-collar,20000,single,secondary,yes,no,-1,yes,no,unknown,7,may,72,1,-1,0,unknown,no
52,blue-collar,20000,married,tertiary,yes,no,297,yes,no,unknown,7,may,55,1,-1,0,unknown,no
29,blue-collar,20000,married,secondary,yes,no,313,yes,yes,unknown,7,may,144,1,-1,0,unknown,no
37,blue-collar,20000,married,primary,yes,no,310,yes,no,unknown,7,may,474,1,-1,0,unknown,no
34,admin.,50000,married,secondary,yes,no,475,yes,no,unknown,7,may,559,1,-1,0,unknown,no
43,blue-collar,20000,married,primary,yes,no,61,yes,no,unknown,7,may,261,1,-1,0,unknown,no
49,services,70000,married,secondary,yes,no,1377,yes,no,unknown,7,may,1101,1,-1,0,unknown,no
33,technician,60000,single,secondary,yes,no,56,no,no,unknown,7,may,236,2,-1,0,unknown,no
47,admin.,50000,married,unknown,no,no,0,yes,no,unknown,7,may,164,1,-1,0,unknown,no
50,technician,60000,married,secondary,yes,no,73,no,no,unknown,7,may,93,1,-1,0,unknown,no
30,blue-collar,20000,single,primary,yes,no,660,yes,no,unknown,7,may,912,2,-1,0,unknown,no
44,services,70000,married,primary,yes,no,-79,yes,no,unknown,7,may,179,2,-1,0,unknown,no
44,blue-collar,20000,divorced,secondary,yes,no,558,yes,no,unknown,7,may,485,1,-1,0,unknown,no
30,services,70000,single,secondary,yes,no,342,yes,no,unknown,7,may,206,2,-1,0,unknown,no
40,blue-collar,20000,married,unknown,no,no,-4,yes,no,unknown,7,may,311,1,-1,0,unknown,no
41,blue-collar,20000,married,unknown,no,no,225,yes,no,unknown,7,may,690,2,-1,0,unknown,no
34,blue-collar,20000,married,primary,yes,no,267,yes,no,unknown,7,may,362,1,-1,0,unknown,no
53,services,70000,married,primary,yes,no,46,yes,no,unknown,7,may,274,1,-1,0,unknown,no
35,blue-collar,20000,married,primary,yes,no,624,yes,no,unknown,7,may,163,1,-1,0,unknown,no
34,technician,60000,divorced,secondary,yes,no,1107,yes,yes,unknown,7,may,345,1,-1,0,unknown,no
39,admin.,50000,single,secondary,yes,no,573,yes,no,unknown,7,may,329,1,-1,0,unknown,no
39,management,100000,single,tertiary,no,no,406,yes,no,unknown,7,may,68,1,-1,0,unknown,no
52,services,70000,divorced,secondary,yes,no,220,yes,no,unknown,7,may,143,3,-1,0,unknown,no
34,blue-collar,20000,married,secondary,yes,no,2308,yes,no,unknown,7,may,1062,1,-1,0,unknown,no
37,blue-collar,20000,divorced,primary,yes,no,139,yes,no,unknown,7,may,71,1,-1,0,unknown,no
39,admin.,50000,married,secondary,yes,no,367,yes,no,unknown,7,may,106,1,-1,0,unknown,no
52,entrepreneur,120000,divorced,primary,yes,no,278,yes,no,unknown,7,may,688,2,-1,0,unknown,no
35,blue-collar,20000,married,primary,yes,no,229,yes,no,unknown,7,may,103,3,-1,0,unknown,no
36,entrepreneur,120000,married,tertiary,yes,no,1722,yes,no,unknown,7,may,349,2,-1,0,unknown,no
48,technician,60000,married,secondary,yes,no,-500,yes,no,unknown,7,may,78,5,-1,0,unknown,no
31,admin.,50000,divorced,secondary,yes,no,308,yes,no,unknown,7,may,194,1,-1,0,unknown,no
43,technician,60000,divorced,tertiary,no,no,1026,yes,yes,unknown,7,may,224,5,-1,0,unknown,no
43,blue-collar,20000,single,primary,yes,no,548,yes,no,unknown,7,may,98,1,-1,0,unknown,no
39,blue-collar,20000,married,secondary,yes,no,356,yes,yes,unknown,7,may,607,1,-1,0,unknown,no
40,technician,60000,married,primary,yes,no,164,yes,no,unknown,7,may,398,1,-1,0,unknown,no
58,management,100000,married,tertiary,yes,no,211,no,no,unknown,7,may,103,2,-1,0,unknown,no
31,blue-collar,20000,married,primary,yes,no,19,yes,no,unknown,7,may,241,2,-1,0,unknown,no
41,blue-collar,20000,married,secondary,yes,no,108,yes,yes,unknown,7,may,203,1,-1,0,unknown,no
37,management,100000,married,tertiary,yes,no,308,yes,no,unknown,7,may,96,3,-1,0,unknown,no
44,services,70000,divorced,secondary,yes,no,7,yes,yes,unknown,7,may,238,3,-1,0,unknown,no
37,technician,60000,married,tertiary,yes,no,16,yes,yes,unknown,7,may,153,3,-1,0,unknown,no
39,blue-collar,20000,married,primary,yes,no,867,yes,no,unknown,7,may,481,1,-1,0,unknown,no
41,blue-collar,20000,single,secondary,yes,no,277,yes,no,unknown,7,may,2177,4,-1,0,unknown,no
52,blue-collar,20000,divorced,primary,yes,no,196,yes,no,unknown,7,may,119,3,-1,0,unknown,no
29,blue-collar,20000,single,primary,yes,no,365,yes,yes,unknown,7,may,245,2,-1,0,unknown,no
60,blue-collar,20000,divorced,secondary,yes,no,1310,no,no,unknown,7,may,152,2,-1,0,unknown,no
32,technician,60000,married,secondary,yes,no,186,no,no,unknown,7,may,418,2,-1,0,unknown,no
50,services,70000,single,primary,yes,no,148,yes,no,unknown,7,may,198,2,-1,0,unknown,no
56,blue-collar,20000,married,primary,yes,no,862,yes,yes,unknown,7,may,198,2,-1,0,unknown,no
48,admin.,50000,married,secondary,yes,no,359,yes,no,unknown,7,may,374,1,-1,0,unknown,no
29,blue-collar,20000,married,primary,yes,no,190,no,no,unknown,7,may,51,1,-1,0,unknown,no
40,blue-collar,20000,married,secondary,yes,no,4,yes,yes,unknown,7,may,263,1,-1,0,unknown,no
42,admin.,50000,divorced,secondary,yes,no,0,yes,no,unknown,7,may,229,2,-1,0,unknown,no
34,blue-collar,20000,married,secondary,yes,no,42,yes,no,unknown,7,may,154,2,-1,0,unknown,no
23,management,100000,single,tertiary,no,no,2605,yes,no,unknown,7,may,278,6,-1,0,unknown,no
30,technician,60000,single,tertiary,no,no,60,yes,yes,unknown,7,may,306,5,-1,0,unknown,no
51,management,100000,married,primary,yes,no,98,yes,no,unknown,7,may,114,2,-1,0,unknown,no
52,technician,60000,single,secondary,yes,no,-181,yes,no,unknown,7,may,94,2,-1,0,unknown,no
45,technician,60000,married,secondary,yes,no,118,yes,no,unknown,7,may,208,2,-1,0,unknown,no
41,blue-collar,20000,married,secondary,yes,no,-15,yes,no,unknown,7,may,169,2,-1,0,unknown,no
27,student,4000,single,secondary,yes,no,671,yes,no,unknown,7,may,332,2,-1,0,unknown,no
50,blue-collar,20000,married,secondary,yes,no,1557,yes,no,unknown,7,may,263,6,-1,0,unknown,no
36,blue-collar,20000,married,primary,yes,no,-20,yes,no,unknown,7,may,353,3,-1,0,unknown,no
46,blue-collar,20000,married,primary,yes,no,323,yes,no,unknown,7,may,108,6,-1,0,unknown,no
44,blue-collar,20000,married,primary,yes,no,-171,yes,no,unknown,7,may,441,2,-1,0,unknown,no
47,blue-collar,20000,married,secondary,yes,no,438,yes,no,unknown,7,may,46,3,-1,0,unknown,no
40,blue-collar,20000,married,secondary,yes,no,316,yes,no,unknown,7,may,266,2,-1,0,unknown,no
36,services,70000,single,secondary,yes,no,174,yes,no,unknown,7,may,223,2,-1,0,unknown,no
46,blue-collar,20000,married,secondary,yes,no,442,yes,no,unknown,7,may,105,2,-1,0,unknown,no
58,technician,60000,married,secondary,yes,no,786,yes,no,unknown,7,may,165,3,-1,0,unknown,no
30,technician,60000,divorced,tertiary,no,no,-317,yes,no,unknown,7,may,381,2,-1,0,unknown,no
43,blue-collar,20000,married,secondary,yes,no,667,yes,no,unknown,7,may,228,3,-1,0,unknown,no
29,services,70000,single,secondary,yes,no,-158,yes,no,unknown,7,may,128,2,-1,0,unknown,no
41,management,100000,married,tertiary,yes,no,72,yes,no,unknown,7,may,764,3,-1,0,unknown,no
44,entrepreneur,120000,married,primary,yes,no,58,yes,no,unknown,7,may,113,3,-1,0,unknown,no
44,services,70000,divorced,secondary,yes,no,396,yes,yes,unknown,7,may,396,4,-1,0,unknown,no
59,blue-collar,20000,married,primary,yes,no,10,yes,no,unknown,7,may,133,3,-1,0,unknown,no
39,management,100000,single,unknown,no,no,2887,yes,no,unknown,7,may,42,2,-1,0,unknown,no
42,management,100000,married,secondary,yes,no,0,no,no,unknown,7,may,234,4,-1,0,unknown,no
31,admin.,50000,married,secondary,yes,no,89,no,no,unknown,7,may,297,3,-1,0,unknown,no
29,unknown,0,single,primary,yes,no,50,yes,no,unknown,7,may,50,2,-1,0,unknown,no
39,blue-collar,20000,single,secondary,yes,no,29,yes,no,unknown,7,may,214,2,-1,0,unknown,no
44,blue-collar,20000,married,primary,yes,no,420,yes,no,unknown,7,may,110,2,-1,0,unknown,no
49,services,70000,single,primary,yes,no,114,yes,no,unknown,7,may,99,2,-1,0,unknown,no
39,housemaid,16000,married,secondary,yes,no,365,yes,no,unknown,7,may,274,4,-1,0,unknown,no
27,blue-collar,20000,single,secondary,yes,no,0,yes,no,unknown,7,may,191,4,-1,0,unknown,no
56,management,100000,married,primary,yes,no,-24,yes,no,unknown,7,may,305,3,-1,0,unknown,no
43,technician,60000,married,tertiary,yes,no,743,yes,no,unknown,7,may,134,2,-1,0,unknown,no
37,self-employed,60000,married,primary,yes,no,0,no,no,unknown,7,may,112,4,-1,0,unknown,no
54,technician,60000,single,secondary,yes,no,99,yes,no,unknown,7,may,283,3,-1,0,unknown,no
38,blue-collar,20000,married,secondary,yes,no,22,yes,yes,unknown,7,may,353,4,-1,0,unknown,no
31,blue-collar,20000,married,primary,yes,no,251,yes,no,unknown,7,may,212,2,-1,0,unknown,no
34,blue-collar,20000,married,secondary,yes,no,615,yes,no,unknown,7,may,225,2,-1,0,unknown,no
35,admin.,50000,married,primary,yes,no,136,yes,no,unknown,7,may,283,1,-1,0,unknown,no
44,blue-collar,20000,single,unknown,no,no,2167,yes,no,unknown,7,may,1273,1,-1,0,unknown,no
30,blue-collar,20000,married,secondary,yes,no,309,yes,no,unknown,7,may,1574,2,-1,0,unknown,yes
51,technician,60000,married,secondary,yes,no,221,yes,no,unknown,7,may,139,3,-1,0,unknown,no
37,blue-collar,20000,married,primary,yes,no,321,yes,no,unknown,7,may,228,2,-1,0,unknown,no
39,blue-collar,20000,married,tertiary,yes,no,-33,yes,no,unknown,7,may,62,5,-1,0,unknown,no
33,management,100000,single,tertiary,no,no,76,yes,no,unknown,7,may,256,3,-1,0,unknown,no
37,management,100000,divorced,tertiary,no,no,42,yes,no,unknown,7,may,564,3,-1,0,unknown,no
46,blue-collar,20000,single,secondary,yes,no,76,yes,no,unknown,7,may,245,2,-1,0,unknown,no
32,admin.,50000,married,secondary,yes,no,1293,yes,no,unknown,7,may,161,2,-1,0,unknown,no
43,entrepreneur,120000,married,primary,yes,no,526,yes,no,unknown,7,may,79,4,-1,0,unknown,no
59,housemaid,16000,divorced,unknown,no,no,873,yes,no,unknown,7,may,152,3,-1,0,unknown,no
46,admin.,50000,married,primary,yes,no,40,yes,no,unknown,7,may,591,3,-1,0,unknown,no
47,blue-collar,20000,married,primary,yes,no,117,yes,no,unknown,7,may,113,2,-1,0,unknown,no
31,services,70000,single,secondary,yes,no,671,yes,no,unknown,7,may,193,3,-1,0,unknown,no
30,blue-collar,20000,married,primary,yes,no,145,yes,no,unknown,7,may,299,2,-1,0,unknown,no
38,blue-collar,20000,married,primary,yes,no,1807,no,no,unknown,7,may,348,3,-1,0,unknown,no
44,blue-collar,20000,single,secondary,yes,no,-212,yes,yes,unknown,7,may,103,4,-1,0,unknown,no
52,technician,60000,married,unknown,no,no,133,yes,no,unknown,7,may,253,8,-1,0,unknown,no
29,services,70000,single,secondary,yes,no,566,no,no,unknown,7,may,127,2,-1,0,unknown,no
43,admin.,50000,married,tertiary,yes,no,1924,yes,no,unknown,7,may,244,7,-1,0,unknown,no
47,technician,60000,married,primary,yes,no,145,yes,no,unknown,7,may,157,6,-1,0,unknown,no
43,blue-collar,20000,married,primary,yes,no,487,yes,no,unknown,7,may,548,2,-1,0,unknown,no
52,blue-collar,20000,divorced,primary,yes,no,-57,yes,no,unknown,7,may,114,3,-1,0,unknown,no
32,services,70000,single,secondary,yes,no,81,yes,no,unknown,7,may,126,5,-1,0,unknown,no
40,admin.,50000,single,secondary,yes,no,-227,yes,no,unknown,7,may,161,3,-1,0,unknown,no
57,technician,60000,divorced,secondary,yes,no,2710,yes,yes,unknown,7,may,333,1,-1,0,unknown,no
30,services,70000,divorced,secondary,yes,no,98,yes,no,unknown,7,may,155,1,-1,0,unknown,no
48,blue-collar,20000,married,secondary,yes,no,1230,yes,yes,unknown,7,may,152,3,-1,0,unknown,no
46,blue-collar,20000,married,secondary,yes,no,78,yes,yes,unknown,7,may,145,1,-1,0,unknown,no
59,retired,55000,divorced,primary,yes,no,137,yes,yes,unknown,7,may,66,3,-1,0,unknown,no
50,blue-collar,20000,married,primary,yes,yes,354,yes,no,unknown,7,may,123,2,-1,0,unknown,no
50,blue-collar,20000,divorced,primary,yes,no,149,yes,no,unknown,7,may,74,1,-1,0,unknown,no
33,blue-collar,20000,divorced,secondary,yes,no,126,yes,no,unknown,7,may,248,3,-1,0,unknown,no
39,technician,60000,single,unknown,no,no,0,yes,no,unknown,7,may,130,1,-1,0,unknown,no
57,retired,55000,divorced,secondary,yes,no,8266,yes,no,unknown,7,may,71,1,-1,0,unknown,no
49,blue-collar,20000,married,unknown,no,no,51,yes,no,unknown,7,may,984,1,-1,0,unknown,no
41,blue-collar,20000,married,primary,yes,no,258,yes,no,unknown,7,may,252,1,-1,0,unknown,no
43,technician,60000,married,primary,yes,no,117,yes,no,unknown,7,may,84,2,-1,0,unknown,no
29,management,100000,married,tertiary,yes,no,199,yes,yes,unknown,7,may,1689,4,-1,0,unknown,yes
56,services,70000,married,primary,yes,no,219,yes,no,unknown,7,may,130,4,-1,0,unknown,no
46,technician,60000,married,secondary,yes,no,1571,yes,no,unknown,7,may,489,2,-1,0,unknown,no
42,blue-collar,20000,married,primary,yes,no,223,yes,no,unknown,7,may,41,3,-1,0,unknown,no
36,blue-collar,20000,married,primary,yes,no,-79,no,no,unknown,7,may,159,3,-1,0,unknown,no
29,services,70000,married,primary,yes,no,321,yes,no,unknown,7,may,196,2,-1,0,unknown,no
43,admin.,50000,single,secondary,yes,no,2527,yes,no,unknown,7,may,276,4,-1,0,unknown,no
48,admin.,50000,married,secondary,yes,no,5,yes,no,unknown,7,may,697,2,-1,0,unknown,no
38,blue-collar,20000,single,primary,yes,no,20,yes,no,unknown,7,may,81,2,-1,0,unknown,no
46,blue-collar,20000,married,secondary,yes,no,1045,yes,yes,unknown,7,may,149,1,-1,0,unknown,no
44,blue-collar,20000,married,secondary,yes,no,1,yes,no,unknown,7,may,281,2,-1,0,unknown,no
28,management,100000,married,tertiary,yes,no,3,yes,no,unknown,7,may,122,5,-1,0,unknown,no
28,blue-collar,20000,married,primary,yes,no,-55,yes,no,unknown,7,may,361,2,-1,0,unknown,no
36,technician,60000,divorced,secondary,yes,no,141,yes,no,unknown,7,may,319,3,-1,0,unknown,no
37,blue-collar,20000,married,secondary,yes,no,374,yes,no,unknown,7,may,944,3,-1,0,unknown,no
56,management,100000,married,primary,yes,no,93,yes,no,unknown,7,may,282,2,-1,0,unknown,no
46,blue-collar,20000,single,tertiary,no,no,460,yes,no,unknown,7,may,1102,2,-1,0,unknown,yes
34,services,70000,divorced,secondary,yes,no,78,yes,no,unknown,7,may,35,3,-1,0,unknown,no
32,entrepreneur,120000,married,secondary,yes,no,135,yes,no,unknown,7,may,143,2,-1,0,unknown,no
33,technician,60000,married,secondary,yes,no,367,yes,yes,unknown,7,may,22,2,-1,0,unknown,no
36,services,70000,single,secondary,yes,no,248,yes,no,unknown,7,may,90,2,-1,0,unknown,no
35,services,70000,married,secondary,yes,no,630,yes,no,unknown,7,may,17,2,-1,0,unknown,no
44,admin.,50000,single,secondary,yes,no,-30,yes,no,unknown,7,may,404,5,-1,0,unknown,no
37,technician,60000,married,secondary,yes,no,157,yes,no,unknown,7,may,238,2,-1,0,unknown,no
48,admin.,50000,divorced,secondary,yes,no,268,yes,no,unknown,7,may,71,4,-1,0,unknown,no
38,blue-collar,20000,married,secondary,yes,no,164,yes,no,unknown,7,may,309,2,-1,0,unknown,no
44,technician,60000,married,secondary,yes,no,-97,yes,no,unknown,7,may,408,3,-1,0,unknown,no
31,admin.,50000,divorced,secondary,yes,no,53,yes,no,unknown,7,may,128,4,-1,0,unknown,no
35,management,100000,divorced,tertiary,no,no,788,yes,no,unknown,7,may,297,3,-1,0,unknown,no
54,technician,60000,divorced,secondary,yes,no,1904,yes,yes,unknown,7,may,280,3,-1,0,unknown,no
28,admin.,50000,single,secondary,yes,no,260,yes,no,unknown,7,may,374,2,-1,0,unknown,no
38,unemployed,8000,married,primary,yes,no,447,yes,no,unknown,7,may,365,4,-1,0,unknown,no
48,technician,60000,married,secondary,yes,no,720,yes,no,unknown,8,may,177,3,-1,0,unknown,no
31,blue-collar,20000,married,tertiary,yes,no,2827,yes,no,unknown,8,may,238,3,-1,0,unknown,no
59,retired,55000,married,unknown,no,no,0,no,no,unknown,8,may,425,6,-1,0,unknown,no
29,admin.,50000,single,secondary,yes,no,1117,yes,no,unknown,8,may,77,2,-1,0,unknown,no
28,blue-collar,20000,married,secondary,yes,no,597,yes,no,unknown,8,may,223,2,-1,0,unknown,no
50,blue-collar,20000,married,primary,yes,no,362,yes,no,unknown,8,may,201,2,-1,0,unknown,no
31,self-employed,60000,single,tertiary,no,no,120,yes,no,unknown,8,may,239,2,-1,0,unknown,no
32,admin.,50000,single,secondary,yes,no,89,yes,yes,unknown,8,may,308,3,-1,0,unknown,no
30,services,70000,married,secondary,yes,no,442,yes,no,unknown,8,may,137,2,-1,0,unknown,no
32,management,100000,single,tertiary,no,no,111,yes,no,unknown,8,may,162,2,-1,0,unknown,no
29,technician,60000,single,secondary,yes,no,247,yes,no,unknown,8,may,134,1,-1,0,unknown,no
30,admin.,50000,divorced,secondary,yes,no,1,yes,no,unknown,8,may,175,5,-1,0,unknown,no
34,management,100000,married,primary,yes,no,6,yes,no,unknown,8,may,125,3,-1,0,unknown,no
34,blue-collar,20000,single,secondary,yes,yes,-947,yes,no,unknown,8,may,211,3,-1,0,unknown,no
41,blue-collar,20000,married,primary,yes,no,191,yes,no,unknown,8,may,67,1,-1,0,unknown,no
36,blue-collar,20000,married,secondary,yes,no,-147,yes,no,unknown,8,may,156,1,-1,0,unknown,no
31,technician,60000,single,tertiary,no,no,703,yes,no,unknown,8,may,943,2,-1,0,unknown,yes
39,blue-collar,20000,married,primary,yes,no,70,no,no,unknown,8,may,813,1,-1,0,unknown,yes
36,technician,60000,married,secondary,yes,no,83,yes,no,unknown,8,may,178,1,-1,0,unknown,no
39,blue-collar,20000,married,secondary,yes,no,125,yes,no,unknown,8,may,142,1,-1,0,unknown,no
37,blue-collar,20000,married,primary,yes,no,190,yes,yes,unknown,8,may,194,1,-1,0,unknown,no
52,blue-collar,20000,married,secondary,yes,no,46,yes,no,unknown,8,may,132,1,-1,0,unknown,no
25,management,100000,single,tertiary,no,no,1348,yes,no,unknown,8,may,109,1,-1,0,unknown,no
42,technician,60000,married,secondary,yes,no,420,yes,no,unknown,8,may,94,1,-1,0,unknown,no
27,services,70000,divorced,secondary,yes,no,96,yes,no,unknown,8,may,31,1,-1,0,unknown,no
42,blue-collar,20000,married,primary,yes,no,271,yes,no,unknown,8,may,84,4,-1,0,unknown,no
29,admin.,50000,divorced,secondary,yes,no,1320,yes,yes,unknown,8,may,489,1,-1,0,unknown,no
38,blue-collar,20000,married,primary,yes,no,54,yes,no,unknown,8,may,180,1,-1,0,unknown,no
42,entrepreneur,120000,married,primary,yes,no,198,yes,no,unknown,8,may,314,1,-1,0,unknown,no
35,self-employed,60000,married,primary,yes,no,1094,yes,no,unknown,8,may,207,1,-1,0,unknown,no
41,management,100000,married,tertiary,yes,no,141,yes,yes,unknown,8,may,146,3,-1,0,unknown,no
57,retired,55000,married,primary,yes,no,207,yes,no,unknown,8,may,193,1,-1,0,unknown,no
36,blue-collar,20000,married,secondary,yes,no,-206,yes,no,unknown,8,may,177,2,-1,0,unknown,no
56,management,100000,divorced,tertiary,no,no,177,yes,no,unknown,8,may,1040,1,-1,0,unknown,no
33,blue-collar,20000,divorced,primary,yes,no,176,yes,no,unknown,8,may,622,1,-1,0,unknown,no
41,entrepreneur,120000,divorced,tertiary,no,no,-413,yes,no,unknown,8,may,170,2,-1,0,unknown,no
33,blue-collar,20000,married,primary,yes,no,-81,yes,no,unknown,8,may,267,1,-1,0,unknown,no
35,management,100000,divorced,tertiary,no,no,3837,yes,no,unknown,8,may,1084,1,-1,0,unknown,yes
43,management,100000,married,tertiary,yes,no,870,yes,yes,unknown,8,may,528,1,-1,0,unknown,no
36,admin.,50000,single,secondary,yes,no,206,yes,no,unknown,8,may,183,1,-1,0,unknown,no
37,technician,60000,married,secondary,yes,no,316,yes,no,unknown,8,may,238,1,-1,0,unknown,no
51,management,100000,married,primary,yes,yes,57,yes,yes,unknown,8,may,61,1,-1,0,unknown,no
28,housemaid,16000,divorced,primary,yes,no,1,yes,no,unknown,8,may,923,1,-1,0,unknown,no
43,blue-collar,20000,married,secondary,yes,yes,-7,no,no,unknown,8,may,70,1,-1,0,unknown,no
32,blue-collar,20000,single,primary,yes,no,611,yes,no,unknown,8,may,541,3,-1,0,unknown,yes
36,entrepreneur,120000,single,secondary,yes,no,157,yes,no,unknown,8,may,41,1,-1,0,unknown,no
33,unemployed,8000,single,secondary,yes,no,233,yes,no,unknown,8,may,221,4,-1,0,unknown,no
39,admin.,50000,married,secondary,yes,no,419,yes,yes,unknown,8,may,35,1,-1,0,unknown,no
28,blue-collar,20000,married,secondary,yes,no,134,yes,no,unknown,8,may,262,1,-1,0,unknown,no
26,technician,60000,single,secondary,yes,no,2087,no,no,unknown,8,may,151,1,-1,0,unknown,no
40,technician,60000,married,tertiary,yes,no,103,yes,no,unknown,8,may,135,2,-1,0,unknown,no
44,housemaid,16000,married,secondary,yes,no,281,yes,no,unknown,8,may,604,1,-1,0,unknown,no
34,management,100000,married,tertiary,yes,no,133,yes,no,unknown,8,may,65,1,-1,0,unknown,no
47,blue-collar,20000,married,primary,yes,no,1865,yes,no,unknown,8,may,380,3,-1,0,unknown,no
55,blue-collar,20000,single,tertiary,no,no,325,yes,no,unknown,8,may,693,1,-1,0,unknown,no
48,blue-collar,20000,divorced,primary,yes,no,-18,yes,no,unknown,8,may,11,1,-1,0,unknown,no
36,blue-collar,20000,single,primary,yes,no,49,yes,no,unknown,8,may,405,1,-1,0,unknown,no
31,management,100000,single,tertiary,no,no,7444,yes,yes,unknown,8,may,20,1,-1,0,unknown,no
30,management,100000,single,tertiary,no,no,59,yes,yes,unknown,8,may,202,1,-1,0,unknown,no
46,blue-collar,20000,married,primary,yes,no,45,yes,no,unknown,8,may,235,1,-1,0,unknown,no
30,admin.,50000,single,secondary,yes,no,387,yes,no,unknown,8,may,75,1,-1,0,unknown,no
32,blue-collar,20000,single,secondary,yes,no,5,yes,yes,unknown,8,may,134,1,-1,0,unknown,no
48,blue-collar,20000,single,unknown,no,no,71,yes,no,unknown,8,may,101,2,-1,0,unknown,no
48,admin.,50000,single,secondary,yes,no,96,yes,no,unknown,8,may,255,1,-1,0,unknown,no
36,services,70000,single,tertiary,no,no,72,yes,no,unknown,8,may,80,1,-1,0,unknown,no
41,admin.,50000,single,secondary,yes,no,1715,yes,no,unknown,8,may,462,1,-1,0,unknown,no
49,admin.,50000,single,primary,yes,no,181,yes,no,unknown,8,may,161,3,-1,0,unknown,no
26,blue-collar,20000,married,secondary,yes,yes,20,yes,no,unknown,8,may,200,1,-1,0,unknown,no
38,management,100000,married,secondary,yes,no,65,yes,no,unknown,8,may,56,1,-1,0,unknown,no
27,student,4000,single,secondary,yes,no,81,yes,no,unknown,8,may,238,1,-1,0,unknown,no
51,retired,55000,married,secondary,yes,no,226,yes,yes,unknown,8,may,418,1,-1,0,unknown,no
33,admin.,50000,divorced,secondary,yes,no,1128,yes,no,unknown,8,may,139,2,-1,0,unknown,no
53,unemployed,8000,married,secondary,yes,no,582,yes,no,unknown,8,may,96,2,-1,0,unknown,no
36,technician,60000,married,secondary,yes,no,5611,yes,no,unknown,8,may,39,1,-1,0,unknown,no
48,technician,60000,divorced,secondary,yes,no,177,yes,no,unknown,8,may,471,1,-1,0,unknown,no
27,admin.,50000,single,secondary,yes,no,181,yes,no,unknown,8,may,231,2,-1,0,unknown,no
42,technician,60000,married,secondary,yes,no,0,yes,no,unknown,8,may,66,2,-1,0,unknown,no
61,blue-collar,20000,married,primary,yes,no,734,yes,no,unknown,8,may,204,1,-1,0,unknown,no
31,self-employed,60000,married,tertiary,yes,no,322,yes,no,unknown,8,may,159,1,-1,0,unknown,no
37,blue-collar,20000,single,secondary,yes,no,134,yes,no,unknown,8,may,200,1,-1,0,unknown,no
34,entrepreneur,120000,married,tertiary,yes,no,10350,yes,no,unknown,8,may,187,3,-1,0,unknown,no
55,technician,60000,married,unknown,no,no,84,yes,no,unknown,8,may,166,1,-1,0,unknown,no
24,services,70000,married,secondary,yes,no,620,yes,no,unknown,8,may,144,1,-1,0,unknown,no
41,technician,60000,married,unknown,no,no,254,yes,no,unknown,8,may,690,1,-1,0,unknown,no
34,blue-collar,20000,single,primary,yes,no,0,yes,no,unknown,8,may,323,1,-1,0,unknown,no
29,blue-collar,20000,married,secondary,yes,no,5903,yes,no,unknown,8,may,194,1,-1,0,unknown,no
42,blue-collar,20000,single,primary,yes,no,134,yes,yes,unknown,8,may,82,1,-1,0,unknown,no
45,services,70000,married,secondary,yes,no,1381,yes,no,unknown,8,may,269,1,-1,0,unknown,no
49,management,100000,married,secondary,yes,no,104,yes,no,unknown,8,may,285,1,-1,0,unknown,no
26,blue-collar,20000,single,primary,yes,no,318,yes,no,unknown,8,may,101,1,-1,0,unknown,no
35,technician,60000,single,secondary,yes,no,2151,yes,no,unknown,8,may,294,1,-1,0,unknown,no
49,services,70000,married,secondary,yes,no,-8,yes,no,unknown,8,may,1119,1,-1,0,unknown,yes
44,blue-collar,20000,married,primary,yes,no,185,yes,no,unknown,8,may,249,1,-1,0,unknown,no
41,management,100000,married,tertiary,yes,no,1773,no,no,unknown,8,may,106,1,-1,0,unknown,no
50,blue-collar,20000,married,primary,yes,no,40,yes,no,unknown,8,may,152,1,-1,0,unknown,no
58,retired,55000,married,tertiary,yes,no,44,yes,no,unknown,8,may,12,2,-1,0,unknown,no
43,blue-collar,20000,married,secondary,yes,no,0,yes,no,unknown,8,may,187,1,-1,0,unknown,no
34,management,100000,married,tertiary,yes,no,0,yes,no,unknown,8,may,214,2,-1,0,unknown,no
57,admin.,50000,divorced,secondary,yes,no,3058,yes,no,unknown,8,may,268,1,-1,0,unknown,no
43,services,70000,divorced,secondary,yes,no,130,yes,no,unknown,8,may,193,1,-1,0,unknown,no
38,services,70000,married,secondary,yes,no,507,yes,no,unknown,8,may,95,1,-1,0,unknown,no
35,self-employed,60000,married,tertiary,yes,no,844,yes,no,unknown,8,may,60,1,-1,0,unknown,no
49,admin.,50000,married,primary,yes,no,458,yes,no,unknown,8,may,381,1,-1,0,unknown,no
33,blue-collar,20000,married,primary,yes,yes,-744,yes,no,unknown,8,may,206,1,-1,0,unknown,no
60,retired,55000,married,primary,yes,no,-2,yes,no,unknown,8,may,75,1,-1,0,unknown,no
33,technician,60000,single,tertiary,no,no,129,yes,no,unknown,8,may,128,1,-1,0,unknown,no
33,services,70000,divorced,secondary,yes,no,411,yes,no,unknown,8,may,216,1,-1,0,unknown,no
47,management,100000,married,tertiary,yes,no,643,yes,no,unknown,8,may,155,1,-1,0,unknown,no
37,technician,60000,single,unknown,no,no,391,yes,no,unknown,8,may,103,3,-1,0,unknown,no
34,blue-collar,20000,married,secondary,yes,no,80,yes,yes,unknown,8,may,494,1,-1,0,unknown,no
32,technician,60000,single,secondary,yes,no,10,yes,no,unknown,8,may,107,1,-1,0,unknown,no
36,admin.,50000,married,secondary,yes,no,114,yes,yes,unknown,8,may,147,1,-1,0,unknown,no
40,blue-collar,20000,single,secondary,yes,no,1,yes,no,unknown,8,may,190,1,-1,0,unknown,no
57,management,100000,married,tertiary,yes,no,1341,yes,no,unknown,8,may,339,2,-1,0,unknown,no
48,blue-collar,20000,married,primary,yes,no,4,yes,no,unknown,8,may,198,1,-1,0,unknown,no
26,blue-collar,20000,married,secondary,yes,no,2770,yes,no,unknown,8,may,141,1,-1,0,unknown,no
30,management,100000,single,tertiary,no,no,5956,yes,no,unknown,8,may,255,1,-1,0,unknown,no
41,admin.,50000,married,secondary,yes,no,55,yes,no,unknown,8,may,1120,2,-1,0,unknown,yes
30,self-employed,60000,married,secondary,yes,no,131,yes,no,unknown,8,may,306,1,-1,0,unknown,no
35,management,100000,married,tertiary,yes,no,1942,yes,no,unknown,8,may,249,1,-1,0,unknown,no
36,entrepreneur,120000,married,unknown,no,no,298,yes,no,unknown,8,may,215,1,-1,0,unknown,no
52,technician,60000,married,secondary,yes,no,291,no,no,unknown,8,may,143,1,-1,0,unknown,no
45,blue-collar,20000,married,primary,yes,no,85,yes,no,unknown,8,may,162,1,-1,0,unknown,no
35,management,100000,single,tertiary,no,no,797,yes,no,unknown,8,may,81,1,-1,0,unknown,no
46,blue-collar,20000,single,secondary,yes,no,152,yes,no,unknown,8,may,33,4,-1,0,unknown,no
39,blue-collar,20000,married,primary,yes,no,481,yes,no,unknown,8,may,204,1,-1,0,unknown,no
38,management,100000,married,tertiary,yes,no,66,yes,no,unknown,8,may,124,1,-1,0,unknown,no
38,blue-collar,20000,married,secondary,yes,no,4586,yes,no,unknown,8,may,784,1,-1,0,unknown,no
31,technician,60000,single,tertiary,no,no,1798,yes,no,unknown,8,may,393,1,-1,0,unknown,no
39,management,100000,single,tertiary,no,no,220,yes,no,unknown,8,may,87,2,-1,0,unknown,no
32,blue-collar,20000,married,secondary,yes,no,715,yes,no,unknown,8,may,108,2,-1,0,unknown,no
32,services,70000,married,secondary,yes,no,442,yes,no,unknown,8,may,207,1,-1,0,unknown,no
26,student,4000,single,secondary,yes,no,85,yes,no,unknown,8,may,278,2,-1,0,unknown,no
35,technician,60000,married,secondary,yes,no,319,yes,no,unknown,8,may,74,1,-1,0,unknown,no
26,blue-collar,20000,single,secondary,yes,no,-29,yes,no,unknown,8,may,196,1,-1,0,unknown,no
33,admin.,50000,single,secondary,yes,no,303,no,no,unknown,8,may,149,1,-1,0,unknown,no
41,unknown,0,single,primary,yes,no,2398,yes,no,unknown,8,may,287,2,-1,0,unknown,no
30,entrepreneur,120000,married,secondary,yes,no,31,no,no,unknown,8,may,229,1,-1,0,unknown,no
36,technician,60000,single,secondary,yes,no,1832,yes,no,unknown,8,may,154,1,-1,0,unknown,no
46,services,70000,married,secondary,yes,no,2019,yes,no,unknown,8,may,357,1,-1,0,unknown,no
30,blue-collar,20000,married,primary,yes,no,3,yes,no,unknown,8,may,147,1,-1,0,unknown,no
46,services,70000,married,secondary,yes,no,397,no,no,unknown,8,may,93,1,-1,0,unknown,no
38,technician,60000,married,tertiary,yes,no,1161,yes,no,unknown,8,may,665,1,-1,0,unknown,no
24,technician,60000,single,tertiary,no,no,777,yes,no,unknown,8,may,131,1,-1,0,unknown,no
41,management,100000,divorced,tertiary,no,no,47,yes,no,unknown,8,may,160,1,-1,0,unknown,no
28,technician,60000,married,primary,yes,no,-58,yes,no,unknown,8,may,74,1,-1,0,unknown,no
55,unemployed,8000,single,tertiary,no,no,1513,yes,no,unknown,8,may,60,1,-1,0,unknown,no
40,management,100000,married,tertiary,yes,no,121,no,no,unknown,8,may,82,1,-1,0,unknown,no
38,management,100000,divorced,tertiary,no,no,904,yes,no,unknown,8,may,475,1,-1,0,unknown,no
40,technician,60000,married,secondary,yes,no,697,yes,no,unknown,8,may,111,1,-1,0,unknown,no
54,services,70000,married,secondary,yes,no,841,yes,no,unknown,8,may,284,4,-1,0,unknown,no
49,housemaid,16000,married,secondary,yes,no,7317,yes,no,unknown,8,may,140,1,-1,0,unknown,no
44,blue-collar,20000,married,secondary,yes,no,-95,yes,no,unknown,8,may,110,1,-1,0,unknown,no
32,management,100000,single,tertiary,no,no,751,yes,no,unknown,8,may,64,1,-1,0,unknown,no
36,blue-collar,20000,married,primary,yes,no,250,yes,no,unknown,8,may,149,1,-1,0,unknown,no
35,technician,60000,single,secondary,yes,no,365,yes,no,unknown,8,may,256,2,-1,0,unknown,no
31,management,100000,single,tertiary,no,no,1315,yes,no,unknown,8,may,156,1,-1,0,unknown,no
34,technician,60000,married,secondary,yes,no,65,yes,no,unknown,8,may,63,3,-1,0,unknown,no
36,management,100000,married,tertiary,yes,no,1852,no,no,unknown,8,may,362,1,-1,0,unknown,no
44,admin.,50000,single,secondary,yes,no,-84,yes,no,unknown,8,may,32,3,-1,0,unknown,no
44,blue-collar,20000,single,secondary,yes,no,36,yes,no,unknown,8,may,712,1,-1,0,unknown,no
51,blue-collar,20000,married,unknown,no,no,125,yes,no,unknown,8,may,102,2,-1,0,unknown,no
36,blue-collar,20000,married,secondary,yes,no,0,no,no,unknown,8,may,338,2,-1,0,unknown,no
37,blue-collar,20000,married,secondary,yes,no,105,yes,no,unknown,8,may,69,2,-1,0,unknown,no
31,services,70000,married,secondary,yes,no,432,yes,no,unknown,8,may,446,1,-1,0,unknown,no
42,blue-collar,20000,married,primary,yes,no,555,yes,no,unknown,8,may,249,2,-1,0,unknown,no
55,entrepreneur,120000,married,primary,yes,no,-24,yes,no,unknown,8,may,176,1,-1,0,unknown,no
57,management,100000,married,tertiary,yes,no,2261,yes,no,unknown,8,may,1007,1,-1,0,unknown,no
33,services,70000,married,secondary,yes,no,804,yes,yes,unknown,8,may,266,1,-1,0,unknown,no
44,blue-collar,20000,married,secondary,yes,yes,-617,yes,no,unknown,8,may,172,1,-1,0,unknown,no
30,technician,60000,married,secondary,yes,no,-1,yes,no,unknown,8,may,323,1,-1,0,unknown,no
37,services,70000,married,secondary,yes,no,237,yes,no,unknown,8,may,175,1,-1,0,unknown,no
32,admin.,50000,married,secondary,yes,no,514,yes,no,unknown,8,may,459,1,-1,0,unknown,no
33,blue-collar,20000,married,secondary,yes,no,1988,yes,no,unknown,8,may,211,2,-1,0,unknown,no
31,technician,60000,single,tertiary,no,no,491,yes,no,unknown,8,may,237,1,-1,0,unknown,no
46,technician,60000,married,tertiary,yes,no,675,yes,no,unknown,8,may,50,1,-1,0,unknown,no
34,blue-collar,20000,single,secondary,yes,no,177,yes,no,unknown,8,may,500,1,-1,0,unknown,no
51,admin.,50000,divorced,secondary,yes,no,340,yes,no,unknown,8,may,186,1,-1,0,unknown,no
49,technician,60000,married,primary,yes,no,230,yes,no,unknown,8,may,96,1,-1,0,unknown,no
52,management,100000,single,tertiary,no,yes,0,no,no,unknown,8,may,98,1,-1,0,unknown,no
43,technician,60000,married,tertiary,yes,no,2331,yes,no,unknown,8,may,364,4,-1,0,unknown,no
35,blue-collar,20000,divorced,secondary,yes,no,0,yes,no,unknown,8,may,477,1,-1,0,unknown,no
27,student,4000,single,secondary,yes,no,217,yes,no,unknown,8,may,319,1,-1,0,unknown,no
43,blue-collar,20000,married,primary,yes,no,186,yes,no,unknown,8,may,178,1,-1,0,unknown,no
49,admin.,50000,divorced,secondary,yes,no,168,yes,yes,unknown,8,may,513,1,-1,0,unknown,yes
50,services,70000,divorced,secondary,yes,no,145,yes,no,unknown,8,may,170,1,-1,0,unknown,no
33,admin.,50000,divorced,secondary,yes,no,140,yes,no,unknown,8,may,139,1,-1,0,unknown,no
49,services,70000,married,secondary,yes,no,-22,yes,no,unknown,8,may,70,1,-1,0,unknown,no
50,technician,60000,married,secondary,yes,no,389,yes,no,unknown,8,may,110,1,-1,0,unknown,no
42,admin.,50000,married,secondary,yes,no,323,yes,yes,unknown,8,may,280,2,-1,0,unknown,no
28,services,70000,married,secondary,yes,no,6,yes,no,unknown,8,may,667,1,-1,0,unknown,no
41,technician,60000,married,secondary,yes,no,225,yes,yes,unknown,8,may,63,2,-1,0,unknown,no
34,services,70000,married,secondary,yes,no,142,yes,no,unknown,8,may,159,4,-1,0,unknown,no
58,blue-collar,20000,married,primary,yes,no,5,no,no,unknown,8,may,177,2,-1,0,unknown,no
46,blue-collar,20000,married,primary,yes,no,174,yes,yes,unknown,8,may,108,3,-1,0,unknown,no
46,blue-collar,20000,married,primary,yes,no,-768,yes,no,unknown,8,may,194,3,-1,0,unknown,no
42,blue-collar,20000,married,secondary,yes,no,30,no,no,unknown,8,may,366,2,-1,0,unknown,no
40,blue-collar,20000,married,primary,yes,no,968,yes,yes,unknown,8,may,213,1,-1,0,unknown,no
42,blue-collar,20000,divorced,secondary,yes,no,47,yes,yes,unknown,8,may,141,1,-1,0,unknown,no
33,entrepreneur,120000,married,secondary,yes,no,0,yes,yes,unknown,8,may,982,1,-1,0,unknown,no
27,services,70000,married,primary,yes,no,91,yes,no,unknown,8,may,168,2,-1,0,unknown,no
43,blue-collar,20000,married,primary,yes,no,-77,yes,no,unknown,8,may,468,1,-1,0,unknown,no
28,blue-collar,20000,married,unknown,no,no,486,yes,no,unknown,8,may,180,1,-1,0,unknown,no
34,blue-collar,20000,single,secondary,yes,no,341,yes,no,unknown,8,may,195,1,-1,0,unknown,no
37,services,70000,married,secondary,yes,no,50,yes,no,unknown,8,may,352,3,-1,0,unknown,no
41,services,70000,married,secondary,yes,no,205,yes,no,unknown,8,may,91,1,-1,0,unknown,no
39,admin.,50000,single,secondary,yes,no,762,yes,no,unknown,8,may,288,1,-1,0,unknown,no
37,technician,60000,single,tertiary,no,no,31,yes,no,unknown,8,may,72,1,-1,0,unknown,no
41,unemployed,8000,married,primary,yes,yes,-581,yes,no,unknown,8,may,218,2,-1,0,unknown,no
36,services,70000,single,secondary,yes,no,-45,yes,no,unknown,8,may,289,1,-1,0,unknown,no
51,blue-collar,20000,married,primary,yes,no,0,no,no,unknown,8,may,384,1,-1,0,unknown,no
28,self-employed,60000,married,tertiary,yes,no,120,yes,yes,unknown,8,may,130,3,-1,0,unknown,no
31,blue-collar,20000,married,secondary,yes,no,335,yes,no,unknown,8,may,226,1,-1,0,unknown,no
33,services,70000,married,secondary,yes,no,-232,yes,no,unknown,8,may,208,1,-1,0,unknown,no
28,admin.,50000,divorced,secondary,yes,no,785,yes,no,unknown,8,may,442,2,-1,0,unknown,yes
31,services,70000,married,secondary,yes,no,28,yes,no,unknown,8,may,101,1,-1,0,unknown,no
43,management,100000,single,tertiary,no,no,2067,yes,no,unknown,8,may,756,1,-1,0,unknown,yes
48,blue-collar,20000,married,primary,yes,no,448,yes,no,unknown,8,may,189,1,-1,0,unknown,no
26,student,4000,single,tertiary,no,no,37,yes,no,unknown,8,may,108,1,-1,0,unknown,no
34,technician,60000,single,tertiary,no,no,301,yes,no,unknown,8,may,205,1,-1,0,unknown,no
38,blue-collar,20000,married,primary,yes,no,668,no,no,unknown,8,may,238,1,-1,0,unknown,no
51,admin.,50000,divorced,secondary,yes,no,115,yes,yes,unknown,8,may,136,1,-1,0,unknown,no
49,admin.,50000,single,secondary,yes,no,275,no,no,unknown,8,may,14,1,-1,0,unknown,no
60,retired,55000,married,primary,yes,no,414,no,no,unknown,8,may,395,1,-1,0,unknown,no
32,management,100000,single,tertiary,no,no,3,yes,no,unknown,8,may,161,1,-1,0,unknown,no
36,admin.,50000,divorced,secondary,yes,no,496,no,no,unknown,8,may,269,3,-1,0,unknown,no
28,management,100000,single,tertiary,no,no,150,yes,no,unknown,8,may,491,1,-1,0,unknown,no
34,management,100000,single,tertiary,no,no,163,no,no,unknown,8,may,44,1,-1,0,unknown,no
40,admin.,50000,single,secondary,yes,no,1322,yes,no,unknown,8,may,26,1,-1,0,unknown,no
33,housemaid,16000,married,primary,yes,no,1713,yes,no,unknown,8,may,22,1,-1,0,unknown,no
37,admin.,50000,married,primary,yes,no,242,yes,no,unknown,8,may,161,8,-1,0,unknown,no
40,management,100000,married,tertiary,yes,no,-29,no,no,unknown,8,may,406,2,-1,0,unknown,no
59,retired,55000,divorced,tertiary,no,no,381,yes,no,unknown,8,may,422,4,-1,0,unknown,no
39,blue-collar,20000,single,secondary,yes,no,82,yes,no,unknown,8,may,147,5,-1,0,unknown,no
28,management,100000,single,tertiary,no,no,21,yes,no,unknown,8,may,219,3,-1,0,unknown,no
30,services,70000,married,secondary,yes,no,1801,yes,no,unknown,8,may,807,2,-1,0,unknown,no
40,blue-collar,20000,married,primary,yes,no,640,yes,yes,unknown,8,may,347,2,-1,0,unknown,no
28,blue-collar,20000,married,primary,yes,no,113,yes,no,unknown,8,may,534,2,-1,0,unknown,no
39,blue-collar,20000,married,secondary,yes,no,1042,yes,no,unknown,8,may,58,2,-1,0,unknown,no
44,services,70000,divorced,secondary,yes,no,240,yes,no,unknown,8,may,155,2,-1,0,unknown,no
39,services,70000,single,secondary,yes,no,-244,yes,no,unknown,8,may,152,2,-1,0,unknown,no
30,blue-collar,20000,married,primary,yes,no,70,yes,yes,unknown,8,may,461,3,-1,0,unknown,no
35,blue-collar,20000,married,secondary,yes,no,-339,yes,no,unknown,8,may,389,2,-1,0,unknown,no
31,management,100000,married,tertiary,yes,no,59,yes,no,unknown,8,may,314,3,-1,0,unknown,no
47,management,100000,married,primary,yes,no,1222,yes,no,unknown,8,may,28,3,-1,0,unknown,no
26,student,4000,single,unknown,no,no,-41,yes,no,unknown,8,may,229,2,-1,0,unknown,no
25,blue-collar,20000,single,secondary,yes,no,0,yes,no,unknown,8,may,30,2,-1,0,unknown,no
42,management,100000,married,tertiary,yes,no,6,yes,no,unknown,8,may,103,4,-1,0,unknown,no
30,blue-collar,20000,married,primary,yes,no,4,yes,no,unknown,8,may,32,2,-1,0,unknown,no
28,services,70000,married,secondary,yes,no,20,yes,yes,unknown,8,may,252,2,-1,0,unknown,no
46,admin.,50000,divorced,tertiary,no,no,846,yes,no,unknown,8,may,369,2,-1,0,unknown,no
43,blue-collar,20000,divorced,secondary,yes,no,338,yes,no,unknown,8,may,116,1,-1,0,unknown,no
38,technician,60000,married,unknown,no,no,90,yes,yes,unknown,8,may,20,2,-1,0,unknown,no
31,blue-collar,20000,married,primary,yes,no,406,yes,no,unknown,8,may,31,1,-1,0,unknown,no
29,services,70000,single,secondary,yes,no,2,no,no,unknown,8,may,190,1,-1,0,unknown,no
34,services,70000,married,secondary,yes,no,2211,no,no,unknown,8,may,149,1,-1,0,unknown,no
40,blue-collar,20000,married,primary,yes,no,87,yes,no,unknown,8,may,210,1,-1,0,unknown,no
30,technician,60000,single,tertiary,no,no,178,yes,no,unknown,8,may,234,1,-1,0,unknown,no
44,technician,60000,married,unknown,no,no,185,yes,yes,unknown,8,may,63,1,-1,0,unknown,no
38,blue-collar,20000,married,secondary,yes,no,-210,yes,no,unknown,8,may,21,1,-1,0,unknown,no
43,management,100000,divorced,tertiary,no,no,388,yes,no,unknown,8,may,2087,2,-1,0,unknown,yes
32,blue-collar,20000,married,secondary,yes,no,1,yes,no,unknown,8,may,102,1,-1,0,unknown,no
33,management,100000,married,secondary,yes,yes,879,yes,no,unknown,8,may,245,1,-1,0,unknown,no
32,blue-collar,20000,married,secondary,yes,no,214,yes,no,unknown,8,may,190,1,-1,0,unknown,no
40,technician,60000,married,unknown,no,no,698,yes,no,unknown,8,may,223,2,-1,0,unknown,no
34,management,100000,married,tertiary,yes,no,1601,yes,no,unknown,8,may,650,2,-1,0,unknown,no
30,blue-collar,20000,married,secondary,yes,no,717,yes,no,unknown,8,may,42,1,-1,0,unknown,no
53,blue-collar,20000,divorced,primary,yes,no,255,yes,no,unknown,8,may,206,2,-1,0,unknown,no
39,management,100000,single,tertiary,no,no,375,yes,no,unknown,8,may,66,2,-1,0,unknown,no
46,blue-collar,20000,married,primary,yes,no,587,yes,no,unknown,8,may,173,2,-1,0,unknown,no
32,management,100000,married,tertiary,yes,no,644,yes,yes,unknown,8,may,477,2,-1,0,unknown,no
60,technician,60000,married,unknown,no,no,0,yes,no,unknown,8,may,77,1,-1,0,unknown,no
40,management,100000,single,tertiary,no,no,-275,yes,no,unknown,8,may,219,2,-1,0,unknown,no
47,blue-collar,20000,married,secondary,yes,no,116,yes,no,unknown,8,may,376,2,-1,0,unknown,no
25,entrepreneur,120000,married,tertiary,yes,no,37,yes,yes,unknown,8,may,453,2,-1,0,unknown,no
44,blue-collar,20000,married,primary,yes,no,753,yes,no,unknown,8,may,151,2,-1,0,unknown,no
38,blue-collar,20000,single,primary,yes,no,162,yes,no,unknown,8,may,200,2,-1,0,unknown,no
45,admin.,50000,divorced,secondary,yes,no,984,yes,no,unknown,8,may,298,5,-1,0,unknown,no
34,blue-collar,20000,married,secondary,yes,no,199,yes,no,unknown,8,may,627,3,-1,0,unknown,no
36,services,70000,divorced,secondary,yes,no,241,yes,no,unknown,8,may,133,1,-1,0,unknown,no
30,blue-collar,20000,single,secondary,yes,no,648,yes,yes,unknown,8,may,287,1,-1,0,unknown,no
35,blue-collar,20000,single,secondary,yes,no,907,yes,yes,unknown,8,may,242,1,-1,0,unknown,no
39,unemployed,8000,divorced,secondary,yes,no,6322,no,no,unknown,8,may,184,1,-1,0,unknown,no
46,blue-collar,20000,married,secondary,yes,no,125,yes,yes,unknown,8,may,119,2,-1,0,unknown,no
36,self-employed,60000,married,primary,yes,no,90,yes,no,unknown,8,may,403,2,-1,0,unknown,no
22,technician,60000,single,secondary,yes,no,54,yes,yes,unknown,8,may,626,6,-1,0,unknown,no
26,blue-collar,20000,single,secondary,yes,no,-132,no,no,unknown,8,may,12,1,-1,0,unknown,no
48,admin.,50000,divorced,secondary,yes,no,267,no,no,unknown,8,may,266,1,-1,0,unknown,no
32,blue-collar,20000,married,primary,yes,no,289,yes,no,unknown,8,may,23,4,-1,0,unknown,no
58,self-employed,60000,divorced,secondary,yes,no,613,yes,no,unknown,8,may,154,2,-1,0,unknown,no
57,entrepreneur,120000,married,unknown,no,no,618,yes,no,unknown,8,may,10,7,-1,0,unknown,no
53,management,100000,married,tertiary,yes,no,1786,yes,no,unknown,8,may,66,2,-1,0,unknown,no
29,management,100000,divorced,tertiary,no,no,607,yes,yes,unknown,8,may,240,3,-1,0,unknown,no
34,services,70000,married,secondary,yes,no,586,yes,yes,unknown,8,may,224,2,-1,0,unknown,no
32,services,70000,single,secondary,yes,no,459,yes,no,unknown,8,may,202,2,-1,0,unknown,no
55,entrepreneur,120000,married,primary,yes,no,298,yes,no,unknown,8,may,144,3,-1,0,unknown,no
50,blue-collar,20000,divorced,primary,yes,no,134,no,no,unknown,8,may,263,2,-1,0,unknown,no
43,blue-collar,20000,married,primary,yes,no,34,yes,no,unknown,8,may,543,3,-1,0,unknown,no
44,services,70000,single,secondary,yes,no,1378,yes,no,unknown,8,may,257,2,-1,0,unknown,no
27,blue-collar,20000,married,tertiary,yes,no,417,yes,yes,unknown,8,may,237,2,-1,0,unknown,no
35,blue-collar,20000,married,secondary,yes,no,25,yes,no,unknown,8,may,23,5,-1,0,unknown,no
45,services,70000,married,secondary,yes,no,22,yes,no,unknown,8,may,209,3,-1,0,unknown,no
35,blue-collar,20000,single,primary,yes,no,398,yes,no,unknown,8,may,34,1,-1,0,unknown,no
49,blue-collar,20000,single,primary,yes,no,1164,yes,no,unknown,8,may,72,1,-1,0,unknown,no
34,management,100000,married,secondary,yes,no,487,yes,no,unknown,8,may,442,2,-1,0,unknown,no
46,admin.,50000,married,secondary,yes,no,1069,yes,no,unknown,8,may,45,2,-1,0,unknown,no
43,blue-collar,20000,married,primary,yes,no,-192,yes,no,unknown,8,may,1120,2,-1,0,unknown,yes
42,retired,55000,married,primary,yes,no,0,yes,no,unknown,8,may,186,2,-1,0,unknown,no
55,blue-collar,20000,married,primary,yes,no,332,yes,no,unknown,8,may,318,2,-1,0,unknown,no
37,blue-collar,20000,married,secondary,yes,no,121,yes,no,unknown,8,may,617,2,-1,0,unknown,no
31,blue-collar,20000,married,primary,yes,no,68,yes,no,unknown,8,may,226,1,-1,0,unknown,no
57,blue-collar,20000,divorced,primary,yes,no,-176,yes,no,unknown,8,may,275,1,-1,0,unknown,no
33,blue-collar,20000,married,secondary,yes,no,527,yes,yes,unknown,8,may,81,2,-1,0,unknown,no
43,services,70000,single,unknown,no,no,193,yes,no,unknown,8,may,74,7,-1,0,unknown,no
60,blue-collar,20000,divorced,primary,yes,no,7601,yes,no,unknown,8,may,285,1,-1,0,unknown,no
51,management,100000,married,tertiary,yes,no,751,no,no,unknown,8,may,261,5,-1,0,unknown,no
38,blue-collar,20000,single,unknown,no,no,495,yes,no,unknown,8,may,297,1,-1,0,unknown,no
37,technician,60000,single,secondary,yes,no,670,yes,no,unknown,8,may,78,3,-1,0,unknown,no
41,blue-collar,20000,single,secondary,yes,no,363,yes,no,unknown,8,may,183,3,-1,0,unknown,no
42,blue-collar,20000,married,secondary,yes,no,376,yes,no,unknown,8,may,15,1,-1,0,unknown,no
41,management,100000,divorced,tertiary,no,no,292,yes,no,unknown,8,may,352,2,-1,0,unknown,no
33,technician,60000,married,unknown,no,no,0,no,no,unknown,8,may,345,2,-1,0,unknown,no
32,admin.,50000,single,secondary,yes,no,184,yes,no,unknown,8,may,230,4,-1,0,unknown,no
30,services,70000,married,secondary,yes,no,80,yes,no,unknown,8,may,185,2,-1,0,unknown,no
43,technician,60000,married,secondary,yes,no,1824,yes,no,unknown,8,may,296,1,-1,0,unknown,no
30,blue-collar,20000,married,secondary,yes,no,2850,no,no,unknown,8,may,181,2,-1,0,unknown,no
37,blue-collar,20000,divorced,secondary,yes,no,48,yes,no,unknown,8,may,133,2,-1,0,unknown,no
34,management,100000,married,tertiary,yes,no,76,no,no,unknown,8,may,335,9,-1,0,unknown,no
32,unemployed,8000,single,tertiary,no,no,336,yes,no,unknown,8,may,139,1,-1,0,unknown,no
42,technician,60000,married,secondary,yes,no,0,no,yes,unknown,8,may,7,3,-1,0,unknown,no
35,technician,60000,single,secondary,yes,no,433,yes,no,unknown,8,may,163,2,-1,0,unknown,no
34,blue-collar,20000,married,secondary,yes,no,103,yes,yes,unknown,8,may,956,2,-1,0,unknown,no
50,blue-collar,20000,married,primary,yes,no,1164,yes,no,unknown,8,may,166,2,-1,0,unknown,no
34,blue-collar,20000,married,secondary,yes,no,129,yes,no,unknown,8,may,71,2,-1,0,unknown,no
38,services,70000,divorced,secondary,yes,no,5873,no,no,unknown,8,may,191,2,-1,0,unknown,no
28,blue-collar,20000,married,secondary,yes,no,0,yes,no,unknown,8,may,459,2,-1,0,unknown,no
55,blue-collar,20000,married,primary,yes,no,82,yes,no,unknown,8,may,292,2,-1,0,unknown,no
38,blue-collar,20000,married,primary,yes,no,362,yes,no,unknown,8,may,100,5,-1,0,unknown,no
31,blue-collar,20000,married,secondary,yes,no,186,yes,no,unknown,8,may,257,3,-1,0,unknown,no
57,admin.,50000,married,secondary,yes,no,1216,yes,no,unknown,8,may,255,6,-1,0,unknown,no
50,management,100000,divorced,tertiary,no,no,704,yes,no,unknown,8,may,233,2,-1,0,unknown,no
47,blue-collar,20000,married,primary,yes,no,205,yes,no,unknown,8,may,128,2,-1,0,unknown,no
39,blue-collar,20000,married,primary,yes,no,830,yes,no,unknown,8,may,246,2,-1,0,unknown,no
34,services,70000,married,secondary,yes,no,-315,yes,no,unknown,8,may,56,2,-1,0,unknown,no
41,technician,60000,married,secondary,yes,no,64,yes,yes,unknown,8,may,210,2,-1,0,unknown,no
59,entrepreneur,120000,married,tertiary,yes,no,-820,no,no,unknown,8,may,43,2,-1,0,unknown,no
35,self-employed,60000,single,tertiary,no,no,538,yes,yes,unknown,8,may,21,9,-1,0,unknown,no
31,technician,60000,single,tertiary,no,no,948,yes,no,unknown,8,may,91,2,-1,0,unknown,no
55,management,100000,married,tertiary,yes,no,1288,yes,no,unknown,8,may,67,2,-1,0,unknown,no
36,blue-collar,20000,married,unknown,no,no,70,yes,no,unknown,8,may,219,4,-1,0,unknown,no
41,management,100000,married,tertiary,yes,no,393,yes,no,unknown,8,may,110,2,-1,0,unknown,no
44,technician,60000,single,secondary,yes,no,365,yes,no,unknown,8,may,169,2,-1,0,unknown,no
40,blue-collar,20000,single,secondary,yes,no,879,yes,yes,unknown,8,may,248,3,-1,0,unknown,no
32,blue-collar,20000,married,secondary,yes,no,491,yes,no,unknown,8,may,223,2,-1,0,unknown,no
38,management,100000,single,tertiary,no,no,0,yes,no,unknown,8,may,92,3,-1,0,unknown,no
27,student,4000,single,secondary,yes,no,0,no,no,unknown,8,may,93,2,-1,0,unknown,no
33,unemployed,8000,married,secondary,yes,no,229,yes,no,unknown,8,may,205,4,-1,0,unknown,no
37,services,70000,married,secondary,yes,no,22,yes,yes,unknown,8,may,160,1,-1,0,unknown,no
40,management,100000,married,tertiary,yes,no,570,yes,no,unknown,8,may,105,2,-1,0,unknown,no
33,blue-collar,20000,single,secondary,yes,no,56,yes,no,unknown,8,may,112,2,-1,0,unknown,no
40,admin.,50000,single,secondary,yes,no,118,yes,no,unknown,8,may,383,3,-1,0,unknown,no
27,blue-collar,20000,married,secondary,yes,no,106,yes,no,unknown,8,may,207,2,-1,0,unknown,no
42,management,100000,single,tertiary,no,no,1768,yes,no,unknown,8,may,193,2,-1,0,unknown,no
41,blue-collar,20000,married,secondary,yes,no,213,yes,no,unknown,8,may,10,2,-1,0,unknown,no
37,unemployed,8000,single,secondary,yes,no,381,yes,no,unknown,8,may,985,2,-1,0,unknown,yes
38,unemployed,8000,married,primary,yes,no,1147,yes,yes,unknown,8,may,249,5,-1,0,unknown,no
44,blue-collar,20000,married,secondary,yes,no,373,yes,no,unknown,8,may,122,2,-1,0,unknown,no
31,blue-collar,20000,married,primary,yes,no,50,yes,no,unknown,8,may,300,2,-1,0,unknown,no
34,blue-collar,20000,married,secondary,yes,no,67,yes,yes,unknown,8,may,672,3,-1,0,unknown,no
46,blue-collar,20000,married,primary,yes,no,0,yes,yes,unknown,8,may,390,3,-1,0,unknown,no
33,admin.,50000,married,secondary,yes,no,61,yes,yes,unknown,8,may,116,2,-1,0,unknown,no
36,blue-collar,20000,married,secondary,yes,no,504,yes,no,unknown,8,may,481,2,-1,0,unknown,no
32,unemployed,8000,single,secondary,yes,no,177,yes,no,unknown,8,may,21,3,-1,0,unknown,no
27,technician,60000,single,secondary,yes,no,584,yes,no,unknown,8,may,192,2,-1,0,unknown,no
31,services,70000,married,primary,yes,no,-732,yes,no,unknown,8,may,6,2,-1,0,unknown,no
41,management,100000,single,tertiary,no,no,572,yes,no,unknown,8,may,8,2,-1,0,unknown,no
35,blue-collar,20000,married,primary,yes,no,105,yes,no,unknown,8,may,369,2,-1,0,unknown,no
50,technician,60000,single,tertiary,no,no,0,yes,no,unknown,8,may,393,2,-1,0,unknown,no
33,technician,60000,married,secondary,yes,no,832,yes,yes,unknown,8,may,246,3,-1,0,unknown,no
48,blue-collar,20000,married,primary,yes,no,2642,yes,no,unknown,8,may,330,3,-1,0,unknown,no
36,technician,60000,married,secondary,yes,no,195,yes,no,unknown,8,may,380,2,-1,0,unknown,no
29,housemaid,16000,single,secondary,yes,no,718,yes,no,unknown,8,may,91,3,-1,0,unknown,no
34,management,100000,married,tertiary,yes,no,336,yes,yes,unknown,8,may,84,2,-1,0,unknown,no
39,blue-collar,20000,married,primary,yes,no,332,yes,no,unknown,8,may,277,3,-1,0,unknown,no
32,management,100000,divorced,tertiary,no,no,1,yes,no,unknown,8,may,399,4,-1,0,unknown,no
59,retired,55000,divorced,primary,yes,no,-138,yes,yes,unknown,8,may,89,4,-1,0,unknown,no
50,blue-collar,20000,married,primary,yes,no,749,no,no,unknown,8,may,297,2,-1,0,unknown,no
37,admin.,50000,married,secondary,yes,no,14,yes,no,unknown,8,may,176,2,-1,0,unknown,no
33,unemployed,8000,single,secondary,yes,no,177,no,no,unknown,8,may,75,4,-1,0,unknown,no
52,blue-collar,20000,married,secondary,yes,no,557,no,no,unknown,8,may,111,3,-1,0,unknown,no
43,blue-collar,20000,married,primary,yes,no,126,yes,no,unknown,8,may,170,2,-1,0,unknown,no
53,blue-collar,20000,married,secondary,yes,no,359,no,yes,unknown,8,may,238,8,-1,0,unknown,no
37,blue-collar,20000,married,primary,yes,no,496,yes,no,unknown,8,may,137,2,-1,0,unknown,no
50,services,70000,single,secondary,yes,no,72,no,no,unknown,8,may,141,2,-1,0,unknown,no
53,blue-collar,20000,married,secondary,yes,no,175,yes,no,unknown,8,may,49,4,-1,0,unknown,no
47,blue-collar,20000,married,primary,yes,no,430,no,no,unknown,8,may,89,8,-1,0,unknown,no
48,technician,60000,divorced,tertiary,no,no,574,yes,no,unknown,8,may,341,2,-1,0,unknown,no
35,technician,60000,divorced,secondary,yes,no,69,yes,no,unknown,8,may,461,3,-1,0,unknown,no
42,self-employed,60000,married,secondary,yes,no,106,yes,no,unknown,8,may,515,3,-1,0,unknown,no
43,management,100000,divorced,tertiary,no,no,0,yes,no,unknown,8,may,123,2,-1,0,unknown,no
40,services,70000,single,secondary,yes,no,23,yes,no,unknown,8,may,179,5,-1,0,unknown,no
36,services,70000,married,secondary,yes,no,42,yes,no,unknown,8,may,102,4,-1,0,unknown,no
39,management,100000,married,tertiary,yes,no,429,yes,no,unknown,8,may,272,4,-1,0,unknown,no
32,blue-collar,20000,divorced,primary,yes,no,88,yes,no,unknown,8,may,17,3,-1,0,unknown,no
44,management,100000,divorced,tertiary,no,no,3932,yes,no,unknown,8,may,40,2,-1,0,unknown,no
43,technician,60000,divorced,secondary,yes,no,177,yes,no,unknown,8,may,209,3,-1,0,unknown,no
53,self-employed,60000,married,secondary,yes,no,468,yes,no,unknown,8,may,89,5,-1,0,unknown,no
41,services,70000,married,secondary,yes,no,639,yes,no,unknown,8,may,1187,2,-1,0,unknown,no
53,management,100000,married,tertiary,yes,no,2124,yes,no,unknown,8,may,123,2,-1,0,unknown,no
31,unemployed,8000,married,primary,yes,no,309,yes,no,unknown,8,may,104,3,-1,0,unknown,no
51,blue-collar,20000,married,primary,yes,no,202,yes,no,unknown,8,may,200,2,-1,0,unknown,no
32,blue-collar,20000,married,secondary,yes,no,20,yes,yes,unknown,8,may,117,3,-1,0,unknown,no
52,blue-collar,20000,married,secondary,yes,no,-17,yes,no,unknown,8,may,37,3,-1,0,unknown,no
41,management,100000,married,primary,yes,no,-417,yes,no,unknown,8,may,51,3,-1,0,unknown,no
30,management,100000,single,tertiary,no,no,528,yes,no,unknown,8,may,145,4,-1,0,unknown,no
32,management,100000,single,tertiary,no,no,394,yes,no,unknown,8,may,466,2,-1,0,unknown,no
31,blue-collar,20000,married,primary,yes,no,856,yes,no,unknown,8,may,303,3,-1,0,unknown,no
38,blue-collar,20000,married,secondary,yes,no,468,yes,no,unknown,8,may,101,2,-1,0,unknown,no
44,blue-collar,20000,married,secondary,yes,no,138,yes,no,unknown,8,may,283,3,-1,0,unknown,no
36,blue-collar,20000,married,secondary,yes,no,406,yes,no,unknown,8,may,826,3,-1,0,unknown,no
34,admin.,50000,married,tertiary,yes,no,221,yes,no,unknown,8,may,185,4,-1,0,unknown,no
40,admin.,50000,married,secondary,yes,no,523,yes,yes,unknown,8,may,598,3,-1,0,unknown,no
41,blue-collar,20000,married,primary,yes,no,-52,yes,no,unknown,8,may,120,5,-1,0,unknown,no
56,technician,60000,divorced,secondary,yes,no,397,yes,no,unknown,8,may,185,7,-1,0,unknown,no
39,blue-collar,20000,married,primary,yes,no,-432,yes,no,unknown,8,may,159,3,-1,0,unknown,no
34,blue-collar,20000,married,primary,yes,no,298,yes,no,unknown,8,may,220,2,-1,0,unknown,no
41,blue-collar,20000,single,secondary,yes,no,1080,yes,yes,unknown,8,may,192,4,-1,0,unknown,no
39,management,100000,single,tertiary,no,no,-85,yes,no,unknown,8,may,423,2,-1,0,unknown,no
33,admin.,50000,married,secondary,yes,no,4012,no,yes,unknown,8,may,337,4,-1,0,unknown,no
52,management,100000,divorced,secondary,yes,no,123,no,no,unknown,8,may,306,2,-1,0,unknown,no
26,management,100000,single,tertiary,no,no,498,yes,no,unknown,8,may,99,3,-1,0,unknown,no
54,unemployed,8000,married,secondary,yes,no,23,yes,no,unknown,8,may,27,3,-1,0,unknown,no
30,technician,60000,married,unknown,no,yes,-315,yes,no,unknown,8,may,201,2,-1,0,unknown,no
35,management,100000,married,tertiary,yes,yes,89,no,yes,unknown,8,may,166,3,-1,0,unknown,no
47,technician,60000,divorced,secondary,yes,no,699,yes,no,unknown,8,may,182,1,-1,0,unknown,no
53,blue-collar,20000,divorced,secondary,yes,no,145,yes,no,unknown,8,may,193,1,-1,0,unknown,no
29,blue-collar,20000,single,secondary,yes,no,-138,yes,yes,unknown,8,may,271,5,-1,0,unknown,no
36,technician,60000,married,tertiary,yes,no,491,yes,no,unknown,8,may,103,3,-1,0,unknown,no
35,management,100000,married,tertiary,yes,no,820,yes,no,unknown,8,may,287,4,-1,0,unknown,no
43,blue-collar,20000,married,secondary,yes,no,1376,yes,no,unknown,8,may,235,4,-1,0,unknown,no
38,blue-collar,20000,married,primary,yes,no,0,yes,no,unknown,8,may,732,2,-1,0,unknown,no
39,blue-collar,20000,married,secondary,yes,no,507,yes,no,unknown,8,may,136,2,-1,0,unknown,no
58,management,100000,married,secondary,yes,no,771,no,no,unknown,8,may,126,3,-1,0,unknown,no
33,services,70000,married,secondary,yes,no,310,yes,no,unknown,8,may,172,4,-1,0,unknown,no
60,blue-collar,20000,married,primary,yes,no,136,yes,no,unknown,8,may,43,2,-1,0,unknown,no
45,admin.,50000,married,secondary,yes,no,310,yes,no,unknown,8,may,191,2,-1,0,unknown,no
39,blue-collar,20000,married,primary,yes,no,813,yes,no,unknown,8,may,117,2,-1,0,unknown,no
35,management,100000,married,tertiary,yes,no,14,yes,yes,unknown,8,may,64,1,-1,0,unknown,no
41,blue-collar,20000,married,primary,yes,no,-97,yes,no,unknown,8,may,260,5,-1,0,unknown,no
40,services,70000,married,primary,yes,no,332,yes,no,unknown,8,may,149,1,-1,0,unknown,no
33,services,70000,married,secondary,yes,no,5034,yes,no,unknown,8,may,207,3,-1,0,unknown,no
32,admin.,50000,divorced,secondary,yes,no,281,yes,no,unknown,8,may,231,4,-1,0,unknown,no
44,management,100000,married,secondary,yes,no,576,yes,no,unknown,8,may,128,3,-1,0,unknown,no
34,management,100000,single,tertiary,no,no,1891,yes,no,unknown,9,may,162,5,-1,0,unknown,no
29,services,70000,single,secondary,yes,no,473,yes,yes,unknown,9,may,180,2,-1,0,unknown,no
49,blue-collar,20000,married,primary,yes,no,216,yes,no,unknown,9,may,144,2,-1,0,unknown,no
31,blue-collar,20000,married,secondary,yes,no,-13,yes,no,unknown,9,may,260,3,-1,0,unknown,no
47,admin.,50000,divorced,secondary,yes,no,162,yes,no,unknown,9,may,203,4,-1,0,unknown,no
34,blue-collar,20000,married,primary,yes,no,365,yes,no,unknown,9,may,85,2,-1,0,unknown,no
32,management,100000,single,tertiary,no,no,264,yes,no,unknown,9,may,211,2,-1,0,unknown,no
32,admin.,50000,single,tertiary,no,no,490,yes,no,unknown,9,may,94,2,-1,0,unknown,no
56,technician,60000,single,primary,yes,no,230,yes,no,unknown,9,may,122,4,-1,0,unknown,no
28,technician,60000,single,secondary,yes,no,-9,yes,yes,unknown,9,may,175,5,-1,0,unknown,no
35,technician,60000,single,secondary,yes,no,317,yes,no,unknown,9,may,292,2,-1,0,unknown,no
52,self-employed,60000,single,tertiary,no,no,458,yes,yes,unknown,9,may,132,5,-1,0,unknown,no
35,technician,60000,married,secondary,yes,no,19,yes,no,unknown,9,may,130,2,-1,0,unknown,no
32,blue-collar,20000,married,secondary,yes,no,536,yes,no,unknown,9,may,208,2,-1,0,unknown,no
42,management,100000,divorced,secondary,yes,no,117,yes,no,unknown,9,may,105,1,-1,0,unknown,no
51,blue-collar,20000,single,primary,yes,no,368,yes,no,unknown,9,may,205,1,-1,0,unknown,no
47,blue-collar,20000,married,secondary,yes,no,-98,yes,no,unknown,9,may,112,1,-1,0,unknown,no
34,services,70000,married,secondary,yes,no,627,yes,no,unknown,9,may,117,9,-1,0,unknown,no
45,admin.,50000,married,secondary,yes,no,180,yes,no,unknown,9,may,218,1,-1,0,unknown,no
31,technician,60000,divorced,secondary,yes,no,26,yes,no,unknown,9,may,62,1,-1,0,unknown,no
40,blue-collar,20000,married,primary,yes,no,2171,yes,no,unknown,9,may,97,1,-1,0,unknown,no
53,entrepreneur,120000,married,secondary,yes,no,-118,yes,no,unknown,9,may,101,3,-1,0,unknown,no
44,technician,60000,single,secondary,yes,no,1059,yes,no,unknown,9,may,286,1,-1,0,unknown,no
49,blue-collar,20000,married,primary,yes,no,186,yes,no,unknown,9,may,241,1,-1,0,unknown,no
47,services,70000,married,secondary,yes,no,1306,yes,no,unknown,9,may,252,4,-1,0,unknown,no
31,blue-collar,20000,married,primary,yes,no,3007,yes,no,unknown,9,may,283,1,-1,0,unknown,no
45,admin.,50000,single,secondary,yes,no,-88,yes,no,unknown,9,may,131,1,-1,0,unknown,no
30,blue-collar,20000,married,primary,yes,no,265,yes,yes,unknown,9,may,380,1,-1,0,unknown,no
40,blue-collar,20000,divorced,primary,yes,no,21,yes,no,unknown,9,may,584,1,-1,0,unknown,no
27,admin.,50000,single,unknown,no,no,230,yes,no,unknown,9,may,371,1,-1,0,unknown,no
28,admin.,50000,married,secondary,yes,no,252,yes,no,unknown,9,may,448,1,-1,0,unknown,no
28,admin.,50000,single,tertiary,no,no,422,yes,no,unknown,9,may,274,1,-1,0,unknown,no
44,blue-collar,20000,married,secondary,yes,no,85,yes,no,unknown,9,may,116,2,-1,0,unknown,no
35,management,100000,married,tertiary,yes,no,4286,yes,no,unknown,9,may,357,1,-1,0,unknown,no
29,blue-collar,20000,married,secondary,yes,no,0,no,no,unknown,9,may,215,1,-1,0,unknown,no
33,blue-collar,20000,divorced,primary,yes,no,60,no,no,unknown,9,may,131,1,-1,0,unknown,no
32,blue-collar,20000,married,secondary,yes,no,687,yes,no,unknown,9,may,61,1,-1,0,unknown,no
35,blue-collar,20000,single,secondary,yes,no,40,yes,no,unknown,9,may,617,4,-1,0,unknown,yes
31,technician,60000,single,tertiary,no,no,22,yes,no,unknown,9,may,483,3,-1,0,unknown,yes
36,technician,60000,single,secondary,yes,no,-333,yes,yes,unknown,9,may,847,1,-1,0,unknown,no
41,technician,60000,married,secondary,yes,no,483,yes,no,unknown,9,may,319,1,-1,0,unknown,no
35,blue-collar,20000,married,secondary,yes,no,503,yes,yes,unknown,9,may,57,2,-1,0,unknown,no
40,blue-collar,20000,married,secondary,yes,no,1245,yes,no,unknown,9,may,306,1,-1,0,unknown,no
42,blue-collar,20000,married,secondary,yes,no,117,yes,no,unknown,9,may,147,1,-1,0,unknown,no
34,technician,60000,single,tertiary,no,yes,33,yes,yes,unknown,9,may,244,1,-1,0,unknown,no
41,technician,60000,single,secondary,yes,no,-320,yes,no,unknown,9,may,128,1,-1,0,unknown,no
43,blue-collar,20000,divorced,primary,yes,no,49,yes,no,unknown,9,may,100,1,-1,0,unknown,no
37,management,100000,married,tertiary,yes,no,0,yes,no,unknown,9,may,59,1,-1,0,unknown,no
26,blue-collar,20000,single,secondary,yes,no,100,yes,no,unknown,9,may,24,1,-1,0,unknown,no
32,housemaid,16000,married,primary,yes,no,344,yes,no,unknown,9,may,85,2,-1,0,unknown,no
51,blue-collar,20000,married,secondary,yes,no,-286,yes,no,unknown,9,may,70,1,-1,0,unknown,no
38,blue-collar,20000,single,secondary,yes,no,57,yes,no,unknown,9,may,21,1,-1,0,unknown,no
51,unemployed,8000,divorced,secondary,yes,no,370,no,no,unknown,9,may,167,1,-1,0,unknown,no
49,services,70000,divorced,secondary,yes,no,470,yes,no,unknown,9,may,659,2,-1,0,unknown,no
31,housemaid,16000,married,secondary,yes,no,0,yes,no,unknown,9,may,327,2,-1,0,unknown,no
33,blue-collar,20000,married,primary,yes,no,767,yes,no,unknown,9,may,296,3,-1,0,unknown,no
30,admin.,50000,single,unknown,no,yes,1,no,no,unknown,9,may,307,1,-1,0,unknown,no
33,technician,60000,married,secondary,yes,no,0,no,no,unknown,9,may,120,1,-1,0,unknown,no
41,unemployed,8000,married,secondary,yes,no,121,yes,no,unknown,9,may,390,2,-1,0,unknown,no
37,blue-collar,20000,married,secondary,yes,no,190,yes,no,unknown,9,may,83,2,-1,0,unknown,no
33,blue-collar,20000,married,primary,yes,no,120,yes,no,unknown,9,may,250,1,-1,0,unknown,no
32,services,70000,married,secondary,yes,no,2068,yes,yes,unknown,9,may,143,1,-1,0,unknown,no
46,technician,60000,married,secondary,yes,no,332,yes,no,unknown,9,may,772,1,-1,0,unknown,yes
34,management,100000,single,tertiary,no,no,-322,no,no,unknown,9,may,198,1,-1,0,unknown,no
32,blue-collar,20000,married,primary,yes,no,274,yes,no,unknown,9,may,21,3,-1,0,unknown,no
43,blue-collar,20000,single,secondary,yes,no,3,yes,no,unknown,9,may,929,3,-1,0,unknown,yes
28,blue-collar,20000,married,secondary,yes,no,6,yes,no,unknown,9,may,254,1,-1,0,unknown,no
46,technician,60000,divorced,tertiary,no,no,288,yes,no,unknown,9,may,166,1,-1,0,unknown,no
52,services,70000,divorced,primary,yes,no,146,yes,no,unknown,9,may,93,1,-1,0,unknown,no
34,blue-collar,20000,married,secondary,yes,no,286,yes,no,unknown,9,may,134,2,-1,0,unknown,no
27,technician,60000,divorced,secondary,yes,no,114,yes,yes,unknown,9,may,375,2,-1,0,unknown,no
32,technician,60000,single,tertiary,no,no,190,yes,yes,unknown,9,may,352,1,-1,0,unknown,no
37,blue-collar,20000,single,secondary,yes,no,111,yes,no,unknown,9,may,217,2,-1,0,unknown,no
29,management,100000,married,tertiary,yes,no,246,yes,no,unknown,9,may,45,1,-1,0,unknown,no
40,housemaid,16000,divorced,secondary,yes,no,108,no,no,unknown,9,may,93,1,-1,0,unknown,no
47,technician,60000,married,primary,yes,no,187,yes,no,unknown,9,may,165,1,-1,0,unknown,no
34,blue-collar,20000,married,secondary,yes,no,457,yes,no,unknown,9,may,266,1,-1,0,unknown,no
25,admin.,50000,single,secondary,yes,no,131,yes,yes,unknown,9,may,237,1,-1,0,unknown,no
30,management,100000,married,tertiary,yes,no,1825,yes,no,unknown,9,may,164,1,-1,0,unknown,no
31,admin.,50000,married,secondary,yes,no,307,yes,no,unknown,9,may,538,1,-1,0,unknown,yes
35,blue-collar,20000,married,secondary,yes,yes,-198,yes,no,unknown,9,may,72,2,-1,0,unknown,no
32,blue-collar,20000,divorced,secondary,yes,no,739,yes,no,unknown,9,may,171,1,-1,0,unknown,no
28,blue-collar,20000,single,secondary,yes,no,759,yes,no,unknown,9,may,710,1,-1,0,unknown,yes
27,services,70000,single,secondary,yes,no,777,yes,no,unknown,9,may,131,3,-1,0,unknown,no
37,blue-collar,20000,married,primary,yes,no,378,yes,no,unknown,9,may,514,1,-1,0,unknown,no
35,blue-collar,20000,single,primary,yes,no,337,yes,no,unknown,9,may,127,1,-1,0,unknown,no
34,blue-collar,20000,married,primary,yes,no,-78,yes,no,unknown,9,may,198,1,-1,0,unknown,no
31,admin.,50000,married,secondary,yes,no,355,yes,no,unknown,9,may,239,1,-1,0,unknown,no
36,management,100000,divorced,tertiary,no,no,133,yes,no,unknown,9,may,117,1,-1,0,unknown,no
38,technician,60000,married,secondary,yes,no,32,yes,no,unknown,9,may,705,1,-1,0,unknown,no
25,services,70000,married,secondary,yes,no,55,yes,yes,unknown,9,may,155,1,-1,0,unknown,no
51,management,100000,single,tertiary,no,no,417,yes,no,unknown,9,may,18,1,-1,0,unknown,no
26,blue-collar,20000,single,secondary,yes,no,153,yes,no,unknown,9,may,386,1,-1,0,unknown,no
40,retired,55000,married,tertiary,yes,no,794,no,no,unknown,9,may,138,1,-1,0,unknown,no
26,services,70000,single,secondary,yes,no,187,yes,no,unknown,9,may,341,1,-1,0,unknown,no
36,services,70000,married,secondary,yes,no,335,yes,no,unknown,9,may,339,2,-1,0,unknown,no
59,blue-collar,20000,married,secondary,yes,no,1407,yes,no,unknown,9,may,232,1,-1,0,unknown,no
26,blue-collar,20000,single,secondary,yes,no,-116,yes,yes,unknown,9,may,208,1,-1,0,unknown,no
49,self-employed,60000,married,tertiary,yes,no,1842,yes,no,unknown,9,may,124,2,-1,0,unknown,no
33,blue-collar,20000,married,primary,yes,no,329,yes,no,unknown,9,may,44,1,-1,0,unknown,no
31,blue-collar,20000,married,secondary,yes,no,428,yes,no,unknown,9,may,75,1,-1,0,unknown,no
59,management,100000,single,secondary,yes,no,181,yes,no,unknown,9,may,485,1,-1,0,unknown,no
38,entrepreneur,120000,married,secondary,yes,no,2139,yes,no,unknown,9,may,576,1,-1,0,unknown,no
37,services,70000,single,secondary,yes,no,253,yes,yes,unknown,9,may,280,1,-1,0,unknown,no
31,unemployed,8000,single,tertiary,no,no,133,yes,no,unknown,9,may,480,2,-1,0,unknown,no
54,retired,55000,married,secondary,yes,no,785,yes,no,unknown,9,may,86,2,-1,0,unknown,no
41,blue-collar,20000,married,primary,yes,no,-45,yes,yes,unknown,9,may,121,4,-1,0,unknown,no
44,management,100000,married,tertiary,yes,no,223,yes,no,unknown,9,may,93,2,-1,0,unknown,no
28,admin.,50000,single,secondary,yes,no,2831,yes,no,unknown,9,may,211,3,-1,0,unknown,no
22,student,4000,single,secondary,yes,no,2412,yes,no,unknown,9,may,238,2,-1,0,unknown,no
31,blue-collar,20000,married,primary,yes,no,11,yes,no,unknown,9,may,399,3,-1,0,unknown,no
36,services,70000,married,secondary,yes,no,211,yes,no,unknown,9,may,93,2,-1,0,unknown,no
37,admin.,50000,divorced,secondary,yes,no,34,yes,no,unknown,9,may,144,3,-1,0,unknown,no
54,admin.,50000,married,secondary,yes,no,222,yes,no,unknown,9,may,45,2,-1,0,unknown,no
28,management,100000,single,tertiary,no,no,3285,yes,no,unknown,9,may,98,1,-1,0,unknown,no
42,blue-collar,20000,married,primary,yes,no,-67,yes,no,unknown,9,may,128,1,-1,0,unknown,no
35,technician,60000,single,tertiary,no,no,670,yes,no,unknown,9,may,106,1,-1,0,unknown,no
29,admin.,50000,married,secondary,yes,no,0,yes,no,unknown,9,may,121,1,-1,0,unknown,no
59,blue-collar,20000,single,primary,yes,no,96,yes,no,unknown,9,may,123,1,-1,0,unknown,no
46,blue-collar,20000,married,secondary,yes,no,-3,yes,no,unknown,9,may,92,2,-1,0,unknown,no
32,self-employed,60000,single,secondary,yes,no,123,yes,no,unknown,9,may,278,1,-1,0,unknown,no
43,management,100000,divorced,tertiary,no,no,443,yes,no,unknown,9,may,219,1,-1,0,unknown,no
41,blue-collar,20000,married,primary,yes,no,406,yes,no,unknown,9,may,2462,1,-1,0,unknown,no
31,admin.,50000,married,secondary,yes,no,535,no,no,unknown,9,may,249,3,-1,0,unknown,no
26,services,70000,single,secondary,yes,no,302,yes,no,unknown,9,may,210,1,-1,0,unknown,no
29,blue-collar,20000,married,primary,yes,yes,-43,yes,no,unknown,9,may,484,1,-1,0,unknown,no
31,services,70000,married,secondary,yes,no,-346,no,no,unknown,9,may,187,1,-1,0,unknown,no
37,blue-collar,20000,divorced,secondary,yes,no,-271,yes,no,unknown,9,may,172,1,-1,0,unknown,no
35,technician,60000,married,secondary,yes,no,55,yes,no,unknown,9,may,79,4,-1,0,unknown,no
31,technician,60000,single,tertiary,no,no,375,yes,no,unknown,9,may,207,1,-1,0,unknown,no
30,blue-collar,20000,married,secondary,yes,no,-2,yes,no,unknown,9,may,136,2,-1,0,unknown,no
29,blue-collar,20000,single,primary,yes,no,-680,yes,no,unknown,9,may,117,2,-1,0,unknown,no
29,admin.,50000,divorced,secondary,yes,no,0,no,no,unknown,9,may,393,1,-1,0,unknown,no
39,blue-collar,20000,single,secondary,yes,no,217,yes,no,unknown,9,may,107,1,-1,0,unknown,no
31,blue-collar,20000,single,secondary,yes,no,160,yes,no,unknown,9,may,25,1,-1,0,unknown,no
27,management,100000,single,tertiary,no,no,118,yes,no,unknown,9,may,132,3,-1,0,unknown,no
22,admin.,50000,single,secondary,yes,no,-1,yes,no,unknown,9,may,136,1,-1,0,unknown,no
31,management,100000,single,secondary,yes,no,453,yes,no,unknown,9,may,384,2,-1,0,unknown,no
39,blue-collar,20000,single,secondary,yes,no,169,yes,no,unknown,9,may,38,1,-1,0,unknown,no
25,admin.,50000,single,secondary,yes,no,787,yes,no,unknown,9,may,164,1,-1,0,unknown,no
27,self-employed,60000,single,secondary,yes,no,78,yes,no,unknown,9,may,825,1,-1,0,unknown,no
28,technician,60000,single,tertiary,no,no,2269,yes,no,unknown,9,may,331,1,-1,0,unknown,no
31,unemployed,8000,married,primary,yes,no,213,yes,no,unknown,9,may,479,2,-1,0,unknown,no
46,technician,60000,divorced,secondary,yes,no,164,yes,no,unknown,9,may,229,2,-1,0,unknown,no
37,blue-collar,20000,married,secondary,yes,no,934,no,no,unknown,9,may,258,2,-1,0,unknown,no
27,services,70000,single,secondary,yes,no,4,yes,yes,unknown,9,may,490,1,-1,0,unknown,no
34,unemployed,8000,divorced,secondary,yes,no,354,yes,no,unknown,9,may,308,1,-1,0,unknown,no
30,technician,60000,single,secondary,yes,no,23,yes,no,unknown,9,may,137,1,-1,0,unknown,no
23,student,4000,single,secondary,yes,no,318,yes,no,unknown,9,may,545,2,-1,0,unknown,no
33,technician,60000,divorced,secondary,yes,yes,-305,no,yes,unknown,9,may,109,1,-1,0,unknown,no
43,admin.,50000,married,secondary,yes,no,616,yes,no,unknown,9,may,168,2,-1,0,unknown,no
50,blue-collar,20000,married,primary,yes,no,2590,yes,no,unknown,9,may,257,6,-1,0,unknown,no
31,technician,60000,married,secondary,yes,no,1868,yes,no,unknown,9,may,213,2,-1,0,unknown,no
32,blue-collar,20000,single,secondary,yes,no,-578,no,no,unknown,9,may,115,1,-1,0,unknown,no
32,admin.,50000,single,secondary,yes,no,-227,yes,yes,unknown,9,may,646,1,-1,0,unknown,no
37,technician,60000,divorced,secondary,yes,no,1981,yes,no,unknown,9,may,106,1,-1,0,unknown,no
60,management,100000,divorced,unknown,no,no,404,yes,no,unknown,9,may,95,2,-1,0,unknown,no
47,blue-collar,20000,divorced,secondary,yes,no,65,yes,no,unknown,9,may,205,1,-1,0,unknown,no
32,blue-collar,20000,married,secondary,yes,yes,-1,yes,no,unknown,9,may,653,1,-1,0,unknown,yes
34,services,70000,married,secondary,yes,no,-68,yes,no,unknown,9,may,122,1,-1,0,unknown,no
36,blue-collar,20000,divorced,unknown,no,no,0,yes,no,unknown,9,may,377,1,-1,0,unknown,no
28,services,70000,single,secondary,yes,no,229,yes,no,unknown,9,may,322,1,-1,0,unknown,no
31,services,70000,divorced,secondary,yes,no,1656,yes,no,unknown,9,may,208,3,-1,0,unknown,no
43,housemaid,16000,married,primary,yes,no,1342,yes,yes,unknown,9,may,46,2,-1,0,unknown,no
32,unemployed,8000,single,secondary,yes,no,331,yes,no,unknown,9,may,211,2,-1,0,unknown,no
31,services,70000,married,secondary,yes,no,238,yes,yes,unknown,9,may,156,2,-1,0,unknown,no
56,admin.,50000,married,primary,yes,no,202,yes,no,unknown,9,may,178,2,-1,0,unknown,no
34,management,100000,single,tertiary,no,no,318,yes,no,unknown,9,may,133,2,-1,0,unknown,no
46,technician,60000,single,secondary,yes,yes,-1124,yes,yes,unknown,9,may,206,2,-1,0,unknown,no
27,admin.,50000,single,secondary,yes,no,662,yes,no,unknown,9,may,544,1,-1,0,unknown,no
33,blue-collar,20000,married,secondary,yes,no,1790,yes,yes,unknown,9,may,143,1,-1,0,unknown,no
35,blue-collar,20000,married,primary,yes,no,198,yes,no,unknown,9,may,471,2,-1,0,unknown,no
29,management,100000,single,tertiary,no,no,726,yes,no,unknown,9,may,200,3,-1,0,unknown,no
39,management,100000,married,tertiary,yes,no,183,yes,no,unknown,9,may,324,2,-1,0,unknown,no
48,blue-collar,20000,married,secondary,yes,no,149,yes,no,unknown,9,may,71,1,-1,0,unknown,no
58,blue-collar,20000,married,primary,yes,no,-91,yes,no,unknown,9,may,164,5,-1,0,unknown,no
36,blue-collar,20000,married,secondary,yes,no,-9,yes,no,unknown,9,may,137,3,-1,0,unknown,no
33,blue-collar,20000,married,primary,yes,no,134,yes,no,unknown,9,may,91,2,-1,0,unknown,no
32,management,100000,married,tertiary,yes,no,0,no,no,unknown,9,may,280,1,-1,0,unknown,no
32,entrepreneur,120000,single,tertiary,no,no,6259,yes,no,unknown,9,may,230,2,-1,0,unknown,no
31,admin.,50000,married,secondary,yes,no,27,no,yes,unknown,9,may,63,1,-1,0,unknown,no
30,blue-collar,20000,single,primary,yes,no,383,yes,no,unknown,9,may,135,1,-1,0,unknown,no
30,management,100000,single,tertiary,no,no,1108,yes,yes,unknown,9,may,261,1,-1,0,unknown,no
40,blue-collar,20000,married,primary,yes,no,117,yes,no,unknown,9,may,215,2,-1,0,unknown,no
35,blue-collar,20000,married,primary,yes,no,108,yes,no,unknown,9,may,200,4,-1,0,unknown,no
42,blue-collar,20000,married,primary,yes,no,479,yes,no,unknown,9,may,391,2,-1,0,unknown,no
60,technician,60000,married,primary,yes,no,65,yes,no,unknown,9,may,1028,2,-1,0,unknown,yes
28,services,70000,single,secondary,yes,no,234,no,no,unknown,9,may,107,3,-1,0,unknown,no
29,admin.,50000,single,secondary,yes,no,-53,yes,no,unknown,9,may,108,2,-1,0,unknown,no
33,unemployed,8000,married,secondary,yes,no,-131,yes,yes,unknown,9,may,145,2,-1,0,unknown,no
23,services,70000,single,secondary,yes,no,-39,yes,yes,unknown,9,may,142,2,-1,0,unknown,no
34,blue-collar,20000,married,primary,yes,no,139,yes,no,unknown,9,may,106,1,-1,0,unknown,no
29,services,70000,single,secondary,yes,no,262,yes,no,unknown,9,may,134,1,-1,0,unknown,no
32,blue-collar,20000,single,secondary,yes,no,160,yes,no,unknown,9,may,190,1,-1,0,unknown,no
55,services,70000,married,secondary,yes,no,186,yes,yes,unknown,9,may,241,1,-1,0,unknown,no
39,retired,55000,single,primary,yes,no,-79,no,no,unknown,9,may,180,1,-1,0,unknown,no
37,admin.,50000,single,secondary,yes,no,1113,yes,no,unknown,9,may,237,1,-1,0,unknown,no
26,blue-collar,20000,single,secondary,yes,no,82,yes,no,unknown,9,may,654,1,-1,0,unknown,yes
35,management,100000,divorced,tertiary,no,no,321,yes,no,unknown,9,may,189,1,-1,0,unknown,no
26,management,100000,single,tertiary,no,no,1326,yes,no,unknown,9,may,70,1,-1,0,unknown,no
34,technician,60000,single,tertiary,no,no,2257,yes,no,unknown,9,may,62,1,-1,0,unknown,no
55,blue-collar,20000,married,primary,yes,no,1373,no,no,unknown,9,may,1087,2,-1,0,unknown,no
39,services,70000,married,secondary,yes,no,304,yes,yes,unknown,9,may,323,1,-1,0,unknown,no
27,student,4000,married,tertiary,yes,no,659,yes,no,unknown,9,may,111,2,-1,0,unknown,no
30,entrepreneur,120000,single,secondary,yes,no,491,yes,no,unknown,9,may,197,4,-1,0,unknown,no
28,management,100000,single,unknown,no,yes,101,yes,no,unknown,9,may,224,3,-1,0,unknown,no
33,blue-collar,20000,single,secondary,yes,no,33,yes,no,unknown,9,may,557,1,-1,0,unknown,no
43,management,100000,married,tertiary,yes,no,291,yes,no,unknown,9,may,150,2,-1,0,unknown,no
50,services,70000,married,tertiary,yes,no,218,yes,no,unknown,9,may,388,2,-1,0,unknown,no
26,blue-collar,20000,single,primary,yes,no,102,yes,no,unknown,9,may,89,1,-1,0,unknown,no
33,blue-collar,20000,married,secondary,yes,no,88,yes,no,unknown,9,may,57,2,-1,0,unknown,no
47,blue-collar,20000,married,primary,yes,no,94,yes,no,unknown,9,may,209,3,-1,0,unknown,no
33,management,100000,single,secondary,yes,no,-665,yes,yes,unknown,9,may,188,1,-1,0,unknown,no
34,blue-collar,20000,married,secondary,yes,yes,-331,yes,yes,unknown,9,may,342,1,-1,0,unknown,no
33,blue-collar,20000,single,secondary,yes,no,550,yes,no,unknown,9,may,84,1,-1,0,unknown,no
23,student,4000,single,secondary,yes,no,151,yes,no,unknown,9,may,97,1,-1,0,unknown,no
29,self-employed,60000,single,tertiary,no,no,5406,no,no,unknown,9,may,530,2,-1,0,unknown,no
33,blue-collar,20000,married,secondary,yes,no,269,yes,no,unknown,9,may,365,1,-1,0,unknown,no
41,management,100000,married,unknown,no,no,2457,yes,no,unknown,9,may,285,1,-1,0,unknown,no
27,blue-collar,20000,single,secondary,yes,no,45,yes,no,unknown,9,may,352,1,-1,0,unknown,no
34,blue-collar,20000,single,secondary,yes,no,610,yes,no,unknown,9,may,316,3,-1,0,unknown,no
53,management,100000,married,secondary,yes,no,-133,yes,no,unknown,9,may,126,2,-1,0,unknown,no
34,management,100000,single,secondary,yes,no,66,yes,no,unknown,9,may,76,2,-1,0,unknown,no
40,blue-collar,20000,married,secondary,yes,no,10,yes,no,unknown,9,may,1692,2,-1,0,unknown,yes
27,blue-collar,20000,married,tertiary,yes,no,350,no,no,unknown,9,may,24,1,-1,0,unknown,no
33,services,70000,married,tertiary,yes,no,546,yes,yes,unknown,9,may,253,1,-1,0,unknown,no
40,technician,60000,single,secondary,yes,no,360,yes,no,unknown,9,may,73,1,-1,0,unknown,no
21,student,4000,single,secondary,yes,no,6,no,no,unknown,9,may,622,1,-1,0,unknown,no
31,blue-collar,20000,married,secondary,yes,no,0,yes,no,unknown,9,may,133,1,-1,0,unknown,no
51,blue-collar,20000,married,secondary,yes,no,22,yes,yes,unknown,9,may,178,1,-1,0,unknown,no
26,technician,60000,single,secondary,yes,no,57,yes,no,unknown,9,may,404,2,-1,0,unknown,no
26,management,100000,married,primary,yes,no,1349,yes,no,unknown,9,may,275,1,-1,0,unknown,no
32,admin.,50000,single,secondary,yes,no,708,no,no,unknown,9,may,109,1,-1,0,unknown,no
31,blue-collar,20000,married,secondary,yes,no,1329,yes,yes,unknown,9,may,134,1,-1,0,unknown,no
27,unemployed,8000,married,primary,yes,no,7459,yes,no,unknown,9,may,407,2,-1,0,unknown,no
58,retired,55000,divorced,primary,yes,no,47,yes,no,unknown,9,may,225,1,-1,0,unknown,no
39,services,70000,married,unknown,no,no,-516,yes,no,unknown,9,may,86,2,-1,0,unknown,no
30,services,70000,married,secondary,yes,no,0,yes,no,unknown,9,may,20,1,-1,0,unknown,no
29,technician,60000,single,tertiary,no,no,433,yes,no,unknown,9,may,247,1,-1,0,unknown,no
38,technician,60000,married,secondary,yes,yes,9,yes,no,unknown,9,may,129,3,-1,0,unknown,no
29,management,100000,married,tertiary,yes,no,-6,yes,no,unknown,9,may,324,1,-1,0,unknown,no
28,blue-collar,20000,single,secondary,yes,no,-197,yes,no,unknown,9,may,2016,2,-1,0,unknown,yes
41,blue-collar,20000,single,secondary,yes,no,184,yes,no,unknown,9,may,1054,2,-1,0,unknown,no
43,blue-collar,20000,married,primary,yes,no,336,yes,no,unknown,9,may,256,5,-1,0,unknown,no
43,blue-collar,20000,single,primary,yes,no,36,yes,no,unknown,9,may,163,2,-1,0,unknown,no
37,technician,60000,married,secondary,yes,no,277,yes,no,unknown,9,may,251,2,-1,0,unknown,no
46,blue-collar,20000,divorced,primary,yes,no,452,yes,no,unknown,9,may,113,4,-1,0,unknown,no
53,blue-collar,20000,married,secondary,yes,no,-135,yes,no,unknown,9,may,193,2,-1,0,unknown,no
28,blue-collar,20000,single,secondary,yes,no,7,yes,yes,unknown,9,may,125,3,-1,0,unknown,no
41,admin.,50000,married,secondary,yes,no,442,yes,yes,unknown,9,may,344,2,-1,0,unknown,no
36,blue-collar,20000,married,secondary,yes,no,590,yes,no,unknown,9,may,282,2,-1,0,unknown,no
37,technician,60000,married,tertiary,yes,no,447,yes,no,unknown,9,may,1170,1,-1,0,unknown,no
38,blue-collar,20000,married,secondary,yes,no,49,yes,no,unknown,9,may,408,2,-1,0,unknown,no
32,technician,60000,married,secondary,yes,no,1118,yes,yes,unknown,9,may,128,2,-1,0,unknown,no
33,blue-collar,20000,divorced,primary,yes,no,390,yes,no,unknown,9,may,665,2,-1,0,unknown,yes
28,technician,60000,single,secondary,yes,no,-125,yes,no,unknown,9,may,67,3,-1,0,unknown,no
52,blue-collar,20000,divorced,primary,yes,no,-97,yes,yes,unknown,9,may,167,4,-1,0,unknown,no
30,blue-collar,20000,single,secondary,yes,no,18,no,no,unknown,9,may,395,1,-1,0,unknown,no
37,blue-collar,20000,married,secondary,yes,no,131,yes,no,unknown,9,may,137,2,-1,0,unknown,no
27,technician,60000,single,secondary,yes,no,527,yes,no,unknown,9,may,118,1,-1,0,unknown,no
31,services,70000,married,secondary,yes,no,1129,yes,no,unknown,9,may,231,2,-1,0,unknown,no
47,management,100000,divorced,tertiary,no,no,266,yes,no,unknown,9,may,128,1,-1,0,unknown,no
33,blue-collar,20000,single,secondary,yes,no,687,yes,no,unknown,9,may,174,1,-1,0,unknown,no
46,blue-collar,20000,married,primary,yes,no,1726,yes,yes,unknown,9,may,195,1,-1,0,unknown,no
38,blue-collar,20000,married,secondary,yes,no,-388,yes,no,unknown,9,may,412,1,-1,0,unknown,no
33,blue-collar,20000,single,primary,yes,no,92,yes,no,unknown,9,may,127,1,-1,0,unknown,no
44,blue-collar,20000,married,primary,yes,no,-11,yes,no,unknown,9,may,13,1,-1,0,unknown,no
35,management,100000,married,tertiary,yes,no,1510,yes,no,unknown,9,may,61,1,-1,0,unknown,no
38,blue-collar,20000,married,secondary,yes,no,171,yes,no,unknown,9,may,286,5,-1,0,unknown,no
56,blue-collar,20000,married,primary,yes,no,420,yes,no,unknown,9,may,76,1,-1,0,unknown,no
33,technician,60000,single,secondary,yes,no,513,yes,no,unknown,9,may,53,4,-1,0,unknown,no
45,services,70000,married,primary,yes,no,137,yes,no,unknown,9,may,274,2,-1,0,unknown,no
30,services,70000,married,primary,yes,no,21,yes,no,unknown,9,may,409,3,-1,0,unknown,no
34,admin.,50000,married,secondary,yes,no,-312,yes,no,unknown,9,may,232,1,-1,0,unknown,no
32,blue-collar,20000,married,secondary,yes,no,-208,yes,yes,unknown,9,may,325,1,-1,0,unknown,no
32,blue-collar,20000,single,secondary,yes,no,2,no,no,unknown,9,may,144,2,-1,0,unknown,no
27,admin.,50000,married,secondary,yes,no,1033,yes,no,unknown,9,may,1713,1,-1,0,unknown,no
48,unemployed,8000,married,secondary,yes,no,855,yes,no,unknown,9,may,241,2,-1,0,unknown,no
54,blue-collar,20000,married,primary,yes,no,781,yes,no,unknown,9,may,103,2,-1,0,unknown,no
29,technician,60000,single,tertiary,no,no,542,yes,no,unknown,9,may,338,3,-1,0,unknown,no
37,blue-collar,20000,divorced,secondary,yes,no,-175,yes,no,unknown,9,may,182,1,-1,0,unknown,no
26,entrepreneur,120000,married,tertiary,yes,no,79,yes,yes,unknown,9,may,346,3,-1,0,unknown,no
43,management,100000,married,secondary,yes,no,3,yes,no,unknown,9,may,204,2,-1,0,unknown,no
31,blue-collar,20000,married,secondary,yes,no,4471,yes,no,unknown,9,may,296,2,-1,0,unknown,no
55,technician,60000,married,secondary,yes,no,2313,yes,no,unknown,9,may,551,2,-1,0,unknown,no
45,services,70000,single,secondary,yes,no,-139,yes,no,unknown,9,may,663,3,-1,0,unknown,no
35,technician,60000,single,secondary,yes,no,300,yes,no,unknown,9,may,338,4,-1,0,unknown,no
57,self-employed,60000,married,tertiary,yes,yes,-3313,yes,yes,unknown,9,may,153,1,-1,0,unknown,no
49,blue-collar,20000,married,primary,yes,no,352,yes,no,unknown,9,may,188,2,-1,0,unknown,no
23,services,70000,single,secondary,yes,no,105,yes,yes,unknown,9,may,305,2,-1,0,unknown,no
49,housemaid,16000,divorced,primary,yes,no,164,yes,no,unknown,9,may,1080,5,-1,0,unknown,no
35,management,100000,single,tertiary,no,no,-202,yes,no,unknown,9,may,1461,2,-1,0,unknown,no
38,technician,60000,single,tertiary,no,no,-256,yes,no,unknown,9,may,116,1,-1,0,unknown,no
39,entrepreneur,120000,married,secondary,yes,no,1261,yes,no,unknown,9,may,129,2,-1,0,unknown,no
27,self-employed,60000,single,tertiary,no,no,-503,yes,no,unknown,9,may,98,3,-1,0,unknown,no
37,blue-collar,20000,married,secondary,yes,no,790,no,no,unknown,9,may,262,1,-1,0,unknown,no
57,management,100000,married,secondary,yes,no,0,yes,no,unknown,9,may,147,7,-1,0,unknown,no
38,entrepreneur,120000,single,tertiary,no,no,638,yes,no,unknown,9,may,150,1,-1,0,unknown,no
26,technician,60000,married,secondary,yes,no,47,yes,no,unknown,9,may,282,2,-1,0,unknown,no
46,entrepreneur,120000,married,unknown,no,no,242,yes,no,unknown,9,may,332,2,-1,0,unknown,no
44,admin.,50000,married,secondary,yes,no,469,yes,no,unknown,9,may,88,4,-1,0,unknown,no
44,blue-collar,20000,married,primary,yes,no,271,yes,yes,unknown,9,may,94,1,-1,0,unknown,no
28,blue-collar,20000,married,secondary,yes,no,948,yes,no,unknown,9,may,455,1,-1,0,unknown,no
37,admin.,50000,married,secondary,yes,no,-356,no,yes,unknown,9,may,49,1,-1,0,unknown,no
43,technician,60000,single,secondary,yes,no,336,yes,no,unknown,9,may,181,1,-1,0,unknown,no
25,admin.,50000,single,secondary,yes,no,61,yes,no,unknown,9,may,345,9,-1,0,unknown,no
34,blue-collar,20000,single,primary,yes,no,359,yes,no,unknown,9,may,154,3,-1,0,unknown,no
39,blue-collar,20000,married,primary,yes,no,105,yes,no,unknown,9,may,294,2,-1,0,unknown,no
35,management,100000,single,secondary,yes,no,6809,yes,no,unknown,9,may,750,7,-1,0,unknown,no
32,services,70000,married,secondary,yes,no,59,yes,yes,unknown,9,may,202,2,-1,0,unknown,no
31,services,70000,married,secondary,yes,no,0,no,yes,unknown,9,may,81,6,-1,0,unknown,no
42,blue-collar,20000,married,primary,yes,no,0,yes,no,unknown,9,may,214,2,-1,0,unknown,no
31,blue-collar,20000,single,secondary,yes,no,216,yes,no,unknown,9,may,128,1,-1,0,unknown,no
30,technician,60000,single,tertiary,no,no,2530,yes,no,unknown,9,may,70,1,-1,0,unknown,no
29,admin.,50000,single,secondary,yes,no,356,yes,no,unknown,9,may,106,1,-1,0,unknown,no
29,admin.,50000,single,secondary,yes,yes,-228,yes,no,unknown,9,may,279,1,-1,0,unknown,no
36,blue-collar,20000,married,secondary,yes,no,198,yes,no,unknown,9,may,400,2,-1,0,unknown,no
41,services,70000,married,secondary,yes,no,510,yes,no,unknown,9,may,231,2,-1,0,unknown,no
37,blue-collar,20000,single,secondary,yes,no,223,yes,no,unknown,9,may,175,2,-1,0,unknown,no
32,management,100000,single,tertiary,no,no,4,yes,no,unknown,9,may,179,2,-1,0,unknown,no
39,entrepreneur,120000,married,tertiary,yes,no,338,yes,no,unknown,9,may,107,4,-1,0,unknown,no
31,management,100000,single,tertiary,no,no,0,yes,no,unknown,9,may,94,3,-1,0,unknown,no
33,blue-collar,20000,single,secondary,yes,no,328,yes,no,unknown,9,may,142,2,-1,0,unknown,no
30,technician,60000,single,tertiary,no,no,255,yes,no,unknown,9,may,119,2,-1,0,unknown,no
24,student,4000,single,secondary,yes,no,304,no,no,unknown,9,may,180,3,-1,0,unknown,no
55,blue-collar,20000,married,secondary,yes,no,-256,yes,yes,unknown,9,may,136,2,-1,0,unknown,no
27,services,70000,single,secondary,yes,no,683,yes,no,unknown,9,may,44,3,-1,0,unknown,no
47,management,100000,divorced,tertiary,no,no,84,yes,no,unknown,9,may,229,5,-1,0,unknown,no
29,blue-collar,20000,married,primary,yes,no,608,yes,no,unknown,9,may,184,2,-1,0,unknown,no
56,management,100000,married,secondary,yes,no,230,no,no,unknown,9,may,73,4,-1,0,unknown,no
31,management,100000,single,tertiary,no,no,12,yes,no,unknown,9,may,330,4,-1,0,unknown,no
46,blue-collar,20000,married,primary,yes,no,881,yes,no,unknown,9,may,126,2,-1,0,unknown,no
47,technician,60000,single,unknown,no,no,77,yes,no,unknown,9,may,83,4,-1,0,unknown,no
29,student,4000,single,secondary,yes,no,510,yes,no,unknown,9,may,25,6,-1,0,unknown,no
35,admin.,50000,divorced,tertiary,no,no,1555,yes,no,unknown,9,may,26,2,-1,0,unknown,no
31,services,70000,single,secondary,yes,yes,68,yes,no,unknown,9,may,169,2,-1,0,unknown,no
29,admin.,50000,single,secondary,yes,no,43,yes,no,unknown,9,may,179,2,-1,0,unknown,no
48,admin.,50000,divorced,unknown,no,no,244,yes,no,unknown,9,may,280,1,-1,0,unknown,no
59,blue-collar,20000,married,secondary,yes,no,1376,no,yes,unknown,9,may,61,4,-1,0,unknown,no
44,management,100000,married,tertiary,yes,no,392,yes,no,unknown,9,may,124,2,-1,0,unknown,no
30,admin.,50000,single,tertiary,no,no,-396,yes,no,unknown,9,may,89,2,-1,0,unknown,no
50,blue-collar,20000,married,primary,yes,no,89,yes,no,unknown,9,may,210,3,-1,0,unknown,no
25,admin.,50000,married,secondary,yes,no,10,yes,no,unknown,9,may,393,2,-1,0,unknown,no
32,blue-collar,20000,married,secondary,yes,no,150,yes,no,unknown,9,may,1178,4,-1,0,unknown,no
49,blue-collar,20000,married,primary,yes,no,1387,yes,yes,unknown,9,may,161,2,-1,0,unknown,no
38,admin.,50000,married,secondary,yes,no,253,yes,no,unknown,9,may,515,4,-1,0,unknown,no
29,blue-collar,20000,single,secondary,yes,no,853,yes,no,unknown,9,may,177,2,-1,0,unknown,no
51,management,100000,married,tertiary,yes,no,91,yes,no,unknown,9,may,178,2,-1,0,unknown,no
29,blue-collar,20000,single,secondary,yes,no,348,yes,no,unknown,9,may,185,2,-1,0,unknown,no
32,admin.,50000,divorced,secondary,yes,no,43,yes,no,unknown,9,may,218,2,-1,0,unknown,no
43,unemployed,8000,married,primary,yes,no,-178,yes,no,unknown,9,may,191,2,-1,0,unknown,no
34,blue-collar,20000,married,secondary,yes,no,2137,no,no,unknown,9,may,245,4,-1,0,unknown,no
37,blue-collar,20000,married,primary,yes,no,1160,yes,no,unknown,9,may,255,2,-1,0,unknown,no
29,admin.,50000,single,secondary,yes,no,3986,yes,no,unknown,9,may,488,2,-1,0,unknown,no
39,services,70000,single,secondary,yes,no,126,yes,no,unknown,9,may,211,2,-1,0,unknown,no
34,blue-collar,20000,married,secondary,yes,no,6411,yes,yes,unknown,9,may,226,2,-1,0,unknown,no
28,technician,60000,married,secondary,yes,no,655,yes,no,unknown,9,may,179,2,-1,0,unknown,no
37,blue-collar,20000,married,primary,yes,no,2378,yes,no,unknown,9,may,460,2,-1,0,unknown,no
29,blue-collar,20000,married,secondary,yes,no,15,yes,yes,unknown,9,may,432,2,-1,0,unknown,no
25,admin.,50000,single,secondary,yes,no,96,yes,no,unknown,9,may,176,2,-1,0,unknown,no
33,blue-collar,20000,married,primary,yes,no,191,yes,no,unknown,9,may,162,2,-1,0,unknown,no
34,admin.,50000,single,secondary,yes,no,391,yes,no,unknown,9,may,192,2,-1,0,unknown,no
50,blue-collar,20000,divorced,primary,yes,no,31,yes,no,unknown,9,may,237,3,-1,0,unknown,no
35,blue-collar,20000,married,secondary,yes,no,73,no,no,unknown,9,may,134,3,-1,0,unknown,no
53,management,100000,divorced,tertiary,no,no,0,no,no,unknown,9,may,44,2,-1,0,unknown,no
41,blue-collar,20000,single,primary,yes,no,156,yes,no,unknown,9,may,47,5,-1,0,unknown,no
48,blue-collar,20000,married,primary,yes,no,231,yes,no,unknown,9,may,752,3,-1,0,unknown,no
32,blue-collar,20000,single,secondary,yes,no,-83,yes,no,unknown,9,may,116,3,-1,0,unknown,no
38,self-employed,60000,married,secondary,yes,no,138,no,no,unknown,9,may,182,3,-1,0,unknown,no
57,blue-collar,20000,married,secondary,yes,no,221,yes,no,unknown,9,may,122,2,-1,0,unknown,no
50,management,100000,married,tertiary,yes,no,3284,yes,no,unknown,9,may,51,3,-1,0,unknown,no
40,management,100000,married,tertiary,yes,no,4190,no,no,unknown,9,may,260,4,-1,0,unknown,no
45,management,100000,single,tertiary,no,no,5694,yes,no,unknown,9,may,214,2,-1,0,unknown,no
34,blue-collar,20000,single,secondary,yes,no,297,yes,no,unknown,9,may,407,4,-1,0,unknown,no
32,blue-collar,20000,married,primary,yes,no,-89,yes,no,unknown,9,may,389,2,-1,0,unknown,no
28,admin.,50000,single,secondary,yes,no,244,yes,no,unknown,9,may,31,3,-1,0,unknown,no
30,services,70000,married,secondary,yes,no,152,yes,no,unknown,9,may,115,2,-1,0,unknown,no
41,management,100000,single,tertiary,no,no,1696,yes,no,unknown,9,may,878,3,-1,0,unknown,no
36,blue-collar,20000,married,unknown,no,no,714,no,no,unknown,9,may,277,3,-1,0,unknown,no
49,services,70000,divorced,secondary,yes,no,315,yes,no,unknown,9,may,117,2,-1,0,unknown,no
32,self-employed,60000,married,tertiary,yes,no,312,yes,no,unknown,9,may,262,2,-1,0,unknown,no
53,management,100000,married,tertiary,yes,no,913,yes,no,unknown,9,may,244,4,-1,0,unknown,no
44,unemployed,8000,married,secondary,yes,no,-407,yes,no,unknown,9,may,119,2,-1,0,unknown,no
34,entrepreneur,120000,divorced,tertiary,no,no,338,yes,no,unknown,9,may,162,2,-1,0,unknown,no
56,admin.,50000,divorced,secondary,yes,yes,-435,yes,yes,unknown,9,may,185,2,-1,0,unknown,no
27,technician,60000,single,secondary,yes,no,769,yes,no,unknown,9,may,317,2,-1,0,unknown,no
32,blue-collar,20000,married,secondary,yes,no,120,yes,yes,unknown,9,may,214,3,-1,0,unknown,no
43,blue-collar,20000,single,primary,yes,no,0,no,no,unknown,9,may,71,3,-1,0,unknown,no
34,admin.,50000,divorced,primary,yes,no,9569,yes,no,unknown,9,may,43,2,-1,0,unknown,no
35,self-employed,60000,married,secondary,yes,no,351,yes,no,unknown,9,may,298,2,-1,0,unknown,no
28,admin.,50000,married,secondary,yes,no,2,yes,no,unknown,9,may,167,1,-1,0,unknown,no
52,management,100000,married,primary,yes,no,226,yes,no,unknown,9,may,86,4,-1,0,unknown,no
36,blue-collar,20000,married,primary,yes,no,95,yes,no,unknown,9,may,255,2,-1,0,unknown,no
35,management,100000,single,tertiary,no,no,123,yes,no,unknown,9,may,83,3,-1,0,unknown,no
30,admin.,50000,married,secondary,yes,no,15,yes,no,unknown,9,may,257,1,-1,0,unknown,no
23,management,100000,single,unknown,no,no,375,yes,no,unknown,9,may,194,3,-1,0,unknown,no
37,entrepreneur,120000,divorced,secondary,yes,no,1190,yes,no,unknown,9,may,268,3,-1,0,unknown,no
29,services,70000,single,secondary,yes,no,487,yes,yes,unknown,9,may,176,2,-1,0,unknown,no
28,self-employed,60000,single,secondary,yes,no,123,yes,no,unknown,9,may,97,1,-1,0,unknown,no
56,services,70000,divorced,tertiary,no,no,2272,yes,no,unknown,9,may,263,5,-1,0,unknown,no
27,admin.,50000,married,secondary,yes,no,133,yes,yes,unknown,9,may,338,4,-1,0,unknown,no
33,blue-collar,20000,single,primary,yes,no,447,yes,no,unknown,9,may,180,2,-1,0,unknown,no
53,blue-collar,20000,married,primary,yes,no,-864,yes,no,unknown,9,may,322,5,-1,0,unknown,no
47,blue-collar,20000,married,secondary,yes,no,8,no,no,unknown,9,may,64,4,-1,0,unknown,no
50,services,70000,married,secondary,yes,no,107,yes,no,unknown,9,may,71,4,-1,0,unknown,no
31,admin.,50000,single,secondary,yes,no,620,no,no,unknown,9,may,166,3,-1,0,unknown,no
31,blue-collar,20000,married,secondary,yes,no,42,yes,no,unknown,9,may,210,3,-1,0,unknown,no
37,management,100000,married,tertiary,yes,no,-120,yes,no,unknown,9,may,77,2,-1,0,unknown,no
37,management,100000,single,tertiary,no,no,493,yes,no,unknown,9,may,328,7,-1,0,unknown,no
48,unemployed,8000,married,primary,yes,no,296,yes,no,unknown,9,may,164,8,-1,0,unknown,no
31,management,100000,single,tertiary,no,no,6248,yes,no,unknown,9,may,154,2,-1,0,unknown,no
34,technician,60000,married,secondary,yes,no,484,no,no,unknown,9,may,84,4,-1,0,unknown,no
32,blue-collar,20000,single,primary,yes,no,12,yes,no,unknown,9,may,153,4,-1,0,unknown,no
54,management,100000,married,tertiary,yes,no,154,no,no,unknown,9,may,155,3,-1,0,unknown,no
31,management,100000,single,tertiary,no,no,606,yes,no,unknown,9,may,111,2,-1,0,unknown,no
55,services,70000,married,secondary,yes,no,560,yes,no,unknown,9,may,91,3,-1,0,unknown,no
27,blue-collar,20000,married,secondary,yes,no,564,yes,no,unknown,9,may,257,3,-1,0,unknown,no
36,blue-collar,20000,married,secondary,yes,no,771,yes,no,unknown,9,may,213,4,-1,0,unknown,no
33,technician,60000,married,secondary,yes,no,0,yes,yes,unknown,9,may,173,2,-1,0,unknown,no
43,blue-collar,20000,married,primary,yes,no,757,yes,no,unknown,9,may,315,4,-1,0,unknown,no
42,blue-collar,20000,married,secondary,yes,no,333,yes,no,unknown,9,may,190,3,-1,0,unknown,no
48,blue-collar,20000,married,primary,yes,no,418,yes,no,unknown,9,may,102,3,-1,0,unknown,no
41,admin.,50000,single,secondary,yes,no,-256,no,yes,unknown,9,may,35,3,-1,0,unknown,no
36,technician,60000,married,secondary,yes,no,494,yes,no,unknown,9,may,83,3,-1,0,unknown,no
32,services,70000,single,secondary,yes,no,85,yes,no,unknown,9,may,834,9,-1,0,unknown,no
58,management,100000,single,unknown,no,no,127,yes,no,unknown,9,may,244,5,-1,0,unknown,no
40,services,70000,married,secondary,yes,no,69,yes,no,unknown,9,may,143,3,-1,0,unknown,no
31,management,100000,married,tertiary,yes,no,713,yes,no,unknown,9,may,1534,2,-1,0,unknown,no
42,blue-collar,20000,married,primary,yes,no,-10,yes,no,unknown,9,may,291,4,-1,0,unknown,no
34,blue-collar,20000,divorced,secondary,yes,no,-294,yes,no,unknown,12,may,163,2,-1,0,unknown,no
34,technician,60000,married,secondary,yes,no,222,yes,no,unknown,12,may,149,6,-1,0,unknown,no
35,technician,60000,married,unknown,no,no,86,yes,no,unknown,12,may,33,4,-1,0,unknown,no
57,management,100000,divorced,secondary,yes,no,0,yes,yes,unknown,12,may,144,6,-1,0,unknown,no
28,blue-collar,20000,married,primary,yes,no,26,no,no,unknown,12,may,40,3,-1,0,unknown,no
50,technician,60000,married,secondary,yes,no,103,yes,no,unknown,12,may,79,6,-1,0,unknown,no
46,self-employed,60000,married,tertiary,yes,no,-80,yes,no,unknown,12,may,112,2,-1,0,unknown,no
28,blue-collar,20000,married,secondary,yes,no,131,yes,no,unknown,12,may,147,5,-1,0,unknown,no
57,unknown,0,married,unknown,no,no,106,no,no,unknown,12,may,836,4,-1,0,unknown,no
49,admin.,50000,married,secondary,yes,yes,15,no,no,unknown,12,may,290,5,-1,0,unknown,no
56,management,100000,single,tertiary,no,no,4542,no,no,unknown,12,may,148,2,-1,0,unknown,no
56,blue-collar,20000,married,secondary,yes,no,172,yes,no,unknown,12,may,289,5,-1,0,unknown,no
49,management,100000,divorced,tertiary,no,yes,0,yes,no,unknown,12,may,345,2,-1,0,unknown,no
50,management,100000,married,tertiary,yes,no,107,yes,no,unknown,12,may,1002,5,-1,0,unknown,no
47,admin.,50000,single,secondary,yes,no,15,no,no,unknown,12,may,181,4,-1,0,unknown,no
45,blue-collar,20000,married,primary,yes,no,101,yes,no,unknown,12,may,460,5,-1,0,unknown,yes
44,unemployed,8000,married,secondary,yes,no,304,yes,no,unknown,12,may,129,2,-1,0,unknown,no
51,blue-collar,20000,married,tertiary,yes,no,7816,yes,no,unknown,12,may,76,2,-1,0,unknown,no
34,blue-collar,20000,married,secondary,yes,no,0,yes,no,unknown,12,may,111,2,-1,0,unknown,no
25,management,100000,married,tertiary,yes,no,784,yes,yes,unknown,12,may,104,2,-1,0,unknown,no
30,blue-collar,20000,married,primary,yes,no,2581,no,no,unknown,12,may,221,2,-1,0,unknown,no
39,unemployed,8000,divorced,secondary,yes,no,507,yes,no,unknown,12,may,150,7,-1,0,unknown,no
25,student,4000,married,tertiary,yes,no,333,yes,no,unknown,12,may,399,3,-1,0,unknown,no
34,admin.,50000,divorced,secondary,yes,no,-220,yes,yes,unknown,12,may,115,4,-1,0,unknown,no
25,blue-collar,20000,single,secondary,yes,no,249,yes,no,unknown,12,may,149,5,-1,0,unknown,no
33,blue-collar,20000,married,secondary,yes,no,-257,yes,no,unknown,12,may,92,4,-1,0,unknown,no
44,services,70000,divorced,secondary,yes,no,210,no,yes,unknown,12,may,111,2,-1,0,unknown,no
55,retired,55000,married,secondary,yes,no,18722,yes,no,unknown,12,may,128,2,-1,0,unknown,no
54,admin.,50000,married,secondary,yes,no,42,yes,no,unknown,12,may,192,2,-1,0,unknown,no
43,unemployed,8000,married,secondary,yes,no,210,yes,no,unknown,12,may,88,5,-1,0,unknown,no
35,blue-collar,20000,married,secondary,yes,no,325,no,no,unknown,12,may,592,2,-1,0,unknown,no
27,services,70000,single,secondary,yes,no,123,yes,no,unknown,12,may,105,3,-1,0,unknown,no
42,blue-collar,20000,married,primary,yes,no,-25,yes,no,unknown,12,may,62,2,-1,0,unknown,no
40,technician,60000,married,secondary,yes,no,66,yes,no,unknown,12,may,29,8,-1,0,unknown,no
31,blue-collar,20000,married,primary,yes,no,0,yes,yes,unknown,12,may,59,4,-1,0,unknown,no
29,technician,60000,married,tertiary,yes,no,409,yes,no,unknown,12,may,247,3,-1,0,unknown,no
49,technician,60000,married,secondary,yes,no,4785,no,no,unknown,12,may,160,4,-1,0,unknown,no
59,retired,55000,divorced,primary,yes,no,121,yes,no,unknown,12,may,144,7,-1,0,unknown,no
37,management,100000,married,tertiary,yes,no,0,yes,no,unknown,12,may,346,4,-1,0,unknown,no
60,blue-collar,20000,married,unknown,no,no,231,yes,no,unknown,12,may,57,2,-1,0,unknown,no
25,technician,60000,single,secondary,yes,no,1135,yes,no,unknown,12,may,396,3,-1,0,unknown,no
28,admin.,50000,married,secondary,yes,no,-201,yes,no,unknown,12,may,286,4,-1,0,unknown,no
40,services,70000,single,secondary,yes,no,-278,yes,no,unknown,12,may,400,3,-1,0,unknown,no
43,technician,60000,single,tertiary,no,no,16,yes,no,unknown,12,may,282,4,-1,0,unknown,no
51,blue-collar,20000,married,primary,yes,yes,-283,yes,no,unknown,12,may,38,4,-1,0,unknown,no
28,admin.,50000,single,secondary,yes,no,-103,yes,no,unknown,12,may,252,4,-1,0,unknown,no
54,management,100000,married,primary,yes,no,113,no,no,unknown,12,may,76,3,-1,0,unknown,no
37,blue-collar,20000,married,secondary,yes,no,194,yes,no,unknown,12,may,566,7,-1,0,unknown,no
35,self-employed,60000,married,tertiary,yes,no,247,yes,no,unknown,12,may,167,2,-1,0,unknown,no
26,management,100000,divorced,tertiary,no,yes,-402,no,yes,unknown,12,may,127,2,-1,0,unknown,no
55,services,70000,single,secondary,yes,no,-40,yes,no,unknown,12,may,178,2,-1,0,unknown,no
57,unemployed,8000,married,secondary,yes,no,3867,yes,no,unknown,12,may,71,2,-1,0,unknown,no
39,blue-collar,20000,divorced,secondary,yes,no,36,yes,no,unknown,12,may,109,2,-1,0,unknown,no
36,services,70000,married,tertiary,yes,no,2167,yes,yes,unknown,12,may,120,2,-1,0,unknown,no
35,management,100000,single,tertiary,no,no,243,yes,no,unknown,12,may,102,3,-1,0,unknown,no
33,blue-collar,20000,married,primary,yes,no,2,yes,yes,unknown,12,may,409,2,-1,0,unknown,no
40,services,70000,single,secondary,yes,no,737,yes,no,unknown,12,may,117,2,-1,0,unknown,no
31,technician,60000,married,secondary,yes,no,286,no,no,unknown,12,may,177,4,-1,0,unknown,no
32,management,100000,single,tertiary,no,no,311,no,no,unknown,12,may,757,2,-1,0,unknown,yes
27,management,100000,single,tertiary,no,no,541,yes,no,unknown,12,may,145,1,-1,0,unknown,no
31,services,70000,single,secondary,yes,no,2963,yes,no,unknown,12,may,124,1,-1,0,unknown,no
28,blue-collar,20000,single,secondary,yes,yes,-871,yes,no,unknown,12,may,36,4,-1,0,unknown,no
33,blue-collar,20000,divorced,secondary,yes,no,75,yes,yes,unknown,12,may,94,2,-1,0,unknown,no
31,blue-collar,20000,single,secondary,yes,no,2597,yes,no,unknown,12,may,189,1,-1,0,unknown,no
25,services,70000,married,secondary,yes,no,-454,yes,no,unknown,12,may,24,1,-1,0,unknown,no
29,technician,60000,married,secondary,yes,no,0,no,no,unknown,12,may,33,2,-1,0,unknown,no
47,blue-collar,20000,married,primary,yes,no,304,yes,no,unknown,12,may,185,1,-1,0,unknown,no
59,blue-collar,20000,divorced,primary,yes,no,220,yes,no,unknown,12,may,165,1,-1,0,unknown,no
35,management,100000,single,tertiary,no,no,561,yes,no,unknown,12,may,405,3,-1,0,unknown,no
33,blue-collar,20000,married,primary,yes,no,211,yes,no,unknown,12,may,172,2,-1,0,unknown,no
31,management,100000,single,tertiary,no,no,4509,yes,no,unknown,12,may,207,3,-1,0,unknown,no
42,management,100000,single,tertiary,no,no,196,yes,no,unknown,12,may,325,3,-1,0,unknown,no
26,technician,60000,single,secondary,yes,no,124,yes,no,unknown,12,may,57,8,-1,0,unknown,no
34,blue-collar,20000,single,secondary,yes,no,381,yes,no,unknown,12,may,102,1,-1,0,unknown,no
31,admin.,50000,married,secondary,yes,no,184,yes,no,unknown,12,may,378,3,-1,0,unknown,no
30,blue-collar,20000,single,unknown,no,yes,-149,yes,yes,unknown,12,may,164,3,-1,0,unknown,no
54,admin.,50000,married,unknown,no,no,-337,yes,no,unknown,12,may,288,2,-1,0,unknown,no
52,blue-collar,20000,single,primary,yes,no,210,yes,no,unknown,12,may,154,1,-1,0,unknown,no
40,blue-collar,20000,divorced,primary,yes,no,737,yes,yes,unknown,12,may,102,1,-1,0,unknown,no
56,blue-collar,20000,divorced,secondary,yes,no,75,yes,no,unknown,12,may,136,2,-1,0,unknown,no
25,student,4000,single,tertiary,no,no,641,yes,no,unknown,12,may,53,1,-1,0,unknown,no
60,retired,55000,married,secondary,yes,no,78,yes,no,unknown,12,may,113,3,-1,0,unknown,no
43,blue-collar,20000,married,primary,yes,no,1558,yes,no,unknown,12,may,110,3,-1,0,unknown,no
32,entrepreneur,120000,married,unknown,no,no,227,yes,no,unknown,12,may,523,1,-1,0,unknown,no
48,blue-collar,20000,divorced,secondary,yes,no,602,yes,no,unknown,12,may,231,1,-1,0,unknown,no
43,self-employed,60000,single,secondary,yes,no,798,yes,no,unknown,12,may,217,1,-1,0,unknown,no
37,technician,60000,married,secondary,yes,no,1047,yes,yes,unknown,12,may,151,1,-1,0,unknown,no
52,services,70000,divorced,primary,yes,no,111,yes,no,unknown,12,may,179,2,-1,0,unknown,no
25,services,70000,single,secondary,yes,no,-439,yes,no,unknown,12,may,293,1,-1,0,unknown,no
31,entrepreneur,120000,single,tertiary,no,yes,37,yes,no,unknown,12,may,281,1,-1,0,unknown,no
35,blue-collar,20000,married,secondary,yes,no,362,yes,no,unknown,12,may,363,2,-1,0,unknown,no
27,admin.,50000,single,secondary,yes,no,1,yes,no,unknown,12,may,86,1,-1,0,unknown,no
41,self-employed,60000,married,secondary,yes,no,304,yes,no,unknown,12,may,1147,2,-1,0,unknown,no
34,technician,60000,single,secondary,yes,no,-89,yes,no,unknown,12,may,209,1,-1,0,unknown,no
55,technician,60000,married,secondary,yes,no,276,yes,no,unknown,12,may,486,1,-1,0,unknown,no
26,blue-collar,20000,married,secondary,yes,no,288,yes,no,unknown,12,may,49,2,-1,0,unknown,no
36,blue-collar,20000,married,primary,yes,no,650,yes,no,unknown,12,may,170,2,-1,0,unknown,no
45,admin.,50000,married,secondary,yes,no,171,yes,no,unknown,12,may,539,1,-1,0,unknown,no
27,technician,60000,married,secondary,yes,no,-302,yes,no,unknown,12,may,66,3,-1,0,unknown,no
31,admin.,50000,married,secondary,yes,no,337,no,no,unknown,12,may,51,1,-1,0,unknown,no
29,admin.,50000,divorced,secondary,yes,no,891,no,no,unknown,12,may,820,1,-1,0,unknown,no
26,blue-collar,20000,single,secondary,yes,no,199,yes,yes,unknown,12,may,125,1,-1,0,unknown,no
46,services,70000,married,secondary,yes,no,997,yes,no,unknown,12,may,398,1,-1,0,unknown,no
32,entrepreneur,120000,married,tertiary,yes,no,108,yes,yes,unknown,12,may,112,1,-1,0,unknown,no
25,admin.,50000,single,tertiary,no,no,40,no,no,unknown,12,may,64,1,-1,0,unknown,no
54,retired,55000,married,primary,yes,no,208,no,no,unknown,12,may,255,1,-1,0,unknown,no
31,technician,60000,married,secondary,yes,no,6890,yes,no,unknown,12,may,34,1,-1,0,unknown,no
33,admin.,50000,single,secondary,yes,no,395,yes,no,unknown,12,may,95,8,-1,0,unknown,no
28,technician,60000,single,tertiary,no,no,-214,yes,no,unknown,12,may,140,3,-1,0,unknown,no
39,admin.,50000,single,secondary,yes,no,496,yes,no,unknown,12,may,788,2,-1,0,unknown,no
37,technician,60000,married,secondary,yes,no,183,yes,no,unknown,12,may,194,2,-1,0,unknown,no
36,blue-collar,20000,married,primary,yes,no,199,yes,no,unknown,12,may,165,4,-1,0,unknown,no
56,admin.,50000,divorced,primary,yes,no,179,yes,no,unknown,12,may,306,2,-1,0,unknown,no
59,retired,55000,married,secondary,yes,no,434,yes,no,unknown,12,may,63,3,-1,0,unknown,no
30,services,70000,single,secondary,yes,no,122,yes,no,unknown,12,may,501,2,-1,0,unknown,no
59,technician,60000,married,secondary,yes,no,371,yes,no,unknown,12,may,832,3,-1,0,unknown,no
27,blue-collar,20000,single,secondary,yes,no,3675,no,no,unknown,12,may,101,2,-1,0,unknown,no
29,entrepreneur,120000,single,tertiary,no,no,11,yes,no,unknown,12,may,214,4,-1,0,unknown,no
48,services,70000,married,secondary,yes,no,194,yes,yes,unknown,12,may,290,6,-1,0,unknown,no
44,blue-collar,20000,married,secondary,yes,no,23,yes,no,unknown,12,may,388,2,-1,0,unknown,no
33,management,100000,single,tertiary,no,no,1011,yes,no,unknown,12,may,1495,4,-1,0,unknown,no
39,blue-collar,20000,single,primary,yes,no,446,yes,no,unknown,12,may,183,1,-1,0,unknown,no
46,blue-collar,20000,married,primary,yes,no,-29,yes,no,unknown,12,may,322,1,-1,0,unknown,no
28,admin.,50000,married,secondary,yes,no,957,yes,yes,unknown,12,may,646,3,-1,0,unknown,no
31,blue-collar,20000,married,secondary,yes,no,297,yes,no,unknown,12,may,480,1,-1,0,unknown,no
40,services,70000,single,secondary,yes,no,888,yes,no,unknown,12,may,169,2,-1,0,unknown,no
37,blue-collar,20000,single,secondary,yes,no,115,yes,no,unknown,12,may,74,1,-1,0,unknown,no
29,blue-collar,20000,married,secondary,yes,no,177,yes,no,unknown,12,may,146,3,-1,0,unknown,no
29,blue-collar,20000,married,secondary,yes,no,-28,yes,no,unknown,12,may,393,1,-1,0,unknown,no
24,blue-collar,20000,married,secondary,yes,no,951,yes,no,unknown,12,may,744,2,-1,0,unknown,no
32,admin.,50000,single,secondary,yes,no,5,yes,no,unknown,12,may,593,2,-1,0,unknown,no
26,admin.,50000,single,secondary,yes,no,586,yes,yes,unknown,12,may,215,1,-1,0,unknown,no
47,entrepreneur,120000,married,unknown,no,yes,-1445,yes,no,unknown,12,may,379,2,-1,0,unknown,no
26,blue-collar,20000,single,secondary,yes,yes,-23,yes,no,unknown,12,may,315,1,-1,0,unknown,no
28,blue-collar,20000,single,secondary,yes,no,-284,yes,no,unknown,12,may,162,1,-1,0,unknown,no
58,blue-collar,20000,married,secondary,yes,no,1166,yes,no,unknown,12,may,493,1,-1,0,unknown,no
35,management,100000,single,tertiary,no,no,244,yes,no,unknown,12,may,225,1,-1,0,unknown,no
29,services,70000,single,secondary,yes,no,-72,yes,no,unknown,12,may,208,1,-1,0,unknown,no
56,blue-collar,20000,married,primary,yes,no,1399,yes,no,unknown,12,may,80,4,-1,0,unknown,no
43,blue-collar,20000,married,primary,yes,no,0,yes,no,unknown,12,may,3,1,-1,0,unknown,no
45,blue-collar,20000,married,secondary,yes,no,431,yes,no,unknown,12,may,29,1,-1,0,unknown,no
31,admin.,50000,single,secondary,yes,no,130,yes,yes,unknown,12,may,132,1,-1,0,unknown,no
34,blue-collar,20000,married,secondary,yes,no,187,yes,no,unknown,12,may,379,2,-1,0,unknown,no
32,management,100000,married,primary,yes,no,142,yes,no,unknown,12,may,101,1,-1,0,unknown,no
33,technician,60000,single,secondary,yes,no,14,yes,no,unknown,12,may,188,1,-1,0,unknown,no
28,technician,60000,single,secondary,yes,no,-219,yes,no,unknown,12,may,386,2,-1,0,unknown,no
43,admin.,50000,single,secondary,yes,no,275,yes,no,unknown,12,may,457,4,-1,0,unknown,no
49,services,70000,single,secondary,yes,no,5028,yes,no,unknown,12,may,891,1,-1,0,unknown,no
27,services,70000,single,secondary,yes,no,118,yes,yes,unknown,12,may,53,1,-1,0,unknown,no
30,services,70000,single,secondary,yes,no,290,yes,no,unknown,12,may,446,1,-1,0,unknown,no
32,blue-collar,20000,married,primary,yes,no,1064,yes,no,unknown,12,may,326,1,-1,0,unknown,no
37,services,70000,divorced,secondary,yes,no,904,yes,no,unknown,12,may,507,1,-1,0,unknown,no
31,technician,60000,single,secondary,yes,no,628,yes,no,unknown,12,may,1083,2,-1,0,unknown,no
56,retired,55000,married,primary,yes,no,13,yes,no,unknown,12,may,123,2,-1,0,unknown,no
26,technician,60000,married,tertiary,yes,no,450,yes,yes,unknown,12,may,1266,1,-1,0,unknown,no
43,blue-collar,20000,married,secondary,yes,no,-63,yes,no,unknown,12,may,160,4,-1,0,unknown,no
48,technician,60000,divorced,secondary,yes,no,164,yes,no,unknown,12,may,139,2,-1,0,unknown,no
31,blue-collar,20000,single,primary,yes,no,985,yes,no,unknown,12,may,178,2,-1,0,unknown,no
36,services,70000,single,secondary,yes,no,616,yes,yes,unknown,12,may,156,3,-1,0,unknown,no
24,blue-collar,20000,married,secondary,yes,no,237,yes,no,unknown,12,may,200,2,-1,0,unknown,no
29,unemployed,8000,married,secondary,yes,no,380,no,yes,unknown,12,may,154,2,-1,0,unknown,no
23,admin.,50000,single,secondary,yes,no,290,yes,no,unknown,12,may,163,4,-1,0,unknown,no
54,entrepreneur,120000,divorced,secondary,yes,no,104,yes,no,unknown,12,may,391,1,-1,0,unknown,no
24,blue-collar,20000,single,secondary,yes,no,117,yes,yes,unknown,12,may,470,1,-1,0,unknown,no
25,technician,60000,single,secondary,yes,no,276,yes,no,unknown,12,may,268,4,-1,0,unknown,no
36,technician,60000,single,secondary,yes,no,-475,yes,no,unknown,12,may,793,5,-1,0,unknown,no
40,management,100000,single,unknown,no,no,838,yes,no,unknown,12,may,619,3,-1,0,unknown,no
29,admin.,50000,single,secondary,yes,no,382,yes,no,unknown,12,may,460,1,-1,0,unknown,no
29,admin.,50000,married,primary,yes,no,624,yes,no,unknown,12,may,246,1,-1,0,unknown,no
48,blue-collar,20000,single,primary,yes,no,396,yes,no,unknown,12,may,194,3,-1,0,unknown,no
23,admin.,50000,single,secondary,yes,no,5,no,no,unknown,12,may,413,1,-1,0,unknown,no
37,admin.,50000,single,secondary,yes,no,18,no,no,unknown,12,may,574,6,-1,0,unknown,no
31,blue-collar,20000,married,primary,yes,no,-464,yes,yes,unknown,12,may,256,4,-1,0,unknown,no
29,services,70000,divorced,secondary,yes,no,330,yes,no,unknown,12,may,88,2,-1,0,unknown,no
56,admin.,50000,married,secondary,yes,no,2087,yes,no,unknown,12,may,146,1,-1,0,unknown,no
28,services,70000,single,secondary,yes,no,-260,yes,no,unknown,12,may,170,2,-1,0,unknown,no
44,blue-collar,20000,married,secondary,yes,no,236,yes,no,unknown,12,may,596,1,-1,0,unknown,no
48,blue-collar,20000,married,secondary,yes,no,684,yes,yes,unknown,12,may,139,1,-1,0,unknown,no
30,blue-collar,20000,married,secondary,yes,no,458,yes,no,unknown,12,may,177,3,-1,0,unknown,no
32,unemployed,8000,married,primary,yes,no,324,yes,no,unknown,12,may,577,1,-1,0,unknown,no
41,blue-collar,20000,married,primary,yes,no,1052,yes,yes,unknown,12,may,335,1,-1,0,unknown,no
30,management,100000,divorced,secondary,yes,no,37,no,no,unknown,12,may,262,2,-1,0,unknown,no
37,blue-collar,20000,married,secondary,yes,no,454,yes,no,unknown,12,may,115,1,-1,0,unknown,no
30,blue-collar,20000,single,secondary,yes,no,573,yes,no,unknown,12,may,116,2,-1,0,unknown,no
28,technician,60000,single,secondary,yes,no,34,yes,no,unknown,12,may,136,4,-1,0,unknown,no
33,technician,60000,single,secondary,yes,no,341,no,yes,unknown,12,may,289,3,-1,0,unknown,no
41,blue-collar,20000,married,unknown,no,no,31,no,no,unknown,12,may,529,2,-1,0,unknown,no
42,management,100000,married,secondary,yes,no,-189,yes,no,unknown,12,may,247,2,-1,0,unknown,no
50,admin.,50000,single,secondary,yes,no,424,yes,no,unknown,12,may,72,2,-1,0,unknown,no
23,student,4000,single,tertiary,no,no,250,yes,no,unknown,12,may,166,2,-1,0,unknown,no
38,services,70000,married,secondary,yes,no,3165,yes,no,unknown,12,may,152,2,-1,0,unknown,no
31,blue-collar,20000,divorced,secondary,yes,no,387,yes,no,unknown,12,may,220,3,-1,0,unknown,no
35,admin.,50000,single,secondary,yes,no,855,yes,no,unknown,12,may,241,3,-1,0,unknown,no
52,admin.,50000,divorced,secondary,yes,no,944,yes,no,unknown,12,may,198,3,-1,0,unknown,no
36,blue-collar,20000,married,secondary,yes,no,134,no,no,unknown,12,may,98,2,-1,0,unknown,no
28,blue-collar,20000,single,secondary,yes,no,2845,yes,no,unknown,12,may,182,2,-1,0,unknown,no
27,management,100000,single,tertiary,no,no,2420,yes,no,unknown,12,may,391,2,-1,0,unknown,no
24,student,4000,single,tertiary,no,no,1535,yes,no,unknown,12,may,126,2,-1,0,unknown,no
45,management,100000,single,tertiary,no,no,0,no,no,unknown,12,may,55,2,-1,0,unknown,no
39,technician,60000,married,secondary,yes,no,504,yes,no,unknown,12,may,495,1,-1,0,unknown,no
38,blue-collar,20000,single,secondary,yes,no,-329,yes,no,unknown,12,may,86,4,-1,0,unknown,no
24,blue-collar,20000,married,secondary,yes,no,94,yes,no,unknown,12,may,166,2,-1,0,unknown,no
35,management,100000,divorced,tertiary,no,no,538,yes,no,unknown,12,may,66,4,-1,0,unknown,no
32,admin.,50000,divorced,secondary,yes,yes,-18,yes,no,unknown,12,may,155,3,-1,0,unknown,no
48,housemaid,16000,divorced,primary,yes,no,26,yes,no,unknown,12,may,311,3,-1,0,unknown,no
36,entrepreneur,120000,married,primary,yes,no,177,yes,no,unknown,12,may,63,5,-1,0,unknown,no
46,blue-collar,20000,married,primary,yes,no,633,yes,no,unknown,12,may,236,10,-1,0,unknown,no
28,technician,60000,single,secondary,yes,no,205,yes,no,unknown,12,may,92,3,-1,0,unknown,no
50,admin.,50000,married,secondary,yes,no,1114,yes,yes,unknown,12,may,298,2,-1,0,unknown,no
44,blue-collar,20000,married,secondary,yes,no,78,yes,no,unknown,12,may,253,2,-1,0,unknown,no
38,management,100000,married,tertiary,yes,no,762,yes,no,unknown,12,may,163,2,-1,0,unknown,no
33,self-employed,60000,married,primary,yes,no,1862,yes,no,unknown,12,may,65,1,-1,0,unknown,no
57,management,100000,single,tertiary,no,no,73,no,no,unknown,12,may,41,1,-1,0,unknown,no
40,technician,60000,married,secondary,yes,no,2576,yes,yes,unknown,12,may,10,11,-1,0,unknown,no
42,management,100000,married,primary,yes,no,470,yes,no,unknown,12,may,221,1,-1,0,unknown,no
32,services,70000,married,secondary,yes,no,206,yes,yes,unknown,12,may,370,1,-1,0,unknown,no
55,blue-collar,20000,married,primary,yes,no,0,yes,yes,unknown,12,may,467,5,-1,0,unknown,no
25,blue-collar,20000,married,secondary,yes,no,-76,yes,no,unknown,12,may,241,3,-1,0,unknown,no
42,management,100000,divorced,tertiary,no,no,1750,yes,no,unknown,12,may,248,2,-1,0,unknown,no
23,admin.,50000,single,secondary,yes,no,1104,yes,no,unknown,12,may,120,2,-1,0,unknown,no
31,blue-collar,20000,married,secondary,yes,no,286,yes,yes,unknown,12,may,260,2,-1,0,unknown,no
21,student,4000,single,unknown,no,no,137,yes,no,unknown,12,may,198,3,-1,0,unknown,no
34,admin.,50000,married,secondary,yes,no,247,yes,yes,unknown,12,may,1727,5,-1,0,unknown,no
46,entrepreneur,120000,married,tertiary,yes,no,-43,no,no,unknown,12,may,138,8,-1,0,unknown,no
55,blue-collar,20000,married,primary,yes,no,309,yes,no,unknown,12,may,115,4,-1,0,unknown,no
33,entrepreneur,120000,single,secondary,yes,no,339,yes,no,unknown,12,may,212,2,-1,0,unknown,no
47,self-employed,60000,divorced,secondary,yes,no,218,yes,no,unknown,12,may,58,7,-1,0,unknown,no
33,management,100000,single,tertiary,no,no,4128,yes,no,unknown,12,may,456,6,-1,0,unknown,no
40,management,100000,single,tertiary,no,no,867,yes,yes,unknown,12,may,145,4,-1,0,unknown,no
32,management,100000,single,tertiary,no,no,1345,yes,no,unknown,12,may,289,3,-1,0,unknown,no
48,technician,60000,divorced,secondary,yes,no,40,no,no,unknown,12,may,300,3,-1,0,unknown,no
32,admin.,50000,single,secondary,yes,no,1466,yes,no,unknown,12,may,264,2,-1,0,unknown,no
26,blue-collar,20000,single,secondary,yes,no,96,yes,no,unknown,12,may,181,2,-1,0,unknown,no
38,blue-collar,20000,married,secondary,yes,no,332,yes,no,unknown,12,may,184,4,-1,0,unknown,no
46,services,70000,married,secondary,yes,no,1474,yes,no,unknown,12,may,148,3,-1,0,unknown,no
49,blue-collar,20000,married,secondary,yes,no,783,yes,no,unknown,12,may,166,4,-1,0,unknown,no
33,management,100000,single,tertiary,no,no,239,no,no,unknown,12,may,65,5,-1,0,unknown,no
45,blue-collar,20000,married,secondary,yes,no,27,yes,no,unknown,12,may,299,5,-1,0,unknown,no
32,management,100000,married,tertiary,yes,no,-24,yes,no,unknown,12,may,93,4,-1,0,unknown,no
39,blue-collar,20000,married,secondary,yes,no,23,yes,no,unknown,12,may,22,5,-1,0,unknown,no
53,blue-collar,20000,married,primary,yes,no,6386,yes,no,unknown,12,may,170,8,-1,0,unknown,no
28,unemployed,8000,single,secondary,yes,yes,-353,yes,no,unknown,12,may,89,3,-1,0,unknown,no
31,admin.,50000,married,secondary,yes,no,-474,yes,no,unknown,12,may,215,2,-1,0,unknown,no
34,entrepreneur,120000,single,tertiary,no,no,714,yes,no,unknown,12,may,166,4,-1,0,unknown,no
40,blue-collar,20000,married,primary,yes,no,570,yes,no,unknown,12,may,109,3,-1,0,unknown,no
29,blue-collar,20000,single,secondary,yes,no,16,no,no,unknown,12,may,197,3,-1,0,unknown,no
34,admin.,50000,single,secondary,yes,no,1504,yes,no,unknown,12,may,395,3,-1,0,unknown,no
38,management,100000,married,tertiary,yes,no,551,yes,no,unknown,12,may,1875,4,-1,0,unknown,no
31,services,70000,married,secondary,yes,no,-759,yes,no,unknown,12,may,220,2,-1,0,unknown,no
32,technician,60000,divorced,secondary,yes,no,1097,yes,no,unknown,12,may,298,2,-1,0,unknown,no
31,services,70000,married,secondary,yes,no,520,yes,no,unknown,12,may,123,7,-1,0,unknown,no
53,blue-collar,20000,single,unknown,no,no,0,no,no,unknown,12,may,140,7,-1,0,unknown,no
38,blue-collar,20000,single,unknown,no,no,573,yes,no,unknown,12,may,334,7,-1,0,unknown,no
57,blue-collar,20000,married,primary,yes,yes,0,yes,no,unknown,12,may,73,3,-1,0,unknown,no
58,entrepreneur,120000,married,tertiary,yes,no,146,yes,no,unknown,12,may,186,6,-1,0,unknown,no
50,blue-collar,20000,married,primary,yes,no,-37,yes,no,unknown,12,may,78,3,-1,0,unknown,no
36,blue-collar,20000,single,secondary,yes,no,90,yes,no,unknown,12,may,13,5,-1,0,unknown,no
46,blue-collar,20000,married,primary,yes,no,0,yes,no,unknown,12,may,51,9,-1,0,unknown,no
39,admin.,50000,single,secondary,yes,no,1242,yes,no,unknown,12,may,303,3,-1,0,unknown,no
31,admin.,50000,single,secondary,yes,no,98,yes,yes,unknown,12,may,159,3,-1,0,unknown,no
44,management,100000,single,tertiary,no,no,295,yes,no,unknown,12,may,103,8,-1,0,unknown,no
53,admin.,50000,married,secondary,yes,no,465,no,yes,unknown,12,may,95,3,-1,0,unknown,no
35,technician,60000,married,tertiary,yes,no,1473,yes,no,unknown,12,may,84,3,-1,0,unknown,no
40,blue-collar,20000,married,secondary,yes,no,3122,yes,no,unknown,12,may,344,3,-1,0,unknown,no
30,technician,60000,single,secondary,yes,no,317,yes,no,unknown,12,may,246,6,-1,0,unknown,no
33,blue-collar,20000,divorced,secondary,yes,no,176,yes,no,unknown,12,may,157,5,-1,0,unknown,no
39,blue-collar,20000,married,secondary,yes,no,661,yes,no,unknown,12,may,162,4,-1,0,unknown,no
25,admin.,50000,single,secondary,yes,no,1,yes,yes,unknown,12,may,24,12,-1,0,unknown,no
35,blue-collar,20000,married,primary,yes,no,-12,yes,no,unknown,12,may,212,5,-1,0,unknown,no
43,blue-collar,20000,married,primary,yes,no,1401,yes,no,unknown,12,may,195,2,-1,0,unknown,no
41,entrepreneur,120000,married,tertiary,yes,no,171,yes,no,unknown,12,may,143,4,-1,0,unknown,no
55,blue-collar,20000,married,primary,yes,no,431,yes,no,unknown,12,may,68,2,-1,0,unknown,no
49,technician,60000,divorced,secondary,yes,no,265,yes,no,unknown,12,may,274,6,-1,0,unknown,no
30,self-employed,60000,married,tertiary,yes,no,227,yes,yes,unknown,12,may,227,3,-1,0,unknown,no
37,blue-collar,20000,single,secondary,yes,no,336,yes,no,unknown,12,may,152,5,-1,0,unknown,no
46,unemployed,8000,divorced,secondary,yes,no,41,yes,no,unknown,12,may,249,4,-1,0,unknown,no
36,blue-collar,20000,married,secondary,yes,no,1554,yes,no,unknown,12,may,325,4,-1,0,unknown,no
45,services,70000,single,secondary,yes,no,141,yes,no,unknown,12,may,111,4,-1,0,unknown,no
48,blue-collar,20000,married,primary,yes,no,762,yes,no,unknown,12,may,81,4,-1,0,unknown,no
22,housemaid,16000,single,secondary,yes,no,650,yes,no,unknown,12,may,181,4,-1,0,unknown,no
46,admin.,50000,married,secondary,yes,no,250,no,no,unknown,13,may,85,2,-1,0,unknown,no
39,blue-collar,20000,married,secondary,yes,no,130,yes,no,unknown,13,may,141,6,-1,0,unknown,no
56,admin.,50000,married,secondary,yes,no,11,no,no,unknown,13,may,42,3,-1,0,unknown,no
35,management,100000,divorced,tertiary,no,no,36,yes,no,unknown,13,may,182,6,-1,0,unknown,no
45,blue-collar,20000,married,primary,yes,no,333,yes,no,unknown,13,may,160,3,-1,0,unknown,no
28,technician,60000,married,secondary,yes,no,487,yes,no,unknown,13,may,176,4,-1,0,unknown,no
32,admin.,50000,single,tertiary,no,no,594,yes,no,unknown,13,may,134,2,-1,0,unknown,no
52,services,70000,married,tertiary,yes,no,1135,yes,yes,unknown,13,may,514,5,-1,0,unknown,no
26,admin.,50000,divorced,secondary,yes,yes,-3,yes,no,unknown,13,may,181,5,-1,0,unknown,no
22,blue-collar,20000,single,primary,yes,no,-168,yes,no,unknown,13,may,160,3,-1,0,unknown,no
35,blue-collar,20000,married,primary,yes,no,414,no,no,unknown,13,may,504,4,-1,0,unknown,yes
44,technician,60000,single,tertiary,no,no,166,yes,no,unknown,13,may,267,3,-1,0,unknown,no
31,blue-collar,20000,married,secondary,yes,no,472,yes,no,unknown,13,may,907,2,-1,0,unknown,no
28,blue-collar,20000,married,secondary,yes,no,-95,yes,no,unknown,13,may,200,1,-1,0,unknown,no
23,technician,60000,single,secondary,yes,no,158,yes,no,unknown,13,may,139,1,-1,0,unknown,no
26,technician,60000,single,secondary,yes,no,8,no,no,unknown,13,may,147,1,-1,0,unknown,no
31,admin.,50000,single,secondary,yes,no,296,yes,no,unknown,13,may,161,1,-1,0,unknown,no
27,admin.,50000,single,secondary,yes,no,-541,yes,yes,unknown,13,may,153,1,-1,0,unknown,no
34,services,70000,single,secondary,yes,no,23,no,no,unknown,13,may,109,1,-1,0,unknown,no
25,blue-collar,20000,single,primary,yes,no,17,yes,no,unknown,13,may,97,2,-1,0,unknown,no
25,blue-collar,20000,single,secondary,yes,no,335,yes,no,unknown,13,may,164,1,-1,0,unknown,no
22,services,70000,single,secondary,yes,no,395,yes,no,unknown,13,may,70,1,-1,0,unknown,no
37,blue-collar,20000,divorced,secondary,yes,no,178,yes,no,unknown,13,may,71,1,-1,0,unknown,no
26,entrepreneur,120000,single,secondary,yes,no,101,yes,no,unknown,13,may,723,1,-1,0,unknown,no
32,blue-collar,20000,married,secondary,yes,no,-428,yes,no,unknown,13,may,518,1,-1,0,unknown,no
26,technician,60000,single,secondary,yes,no,24299,yes,no,unknown,13,may,704,1,-1,0,unknown,no
27,blue-collar,20000,single,secondary,yes,no,181,no,no,unknown,13,may,147,1,-1,0,unknown,no
22,services,70000,married,secondary,yes,no,83,yes,no,unknown,13,may,101,1,-1,0,unknown,no
32,technician,60000,married,secondary,yes,no,175,yes,no,unknown,13,may,142,1,-1,0,unknown,no
33,management,100000,divorced,secondary,yes,no,5,yes,no,unknown,13,may,1346,1,-1,0,unknown,yes
34,admin.,50000,married,secondary,yes,no,3185,yes,no,unknown,13,may,520,1,-1,0,unknown,no
31,blue-collar,20000,married,secondary,yes,no,2577,yes,no,unknown,13,may,611,2,-1,0,unknown,no
28,technician,60000,single,secondary,yes,no,216,yes,no,unknown,13,may,66,1,-1,0,unknown,no
37,blue-collar,20000,married,secondary,yes,no,166,yes,no,unknown,13,may,135,3,-1,0,unknown,no
45,blue-collar,20000,married,primary,yes,no,323,yes,no,unknown,13,may,276,2,-1,0,unknown,no
31,management,100000,married,tertiary,yes,no,334,yes,no,unknown,13,may,449,1,-1,0,unknown,no
48,entrepreneur,120000,married,secondary,yes,no,86,yes,no,unknown,13,may,98,1,-1,0,unknown,no
24,admin.,50000,single,secondary,yes,no,845,yes,no,unknown,13,may,105,1,-1,0,unknown,no
24,technician,60000,single,secondary,yes,no,-126,yes,yes,unknown,13,may,382,2,-1,0,unknown,no
45,services,70000,married,secondary,yes,no,-3,yes,no,unknown,13,may,213,1,-1,0,unknown,no
26,services,70000,married,secondary,yes,no,54,yes,no,unknown,13,may,116,1,-1,0,unknown,no
24,technician,60000,single,secondary,yes,no,-192,yes,no,unknown,13,may,125,1,-1,0,unknown,no
29,blue-collar,20000,married,secondary,yes,no,125,yes,no,unknown,13,may,50,1,-1,0,unknown,no
34,blue-collar,20000,single,primary,yes,no,2146,yes,no,unknown,13,may,138,1,-1,0,unknown,no
30,technician,60000,single,tertiary,no,no,-522,yes,no,unknown,13,may,375,1,-1,0,unknown,no
21,student,4000,single,secondary,yes,no,99,yes,no,unknown,13,may,49,1,-1,0,unknown,no
42,blue-collar,20000,married,secondary,yes,no,-1664,yes,no,unknown,13,may,169,1,-1,0,unknown,no
32,unemployed,8000,married,secondary,yes,yes,2,yes,no,unknown,13,may,178,2,-1,0,unknown,no
40,services,70000,married,secondary,yes,no,2172,yes,yes,unknown,13,may,1386,1,-1,0,unknown,no
33,management,100000,single,tertiary,no,no,168,yes,no,unknown,13,may,155,1,-1,0,unknown,no
32,technician,60000,married,primary,yes,no,62,yes,yes,unknown,13,may,120,1,-1,0,unknown,no
25,admin.,50000,single,secondary,yes,no,768,yes,no,unknown,13,may,203,1,-1,0,unknown,no
41,blue-collar,20000,married,secondary,yes,no,429,yes,no,unknown,13,may,244,1,-1,0,unknown,no
37,admin.,50000,married,secondary,yes,no,36,yes,no,unknown,13,may,428,1,-1,0,unknown,no
29,blue-collar,20000,married,primary,yes,no,0,yes,no,unknown,13,may,53,1,-1,0,unknown,no
29,technician,60000,single,secondary,yes,no,544,yes,no,unknown,13,may,360,1,-1,0,unknown,no
46,services,70000,divorced,primary,yes,no,91,yes,no,unknown,13,may,215,1,-1,0,unknown,no
32,management,100000,single,tertiary,no,yes,-3,yes,no,unknown,13,may,500,2,-1,0,unknown,no
30,admin.,50000,single,secondary,yes,no,1374,yes,no,unknown,13,may,207,1,-1,0,unknown,no
38,management,100000,married,tertiary,yes,no,119,yes,no,unknown,13,may,568,4,-1,0,unknown,yes
22,services,70000,single,secondary,yes,no,279,yes,no,unknown,13,may,270,1,-1,0,unknown,no
22,management,100000,single,secondary,yes,no,594,yes,no,unknown,13,may,154,1,-1,0,unknown,no
32,services,70000,single,secondary,yes,no,-121,yes,yes,unknown,13,may,272,1,-1,0,unknown,no
36,blue-collar,20000,married,secondary,yes,no,-195,yes,no,unknown,13,may,229,1,-1,0,unknown,no
30,technician,60000,single,secondary,yes,no,-208,yes,yes,unknown,13,may,108,1,-1,0,unknown,no
26,blue-collar,20000,single,secondary,yes,no,309,yes,no,unknown,13,may,210,1,-1,0,unknown,no
41,blue-collar,20000,divorced,primary,yes,yes,210,yes,no,unknown,13,may,383,1,-1,0,unknown,no
42,unemployed,8000,married,secondary,yes,no,135,yes,no,unknown,13,may,259,6,-1,0,unknown,no
45,blue-collar,20000,married,secondary,yes,no,66,yes,no,unknown,13,may,3366,3,-1,0,unknown,no
24,services,70000,single,secondary,yes,yes,-122,yes,no,unknown,13,may,1000,1,-1,0,unknown,yes
54,retired,55000,divorced,tertiary,no,no,0,no,no,unknown,13,may,618,1,-1,0,unknown,yes
33,blue-collar,20000,single,unknown,no,no,-90,yes,no,unknown,13,may,415,1,-1,0,unknown,no
28,blue-collar,20000,married,primary,yes,no,286,yes,no,unknown,13,may,237,1,-1,0,unknown,no
36,admin.,50000,married,secondary,yes,no,-423,yes,yes,unknown,13,may,106,1,-1,0,unknown,no
34,blue-collar,20000,single,primary,yes,no,505,yes,no,unknown,13,may,351,1,-1,0,unknown,no
28,admin.,50000,single,secondary,yes,no,296,yes,no,unknown,13,may,218,1,-1,0,unknown,no
31,technician,60000,single,tertiary,no,no,279,yes,no,unknown,13,may,198,1,-1,0,unknown,no
53,services,70000,married,secondary,yes,no,367,yes,yes,unknown,13,may,284,2,-1,0,unknown,no
20,blue-collar,20000,single,secondary,yes,no,129,yes,yes,unknown,13,may,190,1,-1,0,unknown,no
47,retired,55000,married,primary,yes,yes,-13,no,no,unknown,13,may,295,1,-1,0,unknown,no
33,blue-collar,20000,married,primary,yes,no,1309,yes,no,unknown,13,may,262,1,-1,0,unknown,no
24,blue-collar,20000,single,secondary,yes,no,-10,yes,no,unknown,13,may,106,1,-1,0,unknown,no
23,admin.,50000,single,secondary,yes,no,5,yes,no,unknown,13,may,93,1,-1,0,unknown,no
27,blue-collar,20000,single,secondary,yes,no,71,yes,no,unknown,13,may,174,1,-1,0,unknown,no
23,admin.,50000,single,secondary,yes,no,281,yes,no,unknown,13,may,124,1,-1,0,unknown,no
30,blue-collar,20000,married,secondary,yes,no,173,yes,no,unknown,13,may,217,1,-1,0,unknown,no
34,blue-collar,20000,divorced,secondary,yes,no,383,yes,no,unknown,13,may,2231,1,-1,0,unknown,yes
55,blue-collar,20000,divorced,primary,yes,no,39,yes,no,unknown,13,may,343,1,-1,0,unknown,no
57,management,100000,married,primary,yes,no,1052,yes,no,unknown,13,may,227,4,-1,0,unknown,no
59,retired,55000,divorced,unknown,no,no,-49,yes,no,unknown,13,may,248,2,-1,0,unknown,no
20,services,70000,single,secondary,yes,no,-103,yes,no,unknown,13,may,180,1,-1,0,unknown,no
30,services,70000,married,secondary,yes,yes,-846,yes,no,unknown,13,may,117,1,-1,0,unknown,no
41,admin.,50000,married,secondary,yes,no,705,yes,no,unknown,13,may,205,1,-1,0,unknown,no
37,services,70000,single,secondary,yes,no,1950,yes,no,unknown,13,may,370,1,-1,0,unknown,no
31,admin.,50000,divorced,secondary,yes,no,253,yes,no,unknown,13,may,289,2,-1,0,unknown,no
39,management,100000,single,tertiary,no,no,595,yes,no,unknown,13,may,427,1,-1,0,unknown,no
28,blue-collar,20000,married,secondary,yes,no,-185,yes,yes,unknown,13,may,170,1,-1,0,unknown,no
44,blue-collar,20000,married,primary,yes,no,353,yes,no,unknown,13,may,705,1,-1,0,unknown,no
31,technician,60000,married,secondary,yes,no,2363,yes,no,unknown,13,may,247,1,-1,0,unknown,no
28,blue-collar,20000,married,unknown,no,no,52,yes,no,unknown,13,may,226,1,-1,0,unknown,no
51,technician,60000,married,unknown,no,no,205,yes,yes,unknown,13,may,665,1,-1,0,unknown,no
34,management,100000,married,tertiary,yes,no,1557,yes,yes,unknown,13,may,213,1,-1,0,unknown,no
24,technician,60000,single,tertiary,no,no,596,yes,no,unknown,13,may,451,1,-1,0,unknown,no
29,self-employed,60000,single,tertiary,no,no,-114,yes,no,unknown,13,may,174,1,-1,0,unknown,no
50,management,100000,married,primary,yes,no,478,no,no,unknown,13,may,126,5,-1,0,unknown,no
21,blue-collar,20000,single,secondary,yes,no,614,yes,no,unknown,13,may,243,3,-1,0,unknown,no
29,blue-collar,20000,single,secondary,yes,no,783,yes,no,unknown,13,may,166,1,-1,0,unknown,no
26,blue-collar,20000,single,secondary,yes,no,401,yes,no,unknown,13,may,373,1,-1,0,unknown,no
26,admin.,50000,single,secondary,yes,no,92,yes,no,unknown,13,may,259,1,-1,0,unknown,no
21,blue-collar,20000,single,secondary,yes,no,-273,yes,yes,unknown,13,may,340,1,-1,0,unknown,no
23,blue-collar,20000,single,primary,yes,no,2594,yes,no,unknown,13,may,193,1,-1,0,unknown,no
25,services,70000,single,secondary,yes,no,382,yes,no,unknown,13,may,392,1,-1,0,unknown,no
40,blue-collar,20000,married,primary,yes,no,-166,yes,no,unknown,13,may,136,1,-1,0,unknown,no
39,admin.,50000,divorced,secondary,yes,no,-141,yes,no,unknown,13,may,148,1,-1,0,unknown,no
25,blue-collar,20000,single,secondary,yes,no,-250,yes,no,unknown,13,may,456,1,-1,0,unknown,no
26,technician,60000,married,tertiary,yes,no,3825,yes,no,unknown,13,may,107,1,-1,0,unknown,no
57,technician,60000,married,secondary,yes,no,0,no,no,unknown,13,may,44,1,-1,0,unknown,no
61,retired,55000,married,primary,yes,no,1060,yes,no,unknown,13,may,118,1,-1,0,unknown,no
34,blue-collar,20000,married,secondary,yes,no,-185,yes,yes,unknown,13,may,276,1,-1,0,unknown,no
47,unemployed,8000,married,secondary,yes,no,955,yes,no,unknown,13,may,47,1,-1,0,unknown,no
31,self-employed,60000,married,secondary,yes,no,263,yes,no,unknown,13,may,150,2,-1,0,unknown,no
45,blue-collar,20000,married,secondary,yes,no,4646,yes,no,unknown,13,may,118,1,-1,0,unknown,no
33,technician,60000,single,tertiary,no,no,989,yes,yes,unknown,13,may,232,3,-1,0,unknown,no
27,technician,60000,married,secondary,yes,no,232,yes,yes,unknown,13,may,1167,1,-1,0,unknown,no
41,unemployed,8000,married,primary,yes,no,1483,yes,no,unknown,13,may,227,1,-1,0,unknown,no
58,technician,60000,married,secondary,yes,no,7495,yes,no,unknown,13,may,325,1,-1,0,unknown,no
45,management,100000,married,tertiary,yes,no,0,yes,yes,unknown,13,may,147,1,-1,0,unknown,no
49,self-employed,60000,married,tertiary,yes,no,2199,yes,no,unknown,13,may,98,1,-1,0,unknown,no
42,blue-collar,20000,married,secondary,yes,no,476,yes,no,unknown,13,may,93,1,-1,0,unknown,no
52,blue-collar,20000,married,secondary,yes,no,148,yes,no,unknown,13,may,83,1,-1,0,unknown,no
52,services,70000,married,secondary,yes,no,3241,yes,no,unknown,13,may,105,1,-1,0,unknown,no
49,retired,55000,married,primary,yes,no,2665,yes,no,unknown,13,may,67,1,-1,0,unknown,no
59,retired,55000,married,secondary,yes,no,1875,yes,no,unknown,13,may,77,1,-1,0,unknown,no
54,management,100000,married,primary,yes,no,879,yes,no,unknown,13,may,191,1,-1,0,unknown,no
46,blue-collar,20000,married,secondary,yes,no,1934,yes,no,unknown,13,may,20,1,-1,0,unknown,no
44,management,100000,married,tertiary,yes,no,0,no,no,unknown,13,may,27,1,-1,0,unknown,no
26,services,70000,married,secondary,yes,no,380,yes,no,unknown,13,may,260,3,-1,0,unknown,no
46,blue-collar,20000,married,secondary,yes,no,2485,yes,no,unknown,13,may,174,4,-1,0,unknown,no
59,retired,55000,married,primary,yes,no,5521,yes,yes,unknown,13,may,94,1,-1,0,unknown,no
43,blue-collar,20000,married,unknown,no,no,24,yes,no,unknown,13,may,23,2,-1,0,unknown,no
50,blue-collar,20000,married,secondary,yes,no,160,yes,no,unknown,13,may,334,1,-1,0,unknown,no
26,blue-collar,20000,single,secondary,yes,no,-204,yes,no,unknown,13,may,609,2,-1,0,unknown,no
54,blue-collar,20000,married,unknown,no,no,363,yes,no,unknown,13,may,202,1,-1,0,unknown,no
44,technician,60000,divorced,secondary,yes,no,181,no,no,unknown,13,may,302,1,-1,0,unknown,no
36,admin.,50000,divorced,secondary,yes,no,307,yes,no,unknown,13,may,121,2,-1,0,unknown,no
51,services,70000,married,unknown,no,no,193,yes,no,unknown,13,may,202,3,-1,0,unknown,no
59,retired,55000,married,secondary,yes,no,3382,yes,no,unknown,13,may,806,1,-1,0,unknown,no
42,management,100000,married,tertiary,yes,no,1823,yes,no,unknown,13,may,31,1,-1,0,unknown,no
41,services,70000,married,secondary,yes,no,-111,yes,no,unknown,13,may,21,1,-1,0,unknown,no
43,blue-collar,20000,married,unknown,no,no,3373,yes,no,unknown,13,may,156,1,-1,0,unknown,no
40,self-employed,60000,married,primary,yes,no,92,yes,no,unknown,13,may,92,1,-1,0,unknown,no
32,technician,60000,married,tertiary,yes,no,463,yes,no,unknown,13,may,128,2,-1,0,unknown,no
55,technician,60000,married,unknown,no,no,1192,yes,no,unknown,13,may,481,1,-1,0,unknown,no
59,retired,55000,married,secondary,yes,no,2376,no,no,unknown,13,may,766,1,-1,0,unknown,no
30,blue-collar,20000,married,secondary,yes,no,-166,yes,yes,unknown,13,may,255,5,-1,0,unknown,no
47,admin.,50000,married,secondary,yes,no,3960,yes,no,unknown,13,may,110,1,-1,0,unknown,no
23,entrepreneur,120000,single,primary,yes,no,4,yes,no,unknown,13,may,395,2,-1,0,unknown,yes
44,blue-collar,20000,married,primary,yes,no,23,yes,no,unknown,13,may,135,1,-1,0,unknown,no
45,technician,60000,married,secondary,yes,no,639,yes,no,unknown,13,may,192,1,-1,0,unknown,no
35,technician,60000,single,secondary,yes,no,2144,yes,no,unknown,13,may,188,2,-1,0,unknown,no
41,technician,60000,divorced,secondary,yes,no,225,yes,yes,unknown,13,may,139,1,-1,0,unknown,no
59,management,100000,divorced,primary,yes,no,13308,yes,no,unknown,13,may,131,1,-1,0,unknown,no
29,services,70000,single,primary,yes,no,95,yes,no,unknown,13,may,266,2,-1,0,unknown,no
48,services,70000,married,secondary,yes,no,1199,yes,no,unknown,13,may,76,1,-1,0,unknown,no
49,management,100000,married,tertiary,yes,no,400,yes,no,unknown,13,may,122,1,-1,0,unknown,no
60,blue-collar,20000,married,primary,yes,no,1262,yes,yes,unknown,13,may,1015,1,-1,0,unknown,yes
45,management,100000,married,tertiary,yes,no,849,no,no,unknown,13,may,60,1,-1,0,unknown,no
48,management,100000,married,tertiary,yes,no,1949,yes,no,unknown,13,may,683,2,-1,0,unknown,yes
45,entrepreneur,120000,divorced,tertiary,no,no,-395,yes,no,unknown,13,may,470,1,-1,0,unknown,yes
48,management,100000,married,tertiary,yes,no,618,no,no,unknown,13,may,149,1,-1,0,unknown,no
54,retired,55000,married,primary,yes,no,0,yes,no,unknown,13,may,106,1,-1,0,unknown,no
44,technician,60000,married,tertiary,yes,no,0,yes,yes,unknown,13,may,127,2,-1,0,unknown,no
46,blue-collar,20000,single,primary,yes,no,355,yes,no,unknown,13,may,320,1,-1,0,unknown,no
52,admin.,50000,divorced,secondary,yes,no,131,yes,yes,unknown,13,may,145,1,-1,0,unknown,no
44,management,100000,married,tertiary,yes,no,6203,yes,yes,unknown,13,may,129,1,-1,0,unknown,no
52,services,70000,divorced,secondary,yes,no,1635,yes,no,unknown,13,may,730,1,-1,0,unknown,no
46,entrepreneur,120000,single,tertiary,no,no,580,yes,no,unknown,13,may,36,1,-1,0,unknown,no
54,admin.,50000,divorced,secondary,yes,no,1814,no,no,unknown,13,may,521,1,-1,0,unknown,no
49,entrepreneur,120000,divorced,secondary,yes,no,159,yes,no,unknown,13,may,95,3,-1,0,unknown,no
46,management,100000,married,tertiary,yes,no,48,no,no,unknown,13,may,120,1,-1,0,unknown,no
48,services,70000,divorced,primary,yes,no,189,yes,no,unknown,13,may,768,1,-1,0,unknown,no
43,blue-collar,20000,married,unknown,no,no,-633,yes,yes,unknown,13,may,277,1,-1,0,unknown,no
50,blue-collar,20000,married,primary,yes,no,5356,no,no,unknown,13,may,289,1,-1,0,unknown,no
44,blue-collar,20000,married,secondary,yes,no,476,yes,no,unknown,13,may,473,1,-1,0,unknown,no
43,unemployed,8000,divorced,secondary,yes,no,4478,yes,no,unknown,13,may,133,1,-1,0,unknown,no
51,admin.,50000,single,secondary,yes,no,3132,no,no,unknown,13,may,459,1,-1,0,unknown,no
59,retired,55000,married,tertiary,yes,no,-892,yes,no,unknown,13,may,129,1,-1,0,unknown,no
52,technician,60000,married,secondary,yes,no,11,yes,no,unknown,13,may,420,1,-1,0,unknown,no
35,admin.,50000,single,secondary,yes,no,414,yes,no,unknown,13,may,386,2,-1,0,unknown,no
36,blue-collar,20000,married,secondary,yes,no,1165,yes,no,unknown,13,may,1001,4,-1,0,unknown,yes
32,services,70000,married,secondary,yes,no,3839,yes,no,unknown,13,may,76,1,-1,0,unknown,no
41,blue-collar,20000,married,secondary,yes,no,196,yes,no,unknown,13,may,488,1,-1,0,unknown,no
47,blue-collar,20000,married,primary,yes,no,521,yes,no,unknown,13,may,262,1,-1,0,unknown,no
45,services,70000,married,secondary,yes,no,350,yes,yes,unknown,13,may,146,1,-1,0,unknown,no
45,blue-collar,20000,married,secondary,yes,no,8680,yes,no,unknown,13,may,503,1,-1,0,unknown,no
45,entrepreneur,120000,divorced,tertiary,no,no,0,yes,no,unknown,13,may,170,1,-1,0,unknown,no
29,technician,60000,single,secondary,yes,no,309,yes,no,unknown,13,may,214,1,-1,0,unknown,no
36,management,100000,married,tertiary,yes,no,125,yes,no,unknown,13,may,355,1,-1,0,unknown,no
37,blue-collar,20000,divorced,secondary,yes,no,368,yes,no,unknown,13,may,194,2,-1,0,unknown,no
44,admin.,50000,married,secondary,yes,no,1362,yes,no,unknown,13,may,46,1,-1,0,unknown,no
56,retired,55000,married,secondary,yes,no,296,yes,no,unknown,13,may,128,1,-1,0,unknown,no
52,management,100000,married,unknown,no,no,2240,yes,no,unknown,13,may,845,1,-1,0,unknown,yes
57,management,100000,married,secondary,yes,no,1026,yes,no,unknown,13,may,52,2,-1,0,unknown,no
54,services,70000,married,secondary,yes,no,1301,yes,no,unknown,13,may,173,1,-1,0,unknown,no
49,entrepreneur,120000,married,primary,yes,no,199,no,no,unknown,13,may,113,2,-1,0,unknown,no
24,blue-collar,20000,single,unknown,no,no,11,yes,no,unknown,13,may,109,2,-1,0,unknown,no
42,self-employed,60000,married,tertiary,yes,no,5,yes,no,unknown,13,may,853,1,-1,0,unknown,no
40,management,100000,married,tertiary,yes,no,373,yes,yes,unknown,13,may,518,1,-1,0,unknown,no
25,management,100000,single,tertiary,no,no,1270,yes,no,unknown,13,may,124,2,-1,0,unknown,no
28,blue-collar,20000,single,secondary,yes,no,416,yes,no,unknown,13,may,452,2,-1,0,unknown,no
53,retired,55000,married,secondary,yes,no,-27,no,no,unknown,13,may,209,9,-1,0,unknown,no
40,admin.,50000,divorced,secondary,yes,no,221,yes,no,unknown,13,may,154,2,-1,0,unknown,no
27,services,70000,single,secondary,yes,no,331,yes,no,unknown,13,may,203,2,-1,0,unknown,no
34,management,100000,married,tertiary,yes,no,402,yes,no,unknown,13,may,813,2,-1,0,unknown,no
56,self-employed,60000,married,secondary,yes,no,123,no,no,unknown,13,may,81,1,-1,0,unknown,no
45,blue-collar,20000,married,secondary,yes,no,105,yes,yes,unknown,13,may,119,1,-1,0,unknown,no
27,blue-collar,20000,married,secondary,yes,no,0,yes,no,unknown,13,may,296,1,-1,0,unknown,no
53,retired,55000,married,tertiary,yes,no,1691,no,no,unknown,13,may,916,2,-1,0,unknown,no
34,technician,60000,single,tertiary,no,no,2,yes,no,unknown,13,may,60,2,-1,0,unknown,no
44,admin.,50000,single,unknown,no,no,3,yes,no,unknown,13,may,443,1,-1,0,unknown,no
46,blue-collar,20000,married,primary,yes,no,399,yes,no,unknown,13,may,353,1,-1,0,unknown,no
53,retired,55000,single,secondary,yes,no,1421,yes,no,unknown,13,may,225,2,-1,0,unknown,no
26,technician,60000,married,tertiary,yes,no,8,yes,yes,unknown,13,may,262,2,-1,0,unknown,no
31,admin.,50000,single,secondary,yes,no,150,yes,yes,unknown,13,may,431,2,-1,0,unknown,no
35,services,70000,married,secondary,yes,no,-371,yes,no,unknown,13,may,358,2,-1,0,unknown,no
43,technician,60000,married,secondary,yes,no,1916,yes,no,unknown,13,may,565,2,-1,0,unknown,no
47,blue-collar,20000,married,primary,yes,no,300,yes,no,unknown,13,may,103,3,-1,0,unknown,no
37,entrepreneur,120000,divorced,secondary,yes,no,175,yes,yes,unknown,13,may,753,6,-1,0,unknown,yes
57,retired,55000,married,tertiary,yes,no,3571,no,no,unknown,13,may,708,2,-1,0,unknown,no
41,blue-collar,20000,married,primary,yes,no,1135,yes,no,unknown,13,may,265,1,-1,0,unknown,no
55,admin.,50000,divorced,unknown,no,no,789,yes,no,unknown,13,may,434,2,-1,0,unknown,no
51,admin.,50000,divorced,secondary,yes,no,2195,yes,no,unknown,13,may,59,1,-1,0,unknown,no
27,blue-collar,20000,single,secondary,yes,no,1311,yes,no,unknown,13,may,805,2,-1,0,unknown,no
53,management,100000,married,secondary,yes,yes,-689,yes,no,unknown,13,may,242,1,-1,0,unknown,no
39,admin.,50000,single,secondary,yes,no,14,yes,yes,unknown,13,may,19,9,-1,0,unknown,no
35,admin.,50000,married,secondary,yes,no,56,yes,no,unknown,13,may,93,6,-1,0,unknown,no
28,technician,60000,single,secondary,yes,no,26765,no,no,unknown,13,may,210,8,-1,0,unknown,no
29,blue-collar,20000,divorced,unknown,no,no,17,yes,no,unknown,13,may,31,2,-1,0,unknown,no
51,technician,60000,married,secondary,yes,no,463,yes,no,unknown,13,may,213,5,-1,0,unknown,no
46,admin.,50000,single,secondary,yes,no,751,yes,no,unknown,13,may,104,2,-1,0,unknown,no
50,unemployed,8000,married,secondary,yes,no,3478,yes,no,unknown,13,may,342,3,-1,0,unknown,no
56,entrepreneur,120000,married,unknown,no,no,88,yes,no,unknown,13,may,172,2,-1,0,unknown,no
28,blue-collar,20000,married,secondary,yes,no,64,yes,no,unknown,13,may,160,3,-1,0,unknown,no
51,management,100000,married,tertiary,yes,no,36,yes,no,unknown,13,may,535,2,-1,0,unknown,no
54,housemaid,16000,married,secondary,yes,no,42,yes,no,unknown,13,may,514,5,-1,0,unknown,no
47,blue-collar,20000,married,primary,yes,no,113,yes,no,unknown,13,may,276,1,-1,0,unknown,no
49,self-employed,60000,married,secondary,yes,no,358,yes,yes,unknown,13,may,176,3,-1,0,unknown,no
46,blue-collar,20000,divorced,primary,yes,no,274,yes,no,unknown,13,may,20,1,-1,0,unknown,no
41,management,100000,married,tertiary,yes,no,0,yes,no,unknown,13,may,161,1,-1,0,unknown,no
45,admin.,50000,married,secondary,yes,no,985,yes,no,unknown,13,may,390,1,-1,0,unknown,no
31,blue-collar,20000,married,primary,yes,no,81,yes,no,unknown,13,may,245,4,-1,0,unknown,no
53,admin.,50000,divorced,secondary,yes,no,592,yes,no,unknown,13,may,151,1,-1,0,unknown,no
60,admin.,50000,divorced,unknown,no,no,791,yes,no,unknown,13,may,144,1,-1,0,unknown,no
55,retired,55000,married,secondary,yes,no,708,yes,no,unknown,13,may,901,2,-1,0,unknown,no
54,technician,60000,divorced,secondary,yes,no,51,yes,no,unknown,13,may,123,1,-1,0,unknown,no
46,blue-collar,20000,married,primary,yes,no,0,yes,no,unknown,13,may,204,3,-1,0,unknown,no
41,technician,60000,single,unknown,no,no,356,yes,no,unknown,13,may,93,2,-1,0,unknown,no
34,admin.,50000,married,secondary,yes,no,34,yes,no,unknown,13,may,188,3,-1,0,unknown,no
51,technician,60000,married,secondary,yes,no,12061,yes,no,unknown,13,may,332,1,-1,0,unknown,no
31,admin.,50000,single,secondary,yes,no,513,yes,no,unknown,13,may,180,1,-1,0,unknown,no
55,technician,60000,married,secondary,yes,no,6958,yes,yes,unknown,13,may,178,2,-1,0,unknown,no
44,management,100000,married,tertiary,yes,no,126,yes,no,unknown,13,may,92,1,-1,0,unknown,no
25,services,70000,single,secondary,yes,no,54,yes,no,unknown,13,may,318,2,-1,0,unknown,no
36,blue-collar,20000,married,secondary,yes,no,373,yes,no,unknown,13,may,94,1,-1,0,unknown,no
33,blue-collar,20000,married,secondary,yes,no,304,yes,no,unknown,13,may,139,2,-1,0,unknown,no
46,blue-collar,20000,married,secondary,yes,no,781,no,no,unknown,13,may,152,1,-1,0,unknown,no
43,blue-collar,20000,divorced,primary,yes,no,42,no,no,unknown,13,may,188,1,-1,0,unknown,no
46,management,100000,married,tertiary,yes,no,618,yes,no,unknown,13,may,54,3,-1,0,unknown,no
53,blue-collar,20000,married,secondary,yes,no,1570,yes,no,unknown,13,may,29,1,-1,0,unknown,no
52,technician,60000,divorced,secondary,yes,no,1161,yes,no,unknown,13,may,271,1,-1,0,unknown,no
57,management,100000,divorced,unknown,no,no,0,no,no,unknown,13,may,95,1,-1,0,unknown,no
31,blue-collar,20000,single,secondary,yes,no,-745,yes,no,unknown,13,may,227,1,-1,0,unknown,no
54,services,70000,married,secondary,yes,no,88,yes,no,unknown,13,may,190,1,-1,0,unknown,no
37,management,100000,married,tertiary,yes,no,1330,yes,no,unknown,13,may,60,1,-1,0,unknown,no
41,blue-collar,20000,married,secondary,yes,no,641,yes,no,unknown,13,may,161,1,-1,0,unknown,no
44,admin.,50000,married,secondary,yes,no,1423,yes,no,unknown,13,may,162,4,-1,0,unknown,no
26,services,70000,single,secondary,yes,no,8206,yes,no,unknown,13,may,213,2,-1,0,unknown,no
40,blue-collar,20000,married,primary,yes,no,4436,yes,no,unknown,13,may,67,2,-1,0,unknown,no
32,admin.,50000,divorced,secondary,yes,no,1611,yes,yes,unknown,13,may,93,1,-1,0,unknown,no
44,technician,60000,single,tertiary,no,no,607,yes,no,unknown,13,may,119,2,-1,0,unknown,no
44,blue-collar,20000,married,primary,yes,no,300,yes,no,unknown,13,may,297,3,-1,0,unknown,no
35,technician,60000,married,secondary,yes,no,304,yes,no,unknown,13,may,3,1,-1,0,unknown,no
49,services,70000,married,secondary,yes,no,254,yes,no,unknown,13,may,179,1,-1,0,unknown,no
44,technician,60000,married,secondary,yes,no,3790,yes,no,unknown,13,may,342,2,-1,0,unknown,no
40,blue-collar,20000,married,secondary,yes,no,59,yes,no,unknown,13,may,420,1,-1,0,unknown,no
39,blue-collar,20000,married,secondary,yes,no,1554,yes,no,unknown,13,may,378,1,-1,0,unknown,no
51,blue-collar,20000,divorced,tertiary,no,no,257,yes,no,unknown,13,may,190,1,-1,0,unknown,no
59,retired,55000,divorced,primary,yes,no,643,yes,no,unknown,13,may,354,2,-1,0,unknown,no
42,admin.,50000,married,secondary,yes,no,128,yes,no,unknown,13,may,190,1,-1,0,unknown,no
47,services,70000,divorced,secondary,yes,no,743,yes,yes,unknown,13,may,367,1,-1,0,unknown,no
57,blue-collar,20000,married,primary,yes,no,1460,no,no,unknown,13,may,91,2,-1,0,unknown,no
42,management,100000,married,secondary,yes,no,-32,yes,no,unknown,13,may,77,1,-1,0,unknown,no
40,services,70000,married,primary,yes,no,1117,yes,no,unknown,13,may,280,1,-1,0,unknown,no
44,technician,60000,married,primary,yes,no,2887,yes,no,unknown,13,may,182,1,-1,0,unknown,no
38,admin.,50000,single,unknown,no,no,446,yes,no,unknown,13,may,386,1,-1,0,unknown,no
51,management,100000,married,tertiary,yes,no,1212,yes,no,unknown,13,may,184,1,-1,0,unknown,no
48,management,100000,married,tertiary,yes,no,2218,yes,no,unknown,13,may,43,2,-1,0,unknown,no
48,blue-collar,20000,married,secondary,yes,no,705,no,no,unknown,13,may,108,2,-1,0,unknown,no
42,blue-collar,20000,divorced,primary,yes,no,299,yes,no,unknown,13,may,253,2,-1,0,unknown,no
48,entrepreneur,120000,married,tertiary,yes,no,313,yes,no,unknown,13,may,195,2,-1,0,unknown,no
49,management,100000,married,tertiary,yes,no,12482,yes,yes,unknown,13,may,46,3,-1,0,unknown,no
44,services,70000,married,secondary,yes,no,29312,no,no,unknown,13,may,226,1,-1,0,unknown,no
44,services,70000,married,primary,yes,no,2226,yes,yes,unknown,13,may,55,1,-1,0,unknown,no
32,blue-collar,20000,single,secondary,yes,no,1940,yes,yes,unknown,13,may,299,3,-1,0,unknown,no
43,blue-collar,20000,married,secondary,yes,no,576,yes,yes,unknown,13,may,148,1,-1,0,unknown,no
44,services,70000,divorced,secondary,yes,no,0,yes,yes,unknown,13,may,97,1,-1,0,unknown,no
53,admin.,50000,divorced,secondary,yes,no,887,yes,no,unknown,13,may,169,2,-1,0,unknown,no
43,blue-collar,20000,married,primary,yes,no,17,yes,no,unknown,13,may,119,10,-1,0,unknown,no
31,technician,60000,married,secondary,yes,no,106,yes,no,unknown,13,may,101,13,-1,0,unknown,no
48,management,100000,married,tertiary,yes,no,489,yes,no,unknown,13,may,60,1,-1,0,unknown,no
46,technician,60000,single,secondary,yes,no,148,yes,no,unknown,13,may,210,1,-1,0,unknown,no
41,blue-collar,20000,divorced,secondary,yes,no,14,yes,yes,unknown,13,may,65,6,-1,0,unknown,no
26,management,100000,married,tertiary,yes,no,1531,yes,no,unknown,13,may,129,4,-1,0,unknown,no
26,blue-collar,20000,married,secondary,yes,no,3108,yes,no,unknown,13,may,481,3,-1,0,unknown,no
52,admin.,50000,divorced,secondary,yes,no,26,yes,no,unknown,13,may,215,1,-1,0,unknown,no
47,blue-collar,20000,married,primary,yes,no,2466,yes,no,unknown,13,may,142,2,-1,0,unknown,no
47,blue-collar,20000,married,unknown,no,no,1045,yes,no,unknown,13,may,411,2,-1,0,unknown,no
27,blue-collar,20000,married,primary,yes,yes,-588,no,no,unknown,13,may,531,2,-1,0,unknown,no
31,services,70000,married,secondary,yes,no,413,yes,no,unknown,13,may,65,1,-1,0,unknown,no
60,retired,55000,married,tertiary,yes,no,0,yes,no,unknown,13,may,34,4,-1,0,unknown,no
58,retired,55000,married,primary,yes,no,193,yes,yes,unknown,13,may,788,3,-1,0,unknown,no
44,blue-collar,20000,married,secondary,yes,no,1340,yes,no,unknown,13,may,244,1,-1,0,unknown,no
32,blue-collar,20000,married,secondary,yes,no,363,yes,no,unknown,13,may,431,1,-1,0,unknown,no
33,blue-collar,20000,married,primary,yes,no,-306,yes,yes,unknown,13,may,851,4,-1,0,unknown,no
38,admin.,50000,married,secondary,yes,no,607,yes,no,unknown,13,may,315,3,-1,0,unknown,no
35,technician,60000,divorced,secondary,yes,no,556,yes,no,unknown,13,may,214,1,-1,0,unknown,no
47,technician,60000,married,secondary,yes,no,449,yes,yes,unknown,13,may,92,4,-1,0,unknown,no
32,blue-collar,20000,single,secondary,yes,no,338,yes,no,unknown,13,may,73,3,-1,0,unknown,no
41,management,100000,married,primary,yes,no,-4,yes,yes,unknown,13,may,181,3,-1,0,unknown,no
30,management,100000,single,tertiary,no,no,623,yes,no,unknown,13,may,159,2,-1,0,unknown,no
60,retired,55000,married,secondary,yes,no,1390,no,yes,unknown,13,may,58,2,-1,0,unknown,no
36,blue-collar,20000,divorced,secondary,yes,no,719,yes,no,unknown,13,may,1052,1,-1,0,unknown,no
46,blue-collar,20000,married,primary,yes,no,369,yes,no,unknown,13,may,916,2,-1,0,unknown,yes
58,blue-collar,20000,married,primary,yes,no,1357,yes,no,unknown,13,may,150,2,-1,0,unknown,no
52,entrepreneur,120000,married,unknown,no,no,0,yes,no,unknown,13,may,165,2,-1,0,unknown,no
55,management,100000,married,secondary,yes,no,0,yes,no,unknown,13,may,309,2,-1,0,unknown,no
43,blue-collar,20000,married,primary,yes,no,2047,yes,no,unknown,13,may,163,2,-1,0,unknown,no
24,admin.,50000,single,secondary,yes,no,507,yes,no,unknown,13,may,210,3,-1,0,unknown,no
24,blue-collar,20000,married,primary,yes,no,-427,yes,no,unknown,13,may,165,3,-1,0,unknown,no
25,blue-collar,20000,married,secondary,yes,no,53,yes,no,unknown,13,may,331,2,-1,0,unknown,no
40,technician,60000,married,secondary,yes,no,93,yes,no,unknown,13,may,134,2,-1,0,unknown,no
31,blue-collar,20000,married,secondary,yes,no,822,yes,no,unknown,13,may,185,6,-1,0,unknown,no
31,technician,60000,single,secondary,yes,no,849,yes,yes,unknown,13,may,295,2,-1,0,unknown,no
26,blue-collar,20000,single,secondary,yes,no,-214,yes,no,unknown,13,may,86,4,-1,0,unknown,no
52,blue-collar,20000,married,secondary,yes,no,161,yes,no,unknown,13,may,274,2,-1,0,unknown,no
25,technician,60000,single,tertiary,no,no,800,yes,no,unknown,13,may,151,4,-1,0,unknown,no
40,blue-collar,20000,married,secondary,yes,no,598,yes,no,unknown,13,may,69,11,-1,0,unknown,no
42,blue-collar,20000,divorced,secondary,yes,no,-135,yes,no,unknown,13,may,15,11,-1,0,unknown,no
31,technician,60000,married,tertiary,yes,no,0,yes,yes,unknown,13,may,164,2,-1,0,unknown,no
43,entrepreneur,120000,married,secondary,yes,no,59,no,no,unknown,13,may,437,2,-1,0,unknown,no
57,blue-collar,20000,married,primary,yes,no,452,yes,no,unknown,13,may,139,4,-1,0,unknown,no
30,housemaid,16000,single,secondary,yes,no,49,yes,no,unknown,13,may,267,2,-1,0,unknown,no
23,blue-collar,20000,married,primary,yes,no,-213,no,no,unknown,13,may,165,2,-1,0,unknown,no
53,blue-collar,20000,divorced,primary,yes,no,2477,yes,no,unknown,13,may,175,2,-1,0,unknown,no
44,self-employed,60000,married,secondary,yes,no,264,yes,no,unknown,13,may,198,2,-1,0,unknown,no
48,technician,60000,married,secondary,yes,no,4265,yes,no,unknown,13,may,220,2,-1,0,unknown,no
59,retired,55000,divorced,tertiary,no,no,559,yes,no,unknown,13,may,168,2,-1,0,unknown,no
33,management,100000,married,secondary,yes,no,-15,yes,no,unknown,13,may,247,3,-1,0,unknown,no
60,retired,55000,married,secondary,yes,no,926,yes,no,unknown,13,may,291,2,-1,0,unknown,no
42,services,70000,married,secondary,yes,no,693,yes,no,unknown,13,may,187,2,-1,0,unknown,no
44,management,100000,single,tertiary,no,no,9956,yes,no,unknown,13,may,194,2,-1,0,unknown,no
50,management,100000,single,tertiary,no,no,1300,yes,no,unknown,13,may,379,2,-1,0,unknown,no
54,retired,55000,married,secondary,yes,no,2626,no,no,unknown,13,may,151,2,-1,0,unknown,no
29,admin.,50000,single,secondary,yes,no,-44,yes,no,unknown,13,may,166,4,-1,0,unknown,no
59,self-employed,60000,married,tertiary,yes,no,593,no,no,unknown,13,may,64,2,-1,0,unknown,no
37,technician,60000,married,secondary,yes,no,511,yes,no,unknown,13,may,232,4,-1,0,unknown,no
55,retired,55000,married,secondary,yes,no,493,yes,no,unknown,13,may,647,7,-1,0,unknown,no
53,retired,55000,divorced,tertiary,no,no,599,yes,no,unknown,13,may,322,3,-1,0,unknown,no
31,services,70000,married,secondary,yes,no,272,yes,no,unknown,13,may,133,12,-1,0,unknown,no
49,management,100000,married,tertiary,yes,no,735,yes,no,unknown,13,may,50,3,-1,0,unknown,no
28,blue-collar,20000,married,primary,yes,no,15,yes,no,unknown,13,may,87,2,-1,0,unknown,no
47,blue-collar,20000,married,primary,yes,no,159,yes,no,unknown,13,may,771,2,-1,0,unknown,no
31,blue-collar,20000,married,primary,yes,no,651,yes,no,unknown,13,may,241,2,-1,0,unknown,no
49,housemaid,16000,divorced,primary,yes,no,198,yes,no,unknown,13,may,205,3,-1,0,unknown,no
59,blue-collar,20000,married,unknown,no,no,-278,yes,no,unknown,13,may,318,2,-1,0,unknown,no
34,blue-collar,20000,married,secondary,yes,no,-100,yes,no,unknown,13,may,109,9,-1,0,unknown,no
43,admin.,50000,married,primary,yes,no,15,yes,no,unknown,13,may,304,2,-1,0,unknown,no
38,blue-collar,20000,married,primary,yes,no,0,no,no,unknown,13,may,209,2,-1,0,unknown,no
41,services,70000,married,secondary,yes,no,108,yes,yes,unknown,13,may,83,7,-1,0,unknown,no
44,blue-collar,20000,married,primary,yes,no,617,yes,no,unknown,13,may,227,2,-1,0,unknown,no
31,services,70000,single,secondary,yes,no,516,yes,no,unknown,13,may,271,2,-1,0,unknown,no
35,blue-collar,20000,married,primary,yes,no,11,yes,no,unknown,13,may,326,4,-1,0,unknown,no
37,admin.,50000,married,secondary,yes,no,1026,yes,no,unknown,13,may,389,2,-1,0,unknown,no
58,admin.,50000,married,secondary,yes,no,3635,no,no,unknown,13,may,273,2,-1,0,unknown,no
24,blue-collar,20000,married,secondary,yes,no,32,no,no,unknown,13,may,264,3,-1,0,unknown,no
35,blue-collar,20000,single,primary,yes,no,-123,yes,no,unknown,13,may,1106,4,-1,0,unknown,no
33,blue-collar,20000,divorced,secondary,yes,no,-238,yes,no,unknown,13,may,73,2,-1,0,unknown,no
40,entrepreneur,120000,married,tertiary,yes,no,1089,yes,yes,unknown,13,may,195,5,-1,0,unknown,no
46,admin.,50000,divorced,tertiary,no,no,3749,yes,no,unknown,13,may,69,19,-1,0,unknown,no
41,blue-collar,20000,married,primary,yes,no,3140,yes,no,unknown,13,may,87,9,-1,0,unknown,no
33,blue-collar,20000,married,tertiary,yes,no,221,yes,no,unknown,13,may,122,7,-1,0,unknown,no
35,blue-collar,20000,divorced,primary,yes,no,300,yes,no,unknown,13,may,945,2,-1,0,unknown,yes
57,retired,55000,divorced,primary,yes,no,515,yes,no,unknown,13,may,288,2,-1,0,unknown,no
40,technician,60000,married,primary,yes,no,819,yes,no,unknown,13,may,50,3,-1,0,unknown,no
36,blue-collar,20000,married,secondary,yes,no,722,yes,no,unknown,13,may,816,3,-1,0,unknown,no
47,management,100000,divorced,secondary,yes,no,3346,yes,yes,unknown,13,may,284,2,-1,0,unknown,no
50,blue-collar,20000,married,primary,yes,no,419,yes,no,unknown,13,may,116,4,-1,0,unknown,no
51,technician,60000,married,secondary,yes,no,330,yes,no,unknown,13,may,72,4,-1,0,unknown,no
41,management,100000,divorced,tertiary,no,no,1576,yes,no,unknown,13,may,232,2,-1,0,unknown,no
38,management,100000,married,tertiary,yes,no,258,yes,no,unknown,13,may,124,3,-1,0,unknown,no
39,blue-collar,20000,married,primary,yes,no,317,yes,no,unknown,13,may,326,3,-1,0,unknown,no
25,services,70000,single,secondary,yes,yes,57,yes,yes,unknown,13,may,190,5,-1,0,unknown,no
43,technician,60000,married,secondary,yes,no,3285,yes,no,unknown,13,may,1721,2,-1,0,unknown,yes
33,blue-collar,20000,married,secondary,yes,no,152,yes,no,unknown,13,may,351,2,-1,0,unknown,no
45,blue-collar,20000,married,secondary,yes,no,2429,yes,no,unknown,13,may,171,2,-1,0,unknown,no
58,unknown,0,divorced,secondary,yes,no,3111,yes,no,unknown,13,may,166,2,-1,0,unknown,no
57,blue-collar,20000,married,primary,yes,no,1352,yes,no,unknown,13,may,104,2,-1,0,unknown,no
27,unemployed,8000,single,tertiary,no,no,37,yes,no,unknown,13,may,163,3,-1,0,unknown,no
25,technician,60000,single,tertiary,no,no,640,yes,no,unknown,13,may,492,2,-1,0,unknown,no
38,blue-collar,20000,married,unknown,no,no,113,no,no,unknown,13,may,25,10,-1,0,unknown,no
28,technician,60000,single,secondary,yes,no,468,yes,no,unknown,13,may,152,3,-1,0,unknown,no
33,services,70000,married,secondary,yes,no,184,yes,no,unknown,13,may,109,4,-1,0,unknown,no
44,blue-collar,20000,single,secondary,yes,no,633,yes,no,unknown,13,may,1032,1,-1,0,unknown,no
57,admin.,50000,married,secondary,yes,no,7,yes,no,unknown,14,may,65,6,-1,0,unknown,no
46,blue-collar,20000,single,secondary,yes,no,57,yes,no,unknown,14,may,194,4,-1,0,unknown,no
57,technician,60000,divorced,secondary,yes,no,0,yes,no,unknown,14,may,360,2,-1,0,unknown,no
42,blue-collar,20000,divorced,primary,yes,no,419,yes,yes,unknown,14,may,96,4,-1,0,unknown,no
46,admin.,50000,married,secondary,yes,no,120,yes,no,unknown,14,may,20,11,-1,0,unknown,no
39,entrepreneur,120000,married,secondary,yes,no,580,yes,no,unknown,14,may,323,4,-1,0,unknown,no
27,blue-collar,20000,married,secondary,yes,no,362,yes,no,unknown,14,may,332,2,-1,0,unknown,no
42,management,100000,married,secondary,yes,no,43,yes,no,unknown,14,may,735,8,-1,0,unknown,no
58,admin.,50000,married,secondary,yes,no,749,yes,no,unknown,14,may,151,2,-1,0,unknown,no
42,admin.,50000,single,secondary,yes,no,243,yes,no,unknown,14,may,46,5,-1,0,unknown,no
48,blue-collar,20000,married,primary,yes,no,9004,no,no,unknown,14,may,158,3,-1,0,unknown,no
57,services,70000,single,secondary,yes,no,2236,yes,no,unknown,14,may,73,2,-1,0,unknown,no
52,admin.,50000,single,secondary,yes,no,3348,yes,no,unknown,14,may,407,4,-1,0,unknown,no
54,blue-collar,20000,divorced,primary,yes,no,2062,yes,no,unknown,14,may,438,2,-1,0,unknown,no
55,retired,55000,married,secondary,yes,no,188,no,no,unknown,14,may,139,2,-1,0,unknown,no
46,blue-collar,20000,married,primary,yes,no,1483,yes,no,unknown,14,may,174,3,-1,0,unknown,no
48,entrepreneur,120000,married,unknown,no,no,2550,yes,no,unknown,14,may,175,3,-1,0,unknown,no
25,admin.,50000,single,secondary,yes,yes,53,yes,no,unknown,14,may,313,4,-1,0,unknown,no
38,management,100000,divorced,tertiary,no,no,547,yes,no,unknown,14,may,137,4,-1,0,unknown,no
46,retired,55000,married,primary,yes,no,1374,no,yes,unknown,14,may,22,3,-1,0,unknown,no
48,technician,60000,married,unknown,no,no,67,yes,no,unknown,14,may,328,4,-1,0,unknown,no
43,blue-collar,20000,married,primary,yes,no,4998,yes,no,unknown,14,may,93,4,-1,0,unknown,no
52,technician,60000,married,secondary,yes,no,0,no,no,unknown,14,may,97,2,-1,0,unknown,no
27,blue-collar,20000,single,secondary,yes,yes,-2,yes,yes,unknown,14,may,123,5,-1,0,unknown,no
29,blue-collar,20000,married,secondary,yes,no,23,yes,no,unknown,14,may,219,4,-1,0,unknown,no
49,admin.,50000,married,secondary,yes,no,512,yes,yes,unknown,14,may,455,3,-1,0,unknown,no
30,blue-collar,20000,single,secondary,yes,yes,447,no,no,unknown,14,may,103,6,-1,0,unknown,no
50,admin.,50000,married,secondary,yes,no,1917,yes,no,unknown,14,may,200,2,-1,0,unknown,no
58,blue-collar,20000,married,unknown,no,no,4871,yes,no,unknown,14,may,133,2,-1,0,unknown,no
44,blue-collar,20000,married,secondary,yes,no,326,yes,no,unknown,14,may,35,2,-1,0,unknown,no
52,technician,60000,married,secondary,yes,no,0,yes,yes,unknown,14,may,77,2,-1,0,unknown,no
44,entrepreneur,120000,married,secondary,yes,no,0,no,no,unknown,14,may,211,2,-1,0,unknown,no
27,blue-collar,20000,single,secondary,yes,no,14,no,no,unknown,14,may,72,2,-1,0,unknown,no
35,technician,60000,married,secondary,yes,no,692,yes,yes,unknown,14,may,133,2,-1,0,unknown,no
31,blue-collar,20000,married,secondary,yes,no,369,yes,yes,unknown,14,may,89,2,-1,0,unknown,no
31,blue-collar,20000,married,primary,yes,no,591,yes,no,unknown,14,may,287,3,-1,0,unknown,no
52,housemaid,16000,married,secondary,yes,no,3923,yes,no,unknown,14,may,942,3,-1,0,unknown,yes
44,blue-collar,20000,married,secondary,yes,no,0,yes,no,unknown,14,may,101,2,-1,0,unknown,no
28,blue-collar,20000,single,primary,yes,no,348,yes,yes,unknown,14,may,305,3,-1,0,unknown,no
41,technician,60000,married,secondary,yes,no,102,yes,yes,unknown,14,may,387,9,-1,0,unknown,no
54,technician,60000,divorced,secondary,yes,no,447,yes,no,unknown,14,may,146,4,-1,0,unknown,no
46,blue-collar,20000,married,secondary,yes,no,2121,yes,no,unknown,14,may,160,1,-1,0,unknown,no
48,blue-collar,20000,married,primary,yes,no,5154,yes,no,unknown,14,may,70,1,-1,0,unknown,no
31,admin.,50000,married,secondary,yes,no,393,yes,no,unknown,14,may,466,1,-1,0,unknown,no
42,services,70000,married,primary,yes,no,5879,yes,no,unknown,14,may,162,1,-1,0,unknown,no
40,blue-collar,20000,married,secondary,yes,no,-31,yes,no,unknown,14,may,117,4,-1,0,unknown,no
56,self-employed,60000,married,tertiary,yes,no,871,yes,no,unknown,14,may,381,1,-1,0,unknown,no
45,management,100000,married,tertiary,yes,no,37378,yes,no,unknown,14,may,167,1,-1,0,unknown,no
53,technician,60000,divorced,primary,yes,no,1443,yes,no,unknown,14,may,476,1,-1,0,unknown,yes
31,admin.,50000,married,secondary,yes,no,752,yes,no,unknown,14,may,178,1,-1,0,unknown,no
42,management,100000,married,tertiary,yes,no,1093,yes,no,unknown,14,may,260,1,-1,0,unknown,no
51,technician,60000,married,unknown,no,no,573,yes,yes,unknown,14,may,231,1,-1,0,unknown,no
52,management,100000,married,tertiary,yes,no,258,no,no,unknown,14,may,188,1,-1,0,unknown,no
48,management,100000,married,primary,yes,no,247,yes,yes,unknown,14,may,145,1,-1,0,unknown,no
28,management,100000,single,tertiary,no,no,202,yes,no,unknown,14,may,163,3,-1,0,unknown,no
34,technician,60000,single,secondary,yes,no,302,yes,no,unknown,14,may,282,1,-1,0,unknown,no
50,admin.,50000,married,secondary,yes,no,736,yes,no,unknown,14,may,74,1,-1,0,unknown,no
46,blue-collar,20000,married,primary,yes,no,0,yes,no,unknown,14,may,73,1,-1,0,unknown,no
54,blue-collar,20000,married,secondary,yes,no,532,yes,no,unknown,14,may,220,1,-1,0,unknown,no
43,technician,60000,divorced,secondary,yes,no,0,no,no,unknown,14,may,333,1,-1,0,unknown,no
55,blue-collar,20000,divorced,secondary,yes,no,7378,no,no,unknown,14,may,316,3,-1,0,unknown,no
47,blue-collar,20000,married,primary,yes,no,4666,no,no,unknown,14,may,451,3,-1,0,unknown,no
43,entrepreneur,120000,married,secondary,yes,no,1516,yes,no,unknown,14,may,318,1,-1,0,unknown,no
45,technician,60000,married,secondary,yes,no,0,yes,yes,unknown,14,may,246,2,-1,0,unknown,no
46,blue-collar,20000,married,secondary,yes,no,6085,yes,yes,unknown,14,may,311,2,-1,0,unknown,no
39,technician,60000,married,secondary,yes,yes,-183,yes,no,unknown,14,may,202,2,-1,0,unknown,no
26,student,4000,single,secondary,yes,no,91,yes,no,unknown,14,may,174,2,-1,0,unknown,no
40,blue-collar,20000,married,secondary,yes,no,30,yes,no,unknown,14,may,168,3,-1,0,unknown,no
48,blue-collar,20000,divorced,primary,yes,no,24,yes,no,unknown,14,may,832,1,-1,0,unknown,yes
53,technician,60000,divorced,secondary,yes,no,522,yes,no,unknown,14,may,230,1,-1,0,unknown,no
40,technician,60000,married,secondary,yes,no,770,yes,no,unknown,14,may,200,1,-1,0,unknown,no
54,blue-collar,20000,married,secondary,yes,no,1288,yes,no,unknown,14,may,170,1,-1,0,unknown,no
46,technician,60000,married,secondary,yes,no,1029,yes,no,unknown,14,may,142,1,-1,0,unknown,no
47,technician,60000,divorced,secondary,yes,no,4135,yes,no,unknown,14,may,283,8,-1,0,unknown,no
50,blue-collar,20000,divorced,secondary,yes,no,204,yes,yes,unknown,14,may,421,1,-1,0,unknown,no
59,retired,55000,divorced,primary,yes,no,1534,yes,no,unknown,14,may,278,1,-1,0,unknown,no
44,services,70000,single,secondary,yes,no,0,yes,no,unknown,14,may,179,1,-1,0,unknown,no
42,management,100000,married,tertiary,yes,no,877,yes,no,unknown,14,may,238,1,-1,0,unknown,no
52,management,100000,married,secondary,yes,no,478,yes,no,unknown,14,may,110,2,-1,0,unknown,no
30,management,100000,single,tertiary,no,no,1130,yes,no,unknown,14,may,138,3,-1,0,unknown,no
46,blue-collar,20000,single,secondary,yes,no,2401,yes,no,unknown,14,may,218,2,-1,0,unknown,no
45,management,100000,married,tertiary,yes,no,740,yes,no,unknown,14,may,158,2,-1,0,unknown,no
29,admin.,50000,single,secondary,yes,no,993,no,no,unknown,14,may,105,1,-1,0,unknown,no
53,blue-collar,20000,married,primary,yes,no,896,yes,no,unknown,14,may,106,1,-1,0,unknown,no
55,admin.,50000,married,secondary,yes,no,332,yes,no,unknown,14,may,217,1,-1,0,unknown,no
45,management,100000,single,tertiary,no,no,1088,no,no,unknown,14,may,132,1,-1,0,unknown,no
35,technician,60000,married,secondary,yes,no,51,yes,no,unknown,14,may,824,2,-1,0,unknown,no
52,blue-collar,20000,single,secondary,yes,no,1541,yes,no,unknown,14,may,243,1,-1,0,unknown,no
40,management,100000,married,tertiary,yes,no,413,yes,no,unknown,14,may,150,1,-1,0,unknown,no
42,admin.,50000,married,secondary,yes,no,2656,yes,no,unknown,14,may,238,1,-1,0,unknown,no
41,blue-collar,20000,single,primary,yes,no,1618,yes,no,unknown,14,may,1553,1,-1,0,unknown,yes
42,admin.,50000,divorced,secondary,yes,no,146,yes,no,unknown,14,may,148,2,-1,0,unknown,no
40,admin.,50000,married,secondary,yes,no,153,yes,no,unknown,14,may,159,2,-1,0,unknown,no
41,services,70000,married,secondary,yes,no,4505,yes,no,unknown,14,may,108,2,-1,0,unknown,no
57,management,100000,married,tertiary,yes,no,0,yes,no,unknown,14,may,124,1,-1,0,unknown,no
45,admin.,50000,married,secondary,yes,no,520,yes,no,unknown,14,may,452,1,-1,0,unknown,no
47,management,100000,married,primary,yes,no,4151,yes,no,unknown,14,may,114,1,-1,0,unknown,no
40,unemployed,8000,married,secondary,yes,no,3382,yes,no,unknown,14,may,125,1,-1,0,unknown,no
33,technician,60000,single,secondary,yes,no,261,yes,no,unknown,14,may,622,1,-1,0,unknown,no
49,entrepreneur,120000,married,secondary,yes,no,1160,yes,no,unknown,14,may,153,1,-1,0,unknown,no
39,management,100000,divorced,tertiary,no,no,517,yes,yes,unknown,14,may,1328,1,-1,0,unknown,yes
50,services,70000,married,secondary,yes,no,2956,yes,no,unknown,14,may,686,1,-1,0,unknown,no
60,retired,55000,divorced,primary,yes,no,1327,yes,yes,unknown,14,may,80,1,-1,0,unknown,no
53,technician,60000,married,secondary,yes,no,8417,yes,no,unknown,14,may,435,1,-1,0,unknown,no
58,retired,55000,married,secondary,yes,no,-172,yes,no,unknown,14,may,300,1,-1,0,unknown,no
52,services,70000,married,secondary,yes,no,2257,yes,no,unknown,14,may,203,1,-1,0,unknown,no
42,admin.,50000,single,secondary,yes,no,277,yes,no,unknown,14,may,121,1,-1,0,unknown,no
42,blue-collar,20000,married,secondary,yes,no,902,yes,no,unknown,14,may,71,1,-1,0,unknown,no
43,technician,60000,married,secondary,yes,no,212,yes,no,unknown,14,may,78,1,-1,0,unknown,no
51,admin.,50000,married,secondary,yes,no,513,yes,no,unknown,14,may,534,1,-1,0,unknown,no
53,unknown,0,divorced,tertiary,no,no,2272,yes,no,unknown,14,may,243,1,-1,0,unknown,no
53,technician,60000,married,secondary,yes,no,719,yes,no,unknown,14,may,230,1,-1,0,unknown,no
42,management,100000,married,tertiary,yes,no,1,no,no,unknown,14,may,253,1,-1,0,unknown,no
40,technician,60000,married,secondary,yes,no,503,yes,no,unknown,14,may,127,3,-1,0,unknown,no
59,retired,55000,married,secondary,yes,no,1521,yes,yes,unknown,14,may,1125,2,-1,0,unknown,yes
59,retired,55000,married,secondary,yes,no,2516,yes,yes,unknown,14,may,282,1,-1,0,unknown,no
48,housemaid,16000,married,tertiary,yes,no,468,yes,no,unknown,14,may,220,1,-1,0,unknown,no
25,unknown,0,single,unknown,no,no,329,yes,no,unknown,14,may,158,2,-1,0,unknown,no
59,blue-collar,20000,married,primary,yes,no,259,yes,yes,unknown,14,may,267,2,-1,0,unknown,no
49,unemployed,8000,married,secondary,yes,no,769,yes,no,unknown,14,may,257,1,-1,0,unknown,no
42,management,100000,married,tertiary,yes,no,-700,yes,no,unknown,14,may,110,1,-1,0,unknown,no
37,blue-collar,20000,married,secondary,yes,no,15801,yes,no,unknown,14,may,456,9,-1,0,unknown,no
40,blue-collar,20000,married,primary,yes,no,7831,yes,no,unknown,14,may,78,1,-1,0,unknown,no
31,management,100000,married,tertiary,yes,no,0,no,no,unknown,14,may,298,1,-1,0,unknown,no
41,blue-collar,20000,married,secondary,yes,no,-68,yes,no,unknown,14,may,429,2,-1,0,unknown,no
60,technician,60000,married,secondary,yes,no,2639,yes,no,unknown,14,may,483,2,-1,0,unknown,no
42,admin.,50000,divorced,secondary,yes,no,1076,yes,no,unknown,14,may,213,1,-1,0,unknown,no
48,blue-collar,20000,married,primary,yes,no,584,yes,no,unknown,14,may,51,1,-1,0,unknown,no
43,blue-collar,20000,married,secondary,yes,no,2706,yes,yes,unknown,14,may,44,1,-1,0,unknown,no
47,blue-collar,20000,married,primary,yes,no,1294,yes,no,unknown,14,may,164,2,-1,0,unknown,no
40,self-employed,60000,married,primary,yes,no,771,yes,no,unknown,14,may,166,1,-1,0,unknown,no
55,unemployed,8000,divorced,secondary,yes,no,283,yes,yes,unknown,14,may,220,2,-1,0,unknown,no
51,management,100000,divorced,tertiary,no,no,482,yes,no,unknown,14,may,178,1,-1,0,unknown,no
54,management,100000,married,tertiary,yes,no,11,no,no,unknown,14,may,452,2,-1,0,unknown,no
41,blue-collar,20000,married,secondary,yes,no,2823,yes,no,unknown,14,may,858,1,-1,0,unknown,yes
41,blue-collar,20000,married,secondary,yes,no,338,yes,no,unknown,14,may,87,1,-1,0,unknown,no
53,blue-collar,20000,married,secondary,yes,no,5700,yes,no,unknown,14,may,97,1,-1,0,unknown,no
46,admin.,50000,married,secondary,yes,no,3028,yes,yes,unknown,14,may,116,1,-1,0,unknown,no
45,entrepreneur,120000,married,primary,yes,no,2418,yes,no,unknown,14,may,120,1,-1,0,unknown,no
48,blue-collar,20000,married,secondary,yes,no,1405,yes,no,unknown,14,may,629,2,-1,0,unknown,yes
44,services,70000,single,secondary,yes,no,0,yes,no,unknown,14,may,198,1,-1,0,unknown,no
47,blue-collar,20000,married,secondary,yes,no,2775,no,no,unknown,14,may,262,1,-1,0,unknown,no
49,blue-collar,20000,married,secondary,yes,no,611,yes,yes,unknown,14,may,179,1,-1,0,unknown,no
41,blue-collar,20000,married,primary,yes,no,1654,yes,no,unknown,14,may,35,1,-1,0,unknown,no
54,blue-collar,20000,married,primary,yes,no,1691,yes,no,unknown,14,may,156,1,-1,0,unknown,no
48,technician,60000,married,secondary,yes,no,427,no,no,unknown,14,may,201,1,-1,0,unknown,no
30,blue-collar,20000,married,secondary,yes,no,938,yes,no,unknown,14,may,159,1,-1,0,unknown,no
45,blue-collar,20000,married,primary,yes,no,626,yes,no,unknown,14,may,68,1,-1,0,unknown,no
40,blue-collar,20000,married,unknown,no,no,874,no,no,unknown,14,may,75,1,-1,0,unknown,no
42,blue-collar,20000,single,secondary,yes,no,24,no,no,unknown,14,may,229,1,-1,0,unknown,no
48,technician,60000,married,secondary,yes,no,7373,yes,no,unknown,14,may,126,1,-1,0,unknown,no
40,admin.,50000,married,secondary,yes,no,1535,yes,no,unknown,14,may,704,1,-1,0,unknown,yes
47,blue-collar,20000,married,primary,yes,no,2,yes,yes,unknown,14,may,164,1,-1,0,unknown,no
47,admin.,50000,married,secondary,yes,no,829,yes,yes,unknown,14,may,339,1,-1,0,unknown,no
33,blue-collar,20000,single,secondary,yes,no,164,yes,no,unknown,14,may,461,1,-1,0,unknown,no
54,blue-collar,20000,married,secondary,yes,no,1765,yes,no,unknown,14,may,188,1,-1,0,unknown,no
46,blue-collar,20000,married,secondary,yes,no,1733,yes,no,unknown,14,may,546,1,-1,0,unknown,no
53,retired,55000,married,primary,yes,no,383,yes,no,unknown,14,may,171,1,-1,0,unknown,no
25,technician,60000,single,tertiary,no,no,777,yes,no,unknown,14,may,351,1,-1,0,unknown,no
50,management,100000,married,secondary,yes,no,0,yes,no,unknown,14,may,94,4,-1,0,unknown,no
40,blue-collar,20000,married,secondary,yes,no,1522,yes,yes,unknown,14,may,168,2,-1,0,unknown,no
53,management,100000,married,tertiary,yes,no,4446,yes,no,unknown,14,may,429,1,-1,0,unknown,no
41,blue-collar,20000,married,secondary,yes,no,923,yes,no,unknown,14,may,249,2,-1,0,unknown,no
41,admin.,50000,married,secondary,yes,no,1309,yes,no,unknown,14,may,568,1,-1,0,unknown,no
42,management,100000,married,tertiary,yes,no,1340,yes,no,unknown,14,may,299,1,-1,0,unknown,no
47,management,100000,married,tertiary,yes,no,3158,yes,no,unknown,14,may,282,1,-1,0,unknown,no
48,blue-collar,20000,married,secondary,yes,no,1596,yes,no,unknown,14,may,760,1,-1,0,unknown,yes
43,blue-collar,20000,married,primary,yes,no,887,yes,no,unknown,14,may,211,1,-1,0,unknown,no
55,management,100000,married,tertiary,yes,no,23189,yes,no,unknown,14,may,77,1,-1,0,unknown,no
40,admin.,50000,married,secondary,yes,no,1010,yes,no,unknown,14,may,283,1,-1,0,unknown,no
45,blue-collar,20000,married,primary,yes,no,246,yes,no,unknown,14,may,263,1,-1,0,unknown,no
54,retired,55000,married,secondary,yes,no,918,yes,no,unknown,14,may,189,1,-1,0,unknown,no
46,blue-collar,20000,married,primary,yes,no,1429,yes,no,unknown,14,may,91,1,-1,0,unknown,no
57,retired,55000,divorced,primary,yes,no,2439,yes,no,unknown,14,may,32,1,-1,0,unknown,no
49,entrepreneur,120000,married,secondary,yes,no,348,yes,no,unknown,14,may,139,2,-1,0,unknown,no
49,admin.,50000,married,secondary,yes,no,387,yes,no,unknown,14,may,347,1,-1,0,unknown,no
41,blue-collar,20000,single,primary,yes,no,22,yes,no,unknown,14,may,152,1,-1,0,unknown,no
42,self-employed,60000,married,primary,yes,no,3641,yes,no,unknown,14,may,869,1,-1,0,unknown,no
42,management,100000,single,secondary,yes,no,2535,yes,no,unknown,14,may,339,1,-1,0,unknown,no
49,technician,60000,married,primary,yes,no,1878,yes,no,unknown,14,may,267,1,-1,0,unknown,no
42,blue-collar,20000,married,secondary,yes,no,3,yes,no,unknown,14,may,34,1,-1,0,unknown,no
34,unemployed,8000,single,secondary,yes,no,9,yes,no,unknown,14,may,153,2,-1,0,unknown,no
47,blue-collar,20000,married,primary,yes,no,502,yes,no,unknown,14,may,28,2,-1,0,unknown,no
41,admin.,50000,married,secondary,yes,no,3634,yes,no,unknown,14,may,216,1,-1,0,unknown,no
45,technician,60000,married,secondary,yes,no,3395,yes,no,unknown,14,may,215,1,-1,0,unknown,no
33,admin.,50000,single,secondary,yes,no,673,yes,no,unknown,14,may,199,2,-1,0,unknown,no
53,blue-collar,20000,married,primary,yes,no,600,yes,no,unknown,14,may,139,1,-1,0,unknown,no
43,unemployed,8000,single,primary,yes,no,698,yes,no,unknown,14,may,322,1,-1,0,unknown,no
40,blue-collar,20000,divorced,secondary,yes,no,2540,yes,no,unknown,14,may,189,1,-1,0,unknown,no
34,blue-collar,20000,married,primary,yes,no,357,yes,no,unknown,14,may,197,2,-1,0,unknown,no
40,technician,60000,married,secondary,yes,no,782,yes,no,unknown,14,may,224,2,-1,0,unknown,no
41,blue-collar,20000,married,primary,yes,no,2097,yes,no,unknown,14,may,160,1,-1,0,unknown,no
44,blue-collar,20000,single,unknown,no,no,-101,yes,no,unknown,14,may,143,1,-1,0,unknown,no
57,admin.,50000,divorced,primary,yes,no,628,yes,yes,unknown,14,may,191,1,-1,0,unknown,no
42,technician,60000,married,secondary,yes,no,0,yes,no,unknown,14,may,833,1,-1,0,unknown,no
57,services,70000,married,secondary,yes,no,6874,yes,no,unknown,14,may,356,1,-1,0,unknown,no
43,blue-collar,20000,divorced,secondary,yes,no,16,yes,no,unknown,14,may,485,2,-1,0,unknown,no
45,blue-collar,20000,married,primary,yes,no,1691,yes,no,unknown,14,may,57,1,-1,0,unknown,no
60,retired,55000,married,primary,yes,no,1542,yes,no,unknown,14,may,930,1,-1,0,unknown,yes
41,blue-collar,20000,married,unknown,no,no,1057,yes,no,unknown,14,may,247,2,-1,0,unknown,no
49,blue-collar,20000,married,primary,yes,no,11317,yes,no,unknown,14,may,208,1,-1,0,unknown,no
42,admin.,50000,married,secondary,yes,yes,-1300,no,no,unknown,14,may,89,1,-1,0,unknown,no
41,services,70000,married,primary,yes,no,299,yes,no,unknown,14,may,72,1,-1,0,unknown,no
33,technician,60000,single,secondary,yes,no,189,yes,no,unknown,14,may,260,1,-1,0,unknown,no
56,blue-collar,20000,married,secondary,yes,no,1412,yes,no,unknown,14,may,129,1,-1,0,unknown,no
49,blue-collar,20000,married,primary,yes,no,0,yes,no,unknown,14,may,151,2,-1,0,unknown,no
41,blue-collar,20000,married,secondary,yes,no,235,yes,no,unknown,14,may,181,1,-1,0,unknown,no
48,management,100000,married,tertiary,yes,no,20718,yes,no,unknown,14,may,125,1,-1,0,unknown,no
41,technician,60000,married,secondary,yes,no,1043,yes,yes,unknown,14,may,225,1,-1,0,unknown,no
41,services,70000,married,secondary,yes,no,890,yes,no,unknown,14,may,829,1,-1,0,unknown,no
30,technician,60000,single,secondary,yes,no,768,no,yes,unknown,14,may,749,2,-1,0,unknown,no
52,entrepreneur,120000,married,tertiary,yes,no,618,yes,yes,unknown,14,may,166,2,-1,0,unknown,no
40,blue-collar,20000,married,secondary,yes,no,1313,no,no,unknown,14,may,87,1,-1,0,unknown,no
60,retired,55000,married,secondary,yes,no,3932,yes,no,unknown,14,may,407,2,-1,0,unknown,no
28,management,100000,single,tertiary,no,no,334,yes,no,unknown,14,may,438,4,-1,0,unknown,no
44,self-employed,60000,divorced,secondary,yes,no,80,yes,yes,unknown,14,may,387,2,-1,0,unknown,no
44,technician,60000,single,secondary,yes,no,-27,yes,yes,unknown,14,may,100,3,-1,0,unknown,no
32,blue-collar,20000,single,secondary,yes,no,2285,yes,no,unknown,14,may,413,2,-1,0,unknown,no
53,management,100000,married,tertiary,yes,no,193,no,no,unknown,14,may,521,2,-1,0,unknown,no
41,services,70000,divorced,secondary,yes,yes,-198,no,yes,unknown,14,may,133,1,-1,0,unknown,no
57,retired,55000,married,tertiary,yes,no,1180,yes,yes,unknown,14,may,191,2,-1,0,unknown,no
42,blue-collar,20000,married,primary,yes,no,505,yes,no,unknown,14,may,521,2,-1,0,unknown,no
31,management,100000,married,secondary,yes,no,6943,yes,no,unknown,14,may,109,1,-1,0,unknown,no
46,blue-collar,20000,married,secondary,yes,no,243,yes,yes,unknown,14,may,345,2,-1,0,unknown,no
40,technician,60000,single,unknown,no,no,3652,yes,no,unknown,14,may,1028,2,-1,0,unknown,yes
46,technician,60000,divorced,secondary,yes,no,3455,yes,no,unknown,14,may,566,2,-1,0,unknown,no
55,self-employed,60000,single,secondary,yes,no,2607,yes,no,unknown,14,may,38,1,-1,0,unknown,no
52,blue-collar,20000,single,primary,yes,no,2024,yes,no,unknown,14,may,314,1,-1,0,unknown,no
50,management,100000,married,secondary,yes,no,0,yes,no,unknown,14,may,214,1,-1,0,unknown,no
57,retired,55000,married,secondary,yes,no,-222,no,no,unknown,14,may,248,2,-1,0,unknown,no
28,blue-collar,20000,married,secondary,yes,no,1238,yes,no,unknown,14,may,246,1,-1,0,unknown,no
46,blue-collar,20000,married,secondary,yes,no,33,yes,no,unknown,14,may,136,8,-1,0,unknown,no
40,admin.,50000,divorced,secondary,yes,no,1000,yes,no,unknown,14,may,98,1,-1,0,unknown,no
56,blue-collar,20000,married,secondary,yes,no,881,yes,no,unknown,14,may,225,2,-1,0,unknown,no
48,services,70000,divorced,secondary,yes,no,403,yes,no,unknown,14,may,364,1,-1,0,unknown,no
36,management,100000,single,tertiary,no,no,-38,yes,no,unknown,14,may,784,1,-1,0,unknown,no
37,technician,60000,married,tertiary,yes,yes,0,yes,no,unknown,14,may,93,14,-1,0,unknown,no
41,entrepreneur,120000,married,tertiary,yes,no,221,yes,no,unknown,14,may,57,2,-1,0,unknown,no
43,blue-collar,20000,married,secondary,yes,no,1109,yes,no,unknown,14,may,160,2,-1,0,unknown,no
40,entrepreneur,120000,married,secondary,yes,no,1416,yes,no,unknown,14,may,210,2,-1,0,unknown,no
40,entrepreneur,120000,married,secondary,yes,no,264,yes,no,unknown,14,may,222,2,-1,0,unknown,no
45,blue-collar,20000,married,secondary,yes,no,141,yes,yes,unknown,14,may,21,10,-1,0,unknown,no
44,blue-collar,20000,married,secondary,yes,no,1944,yes,no,unknown,14,may,222,5,-1,0,unknown,no
53,entrepreneur,120000,married,primary,yes,no,694,yes,no,unknown,14,may,157,1,-1,0,unknown,no
31,management,100000,married,tertiary,yes,no,303,yes,no,unknown,14,may,143,1,-1,0,unknown,no
50,blue-collar,20000,married,secondary,yes,no,2087,yes,no,unknown,14,may,371,1,-1,0,unknown,no
53,management,100000,married,tertiary,yes,no,369,yes,yes,unknown,14,may,161,2,-1,0,unknown,no
56,blue-collar,20000,divorced,secondary,yes,no,166,yes,no,unknown,14,may,350,2,-1,0,unknown,no
45,technician,60000,married,primary,yes,no,718,yes,no,unknown,14,may,135,1,-1,0,unknown,no
47,self-employed,60000,married,tertiary,yes,no,4543,yes,no,unknown,14,may,162,1,-1,0,unknown,no
33,admin.,50000,single,secondary,yes,no,1613,yes,no,unknown,14,may,565,1,-1,0,unknown,no
57,technician,60000,married,tertiary,yes,no,-1,no,no,unknown,14,may,850,2,-1,0,unknown,yes
45,entrepreneur,120000,single,tertiary,no,no,1410,yes,no,unknown,14,may,44,8,-1,0,unknown,no
34,blue-collar,20000,married,secondary,yes,no,577,no,no,unknown,14,may,337,1,-1,0,unknown,no
49,entrepreneur,120000,married,primary,yes,no,-63,yes,no,unknown,14,may,416,2,-1,0,unknown,no
49,services,70000,married,secondary,yes,no,892,no,no,unknown,14,may,102,2,-1,0,unknown,no
37,admin.,50000,divorced,secondary,yes,no,-113,yes,no,unknown,14,may,5,2,-1,0,unknown,no
57,technician,60000,married,secondary,yes,no,3240,yes,no,unknown,14,may,129,2,-1,0,unknown,no
40,blue-collar,20000,married,primary,yes,no,3658,yes,no,unknown,14,may,977,1,-1,0,unknown,no
57,retired,55000,married,secondary,yes,no,3545,yes,no,unknown,14,may,138,2,-1,0,unknown,no
45,unemployed,8000,married,primary,yes,no,1292,yes,no,unknown,14,may,70,2,-1,0,unknown,no
61,retired,55000,married,secondary,yes,no,4248,yes,no,unknown,14,may,71,1,-1,0,unknown,no
54,management,100000,divorced,secondary,yes,no,155,yes,no,unknown,14,may,75,1,-1,0,unknown,no
46,blue-collar,20000,married,primary,yes,no,501,yes,no,unknown,14,may,230,2,-1,0,unknown,no
51,admin.,50000,married,primary,yes,no,658,yes,no,unknown,14,may,369,1,-1,0,unknown,no
42,blue-collar,20000,married,secondary,yes,no,3743,yes,no,unknown,14,may,136,1,-1,0,unknown,no
42,blue-collar,20000,married,primary,yes,no,329,yes,no,unknown,14,may,22,4,-1,0,unknown,no
60,management,100000,married,primary,yes,no,703,yes,no,unknown,14,may,378,1,-1,0,unknown,no
41,blue-collar,20000,married,primary,yes,no,7735,yes,no,unknown,14,may,240,1,-1,0,unknown,no
41,services,70000,married,primary,yes,no,455,yes,no,unknown,14,may,80,1,-1,0,unknown,no
55,blue-collar,20000,married,secondary,yes,no,831,yes,no,unknown,14,may,144,1,-1,0,unknown,no
46,services,70000,married,secondary,yes,no,1757,yes,no,unknown,14,may,380,4,-1,0,unknown,no
54,blue-collar,20000,married,secondary,yes,no,1480,yes,no,unknown,14,may,108,1,-1,0,unknown,no
51,blue-collar,20000,married,secondary,yes,no,7180,yes,no,unknown,14,may,927,1,-1,0,unknown,yes
47,services,70000,divorced,secondary,yes,no,4906,yes,no,unknown,14,may,389,1,-1,0,unknown,no
35,management,100000,single,tertiary,no,no,592,no,yes,unknown,14,may,192,1,-1,0,unknown,no
30,blue-collar,20000,married,secondary,yes,no,128,yes,no,unknown,14,may,273,1,-1,0,unknown,no
32,management,100000,single,secondary,yes,no,160,yes,no,unknown,14,may,48,1,-1,0,unknown,no
35,blue-collar,20000,married,primary,yes,no,441,yes,no,unknown,14,may,8,1,-1,0,unknown,no
48,blue-collar,20000,single,secondary,yes,no,8982,yes,no,unknown,14,may,628,1,-1,0,unknown,no
36,services,70000,married,secondary,yes,no,338,no,no,unknown,14,may,90,1,-1,0,unknown,no
53,services,70000,married,secondary,yes,no,10749,yes,no,unknown,14,may,221,1,-1,0,unknown,no
48,technician,60000,married,secondary,yes,no,638,yes,no,unknown,14,may,217,1,-1,0,unknown,no
42,services,70000,married,secondary,yes,no,737,yes,no,unknown,14,may,762,2,-1,0,unknown,no
38,services,70000,single,secondary,yes,no,7695,yes,no,unknown,14,may,193,2,-1,0,unknown,no
32,admin.,50000,single,secondary,yes,no,91,yes,no,unknown,14,may,302,2,-1,0,unknown,no
51,unemployed,8000,married,secondary,yes,no,760,yes,no,unknown,14,may,411,1,-1,0,unknown,no
34,blue-collar,20000,married,secondary,yes,no,683,yes,no,unknown,14,may,245,2,-1,0,unknown,no
43,blue-collar,20000,married,secondary,yes,no,1311,yes,no,unknown,14,may,746,1,-1,0,unknown,no
50,blue-collar,20000,married,secondary,yes,no,606,yes,no,unknown,14,may,673,2,-1,0,unknown,no
44,blue-collar,20000,married,primary,yes,no,0,yes,no,unknown,14,may,220,7,-1,0,unknown,no
25,services,70000,single,secondary,yes,no,192,yes,no,unknown,14,may,232,1,-1,0,unknown,no
60,blue-collar,20000,married,secondary,yes,no,751,yes,no,unknown,14,may,115,3,-1,0,unknown,no
32,technician,60000,single,unknown,no,no,10600,no,no,unknown,14,may,485,2,-1,0,unknown,no
44,admin.,50000,married,secondary,yes,no,447,yes,yes,unknown,14,may,106,5,-1,0,unknown,no
26,student,4000,single,secondary,yes,no,3096,yes,no,unknown,14,may,107,1,-1,0,unknown,no
36,admin.,50000,married,secondary,yes,no,998,yes,no,unknown,14,may,1044,2,-1,0,unknown,no
29,entrepreneur,120000,single,tertiary,no,no,303,yes,no,unknown,14,may,180,4,-1,0,unknown,no
29,management,100000,single,tertiary,no,no,1952,yes,no,unknown,14,may,354,1,-1,0,unknown,no
42,blue-collar,20000,married,secondary,yes,no,171,yes,no,unknown,14,may,55,1,-1,0,unknown,no
32,blue-collar,20000,single,secondary,yes,no,116,no,no,unknown,14,may,392,1,-1,0,unknown,no
37,admin.,50000,married,secondary,yes,no,766,yes,no,unknown,14,may,123,1,-1,0,unknown,no
50,admin.,50000,divorced,secondary,yes,yes,-500,yes,no,unknown,14,may,148,3,-1,0,unknown,no
44,blue-collar,20000,married,secondary,yes,no,2017,yes,no,unknown,14,may,74,3,-1,0,unknown,no
43,technician,60000,married,secondary,yes,no,672,yes,no,unknown,14,may,267,8,-1,0,unknown,no
41,services,70000,married,primary,yes,no,450,yes,no,unknown,14,may,374,2,-1,0,unknown,no
45,admin.,50000,married,secondary,yes,no,-31,yes,no,unknown,14,may,295,2,-1,0,unknown,no
41,admin.,50000,married,tertiary,yes,no,5426,yes,no,unknown,14,may,149,2,-1,0,unknown,no
57,technician,60000,married,secondary,yes,no,629,yes,no,unknown,14,may,226,2,-1,0,unknown,no
34,self-employed,60000,single,tertiary,no,no,2800,yes,no,unknown,14,may,668,1,-1,0,unknown,no
47,services,70000,married,secondary,yes,no,1549,yes,no,unknown,14,may,95,6,-1,0,unknown,no
49,technician,60000,married,secondary,yes,no,6050,yes,no,unknown,14,may,229,2,-1,0,unknown,no
58,blue-collar,20000,married,primary,yes,no,1406,yes,no,unknown,14,may,252,3,-1,0,unknown,no
51,unemployed,8000,married,secondary,yes,no,425,yes,no,unknown,14,may,286,14,-1,0,unknown,no
30,management,100000,married,tertiary,yes,no,-328,yes,no,unknown,14,may,242,5,-1,0,unknown,no
47,services,70000,divorced,secondary,yes,no,430,yes,yes,unknown,14,may,335,1,-1,0,unknown,no
29,technician,60000,single,secondary,yes,no,6911,no,no,unknown,14,may,323,5,-1,0,unknown,no
51,blue-collar,20000,married,primary,yes,no,111,yes,no,unknown,14,may,140,1,-1,0,unknown,no
49,housemaid,16000,single,primary,yes,no,1158,yes,no,unknown,14,may,159,3,-1,0,unknown,no
43,services,70000,married,secondary,yes,no,823,yes,no,unknown,14,may,293,3,-1,0,unknown,no
41,blue-collar,20000,married,primary,yes,no,410,yes,no,unknown,14,may,85,4,-1,0,unknown,no
29,admin.,50000,single,secondary,yes,no,1028,yes,no,unknown,14,may,343,1,-1,0,unknown,no
42,blue-collar,20000,married,primary,yes,no,1288,yes,no,unknown,14,may,295,1,-1,0,unknown,no
34,blue-collar,20000,single,secondary,yes,yes,-115,yes,no,unknown,14,may,360,1,-1,0,unknown,no
44,management,100000,married,tertiary,yes,no,474,yes,yes,unknown,14,may,183,4,-1,0,unknown,no
44,services,70000,divorced,secondary,yes,no,2416,yes,no,unknown,14,may,304,3,-1,0,unknown,no
30,management,100000,married,tertiary,yes,no,233,yes,no,unknown,14,may,382,10,-1,0,unknown,no
26,blue-collar,20000,single,secondary,yes,no,277,no,no,unknown,14,may,514,2,-1,0,unknown,no
28,technician,60000,single,secondary,yes,no,280,yes,no,unknown,14,may,142,3,-1,0,unknown,no
42,technician,60000,married,tertiary,yes,no,2106,yes,yes,unknown,14,may,162,2,-1,0,unknown,no
40,housemaid,16000,divorced,primary,yes,no,2610,yes,no,unknown,14,may,301,3,-1,0,unknown,no
49,retired,55000,married,secondary,yes,no,329,yes,no,unknown,14,may,264,2,-1,0,unknown,no
42,admin.,50000,divorced,secondary,yes,no,1811,yes,no,unknown,14,may,150,1,-1,0,unknown,no
29,admin.,50000,married,secondary,yes,no,387,yes,yes,unknown,14,may,49,1,-1,0,unknown,no
47,blue-collar,20000,married,primary,yes,no,6439,yes,no,unknown,14,may,326,3,-1,0,unknown,no
42,management,100000,married,unknown,no,no,1333,yes,no,unknown,14,may,468,2,-1,0,unknown,no
45,services,70000,divorced,secondary,yes,no,864,yes,no,unknown,14,may,183,2,-1,0,unknown,no
29,admin.,50000,single,secondary,yes,no,900,yes,no,unknown,14,may,339,1,-1,0,unknown,no
41,technician,60000,married,tertiary,yes,no,744,yes,no,unknown,14,may,125,1,-1,0,unknown,no
40,blue-collar,20000,single,unknown,no,no,4370,yes,no,unknown,14,may,232,2,-1,0,unknown,no
48,admin.,50000,married,secondary,yes,no,6532,yes,no,unknown,14,may,312,5,-1,0,unknown,no
41,blue-collar,20000,married,primary,yes,no,348,yes,no,unknown,14,may,423,2,-1,0,unknown,no
60,retired,55000,married,secondary,yes,no,2077,yes,no,unknown,14,may,163,1,-1,0,unknown,no
44,management,100000,married,tertiary,yes,no,1945,no,no,unknown,14,may,191,1,-1,0,unknown,no
49,self-employed,60000,single,tertiary,no,no,21,yes,no,unknown,14,may,248,1,-1,0,unknown,no
47,management,100000,divorced,tertiary,no,no,4556,yes,no,unknown,14,may,146,1,-1,0,unknown,no
48,technician,60000,married,secondary,yes,no,1764,yes,no,unknown,14,may,125,2,-1,0,unknown,no
44,admin.,50000,married,primary,yes,no,248,yes,no,unknown,14,may,234,1,-1,0,unknown,no
28,blue-collar,20000,married,primary,yes,no,0,no,no,unknown,14,may,17,24,-1,0,unknown,no
31,services,70000,married,secondary,yes,no,37,yes,no,unknown,14,may,546,1,-1,0,unknown,no
29,blue-collar,20000,married,primary,yes,no,236,yes,no,unknown,14,may,554,1,-1,0,unknown,no
28,student,4000,single,secondary,yes,no,246,yes,no,unknown,14,may,162,4,-1,0,unknown,no
43,services,70000,divorced,secondary,yes,no,206,yes,no,unknown,14,may,436,1,-1,0,unknown,no
32,services,70000,married,secondary,yes,no,162,yes,no,unknown,14,may,297,2,-1,0,unknown,no
44,technician,60000,divorced,secondary,yes,no,976,yes,no,unknown,14,may,302,2,-1,0,unknown,no
42,technician,60000,married,secondary,yes,no,645,yes,yes,unknown,14,may,349,5,-1,0,unknown,no
45,blue-collar,20000,married,primary,yes,no,1794,yes,no,unknown,14,may,174,2,-1,0,unknown,no
31,admin.,50000,single,secondary,yes,no,358,yes,no,unknown,14,may,180,1,-1,0,unknown,no
48,technician,60000,single,secondary,yes,no,9131,yes,no,unknown,14,may,902,5,-1,0,unknown,no
45,blue-collar,20000,married,primary,yes,no,532,yes,no,unknown,14,may,137,2,-1,0,unknown,no
27,blue-collar,20000,single,secondary,yes,no,1150,yes,no,unknown,14,may,282,1,-1,0,unknown,no
55,blue-collar,20000,married,primary,yes,no,680,yes,no,unknown,14,may,321,1,-1,0,unknown,no
45,entrepreneur,120000,married,secondary,yes,no,245,yes,no,unknown,14,may,126,3,-1,0,unknown,no
50,unemployed,8000,married,secondary,yes,no,-13,yes,no,unknown,14,may,554,1,-1,0,unknown,no
44,unemployed,8000,married,secondary,yes,no,728,yes,no,unknown,14,may,21,11,-1,0,unknown,no
45,admin.,50000,married,secondary,yes,no,137,yes,no,unknown,14,may,427,1,-1,0,unknown,no
51,housemaid,16000,married,primary,yes,no,289,no,no,unknown,14,may,97,5,-1,0,unknown,no
30,blue-collar,20000,single,secondary,yes,no,609,yes,no,unknown,14,may,402,1,-1,0,unknown,no
43,blue-collar,20000,married,secondary,yes,no,15740,yes,no,unknown,14,may,252,2,-1,0,unknown,no
41,blue-collar,20000,married,primary,yes,no,574,yes,no,unknown,14,may,449,2,-1,0,unknown,no
30,blue-collar,20000,married,primary,yes,no,1480,yes,no,unknown,14,may,360,2,-1,0,unknown,no
41,blue-collar,20000,married,secondary,yes,no,343,yes,no,unknown,14,may,89,7,-1,0,unknown,no
29,blue-collar,20000,married,secondary,yes,no,424,yes,yes,unknown,14,may,241,2,-1,0,unknown,no
31,admin.,50000,married,secondary,yes,no,413,yes,no,unknown,14,may,574,2,-1,0,unknown,no
40,technician,60000,single,secondary,yes,no,277,yes,no,unknown,14,may,274,2,-1,0,unknown,no
41,blue-collar,20000,married,secondary,yes,no,2157,yes,no,unknown,14,may,154,2,-1,0,unknown,no
43,admin.,50000,divorced,secondary,yes,no,738,yes,no,unknown,14,may,71,4,-1,0,unknown,no
43,blue-collar,20000,married,primary,yes,no,-101,yes,no,unknown,14,may,122,4,-1,0,unknown,no
50,entrepreneur,120000,married,tertiary,yes,no,-52,yes,no,unknown,14,may,166,4,-1,0,unknown,no
40,unemployed,8000,divorced,secondary,yes,no,262,yes,no,unknown,14,may,163,5,-1,0,unknown,no
23,blue-collar,20000,single,secondary,yes,no,-95,yes,no,unknown,14,may,167,3,-1,0,unknown,no
37,admin.,50000,married,secondary,yes,no,66,yes,no,unknown,14,may,91,7,-1,0,unknown,no
47,blue-collar,20000,married,secondary,yes,no,3630,yes,no,unknown,14,may,133,4,-1,0,unknown,no
29,blue-collar,20000,married,secondary,yes,no,294,yes,no,unknown,14,may,594,2,-1,0,unknown,no
46,technician,60000,married,secondary,yes,no,1465,yes,no,unknown,14,may,86,2,-1,0,unknown,no
31,admin.,50000,married,secondary,yes,no,0,yes,no,unknown,14,may,40,2,-1,0,unknown,no
57,technician,60000,single,secondary,yes,no,5961,yes,no,unknown,14,may,166,3,-1,0,unknown,no
54,blue-collar,20000,married,secondary,yes,no,1487,yes,no,unknown,14,may,302,16,-1,0,unknown,no
44,blue-collar,20000,married,primary,yes,no,-295,yes,no,unknown,14,may,303,4,-1,0,unknown,no
36,blue-collar,20000,married,secondary,yes,no,0,no,no,unknown,14,may,636,6,-1,0,unknown,no
54,blue-collar,20000,married,secondary,yes,no,219,yes,no,unknown,14,may,341,5,-1,0,unknown,no
38,technician,60000,married,secondary,yes,no,1442,yes,yes,unknown,14,may,483,3,-1,0,unknown,no
38,blue-collar,20000,married,secondary,yes,no,360,yes,no,unknown,14,may,220,2,-1,0,unknown,no
40,blue-collar,20000,married,secondary,yes,no,339,yes,no,unknown,14,may,234,2,-1,0,unknown,no
46,technician,60000,married,secondary,yes,no,1427,yes,no,unknown,14,may,32,3,-1,0,unknown,no
41,admin.,50000,single,secondary,yes,no,30,yes,no,unknown,14,may,211,3,-1,0,unknown,no
33,management,100000,married,tertiary,yes,no,483,yes,no,unknown,14,may,738,2,-1,0,unknown,no
36,admin.,50000,married,secondary,yes,no,402,yes,no,unknown,14,may,482,2,-1,0,unknown,no
59,retired,55000,married,secondary,yes,no,5678,yes,no,unknown,14,may,238,2,-1,0,unknown,no
49,blue-collar,20000,married,primary,yes,no,0,no,no,unknown,14,may,370,2,-1,0,unknown,no
49,blue-collar,20000,married,secondary,yes,no,2631,yes,no,unknown,14,may,76,2,-1,0,unknown,no
44,blue-collar,20000,married,primary,yes,no,112,yes,no,unknown,14,may,225,2,-1,0,unknown,no
38,admin.,50000,married,secondary,yes,no,664,yes,no,unknown,14,may,256,2,-1,0,unknown,no
44,technician,60000,married,secondary,yes,no,2626,yes,no,unknown,14,may,567,3,-1,0,unknown,no
43,technician,60000,single,secondary,yes,no,28,yes,no,unknown,14,may,2241,4,-1,0,unknown,no
42,blue-collar,20000,married,primary,yes,no,321,yes,no,unknown,14,may,147,3,-1,0,unknown,no
41,admin.,50000,married,secondary,yes,no,1794,yes,no,unknown,14,may,135,2,-1,0,unknown,no
52,services,70000,married,secondary,yes,no,989,yes,no,unknown,14,may,260,2,-1,0,unknown,no
41,technician,60000,single,tertiary,no,no,6029,yes,no,unknown,14,may,254,2,-1,0,unknown,no
29,blue-collar,20000,married,secondary,yes,no,416,yes,no,unknown,14,may,1118,2,-1,0,unknown,no
36,blue-collar,20000,married,unknown,no,no,-389,yes,no,unknown,14,may,76,9,-1,0,unknown,no
42,blue-collar,20000,married,unknown,no,no,1260,yes,no,unknown,14,may,79,3,-1,0,unknown,no
34,management,100000,married,tertiary,yes,no,82,no,no,unknown,14,may,94,6,-1,0,unknown,no
35,technician,60000,married,secondary,yes,no,94,yes,yes,unknown,14,may,208,5,-1,0,unknown,no
41,blue-collar,20000,divorced,secondary,yes,no,5291,yes,no,unknown,14,may,1423,3,-1,0,unknown,yes
57,retired,55000,married,primary,yes,no,3401,yes,no,unknown,14,may,271,2,-1,0,unknown,no
46,self-employed,60000,married,secondary,yes,no,0,yes,yes,unknown,14,may,166,5,-1,0,unknown,no
58,admin.,50000,married,secondary,yes,no,-1196,yes,yes,unknown,14,may,256,4,-1,0,unknown,no
50,blue-collar,20000,married,secondary,yes,no,810,yes,no,unknown,14,may,19,14,-1,0,unknown,no
57,technician,60000,divorced,secondary,yes,no,3105,yes,no,unknown,14,may,173,11,-1,0,unknown,no
47,technician,60000,married,secondary,yes,no,351,yes,no,unknown,14,may,367,3,-1,0,unknown,no
46,blue-collar,20000,single,secondary,yes,no,2612,yes,no,unknown,14,may,414,2,-1,0,unknown,no
47,blue-collar,20000,divorced,primary,yes,no,556,yes,no,unknown,14,may,227,4,-1,0,unknown,no
49,blue-collar,20000,divorced,primary,yes,no,380,yes,no,unknown,14,may,349,2,-1,0,unknown,no
49,blue-collar,20000,married,primary,yes,no,953,yes,no,unknown,14,may,278,2,-1,0,unknown,no
26,blue-collar,20000,single,secondary,yes,no,786,yes,yes,unknown,14,may,103,5,-1,0,unknown,no
52,management,100000,married,tertiary,yes,no,601,yes,no,unknown,14,may,249,2,-1,0,unknown,no
47,management,100000,married,secondary,yes,no,651,yes,no,unknown,14,may,143,3,-1,0,unknown,no
43,technician,60000,single,secondary,yes,no,0,yes,no,unknown,14,may,37,3,-1,0,unknown,no
20,student,4000,single,tertiary,no,no,79,yes,no,unknown,14,may,168,3,-1,0,unknown,no
43,services,70000,married,secondary,yes,no,0,yes,no,unknown,14,may,260,3,-1,0,unknown,no
53,admin.,50000,married,secondary,yes,no,4464,yes,no,unknown,14,may,162,3,-1,0,unknown,no
40,self-employed,60000,married,primary,yes,no,422,yes,no,unknown,14,may,187,3,-1,0,unknown,no
52,technician,60000,married,secondary,yes,no,598,no,no,unknown,14,may,266,2,-1,0,unknown,no
43,technician,60000,divorced,tertiary,no,no,123,no,no,unknown,14,may,279,2,-1,0,unknown,no
55,management,100000,married,tertiary,yes,no,0,yes,no,unknown,14,may,159,2,-1,0,unknown,no
41,entrepreneur,120000,married,secondary,yes,no,718,yes,no,unknown,14,may,318,2,-1,0,unknown,no
36,blue-collar,20000,married,secondary,yes,no,-406,yes,yes,unknown,14,may,104,3,-1,0,unknown,no
57,management,100000,divorced,secondary,yes,no,3625,yes,no,unknown,14,may,747,3,-1,0,unknown,no
30,admin.,50000,single,secondary,yes,yes,-35,yes,no,unknown,14,may,1204,4,-1,0,unknown,no
41,management,100000,married,tertiary,yes,no,1132,no,no,unknown,15,may,95,4,-1,0,unknown,no
56,services,70000,married,secondary,yes,no,1121,yes,no,unknown,15,may,176,2,-1,0,unknown,no
44,blue-collar,20000,married,primary,yes,no,3407,yes,no,unknown,15,may,179,2,-1,0,unknown,no
45,blue-collar,20000,married,secondary,yes,no,827,yes,no,unknown,15,may,319,5,-1,0,unknown,no
43,retired,55000,married,primary,yes,no,471,no,yes,unknown,15,may,114,2,-1,0,unknown,no
50,technician,60000,married,tertiary,yes,no,2938,yes,no,unknown,15,may,170,5,-1,0,unknown,no
26,blue-collar,20000,married,primary,yes,no,-219,yes,yes,unknown,15,may,311,5,-1,0,unknown,no
34,services,70000,single,secondary,yes,no,719,yes,no,unknown,15,may,362,3,-1,0,unknown,no
39,admin.,50000,married,primary,yes,no,-439,yes,no,unknown,15,may,347,8,-1,0,unknown,no
32,management,100000,single,tertiary,no,no,0,yes,no,unknown,15,may,86,4,-1,0,unknown,no
46,services,70000,married,secondary,yes,no,74,yes,no,unknown,15,may,101,4,-1,0,unknown,no
58,management,100000,married,tertiary,yes,no,44,yes,no,unknown,15,may,288,2,-1,0,unknown,no
54,entrepreneur,120000,married,secondary,yes,no,52,yes,no,unknown,15,may,44,3,-1,0,unknown,no
40,services,70000,married,secondary,yes,no,581,yes,no,unknown,15,may,1013,3,-1,0,unknown,no
42,management,100000,married,primary,yes,no,860,yes,no,unknown,15,may,90,3,-1,0,unknown,no
42,unemployed,8000,married,primary,yes,no,259,yes,no,unknown,15,may,155,6,-1,0,unknown,no
50,blue-collar,20000,married,secondary,yes,no,95,yes,no,unknown,15,may,468,5,-1,0,unknown,no
50,management,100000,married,tertiary,yes,no,-516,yes,no,unknown,15,may,226,2,-1,0,unknown,no
42,housemaid,16000,single,primary,yes,no,5774,yes,no,unknown,15,may,54,2,-1,0,unknown,no
41,blue-collar,20000,married,secondary,yes,no,1384,yes,no,unknown,15,may,1162,4,-1,0,unknown,yes
50,blue-collar,20000,married,primary,yes,no,5131,yes,no,unknown,15,may,114,2,-1,0,unknown,no
42,admin.,50000,married,secondary,yes,no,2918,yes,no,unknown,15,may,349,2,-1,0,unknown,no
46,admin.,50000,married,secondary,yes,no,556,yes,yes,unknown,15,may,646,3,-1,0,unknown,yes
48,admin.,50000,married,secondary,yes,no,2235,yes,yes,unknown,15,may,755,2,-1,0,unknown,no
50,management,100000,married,tertiary,yes,yes,-143,yes,no,unknown,15,may,305,3,-1,0,unknown,no
52,technician,60000,divorced,primary,yes,no,1500,no,no,unknown,15,may,148,3,-1,0,unknown,no
43,admin.,50000,single,secondary,yes,no,56831,no,no,unknown,15,may,243,1,-1,0,unknown,no
57,management,100000,married,tertiary,yes,no,2440,yes,no,unknown,15,may,391,2,-1,0,unknown,no
49,admin.,50000,single,secondary,yes,no,2040,yes,no,unknown,15,may,204,1,-1,0,unknown,no
30,management,100000,married,secondary,yes,no,678,yes,no,unknown,15,may,236,4,-1,0,unknown,no
52,technician,60000,married,secondary,yes,no,5006,yes,no,unknown,15,may,112,1,-1,0,unknown,no
41,housemaid,16000,married,primary,yes,no,3291,yes,no,unknown,15,may,125,4,-1,0,unknown,no
47,services,70000,married,secondary,yes,no,543,yes,no,unknown,15,may,141,1,-1,0,unknown,no
46,admin.,50000,married,secondary,yes,no,4048,yes,no,unknown,15,may,360,1,-1,0,unknown,no
27,services,70000,married,secondary,yes,no,0,yes,no,unknown,15,may,312,6,-1,0,unknown,no
46,services,70000,married,secondary,yes,no,3269,yes,no,unknown,15,may,366,1,-1,0,unknown,no
53,entrepreneur,120000,married,tertiary,yes,no,420,yes,no,unknown,15,may,100,1,-1,0,unknown,no
51,retired,55000,married,secondary,yes,no,0,no,no,unknown,15,may,70,1,-1,0,unknown,no
47,technician,60000,married,secondary,yes,no,201,yes,no,unknown,15,may,254,1,-1,0,unknown,no
60,retired,55000,married,secondary,yes,no,2537,yes,yes,unknown,15,may,230,1,-1,0,unknown,no
47,management,100000,divorced,tertiary,no,no,107,no,no,unknown,15,may,246,1,-1,0,unknown,no
48,services,70000,married,secondary,yes,no,6127,yes,no,unknown,15,may,97,1,-1,0,unknown,no
45,blue-collar,20000,married,secondary,yes,no,4509,yes,no,unknown,15,may,135,1,-1,0,unknown,no
52,blue-collar,20000,divorced,primary,yes,no,-191,yes,no,unknown,15,may,755,1,-1,0,unknown,yes
53,retired,55000,married,tertiary,yes,no,183,yes,no,unknown,15,may,73,1,-1,0,unknown,no
54,technician,60000,married,tertiary,yes,no,2883,yes,yes,unknown,15,may,12,3,-1,0,unknown,no
46,admin.,50000,divorced,secondary,yes,no,2515,yes,yes,unknown,15,may,65,1,-1,0,unknown,no
48,admin.,50000,divorced,secondary,yes,no,1108,yes,no,unknown,15,may,420,1,-1,0,unknown,no
43,retired,55000,married,secondary,yes,no,56,yes,yes,unknown,15,may,259,1,-1,0,unknown,no
42,unemployed,8000,married,tertiary,yes,no,1270,yes,no,unknown,15,may,192,1,-1,0,unknown,no
56,retired,55000,married,secondary,yes,no,1894,yes,no,unknown,15,may,189,1,-1,0,unknown,no
48,services,70000,divorced,secondary,yes,no,0,yes,yes,unknown,15,may,263,1,-1,0,unknown,no
45,blue-collar,20000,married,primary,yes,no,2217,yes,no,unknown,15,may,126,1,-1,0,unknown,no
51,admin.,50000,married,primary,yes,no,1330,yes,no,unknown,15,may,415,8,-1,0,unknown,no
43,self-employed,60000,single,unknown,no,no,3173,no,no,unknown,15,may,746,1,-1,0,unknown,yes
42,technician,60000,single,tertiary,no,no,2157,yes,yes,unknown,15,may,260,1,-1,0,unknown,no
44,management,100000,married,tertiary,yes,no,1033,yes,no,unknown,15,may,71,1,-1,0,unknown,no
40,services,70000,married,secondary,yes,no,4157,yes,no,unknown,15,may,735,1,-1,0,unknown,no
57,management,100000,married,secondary,yes,no,3381,yes,no,unknown,15,may,75,1,-1,0,unknown,no
42,technician,60000,single,secondary,yes,no,1882,yes,no,unknown,15,may,87,1,-1,0,unknown,no
58,services,70000,married,secondary,yes,no,0,yes,no,unknown,15,may,183,5,-1,0,unknown,no
40,services,70000,divorced,secondary,yes,no,1927,yes,no,unknown,15,may,62,1,-1,0,unknown,no
49,services,70000,divorced,secondary,yes,no,3649,yes,yes,unknown,15,may,150,1,-1,0,unknown,no
46,management,100000,single,secondary,yes,no,244,yes,no,unknown,15,may,244,1,-1,0,unknown,no
54,technician,60000,divorced,secondary,yes,no,1705,yes,no,unknown,15,may,367,2,-1,0,unknown,no
60,entrepreneur,120000,married,tertiary,yes,no,1164,yes,no,unknown,15,may,325,1,-1,0,unknown,no
42,blue-collar,20000,married,secondary,yes,no,9359,yes,no,unknown,15,may,197,1,-1,0,unknown,no
43,blue-collar,20000,married,primary,yes,no,1620,yes,no,unknown,15,may,121,1,-1,0,unknown,no
41,self-employed,60000,married,secondary,yes,no,149,yes,no,unknown,15,may,27,1,-1,0,unknown,no
60,retired,55000,divorced,secondary,yes,no,2479,yes,yes,unknown,15,may,157,1,-1,0,unknown,no
51,entrepreneur,120000,married,tertiary,yes,no,6659,yes,yes,unknown,15,may,203,1,-1,0,unknown,no
48,blue-collar,20000,married,secondary,yes,no,1913,yes,no,unknown,15,may,115,1,-1,0,unknown,no
41,blue-collar,20000,divorced,primary,yes,no,1563,yes,no,unknown,15,may,112,1,-1,0,unknown,no
50,blue-collar,20000,single,secondary,yes,no,708,yes,no,unknown,15,may,104,1,-1,0,unknown,no
41,blue-collar,20000,married,primary,yes,no,1172,yes,no,unknown,15,may,153,1,-1,0,unknown,no
60,retired,55000,married,secondary,yes,no,2086,yes,no,unknown,15,may,182,2,-1,0,unknown,no
54,blue-collar,20000,married,secondary,yes,no,524,yes,no,unknown,15,may,55,1,-1,0,unknown,no
49,entrepreneur,120000,married,tertiary,yes,no,221,yes,no,unknown,15,may,305,1,-1,0,unknown,no
47,management,100000,married,primary,yes,no,52,yes,yes,unknown,15,may,140,1,-1,0,unknown,no
36,blue-collar,20000,single,secondary,yes,no,-175,yes,no,unknown,15,may,180,2,-1,0,unknown,no
45,blue-collar,20000,married,secondary,yes,no,-149,yes,no,unknown,15,may,644,2,-1,0,unknown,no
49,admin.,50000,married,secondary,yes,no,1530,yes,no,unknown,15,may,173,1,-1,0,unknown,no
47,blue-collar,20000,married,primary,yes,no,-100,yes,no,unknown,15,may,374,1,-1,0,unknown,no
46,admin.,50000,married,secondary,yes,no,1934,no,yes,unknown,15,may,240,1,-1,0,unknown,no
29,management,100000,married,tertiary,yes,no,137,yes,yes,unknown,15,may,1088,2,-1,0,unknown,no
44,entrepreneur,120000,married,primary,yes,no,276,yes,yes,unknown,15,may,219,1,-1,0,unknown,no
52,blue-collar,20000,divorced,primary,yes,no,1758,yes,no,unknown,15,may,41,1,-1,0,unknown,no
33,blue-collar,20000,single,secondary,yes,no,49,yes,no,unknown,15,may,558,6,-1,0,unknown,no
43,blue-collar,20000,married,secondary,yes,no,960,yes,no,unknown,15,may,436,1,-1,0,unknown,no
45,blue-collar,20000,married,primary,yes,no,959,yes,no,unknown,15,may,463,1,-1,0,unknown,no
42,blue-collar,20000,single,secondary,yes,no,1306,yes,no,unknown,15,may,265,1,-1,0,unknown,no
50,technician,60000,married,secondary,yes,no,892,yes,yes,unknown,15,may,234,1,-1,0,unknown,no
58,technician,60000,married,secondary,yes,no,5618,yes,no,unknown,15,may,113,1,-1,0,unknown,no
50,blue-collar,20000,married,unknown,no,no,605,yes,no,unknown,15,may,200,1,-1,0,unknown,no
56,blue-collar,20000,divorced,primary,yes,no,5041,yes,no,unknown,15,may,158,1,-1,0,unknown,no
46,blue-collar,20000,married,secondary,yes,no,1004,yes,no,unknown,15,may,34,1,-1,0,unknown,no
44,blue-collar,20000,single,primary,yes,no,116,yes,no,unknown,15,may,160,1,-1,0,unknown,no
52,admin.,50000,married,secondary,yes,no,225,yes,no,unknown,15,may,167,1,-1,0,unknown,no
55,services,70000,married,secondary,yes,no,697,yes,no,unknown,15,may,206,1,-1,0,unknown,no
44,blue-collar,20000,married,primary,yes,no,2467,yes,no,unknown,15,may,36,1,-1,0,unknown,no
46,services,70000,married,secondary,yes,no,523,no,no,unknown,15,may,504,3,-1,0,unknown,no
47,admin.,50000,divorced,secondary,yes,no,106,yes,no,unknown,15,may,303,1,-1,0,unknown,no
40,blue-collar,20000,divorced,secondary,yes,no,793,yes,no,unknown,15,may,109,1,-1,0,unknown,no
48,blue-collar,20000,married,primary,yes,no,1757,yes,no,unknown,15,may,90,1,-1,0,unknown,no
34,housemaid,16000,married,primary,yes,no,87,yes,no,unknown,15,may,139,2,-1,0,unknown,no
46,blue-collar,20000,divorced,secondary,yes,no,1480,yes,no,unknown,15,may,257,1,-1,0,unknown,no
43,unemployed,8000,married,primary,yes,no,960,yes,yes,unknown,15,may,241,2,-1,0,unknown,no
40,blue-collar,20000,married,primary,yes,no,2651,yes,no,unknown,15,may,94,1,-1,0,unknown,no
39,entrepreneur,120000,married,secondary,yes,no,0,yes,no,unknown,15,may,171,10,-1,0,unknown,no
57,retired,55000,married,primary,yes,no,3123,yes,no,unknown,15,may,178,1,-1,0,unknown,no
54,blue-collar,20000,married,primary,yes,no,950,yes,no,unknown,15,may,285,2,-1,0,unknown,no
46,management,100000,married,secondary,yes,no,3714,yes,no,unknown,15,may,86,1,-1,0,unknown,no
41,services,70000,married,secondary,yes,no,957,yes,no,unknown,15,may,326,4,-1,0,unknown,no
47,services,70000,married,secondary,yes,no,3216,yes,no,unknown,15,may,451,2,-1,0,unknown,no
40,blue-collar,20000,married,secondary,yes,no,8150,yes,no,unknown,15,may,347,1,-1,0,unknown,no
50,blue-collar,20000,married,primary,yes,no,2212,yes,no,unknown,15,may,116,1,-1,0,unknown,no
40,blue-collar,20000,married,primary,yes,no,409,yes,no,unknown,15,may,191,1,-1,0,unknown,no
47,blue-collar,20000,married,primary,yes,yes,-1385,yes,yes,unknown,15,may,77,1,-1,0,unknown,no
57,retired,55000,divorced,tertiary,no,no,2516,yes,no,unknown,15,may,1036,1,-1,0,unknown,no
47,admin.,50000,married,secondary,yes,no,2354,yes,no,unknown,15,may,303,1,-1,0,unknown,no
44,blue-collar,20000,married,secondary,yes,no,560,yes,no,unknown,15,may,80,1,-1,0,unknown,no
47,blue-collar,20000,married,secondary,yes,no,5306,yes,no,unknown,15,may,322,1,-1,0,unknown,no
53,entrepreneur,120000,married,secondary,yes,no,111,yes,no,unknown,15,may,750,2,-1,0,unknown,no
59,blue-collar,20000,married,primary,yes,no,320,yes,no,unknown,15,may,695,1,-1,0,unknown,yes
40,entrepreneur,120000,married,secondary,yes,no,0,yes,yes,unknown,15,may,435,1,-1,0,unknown,no
60,entrepreneur,120000,divorced,secondary,yes,no,80,yes,no,unknown,15,may,397,1,-1,0,unknown,no
45,entrepreneur,120000,married,primary,yes,no,1953,yes,no,unknown,15,may,95,3,-1,0,unknown,no
57,blue-collar,20000,married,secondary,yes,no,2192,no,no,unknown,15,may,208,2,-1,0,unknown,no
45,blue-collar,20000,married,primary,yes,no,1992,yes,no,unknown,15,may,163,1,-1,0,unknown,no
44,blue-collar,20000,married,unknown,no,no,146,yes,no,unknown,15,may,483,1,-1,0,unknown,yes
21,services,70000,married,secondary,yes,no,0,yes,yes,unknown,15,may,168,5,-1,0,unknown,no
42,management,100000,single,tertiary,no,no,2124,yes,no,unknown,15,may,161,3,-1,0,unknown,no
30,blue-collar,20000,married,secondary,yes,no,2,yes,no,unknown,15,may,1000,1,-1,0,unknown,no
57,entrepreneur,120000,married,secondary,yes,no,1037,yes,yes,unknown,15,may,112,1,-1,0,unknown,no
53,admin.,50000,divorced,secondary,yes,no,-394,yes,no,unknown,15,may,599,2,-1,0,unknown,no
51,management,100000,single,tertiary,no,no,6510,no,no,unknown,15,may,30,1,-1,0,unknown,no
53,technician,60000,married,tertiary,yes,no,4323,yes,no,unknown,15,may,58,5,-1,0,unknown,no
54,technician,60000,married,tertiary,yes,no,4582,yes,no,unknown,15,may,165,1,-1,0,unknown,no
44,management,100000,married,tertiary,yes,no,2400,yes,no,unknown,15,may,74,1,-1,0,unknown,no
56,retired,55000,married,secondary,yes,no,1678,yes,no,unknown,15,may,79,1,-1,0,unknown,no
46,technician,60000,divorced,tertiary,no,no,405,yes,no,unknown,15,may,231,1,-1,0,unknown,no
45,technician,60000,married,secondary,yes,no,3583,yes,no,unknown,15,may,191,1,-1,0,unknown,no
42,blue-collar,20000,married,primary,yes,no,666,yes,no,unknown,15,may,202,3,-1,0,unknown,no
49,admin.,50000,single,secondary,yes,no,716,yes,no,unknown,15,may,1257,3,-1,0,unknown,yes
56,retired,55000,married,secondary,yes,no,344,yes,no,unknown,15,may,221,1,-1,0,unknown,no
44,blue-collar,20000,single,secondary,yes,no,641,no,no,unknown,15,may,257,1,-1,0,unknown,no
54,entrepreneur,120000,married,secondary,yes,no,653,yes,no,unknown,15,may,352,1,-1,0,unknown,no
51,self-employed,60000,divorced,secondary,yes,no,154,yes,no,unknown,15,may,285,1,-1,0,unknown,no
49,blue-collar,20000,single,primary,yes,no,3018,yes,no,unknown,15,may,93,1,-1,0,unknown,no
45,admin.,50000,divorced,secondary,yes,no,660,yes,no,unknown,15,may,71,2,-1,0,unknown,no
58,retired,55000,married,tertiary,yes,no,2577,yes,yes,unknown,15,may,290,3,-1,0,unknown,no
53,blue-collar,20000,married,unknown,no,no,2785,yes,no,unknown,15,may,1165,1,-1,0,unknown,no
42,technician,60000,married,secondary,yes,no,1865,yes,no,unknown,15,may,164,1,-1,0,unknown,no
49,unknown,0,married,primary,yes,no,341,yes,yes,unknown,15,may,520,2,-1,0,unknown,yes
53,admin.,50000,single,secondary,yes,no,1178,yes,no,unknown,15,may,295,2,-1,0,unknown,no
50,services,70000,single,secondary,yes,no,516,yes,no,unknown,15,may,187,1,-1,0,unknown,no
53,entrepreneur,120000,married,tertiary,yes,no,22370,yes,no,unknown,15,may,106,1,-1,0,unknown,no
26,blue-collar,20000,married,secondary,yes,no,800,yes,no,unknown,15,may,219,1,-1,0,unknown,no
46,management,100000,married,tertiary,yes,no,1217,yes,no,unknown,15,may,236,1,-1,0,unknown,no
45,services,70000,married,secondary,yes,no,9077,yes,no,unknown,15,may,139,1,-1,0,unknown,no
50,entrepreneur,120000,married,primary,yes,no,461,yes,no,unknown,15,may,651,32,-1,0,unknown,yes
42,blue-collar,20000,married,secondary,yes,no,597,yes,no,unknown,15,may,124,1,-1,0,unknown,no
42,management,100000,married,tertiary,yes,no,9,yes,no,unknown,15,may,98,3,-1,0,unknown,no
54,services,70000,married,unknown,no,no,7864,yes,no,unknown,15,may,145,4,-1,0,unknown,no
60,retired,55000,married,tertiary,yes,no,1224,yes,no,unknown,15,may,120,1,-1,0,unknown,no
49,blue-collar,20000,single,primary,yes,no,2623,yes,no,unknown,15,may,291,2,-1,0,unknown,no
40,entrepreneur,120000,married,primary,yes,no,3676,yes,yes,unknown,15,may,101,1,-1,0,unknown,no
45,blue-collar,20000,married,secondary,yes,no,953,yes,no,unknown,15,may,417,3,-1,0,unknown,no
40,blue-collar,20000,married,primary,yes,no,1061,yes,no,unknown,15,may,191,4,-1,0,unknown,no
60,admin.,50000,divorced,secondary,yes,no,3020,yes,no,unknown,15,may,131,1,-1,0,unknown,no
42,blue-collar,20000,married,primary,yes,no,3405,yes,no,unknown,15,may,221,2,-1,0,unknown,no
60,retired,55000,married,secondary,yes,no,0,yes,no,unknown,15,may,229,1,-1,0,unknown,no
60,retired,55000,married,secondary,yes,no,-208,yes,no,unknown,15,may,104,1,-1,0,unknown,no
41,blue-collar,20000,married,primary,yes,no,849,yes,no,unknown,15,may,72,1,-1,0,unknown,no
60,blue-collar,20000,married,primary,yes,no,3820,no,no,unknown,15,may,186,1,-1,0,unknown,no
23,technician,60000,single,secondary,yes,no,76,yes,no,unknown,15,may,23,1,-1,0,unknown,no
46,blue-collar,20000,married,primary,yes,no,346,yes,no,unknown,15,may,402,1,-1,0,unknown,no
44,services,70000,married,secondary,yes,no,-22,yes,no,unknown,15,may,37,1,-1,0,unknown,no
29,blue-collar,20000,single,secondary,yes,no,874,yes,no,unknown,15,may,68,5,-1,0,unknown,no
34,blue-collar,20000,married,secondary,yes,no,298,yes,no,unknown,15,may,182,1,-1,0,unknown,no
59,services,70000,married,secondary,yes,no,7475,no,no,unknown,15,may,587,1,-1,0,unknown,no
50,management,100000,married,tertiary,yes,no,101,yes,no,unknown,15,may,348,1,-1,0,unknown,no
60,admin.,50000,married,unknown,no,no,2667,yes,no,unknown,15,may,140,1,-1,0,unknown,no
49,blue-collar,20000,married,secondary,yes,no,2219,yes,no,unknown,15,may,51,2,-1,0,unknown,no
55,blue-collar,20000,married,primary,yes,no,158,yes,no,unknown,15,may,176,18,-1,0,unknown,no
54,blue-collar,20000,married,primary,yes,no,2933,yes,no,unknown,15,may,144,2,-1,0,unknown,no
42,blue-collar,20000,married,primary,yes,no,-181,yes,no,unknown,15,may,297,3,-1,0,unknown,no
60,blue-collar,20000,married,primary,yes,no,5788,yes,no,unknown,15,may,203,2,-1,0,unknown,no
47,services,70000,married,secondary,yes,no,2796,yes,no,unknown,15,may,57,2,-1,0,unknown,no
41,management,100000,married,secondary,yes,no,6526,no,no,unknown,15,may,334,3,-1,0,unknown,no
47,admin.,50000,single,tertiary,no,no,1192,yes,no,unknown,15,may,217,2,-1,0,unknown,no
41,technician,60000,married,secondary,yes,no,665,yes,no,unknown,15,may,74,1,-1,0,unknown,no
57,retired,55000,married,secondary,yes,no,703,yes,no,unknown,15,may,405,2,-1,0,unknown,no
53,management,100000,married,tertiary,yes,no,4928,yes,no,unknown,15,may,738,7,-1,0,unknown,no
44,blue-collar,20000,married,secondary,yes,no,1786,yes,no,unknown,15,may,452,2,-1,0,unknown,no
35,entrepreneur,120000,single,tertiary,no,no,-68,yes,yes,unknown,15,may,203,4,-1,0,unknown,no
41,housemaid,16000,married,tertiary,yes,no,38,yes,no,unknown,15,may,230,7,-1,0,unknown,no
28,student,4000,single,secondary,yes,no,0,yes,no,unknown,15,may,133,3,-1,0,unknown,no
55,admin.,50000,married,secondary,yes,no,1105,yes,yes,unknown,15,may,94,1,-1,0,unknown,no
55,admin.,50000,married,secondary,yes,no,9039,yes,no,unknown,15,may,187,6,-1,0,unknown,no
40,services,70000,married,primary,yes,no,-9,yes,no,unknown,15,may,920,2,-1,0,unknown,yes
35,management,100000,married,tertiary,yes,no,6,yes,yes,unknown,15,may,136,1,-1,0,unknown,no
58,management,100000,divorced,tertiary,no,no,577,no,no,unknown,15,may,1244,3,-1,0,unknown,no
25,management,100000,single,tertiary,no,no,6,yes,yes,unknown,15,may,225,1,-1,0,unknown,no
43,technician,60000,married,secondary,yes,no,78,yes,no,unknown,15,may,80,1,-1,0,unknown,no
29,services,70000,single,secondary,yes,no,20,yes,no,unknown,15,may,431,1,-1,0,unknown,no
46,blue-collar,20000,single,primary,yes,no,87,no,no,unknown,15,may,78,1,-1,0,unknown,no
41,admin.,50000,married,primary,yes,no,-306,yes,no,unknown,15,may,500,1,-1,0,unknown,yes
60,retired,55000,married,unknown,no,no,79,yes,no,unknown,15,may,301,1,-1,0,unknown,no
47,blue-collar,20000,married,primary,yes,no,0,yes,no,unknown,15,may,30,1,-1,0,unknown,no
60,retired,55000,married,primary,yes,no,751,yes,no,unknown,15,may,133,1,-1,0,unknown,no
33,blue-collar,20000,married,primary,yes,no,0,yes,no,unknown,15,may,270,1,-1,0,unknown,no
34,admin.,50000,single,secondary,yes,no,1704,yes,no,unknown,15,may,218,2,-1,0,unknown,no
57,admin.,50000,married,unknown,no,no,0,yes,no,unknown,15,may,215,2,-1,0,unknown,no
42,services,70000,married,unknown,no,no,8,yes,no,unknown,15,may,299,1,-1,0,unknown,no
47,blue-collar,20000,married,secondary,yes,no,39,yes,no,unknown,15,may,160,1,-1,0,unknown,no
33,technician,60000,divorced,primary,yes,no,20,yes,no,unknown,15,may,172,4,-1,0,unknown,no
43,technician,60000,single,secondary,yes,no,293,yes,no,unknown,15,may,49,1,-1,0,unknown,no
40,management,100000,single,tertiary,no,no,157,yes,no,unknown,15,may,68,2,-1,0,unknown,no
35,blue-collar,20000,single,secondary,yes,no,487,yes,no,unknown,15,may,117,1,-1,0,unknown,no
26,technician,60000,single,tertiary,no,no,192,yes,no,unknown,15,may,477,1,-1,0,unknown,no
53,blue-collar,20000,married,secondary,yes,no,136,yes,no,unknown,15,may,99,1,-1,0,unknown,no
55,blue-collar,20000,married,secondary,yes,no,1328,yes,no,unknown,15,may,100,1,-1,0,unknown,no
46,management,100000,married,tertiary,yes,no,1038,yes,yes,unknown,15,may,200,3,-1,0,unknown,no
24,services,70000,married,secondary,yes,no,51,yes,yes,unknown,15,may,187,2,-1,0,unknown,no
47,blue-collar,20000,married,secondary,yes,no,3008,yes,yes,unknown,15,may,236,3,-1,0,unknown,no
41,blue-collar,20000,married,secondary,yes,yes,-204,yes,no,unknown,15,may,50,7,-1,0,unknown,no
55,services,70000,divorced,primary,yes,no,2923,yes,no,unknown,15,may,104,2,-1,0,unknown,no
32,blue-collar,20000,married,secondary,yes,no,231,yes,no,unknown,15,may,51,10,-1,0,unknown,no
30,technician,60000,married,tertiary,yes,no,-256,yes,no,unknown,15,may,51,5,-1,0,unknown,no
54,services,70000,divorced,primary,yes,no,234,yes,no,unknown,15,may,140,3,-1,0,unknown,no
41,technician,60000,married,secondary,yes,no,288,yes,no,unknown,15,may,221,4,-1,0,unknown,no
42,management,100000,single,tertiary,no,no,1146,yes,no,unknown,15,may,98,2,-1,0,unknown,no
43,blue-collar,20000,married,secondary,yes,no,3060,yes,no,unknown,15,may,253,2,-1,0,unknown,no
54,admin.,50000,married,unknown,no,no,907,yes,no,unknown,15,may,71,1,-1,0,unknown,no
56,management,100000,married,tertiary,yes,no,334,yes,no,unknown,15,may,127,2,-1,0,unknown,no
54,self-employed,60000,divorced,secondary,yes,no,1374,yes,no,unknown,15,may,74,2,-1,0,unknown,no
30,blue-collar,20000,married,primary,yes,no,124,yes,no,unknown,15,may,126,4,-1,0,unknown,no
53,retired,55000,married,tertiary,yes,no,74,yes,no,unknown,15,may,122,1,-1,0,unknown,no
45,management,100000,married,tertiary,yes,no,1363,yes,no,unknown,15,may,657,5,-1,0,unknown,no
41,blue-collar,20000,married,secondary,yes,no,680,yes,no,unknown,15,may,173,2,-1,0,unknown,no
28,blue-collar,20000,married,secondary,yes,no,86,yes,yes,unknown,15,may,918,1,-1,0,unknown,no
58,admin.,50000,divorced,secondary,yes,no,1713,no,no,unknown,15,may,544,2,-1,0,unknown,no
57,services,70000,married,primary,yes,no,3990,yes,no,unknown,15,may,309,2,-1,0,unknown,no
54,admin.,50000,married,unknown,no,no,3965,yes,no,unknown,15,may,138,2,-1,0,unknown,no
39,unemployed,8000,divorced,secondary,yes,no,193,yes,no,unknown,15,may,73,1,-1,0,unknown,no
41,management,100000,married,tertiary,yes,no,6060,yes,no,unknown,15,may,71,2,-1,0,unknown,no
60,services,70000,married,unknown,no,no,132,yes,no,unknown,15,may,29,1,-1,0,unknown,no
42,management,100000,married,tertiary,yes,no,1323,yes,yes,unknown,15,may,193,5,-1,0,unknown,no
47,blue-collar,20000,married,secondary,yes,no,3237,yes,no,unknown,15,may,198,3,-1,0,unknown,no
41,entrepreneur,120000,divorced,tertiary,no,no,252,no,no,unknown,15,may,57,2,-1,0,unknown,no
46,blue-collar,20000,married,secondary,yes,no,84,yes,no,unknown,15,may,49,1,-1,0,unknown,no
45,management,100000,single,tertiary,no,no,0,yes,no,unknown,15,may,197,4,-1,0,unknown,no
48,services,70000,single,primary,yes,no,848,yes,no,unknown,15,may,98,1,-1,0,unknown,no
57,services,70000,married,secondary,yes,no,84,yes,no,unknown,15,may,59,1,-1,0,unknown,no
54,blue-collar,20000,divorced,primary,yes,no,190,yes,no,unknown,15,may,196,2,-1,0,unknown,no
30,technician,60000,married,secondary,yes,no,1534,yes,yes,unknown,15,may,243,1,-1,0,unknown,no
41,management,100000,single,tertiary,no,no,1278,yes,no,unknown,15,may,344,2,-1,0,unknown,no
46,blue-collar,20000,married,primary,yes,no,252,yes,no,unknown,15,may,570,2,-1,0,unknown,no
35,blue-collar,20000,single,primary,yes,no,1215,yes,no,unknown,15,may,597,1,-1,0,unknown,no
28,blue-collar,20000,single,primary,yes,no,-457,yes,no,unknown,15,may,43,9,-1,0,unknown,no
58,management,100000,divorced,tertiary,no,no,347,no,no,unknown,15,may,525,1,-1,0,unknown,no
35,technician,60000,divorced,tertiary,no,no,0,yes,no,unknown,15,may,759,1,-1,0,unknown,no
25,technician,60000,single,tertiary,no,no,468,yes,no,unknown,15,may,147,1,-1,0,unknown,no
56,technician,60000,married,secondary,yes,no,28,yes,no,unknown,15,may,236,1,-1,0,unknown,no
41,services,70000,single,secondary,yes,no,323,yes,no,unknown,15,may,122,6,-1,0,unknown,no
44,management,100000,married,secondary,yes,no,38,yes,no,unknown,15,may,152,2,-1,0,unknown,no
36,unemployed,8000,married,secondary,yes,yes,-318,yes,no,unknown,15,may,133,2,-1,0,unknown,no
41,services,70000,married,secondary,yes,no,714,yes,yes,unknown,15,may,504,5,-1,0,unknown,no
58,self-employed,60000,married,secondary,yes,no,0,yes,no,unknown,15,may,272,9,-1,0,unknown,no
46,blue-collar,20000,married,secondary,yes,no,536,yes,no,unknown,15,may,164,2,-1,0,unknown,no
42,services,70000,married,secondary,yes,no,1048,yes,no,unknown,15,may,51,1,-1,0,unknown,no
58,technician,60000,married,unknown,no,no,49,yes,no,unknown,15,may,75,2,-1,0,unknown,no
53,admin.,50000,married,secondary,yes,no,-197,yes,yes,unknown,15,may,178,1,-1,0,unknown,no
51,blue-collar,20000,married,secondary,yes,no,1779,yes,no,unknown,15,may,99,2,-1,0,unknown,no
38,housemaid,16000,married,secondary,yes,no,1372,yes,yes,unknown,15,may,224,1,-1,0,unknown,no
54,blue-collar,20000,married,primary,yes,no,24,yes,no,unknown,15,may,34,1,-1,0,unknown,no
46,self-employed,60000,single,tertiary,no,no,1934,yes,no,unknown,15,may,236,3,-1,0,unknown,no
39,management,100000,divorced,tertiary,no,no,9541,no,no,unknown,15,may,815,1,-1,0,unknown,no
22,student,4000,single,secondary,yes,no,364,yes,no,unknown,15,may,282,1,-1,0,unknown,no
47,admin.,50000,divorced,primary,yes,no,357,yes,yes,unknown,15,may,134,1,-1,0,unknown,no
34,services,70000,divorced,secondary,yes,no,202,yes,no,unknown,15,may,318,1,-1,0,unknown,no
42,admin.,50000,married,secondary,yes,no,281,yes,no,unknown,15,may,118,1,-1,0,unknown,no
44,technician,60000,married,tertiary,yes,no,4580,yes,no,unknown,15,may,911,2,-1,0,unknown,yes
45,services,70000,married,secondary,yes,no,4060,yes,no,unknown,15,may,238,1,-1,0,unknown,no
38,admin.,50000,married,secondary,yes,no,0,yes,no,unknown,15,may,225,1,-1,0,unknown,no
46,blue-collar,20000,married,primary,yes,no,1114,yes,no,unknown,15,may,490,3,-1,0,unknown,no
34,technician,60000,married,secondary,yes,no,4,yes,no,unknown,15,may,644,1,-1,0,unknown,no
41,technician,60000,divorced,secondary,yes,no,536,yes,no,unknown,15,may,76,3,-1,0,unknown,no
27,blue-collar,20000,single,primary,yes,no,431,yes,no,unknown,15,may,286,2,-1,0,unknown,no
56,unemployed,8000,married,secondary,yes,no,2552,yes,no,unknown,15,may,176,2,-1,0,unknown,no
43,management,100000,married,tertiary,yes,no,8016,yes,no,unknown,15,may,422,3,-1,0,unknown,no
34,management,100000,married,unknown,no,yes,-353,yes,no,unknown,15,may,328,1,-1,0,unknown,no
25,student,4000,single,secondary,yes,no,1139,yes,no,unknown,15,may,22,3,-1,0,unknown,no
35,unemployed,8000,married,primary,yes,no,494,yes,no,unknown,15,may,71,4,-1,0,unknown,no
46,entrepreneur,120000,married,unknown,no,no,676,yes,yes,unknown,15,may,106,3,-1,0,unknown,no
32,admin.,50000,single,secondary,yes,no,287,no,no,unknown,15,may,465,3,-1,0,unknown,no
55,technician,60000,married,secondary,yes,no,741,yes,no,unknown,15,may,973,2,-1,0,unknown,no
40,retired,55000,married,secondary,yes,no,1842,no,no,unknown,15,may,56,1,-1,0,unknown,no
43,management,100000,married,tertiary,yes,no,4004,yes,no,unknown,15,may,190,2,-1,0,unknown,no
41,entrepreneur,120000,married,tertiary,yes,no,102,no,no,unknown,15,may,323,1,-1,0,unknown,no
33,blue-collar,20000,single,primary,yes,no,279,yes,no,unknown,15,may,113,1,-1,0,unknown,no
32,management,100000,single,secondary,yes,no,6,yes,no,unknown,15,may,228,1,-1,0,unknown,no
39,technician,60000,married,primary,yes,no,644,yes,no,unknown,15,may,110,1,-1,0,unknown,no
42,management,100000,divorced,tertiary,no,no,497,no,no,unknown,15,may,84,22,-1,0,unknown,no
33,technician,60000,single,secondary,yes,no,402,yes,yes,unknown,15,may,59,1,-1,0,unknown,no
32,services,70000,married,secondary,yes,no,401,yes,no,unknown,15,may,294,2,-1,0,unknown,no
46,admin.,50000,married,primary,yes,no,31,yes,no,unknown,15,may,144,1,-1,0,unknown,no
42,blue-collar,20000,married,secondary,yes,no,-628,yes,yes,unknown,15,may,251,1,-1,0,unknown,no
39,admin.,50000,married,secondary,yes,no,598,yes,no,unknown,15,may,444,1,-1,0,unknown,no
43,blue-collar,20000,divorced,primary,yes,no,92,yes,no,unknown,15,may,237,2,-1,0,unknown,no
33,management,100000,single,tertiary,no,no,-625,yes,no,unknown,15,may,399,1,-1,0,unknown,no
59,management,100000,married,tertiary,yes,no,2319,yes,no,unknown,15,may,132,32,-1,0,unknown,no
48,entrepreneur,120000,married,tertiary,yes,no,981,yes,no,unknown,15,may,995,2,-1,0,unknown,no
31,blue-collar,20000,married,primary,yes,no,605,yes,no,unknown,15,may,334,10,-1,0,unknown,no
47,management,100000,divorced,tertiary,no,no,10399,yes,no,unknown,15,may,59,2,-1,0,unknown,no
54,technician,60000,divorced,secondary,yes,no,784,yes,yes,unknown,15,may,579,1,-1,0,unknown,no
48,blue-collar,20000,married,primary,yes,no,680,yes,no,unknown,15,may,387,4,-1,0,unknown,no
33,management,100000,divorced,tertiary,no,no,893,yes,no,unknown,15,may,279,9,-1,0,unknown,no
27,services,70000,married,secondary,yes,no,94,yes,no,unknown,15,may,352,2,-1,0,unknown,no
47,admin.,50000,married,secondary,yes,no,257,yes,no,unknown,15,may,484,11,-1,0,unknown,no
56,blue-collar,20000,single,primary,yes,no,739,yes,no,unknown,15,may,95,1,-1,0,unknown,no
26,technician,60000,single,secondary,yes,no,2,yes,yes,unknown,15,may,461,1,-1,0,unknown,no
55,management,100000,married,unknown,no,yes,-171,yes,no,unknown,15,may,30,2,-1,0,unknown,no
33,blue-collar,20000,married,secondary,yes,no,217,yes,no,unknown,15,may,561,1,-1,0,unknown,no
52,blue-collar,20000,married,unknown,no,no,826,yes,no,unknown,15,may,468,2,-1,0,unknown,no
60,services,70000,single,primary,yes,no,313,yes,no,unknown,15,may,920,2,-1,0,unknown,yes
50,management,100000,married,tertiary,yes,no,106,yes,no,unknown,15,may,388,2,-1,0,unknown,no
43,blue-collar,20000,married,secondary,yes,no,4520,yes,no,unknown,15,may,100,4,-1,0,unknown,no
29,management,100000,married,tertiary,yes,no,10576,no,no,unknown,15,may,1224,2,-1,0,unknown,yes
54,management,100000,married,primary,yes,no,366,yes,no,unknown,15,may,589,1,-1,0,unknown,no
30,admin.,50000,divorced,secondary,yes,no,370,yes,no,unknown,15,may,160,1,-1,0,unknown,no
50,management,100000,married,tertiary,yes,no,4904,yes,no,unknown,15,may,438,2,-1,0,unknown,no
48,technician,60000,married,secondary,yes,no,0,yes,yes,unknown,15,may,964,2,-1,0,unknown,no
55,services,70000,divorced,secondary,yes,no,72,yes,yes,unknown,15,may,384,4,-1,0,unknown,no
56,housemaid,16000,divorced,secondary,yes,no,0,no,no,unknown,15,may,103,1,-1,0,unknown,no
48,management,100000,married,unknown,no,no,1103,yes,no,unknown,15,may,52,1,-1,0,unknown,no
36,blue-collar,20000,single,secondary,yes,no,1392,yes,no,unknown,15,may,205,2,-1,0,unknown,no
41,retired,55000,divorced,primary,yes,no,-233,yes,no,unknown,15,may,1156,2,-1,0,unknown,yes
30,management,100000,single,tertiary,no,no,78,yes,no,unknown,15,may,73,2,-1,0,unknown,no
59,management,100000,single,secondary,yes,no,671,yes,yes,unknown,15,may,157,5,-1,0,unknown,no
27,blue-collar,20000,single,secondary,yes,no,228,yes,yes,unknown,15,may,186,5,-1,0,unknown,no
55,unknown,0,married,unknown,no,no,666,no,no,unknown,15,may,73,5,-1,0,unknown,no
45,services,70000,married,secondary,yes,no,520,yes,no,unknown,15,may,714,4,-1,0,unknown,no
58,blue-collar,20000,married,primary,yes,no,3501,yes,no,unknown,15,may,544,3,-1,0,unknown,no
44,technician,60000,married,secondary,yes,no,185,yes,no,unknown,15,may,194,2,-1,0,unknown,no
43,blue-collar,20000,married,primary,yes,no,108,yes,yes,unknown,15,may,420,4,-1,0,unknown,no
59,retired,55000,married,primary,yes,no,1423,yes,no,unknown,15,may,584,2,-1,0,unknown,no
41,blue-collar,20000,married,primary,yes,no,2453,yes,no,unknown,15,may,1052,1,-1,0,unknown,yes
43,housemaid,16000,married,primary,yes,no,18,yes,yes,unknown,15,may,192,3,-1,0,unknown,no
49,services,70000,single,secondary,yes,no,3061,yes,no,unknown,15,may,155,2,-1,0,unknown,no
44,blue-collar,20000,married,primary,yes,no,0,yes,no,unknown,15,may,226,6,-1,0,unknown,no
48,blue-collar,20000,married,primary,yes,no,559,yes,no,unknown,15,may,1231,2,-1,0,unknown,no
40,blue-collar,20000,married,primary,yes,no,902,yes,no,unknown,15,may,619,4,-1,0,unknown,no
43,blue-collar,20000,single,secondary,yes,no,421,yes,no,unknown,15,may,298,3,-1,0,unknown,no
26,blue-collar,20000,married,primary,yes,no,500,yes,no,unknown,15,may,21,6,-1,0,unknown,no
46,blue-collar,20000,married,secondary,yes,no,756,yes,no,unknown,15,may,401,7,-1,0,unknown,no
58,blue-collar,20000,married,secondary,yes,no,288,yes,no,unknown,15,may,404,7,-1,0,unknown,no
53,blue-collar,20000,married,secondary,yes,no,1140,yes,no,unknown,15,may,241,32,-1,0,unknown,no
56,services,70000,married,secondary,yes,no,2658,yes,no,unknown,15,may,302,1,-1,0,unknown,no
43,blue-collar,20000,married,primary,yes,no,632,yes,no,unknown,15,may,440,2,-1,0,unknown,no
36,blue-collar,20000,single,primary,yes,no,263,yes,no,unknown,15,may,172,2,-1,0,unknown,no
34,blue-collar,20000,married,unknown,no,no,-17,yes,no,unknown,15,may,319,7,-1,0,unknown,no
51,blue-collar,20000,married,secondary,yes,no,701,yes,no,unknown,15,may,1051,3,-1,0,unknown,no
51,blue-collar,20000,married,primary,yes,no,4497,yes,no,unknown,15,may,276,3,-1,0,unknown,no
45,blue-collar,20000,married,primary,yes,no,810,yes,no,unknown,15,may,213,4,-1,0,unknown,no
54,blue-collar,20000,married,primary,yes,no,-219,yes,no,unknown,15,may,276,4,-1,0,unknown,no
42,admin.,50000,married,secondary,yes,no,679,yes,no,unknown,15,may,194,2,-1,0,unknown,no
53,services,70000,married,secondary,yes,no,2925,yes,no,unknown,15,may,1392,4,-1,0,unknown,no
35,self-employed,60000,single,primary,yes,no,181,yes,no,unknown,15,may,19,8,-1,0,unknown,no
49,management,100000,married,tertiary,yes,no,3840,yes,no,unknown,15,may,146,4,-1,0,unknown,no
55,technician,60000,married,secondary,yes,no,2014,yes,yes,unknown,15,may,253,2,-1,0,unknown,no
31,technician,60000,single,secondary,yes,no,1819,yes,no,unknown,15,may,226,2,-1,0,unknown,no
52,blue-collar,20000,married,secondary,yes,no,665,yes,no,unknown,15,may,57,4,-1,0,unknown,no
50,housemaid,16000,married,primary,yes,no,395,yes,no,unknown,15,may,419,2,-1,0,unknown,no
32,services,70000,married,secondary,yes,no,55,yes,no,unknown,15,may,546,9,-1,0,unknown,no
34,blue-collar,20000,married,secondary,yes,no,326,yes,yes,unknown,15,may,150,2,-1,0,unknown,no
42,technician,60000,single,secondary,yes,no,1364,yes,no,unknown,15,may,1867,6,-1,0,unknown,yes
33,management,100000,single,secondary,yes,yes,-174,yes,no,unknown,15,may,156,5,-1,0,unknown,no
43,management,100000,married,tertiary,yes,no,5670,yes,no,unknown,15,may,184,2,-1,0,unknown,no
31,blue-collar,20000,divorced,secondary,yes,no,1125,no,yes,unknown,15,may,548,1,-1,0,unknown,no
25,blue-collar,20000,single,secondary,yes,no,0,yes,no,unknown,15,may,244,2,-1,0,unknown,no
49,technician,60000,married,secondary,yes,no,3657,yes,no,unknown,15,may,328,4,-1,0,unknown,no
56,admin.,50000,married,secondary,yes,no,2256,yes,no,unknown,15,may,171,2,-1,0,unknown,no
43,blue-collar,20000,married,primary,yes,no,778,yes,yes,unknown,15,may,284,5,-1,0,unknown,no
41,blue-collar,20000,married,secondary,yes,no,59,yes,no,unknown,15,may,75,8,-1,0,unknown,no
46,blue-collar,20000,married,secondary,yes,no,668,yes,no,unknown,15,may,1263,2,-1,0,unknown,yes
60,retired,55000,single,tertiary,no,no,7440,yes,no,unknown,15,may,92,3,-1,0,unknown,no
48,blue-collar,20000,married,primary,yes,no,1001,yes,no,unknown,15,may,422,2,-1,0,unknown,no
57,admin.,50000,divorced,primary,yes,no,1,no,no,unknown,15,may,17,10,-1,0,unknown,no
42,blue-collar,20000,married,primary,yes,no,1320,no,no,unknown,15,may,301,4,-1,0,unknown,no
50,blue-collar,20000,married,secondary,yes,no,1604,yes,no,unknown,15,may,267,5,-1,0,unknown,no
36,management,100000,married,tertiary,yes,no,900,yes,no,unknown,15,may,475,2,-1,0,unknown,no
44,management,100000,married,secondary,yes,no,2984,yes,no,unknown,15,may,770,2,-1,0,unknown,no
40,blue-collar,20000,married,primary,yes,no,2562,yes,no,unknown,15,may,487,4,-1,0,unknown,no
55,admin.,50000,married,secondary,yes,no,1102,yes,no,unknown,15,may,126,2,-1,0,unknown,no
24,blue-collar,20000,single,primary,yes,no,758,yes,no,unknown,15,may,129,1,-1,0,unknown,no
52,blue-collar,20000,married,primary,yes,no,1079,yes,no,unknown,15,may,257,7,-1,0,unknown,no
49,services,70000,married,secondary,yes,no,2201,yes,no,unknown,15,may,233,3,-1,0,unknown,no
30,services,70000,married,secondary,yes,no,271,yes,no,unknown,15,may,365,1,-1,0,unknown,no
32,services,70000,single,secondary,yes,no,772,yes,no,unknown,15,may,697,3,-1,0,unknown,yes
46,technician,60000,divorced,secondary,yes,no,435,yes,no,unknown,15,may,192,3,-1,0,unknown,no
36,blue-collar,20000,married,secondary,yes,no,412,yes,no,unknown,15,may,244,2,-1,0,unknown,no
44,technician,60000,divorced,secondary,yes,no,809,yes,no,unknown,15,may,118,4,-1,0,unknown,no
48,blue-collar,20000,married,primary,yes,no,575,no,no,unknown,15,may,101,3,-1,0,unknown,no
49,technician,60000,married,secondary,yes,no,3033,no,no,unknown,15,may,125,5,-1,0,unknown,no
44,blue-collar,20000,married,primary,yes,no,412,yes,no,unknown,15,may,56,13,-1,0,unknown,no
23,services,70000,single,secondary,yes,no,496,yes,no,unknown,15,may,430,2,-1,0,unknown,no
45,blue-collar,20000,divorced,primary,yes,no,749,yes,no,unknown,15,may,242,6,-1,0,unknown,no
54,management,100000,single,tertiary,no,no,1439,yes,no,unknown,15,may,809,3,-1,0,unknown,no
43,management,100000,married,tertiary,yes,no,2767,yes,no,unknown,15,may,317,7,-1,0,unknown,no
44,blue-collar,20000,married,primary,yes,no,140,yes,no,unknown,15,may,7,9,-1,0,unknown,no
52,blue-collar,20000,married,primary,yes,no,4015,yes,no,unknown,15,may,493,2,-1,0,unknown,no
37,blue-collar,20000,married,secondary,yes,no,77,yes,no,unknown,15,may,381,7,-1,0,unknown,no
53,management,100000,single,tertiary,no,no,1074,yes,no,unknown,15,may,523,2,-1,0,unknown,no
31,blue-collar,20000,married,secondary,yes,no,-720,yes,yes,unknown,15,may,112,2,-1,0,unknown,no
56,blue-collar,20000,married,primary,yes,no,690,yes,no,unknown,15,may,309,2,-1,0,unknown,no
40,management,100000,married,primary,yes,no,1231,yes,yes,unknown,15,may,184,2,-1,0,unknown,no
58,management,100000,married,tertiary,yes,no,714,yes,no,unknown,15,may,850,6,-1,0,unknown,no
42,blue-collar,20000,married,primary,yes,no,1742,yes,no,unknown,15,may,420,2,-1,0,unknown,no
59,retired,55000,divorced,secondary,yes,no,337,yes,no,unknown,15,may,118,4,-1,0,unknown,no
45,technician,60000,married,secondary,yes,no,-237,yes,yes,unknown,15,may,71,3,-1,0,unknown,no
53,admin.,50000,married,secondary,yes,no,1739,yes,no,unknown,15,may,103,3,-1,0,unknown,no
55,technician,60000,married,tertiary,yes,no,874,yes,no,unknown,15,may,314,11,-1,0,unknown,no
60,admin.,50000,married,secondary,yes,no,1880,yes,no,unknown,15,may,196,4,-1,0,unknown,no
48,entrepreneur,120000,married,primary,yes,no,3705,yes,no,unknown,15,may,151,2,-1,0,unknown,no
43,technician,60000,single,secondary,yes,no,1195,yes,no,unknown,15,may,516,9,-1,0,unknown,no
47,technician,60000,married,secondary,yes,no,2781,yes,no,unknown,15,may,855,4,-1,0,unknown,no
33,blue-collar,20000,married,secondary,yes,no,175,yes,no,unknown,15,may,392,2,-1,0,unknown,no
37,services,70000,married,secondary,yes,no,1,no,no,unknown,15,may,395,2,-1,0,unknown,no
60,management,100000,divorced,primary,yes,no,38,yes,no,unknown,15,may,78,4,-1,0,unknown,no
52,blue-collar,20000,married,secondary,yes,no,2206,yes,no,unknown,15,may,875,5,-1,0,unknown,no
31,admin.,50000,single,secondary,yes,no,358,yes,no,unknown,15,may,124,2,-1,0,unknown,no
31,unemployed,8000,single,primary,yes,no,0,yes,no,unknown,15,may,24,18,-1,0,unknown,no
53,technician,60000,married,secondary,yes,no,4541,yes,no,unknown,15,may,190,6,-1,0,unknown,no
45,blue-collar,20000,married,secondary,yes,no,120,yes,yes,unknown,15,may,53,3,-1,0,unknown,no
56,blue-collar,20000,married,secondary,yes,no,-382,yes,no,unknown,15,may,278,4,-1,0,unknown,no
36,technician,60000,married,secondary,yes,no,146,yes,yes,unknown,15,may,284,2,-1,0,unknown,no
40,services,70000,married,secondary,yes,no,574,yes,no,unknown,15,may,68,3,-1,0,unknown,no
42,blue-collar,20000,married,primary,yes,no,2519,yes,no,unknown,15,may,262,4,-1,0,unknown,no
52,admin.,50000,married,secondary,yes,no,395,yes,no,unknown,15,may,391,3,-1,0,unknown,no
46,self-employed,60000,divorced,tertiary,no,no,8717,yes,no,unknown,15,may,343,5,-1,0,unknown,no
59,admin.,50000,divorced,secondary,yes,no,975,yes,no,unknown,15,may,263,4,-1,0,unknown,no
41,technician,60000,married,secondary,yes,no,768,yes,no,unknown,15,may,214,4,-1,0,unknown,no
61,retired,55000,married,secondary,yes,no,280,yes,no,unknown,15,may,88,3,-1,0,unknown,no
57,management,100000,married,tertiary,yes,no,388,no,yes,unknown,15,may,262,4,-1,0,unknown,no
32,admin.,50000,single,secondary,yes,no,289,no,no,unknown,15,may,255,12,-1,0,unknown,no
55,management,100000,single,tertiary,no,no,1092,yes,yes,unknown,15,may,202,4,-1,0,unknown,no
54,management,100000,married,secondary,yes,no,1394,yes,no,unknown,15,may,438,5,-1,0,unknown,no
55,services,70000,married,secondary,yes,no,151,yes,no,unknown,15,may,88,2,-1,0,unknown,no
31,admin.,50000,married,unknown,no,no,-295,yes,no,unknown,15,may,311,3,-1,0,unknown,no
43,blue-collar,20000,married,primary,yes,no,7727,yes,no,unknown,15,may,302,8,-1,0,unknown,no
49,retired,55000,married,unknown,no,no,247,no,no,unknown,15,may,213,2,-1,0,unknown,no
31,blue-collar,20000,single,secondary,yes,no,33,yes,no,unknown,15,may,214,4,-1,0,unknown,no
34,blue-collar,20000,married,secondary,yes,no,452,yes,no,unknown,15,may,90,3,-1,0,unknown,no
31,management,100000,single,tertiary,no,no,635,yes,no,unknown,15,may,293,2,-1,0,unknown,no
23,services,70000,single,secondary,yes,no,75,yes,no,unknown,15,may,448,4,-1,0,unknown,no
35,technician,60000,single,tertiary,no,no,1455,yes,no,unknown,15,may,70,6,-1,0,unknown,no
43,blue-collar,20000,married,primary,yes,no,2605,yes,no,unknown,15,may,347,4,-1,0,unknown,no
31,technician,60000,single,tertiary,no,no,56,no,no,unknown,15,may,320,3,-1,0,unknown,no
45,technician,60000,married,secondary,yes,no,89,yes,no,unknown,15,may,175,2,-1,0,unknown,no
29,technician,60000,married,secondary,yes,no,84,yes,no,unknown,15,may,222,12,-1,0,unknown,no
27,technician,60000,married,secondary,yes,no,7,yes,no,unknown,15,may,98,2,-1,0,unknown,no
52,blue-collar,20000,married,primary,yes,no,238,yes,no,unknown,15,may,734,5,-1,0,unknown,no
58,management,100000,married,tertiary,yes,no,2360,no,no,unknown,15,may,177,3,-1,0,unknown,no
39,blue-collar,20000,single,primary,yes,no,-21,no,no,unknown,15,may,121,3,-1,0,unknown,no
52,technician,60000,divorced,secondary,yes,no,409,yes,no,unknown,15,may,73,7,-1,0,unknown,no
60,retired,55000,married,primary,yes,no,894,yes,no,unknown,15,may,65,7,-1,0,unknown,no
52,services,70000,married,secondary,yes,no,108,yes,no,unknown,15,may,543,12,-1,0,unknown,no
45,admin.,50000,married,secondary,yes,no,805,yes,no,unknown,15,may,186,3,-1,0,unknown,no
58,blue-collar,20000,married,primary,yes,no,2547,no,no,unknown,15,may,174,4,-1,0,unknown,no
56,entrepreneur,120000,married,tertiary,yes,no,-124,yes,no,unknown,15,may,374,5,-1,0,unknown,no
51,blue-collar,20000,married,secondary,yes,no,1414,yes,no,unknown,15,may,241,2,-1,0,unknown,no
50,blue-collar,20000,married,secondary,yes,no,6258,yes,no,unknown,15,may,139,7,-1,0,unknown,no
39,self-employed,60000,married,tertiary,yes,no,-176,yes,no,unknown,15,may,156,13,-1,0,unknown,no
58,management,100000,divorced,tertiary,no,no,1533,no,no,unknown,15,may,137,2,-1,0,unknown,no
51,self-employed,60000,single,secondary,yes,no,1640,yes,no,unknown,15,may,67,4,-1,0,unknown,no
45,blue-collar,20000,married,primary,yes,no,91,yes,no,unknown,15,may,239,2,-1,0,unknown,no
41,management,100000,single,tertiary,no,no,480,yes,no,unknown,15,may,178,2,-1,0,unknown,no
28,blue-collar,20000,single,primary,yes,no,643,yes,no,unknown,15,may,297,1,-1,0,unknown,no
51,blue-collar,20000,married,unknown,no,no,2547,yes,no,unknown,15,may,491,2,-1,0,unknown,no
45,blue-collar,20000,married,unknown,no,no,110,yes,no,unknown,15,may,377,4,-1,0,unknown,no
46,admin.,50000,married,secondary,yes,no,35,no,no,unknown,16,may,84,2,-1,0,unknown,no
43,management,100000,single,secondary,yes,no,-228,yes,yes,unknown,16,may,122,2,-1,0,unknown,no
53,retired,55000,married,secondary,yes,no,1139,yes,no,unknown,16,may,107,6,-1,0,unknown,no
50,admin.,50000,divorced,secondary,yes,no,1332,yes,no,unknown,16,may,95,3,-1,0,unknown,no
55,technician,60000,married,secondary,yes,no,0,yes,no,unknown,16,may,248,3,-1,0,unknown,no
52,blue-collar,20000,married,primary,yes,no,779,yes,no,unknown,16,may,30,3,-1,0,unknown,no
53,admin.,50000,married,primary,yes,no,228,yes,no,unknown,16,may,97,1,-1,0,unknown,no
51,blue-collar,20000,married,secondary,yes,no,22,yes,no,unknown,16,may,336,2,-1,0,unknown,no
31,admin.,50000,single,secondary,yes,no,0,yes,no,unknown,16,may,28,4,-1,0,unknown,no
41,technician,60000,single,secondary,yes,no,2919,yes,no,unknown,16,may,329,3,-1,0,unknown,no
39,blue-collar,20000,married,primary,yes,no,186,yes,no,unknown,16,may,208,3,-1,0,unknown,no
60,management,100000,divorced,secondary,yes,no,773,yes,yes,unknown,16,may,597,22,-1,0,unknown,no
39,technician,60000,married,unknown,no,no,880,yes,no,unknown,16,may,29,1,-1,0,unknown,no
41,management,100000,married,secondary,yes,no,218,yes,no,unknown,16,may,247,1,-1,0,unknown,no
36,blue-collar,20000,married,secondary,yes,no,512,yes,no,unknown,16,may,343,1,-1,0,unknown,no
40,blue-collar,20000,single,secondary,yes,no,1101,yes,no,unknown,16,may,214,1,-1,0,unknown,no
29,blue-collar,20000,married,secondary,yes,no,1956,yes,no,unknown,16,may,266,6,-1,0,unknown,no
32,admin.,50000,married,secondary,yes,no,0,no,no,unknown,16,may,137,1,-1,0,unknown,no
45,blue-collar,20000,divorced,primary,yes,no,104,yes,no,unknown,16,may,206,4,-1,0,unknown,no
32,technician,60000,divorced,secondary,yes,no,75,no,no,unknown,16,may,129,1,-1,0,unknown,no
31,housemaid,16000,single,secondary,yes,no,1301,yes,no,unknown,16,may,69,15,-1,0,unknown,no
58,retired,55000,divorced,primary,yes,no,6,no,no,unknown,16,may,228,1,-1,0,unknown,no
40,technician,60000,married,secondary,yes,no,75,yes,no,unknown,16,may,259,1,-1,0,unknown,no
40,services,70000,married,primary,yes,no,44,yes,no,unknown,16,may,144,1,-1,0,unknown,no
36,services,70000,single,unknown,no,no,281,yes,no,unknown,16,may,515,1,-1,0,unknown,yes
40,admin.,50000,married,secondary,yes,no,2,yes,no,unknown,16,may,29,1,-1,0,unknown,no
35,management,100000,single,tertiary,no,no,205,yes,no,unknown,16,may,512,1,-1,0,unknown,no
39,blue-collar,20000,married,primary,yes,no,2133,yes,yes,unknown,16,may,179,1,-1,0,unknown,no
39,technician,60000,married,tertiary,yes,no,94,yes,yes,unknown,16,may,813,1,-1,0,unknown,yes
30,self-employed,60000,single,tertiary,no,no,901,yes,yes,unknown,16,may,601,1,-1,0,unknown,no
57,management,100000,married,tertiary,yes,no,3431,yes,no,unknown,16,may,73,1,-1,0,unknown,no
60,services,70000,married,secondary,yes,no,8837,yes,no,unknown,16,may,144,4,-1,0,unknown,no
55,technician,60000,married,secondary,yes,no,726,yes,no,unknown,16,may,271,1,-1,0,unknown,no
40,technician,60000,married,secondary,yes,no,26,yes,no,unknown,16,may,230,3,-1,0,unknown,no
27,student,4000,single,tertiary,no,no,66,yes,no,unknown,16,may,456,1,-1,0,unknown,no
40,admin.,50000,married,secondary,yes,no,2523,yes,no,unknown,16,may,75,1,-1,0,unknown,no
28,management,100000,married,tertiary,yes,no,82,yes,yes,unknown,16,may,225,1,-1,0,unknown,no
32,management,100000,married,tertiary,yes,no,0,yes,no,unknown,16,may,387,1,-1,0,unknown,no
53,management,100000,single,secondary,yes,no,5558,yes,no,unknown,16,may,286,3,-1,0,unknown,no
29,admin.,50000,single,secondary,yes,no,-507,yes,no,unknown,16,may,286,1,-1,0,unknown,no
29,technician,60000,single,tertiary,no,no,47,yes,no,unknown,16,may,111,11,-1,0,unknown,no
45,self-employed,60000,married,unknown,no,no,-257,no,no,unknown,16,may,448,2,-1,0,unknown,no
32,management,100000,married,secondary,yes,no,1423,yes,no,unknown,16,may,223,3,-1,0,unknown,no
47,services,70000,married,secondary,yes,no,51,yes,yes,unknown,16,may,312,1,-1,0,unknown,no
40,services,70000,married,secondary,yes,no,1688,no,no,unknown,16,may,93,1,-1,0,unknown,no
33,services,70000,single,secondary,yes,no,0,yes,no,unknown,16,may,212,1,-1,0,unknown,no
55,housemaid,16000,married,primary,yes,no,1000,yes,no,unknown,16,may,178,1,-1,0,unknown,no
31,blue-collar,20000,single,secondary,yes,no,0,yes,yes,unknown,16,may,111,1,-1,0,unknown,no
33,management,100000,married,tertiary,yes,no,273,yes,no,unknown,16,may,803,1,-1,0,unknown,yes
42,admin.,50000,divorced,secondary,yes,no,153,yes,no,unknown,16,may,844,1,-1,0,unknown,yes
31,admin.,50000,divorced,tertiary,no,no,146,yes,no,unknown,16,may,297,1,-1,0,unknown,no
41,blue-collar,20000,married,unknown,no,no,732,yes,no,unknown,16,may,25,1,-1,0,unknown,no
43,admin.,50000,single,secondary,yes,no,2539,yes,no,unknown,16,may,529,4,-1,0,unknown,no
36,services,70000,married,secondary,yes,no,208,yes,no,unknown,16,may,99,1,-1,0,unknown,no
48,management,100000,married,tertiary,yes,no,542,yes,no,unknown,16,may,137,1,-1,0,unknown,no
31,self-employed,60000,single,tertiary,no,no,144,yes,no,unknown,16,may,676,1,-1,0,unknown,yes
45,technician,60000,married,secondary,yes,no,999,yes,no,unknown,16,may,656,2,-1,0,unknown,no
43,blue-collar,20000,married,secondary,yes,no,19,yes,no,unknown,16,may,249,1,-1,0,unknown,no
42,admin.,50000,divorced,secondary,yes,no,63,no,no,unknown,16,may,88,6,-1,0,unknown,no
40,services,70000,married,secondary,yes,no,446,yes,no,unknown,16,may,1252,1,-1,0,unknown,yes
29,blue-collar,20000,married,secondary,yes,no,832,yes,no,unknown,16,may,228,2,-1,0,unknown,no
26,blue-collar,20000,married,secondary,yes,no,246,yes,no,unknown,16,may,1143,3,-1,0,unknown,yes
53,unemployed,8000,married,secondary,yes,no,76,yes,yes,unknown,16,may,283,1,-1,0,unknown,no
31,technician,60000,divorced,secondary,yes,no,268,no,no,unknown,16,may,118,2,-1,0,unknown,no
25,admin.,50000,married,secondary,yes,no,16,yes,no,unknown,16,may,129,1,-1,0,unknown,no
26,admin.,50000,single,secondary,yes,no,-235,yes,no,unknown,16,may,103,1,-1,0,unknown,no
36,admin.,50000,single,secondary,yes,no,0,yes,yes,unknown,16,may,213,1,-1,0,unknown,no
43,services,70000,divorced,secondary,yes,no,207,yes,no,unknown,16,may,132,1,-1,0,unknown,no
45,admin.,50000,divorced,secondary,yes,no,109,yes,no,unknown,16,may,122,1,-1,0,unknown,no
56,management,100000,divorced,tertiary,no,no,975,yes,no,unknown,16,may,130,4,-1,0,unknown,no
51,technician,60000,married,secondary,yes,no,143,yes,no,unknown,16,may,627,1,-1,0,unknown,no
47,blue-collar,20000,married,primary,yes,no,1756,yes,no,unknown,16,may,207,1,-1,0,unknown,no
44,housemaid,16000,married,primary,yes,yes,-972,yes,yes,unknown,16,may,114,2,-1,0,unknown,no
31,services,70000,married,secondary,yes,no,5,yes,no,unknown,16,may,216,1,-1,0,unknown,no
46,management,100000,married,secondary,yes,no,36,yes,no,unknown,16,may,250,1,-1,0,unknown,no
32,management,100000,single,tertiary,no,no,0,no,no,unknown,16,may,91,1,-1,0,unknown,no
31,admin.,50000,married,secondary,yes,no,468,yes,no,unknown,16,may,159,1,-1,0,unknown,no
45,blue-collar,20000,married,primary,yes,no,804,yes,no,unknown,16,may,528,1,-1,0,unknown,yes
31,unemployed,8000,single,secondary,yes,no,199,yes,no,unknown,16,may,86,1,-1,0,unknown,no
40,technician,60000,married,secondary,yes,no,257,yes,no,unknown,16,may,731,4,-1,0,unknown,no
43,blue-collar,20000,married,unknown,no,no,91,yes,no,unknown,16,may,37,1,-1,0,unknown,no
26,blue-collar,20000,single,primary,yes,no,102,yes,no,unknown,16,may,46,1,-1,0,unknown,no
29,management,100000,married,tertiary,yes,no,1,yes,yes,unknown,16,may,49,1,-1,0,unknown,no
30,services,70000,single,secondary,yes,no,484,yes,no,unknown,16,may,356,2,-1,0,unknown,no
39,management,100000,married,tertiary,yes,no,0,yes,yes,unknown,16,may,107,2,-1,0,unknown,no
51,blue-collar,20000,married,primary,yes,no,196,yes,no,unknown,16,may,248,1,-1,0,unknown,no
58,admin.,50000,married,primary,yes,no,879,yes,no,unknown,16,may,242,7,-1,0,unknown,no
44,entrepreneur,120000,married,tertiary,yes,no,3689,yes,no,unknown,16,may,134,3,-1,0,unknown,no
49,technician,60000,married,secondary,yes,no,1269,yes,no,unknown,16,may,355,2,-1,0,unknown,no
30,admin.,50000,married,secondary,yes,no,67,yes,no,unknown,16,may,149,1,-1,0,unknown,no
38,blue-collar,20000,married,secondary,yes,no,961,yes,no,unknown,16,may,346,1,-1,0,unknown,no
40,services,70000,married,secondary,yes,no,181,yes,no,unknown,16,may,370,1,-1,0,unknown,no
34,entrepreneur,120000,married,tertiary,yes,no,355,yes,no,unknown,16,may,261,1,-1,0,unknown,no
41,management,100000,married,tertiary,yes,no,0,no,yes,unknown,16,may,330,4,-1,0,unknown,no
37,management,100000,single,tertiary,no,no,499,yes,no,unknown,16,may,537,1,-1,0,unknown,no
32,services,70000,divorced,secondary,yes,no,-115,yes,no,unknown,16,may,134,1,-1,0,unknown,no
31,blue-collar,20000,married,secondary,yes,no,92,yes,no,unknown,16,may,688,1,-1,0,unknown,yes
38,blue-collar,20000,single,unknown,no,no,1146,yes,no,unknown,16,may,84,1,-1,0,unknown,no
34,self-employed,60000,married,tertiary,yes,no,1029,yes,yes,unknown,16,may,125,1,-1,0,unknown,no
42,admin.,50000,married,secondary,yes,no,534,yes,no,unknown,16,may,139,2,-1,0,unknown,no
27,services,70000,married,secondary,yes,no,15,yes,no,unknown,16,may,167,1,-1,0,unknown,no
35,services,70000,married,secondary,yes,no,1053,yes,no,unknown,16,may,25,1,-1,0,unknown,no
43,admin.,50000,single,secondary,yes,no,6,no,no,unknown,16,may,244,1,-1,0,unknown,no
29,services,70000,single,secondary,yes,no,-142,yes,no,unknown,16,may,140,1,-1,0,unknown,no
33,services,70000,divorced,secondary,yes,no,2,yes,no,unknown,16,may,165,1,-1,0,unknown,no
57,retired,55000,divorced,secondary,yes,no,70,yes,no,unknown,16,may,122,1,-1,0,unknown,no
50,entrepreneur,120000,married,secondary,yes,no,556,yes,no,unknown,16,may,130,2,-1,0,unknown,no
28,services,70000,single,secondary,yes,no,45,yes,no,unknown,16,may,345,1,-1,0,unknown,no
45,blue-collar,20000,divorced,secondary,yes,no,9,yes,no,unknown,16,may,277,6,-1,0,unknown,no
33,blue-collar,20000,divorced,secondary,yes,no,-131,yes,no,unknown,16,may,145,1,-1,0,unknown,no
24,blue-collar,20000,married,secondary,yes,no,142,yes,yes,unknown,16,may,300,1,-1,0,unknown,no
34,technician,60000,single,secondary,yes,no,0,yes,yes,unknown,16,may,214,1,-1,0,unknown,no
23,admin.,50000,married,tertiary,yes,no,2,yes,no,unknown,16,may,140,1,-1,0,unknown,no
59,retired,55000,married,primary,yes,no,646,yes,no,unknown,16,may,140,1,-1,0,unknown,no
40,admin.,50000,single,secondary,yes,no,739,yes,no,unknown,16,may,132,1,-1,0,unknown,no
44,blue-collar,20000,married,primary,yes,no,1511,yes,no,unknown,16,may,96,2,-1,0,unknown,no
33,blue-collar,20000,married,secondary,yes,no,58,no,no,unknown,16,may,144,2,-1,0,unknown,no
29,admin.,50000,single,secondary,yes,no,163,yes,yes,unknown,16,may,803,1,-1,0,unknown,yes
39,blue-collar,20000,married,primary,yes,no,385,yes,no,unknown,16,may,225,4,-1,0,unknown,no
36,management,100000,divorced,tertiary,no,no,1343,yes,yes,unknown,16,may,73,1,-1,0,unknown,no
34,services,70000,divorced,secondary,yes,no,169,yes,no,unknown,16,may,260,1,-1,0,unknown,no
35,blue-collar,20000,married,secondary,yes,no,-613,yes,no,unknown,16,may,754,1,-1,0,unknown,no
47,services,70000,married,primary,yes,no,1496,yes,no,unknown,16,may,211,2,-1,0,unknown,no
40,blue-collar,20000,married,secondary,yes,no,580,yes,no,unknown,16,may,192,1,-1,0,unknown,no
30,technician,60000,married,secondary,yes,no,-306,yes,yes,unknown,16,may,203,1,-1,0,unknown,no
27,management,100000,married,secondary,yes,no,-41,yes,no,unknown,16,may,24,1,-1,0,unknown,no
40,admin.,50000,divorced,secondary,yes,no,783,yes,yes,unknown,16,may,171,2,-1,0,unknown,no
26,blue-collar,20000,divorced,secondary,yes,no,241,yes,no,unknown,16,may,136,1,-1,0,unknown,no
46,management,100000,married,tertiary,yes,no,245,yes,no,unknown,16,may,42,10,-1,0,unknown,no
43,management,100000,married,secondary,yes,no,-26,yes,no,unknown,16,may,343,1,-1,0,unknown,no
36,technician,60000,single,tertiary,no,no,705,yes,no,unknown,16,may,111,1,-1,0,unknown,no
32,blue-collar,20000,married,secondary,yes,no,23,yes,no,unknown,16,may,77,1,-1,0,unknown,no
47,blue-collar,20000,divorced,secondary,yes,no,380,yes,no,unknown,16,may,268,6,-1,0,unknown,no
29,blue-collar,20000,single,secondary,yes,no,4574,yes,no,unknown,16,may,217,2,-1,0,unknown,no
36,technician,60000,married,tertiary,yes,no,183,yes,no,unknown,16,may,360,1,-1,0,unknown,no
33,blue-collar,20000,single,secondary,yes,no,272,yes,no,unknown,16,may,122,3,-1,0,unknown,no
57,admin.,50000,married,secondary,yes,no,4168,yes,yes,unknown,16,may,47,1,-1,0,unknown,no
30,technician,60000,single,secondary,yes,no,677,yes,no,unknown,16,may,241,1,-1,0,unknown,no
59,admin.,50000,divorced,secondary,yes,no,174,yes,no,unknown,16,may,204,1,-1,0,unknown,no
32,blue-collar,20000,married,primary,yes,no,1877,yes,no,unknown,16,may,601,1,-1,0,unknown,no
56,retired,55000,married,secondary,yes,no,3690,yes,yes,unknown,16,may,178,2,-1,0,unknown,no
25,blue-collar,20000,married,secondary,yes,no,109,yes,no,unknown,16,may,306,1,-1,0,unknown,no
30,blue-collar,20000,single,unknown,no,no,194,yes,no,unknown,16,may,410,1,-1,0,unknown,no
32,blue-collar,20000,single,secondary,yes,no,8,yes,no,unknown,16,may,265,1,-1,0,unknown,no
30,admin.,50000,married,secondary,yes,no,40,yes,yes,unknown,16,may,108,2,-1,0,unknown,no
45,blue-collar,20000,married,secondary,yes,no,-1400,yes,no,unknown,16,may,172,4,-1,0,unknown,no
47,blue-collar,20000,married,secondary,yes,no,-656,yes,no,unknown,16,may,184,2,-1,0,unknown,no
25,technician,60000,single,secondary,yes,no,1400,yes,yes,unknown,16,may,424,1,-1,0,unknown,no
28,blue-collar,20000,married,primary,yes,no,507,yes,no,unknown,16,may,359,1,-1,0,unknown,no
30,blue-collar,20000,single,secondary,yes,no,75,yes,no,unknown,16,may,123,1,-1,0,unknown,no
28,admin.,50000,married,tertiary,yes,no,364,yes,no,unknown,16,may,169,1,-1,0,unknown,no
27,technician,60000,single,secondary,yes,no,1742,yes,no,unknown,16,may,787,1,-1,0,unknown,yes
32,blue-collar,20000,married,secondary,yes,no,1197,yes,yes,unknown,16,may,241,1,-1,0,unknown,no
32,self-employed,60000,single,tertiary,no,no,12269,no,no,unknown,16,may,141,1,-1,0,unknown,no
40,self-employed,60000,married,tertiary,yes,no,1126,yes,no,unknown,16,may,22,4,-1,0,unknown,no
29,blue-collar,20000,single,primary,yes,no,105,yes,no,unknown,16,may,326,1,-1,0,unknown,no
38,admin.,50000,married,secondary,yes,no,-650,no,no,unknown,16,may,317,1,-1,0,unknown,no
37,blue-collar,20000,single,primary,yes,no,117,yes,no,unknown,16,may,196,3,-1,0,unknown,no
22,admin.,50000,single,secondary,yes,no,118,yes,no,unknown,16,may,270,1,-1,0,unknown,no
23,admin.,50000,single,secondary,yes,no,178,yes,no,unknown,16,may,107,1,-1,0,unknown,no
30,self-employed,60000,single,secondary,yes,no,299,yes,no,unknown,16,may,679,17,-1,0,unknown,no
27,blue-collar,20000,single,primary,yes,no,0,yes,no,unknown,16,may,576,1,-1,0,unknown,no
31,admin.,50000,married,secondary,yes,no,5,no,no,unknown,16,may,102,1,-1,0,unknown,no
26,blue-collar,20000,single,secondary,yes,no,65,no,no,unknown,16,may,161,3,-1,0,unknown,no
36,admin.,50000,divorced,secondary,yes,no,246,yes,no,unknown,16,may,206,2,-1,0,unknown,no
29,blue-collar,20000,single,secondary,yes,no,1166,yes,no,unknown,16,may,33,1,-1,0,unknown,no
37,services,70000,divorced,secondary,yes,no,49,yes,no,unknown,16,may,619,2,-1,0,unknown,yes
39,blue-collar,20000,married,primary,yes,no,95,yes,no,unknown,16,may,230,1,-1,0,unknown,no
38,unemployed,8000,married,primary,yes,no,113,yes,no,unknown,16,may,27,2,-1,0,unknown,no
27,entrepreneur,120000,married,secondary,yes,no,554,yes,no,unknown,16,may,131,1,-1,0,unknown,no
58,retired,55000,married,primary,yes,no,269,yes,no,unknown,16,may,38,2,-1,0,unknown,no
36,blue-collar,20000,married,secondary,yes,no,63,yes,no,unknown,16,may,322,2,-1,0,unknown,no
24,services,70000,single,secondary,yes,no,-248,yes,no,unknown,16,may,187,1,-1,0,unknown,no
25,services,70000,single,secondary,yes,no,32,yes,no,unknown,16,may,124,1,-1,0,unknown,no
43,management,100000,married,secondary,yes,no,452,yes,no,unknown,16,may,107,2,-1,0,unknown,no
38,blue-collar,20000,married,primary,yes,no,467,yes,no,unknown,16,may,379,1,-1,0,unknown,no
40,blue-collar,20000,married,primary,yes,no,1758,yes,no,unknown,16,may,1230,3,-1,0,unknown,yes
33,blue-collar,20000,single,secondary,yes,no,-416,yes,no,unknown,16,may,767,2,-1,0,unknown,yes
35,technician,60000,married,secondary,yes,no,523,yes,yes,unknown,16,may,95,1,-1,0,unknown,no
46,blue-collar,20000,married,primary,yes,no,2499,yes,no,unknown,16,may,42,3,-1,0,unknown,no
30,technician,60000,single,tertiary,no,no,236,yes,no,unknown,16,may,197,1,-1,0,unknown,no
24,technician,60000,single,secondary,yes,no,3926,yes,no,unknown,16,may,320,2,-1,0,unknown,no
24,technician,60000,single,secondary,yes,no,409,yes,no,unknown,16,may,912,1,-1,0,unknown,yes
45,management,100000,married,tertiary,yes,no,876,no,no,unknown,16,may,178,1,-1,0,unknown,no
45,blue-collar,20000,married,primary,yes,no,1163,no,no,unknown,16,may,230,1,-1,0,unknown,no
53,technician,60000,single,secondary,yes,no,708,yes,no,unknown,16,may,631,3,-1,0,unknown,no
34,technician,60000,single,tertiary,no,no,586,yes,no,unknown,16,may,489,2,-1,0,unknown,no
24,blue-collar,20000,married,primary,yes,no,656,yes,no,unknown,16,may,894,1,-1,0,unknown,yes
57,housemaid,16000,married,primary,yes,no,260,yes,no,unknown,16,may,38,3,-1,0,unknown,no
55,blue-collar,20000,married,primary,yes,no,571,yes,no,unknown,16,may,323,4,-1,0,unknown,no
52,technician,60000,single,secondary,yes,no,36,yes,no,unknown,16,may,335,1,-1,0,unknown,no
54,technician,60000,divorced,secondary,yes,no,0,yes,no,unknown,16,may,161,1,-1,0,unknown,no
29,blue-collar,20000,single,primary,yes,no,-63,yes,no,unknown,16,may,410,3,-1,0,unknown,no
23,services,70000,single,secondary,yes,no,91,yes,no,unknown,16,may,374,2,-1,0,unknown,no
24,services,70000,single,secondary,yes,no,0,no,no,unknown,16,may,280,1,-1,0,unknown,no
59,blue-collar,20000,married,secondary,yes,no,169,yes,no,unknown,16,may,181,3,-1,0,unknown,no
37,blue-collar,20000,single,unknown,no,no,2188,no,no,unknown,16,may,193,8,-1,0,unknown,no
40,blue-collar,20000,married,secondary,yes,no,2073,yes,no,unknown,16,may,166,2,-1,0,unknown,no
54,management,100000,divorced,tertiary,no,no,29887,yes,no,unknown,16,may,865,1,-1,0,unknown,no
35,blue-collar,20000,married,secondary,yes,no,53,yes,no,unknown,16,may,258,2,-1,0,unknown,no
56,housemaid,16000,married,primary,yes,no,82,no,no,unknown,16,may,215,1,-1,0,unknown,no
28,technician,60000,married,secondary,yes,no,58,no,no,unknown,16,may,136,2,-1,0,unknown,no
32,management,100000,single,secondary,yes,no,916,yes,no,unknown,16,may,381,2,-1,0,unknown,no
40,management,100000,divorced,tertiary,no,no,37,yes,no,unknown,16,may,412,1,-1,0,unknown,no
32,blue-collar,20000,single,primary,yes,no,100,yes,no,unknown,16,may,376,2,-1,0,unknown,no
41,services,70000,married,primary,yes,no,124,yes,no,unknown,16,may,393,2,-1,0,unknown,no
55,management,100000,married,primary,yes,no,19,yes,no,unknown,16,may,56,3,-1,0,unknown,no
52,technician,60000,married,secondary,yes,no,420,no,no,unknown,16,may,112,4,-1,0,unknown,no
58,technician,60000,divorced,secondary,yes,no,906,yes,yes,unknown,16,may,155,3,-1,0,unknown,no
29,unemployed,8000,single,tertiary,no,no,0,yes,yes,unknown,16,may,703,4,-1,0,unknown,no
44,blue-collar,20000,divorced,unknown,no,no,532,no,no,unknown,16,may,141,2,-1,0,unknown,no
53,blue-collar,20000,married,primary,yes,no,634,yes,no,unknown,16,may,475,2,-1,0,unknown,no
44,services,70000,married,secondary,yes,no,0,yes,yes,unknown,16,may,471,2,-1,0,unknown,no
41,admin.,50000,married,secondary,yes,no,338,yes,no,unknown,16,may,121,1,-1,0,unknown,no
44,admin.,50000,married,secondary,yes,no,0,yes,yes,unknown,16,may,159,1,-1,0,unknown,no
38,management,100000,married,tertiary,yes,no,2724,yes,no,unknown,16,may,177,4,-1,0,unknown,no
27,management,100000,single,tertiary,no,no,-98,yes,yes,unknown,16,may,344,2,-1,0,unknown,no
44,admin.,50000,married,secondary,yes,no,73,yes,no,unknown,16,may,404,1,-1,0,unknown,no
45,blue-collar,20000,single,secondary,yes,no,636,yes,no,unknown,16,may,287,4,-1,0,unknown,no
30,blue-collar,20000,single,secondary,yes,no,132,yes,no,unknown,16,may,329,1,-1,0,unknown,no
47,technician,60000,married,tertiary,yes,no,282,yes,no,unknown,16,may,433,1,-1,0,unknown,no
54,entrepreneur,120000,married,primary,yes,no,3343,yes,yes,unknown,16,may,216,1,-1,0,unknown,no
29,technician,60000,single,secondary,yes,no,-166,yes,no,unknown,16,may,323,2,-1,0,unknown,no
50,admin.,50000,divorced,secondary,yes,no,363,yes,no,unknown,16,may,1340,1,-1,0,unknown,yes
32,blue-collar,20000,single,secondary,yes,no,29,no,no,unknown,16,may,132,13,-1,0,unknown,no
57,entrepreneur,120000,married,tertiary,yes,yes,-524,yes,no,unknown,16,may,199,4,-1,0,unknown,no
51,blue-collar,20000,married,primary,yes,no,1194,yes,no,unknown,16,may,558,3,-1,0,unknown,no
32,admin.,50000,single,secondary,yes,no,422,yes,no,unknown,16,may,221,2,-1,0,unknown,no
27,technician,60000,single,tertiary,no,no,3706,yes,no,unknown,16,may,897,1,-1,0,unknown,yes
41,unemployed,8000,married,secondary,yes,no,356,yes,no,unknown,16,may,80,2,-1,0,unknown,no
53,technician,60000,married,secondary,yes,no,31,yes,no,unknown,16,may,90,2,-1,0,unknown,no
29,self-employed,60000,single,secondary,yes,no,272,yes,no,unknown,16,may,123,3,-1,0,unknown,no
28,management,100000,married,tertiary,yes,no,103,yes,no,unknown,16,may,461,2,-1,0,unknown,no
27,management,100000,single,tertiary,no,yes,-308,yes,no,unknown,16,may,213,16,-1,0,unknown,no
49,blue-collar,20000,married,secondary,yes,no,16,yes,no,unknown,16,may,193,11,-1,0,unknown,no
44,blue-collar,20000,married,primary,yes,no,1485,yes,no,unknown,16,may,428,1,-1,0,unknown,no
32,entrepreneur,120000,single,tertiary,no,no,1,yes,yes,unknown,16,may,411,2,-1,0,unknown,no
56,retired,55000,married,unknown,no,no,4391,yes,no,unknown,16,may,291,1,-1,0,unknown,no
34,blue-collar,20000,single,primary,yes,no,85,no,no,unknown,16,may,136,1,-1,0,unknown,no
43,services,70000,married,primary,yes,no,822,yes,no,unknown,16,may,112,1,-1,0,unknown,no
41,management,100000,divorced,tertiary,no,no,647,yes,no,unknown,16,may,270,1,-1,0,unknown,no
41,management,100000,married,tertiary,yes,no,223,yes,no,unknown,16,may,124,1,-1,0,unknown,no
47,blue-collar,20000,married,primary,yes,no,242,yes,no,unknown,16,may,214,4,-1,0,unknown,no
33,blue-collar,20000,married,secondary,yes,no,64,no,no,unknown,16,may,239,3,-1,0,unknown,no
47,services,70000,married,secondary,yes,no,2597,yes,no,unknown,16,may,323,1,-1,0,unknown,no
46,management,100000,divorced,tertiary,no,no,770,yes,no,unknown,16,may,94,1,-1,0,unknown,no
46,technician,60000,married,secondary,yes,no,4956,yes,no,unknown,16,may,74,1,-1,0,unknown,no
30,admin.,50000,married,secondary,yes,no,122,yes,no,unknown,16,may,107,1,-1,0,unknown,no
41,technician,60000,single,secondary,yes,no,28,no,no,unknown,16,may,51,1,-1,0,unknown,no
30,technician,60000,married,secondary,yes,no,1011,yes,no,unknown,16,may,109,1,-1,0,unknown,no
56,retired,55000,divorced,secondary,yes,no,4166,yes,no,unknown,16,may,378,1,-1,0,unknown,no
40,technician,60000,married,primary,yes,no,6110,yes,no,unknown,16,may,217,1,-1,0,unknown,no
47,services,70000,married,secondary,yes,no,837,yes,yes,unknown,16,may,136,1,-1,0,unknown,no
36,management,100000,single,tertiary,no,no,146,yes,no,unknown,16,may,1161,3,-1,0,unknown,no
60,retired,55000,married,primary,yes,no,458,yes,no,unknown,16,may,103,1,-1,0,unknown,no
34,admin.,50000,married,secondary,yes,no,641,yes,yes,unknown,16,may,467,1,-1,0,unknown,no
44,self-employed,60000,married,secondary,yes,no,1310,yes,no,unknown,16,may,290,1,-1,0,unknown,no
29,technician,60000,married,secondary,yes,no,782,yes,no,unknown,16,may,131,1,-1,0,unknown,no
48,blue-collar,20000,married,secondary,yes,no,478,yes,yes,unknown,16,may,168,2,-1,0,unknown,no
55,services,70000,married,unknown,no,no,-45,yes,no,unknown,16,may,764,7,-1,0,unknown,no
60,management,100000,married,tertiary,yes,no,36,yes,no,unknown,16,may,194,3,-1,0,unknown,no
29,management,100000,single,tertiary,no,no,0,no,no,unknown,16,may,16,25,-1,0,unknown,no
30,services,70000,single,tertiary,no,no,136,yes,yes,unknown,16,may,208,5,-1,0,unknown,no
35,admin.,50000,single,primary,yes,no,8,yes,no,unknown,16,may,148,18,-1,0,unknown,no
37,services,70000,single,secondary,yes,no,934,yes,no,unknown,16,may,242,3,-1,0,unknown,no
42,blue-collar,20000,married,secondary,yes,no,314,yes,yes,unknown,16,may,269,2,-1,0,unknown,no
34,technician,60000,married,secondary,yes,no,978,yes,no,unknown,16,may,370,2,-1,0,unknown,no
50,management,100000,single,tertiary,no,no,567,yes,no,unknown,16,may,274,8,-1,0,unknown,no
27,services,70000,single,secondary,yes,no,194,yes,no,unknown,16,may,326,1,-1,0,unknown,no
45,technician,60000,single,tertiary,no,no,4537,yes,no,unknown,16,may,337,2,-1,0,unknown,no
50,management,100000,divorced,tertiary,no,no,318,yes,no,unknown,16,may,788,2,-1,0,unknown,no
43,technician,60000,married,secondary,yes,no,17,yes,no,unknown,16,may,353,4,-1,0,unknown,no
32,housemaid,16000,divorced,secondary,yes,no,715,yes,yes,unknown,16,may,14,15,-1,0,unknown,no
55,management,100000,single,tertiary,no,no,1464,yes,no,unknown,16,may,92,1,-1,0,unknown,no
40,services,70000,single,secondary,yes,no,-61,yes,yes,unknown,16,may,698,9,-1,0,unknown,no
56,entrepreneur,120000,married,tertiary,yes,no,1297,yes,no,unknown,16,may,180,1,-1,0,unknown,no
21,admin.,50000,single,secondary,yes,no,325,yes,no,unknown,16,may,467,1,-1,0,unknown,no
27,technician,60000,married,tertiary,yes,no,276,no,no,unknown,16,may,218,2,-1,0,unknown,no
24,admin.,50000,single,secondary,yes,no,770,yes,no,unknown,16,may,233,1,-1,0,unknown,no
25,technician,60000,single,secondary,yes,no,2,yes,yes,unknown,16,may,304,2,-1,0,unknown,no
41,blue-collar,20000,married,primary,yes,no,208,yes,no,unknown,16,may,315,3,-1,0,unknown,no
49,unemployed,8000,divorced,secondary,yes,no,495,yes,no,unknown,16,may,40,5,-1,0,unknown,no
44,blue-collar,20000,married,tertiary,yes,no,2185,yes,no,unknown,16,may,698,1,-1,0,unknown,no
42,blue-collar,20000,married,secondary,yes,no,351,yes,no,unknown,16,may,76,21,-1,0,unknown,no
45,blue-collar,20000,married,primary,yes,no,71,yes,no,unknown,16,may,355,2,-1,0,unknown,no
48,services,70000,married,unknown,no,no,1155,yes,no,unknown,16,may,557,4,-1,0,unknown,no
51,technician,60000,married,secondary,yes,no,349,yes,no,unknown,16,may,97,3,-1,0,unknown,no
33,technician,60000,married,secondary,yes,no,153,yes,no,unknown,16,may,148,2,-1,0,unknown,no
32,blue-collar,20000,married,primary,yes,no,244,yes,no,unknown,16,may,128,2,-1,0,unknown,no
41,technician,60000,married,secondary,yes,no,493,yes,no,unknown,16,may,130,3,-1,0,unknown,no
29,services,70000,married,tertiary,yes,no,62,yes,yes,unknown,16,may,280,2,-1,0,unknown,no
49,technician,60000,divorced,tertiary,no,no,874,yes,no,unknown,16,may,152,2,-1,0,unknown,no
49,blue-collar,20000,divorced,secondary,yes,yes,259,no,no,unknown,16,may,283,2,-1,0,unknown,no
25,admin.,50000,single,secondary,yes,no,304,no,no,unknown,16,may,523,3,-1,0,unknown,no
33,blue-collar,20000,single,secondary,yes,no,371,yes,no,unknown,16,may,1128,3,-1,0,unknown,no
50,blue-collar,20000,married,primary,yes,no,231,yes,no,unknown,16,may,171,4,-1,0,unknown,no
50,admin.,50000,married,secondary,yes,no,1906,no,no,unknown,16,may,174,17,-1,0,unknown,no
40,management,100000,single,secondary,yes,no,192,yes,no,unknown,16,may,71,11,-1,0,unknown,no
32,blue-collar,20000,married,primary,yes,no,158,yes,no,unknown,16,may,84,4,-1,0,unknown,no
43,blue-collar,20000,divorced,primary,yes,no,-57,yes,no,unknown,16,may,221,2,-1,0,unknown,no
24,retired,55000,single,secondary,yes,no,366,no,yes,unknown,16,may,234,2,-1,0,unknown,no
49,blue-collar,20000,married,primary,yes,no,327,yes,no,unknown,16,may,138,2,-1,0,unknown,no
36,management,100000,married,tertiary,yes,no,1125,yes,yes,unknown,16,may,339,5,-1,0,unknown,no
42,admin.,50000,married,unknown,no,no,642,yes,yes,unknown,16,may,509,2,-1,0,unknown,no
31,admin.,50000,single,secondary,yes,no,-48,yes,no,unknown,16,may,254,17,-1,0,unknown,no
30,technician,60000,single,secondary,yes,no,298,yes,no,unknown,16,may,164,2,-1,0,unknown,no
46,technician,60000,married,tertiary,yes,no,2207,yes,no,unknown,16,may,243,3,-1,0,unknown,no
35,blue-collar,20000,single,secondary,yes,no,88,yes,no,unknown,16,may,344,4,-1,0,unknown,no
44,admin.,50000,married,secondary,yes,no,2687,yes,no,unknown,16,may,131,4,-1,0,unknown,no
33,management,100000,married,tertiary,yes,no,307,no,no,unknown,16,may,806,4,-1,0,unknown,no
42,blue-collar,20000,married,primary,yes,yes,398,yes,no,unknown,16,may,251,4,-1,0,unknown,no
39,services,70000,single,secondary,yes,no,-388,yes,no,unknown,16,may,1135,2,-1,0,unknown,no
41,blue-collar,20000,single,primary,yes,no,1649,yes,no,unknown,16,may,312,3,-1,0,unknown,no
58,blue-collar,20000,married,secondary,yes,no,886,no,no,unknown,16,may,302,4,-1,0,unknown,no
40,blue-collar,20000,married,secondary,yes,no,1161,yes,yes,unknown,16,may,292,8,-1,0,unknown,no
37,admin.,50000,married,secondary,yes,no,281,yes,no,unknown,16,may,279,2,-1,0,unknown,no
45,blue-collar,20000,married,primary,yes,no,137,yes,yes,unknown,16,may,187,19,-1,0,unknown,no
49,management,100000,married,primary,yes,no,267,yes,no,unknown,16,may,198,5,-1,0,unknown,no
35,blue-collar,20000,married,primary,yes,no,767,yes,no,unknown,16,may,1408,2,-1,0,unknown,no
28,blue-collar,20000,single,secondary,yes,no,1112,yes,no,unknown,16,may,827,2,-1,0,unknown,no
32,technician,60000,single,tertiary,no,no,192,yes,no,unknown,16,may,303,5,-1,0,unknown,no
45,self-employed,60000,married,secondary,yes,no,1113,yes,no,unknown,16,may,67,2,-1,0,unknown,no
44,technician,60000,single,secondary,yes,no,696,yes,no,unknown,16,may,680,3,-1,0,unknown,no
55,blue-collar,20000,married,primary,yes,no,-268,yes,no,unknown,16,may,160,6,-1,0,unknown,no
37,blue-collar,20000,single,secondary,yes,no,197,yes,no,unknown,16,may,251,3,-1,0,unknown,no
28,services,70000,single,secondary,yes,no,317,yes,no,unknown,16,may,21,3,-1,0,unknown,no
43,admin.,50000,single,tertiary,no,no,329,yes,no,unknown,16,may,218,2,-1,0,unknown,no
35,blue-collar,20000,single,secondary,yes,no,510,yes,no,unknown,16,may,81,6,-1,0,unknown,no
30,management,100000,single,tertiary,no,no,5,no,no,unknown,16,may,476,3,-1,0,unknown,no
54,management,100000,single,tertiary,no,no,4393,yes,no,unknown,16,may,1297,3,-1,0,unknown,yes
34,management,100000,divorced,tertiary,no,no,488,yes,no,unknown,16,may,4,2,-1,0,unknown,no
30,services,70000,single,secondary,yes,no,442,yes,no,unknown,16,may,283,3,-1,0,unknown,no
46,unknown,0,married,unknown,no,no,300,yes,no,unknown,16,may,323,3,-1,0,unknown,no
52,blue-collar,20000,married,primary,yes,no,1007,yes,no,unknown,16,may,248,2,-1,0,unknown,no
44,blue-collar,20000,married,primary,yes,no,195,yes,no,unknown,16,may,541,5,-1,0,unknown,no
36,blue-collar,20000,married,secondary,yes,no,513,yes,no,unknown,16,may,427,3,-1,0,unknown,no
44,technician,60000,divorced,secondary,yes,no,399,yes,no,unknown,16,may,148,9,-1,0,unknown,no
44,blue-collar,20000,married,primary,yes,no,12,yes,no,unknown,16,may,408,10,-1,0,unknown,no
24,blue-collar,20000,single,secondary,yes,no,77,yes,no,unknown,16,may,236,2,-1,0,unknown,no
56,blue-collar,20000,married,primary,yes,no,8318,yes,no,unknown,16,may,428,2,-1,0,unknown,no
41,blue-collar,20000,divorced,secondary,yes,no,-104,yes,no,unknown,16,may,32,3,-1,0,unknown,no
51,technician,60000,married,tertiary,yes,no,0,yes,no,unknown,16,may,330,19,-1,0,unknown,no
53,blue-collar,20000,married,secondary,yes,no,2,yes,no,unknown,16,may,851,2,-1,0,unknown,no
41,blue-collar,20000,single,primary,yes,no,0,yes,no,unknown,16,may,522,5,-1,0,unknown,no
26,blue-collar,20000,single,primary,yes,no,-579,yes,no,unknown,16,may,320,3,-1,0,unknown,no
53,entrepreneur,120000,married,tertiary,yes,no,2884,yes,no,unknown,16,may,165,4,-1,0,unknown,no
30,technician,60000,single,secondary,yes,no,863,yes,no,unknown,16,may,1193,5,-1,0,unknown,yes
27,admin.,50000,single,unknown,no,no,56,yes,no,unknown,16,may,730,2,-1,0,unknown,no
32,services,70000,single,secondary,yes,no,358,yes,no,unknown,16,may,1144,3,-1,0,unknown,no
40,blue-collar,20000,married,secondary,yes,no,0,yes,no,unknown,16,may,167,2,-1,0,unknown,no
55,technician,60000,married,secondary,yes,no,2055,yes,no,unknown,16,may,1023,4,-1,0,unknown,no
35,services,70000,single,secondary,yes,no,568,yes,no,unknown,16,may,469,2,-1,0,unknown,no
32,management,100000,single,secondary,yes,no,0,yes,yes,unknown,16,may,385,7,-1,0,unknown,no
57,blue-collar,20000,married,unknown,no,no,97,yes,no,unknown,16,may,260,6,-1,0,unknown,no
32,blue-collar,20000,married,primary,yes,no,217,yes,no,unknown,16,may,169,3,-1,0,unknown,no
55,unknown,0,married,tertiary,yes,no,0,no,no,unknown,16,may,409,3,-1,0,unknown,no
43,services,70000,married,secondary,yes,no,3608,yes,no,unknown,16,may,165,6,-1,0,unknown,no
42,blue-collar,20000,married,secondary,yes,no,388,yes,yes,unknown,16,may,437,2,-1,0,unknown,no
27,management,100000,single,tertiary,no,yes,0,yes,no,unknown,16,may,89,2,-1,0,unknown,no
36,services,70000,married,secondary,yes,no,279,no,no,unknown,16,may,261,6,-1,0,unknown,no
32,admin.,50000,married,secondary,yes,no,193,yes,no,unknown,16,may,294,4,-1,0,unknown,no
53,technician,60000,divorced,secondary,yes,no,751,yes,no,unknown,16,may,343,4,-1,0,unknown,no
34,blue-collar,20000,married,secondary,yes,no,305,yes,no,unknown,16,may,1245,25,-1,0,unknown,no
23,blue-collar,20000,single,secondary,yes,no,105,yes,no,unknown,16,may,498,2,-1,0,unknown,no
31,management,100000,single,tertiary,no,no,548,yes,no,unknown,16,may,148,4,-1,0,unknown,no
46,services,70000,married,secondary,yes,no,271,yes,no,unknown,16,may,134,4,-1,0,unknown,no
31,services,70000,married,secondary,yes,no,246,yes,no,unknown,16,may,230,2,-1,0,unknown,no
42,self-employed,60000,married,tertiary,yes,no,1932,yes,no,unknown,16,may,192,32,-1,0,unknown,no
52,self-employed,60000,married,secondary,yes,no,1066,yes,no,unknown,16,may,65,3,-1,0,unknown,no
38,blue-collar,20000,married,primary,yes,no,-326,yes,no,unknown,16,may,237,3,-1,0,unknown,no
38,blue-collar,20000,single,primary,yes,no,1465,yes,no,unknown,16,may,239,2,-1,0,unknown,no
60,unemployed,8000,married,primary,yes,no,26,yes,no,unknown,16,may,196,6,-1,0,unknown,no
42,management,100000,single,tertiary,no,no,10561,no,no,unknown,16,may,243,2,-1,0,unknown,no
30,blue-collar,20000,married,secondary,yes,no,68,yes,yes,unknown,16,may,393,2,-1,0,unknown,no
53,technician,60000,divorced,tertiary,no,no,647,yes,no,unknown,16,may,512,6,-1,0,unknown,no
35,admin.,50000,single,secondary,yes,no,368,yes,no,unknown,16,may,218,3,-1,0,unknown,no
45,admin.,50000,married,secondary,yes,no,-183,yes,no,unknown,16,may,215,3,-1,0,unknown,no
57,retired,55000,married,primary,yes,no,70,yes,yes,unknown,16,may,186,5,-1,0,unknown,no
41,technician,60000,married,primary,yes,no,141,yes,no,unknown,16,may,299,4,-1,0,unknown,no
44,blue-collar,20000,married,primary,yes,no,75,no,no,unknown,16,may,107,3,-1,0,unknown,no
56,blue-collar,20000,married,unknown,no,no,22,yes,no,unknown,16,may,103,7,-1,0,unknown,no
46,services,70000,married,secondary,yes,no,9,no,no,unknown,16,may,297,4,-1,0,unknown,no
34,blue-collar,20000,married,primary,yes,no,695,yes,yes,unknown,16,may,1064,4,-1,0,unknown,yes
51,blue-collar,20000,divorced,primary,yes,no,83,yes,no,unknown,16,may,24,4,-1,0,unknown,no
27,services,70000,single,secondary,yes,no,-20,no,no,unknown,16,may,757,6,-1,0,unknown,no
31,self-employed,60000,single,secondary,yes,no,532,yes,no,unknown,16,may,90,7,-1,0,unknown,no
51,management,100000,married,tertiary,yes,no,0,yes,no,unknown,16,may,59,5,-1,0,unknown,no
25,management,100000,single,tertiary,no,no,99,yes,yes,unknown,16,may,102,4,-1,0,unknown,no
48,management,100000,married,unknown,no,no,54,yes,no,unknown,16,may,293,7,-1,0,unknown,no
37,management,100000,single,secondary,yes,no,792,yes,no,unknown,16,may,1187,4,-1,0,unknown,yes
35,blue-collar,20000,married,primary,yes,no,378,yes,no,unknown,16,may,427,3,-1,0,unknown,no
58,self-employed,60000,married,tertiary,yes,no,8014,yes,no,unknown,19,may,65,3,-1,0,unknown,no
47,blue-collar,20000,married,unknown,no,no,584,yes,no,unknown,19,may,79,19,-1,0,unknown,no
58,retired,55000,married,primary,yes,no,331,yes,no,unknown,19,may,145,4,-1,0,unknown,no
36,management,100000,married,secondary,yes,no,122,yes,no,unknown,19,may,39,7,-1,0,unknown,no
38,blue-collar,20000,married,secondary,yes,no,660,yes,yes,unknown,19,may,105,2,-1,0,unknown,no
27,admin.,50000,single,secondary,yes,no,276,yes,no,unknown,19,may,311,2,-1,0,unknown,no
44,blue-collar,20000,married,primary,yes,no,-14,yes,yes,unknown,19,may,179,4,-1,0,unknown,no
47,blue-collar,20000,single,secondary,yes,no,15,yes,no,unknown,19,may,62,2,-1,0,unknown,no
26,admin.,50000,single,secondary,yes,no,-326,yes,no,unknown,19,may,128,3,-1,0,unknown,no
29,services,70000,single,secondary,yes,no,2099,yes,yes,unknown,19,may,171,2,-1,0,unknown,no
60,management,100000,divorced,tertiary,no,no,2589,yes,no,unknown,19,may,134,2,-1,0,unknown,no
37,entrepreneur,120000,single,secondary,yes,no,654,no,no,unknown,19,may,594,2,-1,0,unknown,no
35,blue-collar,20000,married,secondary,yes,no,474,yes,no,unknown,19,may,55,3,-1,0,unknown,no
44,blue-collar,20000,married,secondary,yes,no,294,yes,no,unknown,19,may,66,2,-1,0,unknown,no
50,management,100000,divorced,primary,yes,no,-6,yes,no,unknown,19,may,92,2,-1,0,unknown,no
41,blue-collar,20000,married,primary,yes,no,865,no,yes,unknown,19,may,19,5,-1,0,unknown,no
26,technician,60000,divorced,secondary,yes,no,379,yes,yes,unknown,19,may,501,3,-1,0,unknown,no
43,management,100000,married,primary,yes,no,8167,yes,no,unknown,19,may,114,2,-1,0,unknown,no
46,management,100000,married,primary,yes,no,357,yes,yes,unknown,19,may,221,2,-1,0,unknown,no
54,services,70000,married,secondary,yes,no,2431,yes,no,unknown,19,may,221,4,-1,0,unknown,no
46,blue-collar,20000,married,tertiary,yes,no,1497,yes,no,unknown,19,may,374,6,-1,0,unknown,no
46,blue-collar,20000,married,primary,yes,no,7934,yes,no,unknown,19,may,123,1,-1,0,unknown,no
55,blue-collar,20000,married,secondary,yes,no,1261,no,no,unknown,19,may,166,1,-1,0,unknown,no
45,blue-collar,20000,married,secondary,yes,no,1124,yes,no,unknown,19,may,37,1,-1,0,unknown,no
58,retired,55000,married,primary,yes,no,196,yes,no,unknown,19,may,35,1,-1,0,unknown,no
48,unemployed,8000,married,tertiary,yes,no,-471,yes,no,unknown,19,may,668,7,-1,0,unknown,no
38,services,70000,married,secondary,yes,no,497,yes,yes,unknown,19,may,88,5,-1,0,unknown,no
57,services,70000,divorced,primary,yes,no,1920,no,no,unknown,19,may,77,2,-1,0,unknown,no
54,blue-collar,20000,divorced,primary,yes,no,8180,no,no,unknown,19,may,312,1,-1,0,unknown,no
40,management,100000,single,tertiary,no,no,2784,yes,no,unknown,19,may,181,1,-1,0,unknown,no
44,services,70000,married,secondary,yes,no,556,no,no,unknown,19,may,134,3,-1,0,unknown,no
55,technician,60000,married,secondary,yes,no,517,yes,yes,unknown,19,may,61,4,-1,0,unknown,no
40,blue-collar,20000,single,unknown,no,no,-154,yes,yes,unknown,19,may,258,1,-1,0,unknown,no
42,management,100000,divorced,tertiary,no,no,0,no,no,unknown,19,may,131,2,-1,0,unknown,no
48,technician,60000,married,secondary,yes,no,522,yes,no,unknown,19,may,71,1,-1,0,unknown,no
52,admin.,50000,divorced,secondary,yes,no,-342,no,no,unknown,19,may,153,1,-1,0,unknown,no
31,blue-collar,20000,married,secondary,yes,no,43,yes,no,unknown,19,may,405,3,-1,0,unknown,no
60,admin.,50000,married,secondary,yes,no,12210,yes,no,unknown,19,may,256,1,-1,0,unknown,no
51,services,70000,married,primary,yes,no,8806,yes,no,unknown,19,may,131,1,-1,0,unknown,no
50,blue-collar,20000,divorced,secondary,yes,no,2402,yes,no,unknown,19,may,219,1,-1,0,unknown,no
44,entrepreneur,120000,married,secondary,yes,yes,-848,yes,no,unknown,19,may,468,1,-1,0,unknown,no
33,admin.,50000,married,secondary,yes,no,0,no,no,unknown,19,may,326,2,-1,0,unknown,no
43,technician,60000,married,secondary,yes,no,674,yes,yes,unknown,19,may,412,1,-1,0,unknown,no
46,services,70000,divorced,secondary,yes,no,778,yes,no,unknown,19,may,579,1,-1,0,unknown,no
43,services,70000,married,secondary,yes,no,384,yes,yes,unknown,19,may,277,3,-1,0,unknown,no
50,services,70000,divorced,secondary,yes,no,256,yes,no,unknown,19,may,316,2,-1,0,unknown,no
41,admin.,50000,single,secondary,yes,no,1020,yes,no,unknown,19,may,882,1,-1,0,unknown,yes
50,services,70000,married,secondary,yes,no,1463,yes,no,unknown,19,may,380,1,-1,0,unknown,no
50,services,70000,divorced,secondary,yes,no,761,yes,no,unknown,19,may,169,1,-1,0,unknown,no
40,admin.,50000,married,secondary,yes,no,1380,yes,no,unknown,19,may,127,1,-1,0,unknown,no
30,blue-collar,20000,single,primary,yes,no,71,yes,no,unknown,19,may,122,6,-1,0,unknown,no
44,admin.,50000,married,secondary,yes,yes,-1249,yes,yes,unknown,19,may,83,4,-1,0,unknown,no
51,technician,60000,single,secondary,yes,no,4089,yes,no,unknown,19,may,318,1,-1,0,unknown,no
40,blue-collar,20000,married,primary,yes,no,3736,yes,no,unknown,19,may,29,3,-1,0,unknown,no
38,blue-collar,20000,married,primary,yes,no,2407,yes,no,unknown,19,may,218,1,-1,0,unknown,no
52,technician,60000,married,secondary,yes,no,1781,yes,no,unknown,19,may,144,2,-1,0,unknown,no
49,technician,60000,married,secondary,yes,no,4667,yes,no,unknown,19,may,130,2,-1,0,unknown,no
44,admin.,50000,divorced,secondary,yes,no,2,yes,no,unknown,19,may,429,1,-1,0,unknown,no
39,admin.,50000,married,tertiary,yes,no,259,yes,no,unknown,19,may,27,1,-1,0,unknown,no
43,admin.,50000,single,secondary,yes,no,445,yes,no,unknown,19,may,546,2,-1,0,unknown,no
32,services,70000,married,secondary,yes,no,132,yes,yes,unknown,19,may,343,2,-1,0,unknown,no
55,management,100000,divorced,unknown,no,no,2,yes,no,unknown,19,may,95,1,-1,0,unknown,no
55,services,70000,married,secondary,yes,no,283,yes,no,unknown,19,may,156,1,-1,0,unknown,no
42,management,100000,divorced,secondary,yes,no,830,yes,no,unknown,19,may,112,1,-1,0,unknown,no
26,technician,60000,single,tertiary,no,no,75,yes,yes,unknown,19,may,351,1,-1,0,unknown,no
54,services,70000,married,secondary,yes,no,158,yes,no,unknown,19,may,198,1,-1,0,unknown,no
34,blue-collar,20000,married,primary,yes,no,46,yes,yes,unknown,19,may,165,1,-1,0,unknown,no
46,management,100000,married,tertiary,yes,no,4301,yes,yes,unknown,19,may,134,2,-1,0,unknown,no
25,blue-collar,20000,single,secondary,yes,no,815,yes,no,unknown,19,may,268,6,-1,0,unknown,no
49,management,100000,married,tertiary,yes,no,128,yes,no,unknown,19,may,298,1,-1,0,unknown,no
59,blue-collar,20000,divorced,primary,yes,no,457,yes,no,unknown,19,may,63,1,-1,0,unknown,no
57,management,100000,married,primary,yes,no,0,no,no,unknown,19,may,455,1,-1,0,unknown,no
27,technician,60000,married,secondary,yes,no,374,yes,no,unknown,19,may,188,2,-1,0,unknown,no
38,services,70000,married,secondary,yes,no,3259,yes,no,unknown,19,may,241,1,-1,0,unknown,no
41,services,70000,divorced,secondary,yes,no,-19,yes,no,unknown,19,may,201,1,-1,0,unknown,no
56,blue-collar,20000,married,secondary,yes,no,316,yes,no,unknown,19,may,27,1,-1,0,unknown,no
37,blue-collar,20000,married,secondary,yes,no,398,yes,no,unknown,19,may,206,1,-1,0,unknown,no
32,unemployed,8000,married,secondary,yes,no,2996,yes,no,unknown,19,may,68,1,-1,0,unknown,no
47,admin.,50000,married,secondary,yes,no,292,yes,no,unknown,19,may,82,3,-1,0,unknown,no
57,management,100000,married,tertiary,yes,no,5431,yes,no,unknown,19,may,97,2,-1,0,unknown,no
38,services,70000,single,tertiary,no,no,323,yes,no,unknown,19,may,138,1,-1,0,unknown,no
30,blue-collar,20000,married,secondary,yes,no,1312,yes,no,unknown,19,may,285,2,-1,0,unknown,no
43,blue-collar,20000,married,primary,yes,no,953,yes,no,unknown,19,may,135,1,-1,0,unknown,no
35,blue-collar,20000,single,secondary,yes,no,5,no,no,unknown,19,may,268,3,-1,0,unknown,no
28,technician,60000,single,secondary,yes,no,213,yes,no,unknown,19,may,267,1,-1,0,unknown,no
38,admin.,50000,married,secondary,yes,no,976,yes,yes,unknown,19,may,382,2,-1,0,unknown,no
45,blue-collar,20000,married,primary,yes,no,970,yes,no,unknown,19,may,208,5,-1,0,unknown,no
31,technician,60000,single,secondary,yes,no,87,yes,no,unknown,19,may,259,3,-1,0,unknown,no
38,technician,60000,married,secondary,yes,no,59,yes,no,unknown,19,may,18,1,-1,0,unknown,no
28,student,4000,single,tertiary,no,no,80,yes,no,unknown,19,may,234,1,-1,0,unknown,no
40,unemployed,8000,married,primary,yes,no,3444,yes,no,unknown,19,may,792,4,-1,0,unknown,no
30,blue-collar,20000,married,secondary,yes,no,12697,yes,yes,unknown,19,may,95,1,-1,0,unknown,no
47,blue-collar,20000,married,secondary,yes,no,863,yes,no,unknown,19,may,943,2,-1,0,unknown,yes
27,management,100000,single,tertiary,no,yes,0,yes,no,unknown,19,may,352,1,-1,0,unknown,no
30,technician,60000,single,secondary,yes,no,18,no,no,unknown,19,may,798,1,-1,0,unknown,no
53,services,70000,married,secondary,yes,no,33,yes,no,unknown,19,may,84,12,-1,0,unknown,no
48,blue-collar,20000,married,primary,yes,no,281,yes,no,unknown,19,may,100,3,-1,0,unknown,no
35,technician,60000,single,secondary,yes,no,-206,yes,no,unknown,19,may,85,4,-1,0,unknown,no
38,services,70000,single,secondary,yes,no,36,yes,no,unknown,19,may,143,1,-1,0,unknown,no
32,technician,60000,married,unknown,no,no,1879,no,no,unknown,19,may,115,1,-1,0,unknown,no
53,blue-collar,20000,married,primary,yes,no,10,yes,no,unknown,19,may,73,1,-1,0,unknown,no
25,blue-collar,20000,married,secondary,yes,no,77,yes,no,unknown,19,may,31,1,-1,0,unknown,no
45,entrepreneur,120000,married,tertiary,yes,no,369,yes,no,unknown,19,may,182,2,-1,0,unknown,no
28,blue-collar,20000,single,secondary,yes,no,43,no,no,unknown,19,may,190,1,-1,0,unknown,no
30,blue-collar,20000,married,primary,yes,no,392,yes,no,unknown,19,may,351,1,-1,0,unknown,no
31,admin.,50000,single,secondary,yes,no,0,no,no,unknown,19,may,179,1,-1,0,unknown,no
42,housemaid,16000,married,primary,yes,no,14752,no,no,unknown,19,may,107,2,-1,0,unknown,no
60,admin.,50000,married,unknown,no,no,738,no,no,unknown,19,may,529,3,-1,0,unknown,no
28,student,4000,single,tertiary,no,no,836,yes,no,unknown,19,may,36,1,-1,0,unknown,no
46,blue-collar,20000,single,primary,yes,no,2851,yes,no,unknown,19,may,122,2,-1,0,unknown,no
40,technician,60000,married,tertiary,yes,no,296,no,no,unknown,19,may,198,1,-1,0,unknown,no
32,blue-collar,20000,married,primary,yes,no,1076,yes,no,unknown,19,may,67,1,-1,0,unknown,no
56,blue-collar,20000,married,secondary,yes,no,25,yes,no,unknown,19,may,264,1,-1,0,unknown,no
20,blue-collar,20000,married,primary,yes,no,-172,yes,yes,unknown,19,may,238,3,-1,0,unknown,no
41,services,70000,single,secondary,yes,no,197,yes,no,unknown,19,may,112,1,-1,0,unknown,no
48,blue-collar,20000,married,secondary,yes,no,5057,yes,no,unknown,19,may,21,2,-1,0,unknown,no
49,blue-collar,20000,married,primary,yes,no,284,yes,no,unknown,19,may,81,1,-1,0,unknown,no
29,blue-collar,20000,single,tertiary,no,no,1012,yes,no,unknown,19,may,496,3,-1,0,unknown,no
57,admin.,50000,divorced,secondary,yes,no,4378,yes,no,unknown,19,may,78,3,-1,0,unknown,no
49,technician,60000,married,secondary,yes,no,2718,no,no,unknown,19,may,114,2,-1,0,unknown,no
42,entrepreneur,120000,single,primary,yes,no,103,yes,no,unknown,19,may,156,5,-1,0,unknown,no
28,blue-collar,20000,married,secondary,yes,no,1827,yes,no,unknown,19,may,211,2,-1,0,unknown,no
31,blue-collar,20000,married,secondary,yes,no,41,yes,no,unknown,19,may,265,1,-1,0,unknown,no
26,blue-collar,20000,married,secondary,yes,no,484,yes,no,unknown,19,may,48,2,-1,0,unknown,no
29,services,70000,single,secondary,yes,no,146,yes,no,unknown,19,may,104,2,-1,0,unknown,no
26,technician,60000,single,secondary,yes,no,3,yes,no,unknown,19,may,610,1,-1,0,unknown,no
31,blue-collar,20000,single,secondary,yes,no,259,yes,no,unknown,19,may,287,1,-1,0,unknown,no
38,entrepreneur,120000,married,secondary,yes,no,830,yes,no,unknown,19,may,68,2,-1,0,unknown,no
45,services,70000,divorced,primary,yes,no,242,yes,no,unknown,19,may,336,1,-1,0,unknown,no
24,blue-collar,20000,single,secondary,yes,no,0,yes,no,unknown,19,may,202,1,-1,0,unknown,no
31,admin.,50000,single,secondary,yes,no,6042,yes,no,unknown,19,may,228,1,-1,0,unknown,no
40,blue-collar,20000,married,secondary,yes,no,-341,yes,no,unknown,19,may,192,1,-1,0,unknown,no
34,services,70000,divorced,secondary,yes,no,221,yes,no,unknown,19,may,343,1,-1,0,unknown,no
24,technician,60000,single,secondary,yes,no,-46,yes,no,unknown,19,may,23,1,-1,0,unknown,no
26,blue-collar,20000,single,secondary,yes,no,-5,no,no,unknown,19,may,260,1,-1,0,unknown,no
29,management,100000,single,tertiary,no,no,617,yes,no,unknown,19,may,387,1,-1,0,unknown,no
30,management,100000,married,tertiary,yes,no,134,yes,no,unknown,19,may,70,1,-1,0,unknown,no
61,blue-collar,20000,married,primary,yes,no,625,yes,no,unknown,19,may,158,2,-1,0,unknown,no
26,management,100000,married,tertiary,yes,no,775,no,no,unknown,19,may,35,3,-1,0,unknown,no
31,technician,60000,single,tertiary,no,no,221,yes,no,unknown,19,may,145,3,-1,0,unknown,no
28,technician,60000,single,tertiary,no,no,-31,yes,no,unknown,19,may,257,1,-1,0,unknown,no
31,admin.,50000,married,secondary,yes,no,97,yes,no,unknown,19,may,607,1,-1,0,unknown,yes
52,entrepreneur,120000,divorced,tertiary,no,no,81,yes,no,unknown,19,may,214,3,-1,0,unknown,no
30,blue-collar,20000,single,secondary,yes,no,16,yes,no,unknown,19,may,127,5,-1,0,unknown,no
32,services,70000,married,secondary,yes,no,144,yes,no,unknown,19,may,260,11,-1,0,unknown,no
38,management,100000,single,tertiary,no,no,889,no,no,unknown,19,may,197,4,-1,0,unknown,no
40,blue-collar,20000,married,secondary,yes,no,-481,yes,yes,unknown,19,may,174,2,-1,0,unknown,no
38,entrepreneur,120000,married,secondary,yes,no,680,yes,no,unknown,19,may,144,2,-1,0,unknown,no
54,blue-collar,20000,married,secondary,yes,no,-754,yes,no,unknown,19,may,222,2,-1,0,unknown,no
42,services,70000,married,secondary,yes,no,2993,yes,no,unknown,19,may,136,2,-1,0,unknown,no
34,technician,60000,divorced,tertiary,no,no,501,yes,no,unknown,19,may,546,12,-1,0,unknown,no
42,management,100000,married,tertiary,yes,no,365,yes,no,unknown,19,may,49,2,-1,0,unknown,no
54,retired,55000,divorced,primary,yes,no,477,yes,no,unknown,19,may,335,4,-1,0,unknown,no
27,blue-collar,20000,married,secondary,yes,no,72,yes,no,unknown,19,may,105,1,-1,0,unknown,no
31,blue-collar,20000,married,primary,yes,no,2085,yes,yes,unknown,19,may,488,3,-1,0,unknown,no
34,technician,60000,single,secondary,yes,no,705,yes,yes,unknown,19,may,1203,3,-1,0,unknown,no
31,blue-collar,20000,married,secondary,yes,no,754,yes,no,unknown,19,may,1022,4,-1,0,unknown,yes
27,technician,60000,married,secondary,yes,no,512,yes,no,unknown,19,may,128,1,-1,0,unknown,no
25,blue-collar,20000,married,secondary,yes,no,300,yes,yes,unknown,19,may,126,3,-1,0,unknown,no
20,student,4000,single,secondary,yes,no,67,yes,no,unknown,19,may,387,1,-1,0,unknown,no
54,admin.,50000,divorced,secondary,yes,no,912,yes,no,unknown,19,may,258,1,-1,0,unknown,no
30,blue-collar,20000,single,unknown,no,no,0,yes,no,unknown,19,may,199,1,-1,0,unknown,no
33,blue-collar,20000,married,secondary,yes,no,86,yes,no,unknown,19,may,364,1,-1,0,unknown,no
22,blue-collar,20000,single,secondary,yes,no,0,yes,no,unknown,19,may,123,1,-1,0,unknown,no
36,blue-collar,20000,married,unknown,no,no,79,yes,no,unknown,19,may,201,14,-1,0,unknown,no
44,blue-collar,20000,married,secondary,yes,no,87,yes,no,unknown,19,may,193,3,-1,0,unknown,no
43,management,100000,married,secondary,yes,no,3196,yes,yes,unknown,19,may,159,3,-1,0,unknown,no
44,retired,55000,married,secondary,yes,no,181,yes,no,unknown,19,may,131,6,-1,0,unknown,no
49,management,100000,single,tertiary,no,no,354,yes,no,unknown,19,may,166,3,-1,0,unknown,no
27,entrepreneur,120000,married,secondary,yes,no,220,yes,no,unknown,19,may,480,1,-1,0,unknown,no
45,blue-collar,20000,married,primary,yes,no,2128,yes,no,unknown,19,may,149,4,-1,0,unknown,no
41,management,100000,married,tertiary,yes,no,4357,yes,no,unknown,19,may,110,1,-1,0,unknown,no
28,entrepreneur,120000,single,unknown,no,no,1306,yes,no,unknown,19,may,396,3,-1,0,unknown,no
51,technician,60000,married,unknown,no,no,425,yes,no,unknown,19,may,124,3,-1,0,unknown,no
49,management,100000,married,tertiary,yes,no,68,yes,yes,unknown,19,may,163,3,-1,0,unknown,no
42,unemployed,8000,married,secondary,yes,no,1990,yes,yes,unknown,19,may,13,1,-1,0,unknown,no
55,technician,60000,married,secondary,yes,no,978,yes,no,unknown,19,may,259,1,-1,0,unknown,no
41,technician,60000,single,secondary,yes,no,0,yes,yes,unknown,19,may,162,1,-1,0,unknown,no
51,management,100000,single,tertiary,no,no,824,no,no,unknown,19,may,102,2,-1,0,unknown,no
46,blue-collar,20000,married,secondary,yes,no,679,yes,no,unknown,19,may,723,1,-1,0,unknown,no
41,blue-collar,20000,married,primary,yes,no,262,yes,no,unknown,19,may,89,1,-1,0,unknown,no
32,blue-collar,20000,divorced,secondary,yes,no,86,no,yes,unknown,19,may,703,1,-1,0,unknown,no
43,technician,60000,single,tertiary,no,no,1017,yes,no,unknown,19,may,257,2,-1,0,unknown,no
48,blue-collar,20000,married,primary,yes,no,456,yes,yes,unknown,19,may,289,1,-1,0,unknown,no
52,self-employed,60000,married,secondary,yes,no,6353,yes,yes,unknown,19,may,361,2,-1,0,unknown,no
29,technician,60000,single,secondary,yes,no,103,no,no,unknown,19,may,314,1,-1,0,unknown,no
51,admin.,50000,divorced,secondary,yes,no,467,yes,no,unknown,19,may,83,1,-1,0,unknown,no
48,blue-collar,20000,married,secondary,yes,no,841,yes,no,unknown,19,may,215,1,-1,0,unknown,no
34,services,70000,married,secondary,yes,no,0,yes,no,unknown,19,may,115,4,-1,0,unknown,no
52,admin.,50000,single,secondary,yes,no,-346,yes,yes,unknown,19,may,147,3,-1,0,unknown,no
31,self-employed,60000,married,secondary,yes,no,157,yes,no,unknown,19,may,285,1,-1,0,unknown,no
41,technician,60000,married,secondary,yes,no,459,yes,no,unknown,19,may,102,1,-1,0,unknown,no
40,services,70000,single,secondary,yes,no,464,yes,yes,unknown,19,may,183,7,-1,0,unknown,no
51,services,70000,married,secondary,yes,no,2085,yes,no,unknown,19,may,70,1,-1,0,unknown,no
42,blue-collar,20000,married,unknown,no,no,1323,yes,no,unknown,19,may,19,1,-1,0,unknown,no
31,blue-collar,20000,single,secondary,yes,no,75,yes,no,unknown,19,may,346,1,-1,0,unknown,no
34,blue-collar,20000,married,primary,yes,no,-288,yes,no,unknown,19,may,643,1,-1,0,unknown,no
41,self-employed,60000,married,secondary,yes,no,713,yes,no,unknown,19,may,78,1,-1,0,unknown,no
43,blue-collar,20000,married,secondary,yes,no,1071,yes,no,unknown,19,may,411,1,-1,0,unknown,no
54,blue-collar,20000,married,secondary,yes,no,887,yes,no,unknown,19,may,133,1,-1,0,unknown,no
47,services,70000,married,secondary,yes,no,-288,no,no,unknown,19,may,193,6,-1,0,unknown,no
41,blue-collar,20000,married,primary,yes,no,3722,yes,no,unknown,19,may,590,2,-1,0,unknown,no
40,management,100000,married,tertiary,yes,no,3,yes,yes,unknown,19,may,151,1,-1,0,unknown,no
23,management,100000,single,secondary,yes,no,85,yes,no,unknown,19,may,109,2,-1,0,unknown,no
48,blue-collar,20000,married,primary,yes,no,6489,yes,no,unknown,19,may,263,1,-1,0,unknown,no
36,admin.,50000,single,secondary,yes,no,3457,no,no,unknown,19,may,103,4,-1,0,unknown,no
44,management,100000,divorced,tertiary,no,no,409,yes,no,unknown,19,may,333,1,-1,0,unknown,no
31,admin.,50000,single,secondary,yes,no,396,yes,no,unknown,19,may,104,1,-1,0,unknown,no
32,blue-collar,20000,married,secondary,yes,no,101,yes,no,unknown,19,may,191,4,-1,0,unknown,no
49,blue-collar,20000,married,secondary,yes,no,402,yes,no,unknown,19,may,571,1,-1,0,unknown,no
23,blue-collar,20000,single,secondary,yes,no,525,yes,no,unknown,19,may,180,1,-1,0,unknown,no
41,admin.,50000,married,secondary,yes,no,3855,yes,no,unknown,19,may,657,2,-1,0,unknown,no
52,blue-collar,20000,married,secondary,yes,no,157,yes,yes,unknown,19,may,107,2,-1,0,unknown,no
41,management,100000,married,tertiary,yes,no,1897,yes,no,unknown,19,may,335,3,-1,0,unknown,no
22,blue-collar,20000,married,secondary,yes,no,36,yes,no,unknown,19,may,120,3,-1,0,unknown,no
60,blue-collar,20000,married,secondary,yes,no,171,yes,no,unknown,19,may,219,2,-1,0,unknown,no
60,technician,60000,married,unknown,no,no,148,yes,no,unknown,19,may,148,1,-1,0,unknown,no
35,technician,60000,married,unknown,no,no,208,yes,no,unknown,19,may,214,1,-1,0,unknown,no
49,blue-collar,20000,married,primary,yes,no,1536,yes,no,unknown,19,may,400,2,-1,0,unknown,no
32,blue-collar,20000,single,secondary,yes,no,476,yes,yes,unknown,19,may,503,2,-1,0,unknown,no
45,blue-collar,20000,married,secondary,yes,no,42,yes,no,unknown,19,may,125,5,-1,0,unknown,no
29,management,100000,single,tertiary,no,no,-233,yes,no,unknown,19,may,329,1,-1,0,unknown,no
45,management,100000,married,tertiary,yes,no,1540,yes,no,unknown,19,may,194,3,-1,0,unknown,no
28,management,100000,single,tertiary,no,no,3238,yes,no,unknown,19,may,7,1,-1,0,unknown,no
21,student,4000,single,unknown,no,no,210,yes,no,unknown,19,may,53,1,-1,0,unknown,no
31,services,70000,single,secondary,yes,no,1629,yes,no,unknown,19,may,344,2,-1,0,unknown,no
27,admin.,50000,divorced,secondary,yes,no,112,yes,no,unknown,19,may,104,1,-1,0,unknown,no
43,services,70000,divorced,secondary,yes,no,1040,yes,no,unknown,19,may,552,3,-1,0,unknown,yes
24,blue-collar,20000,single,unknown,no,no,76,yes,no,unknown,19,may,345,1,-1,0,unknown,no
28,blue-collar,20000,single,secondary,yes,no,362,yes,no,unknown,19,may,263,1,-1,0,unknown,no
42,management,100000,divorced,tertiary,no,no,1116,yes,no,unknown,19,may,88,6,-1,0,unknown,no
40,blue-collar,20000,married,secondary,yes,no,-365,yes,no,unknown,19,may,44,43,-1,0,unknown,no
42,services,70000,married,primary,yes,no,2567,yes,no,unknown,19,may,401,2,-1,0,unknown,no
31,blue-collar,20000,single,secondary,yes,no,19,yes,no,unknown,19,may,178,5,-1,0,unknown,no
47,blue-collar,20000,married,primary,yes,no,146,yes,yes,unknown,19,may,53,5,-1,0,unknown,no
40,blue-collar,20000,divorced,secondary,yes,no,125,yes,no,unknown,19,may,349,2,-1,0,unknown,no
31,admin.,50000,divorced,secondary,yes,no,47,yes,no,unknown,19,may,34,9,-1,0,unknown,no
26,blue-collar,20000,divorced,secondary,yes,no,0,yes,no,unknown,19,may,48,3,-1,0,unknown,no
52,admin.,50000,single,primary,yes,no,0,no,no,unknown,19,may,182,11,-1,0,unknown,no
31,blue-collar,20000,single,tertiary,no,no,462,yes,yes,unknown,19,may,147,1,-1,0,unknown,no
44,management,100000,married,tertiary,yes,no,4087,yes,no,unknown,19,may,457,5,-1,0,unknown,no
27,technician,60000,single,secondary,yes,no,16,no,no,unknown,19,may,193,1,-1,0,unknown,no
41,blue-collar,20000,married,unknown,no,no,665,yes,no,unknown,19,may,142,3,-1,0,unknown,no
28,management,100000,single,secondary,yes,no,471,yes,yes,unknown,19,may,123,2,-1,0,unknown,no
27,blue-collar,20000,married,secondary,yes,no,613,yes,no,unknown,19,may,65,3,-1,0,unknown,no
34,admin.,50000,married,secondary,yes,no,645,yes,no,unknown,19,may,420,1,-1,0,unknown,no
44,blue-collar,20000,married,secondary,yes,no,1087,yes,no,unknown,19,may,100,2,-1,0,unknown,no
36,blue-collar,20000,married,primary,yes,no,2079,yes,yes,unknown,19,may,403,2,-1,0,unknown,no
37,technician,60000,married,secondary,yes,no,1633,yes,no,unknown,19,may,229,3,-1,0,unknown,no
27,technician,60000,single,primary,yes,no,1022,yes,no,unknown,19,may,445,2,-1,0,unknown,no
32,blue-collar,20000,single,secondary,yes,no,1211,yes,no,unknown,19,may,206,4,-1,0,unknown,no
31,blue-collar,20000,married,secondary,yes,no,9714,yes,no,unknown,19,may,182,2,-1,0,unknown,no
51,management,100000,married,tertiary,yes,no,642,no,no,unknown,19,may,183,2,-1,0,unknown,no
47,technician,60000,divorced,secondary,yes,no,1851,yes,no,unknown,19,may,140,2,-1,0,unknown,no
23,student,4000,single,secondary,yes,no,405,yes,no,unknown,19,may,134,3,-1,0,unknown,no
30,management,100000,single,tertiary,no,no,358,yes,no,unknown,19,may,88,51,-1,0,unknown,no
50,blue-collar,20000,married,secondary,yes,no,170,yes,yes,unknown,19,may,234,13,-1,0,unknown,no
52,services,70000,married,secondary,yes,no,2420,yes,no,unknown,19,may,215,3,-1,0,unknown,no
34,blue-collar,20000,single,secondary,yes,no,1484,yes,no,unknown,19,may,194,5,-1,0,unknown,no
28,entrepreneur,120000,married,secondary,yes,no,422,yes,no,unknown,19,may,394,2,-1,0,unknown,no
28,admin.,50000,single,secondary,yes,no,350,yes,yes,unknown,19,may,5,2,-1,0,unknown,no
57,retired,55000,married,secondary,yes,no,919,yes,yes,unknown,19,may,408,2,-1,0,unknown,no
31,management,100000,single,tertiary,no,no,444,yes,no,unknown,19,may,114,2,-1,0,unknown,no
35,management,100000,married,tertiary,yes,no,1253,yes,no,unknown,19,may,210,2,-1,0,unknown,no
49,entrepreneur,120000,married,tertiary,yes,no,320,yes,yes,unknown,19,may,243,6,-1,0,unknown,no
32,services,70000,married,secondary,yes,no,1066,yes,no,unknown,19,may,180,9,-1,0,unknown,no
28,services,70000,married,unknown,no,no,-134,yes,no,unknown,19,may,8,2,-1,0,unknown,no
51,management,100000,single,tertiary,no,no,1146,yes,yes,unknown,19,may,458,4,-1,0,unknown,no
32,blue-collar,20000,married,primary,yes,no,424,yes,no,unknown,19,may,313,2,-1,0,unknown,no
37,management,100000,divorced,tertiary,no,no,122,yes,no,unknown,19,may,1622,2,-1,0,unknown,yes
55,blue-collar,20000,married,secondary,yes,no,212,yes,no,unknown,19,may,324,2,-1,0,unknown,no
27,blue-collar,20000,single,secondary,yes,no,5,yes,no,unknown,19,may,205,3,-1,0,unknown,no
49,management,100000,single,tertiary,no,no,580,no,no,unknown,19,may,310,2,-1,0,unknown,no
22,blue-collar,20000,single,secondary,yes,no,3992,yes,yes,unknown,19,may,194,2,-1,0,unknown,no
36,technician,60000,divorced,secondary,yes,no,141,yes,no,unknown,19,may,165,5,-1,0,unknown,no
46,management,100000,divorced,secondary,yes,no,361,yes,no,unknown,19,may,86,7,-1,0,unknown,no
57,blue-collar,20000,married,secondary,yes,no,8195,yes,no,unknown,19,may,160,2,-1,0,unknown,no
55,admin.,50000,divorced,secondary,yes,no,3524,yes,no,unknown,19,may,492,6,-1,0,unknown,no
34,blue-collar,20000,married,secondary,yes,no,1710,yes,yes,unknown,19,may,187,3,-1,0,unknown,no
44,technician,60000,married,primary,yes,no,177,yes,no,unknown,19,may,197,4,-1,0,unknown,no
45,management,100000,married,tertiary,yes,no,199,no,no,unknown,19,may,95,5,-1,0,unknown,no
30,blue-collar,20000,married,secondary,yes,no,0,no,no,unknown,19,may,159,3,-1,0,unknown,no
30,technician,60000,single,tertiary,no,no,880,yes,yes,unknown,19,may,967,6,-1,0,unknown,yes
45,blue-collar,20000,married,secondary,yes,no,771,yes,no,unknown,19,may,221,2,-1,0,unknown,no
34,blue-collar,20000,divorced,secondary,yes,no,164,yes,no,unknown,19,may,102,13,-1,0,unknown,no
41,technician,60000,married,secondary,yes,no,501,yes,no,unknown,19,may,579,5,-1,0,unknown,yes
45,management,100000,married,unknown,no,no,9051,yes,no,unknown,19,may,124,63,-1,0,unknown,no
46,technician,60000,divorced,unknown,no,no,103,no,no,unknown,19,may,158,5,-1,0,unknown,no
37,management,100000,married,tertiary,yes,no,89,yes,no,unknown,19,may,162,10,-1,0,unknown,no
45,blue-collar,20000,married,secondary,yes,no,4111,yes,no,unknown,19,may,211,2,-1,0,unknown,no
42,blue-collar,20000,married,primary,yes,no,170,yes,no,unknown,19,may,51,41,-1,0,unknown,no
49,blue-collar,20000,married,secondary,yes,no,1854,yes,no,unknown,19,may,173,5,-1,0,unknown,no
54,blue-collar,20000,married,secondary,yes,no,233,yes,no,unknown,19,may,220,3,-1,0,unknown,no
60,retired,55000,married,secondary,yes,no,819,yes,no,unknown,19,may,110,2,-1,0,unknown,no
24,admin.,50000,single,secondary,yes,no,1019,yes,no,unknown,19,may,99,26,-1,0,unknown,no
43,blue-collar,20000,married,primary,yes,no,1147,yes,yes,unknown,19,may,112,7,-1,0,unknown,no
49,technician,60000,married,tertiary,yes,no,279,yes,no,unknown,19,may,168,4,-1,0,unknown,no
45,blue-collar,20000,married,unknown,no,no,1263,yes,no,unknown,19,may,283,3,-1,0,unknown,no
54,technician,60000,divorced,secondary,yes,no,7449,yes,no,unknown,19,may,235,7,-1,0,unknown,no
39,management,100000,married,tertiary,yes,no,198,yes,no,unknown,19,may,138,8,-1,0,unknown,no
23,technician,60000,single,unknown,no,no,710,yes,no,unknown,19,may,374,6,-1,0,unknown,no
48,services,70000,divorced,secondary,yes,no,858,yes,no,unknown,19,may,353,4,-1,0,unknown,no
38,admin.,50000,married,secondary,yes,no,1344,yes,yes,unknown,19,may,147,2,-1,0,unknown,no
44,self-employed,60000,single,tertiary,no,no,149,yes,no,unknown,19,may,332,10,-1,0,unknown,no
53,management,100000,single,primary,yes,no,208,yes,no,unknown,19,may,179,9,-1,0,unknown,no
28,blue-collar,20000,married,secondary,yes,no,224,yes,no,unknown,19,may,571,5,-1,0,unknown,no
38,management,100000,single,tertiary,no,no,91,yes,no,unknown,19,may,492,9,-1,0,unknown,no
27,blue-collar,20000,single,secondary,yes,yes,-3,yes,no,unknown,19,may,265,5,-1,0,unknown,no
25,blue-collar,20000,married,secondary,yes,no,316,yes,yes,unknown,19,may,360,2,-1,0,unknown,no
35,admin.,50000,married,secondary,yes,no,846,yes,yes,unknown,19,may,175,2,-1,0,unknown,no
31,blue-collar,20000,married,primary,yes,no,352,yes,no,unknown,19,may,97,9,-1,0,unknown,no
40,blue-collar,20000,married,primary,yes,no,-22,yes,no,unknown,19,may,84,3,-1,0,unknown,no
27,services,70000,single,secondary,yes,no,4923,yes,no,unknown,19,may,57,7,-1,0,unknown,no
53,admin.,50000,married,tertiary,yes,yes,6,no,no,unknown,19,may,105,11,-1,0,unknown,no
32,management,100000,divorced,tertiary,no,no,312,yes,yes,unknown,19,may,886,3,-1,0,unknown,no
37,technician,60000,single,secondary,yes,no,61,yes,no,unknown,19,may,182,8,-1,0,unknown,no
37,blue-collar,20000,married,primary,yes,no,53,yes,no,unknown,19,may,467,4,-1,0,unknown,no
47,blue-collar,20000,married,unknown,no,no,-345,yes,no,unknown,19,may,18,14,-1,0,unknown,no
36,management,100000,divorced,tertiary,no,no,0,yes,no,unknown,19,may,21,11,-1,0,unknown,no
52,blue-collar,20000,married,secondary,yes,no,2231,yes,yes,unknown,19,may,470,4,-1,0,unknown,no
52,services,70000,married,unknown,no,no,337,yes,no,unknown,19,may,85,3,-1,0,unknown,no
50,technician,60000,married,unknown,no,no,413,yes,no,unknown,19,may,243,2,-1,0,unknown,no
45,blue-collar,20000,married,secondary,yes,no,1345,yes,no,unknown,19,may,120,7,-1,0,unknown,no
52,blue-collar,20000,married,primary,yes,no,522,yes,no,unknown,19,may,298,2,-1,0,unknown,no
23,services,70000,married,primary,yes,no,523,yes,yes,unknown,19,may,249,2,-1,0,unknown,no
44,blue-collar,20000,married,secondary,yes,no,261,yes,no,unknown,19,may,87,5,-1,0,unknown,no
27,admin.,50000,single,secondary,yes,no,3776,yes,no,unknown,19,may,217,2,-1,0,unknown,no
57,technician,60000,married,secondary,yes,no,437,yes,no,unknown,19,may,44,4,-1,0,unknown,no
48,blue-collar,20000,married,primary,yes,no,490,yes,no,unknown,19,may,622,2,-1,0,unknown,no
51,management,100000,married,unknown,no,no,6482,yes,no,unknown,19,may,182,2,-1,0,unknown,no
53,management,100000,married,primary,yes,no,3544,no,no,unknown,19,may,195,4,-1,0,unknown,no
46,retired,55000,married,primary,yes,no,0,no,no,unknown,19,may,179,2,-1,0,unknown,no
49,services,70000,single,secondary,yes,no,459,yes,no,unknown,19,may,58,10,-1,0,unknown,no
30,technician,60000,single,tertiary,no,no,3291,yes,no,unknown,19,may,1218,3,-1,0,unknown,yes
41,management,100000,married,primary,yes,no,2592,yes,no,unknown,19,may,500,3,-1,0,unknown,no
42,self-employed,60000,married,tertiary,yes,no,596,yes,no,unknown,19,may,66,9,-1,0,unknown,no
34,self-employed,60000,married,secondary,yes,no,-56,yes,no,unknown,19,may,248,3,-1,0,unknown,no
44,services,70000,married,primary,yes,no,1161,yes,no,unknown,19,may,110,5,-1,0,unknown,no
34,blue-collar,20000,married,primary,yes,no,183,yes,no,unknown,19,may,3078,4,-1,0,unknown,no
28,student,4000,single,secondary,yes,no,154,yes,no,unknown,20,may,21,9,-1,0,unknown,no
31,management,100000,single,secondary,yes,no,0,yes,no,unknown,20,may,150,1,-1,0,unknown,no
48,technician,60000,single,secondary,yes,no,479,no,no,unknown,20,may,148,5,-1,0,unknown,no
38,management,100000,divorced,tertiary,no,no,-980,yes,no,unknown,20,may,91,1,-1,0,unknown,no
38,management,100000,single,tertiary,no,no,690,yes,no,unknown,20,may,34,1,-1,0,unknown,no
32,management,100000,divorced,tertiary,no,no,5306,yes,no,unknown,20,may,201,1,-1,0,unknown,no
33,admin.,50000,married,secondary,yes,no,730,yes,no,unknown,20,may,70,1,-1,0,unknown,no
41,services,70000,single,secondary,yes,no,397,yes,no,unknown,20,may,19,15,-1,0,unknown,no
33,admin.,50000,single,secondary,yes,no,434,yes,no,unknown,20,may,351,1,-1,0,unknown,no
37,management,100000,married,tertiary,yes,no,897,no,no,unknown,20,may,182,1,-1,0,unknown,no
55,technician,60000,divorced,secondary,yes,no,0,yes,no,unknown,20,may,365,4,-1,0,unknown,no
32,services,70000,single,secondary,yes,no,228,yes,no,unknown,20,may,257,1,-1,0,unknown,no
33,management,100000,single,tertiary,no,no,201,yes,no,unknown,20,may,280,1,-1,0,unknown,no
54,management,100000,married,tertiary,yes,no,2847,yes,no,unknown,20,may,16,10,-1,0,unknown,no
39,admin.,50000,single,secondary,yes,no,4039,yes,no,unknown,20,may,140,1,-1,0,unknown,no
60,technician,60000,married,unknown,no,no,132,yes,no,unknown,20,may,21,11,-1,0,unknown,no
30,blue-collar,20000,married,secondary,yes,no,9,yes,no,unknown,20,may,184,1,-1,0,unknown,no
34,management,100000,single,secondary,yes,no,31,yes,no,unknown,20,may,20,14,-1,0,unknown,no
57,management,100000,married,tertiary,yes,no,0,yes,yes,unknown,20,may,107,2,-1,0,unknown,no
36,blue-collar,20000,married,secondary,yes,no,4438,yes,no,unknown,20,may,446,1,-1,0,unknown,yes
39,admin.,50000,married,secondary,yes,no,6421,no,yes,unknown,20,may,661,1,-1,0,unknown,no
38,blue-collar,20000,married,secondary,yes,no,171,yes,yes,unknown,20,may,172,1,-1,0,unknown,no
37,management,100000,divorced,tertiary,no,no,42,yes,yes,unknown,20,may,125,4,-1,0,unknown,no
36,management,100000,married,tertiary,yes,no,806,yes,no,unknown,20,may,280,1,-1,0,unknown,no
39,blue-collar,20000,married,secondary,yes,no,298,yes,no,unknown,20,may,216,1,-1,0,unknown,no
35,entrepreneur,120000,married,secondary,yes,no,24,yes,no,unknown,20,may,81,1,-1,0,unknown,no
47,blue-collar,20000,married,secondary,yes,no,290,yes,no,unknown,20,may,409,2,-1,0,unknown,no
37,management,100000,married,tertiary,yes,no,425,yes,no,unknown,20,may,226,1,-1,0,unknown,no
39,unemployed,8000,married,secondary,yes,no,0,yes,no,unknown,20,may,191,1,-1,0,unknown,no
35,blue-collar,20000,married,secondary,yes,no,1602,yes,yes,unknown,20,may,171,1,-1,0,unknown,no
32,management,100000,divorced,primary,yes,no,137,yes,no,unknown,20,may,13,12,-1,0,unknown,no
30,management,100000,single,tertiary,no,no,3110,yes,no,unknown,20,may,133,1,-1,0,unknown,no
38,blue-collar,20000,single,primary,yes,no,419,yes,no,unknown,20,may,656,1,-1,0,unknown,no
35,blue-collar,20000,divorced,secondary,yes,no,0,yes,no,unknown,20,may,1205,1,-1,0,unknown,yes
31,blue-collar,20000,married,secondary,yes,no,-88,yes,no,unknown,20,may,202,6,-1,0,unknown,no
35,blue-collar,20000,married,secondary,yes,no,274,yes,yes,unknown,20,may,205,1,-1,0,unknown,no
38,management,100000,married,tertiary,yes,no,0,yes,no,unknown,20,may,206,1,-1,0,unknown,no
34,services,70000,married,secondary,yes,no,0,yes,no,unknown,20,may,79,1,-1,0,unknown,no
30,management,100000,single,tertiary,no,no,162,yes,no,unknown,20,may,186,4,-1,0,unknown,no
31,services,70000,divorced,secondary,yes,no,1222,yes,no,unknown,20,may,532,1,-1,0,unknown,no
54,services,70000,married,secondary,yes,no,4482,yes,no,unknown,20,may,97,2,-1,0,unknown,no
40,technician,60000,married,secondary,yes,no,1259,no,no,unknown,20,may,234,5,-1,0,unknown,no
35,blue-collar,20000,married,secondary,yes,no,499,yes,no,unknown,20,may,328,1,-1,0,unknown,no
35,technician,60000,single,secondary,yes,no,1861,yes,no,unknown,20,may,297,1,-1,0,unknown,no
29,services,70000,single,secondary,yes,no,271,yes,no,unknown,20,may,1882,2,-1,0,unknown,yes
33,admin.,50000,single,tertiary,no,no,622,yes,no,unknown,20,may,243,1,-1,0,unknown,no
31,student,4000,single,secondary,yes,no,368,yes,no,unknown,20,may,81,1,-1,0,unknown,no
51,housemaid,16000,married,primary,yes,no,492,yes,no,unknown,20,may,142,3,-1,0,unknown,no
35,blue-collar,20000,married,primary,yes,no,102,yes,no,unknown,20,may,1334,1,-1,0,unknown,yes
38,self-employed,60000,married,secondary,yes,no,736,yes,no,unknown,20,may,775,1,-1,0,unknown,no
36,unemployed,8000,married,secondary,yes,no,733,yes,no,unknown,20,may,335,1,-1,0,unknown,no
37,management,100000,married,secondary,yes,no,3175,yes,no,unknown,20,may,168,1,-1,0,unknown,no
29,technician,60000,married,tertiary,yes,no,43,yes,no,unknown,20,may,68,2,-1,0,unknown,no
53,services,70000,married,primary,yes,no,574,yes,no,unknown,20,may,121,2,-1,0,unknown,no
34,blue-collar,20000,married,secondary,yes,no,4622,yes,yes,unknown,20,may,217,1,-1,0,unknown,no
31,self-employed,60000,single,tertiary,no,no,1820,yes,no,unknown,20,may,68,1,-1,0,unknown,no
38,admin.,50000,divorced,secondary,yes,no,3750,yes,no,unknown,20,may,119,1,-1,0,unknown,no
36,admin.,50000,married,secondary,yes,no,465,yes,no,unknown,20,may,160,1,-1,0,unknown,no
36,management,100000,married,tertiary,yes,no,860,yes,no,unknown,20,may,294,15,-1,0,unknown,no
32,student,4000,single,unknown,no,no,1583,yes,no,unknown,20,may,57,1,-1,0,unknown,no
38,blue-collar,20000,married,secondary,yes,no,0,yes,no,unknown,20,may,90,1,-1,0,unknown,no
36,blue-collar,20000,married,secondary,yes,no,7579,yes,no,unknown,20,may,600,1,-1,0,unknown,no
35,blue-collar,20000,married,secondary,yes,no,4635,yes,no,unknown,20,may,148,1,-1,0,unknown,no
31,management,100000,married,tertiary,yes,no,827,no,no,unknown,20,may,38,1,-1,0,unknown,no
32,blue-collar,20000,married,primary,yes,no,0,yes,no,unknown,20,may,142,1,-1,0,unknown,no
32,services,70000,married,secondary,yes,no,364,yes,no,unknown,20,may,466,1,-1,0,unknown,no
36,services,70000,married,secondary,yes,no,380,yes,no,unknown,20,may,26,1,-1,0,unknown,no
32,unemployed,8000,married,secondary,yes,no,93,yes,no,unknown,20,may,203,2,-1,0,unknown,no
33,blue-collar,20000,married,tertiary,yes,no,6138,yes,no,unknown,20,may,369,1,-1,0,unknown,no
30,blue-collar,20000,married,secondary,yes,no,1803,yes,no,unknown,20,may,29,1,-1,0,unknown,no
39,services,70000,married,secondary,yes,no,0,yes,no,unknown,20,may,793,2,-1,0,unknown,no
35,admin.,50000,married,secondary,yes,no,3187,yes,no,unknown,20,may,71,1,-1,0,unknown,no
31,blue-collar,20000,married,secondary,yes,no,2,yes,no,unknown,20,may,182,2,-1,0,unknown,yes
30,services,70000,single,secondary,yes,no,695,yes,no,unknown,20,may,203,1,-1,0,unknown,no
34,services,70000,married,primary,yes,no,1042,yes,no,unknown,20,may,167,1,-1,0,unknown,no
30,blue-collar,20000,single,secondary,yes,no,4648,yes,no,unknown,20,may,37,1,-1,0,unknown,no
31,blue-collar,20000,single,secondary,yes,no,2089,yes,no,unknown,20,may,34,1,-1,0,unknown,no
39,self-employed,60000,married,tertiary,yes,no,3059,yes,yes,unknown,20,may,394,1,-1,0,unknown,no
36,technician,60000,married,secondary,yes,no,412,yes,yes,unknown,20,may,127,1,-1,0,unknown,no
32,management,100000,single,tertiary,no,no,863,yes,no,unknown,20,may,264,1,-1,0,unknown,no
33,services,70000,married,secondary,yes,no,4434,yes,no,unknown,20,may,265,1,-1,0,unknown,no
33,services,70000,married,secondary,yes,no,5499,yes,no,unknown,20,may,231,1,-1,0,unknown,no
34,technician,60000,divorced,secondary,yes,no,3997,yes,no,unknown,20,may,320,1,-1,0,unknown,no
39,housemaid,16000,married,primary,yes,no,4904,yes,no,unknown,20,may,101,1,-1,0,unknown,no
35,management,100000,married,tertiary,yes,no,440,yes,no,unknown,20,may,110,1,-1,0,unknown,no
60,retired,55000,single,secondary,yes,no,-14,yes,no,unknown,20,may,121,3,-1,0,unknown,no
34,technician,60000,single,tertiary,no,no,759,no,no,unknown,20,may,265,1,-1,0,unknown,no
33,technician,60000,married,secondary,yes,no,603,yes,no,unknown,20,may,345,1,-1,0,unknown,no
59,admin.,50000,divorced,secondary,yes,no,-41,yes,yes,unknown,20,may,171,1,-1,0,unknown,no
31,admin.,50000,single,secondary,yes,no,78,no,no,unknown,20,may,572,1,-1,0,unknown,no
36,technician,60000,married,secondary,yes,no,84,yes,no,unknown,20,may,67,1,-1,0,unknown,no
36,technician,60000,divorced,secondary,yes,no,409,yes,no,unknown,20,may,25,1,-1,0,unknown,no
38,blue-collar,20000,married,secondary,yes,no,732,yes,yes,unknown,20,may,269,1,-1,0,unknown,no
32,blue-collar,20000,married,secondary,yes,no,328,yes,no,unknown,20,may,132,1,-1,0,unknown,no
32,technician,60000,single,secondary,yes,no,1698,yes,no,unknown,20,may,115,1,-1,0,unknown,no
39,services,70000,married,secondary,yes,no,9374,yes,no,unknown,20,may,273,1,-1,0,unknown,no
39,retired,55000,married,secondary,yes,no,439,no,no,unknown,20,may,56,1,-1,0,unknown,no
33,housemaid,16000,married,tertiary,yes,no,4958,yes,no,unknown,20,may,434,1,-1,0,unknown,no
23,services,70000,single,secondary,yes,no,210,yes,no,unknown,20,may,507,1,-1,0,unknown,no
39,entrepreneur,120000,married,tertiary,yes,no,2644,yes,no,unknown,20,may,253,1,-1,0,unknown,no
36,blue-collar,20000,married,unknown,no,no,17983,yes,no,unknown,20,may,100,1,-1,0,unknown,no
38,technician,60000,single,secondary,yes,no,614,yes,no,unknown,20,may,116,1,-1,0,unknown,no
35,admin.,50000,married,secondary,yes,no,2137,yes,no,unknown,20,may,124,1,-1,0,unknown,no
27,technician,60000,single,tertiary,no,no,-291,yes,no,unknown,20,may,66,2,-1,0,unknown,no
31,admin.,50000,single,secondary,yes,no,160,yes,yes,unknown,20,may,233,2,-1,0,unknown,no
58,housemaid,16000,married,primary,yes,no,11,yes,no,unknown,20,may,90,1,-1,0,unknown,no
34,technician,60000,divorced,secondary,yes,no,2036,yes,yes,unknown,20,may,104,1,-1,0,unknown,no
31,admin.,50000,single,secondary,yes,no,121,yes,no,unknown,20,may,187,1,-1,0,unknown,no
36,blue-collar,20000,married,unknown,no,no,-656,yes,no,unknown,20,may,92,2,-1,0,unknown,no
34,admin.,50000,married,secondary,yes,no,1689,no,no,unknown,20,may,423,1,-1,0,unknown,no
37,technician,60000,married,secondary,yes,no,439,yes,no,unknown,20,may,215,2,-1,0,unknown,no
37,admin.,50000,married,secondary,yes,no,1283,yes,no,unknown,20,may,209,1,-1,0,unknown,no
33,technician,60000,single,secondary,yes,no,1769,yes,no,unknown,20,may,181,1,-1,0,unknown,no
33,admin.,50000,married,secondary,yes,no,2,yes,no,unknown,20,may,201,1,-1,0,unknown,no
39,blue-collar,20000,married,secondary,yes,no,0,yes,yes,unknown,20,may,40,1,-1,0,unknown,no
35,blue-collar,20000,single,primary,yes,no,47,no,no,unknown,20,may,317,1,-1,0,unknown,no
35,blue-collar,20000,married,secondary,yes,no,2054,yes,no,unknown,20,may,447,1,-1,0,unknown,no
34,services,70000,single,secondary,yes,no,8132,yes,no,unknown,20,may,137,1,-1,0,unknown,no
39,services,70000,married,secondary,yes,no,453,yes,yes,unknown,20,may,184,1,-1,0,unknown,no
37,management,100000,single,tertiary,no,no,427,yes,no,unknown,20,may,121,1,-1,0,unknown,no
42,management,100000,married,secondary,yes,no,2416,yes,no,unknown,20,may,138,4,-1,0,unknown,no
40,blue-collar,20000,married,secondary,yes,no,877,yes,no,unknown,20,may,207,6,-1,0,unknown,no
37,blue-collar,20000,married,primary,yes,no,398,yes,yes,unknown,20,may,309,1,-1,0,unknown,no
37,blue-collar,20000,married,primary,yes,no,2240,yes,no,unknown,20,may,214,1,-1,0,unknown,no
36,technician,60000,single,secondary,yes,no,380,yes,no,unknown,20,may,134,1,-1,0,unknown,no
35,entrepreneur,120000,married,secondary,yes,no,1163,yes,no,unknown,20,may,284,1,-1,0,unknown,no
35,services,70000,married,secondary,yes,no,4170,yes,no,unknown,20,may,1777,1,-1,0,unknown,yes
37,management,100000,married,tertiary,yes,no,5432,yes,yes,unknown,20,may,774,1,-1,0,unknown,no
35,technician,60000,divorced,secondary,yes,yes,-52,yes,no,unknown,20,may,265,1,-1,0,unknown,no
30,self-employed,60000,single,secondary,yes,no,4011,yes,no,unknown,20,may,62,1,-1,0,unknown,no
37,management,100000,single,unknown,no,no,715,yes,no,unknown,20,may,247,2,-1,0,unknown,no
31,admin.,50000,single,secondary,yes,no,2144,yes,no,unknown,20,may,89,1,-1,0,unknown,no
56,entrepreneur,120000,married,tertiary,yes,no,8741,yes,no,unknown,20,may,318,3,-1,0,unknown,no
37,blue-collar,20000,married,secondary,yes,no,362,yes,no,unknown,20,may,277,2,-1,0,unknown,no
33,blue-collar,20000,married,primary,yes,no,163,yes,no,unknown,20,may,135,1,-1,0,unknown,no
40,blue-collar,20000,married,primary,yes,no,-740,yes,no,unknown,20,may,126,3,-1,0,unknown,no
38,services,70000,married,secondary,yes,no,434,yes,no,unknown,20,may,411,1,-1,0,unknown,no
41,services,70000,single,secondary,yes,no,1629,yes,no,unknown,20,may,85,1,-1,0,unknown,no
38,blue-collar,20000,married,secondary,yes,no,-152,no,no,unknown,20,may,100,1,-1,0,unknown,no
36,technician,60000,married,secondary,yes,no,3763,yes,no,unknown,20,may,83,1,-1,0,unknown,no
31,technician,60000,single,secondary,yes,no,1,yes,no,unknown,20,may,71,3,-1,0,unknown,no
31,technician,60000,married,secondary,yes,no,4,no,no,unknown,20,may,199,4,-1,0,unknown,no
52,blue-collar,20000,divorced,primary,yes,no,0,yes,yes,unknown,20,may,47,1,-1,0,unknown,no
31,management,100000,single,tertiary,no,no,2007,yes,no,unknown,20,may,253,1,-1,0,unknown,no
39,blue-collar,20000,married,secondary,yes,no,327,yes,no,unknown,20,may,244,1,-1,0,unknown,no
35,admin.,50000,married,secondary,yes,no,-130,yes,no,unknown,20,may,224,1,-1,0,unknown,no
22,services,70000,married,secondary,yes,no,14,yes,yes,unknown,20,may,56,1,-1,0,unknown,no
38,admin.,50000,married,tertiary,yes,no,4399,yes,no,unknown,20,may,638,2,-1,0,unknown,no
39,blue-collar,20000,married,primary,yes,no,780,yes,no,unknown,20,may,311,1,-1,0,unknown,no
34,services,70000,single,tertiary,no,no,371,no,no,unknown,20,may,77,1,-1,0,unknown,no
34,blue-collar,20000,married,primary,yes,no,161,yes,yes,unknown,20,may,177,1,-1,0,unknown,no
36,blue-collar,20000,divorced,secondary,yes,no,221,yes,no,unknown,20,may,189,1,-1,0,unknown,no
32,blue-collar,20000,single,secondary,yes,no,706,yes,no,unknown,20,may,152,1,-1,0,unknown,no
33,management,100000,single,primary,yes,no,4897,yes,no,unknown,20,may,151,1,-1,0,unknown,no
33,services,70000,married,secondary,yes,no,7,yes,no,unknown,20,may,217,1,-1,0,unknown,no
36,admin.,50000,married,secondary,yes,no,2030,yes,no,unknown,20,may,24,1,-1,0,unknown,no
32,blue-collar,20000,married,secondary,yes,no,489,yes,no,unknown,20,may,212,1,-1,0,unknown,no
42,blue-collar,20000,married,primary,yes,no,1059,yes,no,unknown,20,may,163,2,-1,0,unknown,no
43,management,100000,married,tertiary,yes,no,-8,yes,no,unknown,20,may,473,2,-1,0,unknown,no
35,self-employed,60000,single,secondary,yes,no,271,yes,no,unknown,20,may,68,1,-1,0,unknown,no
37,housemaid,16000,single,secondary,yes,no,2042,yes,no,unknown,20,may,485,1,-1,0,unknown,no
33,blue-collar,20000,married,secondary,yes,no,-53,yes,no,unknown,20,may,172,1,-1,0,unknown,no
26,student,4000,single,secondary,yes,no,268,yes,no,unknown,20,may,77,2,-1,0,unknown,no
37,technician,60000,single,tertiary,no,no,5122,yes,no,unknown,20,may,396,1,-1,0,unknown,no
33,services,70000,married,secondary,yes,no,403,yes,no,unknown,20,may,274,2,-1,0,unknown,no
40,admin.,50000,married,tertiary,yes,no,0,yes,no,unknown,20,may,88,2,-1,0,unknown,no
36,technician,60000,divorced,secondary,yes,no,566,yes,no,unknown,20,may,129,2,-1,0,unknown,no
35,blue-collar,20000,married,primary,yes,no,356,yes,yes,unknown,20,may,474,2,-1,0,unknown,no
36,blue-collar,20000,married,unknown,no,no,722,yes,no,unknown,20,may,268,2,-1,0,unknown,no
39,admin.,50000,divorced,secondary,yes,no,-607,yes,no,unknown,20,may,374,2,-1,0,unknown,no
60,management,100000,married,tertiary,yes,no,328,yes,no,unknown,20,may,72,5,-1,0,unknown,no
34,admin.,50000,single,secondary,yes,no,126,yes,no,unknown,20,may,61,2,-1,0,unknown,no
32,blue-collar,20000,married,primary,yes,no,206,yes,no,unknown,20,may,205,2,-1,0,unknown,no
33,management,100000,single,tertiary,no,no,136,yes,yes,unknown,20,may,347,6,-1,0,unknown,no
59,blue-collar,20000,married,primary,yes,no,14,yes,yes,unknown,20,may,355,1,-1,0,unknown,no
35,management,100000,single,secondary,yes,no,5260,yes,no,unknown,20,may,211,2,-1,0,unknown,no
34,admin.,50000,single,tertiary,no,no,458,yes,no,unknown,20,may,211,1,-1,0,unknown,no
42,management,100000,married,tertiary,yes,no,0,no,no,unknown,20,may,66,12,-1,0,unknown,no
38,entrepreneur,120000,married,primary,yes,no,666,yes,no,unknown,20,may,1452,10,-1,0,unknown,no
33,services,70000,married,unknown,no,no,89,yes,no,unknown,20,may,341,1,-1,0,unknown,no
32,blue-collar,20000,single,primary,yes,no,1660,no,no,unknown,20,may,14,1,-1,0,unknown,no
30,blue-collar,20000,married,secondary,yes,no,673,yes,no,unknown,20,may,610,2,-1,0,unknown,no
34,management,100000,single,tertiary,no,no,673,yes,yes,unknown,20,may,120,1,-1,0,unknown,no
59,retired,55000,married,secondary,yes,no,-313,yes,no,unknown,20,may,407,1,-1,0,unknown,no
32,admin.,50000,married,secondary,yes,no,0,yes,no,unknown,20,may,464,2,-1,0,unknown,no
54,housemaid,16000,married,secondary,yes,no,167,yes,no,unknown,20,may,547,7,-1,0,unknown,no
48,management,100000,divorced,primary,yes,no,432,yes,no,unknown,20,may,152,2,-1,0,unknown,no
36,blue-collar,20000,married,primary,yes,no,8135,yes,no,unknown,20,may,522,1,-1,0,unknown,no
29,services,70000,single,secondary,yes,no,0,yes,no,unknown,20,may,227,9,-1,0,unknown,no
39,blue-collar,20000,single,secondary,yes,no,4286,yes,no,unknown,20,may,1376,2,-1,0,unknown,no
54,services,70000,divorced,unknown,no,no,2177,no,no,unknown,20,may,134,5,-1,0,unknown,no
36,admin.,50000,single,secondary,yes,no,0,no,no,unknown,20,may,37,1,-1,0,unknown,no
33,technician,60000,married,secondary,yes,no,105,yes,yes,unknown,20,may,360,1,-1,0,unknown,no
32,management,100000,single,tertiary,no,no,1271,yes,no,unknown,20,may,51,1,-1,0,unknown,no
41,services,70000,divorced,secondary,yes,no,83,no,no,unknown,20,may,834,6,-1,0,unknown,no
34,blue-collar,20000,single,primary,yes,no,709,yes,no,unknown,20,may,106,1,-1,0,unknown,no
34,services,70000,married,secondary,yes,no,-93,yes,yes,unknown,20,may,194,1,-1,0,unknown,no
53,housemaid,16000,married,secondary,yes,no,736,yes,no,unknown,20,may,535,1,-1,0,unknown,no
38,services,70000,married,secondary,yes,yes,-242,yes,yes,unknown,20,may,236,2,-1,0,unknown,no
33,blue-collar,20000,married,secondary,yes,no,3259,yes,no,unknown,20,may,182,1,-1,0,unknown,no
32,technician,60000,married,secondary,yes,no,11697,yes,no,unknown,20,may,296,1,-1,0,unknown,no
33,services,70000,married,secondary,yes,no,210,yes,yes,unknown,20,may,201,1,-1,0,unknown,no
35,blue-collar,20000,married,secondary,yes,no,2688,yes,no,unknown,20,may,281,1,-1,0,unknown,no
34,management,100000,married,tertiary,yes,no,0,yes,no,unknown,20,may,150,1,-1,0,unknown,no
37,entrepreneur,120000,married,secondary,yes,no,5064,yes,no,unknown,20,may,79,1,-1,0,unknown,no
38,unemployed,8000,married,secondary,yes,no,205,yes,no,unknown,20,may,359,2,-1,0,unknown,no
39,housemaid,16000,married,tertiary,yes,no,75,yes,no,unknown,20,may,332,2,-1,0,unknown,no
43,blue-collar,20000,married,primary,yes,no,0,yes,no,unknown,20,may,592,1,-1,0,unknown,no
39,admin.,50000,married,secondary,yes,no,2019,yes,no,unknown,20,may,166,1,-1,0,unknown,no
38,blue-collar,20000,married,primary,yes,no,178,yes,no,unknown,20,may,245,1,-1,0,unknown,no
40,services,70000,married,primary,yes,no,3559,yes,no,unknown,20,may,138,8,-1,0,unknown,no
38,self-employed,60000,married,secondary,yes,no,290,yes,no,unknown,20,may,369,1,-1,0,unknown,no
32,admin.,50000,divorced,secondary,yes,no,138,yes,yes,unknown,20,may,158,1,-1,0,unknown,no
31,blue-collar,20000,single,secondary,yes,no,5607,no,no,unknown,20,may,261,1,-1,0,unknown,no
32,blue-collar,20000,married,primary,yes,no,8291,no,no,unknown,20,may,131,1,-1,0,unknown,no
37,blue-collar,20000,single,primary,yes,no,6969,yes,no,unknown,20,may,412,1,-1,0,unknown,no
30,management,100000,single,tertiary,no,no,18,no,no,unknown,20,may,121,11,-1,0,unknown,no
46,entrepreneur,120000,married,secondary,yes,no,583,yes,no,unknown,20,may,137,2,-1,0,unknown,no
36,housemaid,16000,single,secondary,yes,no,7171,yes,no,unknown,20,may,216,2,-1,0,unknown,no
34,blue-collar,20000,married,primary,yes,no,500,yes,no,unknown,20,may,324,1,-1,0,unknown,no
32,blue-collar,20000,married,secondary,yes,no,113,yes,yes,unknown,20,may,235,2,-1,0,unknown,no
34,services,70000,divorced,secondary,yes,no,0,yes,yes,unknown,20,may,203,1,-1,0,unknown,no
33,blue-collar,20000,married,primary,yes,no,3512,yes,no,unknown,20,may,697,2,-1,0,unknown,no
37,entrepreneur,120000,married,tertiary,yes,no,4798,yes,no,unknown,20,may,156,2,-1,0,unknown,no
34,technician,60000,single,secondary,yes,no,85,yes,no,unknown,20,may,1182,4,-1,0,unknown,yes
37,blue-collar,20000,married,primary,yes,no,660,yes,yes,unknown,20,may,170,2,-1,0,unknown,no
31,services,70000,married,tertiary,yes,no,585,yes,yes,unknown,20,may,272,2,-1,0,unknown,no
47,entrepreneur,120000,married,secondary,yes,no,136,yes,no,unknown,20,may,132,1,-1,0,unknown,no
36,management,100000,single,secondary,yes,no,360,yes,no,unknown,20,may,271,1,-1,0,unknown,no
31,unemployed,8000,married,secondary,yes,no,296,yes,no,unknown,20,may,378,3,-1,0,unknown,no
33,blue-collar,20000,married,secondary,yes,no,0,yes,yes,unknown,20,may,114,1,-1,0,unknown,no
33,blue-collar,20000,married,secondary,yes,no,10,yes,yes,unknown,20,may,107,1,-1,0,unknown,no
39,blue-collar,20000,married,primary,yes,no,451,yes,no,unknown,20,may,383,1,-1,0,unknown,no
37,blue-collar,20000,divorced,secondary,yes,no,614,yes,no,unknown,20,may,185,1,-1,0,unknown,no
34,technician,60000,single,secondary,yes,no,692,yes,no,unknown,20,may,254,1,-1,0,unknown,no
33,management,100000,married,tertiary,yes,no,148,no,no,unknown,20,may,717,1,-1,0,unknown,no
31,blue-collar,20000,single,primary,yes,no,5058,yes,no,unknown,20,may,157,1,-1,0,unknown,no
33,admin.,50000,married,secondary,yes,no,1467,yes,no,unknown,20,may,85,2,-1,0,unknown,no
30,management,100000,married,tertiary,yes,no,859,yes,no,unknown,20,may,249,3,-1,0,unknown,no
34,services,70000,married,secondary,yes,no,-508,yes,no,unknown,20,may,309,2,-1,0,unknown,no
31,student,4000,single,tertiary,no,no,410,yes,no,unknown,20,may,112,2,-1,0,unknown,no
36,entrepreneur,120000,married,secondary,yes,no,134,no,no,unknown,20,may,98,1,-1,0,unknown,no
37,management,100000,single,tertiary,no,no,23867,no,no,unknown,20,may,188,3,-1,0,unknown,no
31,services,70000,single,secondary,yes,no,2038,yes,no,unknown,20,may,148,1,-1,0,unknown,no
39,admin.,50000,married,secondary,yes,no,-362,yes,no,unknown,20,may,145,2,-1,0,unknown,no
34,management,100000,married,tertiary,yes,no,967,yes,no,unknown,20,may,415,2,-1,0,unknown,no
43,management,100000,married,tertiary,yes,no,1825,yes,no,unknown,20,may,742,2,-1,0,unknown,no
43,blue-collar,20000,married,primary,yes,yes,-635,yes,no,unknown,20,may,37,9,-1,0,unknown,no
34,blue-collar,20000,married,secondary,yes,no,1298,yes,no,unknown,20,may,120,1,-1,0,unknown,no
36,blue-collar,20000,married,secondary,yes,no,1797,yes,yes,unknown,20,may,185,2,-1,0,unknown,no
55,admin.,50000,married,unknown,no,no,1848,yes,no,unknown,20,may,204,1,-1,0,unknown,no
31,admin.,50000,single,secondary,yes,no,431,yes,yes,unknown,20,may,1045,1,-1,0,unknown,yes
32,blue-collar,20000,married,secondary,yes,no,4996,yes,no,unknown,20,may,205,2,-1,0,unknown,no
31,blue-collar,20000,married,secondary,yes,no,213,yes,no,unknown,20,may,74,2,-1,0,unknown,no
31,blue-collar,20000,married,primary,yes,no,26,yes,no,unknown,20,may,51,26,-1,0,unknown,no
33,management,100000,single,secondary,yes,no,0,no,no,unknown,20,may,190,2,-1,0,unknown,no
32,admin.,50000,married,primary,yes,no,1351,yes,no,unknown,20,may,325,3,-1,0,unknown,no
44,technician,60000,divorced,secondary,yes,no,982,yes,no,unknown,20,may,650,3,-1,0,unknown,yes
33,services,70000,married,secondary,yes,no,4963,yes,no,unknown,20,may,148,2,-1,0,unknown,no
39,services,70000,married,secondary,yes,no,1438,yes,no,unknown,20,may,212,2,-1,0,unknown,no
39,blue-collar,20000,married,primary,yes,no,1411,yes,no,unknown,20,may,625,2,-1,0,unknown,no
33,services,70000,single,secondary,yes,no,0,yes,no,unknown,20,may,134,3,-1,0,unknown,no
40,blue-collar,20000,married,unknown,no,no,486,yes,no,unknown,20,may,97,8,-1,0,unknown,no
34,technician,60000,single,secondary,yes,no,1183,yes,no,unknown,20,may,438,2,-1,0,unknown,no
39,management,100000,married,tertiary,yes,no,351,yes,no,unknown,20,may,999,3,-1,0,unknown,no
32,blue-collar,20000,married,secondary,yes,no,2366,yes,no,unknown,20,may,127,2,-1,0,unknown,no
34,blue-collar,20000,married,secondary,yes,no,2700,yes,no,unknown,20,may,446,2,-1,0,unknown,no
59,blue-collar,20000,married,secondary,yes,no,0,yes,no,unknown,20,may,217,4,-1,0,unknown,no
39,blue-collar,20000,married,primary,yes,no,622,yes,no,unknown,20,may,169,1,-1,0,unknown,no
34,services,70000,married,secondary,yes,yes,421,yes,no,unknown,20,may,247,3,-1,0,unknown,no
36,services,70000,single,secondary,yes,no,774,yes,no,unknown,20,may,140,1,-1,0,unknown,no
35,blue-collar,20000,married,secondary,yes,no,67,no,no,unknown,20,may,60,6,-1,0,unknown,no
39,technician,60000,married,secondary,yes,no,7313,yes,no,unknown,20,may,99,1,-1,0,unknown,no
57,housemaid,16000,divorced,primary,yes,no,231,yes,no,unknown,20,may,26,14,-1,0,unknown,no
46,management,100000,married,tertiary,yes,no,477,yes,no,unknown,20,may,128,6,-1,0,unknown,no
58,blue-collar,20000,married,primary,yes,no,99,yes,no,unknown,20,may,215,3,-1,0,unknown,no
32,technician,60000,married,secondary,yes,no,908,yes,no,unknown,20,may,64,1,-1,0,unknown,no
34,admin.,50000,single,secondary,yes,no,1581,yes,yes,unknown,20,may,52,11,-1,0,unknown,no
35,technician,60000,single,tertiary,no,no,2012,yes,no,unknown,20,may,413,2,-1,0,unknown,no
36,technician,60000,single,tertiary,no,no,162,yes,no,unknown,20,may,216,2,-1,0,unknown,no
40,management,100000,married,tertiary,yes,no,917,yes,no,unknown,20,may,292,1,-1,0,unknown,no
44,services,70000,married,secondary,yes,no,1422,yes,no,unknown,20,may,129,8,-1,0,unknown,no
31,blue-collar,20000,married,secondary,yes,no,1787,yes,no,unknown,20,may,201,4,-1,0,unknown,no
55,self-employed,60000,married,secondary,yes,no,-196,yes,no,unknown,20,may,210,2,-1,0,unknown,no
35,technician,60000,married,secondary,yes,no,1387,yes,no,unknown,20,may,114,1,-1,0,unknown,no
31,unemployed,8000,married,primary,yes,no,-63,yes,no,unknown,20,may,657,1,-1,0,unknown,no
35,management,100000,single,tertiary,no,no,1423,yes,no,unknown,20,may,88,1,-1,0,unknown,no
36,admin.,50000,married,tertiary,yes,no,3127,yes,no,unknown,20,may,147,2,-1,0,unknown,no
36,technician,60000,single,secondary,yes,no,5436,yes,no,unknown,20,may,443,1,-1,0,unknown,no
30,management,100000,single,tertiary,no,no,1724,yes,no,unknown,20,may,73,1,-1,0,unknown,no
31,blue-collar,20000,married,secondary,yes,no,0,yes,no,unknown,20,may,134,1,-1,0,unknown,no
41,services,70000,married,secondary,yes,no,804,yes,no,unknown,20,may,127,8,-1,0,unknown,no
36,blue-collar,20000,married,primary,yes,no,408,yes,yes,unknown,20,may,1063,2,-1,0,unknown,yes
59,entrepreneur,120000,married,tertiary,yes,no,705,yes,no,unknown,20,may,446,2,-1,0,unknown,no
36,management,100000,single,tertiary,no,no,1373,yes,no,unknown,20,may,144,2,-1,0,unknown,no
32,technician,60000,married,unknown,no,no,196,yes,no,unknown,20,may,196,6,-1,0,unknown,no
39,blue-collar,20000,married,secondary,yes,no,0,yes,no,unknown,20,may,165,2,-1,0,unknown,no
38,technician,60000,divorced,secondary,yes,no,273,yes,no,unknown,20,may,314,2,-1,0,unknown,no
40,self-employed,60000,married,secondary,yes,no,311,yes,no,unknown,20,may,723,2,-1,0,unknown,no
39,technician,60000,single,secondary,yes,no,1022,yes,no,unknown,20,may,1410,2,-1,0,unknown,yes
30,services,70000,single,secondary,yes,no,862,yes,yes,unknown,20,may,550,2,-1,0,unknown,no
38,services,70000,married,secondary,yes,no,173,yes,no,unknown,20,may,130,2,-1,0,unknown,no
32,services,70000,married,secondary,yes,no,204,yes,yes,unknown,20,may,307,3,-1,0,unknown,no
37,blue-collar,20000,married,secondary,yes,no,32,yes,no,unknown,20,may,146,2,-1,0,unknown,no
31,management,100000,married,tertiary,yes,no,4761,yes,no,unknown,20,may,239,2,-1,0,unknown,no
44,blue-collar,20000,married,secondary,yes,no,1081,yes,no,unknown,20,may,304,2,-1,0,unknown,no
45,blue-collar,20000,married,primary,yes,no,4170,yes,yes,unknown,20,may,114,3,-1,0,unknown,no
36,blue-collar,20000,single,secondary,yes,no,3111,yes,no,unknown,20,may,445,2,-1,0,unknown,no
27,blue-collar,20000,single,unknown,no,no,89,yes,no,unknown,20,may,139,5,-1,0,unknown,no
27,blue-collar,20000,single,secondary,yes,no,317,yes,no,unknown,20,may,16,10,-1,0,unknown,no
48,blue-collar,20000,married,secondary,yes,no,5058,no,no,unknown,20,may,169,4,-1,0,unknown,no
41,blue-collar,20000,married,secondary,yes,no,2852,yes,no,unknown,20,may,125,3,-1,0,unknown,no
36,blue-collar,20000,single,secondary,yes,no,2390,yes,no,unknown,20,may,446,12,-1,0,unknown,no
32,management,100000,single,tertiary,no,no,1131,yes,no,unknown,20,may,267,2,-1,0,unknown,no
31,admin.,50000,divorced,secondary,yes,no,1352,yes,no,unknown,20,may,6,2,-1,0,unknown,no
43,retired,55000,married,secondary,yes,no,520,yes,no,unknown,20,may,15,13,-1,0,unknown,no
33,management,100000,married,tertiary,yes,no,876,no,no,unknown,20,may,1287,2,-1,0,unknown,no
31,blue-collar,20000,married,primary,yes,no,855,yes,yes,unknown,20,may,172,4,-1,0,unknown,no
35,management,100000,single,secondary,yes,yes,-202,yes,no,unknown,20,may,268,3,-1,0,unknown,no
27,admin.,50000,single,secondary,yes,no,-215,yes,no,unknown,20,may,89,3,-1,0,unknown,no
32,services,70000,divorced,tertiary,no,no,376,yes,no,unknown,20,may,102,2,-1,0,unknown,no
58,blue-collar,20000,married,primary,yes,no,23,yes,no,unknown,20,may,91,6,-1,0,unknown,no
40,blue-collar,20000,married,unknown,no,no,222,yes,no,unknown,20,may,465,8,-1,0,unknown,no
36,blue-collar,20000,married,secondary,yes,no,362,yes,no,unknown,20,may,274,2,-1,0,unknown,no
39,technician,60000,married,tertiary,yes,no,602,yes,no,unknown,20,may,191,7,-1,0,unknown,no
37,blue-collar,20000,married,secondary,yes,no,426,yes,no,unknown,20,may,300,3,-1,0,unknown,no
30,blue-collar,20000,married,secondary,yes,no,5143,yes,yes,unknown,20,may,236,2,-1,0,unknown,no
32,blue-collar,20000,married,primary,yes,no,80,yes,no,unknown,20,may,614,2,-1,0,unknown,no
52,services,70000,married,secondary,yes,no,0,yes,no,unknown,20,may,363,5,-1,0,unknown,no
32,blue-collar,20000,married,primary,yes,no,7406,yes,no,unknown,20,may,418,2,-1,0,unknown,no
33,unemployed,8000,divorced,secondary,yes,no,1005,yes,no,unknown,20,may,229,2,-1,0,unknown,no
39,blue-collar,20000,divorced,secondary,yes,no,226,yes,no,unknown,20,may,221,2,-1,0,unknown,no
39,management,100000,single,secondary,yes,no,247,yes,no,unknown,20,may,130,2,-1,0,unknown,no
34,management,100000,single,tertiary,no,no,1040,yes,no,unknown,20,may,96,2,-1,0,unknown,no
29,services,70000,married,secondary,yes,no,68,no,no,unknown,20,may,119,3,-1,0,unknown,no
36,services,70000,married,secondary,yes,no,183,yes,no,unknown,20,may,103,3,-1,0,unknown,no
35,blue-collar,20000,married,unknown,no,no,4822,yes,no,unknown,20,may,843,2,-1,0,unknown,yes
49,technician,60000,single,secondary,yes,no,0,yes,no,unknown,20,may,484,2,-1,0,unknown,no
31,blue-collar,20000,single,primary,yes,no,1097,yes,no,unknown,20,may,485,3,-1,0,unknown,no
39,services,70000,married,secondary,yes,no,5731,yes,no,unknown,20,may,175,2,-1,0,unknown,no
32,technician,60000,married,secondary,yes,no,3067,yes,no,unknown,20,may,138,2,-1,0,unknown,no
35,blue-collar,20000,single,secondary,yes,no,275,yes,no,unknown,20,may,243,2,-1,0,unknown,no
38,blue-collar,20000,married,secondary,yes,no,526,yes,no,unknown,20,may,919,2,-1,0,unknown,no
34,blue-collar,20000,married,secondary,yes,no,1831,yes,no,unknown,20,may,203,2,-1,0,unknown,no
35,blue-collar,20000,married,secondary,yes,no,514,yes,no,unknown,20,may,247,2,-1,0,unknown,no
34,admin.,50000,married,secondary,yes,no,50,yes,no,unknown,20,may,89,2,-1,0,unknown,no
34,technician,60000,married,tertiary,yes,no,0,yes,no,unknown,20,may,185,12,-1,0,unknown,no
27,technician,60000,single,secondary,yes,no,8,yes,no,unknown,20,may,777,3,-1,0,unknown,no
30,services,70000,single,secondary,yes,no,432,yes,no,unknown,20,may,340,3,-1,0,unknown,no
32,blue-collar,20000,married,secondary,yes,no,2561,yes,no,unknown,20,may,135,2,-1,0,unknown,no
30,technician,60000,single,secondary,yes,no,659,yes,no,unknown,20,may,241,3,-1,0,unknown,no
38,blue-collar,20000,married,primary,yes,no,0,yes,yes,unknown,20,may,165,2,-1,0,unknown,no
31,blue-collar,20000,married,secondary,yes,no,897,yes,no,unknown,20,may,26,2,-1,0,unknown,no
23,student,4000,single,secondary,yes,no,-116,yes,no,unknown,20,may,109,6,-1,0,unknown,no
30,unemployed,8000,married,secondary,yes,no,142,yes,no,unknown,20,may,350,4,-1,0,unknown,no
56,services,70000,married,secondary,yes,no,530,yes,no,unknown,20,may,51,7,-1,0,unknown,no
32,blue-collar,20000,married,secondary,yes,no,3514,yes,no,unknown,20,may,226,2,-1,0,unknown,no
35,admin.,50000,married,secondary,yes,no,190,yes,no,unknown,20,may,47,3,-1,0,unknown,no
40,blue-collar,20000,married,primary,yes,no,236,yes,no,unknown,20,may,167,2,-1,0,unknown,no
57,management,100000,married,tertiary,yes,no,-871,no,no,unknown,20,may,214,10,-1,0,unknown,no
58,entrepreneur,120000,married,secondary,yes,no,2429,no,yes,unknown,20,may,446,7,-1,0,unknown,no
32,technician,60000,married,tertiary,yes,no,514,yes,no,unknown,20,may,414,2,-1,0,unknown,no
38,unemployed,8000,married,secondary,yes,no,565,yes,no,unknown,20,may,153,2,-1,0,unknown,no
50,blue-collar,20000,married,primary,yes,no,2610,yes,yes,unknown,20,may,181,6,-1,0,unknown,no
30,blue-collar,20000,single,secondary,yes,no,178,yes,no,unknown,20,may,747,5,-1,0,unknown,no
34,blue-collar,20000,married,unknown,no,no,1117,yes,no,unknown,20,may,214,1,-1,0,unknown,no
30,technician,60000,divorced,secondary,yes,no,4,yes,no,unknown,20,may,270,1,-1,0,unknown,no
38,unknown,0,married,unknown,no,no,124,yes,no,unknown,20,may,37,13,-1,0,unknown,no
55,blue-collar,20000,married,primary,yes,no,2144,yes,no,unknown,20,may,129,8,-1,0,unknown,no
31,services,70000,single,tertiary,no,no,1025,no,no,unknown,20,may,72,3,-1,0,unknown,no
41,blue-collar,20000,married,primary,yes,no,1250,yes,no,unknown,20,may,1392,2,-1,0,unknown,yes
38,admin.,50000,married,unknown,no,no,28,no,no,unknown,20,may,725,1,-1,0,unknown,no
49,management,100000,married,secondary,yes,no,543,yes,no,unknown,20,may,213,3,-1,0,unknown,no
26,blue-collar,20000,single,secondary,yes,no,972,yes,no,unknown,20,may,177,10,-1,0,unknown,no
60,blue-collar,20000,married,primary,yes,no,674,yes,no,unknown,20,may,273,4,-1,0,unknown,no
57,blue-collar,20000,married,secondary,yes,no,258,yes,no,unknown,20,may,480,4,-1,0,unknown,no
37,blue-collar,20000,single,unknown,no,no,3044,yes,no,unknown,20,may,152,1,-1,0,unknown,no
39,blue-collar,20000,married,primary,yes,no,-197,yes,no,unknown,20,may,204,2,-1,0,unknown,no
39,blue-collar,20000,married,unknown,no,no,1096,no,no,unknown,20,may,246,3,-1,0,unknown,no
57,services,70000,divorced,secondary,yes,no,739,yes,no,unknown,20,may,352,5,-1,0,unknown,no
35,blue-collar,20000,married,secondary,yes,no,274,yes,no,unknown,20,may,190,1,-1,0,unknown,no
30,blue-collar,20000,married,secondary,yes,no,1445,yes,no,unknown,20,may,140,1,-1,0,unknown,no
31,blue-collar,20000,married,secondary,yes,no,3311,yes,no,unknown,20,may,719,1,-1,0,unknown,yes
32,blue-collar,20000,married,secondary,yes,no,157,yes,no,unknown,20,may,315,1,-1,0,unknown,no
30,services,70000,single,unknown,no,no,347,yes,no,unknown,21,may,225,1,-1,0,unknown,no
32,management,100000,single,tertiary,no,no,-345,yes,no,unknown,21,may,74,1,-1,0,unknown,no
36,technician,60000,married,secondary,yes,no,8119,no,no,unknown,21,may,24,1,-1,0,unknown,no
34,blue-collar,20000,married,secondary,yes,no,120,yes,no,unknown,21,may,369,1,-1,0,unknown,no
39,blue-collar,20000,married,primary,yes,no,5,yes,no,unknown,21,may,167,1,-1,0,unknown,no
42,management,100000,married,tertiary,yes,no,2309,yes,no,unknown,21,may,64,3,-1,0,unknown,no
33,admin.,50000,single,secondary,yes,no,892,yes,no,unknown,21,may,151,1,-1,0,unknown,no
32,technician,60000,married,secondary,yes,no,641,yes,no,unknown,21,may,336,1,-1,0,unknown,no
35,blue-collar,20000,married,primary,yes,no,2730,yes,no,unknown,21,may,65,1,-1,0,unknown,no
38,blue-collar,20000,married,secondary,yes,no,1663,yes,no,unknown,21,may,93,1,-1,0,unknown,no
39,blue-collar,20000,married,primary,yes,no,1966,yes,no,unknown,21,may,181,1,-1,0,unknown,no
54,retired,55000,divorced,tertiary,no,no,6102,yes,yes,unknown,21,may,86,6,-1,0,unknown,no
38,technician,60000,married,tertiary,yes,no,1092,yes,no,unknown,21,may,317,1,-1,0,unknown,no
33,services,70000,married,tertiary,yes,no,1349,yes,no,unknown,21,may,120,1,-1,0,unknown,no
34,management,100000,single,tertiary,no,no,2015,no,no,unknown,21,may,388,1,-1,0,unknown,no
32,admin.,50000,single,secondary,yes,no,2146,yes,no,unknown,21,may,422,2,-1,0,unknown,no
32,management,100000,married,tertiary,yes,no,2976,yes,no,unknown,21,may,174,1,-1,0,unknown,no
37,admin.,50000,divorced,secondary,yes,no,3834,yes,no,unknown,21,may,72,1,-1,0,unknown,no
36,services,70000,married,secondary,yes,no,393,yes,yes,unknown,21,may,126,1,-1,0,unknown,no
32,blue-collar,20000,married,primary,yes,no,-457,yes,yes,unknown,21,may,288,1,-1,0,unknown,no
34,blue-collar,20000,divorced,secondary,yes,no,0,no,yes,unknown,21,may,339,1,-1,0,unknown,no
34,management,100000,married,tertiary,yes,no,363,no,no,unknown,21,may,171,5,-1,0,unknown,no
39,management,100000,single,tertiary,no,no,4025,yes,yes,unknown,21,may,162,1,-1,0,unknown,no
42,blue-collar,20000,married,primary,yes,no,714,yes,no,unknown,21,may,18,28,-1,0,unknown,no
33,unemployed,8000,married,secondary,yes,no,438,yes,yes,unknown,21,may,129,1,-1,0,unknown,no
40,management,100000,single,primary,yes,no,858,yes,no,unknown,21,may,173,1,-1,0,unknown,no
35,blue-collar,20000,married,secondary,yes,no,592,yes,no,unknown,21,may,74,1,-1,0,unknown,no
38,services,70000,married,secondary,yes,no,-224,yes,yes,unknown,21,may,222,1,-1,0,unknown,no
39,management,100000,married,tertiary,yes,no,151,yes,no,unknown,21,may,692,1,-1,0,unknown,no
31,services,70000,married,secondary,yes,no,289,yes,no,unknown,21,may,262,2,-1,0,unknown,no
38,technician,60000,married,secondary,yes,no,821,yes,yes,unknown,21,may,78,1,-1,0,unknown,no
58,technician,60000,married,secondary,yes,no,8153,yes,no,unknown,21,may,134,5,-1,0,unknown,no
33,services,70000,married,secondary,yes,no,57,yes,yes,unknown,21,may,323,1,-1,0,unknown,no
34,blue-collar,20000,single,secondary,yes,no,558,yes,no,unknown,21,may,43,1,-1,0,unknown,no
34,services,70000,single,secondary,yes,no,1701,yes,no,unknown,21,may,245,1,-1,0,unknown,no
37,admin.,50000,single,tertiary,no,no,-898,yes,no,unknown,21,may,482,1,-1,0,unknown,no
38,admin.,50000,married,secondary,yes,no,1073,yes,no,unknown,21,may,207,2,-1,0,unknown,no
34,management,100000,divorced,tertiary,no,no,5754,yes,no,unknown,21,may,56,1,-1,0,unknown,no
34,blue-collar,20000,married,primary,yes,no,-167,yes,no,unknown,21,may,201,1,-1,0,unknown,no
39,blue-collar,20000,married,primary,yes,no,4146,yes,yes,unknown,21,may,353,1,-1,0,unknown,no
35,entrepreneur,120000,single,tertiary,no,no,-15,yes,no,unknown,21,may,554,3,-1,0,unknown,no
36,admin.,50000,single,tertiary,no,no,3954,yes,no,unknown,21,may,432,1,-1,0,unknown,no
31,management,100000,married,secondary,yes,no,8629,yes,no,unknown,21,may,27,2,-1,0,unknown,no
30,technician,60000,married,secondary,yes,no,1168,yes,yes,unknown,21,may,361,1,-1,0,unknown,no
35,admin.,50000,married,secondary,yes,no,498,yes,no,unknown,21,may,248,1,-1,0,unknown,no
35,technician,60000,divorced,secondary,yes,no,0,no,no,unknown,21,may,162,1,-1,0,unknown,no
31,blue-collar,20000,single,primary,yes,no,216,yes,no,unknown,21,may,565,1,-1,0,unknown,yes
38,management,100000,single,tertiary,no,no,1746,yes,no,unknown,21,may,139,1,-1,0,unknown,no
36,technician,60000,single,secondary,yes,no,1053,yes,no,unknown,21,may,147,1,-1,0,unknown,no
36,student,4000,single,tertiary,no,no,687,yes,no,unknown,21,may,287,3,-1,0,unknown,no
33,blue-collar,20000,single,secondary,yes,no,2764,yes,no,unknown,21,may,118,1,-1,0,unknown,no
34,blue-collar,20000,married,secondary,yes,no,1207,yes,no,unknown,21,may,905,1,-1,0,unknown,yes
32,management,100000,married,tertiary,yes,no,0,yes,no,unknown,21,may,91,1,-1,0,unknown,no
39,blue-collar,20000,divorced,unknown,no,no,528,yes,no,unknown,21,may,111,5,-1,0,unknown,no
33,management,100000,married,tertiary,yes,no,3090,yes,no,unknown,21,may,162,1,-1,0,unknown,no
38,technician,60000,divorced,tertiary,no,yes,-530,yes,no,unknown,21,may,236,1,-1,0,unknown,no
41,management,100000,married,tertiary,yes,no,666,yes,no,unknown,21,may,253,3,-1,0,unknown,no
38,technician,60000,married,secondary,yes,no,0,yes,no,unknown,21,may,73,1,-1,0,unknown,no
35,blue-collar,20000,single,secondary,yes,no,470,yes,no,unknown,21,may,123,1,-1,0,unknown,no
39,technician,60000,married,secondary,yes,no,597,yes,no,unknown,21,may,298,2,-1,0,unknown,no
40,blue-collar,20000,married,primary,yes,no,1136,yes,no,unknown,21,may,86,1,-1,0,unknown,no
38,blue-collar,20000,married,secondary,yes,no,620,yes,yes,unknown,21,may,420,1,-1,0,unknown,no
33,blue-collar,20000,single,secondary,yes,no,17,yes,no,unknown,21,may,288,1,-1,0,unknown,no
34,services,70000,married,secondary,yes,no,12,no,no,unknown,21,may,164,1,-1,0,unknown,no
28,entrepreneur,120000,single,tertiary,no,no,135,yes,no,unknown,21,may,195,1,-1,0,unknown,no
36,services,70000,married,secondary,yes,no,5024,no,no,unknown,21,may,139,1,-1,0,unknown,no
34,technician,60000,single,secondary,yes,no,1161,yes,no,unknown,21,may,192,1,-1,0,unknown,no
39,technician,60000,married,secondary,yes,no,3528,yes,no,unknown,21,may,226,1,-1,0,unknown,no
32,technician,60000,married,secondary,yes,no,791,yes,no,unknown,21,may,783,2,-1,0,unknown,yes
38,management,100000,married,unknown,no,no,546,yes,no,unknown,21,may,264,2,-1,0,unknown,no
39,blue-collar,20000,married,secondary,yes,no,804,yes,no,unknown,21,may,166,1,-1,0,unknown,no
30,technician,60000,single,secondary,yes,no,908,yes,no,unknown,21,may,27,1,-1,0,unknown,no
31,blue-collar,20000,single,secondary,yes,no,6982,yes,no,unknown,21,may,353,1,-1,0,unknown,no
37,technician,60000,divorced,secondary,yes,no,1176,no,yes,unknown,21,may,282,2,-1,0,unknown,no
36,admin.,50000,married,secondary,yes,no,0,no,no,unknown,21,may,117,1,-1,0,unknown,no
34,blue-collar,20000,married,secondary,yes,no,528,yes,no,unknown,21,may,85,1,-1,0,unknown,no
37,admin.,50000,married,unknown,no,no,734,yes,no,unknown,21,may,1106,1,-1,0,unknown,no
31,technician,60000,single,secondary,yes,no,109,yes,no,unknown,21,may,419,1,-1,0,unknown,no
48,self-employed,60000,married,secondary,yes,no,4746,yes,no,unknown,21,may,32,11,-1,0,unknown,no
31,services,70000,married,secondary,yes,no,11512,yes,no,unknown,21,may,179,1,-1,0,unknown,no
34,services,70000,married,secondary,yes,no,0,yes,no,unknown,21,may,872,5,-1,0,unknown,no
36,services,70000,married,secondary,yes,no,115,no,no,unknown,21,may,114,1,-1,0,unknown,no
36,management,100000,single,tertiary,no,no,808,no,no,unknown,21,may,52,1,-1,0,unknown,no
35,management,100000,single,tertiary,no,no,-289,yes,no,unknown,21,may,490,1,-1,0,unknown,no
35,self-employed,60000,married,tertiary,yes,no,35368,yes,no,unknown,21,may,63,1,-1,0,unknown,no
33,services,70000,single,secondary,yes,no,189,no,no,unknown,21,may,27,10,-1,0,unknown,no
26,blue-collar,20000,married,primary,yes,no,0,yes,no,unknown,21,may,425,1,-1,0,unknown,no
37,entrepreneur,120000,married,tertiary,yes,no,1110,yes,no,unknown,21,may,189,2,-1,0,unknown,no
32,technician,60000,married,unknown,no,no,102,yes,no,unknown,21,may,12,11,-1,0,unknown,no
33,management,100000,married,secondary,yes,no,56,yes,no,unknown,21,may,255,1,-1,0,unknown,no
34,blue-collar,20000,married,secondary,yes,no,405,yes,no,unknown,21,may,103,1,-1,0,unknown,no
36,management,100000,married,secondary,yes,no,873,yes,no,unknown,21,may,210,1,-1,0,unknown,no
36,technician,60000,single,secondary,yes,no,656,no,no,unknown,21,may,261,1,-1,0,unknown,no
41,technician,60000,married,secondary,yes,no,2490,yes,no,unknown,21,may,115,2,-1,0,unknown,no
33,admin.,50000,single,secondary,yes,no,1437,yes,no,unknown,21,may,641,1,-1,0,unknown,no
35,management,100000,single,tertiary,no,no,6659,yes,no,unknown,21,may,83,1,-1,0,unknown,no
30,technician,60000,married,tertiary,yes,no,1126,yes,no,unknown,21,may,370,1,-1,0,unknown,no
34,blue-collar,20000,single,secondary,yes,no,3773,yes,no,unknown,21,may,287,1,-1,0,unknown,no
34,self-employed,60000,single,tertiary,no,no,1129,yes,no,unknown,21,may,103,2,-1,0,unknown,no
36,management,100000,married,tertiary,yes,no,849,yes,yes,unknown,21,may,958,2,-1,0,unknown,yes
30,services,70000,married,secondary,yes,no,675,yes,no,unknown,21,may,232,1,-1,0,unknown,no
36,admin.,50000,single,secondary,yes,no,98,yes,no,unknown,21,may,68,1,-1,0,unknown,no
31,blue-collar,20000,married,secondary,yes,no,1914,yes,no,unknown,21,may,192,1,-1,0,unknown,no
34,services,70000,married,secondary,yes,no,1270,yes,no,unknown,21,may,494,3,-1,0,unknown,no
30,entrepreneur,120000,married,primary,yes,no,-98,yes,no,unknown,21,may,166,7,-1,0,unknown,no
33,blue-collar,20000,married,primary,yes,no,256,yes,no,unknown,21,may,151,2,-1,0,unknown,no
31,blue-collar,20000,married,secondary,yes,no,435,yes,no,unknown,21,may,204,1,-1,0,unknown,no
37,unemployed,8000,married,primary,yes,no,7005,yes,no,unknown,21,may,217,1,-1,0,unknown,no
38,services,70000,single,primary,yes,no,471,yes,no,unknown,21,may,180,1,-1,0,unknown,no
33,blue-collar,20000,married,secondary,yes,no,467,yes,no,unknown,21,may,494,2,-1,0,unknown,no
32,blue-collar,20000,married,primary,yes,no,323,yes,no,unknown,21,may,530,2,-1,0,unknown,no
34,management,100000,single,tertiary,no,no,0,yes,no,unknown,21,may,759,1,-1,0,unknown,no
31,management,100000,married,tertiary,yes,no,1343,yes,yes,unknown,21,may,85,1,-1,0,unknown,no
51,blue-collar,20000,divorced,secondary,yes,no,44,no,no,unknown,21,may,137,2,-1,0,unknown,no
30,blue-collar,20000,married,primary,yes,no,453,yes,no,unknown,21,may,445,2,-1,0,unknown,no
35,entrepreneur,120000,married,secondary,yes,no,350,yes,no,unknown,21,may,345,1,-1,0,unknown,no
32,technician,60000,married,secondary,yes,no,2693,yes,no,unknown,21,may,16,1,-1,0,unknown,no
31,blue-collar,20000,married,secondary,yes,no,1243,yes,no,unknown,21,may,32,1,-1,0,unknown,no
34,technician,60000,married,secondary,yes,no,883,yes,no,unknown,21,may,648,1,-1,0,unknown,no
33,blue-collar,20000,single,primary,yes,no,599,yes,no,unknown,21,may,29,1,-1,0,unknown,no
31,blue-collar,20000,married,secondary,yes,no,3176,yes,no,unknown,21,may,220,1,-1,0,unknown,no
33,technician,60000,single,secondary,yes,no,49,no,no,unknown,21,may,151,1,-1,0,unknown,no
36,blue-collar,20000,divorced,primary,yes,no,3202,yes,no,unknown,21,may,290,2,-1,0,unknown,no
33,technician,60000,single,secondary,yes,no,2660,yes,no,unknown,21,may,121,1,-1,0,unknown,no
59,retired,55000,married,primary,yes,no,41,yes,yes,unknown,21,may,717,3,-1,0,unknown,no
35,blue-collar,20000,married,secondary,yes,no,-557,yes,yes,unknown,21,may,249,1,-1,0,unknown,no
33,management,100000,married,tertiary,yes,no,741,no,no,unknown,21,may,228,1,-1,0,unknown,no
32,technician,60000,single,secondary,yes,no,930,yes,no,unknown,21,may,122,1,-1,0,unknown,no
23,blue-collar,20000,single,secondary,yes,no,9,yes,no,unknown,21,may,544,1,-1,0,unknown,no
33,blue-collar,20000,married,secondary,yes,no,1624,yes,yes,unknown,21,may,951,2,-1,0,unknown,no
30,blue-collar,20000,single,secondary,yes,yes,239,yes,no,unknown,21,may,412,1,-1,0,unknown,yes
31,admin.,50000,single,secondary,yes,no,626,yes,no,unknown,21,may,211,1,-1,0,unknown,no
25,services,70000,single,secondary,yes,no,-268,yes,no,unknown,21,may,264,1,-1,0,unknown,no
37,technician,60000,single,tertiary,no,no,178,yes,no,unknown,21,may,97,1,-1,0,unknown,no
34,admin.,50000,married,secondary,yes,no,1671,no,no,unknown,21,may,160,1,-1,0,unknown,no
29,blue-collar,20000,divorced,secondary,yes,no,-300,no,no,unknown,21,may,192,1,-1,0,unknown,no
35,technician,60000,single,tertiary,no,no,1362,yes,no,unknown,21,may,230,1,-1,0,unknown,no
31,technician,60000,divorced,tertiary,no,no,2287,yes,no,unknown,21,may,97,1,-1,0,unknown,no
33,blue-collar,20000,married,primary,yes,no,141,yes,no,unknown,21,may,578,2,-1,0,unknown,no
31,technician,60000,married,tertiary,yes,no,4315,yes,no,unknown,21,may,359,1,-1,0,unknown,no
28,services,70000,single,unknown,no,no,-70,yes,yes,unknown,21,may,244,1,-1,0,unknown,no
33,technician,60000,married,secondary,yes,no,1630,yes,no,unknown,21,may,111,1,-1,0,unknown,no
35,technician,60000,married,secondary,yes,no,569,yes,no,unknown,21,may,487,5,-1,0,unknown,no
34,management,100000,single,tertiary,no,no,0,yes,no,unknown,21,may,311,1,-1,0,unknown,no
30,blue-collar,20000,single,primary,yes,no,546,yes,no,unknown,21,may,396,1,-1,0,unknown,no
32,technician,60000,single,secondary,yes,no,287,yes,no,unknown,21,may,59,8,-1,0,unknown,no
37,services,70000,married,secondary,yes,yes,-954,yes,no,unknown,21,may,111,3,-1,0,unknown,no
35,entrepreneur,120000,married,tertiary,yes,no,280,yes,no,unknown,21,may,502,1,-1,0,unknown,no
57,retired,55000,married,secondary,yes,no,1408,no,no,unknown,21,may,202,6,-1,0,unknown,no
37,technician,60000,single,secondary,yes,no,1211,yes,no,unknown,21,may,795,1,-1,0,unknown,yes
27,blue-collar,20000,married,secondary,yes,no,1600,yes,no,unknown,21,may,135,1,-1,0,unknown,no
39,blue-collar,20000,married,primary,yes,no,774,yes,no,unknown,21,may,29,1,-1,0,unknown,no
33,management,100000,married,tertiary,yes,no,188,yes,no,unknown,21,may,136,1,-1,0,unknown,no
34,services,70000,single,secondary,yes,no,1157,yes,no,unknown,21,may,103,2,-1,0,unknown,no
40,blue-collar,20000,single,secondary,yes,no,1066,yes,no,unknown,21,may,171,1,-1,0,unknown,no
31,blue-collar,20000,married,secondary,yes,no,932,yes,no,unknown,21,may,229,2,-1,0,unknown,no
32,blue-collar,20000,single,primary,yes,no,557,yes,no,unknown,21,may,112,2,-1,0,unknown,no
31,management,100000,married,tertiary,yes,no,1260,no,yes,unknown,21,may,93,1,-1,0,unknown,no
35,management,100000,single,tertiary,no,no,1045,yes,no,unknown,21,may,61,1,-1,0,unknown,no
38,blue-collar,20000,single,primary,yes,no,350,yes,no,unknown,21,may,35,1,-1,0,unknown,no
48,technician,60000,divorced,tertiary,no,no,-136,yes,no,unknown,21,may,7,12,-1,0,unknown,no
37,services,70000,married,secondary,yes,no,405,yes,no,unknown,21,may,51,2,-1,0,unknown,no
45,admin.,50000,married,secondary,yes,no,373,yes,no,unknown,21,may,17,7,-1,0,unknown,no
27,blue-collar,20000,single,secondary,yes,no,0,yes,no,unknown,21,may,504,1,-1,0,unknown,no
33,admin.,50000,married,secondary,yes,no,2228,yes,no,unknown,21,may,726,1,-1,0,unknown,no
31,blue-collar,20000,single,secondary,yes,no,58,yes,no,unknown,21,may,542,1,-1,0,unknown,no
33,blue-collar,20000,married,secondary,yes,no,932,yes,no,unknown,21,may,226,1,-1,0,unknown,no
36,unemployed,8000,married,secondary,yes,no,-872,yes,yes,unknown,21,may,153,1,-1,0,unknown,no
37,technician,60000,married,secondary,yes,no,1450,yes,yes,unknown,21,may,112,1,-1,0,unknown,no
37,blue-collar,20000,single,secondary,yes,no,2032,yes,no,unknown,21,may,158,2,-1,0,unknown,no
32,technician,60000,single,tertiary,no,no,0,yes,no,unknown,21,may,250,2,-1,0,unknown,no
30,services,70000,married,tertiary,yes,no,1380,yes,no,unknown,21,may,294,2,-1,0,unknown,no
37,technician,60000,married,secondary,yes,no,5729,yes,no,unknown,21,may,303,3,-1,0,unknown,no
34,technician,60000,single,secondary,yes,no,951,yes,no,unknown,21,may,343,1,-1,0,unknown,no
54,management,100000,divorced,tertiary,no,no,487,yes,no,unknown,21,may,828,4,-1,0,unknown,yes
36,admin.,50000,married,secondary,yes,no,957,yes,no,unknown,21,may,206,1,-1,0,unknown,no
39,retired,55000,married,tertiary,yes,no,855,yes,no,unknown,21,may,786,2,-1,0,unknown,no
36,management,100000,married,tertiary,yes,no,502,yes,no,unknown,21,may,509,1,-1,0,unknown,no
37,blue-collar,20000,married,primary,yes,no,204,yes,no,unknown,21,may,161,4,-1,0,unknown,no
49,blue-collar,20000,divorced,primary,yes,no,2262,yes,no,unknown,21,may,125,3,-1,0,unknown,no
31,admin.,50000,married,secondary,yes,no,8784,yes,no,unknown,21,may,63,2,-1,0,unknown,no
36,blue-collar,20000,married,primary,yes,no,599,yes,no,unknown,21,may,649,2,-1,0,unknown,yes
31,services,70000,married,secondary,yes,no,525,yes,yes,unknown,21,may,159,1,-1,0,unknown,no
29,admin.,50000,married,secondary,yes,no,688,yes,no,unknown,21,may,211,1,-1,0,unknown,no
34,management,100000,single,tertiary,no,no,1350,yes,no,unknown,21,may,68,1,-1,0,unknown,no
32,technician,60000,married,secondary,yes,no,1830,yes,no,unknown,21,may,293,1,-1,0,unknown,no
31,technician,60000,single,tertiary,no,no,1887,no,yes,unknown,21,may,389,1,-1,0,unknown,no
37,blue-collar,20000,single,secondary,yes,no,13156,yes,no,unknown,21,may,240,1,-1,0,unknown,no
34,blue-collar,20000,married,secondary,yes,no,622,yes,no,unknown,21,may,145,1,-1,0,unknown,no
35,management,100000,married,tertiary,yes,no,1336,no,no,unknown,21,may,59,2,-1,0,unknown,no
32,blue-collar,20000,single,secondary,yes,no,1067,yes,no,unknown,21,may,39,2,-1,0,unknown,no
35,entrepreneur,120000,single,secondary,yes,no,12961,yes,no,unknown,21,may,272,2,-1,0,unknown,no
31,technician,60000,married,secondary,yes,no,141,yes,no,unknown,21,may,140,2,-1,0,unknown,no
41,management,100000,single,tertiary,no,no,1216,yes,no,unknown,21,may,53,3,-1,0,unknown,no
31,services,70000,married,secondary,yes,no,891,yes,no,unknown,21,may,44,3,-1,0,unknown,no
32,blue-collar,20000,married,primary,yes,no,131,yes,no,unknown,21,may,212,2,-1,0,unknown,no
33,technician,60000,married,primary,yes,no,5,no,no,unknown,21,may,57,2,-1,0,unknown,no
52,blue-collar,20000,married,secondary,yes,no,289,yes,no,unknown,21,may,45,13,-1,0,unknown,no
32,blue-collar,20000,single,secondary,yes,no,15341,no,no,unknown,21,may,738,3,-1,0,unknown,no
32,technician,60000,married,secondary,yes,no,901,yes,no,unknown,21,may,102,3,-1,0,unknown,no
32,entrepreneur,120000,married,tertiary,yes,no,4465,yes,no,unknown,21,may,161,2,-1,0,unknown,no
34,admin.,50000,married,secondary,yes,no,1191,yes,no,unknown,21,may,383,2,-1,0,unknown,no
35,technician,60000,single,tertiary,no,no,458,yes,no,unknown,21,may,1091,3,-1,0,unknown,no
36,management,100000,single,tertiary,no,no,1869,yes,no,unknown,21,may,122,2,-1,0,unknown,no
37,self-employed,60000,married,tertiary,yes,no,2084,yes,no,unknown,21,may,137,2,-1,0,unknown,no
32,technician,60000,married,secondary,yes,no,1389,yes,no,unknown,21,may,189,2,-1,0,unknown,no
34,management,100000,married,tertiary,yes,no,0,yes,no,unknown,21,may,88,2,-1,0,unknown,no
27,services,70000,married,secondary,yes,no,1303,yes,yes,unknown,21,may,364,1,-1,0,unknown,no
33,management,100000,married,tertiary,yes,no,11149,yes,no,unknown,21,may,418,2,-1,0,unknown,no
36,management,100000,married,unknown,no,no,-35,yes,yes,unknown,21,may,17,2,-1,0,unknown,no
37,blue-collar,20000,married,primary,yes,no,3242,yes,no,unknown,21,may,233,1,-1,0,unknown,no
32,blue-collar,20000,single,secondary,yes,no,435,yes,no,unknown,21,may,373,2,-1,0,unknown,no
32,blue-collar,20000,single,secondary,yes,no,2696,yes,no,unknown,21,may,445,1,-1,0,unknown,no
29,blue-collar,20000,single,secondary,yes,no,0,no,no,unknown,21,may,623,1,-1,0,unknown,no
34,blue-collar,20000,married,primary,yes,no,218,yes,yes,unknown,21,may,260,1,-1,0,unknown,no
33,self-employed,60000,divorced,secondary,yes,no,892,yes,no,unknown,21,may,316,1,-1,0,unknown,no
31,technician,60000,married,tertiary,yes,no,1410,yes,no,unknown,21,may,42,1,-1,0,unknown,no
32,blue-collar,20000,single,secondary,yes,no,1721,yes,no,unknown,21,may,650,2,-1,0,unknown,no
31,admin.,50000,single,tertiary,no,no,1583,yes,no,unknown,21,may,207,1,-1,0,unknown,no
33,technician,60000,single,secondary,yes,no,296,yes,no,unknown,21,may,226,1,-1,0,unknown,no
38,management,100000,married,tertiary,yes,no,216,yes,no,unknown,21,may,1307,1,-1,0,unknown,no
35,blue-collar,20000,married,secondary,yes,no,463,yes,no,unknown,21,may,104,1,-1,0,unknown,no
37,management,100000,married,tertiary,yes,no,547,yes,yes,unknown,21,may,143,1,-1,0,unknown,no
42,technician,60000,divorced,secondary,yes,no,2974,yes,no,unknown,21,may,187,5,-1,0,unknown,no
34,self-employed,60000,married,secondary,yes,no,-370,yes,no,unknown,21,may,748,1,-1,0,unknown,no
32,management,100000,married,secondary,yes,no,6217,yes,yes,unknown,21,may,486,2,-1,0,unknown,no
28,admin.,50000,married,secondary,yes,no,170,yes,yes,unknown,21,may,492,1,-1,0,unknown,no
29,management,100000,married,secondary,yes,no,-559,yes,yes,unknown,21,may,485,1,-1,0,unknown,no
21,student,4000,single,secondary,yes,no,232,yes,no,unknown,21,may,110,2,-1,0,unknown,no
31,management,100000,single,tertiary,no,no,385,yes,no,unknown,21,may,304,1,-1,0,unknown,no
34,blue-collar,20000,married,secondary,yes,no,5304,yes,no,unknown,21,may,51,2,-1,0,unknown,no
35,management,100000,single,tertiary,no,no,71,yes,no,unknown,21,may,836,12,-1,0,unknown,no
32,technician,60000,single,unknown,no,no,317,yes,no,unknown,21,may,394,2,-1,0,unknown,no
