label,f1,f2,f3,f4,f5,f6,f7,f8,f9,f10,f11,f12,f13,f14,f15,f16,f17,f18,f19,f20,f21,f22,f23,f24,f25,f26,f27,f28
1,4438827,2858,95,20,0,1,0,790,1,0,0,53,0,1,0,0,0,0,0,0,0,9,3,0,0,0,0,0
1,4145089,4728,199,10,0,0,6,1821,0,0,0,45,0,0,0,0,0,0,0,0,0,1,1,0,0,0,0,0
1,4409677,1240,35,6,0,0,0,132,1,0,0,6,0,0,0,0,0,0,0,0,0,2,0,0,0,0,0,0
1,4705142,6249,152,7,0,0,10,269,0,0,0,20,0,0,0,0,0,0,0,0,0,1,1,0,0,0,0,0
1,4424842,4446,78,21,0,0,0,615,1,0,0,28,0,0,0,0,0,0,0,0,0,3,3,0,0,0,0,0
1,3327350,5427,34,43,0,4,0,975,1,0,0,140,0,7,1,0,1,2,0,0,0,4,19,0,0,0,0,0
1,4671724,129,7,0,0,0,6,45,0,0,0,0,0,0,0,0,0,0,1,0,0,0,0,0,0,0,0,0
1,4609846,68,7,0,0,0,13,146,0,0,0,0,0,0,0,0,0,12,1,0,0,0,0,0,0,0,0,0
1,5027014,368,5,2,0,1,0,41,1,0,0,2,0,1,0,0,0,0,0,0,0,0,0,0,0,0,0,0
1,2315837,12876,57,27,0,0,0,679,1,0,0,30,0,0,0,0,0,0,0,0,0,1,3,0,0,0,0,0
1,2302300,13452,34,24,0,0,0,626,1,0,0,24,0,0,0,0,0,0,0,0,0,4,2,0,0,0,0,0
1,5002508,819,5,5,0,0,0,116,1,0,0,6,0,0,0,0,0,0,0,0,0,2,1,0,0,0,0,0
1,5578454,1966,936,6,0,0,0,148,0,0,0,6,0,0,0,0,0,0,0,0,0,1,1,0,0,0,0,0
1,5667697,107,17,4,2,0,60,384,0,0,0,159,2,0,1,0,1,23,0,0,0,43,0,0,0,0,0,0
1,5019331,4880,45,43,0,1,0,991,1,0,0,76,0,1,0,0,0,0,0,0,0,14,10,0,0,0,0,0
1,5018991,1175,5,9,0,0,0,159,1,0,0,12,0,0,0,0,0,0,0,0,0,5,2,0,0,0,0,0
1,5670998,107,17,4,2,0,60,384,0,0,0,159,2,0,1,0,1,23,0,0,0,43,0,0,0,0,0,0
1,5668056,107,17,4,2,0,60,384,0,0,0,159,2,0,1,0,1,23,0,0,0,43,0,0,0,0,0,0
1,5099164,1741,51,7,0,0,0,254,0,0,0,12,0,0,0,0,0,0,0,0,0,3,2,0,0,0,0,0
1,2635512,502794,7,1,0,1,5,11,0,0,0,2,0,1,0,0,0,0,0,0,0,0,0,0,0,0,0,0
1,5131416,3695,343,10,1,0,23,873,0,0,0,32,2,0,0,0,0,0,0,1,0,1,1,0,0,0,0,0
1,4503817,68,7,0,0,0,4,38,0,0,0,0,0,0,0,0,0,3,1,0,0,0,0,0,0,0,0,0
1,4473347,66,7,0,0,0,4,38,0,0,0,0,0,0,0,0,0,3,1,0,0,0,0,0,0,0,0,0
1,5448999,117,12,1,0,0,6,24,0,0,0,1,0,0,0,0,0,0,0,0,0,0,0,0,0,0,0,0
1,5671422,107,17,4,2,0,60,384,0,0,0,159,2,0,1,0,1,23,0,0,0,43,0,0,0,0,0,0
1,5302677,208,30,2,1,0,535,47,527,0,0,4,1,0,0,0,0,0,0,0,0,1,2,0,0,0,0,0
1,4525008,68,7,0,0,0,4,38,0,0,0,0,0,0,0,0,0,3,1,0,0,0,0,0,0,0,0,0
1,4951880,1643,132,10,0,0,0,61,0,0,0,12,0,0,0,0,0,0,0,0,0,6,0,0,0,0,0,0
1,2289465,2014,74,7,0,0,0,78,1,0,0,7,0,0,0,0,0,0,0,0,0,0,1,0,0,0,0,0
1,5045612,165,5,0,0,0,0,19,1,0,0,0,0,0,0,0,0,0,0,0,0,0,1,0,0,0,0,0
1,3112523,654,12,0,0,0,0,3,0,0,0,0,0,0,0,0,0,0,0,0,0,0,0,0,0,0,0,0
1,5265285,120,22,2,0,0,26,91,0,0,0,4,0,0,0,0,0,2,0,0,0,0,1,0,0,0,0,0
1,4110536,4634,179,11,0,0,6,2529,0,0,0,47,0,0,0,0,0,0,0,0,0,1,1,0,0,0,0,0
1,4546195,87,12,0,0,0,14,158,0,0,0,0,0,0,0,0,0,13,1,0,0,0,0,0,0,0,0,0
1,5005954,1383,5,12,0,0,0,157,1,0,0,13,0,0,0,0,0,0,0,0,0,0,2,0,0,0,0,0
1,5017684,476,5,2,0,0,0,50,1,0,0,2,0,0,0,0,0,0,0,0,0,1,0,0,0,0,0,0
1,4905979,3723,351,10,1,0,18,1241,0,0,0,27,1,0,0,0,0,0,0,0,0,1,2,0,0,0,0,0
1,5037340,1899,124,10,0,1,0,247,0,0,0,12,0,1,0,0,0,0,0,0,0,5,3,0,0,0,0,0
1,4503563,69,7,0,0,0,4,38,0,0,0,0,0,0,0,0,0,3,1,0,0,0,0,0,0,0,0,0
1,3833619,250,20,4,2,1,180,737,2,0,0,89,5,3,0,0,0,0,0,0,0,0,14,0,3,2,3,0
1,4915319,3389,336,10,1,0,26,862,0,0,0,35,2,0,0,0,0,0,0,0,0,1,1,0,0,0,0,0
1,5015742,2958,5,21,0,0,0,311,1,0,0,21,0,0,0,0,0,0,0,0,0,3,5,0,0,0,0,0
1,4750565,92,8,0,0,0,13,186,0,0,0,0,0,0,0,0,0,12,1,0,0,0,0,0,0,0,0,0
1,2300912,7021,34,11,0,0,0,598,1,0,0,18,0,0,0,0,0,0,0,0,0,4,1,0,0,0,0,0
1,2713262,139827,39,7,5,1,69,218,0,0,0,38,21,1,0,0,0,0,0,0,0,1,1,0,0,0,0,0
1,4804829,9230,338,12,1,0,6,353,0,0,0,23,2,0,0,0,0,0,0,0,0,1,1,0,0,0,0,0
1,2831647,129149,7,1,0,1,5,11,0,0,0,2,0,1,0,0,0,0,0,0,0,0,0,0,0,0,0,0
1,4383407,102827,7,1,0,1,636,14,630,0,0,2,0,1,0,0,0,0,0,0,0,1,0,0,0,0,0,0
1,5341149,163,22,2,0,0,15,92,0,0,0,5,0,0,0,0,0,2,0,0,0,0,3,0,0,0,0,0
1,5010802,2057,102,11,0,0,0,232,0,0,0,12,0,0,0,0,0,0,0,0,0,5,1,0,0,0,0,0
1,5091712,4890,187,9,0,0,0,409,0,0,0,18,0,0,0,0,0,0,0,0,0,0,3,0,0,0,0,0
1,4587045,88,12,0,0,0,4,38,0,0,0,0,0,0,0,0,0,3,1,0,0,0,0,0,0,0,0,0
1,5011460,2194,112,11,0,0,0,222,0,0,0,12,0,0,1,0,1,0,0,0,0,5,1,0,0,0,0,0
1,5284634,187,22,2,0,0,15,94,0,0,0,6,0,0,0,0,0,2,0,0,0,0,3,0,0,0,0,0
1,5419816,117,12,1,0,0,6,23,0,0,0,1,0,0,0,0,0,0,0,0,0,0,0,0,0,0,0,0
1,4855290,76,5,0,0,0,4,65,0,0,0,0,0,0,0,0,0,6,1,0,0,0,0,0,0,0,0,0
1,5075948,1784,58,10,0,0,0,237,0,0,0,11,0,0,0,0,0,0,0,0,0,3,3,0,0,0,0,0
1,5020941,1809,5,19,0,0,0,387,1,0,0,38,0,0,0,0,0,0,0,0,0,6,4,0,0,0,0,0
1,4264229,124,61,0,0,0,1181,3007,0,0,0,0,0,0,0,0,0,0,0,0,0,0,1,0,0,0,0,0
1,3739025,5038,5000,1,1,1,55,136,0,0,0,28,3,1,0,0,0,0,0,0,0,3,0,0,0,0,0,0
1,4695189,129,7,0,0,0,6,42,0,0,0,0,0,0,0,0,0,0,1,0,0,0,0,0,0,0,0,0
1,4621358,82,11,0,0,0,4,38,0,0,0,0,0,0,0,0,0,3,1,0,0,0,0,0,0,0,0,0
1,3205456,276504,275947,2,2,0,135193,117,2,0,0,18,12,0,0,0,0,0,0,0,0,3,1,0,0,0,0,0
1,5579239,1966,936,6,0,0,0,169,0,0,0,6,0,0,0,0,0,0,0,0,0,1,1,0,0,0,0,0
1,4835567,6356,153,7,1,0,5,276,0,0,0,17,1,0,0,0,0,0,0,0,0,1,2,0,0,0,0,0
1,4642974,68,7,0,0,0,4,47,0,0,0,0,0,0,0,0,0,6,1,0,0,0,0,0,0,0,0,0
1,5128434,811,19,1,0,0,165,364,0,0,0,2,0,0,0,0,0,0,0,0,0,7,2,0,0,0,0,0
1,3418156,85554,14,1,0,1,72,106,27,0,0,7,0,1,0,0,0,0,0,0,0,5,1,0,0,0,0,0
1,4902303,3244,351,10,1,0,30,1266,0,0,0,39,2,0,0,0,0,0,0,0,0,1,2,0,0,0,0,0
1,5166914,2996,124,8,0,0,0,356,0,0,0,17,0,0,0,0,0,0,0,0,0,0,4,0,0,0,0,0
1,5037414,1057,5,7,0,0,0,174,1,0,0,11,0,0,0,0,0,0,0,0,0,2,1,0,0,0,0,0
1,5023087,384,35,2,0,0,0,35,1,0,0,2,0,0,0,0,0,0,0,0,0,0,0,0,0,0,0,0
1,5005857,1803,112,10,0,0,0,231,0,0,0,12,0,0,0,0,0,0,0,0,0,5,1,0,0,0,0,0
1,5078647,3453,343,10,1,0,28,860,0,0,0,37,2,0,0,0,0,0,0,0,0,1,1,0,0,0,0,0
1,4710791,97326,3808,2,2,1,49,4757,0,0,0,15,12,1,0,0,0,0,0,0,0,3,1,0,0,0,0,0
1,5091221,1970,54,9,0,0,0,264,0,0,0,11,0,0,0,0,0,0,0,0,0,4,2,0,0,0,0,0
1,5021360,607,5,8,0,0,0,67,1,0,0,8,0,0,0,0,0,0,0,0,0,2,2,0,0,0,0,0
1,4695053,129,7,0,0,0,6,42,0,0,0,0,0,0,0,0,0,0,1,0,0,0,0,0,0,0,0,0
1,5032781,1943,110,10,0,1,0,262,0,0,0,12,0,1,0,0,0,0,0,0,0,5,2,0,0,0,0,0
1,5012085,750,5,6,0,0,0,240,1,0,0,20,0,0,0,0,0,0,0,0,0,1,5,0,0,0,0,0
1,3531808,237861,112980,4,0,0,0,24,0,0,0,4,0,0,0,0,0,0,0,0,0,0,0,0,0,0,0,0
1,5091161,4882,187,9,0,0,0,406,0,0,0,18,0,0,0,0,0,0,0,0,0,0,3,0,0,0,0,0
1,5838868,1235,49,6,0,0,0,136,0,0,0,13,0,0,0,0,0,0,0,0,0,0,1,0,0,0,0,0
1,4632098,68,7,0,0,0,13,146,0,0,0,0,0,0,0,0,0,12,1,0,0,0,0,0,0,0,0,0
1,5018873,2005,126,10,0,0,0,215,1,0,0,10,0,0,0,0,0,0,0,0,0,7,1,0,0,0,0,0
1,4625218,94,8,0,0,0,15,222,0,0,0,0,0,0,0,0,0,14,1,0,0,0,0,0,0,0,0,0
1,5676393,107,17,4,2,0,60,386,0,0,0,159,2,0,1,0,1,23,0,0,0,45,0,0,0,0,0,0
1,4431151,2093,64,12,0,0,0,449,1,0,0,23,0,0,0,0,0,0,0,0,0,3,2,0,0,0,0,0
1,5012358,2817,34,25,0,0,0,739,1,0,0,60,0,0,0,0,0,0,0,0,0,8,10,0,0,0,0,0
1,5022987,1899,102,17,0,1,0,501,1,0,0,46,0,1,0,0,0,0,0,0,0,3,3,0,0,0,0,0
1,4513212,64,6,0,0,0,4,38,0,0,0,0,0,0,0,0,0,3,1,0,0,0,0,0,0,0,0,0
1,5071566,3491,329,10,1,0,26,883,0,0,0,35,2,0,0,0,0,0,0,0,0,1,1,0,0,0,0,0
1,4303540,5425,31,22,0,0,0,535,0,0,0,45,0,0,0,0,0,0,0,0,0,7,0,0,0,0,0,0
1,4768073,9545,24,24,0,0,4,701,0,0,0,52,0,0,0,0,0,0,0,0,0,1,2,0,0,0,0,0
1,4539860,69,7,0,0,0,4,38,0,0,0,0,0,0,0,0,0,3,1,0,0,0,0,0,0,0,0,0
1,5594924,19035,7775,3,4,0,0,61,0,0,0,15,12,0,0,0,0,0,0,0,0,3,2,0,0,0,0,0
1,4648673,130,7,0,0,0,6,45,0,0,0,0,0,0,0,0,0,0,1,0,0,0,0,0,0,0,0,0
1,5675714,107,17,4,2,0,60,386,0,0,0,159,2,0,1,0,1,23,0,0,0,45,0,0,0,0,0,0
1,4245052,1370,34,8,0,0,0,71,1,0,0,8,0,0,0,0,0,0,0,0,0,3,0,0,0,0,0,0
1,4916764,364,18,13,0,0,688,1656,0,0,0,1395,0,0,0,0,0,0,0,0,0,1,3,0,0,0,0,0
1,4144482,4752,179,11,0,0,6,2497,0,0,0,47,0,0,0,0,0,0,0,108,0,1,1,0,0,0,0,0
1,5013253,4022,86,32,0,0,0,1014,1,0,0,74,0,0,0,0,0,0,0,0,0,11,11,0,0,0,0,0
1,5024313,735,5,6,0,0,0,70,1,0,0,6,0,0,0,0,0,0,0,0,0,0,0,0,0,0,0,0
1,5048411,1399,134,7,0,0,0,271,0,0,0,11,0,0,0,0,0,0,0,0,0,9,2,0,0,0,0,0
1,5676107,107,17,4,2,0,60,386,0,0,0,159,2,0,1,0,1,23,0,0,0,45,0,0,0,0,0,0
1,4999975,2724,5,28,0,0,0,388,1,0,0,40,0,0,0,0,0,0,0,0,0,4,6,0,0,0,0,0
1,5003645,136,12,7,0,1,0,34,0,0,0,12,0,1,0,0,0,3,0,0,0,0,6,0,0,0,0,0
1,5021489,1747,128,10,0,0,0,227,0,0,0,11,0,0,0,0,0,0,0,0,0,7,2,0,0,0,0,0
1,5579815,1966,936,6,0,0,0,137,0,0,0,6,0,0,0,0,0,0,0,0,0,1,1,0,0,0,0,0
1,3047481,26675,15,0,0,0,0,5,0,0,0,0,0,0,0,0,0,0,0,0,0,0,1,0,0,0,0,0
1,4494239,68,7,0,0,0,4,38,0,0,0,0,0,0,0,0,0,3,1,0,0,0,0,0,0,0,0,0
1,5667686,107,17,4,2,0,60,384,0,0,0,159,2,0,1,0,1,23,0,0,0,43,0,0,0,0,0,0
1,4252787,124,61,0,0,0,1177,2999,0,0,0,0,0,0,0,0,0,0,0,0,0,0,1,0,0,0,0,0
1,5108397,2010,5,10,0,0,0,227,1,0,0,10,0,0,1,0,1,0,0,0,0,3,1,0,0,0,0,0
1,5038802,3391,359,10,1,0,33,873,0,0,0,42,2,0,0,0,0,0,0,0,0,1,1,0,0,0,0,0
1,4476009,69,7,0,0,0,4,38,0,0,0,0,0,0,0,0,0,3,1,0,0,0,0,0,0,0,0,0
1,4327827,124,61,0,0,0,1419,3483,0,0,0,0,0,0,0,0,0,0,0,0,0,0,1,0,0,0,0,0
1,4826927,1769,24,96,1,0,21,831,1,0,0,475,1,0,0,0,0,0,0,0,0,0,1,0,0,0,0,0
1,5333448,434,25,13,0,0,23,185,0,0,0,98,0,0,0,0,0,0,0,0,0,0,0,0,0,0,0,0
1,4549365,69,7,0,0,0,4,38,0,0,0,0,0,0,0,0,0,3,1,0,0,0,0,0,0,0,0,0
1,5077303,1261,47,7,0,0,0,255,0,0,0,11,0,0,0,0,0,0,0,0,0,2,4,0,0,0,0,0
1,5022176,2010,56,20,0,0,0,605,1,0,0,51,0,0,0,0,0,0,0,0,0,3,7,0,0,0,0,0
1,4512306,69,7,0,0,0,4,38,0,0,0,0,0,0,0,0,0,3,1,0,0,0,0,0,0,0,0,0
1,5671812,107,17,4,2,0,60,384,0,0,0,159,2,0,1,0,1,23,0,0,0,43,0,0,0,0,0,0
1,5012488,268,5,1,0,0,0,37,1,0,0,1,0,0,0,0,0,0,0,0,0,0,0,0,0,0,0,0
1,4564632,69,7,0,0,0,4,38,0,0,0,0,0,0,0,0,0,3,1,0,0,0,0,0,0,0,0,0
1,5019195,63,3,0,0,0,0,7,1,0,0,0,0,0,0,0,0,0,0,0,0,0,0,0,0,0,0,0
1,4648076,69,7,0,0,0,4,47,0,0,0,0,0,0,0,0,0,6,1,0,0,0,0,0,0,0,0,0
1,5584595,1966,936,6,0,0,0,175,0,0,0,6,0,0,0,0,0,0,0,0,0,1,1,0,0,0,0,0
1,3371073,237409,112980,4,0,0,0,13,0,0,0,4,0,0,0,0,0,0,0,0,0,0,0,0,0,0,0,0
1,4620007,128,7,0,0,0,6,45,0,0,0,0,0,0,0,0,0,0,1,0,0,0,0,0,0,0,0,0
1,3116653,20435,15,0,0,0,0,5,0,0,0,0,0,0,0,0,0,0,0,0,0,0,1,0,0,0,0,0
1,4160323,276298,102,2,0,0,20,14072,0,0,0,2,0,0,0,0,0,0,0,0,76,0,1,0,0,0,0,0
1,5266558,1813,74,39,0,0,0,172,0,0,0,48,0,0,0,0,0,0,0,0,0,0,1,0,0,0,0,0
1,4770235,75,7,0,0,0,14,128,0,0,0,0,0,0,0,0,0,13,1,0,0,0,0,0,0,0,0,0
1,4411071,1301,4,4,0,0,0,155,1,0,0,4,0,0,0,0,0,0,0,0,0,0,0,0,0,0,0,0
1,5005936,1639,5,11,0,0,0,308,1,0,0,21,0,0,0,0,0,0,0,0,0,8,3,0,0,0,0,0
1,5011380,572,5,5,0,0,0,101,1,0,0,7,0,0,0,0,0,0,0,0,0,3,2,0,0,0,0,0
1,5004588,1459,96,12,0,0,0,173,1,0,0,14,0,0,0,0,0,0,0,0,0,2,4,0,0,0,0,0
1,5390502,87460,44,1,0,0,825,21,800,0,0,3,0,0,0,0,0,0,0,0,0,1,0,0,0,0,0,0
1,4762064,75,15,0,0,0,1399,3443,0,0,0,0,0,0,0,0,0,0,0,0,0,0,1,0,0,0,0,0
1,5039926,3544,357,10,1,0,27,875,0,0,0,36,2,0,0,0,0,0,0,0,0,1,1,0,0,0,0,0
1,5213821,2404,99,8,0,0,0,330,0,0,0,17,0,0,0,0,0,0,0,0,0,2,4,0,0,0,0,0
1,5670535,107,17,4,2,0,60,384,0,0,0,159,2,0,1,0,1,23,0,0,0,43,0,0,0,0,0,0
1,3380221,737,34,2,0,0,0,67,1,0,0,3,0,0,0,0,0,0,0,0,0,1,2,0,0,0,0,0
1,5659545,180,51,2,0,0,16,97,0,0,0,15,0,0,0,0,0,0,0,0,0,0,1,0,0,0,0,0
1,4700039,190,9,0,0,0,14,212,0,0,0,0,0,0,0,0,0,0,1,0,0,0,0,0,0,0,0,0
1,3368690,5078,5036,1,2,0,282,583,0,0,0,271,4,0,0,0,0,0,0,0,0,0,1,0,0,0,0,0
1,4544132,70,7,0,0,0,14,150,0,0,0,0,0,0,0,0,0,13,1,0,0,0,0,0,0,0,0,0
1,4960986,1752,128,11,0,0,0,52,1,0,0,11,0,0,0,0,0,0,0,0,0,8,0,0,0,0,0,0
1,3452744,237847,112980,4,0,0,0,24,0,0,0,4,0,0,0,0,0,0,0,0,0,0,0,0,0,0,0,0
1,2294451,6528,83,14,0,0,0,555,1,0,0,28,0,0,0,0,0,0,0,0,0,2,0,0,0,0,0,0
1,5141565,2215,67,7,0,1,0,415,0,0,0,12,0,1,0,0,0,0,0,0,0,4,0,0,0,0,0,0
1,5085687,1841,5,9,0,0,0,200,1,0,0,9,0,0,0,0,0,0,0,0,0,5,1,0,0,0,0,0
1,5581414,1966,936,6,0,0,0,140,0,0,0,6,0,0,0,0,0,0,0,0,0,1,1,0,0,0,0,0
1,4301092,49709,31,1,1,1,319,87,268,0,0,3,4,1,0,0,0,0,0,0,0,1,0,0,0,0,0,0
1,4152739,10408,158,11,0,0,6,752,0,0,0,39,0,0,0,0,0,0,0,0,0,1,1,0,0,0,0,0
1,3371414,5636,35,47,0,2,0,1979,0,0,0,294,0,14,5,0,5,0,0,0,0,7,26,0,0,0,0,0
1,4541921,82,11,0,0,0,4,38,0,0,0,0,0,0,0,0,0,3,1,0,0,0,0,0,0,0,0,0
1,5011121,765,5,5,0,0,0,93,1,0,0,5,0,0,0,0,0,0,0,0,0,1,1,0,0,0,0,0
1,2783350,21434,7,1,0,1,5,11,0,0,0,2,0,1,0,0,0,0,0,0,0,0,0,0,0,0,0,0
1,5218983,2427,99,8,0,0,0,345,0,0,0,17,0,0,0,0,0,0,0,0,0,0,4,0,0,0,0,0
1,5671111,107,17,4,2,0,60,384,0,0,0,159,2,0,1,0,1,23,0,0,0,43,0,0,0,0,0,0
1,4860590,6486,172,7,0,0,10,275,0,0,0,20,0,0,0,0,0,0,0,0,0,1,1,0,0,0,0,0
1,5676033,107,17,4,2,0,60,386,0,0,0,159,2,0,1,0,1,23,0,0,0,45,0,0,0,0,0,0
1,5145693,2025,35,7,0,0,0,381,0,0,0,11,0,0,0,0,0,0,0,0,0,3,2,0,0,0,0,0
1,5033037,1560,112,7,0,0,0,270,0,0,0,12,0,0,0,0,0,0,0,0,0,5,3,0,0,0,0,0
1,5676388,107,17,4,2,0,60,386,0,0,0,159,2,0,1,0,1,23,0,0,0,45,0,0,0,0,0,0
1,3948204,2187,2166,2,0,1,3,20,0,0,0,2,0,1,0,0,0,0,0,0,0,0,2,0,0,0,0,0
1,5010022,2049,108,10,0,0,0,233,0,0,0,12,0,0,0,0,0,0,0,0,0,5,4,0,0,0,0,0
1,5035047,1372,118,6,0,1,0,260,0,0,0,12,0,1,0,0,0,0,0,0,0,4,3,0,0,0,0,0
1,3094678,69674,13,1,0,0,5,11,0,0,0,2,0,0,0,0,0,0,0,0,0,0,1,0,0,0,0,0
1,5011549,1988,122,9,0,0,0,236,0,0,0,12,0,0,0,0,0,0,0,0,0,6,3,0,0,0,0,0
1,5066921,1819,39,11,0,0,0,239,0,0,0,11,0,0,1,0,1,0,0,0,0,7,2,0,0,0,0,0
1,4093230,4789,169,10,0,0,6,1857,0,0,0,45,0,0,0,0,0,0,0,0,0,1,1,0,0,0,0,0
1,4655785,89,6,0,0,0,9,126,0,0,0,0,0,0,0,0,0,8,1,0,0,0,0,0,0,0,0,0
1,5030035,2168,118,9,0,0,0,263,0,0,0,11,0,0,0,0,0,0,0,0,0,6,2,0,0,0,0,0
1,5078529,3636,342,10,1,0,19,872,0,0,0,28,2,0,0,0,0,0,0,0,0,1,1,0,0,0,0,0
1,4150857,4623,168,10,0,0,6,1887,0,0,0,45,0,0,0,0,0,0,0,0,0,1,1,0,0,0,0,0
1,2287618,2023,37,6,0,0,0,171,1,0,0,10,0,0,0,0,0,0,0,0,0,2,1,0,0,0,0,0
1,4661749,9031,362,17,1,0,5,366,0,0,0,25,2,0,0,0,0,0,0,0,0,1,2,0,0,0,0,0
1,4665020,67,7,0,0,0,4,47,0,0,0,0,0,0,0,0,0,6,1,0,0,0,0,0,0,0,0,0
1,5015037,2110,5,20,0,0,0,487,1,0,0,44,0,0,0,0,0,0,0,0,0,6,9,0,0,0,0,0
1,5568894,1966,936,6,0,0,0,157,0,0,0,6,0,0,0,0,0,0,0,0,0,1,1,0,0,0,0,0
1,5006381,792,5,7,0,0,0,84,1,0,0,7,0,0,0,0,0,0,0,0,0,2,0,0,0,0,0,0
1,5276910,1845,74,39,0,0,0,185,0,0,0,48,0,0,0,0,0,0,0,0,0,0,1,0,0,0,0,0
1,5009267,2789,34,24,0,0,0,539,1,0,0,45,0,0,0,0,0,0,0,0,0,6,6,0,0,0,0,0
1,4609165,6295,140,7,0,0,10,280,0,0,0,20,0,0,0,0,0,0,0,0,0,1,1,0,0,0,0,0
1,5010047,3787,5,34,0,0,0,394,1,0,0,34,0,0,0,0,0,0,0,0,0,2,3,0,0,0,0,0
1,3554203,245499,116850,4,0,0,0,25,0,0,0,4,0,0,0,0,0,0,0,0,0,0,0,0,0,0,0,0
1,5672498,107,17,4,2,0,60,386,0,0,0,159,2,0,1,0,1,23,0,0,0,45,0,0,0,0,0,0
1,5024411,1893,5,10,0,0,0,213,1,0,0,10,0,0,0,0,0,0,0,0,0,2,1,0,0,0,0,0
1,4614127,89,12,0,0,0,4,38,0,0,0,0,0,0,0,0,0,3,1,0,0,0,0,0,0,0,0,0
1,3532550,237409,112980,4,0,0,0,13,0,0,0,4,0,0,0,0,0,0,0,0,0,0,0,0,0,0,0,0
1,5060590,2414,57,12,0,1,0,268,0,0,0,12,0,1,0,0,0,0,0,0,0,2,2,0,0,0,0,0
1,2318833,1838,38,4,0,0,0,87,1,0,0,4,0,0,0,0,0,0,0,0,0,0,0,0,0,0,0,0
1,5164558,62,11,2,0,0,7,28,0,0,0,6,0,0,0,0,0,0,0,0,0,2,0,0,0,0,0,0
1,5014609,974,5,10,0,0,0,113,1,0,0,10,0,0,0,0,0,0,0,0,0,0,2,0,0,0,0,0
1,5675847,107,17,4,2,0,60,386,0,0,0,159,2,0,1,0,1,23,0,0,0,45,0,0,0,0,0,0
1,5670522,107,17,4,2,0,60,384,0,0,0,159,2,0,1,0,1,23,0,0,0,43,0,0,0,0,0,0
1,4534586,68,7,0,0,0,4,38,0,0,0,0,0,0,0,0,0,3,1,0,0,0,0,0,0,0,0,0
1,5017626,817,5,3,0,0,0,83,1,0,0,3,0,0,0,0,0,0,0,0,0,0,2,0,0,0,0,0
1,4698107,81,10,0,0,0,4,38,0,0,0,0,0,0,0,0,0,3,1,0,0,0,0,0,0,0,0,0
1,5671184,107,17,4,2,0,60,384,0,0,0,159,2,0,1,0,1,23,0,0,0,43,0,0,0,0,0,0
1,4642974,68,7,0,0,0,4,47,0,0,0,0,0,0,0,0,0,6,1,0,0,0,0,0,0,0,0,0
1,5011503,1468,5,11,0,0,0,167,1,0,0,11,0,0,0,0,0,0,0,0,0,3,3,0,0,0,0,0
1,5028820,1445,116,8,0,0,0,244,0,0,0,12,0,0,0,0,0,0,0,0,0,9,3,0,0,0,0,0
1,3479481,237409,112980,4,0,0,0,13,0,0,0,4,0,0,0,0,0,0,0,0,0,0,0,0,0,0,0,0
1,5676476,107,17,4,2,0,60,386,0,0,0,159,2,0,1,0,1,23,0,0,0,45,0,0,0,0,0,0
1,4850153,75,7,0,0,0,12,230,0,0,0,0,0,0,0,0,0,22,1,0,0,0,0,0,0,0,0,0
1,5670548,107,17,4,2,0,60,384,0,0,0,159,2,0,1,0,1,23,0,0,0,43,0,0,0,0,0,0
1,4812076,77,9,0,0,0,10,155,0,0,0,0,0,0,0,0,0,18,1,0,0,0,0,0,0,0,0,0
1,5016405,1561,5,14,0,0,0,176,1,0,0,14,0,0,0,0,0,0,0,0,0,6,4,0,0,0,0,0
1,4735787,6441,163,7,0,0,10,271,0,0,0,20,0,0,0,0,0,0,0,1,0,1,1,0,0,0,0,0
1,4387474,3454,63,18,0,0,0,379,1,0,0,18,0,0,0,0,0,0,0,0,0,4,3,0,0,0,0,0
1,4873372,3585,332,10,1,0,22,1263,0,0,0,31,2,0,0,0,0,0,0,0,0,1,1,0,0,0,0,0
1,5031130,985,5,9,0,0,0,114,1,0,0,9,0,0,0,0,0,0,0,0,0,1,3,0,0,0,0,0
1,3848994,1008,17,0,0,1,2,9,0,0,0,0,0,1,0,0,0,0,0,0,0,1,1,0,0,0,0,0
1,5017154,1691,5,9,0,0,0,173,1,0,0,9,0,0,0,0,0,0,0,0,0,6,1,0,0,0,0,0
1,3736171,71368,29,1,2,0,111,115,77,0,0,4,6,0,0,0,0,0,0,0,14,2,1,0,0,0,0,0
1,5020781,1152,5,9,0,0,0,244,1,0,0,14,0,0,1,0,1,0,0,0,0,3,5,0,0,0,0,0
1,2291631,5544,61,9,0,0,0,256,1,0,0,9,0,0,0,0,0,0,0,0,0,2,1,0,0,0,0,0
1,4410185,1680,66,12,0,0,0,216,1,0,0,14,0,0,0,0,0,0,0,0,0,2,0,0,0,0,0,0
1,5006978,1493,5,11,0,0,0,171,1,0,0,11,0,0,0,0,0,0,0,0,0,4,2,0,0,0,0,0
1,5160659,113,32,2,1,1,49,181,2,0,0,35,4,1,3,0,3,0,0,0,0,11,2,0,0,0,0,0
1,2310166,22647,34,46,0,2,0,5765,1,0,0,264,0,3,0,0,0,0,0,0,0,13,7,0,0,0,0,0
1,4660553,9412,337,12,1,0,6,379,0,0,0,23,2,0,0,0,0,0,0,1,0,1,1,0,0,0,0,0
1,5020636,1126,126,10,0,0,0,231,1,0,0,19,0,0,0,0,0,0,0,0,0,5,2,0,0,0,0,0
1,871380,1092123,7,1,0,1,27,11,22,0,0,2,0,1,0,0,0,0,0,0,0,1,0,0,0,0,0,0
1,5340700,100,17,4,2,0,80,435,0,0,0,171,10,0,1,0,1,23,0,0,0,47,0,0,0,0,0,0
1,5165058,16584,28,350,0,0,5,2662,0,0,0,466,0,0,0,0,0,0,0,0,0,11,6,0,0,0,0,0
1,4688995,77,7,0,0,0,4,53,0,0,0,0,0,0,0,0,0,6,1,0,0,0,0,0,0,0,0,0
1,4594099,9545,348,12,1,0,6,368,0,0,0,23,2,0,0,0,0,0,0,0,0,1,1,0,0,0,0,0
1,4997391,2001,5,15,0,1,0,203,1,0,0,15,0,1,0,0,0,0,0,0,0,1,3,0,0,0,0,0
1,5340642,100,17,4,2,0,80,435,0,0,0,171,10,0,1,0,1,23,0,0,0,47,0,0,0,0,0,0
1,5675939,107,17,4,2,0,60,386,0,0,0,159,2,0,1,0,1,23,0,0,0,45,0,0,0,0,0,0
1,5052235,1984,5,10,0,0,0,221,1,0,0,10,0,0,0,0,0,0,0,0,0,6,2,0,0,0,0,0
1,3188303,99917,90,1,0,1,47,106,10,0,0,7,0,1,0,0,0,0,0,0,0,5,1,0,0,0,0,0
1,5019262,2104,5,19,0,0,0,575,1,0,0,51,0,0,0,0,0,0,0,0,0,6,7,0,0,0,0,0
1,2311709,2597,59,5,0,0,0,324,1,0,0,14,0,0,0,0,0,0,0,0,0,0,0,0,0,0,0,0
1,4906242,85,7,0,0,0,13,170,0,0,0,0,0,0,0,0,0,12,1,0,0,0,0,0,0,0,0,0
1,5006281,319,4,4,0,0,0,30,1,0,0,4,0,0,0,0,0,0,0,0,0,0,0,0,0,0,0,0
1,5667838,180,51,2,0,0,16,99,0,0,0,15,0,0,0,0,0,0,0,0,0,0,1,0,0,0,0,0
1,5039307,817,5,4,0,0,0,124,1,0,0,4,0,0,0,0,0,0,0,0,0,3,2,0,0,0,0,0
1,2303940,17295,34,32,0,0,0,1494,1,0,0,54,0,0,0,0,0,0,0,0,0,5,7,0,0,0,0,0
1,5023274,242,4,1,0,0,0,36,1,0,0,1,0,0,0,0,0,0,0,0,0,1,1,0,0,0,0,0
1,5663681,19102,260,1,1,0,57,749,0,0,0,11,1,0,0,0,0,0,0,0,0,8,3,0,0,0,0,0
1,4210134,1859,324,0,0,2,0,85,0,0,0,0,0,2,0,0,0,0,0,0,0,2,2,0,0,0,0,0
1,4639025,6341,171,9,1,0,6,281,0,0,0,22,2,0,0,0,0,0,0,0,0,1,1,0,0,0,0,0
1,5217160,2403,99,8,0,0,0,329,0,0,0,17,0,0,0,0,0,0,0,0,0,1,6,0,0,0,0,0
1,4231056,124,61,0,0,0,1133,2911,0,0,0,0,0,0,0,0,0,0,0,0,0,0,1,0,0,0,0,0
1,5671287,107,17,4,2,0,60,384,0,0,0,159,2,0,1,0,1,23,0,0,0,43,0,0,0,0,0,0
1,4769040,6081,144,9,1,0,6,275,0,0,0,22,2,0,0,0,0,0,0,0,0,1,1,0,0,0,0,0
1,5024432,711,5,8,0,0,0,199,1,0,0,17,0,0,0,0,0,0,0,0,0,4,4,0,0,0,0,0
1,3483874,237409,112980,4,0,0,0,13,0,0,0,4,0,0,0,0,0,0,0,0,0,0,0,0,0,0,0,0
1,5016015,1933,94,10,0,1,0,258,0,0,0,11,0,1,0,0,0,0,0,0,0,6,1,0,0,0,0,0
1,4765380,88,7,0,0,0,14,186,0,0,0,0,0,0,0,0,0,13,1,0,0,0,0,0,0,0,0,0
1,3769096,61,12,3,1,0,6778,6800,0,0,0,6,1,0,0,0,0,0,0,0,0,0,0,0,0,0,0,0
1,5672934,107,17,4,2,0,60,386,0,0,0,159,2,0,1,0,1,23,0,0,0,45,0,0,0,0,0,0
1,5130593,2387,42,11,0,0,0,262,0,0,0,11,0,0,0,0,0,0,0,0,0,7,2,0,0,0,0,0
1,3527242,237932,112980,4,0,0,0,24,0,0,0,4,0,0,0,0,0,0,0,0,0,0,0,0,0,0,0,0
1,4753629,3489,343,10,1,0,23,1254,0,0,0,32,1,0,0,0,0,0,0,0,0,1,2,0,0,0,0,0
1,5015859,809,5,6,0,0,0,187,1,0,0,12,0,0,0,0,0,0,0,0,0,1,6,0,0,0,0,0
1,4823200,6010,136,7,1,0,4,269,0,0,0,17,1,0,0,0,0,0,0,0,0,1,2,0,0,0,0,0
1,4375315,1304,50,8,0,0,0,219,1,0,0,13,0,0,0,0,0,0,0,0,0,3,1,0,0,0,0,0
1,4993150,1675,122,9,0,0,0,195,0,0,0,11,0,0,0,0,0,0,0,0,0,3,1,0,0,0,0,0
1,4644679,92,7,0,0,0,15,174,0,0,0,0,0,0,0,0,0,14,1,0,0,0,0,0,0,0,0,0
1,5012954,1960,120,10,0,0,0,269,0,0,0,12,0,0,1,0,1,0,0,0,0,7,2,0,0,0,0,0
1,4558284,70,7,0,0,0,4,38,0,0,0,0,0,0,0,0,0,3,1,0,0,0,0,0,0,0,0,0
1,5671285,107,17,4,2,0,60,384,0,0,0,159,2,0,1,0,1,23,0,0,0,43,0,0,0,0,0,0
1,5091739,4881,181,9,0,0,0,407,0,0,0,18,0,0,0,0,0,0,0,0,0,0,3,0,0,0,0,0
1,2315858,8255,91,17,0,0,0,2145,1,0,0,95,0,0,0,0,0,0,0,0,0,13,6,0,0,0,0,0
1,5001803,2118,112,11,0,1,0,241,0,0,0,12,0,1,0,0,0,0,0,0,0,4,3,0,0,0,0,0
1,4451488,2959,45,27,0,0,0,443,1,0,0,36,0,0,0,0,0,0,0,0,0,7,0,0,0,0,0,0
1,2940236,100351,36,7,5,1,69,218,0,0,0,38,21,1,0,0,0,0,0,0,0,1,1,0,0,0,0,0
1,2980859,19552,12,0,1,0,0,4355,0,0,0,0,1,0,0,0,0,0,0,0,0,1,0,0,0,0,0,0
1,5671111,107,17,4,2,0,60,386,0,0,0,159,2,0,1,0,1,23,0,0,0,45,0,0,0,0,0,0
1,5158343,2995,124,8,0,0,0,348,0,0,0,17,0,0,0,0,0,0,0,0,0,0,4,0,0,0,0,0
1,4232292,713,27,2,1,0,1,65,0,0,0,2,1,0,0,0,0,0,0,0,0,0,1,0,0,0,0,0
1,4159983,10552,167,11,0,0,6,786,0,0,0,39,0,0,0,0,0,0,0,0,0,1,1,0,0,0,0,0
1,4661629,129,7,0,0,0,6,42,0,0,0,0,0,0,0,0,0,0,1,0,0,0,0,0,0,0,0,0
1,5008993,2216,38,14,0,1,0,1031,1,0,0,74,0,1,0,0,0,0,0,0,0,11,12,0,0,0,0,0
1,4744089,131,9,0,0,0,6,42,0,0,0,0,0,0,0,0,0,0,1,0,0,0,0,0,0,0,0,0
1,4828268,97,6,0,0,0,14,158,0,0,0,0,0,0,0,0,0,13,1,0,0,0,0,0,0,0,0,0
1,4143956,10466,179,11,0,0,6,763,0,0,0,39,0,0,0,0,0,0,0,0,0,1,1,0,0,0,0,0
1,4580867,75,15,0,0,0,1428,3501,0,0,0,0,0,0,0,0,0,0,0,0,0,0,1,0,0,0,0,0
1,4756093,135,10,0,0,0,6,45,0,0,0,0,0,0,0,0,0,0,1,0,0,0,0,0,0,0,0,0
1,5217989,2436,99,8,0,0,0,338,0,0,0,17,0,0,0,0,0,0,0,0,0,1,4,0,0,0,0,0
1,4933249,3471,349,10,1,0,25,888,0,0,0,34,2,0,0,0,0,0,0,0,0,3,1,0,0,0,0,0
1,5000573,1934,120,9,0,1,0,251,0,0,0,12,0,1,0,0,0,0,0,0,0,5,3,0,0,0,0,0
1,4889405,3539,344,10,1,0,23,875,0,0,0,32,2,0,0,0,0,0,0,0,0,3,2,0,0,0,0,0
1,5011299,1919,122,11,0,0,0,189,1,0,0,11,0,0,0,0,0,0,0,0,0,4,1,0,0,0,0,0
1,4533700,70,7,0,0,0,4,38,0,0,0,0,0,0,0,0,0,3,1,0,0,0,0,0,0,0,0,0
1,5003351,1762,37,10,0,0,0,244,0,0,0,12,0,0,0,0,0,0,0,0,0,6,3,0,0,0,0,0
1,4409404,3208,32,14,0,0,0,995,0,0,0,48,0,0,0,0,0,0,0,0,0,6,3,0,0,0,0,0
1,4504161,67,7,0,0,0,4,38,0,0,0,0,0,0,0,0,0,3,1,0,0,0,0,0,0,0,0,0
1,5011594,1170,5,9,0,0,0,163,1,0,0,11,0,0,0,0,0,0,0,0,0,1,0,0,0,0,0,0
1,4456236,6064,34,48,0,0,0,719,1,0,0,52,0,0,0,0,0,0,0,0,0,7,4,0,0,0,0,0
1,4845381,70,7,0,0,0,11,189,0,0,0,0,0,0,0,0,0,20,1,0,0,0,0,0,0,0,0,0
1,4639380,67,7,0,0,0,13,146,0,0,0,0,0,0,0,0,0,12,1,0,0,0,0,0,0,0,0,0
1,5007683,1693,5,14,0,0,0,296,1,0,0,27,0,0,0,0,0,0,0,0,0,2,4,0,0,0,0,0
1,4970804,1172,128,7,0,0,0,62,0,0,0,12,0,0,0,0,0,0,0,0,0,4,2,0,0,0,0,0
1,4993248,3758,343,10,1,0,19,894,0,0,0,28,2,0,0,0,0,0,0,0,0,1,1,0,0,0,0,0
1,4382181,5855,30,29,0,0,0,1239,0,0,0,47,0,0,0,0,0,0,0,0,0,5,1,0,0,0,0,0
1,3335022,789,69,6,0,0,0,60,1,0,0,8,0,0,0,0,0,0,0,0,0,1,2,0,0,0,0,0
1,3601157,144245,48,0,0,0,48,13774,2,0,0,0,0,0,0,0,0,0,0,0,0,0,0,0,0,0,0,0
1,4512306,69,7,0,0,0,4,38,0,0,0,0,0,0,0,0,0,3,1,0,0,0,0,0,0,0,0,0
1,3191279,3137653,90,1,0,1,39,106,0,0,0,7,0,1,0,0,0,0,0,0,0,5,1,0,0,0,0,0
1,4504161,67,7,0,0,0,4,38,0,0,0,0,0,0,0,0,0,3,1,0,0,0,0,0,0,0,0,0
1,2310569,2040,58,4,0,0,0,90,1,0,0,4,0,0,0,0,0,0,0,0,0,1,0,0,0,0,0,0
1,5017130,21,4,0,0,0,0,4,1,0,0,0,0,0,0,0,0,0,0,0,0,0,0,0,0,0,0,0
1,5585998,1942,912,6,0,0,0,182,0,0,0,6,0,0,0,0,0,0,0,0,0,1,1,0,0,0,0,0
1,4551983,93,13,0,0,0,4,38,0,0,0,0,0,0,0,0,0,3,1,0,0,0,0,0,0,0,0,0
1,4683601,127,7,0,0,0,6,42,0,0,0,0,0,0,0,0,0,0,1,0,0,0,0,0,0,0,0,0
1,5668026,107,17,4,2,0,60,384,0,0,0,159,2,0,1,0,1,23,0,0,0,43,0,0,0,0,0,0
1,5321569,163,22,2,0,0,15,92,0,0,0,5,0,0,0,0,0,2,0,0,0,0,3,0,0,0,0,0
1,4519202,68,7,0,0,0,4,38,0,0,0,0,0,0,0,0,0,3,1,0,0,0,0,0,0,0,0,0
1,5676023,107,17,4,2,0,60,386,0,0,0,159,2,0,1,0,1,23,0,0,0,45,0,0,0,0,0,0
1,4584874,70,7,0,0,0,4,38,0,0,0,0,0,0,0,0,0,3,1,0,0,0,0,0,0,0,0,0
1,5162510,84,11,1,0,0,40,187,0,0,0,9,0,0,0,0,0,6,1,0,0,1,3,0,0,0,0,0
1,5009368,3450,347,10,1,0,24,1217,0,0,0,33,2,0,0,0,0,0,0,0,0,1,1,0,0,0,0,0
1,4889007,100,16,0,0,0,16,123,0,0,0,0,0,0,0,0,0,0,1,0,0,0,0,0,0,0,0,0
1,4950951,75,5,0,0,0,4,65,0,0,0,0,0,0,0,0,0,6,1,0,0,0,0,0,0,0,0,0
1,3320845,92125,90,1,0,1,39,106,0,0,0,7,0,1,0,0,0,0,0,0,0,5,1,0,0,0,0,0
1,3736243,60,12,3,1,0,6730,6752,0,0,0,6,1,0,0,0,0,0,0,0,0,0,0,0,0,0,0,0
1,5668151,107,17,4,2,0,60,384,0,0,0,159,2,0,1,0,1,23,0,0,0,43,0,0,0,0,0,0
1,4534586,68,7,0,0,0,4,38,0,0,0,0,0,0,0,0,0,3,1,0,0,0,0,0,0,0,0,0
1,4664379,128,7,0,0,0,6,42,0,0,0,0,0,0,0,0,0,0,1,0,0,0,0,0,0,0,0,0
1,5676683,107,17,4,2,0,60,386,0,0,0,159,2,0,1,0,1,23,0,0,0,45,0,0,0,0,0,0
1,5579693,1966,936,6,0,0,0,172,0,0,0,6,0,0,0,0,0,0,0,0,0,1,1,0,0,0,0,0
1,5279557,120,22,2,0,0,24,93,0,0,0,3,0,0,0,0,0,2,0,0,0,0,1,0,0,0,0,0
1,5671026,107,17,4,2,0,60,384,0,0,0,159,2,0,1,0,1,23,0,0,0,43,0,0,0,0,0,0
1,5076528,1933,158,8,0,0,0,288,0,0,0,12,0,0,0,0,0,0,0,0,0,4,4,0,0,0,0,0
1,4373987,120,3,0,0,0,0,6,1,0,0,0,0,0,0,0,0,0,0,0,0,0,0,0,0,0,0,0
1,5581553,1966,936,6,0,0,0,155,0,0,0,6,0,0,0,0,0,0,0,0,0,1,1,0,0,0,0,0
1,4540393,68,7,0,0,0,4,38,0,0,0,0,0,0,0,0,0,3,1,0,0,0,0,0,0,0,0,0
1,5671194,107,17,4,2,0,60,384,0,0,0,159,2,0,1,0,1,23,0,0,0,43,0,0,0,0,0,0
1,5018578,1312,5,12,0,0,0,200,1,0,0,16,0,0,0,0,0,0,0,0,0,2,2,0,0,0,0,0
1,5300760,163,22,2,0,0,15,92,0,0,0,5,0,0,0,0,0,2,0,0,0,0,3,0,0,0,0,0
1,5012933,580,5,4,0,0,0,91,1,0,0,6,0,0,0,0,0,0,0,0,0,1,0,0,0,0,0,0
1,5295228,120,22,2,0,0,22,89,0,0,0,3,0,0,0,0,0,2,0,0,0,0,1,0,0,0,0,0
1,5675700,107,17,4,2,0,60,386,0,0,0,159,2,0,1,0,1,23,0,0,0,45,0,0,0,0,0,0
1,5671383,107,17,4,2,0,60,384,0,0,0,159,2,0,1,0,1,23,0,0,0,43,0,0,0,0,0,0
1,4716912,88,12,0,0,0,4,47,0,0,0,0,0,0,0,0,0,6,1,0,0,0,0,0,0,0,0,0
1,3654825,41894,37,7,5,1,69,218,0,0,0,38,21,1,0,0,0,0,0,0,0,1,1,0,0,0,0,0
1,5586377,1966,936,6,0,0,0,174,0,0,0,6,0,0,0,0,0,0,0,0,0,1,1,0,0,0,0,0
1,5104846,14561,24,230,0,0,4,2091,0,0,0,273,0,0,0,0,0,0,0,0,0,1,1,0,0,0,0,0
1,4620445,67,7,0,0,0,13,146,0,0,0,0,0,0,0,0,0,12,1,0,0,0,0,0,0,0,0,0
1,5017448,3073,5,24,0,0,0,635,1,0,0,55,0,0,0,0,0,0,0,0,0,7,3,0,0,0,0,0
1,4555127,69,7,0,0,0,4,38,0,0,0,0,0,0,0,0,0,3,1,0,0,0,0,0,0,0,0,0
1,5340459,100,17,4,2,0,80,435,0,0,0,171,10,0,1,0,1,23,0,0,0,47,0,0,0,0,0,0
1,4701711,6203,133,9,1,0,6,294,0,0,0,22,2,0,0,0,0,0,0,0,0,1,1,0,0,0,0,0
1,5676433,107,17,4,2,0,60,386,0,0,0,159,2,0,1,0,1,23,0,0,0,45,0,0,0,0,0,0
1,5650406,180,53,2,0,0,16,98,0,0,0,15,0,0,0,0,0,0,0,0,0,0,1,0,0,0,0,0
1,5216623,2405,99,8,0,0,0,323,0,0,0,17,0,0,0,0,0,0,0,0,0,1,4,0,0,0,0,0
1,5032372,2096,120,11,0,0,0,263,0,0,0,11,0,0,0,0,0,0,0,0,0,7,2,0,0,0,0,0
1,4649008,129,7,0,0,0,6,45,0,0,0,0,0,0,0,0,0,0,1,0,0,0,0,0,0,0,0,0
1,5164458,3000,124,8,0,0,0,350,0,0,0,17,0,0,0,0,0,0,0,0,0,0,4,0,0,0,0,0
1,5105328,14788,24,260,0,0,4,2096,0,0,0,267,0,0,0,0,0,0,0,0,0,1,1,0,0,0,0,0
1,4372814,1274,47,9,0,0,0,319,1,0,0,20,0,0,0,0,0,0,0,0,0,1,2,0,0,0,0,0
1,5124557,62,11,2,0,0,3,18,0,0,0,5,0,0,0,0,0,0,0,0,0,2,0,0,0,0,0,0
1,4233499,85379,31,1,1,1,319,87,268,0,0,3,4,1,0,0,0,0,0,0,0,1,0,0,0,0,0,0
1,5668301,107,17,4,2,0,60,384,0,0,0,159,2,0,1,0,1,23,0,0,0,43,0,0,0,0,0,0
1,5045886,971,17,49,3,1,134,506,0,0,0,415,111,1,0,0,0,0,0,0,41,0,0,0,0,0,0,0
1,5574987,1966,936,6,0,0,0,159,0,0,0,6,0,0,0,0,0,0,0,0,0,1,1,0,0,0,0,0
1,5670753,107,17,4,2,0,60,384,0,0,0,159,2,0,1,0,1,23,0,0,0,43,0,0,0,0,0,0
1,5668036,107,17,4,2,0,60,384,0,0,0,159,2,0,1,0,1,23,0,0,0,43,0,0,0,0,0,0
1,3438991,237409,112980,4,0,0,0,13,0,0,0,4,0,0,0,0,0,0,0,0,0,0,0,0,0,0,0,0
1,5269323,1824,74,39,0,0,0,176,0,0,0,48,0,0,0,0,0,0,0,0,0,0,1,0,0,0,0,0
1,4554571,70,7,0,0,0,4,38,0,0,0,0,0,0,0,0,0,3,1,0,0,0,0,0,0,0,0,0
1,4898190,6284,163,9,1,0,6,288,0,0,0,22,2,0,0,0,0,0,0,0,0,1,1,0,0,0,0,0
1,4688417,96,9,0,0,0,4,47,0,0,0,0,0,0,0,0,0,3,1,0,0,0,0,0,0,0,0,0
1,5675971,107,17,4,2,0,60,386,0,0,0,159,2,0,1,0,1,23,0,0,0,45,0,0,0,0,0,0
1,4723369,260,11,0,0,0,5,56,0,0,0,0,0,0,0,0,0,0,1,0,0,0,0,0,0,0,0,0
1,4519202,68,7,0,0,0,4,38,0,0,0,0,0,0,0,0,0,3,1,0,0,0,0,0,0,0,0,0
1,4543602,69,7,0,0,0,4,38,0,0,0,0,0,0,0,0,0,3,1,0,0,0,0,0,0,0,0,0
1,4143856,4835,168,10,0,0,6,1888,0,0,0,45,0,0,0,0,0,0,0,0,0,1,1,0,0,0,0,0
1,3308144,85627,90,1,0,1,39,106,0,0,0,7,0,1,0,0,0,0,0,0,0,5,1,0,0,0,0,0
1,5018450,1410,34,12,0,0,0,243,1,0,0,19,0,0,0,0,0,0,0,0,0,3,3,0,0,0,0,0
1,3478458,398,8,0,0,0,0,2,0,0,0,0,0,0,0,0,0,0,0,0,0,2,0,0,0,0,0,0
1,5676033,107,17,4,2,0,60,386,0,0,0,159,2,0,1,0,1,23,0,0,0,45,0,0,0,0,0,0
1,4247609,124,61,0,0,0,1116,2877,0,0,0,0,0,0,0,0,0,0,0,0,0,0,1,0,0,0,0,0
1,3213129,71373,60,1,0,0,60,165,0,0,0,12,0,0,0,0,0,0,0,0,0,7,2,0,0,0,0,0
1,5050772,1983,120,10,0,0,0,273,0,0,0,12,0,0,0,0,0,0,0,0,0,5,3,0,0,0,0,0
1,4528335,69,7,0,0,0,4,38,0,0,0,0,0,0,0,0,0,3,1,0,0,0,0,0,0,0,0,0
1,5044145,1348,5,11,0,0,0,143,1,0,0,11,0,0,0,0,0,0,0,0,0,3,3,0,0,0,0,0
1,4631058,64,5,0,0,0,4,47,0,0,0,0,0,0,0,0,0,6,1,0,0,0,0,0,0,0,0,0
1,4562839,67,7,0,0,0,14,154,0,0,0,0,0,0,0,0,0,13,1,0,0,0,0,0,0,0,0,0
1,2796733,166717,13,1,0,0,5,11,0,0,0,2,0,0,0,0,0,0,0,0,0,0,1,0,0,0,0,0
1,5033173,246,4,1,0,0,0,24,1,0,0,1,0,0,0,0,0,0,0,0,0,1,0,0,0,0,0,0
1,2299029,3258,64,6,0,0,0,193,1,0,0,7,0,0,0,0,0,0,0,0,0,0,0,0,0,0,0,0
1,5089285,4885,181,9,0,0,0,408,0,0,0,18,0,0,0,0,0,0,0,0,0,0,3,0,0,0,0,0
1,5672539,107,17,4,2,0,60,386,0,0,0,159,2,0,1,0,1,23,0,0,0,45,0,0,0,0,0,0
1,3427749,237409,112980,4,0,0,0,13,0,0,0,4,0,0,0,0,0,0,0,0,0,0,0,0,0,0,0,0
1,5668037,107,17,4,2,0,60,384,0,0,0,159,2,0,1,0,1,23,0,0,0,43,0,0,0,0,0,0
1,4603935,64,6,0,0,0,13,146,0,0,0,0,0,0,0,0,0,12,1,0,0,0,0,0,0,0,0,0
1,5050509,335,5,3,0,0,0,32,1,0,0,3,0,0,0,0,0,0,0,0,0,1,0,0,0,0,0,0
1,4424973,263,53,2,0,0,0,23,1,0,0,2,0,0,0,0,0,0,0,0,0,0,0,0,0,0,0,0
1,2313980,6320,36,11,0,0,0,721,1,0,0,28,0,0,0,0,0,0,0,0,0,5,1,0,0,0,0,0
1,5670516,107,17,4,2,0,60,384,0,0,0,159,2,0,1,0,1,23,0,0,0,43,0,0,0,0,0,0
1,5655504,180,53,2,0,0,16,98,0,0,0,15,0,0,0,0,0,0,0,0,0,0,1,0,0,0,0,0
1,5585051,9211,1395,3,0,1,29,85,0,0,0,12,0,4,0,0,0,0,0,0,0,3,1,0,0,0,0,0
1,5676347,107,17,4,2,0,60,386,0,0,0,159,2,0,1,0,1,23,0,0,0,45,0,0,0,0,0,0
1,3526253,237937,112980,4,0,0,0,24,0,0,0,4,0,0,0,0,0,0,0,0,0,0,0,0,0,0,0,0
1,3367258,3529,68,24,0,1,0,547,1,0,0,72,0,3,3,0,3,1,0,0,0,5,8,0,0,0,0,0
1,4485544,102696,7,1,0,1,1295,14,1290,0,0,2,0,1,0,0,0,0,0,0,0,1,0,0,0,0,0,0
1,5007013,2784,5,24,0,0,0,353,1,0,0,28,0,0,0,0,0,0,0,0,0,3,1,0,0,0,0,0
1,5071961,1953,66,10,0,0,0,290,0,0,0,11,0,0,0,0,0,0,0,0,0,7,4,0,0,0,0,0
1,5009311,4087,82,33,0,0,0,932,1,0,0,66,0,0,0,0,0,0,0,0,0,13,7,0,0,0,0,0
1,5351185,123,19,3,1,0,46,133,2,0,0,11,2,0,0,0,0,0,0,0,0,0,5,0,0,1,0,0
1,4646785,9392,318,20,1,0,5,385,0,0,0,25,2,0,0,0,0,0,0,0,0,1,1,0,0,0,0,0
1,3329657,5592,91,40,0,3,0,1979,0,0,0,305,0,12,4,0,4,0,0,0,0,13,28,0,0,0,0,0
1,5011270,1663,47,14,0,0,0,266,1,0,0,23,0,0,0,0,0,0,0,0,0,3,1,0,0,0,0,0
1,4863530,93,8,0,0,0,11,229,0,0,0,0,0,0,0,0,0,20,1,0,0,0,0,0,0,0,0,0
1,5670871,107,17,4,2,0,60,384,0,0,0,159,2,0,1,0,1,23,0,0,0,43,0,0,0,0,0,0
1,5116264,3068,71,8,0,0,0,396,0,0,0,11,0,0,0,0,0,0,0,0,0,5,0,0,0,0,0,0
1,3500225,237409,112980,4,0,0,0,13,0,0,0,4,0,0,0,0,0,0,0,0,0,0,0,0,0,0,0,0
1,4668246,127,7,0,0,0,6,42,0,0,0,0,0,0,0,0,0,0,1,0,0,0,0,0,0,0,0,0
1,5017772,4648,70,41,0,1,0,1063,1,0,0,82,0,1,0,0,0,0,0,0,0,8,9,0,0,0,0,0
1,3205848,276504,275947,2,2,0,135193,117,2,0,0,18,12,0,0,0,0,0,0,0,0,3,1,0,0,0,0,0
1,2294295,4758,64,10,0,0,0,190,1,0,0,10,0,0,0,0,0,0,0,0,0,1,0,0,0,0,0,0
1,5050876,1046,124,6,0,0,0,94,1,0,0,6,0,0,0,0,0,0,0,0,0,3,0,0,0,0,0,0
1,4781830,6131,127,9,1,0,6,285,0,0,0,22,2,0,0,0,0,0,0,0,0,1,1,0,0,0,0,0
1,4829814,96,6,0,0,0,14,158,0,0,0,0,0,0,0,0,0,13,1,0,0,0,0,0,0,0,0,0
1,4800056,106,10,0,0,0,14,206,0,0,0,0,0,0,0,0,0,13,1,0,0,0,0,0,0,0,0,0
1,5166127,62,11,2,0,0,4,18,0,0,0,5,0,0,0,0,0,0,0,0,0,2,0,0,0,0,0,0
1,5579090,1966,936,6,0,0,0,149,0,0,0,6,0,0,0,0,0,0,0,0,0,1,1,0,0,0,0,0
1,4869129,84,6,0,0,0,4,62,0,0,0,0,0,0,0,0,0,6,1,0,0,0,0,0,0,0,0,0
1,4643863,126,7,0,0,0,6,42,0,0,0,0,0,0,0,0,0,0,1,0,0,0,0,0,0,0,0,0
1,4351244,324,51,2,0,0,0,28,1,0,0,2,0,0,0,0,0,0,0,0,0,0,0,0,0,0,0,0
1,3338429,193350,7,1,0,1,5,14,0,0,0,2,0,1,0,0,0,0,0,0,0,1,0,0,0,0,0,0
1,4518549,70,7,0,0,0,4,38,0,0,0,0,0,0,0,0,0,3,1,0,0,0,0,0,0,0,0,0
1,4758476,75,15,0,0,0,1329,3303,0,0,0,0,0,0,0,0,0,0,0,0,0,0,1,0,0,0,0,0
1,4476180,56900,464,1,2,1,71,146,0,0,0,13,6,1,0,0,0,0,0,0,0,1,0,0,0,0,0,0
1,4380980,124,61,0,0,0,1413,3471,0,0,0,0,0,0,0,0,0,0,0,0,0,0,1,0,0,0,0,0
1,5222668,2442,99,8,0,0,0,340,0,0,0,17,0,0,0,0,0,0,0,0,0,0,4,0,0,0,0,0
1,4727137,137,12,0,0,0,6,42,0,0,0,0,0,0,0,0,0,0,1,0,0,0,0,0,0,0,0,0
1,4509326,69,7,0,0,0,4,38,0,0,0,0,0,0,0,0,0,3,1,0,0,0,0,0,0,0,0,0
1,4489271,64,5,0,0,0,4,38,0,0,0,0,0,0,0,0,0,3,1,0,0,0,0,0,0,0,0,0
1,3391577,3336,62,28,0,6,0,640,1,0,0,98,0,12,4,0,4,1,0,0,0,6,8,0,0,0,0,0
1,5797627,5405,275,10,0,0,0,168,0,0,0,13,0,0,0,0,0,0,0,0,0,5,1,0,0,0,0,0
1,4540393,68,7,0,0,0,4,38,0,0,0,0,0,0,0,0,0,3,1,0,0,0,0,0,0,0,0,0
1,4669229,129,7,0,0,0,6,42,0,0,0,0,0,0,0,0,0,0,1,0,0,0,0,0,0,0,0,0
1,4469440,344,88,3,0,0,0,22,1,0,0,3,0,0,0,0,0,0,0,0,0,0,0,0,0,0,0,0
1,5676021,107,17,4,2,0,60,386,0,0,0,159,2,0,1,0,1,23,0,0,0,45,0,0,0,0,0,0
1,4632059,127,7,0,0,0,6,42,0,0,0,0,0,0,0,0,0,0,1,0,0,0,0,0,0,0,0,0
1,4760799,132,7,0,0,0,6,48,0,0,0,0,0,0,0,0,0,0,1,0,0,0,0,0,0,0,0,0
1,5216216,2419,99,8,0,0,0,341,0,0,0,17,0,0,0,0,0,0,0,0,0,2,4,0,0,0,0,0
1,4958562,1524,142,8,0,0,0,54,0,0,0,13,0,0,0,0,0,0,0,0,0,5,1,0,0,0,0,0
1,4539419,70,7,0,0,0,4,38,0,0,0,0,0,0,0,0,0,3,1,0,0,0,0,0,0,0,0,0
1,2849466,33322,7,1,0,1,5,9,0,0,0,2,0,1,0,0,0,0,331,0,0,1,0,0,0,0,0,0
1,5795566,18414,21,1,0,0,1,1885,0,0,0,1,0,0,0,0,0,0,0,0,0,1,3,0,0,0,0,0
1,5164027,132,42,3,1,0,736,220,442,0,0,193,1,0,0,0,0,0,0,0,0,4,3,0,0,0,0,0
1,4503817,68,7,0,0,0,4,38,0,0,0,0,0,0,0,0,0,3,1,0,0,0,0,0,0,0,0,0
1,4205328,21375,7,0,0,1,1,1671,0,0,0,0,0,1,0,0,0,0,0,0,0,0,0,0,0,0,0,0
1,4479859,6066,53,26,0,0,0,1248,0,0,0,43,0,0,0,0,0,0,0,0,0,5,3,0,0,0,0,0
1,5667479,180,51,2,0,0,16,98,0,0,0,15,0,0,0,0,0,0,0,0,0,0,1,0,0,0,0,0
1,5586474,1966,936,6,0,0,0,172,0,0,0,6,0,0,0,0,0,0,0,0,0,1,1,0,0,0,0,0
1,5243201,1826,74,20,0,0,0,162,0,0,0,27,0,0,0,0,0,0,0,0,0,0,2,0,0,0,0,0
1,5057957,73,10,0,0,0,4,26,0,0,0,0,0,0,0,0,0,2,1,0,0,0,0,0,0,0,0,0
1,4444944,3575,53,17,0,0,0,415,1,0,0,17,0,0,0,0,0,0,0,0,0,7,1,0,0,0,0,0
1,3205528,276504,275947,2,2,0,135193,117,2,0,0,18,12,0,0,0,0,0,0,0,0,3,1,0,0,0,0,0
1,4636821,6348,145,7,0,0,10,279,0,0,0,20,0,0,0,0,0,0,0,0,0,1,1,0,0,0,0,0
1,4758098,102,9,0,0,0,15,218,0,0,0,0,0,0,0,0,0,14,1,0,0,0,1,0,0,0,0,0
1,5676251,107,17,4,2,0,60,386,0,0,0,159,2,0,1,0,1,23,0,0,0,45,0,0,0,0,0,0
1,4863993,81,6,0,0,0,4,68,0,0,0,0,0,0,0,0,0,6,1,0,0,0,0,0,0,0,0,0
1,4980545,3386,357,10,1,0,26,1273,0,0,0,35,2,0,0,0,0,0,0,0,0,1,1,0,0,0,0,0
1,4402172,58036,433,1,2,1,71,146,0,0,0,13,6,1,0,0,0,0,0,0,0,1,0,0,0,0,0,0
1,4528335,69,7,0,0,0,4,38,0,0,0,0,0,0,0,0,0,3,1,0,0,0,0,0,0,0,0,0
1,5762823,72,72,0,0,0,530,571,0,0,0,0,0,0,0,0,0,0,0,0,0,0,0,0,0,0,0,0
1,4790638,3313,353,10,1,0,26,1272,0,0,0,35,2,0,0,0,0,0,0,0,0,1,1,0,0,0,0,0
1,5020450,1865,112,10,0,0,0,243,0,0,0,11,0,0,0,0,0,0,0,0,0,5,2,0,0,0,0,0
1,3188702,71353,90,1,0,1,39,106,0,0,0,7,0,1,0,0,0,0,0,0,0,5,1,0,0,0,0,0
1,5655871,180,51,2,0,0,16,98,0,0,0,15,0,0,0,0,0,0,0,0,0,0,1,0,0,0,0,0
1,3643878,55033,21,0,1,1,29,28666,0,0,0,0,3,1,0,0,0,0,0,0,0,3,0,0,0,0,0,0
1,4401908,7241,59,26,0,1,0,1365,0,0,0,44,0,2,0,0,0,0,0,0,0,4,2,0,0,0,0,0
1,4554571,70,7,0,0,0,4,38,0,0,0,0,0,0,0,0,0,3,1,0,0,0,0,0,0,0,0,0
1,5041015,1369,122,8,0,0,0,255,0,0,0,11,0,0,0,0,0,0,0,0,0,7,1,0,0,0,0,0
1,5011904,144,4,0,0,0,0,15,1,0,0,0,0,0,0,0,0,0,0,0,0,0,0,0,0,0,0,0
1,3485430,237409,112980,4,0,0,0,13,0,0,0,4,0,0,0,0,0,0,0,0,0,0,0,0,0,0,0,0
1,5051085,1080,5,5,0,0,0,111,1,0,0,5,0,0,0,0,0,0,0,0,0,1,1,0,0,0,0,0
1,5263649,1827,74,39,0,0,0,176,0,0,0,48,0,0,0,0,0,0,0,0,0,0,1,0,0,0,0,0
1,5006067,1748,96,11,0,1,0,221,0,0,0,11,0,1,0,0,0,0,0,0,0,7,2,0,0,0,0,0
1,5860225,1221,49,6,0,0,0,134,0,0,0,13,0,0,0,0,0,0,0,0,0,0,1,0,0,0,0,0
1,5139894,3182,23,9,0,0,0,384,0,0,0,11,0,0,1,0,1,0,0,0,0,3,1,0,0,0,0,0
1,5224050,2428,99,8,0,0,0,345,0,0,0,17,0,0,0,0,0,0,0,0,0,1,4,0,0,0,0,0
1,5021442,1797,116,10,0,0,0,224,0,0,0,11,0,0,0,0,0,0,0,0,0,7,2,0,0,0,0,0
1,5568770,1974,944,6,0,0,0,145,0,0,0,6,0,0,0,0,0,0,0,0,0,1,1,0,0,0,0,0
1,5673276,107,17,4,2,0,60,386,0,0,0,159,2,0,1,0,1,23,0,0,0,45,0,0,0,0,0,0
1,2304361,12067,64,21,0,0,0,559,1,0,0,21,0,0,0,0,0,0,0,0,0,2,2,0,0,0,0,0
1,3424330,237409,112980,4,0,0,0,13,0,0,0,4,0,0,0,0,0,0,0,0,0,0,0,0,0,0,0,0
1,3436278,237409,112980,4,0,0,0,13,0,0,0,4,0,0,0,0,0,0,0,0,0,0,0,0,0,0,0,0
1,5089654,4884,181,9,0,0,0,409,0,0,0,18,0,0,0,0,0,0,0,0,0,1,3,0,0,0,0,0
1,2304971,17471,83,42,0,0,0,1955,1,0,0,88,0,0,0,0,0,0,0,0,0,10,4,0,0,0,0,0
1,4386231,636,74,6,0,0,0,63,1,0,0,6,0,0,0,0,0,0,0,0,0,1,0,0,0,0,0,0
1,4320236,2452,4,8,0,0,0,220,1,0,0,8,0,0,0,0,0,0,0,0,0,2,1,0,0,0,0,0
1,3149002,34552,34533,1,1,1,115,132,1,0,0,3,7,1,0,0,0,0,0,0,0,0,0,0,0,0,0,0
1,2891145,114158,14,1,0,1,40,106,0,0,0,7,0,1,0,0,0,0,0,0,0,5,1,0,0,0,0,0
1,5025361,1843,102,10,0,0,0,244,0,0,0,12,0,0,0,0,0,0,0,0,0,2,2,0,0,0,0,0
1,5676705,107,17,4,2,0,60,386,0,0,0,159,2,0,1,0,1,23,0,0,0,45,0,0,0,0,0,0
1,3999378,5038,5000,1,1,1,33,94,0,0,0,7,3,1,0,0,0,0,0,0,0,3,0,0,0,0,0,0
1,2287058,5195,52,10,0,0,0,250,1,0,0,13,0,0,0,0,0,0,0,0,0,1,2,0,0,0,0,0
1,4640242,126,7,0,0,0,6,42,0,0,0,0,0,0,0,0,0,0,1,0,0,0,0,0,0,0,0,0
1,5670838,107,17,4,2,0,60,384,0,0,0,159,2,0,1,0,1,23,0,0,0,43,0,0,0,0,0,0
1,4644952,66,6,0,0,0,4,38,0,0,0,0,0,0,0,0,0,3,1,0,0,0,0,0,0,0,0,0
1,5667984,107,17,4,2,0,60,384,0,0,0,159,2,0,1,0,1,23,0,0,0,43,0,0,0,0,0,0
1,5033993,1984,132,9,0,0,0,264,0,0,0,11,0,0,0,0,0,0,0,0,0,6,2,0,0,0,0,0
1,5027551,435,5,1,0,0,0,45,1,0,0,1,0,0,0,0,0,0,0,0,0,1,1,0,0,0,0,0
1,5670956,107,17,4,2,0,60,384,0,0,0,159,2,0,1,0,1,23,0,0,0,43,0,0,0,0,0,0
1,5028045,1817,152,10,0,0,0,247,0,0,0,11,0,0,1,0,1,0,0,0,0,8,2,0,0,0,0,0
1,3055690,684294,35,1,2,0,111,92,77,0,0,4,6,0,0,0,0,0,0,0,0,2,1,0,0,0,0,0
1,4520417,83,11,0,0,0,4,38,0,0,0,0,0,0,0,0,0,3,1,0,0,0,0,0,0,0,0,0
1,4647009,6314,132,9,1,0,6,293,0,0,0,22,2,0,0,0,0,0,0,0,0,1,1,0,0,0,0,0
1,5589960,1966,936,6,0,0,0,154,0,0,0,6,0,0,0,0,0,0,0,0,0,1,1,0,0,0,0,0
1,5020990,566,5,3,0,0,0,58,1,0,0,3,0,0,0,0,0,0,0,0,0,0,0,0,0,0,0,0
1,5578200,1966,936,6,0,0,0,154,0,0,0,6,0,0,0,0,0,0,0,0,0,1,1,0,0,0,0,0
1,5224049,234,79,10,0,0,23,138,0,0,0,18,0,0,0,0,0,0,0,4,0,2,2,0,0,0,0,0
1,4336460,5888,4,28,0,0,0,654,1,0,0,28,0,0,0,0,0,0,0,0,0,4,1,0,0,0,0,0
1,5007994,2093,110,10,0,0,0,241,0,0,0,12,0,0,0,0,0,0,0,0,0,7,4,0,0,0,0,0
1,5022330,426,5,3,0,0,0,62,1,0,0,4,0,0,0,0,0,0,0,0,0,1,2,0,0,0,0,0
1,5166660,3437,353,10,1,0,30,873,0,0,0,39,2,0,0,0,0,0,0,0,0,1,1,0,0,0,0,0
1,5156424,2998,124,8,0,0,0,350,0,0,0,17,0,0,0,0,0,0,0,0,0,0,4,0,0,0,0,0
1,5852122,625039,7,1,0,1,1404,28065,1397,0,0,2,0,1,0,0,0,0,0,0,1,1,0,0,0,0,0,0
1,5116852,2122,32,8,0,0,0,396,0,0,0,11,0,0,0,0,0,0,0,0,0,3,0,0,0,0,0,0
1,4524593,69,7,0,0,0,4,38,0,0,0,0,0,0,0,0,0,3,1,0,0,0,0,0,0,0,0,0
1,5052414,3536,349,10,1,0,27,864,0,0,0,36,2,0,0,0,0,0,0,0,0,1,1,0,0,0,0,0
1,4649621,69,7,0,0,0,13,146,0,0,0,0,0,0,0,0,0,12,1,0,0,0,0,0,0,0,0,0
1,5671147,107,17,4,2,0,60,384,0,0,0,159,2,0,1,0,1,23,0,0,0,43,0,0,0,0,0,0
1,4373710,6556,69,25,0,0,0,1033,0,0,0,51,0,0,0,0,0,0,0,0,0,6,2,0,0,0,0,0
1,5080694,78,19,1,0,0,18,54,0,0,0,4,0,0,0,0,0,1,0,0,0,1,2,0,0,0,0,0
1,5670844,107,17,4,2,0,60,384,0,0,0,159,2,0,1,0,1,23,0,0,0,43,0,0,0,0,0,0
1,5675707,107,17,4,2,0,60,386,0,0,0,159,2,0,1,0,1,23,0,0,0,45,0,0,0,0,0,0
1,5285066,224,30,2,1,0,586,47,578,0,0,4,1,0,0,0,0,0,0,0,0,1,2,0,0,0,0,0
1,5065578,1955,112,11,0,0,0,265,0,0,0,12,0,0,1,0,1,0,0,0,0,8,3,0,0,0,0,0
1,4528367,71359,29,1,2,0,262,92,229,0,0,4,6,0,0,0,0,0,0,0,0,2,1,0,0,0,0,0
1,4525008,68,7,0,0,0,4,38,0,0,0,0,0,0,0,0,0,3,1,0,0,0,0,0,0,0,0,0
1,4927578,1726,136,9,0,0,0,164,0,0,0,12,0,0,0,0,0,0,0,0,0,3,2,0,0,0,0,0
1,4549365,69,7,0,0,0,4,38,0,0,0,0,0,0,0,0,0,3,1,0,0,0,0,0,0,0,0,0
1,4263291,1418,34,11,0,0,0,151,1,0,0,11,0,0,0,0,0,0,0,0,0,2,2,0,0,0,0,0
1,4503563,69,7,0,0,0,4,38,0,0,0,0,0,0,0,0,0,3,1,0,0,0,0,0,0,0,0,0
1,5042284,1505,130,6,0,1,0,255,0,0,0,11,0,1,0,0,0,0,0,0,0,3,2,0,0,0,0,0
1,3492421,402,8,0,0,0,0,2,0,0,0,0,0,0,0,0,0,0,0,0,0,2,0,0,0,0,0,0
1,5676184,107,17,4,2,0,60,386,0,0,0,159,2,0,1,0,1,23,0,0,0,45,0,0,0,0,0,0
1,5123838,437,181,2,0,0,42,407,0,0,0,17,0,0,0,0,0,0,0,0,0,0,3,0,0,0,0,0
1,5021489,1490,116,6,0,0,0,280,0,0,0,11,0,0,0,0,0,0,0,0,0,8,2,0,0,0,0,0
1,5021769,2476,118,12,0,1,0,263,0,0,0,12,0,1,1,0,1,0,0,0,0,6,2,0,0,0,0,0
1,3972121,2143,2118,2,0,1,3,21,0,0,0,2,0,1,0,0,0,0,0,0,0,0,1,0,0,0,0,0
1,5149268,127,22,3,1,0,741,207,453,0,0,164,1,0,0,0,0,0,0,3,0,1,2,0,0,0,0,0
1,4760956,86,6,0,0,0,13,186,0,0,0,0,0,0,0,0,0,12,1,0,0,0,0,0,0,0,0,0
1,4685670,70,7,0,0,0,4,47,0,0,0,0,0,0,0,0,0,6,1,0,0,0,0,0,0,0,0,0
1,3361249,3828,37,28,0,2,0,801,1,0,0,115,0,5,5,0,5,0,0,0,0,6,21,0,0,0,0,0
1,4513395,68,7,0,0,0,4,38,0,0,0,0,0,0,0,0,0,3,1,0,0,0,0,0,0,0,0,0
1,4655480,129,7,0,0,0,6,45,0,0,0,0,0,0,0,0,0,0,1,0,0,0,0,0,0,0,0,0
1,5042050,2227,144,18,0,0,0,751,1,0,0,42,0,0,1,0,1,0,0,0,0,14,7,0,0,0,0,0
1,4252616,566,496,1,1,0,76,232,3,0,0,60,5,0,0,0,0,0,0,0,0,1,1,0,0,0,0,0
1,4964364,82,8,0,0,0,11,218,0,0,0,0,0,0,0,0,0,20,1,0,0,0,0,0,0,0,0,0
1,3715926,61,12,3,1,0,6730,6752,0,0,0,6,1,0,0,0,0,0,0,0,0,0,0,0,0,0,0,0
1,5040206,1034,4,8,0,0,0,106,1,0,0,8,0,0,0,0,0,0,0,0,0,1,1,0,0,0,0,0
1,5671623,107,17,4,2,0,60,384,0,0,0,159,2,0,1,0,1,23,0,0,0,43,0,0,0,0,0,0
1,4440363,3870,65,23,0,0,0,671,1,0,0,42,0,0,0,0,0,0,0,0,0,8,2,0,0,0,0,0
1,4633853,129,7,0,0,0,6,45,0,0,0,0,0,0,0,0,0,0,1,0,0,0,0,0,0,0,0,0
1,2272822,10371,34,21,0,0,0,462,1,0,0,21,0,0,0,0,0,0,0,0,0,3,2,0,0,0,0,0
1,4333292,6135,74,52,0,1,0,1278,1,0,0,89,0,2,0,0,0,0,0,0,0,11,3,0,0,0,0,0
1,5003116,164,5,2,0,0,0,17,1,0,0,2,0,0,0,0,0,0,0,0,0,0,0,0,0,0,0,0
1,2300188,11795,71,22,0,0,0,2899,1,0,0,112,0,0,0,0,0,0,0,0,0,11,6,0,0,0,0,0
1,4540393,68,7,0,0,0,4,38,0,0,0,0,0,0,0,0,0,3,1,0,0,0,0,0,0,0,0,0
1,4631779,69,7,0,0,0,13,146,0,0,0,0,0,0,0,0,0,12,1,0,0,0,0,0,0,0,0,0
1,5032230,45,5,1,0,0,0,7,1,0,0,1,0,0,0,0,0,0,0,0,0,0,0,0,0,0,0,0
1,2302655,15512,43,32,0,1,0,4398,1,0,0,196,0,1,0,0,0,0,0,0,0,18,7,0,0,0,0,0
1,5042936,2378,102,16,0,0,0,251,1,0,0,16,0,0,0,0,0,0,0,0,0,4,3,0,0,0,0,0
1,4771482,2961,80,15,0,0,0,2037,1,0,0,93,0,0,0,0,0,0,0,0,0,10,4,0,0,0,0,0
1,5029608,258,5,3,0,0,0,29,1,0,0,3,0,0,0,0,0,0,0,0,0,0,0,0,0,0,0,0
1,5904398,1258,37,9,0,0,0,166,0,0,0,16,0,0,0,0,0,0,0,0,0,0,2,0,0,0,0,0
1,5180279,113,24,2,1,1,50,182,2,3,0,37,5,1,3,0,3,0,0,0,0,11,1,0,0,0,0,0
1,2306989,4074,52,8,0,0,0,189,1,0,0,8,0,0,0,0,0,0,0,0,0,0,1,0,0,0,0,0
1,2305082,133,3,0,0,0,0,8,1,0,0,0,0,0,0,0,0,0,0,0,0,0,0,0,0,0,0,0
1,3916148,16442,106,2,1,0,0,60,0,0,0,2,1,0,0,0,0,0,0,0,0,0,2,0,0,0,0,0
1,5018136,3782,34,30,0,0,0,444,1,0,0,33,0,0,0,0,0,0,0,0,0,6,7,0,0,0,0,0
1,5155152,2994,124,8,0,0,0,347,0,0,0,17,0,0,0,0,0,0,0,0,0,0,4,0,0,0,0,0
1,4691965,129,7,0,0,0,6,42,0,0,0,0,0,0,0,0,0,0,1,0,0,0,0,0,0,0,0,0
1,5670878,107,17,4,2,0,60,384,0,0,0,159,2,0,1,0,1,23,0,0,0,43,0,0,0,0,0,0
1,5024714,2198,94,19,0,0,0,1038,1,0,0,80,0,0,0,0,0,0,0,0,0,12,8,0,0,0,0,0
1,4463787,5762,46,46,0,0,0,1090,1,0,0,77,0,0,0,0,0,0,0,0,0,6,3,0,0,0,0,0
1,5168009,3004,124,8,0,0,0,354,0,0,0,17,0,0,0,0,0,0,0,0,0,0,4,0,0,0,0,0
1,5057044,1282,46,6,0,0,0,129,1,0,0,6,0,0,0,0,0,0,0,0,0,0,1,0,0,0,0,0
1,5671089,107,17,4,2,0,60,384,0,0,0,159,2,0,1,0,1,23,0,0,0,43,0,0,0,0,0,0
1,5031828,506,5,3,0,0,0,51,1,0,0,3,0,0,0,0,0,0,0,0,0,0,0,0,0,0,0,0
1,3335522,4756,64,33,0,2,0,557,1,0,0,129,0,5,4,0,4,0,0,0,0,8,20,0,0,0,0,0
1,4658262,129,7,0,0,0,6,42,0,0,0,0,0,0,0,0,0,0,1,0,0,0,0,0,0,0,0,0
1,5041313,2019,120,10,0,0,0,251,0,0,0,12,0,0,0,0,0,0,0,0,0,5,2,0,0,0,0,0
1,4601116,70,7,0,0,0,14,154,0,0,0,0,0,0,0,0,0,13,1,0,0,0,0,0,0,0,0,0
1,3356919,237409,112980,4,0,0,0,13,0,0,0,4,0,0,0,0,0,0,0,0,0,0,0,0,0,0,0,0
1,4758948,75,15,0,0,0,1230,3105,0,0,0,0,0,0,0,0,0,0,0,0,0,0,1,0,0,0,0,0
1,5017256,1730,140,10,0,0,0,236,0,0,0,11,0,0,0,0,0,0,0,0,0,6,2,0,0,0,0,0
1,5671148,107,17,4,2,0,60,384,0,0,0,159,2,0,1,0,1,23,0,0,0,43,0,0,0,0,0,0
1,3763229,59,12,3,1,0,6778,6800,0,0,0,6,1,0,0,0,0,0,0,0,0,0,0,0,0,0,0,0
1,4126671,10451,177,11,0,0,6,752,0,0,0,39,0,0,0,0,0,0,0,0,0,1,1,0,0,0,0,0
1,4882212,196,9,0,0,0,12,186,0,0,0,0,0,0,0,0,0,0,1,0,0,0,0,0,0,0,0,0
1,3942535,2139,2118,2,0,1,3,20,0,0,0,2,0,1,0,0,0,0,0,0,0,0,1,0,0,0,0,0
1,5023484,3383,120,26,0,0,0,628,1,0,0,42,0,0,0,0,0,0,0,0,0,12,9,0,0,0,0,0
1,3362250,5423,76,60,0,3,0,1902,0,0,0,286,0,11,7,0,7,4,0,0,0,14,23,0,0,0,0,0
1,4467941,90,19,2,1,0,535,28,529,0,0,4,1,0,0,0,0,0,0,0,0,1,2,0,0,0,0,0
1,5014551,1374,5,14,0,0,0,190,1,0,0,17,0,0,0,0,0,0,0,0,0,1,3,0,0,0,0,0
1,3492128,237409,112980,4,0,0,0,13,0,0,0,4,0,0,0,0,0,0,0,0,0,0,0,0,0,0,0,0
1,4729120,74,7,0,0,0,12,208,0,0,0,0,0,0,0,0,0,22,1,0,0,0,0,0,0,0,0,0
1,5033848,1447,94,12,0,0,0,182,1,0,0,16,0,0,0,0,0,0,0,0,0,4,2,0,0,0,0,0
1,5340121,100,17,4,2,0,80,435,0,0,0,171,10,0,1,0,1,23,0,0,0,47,0,0,0,0,0,0
1,4467908,2320,4,8,0,0,0,269,1,0,0,8,0,0,0,0,0,0,0,0,0,5,0,0,0,0,0,0
1,3439719,237409,112980,4,0,0,0,13,0,0,0,4,0,0,0,0,0,0,0,0,0,0,0,0,0,0,0,0
1,4174831,4725,179,10,0,0,6,1852,0,0,0,45,0,0,0,0,0,0,0,0,0,1,1,0,0,0,0,0
1,4525630,67,7,0,0,0,14,150,0,0,0,0,0,0,0,0,0,13,1,0,0,0,0,0,0,0,0,0
1,5676178,107,17,4,2,0,60,386,0,0,0,159,2,0,1,0,1,23,0,0,0,45,0,0,0,0,0,0
1,5675680,107,17,4,2,0,60,386,0,0,0,159,2,0,1,0,1,23,0,0,0,45,0,0,0,0,0,0
1,4533492,67,7,0,0,0,14,150,0,0,0,0,0,0,0,0,0,13,1,0,0,0,0,0,0,0,0,0
1,5059755,1260,130,6,0,0,0,262,0,0,0,11,0,0,0,0,0,0,0,0,0,5,2,0,0,0,0,0
1,5672827,107,17,4,2,0,60,386,0,0,0,159,2,0,1,0,1,23,0,0,0,45,0,0,0,0,0,0
1,4707675,90,12,0,0,0,4,38,0,0,0,0,0,0,0,0,0,3,1,0,0,0,0,0,0,0,0,0
1,5271196,1851,74,39,0,0,0,185,0,0,0,48,0,0,0,0,0,0,0,0,0,0,1,0,0,0,0,0
1,5266355,142,41,3,0,0,1799,385,1267,0,0,421,0,0,0,0,0,0,0,0,0,1,2,0,0,0,0,0
1,5006493,348,4,3,0,0,0,38,1,0,0,3,0,0,0,0,0,0,0,0,0,1,0,0,0,0,0,0
1,5177360,3022,124,8,0,0,0,360,0,0,0,17,0,0,0,0,0,0,0,1,0,0,4,0,0,0,0,0
1,5003309,3995,112,32,0,1,0,970,1,0,0,72,0,1,0,0,0,0,0,0,0,12,9,0,0,0,0,0
1,4926997,1970,98,13,0,2,0,62,0,0,0,13,0,2,0,0,0,0,0,0,0,9,0,0,0,0,0,0
1,4963126,3523,346,10,1,0,21,1259,0,0,0,30,2,0,0,0,0,0,0,0,0,1,1,0,0,0,0,0
1,4376174,486,55,5,0,0,0,25,1,0,0,5,0,0,0,0,0,0,0,0,0,0,0,0,0,0,0,0
1,4633143,125,7,0,0,0,6,42,0,0,0,0,0,0,0,0,0,0,1,0,0,0,0,0,0,0,0,0
1,4656090,70,7,0,0,0,13,146,0,0,0,0,0,0,0,0,0,12,1,0,0,0,0,0,0,0,0,0
1,5166630,2997,124,8,0,0,0,347,0,0,0,17,0,0,0,0,0,0,0,0,0,0,4,0,0,0,0,0
1,5043143,1317,126,6,0,1,0,244,0,0,0,11,0,1,0,0,0,0,0,0,0,2,2,0,0,0,0,0
1,4519202,68,7,0,0,0,4,38,0,0,0,0,0,0,0,0,0,3,1,0,0,0,0,0,0,0,0,0
1,5032952,1937,128,14,0,0,0,666,1,0,0,39,0,0,1,0,1,0,0,0,0,8,9,0,0,0,0,0
1,4143277,4817,179,10,0,0,6,1862,0,0,0,45,0,0,0,0,0,0,0,0,0,1,1,0,0,0,0,0
1,5676059,107,17,4,2,0,60,386,0,0,0,159,2,0,1,0,1,23,0,0,0,45,0,0,0,0,0,0
1,3498416,237947,112980,4,0,0,0,24,0,0,0,4,0,0,0,0,0,0,0,0,0,0,0,0,0,0,0,0
1,4699727,81,10,0,0,0,4,38,0,0,0,0,0,0,0,0,0,3,1,0,0,0,0,0,0,0,0,0
1,4467267,69,7,0,0,0,4,38,0,0,0,0,0,0,0,0,0,3,1,0,0,0,0,0,0,0,0,0
1,5002410,1853,138,9,0,0,0,197,0,0,0,12,0,0,0,0,0,0,0,0,0,3,2,0,0,0,0,0
1,5676214,107,17,4,2,0,60,386,0,0,0,159,2,0,1,0,1,23,0,0,0,45,0,0,0,0,0,0
1,5004139,2086,102,9,0,0,0,273,0,0,0,11,0,0,0,0,0,0,0,0,0,8,1,0,0,0,0,0
1,2296262,8864,43,19,0,1,0,879,1,0,0,37,0,1,0,0,0,0,0,0,0,4,2,0,0,0,0,0
1,5010714,2771,34,25,0,1,0,991,1,0,0,83,0,1,0,0,0,0,0,0,0,13,11,0,0,0,0,0
1,4992702,601,4,9,0,0,0,58,1,0,0,9,0,0,0,0,0,0,0,0,0,1,0,0,0,0,0,0
1,4815040,6259,150,7,0,0,10,276,0,0,0,20,0,0,0,0,0,0,0,0,0,1,1,0,0,0,0,0
1,4680872,69,7,0,0,0,4,47,0,0,0,0,0,0,0,0,0,6,1,0,0,0,0,0,0,0,0,0
1,3327868,85644,14,1,0,1,61,106,24,0,0,7,0,1,0,0,0,0,0,0,0,5,1,0,0,0,0,0
1,3276640,5185,37,44,0,1,0,203,1,0,0,44,0,1,5,0,5,0,0,0,0,2,3,0,0,0,0,0
1,3545160,71338,35,1,1,0,82,141,27,0,0,3,4,0,0,0,0,0,0,0,0,0,1,0,0,0,0,0
1,5014961,813,34,7,0,0,0,71,1,0,0,7,0,0,0,0,0,0,0,0,0,0,0,0,0,0,0,0
1,5018325,62,3,1,0,0,0,8,1,0,0,1,0,0,0,0,0,0,0,0,0,0,0,0,0,0,0,0
1,5025700,2159,5,15,0,0,0,434,1,0,0,28,0,0,1,0,1,0,0,0,0,8,6,0,0,0,0,0
1,5673095,107,17,4,2,0,60,386,0,0,0,159,2,0,1,0,1,23,0,0,0,45,0,0,0,0,0,0
1,5044327,2330,114,12,0,0,0,256,0,0,0,12,0,0,1,0,1,0,0,0,0,5,2,0,0,0,0,0
1,5314994,163,22,2,0,0,15,95,0,0,0,5,0,0,0,0,0,2,0,0,0,0,3,0,0,0,0,0
1,4335706,888,80,5,0,0,0,97,1,0,0,5,0,0,0,0,0,0,0,0,0,1,0,0,0,0,0,0
1,3943813,2139,2118,2,0,1,3,20,0,0,0,2,0,1,0,0,0,0,0,0,0,0,1,0,0,0,0,0
1,4863674,3384,347,10,1,0,25,1254,0,0,0,34,2,0,0,0,0,0,0,0,0,3,1,0,0,0,0,0
1,4478792,69,7,0,0,0,4,38,0,0,0,0,0,0,0,0,0,3,1,0,0,0,0,0,0,0,0,0
1,5016857,1839,5,19,0,0,0,500,1,0,0,40,0,0,0,0,0,0,0,0,0,5,9,0,0,0,0,0
1,4656007,6609,135,9,1,0,6,297,0,0,0,22,2,0,0,0,0,0,0,0,0,1,1,0,0,0,0,0
1,4710749,96,14,0,0,0,4,42,0,0,0,0,0,0,0,0,0,6,1,0,0,0,0,0,0,0,0,0
1,5671383,107,17,4,2,0,60,384,0,0,0,159,2,0,1,0,1,23,0,0,0,43,0,0,0,0,0,0
1,5513079,591,45,10,2,0,490,5486,0,0,0,3679,824,0,1,0,1,0,0,0,0,0,2,0,0,0,0,0
1,4661525,129,7,0,0,0,6,42,0,0,0,0,0,0,0,0,0,0,1,0,0,0,0,0,0,0,0,0
1,4699204,135,7,0,0,0,6,48,0,0,0,0,0,0,0,0,0,0,1,0,0,0,0,0,0,0,0,0
1,2286691,7339,49,17,0,0,0,654,1,0,0,26,0,0,0,0,0,0,0,0,0,3,5,0,0,0,0,0
1,5009033,1374,5,7,0,0,0,371,1,0,0,20,0,0,0,0,0,0,0,0,0,2,3,0,0,0,0,0
1,3304408,71368,83,1,0,1,46,106,9,0,0,7,0,1,0,0,0,0,0,0,0,5,1,0,0,0,0,0
1,5010414,2087,5,16,0,0,0,264,1,0,0,20,0,0,0,0,0,0,0,0,0,3,4,0,0,0,0,0
1,4451113,1642,43,15,0,0,0,180,1,0,0,15,0,0,0,0,0,0,0,0,0,2,1,0,0,0,0,0
1,4311178,1643,39,14,0,0,0,229,1,0,0,18,0,0,0,0,0,0,0,0,0,1,1,0,0,0,0,0
1,5672770,107,17,4,2,0,60,386,0,0,0,159,2,0,1,0,1,23,0,0,0,45,0,0,0,0,0,0
1,4734547,9332,357,12,1,0,6,361,0,0,0,23,2,0,0,0,0,0,0,0,0,1,1,0,0,0,0,0
1,5011635,609,5,7,0,0,0,64,1,0,0,7,0,0,0,0,0,0,0,0,0,0,0,0,0,0,0,0
1,4865257,78,8,0,0,0,11,209,0,0,0,0,0,0,0,0,0,20,1,0,0,0,0,0,0,0,0,0
1,3245667,159,54,1,1,0,30,49,10,1,0,2,1,0,0,0,0,0,0,0,0,2,1,0,0,0,0,0
1,5338887,163,22,2,0,0,15,89,0,0,0,5,0,0,0,0,0,2,0,0,0,0,3,0,0,0,0,0
1,4218182,1431,22,0,0,1,1,82,0,0,0,0,0,1,0,0,0,0,0,0,0,1,1,0,0,0,0,0
1,5048787,1950,108,10,0,1,0,258,0,0,0,11,0,1,0,0,0,0,0,0,0,7,2,0,0,0,0,0
1,4775417,89,7,0,0,0,14,186,0,0,0,0,0,0,0,0,0,13,1,0,0,0,0,0,0,0,0,0
1,5338457,163,22,2,0,0,15,95,0,0,0,5,0,0,0,0,0,2,0,0,0,0,3,0,0,0,0,0
1,5676163,107,17,4,2,0,60,386,0,0,0,159,2,0,1,0,1,23,0,0,0,45,0,0,0,0,0,0
1,4711628,148,15,0,0,0,18,201,0,0,0,0,0,0,0,0,0,0,1,0,0,0,0,0,0,0,0,0
1,4510012,67,7,0,0,0,4,38,0,0,0,0,0,0,0,0,0,3,1,0,0,0,0,0,0,0,0,0
1,5058334,1848,154,9,0,0,0,212,0,0,0,11,0,0,0,0,0,0,0,0,0,5,1,0,0,0,0,0
1,2317543,4054,49,13,0,0,0,182,1,0,0,13,0,0,0,0,0,0,0,0,0,0,1,0,0,0,0,0
1,4619634,160,7,0,0,0,37,160,0,0,0,0,0,0,0,0,0,14,1,0,0,0,0,0,0,0,0,0
1,4406582,1761,58,11,0,0,0,195,1,0,0,11,0,0,0,0,0,0,0,0,0,2,0,0,0,0,0,0
1,5221876,2401,99,8,0,0,0,332,0,0,0,17,0,0,0,0,0,0,0,0,0,1,4,0,0,0,0,0
1,3324046,5297,8,0,0,1,2,3,0,0,0,0,0,1,0,0,0,0,0,0,0,1,1,0,0,0,0,0
1,4694565,85,6,0,0,0,4,62,0,0,0,0,0,0,0,0,0,6,1,0,0,0,0,0,0,0,0,0
1,5035909,207,5,0,0,0,0,56,1,0,0,0,0,0,0,0,0,0,0,0,0,1,2,0,0,0,0,0
1,4847776,97,6,0,0,0,14,158,0,0,0,0,0,0,0,0,0,13,1,0,0,0,0,0,0,0,0,0
1,4679488,64,5,0,0,0,4,47,0,0,0,0,0,0,0,0,0,6,1,0,0,0,0,0,0,0,0,0
1,4672123,130,7,0,0,0,6,45,0,0,0,0,0,0,0,0,0,0,1,0,0,0,0,0,0,0,0,0
1,3654216,41897,34,7,5,1,69,218,0,0,0,38,21,1,0,0,0,0,0,0,0,1,1,0,0,0,0,0
1,4674123,128,7,0,0,0,6,42,0,0,0,0,0,0,0,0,0,0,1,0,0,0,0,0,0,0,0,0
1,5004423,3909,122,30,0,1,0,898,1,0,0,73,0,1,0,0,0,0,0,0,0,12,9,0,0,0,0,0
1,5126546,63,11,2,0,0,4,18,0,0,0,7,0,0,0,0,0,0,0,0,0,2,0,0,0,0,0,0
1,3535841,237409,112980,4,0,0,0,13,0,0,0,4,0,0,0,0,0,0,0,0,0,0,0,0,0,0,0,0
1,5670918,107,17,4,2,0,60,384,0,0,0,159,2,0,1,0,1,23,0,0,0,43,0,0,0,0,0,0
1,4980640,80,8,0,0,0,11,218,0,0,0,0,0,0,0,0,0,20,1,0,0,0,0,0,0,0,0,0
1,2301833,15318,37,31,0,0,0,1887,1,0,0,84,0,0,0,0,0,0,0,0,0,11,4,0,0,0,0,0
1,3324998,245586,116850,4,0,0,0,25,0,0,0,4,0,0,0,0,0,0,0,0,0,0,0,0,0,0,0,0
1,4444399,4469,45,19,0,0,0,1244,0,0,0,46,0,0,0,0,0,0,0,0,0,4,3,0,0,0,0,0
1,3311672,366184,90,1,0,1,39,106,0,0,0,7,0,1,0,0,0,0,0,0,0,5,1,0,0,0,0,0
1,3434754,237961,112980,4,0,0,0,24,0,0,0,4,0,0,0,0,0,0,0,0,0,0,0,0,0,0,0,0
1,5110217,364,76,12,2,1,1943,9130,0,0,0,1902,8,1,2,0,2,0,0,0,0,6,2,0,0,0,0,0
1,2406891,5038,5000,1,1,1,50,128,0,0,0,24,3,1,0,0,0,0,0,0,0,3,0,0,0,0,0,0
1,3550613,237409,112980,4,0,0,0,13,0,0,0,4,0,0,0,0,0,0,0,0,0,0,0,0,0,0,0,0
1,5583617,1966,936,6,0,0,0,172,0,0,0,6,0,0,0,0,0,0,0,0,0,1,1,0,0,0,0,0
1,5013966,1884,104,10,0,1,0,187,1,0,0,10,0,1,0,0,0,0,0,0,0,5,2,0,0,0,0,0
1,4633143,125,7,0,0,0,6,42,0,0,0,0,0,0,0,0,0,0,1,0,0,0,0,0,0,0,0,0
1,4736322,75,15,0,0,0,1306,3257,0,0,0,0,0,0,0,0,0,0,0,0,0,0,1,0,0,0,0,0
1,5049613,10,3,0,0,0,0,2,1,0,0,0,0,0,0,0,0,0,0,0,0,0,0,0,0,0,0,0
1,4713820,9671,351,20,1,0,5,372,0,0,0,25,2,0,0,0,0,0,0,0,0,1,1,0,0,0,0,0
1,4588877,9208,356,20,1,0,5,374,0,0,0,25,2,0,0,0,0,0,0,0,0,1,1,0,0,0,0,0
1,4405147,5081,79,24,0,0,0,582,1,0,0,24,0,0,0,0,0,0,0,0,0,3,1,0,0,0,0,0
1,5654709,180,51,2,0,0,16,97,0,0,0,15,0,0,0,0,0,0,0,0,0,0,1,0,0,0,0,0
1,4717954,83,11,0,0,0,4,38,0,0,0,0,0,0,0,0,0,3,1,0,0,0,0,0,0,0,0,0
1,3390302,65820,14,1,0,1,49,106,11,0,0,7,0,1,0,0,0,0,0,0,0,5,1,0,0,0,0,0
1,2488785,114182,14,1,0,1,39,106,0,0,0,7,0,1,0,0,0,0,0,0,0,5,1,0,0,0,0,0
1,3328975,57079,10,1,1,1,51,154,0,0,0,3,4,1,0,0,0,0,0,0,0,1,0,0,0,0,0,0
1,3580370,144829,144738,3,0,1,0,7,0,0,0,3,0,1,0,0,0,0,0,0,0,1,1,0,0,0,0,0
1,4610668,9264,352,17,1,0,5,369,0,0,0,25,2,0,0,0,0,0,0,0,0,1,1,0,0,0,0,0
1,5651626,180,51,2,0,0,16,100,0,0,0,15,0,0,0,0,0,0,0,0,0,0,1,0,0,0,0,0
1,3298047,114085,90,1,0,1,39,106,0,0,0,7,0,1,0,0,0,0,0,0,0,5,1,0,0,0,0,0
1,4314883,7447,25,0,0,1,2,496,0,0,0,0,0,1,0,0,0,0,0,0,0,1,1,0,0,0,0,0
1,5171425,2995,124,8,0,0,0,353,0,0,0,17,0,0,0,0,0,0,0,0,0,0,4,0,0,0,0,0
1,2981337,19368,12,0,1,0,0,4293,0,0,0,0,1,0,0,0,0,0,0,0,0,1,0,0,0,0,0,0
1,5030886,1481,120,7,0,0,0,243,0,0,0,11,0,0,0,0,0,0,0,0,0,6,2,0,0,0,0,0
1,3404014,237724,113130,4,0,0,0,13,0,0,0,4,0,0,0,0,0,0,0,0,0,0,0,0,0,0,0,0
1,4612355,9085,345,17,1,0,5,371,0,0,0,25,2,0,0,0,0,0,0,0,0,1,1,0,0,0,0,0
1,4561875,70,7,0,0,0,14,154,0,0,0,0,0,0,0,0,0,13,1,0,0,0,0,0,0,0,0,0
1,4674928,127,7,0,0,0,6,42,0,0,0,0,0,0,0,0,0,0,1,0,0,0,0,0,0,0,0,0
1,5335185,163,22,2,0,0,15,92,0,0,0,5,0,0,0,0,0,2,0,0,0,0,3,0,0,0,0,0
1,2293281,6341,54,12,0,0,0,424,1,0,0,14,0,0,0,0,0,0,0,0,0,0,2,0,0,0,0,0
1,4159948,10309,159,10,0,0,7,1023,0,0,0,47,0,0,0,0,0,0,0,0,0,1,1,0,0,0,0,0
1,4647006,92,6,0,0,0,4,56,0,0,0,0,0,0,0,0,0,3,1,0,0,0,0,0,0,0,0,0
1,5676342,107,17,4,2,0,60,386,0,0,0,159,2,0,1,0,1,23,0,0,0,45,0,0,0,0,0,0
1,4494869,66,7,0,0,0,4,38,0,0,0,0,0,0,0,0,0,3,1,0,0,0,0,0,0,0,0,0
1,5209228,2401,99,8,0,0,0,326,0,0,0,17,0,0,0,0,0,0,0,0,0,0,4,0,0,0,0,0
1,5068712,1958,47,11,0,1,0,275,0,0,0,11,0,1,0,0,0,0,0,0,0,6,2,0,0,0,0,0
1,5133651,62,11,2,0,0,3,18,0,0,0,5,0,0,0,0,0,0,0,0,0,2,0,0,0,0,0,0
1,5293409,120,22,2,0,0,22,89,0,0,0,3,0,0,0,0,0,2,0,0,0,0,1,0,0,0,0,0
1,4838417,76,6,0,0,0,17,303,0,0,0,0,0,0,0,0,0,32,1,0,0,0,0,0,0,0,0,0
1,3361006,237409,112980,4,0,0,0,13,0,0,0,4,0,0,0,0,0,0,0,0,0,0,0,0,0,0,0,0
1,4510012,67,7,0,0,0,4,38,0,0,0,0,0,0,0,0,0,3,1,0,0,0,0,0,0,0,0,0
1,5031583,340,5,4,0,0,0,54,1,0,0,7,0,0,1,0,1,0,0,0,0,0,1,0,0,0,0,0
1,4901505,79,8,0,0,0,11,209,0,0,0,0,0,0,0,0,0,20,1,0,0,0,0,0,0,0,0,0
1,5588541,1966,936,6,0,0,0,143,0,0,0,6,0,0,0,0,0,0,0,0,0,1,1,0,0,0,0,0
1,5017596,1453,5,11,0,0,0,158,1,0,0,11,0,0,0,0,0,0,0,0,0,2,2,0,0,0,0,0
1,2301986,618,45,1,0,0,0,24,1,0,0,1,0,0,0,0,0,0,0,0,0,0,1,0,0,0,0,0
1,4706662,8887,331,12,1,0,6,371,0,0,0,24,2,0,0,0,0,0,0,0,0,1,1,0,0,0,0,0
1,3407733,237409,112980,4,0,0,0,13,0,0,0,4,0,0,0,0,0,0,0,0,0,0,0,0,0,0,0,0
1,4782078,9155,344,17,1,0,5,369,0,0,0,25,2,0,0,0,0,0,0,0,0,1,1,0,0,0,0,0
1,5262401,1811,74,39,0,0,0,168,0,0,0,48,0,0,0,0,0,0,0,0,0,0,1,0,0,0,0,0
1,4645807,9065,352,20,1,0,5,380,0,0,0,25,2,0,0,0,0,0,0,0,0,1,1,0,0,0,0,0
1,4525193,15247,20,1,0,1,7,1325,0,0,0,2,0,2,1,0,1,0,0,0,0,1,8,0,2,2,0,0
1,5036113,554,5,4,0,0,0,65,1,0,0,4,0,0,0,0,0,0,0,0,0,2,0,0,0,0,0,0
1,2827920,50668,7,1,0,1,5,11,0,0,0,2,0,1,0,0,0,0,0,0,0,0,0,0,0,0,0,0
1,5665263,180,51,2,0,0,16,98,0,0,0,15,0,0,0,0,0,0,0,0,0,0,1,0,0,0,0,0
1,5115179,118157,118131,1,3,1,30,168,0,0,0,5,12,1,0,0,0,0,0,0,0,2,1,0,0,0,0,0
1,4434495,6343,55,31,0,1,0,1263,0,0,0,48,0,2,0,0,0,0,0,0,0,7,1,0,0,0,0,0
1,4528335,69,7,0,0,0,4,38,0,0,0,0,0,0,0,0,0,3,1,0,0,0,0,0,0,0,0,0
1,5676139,107,17,4,2,0,60,386,0,0,0,159,2,0,1,0,1,23,0,0,0,45,0,0,0,0,0,0
1,5183313,3263,369,10,1,0,24,876,0,0,0,33,2,0,0,0,0,0,0,0,0,2,1,0,0,0,0,0
1,5267034,1847,74,39,0,0,0,186,0,0,0,48,0,0,0,0,0,0,0,0,0,0,1,0,0,0,0,0
1,5018364,498,5,5,0,0,0,60,1,0,0,5,0,0,0,0,0,0,0,0,0,0,0,0,0,0,0,0
1,4674838,69,7,0,0,0,13,146,0,0,0,0,0,0,0,0,0,12,1,0,0,0,0,0,0,0,0,0
1,4682323,6170,145,7,0,0,10,273,0,0,0,20,0,0,0,0,0,0,0,0,0,1,1,0,0,0,0,0
1,5002422,1413,43,13,0,1,0,402,1,0,0,35,0,1,0,0,0,0,0,0,0,7,5,0,0,0,0,0
1,4690954,82,10,0,0,0,4,38,0,0,0,0,0,0,0,0,0,3,1,0,0,0,0,0,0,0,0,0
1,5659963,180,51,2,0,0,16,99,0,0,0,15,0,0,0,0,0,0,0,0,0,0,1,0,0,0,0,0
1,4998078,1553,5,13,0,0,0,386,1,0,0,31,0,0,0,0,0,0,0,0,0,2,6,0,0,0,0,0
1,5054225,1781,144,10,0,0,0,245,0,0,0,11,0,0,0,0,0,0,0,0,0,8,3,0,0,0,0,0
1,5074139,3496,344,10,1,0,29,892,0,0,0,38,2,0,0,0,0,0,0,0,0,2,1,0,0,0,0,0
1,5021689,2934,90,29,0,0,0,951,1,0,0,77,0,0,0,0,0,0,0,0,0,8,10,0,0,0,0,0
1,4201671,124,61,0,0,0,1072,2789,0,0,0,0,0,0,0,0,0,0,0,0,0,0,1,0,0,0,0,0
1,5676480,107,17,4,2,0,60,386,0,0,0,159,2,0,1,0,1,23,0,0,0,45,0,0,0,0,0,0
1,4503563,69,7,0,0,0,4,38,0,0,0,0,0,0,0,0,0,3,1,0,0,0,0,0,0,0,0,0
1,4315657,6547,51,28,0,0,0,1342,0,0,0,46,0,0,0,0,0,0,0,0,0,6,1,0,0,0,0,0
1,5035049,1009,5,8,0,0,0,111,1,0,0,8,0,0,0,0,0,0,0,0,0,3,1,0,0,0,0,0
1,4700416,65,6,0,0,0,14,158,0,0,0,0,0,0,0,0,0,13,1,0,0,0,0,0,0,0,0,0
1,5223385,2445,99,8,0,0,0,352,0,0,0,17,0,0,0,0,0,0,0,0,0,1,6,0,0,0,0,0
1,4756935,123,7,0,0,0,6,42,0,0,0,0,0,0,0,0,0,0,1,0,0,0,0,0,0,0,0,0
1,5004438,1098,124,7,0,0,0,112,1,0,0,7,0,0,0,0,0,0,0,0,0,3,3,0,0,0,0,0
1,5023085,1043,5,5,0,1,0,121,1,0,0,5,0,1,0,0,0,0,0,0,0,7,1,0,0,0,0,0
1,4946633,136,12,7,0,1,0,34,0,0,0,12,0,1,0,0,0,3,0,0,0,0,6,0,0,0,0,0
1,4165988,4796,189,10,0,0,6,1842,0,0,0,45,0,0,0,0,0,0,0,97,0,1,1,0,0,0,0,0
1,3755876,114134,14,1,0,1,190,106,152,0,0,7,0,1,0,0,0,0,0,0,0,5,1,0,0,0,0,0
1,3355646,237409,112980,4,0,0,0,13,0,0,0,4,0,0,0,0,0,0,0,0,0,0,0,0,0,0,0,0
1,5171124,3005,124,8,0,0,0,354,0,0,0,17,0,0,0,0,0,0,0,0,0,0,4,0,0,0,0,0
1,5173519,3003,124,8,0,0,0,350,0,0,0,17,0,0,0,0,0,0,0,0,0,0,4,0,0,0,0,0
1,4071233,4928,179,11,0,0,6,2418,0,0,0,47,0,0,0,0,0,0,0,0,0,1,1,0,0,0,0,0
1,5658975,180,64,2,0,0,16,97,0,0,0,15,0,0,0,0,0,0,0,0,0,0,1,0,0,0,0,0
1,5671719,107,17,4,2,0,60,384,0,0,0,159,2,0,1,0,1,23,0,0,0,43,0,0,0,0,0,0
1,5030517,1052,5,7,0,0,0,246,1,0,0,16,0,0,0,0,0,0,0,0,0,6,5,0,0,0,0,0
1,5311927,163,22,2,0,0,15,92,0,0,0,5,0,0,0,0,0,2,0,0,0,0,3,0,0,0,0,0
1,5193107,490967,19404,10,2,0,0,19312,0,0,0,11,2,0,1,0,1,0,0,1,0,13,5,0,0,0,0,0
1,3917902,71385,29,1,2,0,111,92,77,0,0,4,6,0,0,0,0,0,0,0,0,2,1,0,0,0,0,0
1,5201980,176359,210,17,0,3,0,21585,0,0,0,34,0,3,0,0,0,0,0,0,0,8,4,0,0,0,0,0
1,5263427,1811,74,39,0,0,0,168,0,0,0,48,0,0,0,0,0,0,0,0,0,0,1,0,0,0,0,0
1,5023850,1784,112,9,0,0,0,228,0,0,0,11,0,0,1,0,1,0,0,0,0,7,2,0,0,0,0,0
1,4336682,2155,52,12,0,0,0,270,1,0,0,14,0,0,0,0,0,0,0,0,0,3,3,0,0,0,0,0
1,5014770,1950,120,7,0,0,0,241,0,0,0,11,0,0,0,0,0,0,0,0,0,5,1,0,0,0,0,0
1,4820813,6519,133,9,1,0,6,291,0,0,0,22,2,0,0,0,0,0,0,0,0,1,1,0,0,0,0,0
1,5010161,2316,48,20,0,0,0,931,1,0,0,74,0,0,0,0,0,0,0,0,0,13,6,0,0,0,0,0
1,4658684,129,7,0,0,0,6,45,0,0,0,0,0,0,0,0,0,0,1,0,0,0,0,0,0,0,0,0
1,4955619,107,18,1,0,0,214,188,3,0,0,4,0,0,0,0,0,0,0,0,0,0,2,0,0,0,0,0
1,4164750,4714,169,10,0,0,6,1789,0,0,0,45,0,0,0,0,0,0,0,0,0,1,1,0,0,0,0,0
1,5009634,3457,362,10,1,0,31,1234,0,0,0,40,2,0,0,0,0,0,0,0,0,1,1,0,0,0,0,0
1,2928072,15881,7,1,0,1,5,11,0,0,0,2,0,1,0,0,0,0,0,0,0,0,0,0,0,0,0,0
1,5020752,12,3,0,0,0,0,2,1,0,0,0,0,0,0,0,0,0,0,0,0,0,0,0,0,0,0,0
1,5670761,107,17,4,2,0,60,384,0,0,0,159,2,0,1,0,1,23,0,0,0,43,0,0,0,0,0,0
1,5662292,180,51,2,0,0,16,98,0,0,0,15,0,0,0,0,0,0,0,0,0,0,1,0,0,0,0,0
1,3103976,618754,29,1,2,0,111,97,77,0,0,4,6,0,0,0,0,0,0,0,0,2,1,0,0,0,0,0
1,5042496,1343,63,7,0,0,0,259,0,0,0,11,0,0,0,0,0,0,0,0,0,4,2,0,0,0,0,0
1,5003213,2257,100,10,0,0,0,265,0,0,0,12,0,0,0,0,0,0,0,0,0,7,2,0,0,0,0,0
1,2304458,11604,34,22,0,0,0,541,1,0,0,22,0,0,0,0,0,0,0,0,0,4,1,0,0,0,0,0
1,5279206,120,22,2,0,0,22,89,0,0,0,3,0,0,0,0,0,2,0,0,0,0,1,0,0,0,0,0
1,3301683,46968,60,1,0,0,60,165,0,0,0,12,0,0,0,0,0,0,0,0,0,7,2,0,0,0,0,0
1,5670917,107,17,4,2,0,60,384,0,0,0,159,2,0,1,0,1,23,0,0,0,43,0,0,0,0,0,0
1,5671050,107,17,4,2,0,60,384,0,0,0,159,2,0,1,0,1,23,0,0,0,43,0,0,0,0,0,0
1,5670706,107,17,4,2,0,60,384,0,0,0,159,2,0,1,0,1,23,0,0,0,43,0,0,0,0,0,0
1,5273077,1850,74,39,0,0,0,181,0,0,0,48,0,0,0,0,0,0,0,0,0,0,1,0,0,0,0,0
1,5160254,3008,124,8,0,0,0,350,0,0,0,17,0,0,0,0,0,0,0,0,0,0,4,0,0,0,0,0
1,4528335,69,7,0,0,0,4,38,0,0,0,0,0,0,0,0,0,3,1,0,0,0,0,0,0,0,0,0
1,4996740,739,5,5,0,0,0,79,1,0,0,5,0,0,0,0,0,0,0,0,0,3,1,0,0,0,0,0
1,3805942,85610,32,1,2,0,111,92,77,0,0,4,6,0,0,0,0,0,0,0,0,2,1,0,0,0,0,0
1,4590680,75,15,0,0,0,1215,3075,0,0,0,0,0,0,0,0,0,0,0,0,0,0,1,0,0,0,0,0
1,5009022,1395,5,13,0,0,0,140,1,0,0,13,0,0,0,0,0,0,0,0,0,1,4,0,0,0,0,0
1,4825974,6096,181,7,1,0,5,281,0,0,0,17,1,0,0,0,0,0,0,0,0,1,2,0,0,0,0,0
1,3392783,245594,116850,4,0,0,0,25,0,0,0,4,0,0,0,0,0,0,0,0,0,0,0,0,0,0,0,0
1,5101406,14678,24,206,0,0,4,2056,0,0,0,246,0,0,0,0,0,0,0,0,0,1,1,0,0,0,0,0
1,4930612,1662,126,11,0,0,0,62,0,0,0,12,0,0,0,0,0,0,0,0,0,6,1,0,0,0,0,0
1,5280813,1849,74,39,0,0,0,186,0,0,0,48,0,0,0,0,0,0,0,0,0,0,1,0,0,0,0,0
1,2949577,93534,8,1,0,1,5,11,0,0,0,2,0,1,0,0,0,0,0,0,0,0,0,0,0,0,0,0
1,4148988,10530,154,11,0,0,6,759,0,0,0,39,0,0,0,0,0,0,0,0,0,1,1,0,0,0,0,0
1,3778259,71364,28,1,2,0,106,92,71,0,0,4,6,0,0,0,0,0,0,0,0,2,1,0,0,0,0,0
1,5010942,3566,5,35,0,0,0,376,1,0,0,35,0,0,0,0,0,0,0,0,0,0,7,0,0,0,0,0
1,5667012,107,17,4,2,0,60,384,0,0,0,159,2,0,1,0,1,23,0,0,0,43,0,0,0,0,0,0
1,5017300,1735,118,10,0,1,0,238,0,0,0,12,0,2,0,0,0,0,0,0,0,6,2,0,0,0,0,0
1,4846865,9027,350,17,1,0,5,362,0,0,0,25,2,0,0,0,0,0,0,0,0,1,1,0,0,0,0,0
1,5105062,811,19,1,0,1,152,340,0,0,0,2,0,1,0,0,0,0,0,0,0,4,1,0,0,0,0,0
1,5025814,1564,5,14,0,0,0,157,1,0,0,14,0,0,0,0,0,0,0,0,0,1,2,0,0,0,0,0
1,4324482,841,57,5,0,0,0,83,1,0,0,5,0,0,0,0,0,0,0,0,0,0,1,0,0,0,0,0
1,5017452,1134,5,10,0,0,0,283,1,0,0,22,0,0,0,0,0,0,0,0,0,6,3,0,0,0,0,0
1,5591853,1966,936,6,0,0,0,164,0,0,0,6,0,0,0,0,0,0,0,0,0,1,1,0,0,0,0,0
1,4097411,4803,169,10,0,0,6,1751,0,0,0,45,0,0,0,0,0,0,0,0,0,1,1,0,0,0,0,0
1,4402421,1044,94,7,0,0,0,147,1,0,0,10,0,0,0,0,0,0,0,0,0,1,2,0,0,0,0,0
1,5664643,180,51,2,0,0,16,98,0,0,0,15,0,0,0,0,0,0,0,0,0,0,1,0,0,0,0,0
1,4883833,6249,144,7,0,0,10,278,0,0,0,20,0,0,0,0,0,0,0,0,0,1,1,0,0,0,0,0
1,5265604,120,22,2,0,0,22,89,0,0,0,3,0,0,0,0,0,2,0,0,0,0,1,0,0,0,0,0
1,3401312,4092,69,28,0,4,0,613,1,0,0,116,0,10,2,0,2,1,0,0,0,4,17,0,0,0,0,0
1,5019743,1694,130,10,0,0,0,234,0,0,0,12,0,0,0,0,0,0,0,0,0,3,4,0,0,0,0,0
1,4612221,9288,346,20,1,0,5,384,0,0,0,25,2,0,0,0,0,0,0,0,0,1,1,0,0,0,0,0
1,4536537,6297,126,7,0,0,10,279,0,0,0,20,0,0,0,0,0,0,0,0,0,1,1,0,0,0,0,0
1,3390550,4608,86,40,0,3,0,1978,0,0,0,296,0,13,6,0,6,4,0,0,0,3,22,0,0,0,0,0
1,5222982,2441,99,8,0,0,0,339,0,0,0,17,0,0,0,0,0,0,0,0,0,0,5,0,0,0,0,0
1,2295829,7410,38,12,0,0,0,822,1,0,0,31,0,0,0,0,0,0,0,0,0,1,5,0,0,0,0,0
1,4954421,350,114,1,0,0,0,13,1,0,0,1,0,0,0,0,0,0,0,0,0,2,0,0,0,0,0,0
1,4434286,6172,163,7,0,0,10,272,0,0,0,20,0,0,0,0,0,0,0,0,0,1,1,0,0,0,0,0
1,4694908,128,7,0,0,0,6,42,0,0,0,0,0,0,0,0,0,0,1,0,0,0,0,0,0,0,0,0
1,5667815,107,17,4,2,0,60,386,0,0,0,159,2,0,1,0,1,23,0,0,0,45,0,0,0,0,0,0
1,5426234,225,30,2,1,0,591,150,528,0,0,50,1,0,0,0,0,0,0,0,0,1,2,0,0,0,0,0
1,4156212,4679,179,10,0,0,6,1812,0,0,0,45,0,0,0,0,0,0,0,0,0,1,1,0,0,0,0,0
1,5013972,1837,126,10,0,0,0,241,0,0,0,12,0,0,0,0,0,0,0,0,0,6,1,0,0,0,0,0
1,3492535,237409,112980,4,0,0,0,13,0,0,0,4,0,0,0,0,0,0,0,0,0,0,0,0,0,0,0,0
1,5016314,1866,112,11,0,0,0,234,0,0,0,12,0,0,0,0,0,0,0,0,0,5,3,0,0,0,0,0
1,4666629,6476,132,9,1,0,6,289,0,0,0,22,2,0,0,0,0,0,0,0,0,1,1,0,0,0,0,0
1,3914930,57588,30,1,2,0,111,92,77,0,0,4,6,0,0,0,0,0,0,0,0,2,1,0,0,0,0,0
1,5667564,107,17,4,2,0,60,384,0,0,0,159,2,0,1,0,1,23,0,0,0,43,0,0,0,0,0,0
1,3812473,7235,20,6,0,1,1,975,0,0,0,12,0,2,0,0,0,0,0,0,0,4,1,0,0,0,0,0
1,5109292,1931,45,10,0,0,0,267,0,0,0,11,0,0,0,0,0,0,0,0,0,4,3,0,0,0,0,0
1,5308553,212,30,2,1,0,531,47,520,0,0,7,1,0,0,0,0,0,0,0,0,1,2,0,0,0,0,0
1,5009013,718,5,8,0,0,0,77,1,0,0,8,0,0,0,0,0,0,0,0,0,0,0,0,0,0,0,0
1,4554571,70,7,0,0,0,4,38,0,0,0,0,0,0,0,0,0,3,1,0,0,0,0,0,0,0,0,0
1,4635303,125,7,0,0,0,6,42,0,0,0,0,0,0,0,0,0,0,1,0,0,0,0,0,0,0,0,0
1,3489099,247541,117780,4,0,0,0,25,0,0,0,4,0,0,0,0,0,0,0,0,0,0,0,0,0,0,0,0
1,4510494,66,7,0,0,0,4,38,0,0,0,0,0,0,0,0,0,3,1,0,0,0,0,0,0,0,0,0
1,5577701,1966,936,6,0,0,0,144,0,0,0,6,0,0,0,0,0,0,0,0,0,1,1,0,0,0,0,0
1,4549971,68,7,0,0,0,4,38,0,0,0,0,0,0,0,0,0,3,1,0,0,0,0,0,0,0,0,0
1,4116274,4992,179,11,0,0,6,2614,0,0,0,47,0,0,0,0,0,0,0,0,0,1,1,0,0,0,0,0
1,5026983,141,4,0,0,0,0,15,1,0,0,0,0,0,0,0,0,0,0,0,0,0,0,0,0,0,0,0
1,4507306,69,7,0,0,0,4,38,0,0,0,0,0,0,0,0,0,3,1,0,0,0,0,0,0,0,0,0
1,4620438,69,7,0,0,0,13,146,0,0,0,0,0,0,0,0,0,12,1,0,0,0,0,0,0,0,0,0
1,5026804,2428,5,17,0,0,0,391,1,0,0,29,0,0,0,0,0,0,0,0,0,6,6,0,0,0,0,0
1,2298334,9444,47,19,0,0,0,587,1,0,0,24,0,0,0,0,0,0,0,0,0,6,1,0,0,0,0,0
1,4682411,9274,346,20,1,0,5,370,0,0,0,25,2,0,0,0,0,0,0,0,0,1,1,0,0,0,0,0
1,4519710,3403,4,10,0,0,0,387,1,0,0,10,0,0,0,0,0,0,0,0,0,4,0,0,0,0,0,0
1,4693384,75,15,0,0,0,1289,3223,0,0,0,0,0,0,0,0,0,0,0,0,0,0,1,0,0,0,0,0
1,4706918,79,10,0,0,0,4,38,0,0,0,0,0,0,0,0,0,3,1,0,0,0,0,0,0,0,0,0
1,5672861,107,17,4,2,0,60,386,0,0,0,159,2,0,1,0,1,23,0,0,0,45,0,0,0,0,0,0
1,5030951,1907,114,11,0,0,0,255,0,0,0,12,0,0,0,0,0,0,0,0,0,4,2,0,0,0,0,0
1,3346370,48191,48186,1,0,0,0,92,0,0,1,3,0,0,1,0,1,0,0,0,0,5,1,0,0,0,0,0
1,3189614,446253,32,1,0,1,26,8195,21,0,0,2,0,1,0,0,0,0,0,0,0,1,0,0,0,0,0,0
1,4527225,70,7,0,0,0,4,38,0,0,0,0,0,0,0,0,0,3,1,0,0,0,0,0,0,0,0,0
1,4666049,69,7,0,0,0,4,47,0,0,0,0,0,0,0,0,0,6,1,0,0,0,0,0,0,0,0,0
1,4634464,68,7,0,0,0,13,146,0,0,0,0,0,0,0,0,0,12,1,0,0,0,0,0,0,0,0,0
1,5655115,180,51,2,0,0,16,98,0,0,0,15,0,0,0,0,0,0,0,0,0,0,1,0,0,0,0,0
1,5211804,71,11,2,0,0,7,30,0,0,0,7,0,0,0,0,0,0,0,0,0,2,0,0,0,0,0,0
1,5677082,180,51,2,0,0,16,97,0,0,0,15,0,0,0,0,0,0,0,0,0,0,1,0,0,0,0,0
1,4699136,130,7,0,0,0,6,45,0,0,0,0,0,0,0,0,0,0,1,0,0,0,0,0,0,0,0,0
1,3969030,85625,31,1,1,1,319,87,268,0,0,3,4,1,0,0,0,0,0,0,0,1,0,0,0,0,0,0
1,5650622,180,51,2,0,0,16,100,0,0,0,15,0,0,0,0,0,0,0,0,0,0,1,0,0,0,0,0
1,4651767,69,7,0,0,0,13,146,0,0,0,0,0,0,0,0,0,12,1,0,0,0,0,0,0,0,0,0
1,5663082,180,51,2,0,0,16,100,0,0,0,15,0,0,0,0,0,0,0,0,0,0,1,0,0,0,0,0
1,4890275,167,9,0,0,0,6,54,0,0,0,0,0,0,0,0,0,0,1,0,0,0,0,0,0,0,0,0
1,5013528,1661,100,14,0,0,0,199,1,0,0,15,0,0,0,0,0,0,0,0,0,2,3,0,0,0,0,0
1,5035064,1842,130,8,0,0,0,223,0,0,0,11,0,0,0,0,0,0,0,0,0,6,2,0,0,0,0,0
1,3500550,57134,25,1,1,1,51,154,0,0,0,3,4,1,0,0,0,0,0,0,0,1,0,0,0,0,0,0
1,4684250,81,10,0,0,0,4,38,0,0,0,0,0,0,0,0,0,3,1,0,0,0,0,0,0,0,0,0
1,5648923,180,64,2,0,0,16,98,0,0,0,15,0,0,0,0,0,0,0,0,0,0,1,0,0,0,0,0
1,4419980,1333,50,7,0,0,0,174,1,0,0,8,0,0,0,0,0,0,0,0,0,2,0,0,0,0,0,0
1,3458870,237409,112980,4,0,0,0,13,0,0,0,4,0,0,0,0,0,0,0,0,0,0,0,0,0,0,0,0
1,4549365,69,7,0,0,0,4,38,0,0,0,0,0,0,0,0,0,3,1,0,0,0,0,0,0,0,0,0
1,4640768,128,7,0,0,0,6,45,0,0,0,0,0,0,0,0,0,0,1,0,0,0,0,0,0,0,0,0
1,5173614,3032,124,8,0,0,0,368,0,0,0,17,0,0,0,0,0,0,0,0,0,0,4,0,0,0,0,0
1,5009152,2622,55,26,0,0,0,510,1,0,0,47,0,0,1,0,1,0,0,0,0,10,5,0,0,0,0,0
1,4584874,70,7,0,0,0,4,38,0,0,0,0,0,0,0,0,0,3,1,0,0,0,0,0,0,0,0,0
1,3205816,276504,275947,2,2,0,135193,117,2,0,0,18,12,0,0,0,0,0,0,0,0,3,1,0,0,0,0,0
1,4959362,41,15,1,0,0,12,30,0,0,0,1,0,0,0,0,0,0,0,0,0,0,2,0,0,0,0,0
1,5164614,2993,124,8,0,0,0,350,0,0,0,17,0,0,0,0,0,0,0,0,0,0,4,0,0,0,0,0
1,4584483,68,7,0,0,0,4,47,0,0,0,0,0,0,0,0,0,6,1,0,0,0,0,0,0,0,0,0
1,4507306,69,7,0,0,0,4,38,0,0,0,0,0,0,0,0,0,3,1,0,0,0,0,0,0,0,0,0
1,4977794,82,8,0,0,0,11,218,0,0,0,0,0,0,0,0,0,20,1,0,0,0,0,0,0,0,0,0
1,4519202,68,7,0,0,0,4,38,0,0,0,0,0,0,0,0,0,3,1,0,0,0,0,0,0,0,0,0
1,5219861,2440,99,8,0,0,0,346,0,0,0,17,0,0,0,0,0,0,0,0,0,1,4,0,0,0,0,0
1,4637057,129,7,0,0,0,6,45,0,0,0,0,0,0,0,0,0,0,1,0,0,0,0,0,0,0,0,0
1,5028825,1350,5,11,0,0,0,247,1,0,0,18,0,0,0,0,0,0,0,0,0,5,2,0,0,0,0,0
1,5671905,180,51,2,0,0,16,99,0,0,0,15,0,0,0,0,0,0,0,0,0,0,1,0,0,0,0,0
1,4751150,6330,135,7,1,0,5,284,0,0,0,17,1,0,0,0,0,0,0,0,0,1,2,0,0,0,0,0
1,5029602,1762,5,12,0,0,0,173,1,0,0,12,0,0,0,0,0,0,0,0,0,3,2,0,0,0,0,0
1,4631899,64,6,0,0,0,4,38,0,0,0,0,0,0,0,0,0,3,1,0,0,0,0,0,0,0,0,0
1,3883491,2139,2118,2,0,1,3,20,0,0,0,2,0,1,0,0,0,0,0,0,0,0,1,0,0,0,0,0
1,5650324,180,51,2,0,0,16,100,0,0,0,15,0,0,0,0,0,0,0,0,0,0,1,0,0,0,0,0
1,5661944,180,64,2,0,0,16,95,0,0,0,15,0,0,0,0,0,0,0,0,0,0,1,0,0,0,0,0
1,4648049,92,7,0,0,0,15,174,0,0,0,0,0,0,0,0,0,14,1,0,0,0,0,0,0,0,0,0
1,5013439,4634,70,40,0,1,0,1010,1,0,0,80,0,1,0,0,0,0,0,0,0,14,11,0,0,0,0,0
1,4770435,87,12,0,0,0,5,41,0,0,0,0,0,0,0,0,0,3,1,0,0,0,1,0,0,0,0,0
1,5475809,419,68,0,0,0,0,29,0,0,0,0,0,0,1,0,1,1,0,0,0,1,1,0,0,0,0,0
1,4874662,74,5,0,0,0,11,199,0,0,0,0,0,0,0,0,0,20,1,0,0,0,0,0,0,0,0,0
1,5217475,2441,99,8,0,0,0,333,0,0,0,17,0,0,0,0,0,0,0,0,0,1,4,0,0,0,0,0
1,4540361,70,7,0,0,0,14,150,0,0,0,0,0,0,0,0,0,13,1,0,0,0,0,0,0,0,0,0
1,4770346,9538,24,22,0,0,4,699,0,0,0,49,0,0,0,0,0,0,0,0,0,1,2,0,0,0,0,0
1,5024656,1382,5,12,0,0,0,141,1,0,0,12,0,0,1,0,1,0,0,0,0,1,2,0,0,0,0,0
1,4650987,67,7,0,0,0,13,146,0,0,0,0,0,0,0,0,0,12,1,0,0,0,0,0,0,0,0,0
1,4695970,88,12,0,0,0,4,47,0,0,0,0,0,0,0,0,0,6,1,0,0,0,0,0,0,0,0,0
1,4437606,91,19,2,1,0,585,28,579,0,0,4,1,0,0,0,0,0,0,0,0,1,2,0,0,0,0,0
1,4957187,410,18,6,0,0,0,57,0,0,0,6,0,0,0,0,0,1,0,0,0,0,7,0,0,0,0,0
1,5349280,163,22,2,0,0,15,95,0,0,0,5,0,0,0,0,0,2,0,0,0,0,3,0,0,0,0,0
1,5044520,1879,40,10,0,1,0,252,0,0,0,11,0,1,0,0,0,0,0,0,0,4,2,0,0,0,0,0
1,4684974,72,7,0,0,0,4,50,0,0,0,0,0,0,0,0,0,6,1,0,0,0,0,0,0,0,0,0
1,5018397,375,5,3,0,0,0,119,1,0,0,7,0,0,0,0,0,0,0,0,0,0,2,0,0,0,0,0
1,4966015,1846,134,11,0,0,0,139,1,0,0,11,0,0,1,0,1,0,0,0,0,4,1,0,0,0,0,0
1,3935579,2139,2118,2,0,1,3,20,0,0,0,2,0,1,0,0,0,0,0,0,0,0,2,0,0,0,0,0
1,5670679,107,17,4,2,0,60,384,0,0,0,159,2,0,1,0,1,23,0,0,0,43,0,0,0,0,0,0
1,4714941,123,7,0,0,0,6,45,0,0,0,0,0,0,0,0,0,0,1,0,0,0,0,0,0,0,0,0
1,5672800,107,17,4,2,0,60,386,0,0,0,159,2,0,1,0,1,23,0,0,0,45,0,0,0,0,0,0
1,5038371,2102,120,11,0,0,0,249,0,0,0,12,0,0,0,0,0,0,0,0,0,4,2,0,0,0,0,0
1,3372515,247546,117780,4,0,0,0,25,0,0,0,4,0,0,0,0,0,0,0,0,0,0,0,0,0,0,0,0
1,5223909,2442,99,8,0,0,0,346,0,0,0,17,0,0,0,0,0,0,0,0,0,0,4,0,0,0,0,0
1,4905436,136,15,3,0,0,0,13,0,0,0,3,0,0,0,0,0,0,0,0,0,0,0,0,0,0,0,0
1,5583162,1966,936,6,0,0,0,174,0,0,0,6,0,0,0,0,0,0,0,0,0,1,1,0,0,0,0,0
1,5014239,1759,120,11,0,0,0,235,0,0,0,12,0,0,0,0,0,0,0,0,0,7,2,0,0,0,0,0
1,5671689,107,17,4,2,0,60,384,0,0,0,159,2,0,1,0,1,23,0,0,0,43,0,0,0,0,0,0
1,4707306,89,12,0,0,0,4,47,0,0,0,0,0,0,0,0,0,6,1,0,0,0,0,0,0,0,0,0
1,5022515,114,4,0,0,0,0,12,1,0,0,0,0,0,0,0,0,0,0,0,0,1,1,0,0,0,0,0
1,5667919,107,17,4,2,0,60,384,0,0,0,159,2,0,1,0,1,23,0,0,0,43,0,0,0,0,0,0
1,5107044,90389,90368,2,2,1,81,154,3,0,0,16,12,2,0,0,0,0,0,0,0,3,3,0,0,0,0,0
1,5657480,180,53,2,0,0,16,97,0,0,0,15,0,0,0,0,0,0,0,0,0,0,1,0,0,0,0,0
1,5141683,63,11,2,0,0,4,18,0,0,0,7,0,0,0,0,0,0,0,0,0,2,0,0,0,0,0,0
1,3326890,57079,10,1,1,1,51,154,0,0,0,3,4,1,0,0,0,0,0,0,0,1,0,0,0,0,0,0
1,5020809,1773,112,10,0,0,0,248,0,0,0,12,0,0,1,0,1,0,0,0,0,6,2,0,0,0,0,0
1,5667669,107,17,4,2,0,60,384,0,0,0,159,2,0,1,0,1,23,0,0,0,43,0,0,0,0,0,0
1,4626504,125,7,0,0,0,6,42,0,0,0,0,0,0,0,0,0,0,1,0,0,0,0,0,0,0,0,0
1,3832535,1008,24,0,0,1,2,10,0,0,0,0,0,1,0,0,0,0,0,0,0,1,1,0,0,0,0,0
1,4998885,1375,104,6,0,1,0,267,0,0,0,12,0,1,0,0,0,0,0,0,0,6,1,0,0,0,0,0
1,5474756,419,67,0,0,0,0,29,0,0,0,0,0,0,1,0,1,1,0,0,0,1,1,0,0,0,0,0
1,4711024,137,12,0,0,0,6,42,0,0,0,0,0,0,0,0,0,0,1,0,0,0,0,0,0,0,0,0
1,4954029,3426,346,10,1,0,25,1246,0,0,0,34,1,0,0,0,0,0,0,0,0,1,2,0,0,0,0,0
1,2290061,1241,41,3,0,0,0,53,1,0,0,3,0,0,0,0,0,0,0,0,0,1,0,0,0,0,0,0
1,5672644,107,17,4,2,0,60,386,0,0,0,159,2,0,1,0,1,23,0,0,0,45,0,0,0,0,0,0
1,2317745,14602,36,28,0,0,0,1500,1,0,0,63,0,0,0,0,0,0,0,0,0,8,4,0,0,0,0,0
1,5671089,107,17,4,2,0,60,384,0,0,0,159,2,0,1,0,1,23,0,0,0,43,0,0,0,0,0,0
1,5022050,2416,106,19,0,2,0,613,1,0,0,45,0,2,0,0,0,0,0,0,0,11,6,0,0,0,0,0
1,4544098,77,9,0,0,0,4,38,0,0,0,0,0,0,0,0,0,3,1,0,0,0,0,0,0,0,0,0
1,5340219,100,17,4,2,0,80,435,0,0,0,171,10,0,1,0,1,23,0,0,0,47,0,0,0,0,0,0
1,5673068,107,17,4,2,0,60,386,0,0,0,159,2,0,1,0,1,23,0,0,0,45,0,0,0,0,0,0
1,5158228,322,214,1,0,0,0,15,0,0,0,1,0,0,1,0,1,0,0,0,0,0,1,0,0,0,0,0
1,3499147,237409,112980,4,0,0,0,13,0,0,0,4,0,0,0,0,0,0,0,0,0,0,0,0,0,0,0,0
1,5310005,163,22,2,0,0,15,95,0,0,0,5,0,0,0,0,0,2,0,0,0,0,3,0,0,0,0,0
1,3882640,2187,2166,2,0,1,3,20,0,0,0,2,0,1,0,0,0,0,0,0,0,0,1,0,0,0,0,0
1,5009698,633,156,3,0,0,0,46,1,0,0,3,0,0,0,0,0,0,0,0,0,1,0,0,0,0,0,0
1,5635939,180,51,2,0,0,16,100,0,0,0,15,0,0,0,0,0,0,0,0,0,0,1,0,0,0,0,0
1,4518306,75,38,0,0,0,1387,2711,0,0,0,0,0,0,0,0,0,0,0,0,0,0,1,0,0,0,0,0
1,5278745,1811,74,39,0,0,0,168,0,0,0,48,0,0,0,0,0,0,0,0,0,0,1,0,0,0,0,0
1,4631921,157,9,0,0,0,2,35,0,0,0,0,0,0,0,0,0,1,1,0,0,0,0,0,0,0,0,0
1,5028107,712,5,2,0,0,0,81,1,0,0,2,0,0,0,0,0,0,0,0,0,4,1,0,0,0,0,0
1,5671422,107,17,4,2,0,60,384,0,0,0,159,2,0,1,0,1,23,0,0,0,43,0,0,0,0,0,0
1,4892926,93,12,0,0,0,6,33,0,0,0,0,0,0,0,0,0,0,1,0,0,0,0,0,0,0,0,0
1,5576310,1966,936,6,0,0,0,146,0,0,0,6,0,0,0,0,0,0,0,0,0,1,1,0,0,0,0,0
1,4615078,86,12,0,0,0,4,38,0,0,0,0,0,0,0,0,0,3,1,0,0,0,0,0,0,0,0,0
1,4483939,6723,47,25,0,0,0,1363,0,0,0,41,0,0,0,0,0,0,0,0,0,8,0,0,0,0,0,0
1,5105888,1790,12,6,0,0,0,355,1,0,0,10,0,0,0,0,0,0,0,0,0,0,0,0,0,0,0,0
1,4574333,64,5,0,0,0,4,38,0,0,0,0,0,0,0,0,0,3,1,0,0,0,1,0,0,0,0,0
1,4620662,82,5,0,0,0,14,206,0,0,0,0,0,0,0,0,0,13,1,0,0,0,0,0,0,0,0,0
1,4554571,70,7,0,0,0,4,38,0,0,0,0,0,0,0,0,0,3,1,0,0,0,0,0,0,0,0,0
1,4703056,126,7,0,0,0,6,42,0,0,0,0,0,0,0,0,0,0,1,0,0,0,0,0,0,0,0,0
1,5062762,1797,5,10,0,1,0,198,1,0,0,10,0,1,0,0,0,0,0,0,0,5,1,0,0,0,0,0
1,1830310,5038,5000,1,1,1,80,188,0,0,0,54,3,1,0,0,0,0,0,0,0,3,0,0,0,0,0,0
1,4518831,69,7,0,0,0,4,38,0,0,0,0,0,0,0,0,0,3,1,0,0,0,0,0,0,0,0,0
1,5272109,1808,74,39,0,0,0,169,0,0,0,48,0,0,0,0,0,0,0,0,0,0,1,0,0,0,0,0
1,5003687,2998,5,27,0,0,0,463,1,0,0,40,0,0,0,0,0,0,0,0,0,4,9,0,0,0,0,0
1,5011889,1516,118,7,0,1,0,226,0,0,0,12,0,1,1,0,1,0,0,0,0,5,3,0,0,0,0,0
1,4588569,5074,8,6,0,1,0,350,1,0,0,6,0,1,0,0,0,0,0,0,0,4,1,0,0,0,0,0
1,3372969,237409,112980,4,0,0,0,13,0,0,0,4,0,0,0,0,0,0,0,0,0,0,0,0,0,0,0,0
1,4660483,64,5,0,0,0,4,47,0,0,0,0,0,0,0,0,0,6,1,0,0,0,0,0,0,0,0,0
1,4949154,742,152,2,0,0,0,19,1,0,0,2,0,0,0,0,0,0,0,0,0,3,0,0,0,0,0,0
1,5031551,1962,124,9,0,0,0,262,0,0,0,13,0,0,0,0,0,0,0,0,0,6,3,0,0,0,0,0
1,4537854,455,4,2,0,0,2,41,1,0,0,2,0,0,0,0,0,0,0,0,0,0,0,0,0,0,0,0
1,4816537,6080,136,7,0,0,10,273,0,0,0,20,0,0,0,0,0,0,0,0,0,1,1,0,0,0,0,0
1,4735020,133,7,0,0,0,6,51,0,0,0,0,0,0,0,0,0,0,1,0,0,0,0,0,0,0,0,0
1,5025916,1504,5,10,0,0,0,164,1,0,0,10,0,0,0,0,0,0,0,0,0,3,1,0,0,0,0,0
1,5039663,2683,5,20,0,0,0,294,1,0,0,20,0,0,0,0,0,0,0,0,0,5,5,0,0,0,0,0
1,5638790,506454,2805,1,1,0,55,6730,1,0,0,9,1,0,0,0,0,0,0,1,0,7,5,0,0,0,0,0
1,3674369,403,8,0,0,1,0,3,0,0,0,0,0,1,0,0,0,0,0,0,0,1,1,0,0,0,0,0
1,4519202,68,7,0,0,0,4,38,0,0,0,0,0,0,0,0,0,3,1,0,0,0,0,0,0,0,0,0
1,5078777,1546,63,8,0,0,0,249,0,0,0,12,0,0,0,0,0,0,0,0,0,7,2,0,0,0,0,0
1,4369019,2158,39,20,0,0,0,229,1,0,0,20,0,0,0,0,0,0,0,0,0,1,1,0,0,0,0,0
1,3493988,237955,112980,4,0,0,0,24,0,0,0,4,0,0,0,0,0,0,0,0,0,0,0,0,0,0,0,0
1,4820534,72,5,0,0,0,13,251,0,0,0,0,0,0,0,0,0,24,1,0,0,0,0,0,0,0,0,0
1,5044525,2055,102,11,0,0,0,254,0,0,0,11,0,0,0,0,0,0,0,0,0,5,2,0,0,0,0,0
1,4155575,4587,189,10,0,0,6,1840,0,0,0,45,0,0,0,0,0,0,0,0,0,1,1,0,0,0,0,0
1,5078442,63,11,2,0,0,4,18,0,0,0,7,0,0,0,0,0,0,0,0,0,2,0,0,0,0,0,0
1,5016148,1897,34,23,0,1,0,273,1,0,0,28,0,1,0,0,0,0,0,0,0,3,2,0,0,0,0,0
1,5581970,1966,936,6,0,0,0,147,0,0,0,6,0,0,0,0,0,0,0,0,0,1,1,0,0,0,0,0
1,2301876,11447,75,17,0,2,0,1894,1,0,0,73,0,2,0,0,0,0,0,0,0,12,4,0,0,0,0,0
1,4789219,9246,338,20,1,0,5,377,0,0,0,25,2,0,0,0,0,0,0,0,0,1,1,0,0,0,0,0
1,5011624,2051,114,9,0,0,0,273,0,0,0,11,0,0,0,0,0,0,0,0,0,8,3,0,0,0,0,0
1,4635290,128,7,0,0,0,6,45,0,0,0,0,0,0,0,0,0,0,1,0,0,0,0,0,0,0,0,0
1,2979387,3741,12,0,0,0,0,3,0,0,0,0,0,0,0,0,0,0,0,0,0,1,0,0,0,0,0,0
1,5027189,1888,132,15,0,0,0,248,1,0,0,20,0,0,1,0,1,0,0,0,0,2,3,0,0,0,0,0
1,4938006,1543,112,10,0,0,0,55,0,0,0,13,0,0,0,0,0,0,0,0,0,5,1,0,0,0,0,0
1,2288030,9822,65,18,0,0,0,463,1,0,0,18,0,0,0,0,0,0,0,0,0,2,0,0,0,0,0,0
1,4509624,68,7,0,0,0,4,38,0,0,0,0,0,0,0,0,0,3,1,0,0,0,0,0,0,0,0,0
1,5255620,1823,74,28,0,0,0,174,0,0,0,37,0,0,0,0,0,0,0,0,0,0,2,0,0,0,0,0
1,5676058,107,17,4,2,0,60,386,0,0,0,159,2,0,1,0,1,23,0,0,0,45,0,0,0,0,0,0
1,4632179,120,7,0,0,0,14,210,0,0,0,0,0,0,0,0,0,13,1,0,0,0,0,0,0,0,0,0
1,5663789,180,51,2,0,0,16,97,0,0,0,15,0,0,0,0,0,0,0,0,0,0,1,0,0,0,0,0
1,5005793,1948,124,10,0,0,0,255,0,0,0,11,0,0,0,0,0,0,0,0,0,5,2,0,0,0,0,0
1,3327422,3636,54,34,0,2,0,414,1,0,0,59,0,3,4,0,4,0,0,0,0,9,9,0,0,0,0,0
1,5036326,1771,5,11,0,0,0,375,1,0,0,25,0,0,0,0,0,0,0,0,0,7,5,0,0,0,0,0
1,5164263,2997,124,8,0,0,0,344,0,0,0,17,0,0,0,0,0,0,0,1,0,0,4,0,0,0,0,0
1,4137750,124,61,0,0,0,1024,2693,0,0,0,0,0,0,0,0,0,0,0,0,0,0,1,0,0,0,0,0
1,2933270,50668,57,1,0,1,25,51,0,0,0,3,0,1,0,0,0,0,0,0,0,1,0,0,0,0,0,0
1,5668020,107,17,4,2,0,60,384,0,0,0,159,2,0,1,0,1,23,0,0,0,43,0,0,0,0,0,0
1,5014289,1285,5,11,0,0,0,304,1,0,0,23,0,0,0,0,0,0,0,0,0,5,3,0,0,0,0,0
1,5170177,2997,124,8,0,0,0,352,0,0,0,17,0,0,0,0,0,0,0,0,0,0,5,0,0,0,0,0
1,4432512,92,19,2,1,0,532,28,526,0,0,4,1,0,0,0,0,0,0,0,0,1,2,0,0,0,0,0
1,4766562,9543,24,24,0,0,4,701,0,0,0,52,0,0,0,0,0,0,0,0,0,1,2,0,0,0,0,0
1,5022336,1958,100,10,0,0,0,240,0,0,0,11,0,0,2,0,2,0,0,0,0,5,1,0,0,0,0,0
1,2697204,80583,14,1,0,1,39,106,0,0,0,7,0,1,0,0,0,0,0,0,0,5,1,0,0,0,0,0
1,5573584,1966,936,6,0,0,0,156,0,0,0,6,0,0,0,0,0,0,0,0,0,1,1,0,0,0,0,0
1,4539860,69,7,0,0,0,4,38,0,0,0,0,0,0,0,0,0,3,1,0,0,0,0,0,0,0,0,0
1,3391576,4335,82,33,0,2,0,1945,0,0,0,307,0,16,7,0,7,0,0,0,0,9,22,0,0,0,0,0
1,3221345,15486,8,1,1,0,3,8,0,0,0,4,1,0,0,0,0,0,0,0,0,2,0,0,0,0,0,0
1,4997425,1916,124,7,0,0,0,260,0,0,0,11,0,0,1,0,1,0,0,0,0,6,1,0,0,0,0,0
1,5168606,1554019,44,1,0,1,39,42880,0,0,0,7,0,1,0,0,0,0,0,0,0,5,1,0,0,0,0,0
1,5016553,1385,46,12,0,1,0,270,1,0,0,21,0,1,0,0,0,0,0,0,0,1,1,0,0,0,0,0
1,5165107,2996,124,8,0,0,0,354,0,0,0,17,0,0,0,0,0,0,0,0,0,0,4,0,0,0,0,0
1,5163041,2993,124,8,0,0,0,345,0,0,0,17,0,0,0,0,0,0,0,0,0,0,4,0,0,0,0,0
1,5668061,107,17,4,2,0,60,384,0,0,0,159,2,0,1,0,1,23,0,0,0,43,0,0,0,0,0,0
1,3559957,237409,112980,4,0,0,0,13,0,0,0,4,0,0,0,0,0,0,0,0,0,0,0,0,0,0,0,0
1,5676655,107,17,4,2,0,60,386,0,0,0,159,2,0,1,0,1,23,0,0,0,45,0,0,0,0,0,0
1,4620402,127,7,0,0,0,6,45,0,0,0,0,0,0,0,0,0,0,1,0,0,0,0,0,0,0,0,0
1,5043041,1936,5,10,0,1,0,197,1,0,0,10,0,1,0,0,0,0,0,0,0,3,3,0,0,0,0,0
1,5106339,14547,24,211,0,0,4,2041,0,0,0,248,0,0,0,0,0,0,0,0,0,1,2,0,0,0,0,0
1,4402489,5858,41,23,0,1,0,1029,0,0,0,48,0,2,0,0,0,0,0,0,0,6,1,0,0,0,0,0
1,4710356,121,7,0,0,0,6,45,0,0,0,0,0,0,0,0,0,0,1,0,0,0,0,0,0,0,0,0
1,5278858,1847,74,39,0,0,0,184,0,0,0,48,0,0,0,0,0,0,0,0,0,0,1,0,0,0,0,0
1,5671747,107,17,4,2,0,60,384,0,0,0,159,2,0,1,0,1,23,0,0,0,43,0,0,0,0,0,0
1,4429693,1477,46,8,0,0,0,149,1,0,0,8,0,0,0,0,0,0,0,0,0,0,1,0,0,0,0,0
1,4978086,1681,110,10,0,0,0,161,1,0,0,10,0,0,0,0,0,0,0,0,0,10,1,0,0,0,0,0
1,4405313,1963,48,13,0,0,0,210,1,0,0,13,0,0,0,0,0,0,0,0,0,2,3,0,0,0,0,0
1,2310459,11201,70,25,0,0,0,1189,1,0,0,54,0,0,0,0,0,0,0,0,0,8,6,0,0,0,0,0
1,4717126,108,10,0,0,0,14,210,0,0,0,0,0,0,0,0,0,13,1,0,0,0,0,0,0,0,0,0
1,2309448,13946,102,30,0,0,0,641,1,0,0,30,0,0,0,0,0,0,0,0,0,2,2,0,0,0,0,0
1,3814246,63,12,3,1,0,6698,6720,0,0,0,6,1,0,0,0,0,0,0,0,0,0,0,0,0,0,0,0
1,4792942,141,11,0,0,0,15,287,0,0,0,0,0,0,0,0,0,28,1,0,0,0,0,0,0,0,0,0
1,4751444,85,11,0,0,0,4,38,0,0,0,0,0,0,0,0,0,3,1,0,0,0,0,0,0,0,0,0
1,5007564,4021,45,36,0,1,0,416,1,0,0,36,0,1,0,0,0,0,0,0,0,8,6,0,0,0,0,0
1,3376871,3031,43,25,0,2,0,992,1,0,0,142,0,9,9,0,9,0,0,0,0,9,22,0,0,0,0,0
1,4468192,64,6,0,0,0,4,40,0,0,0,0,0,0,0,0,0,3,0,0,0,0,0,0,0,0,0,0
1,5159547,2998,124,8,0,0,0,350,0,0,0,17,0,0,0,0,0,0,0,0,0,0,4,0,0,0,0,0
1,4476384,68,7,0,0,0,14,150,0,0,0,0,0,0,0,0,0,13,1,0,0,0,0,0,0,0,0,0
1,4764378,6170,133,7,0,0,10,279,0,0,0,20,0,0,0,0,0,0,0,0,0,1,1,0,0,0,0,0
1,5020010,3534,339,10,1,0,19,859,0,0,0,28,2,0,0,0,0,0,0,0,0,1,1,0,0,0,0,0
1,5105790,2206,31,8,0,0,0,439,0,0,0,12,0,0,0,0,0,0,0,0,0,6,1,0,0,0,0,0
1,4644824,126,7,0,0,0,6,45,0,0,0,0,0,0,0,0,0,0,1,0,0,0,0,0,0,0,0,0
1,4623503,64,6,0,0,0,4,38,0,0,0,0,0,0,0,0,0,3,1,0,0,0,0,0,0,0,0,0
1,5053982,1434,112,6,0,1,0,244,0,0,0,11,0,1,0,0,0,0,0,0,0,7,1,0,0,0,0,0
1,3373921,5331,38,42,0,2,0,1975,0,0,0,307,0,13,10,0,10,2,0,0,0,11,21,0,0,0,0,0
1,5047419,2182,138,11,0,0,0,251,0,0,0,11,0,0,2,0,2,0,0,0,0,3,4,0,0,0,0,0
1,2299064,16841,98,27,0,0,0,1106,1,0,0,46,0,0,0,0,0,0,0,0,0,7,4,0,0,0,0,0
1,5017170,875,34,7,0,0,0,204,1,0,0,16,0,0,0,0,0,0,0,0,0,7,2,0,0,0,0,0
1,5582445,1966,936,6,0,0,0,143,0,0,0,6,0,0,0,0,0,0,0,0,0,1,1,0,0,0,0,0
1,4896166,1392,120,10,0,0,0,61,0,0,0,13,0,0,0,0,0,0,0,0,0,7,1,0,0,0,0,0
1,5171677,3008,124,8,0,0,0,355,0,0,0,17,0,0,0,0,0,0,0,0,0,0,4,0,0,0,0,0
1,5169674,2996,124,8,0,0,0,350,0,0,0,17,0,0,0,0,0,0,0,0,0,0,4,0,0,0,0,0
1,2301605,9852,47,16,0,0,0,2034,1,0,0,86,0,0,0,0,0,0,0,0,0,6,4,0,0,0,0,0
1,4612212,69,7,0,0,0,14,192,0,0,0,0,0,0,0,0,0,26,1,0,0,0,0,0,0,0,0,0
1,5035573,2071,126,11,0,0,0,246,0,0,0,12,0,0,0,0,0,0,0,0,0,6,3,0,0,0,0,0
1,5024079,369,42,3,0,0,0,29,1,0,0,3,0,0,0,0,0,0,0,0,0,0,0,0,0,0,0,0
1,5001518,1826,104,10,0,0,0,225,0,0,0,12,0,0,0,0,0,0,0,0,0,3,2,0,0,0,0,0
1,5668085,180,51,2,0,0,16,98,0,0,0,15,0,0,0,0,0,0,0,0,0,0,1,0,0,0,0,0
1,3657316,41878,33,7,5,1,69,218,0,0,0,38,21,1,0,0,0,0,0,3,0,1,1,0,0,0,0,0
1,5031395,1747,5,13,0,0,0,423,1,0,0,30,0,0,0,0,0,0,0,0,0,7,3,0,0,0,0,0
1,3236287,65781,60,1,0,0,60,165,0,0,0,12,0,0,0,0,0,0,0,0,0,7,2,0,0,0,0,0
1,5019177,1267,94,8,0,0,0,229,0,0,0,12,0,0,0,0,0,0,0,0,0,5,3,0,0,0,0,0
1,5685239,25663,344,2,1,0,39,943,0,0,0,22,11,0,0,0,0,0,0,0,0,3,1,0,0,0,0,0
1,4430623,1285,59,8,0,0,0,262,1,0,0,14,0,0,0,0,0,0,0,0,0,4,1,0,0,0,0,0
1,5563800,1966,936,6,0,0,0,155,0,0,0,6,0,0,0,0,0,0,0,0,0,1,1,0,0,0,0,0
1,5683119,180,51,2,0,0,16,99,0,0,0,15,0,0,0,0,0,0,0,0,0,0,1,0,0,0,0,0
1,4743153,9171,344,17,1,0,5,369,0,0,0,25,2,0,0,0,0,0,0,1,0,1,1,0,0,0,0,0
1,5016156,1298,118,7,0,1,0,232,0,0,0,11,0,1,0,0,0,0,0,0,0,2,4,0,0,0,0,0
1,3408103,4972,60,45,0,3,0,1932,0,0,0,312,0,17,5,0,5,1,0,0,0,9,23,0,0,0,0,0
1,3992189,7123,6950,2,0,0,0,11,0,0,0,2,0,0,0,0,0,0,0,0,0,0,1,0,0,0,0,0
1,2133819,29129,29070,1,2,1,34,81,17,0,0,4,4,1,0,0,0,0,0,0,0,3,0,0,0,0,0,0
1,3350706,1835,71,12,0,1,0,191,1,0,0,22,0,1,0,0,0,0,0,0,0,2,4,0,0,0,0,0
1,4658190,128,7,0,0,0,6,45,0,0,0,0,0,0,0,0,0,0,1,0,0,0,0,0,0,0,0,0
1,5015328,534,5,4,0,0,0,57,1,0,0,4,0,0,0,0,0,0,0,0,0,2,1,0,0,0,0,0
1,5464493,216,30,1,0,0,557,162,501,0,0,47,0,0,0,0,0,0,0,0,0,1,2,0,0,0,0,0
1,4509624,68,7,0,0,0,4,38,0,0,0,0,0,0,0,0,0,3,1,0,0,0,0,0,0,0,0,0
1,3356464,3557,84,25,0,2,0,869,1,0,0,114,0,5,6,0,6,0,0,0,0,10,24,0,0,0,0,0
1,5459104,3144,92,1,0,0,15,576,0,0,0,5,0,0,0,0,0,0,0,0,0,1,0,0,0,0,0,0
1,3428593,62,12,3,1,0,6790,6812,0,0,0,6,1,0,0,0,0,0,0,0,0,0,0,0,0,0,0,0
1,5008414,1999,138,14,0,0,0,611,1,0,0,43,0,0,0,0,0,0,0,0,0,7,11,0,0,0,0,0
1,5583933,1966,936,6,0,0,0,184,0,0,0,6,0,0,0,0,0,0,0,0,0,1,1,0,0,0,0,0
1,3899370,2795,2774,2,0,1,3,20,0,0,0,2,0,1,0,0,0,0,0,0,0,0,1,0,0,0,0,0
1,5649815,180,51,2,0,0,16,100,0,0,0,15,0,0,0,0,0,0,0,0,0,0,1,0,0,0,0,0
1,4629633,69,7,0,0,0,13,146,0,0,0,0,0,0,0,0,0,12,1,0,0,0,0,0,0,0,0,0
1,4643508,129,7,0,0,0,6,45,0,0,0,0,0,0,0,0,0,0,1,0,0,0,0,0,0,0,0,0
1,5275942,1810,74,39,0,0,0,173,0,0,0,48,0,0,0,0,0,0,0,0,0,0,1,0,0,0,0,0
1,4259866,3071,13,1,0,0,159,551,0,0,0,139,0,0,0,0,0,0,0,0,0,6,1,0,0,0,0,0
1,5672423,107,17,4,2,0,60,386,0,0,0,159,2,0,1,0,1,23,0,0,0,45,0,0,0,0,0,0
1,30491,750007,1011,1,0,0,12,48,0,0,0,5,0,0,0,0,0,0,0,0,0,0,0,0,0,0,0,0
1,3707523,40764,31,7,5,1,69,218,0,0,0,38,21,1,0,0,0,0,0,0,0,1,1,0,0,0,0,0
1,4503563,69,7,0,0,0,4,38,0,0,0,0,0,0,0,0,0,3,1,0,0,0,0,0,0,0,0,0
1,3613263,46328,37,7,5,1,69,218,0,0,0,38,21,1,0,0,0,0,0,0,0,1,1,0,0,0,0,0
1,4528335,69,7,0,0,0,4,38,0,0,0,0,0,0,0,0,0,3,1,0,0,0,0,0,0,0,0,0
1,5161991,0,0,0,0,0,0,0,1,0,0,0,0,0,0,0,0,0,0,0,0,0,0,0,0,0,0,0
1,4674859,129,7,0,0,0,6,45,0,0,0,0,0,0,0,0,0,0,1,0,0,0,0,0,0,0,0,0
1,5757767,6046,1719,2,2,0,48,127,1,0,0,15,12,0,0,0,0,0,0,0,0,3,2,0,0,0,0,0
1,4670056,258619,8,9517,0,1,0,28550,0,0,0,9517,0,1,0,0,0,0,0,0,0,0,1,0,0,0,0,0
1,5169039,3004,124,8,0,0,0,355,0,0,0,17,0,0,0,0,0,0,0,0,0,0,4,0,0,0,0,0
1,4284120,124,61,0,0,0,1334,3313,0,0,0,0,0,0,0,0,0,0,0,0,0,0,1,0,0,0,0,0
1,3323594,3200,8,0,0,1,2,3,0,0,0,0,0,1,0,0,0,0,0,0,0,1,1,0,0,0,0,0
1,4875470,80,8,0,0,0,11,209,0,0,0,0,0,0,0,0,0,20,1,0,0,0,0,0,0,0,0,0
1,4683030,130,7,0,0,0,6,45,0,0,0,0,0,0,0,0,0,0,1,0,0,0,0,0,0,0,0,0
1,5658097,180,64,2,0,0,16,95,0,0,0,15,0,0,0,0,0,0,0,0,0,0,1,0,0,0,0,0
1,4499765,66263,65825,1,2,1,142,291,0,0,0,26,12,2,0,0,0,0,0,0,0,1,0,0,0,0,0,0
1,4779740,74,7,0,0,0,14,128,0,0,0,0,0,0,0,0,0,13,1,0,0,0,0,0,0,0,0,0
1,3619931,71358,35,1,1,0,85,141,27,0,0,3,4,0,0,0,0,0,0,0,0,0,1,0,0,0,0,0
1,5074001,1348,95,6,0,0,0,248,0,0,0,11,0,0,0,0,0,0,0,0,0,2,1,0,0,0,0,0
1,5699055,948177,889,1,1,0,48,14035,1,0,0,9,1,0,0,0,0,0,0,1,0,9,5,0,0,0,0,0
1,3422814,237409,112980,4,0,0,0,13,0,0,0,4,0,0,0,0,0,0,0,0,0,0,0,0,0,0,0,0
1,5672865,107,17,4,2,0,60,386,0,0,0,159,2,0,1,0,1,23,0,0,0,45,0,0,0,0,0,0
1,5583373,1966,936,6,0,0,0,167,0,0,0,6,0,0,0,0,0,0,0,0,0,1,1,0,0,0,0,0
1,3356603,237409,112980,4,0,0,0,13,0,0,0,4,0,0,0,0,0,0,0,0,0,0,0,0,0,0,0,0
1,4758961,3414,344,10,1,0,22,1201,0,0,0,31,2,0,0,0,0,0,0,2,0,2,1,0,0,0,0,0
1,4827341,6459,133,9,1,0,6,279,0,0,0,22,2,0,0,0,0,0,0,0,0,1,1,0,0,0,0,0
1,4219707,1589,72,17,0,0,0,211,1,0,0,32,0,0,0,0,0,0,0,0,0,8,2,0,0,0,0,0
1,5997632,396,19,0,1,0,17,379,2,0,0,0,2,0,0,0,0,0,0,0,0,0,0,0,0,0,0,0
1,5026950,2988,108,23,0,0,0,393,1,0,0,31,0,0,0,0,0,0,0,0,0,7,3,0,0,0,0,0
1,5011505,390,5,3,0,0,0,39,1,0,0,3,0,0,0,0,0,0,0,0,0,1,0,0,0,0,0,0
1,4409142,3981,4,19,0,0,0,454,1,0,0,19,0,0,0,0,0,0,0,0,0,6,0,0,0,0,0,0
1,4704558,6325,145,7,0,0,10,273,0,0,0,20,0,0,0,0,0,0,0,1,0,1,1,0,0,0,0,0
1,4759520,74,8,0,0,0,14,158,0,0,0,0,0,0,0,0,0,13,1,0,0,0,0,0,0,0,0,0
1,5022956,849,5,7,0,0,0,83,1,0,0,7,0,0,0,0,0,0,0,0,0,0,1,0,0,0,0,0
1,5018409,1298,102,7,0,1,0,247,0,0,0,12,0,1,0,0,0,0,0,0,0,2,2,0,0,0,0,0
1,5030979,1764,108,11,0,0,0,240,0,0,0,12,0,0,0,0,0,0,0,0,0,9,1,0,0,0,0,0
1,4169947,4801,168,10,0,0,6,1811,0,0,0,45,0,0,0,0,0,0,0,0,0,1,1,0,0,0,0,0
1,4997966,1372,63,10,0,0,0,267,1,0,0,19,0,0,0,0,0,0,0,0,0,3,3,0,0,0,0,0
1,5214795,2403,99,8,0,0,0,332,0,0,0,17,0,0,0,0,0,0,0,0,0,2,4,0,0,0,0,0
1,4721963,6474,136,9,1,0,6,288,0,0,0,22,2,0,0,0,0,0,0,0,0,1,1,0,0,0,0,0
1,5224258,2416,99,8,0,0,0,332,0,0,0,17,0,0,0,0,0,0,0,0,0,0,4,0,0,0,0,0
1,4812521,91,12,0,0,0,22,356,0,0,0,0,0,0,0,0,0,42,1,0,0,0,0,0,0,0,0,0
1,5033748,1245,118,8,0,0,0,224,1,0,0,16,0,0,0,0,0,0,0,0,0,4,4,0,0,0,0,0
1,5036320,1825,110,9,0,0,0,204,1,0,0,9,0,0,0,0,0,0,0,0,0,4,1,0,0,0,0,0
1,5273485,1824,74,39,0,0,0,176,0,0,0,48,0,0,0,0,0,0,0,0,0,0,1,0,0,0,0,0
1,5012897,931,5,8,0,0,0,291,1,0,0,21,0,0,0,0,0,0,0,0,0,2,2,0,0,0,0,0
1,4768219,88966,88914,2,0,0,7,15,0,0,0,6,0,0,0,0,0,0,0,0,0,0,0,0,0,0,0,0
1,4112210,15097,14,7,0,1,12,118,1,0,0,8,0,1,0,0,0,0,0,0,0,4,2,0,0,0,0,0
1,5574334,1966,936,6,0,0,0,161,0,0,0,6,0,0,0,0,0,0,0,0,0,1,1,0,0,0,0,0
1,4759350,76,9,0,0,0,9,50,0,0,0,0,0,0,0,0,0,3,1,0,0,0,0,0,0,0,0,0
1,5029950,1642,122,8,0,0,0,245,0,0,0,12,0,0,0,0,0,0,0,0,0,5,2,0,0,0,0,0
1,4331340,75203,31,1,1,1,321,87,272,0,0,3,4,1,0,0,0,0,0,0,0,1,0,0,0,0,0,0
1,4726315,137,12,0,0,0,6,42,0,0,0,0,0,0,0,0,0,0,1,0,0,0,0,0,0,0,0,0
1,5562939,1982,952,6,0,0,0,154,0,0,0,6,0,0,0,0,0,0,0,0,0,1,1,0,0,0,0,0
1,4481771,69,7,0,0,0,4,38,0,0,0,0,0,0,0,0,0,3,1,0,0,0,0,0,0,0,0,0
1,5571352,1966,936,6,0,0,0,154,0,0,0,6,0,0,0,0,0,0,0,0,0,1,1,0,0,0,0,0
1,4734186,136,7,0,0,0,6,51,0,0,0,0,0,0,0,0,0,0,1,0,0,0,0,0,0,0,0,0
1,5115557,63,11,2,0,0,4,18,0,0,0,7,0,0,0,0,0,0,0,0,0,2,0,0,0,0,0,0
1,5220944,2430,99,8,0,0,0,341,0,0,0,17,0,0,0,0,0,0,0,0,0,0,4,0,0,0,0,0
1,4564003,70,7,0,0,0,4,38,0,0,0,0,0,0,0,0,0,3,1,0,0,0,0,0,0,0,0,0
1,4955610,60,12,1,0,0,2,20,0,0,0,1,0,0,1,0,1,0,0,0,0,0,1,0,0,0,0,0
1,4938607,81,8,0,0,0,11,209,0,0,0,0,0,0,0,0,0,20,1,0,0,0,0,0,0,0,0,0
1,4834309,78,8,0,0,0,11,209,0,0,0,0,0,0,0,0,0,20,1,0,0,0,0,0,0,0,0,0
1,3536142,179127,8,1,0,1,5,14280,0,0,0,2,0,1,0,0,0,0,0,0,0,0,0,0,0,0,0,0
1,4138633,4860,209,10,0,0,6,1841,0,0,0,45,0,0,0,0,0,0,0,0,0,1,1,0,0,0,0,0
1,5016609,1840,5,16,0,0,0,241,1,0,0,21,0,0,0,0,0,0,0,0,0,3,4,0,0,0,0,0
1,5022245,2086,5,17,0,0,0,224,1,0,0,17,0,0,0,0,0,0,0,0,0,7,4,0,0,0,0,0
1,2298724,7264,75,18,0,0,0,1291,1,0,0,61,0,0,0,0,0,0,0,0,0,7,4,0,0,0,0,0
1,4782268,76,7,0,0,0,12,208,0,0,0,0,0,0,0,0,0,22,1,0,0,0,0,0,0,0,0,0
1,5676260,107,17,4,2,0,60,386,0,0,0,159,2,0,1,0,1,23,0,0,0,45,0,0,0,0,0,0
1,4739330,96,9,0,0,0,4,50,0,0,0,0,0,0,0,0,0,3,1,0,0,0,1,0,0,0,0,0
1,4688274,128,7,0,0,0,6,42,0,0,0,0,0,0,0,0,0,0,1,0,0,0,0,0,0,0,0,0
1,4999131,76,5,0,0,0,4,65,0,0,0,0,0,0,0,0,0,6,1,0,0,0,0,0,0,0,0,0
1,6021669,153,22,3,1,0,126,483,2,0,0,47,2,0,0,0,0,0,0,0,1,0,2,0,0,0,0,0
1,4534098,69,7,0,0,0,4,38,0,0,0,0,0,0,0,0,0,3,1,0,0,0,0,0,0,0,0,0
1,4457913,93,19,2,1,0,626,28,620,0,0,4,1,0,0,0,0,0,0,0,0,1,2,0,0,0,0,0
1,5012289,1823,112,10,0,0,0,249,0,0,0,11,0,0,0,0,0,0,0,0,0,5,2,0,0,0,0,0
1,3286834,4076,50,30,0,2,0,757,1,0,0,167,0,5,6,0,6,0,0,0,0,9,20,0,0,0,0,0
1,4752591,132,10,0,0,0,6,42,0,0,0,0,0,0,0,0,0,0,1,0,0,0,0,0,0,0,0,0
1,5658218,180,53,2,0,0,16,98,0,0,0,15,0,0,0,0,0,0,0,0,0,0,1,0,0,0,0,0
1,4648573,70,7,0,0,0,13,146,0,0,0,0,0,0,0,0,0,12,1,0,0,0,0,0,0,0,0,0
1,2311977,10069,52,24,0,0,0,1241,1,0,0,59,0,0,0,0,0,0,0,0,0,5,6,0,0,0,0,0
1,5618443,25394,25371,2,2,1,49,129,1,0,0,16,12,1,0,0,0,0,0,0,0,3,1,0,0,0,0,0
1,5018678,1957,114,10,0,0,0,256,0,0,0,12,0,0,1,0,1,0,0,0,0,6,1,0,0,0,0,0
1,5008141,2264,102,11,0,1,0,266,0,0,0,11,0,1,0,0,0,0,0,0,0,5,3,0,0,0,0,0
1,5581599,1966,936,6,0,0,0,168,0,0,0,6,0,0,0,0,0,0,0,0,0,1,1,0,0,0,0,0
1,5006851,267,5,1,0,1,0,35,1,0,0,1,0,1,0,0,0,0,0,0,0,0,1,0,0,0,0,0
1,5671279,107,17,4,2,0,60,384,0,0,0,159,2,0,1,0,1,23,0,0,0,43,0,0,0,0,0,0
1,4633253,69,7,0,0,0,4,47,0,0,0,0,0,0,0,0,0,6,1,0,0,0,0,0,0,0,0,0
1,3854467,5082,5000,1,1,1,96,165,53,0,0,21,3,1,0,0,0,0,0,0,0,3,0,0,0,0,0,0
1,4658146,130,7,0,0,0,6,45,0,0,0,0,0,0,0,0,0,0,1,0,0,0,0,0,0,0,0,0
1,5676266,107,17,4,2,0,60,386,0,0,0,159,2,0,1,0,1,23,0,0,0,45,0,0,0,0,0,0
1,4962117,1735,106,12,0,0,0,69,0,0,0,13,0,0,0,0,0,0,0,0,0,7,3,0,0,0,0,0
1,3312308,1447,90,10,0,0,0,75,1,0,0,10,0,0,0,0,0,0,0,0,0,0,2,0,0,0,0,0
1,5676162,107,17,4,2,0,60,386,0,0,0,159,2,0,1,0,1,23,0,0,0,45,0,0,0,0,0,0
1,2289713,7135,91,14,0,0,0,437,1,0,0,21,0,0,0,0,0,0,0,0,0,3,4,0,0,0,0,0
1,5024129,2031,124,9,0,0,0,252,0,0,0,11,0,0,2,0,2,0,0,0,0,8,2,0,0,0,0,0
1,4414500,68847,68779,1,2,1,71,146,0,0,0,13,6,1,0,0,0,0,0,0,0,1,0,0,0,0,0,0
1,4685513,129,7,0,0,0,6,42,0,0,0,0,0,0,0,0,0,0,1,0,0,0,0,0,0,0,0,0
1,3364042,2326,70,22,0,1,0,217,1,0,0,33,0,1,2,0,2,0,0,0,0,3,4,0,0,0,0,0
1,5039324,2980,30,26,0,1,0,393,1,0,0,33,0,1,0,0,0,0,0,0,0,5,4,0,0,0,0,0
1,4649116,126,7,0,0,0,6,42,0,0,0,0,0,0,0,0,0,0,1,0,0,0,0,0,0,0,0,0
1,4692017,130,7,0,0,0,6,48,0,0,0,0,0,0,0,0,0,0,1,0,0,0,0,0,0,0,0,0
1,2296585,16952,46,35,0,0,0,3263,1,0,0,125,0,0,0,0,0,0,0,0,0,10,3,0,0,0,0,0
1,3563321,149771,28,1,2,0,111,92,77,0,0,4,6,0,0,0,0,0,0,0,0,2,1,0,0,0,0,0
1,4137777,4929,188,10,0,0,6,1847,0,0,0,45,0,0,0,0,0,0,0,0,0,1,1,0,0,0,0,0
1,5029153,1832,128,16,0,0,0,278,1,0,0,24,0,0,0,0,0,0,0,0,0,5,4,0,0,0,0,0
1,4635262,68,7,0,0,0,13,146,0,0,0,0,0,0,0,0,0,12,1,0,0,0,0,0,0,0,0,0
1,4791041,9300,337,17,1,0,5,370,0,0,0,25,2,0,0,0,0,0,0,0,0,1,1,0,0,0,0,0
1,4561146,89,12,0,0,0,4,38,0,0,0,0,0,0,0,0,0,3,1,0,0,0,0,0,0,0,0,0
1,5040137,1540,124,8,0,0,0,261,0,0,0,11,0,0,0,0,0,0,0,0,0,7,2,0,0,0,0,0
1,3545240,237409,112980,4,0,0,0,13,0,0,0,4,0,0,0,0,0,0,0,0,0,0,0,0,0,0,0,0
1,4504161,67,7,0,0,0,4,38,0,0,0,0,0,0,0,0,0,3,1,0,0,0,0,0,0,0,0,0
1,5021115,567,5,3,0,0,0,60,1,0,0,4,0,0,0,0,0,0,0,0,0,0,0,0,0,0,0,0
1,4419102,973,47,7,0,0,0,94,1,0,0,7,0,0,0,0,0,0,0,0,0,2,0,0,0,0,0,0
1,5129769,3213,9,9,0,0,0,331,1,0,0,9,0,0,0,0,0,0,0,0,0,3,0,0,0,0,0,0
1,4161078,4872,179,10,0,0,6,1818,0,0,0,45,0,0,0,0,0,0,0,0,0,1,2,0,0,0,0,0
1,4810075,104,9,0,0,0,14,298,0,0,0,0,0,0,0,0,0,26,1,0,0,0,0,0,0,0,0,0
1,5022430,1029,5,8,0,0,0,181,1,0,0,12,0,0,0,0,0,0,0,0,0,2,4,0,0,0,0,0
1,4636334,68,7,0,0,0,13,146,0,0,0,0,0,0,0,0,0,12,1,0,0,0,0,0,0,0,0,0
1,3104841,48016,7,1,0,1,5,11,0,0,0,2,0,1,0,0,0,0,0,0,0,0,0,0,0,0,0,0
1,5004825,1658,118,11,0,0,0,215,0,0,0,13,0,0,0,0,0,0,0,0,0,5,1,0,0,0,0,0
1,4710353,81,10,0,0,0,4,38,0,0,0,0,0,0,0,0,0,3,1,0,0,0,0,0,0,0,0,0
1,5030128,887,5,7,0,0,0,95,1,0,0,7,0,0,0,0,0,0,0,0,0,2,1,0,0,0,0,0
1,4124426,4812,189,10,0,0,6,2557,0,0,0,46,0,0,0,0,0,0,0,0,0,1,1,0,0,0,0,0
1,4488657,67,7,0,0,0,4,38,0,0,0,0,0,0,0,0,0,3,1,0,0,0,0,0,0,0,0,0
1,5015907,1815,5,15,0,0,0,205,1,0,0,15,0,0,0,0,0,0,0,0,0,5,3,0,0,0,0,0
1,4919910,3307,347,10,1,0,23,1230,0,0,0,32,1,0,0,0,0,0,0,1,0,1,2,0,0,0,0,0
1,5116702,1825,52,9,0,0,0,256,0,0,0,11,0,0,0,0,0,0,0,0,0,8,3,0,0,0,0,0
1,4147371,10460,169,10,0,0,7,1019,0,0,0,47,0,0,0,0,0,0,0,0,0,1,1,0,0,0,0,0
1,5015259,230,4,3,0,0,0,30,1,0,0,3,0,0,0,0,0,0,0,0,0,0,1,0,0,0,0,0
1,5672825,107,17,4,2,0,60,386,0,0,0,159,2,0,1,0,1,23,0,0,0,45,0,0,0,0,0,0
1,4103124,4707,178,10,0,0,6,1863,0,0,0,45,0,0,0,0,0,0,0,0,0,1,1,0,0,0,0,0
1,5575571,1966,936,6,0,0,0,166,0,0,0,6,0,0,0,0,0,0,0,0,0,1,1,0,0,0,0,0
1,2273868,9448,44,14,0,0,0,441,1,0,0,14,0,0,0,0,0,0,0,0,0,0,1,0,0,0,0,0
1,3402776,237409,112980,4,0,0,0,13,0,0,0,4,0,0,0,0,0,0,0,0,0,0,0,0,0,0,0,0
1,5675944,107,17,4,2,0,60,386,0,0,0,159,2,0,1,0,1,23,0,0,0,45,0,0,0,0,0,0
1,3334700,1365,62,11,0,0,0,66,1,0,0,11,0,0,0,0,0,2,0,0,0,1,2,0,0,0,0,0
1,5671015,107,17,4,2,0,60,384,0,0,0,159,2,0,1,0,1,23,0,0,0,43,0,0,0,0,0,0
1,3183874,71397,21,1,0,0,60,165,0,0,0,12,0,0,0,0,0,0,0,0,0,7,2,0,0,0,0,0
1,3343219,4968,94,45,0,7,0,1995,0,0,0,295,0,24,8,0,8,0,0,0,0,11,24,0,0,0,0,0
1,3637540,70431,35,1,1,0,81,141,27,0,0,3,4,0,0,0,0,0,0,0,0,0,1,0,0,0,0,0
1,5027995,1919,114,14,0,0,0,628,1,0,0,44,0,0,0,0,0,0,0,0,0,13,7,0,0,0,0,0
1,5020643,958,5,6,0,0,0,103,1,0,0,6,0,0,0,0,0,0,0,0,0,0,0,0,0,0,0,0
1,5081012,1435,91,6,0,0,0,257,0,0,0,11,0,0,0,0,0,0,0,0,0,2,2,0,0,0,0,0
1,5025326,1782,138,10,0,0,0,224,0,0,0,11,0,0,0,0,0,0,0,0,0,4,2,0,0,0,0,0
1,5669476,107,17,4,2,0,60,384,0,0,0,159,2,0,1,0,1,23,0,0,0,43,0,0,0,0,0,0
1,5000554,1703,100,9,0,0,0,256,0,0,0,11,0,0,0,0,0,0,0,0,0,6,1,0,0,0,0,0
1,4814646,9194,359,12,1,0,6,371,0,0,0,23,2,0,0,0,0,0,0,0,0,1,1,0,0,0,0,0
1,5014552,571,5,4,0,0,0,67,1,0,0,4,0,0,0,0,0,0,0,0,0,3,2,0,0,0,0,0
1,4351031,4848,51,35,0,0,0,672,1,0,0,43,0,0,0,0,0,0,0,0,0,7,2,0,0,0,0,0
1,5005790,717,34,6,0,0,0,74,1,0,0,6,0,0,0,0,0,0,0,0,0,0,1,0,0,0,0,0
1,4697344,133,10,0,0,0,6,45,0,0,0,0,0,0,0,0,0,0,1,0,0,0,0,0,0,0,0,0
1,5057928,231,19,7,1,0,249,163,188,0,0,56,1,0,0,0,0,0,0,0,0,2,2,0,0,0,0,0
1,4460270,9147,333,20,1,0,5,368,0,0,0,25,2,0,0,0,0,0,0,0,0,1,1,0,0,0,0,0
1,4975539,83,7,0,0,0,13,239,0,0,0,0,0,0,0,0,0,24,1,0,0,0,0,0,0,0,0,0
1,4858135,3500,337,10,1,0,28,856,0,0,0,37,2,0,0,0,0,0,0,0,0,1,1,0,0,0,0,0
1,5020526,2223,5,15,0,1,0,284,1,0,0,17,0,1,0,0,0,0,0,0,0,2,6,0,0,0,0,0
1,5671161,107,17,4,2,0,60,384,0,0,0,159,2,0,1,0,1,23,0,0,0,43,0,0,0,0,0,0
1,5031277,546,5,5,0,0,0,89,1,0,0,5,0,0,0,0,0,0,0,0,0,3,0,0,0,0,0,0
1,4664122,127,7,0,0,0,6,45,0,0,0,0,0,0,0,0,0,0,1,0,0,0,0,0,0,0,0,0
1,5043730,94,4,0,0,0,0,12,1,0,0,0,0,0,0,0,0,0,0,0,0,0,0,0,0,0,0,0
1,2307346,5181,39,13,0,0,0,232,1,0,0,13,0,0,0,0,0,0,0,0,0,2,1,0,0,0,0,0
1,4782725,9590,24,32,0,0,4,704,0,0,0,62,0,0,0,0,0,0,0,0,0,1,1,0,0,0,0,0
1,5013191,1749,5,11,0,0,0,186,1,0,0,11,0,0,0,0,0,0,0,0,0,5,4,0,0,0,0,0
1,5457799,291,33,3,1,1,332,768,0,0,0,148,6,3,0,0,0,0,0,0,0,3,0,0,0,0,0,0
1,4327310,1619,70,7,0,0,0,362,1,0,0,16,0,0,0,0,0,0,0,0,0,4,4,0,0,0,0,0
1,4524268,70,7,0,0,0,4,38,0,0,0,0,0,0,0,0,0,3,1,0,0,0,0,0,0,0,0,0
1,5582997,1966,936,6,0,0,0,157,0,0,0,6,0,0,0,0,0,0,0,0,0,1,1,0,0,0,0,0
1,4778216,86,12,0,0,0,10,173,0,0,0,0,0,0,0,0,0,18,1,0,0,0,0,0,0,0,0,0
1,3186889,71378,90,1,0,1,39,106,0,0,0,7,0,1,0,0,0,0,0,0,0,5,1,0,0,0,0,0
1,5167320,2996,124,8,0,0,0,355,0,0,0,17,0,0,0,0,0,0,0,0,0,0,4,0,0,0,0,0
1,4655767,128,7,0,0,0,6,42,0,0,0,0,0,0,0,0,0,0,1,0,0,0,0,0,0,0,0,0
1,4901867,79,6,0,0,0,4,59,0,0,0,0,0,0,0,0,0,6,1,0,0,0,0,0,0,0,0,0
1,4698936,6676,135,7,0,0,10,289,0,0,0,20,0,0,0,0,0,0,0,0,0,1,1,0,0,0,0,0
1,4688756,6421,136,7,0,0,10,278,0,0,0,20,0,0,0,0,0,0,0,0,0,1,1,0,0,0,0,0
1,4677345,6343,153,7,0,0,10,278,0,0,0,20,0,0,0,0,0,0,0,0,0,1,1,0,0,0,0,0
1,4469175,4411,23,23,0,0,0,488,1,0,0,23,0,0,0,0,0,0,0,0,0,7,0,0,0,0,0,0
1,5671336,107,17,4,2,0,60,384,0,0,0,159,2,0,1,0,1,23,0,0,0,43,0,0,0,0,0,0
1,2276176,3366,34,6,0,0,0,150,1,0,0,6,0,0,0,0,0,0,0,0,0,0,0,0,0,0,0,0
1,5039201,1627,134,8,0,0,0,238,0,0,0,11,0,0,0,0,0,0,0,0,0,6,2,0,0,0,0,0
1,5022016,197,3,1,0,0,0,20,1,0,0,1,0,0,0,0,0,0,0,0,0,0,0,0,0,0,0,0
1,4996302,1491,100,7,0,1,0,228,0,0,0,12,0,1,0,0,0,0,0,0,0,3,2,0,0,0,0,0
1,4859666,95,7,0,0,0,4,74,0,0,0,0,0,0,0,0,0,6,1,0,0,0,0,0,0,0,0,0
1,5835843,2327,15,3,0,0,0,427,1,0,0,5,0,0,0,0,0,0,0,0,0,1,5,0,0,0,0,0
1,5270561,1823,74,39,0,0,0,176,0,0,0,48,0,0,0,0,0,0,0,0,0,0,1,0,0,0,0,0
1,3447476,237409,112980,4,0,0,0,13,0,0,0,4,0,0,0,0,0,0,0,0,0,0,0,0,0,0,0,0
1,3715809,59,12,3,1,0,6742,6764,0,0,0,6,1,0,0,0,0,0,0,0,0,0,0,0,0,0,0,0
1,4375118,4625,36,34,0,0,0,500,1,0,0,34,0,0,0,0,0,0,0,0,0,7,4,0,0,0,0,0
1,5022648,1966,5,16,0,0,0,285,1,0,0,21,0,0,0,0,0,0,0,0,0,4,4,0,0,0,0,0
1,2297549,9137,38,15,0,0,0,913,1,0,0,36,0,0,0,0,0,0,0,0,0,9,5,0,0,0,0,0
1,4681423,129,7,0,0,0,6,45,0,0,0,0,0,0,0,0,0,0,1,0,0,0,0,0,0,0,0,0
1,3652452,41894,34,7,5,1,69,218,0,0,0,38,21,1,0,0,0,0,0,0,0,1,1,0,0,0,0,0
1,3355452,5809,67,42,0,2,0,836,1,0,0,110,0,3,8,0,8,4,0,0,0,5,13,0,0,0,0,0
1,4765502,0,0,0,0,0,94,0,55,0,0,0,0,0,0,0,0,0,0,0,0,0,0,0,0,0,0,0
1,4602355,367,14,2,1,0,1858,250,1756,0,0,88,6,0,0,0,0,0,0,0,0,2,0,0,0,0,0,0
1,5165697,2997,124,8,0,0,0,356,0,0,0,17,0,0,0,0,0,0,0,0,0,0,4,0,0,0,0,0
1,5174638,3017,124,8,0,0,0,361,0,0,0,17,0,0,0,0,0,0,0,0,0,0,5,0,0,0,0,0
1,4328846,5045,92,43,0,0,0,590,1,0,0,43,0,0,0,0,0,0,0,0,0,10,4,0,0,0,0,0
1,4524593,69,7,0,0,0,4,38,0,0,0,0,0,0,0,0,0,3,1,0,0,0,0,0,0,0,0,0
1,5872932,1244,49,9,0,0,0,158,0,0,0,16,0,0,0,0,0,0,0,0,0,0,4,0,0,0,0,0
1,5673722,107,17,4,2,0,60,386,0,0,0,159,2,0,1,0,1,23,0,0,0,45,0,0,0,0,0,0
1,2595470,137594,8,1,0,1,26,49,0,0,0,3,0,1,0,0,0,0,0,0,0,1,0,0,0,0,0,0
1,5018283,408,5,6,0,0,0,82,1,0,0,11,0,0,0,0,0,0,0,0,0,1,0,0,0,0,0,0
1,5220667,2418,99,8,0,0,0,338,0,0,0,17,0,0,0,0,0,0,0,0,0,1,5,0,0,0,0,0
1,3357636,33796,58,1,1,0,16,1642,0,0,0,11,1,0,0,0,0,0,0,0,0,1,2,0,0,0,0,0
1,5671192,107,17,4,2,0,60,384,0,0,0,159,2,0,1,0,1,23,0,0,0,43,0,0,0,0,0,0
1,3487225,237409,112980,4,0,0,0,13,0,0,0,4,0,0,0,0,0,0,0,0,0,0,0,0,0,0,0,0
1,4687613,129,7,0,0,0,6,42,0,0,0,0,0,0,0,0,0,0,1,0,0,0,0,0,0,0,0,0
1,5036923,930,128,8,0,0,0,144,1,0,0,11,0,0,0,0,0,0,0,0,0,3,1,0,0,0,0,0
1,3380581,1784,8,1,0,0,0,2,0,0,0,1,0,0,0,0,0,0,0,0,0,2,0,0,0,0,0,0
1,4886182,27287,32,1,1,1,498,87,448,0,0,3,4,1,0,0,0,0,0,0,0,1,0,0,0,0,0,0
1,5132834,4783,20,11,1,1,2,868,1,0,0,18,1,4,0,0,0,0,0,0,0,1,0,0,0,0,0,0
1,2304249,4124,64,11,0,0,0,184,1,0,0,11,0,0,0,0,0,0,0,0,0,1,0,0,0,0,0,0
1,5568269,1974,944,6,0,0,0,158,0,0,0,6,0,0,0,0,0,0,0,0,0,1,1,0,0,0,0,0
1,4138593,10685,177,11,0,0,6,765,0,0,0,39,0,0,0,0,0,0,0,0,0,1,1,0,0,0,0,0
1,5108716,63,11,2,0,0,4,18,0,0,0,7,0,0,0,0,0,0,0,0,0,2,0,0,0,0,0,0
1,4694398,133,10,0,0,0,6,45,0,0,0,0,0,0,0,0,0,0,1,0,0,0,0,0,0,0,0,0
1,5671444,107,17,4,2,0,60,384,0,0,0,159,2,0,1,0,1,23,0,0,0,43,0,0,0,0,0,0
1,5039078,1246,5,10,0,0,0,299,1,0,0,22,0,0,0,0,0,0,0,0,0,9,5,0,0,0,0,0
1,3912382,2633,2612,2,0,1,3,20,0,0,0,2,0,1,0,0,0,0,0,0,0,0,1,0,0,0,0,0
1,4355571,1429,15,0,0,1,0,74,0,0,0,0,0,1,0,0,0,0,0,0,0,1,1,0,0,0,0,0
1,2984228,392620,33,1,1,1,319,87,268,0,0,3,4,1,0,0,0,0,0,0,0,1,0,0,0,0,0,0
1,3517011,245718,116850,4,0,0,0,24,0,0,0,4,0,0,0,0,0,0,0,0,0,0,0,0,0,0,0,0
1,5108389,3062,2032,6,0,0,0,154,0,0,0,6,0,0,0,0,0,0,0,0,0,1,1,0,0,0,0,0
1,3551207,237409,112980,4,0,0,0,13,0,0,0,4,0,0,0,0,0,0,0,0,0,0,0,0,0,0,0,0
1,3760277,5074,5000,1,1,1,108,183,59,0,0,27,3,1,0,0,0,0,0,0,0,3,0,0,0,0,0,0
1,4170746,10427,167,11,0,0,6,789,0,0,0,39,0,0,0,0,0,0,0,0,0,1,1,0,0,0,0,0
1,4550594,86,12,0,0,0,4,38,0,0,0,0,0,0,0,0,0,3,1,0,0,0,0,0,0,0,0,0
1,4088754,4891,198,10,0,0,6,1813,0,0,0,45,0,0,0,0,0,0,0,1,0,1,1,0,0,0,0,0
1,4919287,76,5,0,0,0,4,65,0,0,0,0,0,0,0,0,0,6,1,0,0,0,0,0,0,0,0,0
1,4365639,1428,16,0,0,1,0,73,0,0,0,0,0,1,0,0,0,0,0,0,0,1,1,0,0,0,0,0
1,3869313,2669,2648,2,0,1,3,20,0,0,0,2,0,1,0,0,0,0,0,0,0,0,2,0,0,0,0,0
1,4666804,128,7,0,0,0,6,42,0,0,0,0,0,0,0,0,0,0,1,0,0,0,0,0,0,0,0,0
1,2726665,145307,30,7,5,1,69,218,0,0,0,38,21,1,0,0,0,0,0,0,0,1,1,0,0,0,0,0
1,5558720,1966,936,6,0,0,0,166,0,0,0,6,0,0,0,0,0,0,0,0,0,1,1,0,0,0,0,0
1,5275215,3502,80,0,1,1,1,1429,0,0,0,0,2,1,0,0,0,0,0,0,3,0,0,0,0,0,0,0
1,4524593,69,7,0,0,0,4,38,0,0,0,0,0,0,0,0,0,3,1,0,0,0,0,0,0,0,0,0
1,5088758,4889,187,9,0,0,0,408,0,0,0,18,0,0,0,0,0,0,0,0,0,0,3,0,0,0,0,0
1,6040203,159,19,4,1,0,126,502,2,0,0,47,2,0,0,0,0,0,0,0,0,0,2,0,0,0,0,0
1,5582516,1958,928,6,0,0,0,160,0,0,0,6,0,0,0,0,0,0,0,0,0,1,1,0,0,0,0,0
1,5017916,236,25,7,1,0,247,174,189,0,0,57,1,0,0,0,0,0,0,0,0,2,2,0,0,0,0,0
1,4660513,90,6,0,0,0,14,206,0,0,0,0,0,0,0,0,0,13,1,0,0,0,0,0,0,0,0,0
1,5583188,1966,936,6,0,0,0,186,0,0,0,6,0,0,0,0,0,0,0,0,0,1,1,0,0,0,0,0
1,4568218,82,12,0,0,0,33,291,0,0,0,0,0,0,0,0,0,24,1,0,0,0,0,0,0,0,0,0
1,5031472,2049,130,9,0,1,0,269,0,0,0,11,0,1,0,0,0,0,0,0,0,8,3,0,0,0,0,0
1,4828021,81,5,0,0,0,4,68,0,0,0,0,0,0,0,0,0,6,1,0,0,0,0,0,0,0,0,0
1,4651497,93,8,0,0,0,15,222,0,0,0,0,0,0,0,0,0,14,1,0,0,0,0,0,0,0,0,0
1,5343175,103,16,2,0,1,27,74,2,0,0,5,0,1,0,0,0,0,0,0,0,0,6,0,0,0,0,0
1,4585562,78,7,0,0,0,7,50,0,0,0,0,0,0,0,0,0,4,1,0,0,0,0,0,0,0,0,0
1,5016804,1406,5,14,0,0,0,337,1,0,0,28,0,0,0,0,0,0,0,0,0,4,5,0,0,0,0,0
1,5012102,510,34,4,0,0,0,54,1,0,0,4,0,0,0,0,0,0,0,0,0,1,0,0,0,0,0,0
1,4613642,67,7,0,0,0,13,146,0,0,0,0,0,0,0,0,0,12,1,0,0,0,0,0,0,0,0,0
1,4862431,6268,125,7,1,0,4,282,0,0,0,17,1,0,0,0,0,0,0,0,0,1,2,0,0,0,0,0
1,5133651,62,11,2,0,0,3,18,0,0,0,5,0,0,0,0,0,0,0,0,0,2,0,0,0,0,0,0
1,4549365,69,7,0,0,0,4,38,0,0,0,0,0,0,0,0,0,3,1,0,0,0,0,0,0,0,0,0
1,4479005,67,7,0,0,0,4,38,0,0,0,0,0,0,0,0,0,3,1,0,0,0,0,0,0,0,0,0
1,4631652,68,7,0,0,0,13,146,0,0,0,0,0,0,0,0,0,12,1,0,0,0,0,0,0,0,0,0
1,4273678,13733,10763,0,0,1,1,10,0,0,0,0,0,1,0,0,0,0,0,0,0,0,0,0,0,0,0,0
1,5786650,99,99,0,0,0,127,141,0,0,0,0,0,0,3,0,3,0,0,0,0,1,2,0,0,0,0,0
1,5667523,180,53,2,0,0,16,100,0,0,0,15,0,0,0,0,0,0,0,0,0,0,1,0,0,0,0,0
1,5561317,1966,936,6,0,0,0,126,0,0,0,6,0,0,0,0,0,0,0,0,0,1,1,0,0,0,0,0
1,5915991,6644,194,10,0,0,0,170,0,0,0,16,0,0,0,0,0,0,0,0,0,3,2,0,0,0,0,0
1,5126107,3385,59,9,0,1,0,391,0,0,0,11,0,1,0,0,0,0,0,0,0,5,0,0,0,0,0,0
1,4323517,589,76,4,0,0,0,54,1,0,0,4,0,0,0,0,0,0,0,0,0,0,0,0,0,0,0,0
1,4354076,1276,4,4,0,0,0,144,1,0,0,4,0,0,0,0,0,0,0,0,0,4,0,0,0,0,0,0
1,5072822,116,7,0,0,0,13,290,0,0,0,0,0,0,0,0,0,24,1,0,0,0,0,0,0,0,0,0
1,5576381,1966,936,6,0,0,0,152,0,0,0,6,0,0,0,0,0,0,0,0,0,1,1,0,0,0,0,0
1,4431994,2546,74,13,0,0,0,268,1,0,0,13,0,0,0,0,0,0,0,0,0,0,1,0,0,0,0,0
1,4424179,3771,94,18,0,0,0,1275,0,0,0,48,0,0,0,0,0,0,0,0,0,6,2,0,0,0,0,0
1,4649871,127,7,0,0,0,6,45,0,0,0,0,0,0,0,0,0,0,1,0,0,0,0,0,0,0,0,0
1,2303398,11037,80,24,0,1,0,2690,1,0,0,120,0,2,0,0,0,0,0,0,0,14,8,0,0,0,0,0
1,4324549,2637,87,18,0,0,0,220,1,0,0,18,0,0,0,0,0,0,0,0,0,3,0,0,0,0,0,0
1,5022424,336,57,5,0,0,0,31,1,0,0,5,0,0,0,0,0,0,0,0,0,0,0,0,0,0,0,0
1,5012106,1159,100,6,0,0,0,229,0,0,0,11,0,0,1,0,1,0,0,0,0,7,3,0,0,0,0,0
1,2302324,6090,87,15,0,0,0,276,1,0,0,15,0,0,0,0,0,0,0,0,0,4,1,0,0,0,0,0
1,4911261,64,7,0,0,0,4,56,0,0,0,0,0,0,0,0,0,6,1,0,0,0,0,0,0,0,0,0
1,4667914,128,7,0,0,0,6,45,0,0,0,0,0,0,0,0,0,0,1,0,0,0,0,0,0,0,0,0
1,5015339,552,5,4,0,0,0,62,1,0,0,4,0,0,0,0,0,0,0,0,0,2,1,0,0,0,0,0
1,4554571,70,7,0,0,0,4,38,0,0,0,0,0,0,0,0,0,3,1,0,0,0,0,0,0,0,0,0
1,5014041,1350,42,10,0,0,0,580,1,0,0,44,0,0,0,0,0,0,0,0,0,2,7,0,0,0,0,0
1,5660468,180,61,2,0,0,16,97,0,0,0,15,0,0,0,0,0,0,0,0,0,0,1,0,0,0,0,0
1,5022257,1416,5,13,0,0,0,147,1,0,0,13,0,0,0,0,0,0,0,0,0,4,3,0,0,0,0,0
1,5571310,1966,936,6,0,0,0,138,0,0,0,6,0,0,0,0,0,0,0,0,0,1,1,0,0,0,0,0
1,5012055,539,5,3,0,0,0,63,1,0,0,3,0,0,0,0,0,0,0,0,0,2,1,0,0,0,0,0
1,5030204,1967,136,10,0,0,0,256,0,0,0,12,0,0,0,0,0,0,0,0,0,4,3,0,0,0,0,0
1,5055314,75,4,0,0,0,0,10,1,0,0,0,0,0,0,0,0,0,0,0,0,0,0,0,0,0,0,0
1,4163990,4674,199,10,0,0,6,1844,0,0,0,45,0,0,0,0,0,0,0,0,0,1,1,0,0,0,0,0
1,4643731,128,7,0,0,0,6,42,0,0,0,0,0,0,0,0,0,0,1,0,0,0,0,0,0,0,0,0
1,5024643,1791,112,10,0,0,0,243,0,0,0,12,0,0,0,0,0,0,0,0,0,4,3,0,0,0,0,0
1,4987607,1477,114,7,0,1,0,235,0,0,0,11,0,2,0,0,0,0,0,0,0,7,1,0,0,0,0,0
1,4649116,126,7,0,0,0,6,42,0,0,0,0,0,0,0,0,0,0,1,0,0,0,0,0,0,0,0,0
1,5581255,1966,936,6,0,0,0,146,0,0,0,6,0,0,0,0,0,0,0,0,0,1,1,0,0,0,0,0
1,5865936,6141,362,10,0,0,0,113,1,0,0,10,0,0,0,0,0,0,0,0,0,4,2,0,0,0,0,0
1,4998145,2248,51,20,0,0,0,238,1,0,0,20,0,0,0,0,0,0,0,0,0,2,4,0,0,0,0,0
1,4638225,129,7,0,0,0,6,45,0,0,0,0,0,0,0,0,0,0,1,0,0,0,0,0,0,0,0,0
1,4676038,72,7,0,0,0,4,50,0,0,0,0,0,0,0,0,0,6,1,0,0,0,0,0,0,0,0,0
1,4667220,127,7,0,0,0,6,42,0,0,0,0,0,0,0,0,0,0,1,0,0,0,0,0,0,0,0,0
1,5025866,1962,122,10,0,1,0,272,0,0,0,12,0,1,0,0,0,0,0,0,0,3,2,0,0,0,0,0
1,4678630,85,11,0,0,0,4,38,0,0,0,0,0,0,0,0,0,3,1,0,0,0,0,0,0,0,0,0
1,5059159,2078,130,11,0,0,0,209,1,0,0,11,0,0,0,0,0,0,0,0,0,7,3,0,0,0,0,0
1,5570582,1966,936,6,0,0,0,146,0,0,0,6,0,0,0,0,0,0,0,0,0,1,1,0,0,0,0,0
1,5041749,2182,108,11,0,0,0,282,0,0,0,12,0,0,0,0,0,0,0,0,0,9,1,0,0,0,0,0
1,5012364,288,5,1,0,0,0,33,1,0,0,1,0,0,0,0,0,0,0,0,0,0,0,0,0,0,0,0
1,4432385,64,7,0,0,0,4,38,0,0,0,0,0,0,0,0,0,3,1,0,0,0,0,0,0,0,0,0
1,5020844,2914,53,26,0,0,0,1036,1,0,0,82,0,0,0,0,0,0,0,0,0,10,11,0,0,0,0,0
1,5573140,1966,936,6,0,0,0,163,0,0,0,6,0,0,0,0,0,0,0,0,0,1,1,0,0,0,0,0
1,5038584,160,3,1,0,0,0,17,1,0,0,1,0,0,1,0,1,0,0,0,0,0,1,0,0,0,0,0
1,4686294,69,7,0,0,0,14,192,0,0,0,0,0,0,0,0,0,26,1,0,0,0,0,0,0,0,0,0
1,3377948,5205,58,34,0,4,0,679,1,0,0,118,0,9,4,0,4,0,0,0,0,8,15,0,0,0,0,0
1,4565876,75,15,0,0,0,1118,2881,0,0,0,0,0,0,0,0,0,0,0,0,0,0,1,0,0,0,0,0
1,5019747,1225,5,10,0,1,0,191,1,0,0,17,0,1,0,0,0,0,0,0,0,2,2,0,0,0,0,0
1,4510012,67,7,0,0,0,4,38,0,0,0,0,0,0,0,0,0,3,1,0,0,0,0,0,0,0,0,0
1,4432333,65,7,0,0,0,4,38,0,0,0,0,0,0,0,0,0,3,1,0,0,0,0,0,0,0,0,0
1,5014384,872,98,7,0,0,0,243,1,0,0,21,0,0,0,0,0,0,0,0,0,3,2,0,0,0,0,0
1,3891303,2669,2648,2,0,1,3,20,0,0,0,2,0,1,0,0,0,0,0,0,0,0,1,0,0,0,0,0
1,5008161,1919,110,10,0,0,0,253,0,0,0,11,0,0,0,0,0,0,0,0,0,6,2,0,0,0,0,0
1,4641415,6368,151,9,1,0,6,279,0,0,0,22,2,0,0,0,0,0,0,0,0,1,1,0,0,0,0,0
1,3584883,114141,90,1,0,1,54,106,14,0,0,7,0,1,0,0,0,0,0,0,0,5,1,0,0,0,0,0
1,2619372,476151,13,2,1,1,0,18099,0,0,0,6,6,1,0,0,0,0,0,0,0,1,2,0,0,0,0,0
1,5019829,3628,360,10,1,0,23,892,0,0,0,32,2,0,0,0,0,0,0,0,0,1,1,0,0,0,0,0
1,4257519,124,61,0,0,0,1422,3489,0,0,0,0,0,0,0,0,0,0,0,0,0,0,1,0,0,0,0,0
1,4455672,2457,74,16,0,0,0,264,1,0,0,16,0,0,0,0,0,0,0,0,0,3,1,0,0,0,0,0
1,4663024,9313,368,12,1,0,6,374,0,0,0,24,2,0,0,0,0,0,0,0,0,1,1,0,0,0,0,0
1,4558284,70,7,0,0,0,4,38,0,0,0,0,0,0,0,0,0,3,1,0,0,0,0,0,0,0,0,0
1,4725989,82,6,0,0,0,4,50,0,0,0,0,0,0,0,0,0,3,1,0,0,0,0,0,0,0,0,0
1,4654232,85,11,0,0,0,4,38,0,0,0,0,0,0,0,0,0,3,1,0,0,0,0,0,0,0,0,0
1,5008460,1888,118,10,0,0,0,232,0,0,0,11,0,0,0,0,0,0,0,0,0,4,2,0,0,0,0,0
1,5006387,2802,130,22,0,0,0,777,1,0,0,65,0,0,0,0,0,0,0,0,0,8,7,0,0,0,0,0
1,3347713,1499,36,12,0,1,0,195,1,0,0,24,0,2,3,0,3,0,0,0,0,1,1,0,0,0,0,0
1,5217649,2404,99,8,0,0,0,330,0,0,0,17,0,0,0,0,0,0,0,0,0,0,5,0,0,0,0,0
1,4734282,9310,341,20,1,0,5,368,0,0,0,25,2,0,0,0,0,0,0,0,0,1,1,0,0,0,0,0
1,4702885,138,12,0,0,0,6,45,0,0,0,0,0,0,0,0,0,0,1,0,0,0,0,0,0,0,0,0
1,5036866,2007,116,10,0,0,0,200,1,0,0,10,0,0,0,0,0,0,0,0,0,7,2,0,0,0,0,0
1,3492877,237409,112980,4,0,0,0,13,0,0,0,4,0,0,0,0,0,0,0,0,0,0,0,0,0,0,0,0
1,5027193,1835,5,16,0,0,0,307,1,0,0,24,0,0,0,0,0,0,0,0,0,6,4,0,0,0,0,0
1,4663470,126,7,0,0,0,6,42,0,0,0,0,0,0,0,0,0,0,1,0,0,0,0,0,0,0,0,0
1,4558802,9190,337,17,1,0,5,374,0,0,0,25,2,0,0,0,0,0,0,0,0,1,1,0,0,0,0,0
1,5168398,3037,124,8,0,0,0,366,0,0,0,17,0,0,0,0,0,0,0,0,0,0,4,0,0,0,0,0
1,5001141,400,5,4,0,0,0,45,1,0,0,4,0,0,0,0,0,0,0,0,0,0,0,0,0,0,0,0
1,5029649,1981,94,10,0,1,0,241,0,0,0,11,0,1,0,0,0,0,0,0,0,5,2,0,0,0,0,0
1,4952945,3514,333,10,1,0,21,1252,0,0,0,30,1,0,0,0,0,0,0,0,0,1,2,0,0,0,0,0
1,4555778,68,7,0,0,0,4,38,0,0,0,0,0,0,0,0,0,3,1,0,0,0,0,0,0,0,0,0
1,5656996,180,51,2,0,0,16,97,0,0,0,15,0,0,0,0,0,0,0,0,0,0,1,0,0,0,0,0
1,5789654,5233,146,10,0,1,0,165,0,0,0,16,0,1,0,0,0,0,0,0,0,7,2,0,0,0,0,0
1,5220272,2441,99,8,0,0,0,341,0,0,0,17,0,0,0,0,0,0,0,0,0,2,5,0,0,0,0,0
1,5010065,3684,38,35,0,0,0,544,1,0,0,47,0,0,1,0,1,0,0,0,0,10,4,0,0,0,0,0
1,4732990,9298,350,12,1,0,6,374,0,0,0,23,2,0,0,0,0,0,0,0,0,1,1,0,0,0,0,0
1,5019329,54,3,0,0,0,0,4,1,0,0,0,0,0,0,0,0,0,0,0,0,0,0,0,0,0,0,0
1,4693307,124,7,0,0,0,6,42,0,0,0,0,0,0,0,0,0,0,1,0,0,0,0,0,0,0,0,0
1,4952601,12441,24,22,0,0,4,1124,0,0,0,50,0,0,0,0,0,0,0,0,0,1,3,0,0,0,0,0
1,5021693,218,4,3,0,0,0,23,1,0,0,3,0,0,0,0,0,0,0,0,0,0,2,0,0,0,0,0
1,4309543,2643,59,19,0,0,0,562,1,0,0,34,0,0,0,0,0,0,0,0,0,5,3,0,0,0,0,0
1,4566646,18135,19,1,0,1,0,1817,0,3,0,1,0,3,0,0,0,0,0,0,0,3,9,0,0,0,0,0
1,4641596,149,7,0,0,0,13,174,0,0,0,0,0,0,0,0,0,0,1,0,0,0,0,0,0,0,0,0
1,4772509,6375,154,7,1,0,5,277,0,0,0,17,1,0,0,0,0,0,0,0,0,1,2,0,0,0,0,0
1,5164284,2993,124,8,0,0,0,350,0,0,0,17,0,0,0,0,0,0,0,0,0,0,4,0,0,0,0,0
1,4713056,6429,136,7,0,0,10,278,0,0,0,20,0,0,0,0,0,0,0,0,0,1,1,0,0,0,0,0
1,5010828,2321,5,22,0,0,0,282,1,0,0,25,0,0,0,0,0,0,0,0,0,3,1,0,0,0,0,0
1,5039127,1895,104,10,0,0,0,266,0,0,0,12,0,0,0,0,0,0,0,0,0,6,2,0,0,0,0,0
1,5268562,1838,74,39,0,0,0,178,0,0,0,48,0,0,0,0,0,0,0,0,0,0,1,0,0,0,0,0
1,4661279,128,7,0,0,0,6,45,0,0,0,0,0,0,0,0,0,0,1,0,0,0,0,0,0,0,0,0
1,5031523,1970,122,10,0,0,0,239,0,0,0,11,0,0,0,0,0,0,0,0,0,6,3,0,0,0,0,0
1,4839320,6232,125,9,1,0,6,299,0,0,0,22,2,0,0,0,0,0,0,0,0,1,1,0,0,0,0,0
1,4378938,6823,32,28,0,0,0,764,1,0,0,28,0,0,0,0,0,0,0,0,0,5,0,0,0,0,0,0
1,5039153,940,5,10,0,0,0,113,1,0,0,11,0,0,0,0,0,0,0,0,0,2,0,0,0,0,0,0
1,4692084,9157,362,12,1,0,6,375,0,0,0,23,2,0,0,0,0,0,0,1,0,1,1,0,0,0,0,0
1,5676265,107,17,4,2,0,60,386,0,0,0,159,2,0,1,0,1,23,0,0,0,45,0,0,0,0,0,0
1,4847970,9408,337,20,1,0,5,368,0,0,0,25,2,0,0,0,0,0,0,0,0,1,1,0,0,0,0,0
1,5272266,1813,74,39,0,0,0,172,0,0,0,48,0,0,0,0,0,0,0,0,0,0,1,0,0,0,0,0
1,4813879,96,16,6,1,0,32,122,0,0,0,16,2,0,0,0,0,0,0,0,0,2,2,0,0,0,0,0
1,4688904,6330,144,7,0,0,10,271,0,0,0,20,0,0,0,0,0,0,0,0,0,1,1,0,0,0,0,0
1,5015051,647,5,6,0,0,0,195,1,0,0,15,0,0,0,0,0,0,0,0,0,1,5,0,0,0,0,0
1,4651247,128,7,0,0,0,6,42,0,0,0,0,0,0,0,0,0,0,1,0,0,0,0,0,0,0,0,0
1,4528335,69,7,0,0,0,4,38,0,0,0,0,0,0,0,0,0,3,1,0,0,0,0,0,0,0,0,0
1,4969688,1714,114,10,0,0,0,64,0,0,0,12,0,0,0,0,0,0,0,0,0,5,2,0,0,0,0,0
1,4584424,9164,335,12,1,0,6,375,0,0,0,23,2,0,0,0,0,0,0,0,0,1,1,0,0,0,0,0
1,5666222,180,56,2,0,0,16,99,0,0,0,15,0,0,0,0,0,0,0,0,0,0,1,0,0,0,0,0
1,4632156,128,7,0,0,0,6,45,0,0,0,0,0,0,0,0,0,0,1,0,0,0,0,0,0,0,0,0
1,4341456,1915,35,12,0,0,0,214,1,0,0,12,0,0,0,0,0,0,0,0,0,1,1,0,0,0,0,0
1,4434435,660,55,5,0,0,0,67,1,0,0,5,0,0,0,0,0,0,0,0,0,0,0,0,0,0,0,0
1,4646702,49,14,1,0,1,39,62076,0,0,0,5,0,1,0,0,0,0,0,0,0,5,1,0,0,0,0,0
1,5007474,4456,34,31,0,1,0,904,1,0,0,69,0,1,1,0,1,0,0,0,0,8,8,0,0,0,0,0
1,5034237,4919,134,37,0,0,0,611,1,0,0,43,0,0,1,0,1,0,0,0,0,9,7,0,0,0,0,0
1,4560465,6117,132,9,1,0,6,284,0,0,0,22,2,0,0,0,0,0,0,0,0,1,1,0,0,0,0,0
1,5262398,1810,74,39,0,0,0,175,0,0,0,48,0,0,0,0,0,0,0,0,0,0,1,0,0,0,0,0
1,5043119,1785,116,10,0,0,0,242,0,0,0,12,0,0,0,0,0,0,0,0,0,5,2,0,0,0,0,0
1,4398409,3462,47,14,0,0,0,370,1,0,0,14,0,0,0,0,0,0,0,0,0,4,0,0,0,0,0,0
1,3533288,237963,112980,4,0,0,0,24,0,0,0,4,0,0,0,0,0,0,0,0,0,0,0,0,0,0,0,0
1,5083005,1921,71,10,0,0,0,268,0,0,0,11,0,0,0,0,0,0,0,0,0,3,2,0,0,0,0,0
1,5040464,1767,5,9,0,0,0,199,1,0,0,9,0,0,0,0,0,0,0,0,0,7,1,0,0,0,0,0
1,5031291,2567,5,26,0,0,0,497,1,0,0,42,0,0,0,0,0,0,0,0,0,4,8,0,0,0,0,0
1,4999270,1887,5,21,0,0,0,216,1,0,0,23,0,0,0,0,0,0,0,0,0,1,4,0,0,0,0,0
1,5083564,1730,46,9,0,0,0,267,0,0,0,12,0,0,1,0,1,0,0,0,0,5,3,0,0,0,0,0
1,4520017,4552,95,37,0,0,0,496,1,0,0,37,0,0,0,0,0,0,0,0,0,4,0,0,0,0,0,0
1,4949641,1701,116,11,0,0,0,64,0,0,0,13,0,0,0,0,0,0,0,0,0,6,2,0,0,0,0,0
1,5004978,2689,5,26,0,0,0,273,1,0,0,26,0,0,0,0,0,0,0,0,0,4,4,0,0,0,0,0
1,3837590,801,10,0,0,1,0,14,0,0,0,0,0,1,0,0,0,0,0,0,0,1,1,0,0,0,0,0
1,4410833,3002,59,20,0,0,0,315,1,0,0,20,0,0,0,0,0,0,0,0,0,3,0,0,0,0,0,0
1,4549365,69,7,0,0,0,4,38,0,0,0,0,0,0,0,0,0,3,1,0,0,0,0,0,0,0,0,0
1,5021698,861,5,9,0,0,0,102,1,0,0,9,0,0,0,0,0,0,0,0,0,1,3,0,0,0,0,0
1,5671451,107,17,4,2,0,60,384,0,0,0,159,2,0,1,0,1,23,0,0,0,43,0,0,0,0,0,0
1,3356005,245591,116850,4,0,0,0,25,0,0,0,4,0,0,0,0,0,0,0,0,0,0,0,0,0,0,0,0
1,5168441,2996,124,8,0,0,0,351,0,0,0,17,0,0,0,0,0,0,0,0,0,0,4,0,0,0,0,0
1,4646870,119,7,0,0,0,6,42,0,0,0,0,0,0,0,0,0,0,1,0,0,0,0,0,0,0,0,0
1,1151664,5627816,7,1,0,1,26,11,21,0,0,2,0,1,0,0,0,0,0,0,0,1,0,0,0,0,0,0
1,4710360,83,6,0,0,0,13,186,0,0,0,0,0,0,0,0,0,12,1,0,0,0,0,0,0,0,0,0
1,5014360,1847,126,10,0,0,0,253,0,0,0,12,0,0,0,0,0,0,0,0,0,4,3,0,0,0,0,0
1,4488432,68,7,0,0,0,4,38,0,0,0,0,0,0,0,0,0,3,1,0,0,0,0,0,0,0,0,0
1,5032967,165,16,7,0,1,0,38,0,0,0,12,0,1,0,0,0,3,0,0,0,0,6,0,0,0,0,0
1,5019174,2111,108,10,0,0,0,244,0,0,0,12,0,0,0,0,0,0,0,0,0,4,4,0,0,0,0,0
1,5035422,910,5,6,0,0,0,98,1,0,0,6,0,0,0,0,0,0,0,0,0,3,3,0,0,0,0,0
1,5065807,4151,204,8,0,0,0,462,0,0,0,13,0,0,0,0,0,0,0,0,0,0,1,0,0,0,0,0
1,5676049,107,17,4,2,0,60,386,0,0,0,159,2,0,1,0,1,23,0,0,0,45,0,0,0,0,0,0
1,5667337,107,17,4,2,0,60,384,0,0,0,159,2,0,1,0,1,23,0,0,0,43,0,0,0,0,0,0
1,4915311,1226,16,1,0,0,172,569,0,0,0,151,0,0,0,0,0,0,0,0,0,4,1,0,0,0,0,0
1,5675760,107,17,4,2,0,60,386,0,0,0,159,2,0,1,0,1,23,0,0,0,45,0,0,0,0,0,0
1,5676288,107,17,4,2,0,60,386,0,0,0,159,2,0,1,0,1,23,0,0,0,45,0,0,0,0,0,0
1,4682105,213,24,2,1,0,117,117,0,0,0,74,1,0,0,0,0,0,0,0,0,4,1,0,0,0,0,0
1,5042903,646,5,3,0,0,0,71,1,0,0,3,0,0,0,0,0,0,0,0,0,1,0,0,0,0,0,0
1,3033964,1628729,34,7,5,1,69,218,0,0,0,38,21,1,0,0,0,0,0,0,0,1,1,0,0,0,0,0
1,6033680,718,147,3,0,0,12,63,0,0,0,12,0,0,0,0,0,0,0,0,0,1,1,0,0,0,0,0
1,4584063,68,7,0,0,0,27,233,0,0,0,0,0,0,0,0,0,24,1,0,0,0,0,0,0,0,0,0
1,3382863,237409,112980,4,0,0,0,13,0,0,0,4,0,0,0,0,0,0,0,0,0,0,0,0,0,0,0,0
1,4613688,384,15,2,1,0,1768,255,1662,0,0,91,6,0,0,0,0,0,0,0,0,2,0,0,0,0,0,0
1,5671064,107,17,4,2,0,60,384,0,0,0,159,2,0,1,0,1,23,0,0,0,43,0,0,0,0,0,0
1,2296317,4252,84,8,0,0,0,195,1,0,0,8,0,0,0,0,0,0,0,0,0,1,0,0,0,0,0,0
1,5030200,2179,134,16,0,0,0,632,1,0,0,42,0,0,0,0,0,0,0,0,0,8,9,0,0,0,0,0
1,5210835,2402,99,8,0,0,0,327,0,0,0,17,0,0,0,0,0,0,0,0,0,0,4,0,0,0,0,0
1,3473590,237409,112980,4,0,0,0,13,0,0,0,4,0,0,0,0,0,0,0,0,0,0,0,0,0,0,0,0
1,2288152,31490,86,51,0,0,0,2223,1,0,0,86,0,0,0,0,0,0,0,0,0,4,5,0,0,0,0,0
1,5044343,1191,5,7,0,0,0,283,1,0,0,19,0,0,0,0,0,0,0,0,0,2,4,0,0,0,0,0
1,2291955,12626,34,32,0,0,0,960,1,0,0,51,0,0,0,0,0,0,0,0,0,10,4,0,0,0,0,0
1,4925368,973,18,65,1,0,143,661,0,0,0,152,4,0,2,0,2,0,0,0,0,5,15,0,0,1,0,0
1,1585,53472784,12,2,2,0,252,515,0,0,0,244,2,0,0,0,0,0,0,0,0,0,2,0,0,0,0,0
1,2494884,162385,162364,1,2,0,34,73,17,1,0,4,4,0,0,0,0,0,0,0,0,3,0,0,0,0,0,0
1,5559369,1966,936,6,0,0,0,155,0,0,0,6,0,0,0,0,0,0,0,0,0,1,1,0,0,0,0,0
1,5586607,1966,936,6,0,0,0,181,0,0,0,6,0,0,0,0,0,0,0,0,0,1,1,0,0,0,0,0
1,3612715,12878,12868,0,0,1,7,18,0,0,0,0,0,1,0,0,0,0,0,0,0,1,1,0,0,0,0,0
1,5082994,3501,353,10,1,0,24,869,0,0,0,33,2,0,0,0,0,0,0,0,0,1,1,0,0,0,0,0
1,4684766,127,7,0,0,0,6,42,0,0,0,0,0,0,0,0,0,0,1,0,0,0,0,0,0,0,0,0
1,4616973,64,6,0,0,0,4,38,0,0,0,0,0,0,0,0,0,3,1,0,0,0,0,0,0,0,0,0
1,5255318,154,31,3,0,0,1839,348,1330,0,0,387,0,0,0,0,0,0,0,0,0,2,3,0,0,0,0,0
1,5022511,1643,116,13,0,0,0,164,1,0,0,13,0,0,0,0,0,0,0,0,0,4,2,0,0,0,0,0
1,5574586,1966,936,6,0,0,0,147,0,0,0,6,0,0,0,0,0,0,0,0,0,1,1,0,0,0,0,0
1,5673345,107,17,4,2,0,60,386,0,0,0,159,2,0,1,0,1,23,0,0,0,45,0,0,0,0,0,0
1,4895636,1155,120,7,0,0,0,56,0,0,0,13,0,0,0,0,0,0,0,0,0,3,3,0,0,0,0,0
1,2307136,23967,60,55,0,1,0,4015,1,0,0,186,0,2,0,0,0,0,0,0,0,16,4,0,0,0,0,0
1,2309455,10728,80,20,0,0,0,510,1,0,0,20,0,0,0,0,0,0,0,0,0,3,3,0,0,0,0,0
1,4668384,129,7,0,0,0,6,45,0,0,0,0,0,0,0,0,0,0,1,0,0,0,0,0,0,0,0,0
1,4724407,138,12,0,0,0,6,45,0,0,0,0,0,0,0,0,0,0,1,0,0,0,0,0,0,0,0,0
1,4900218,2920,25,3,0,0,67,364,0,0,0,28,0,0,1,0,1,0,0,0,0,6,6,0,0,0,0,0
1,5012098,579,5,6,0,0,0,120,1,0,0,10,0,0,0,0,0,0,0,0,0,2,2,0,0,0,0,0
1,4294768,124,61,0,0,0,1238,3121,0,0,0,0,0,0,0,0,0,0,0,0,0,0,1,0,0,0,0,0
1,4644521,129,7,0,0,0,6,45,0,0,0,0,0,0,0,0,0,0,1,0,0,0,0,0,0,0,0,0
1,4447648,2484,78,19,0,0,0,674,1,0,0,44,0,0,0,0,0,0,0,0,0,10,3,0,0,0,0,0
1,5586005,1966,936,6,0,0,0,170,0,0,0,6,0,0,0,0,0,0,0,0,0,1,1,0,0,0,0,0
1,5032452,1164,5,9,0,0,0,232,1,0,0,17,0,0,0,0,0,0,0,0,0,2,2,0,0,0,0,0
1,5004031,2731,34,22,0,0,0,601,1,0,0,48,0,0,0,0,0,0,0,0,0,8,7,0,0,0,0,0
1,5016953,668,4,3,0,0,0,83,1,0,0,3,0,0,0,0,0,0,0,0,0,0,1,0,0,0,0,0
1,5013596,2742,5,22,0,0,0,277,1,0,0,22,0,0,0,0,0,0,0,0,0,7,2,0,0,0,0,0
1,5157010,3006,124,8,0,0,0,352,0,0,0,17,0,0,0,0,0,0,0,0,0,0,4,0,0,0,0,0
1,2297254,11434,51,20,0,0,0,715,1,0,0,24,0,0,0,0,0,0,0,0,0,3,4,0,0,0,0,0
1,5593637,1966,936,6,0,0,0,153,0,0,0,6,0,0,0,0,0,0,0,0,0,1,1,0,0,0,0,0
1,5003117,2911,92,32,0,0,0,638,1,0,0,58,0,0,1,0,1,0,0,0,0,6,12,0,0,0,0,0
1,4911295,102,16,0,0,0,16,123,0,0,0,0,0,0,0,0,0,0,1,0,0,0,0,0,0,0,0,0
1,4398702,2880,36,24,0,1,0,693,1,0,0,48,0,1,0,0,0,0,0,0,0,7,3,0,0,0,0,0
1,3320871,2984,43,20,0,0,0,252,1,0,0,40,0,0,5,0,5,0,0,0,0,5,5,0,0,0,0,0
1,2295927,2024,69,4,0,0,0,180,1,0,0,9,0,0,0,0,0,0,0,0,0,0,1,0,0,0,0,0
1,5033175,1583,128,14,0,0,0,248,1,0,0,21,0,0,0,0,0,0,0,0,0,2,3,0,0,0,0,0
1,5590364,1942,912,6,0,0,0,161,0,0,0,6,0,0,0,0,0,0,0,0,0,1,1,0,0,0,0,0
1,4632499,130,7,0,0,0,6,45,0,0,0,0,0,0,0,0,0,0,1,0,0,0,0,0,0,0,0,0
1,5013590,1503,148,9,0,0,0,233,0,0,0,13,0,0,0,0,0,0,0,0,0,4,3,0,0,0,0,0
1,5672419,107,17,4,2,0,60,386,0,0,0,159,2,0,1,0,1,23,0,0,0,45,0,0,0,0,0,0
1,5667418,107,17,4,2,0,60,384,0,0,0,159,2,0,1,0,1,23,0,0,0,43,0,0,0,0,0,0
1,4639475,128,7,0,0,0,6,45,0,0,0,0,0,0,0,0,0,0,1,0,0,0,0,0,0,0,0,0
1,5145573,3380,9,11,0,0,0,330,1,0,0,11,0,0,0,0,0,0,0,0,0,4,0,0,0,0,0,0
1,3275344,5223,64,46,0,3,0,1276,0,0,0,290,0,12,9,0,9,0,0,0,0,8,24,0,0,0,0,0
1,4510494,66,7,0,0,0,4,38,0,0,0,0,0,0,0,0,0,3,1,0,0,0,0,0,0,0,0,0
1,5175328,3665,12,13,0,0,0,585,1,0,0,18,0,0,0,0,0,0,0,0,0,0,1,0,0,0,0,0
1,4664556,80,5,0,0,0,14,257,0,0,0,0,0,0,0,0,0,26,1,0,0,0,0,0,0,0,0,0
1,5581636,1942,912,6,0,0,0,145,0,0,0,6,0,0,0,0,0,0,0,0,0,1,1,0,0,0,0,0
1,3554199,99088,16,0,0,0,7,9400,2,0,0,0,0,0,0,0,0,0,0,0,0,0,0,0,0,0,0,0
1,5261307,1841,74,39,0,0,0,180,0,0,0,48,0,0,0,0,0,0,0,0,0,0,1,0,0,0,0,0
1,5019301,1954,116,10,0,1,0,228,0,0,0,11,0,1,0,0,0,0,0,0,0,5,2,0,0,0,0,0
1,5041864,1808,108,9,0,0,0,252,0,0,0,12,0,0,0,0,0,0,0,0,0,4,2,0,0,0,0,0
1,5021778,1573,5,12,0,0,0,267,1,0,0,18,0,0,0,0,0,0,0,0,0,2,8,0,0,0,0,0
1,4778281,8057,8,9,0,0,0,1074,0,0,0,9,0,0,0,0,0,0,0,0,0,1,1,0,0,0,0,0
1,4441819,2585,4,10,0,0,2,241,1,0,0,10,0,0,0,0,0,0,0,0,0,3,1,0,0,0,0,0
1,5222959,2440,99,8,0,0,0,342,0,0,0,17,0,0,0,0,0,0,0,0,0,0,4,0,0,0,0,0
1,5041607,3648,344,10,1,0,31,888,0,0,0,40,2,0,0,0,0,0,0,0,0,1,1,0,0,0,0,0
1,5676503,107,17,4,2,0,60,386,0,0,0,159,2,0,1,0,1,23,0,0,0,45,0,0,0,0,0,0
1,5012082,1230,114,7,0,0,0,229,0,0,0,11,0,0,0,0,0,0,0,0,0,3,3,0,0,0,0,0
1,3346439,52139,10,1,1,1,51,154,0,0,0,3,4,1,0,0,0,0,0,0,0,1,0,0,0,0,0,0
1,5324694,163,22,2,0,0,15,95,0,0,0,5,0,0,0,0,0,2,0,0,0,0,3,0,0,0,0,0
1,5039168,1963,5,10,0,0,0,214,1,0,0,10,0,0,0,0,0,0,0,0,0,8,2,0,0,0,0,0
1,4308643,47,3,0,0,0,0,7,1,0,0,0,0,0,0,0,0,0,0,0,0,0,0,0,0,0,0,0
1,5017876,1876,140,10,0,0,0,229,0,0,0,12,0,0,0,0,0,0,0,0,0,7,3,0,0,0,0,0
1,5016095,369,4,2,0,0,0,43,1,0,0,2,0,0,0,0,0,0,0,0,0,0,1,0,0,0,0,0
1,5034659,760,5,3,0,0,0,80,1,0,0,3,0,0,0,0,0,0,0,0,0,1,1,0,0,0,0,0
1,4719572,66,6,0,0,0,14,158,0,0,0,0,0,0,0,0,0,13,1,0,0,0,0,0,0,0,0,0
1,4650732,135,11,0,0,0,20,210,0,0,0,0,0,0,0,0,0,0,1,0,0,0,0,0,0,0,0,0
1,4488691,6107,79,52,0,2,0,682,1,0,0,52,0,2,0,0,0,0,0,0,0,8,5,0,0,0,0,0
1,4161347,4679,199,10,0,0,6,1840,0,0,0,45,0,0,0,0,0,0,0,0,0,1,1,0,0,0,0,0
1,5580228,1966,936,6,0,0,0,139,0,0,0,6,0,0,0,0,0,0,0,0,0,1,1,0,0,0,0,0
1,5026342,2220,108,11,0,0,0,269,0,0,0,12,0,0,0,0,0,0,0,0,0,6,2,0,0,0,0,0
1,4120073,1286,29,0,0,1,0,55,0,0,0,0,0,1,0,0,0,0,0,0,0,1,1,0,0,0,0,0
1,5590358,1942,912,6,0,0,0,170,0,0,0,6,0,0,0,0,0,0,0,0,0,1,1,0,0,0,0,0
1,5675321,107,17,4,2,0,60,386,0,0,0,159,2,0,1,0,1,23,0,0,0,45,0,0,0,0,0,0
1,5029710,2041,142,9,0,0,0,247,0,0,0,11,0,0,0,0,0,0,0,0,0,5,2,0,0,0,0,0
1,4494239,68,7,0,0,0,4,38,0,0,0,0,0,0,0,0,0,3,1,0,0,0,0,0,0,0,0,0
1,4569793,70,7,0,0,0,14,150,0,0,0,0,0,0,0,0,0,13,1,0,0,0,0,0,0,0,0,0
1,5676045,107,17,4,2,0,60,386,0,0,0,159,2,0,1,0,1,23,0,0,0,45,0,0,0,0,0,0
1,4704079,6420,163,9,1,0,6,293,0,0,0,22,2,0,0,0,0,0,0,0,0,1,1,0,0,0,0,0
1,4650975,9103,366,17,1,0,5,365,0,0,0,25,2,0,0,0,0,0,0,0,0,1,1,0,0,0,0,0
1,5269661,1825,74,39,0,0,0,179,0,0,0,48,0,0,0,0,0,0,0,0,0,0,1,0,0,0,0,0
1,5003647,452,5,4,0,0,0,50,1,0,0,4,0,0,0,0,0,0,0,0,0,0,1,0,0,0,0,0
1,3290431,237409,112980,4,0,0,0,13,0,0,0,4,0,0,0,0,0,0,0,0,0,0,0,0,0,0,0,0
1,3353541,237724,113130,4,0,0,0,13,0,0,0,4,0,0,0,0,0,0,0,0,0,0,0,0,0,0,0,0
1,3956929,2167,2146,2,0,1,3,20,0,0,0,2,0,1,0,0,0,0,0,0,0,0,1,0,0,0,0,0
1,3234617,725757,7,1,0,1,5,9,0,0,0,2,0,1,0,0,0,0,0,0,0,1,0,0,0,0,0,0
1,4406602,1324,4,6,0,0,0,146,1,0,0,6,0,0,0,0,0,0,0,0,0,2,0,0,0,0,0,0
1,5141683,63,11,2,0,0,4,18,0,0,0,7,0,0,0,0,0,0,0,0,0,2,0,0,0,0,0,0
1,5029401,1539,5,9,0,0,0,304,1,0,0,18,0,0,0,0,0,0,0,0,0,6,4,0,0,0,0,0
1,4780190,9274,351,17,1,0,5,376,0,0,0,25,2,0,0,0,0,0,0,0,0,1,1,0,0,0,0,0
1,3981404,78923,60,1,0,0,157,215,50,0,0,62,0,0,0,0,0,0,0,0,0,7,2,0,0,0,0,0
1,5213141,2405,99,8,0,0,0,326,0,0,0,17,0,0,0,0,0,0,0,0,0,0,4,0,0,0,0,0
1,5012614,2264,5,22,0,1,0,361,1,0,0,31,0,1,0,0,0,0,0,0,0,6,4,0,0,0,0,0
1,4416877,142,3,0,0,0,0,17,1,0,0,0,0,0,0,0,0,0,0,0,0,0,0,0,0,0,0,0
1,5122800,88,10,0,0,0,4,37,0,0,0,0,0,0,0,0,0,2,1,0,0,0,0,0,0,0,0,0
1,3450737,554,8,0,0,1,0,3,0,0,0,0,0,1,0,0,0,0,0,0,0,1,1,0,0,0,0,0
1,5016166,1029,110,4,0,0,0,97,1,0,0,4,0,0,0,0,0,0,0,0,0,2,1,0,0,0,0,0
1,4754938,1399,70,7,0,0,0,272,1,0,0,11,0,0,0,0,0,0,0,0,0,1,1,0,0,0,0,0
1,4638486,68,7,0,0,0,13,146,0,0,0,0,0,0,0,0,0,12,1,0,0,0,0,0,0,0,0,0
1,5016328,2227,86,19,0,0,0,833,1,0,0,68,0,0,0,0,0,0,0,0,0,10,7,0,0,0,0,0
1,4713285,6089,136,7,0,0,10,269,0,0,0,20,0,0,0,0,0,0,0,0,0,1,1,0,0,0,0,0
1,5013857,1642,5,15,0,0,0,202,1,0,0,16,0,0,0,0,0,0,0,0,0,0,5,0,0,0,0,0
1,5676490,107,17,4,2,0,60,386,0,0,0,159,2,0,1,0,1,23,0,0,0,45,0,0,0,0,0,0
1,5673797,107,17,4,2,0,60,386,0,0,0,159,2,0,1,0,1,23,0,0,0,45,0,0,0,0,0,0
1,5189027,165,159,2,1,0,21,78,0,0,0,9,6,0,0,0,0,0,0,0,0,1,1,0,0,0,0,0
1,5162762,2992,124,8,0,0,0,348,0,0,0,17,0,0,0,0,0,0,0,0,0,0,4,0,0,0,0,0
1,4525008,68,7,0,0,0,4,38,0,0,0,0,0,0,0,0,0,3,1,0,0,0,0,0,0,0,0,0
1,5670666,107,17,4,2,0,60,384,0,0,0,159,2,0,1,0,1,23,0,0,0,43,0,0,0,0,0,0
1,4534586,68,7,0,0,0,4,38,0,0,0,0,0,0,0,0,0,3,1,0,0,0,0,0,0,0,0,0
1,4663470,126,7,0,0,0,6,42,0,0,0,0,0,0,0,0,0,0,1,0,0,0,0,0,0,0,0,0
1,2311055,12608,87,19,0,0,0,1002,1,0,0,35,0,0,0,0,0,0,0,0,0,6,3,0,0,0,0,0
1,4616737,64,5,0,0,0,11,139,0,0,0,0,0,0,0,0,0,20,1,0,0,0,0,0,0,0,0,0
1,5023666,609,5,3,0,0,0,93,1,0,0,5,0,0,0,0,0,0,0,0,0,2,0,0,0,0,0,0
1,5670998,107,17,4,2,0,60,384,0,0,0,159,2,0,1,0,1,23,0,0,0,43,0,0,0,0,0,0
1,5173379,3009,124,8,0,0,0,354,0,0,0,17,0,0,0,0,0,0,0,1,0,0,4,0,0,0,0,0
1,3584704,85626,85602,1,2,0,111,92,77,0,0,4,6,0,0,0,0,0,0,0,0,2,1,0,0,0,0,0
1,2299112,3654,59,6,0,0,0,254,1,0,0,10,0,0,0,0,0,0,0,0,0,3,0,0,0,0,0,0
1,4745368,9010,328,17,1,0,5,372,0,0,0,25,2,0,0,0,0,0,0,0,0,1,1,0,0,0,0,0
1,4378633,274,80,1,0,0,0,24,1,0,0,1,0,0,0,0,0,0,0,0,0,0,0,0,0,0,0,0
1,4710739,300,7,0,0,0,2,45,0,0,0,0,0,0,0,0,0,3,1,0,0,0,0,0,0,0,0,0
1,4143805,10762,178,11,0,0,6,757,0,0,0,39,0,0,0,0,0,0,0,3,0,1,1,0,0,0,0,0
1,2289507,5457,95,14,0,0,0,238,1,0,0,14,0,0,0,0,0,0,0,0,0,2,0,0,0,0,0,0
1,4907132,64,7,0,0,0,11,159,0,0,0,0,0,0,0,0,0,20,1,0,0,0,0,0,0,0,0,0
1,5676476,107,17,4,2,0,60,386,0,0,0,159,2,0,1,0,1,23,0,0,0,45,0,0,0,0,0,0
1,5002004,2565,118,12,0,0,0,251,0,0,0,12,0,0,0,0,0,0,0,0,0,5,2,0,0,0,0,0
1,5018442,3341,345,10,1,0,25,871,0,0,0,34,2,0,0,0,0,0,0,0,0,1,1,0,0,0,0,0
1,4257274,1249,4,4,0,0,0,55,1,0,0,4,0,0,0,0,0,0,0,0,0,0,0,0,0,0,0,0
1,5024675,1801,128,9,0,0,0,232,0,0,0,11,0,0,0,0,0,0,0,0,0,5,5,0,0,0,0,0
1,4504161,67,7,0,0,0,4,38,0,0,0,0,0,0,0,0,0,3,1,0,0,0,0,0,0,0,0,0
1,3416471,237409,112980,4,0,0,0,13,0,0,0,4,0,0,0,0,0,0,0,0,0,0,0,0,0,0,0,0
1,5175739,3025,124,8,0,0,0,360,0,0,0,17,0,0,0,0,0,0,0,0,0,0,4,0,0,0,0,0
1,4154163,5017,189,10,0,0,6,1807,0,0,0,45,0,0,0,0,0,0,0,0,0,1,1,0,0,0,0,0
1,5009599,1918,5,15,0,0,0,193,1,0,0,15,0,0,0,0,0,0,0,0,0,1,1,0,0,0,0,0
1,3262138,56424,14,1,0,1,39,106,0,0,0,7,0,1,0,0,0,0,0,0,0,5,1,0,0,0,0,0
1,3769528,41483,54,3,1,0,287,558,0,0,0,46,14,0,0,0,0,1,1,0,0,6,12,0,0,0,0,0
1,4519202,68,7,0,0,0,4,38,0,0,0,0,0,0,0,0,0,3,1,0,0,0,0,0,0,0,0,0
1,5674559,107,17,4,2,0,60,386,0,0,0,159,2,0,1,0,1,23,0,0,0,45,0,0,0,0,0,0
1,4487960,4491,74,22,0,0,0,507,1,0,0,22,0,0,0,0,0,0,0,0,0,2,2,0,0,0,0,0
1,4555778,68,7,0,0,0,4,38,0,0,0,0,0,0,0,0,0,3,1,0,0,0,0,0,0,0,0,0
1,4816451,64,6,0,0,0,4,42,0,0,0,0,0,0,0,0,0,6,1,0,0,0,0,0,0,0,0,0
1,3950496,85580,29,1,2,0,111,92,77,0,0,4,6,0,0,0,0,0,0,0,0,2,1,0,0,0,0,0
1,5012894,3044,48,29,0,0,0,935,1,0,0,75,0,0,1,0,1,0,0,0,0,10,8,0,0,0,0,0
1,4528733,9702,335,12,1,0,6,374,0,0,0,23,2,0,0,0,0,0,0,0,0,1,1,0,0,0,0,0
1,5015318,75,4,0,0,0,0,12,1,0,0,0,0,0,0,0,0,0,0,0,0,0,0,0,0,0,0,0
1,4719474,85,12,0,0,0,4,38,0,0,0,0,0,0,0,0,0,3,1,0,0,0,0,0,0,0,0,0
1,5577783,1966,936,6,0,0,0,177,0,0,0,6,0,0,0,0,0,0,0,0,0,1,1,0,0,0,0,0
1,5671261,107,17,4,2,0,60,384,0,0,0,159,2,0,1,0,1,23,0,0,0,43,0,0,0,0,0,0
1,4537672,70,7,0,0,0,14,154,0,0,0,0,0,0,0,0,0,13,1,0,0,0,0,0,0,0,0,0
1,3928353,2139,2118,2,0,1,3,20,0,0,0,2,0,1,0,0,0,0,0,0,0,0,1,0,0,0,0,0
1,4226990,840,83,7,0,0,0,86,1,0,0,7,0,0,0,0,0,0,0,0,0,1,0,0,0,0,0,0
1,3910325,99877,33,1,2,0,111,92,77,0,0,4,6,0,0,0,0,0,0,0,0,2,1,0,0,0,0,0
1,5580503,1966,936,6,0,0,0,150,0,0,0,6,0,0,0,0,0,0,0,0,0,1,1,0,0,0,0,0
1,4160617,4687,179,10,0,0,6,1950,0,0,0,45,0,0,0,0,0,0,0,0,0,1,1,0,0,0,0,0
1,5573881,1966,936,6,0,0,0,155,0,0,0,6,0,0,0,0,0,0,0,0,0,1,1,0,0,0,0,0
1,5058499,1940,120,10,0,1,0,253,0,0,0,12,0,1,1,0,1,0,0,0,0,9,4,0,0,0,0,0
1,5671312,107,17,4,2,0,60,384,0,0,0,159,2,0,1,0,1,23,0,0,0,43,0,0,0,0,0,0
1,4301724,1479,34,9,0,0,0,307,1,0,0,18,0,0,0,0,0,0,0,0,0,3,1,0,0,0,0,0
1,5010157,1472,114,6,0,0,0,250,0,0,0,11,0,0,0,0,0,0,0,0,0,7,4,0,0,0,0,0
1,5660425,180,51,2,0,0,16,99,0,0,0,15,0,0,0,0,0,0,0,0,0,0,1,0,0,0,0,0
1,4080796,242477,14,1,0,1,39,106,0,0,0,7,0,1,0,0,0,0,0,0,0,5,1,0,0,0,0,0
1,4685439,64,5,0,0,0,4,47,0,0,0,0,0,0,0,0,0,6,1,0,0,0,0,0,0,0,0,0
1,4543133,70,7,0,0,0,4,38,0,0,0,0,0,0,0,0,0,3,1,0,0,0,0,0,0,0,0,0
1,4357530,1926,65,13,0,0,0,207,1,0,0,13,0,0,0,0,0,0,0,0,0,1,2,0,0,0,0,0
1,5003786,466,5,4,0,0,0,113,1,0,0,10,0,0,0,0,0,0,0,0,0,2,1,0,0,0,0,0
1,3291213,452063,35,1,1,0,211,141,152,0,0,3,4,0,0,0,0,0,0,0,0,0,1,0,0,0,0,0
1,4761626,9560,24,26,0,0,4,700,0,0,0,51,0,0,0,0,0,0,0,0,0,1,2,0,0,0,0,0
1,2293986,7365,60,17,0,0,0,445,1,0,0,20,0,0,0,0,0,0,0,0,0,1,0,0,0,0,0,0
1,5092497,4886,181,9,0,0,0,405,0,0,0,18,0,0,0,0,0,0,0,0,0,0,3,0,0,0,0,0
1,5575919,1966,936,6,0,0,0,142,0,0,0,6,0,0,0,0,0,0,0,0,0,1,1,0,0,0,0,0
1,5022572,553,5,3,0,0,0,64,1,0,0,3,0,0,0,0,0,0,0,0,0,0,2,0,0,0,0,0
1,5934909,8598,483,10,0,1,0,166,0,0,0,13,0,1,1,0,1,0,0,0,0,5,1,0,0,0,0,0
1,5016027,850,5,9,0,0,0,93,1,0,0,9,0,0,0,0,0,0,0,0,0,0,2,0,0,0,0,0
1,5010014,551,5,5,0,0,0,60,1,0,0,5,0,0,0,0,0,0,0,0,0,0,0,0,0,0,0,0
1,3481778,302936,154367,2,2,1,48,126,0,0,0,15,12,1,0,0,0,0,0,0,0,3,1,0,0,0,0,0
1,5020642,2362,106,11,0,1,0,255,0,0,0,11,0,1,0,0,0,0,0,0,0,8,2,0,0,0,0,0
1,4525516,67,7,0,0,0,4,38,0,0,0,0,0,0,0,0,0,3,1,0,0,0,0,0,0,0,0,0
1,5010369,919,5,8,0,0,0,127,1,0,0,10,0,0,0,0,0,0,0,0,0,1,0,0,0,0,0,0
1,4437544,93,19,2,1,0,584,28,578,0,0,4,1,0,0,0,0,0,0,0,0,1,2,0,0,0,0,0
1,5024581,1820,108,11,0,0,0,193,1,0,0,11,0,0,0,0,0,0,0,0,0,5,3,0,0,0,0,0
1,5564031,1966,936,6,0,0,0,167,0,0,0,6,0,0,0,0,0,0,0,0,0,1,1,0,0,0,0,0
1,5676230,107,17,4,2,0,60,386,0,0,0,159,2,0,1,0,1,23,0,0,0,45,0,0,0,0,0,0
1,3377101,3493,35,30,0,4,0,1102,1,0,0,164,0,9,6,0,6,0,0,0,0,6,25,0,0,0,0,0
1,4757032,73,9,0,0,0,11,169,0,0,0,0,0,0,0,0,0,20,1,0,0,0,0,0,0,0,0,0
1,4756646,6402,126,7,0,0,10,281,0,0,0,20,0,0,0,0,0,0,0,0,0,1,1,0,0,0,0,0
1,5084263,1892,48,9,0,0,0,256,0,0,0,12,0,0,0,0,0,0,0,0,0,4,3,0,0,0,0,0
1,2804741,109742,7,1,0,1,5,11,0,0,0,2,0,1,0,0,0,0,0,0,0,0,0,0,0,0,0,0
1,5008326,1580,120,11,0,0,0,571,1,0,0,40,0,0,0,0,0,0,0,0,0,8,5,0,0,0,0,0
1,5676103,107,17,4,2,0,60,386,0,0,0,159,2,0,1,0,1,23,0,0,0,45,0,0,0,0,0,0
1,4540393,68,7,0,0,0,4,38,0,0,0,0,0,0,0,0,0,3,1,0,0,0,0,0,0,0,0,0
1,5141683,63,11,2,0,0,4,18,0,0,0,7,0,0,0,0,0,0,0,0,0,2,0,0,0,0,0,0
1,4879377,6090,127,9,1,0,6,287,0,0,0,22,2,0,0,0,0,0,0,0,0,1,1,0,0,0,0,0
1,4960682,1853,142,10,0,0,0,62,0,0,0,13,0,0,0,0,0,0,0,0,0,5,1,0,0,0,0,0
1,5671412,107,17,4,2,0,60,384,0,0,0,159,2,0,1,0,1,23,0,0,0,43,0,0,0,0,0,0
1,5658781,180,51,2,0,0,16,99,0,0,0,15,0,0,0,0,0,0,0,0,0,0,1,0,0,0,0,0
1,4766103,6134,142,7,0,0,10,279,0,0,0,20,0,0,0,0,0,0,0,2,0,1,1,0,0,0,0,0
1,4817343,9064,317,17,1,0,5,367,0,0,0,25,2,0,0,0,0,0,0,0,0,1,1,0,0,0,0,0
1,4251844,2346,57,16,0,0,0,177,1,0,0,27,0,0,0,0,0,0,0,0,0,3,4,0,0,0,0,0
1,4453385,5714,74,23,0,0,0,615,1,0,0,23,0,0,0,0,0,0,0,0,0,8,2,0,0,0,0,0
1,4284213,86246,86171,1,2,1,71,146,0,0,0,13,6,1,0,0,0,0,0,0,0,1,0,0,0,0,0,0
1,5024083,1962,120,10,0,1,0,260,0,0,0,11,0,1,0,0,0,0,0,0,0,7,2,0,0,0,0,0
1,3906763,15651,122,1,1,0,23,60,0,0,0,2,1,0,0,0,0,0,0,0,0,0,2,0,0,0,0,0
1,5024934,606,5,5,0,0,0,146,1,0,0,11,0,0,0,0,0,0,0,0,0,4,4,0,0,0,0,0
1,3904285,7121,7062,1,0,0,4,13,0,0,0,2,0,0,0,0,0,0,0,0,0,1,0,0,0,0,0,0
1,4631773,296,7,0,0,0,2,42,0,0,0,0,0,0,0,0,0,2,1,0,0,0,0,0,0,0,0,0
1,4805454,75,15,0,0,0,1511,3667,0,0,0,0,0,0,0,0,0,0,0,0,0,0,1,0,0,0,0,0
1,4593078,9099,349,12,1,0,6,365,0,0,0,23,2,0,0,0,0,0,0,0,0,1,1,0,0,0,0,0
1,5079598,3633,351,10,1,0,19,882,0,0,0,28,2,0,0,0,0,0,0,0,0,1,2,0,0,0,0,0
1,5676549,107,17,4,2,0,60,386,0,0,0,159,2,0,1,0,1,23,0,0,0,45,0,0,0,0,0,0
1,5017448,1734,142,16,0,1,0,265,1,0,0,25,0,1,0,0,0,0,0,0,0,4,6,0,0,0,0,0
1,5048508,191,5,2,0,0,0,23,1,0,0,2,0,0,0,0,0,0,0,0,0,2,0,0,0,0,0,0
1,5671596,180,51,2,0,0,16,99,0,0,0,15,0,0,0,0,0,0,0,0,0,0,1,0,0,0,0,0
1,5671290,107,17,4,2,0,60,384,0,0,0,159,2,0,1,0,1,23,0,0,0,43,0,0,0,0,0,0
1,4494239,68,7,0,0,0,4,38,0,0,0,0,0,0,0,0,0,3,1,0,0,0,0,0,0,0,0,0
1,5173619,3033,124,8,0,0,0,363,0,0,0,17,0,0,0,0,0,0,0,0,0,0,4,0,0,0,0,0
1,5658778,180,51,2,0,0,16,101,0,0,0,15,0,0,0,0,0,0,0,0,0,0,1,0,0,0,0,0
1,3381566,186,95,1,0,0,0,9,1,0,0,1,0,0,0,0,0,0,0,0,0,0,1,0,0,0,0,0
1,3388066,65820,14,1,0,1,43,106,4,0,0,7,0,1,0,0,0,0,0,0,0,5,1,0,0,0,0,0
1,4494239,68,7,0,0,0,4,38,0,0,0,0,0,0,0,0,0,3,1,0,0,0,0,0,0,0,0,0
1,2319268,14045,69,28,0,0,0,1124,1,0,0,51,0,0,0,0,0,0,0,0,0,8,4,0,0,0,0,0
1,4511743,68,7,0,0,0,14,150,0,0,0,0,0,0,0,0,0,13,1,0,0,0,0,0,0,0,0,0
1,5785481,982,19,7,4,1,10,106,0,0,0,13,4,1,0,0,0,0,0,0,0,0,0,0,0,0,0,0
1,5008577,944,5,5,0,0,0,164,1,0,0,9,0,0,0,0,0,0,0,0,0,0,4,0,0,0,0,0
1,5645782,180,51,2,0,0,16,98,0,0,0,15,0,0,0,0,0,0,0,0,0,0,1,0,0,0,0,0
1,5045855,2130,124,10,0,0,0,233,0,0,0,12,0,0,1,0,1,0,0,0,0,6,2,0,0,0,0,0
1,5027014,1769,5,17,0,0,0,188,1,0,0,17,0,0,0,0,0,0,0,0,0,1,3,0,0,0,0,0
1,5036921,2235,130,11,0,0,0,252,0,0,0,12,0,0,0,0,0,0,0,0,0,9,3,0,0,0,0,0
1,5850734,635516,7,1,0,1,1403,28539,1397,0,0,2,0,1,0,0,0,0,0,0,1,1,0,0,0,0,0,0
1,5676383,107,17,4,2,0,60,386,0,0,0,159,2,0,1,0,1,23,0,0,0,45,0,0,0,0,0,0
1,4498010,68,7,0,0,0,4,38,0,0,0,0,0,0,0,0,0,3,1,0,0,0,0,0,0,0,0,0
1,5018266,1178,5,9,0,0,0,378,1,0,0,31,0,0,0,0,0,0,0,0,0,3,3,0,0,0,0,0
1,5048205,2065,108,8,0,0,0,266,0,0,0,11,0,0,1,0,1,0,0,0,0,7,2,0,0,0,0,0
1,4504161,67,7,0,0,0,4,38,0,0,0,0,0,0,0,0,0,3,1,0,0,0,0,0,0,0,0,0
1,4640439,68,7,0,0,0,13,146,0,0,0,0,0,0,0,0,0,12,1,0,0,0,0,0,0,0,0,0
1,5676557,107,17,4,2,0,60,386,0,0,0,159,2,0,1,0,1,23,0,0,0,45,0,0,0,0,0,0
1,5008361,2199,124,12,0,0,0,222,0,0,0,12,0,0,0,0,0,0,0,0,0,4,3,0,0,0,0,0
1,4694727,126,7,0,0,0,16,162,0,0,0,0,0,0,0,0,0,0,1,0,0,0,0,0,0,0,0,0
1,3543694,237847,112980,4,0,0,0,24,0,0,0,4,0,0,0,0,0,0,0,0,0,0,0,0,0,0,0,0
1,4681423,129,7,0,0,0,6,45,0,0,0,0,0,0,0,0,0,0,1,0,0,0,0,0,0,0,0,0
1,5097046,1941,53,9,0,0,0,258,0,0,0,12,0,0,0,0,0,0,0,0,0,5,2,0,0,0,0,0
1,5669355,107,17,4,2,0,60,384,0,0,0,159,2,0,1,0,1,23,0,0,0,43,0,0,0,0,0,0
1,5017552,2000,51,17,0,0,0,399,1,0,0,31,0,0,1,0,1,0,0,0,0,4,6,0,0,0,0,0
1,5671208,107,17,4,2,0,60,384,0,0,0,159,2,0,1,0,1,23,0,0,0,43,0,0,0,0,0,0
1,4671519,229,16,2,0,0,490,146,446,0,0,55,0,0,0,0,0,0,0,0,0,1,0,0,0,0,0,0
1,5036300,1332,126,6,0,0,0,248,0,0,0,12,0,0,0,0,0,0,0,0,0,4,4,0,0,0,0,0
1,4653038,130,7,0,0,0,6,45,0,0,0,0,0,0,0,0,0,0,1,0,0,0,0,0,0,0,0,0
1,4326538,4745,34,36,0,1,0,275,1,0,0,36,0,1,0,0,0,0,0,0,0,7,2,0,0,0,0,0
1,5671072,107,17,4,2,0,60,384,0,0,0,159,2,0,1,0,1,23,0,0,0,43,0,0,0,0,0,0
1,5305597,233,18,13,1,0,279,747,0,0,0,464,3,0,0,0,0,0,0,0,0,1,5,0,0,0,0,0
1,5171751,3023,124,8,0,0,0,361,0,0,0,17,0,0,0,0,0,0,0,0,0,0,4,0,0,0,0,0
1,4969814,2043,102,11,0,1,0,219,0,0,0,12,0,1,0,0,0,0,0,0,0,5,2,0,0,0,0,0
1,4215540,124,61,0,0,0,1125,2895,0,0,0,0,0,0,0,0,0,0,0,0,0,0,1,0,0,0,0,0
1,5161459,3031,124,8,0,0,0,367,0,0,0,17,0,0,0,0,0,0,0,0,0,0,4,0,0,0,0,0
1,4520511,6296,142,9,1,0,6,288,0,0,0,22,2,0,0,0,0,0,0,0,0,1,1,0,0,0,0,0
1,4525516,67,7,0,0,0,4,38,0,0,0,0,0,0,0,0,0,3,1,0,0,0,0,0,0,0,0,0
1,4167530,124,61,0,0,0,1032,2709,0,0,0,0,0,0,0,0,0,0,0,0,0,0,1,0,0,0,0,0
1,3377589,56401,90,1,0,1,39,106,0,0,0,7,0,1,0,0,0,0,0,0,0,5,1,0,0,0,0,0
1,5058229,1112,106,5,0,0,0,104,1,0,0,5,0,0,0,0,0,0,0,0,0,5,2,0,0,0,0,0
1,3410449,3981,80,25,0,5,0,395,1,0,0,53,0,7,4,0,4,3,0,0,0,4,7,0,0,0,0,0
1,2336052,2070,63,7,0,0,0,168,1,0,0,9,0,0,0,0,0,0,0,0,0,1,1,0,0,0,0,0
1,5020174,2336,118,12,0,0,0,250,0,0,0,12,0,0,0,0,0,0,0,0,0,9,2,0,0,0,0,0
1,4997434,3342,353,10,1,0,22,857,0,0,0,31,2,0,0,0,0,0,0,0,0,1,1,0,0,0,0,0
1,5574029,1966,936,6,0,0,0,160,0,0,0,6,0,0,0,0,0,0,0,0,0,1,1,0,0,0,0,0
1,5671078,107,17,4,2,0,59,384,0,0,0,159,2,0,1,0,1,23,0,0,0,43,0,0,0,0,0,0
1,4654850,69,7,0,0,0,13,146,0,0,0,0,0,0,0,0,0,12,1,0,0,0,0,0,0,0,0,0
1,4519202,68,7,0,0,0,4,38,0,0,0,0,0,0,0,0,0,3,1,0,0,0,0,0,0,0,0,0
1,4503563,69,7,0,0,0,4,38,0,0,0,0,0,0,0,0,0,3,1,0,0,0,0,0,0,0,0,0
1,4479005,67,7,0,0,0,4,38,0,0,0,0,0,0,0,0,0,3,1,0,0,0,0,0,0,0,0,0
1,3260487,46947,21,1,0,0,60,165,0,0,0,12,0,0,0,0,0,0,0,0,0,7,2,0,0,0,0,0
1,4445264,670,47,4,0,0,0,61,1,0,0,4,0,0,0,0,0,0,0,0,0,0,0,0,0,0,0,0
1,5676012,107,17,4,2,0,60,386,0,0,0,159,2,0,1,0,1,23,0,0,0,45,0,0,0,0,0,0
1,4601466,64,6,0,0,0,14,154,0,0,0,0,0,0,0,0,0,13,1,0,0,0,0,0,0,0,0,0
1,5017572,2463,5,25,0,0,0,424,1,0,0,39,0,0,0,0,0,0,0,0,0,4,6,0,0,0,0,0
1,5031343,210,4,1,0,0,0,21,1,0,0,1,0,0,0,0,0,0,0,0,0,0,1,0,0,0,0,0
1,5004352,1971,63,22,0,1,0,480,1,0,0,41,0,1,0,0,0,0,0,0,0,4,6,0,0,0,0,0
1,5033644,1223,118,10,0,0,0,187,1,0,0,17,0,0,0,0,0,0,0,0,0,4,3,0,0,0,0,0
1,5016434,854,138,4,0,0,0,70,1,0,0,4,0,0,0,0,0,0,0,0,0,2,1,0,0,0,0,0
1,5096989,2150,41,11,0,0,0,265,0,0,0,11,0,0,0,0,0,0,0,0,0,7,3,0,0,0,0,0
1,5005399,1893,122,10,0,0,0,196,1,0,0,10,0,0,0,0,0,0,0,0,0,5,2,0,0,0,0,0
1,3386089,2640,50,19,0,0,0,146,1,0,0,19,0,0,6,0,6,0,0,0,0,2,4,0,0,0,0,0
1,5829214,148,86,3,0,0,375,201,248,0,0,77,0,0,0,0,0,0,0,0,0,1,2,0,0,0,0,0
1,5011920,843,5,9,0,0,0,82,1,0,0,9,0,0,0,0,0,0,0,0,0,2,1,0,0,0,0,0
1,5083665,1934,92,10,0,0,0,260,0,0,0,12,0,0,0,0,0,0,0,0,0,7,1,0,0,0,0,0
1,4629730,70,7,0,0,0,4,47,0,0,0,0,0,0,0,0,0,6,1,0,0,0,0,0,0,0,0,0
1,2306121,17723,83,38,0,0,0,1313,1,0,0,65,0,0,0,0,0,0,0,0,0,7,5,0,0,0,0,0
1,5032681,788,5,5,0,0,0,118,1,0,0,7,0,0,0,0,0,0,0,0,0,1,2,0,0,0,0,0
1,5088461,286,4,1,0,0,0,36,1,0,0,1,0,0,0,0,0,0,0,0,0,0,0,0,0,0,0,0
1,4779170,9252,331,20,1,0,5,379,0,0,0,25,2,0,0,0,0,0,0,0,0,1,1,0,0,0,0,0
1,5004272,1775,120,10,0,0,0,229,0,0,0,12,0,0,1,0,1,0,0,0,0,6,2,0,0,0,0,0
1,4670570,23591,23564,0,0,0,1,5,0,0,0,0,0,0,0,0,0,0,0,0,0,1,0,0,0,0,0,0
1,4750321,8968,341,17,1,0,5,368,0,0,0,25,2,0,0,0,0,0,0,0,0,1,1,0,0,0,0,0
1,4695962,6000,152,7,0,0,10,286,0,0,0,20,0,0,0,0,0,0,0,0,0,1,1,0,0,0,0,0
1,5673300,107,17,4,2,0,60,386,0,0,0,159,2,0,1,0,1,23,0,0,0,45,0,0,0,0,0,0
1,5016929,1836,126,10,0,0,0,239,0,0,0,12,0,0,0,0,0,0,0,0,0,10,2,0,0,0,0,0
1,4613046,9596,343,20,1,0,5,377,0,0,0,25,2,0,0,0,0,0,0,0,0,1,1,0,0,0,0,0
1,5050482,942,5,4,0,0,0,100,1,0,0,4,0,0,0,0,0,0,0,0,0,3,1,0,0,0,0,0
1,2323,33550033,12,2,2,0,241,493,0,0,0,233,2,0,0,0,0,0,0,0,0,0,2,0,0,0,0,0
1,5222196,2428,99,8,0,0,0,334,0,0,0,17,0,0,0,0,0,0,0,1,0,2,4,0,0,0,0,0
1,2823134,223780,7,1,0,0,5,12,0,0,0,2,0,0,0,0,0,0,0,0,0,0,1,0,0,0,0,0
1,5020754,412,4,3,0,0,0,46,1,0,0,3,0,0,0,0,0,0,0,0,0,2,0,0,0,0,0,0
1,5581418,1966,936,6,0,0,0,181,0,0,0,6,0,0,0,0,0,0,0,0,0,1,1,0,0,0,0,0
1,5670697,107,17,4,2,0,60,384,0,0,0,159,2,0,1,0,1,23,0,0,0,43,0,0,0,0,0,0
1,4676922,87,7,0,0,0,4,50,0,0,0,0,0,0,0,0,0,3,1,0,0,0,0,0,0,0,0,0
1,2314473,2437,74,6,0,0,0,182,1,0,0,8,0,0,0,0,0,0,0,0,0,2,0,0,0,0,0,0
1,2314354,3502,57,7,0,0,0,441,1,0,0,22,0,0,0,0,0,0,0,0,0,2,1,0,0,0,0,0
1,5012134,1278,5,9,0,0,0,133,1,0,0,9,0,0,0,0,0,0,0,0,0,0,2,0,0,0,0,0
1,4917153,74,5,0,0,0,4,65,0,0,0,0,0,0,0,0,0,6,1,0,0,0,0,0,0,0,0,0
1,5023939,1066,5,9,0,0,0,138,1,0,0,13,0,0,0,0,0,0,0,0,0,0,2,0,0,0,0,0
1,4476798,87,18,2,1,0,552,28,546,0,0,4,1,0,0,0,0,0,0,0,0,1,2,0,0,0,0,0
1,4382397,124,61,0,0,0,1500,3645,0,0,0,0,0,0,0,0,0,0,0,0,0,0,1,0,0,0,0,0
1,5140335,2423,47,6,0,1,0,414,0,0,0,11,0,1,0,0,0,0,0,0,0,3,1,0,0,0,0,0
1,5043153,2432,130,18,0,0,0,545,1,0,0,38,0,0,1,0,1,0,0,0,0,5,8,0,0,0,0,0
1,5037975,1350,124,7,0,0,0,254,0,0,0,12,0,0,1,0,1,0,0,0,0,1,3,0,0,0,0,0
1,2310328,792,44,2,0,0,0,37,1,0,0,2,0,0,0,0,0,0,0,0,0,0,0,0,0,0,0,0
1,5048190,3250,5,33,0,0,0,387,1,0,0,35,0,0,0,0,0,0,0,0,0,9,4,0,0,0,0,0
1,4930271,3405,357,10,1,0,25,1244,0,0,0,34,2,0,0,0,0,0,0,0,0,2,1,0,0,0,0,0
1,5031954,1837,142,10,0,0,0,223,0,0,0,12,0,0,0,0,0,0,0,0,0,5,2,0,0,0,0,0
1,5015006,1143,5,6,0,0,0,202,1,0,0,13,0,0,0,0,0,0,0,0,0,4,1,0,0,0,0,0
1,4990683,1945,152,9,0,0,0,255,0,0,0,11,0,0,0,0,0,0,0,0,0,6,3,0,0,0,0,0
1,5043435,1452,132,8,0,0,0,229,0,0,0,12,0,0,1,0,1,0,0,0,0,4,1,0,0,0,0,0
1,5016800,285,5,2,0,0,0,28,1,0,0,2,0,0,0,0,0,0,0,0,0,0,1,0,0,0,0,0
1,5671565,107,17,4,2,0,60,384,0,0,0,159,2,0,1,0,1,23,0,0,0,43,0,0,0,0,0,0
1,4584879,75,15,0,0,0,1044,2733,0,0,0,0,0,0,0,0,0,0,0,0,0,0,1,0,0,0,0,0
1,4745797,85,6,0,0,0,4,50,0,0,0,0,0,0,0,0,0,3,1,0,0,0,0,0,0,0,0,0
1,5671380,107,17,4,2,0,60,384,0,0,0,159,2,0,1,0,1,23,0,0,0,43,0,0,0,0,0,0
1,4518831,69,7,0,0,0,4,38,0,0,0,0,0,0,0,0,0,3,1,0,0,0,0,0,0,0,0,0
1,4725168,8797,333,17,1,0,5,371,0,0,0,25,2,0,0,0,0,0,0,0,0,1,1,0,0,0,0,0
1,3688157,85645,31,1,2,0,111,92,77,0,0,4,6,0,0,0,0,0,0,0,0,2,1,0,0,0,0,0
1,5005322,2520,5,21,0,0,0,565,1,0,0,47,0,0,0,0,0,0,0,0,0,10,3,0,0,0,0,0
1,5193960,175257,198,17,0,2,0,21481,0,0,0,34,0,2,1,0,1,0,0,0,0,7,3,0,0,0,0,0
1,4862058,155644,155632,1,2,0,39,45,0,0,0,8,10,0,0,0,0,0,0,0,0,1,1,0,0,0,0,0
1,4145379,10520,159,11,0,0,6,770,0,0,0,39,0,0,0,0,0,0,0,0,0,1,1,0,0,0,0,0
1,5026170,2237,130,12,0,0,0,251,0,0,0,12,0,0,0,0,0,0,0,0,0,6,2,0,0,0,0,0
1,4647904,129,7,0,0,0,6,45,0,0,0,0,0,0,0,0,0,0,1,0,0,0,0,0,0,0,0,0
1,3274086,47008,90,1,0,1,39,106,0,0,0,7,0,1,0,0,0,0,0,0,0,5,1,0,0,0,0,0
1,4167247,10399,158,11,0,0,6,778,0,0,0,39,0,0,0,0,0,0,0,0,0,1,1,0,0,0,0,0
1,4320533,1305,4,3,0,0,0,150,1,0,0,3,0,0,0,0,0,0,0,0,0,1,2,0,0,0,0,0
1,4992885,1821,124,11,0,0,0,247,0,0,0,12,0,0,0,0,0,0,0,0,0,7,2,0,0,0,0,0
1,4525008,68,7,0,0,0,4,38,0,0,0,0,0,0,0,0,0,3,1,0,0,0,0,0,0,0,0,0
1,4334751,64,7,0,0,0,4,38,0,0,0,0,0,0,0,0,0,3,0,0,0,0,0,0,0,0,0,0
1,2850828,308681,13,1,0,0,5,11,0,0,0,2,0,0,0,0,0,0,0,0,0,0,1,0,0,0,0,0
1,4675302,6269,136,9,1,0,6,285,0,0,0,22,2,0,0,0,0,0,0,0,0,1,1,0,0,0,0,0
1,5090372,4880,187,9,0,0,0,409,0,0,0,18,0,0,0,0,0,0,0,0,0,0,3,0,0,0,0,0
1,5056004,253,5,1,0,0,0,28,1,0,0,1,0,0,0,0,0,0,0,0,0,1,0,0,0,0,0,0
1,4614437,1103,24,1,3,0,462,2766,5,0,0,16,21,0,0,0,0,0,0,0,0,119,0,0,0,0,0,0
1,4051581,4905,179,11,0,0,6,2544,0,0,0,47,0,0,0,0,0,0,0,0,0,1,1,0,0,0,0,0
1,5264297,1838,74,39,0,0,0,178,0,0,0,48,0,0,0,0,0,0,0,0,0,0,1,0,0,0,0,0
1,5009576,1232,5,15,0,1,0,336,1,0,0,30,0,1,0,0,0,0,0,0,0,4,2,0,0,0,0,0
1,5019889,1705,5,15,0,0,0,192,1,0,0,15,0,0,0,0,0,0,0,0,0,3,1,0,0,0,0,0
1,5036589,1861,126,11,0,0,0,249,0,0,0,13,0,0,0,0,0,0,0,0,0,7,1,0,0,0,0,0
1,3452227,3862,35,31,0,3,0,1930,0,0,0,285,0,16,11,0,11,0,0,0,0,10,25,0,0,0,0,0
1,5564919,1966,936,6,0,0,0,154,0,0,0,6,0,0,0,0,0,0,0,0,0,1,1,0,0,0,0,0
1,5670365,107,17,4,2,0,60,384,0,0,0,159,2,0,1,0,1,23,0,0,0,43,0,0,0,0,0,0
1,2949280,93486,8,1,0,1,5,11,0,0,0,2,0,1,0,0,0,0,0,0,0,0,0,0,0,0,0,0
1,5675833,107,17,4,2,0,60,386,0,0,0,159,2,0,1,0,1,23,0,0,0,45,0,0,0,0,0,0
1,4746713,9032,336,12,1,0,6,369,0,0,0,24,2,0,0,0,0,0,0,0,0,1,1,0,0,0,0,0
1,4169236,4971,198,10,0,0,6,1892,0,0,0,45,0,0,0,0,0,0,0,98,0,1,1,0,0,0,0,0
1,5042911,2183,138,11,0,0,0,243,0,0,0,11,0,0,0,0,0,0,0,0,0,7,2,0,0,0,0,0
1,4162978,10369,179,11,0,0,6,766,0,0,0,39,0,0,0,0,0,0,0,0,0,1,1,0,0,0,0,0
1,4727460,64,5,0,0,0,11,139,0,0,0,0,0,0,0,0,0,20,1,0,0,0,0,0,0,0,0,0
1,5032653,2061,124,10,0,0,0,207,1,0,0,10,0,0,0,0,0,0,0,0,0,5,3,0,0,0,0,0
1,4913228,3335,351,10,1,0,34,1238,0,0,0,43,2,0,0,0,0,0,0,0,0,3,1,0,0,0,0,0
1,4725911,6528,154,9,1,0,6,280,0,0,0,22,2,0,0,0,0,0,0,0,0,1,1,0,0,0,0,0
1,4758272,6376,152,9,1,0,6,291,0,0,0,22,2,0,0,0,0,0,0,0,0,1,1,0,0,0,0,0
1,3523314,237938,112980,4,0,0,0,24,0,0,0,4,0,0,0,0,0,0,0,0,0,0,0,0,0,0,0,0
1,5025910,1956,134,10,0,0,0,255,0,0,0,12,0,0,0,0,0,0,0,0,0,4,4,0,0,0,0,0
1,5676252,107,17,4,2,0,60,386,0,0,0,159,2,0,1,0,1,23,0,0,0,45,0,0,0,0,0,0
1,4631026,65,6,0,0,0,4,38,0,0,0,0,0,0,0,0,0,3,1,0,0,0,0,0,0,0,0,0
1,5671277,107,17,4,2,0,60,386,0,0,0,159,2,0,1,0,1,23,0,0,0,45,0,0,0,0,0,0
1,5670665,107,17,4,2,0,60,384,0,0,0,159,2,0,1,0,1,23,0,0,0,43,0,0,0,0,0,0
1,5223749,2431,99,8,0,0,0,342,0,0,0,17,0,0,0,0,0,0,0,0,0,1,5,0,0,0,0,0
1,3340307,5387,75,32,0,3,0,1021,1,0,0,136,0,5,6,0,6,0,0,0,0,7,17,0,0,0,0,0
1,3325322,3619,34,33,0,2,0,1999,0,0,0,302,0,12,7,0,7,0,0,0,0,11,24,0,0,0,0,0
1,4912303,92,12,0,0,0,62,211,0,0,0,0,0,0,0,0,0,10,1,0,0,3,0,0,0,0,0,0
1,4766595,6125,162,7,1,0,4,274,0,0,0,17,1,0,0,0,0,0,0,0,0,1,2,0,0,0,0,0
1,5671221,107,17,4,2,0,60,384,0,0,0,159,2,0,1,0,1,23,0,0,0,43,0,0,0,0,0,0
1,5018373,1093,112,8,0,0,0,110,1,0,0,8,0,0,1,0,1,0,0,0,0,0,0,0,0,0,0,0
1,5003460,2152,5,15,0,0,0,342,1,0,0,22,0,0,0,0,0,0,0,0,0,2,2,0,0,0,0,0
1,4394819,329,61,2,0,0,0,29,1,0,0,2,0,0,0,0,0,0,0,0,0,0,0,0,0,0,0,0
1,4869533,9238,326,20,1,0,5,364,0,0,0,25,2,0,0,0,0,0,0,2,0,1,1,0,0,0,0,0
1,5208471,2401,99,8,0,0,0,335,0,0,0,17,0,0,0,0,0,0,0,0,0,0,4,0,0,0,0,0
1,4358868,1204,34,8,0,0,0,157,1,0,0,11,0,0,0,0,0,0,0,0,0,2,1,0,0,0,0,0
1,4311706,124,61,0,0,0,1279,3203,0,0,0,0,0,0,0,0,0,0,0,0,0,0,1,0,0,0,0,0
1,3391512,654,57,5,0,0,0,49,1,0,0,5,0,0,0,0,0,0,0,0,0,0,4,0,0,0,0,0
1,5030812,1020,5,5,0,0,0,137,1,0,0,8,0,0,0,0,0,0,0,0,0,3,1,0,0,0,0,0
1,4933873,77,5,0,0,0,11,199,0,0,0,0,0,0,0,0,0,20,1,0,0,0,0,0,0,0,0,0
1,3398895,237409,112980,4,0,0,0,13,0,0,0,4,0,0,0,0,0,0,0,0,0,0,0,0,0,0,0,0
1,5168920,134419,86,13,2,1,4,13888,0,0,0,45,2,3,0,0,0,0,0,0,0,0,0,0,0,0,0,0
1,5121041,3258,48,10,0,0,0,370,0,0,0,11,0,0,1,0,1,0,0,0,0,6,1,0,0,0,0,0
1,5671628,107,17,4,2,0,60,384,0,0,0,159,2,0,1,0,1,23,0,0,0,43,0,0,0,0,0,0
1,4428366,4716,8,4,0,1,0,571,0,0,0,6,0,1,0,0,0,0,0,0,0,3,2,0,0,0,0,0
1,3046898,25585,12,0,0,0,0,4,0,0,0,0,0,0,0,0,0,0,0,0,0,1,0,0,0,0,0,0
1,3262753,237409,112980,4,0,0,0,13,0,0,0,4,0,0,0,0,0,0,0,0,0,0,0,0,0,0,0,0
1,3079217,1678103,35,1,1,0,54,141,0,0,0,3,4,0,0,0,0,0,0,0,0,0,1,0,0,0,0,0
1,4649008,129,7,0,0,0,6,45,0,0,0,0,0,0,0,0,0,0,1,0,0,0,0,0,0,0,0,0
1,4859699,179,9,0,0,0,13,173,0,0,0,0,0,0,0,0,0,0,1,0,0,0,0,0,0,0,0,0
1,4668246,127,7,0,0,0,6,42,0,0,0,0,0,0,0,0,0,0,1,0,0,0,0,0,0,0,0,0
1,4523573,15259,20,1,0,1,7,1325,0,0,0,2,0,2,1,0,1,0,0,0,0,1,8,0,2,2,0,0
1,4797278,6477,143,9,1,0,6,286,0,0,0,22,2,0,0,0,0,0,0,0,0,1,1,0,0,0,0,0
1,5008196,1203,5,8,0,0,0,148,1,0,0,10,0,0,0,0,0,0,0,0,0,2,2,0,0,0,0,0
1,3574722,245588,116850,4,0,0,0,25,0,0,0,4,0,0,0,0,0,0,0,0,0,0,0,0,0,0,0,0
1,5652253,126,62,3,3,0,7,134,1,0,0,17,14,0,0,0,0,0,0,0,0,3,1,0,0,0,0,0
1,5667760,107,17,4,2,0,60,384,0,0,0,159,2,0,1,0,1,23,0,0,0,43,0,0,0,0,0,0
1,4927433,87,6,0,0,0,4,50,0,0,0,0,0,0,0,0,0,3,1,0,0,0,0,0,0,0,0,0
1,5030070,2462,112,12,0,0,0,254,0,0,0,12,0,0,0,0,0,0,0,0,0,7,1,0,0,0,0,0
1,5031302,1935,128,10,0,0,0,194,1,0,0,10,0,0,0,0,0,0,0,0,0,8,2,0,0,0,0,0
1,5030690,2421,5,19,0,0,0,263,1,0,0,21,0,0,0,0,0,0,0,0,0,2,4,0,0,0,0,0
1,5005338,992,5,6,0,0,0,148,1,0,0,11,0,0,0,0,0,0,0,0,0,2,3,0,0,0,0,0
1,5164198,2997,124,8,0,0,0,348,0,0,0,17,0,0,0,0,0,0,0,0,0,0,4,0,0,0,0,0
1,5006955,509,5,2,0,0,0,56,1,0,0,2,0,0,0,0,0,0,0,0,0,2,0,0,0,0,0,0
1,4834051,89,12,0,0,0,6,33,0,0,0,0,0,0,0,0,0,0,1,0,0,0,0,0,0,0,0,0
1,5020830,1807,34,16,0,0,0,312,1,0,0,27,0,0,0,0,0,0,0,0,0,0,7,0,0,0,0,0
1,3318909,4659,47,39,0,2,0,2002,0,0,0,282,0,13,4,0,4,0,0,0,0,11,24,0,0,0,0,0
1,3565715,150658,7,0,0,1,26,14278,19,0,0,0,0,1,0,0,0,0,0,0,0,0,0,0,0,0,0,0
1,4120750,5006,178,11,0,0,6,2475,0,0,0,47,0,0,0,0,0,0,0,0,0,1,1,0,0,0,0,0
1,5019605,1054,5,10,0,0,0,116,1,0,0,10,0,0,0,0,0,0,0,0,0,1,2,0,0,0,0,0
1,5008974,83,3,0,0,0,0,9,1,0,0,0,0,0,0,0,0,0,0,0,0,0,0,0,0,0,0,0
1,4986437,2133,108,11,0,0,0,210,0,0,0,12,0,0,0,0,0,0,0,0,0,8,1,0,0,0,0,0
1,4529680,84,11,0,0,0,4,38,0,0,0,0,0,0,0,0,0,3,1,0,0,0,0,0,0,0,0,0
1,5026750,1832,5,10,0,0,0,201,1,0,0,10,0,0,1,0,1,0,0,0,0,4,3,0,0,0,0,0
1,4118406,4753,169,11,0,0,6,2534,0,0,0,47,0,0,0,0,0,0,0,0,0,1,1,0,0,0,0,0
1,5011907,1778,116,10,0,0,0,237,0,0,0,12,0,0,0,0,0,0,0,0,0,6,1,0,0,0,0,0
1,5021163,1723,5,9,0,1,0,207,1,0,0,9,0,1,0,0,0,0,0,0,0,8,3,0,0,0,0,0
1,5013644,4008,5,35,0,1,0,606,1,0,0,50,0,1,0,0,0,0,0,0,0,3,6,0,0,0,0,0
1,5044771,185,4,1,0,0,0,24,1,0,0,1,0,0,0,0,0,0,0,0,0,1,0,0,0,0,0,0
1,5027237,455,5,1,0,0,0,52,1,0,0,1,0,0,0,0,0,0,0,0,0,2,2,0,0,0,0,0
1,5017994,2060,98,10,0,0,0,222,1,0,0,10,0,0,0,0,0,0,0,0,0,4,2,0,0,0,0,0
1,5028698,1200,106,8,0,0,0,223,0,0,0,11,0,0,0,0,0,0,0,0,0,5,3,0,0,0,0,0
1,4217031,877,99,5,0,0,0,44,1,0,0,5,0,0,0,0,0,0,0,0,0,1,0,0,0,0,0,0
1,5023183,3692,348,10,1,0,24,871,0,0,0,33,2,0,0,0,0,0,0,0,0,1,1,0,0,0,0,0
1,5013012,1874,5,21,0,0,0,315,1,0,0,32,0,0,0,0,0,0,0,0,0,2,2,0,0,0,0,0
1,3332123,967,82,7,0,1,0,51,1,0,0,7,0,1,0,0,0,0,0,0,0,1,3,0,0,0,0,0
1,5176133,3038,124,8,0,0,0,366,0,0,0,17,0,0,0,0,0,0,0,0,0,0,4,0,0,0,0,0
1,4961319,2008,132,12,0,1,0,51,0,0,0,13,0,1,0,0,0,0,0,0,0,6,2,0,0,0,0,0
1,4369770,2681,89,27,0,0,0,343,1,0,0,39,0,0,0,0,0,0,0,0,0,13,2,0,0,0,0,0
1,4662422,128,7,0,0,0,6,42,0,0,0,0,0,0,0,0,0,0,1,0,0,0,0,0,0,0,0,0
1,2307936,14127,61,23,0,1,0,669,1,0,0,23,0,1,0,0,0,0,0,0,0,5,4,0,0,0,0,0
1,5033904,1852,106,8,0,0,0,243,0,0,0,11,0,0,0,0,0,0,0,0,0,3,3,0,0,0,0,0
1,4564003,70,7,0,0,0,4,38,0,0,0,0,0,0,0,0,0,3,1,0,0,0,0,0,0,0,0,0
1,4778423,9035,340,17,1,0,5,369,0,0,0,25,2,0,0,0,0,0,0,1,0,1,1,0,0,0,0,0
1,5341599,163,22,2,0,0,15,95,0,0,0,5,0,0,0,0,0,2,0,0,0,0,3,0,0,0,0,0
1,5222341,2435,99,8,0,0,0,333,0,0,0,17,0,0,0,0,0,0,0,0,0,1,5,0,0,0,0,0
1,4642773,69,7,0,0,0,13,146,0,0,0,0,0,0,0,0,0,12,1,0,0,0,0,0,0,0,0,0
1,5676117,107,17,4,2,0,60,386,0,0,0,159,2,0,1,0,1,23,0,0,0,45,0,0,0,0,0,0
1,4776423,83,6,0,0,0,4,50,0,0,0,0,0,0,0,0,0,3,1,0,0,0,0,0,0,0,0,0
1,5029591,1472,126,7,0,0,0,223,0,0,0,12,0,0,0,0,0,0,0,0,0,8,3,0,0,0,0,0
1,4727384,6180,145,7,1,0,4,281,0,0,0,17,1,0,0,0,0,0,0,0,0,1,2,0,0,0,0,0
1,4646623,69,7,0,0,0,13,146,0,0,0,0,0,0,0,0,0,12,1,0,0,0,0,0,0,0,0,0
1,5671158,107,17,4,2,0,60,384,0,0,0,159,2,0,1,0,1,23,0,0,0,43,0,0,0,0,0,0
1,4766181,9529,24,22,0,0,4,699,0,0,0,49,0,0,0,0,0,0,0,0,0,1,2,0,0,0,0,0
1,4661416,128,7,0,0,0,6,45,0,0,0,0,0,0,0,0,0,0,1,0,0,0,0,0,0,0,0,0
1,4700416,65,6,0,0,0,14,158,0,0,0,0,0,0,0,0,0,13,1,0,0,0,0,0,0,0,0,0
1,4829765,9139,329,17,1,0,5,362,0,0,0,25,2,0,0,0,0,0,0,0,0,1,1,0,0,0,0,0
1,5004613,4001,34,40,0,0,0,687,1,0,0,58,0,0,0,0,0,0,0,0,0,10,5,0,0,0,0,0
1,5275270,1843,74,39,0,0,0,183,0,0,0,48,0,0,0,0,0,0,0,0,0,0,1,0,0,0,0,0
1,5024847,1272,114,9,0,2,0,234,0,0,0,12,0,3,0,0,0,0,0,0,0,6,2,0,0,0,0,0
1,5344677,163,22,2,0,0,15,92,0,0,0,5,0,0,0,0,0,2,0,0,0,0,3,0,0,0,0,0
1,4359725,451,38,4,0,0,0,43,1,0,0,4,0,0,0,0,0,0,0,0,0,0,0,0,0,0,0,0
1,5671285,107,17,4,2,0,60,384,0,0,0,159,2,0,1,0,1,23,0,0,0,43,0,0,0,0,0,0
1,4708764,143,7,0,0,0,13,164,0,0,0,0,0,0,0,0,0,0,1,0,0,0,0,0,0,0,0,0
1,5243494,120,22,2,0,0,22,86,0,0,0,3,0,0,0,0,0,2,0,0,0,0,1,0,0,0,0,0
1,5007769,2717,34,18,0,0,0,965,1,0,0,67,0,0,0,0,0,0,0,0,0,6,4,0,0,0,0,0
1,5329934,163,22,2,0,0,15,86,0,0,0,5,0,0,0,0,0,2,0,0,0,0,3,0,0,0,0,0
1,5167550,62,11,2,0,0,3,18,0,0,0,5,0,0,0,0,0,0,0,0,0,2,0,0,0,0,0,0
1,4473347,66,7,0,0,0,4,38,0,0,0,0,0,0,0,0,0,3,1,0,0,0,0,0,0,0,0,0
1,5021517,597,5,3,0,0,0,127,1,0,0,5,0,0,0,0,0,0,0,0,0,4,4,0,0,0,0,0
1,5106677,5991,12,20,0,0,0,1024,1,0,0,36,0,0,0,0,0,0,0,0,0,2,1,0,0,0,0,0
1,2319445,14115,62,30,0,1,0,9704,0,0,0,452,0,3,0,0,0,0,0,0,0,15,8,0,0,0,0,0
1,4608940,88,12,0,0,0,4,38,0,0,0,0,0,0,0,0,0,3,1,0,0,0,0,0,0,0,0,0
1,5179340,3033,124,8,0,0,0,366,0,0,0,17,0,0,0,0,0,0,0,0,0,0,4,0,0,0,0,0
1,4661703,127,7,0,0,0,6,42,0,0,0,0,0,0,0,0,0,0,1,0,0,0,0,0,0,0,0,0
1,5168322,2997,124,8,0,0,0,354,0,0,0,17,0,0,0,0,0,0,0,0,0,0,4,0,0,0,0,0
1,5675817,107,17,4,2,0,60,386,0,0,0,159,2,0,1,0,1,23,0,0,0,45,0,0,0,0,0,0
1,5102047,3656,358,10,1,0,26,868,0,0,0,35,2,0,0,0,0,0,0,0,0,1,1,0,0,0,0,0
1,5010089,750,5,6,0,0,0,77,1,0,0,6,0,0,0,0,0,0,0,0,0,0,0,0,0,0,0,0
1,5222545,2439,99,8,0,0,0,346,0,0,0,17,0,0,0,0,0,0,0,0,0,1,4,0,0,0,0,0
1,4956806,69,5,0,0,0,4,59,0,0,0,0,0,0,0,0,0,6,1,0,0,0,0,0,0,0,0,0
1,5573418,1982,952,6,0,0,0,147,0,0,0,6,0,0,0,0,0,0,0,0,0,1,1,0,0,0,0,0
1,4375229,1690,4,7,0,0,0,183,1,0,0,7,0,0,0,0,0,0,0,0,0,2,0,0,0,0,0,0
1,3393711,5274,59,46,0,2,0,897,1,0,0,139,0,6,4,0,4,1,0,0,0,8,19,0,0,0,0,0
1,5010331,3339,5,32,0,0,0,362,1,0,0,33,0,0,0,0,0,0,0,0,0,5,3,0,0,0,0,0
1,5028788,1259,5,7,0,0,0,135,1,0,0,7,0,0,0,0,0,0,0,0,0,2,3,0,0,0,0,0
1,4408369,6087,83,31,0,0,0,1316,0,0,0,55,0,0,0,0,0,0,0,0,0,7,1,0,0,0,0,0
1,5655121,180,61,2,0,0,16,97,0,0,0,15,0,0,0,0,0,0,0,0,0,0,1,0,0,0,0,0
1,4931069,588,120,2,0,1,0,22,1,0,0,2,0,1,0,0,0,0,0,0,0,1,0,0,0,0,0,0
1,5024000,163,4,1,0,0,0,18,1,0,0,1,0,0,0,0,0,0,0,0,0,0,1,0,0,0,0,0
1,4352582,1951,80,10,0,1,0,412,1,0,0,20,0,1,0,0,0,0,0,0,0,3,2,0,0,0,0,0
1,5672075,180,64,2,0,0,16,98,0,0,0,15,0,0,0,0,0,0,0,0,0,0,1,0,0,0,0,0
1,5018542,3152,5,32,0,0,0,372,1,0,0,35,0,0,0,0,0,0,0,0,0,2,4,0,0,0,0,0
1,5011650,1697,58,13,0,0,0,547,1,0,0,41,0,0,0,0,0,0,0,0,0,10,7,0,0,0,0,0
1,5056502,3758,345,10,1,0,27,862,0,0,0,36,2,0,0,0,0,0,0,0,0,3,1,0,0,0,0,0
1,4999360,1204,5,11,0,0,0,407,1,0,0,37,0,0,0,0,0,0,0,0,0,5,6,0,0,0,0,0
1,4347533,654,4,1,0,0,0,80,1,0,0,1,0,0,0,0,0,0,0,0,0,2,0,0,0,0,0,0
1,5044176,1934,114,9,0,0,0,203,1,0,0,9,0,0,0,0,0,0,0,0,0,5,3,0,0,0,0,0
1,5015893,215,4,0,0,0,0,26,1,0,0,0,0,0,0,0,0,0,0,0,0,1,0,0,0,0,0,0
1,5058015,3619,343,10,1,0,20,1218,0,0,0,29,2,0,0,0,0,0,0,0,0,1,1,0,0,0,0,0
1,3362594,247548,117780,4,0,0,0,25,0,0,0,4,0,0,0,0,0,0,0,0,0,0,0,0,0,0,0,0
1,5015621,2373,5,21,0,0,0,252,1,0,0,24,0,0,0,0,0,0,0,0,0,6,4,0,0,0,0,0
1,5017135,1650,5,14,0,0,0,592,1,0,0,50,0,0,0,0,0,0,0,0,0,4,7,0,0,0,0,0
1,5671496,107,17,4,2,0,60,384,0,0,0,159,2,0,1,0,1,23,0,0,0,43,0,0,0,0,0,0
1,5058955,1979,134,11,0,1,0,248,0,0,0,11,0,1,0,0,0,0,0,0,0,3,3,0,0,0,0,0
1,4610144,69,7,0,0,0,13,146,0,0,0,0,0,0,0,0,0,12,1,0,0,0,0,0,0,0,0,0
1,2328794,19078,103,45,0,0,0,948,1,0,0,49,0,0,0,0,0,0,0,0,0,1,3,0,0,0,0,0
1,5007707,1587,116,7,0,1,0,232,0,0,0,12,0,1,0,0,0,0,0,0,0,8,1,0,0,0,0,0
1,4751745,6439,181,9,1,0,6,289,0,0,0,22,2,0,0,0,0,0,0,0,0,1,1,0,0,0,0,0
1,4419135,88,19,2,1,0,545,28,539,0,0,4,1,0,0,0,0,0,0,0,0,1,2,0,0,0,0,0
1,5170649,3033,124,8,0,0,0,368,0,0,0,17,0,0,0,0,0,0,0,0,0,0,4,0,0,0,0,0
1,3276001,71363,35,1,1,0,54,141,0,0,0,3,4,0,0,0,0,0,0,0,0,0,1,0,0,0,0,0
1,4684068,69,7,0,0,0,14,192,0,0,0,0,0,0,0,0,0,26,1,0,0,0,0,0,0,0,0,0
1,5270704,1833,74,39,0,0,0,178,0,0,0,48,0,0,0,0,0,0,0,0,0,0,1,0,0,0,0,0
1,5167774,2998,124,8,0,0,0,351,0,0,0,17,0,0,0,0,0,0,0,0,0,0,4,0,0,0,0,0
1,4754430,134,10,0,0,0,6,45,0,0,0,0,0,0,0,0,0,0,1,0,0,0,0,0,0,0,0,0
1,2295442,12761,71,22,0,0,0,600,1,0,0,22,0,0,0,0,0,0,0,0,0,2,1,0,0,0,0,0
1,5673410,107,17,4,2,0,60,386,0,0,0,159,2,0,1,0,1,23,0,0,0,45,0,0,0,0,0,0
1,4549365,69,7,0,0,0,4,38,0,0,0,0,0,0,0,0,0,3,1,0,0,0,0,0,0,0,0,0
1,5013266,249,5,0,0,0,0,30,1,0,0,0,0,0,0,0,0,0,0,0,0,0,0,0,0,0,0,0
1,5665523,180,51,2,0,0,16,97,0,0,0,15,0,0,0,0,0,0,0,0,0,0,1,0,0,0,0,0
1,4438053,1317,83,8,0,0,0,354,1,0,0,19,0,0,0,0,0,0,0,0,0,3,1,0,0,0,0,0
1,5026012,680,4,4,0,0,0,102,1,0,0,7,0,0,0,0,0,0,0,0,0,0,0,0,0,0,0,0
1,5579159,1974,944,6,0,0,0,164,0,0,0,6,0,0,0,0,0,0,0,0,0,1,1,0,0,0,0,0
1,2297396,1023,58,4,0,0,0,41,1,0,0,4,0,0,0,0,0,0,0,0,0,0,1,0,0,0,0,0
1,2294420,16191,62,23,0,0,0,1434,1,0,0,52,0,0,0,0,0,0,0,0,0,8,5,0,0,0,0,0
1,5675972,107,17,4,2,0,60,386,0,0,0,159,2,0,1,0,1,23,0,0,0,45,0,0,0,0,0,0
1,5023419,1935,110,10,0,0,0,267,0,0,0,12,0,0,0,0,0,0,0,0,0,8,3,0,0,0,0,0
1,4510012,67,7,0,0,0,4,38,0,0,0,0,0,0,0,0,0,3,1,0,0,0,0,0,0,0,0,0
1,4683943,81,10,0,0,0,4,38,0,0,0,0,0,0,0,0,0,3,1,0,0,0,0,0,0,0,0,0
1,4510012,67,7,0,0,0,4,38,0,0,0,0,0,0,0,0,0,3,1,0,0,0,0,0,0,0,0,0
1,2290047,5856,61,11,0,0,0,273,1,0,0,11,0,0,0,0,0,0,0,0,0,2,1,0,0,0,0,0
1,5670968,107,17,4,2,0,60,384,0,0,0,159,2,0,1,0,1,23,0,0,0,43,0,0,0,0,0,0
1,4739714,157,9,0,0,0,2,44,0,0,0,0,0,0,0,0,0,1,1,0,0,0,0,0,0,0,0,0
1,4109097,4804,179,11,0,0,6,2553,0,0,0,47,0,0,0,0,0,0,0,0,0,1,1,0,0,0,0,0
1,4116982,1036,17,0,0,1,0,34,0,0,0,0,0,1,0,0,0,0,0,0,0,1,1,0,0,0,0,0
1,5573926,1966,936,6,0,0,0,184,0,0,0,6,0,0,0,0,0,0,0,0,0,1,1,0,0,0,0,0
1,5203697,3264,69,17,0,2,0,206,1,0,0,17,0,2,0,0,0,0,0,0,0,1,2,0,0,0,0,0
1,4790066,85,5,0,0,0,4,71,0,0,0,0,0,0,0,0,0,6,1,0,0,0,0,0,0,0,0,0
1,5274092,1850,74,39,0,0,0,185,0,0,0,48,0,0,0,0,0,0,0,0,0,0,1,0,0,0,0,0
1,3575317,237409,112980,4,0,0,0,13,0,0,0,4,0,0,0,0,0,0,0,0,0,0,0,0,0,0,0,0
1,5659051,180,64,2,0,0,16,96,0,0,0,15,0,0,0,0,0,0,0,0,0,0,1,0,0,0,0,0
1,5170115,2994,124,8,0,0,0,347,0,0,0,17,0,0,0,0,0,0,0,0,0,0,5,0,0,0,0,0
1,5003241,2012,128,9,0,1,0,242,0,0,0,11,0,1,1,0,1,0,0,0,0,6,3,0,0,0,0,0
1,5056992,1997,134,9,0,0,0,250,0,0,0,12,0,0,0,0,0,0,0,0,0,6,2,0,0,0,0,0
1,5124557,62,11,2,0,0,3,18,0,0,0,5,0,0,0,0,0,0,0,0,0,2,0,0,0,0,0,0
1,3659341,41911,39,7,5,1,69,218,0,0,0,38,21,1,0,0,0,0,0,0,0,1,1,0,0,0,0,0
1,5052133,1527,110,6,0,1,0,288,0,0,0,12,0,1,0,0,0,0,0,0,0,8,2,0,0,0,0,0
1,5670969,107,17,4,2,0,60,384,0,0,0,159,2,0,1,0,1,23,0,0,0,43,0,0,0,0,0,0
1,4618028,99,15,0,0,0,4,38,0,0,0,0,0,0,0,0,0,3,1,0,0,0,0,0,0,0,0,0
1,5676370,107,17,4,2,0,60,386,0,0,0,159,2,0,1,0,1,23,0,0,0,45,0,0,0,0,0,0
1,5015182,3463,34,27,0,1,0,832,1,0,0,66,0,1,0,0,0,0,0,0,0,13,11,0,0,0,0,0
1,5198806,175891,191,17,0,2,0,21464,0,0,0,34,0,2,2,0,2,0,0,0,0,6,2,0,0,0,0,0
1,5011969,1476,104,7,0,0,0,240,0,0,0,11,0,0,0,0,0,0,0,0,0,7,2,0,0,0,0,0
1,5057221,1677,168,8,0,0,0,276,0,0,0,11,0,0,0,0,0,0,0,0,0,7,1,0,0,0,0,0
1,5675829,107,17,4,2,0,60,386,0,0,0,159,2,0,1,0,1,23,0,0,0,45,0,0,0,0,0,0
1,4953087,1190,118,7,0,1,0,63,0,0,0,13,0,1,0,0,0,0,0,0,0,7,3,0,0,0,0,0
1,5167436,3000,124,8,0,0,0,353,0,0,0,17,0,0,0,0,0,0,0,0,0,0,4,0,0,0,0,0
1,4534586,68,7,0,0,0,4,38,0,0,0,0,0,0,0,0,0,3,1,0,0,0,0,0,0,0,0,0
1,2898846,342296,14,1,0,1,39,106,0,0,0,7,0,1,0,0,0,0,0,0,0,5,1,0,0,0,0,0
1,4519202,68,7,0,0,0,4,38,0,0,0,0,0,0,0,0,0,3,1,0,0,0,0,0,0,0,0,0
1,4534098,69,7,0,0,0,4,38,0,0,0,0,0,0,0,0,0,3,1,0,0,0,0,0,0,0,0,0
1,4367471,299,30,2,0,0,0,25,1,0,0,2,0,0,0,0,0,0,0,0,0,0,0,0,0,0,0,0
1,4715970,9664,346,12,1,0,6,381,0,0,0,23,2,0,0,0,0,0,0,0,0,1,1,0,0,0,0,0
1,5565647,1982,952,6,0,0,0,186,0,0,0,6,0,0,0,0,0,0,0,0,0,1,1,0,0,0,0,0
1,4946267,3456,350,10,1,0,20,1255,0,0,0,29,1,0,0,0,0,0,0,0,0,1,2,0,0,0,0,0
1,5671259,107,17,4,2,0,60,384,0,0,0,159,2,0,1,0,1,23,0,0,0,43,0,0,0,0,0,0
1,4606807,9131,369,17,1,0,5,368,0,0,0,25,2,0,0,0,0,0,0,0,0,1,1,0,0,0,0,0
1,4232599,2155,40,12,0,0,0,124,1,0,0,18,0,0,0,0,0,0,0,0,0,6,1,0,0,0,0,0
1,5914087,381,72,0,1,0,17,423,2,0,0,0,2,0,0,0,0,0,0,0,1,0,0,0,0,0,0,0
1,5001266,1896,5,14,0,0,0,203,1,0,0,14,0,0,0,0,0,0,0,0,0,0,2,0,0,0,0,0
1,4655707,126,7,0,0,0,6,42,0,0,0,0,0,0,0,0,0,0,1,0,0,0,0,0,0,0,0,0
1,5671408,107,17,4,2,0,60,384,0,0,0,159,2,0,1,0,1,23,0,0,0,43,0,0,0,0,0,0
1,5118631,3416,340,10,1,0,26,864,0,0,0,35,2,0,0,0,0,0,0,0,0,1,1,0,0,0,0,0
1,4043018,4642,169,11,0,0,6,2535,0,0,0,47,0,0,0,0,0,0,0,0,0,1,1,0,0,0,0,0
1,3361354,49,14,1,0,1,39,106,2,0,0,5,0,1,0,0,0,0,0,0,0,5,1,0,0,0,0,0
1,4645841,65,6,0,0,0,4,38,0,0,0,0,0,0,0,0,0,3,1,0,0,0,0,0,0,0,0,0
1,5579285,1966,936,6,0,0,0,162,0,0,0,6,0,0,0,0,0,0,0,0,0,1,1,0,0,0,0,0
1,5029599,467,4,3,0,0,0,89,1,0,0,6,0,0,0,0,0,0,0,0,0,2,0,0,0,0,0,0
1,4629521,6306,132,9,1,0,6,295,0,0,0,22,2,0,0,0,0,0,0,0,0,1,1,0,0,0,0,0
1,4554571,70,7,0,0,0,4,38,0,0,0,0,0,0,0,0,0,3,1,0,0,0,0,0,0,0,0,0
1,2827984,50740,7,1,0,1,5,11,0,0,0,2,0,1,0,0,0,0,0,0,0,0,0,0,0,0,0,0
1,5016207,484,5,3,0,0,0,50,1,0,0,3,0,0,0,0,0,0,0,0,0,2,0,0,0,0,0,0
1,4906406,3526,346,10,1,0,25,1299,0,0,0,34,2,0,0,0,0,0,0,0,0,1,1,0,0,0,0,0
1,4510494,66,7,0,0,0,4,38,0,0,0,0,0,0,0,0,0,3,1,0,0,0,0,0,0,0,0,0
1,5046342,1373,75,7,0,0,0,261,0,0,0,11,0,0,0,0,0,0,0,0,0,6,1,0,0,0,0,0
1,5131727,127,21,3,1,0,753,211,488,0,0,155,1,0,0,0,0,0,0,0,0,1,3,0,0,0,0,0
1,4796819,3525,347,10,1,0,26,1242,0,0,0,35,2,0,0,0,0,0,0,1,0,3,1,0,0,0,0,0
1,4856808,80,7,0,0,0,4,65,0,0,0,0,0,0,0,0,0,6,1,0,0,0,0,0,0,0,0,0
1,5582871,1966,936,6,0,0,0,162,0,0,0,6,0,0,0,0,0,0,0,0,0,1,1,0,0,0,0,0
1,4072691,4649,179,11,0,0,6,2541,0,0,0,47,0,0,0,0,0,0,0,2,0,1,1,0,0,0,0,0
1,4347899,46,3,0,0,0,0,5,1,0,0,0,0,0,0,0,0,0,0,0,0,0,0,0,0,0,0,0
1,5018620,740,5,4,0,0,0,74,1,0,0,4,0,0,0,0,0,0,0,0,0,2,0,0,0,0,0,0
1,4415733,674,51,6,0,0,0,62,1,0,0,6,0,0,0,0,0,0,0,0,0,0,0,0,0,0,0,0
1,3483086,246719,117390,4,0,0,0,25,0,0,0,4,0,0,0,0,0,0,0,0,0,0,0,0,0,0,0,0
1,3331893,237409,112980,4,0,0,0,13,0,0,0,4,0,0,0,0,0,0,0,0,0,0,0,0,0,0,0,0
1,5668177,107,17,4,2,0,60,384,0,0,0,159,2,0,1,0,1,23,0,0,0,43,0,0,0,0,0,0
1,4698989,6101,154,7,0,0,10,279,0,0,0,20,0,0,0,0,0,0,0,0,0,1,1,0,0,0,0,0
1,5045181,1719,112,8,0,0,0,241,0,0,0,12,0,0,0,0,0,0,0,0,0,3,2,0,0,0,0,0
1,5015082,1902,134,11,0,1,0,239,0,0,0,11,0,1,0,0,0,0,0,0,0,5,2,0,0,0,0,0
1,5023878,982,5,7,0,0,0,179,1,0,0,12,0,0,0,0,0,0,0,0,0,1,4,0,0,0,0,0
1,3939059,85613,30,1,2,0,111,92,77,0,0,4,6,0,0,0,0,0,0,0,0,2,1,0,0,0,0,0
1,3614841,230,16,1,1,0,107,92,0,0,0,91,3,0,0,0,0,0,0,0,0,0,1,0,0,0,0,0
1,5004873,2379,116,12,0,1,0,274,0,0,0,12,0,1,0,0,0,0,0,0,0,3,1,0,0,0,0,0
1,4786361,6439,140,9,1,0,6,291,0,0,0,22,2,0,0,0,0,0,0,0,0,1,1,0,0,0,0,0
1,5014934,443,5,2,0,0,0,53,1,0,0,2,0,0,0,0,0,0,0,0,0,1,1,0,0,0,0,0
1,4138529,10470,168,10,0,0,7,1025,0,0,0,47,0,0,0,0,0,0,0,0,0,1,1,0,0,0,0,0
1,4527225,70,7,0,0,0,4,38,0,0,0,0,0,0,0,0,0,3,1,0,0,0,0,0,0,0,0,0
1,5034313,874,5,5,0,0,0,92,1,0,0,5,0,0,0,0,0,0,0,0,0,4,1,0,0,0,0,0
1,4299740,237031,52,0,0,0,0,40482,0,0,0,0,0,0,0,0,0,0,0,0,0,0,0,0,0,0,0,0
1,5018088,411,4,5,0,0,0,69,1,0,0,6,0,0,0,0,0,0,0,0,0,0,2,0,0,0,0,0
1,5053408,2480,132,12,0,0,0,295,0,0,0,12,0,0,0,0,0,0,0,0,0,4,1,0,0,0,0,0
1,5025942,334,5,1,0,0,0,37,1,0,0,1,0,0,0,0,0,0,0,0,0,0,1,0,0,0,0,0
1,4519202,68,7,0,0,0,4,38,0,0,0,0,0,0,0,0,0,3,1,0,0,0,0,0,0,0,0,0
1,4078832,10261,169,10,0,0,7,1014,0,0,0,47,0,0,0,0,0,0,0,0,0,1,1,0,0,0,0,0
1,5671130,107,17,4,2,0,60,384,0,0,0,159,2,0,1,0,1,23,0,0,0,43,0,0,0,0,0,0
1,4549365,69,7,0,0,0,4,38,0,0,0,0,0,0,0,0,0,3,1,0,0,0,0,0,0,0,0,0
1,4758851,6082,143,7,1,0,4,271,0,0,0,13,1,0,0,0,0,0,0,0,0,1,2,0,0,0,0,0
1,4478666,6469,34,28,0,0,0,1299,0,0,0,44,0,0,0,0,0,0,0,0,0,8,2,0,0,0,0,0
1,4217750,66894,5564,2,0,0,9,261,0,0,0,7,0,0,0,0,0,0,0,0,0,0,1,0,0,0,0,0
1,2306247,23123,76,45,0,0,0,2028,1,0,0,86,0,0,0,0,0,0,0,0,0,8,3,0,0,0,0,0
1,4822716,78,6,0,0,0,12,230,0,0,0,0,0,0,0,0,0,22,1,0,0,0,0,0,0,0,0,0
1,5018528,3506,5,28,0,0,0,441,1,0,0,34,0,0,0,0,0,0,0,0,0,3,4,0,0,0,0,0
1,5017588,2046,34,19,0,0,0,338,1,0,0,29,0,0,1,0,1,0,0,0,0,5,7,0,0,0,0,0
1,4834803,6351,142,7,0,0,10,280,0,0,0,20,0,0,0,0,0,0,0,0,0,1,1,0,0,0,0,0
1,5574744,1966,936,6,0,0,0,149,0,0,0,6,0,0,0,0,0,0,0,0,0,1,1,0,0,0,0,0
1,5228083,2442,99,8,0,0,0,346,0,0,0,17,0,0,0,0,0,0,0,0,0,0,5,0,0,0,0,0
1,4931958,1234,118,8,0,0,0,176,0,0,0,13,0,0,0,0,0,0,0,0,0,4,1,0,0,0,0,0
1,5670923,107,17,4,2,0,60,386,0,0,0,159,2,0,1,0,1,23,0,0,0,45,0,0,0,0,0,0
1,5169055,3028,124,8,0,0,0,364,0,0,0,17,0,0,0,0,0,0,0,0,0,0,4,0,0,0,0,0
1,3372753,4210,69,34,0,3,0,382,1,0,0,56,0,5,3,0,3,0,0,0,0,8,9,0,0,0,0,0
1,4758461,6194,141,9,1,0,6,289,0,0,0,22,2,0,0,0,0,0,0,0,0,1,1,0,0,0,0,0
1,4691006,97,8,0,0,0,15,222,0,0,0,0,0,0,0,0,0,14,1,0,0,0,0,0,0,0,0,0
1,4886363,144,7,0,0,0,16,182,0,0,0,0,0,0,0,0,0,0,1,0,0,0,0,0,0,0,0,0
1,5074357,3759,339,10,1,0,29,882,0,0,0,38,2,0,0,0,0,0,0,0,0,1,1,0,0,0,0,0
1,3133234,93520,15,1,0,1,31,16,24,0,0,2,0,1,0,0,0,0,0,0,0,0,0,0,0,0,0,0
1,5012424,1512,5,13,0,0,0,254,1,0,0,20,0,0,0,0,0,0,0,0,0,3,2,0,0,0,0,0
1,4772483,8837,332,17,1,0,5,362,0,0,0,25,2,0,0,0,0,0,0,0,0,1,1,0,0,0,0,0
1,4765680,0,0,0,0,0,94,0,55,0,0,0,0,0,0,0,0,0,0,0,0,0,0,0,0,0,0,0
1,5676655,107,17,4,2,0,60,386,0,0,0,159,2,0,1,0,1,23,0,0,0,45,0,0,0,0,0,0
1,4983264,1406,140,8,0,0,0,240,0,0,0,11,0,0,0,0,0,0,0,0,0,6,2,0,0,0,0,0
1,5668347,107,17,4,2,0,60,384,0,0,0,159,2,0,1,0,1,23,0,0,0,43,0,0,0,0,0,0
1,6020494,718,144,3,0,0,12,60,0,0,0,12,0,0,0,0,0,0,0,0,0,1,1,0,0,0,0,0
1,3617018,491544,491516,8,1,1,105,110,61,0,0,23,3,2,2,0,2,0,0,0,0,4,6,0,0,0,0,0
1,5671392,107,17,4,2,0,60,384,0,0,0,159,2,0,1,0,1,23,0,0,0,43,0,0,0,0,0,0
1,2898850,128400,14,1,0,1,51,106,12,0,0,7,0,1,0,0,0,0,0,0,0,5,1,0,0,0,0,0
1,4664867,81,10,0,0,0,4,38,0,0,0,0,0,0,0,0,0,3,1,0,0,0,0,0,0,0,0,0
1,5017652,598,5,7,0,0,0,169,1,0,0,14,0,0,0,0,0,0,0,0,0,2,2,0,0,0,0,0
1,5022760,1424,100,10,0,1,0,311,1,0,0,22,0,1,0,0,0,0,0,0,0,3,5,0,0,0,0,0
1,4857721,6036,143,9,1,0,6,280,0,0,0,22,2,0,0,0,0,0,0,0,0,1,1,0,0,0,0,0
1,3425319,237409,112980,4,0,0,0,13,0,0,0,4,0,0,0,0,0,0,0,0,0,0,0,0,0,0,0,0
1,5006396,199,5,2,0,0,0,23,1,0,0,2,0,0,0,0,0,0,0,0,0,1,0,0,0,0,0,0
1,5030989,759,5,6,0,0,0,78,1,0,0,6,0,0,0,0,0,0,0,0,0,1,0,0,0,0,0,0
1,2840119,40822,7,1,0,1,5,11,0,0,0,2,0,1,0,0,0,0,0,0,0,0,0,0,0,0,0,0
1,5559341,1966,936,6,0,0,0,155,0,0,0,6,0,0,0,0,0,0,0,0,0,1,1,0,0,0,0,0
1,5018830,1827,112,10,0,1,0,222,0,0,0,11,0,1,0,0,0,0,0,0,0,5,2,0,0,0,0,0
1,4485875,2122,82,16,0,0,0,230,1,0,0,16,0,0,0,0,0,0,0,0,0,2,1,0,0,0,0,0
1,5446295,208,30,1,0,0,573,153,512,0,0,52,0,0,0,0,0,0,0,0,0,1,2,0,0,0,0,0
1,4518531,65,6,0,0,0,4,38,0,0,0,0,0,0,0,0,0,3,1,0,0,0,0,0,0,0,0,0
1,5038882,696,5,3,0,0,0,76,1,0,0,3,0,0,0,0,0,0,0,0,0,1,2,0,0,0,0,0
1,4889648,3683,352,10,1,0,21,1271,0,0,0,30,2,0,0,0,0,0,0,0,0,1,1,0,0,0,0,0
1,4682483,9284,340,12,1,0,6,376,0,0,0,24,2,0,0,0,0,0,0,0,0,1,1,0,0,0,0,0
1,4681366,102,8,0,0,0,15,236,0,0,0,0,0,0,0,0,0,14,1,0,0,0,0,0,0,0,0,0
1,4124540,10764,169,11,0,0,6,761,0,0,0,39,0,0,0,0,0,0,0,0,0,1,1,0,0,0,0,0
1,5028380,1967,108,10,0,0,0,259,0,0,0,12,0,0,0,0,0,0,0,0,0,4,2,0,0,0,0,0
1,5555795,1966,936,6,0,0,0,149,0,0,0,6,0,0,0,0,0,0,0,0,0,1,1,0,0,0,0,0
1,5131107,5319,20,4,1,1,2,965,1,0,0,11,1,3,0,0,0,0,0,0,0,1,0,0,0,0,0,0
1,4773252,9563,24,27,0,0,4,702,0,0,0,53,0,0,0,0,0,0,0,0,0,1,1,0,0,0,0,0
1,4410483,1480,36,6,0,0,0,165,1,0,0,6,0,0,0,0,0,0,0,0,0,2,0,0,0,0,0,0
1,3098735,99875,14,1,0,1,48,106,10,0,0,7,0,1,0,0,0,0,0,0,0,5,1,0,0,0,0,0
1,5013647,2786,5,23,0,0,0,310,1,0,0,24,0,0,0,0,0,0,0,0,0,1,5,0,0,0,0,0
1,4494117,66,7,0,0,0,14,150,0,0,0,0,0,0,0,0,0,13,1,0,0,0,0,0,0,0,0,0
1,4702231,295,9,0,0,0,53,1310,0,0,0,0,0,0,0,0,0,26,1,0,0,0,0,0,0,0,0,0
1,5033405,2182,98,9,0,0,0,259,0,0,0,12,0,0,0,0,0,0,0,0,0,6,2,0,0,0,0,0
1,5041541,1281,112,7,0,0,0,257,0,0,0,12,0,0,0,0,0,0,0,0,0,5,2,0,0,0,0,0
1,4524593,69,7,0,0,0,4,38,0,0,0,0,0,0,0,0,0,3,1,0,0,0,0,0,0,0,0,0
1,5022435,2886,57,27,0,0,0,1028,1,0,0,84,0,0,1,0,1,0,0,0,0,10,9,0,0,0,0,0
1,5023039,1371,5,14,0,0,0,453,1,0,0,33,0,0,0,0,0,0,0,0,0,3,7,0,0,0,0,0
1,3449967,237409,112980,4,0,0,0,13,0,0,0,4,0,0,0,0,0,0,0,0,0,0,0,0,0,0,0,0
1,4790354,97,6,0,0,0,14,158,0,0,0,0,0,0,0,0,0,13,1,0,0,0,0,0,0,0,0,0
1,4529060,64,5,0,0,0,4,38,0,0,0,0,0,0,0,0,0,3,1,0,0,0,0,0,0,0,0,0
1,3140368,140566,70,10,10,0,79,322,0,0,0,74,48,0,0,0,0,0,0,0,0,1,2,0,0,0,0,0
1,5676335,107,17,4,2,0,60,386,0,0,0,159,2,0,1,0,1,23,0,0,0,45,0,0,0,0,0,0
1,5258456,1811,74,12,0,0,0,153,0,0,0,21,0,0,0,0,0,0,0,0,0,0,4,0,0,0,0,0
1,5798257,18097,21,1,0,0,1,1885,0,0,0,1,0,0,0,0,0,0,0,0,0,1,3,0,0,0,0,0
1,4730025,97,7,0,0,0,10,71,0,0,0,0,0,0,0,0,0,5,1,0,0,0,1,0,0,0,0,0
1,4382001,6781,50,25,0,0,0,1307,0,0,0,47,0,0,0,0,0,0,0,0,0,5,1,0,0,0,0,0
1,5027536,564,5,6,0,0,0,83,1,0,0,10,0,0,0,0,0,0,0,0,0,1,0,0,0,0,0,0
1,5042525,2006,100,9,0,0,0,283,0,0,0,12,0,0,0,0,0,0,0,0,0,7,3,0,0,0,0,0
1,2444329,19009,8,0,0,1,0,3,0,0,0,0,0,1,0,0,0,0,0,0,0,1,1,0,0,0,0,0
1,4160417,4799,177,10,0,0,6,1834,0,0,0,45,0,0,0,0,0,0,0,0,0,1,1,0,0,0,0,0
1,4093459,10436,148,11,0,0,6,770,0,0,0,39,0,0,0,0,0,0,0,0,0,1,1,0,0,0,0,0
1,3091259,71341,14,1,0,1,39,106,0,0,0,7,0,1,0,0,0,0,0,0,0,5,1,0,0,0,0,0
1,5807308,5236,242,10,0,0,0,171,0,0,0,13,0,0,2,0,2,0,0,0,0,5,2,0,0,0,0,0
1,5735377,4383,224,10,0,0,0,176,0,0,0,16,0,0,0,0,0,0,0,0,0,4,2,0,0,0,0,0
1,5012744,699,5,6,0,0,0,81,1,0,0,7,0,0,0,0,0,0,0,0,0,2,0,0,0,0,0,0
1,4663394,128,7,0,0,0,6,45,0,0,0,0,0,0,0,0,0,0,1,0,0,0,0,0,0,0,0,0
1,2290605,34508,96,72,0,0,0,1627,1,0,0,72,0,0,0,0,0,0,0,0,0,8,4,0,0,0,0,0
1,5004686,1550,104,10,0,0,0,210,0,0,0,12,0,0,0,0,0,0,0,0,0,7,2,0,0,0,0,0
1,4942806,72,5,0,0,0,4,68,0,0,0,0,0,0,0,0,0,6,1,0,0,0,0,0,0,0,0,0
1,5908488,6801,387,10,0,0,0,174,0,0,0,16,0,0,0,0,0,0,0,0,0,3,3,0,0,0,0,0
1,5579765,1966,936,6,0,0,0,152,0,0,0,6,0,0,0,0,0,0,0,0,0,1,1,0,0,0,0,0
1,4549365,69,7,0,0,0,4,38,0,0,0,0,0,0,0,0,0,3,1,0,0,0,0,0,0,0,0,0
1,5025463,1891,5,23,0,0,0,233,1,0,0,24,0,0,0,0,0,0,0,0,0,2,1,0,0,0,0,0
1,5178402,3411,357,10,1,0,27,854,0,0,0,36,2,0,0,0,0,0,0,0,0,2,1,0,0,0,0,0
1,4885234,174,41,0,0,0,14,284,0,0,0,0,0,0,0,0,0,26,1,0,0,0,0,0,0,0,0,0
1,5268378,1850,74,39,0,0,0,183,0,0,0,48,0,0,0,0,0,0,0,0,0,0,1,0,0,0,0,0
1,5072808,2141,46,8,0,0,0,271,0,0,0,11,0,0,0,0,0,0,0,0,0,3,2,0,0,0,0,0
1,4133049,10567,178,11,0,0,6,758,0,0,0,39,0,0,0,0,0,0,0,0,0,1,1,0,0,0,0,0
1,4681931,6089,144,9,1,0,6,292,0,0,0,22,2,0,0,0,0,0,0,0,0,1,1,0,0,0,0,0
1,5034264,29,3,0,0,0,0,5,1,0,0,0,0,0,0,0,0,0,0,0,0,0,0,0,0,0,0,0
1,5025759,1339,134,6,0,0,0,245,0,0,0,12,0,0,0,0,0,0,0,0,0,7,4,0,0,0,0,0
1,5026306,1708,126,9,0,0,0,220,0,0,0,11,0,0,0,0,0,0,0,0,0,6,2,0,0,0,0,0
1,5006863,2388,114,21,0,0,0,641,1,0,0,54,0,0,0,0,0,0,0,0,0,3,7,0,0,0,0,0
1,5275299,1838,74,39,0,0,0,178,0,0,0,48,0,0,0,0,0,0,0,0,0,0,1,0,0,0,0,0
1,4488972,66,7,0,0,0,4,38,0,0,0,0,0,0,0,0,0,3,1,0,0,0,0,0,0,0,0,0
1,4757126,103,8,0,0,0,15,222,0,0,0,0,0,0,0,0,0,14,1,0,0,0,0,0,0,0,0,0
1,5058569,1804,130,9,0,0,0,233,0,0,0,12,0,0,0,0,0,0,0,0,0,8,2,0,0,0,0,0
1,2287089,4107,38,12,0,1,0,651,1,0,0,27,0,1,0,0,0,0,0,0,0,2,0,0,0,0,0,0
1,4451874,615,74,2,0,0,0,67,1,0,0,2,0,0,0,0,0,0,0,0,0,2,0,0,0,0,0,0
1,5210581,2402,99,8,0,0,0,336,0,0,0,17,0,0,0,0,0,0,0,0,0,1,5,0,0,0,0,0
1,4551536,6765,163,9,1,0,6,294,0,0,0,22,2,0,0,0,0,0,0,0,0,1,1,0,0,0,0,0
1,2729545,351866,14,1,0,1,39,106,0,0,0,7,0,1,0,0,0,0,0,0,0,5,1,0,0,0,0,0
1,5034803,1813,114,7,0,1,0,238,0,0,0,11,0,1,0,0,0,0,0,0,0,6,2,0,0,0,0,0
1,2331127,13765,70,25,0,0,0,646,1,0,0,25,0,0,0,0,0,0,0,0,0,3,2,0,0,0,0,0
1,5012150,966,5,8,0,0,0,105,1,0,0,8,0,0,0,0,0,0,0,0,0,1,1,0,0,0,0,0
1,5646559,180,51,2,0,0,16,99,0,0,0,15,0,0,0,0,0,0,0,0,0,0,1,0,0,0,0,0
1,4368640,541,4,0,0,0,0,65,1,0,0,0,0,0,0,0,0,0,0,0,0,0,0,0,0,0,0,0
1,5020965,567,5,2,0,0,0,65,1,0,0,2,0,0,0,0,0,0,0,0,0,2,1,0,0,0,0,0
1,4807122,72,10,0,0,0,10,182,0,0,0,0,0,0,0,0,0,18,1,0,0,0,0,0,0,0,0,0
1,2912290,50710,8,1,0,1,26,49,0,0,0,3,0,1,0,0,0,0,0,0,0,1,0,0,0,0,0,0
1,5007420,1560,132,9,0,0,0,211,0,0,0,12,0,0,0,0,0,0,0,0,0,5,2,0,0,0,0,0
1,4864078,39338,39271,1,3,1,63,199,31,0,0,5,12,1,0,0,0,0,0,0,0,2,1,0,0,0,0,0
1,5073229,1804,83,10,0,0,0,240,0,0,0,11,0,0,0,0,0,0,0,0,0,6,3,0,0,0,0,0
1,5071699,1398,54,7,0,0,0,227,0,0,0,12,0,0,0,0,0,0,0,0,0,4,4,0,0,0,0,0
1,5051031,1848,47,10,0,0,0,251,0,0,0,11,0,0,1,0,1,0,0,0,0,10,4,0,0,0,0,0
1,4726825,65,6,0,0,0,4,47,0,0,0,0,0,0,0,0,0,6,1,0,0,0,0,0,0,0,0,0
1,4540393,68,7,0,0,0,4,38,0,0,0,0,0,0,0,0,0,3,1,0,0,0,0,0,0,0,0,0
1,5051568,1969,120,8,0,0,0,269,0,0,0,11,0,0,0,0,0,0,0,0,0,8,2,0,0,0,0,0
1,5011785,1883,5,15,0,1,0,365,1,0,0,29,0,1,0,0,0,0,0,0,0,5,10,0,0,0,0,0
1,3372898,6220,66,44,0,1,0,521,1,0,0,67,0,3,6,0,6,0,0,0,0,9,8,0,0,0,0,0
1,5003628,1904,5,22,0,0,0,282,1,0,0,31,0,0,0,0,0,0,0,0,0,4,3,0,0,0,0,0
1,5016350,1264,67,12,0,0,0,479,1,0,0,41,0,0,0,0,0,0,0,0,0,7,5,0,0,0,0,0
1,2303299,1774,71,5,0,0,0,87,1,0,0,5,0,0,0,0,0,0,0,0,0,1,1,0,0,0,0,0
1,5043814,2376,140,12,0,0,0,234,0,0,0,12,0,0,1,0,1,0,0,0,0,8,2,0,0,0,0,0
1,5039896,1810,5,11,0,0,0,212,1,0,0,11,0,0,0,0,0,0,0,0,0,8,1,0,0,0,0,0
1,5802350,6434,376,10,0,1,0,184,0,0,0,13,0,1,2,0,2,0,0,0,0,3,2,0,0,0,0,0
1,4434282,349,46,3,0,0,0,30,1,0,0,3,0,0,0,0,0,0,0,0,0,0,0,0,0,0,0,0
1,5016486,1459,34,11,0,0,0,167,1,0,0,15,0,0,0,0,0,0,0,0,0,2,3,0,0,0,0,0
1,4590828,70,7,0,0,0,14,154,0,0,0,0,0,0,0,0,0,13,1,0,0,0,0,0,0,0,0,0
1,5567116,1974,944,6,0,0,0,169,0,0,0,6,0,0,0,0,0,0,0,0,0,1,1,0,0,0,0,0
1,4584338,67,7,0,0,0,4,38,0,0,0,0,0,0,0,0,0,3,1,0,0,0,0,0,0,0,0,0
1,4261784,124,61,0,0,0,1149,2943,0,0,0,0,0,0,0,0,0,0,0,0,0,0,1,0,0,0,0,0
1,3510775,237409,112980,4,0,0,0,13,0,0,0,4,0,0,0,0,0,0,0,0,0,0,0,0,0,0,0,0
1,5067884,1892,87,9,0,0,0,204,1,0,0,9,0,0,0,0,0,0,0,0,0,2,0,0,0,0,0,0
1,4552638,1275,4,3,0,0,0,145,1,0,0,3,0,0,0,0,0,0,0,0,0,0,1,0,0,0,0,0
1,4534586,68,7,0,0,0,4,38,0,0,0,0,0,0,0,0,0,3,1,0,0,0,0,0,0,0,0,0
1,4654199,69,7,0,0,0,13,146,0,0,0,0,0,0,0,0,0,12,1,0,0,0,0,0,0,0,0,0
1,2303457,2957,49,7,0,0,0,194,1,0,0,10,0,0,0,0,0,0,0,0,0,2,1,0,0,0,0,0
1,2922839,83402,20,1,0,1,26,51,0,0,0,3,0,1,0,0,0,0,0,0,0,1,0,0,0,0,0,0
1,5040998,2220,112,10,0,0,0,245,0,0,0,12,0,0,1,0,1,0,0,0,0,6,2,0,0,0,0,0
1,5431615,2827,60,10,0,1,0,154,1,0,0,10,0,1,0,0,0,0,0,0,0,3,1,0,0,0,0,0
1,5910420,6853,179,10,0,0,0,184,0,0,0,16,0,0,0,0,0,0,0,0,0,6,2,0,0,0,0,0
1,4201210,124,61,0,0,0,1111,2867,0,0,0,0,0,0,0,0,0,0,0,0,0,0,1,0,0,0,0,0
1,5014668,1968,136,10,0,0,0,243,0,0,0,12,0,0,0,0,0,0,0,0,0,7,4,0,0,0,0,0
1,5025709,1648,136,9,0,1,0,225,0,0,0,11,0,1,0,0,0,0,0,0,0,7,2,0,0,0,0,0
1,5022509,950,5,6,0,1,0,105,1,0,0,6,0,1,0,0,0,0,0,0,0,2,0,0,0,0,0,0
1,4813086,6431,124,9,1,0,6,284,0,0,0,22,2,0,0,0,0,0,0,0,0,1,1,0,0,0,0,0
1,2313546,1210,34,4,0,0,0,57,1,0,0,4,0,0,0,0,0,0,0,0,0,1,0,0,0,0,0,0
1,3731197,14302,14292,1,0,1,13,37,0,0,0,2,0,1,0,0,0,0,0,0,0,1,1,0,0,0,0,0
1,5570562,1966,936,6,0,0,0,152,0,0,0,6,0,0,0,0,0,0,0,0,0,1,1,0,0,0,0,0
1,5051600,2034,116,10,0,1,0,260,0,0,0,11,0,1,1,0,1,0,0,0,0,7,3,0,0,0,0,0
1,5837942,6231,246,10,0,0,0,168,0,0,0,13,0,0,2,0,2,0,0,0,0,4,1,0,0,0,0,0
1,4993262,1506,102,6,0,0,0,243,0,0,0,11,0,0,0,0,0,0,0,0,0,6,2,0,0,0,0,0
1,2924216,9696,8,0,0,1,2,1615,0,0,0,0,0,1,0,0,0,0,0,0,0,0,1,0,0,0,0,0
1,4674835,129,7,0,0,0,6,45,0,0,0,0,0,0,0,0,0,0,1,0,0,0,0,0,0,0,0,0
1,2295202,4556,76,13,0,0,0,223,1,0,0,14,0,0,0,0,0,0,0,0,0,2,1,0,0,0,0,0
1,3386357,65820,14,1,0,1,39,106,0,0,0,7,0,1,0,0,0,0,0,0,0,5,1,0,0,0,0,0
1,3333811,3156,51,26,0,3,0,548,1,0,0,126,0,5,5,0,5,3,0,0,0,8,15,0,0,0,0,0
1,5583885,1966,936,6,0,0,0,146,0,0,0,6,0,0,0,0,0,0,0,0,0,1,1,0,0,0,0,0
1,4663512,64,6,0,0,0,14,158,0,0,0,0,0,0,0,0,0,13,1,0,0,0,0,0,0,0,0,0
1,4510012,67,7,0,0,0,4,38,0,0,0,0,0,0,0,0,0,3,1,0,0,0,0,0,0,0,0,0
1,5131591,3501,63,11,0,0,0,404,0,0,0,12,0,0,1,0,1,0,0,0,0,3,1,0,0,0,0,0
1,4924509,6410,141,9,1,0,6,287,0,0,0,22,2,0,0,0,0,0,0,0,0,1,1,0,0,0,0,0
1,5013595,3143,54,21,0,0,0,959,1,0,0,80,0,0,0,0,0,0,0,0,0,13,10,0,0,0,0,0
1,2304422,13925,47,17,0,0,0,734,1,0,0,20,0,0,0,0,0,0,0,0,0,2,2,0,0,0,0,0
1,3370799,237724,113130,4,0,0,0,13,0,0,0,4,0,0,0,0,0,0,0,0,0,0,0,0,0,0,0,0
1,5070634,3749,351,10,1,0,30,900,0,0,0,39,2,0,0,0,0,0,0,0,0,1,1,0,0,0,0,0
1,2315082,2750,34,6,0,0,0,123,1,0,0,6,0,0,0,0,0,0,0,0,0,0,0,0,0,0,0,0
1,3548569,55033,21,0,1,1,46,112180,0,0,0,0,3,1,0,0,0,0,0,0,0,3,0,0,0,0,0,0
1,3970240,2147,2126,2,0,1,3,20,0,0,0,2,0,1,0,0,0,0,0,0,0,0,2,0,0,0,0,0
1,4495490,2526,4,11,0,0,0,281,1,0,0,11,0,0,0,0,0,0,0,0,0,1,0,0,0,0,0,0
1,4389941,272352,90,1,0,1,39,18857,0,0,0,7,0,1,0,0,0,0,0,0,0,5,1,0,0,0,0,0
1,4787119,135,10,0,0,0,6,45,0,0,0,0,0,0,0,0,0,0,1,0,0,0,0,0,0,0,0,0
1,5039556,1829,136,10,0,1,0,225,0,0,0,12,0,1,0,0,0,0,0,0,0,6,2,0,0,0,0,0
1,4472425,6972,56,30,0,0,0,1354,0,0,0,50,0,0,0,0,0,0,0,0,0,5,2,0,0,0,0,0
1,4156734,10487,179,10,0,0,7,1006,0,0,0,47,0,0,0,0,0,0,0,0,0,1,1,0,0,0,0,0
1,4530470,2910,35,0,2,0,0,325,0,0,0,0,2,0,0,0,0,0,0,0,0,0,1,0,0,0,0,0
1,4449752,46,4,0,0,0,0,7,1,0,0,0,0,0,0,0,0,0,0,0,0,0,0,0,0,0,0,0
1,4470948,3166,4,14,0,0,0,350,1,0,0,14,0,0,0,0,0,0,0,0,0,2,0,0,0,0,0,0
1,5029890,1602,5,14,0,1,0,336,1,0,0,27,0,1,0,0,0,0,0,0,0,4,1,0,0,0,0,0
1,4676626,84,6,0,0,0,8,110,0,0,0,0,0,0,0,0,0,7,1,0,0,0,0,0,0,0,0,0
1,5007385,1359,114,8,0,1,0,241,0,0,0,11,0,1,1,0,1,0,0,0,0,4,2,0,0,0,0,0
1,4910916,6213,172,7,0,0,10,276,0,0,0,20,0,0,0,0,0,0,0,1,0,1,1,0,0,0,0,0
1,4375374,853,55,7,0,0,0,76,1,0,0,7,0,0,0,0,0,0,0,0,0,0,0,0,0,0,0,0
1,3183668,71352,21,1,0,0,60,165,0,0,0,12,0,0,0,0,0,0,0,0,0,7,2,0,0,0,0,0
1,5130947,3531,362,10,1,0,19,816,0,0,0,28,2,0,0,0,0,0,0,0,0,1,1,0,0,0,0,0
1,5014303,2081,5,16,0,0,0,227,1,0,0,16,0,0,1,0,1,0,0,0,0,5,3,0,0,0,0,0
1,5009848,1714,128,15,0,0,0,399,1,0,0,33,0,0,0,0,0,0,0,0,0,3,3,0,0,0,0,0
1,5010107,2656,39,19,0,1,0,946,1,0,0,71,0,2,0,0,0,0,0,0,0,11,8,0,0,0,0,0
1,4669606,79,10,0,0,0,4,38,0,0,0,0,0,0,0,0,0,3,1,0,0,0,0,0,0,0,0,0
1,5041389,1371,134,7,0,0,0,254,0,0,0,12,0,0,0,0,0,0,0,0,0,5,2,0,0,0,0,0
1,5012772,3136,44,22,0,0,0,916,1,0,0,72,0,0,0,0,0,0,0,0,0,12,8,0,0,0,0,0
1,5027125,713,5,7,0,0,0,101,1,0,0,8,0,0,0,0,0,0,0,0,0,2,1,0,0,0,0,0
1,5053586,1865,5,10,0,1,0,205,1,0,0,10,0,1,0,0,0,0,0,0,0,4,2,0,0,0,0,0
1,5671142,107,17,4,2,0,60,384,0,0,0,159,2,0,1,0,1,23,0,0,0,43,0,0,0,0,0,0
1,4771748,9105,338,20,1,0,5,363,0,0,0,25,2,0,0,0,0,0,0,0,0,1,1,0,0,0,0,0
1,5671185,107,17,4,2,0,60,384,0,0,0,159,2,0,1,0,1,23,0,0,0,43,0,0,0,0,0,0
1,5671110,107,17,4,2,0,60,384,0,0,0,159,2,0,1,0,1,23,0,0,0,43,0,0,0,0,0,0
1,5017434,1928,136,10,0,1,0,260,0,0,0,12,0,1,0,0,0,0,0,0,0,8,1,0,0,0,0,0
1,4677502,138,12,0,0,0,6,45,0,0,0,0,0,0,0,0,0,0,1,0,0,0,0,0,0,0,0,0
1,5270573,1810,74,39,0,0,0,168,0,0,0,48,0,0,0,0,0,0,0,0,0,0,1,0,0,0,0,0
1,5012943,517,5,3,0,0,0,57,1,0,0,3,0,0,0,0,0,0,0,0,0,2,1,0,0,0,0,0
1,5269139,1850,74,39,0,0,0,184,0,0,0,48,0,0,0,0,0,0,0,0,0,0,1,0,0,0,0,0
1,5971220,76,76,0,0,0,1339,3769,0,0,0,0,0,0,0,0,0,0,0,0,0,0,0,0,0,0,0,0
1,4781643,92,9,0,0,0,11,209,0,0,0,0,0,0,0,0,0,20,1,0,0,0,0,0,0,0,0,0
1,4465635,4756,2500,1,0,0,5,19,0,0,0,2,0,0,0,0,0,0,0,0,0,0,0,0,0,0,0,0
1,5076030,1661,91,10,0,0,0,233,0,0,0,12,0,0,0,0,0,0,0,0,0,4,2,0,0,0,0,0
1,5670455,180,51,2,0,0,16,100,0,0,0,15,0,0,0,0,0,0,0,0,0,0,1,0,0,0,0,0
1,5163872,2998,124,8,0,0,0,347,0,0,0,17,0,0,0,0,0,0,0,0,0,0,4,0,0,0,0,0
1,4268512,124,61,0,0,0,1442,3529,0,0,0,0,0,0,0,0,0,0,0,0,0,0,1,0,0,0,0,0
1,4534586,68,7,0,0,0,4,38,0,0,0,0,0,0,0,0,0,3,1,0,0,0,0,0,0,0,0,0
1,3450336,245689,116850,4,0,0,0,24,0,0,0,4,0,0,0,0,0,0,0,0,0,0,0,0,0,0,0,0
1,5583400,1974,944,6,0,0,0,160,0,0,0,6,0,0,0,0,0,0,0,0,0,1,1,0,0,0,0,0
1,5010021,3296,34,29,0,0,0,332,1,0,0,29,0,0,0,0,0,0,0,0,0,2,2,0,0,0,0,0
1,4389835,1053,34,5,0,0,0,111,1,0,0,5,0,0,0,0,0,0,0,0,0,1,0,0,0,0,0,0
1,5050068,580,66,2,0,0,0,55,1,0,0,2,0,0,0,0,0,0,0,0,0,0,0,0,0,0,0,0
1,5017591,1195,5,10,0,0,0,392,1,0,0,25,0,0,0,0,0,0,0,0,0,5,7,0,0,0,0,0
1,5017361,865,5,6,0,0,0,154,1,0,0,9,0,0,0,0,0,0,0,0,0,3,3,0,0,0,0,0
1,4425099,87,19,2,1,0,604,28,598,0,0,4,1,0,0,0,0,0,0,0,0,1,2,0,0,0,0,0
1,2290967,10459,98,17,0,0,0,1461,1,0,0,55,0,0,0,0,0,0,0,0,0,9,2,0,0,0,0,0
1,5251123,120,22,2,0,0,22,89,0,0,0,3,0,0,0,0,0,2,0,0,0,0,1,0,0,0,0,0
1,3886704,126,63,0,0,0,3244,9324,0,0,0,0,0,0,0,0,0,0,0,0,0,0,1,0,0,0,0,0
1,4503817,68,7,0,0,0,4,38,0,0,0,0,0,0,0,0,0,3,1,0,0,0,0,0,0,0,0,0
1,2302812,820,38,3,0,0,0,34,1,0,0,3,0,0,0,0,0,0,0,0,0,0,0,0,0,0,0,0
1,4605371,2834,42,0,2,0,0,325,0,0,0,0,2,0,0,0,0,0,0,0,0,1,2,0,0,0,0,0
1,4728769,6063,127,7,0,0,10,280,0,0,0,20,0,0,0,0,0,0,0,0,0,1,1,0,0,0,0,0
1,5027086,1261,5,10,0,0,0,473,1,0,0,36,0,0,1,0,1,0,0,0,0,7,4,0,0,0,0,0
1,3460016,141473,7,0,0,1,16,14745,9,0,0,0,0,1,0,0,0,0,0,0,0,0,0,0,0,0,0,0
1,2296013,10149,34,24,0,0,0,865,1,0,0,48,0,0,0,0,0,0,0,0,0,5,2,0,0,0,0,0
1,5017704,2259,5,18,0,0,0,439,1,0,0,35,0,0,0,0,0,0,0,0,0,3,5,0,0,0,0,0
1,4128356,4947,189,11,0,0,6,2644,0,0,0,47,0,0,0,0,0,0,0,0,0,1,1,0,0,0,0,0
1,4806477,9332,331,12,1,0,6,374,0,0,0,23,2,0,0,0,0,0,0,0,0,1,1,0,0,0,0,0
1,2306350,13261,68,20,0,0,0,621,1,0,0,20,0,0,0,0,0,0,0,0,0,2,1,0,0,0,0,0
1,4450764,210,4,1,0,0,0,25,1,0,0,1,0,0,0,0,0,0,0,0,0,0,0,0,0,0,0,0
1,4870069,70,15,2,0,0,5,26,0,0,0,4,0,0,0,0,0,0,0,0,0,0,3,0,0,0,0,0
1,5013573,1946,124,11,0,0,0,198,1,0,0,11,0,0,0,0,0,0,0,0,0,7,1,0,0,0,0,0
1,5055717,1805,5,11,0,0,0,198,1,0,0,11,0,0,0,0,0,0,0,0,0,7,2,0,0,0,0,0
1,5670781,107,17,4,2,0,60,384,0,0,0,159,2,0,1,0,1,23,0,0,0,43,0,0,0,0,0,0
1,3445044,237409,112980,4,0,0,0,13,0,0,0,4,0,0,0,0,0,0,0,0,0,0,0,0,0,0,0,0
1,5037935,2177,132,11,0,0,0,251,0,0,0,11,0,0,0,0,0,0,0,0,0,7,2,0,0,0,0,0
1,5022495,3350,350,10,1,0,27,890,0,0,0,36,2,0,0,0,0,0,0,0,0,3,1,0,0,0,0,0
1,4694551,70,7,0,0,0,4,47,0,0,0,0,0,0,0,0,0,6,1,0,0,0,0,0,0,0,0,0
1,4519202,68,7,0,0,0,4,38,0,0,0,0,0,0,0,0,0,3,1,0,0,0,0,0,0,0,0,0
1,4186054,85619,31,1,1,1,319,87,268,0,0,3,4,1,0,0,0,0,0,0,0,1,0,0,0,0,0,0
1,5038191,2380,124,10,0,1,0,269,0,0,0,11,0,1,0,0,0,0,0,0,0,4,2,0,0,0,0,0
1,4994984,1875,130,10,0,1,0,228,0,0,0,12,0,1,0,0,0,0,0,0,0,6,1,0,0,0,0,0
1,5676565,107,17,4,2,0,60,386,0,0,0,159,2,0,1,0,1,23,0,0,0,45,0,0,0,0,0,0
1,5047855,1942,126,10,0,1,0,256,0,0,0,12,0,1,0,0,0,0,0,0,0,5,3,0,0,0,0,0
1,4539860,69,7,0,0,0,4,38,0,0,0,0,0,0,0,0,0,3,1,0,0,0,0,0,0,0,0,0
1,4160680,5021,189,10,0,0,6,1778,0,0,0,45,0,0,0,0,0,0,0,0,0,1,1,0,0,0,0,0
1,5340753,100,17,4,2,0,80,435,0,0,0,171,10,0,1,0,1,23,0,0,0,47,0,0,0,0,0,0
1,5003656,1696,34,11,0,1,0,457,1,0,0,34,0,1,0,0,0,0,0,0,0,4,5,0,0,0,0,0
1,4406297,2744,40,23,0,0,0,302,1,0,0,23,0,0,0,0,0,0,0,0,0,2,3,0,0,0,0,0
1,5201129,94,14,0,0,0,14,197,0,0,0,0,0,0,0,0,0,26,1,0,0,0,0,0,0,0,0,0
1,3201883,71333,90,1,0,1,39,106,0,0,0,7,0,1,0,0,0,0,0,10,0,5,1,0,0,0,0,0
1,4541020,67,7,0,0,0,4,38,0,0,0,0,0,0,0,0,0,3,1,0,0,0,0,0,0,0,0,0
1,5215899,2414,99,8,0,0,0,339,0,0,0,17,0,0,0,0,0,0,0,0,0,0,4,0,0,0,0,0
1,5167589,2995,124,8,0,0,0,351,0,0,0,17,0,0,0,0,0,0,0,1,0,0,4,0,0,0,0,0
1,4347977,124,61,0,0,0,1358,3361,0,0,0,0,0,0,0,0,0,0,0,0,0,0,1,0,0,0,0,0
1,3840932,41,12,2,1,0,2000,2005,0,0,0,4,1,0,0,0,0,0,0,0,0,0,0,0,0,0,0,0
1,5173868,3018,124,8,0,0,0,357,0,0,0,17,0,0,0,0,0,0,0,1,0,0,4,0,0,0,0,0
1,5671542,107,17,4,2,0,60,384,0,0,0,159,2,0,1,0,1,23,0,0,0,43,0,0,0,0,0,0
1,4971907,3523,348,10,1,0,25,888,0,0,0,34,2,0,0,0,0,0,0,0,0,1,1,0,0,0,0,0
1,4455539,836,34,7,0,0,0,93,1,0,0,7,0,0,0,0,0,0,0,0,0,1,0,0,0,0,0,0
1,4834180,33118,33041,1,2,1,71,146,0,0,0,13,6,1,0,0,0,0,0,0,0,1,0,0,0,0,0,0
1,4663315,68,7,0,0,0,13,146,0,0,0,0,0,0,0,0,0,12,1,0,0,0,0,0,0,0,0,0
1,4519202,68,7,0,0,0,4,38,0,0,0,0,0,0,0,0,0,3,1,0,0,0,0,0,0,0,0,0
1,5165796,2998,124,8,0,0,0,351,0,0,0,17,0,0,0,0,0,0,0,0,0,0,4,0,0,0,0,0
1,4645726,93,7,0,0,0,15,174,0,0,0,0,0,0,0,0,0,14,1,0,0,0,0,0,0,0,0,0
1,5058868,2146,124,10,0,1,0,271,0,0,0,11,0,1,0,0,0,0,0,0,0,4,3,0,0,0,0,0
1,5617860,232,135,2,0,0,12,57,0,0,0,17,0,0,0,0,0,0,0,0,0,0,1,0,0,0,0,0
1,4621169,73,8,0,0,0,4,38,0,0,0,0,0,0,0,0,0,3,1,0,0,0,0,0,0,0,0,0
1,4718920,81,10,0,0,0,4,38,0,0,0,0,0,0,0,0,0,3,1,0,0,0,0,0,0,0,0,0
1,4300694,64,7,0,0,0,4,38,0,0,0,0,0,0,0,0,0,3,0,0,0,0,0,0,0,0,0,0
1,4545420,64,5,0,0,0,4,38,0,0,0,0,0,0,0,0,0,3,1,0,0,0,0,0,0,0,0,0
1,5346332,77,15,2,0,0,28,60,0,0,0,5,0,0,0,0,0,0,2,0,0,0,9,0,0,0,0,0
1,5020185,256,5,2,0,0,0,29,1,0,0,2,0,0,0,0,0,0,0,0,0,1,1,0,0,0,0,0
1,2593967,137616,20,1,0,1,26,51,0,0,0,3,0,1,0,0,0,0,0,0,0,1,0,0,0,0,0,0
1,4466527,67,7,0,0,0,4,38,0,0,0,0,0,0,0,0,0,3,1,0,0,0,0,0,0,0,0,0
1,4539419,70,7,0,0,0,4,38,0,0,0,0,0,0,0,0,0,3,1,0,0,0,0,0,0,0,0,0
1,4510012,67,7,0,0,0,4,38,0,0,0,0,0,0,0,0,0,3,1,0,0,0,0,0,0,0,0,0
1,4575202,3460,70,13,0,3,0,1288,0,0,0,40,0,4,0,0,0,0,0,0,0,4,0,0,0,0,0,0
1,4740426,108,9,0,0,0,15,222,0,0,0,0,0,0,0,0,0,14,1,0,0,0,0,0,0,0,0,0
1,5156250,62,11,2,0,0,3,18,0,0,0,5,0,0,0,0,0,0,0,0,0,2,0,0,0,0,0,0
1,4503563,69,7,0,0,0,4,38,0,0,0,0,0,0,0,0,0,3,1,0,0,0,0,0,0,0,0,0
1,5271679,1812,74,39,0,0,0,172,0,0,0,48,0,0,0,0,0,0,0,0,0,0,1,0,0,0,0,0
1,4907717,103,17,0,0,0,14,285,0,0,0,0,0,0,0,0,0,26,1,0,0,0,0,0,0,0,0,0
1,4631008,64,5,0,0,0,4,26,0,0,0,0,0,0,0,0,0,3,1,0,0,0,0,0,0,0,0,0
1,4540393,68,7,0,0,0,4,38,0,0,0,0,0,0,0,0,0,3,1,0,0,0,0,0,0,0,0,0
1,5569870,1966,936,6,0,0,0,165,0,0,0,6,0,0,0,0,0,0,0,0,0,1,1,0,0,0,0,0
1,4662062,69,7,0,0,0,13,146,0,0,0,0,0,0,0,0,0,12,1,0,0,0,0,0,0,0,0,0
1,4667071,68,7,0,0,0,4,47,0,0,0,0,0,0,0,0,0,6,1,0,0,0,0,0,0,0,0,0
1,2985294,8690,12,0,0,1,1,4,0,0,0,0,0,1,0,0,0,0,0,0,0,0,1,0,0,0,0,0
1,4479244,66,7,0,0,0,4,38,0,0,0,0,0,0,0,0,0,3,1,0,0,0,0,0,0,0,0,0
1,4588374,97,7,0,0,0,9,72,0,0,0,0,0,0,0,0,0,6,1,0,0,0,0,0,0,0,0,0
1,4695685,130,7,0,0,0,6,45,0,0,0,0,0,0,0,0,0,0,1,0,0,0,0,0,0,0,0,0
1,4473347,66,7,0,0,0,4,38,0,0,0,0,0,0,0,0,0,3,1,0,0,0,0,0,0,0,0,0
1,4564003,70,7,0,0,0,4,38,0,0,0,0,0,0,0,0,0,3,1,0,0,0,0,0,0,0,0,0
1,2984732,19360,9,0,1,0,0,4336,0,0,0,0,1,0,0,0,0,0,0,0,0,1,0,0,0,0,0,0
1,5064830,5537,14,5,1,0,0,157,1,0,0,21,1,0,0,0,0,0,0,0,0,1,13,0,0,0,0,0
1,4676124,68,7,0,0,0,13,146,0,0,0,0,0,0,0,0,0,12,1,0,0,0,0,0,0,0,0,0
1,4473347,66,7,0,0,0,4,38,0,0,0,0,0,0,0,0,0,3,1,0,0,0,0,0,0,0,0,0
1,4668616,70,7,0,0,0,13,146,0,0,0,0,0,0,0,0,0,12,1,0,0,0,0,0,0,0,0,0
1,4538883,85,11,0,0,0,4,38,0,0,0,0,0,0,0,0,0,3,1,0,0,0,0,0,0,0,0,0
1,4685045,70,7,0,0,0,13,146,0,0,0,0,0,0,0,0,0,12,1,0,0,0,0,0,0,0,0,0
1,4860025,90,13,0,0,0,13,86,0,0,0,0,0,0,0,0,0,0,1,0,0,0,0,0,0,0,0,0
1,4510012,67,7,0,0,0,4,38,0,0,0,0,0,0,0,0,0,3,1,0,0,0,0,0,0,0,0,0
1,4511640,64,5,0,0,0,4,38,0,0,0,0,0,0,0,0,0,3,1,0,0,0,0,0,0,0,0,0
1,4692325,85,6,0,0,0,4,50,0,0,0,0,0,0,0,0,0,3,1,0,0,0,0,0,0,0,0,0
1,4652069,68,7,0,0,0,4,47,0,0,0,0,0,0,0,0,0,6,1,0,0,0,0,0,0,0,0,0
1,4627973,68,7,0,0,0,4,47,0,0,0,0,0,0,0,0,0,6,1,0,0,0,0,0,0,0,0,0
1,6032378,718,130,3,0,0,12,60,0,0,0,12,0,0,0,0,0,0,0,0,0,1,1,0,0,0,0,0
1,5022275,1983,120,11,0,1,0,247,0,0,0,11,0,1,0,0,0,0,0,0,0,8,2,0,0,0,0,0
1,4510494,66,7,0,0,0,4,38,0,0,0,0,0,0,0,0,0,3,1,0,0,0,0,0,0,0,0,0
1,4675419,85,7,0,0,0,4,62,0,0,0,0,0,0,0,0,0,6,1,0,0,0,0,0,0,0,0,0
1,4711720,75,5,0,0,0,4,62,0,0,0,0,0,0,0,0,0,6,1,0,0,0,0,0,0,0,0,0
1,5030261,1201,5,7,0,0,0,131,1,0,0,7,0,0,0,0,0,0,0,0,0,2,3,0,0,0,0,0
1,4478792,69,7,0,0,0,4,38,0,0,0,0,0,0,0,0,0,3,1,0,0,0,0,0,0,0,0,0
1,4808715,6473,163,9,1,0,6,287,0,0,0,22,2,0,0,0,0,0,0,0,0,1,1,0,0,0,0,0
1,5172883,3025,124,8,0,0,0,360,0,0,0,17,0,0,0,0,0,0,0,1,0,0,4,0,0,0,0,0
1,5020193,3600,339,10,1,0,25,876,0,0,0,34,2,0,0,0,0,0,0,0,0,1,1,0,0,0,0,0
1,5670811,107,17,4,2,0,60,384,0,0,0,159,2,0,1,0,1,23,0,0,0,43,0,0,0,0,0,0
1,4760230,83,6,0,0,0,4,50,0,0,0,0,0,0,0,0,0,3,1,0,0,0,0,0,0,0,0,0
1,4678808,85,6,0,0,0,4,50,0,0,0,0,0,0,0,0,0,3,1,0,0,0,0,0,0,0,0,0
1,4992337,3428,339,10,1,0,31,850,0,0,0,40,2,0,0,0,0,0,0,0,0,1,1,0,0,0,0,0
1,4997454,2171,112,11,0,1,0,226,0,0,0,11,0,1,0,0,0,0,0,0,0,6,2,0,0,0,0,0
1,5028798,691,5,6,0,0,0,148,1,0,0,11,0,0,0,0,0,0,0,0,0,1,1,0,0,0,0,0
1,5099901,3749,343,10,1,0,26,852,0,0,0,35,2,0,0,0,0,0,0,0,0,1,1,0,0,0,0,0
1,4660784,129,7,0,0,0,6,45,0,0,0,0,0,0,0,0,0,0,1,0,0,0,0,0,0,0,0,0
1,5025343,1156,34,10,0,0,0,309,1,0,0,22,0,0,0,0,0,0,0,0,0,3,7,0,0,0,0,0
1,5014098,923,5,9,0,0,0,102,1,0,0,9,0,0,0,0,0,0,0,0,0,4,1,0,0,0,0,0
1,4132895,10395,169,11,0,0,6,766,0,0,0,39,0,0,0,0,0,0,0,0,0,1,1,0,0,0,0,0
1,4298912,2773,4,13,0,0,0,126,1,0,0,13,0,0,0,0,0,0,0,0,0,5,2,0,0,0,0,0
1,4722457,6388,125,7,0,0,10,278,0,0,0,20,0,0,0,0,0,0,0,0,0,1,1,0,0,0,0,0
1,5015338,6531,63,53,0,0,0,701,1,0,0,53,0,0,0,0,0,0,0,0,0,6,11,0,0,0,0,0
1,3448565,70396,35,1,1,0,81,141,27,0,0,3,4,0,0,0,0,0,0,0,0,0,1,0,0,0,0,0
1,4687369,82,10,0,0,0,4,38,0,0,0,0,0,0,0,0,0,3,1,0,0,0,0,0,0,0,0,0
1,3959175,85637,27,1,2,0,111,93,77,0,0,4,6,0,0,0,0,0,0,0,0,2,1,0,0,0,0,0
1,5160650,3536,46,12,0,0,0,381,0,0,0,12,0,0,0,0,0,0,0,0,0,2,0,0,0,0,0,0
1,4979294,4466,38,10,0,0,0,554,0,0,0,11,0,0,0,0,0,0,0,0,0,1,0,0,0,0,0,0
1,5587093,1966,936,6,0,0,0,168,0,0,0,6,0,0,0,0,0,0,0,0,0,1,1,0,0,0,0,0
1,4944834,1343,100,7,0,1,0,66,0,0,0,12,0,1,2,0,2,0,0,0,0,6,1,0,0,0,0,0
1,5045025,1761,122,9,0,1,0,231,0,0,0,11,0,1,1,0,1,0,0,0,0,7,2,0,0,0,0,0
1,3947698,99889,29,1,2,0,111,92,77,0,0,4,6,0,0,0,0,0,0,0,0,2,1,0,0,0,0,0
1,4658263,81,10,0,0,0,4,38,0,0,0,0,0,0,0,0,0,3,1,0,0,0,0,0,0,0,0,0
1,5173282,3028,124,8,0,0,0,366,0,0,0,17,0,0,0,0,0,0,0,0,0,0,4,0,0,0,0,0
1,4675567,128,7,0,0,0,6,45,0,0,0,0,0,0,0,0,0,0,1,0,0,0,0,0,0,0,0,0
1,4050844,4754,179,11,0,0,6,2599,0,0,0,47,0,0,0,0,0,0,0,0,0,1,1,0,0,0,0,0
1,4533336,9346,332,17,1,0,5,374,0,0,0,25,2,0,0,0,0,0,0,0,0,1,1,0,0,0,0,0
1,4991358,1799,146,11,0,0,0,49,1,0,0,11,0,0,0,0,0,0,0,0,0,4,1,0,0,0,0,0
1,4756663,9275,339,17,1,0,5,379,0,0,0,25,2,0,0,0,0,0,0,0,0,1,1,0,0,0,0,0
1,4360464,1979,62,14,0,0,0,211,1,0,0,14,0,0,0,0,0,0,0,0,0,4,1,0,0,0,0,0
1,3586377,237944,112980,4,0,0,0,24,0,0,0,4,0,0,0,0,0,0,0,0,0,0,0,0,0,0,0,0
1,2287856,8342,34,15,0,0,0,614,1,0,0,24,0,0,0,0,0,0,0,0,0,1,4,0,0,0,0,0
1,4653983,130,7,0,0,0,6,45,0,0,0,0,0,0,0,0,0,0,1,0,0,0,0,0,0,0,0,0
1,3215035,85602,14,1,0,1,174,115,117,0,0,16,0,1,0,0,0,0,0,0,0,5,1,0,0,0,0,0
1,5018454,593,5,3,0,0,0,62,1,0,0,3,0,0,0,0,0,0,0,0,0,0,1,0,0,0,0,0
1,4436837,651,45,4,0,0,0,67,1,0,0,4,0,0,0,0,0,0,0,0,0,1,1,0,0,0,0,0
1,4661416,128,7,0,0,0,6,45,0,0,0,0,0,0,0,0,0,0,1,0,0,0,0,0,0,0,0,0
1,3183844,71367,21,1,0,0,60,165,0,0,0,12,0,0,0,0,0,0,0,0,0,7,2,0,0,0,0,0
1,5006170,637,5,7,0,0,0,72,1,0,0,7,0,0,0,0,0,0,0,0,0,4,0,0,0,0,0,0
1,5025498,1180,118,4,0,0,0,107,1,0,0,4,0,0,0,0,0,0,0,0,0,5,1,0,0,0,0,0
1,3090985,71321,14,1,0,1,39,106,0,0,0,7,0,1,0,0,0,0,0,0,0,5,1,0,0,0,0,0
1,4534586,68,7,0,0,0,4,38,0,0,0,0,0,0,0,0,0,3,1,0,0,0,0,0,0,0,0,0
1,5007043,1116,5,13,0,0,0,194,1,0,0,19,0,0,0,0,0,0,0,0,0,1,3,0,0,0,0,0
1,5178935,3018,124,8,0,0,0,362,0,0,0,17,0,0,0,0,0,0,0,0,0,0,4,0,0,0,0,0
1,5671350,107,17,4,2,0,60,384,0,0,0,159,2,0,1,0,1,23,0,0,0,43,0,0,0,0,0,0
1,4212291,124,61,0,0,0,1084,2813,0,0,0,0,0,0,0,0,0,0,0,0,0,0,1,0,0,0,0,0
1,5671099,107,17,4,2,0,60,384,0,0,0,159,2,0,1,0,1,23,0,0,0,43,0,0,0,0,0,0
1,4488972,66,7,0,0,0,4,38,0,0,0,0,0,0,0,0,0,3,1,0,0,0,0,0,0,0,0,0
1,5015395,1587,5,18,0,0,0,494,1,0,0,42,0,0,0,0,0,0,0,0,0,8,9,0,0,0,0,0
1,4149757,4799,179,11,0,0,6,2556,0,0,0,47,0,0,0,0,0,0,0,0,0,1,1,0,0,0,0,0
1,5036816,3502,352,10,1,0,28,870,0,0,0,37,2,0,0,0,0,0,0,0,0,1,1,0,0,0,0,0
1,5047093,1810,128,9,0,0,0,251,0,0,0,11,0,0,0,0,0,0,0,0,0,5,3,0,0,0,0,0
1,5124607,3373,52,10,0,0,0,394,0,0,0,12,0,0,0,0,0,0,0,0,0,3,1,0,0,0,0,0
1,4896348,67,5,0,0,0,11,189,0,0,0,0,0,0,0,0,0,20,1,0,0,0,0,0,0,0,0,0
1,3103577,362054,29,1,2,0,111,92,77,0,0,4,6,0,0,0,0,0,0,0,0,2,1,0,0,0,0,0
1,5090783,4889,187,9,0,0,0,407,0,0,0,18,0,0,0,0,0,0,0,0,0,0,3,0,0,0,0,0
1,5026686,2022,154,10,0,0,0,258,0,0,0,11,0,0,1,0,1,0,0,0,0,3,3,0,0,0,0,0
1,4525516,67,7,0,0,0,4,38,0,0,0,0,0,0,0,0,0,3,1,0,0,0,0,0,0,0,0,0
1,5167380,3009,124,8,0,0,0,354,0,0,0,17,0,0,0,0,0,0,0,0,0,0,4,0,0,0,0,0
1,3369470,237409,112980,4,0,0,0,13,0,0,0,4,0,0,0,0,0,0,0,0,0,0,0,0,0,0,0,0
1,3726572,46401,35,1,1,0,86,141,27,0,0,3,4,0,0,0,0,0,0,0,0,0,1,0,0,0,0,0
1,4065900,4859,168,11,0,0,6,2487,0,0,0,47,0,0,0,0,0,0,0,0,0,1,1,0,0,0,0,0
1,5007926,1809,5,13,0,0,0,213,1,0,0,15,0,0,0,0,0,0,0,0,0,7,2,0,0,0,0,0
1,5024465,957,5,7,0,0,0,98,1,0,0,7,0,0,0,0,0,0,0,0,0,1,0,0,0,0,0,0
1,5017146,857,5,9,0,0,0,132,1,0,0,14,0,0,0,0,0,0,0,0,0,3,0,0,0,0,0,0
1,5676691,107,17,4,2,0,60,386,0,0,0,159,2,0,1,0,1,23,0,0,0,45,0,0,0,0,0,0
1,3139308,50709,8,1,0,1,113,137,0,0,0,90,0,1,0,0,0,0,0,0,0,1,0,0,0,0,0,0
1,5010818,959,5,5,0,0,0,106,1,0,0,5,0,0,0,0,0,0,0,0,0,0,0,0,0,0,0,0
1,4928568,5961,144,7,1,0,5,277,0,0,0,17,1,0,0,0,0,0,0,0,0,1,2,0,0,0,0,0
1,5017687,1919,120,10,0,0,0,245,0,0,0,13,0,0,0,0,0,0,0,0,0,5,3,0,0,0,0,0
1,4404098,2547,57,16,0,0,0,282,1,0,0,16,0,0,0,0,0,0,0,0,0,5,2,0,0,0,0,0
1,3554877,99121,16,0,0,0,7,9403,2,0,0,0,0,0,0,0,0,0,0,0,0,0,0,0,0,0,0,0
1,5027591,1142,100,6,0,0,0,110,1,0,0,6,0,0,0,0,0,0,0,0,0,4,1,0,0,0,0,0
1,5013389,466,5,4,0,0,0,48,1,0,0,4,0,0,0,0,0,0,0,0,0,0,0,0,0,0,0,0
1,5004816,1711,5,17,0,0,0,441,1,0,0,40,0,0,1,0,1,0,0,0,0,4,8,0,0,0,0,0
1,4825019,6217,162,7,0,0,10,276,0,0,0,20,0,0,0,0,0,0,0,0,0,1,1,0,0,0,0,0
1,3465934,237945,112980,4,0,0,0,24,0,0,0,4,0,0,0,0,0,0,0,0,0,0,0,0,0,0,0,0
1,4361353,597,87,5,0,0,0,94,1,0,0,6,0,0,0,0,0,0,0,0,0,0,1,0,0,0,0,0
1,4751466,6280,143,7,0,0,10,274,0,0,0,20,0,0,0,0,0,0,0,1,0,1,1,0,0,0,0,0
1,4403837,5817,95,30,0,0,0,504,0,0,0,54,0,0,0,0,0,0,0,0,0,5,2,0,0,0,0,0
1,4148559,10222,178,10,0,0,7,1040,0,0,0,47,0,0,0,0,0,0,0,0,0,1,1,0,0,0,0,0
1,5043914,1820,126,10,0,0,0,263,0,0,0,11,0,0,0,0,0,0,0,0,0,6,3,0,0,0,0,0
1,5023228,819,48,7,0,0,0,83,1,0,0,7,0,0,0,0,0,0,0,0,0,0,2,0,0,0,0,0
1,5017531,561,5,3,0,0,0,59,1,0,0,3,0,0,0,0,0,0,0,0,0,4,1,0,0,0,0,0
1,4604012,9138,340,17,1,0,5,370,0,0,0,25,2,0,0,0,0,0,0,0,0,1,1,0,0,0,0,0
1,5032544,2053,116,10,0,0,0,222,1,0,0,10,0,0,0,0,0,0,0,0,0,2,3,0,0,0,0,0
1,4605630,6358,145,7,0,0,10,271,0,0,0,20,0,0,0,0,0,0,0,0,0,1,1,0,0,0,0,0
1,3528838,85640,36,1,2,0,111,92,77,0,0,4,6,0,0,0,0,0,0,0,0,2,1,0,0,0,0,0
1,5671551,180,51,2,0,0,16,97,0,0,0,15,0,0,0,0,0,0,0,0,0,0,1,0,0,0,0,0
1,5000479,1244,5,12,0,0,0,237,1,0,0,19,0,0,0,0,0,0,0,0,0,3,3,0,0,0,0,0
1,5002335,1598,5,12,0,0,0,603,1,0,0,52,0,0,0,0,0,0,0,0,0,9,7,0,0,0,0,0
1,5648501,180,51,2,0,0,16,97,0,0,0,15,0,0,0,0,0,0,0,0,0,0,1,0,0,0,0,0
1,3279771,245570,116850,4,0,0,0,22,0,0,0,4,0,0,0,0,0,0,0,0,0,0,0,0,0,0,0,0
1,5667877,107,17,4,2,0,60,384,0,0,0,159,2,0,1,0,1,23,0,0,0,43,0,0,0,0,0,0
1,5676274,107,17,4,2,0,60,386,0,0,0,159,2,0,1,0,1,23,0,0,0,45,0,0,0,0,0,0
1,4692791,128,7,0,0,0,6,45,0,0,0,0,0,0,0,0,0,0,1,0,0,0,0,0,0,0,0,0
1,5348889,163,22,2,0,0,15,95,0,0,0,5,0,0,0,0,0,2,0,0,0,0,3,0,0,0,0,0
1,2305286,3159,34,11,0,0,0,271,1,0,0,15,0,0,0,0,0,0,0,0,0,1,0,0,0,0,0,0
1,4872370,9454,331,20,1,0,5,383,0,0,0,25,2,0,0,0,0,0,0,0,0,1,1,0,0,0,0,0
1,5579483,1966,936,6,0,0,0,155,0,0,0,6,0,0,0,0,0,0,0,0,0,1,1,0,0,0,0,0
1,5026579,1922,5,11,0,0,0,215,1,0,0,11,0,0,0,0,0,0,0,0,0,8,1,0,0,0,0,0
1,5037328,2002,114,10,0,0,0,257,0,0,0,12,0,0,0,0,0,0,0,0,0,5,3,0,0,0,0,0
1,4160085,4745,178,10,0,0,6,1794,0,0,0,45,0,0,0,0,0,0,0,1,0,1,1,0,0,0,0,0
1,4644305,64,5,0,0,0,4,38,0,0,0,0,0,0,0,0,0,3,1,0,0,0,0,0,0,0,0,0
1,4480861,6350,141,9,1,0,6,281,0,0,0,22,2,0,0,0,0,0,0,0,0,1,1,0,0,0,0,0
1,5017164,1766,122,9,0,0,0,243,0,0,0,11,0,0,0,0,0,0,0,0,0,5,4,0,0,0,0,0
1,2571780,312968,7,1,0,1,10,22,0,0,0,4,0,2,0,0,0,0,0,0,0,0,0,0,0,0,0,0
1,4806447,6438,153,9,1,0,6,297,0,0,0,22,2,0,0,0,0,0,0,0,0,1,1,0,0,0,0,0
1,5007876,1181,5,10,0,0,0,326,1,0,0,29,0,0,1,0,1,0,0,0,0,3,2,0,0,0,0,0
1,5171695,3021,124,8,0,0,0,362,0,0,0,17,0,0,0,0,0,0,0,0,0,0,4,0,0,0,0,0
1,4669653,96,8,0,0,0,15,222,0,0,0,0,0,0,0,0,0,14,1,0,0,0,0,0,0,0,0,0
1,5063767,3554,343,10,1,0,32,828,0,0,0,41,2,0,0,0,0,0,0,0,0,1,1,0,0,0,0,0
1,4656414,127,7,0,0,0,6,45,0,0,0,0,0,0,0,0,0,0,1,0,0,0,0,0,0,0,0,0
1,4426956,2184,34,11,0,0,0,246,1,0,0,11,0,0,0,0,0,0,0,0,0,1,0,0,0,0,0,0
1,4704838,6368,154,7,0,0,10,273,0,0,0,20,0,0,0,0,0,0,0,1,0,1,1,0,0,0,0,0
1,5670856,107,17,4,2,0,60,384,0,0,0,159,2,0,1,0,1,23,0,0,0,43,0,0,0,0,0,0
1,3006346,389487,35,1,1,0,54,141,0,0,0,3,4,0,0,0,0,0,0,0,0,0,1,0,0,0,0,0
1,5092971,4877,181,9,0,0,0,409,0,0,0,18,0,0,0,0,0,0,0,0,0,0,3,0,0,0,0,0
1,5108606,1759,47,9,0,1,0,244,0,0,0,12,0,1,0,0,0,0,0,0,0,5,2,0,0,0,0,0
1,5164856,2992,124,8,0,0,0,352,0,0,0,17,0,0,0,0,0,0,0,0,0,0,4,0,0,0,0,0
1,4628563,9209,339,17,1,0,5,373,0,0,0,25,2,0,0,0,0,0,0,0,0,1,1,0,0,0,0,0
1,4538248,96,14,0,0,0,4,38,0,0,0,0,0,0,0,0,0,3,1,0,0,0,0,0,0,0,0,0
1,5897298,6615,170,10,0,1,0,194,0,0,0,16,0,1,0,0,0,0,0,0,0,4,1,0,0,0,0,0
1,4776181,64,5,0,0,0,11,179,0,0,0,0,0,0,0,0,0,20,1,0,0,0,0,0,0,0,0,0
1,4698954,83,11,0,0,0,4,38,0,0,0,0,0,0,0,0,0,3,1,0,0,0,0,0,0,0,0,0
1,4729011,78,9,0,0,0,4,38,0,0,0,0,0,0,0,0,0,3,1,0,0,0,0,0,0,0,0,0
1,5711036,3867,95,10,0,0,0,215,0,0,0,16,0,0,0,0,0,0,0,0,0,3,2,0,0,0,0,0
1,4596414,64,6,0,0,0,4,38,0,0,0,0,0,0,0,0,0,3,1,0,0,0,0,0,0,0,0,0
1,3482469,237409,112980,4,0,0,0,13,0,0,0,4,0,0,0,0,0,0,0,0,0,0,0,0,0,0,0,0
1,5024211,1785,5,20,0,0,0,552,1,0,0,46,0,0,0,0,0,0,0,0,0,5,7,0,0,0,0,0
1,4621821,80,10,0,0,0,4,26,0,0,0,0,0,0,0,0,0,3,1,0,0,0,0,0,0,0,0,0
1,4668384,129,7,0,0,0,6,45,0,0,0,0,0,0,0,0,0,0,1,0,0,0,0,0,0,0,0,0
1,4753309,160,9,0,0,0,13,133,0,0,0,0,0,0,0,0,0,0,1,0,0,0,0,0,0,0,0,0
1,3252171,3095,8,0,0,1,3,3,0,0,0,0,0,1,0,0,0,0,0,0,0,1,1,0,0,0,0,0
1,5576549,1966,936,6,0,0,0,157,0,0,0,6,0,0,0,0,0,0,0,0,0,1,1,0,0,0,0,0
1,5031493,1028,5,8,0,0,0,160,1,0,0,13,0,0,0,0,0,0,0,0,0,2,2,0,0,0,0,0
1,5136421,62,11,2,0,0,3,18,0,0,0,5,0,0,0,0,0,0,0,0,0,2,0,0,0,0,0,0
1,5169792,3026,124,8,0,0,0,361,0,0,0,17,0,0,0,0,0,0,0,0,0,0,4,0,0,0,0,0
1,4933675,1640,102,9,0,0,0,55,0,0,0,12,0,0,0,0,0,0,0,0,0,5,0,0,0,0,0,0
1,5089653,4884,187,9,0,0,0,405,0,0,0,18,0,0,0,0,0,0,0,0,0,0,3,0,0,0,0,0
1,5439673,499041,27384,1,0,1,1,18319,0,0,0,1,0,1,0,0,0,0,0,0,0,0,1,0,0,0,0,0
1,5580894,1966,936,6,0,0,0,179,0,0,0,6,0,0,0,0,0,0,0,0,0,1,1,0,0,0,0,0
1,4675685,141,7,0,0,0,6,51,0,0,0,0,0,0,0,0,0,0,1,0,0,0,0,0,0,0,0,0
1,4638739,80,5,0,0,0,4,50,0,0,0,0,0,0,0,0,0,3,1,0,0,0,0,0,0,0,0,0
1,3248809,71338,35,1,1,0,54,141,0,0,0,3,4,0,0,0,0,0,0,0,0,0,1,0,0,0,0,0
1,5168706,2996,124,8,0,0,0,354,0,0,0,17,0,0,0,0,0,0,0,0,0,0,4,0,0,0,0,0
1,4424781,284,43,1,0,0,0,25,1,0,0,1,0,0,0,0,0,0,0,0,0,0,0,0,0,0,0,0
1,5661047,180,51,2,0,0,16,100,0,0,0,15,0,0,0,0,0,0,0,0,0,0,1,0,0,0,0,0
1,4706215,6412,154,9,1,0,6,281,0,0,0,22,2,0,0,0,0,0,0,0,0,1,1,0,0,0,0,0
1,5359294,51,11,1,0,1,37,78,0,0,0,4,0,2,0,0,0,0,0,0,0,0,3,0,0,0,0,0
1,5018197,1671,5,17,0,0,0,184,1,0,0,17,0,0,0,0,0,0,0,0,0,2,4,0,0,0,0,0
1,5563292,1974,944,6,0,0,0,173,0,0,0,6,0,0,0,0,0,0,0,0,0,1,1,0,0,0,0,0
1,5017367,1373,5,10,0,0,0,231,1,0,0,21,0,0,0,0,0,0,0,0,0,3,5,0,0,0,0,0
1,5173424,3021,124,8,0,0,0,361,0,0,0,17,0,0,0,0,0,0,0,0,0,0,5,0,0,0,0,0
1,4668853,122,7,0,0,0,6,38,0,0,0,0,0,0,0,0,0,0,1,0,0,0,0,0,0,0,0,0
1,5000581,130,3,1,0,0,0,15,1,0,0,1,0,0,0,0,0,0,0,0,0,0,1,0,0,0,0,0
1,5061828,1555,138,6,0,0,0,265,0,0,0,11,0,0,0,0,0,0,0,0,0,4,2,0,0,0,0,0
1,5011832,2417,34,23,0,0,0,262,1,0,0,23,0,0,0,0,0,0,0,0,0,3,2,0,0,0,0,0
1,5569296,1982,952,6,0,0,0,154,0,0,0,6,0,0,0,0,0,0,0,0,0,1,1,0,0,0,0,0
1,4994000,903,110,5,0,0,0,81,1,0,0,5,0,0,0,0,0,0,0,0,0,4,3,0,0,0,0,0
1,4455081,893,34,7,0,0,0,98,1,0,0,7,0,0,0,0,0,0,0,0,0,1,1,0,0,0,0,0
1,5029509,3571,116,32,0,0,0,540,1,0,0,45,0,0,1,0,1,0,0,0,0,8,7,0,0,0,0,0
1,5167792,3009,124,8,0,0,0,355,0,0,0,17,0,0,0,0,0,0,0,0,0,0,4,0,0,0,0,0
1,4485038,2098,78,9,0,0,0,219,1,0,0,9,0,0,0,0,0,0,0,0,0,6,0,0,0,0,0,0
1,5580735,1958,928,6,0,0,0,158,0,0,0,6,0,0,0,0,0,0,0,0,0,1,1,0,0,0,0,0
1,5019021,1804,114,14,0,0,0,343,1,0,0,26,0,0,0,0,0,0,0,0,0,3,8,0,0,0,0,0
1,2304106,8757,54,11,0,0,0,772,1,0,0,24,0,0,0,0,0,0,0,0,0,3,4,0,0,0,0,0
1,6111034,3957,24,9,1,1,0,376,0,0,0,30,1,2,0,0,0,0,0,0,0,5,15,0,0,0,0,0
1,4507827,124,61,0,0,0,1771,4187,0,0,0,0,0,0,0,0,0,0,0,0,0,0,1,0,0,0,0,0
1,5191587,176728,290,17,0,1,0,21699,0,0,0,34,0,1,1,0,1,0,0,0,0,6,5,0,0,0,0,0
1,4762093,9388,340,12,1,0,6,372,0,0,0,23,2,0,0,0,0,0,0,0,0,1,1,0,0,0,0,0
1,4650150,126,7,0,0,0,6,42,0,0,0,0,0,0,0,0,0,0,1,0,0,0,0,0,0,0,0,0
1,5226182,2419,99,8,0,0,0,337,0,0,0,17,0,0,0,0,0,0,0,0,0,0,4,0,0,0,0,0
1,2804799,109695,7,1,0,1,5,11,0,0,0,2,0,1,0,0,0,0,0,0,0,0,0,0,0,0,0,0
1,5027619,948,5,6,0,0,0,103,1,0,0,6,0,0,0,0,0,0,0,0,0,4,2,0,0,0,0,0
1,5003988,843,31,5,0,0,0,90,1,0,0,5,0,0,0,0,0,0,0,0,0,1,2,0,0,0,0,0
1,4999268,200,16,8,0,1,0,57,0,0,0,21,0,1,0,0,0,4,0,0,0,0,6,0,0,0,0,0
1,5068579,88,10,0,0,0,4,35,0,0,0,0,0,0,0,0,0,2,1,0,0,0,0,0,0,0,0,0
1,5017481,3576,41,28,0,0,0,917,1,0,0,72,0,0,0,0,0,0,0,0,0,9,10,0,0,0,0,0
1,2922918,83417,20,1,0,1,26,51,0,0,0,3,0,1,0,0,0,0,0,0,0,1,0,0,0,0,0,0
1,5008635,2305,52,19,0,1,0,822,1,0,0,61,0,1,2,0,2,0,0,0,0,9,5,0,0,0,0,0
1,4587458,119,7,0,0,0,6,42,0,0,0,0,0,0,0,0,0,0,1,0,0,0,0,0,0,0,0,0
1,3205419,276504,275947,2,2,0,135193,117,2,0,0,18,12,0,0,0,0,0,0,0,0,3,1,0,0,0,0,0
1,5000586,1758,114,11,0,0,0,249,0,0,0,11,0,0,1,0,1,0,0,0,0,5,1,0,0,0,0,0
1,5024587,1397,5,17,0,0,0,324,1,0,0,28,0,0,0,0,0,0,0,0,0,3,1,0,0,0,0,0
1,4676166,68,7,0,0,0,4,47,0,0,0,0,0,0,0,0,0,6,1,0,0,0,0,0,0,0,0,0
1,3199633,107863,90,1,0,1,39,106,0,0,0,7,0,1,0,0,0,0,0,0,0,5,1,0,0,0,0,0
1,5573112,1958,928,6,0,0,0,160,0,0,0,6,0,0,0,0,0,0,0,0,0,1,1,0,0,0,0,0
1,5168363,2993,124,8,0,0,0,354,0,0,0,17,0,0,0,0,0,0,0,0,0,0,4,0,0,0,0,0
1,5038783,186,5,2,0,0,0,20,1,0,0,2,0,0,0,0,0,0,0,0,0,1,0,0,0,0,0,0
1,5173576,3024,124,8,0,0,0,361,0,0,0,17,0,0,0,0,0,0,0,1,0,0,4,0,0,0,0,0
1,3832225,38,12,1,0,0,2893,8618,0,0,0,2,0,0,0,0,0,0,0,0,0,0,0,0,0,0,0,0
1,4680750,130,7,0,0,0,6,45,0,0,0,0,0,0,0,0,0,0,1,0,0,0,0,0,0,0,0,0
1,5029827,501,5,3,0,0,0,46,1,0,0,3,0,0,0,0,0,0,0,0,0,1,0,0,0,0,0,0
1,3897531,2661,2640,2,0,1,3,20,0,0,0,2,0,1,0,0,0,0,0,0,0,0,2,0,0,0,0,0
1,5644870,180,51,2,0,0,16,100,0,0,0,15,0,0,0,0,0,0,0,0,0,0,1,0,0,0,0,0
1,5027310,1987,124,9,0,0,0,249,0,0,0,12,0,0,1,0,1,0,0,0,0,6,3,0,0,0,0,0
1,4742252,135,10,0,0,0,6,45,0,0,0,0,0,0,0,0,0,0,1,0,0,0,0,0,0,0,0,0
1,4127194,10634,179,11,0,0,6,753,0,0,0,39,0,0,0,0,0,0,0,0,0,1,1,0,0,0,0,0
1,5018153,2540,5,22,0,0,0,380,1,0,0,27,0,0,0,0,0,0,0,0,0,6,5,0,0,0,0,0
1,5004453,1742,5,11,0,0,0,180,1,0,0,11,0,0,0,0,0,0,0,0,0,5,2,0,0,0,0,0
1,5172048,3021,124,8,0,0,0,358,0,0,0,17,0,0,0,0,0,0,0,0,0,0,4,0,0,0,0,0
1,5034843,411,4,2,0,0,0,45,1,0,0,2,0,0,0,0,0,0,0,0,0,1,1,0,0,0,0,0
1,5093250,819,5,1,0,0,0,83,1,0,0,1,0,0,0,0,0,0,0,0,0,2,1,0,0,0,0,0
1,5011600,1253,34,12,0,0,0,370,1,0,0,30,0,0,0,0,0,0,0,0,0,3,9,0,0,0,0,0
1,4434797,1122,45,9,0,0,0,128,1,0,0,10,0,0,0,0,0,0,0,0,0,2,1,0,0,0,0,0
1,4432350,3026,51,16,0,1,0,411,1,0,0,21,0,1,0,0,0,0,0,0,0,3,3,0,0,0,0,0
1,5022822,720,5,8,0,0,0,78,1,0,0,8,0,0,0,0,0,0,0,0,0,2,1,0,0,0,0,0
1,5171759,127,25,3,1,0,759,198,475,0,0,178,1,0,0,0,0,0,0,0,0,3,2,0,0,0,0,0
1,5670911,180,51,2,0,0,16,98,0,0,0,15,0,0,0,0,0,0,0,0,0,0,1,0,0,0,0,0
1,4680013,129,7,0,0,0,6,42,0,0,0,0,0,0,0,0,0,0,1,0,0,0,0,0,0,0,0,0
1,4958169,3540,341,10,1,0,28,1219,0,0,0,37,1,0,0,0,0,0,0,0,0,3,2,0,0,0,0,0
1,5007932,1845,5,18,0,0,0,348,1,0,0,31,0,0,1,0,1,0,0,0,0,6,3,0,0,0,0,0
1,4754032,6295,145,9,1,0,6,297,0,0,0,22,2,0,0,0,0,0,0,0,0,1,1,0,0,0,0,0
1,3333028,2735,74,16,0,1,0,318,1,0,0,43,0,1,2,0,2,0,0,0,0,6,9,0,0,0,0,0
1,4894003,75,15,0,0,0,1477,3599,0,0,0,0,0,0,0,0,0,0,0,0,0,0,1,0,0,0,0,0
1,5022497,1801,5,18,0,1,0,331,1,0,0,25,0,1,0,0,0,0,0,0,0,5,3,0,0,0,0,0
1,5063147,1803,44,10,0,0,0,236,0,0,0,11,0,0,1,0,1,0,0,0,0,5,2,0,0,0,0,0
1,5132308,3168,44,10,0,0,0,396,0,0,0,11,0,0,0,0,0,0,0,0,0,2,4,0,0,0,0,0
1,5039114,1095,5,10,0,0,0,122,1,0,0,10,0,0,0,0,0,0,0,0,0,3,3,0,0,0,0,0
1,5583603,1966,936,6,0,0,0,158,0,0,0,6,0,0,0,0,0,0,0,0,0,1,1,0,0,0,0,0
1,4354251,2725,36,20,0,0,0,301,1,0,0,20,0,0,0,0,0,0,0,0,0,5,1,0,0,0,0,0
1,4871053,74,12,0,0,0,22,404,0,0,0,0,0,0,0,0,0,44,1,0,0,0,0,0,0,0,0,0
1,4155586,4989,179,10,0,0,6,1857,0,0,0,45,0,0,0,0,0,0,0,0,0,1,1,0,0,0,0,0
1,4324636,3999,78,27,0,1,0,443,1,0,0,27,0,1,0,0,0,0,0,0,0,4,2,0,0,0,0,0
1,3149377,99889,90,1,0,1,39,14373,0,0,0,7,0,1,0,0,0,0,0,0,0,5,1,0,0,0,0,0
1,4361760,2874,56,22,0,0,0,228,1,0,0,30,0,0,0,0,0,0,0,0,0,6,2,0,0,0,0,0
1,5008157,3613,5,35,0,0,0,396,1,0,0,38,0,0,0,0,0,0,0,0,0,7,4,0,0,0,0,0
1,4506635,94,3,1,0,0,0,11,1,0,0,1,0,0,0,0,0,0,0,0,0,0,0,0,0,0,0,0
1,5002098,922,5,2,0,0,0,94,1,0,0,2,0,0,0,0,0,0,0,0,0,2,3,0,0,0,0,0
1,5580115,1982,952,6,0,0,0,146,0,0,0,6,0,0,0,0,0,0,0,0,0,1,1,0,0,0,0,0
1,3190532,71338,90,1,0,1,39,14354,0,0,0,7,0,1,0,0,0,0,0,0,0,5,1,0,0,0,0,0
1,3301325,998503,998440,1,2,1,71,146,0,0,0,13,6,1,0,0,0,0,0,0,0,1,0,0,0,0,0,0
1,4525516,67,7,0,0,0,4,38,0,0,0,0,0,0,0,0,0,3,1,0,0,0,0,0,0,0,0,0
1,3328746,57095,10,1,1,1,51,154,0,0,0,3,4,1,0,0,0,0,0,0,0,1,0,0,0,0,0,0
1,3904313,41859,19,7,5,1,383,220,341,0,0,38,21,1,0,0,0,0,0,0,0,1,1,0,0,0,0,0
1,5474416,419,68,0,0,0,0,29,0,0,0,0,0,0,1,0,1,1,0,0,0,1,1,0,0,0,0,0
1,3387809,554,37,4,0,0,0,29,1,0,0,4,0,0,0,0,0,0,0,0,0,0,1,0,0,0,0,0
1,5032082,760,5,6,0,0,0,86,1,0,0,6,0,0,0,0,0,0,0,0,0,2,1,0,0,0,0,0
1,5578680,1966,936,6,0,0,0,164,0,0,0,6,0,0,0,0,0,0,0,0,0,1,1,0,0,0,0,0
1,2316210,4331,99,8,0,0,0,416,1,0,0,15,0,0,0,0,0,0,0,0,0,2,0,0,0,0,0,0
1,3551329,237409,112980,4,0,0,0,13,0,0,0,4,0,0,0,0,0,0,0,0,0,0,0,0,0,0,0,0
1,4713891,9500,358,12,1,0,6,368,0,0,0,23,2,0,0,0,0,0,0,1,0,1,1,0,0,0,0,0
1,4711728,6512,136,9,1,0,6,288,0,0,0,22,2,0,0,0,0,0,0,0,0,1,1,0,0,0,0,0
1,5009067,1960,110,10,0,0,0,243,0,0,0,12,0,0,0,0,0,0,0,0,0,7,3,0,0,0,0,0
1,5039282,2012,138,17,0,0,0,327,1,0,0,31,0,0,0,0,0,0,0,0,0,6,7,0,0,0,0,0
1,5625864,1110025,26830,1,0,1,1,34670,0,0,0,1,0,1,0,0,0,0,0,2,0,0,4,0,0,0,0,0
1,4125865,4734,167,11,0,0,6,2511,0,0,0,47,0,0,0,0,0,0,0,0,0,1,1,0,0,0,0,0
1,3411747,3176,34,23,0,2,0,668,1,0,0,100,0,5,7,0,7,5,0,0,0,6,13,0,0,0,0,0
1,5654928,3059,125,10,0,0,0,203,0,0,0,13,0,0,1,0,1,0,0,0,0,7,1,0,0,0,0,0
1,2299531,3919,34,8,0,0,0,422,1,0,0,16,0,0,0,0,0,0,0,0,0,2,1,0,0,0,0,0
1,3366555,949,49,6,0,0,0,37,1,0,0,6,0,0,0,0,0,5,0,0,0,0,1,0,0,0,0,0
1,4988555,1906,136,9,0,0,0,239,0,0,0,11,0,0,0,0,0,0,0,0,0,9,2,0,0,0,0,0
1,5027176,1821,144,9,0,1,0,262,0,0,0,12,0,1,0,0,0,0,0,0,0,5,3,0,0,0,0,0
1,3290030,237409,112980,4,0,0,0,13,0,0,0,4,0,0,0,0,0,0,0,0,0,0,0,0,0,0,0,0
1,4528335,69,7,0,0,0,4,38,0,0,0,0,0,0,0,0,0,3,1,0,0,0,0,0,0,0,0,0
1,4692192,69,7,0,0,0,13,146,0,0,0,0,0,0,0,0,0,12,1,0,0,0,0,0,0,0,0,0
1,4911417,84,7,0,0,0,13,170,0,0,0,0,0,0,0,0,0,12,1,0,0,0,0,0,0,0,0,0
1,5079906,1960,34,10,0,0,0,266,0,0,0,12,0,0,0,0,0,0,0,0,0,8,2,0,0,0,0,0
1,2625844,583236,34,10,4,0,88,205,0,0,0,57,18,0,0,0,0,0,0,0,0,1,3,0,0,0,0,0
1,4335697,5814,4,24,0,0,0,661,1,0,0,24,0,0,0,0,0,0,0,0,0,5,3,0,0,0,0,0
1,5016367,76,4,1,0,0,0,9,1,0,0,1,0,0,0,0,0,0,0,0,0,0,1,0,0,0,0,0
1,5022458,296,4,1,0,0,0,32,1,0,0,1,0,0,0,0,0,0,0,0,0,2,1,0,0,0,0,0
1,5172995,16403,21,329,0,0,5,2697,0,0,0,442,0,0,0,0,0,0,0,0,0,8,7,0,0,0,0,0
1,3476349,390,8,0,0,0,0,2,0,0,0,0,0,0,0,0,0,0,0,0,0,2,0,0,0,0,0,0
1,4986071,3397,354,10,1,0,22,886,0,0,0,31,2,0,0,0,0,0,0,0,0,1,1,0,0,0,0,0
1,4138803,4721,177,11,0,0,6,2616,0,0,0,47,0,0,0,0,0,0,0,0,0,1,2,0,0,0,0,0
1,5005467,1890,34,15,0,1,0,193,1,0,0,15,0,1,0,0,0,0,0,0,0,1,1,0,0,0,0,0
1,4144751,10484,169,11,0,0,6,764,0,0,0,39,0,0,0,0,0,0,0,0,0,1,1,0,0,0,0,0
1,5631520,19053,7783,2,2,1,47,124,0,0,0,15,12,1,0,0,0,0,0,0,0,3,1,0,0,0,0,0
1,5010014,1132,5,12,0,1,0,299,1,0,0,31,0,1,0,0,0,0,0,0,0,4,2,0,0,0,0,0
1,5009353,2778,33,28,0,1,0,459,1,0,0,39,0,1,0,0,0,0,0,0,0,6,5,0,0,0,0,0
1,5043289,1685,150,8,0,0,0,273,0,0,0,12,0,0,0,0,0,0,0,0,0,4,3,0,0,0,0,0
1,5011823,1309,20,16,0,0,0,227,1,0,0,22,0,0,0,0,0,0,0,0,0,6,1,0,0,0,0,0
1,4418259,3058,54,15,0,0,0,530,1,0,0,28,0,0,0,0,0,0,0,0,0,1,1,0,0,0,0,0
1,5077435,1722,5,10,0,0,0,176,1,0,0,10,0,0,0,0,0,0,0,0,0,7,1,0,0,0,0,0
1,4564632,69,7,0,0,0,4,38,0,0,0,0,0,0,0,0,0,3,1,0,0,0,0,0,0,0,0,0
1,5020031,648,94,8,0,0,0,150,1,0,0,15,0,0,0,0,0,0,0,0,0,2,1,0,0,0,0,0
1,5015065,3434,34,32,0,1,0,925,1,0,0,69,0,1,0,0,0,0,0,0,0,12,10,0,0,0,0,0
1,4583672,65,6,0,0,0,4,38,0,0,0,0,0,0,0,0,0,3,1,0,0,0,0,0,0,0,0,0
1,2299280,3957,45,10,0,0,0,156,1,0,0,10,0,0,0,0,0,0,0,0,0,1,0,0,0,0,0,0
1,4135032,10462,167,11,0,0,6,769,0,0,0,39,0,0,0,0,0,0,0,0,0,1,1,0,0,0,0,0
1,5016220,1922,122,10,0,1,0,257,0,0,0,12,0,1,0,0,0,0,0,0,0,4,3,0,0,0,0,0
1,2440678,278413,278404,1,0,1,5,14,0,0,0,2,0,1,0,0,0,0,0,0,0,1,0,0,0,0,0,0
1,4581837,70,7,0,0,0,14,150,0,0,0,0,0,0,0,0,0,13,1,0,0,0,0,0,0,0,0,0
1,5639991,16736,16715,2,2,1,51,129,2,0,0,15,12,1,0,0,0,0,0,0,0,4,1,0,0,0,0,0
1,5019601,2321,100,11,0,0,0,243,0,0,0,11,0,0,0,0,0,0,0,0,0,5,2,0,0,0,0,0
1,5850327,512806,7,1,0,1,1403,23033,1397,0,0,2,0,1,0,0,0,0,0,0,1,1,0,0,0,0,0,0
1,4896307,105,17,0,0,0,14,298,0,0,0,0,0,0,0,0,0,26,1,0,0,0,0,0,0,0,0,0
1,4207889,1901,162,0,0,2,0,82,0,0,0,0,0,2,0,0,0,0,0,0,0,3,2,0,0,0,0,0
1,5561317,1966,936,6,0,0,0,147,0,0,0,6,0,0,0,0,0,0,0,0,0,1,1,0,0,0,0,0
1,4808869,9120,337,12,1,0,6,369,0,0,0,23,2,0,0,0,0,0,0,1,0,1,1,0,0,0,0,0
1,5010853,1945,114,9,0,0,0,235,0,0,0,11,0,0,1,0,1,0,0,0,0,7,2,0,0,0,0,0
1,5173414,3032,124,8,0,0,0,369,0,0,0,17,0,0,0,0,0,0,0,0,0,0,4,0,0,0,0,0
1,4646978,128,7,0,0,0,6,42,0,0,0,0,0,0,0,0,0,0,1,0,0,0,0,0,0,0,0,0
1,5012164,2927,5,27,0,0,0,411,1,0,0,35,0,0,0,0,0,0,0,0,0,3,3,0,0,0,0,0
1,5563359,1982,952,6,0,0,0,169,0,0,0,6,0,0,0,0,0,0,0,0,0,1,1,0,0,0,0,0
1,3442195,237852,112980,4,0,0,0,24,0,0,0,4,0,0,0,0,0,0,0,0,0,0,0,0,0,0,0,0
1,5020265,543,4,5,0,0,0,55,1,0,0,5,0,0,0,0,0,0,0,0,0,1,2,0,0,0,0,0
1,2315292,1190,37,1,0,0,0,89,1,0,0,2,0,0,0,0,0,0,0,0,0,0,0,0,0,0,0,0
1,5653402,180,51,2,0,0,16,98,0,0,0,15,0,0,0,0,0,0,0,0,0,0,1,0,0,0,0,0
1,2613674,254061,14,1,0,1,39,106,0,0,0,7,0,1,0,0,0,0,0,0,0,5,1,0,0,0,0,0
1,3339283,2512,79,21,0,1,0,287,1,0,0,42,0,1,2,0,2,0,0,0,0,11,6,0,0,0,0,0
1,4631007,6608,132,9,1,0,6,284,0,0,0,22,2,0,0,0,0,0,0,0,0,1,1,0,0,0,0,0
1,3401552,28207,28188,1,1,1,115,132,1,0,0,3,7,1,0,0,0,0,0,0,0,0,0,0,0,0,0,0
1,2300665,3768,43,9,0,1,0,171,1,0,0,9,0,1,0,0,0,0,0,0,0,0,1,0,0,0,0,0
1,5026791,1134,5,8,0,0,0,119,1,0,0,8,0,0,0,0,0,0,0,0,0,1,2,0,0,0,0,0
1,4749194,135,10,0,0,0,6,42,0,0,0,0,0,0,0,0,0,0,1,0,0,0,0,0,0,0,0,0
1,5044750,1178,5,11,0,0,0,418,1,0,0,31,0,0,1,0,1,0,0,0,0,7,6,0,0,0,0,0
1,5022418,1952,124,11,0,0,0,268,0,0,0,12,0,0,0,0,0,0,0,0,0,4,2,0,0,0,0,0
1,5593437,1966,936,6,0,0,0,151,0,0,0,6,0,0,0,0,0,0,0,0,0,1,1,0,0,0,0,0
1,2310965,8322,53,14,0,0,0,712,1,0,0,27,0,0,0,0,0,0,0,0,0,5,1,0,0,0,0,0
1,5020889,460,5,4,0,0,0,63,1,0,0,6,0,0,0,0,0,0,0,0,0,0,0,0,0,0,0,0
1,3392924,764,8,0,0,0,0,2,0,0,0,0,0,0,0,0,0,0,0,0,0,2,0,0,0,0,0,0
1,5020271,3036,73,30,0,1,0,463,1,0,0,42,0,1,0,0,0,0,0,0,0,3,4,0,0,0,0,0
1,5052371,1341,146,7,0,0,0,255,0,0,0,11,0,0,0,0,0,0,0,0,0,5,2,0,0,0,0,0
1,5913026,4377,2982,1,1,0,4,146,0,0,0,1,1,0,0,0,0,0,0,0,0,10,4,0,0,0,0,0
1,4289753,124,61,0,0,0,1220,3085,0,0,0,0,0,0,0,0,0,0,0,0,0,0,1,0,0,0,0,0
1,3423923,237409,112980,4,0,0,0,13,0,0,0,4,0,0,0,0,0,0,0,0,0,0,0,0,0,0,0,0
1,5558110,1982,952,6,0,0,0,164,0,0,0,6,0,0,0,0,0,0,0,0,0,1,1,0,0,0,0,0
1,5016521,684,4,7,0,0,0,79,1,0,0,7,0,0,0,0,0,0,0,0,0,3,1,0,0,0,0,0
1,5029004,424,5,4,0,0,0,44,1,0,0,4,0,0,0,0,0,0,0,0,0,1,1,0,0,0,0,0
1,5049542,2099,102,9,0,0,0,296,0,0,0,11,0,0,0,0,0,0,0,0,0,5,2,0,0,0,0,0
1,4320120,69099,31,1,2,0,266,92,229,0,0,4,6,0,0,0,0,0,0,0,0,2,1,0,0,0,0,0
1,4211431,85643,31,1,1,1,319,87,268,0,0,3,4,1,0,0,0,0,0,0,0,1,0,0,0,0,0,0
1,4487350,97,14,0,0,0,4,38,0,0,0,0,0,0,0,0,0,3,1,0,0,0,0,0,0,0,0,0
1,4356639,1335,46,7,0,0,0,140,1,0,0,7,0,0,0,0,0,0,0,0,0,2,1,0,0,0,0,0
1,4097357,4757,179,10,0,0,6,1847,0,0,0,45,0,0,0,0,0,0,0,0,0,1,1,0,0,0,0,0
1,5671406,107,17,4,2,0,60,384,0,0,0,159,2,0,1,0,1,23,0,0,0,43,0,0,0,0,0,0
1,5025216,176,4,2,0,0,0,20,1,0,0,2,0,0,0,0,0,0,0,0,0,0,0,0,0,0,0,0
1,3213403,71358,60,1,0,0,60,165,0,0,0,12,0,0,0,0,0,0,0,0,0,7,2,0,0,0,0,0
1,3868017,71393,29,1,2,0,111,92,77,0,0,4,6,0,0,0,0,0,0,0,0,2,1,0,0,0,0,0
1,4926463,67,5,0,0,0,11,189,0,0,0,0,0,0,0,0,0,20,1,0,0,0,0,0,0,0,0,0
1,3008899,5038,5000,1,1,1,61,150,0,0,0,35,3,1,0,0,0,0,0,0,0,3,0,0,0,0,0,0
1,4933661,1770,110,8,0,0,0,174,0,0,0,12,0,0,0,0,0,0,0,0,0,5,1,0,0,0,0,0
1,4956671,1831,112,11,0,0,0,213,0,0,0,13,0,0,0,0,0,0,0,0,0,6,1,0,0,0,0,0
1,5670486,107,17,4,2,0,60,384,0,0,0,159,2,0,1,0,1,23,0,0,0,43,0,0,0,0,0,0
1,5015774,2022,128,10,0,0,0,239,0,0,0,11,0,0,1,0,1,0,0,0,0,6,1,0,0,0,0,0
1,5249252,1822,74,14,0,0,0,171,0,0,0,23,0,0,0,0,0,0,0,0,0,0,2,0,0,0,0,0
1,5258082,1822,74,12,0,0,0,160,0,0,0,21,0,0,0,0,0,0,0,0,0,0,4,0,0,0,0,0
1,2301076,49,3,0,0,0,0,4,1,0,0,0,0,0,0,0,0,0,0,0,0,0,0,0,0,0,0,0
1,5892045,9284,492,10,0,0,0,165,0,0,0,16,0,0,0,0,0,0,0,0,0,2,4,0,0,0,0,0
1,5013120,2329,5,20,0,0,0,292,1,0,0,22,0,0,0,0,0,0,0,0,0,2,1,0,0,0,0,0
1,4510012,67,7,0,0,0,4,38,0,0,0,0,0,0,0,0,0,3,1,0,0,0,0,0,0,0,0,0
1,2304910,2028,34,6,0,1,0,90,1,0,0,6,0,1,0,0,0,0,0,0,0,0,0,0,0,0,0,0
1,5013753,984,5,9,0,0,0,98,1,0,0,9,0,0,0,0,0,0,0,0,0,2,2,0,0,0,0,0
1,5045241,460,5,4,0,0,0,45,1,0,0,4,0,0,0,0,0,0,0,0,0,2,1,0,0,0,0,0
1,5340996,100,17,4,2,0,80,435,0,0,0,171,10,0,1,0,1,23,0,0,0,47,0,0,0,0,0,0
1,5026524,1965,104,18,0,0,0,624,1,0,0,46,0,0,0,0,0,0,0,0,0,10,7,0,0,0,0,0
1,4607186,64,5,0,0,0,4,32,0,0,0,0,0,0,0,0,0,2,1,0,0,0,0,0,0,0,0,0
1,4424189,3781,54,32,0,0,0,549,1,0,0,41,0,0,0,0,0,0,0,0,0,12,4,0,0,0,0,0
1,4865406,6398,135,7,0,0,10,273,0,0,0,20,0,0,0,0,0,0,0,0,0,1,1,0,0,0,0,0
1,4661703,127,7,0,0,0,6,42,0,0,0,0,0,0,0,0,0,0,1,0,0,0,0,0,0,0,0,0
1,5676617,107,17,4,2,0,60,386,0,0,0,159,2,0,1,0,1,23,0,0,0,45,0,0,0,0,0,0
1,3616315,36430,14,1,0,1,39,4647,0,0,0,7,0,1,0,0,0,0,0,0,0,5,1,0,0,0,0,0
1,5577186,1966,936,6,0,0,0,148,0,0,0,6,0,0,0,0,0,0,0,0,0,1,1,0,0,0,0,0
1,5009922,1256,5,12,0,0,0,252,1,0,0,23,0,0,0,0,0,0,0,0,0,4,3,0,0,0,0,0
1,5237615,150,37,3,0,0,1828,354,1312,0,0,403,0,0,0,0,0,0,0,0,0,1,3,0,0,0,0,0
1,4646268,67,7,0,0,0,13,146,0,0,0,0,0,0,0,0,0,12,1,0,0,0,0,0,0,0,0,0
1,5277541,1846,74,39,0,0,0,184,0,0,0,48,0,0,0,0,0,0,0,0,0,0,1,0,0,0,0,0
1,4652069,68,7,0,0,0,4,47,0,0,0,0,0,0,0,0,0,6,1,0,0,0,0,0,0,0,0,0
1,4729785,132,7,0,0,0,6,48,0,0,0,0,0,0,0,0,0,0,1,0,0,0,0,0,0,0,0,0
1,4378858,1500,4,9,0,0,0,137,1,0,0,9,0,0,0,0,0,0,0,0,0,4,0,0,0,0,0,0
1,4988136,93,12,0,0,0,6,30,0,0,0,0,0,0,0,0,0,0,1,0,0,0,0,0,0,0,0,0
1,5671587,107,17,4,2,0,60,384,0,0,0,159,2,0,1,0,1,23,0,0,0,43,0,0,0,0,0,0
1,3499761,237867,112980,4,0,0,0,24,0,0,0,4,0,0,0,0,0,0,0,0,0,0,0,0,0,0,0,0
1,5670781,107,17,4,2,0,60,384,0,0,0,159,2,0,1,0,1,23,0,0,0,43,0,0,0,0,0,0
1,5896485,8874,556,10,0,0,0,123,1,0,0,10,0,0,0,0,0,0,0,0,0,3,2,0,0,0,0,0
1,4456768,4728,63,28,0,0,0,518,1,0,0,28,0,0,0,0,0,0,0,0,0,5,1,0,0,0,0,0
1,5041879,1990,118,9,0,0,0,256,0,0,0,11,0,0,0,0,0,0,0,0,0,2,2,0,0,0,0,0
1,5670962,107,17,4,2,0,60,384,0,0,0,159,2,0,1,0,1,23,0,0,0,43,0,0,0,0,0,0
1,4509326,69,7,0,0,0,4,38,0,0,0,0,0,0,0,0,0,3,1,0,0,0,0,0,0,0,0,0
1,5115557,63,11,2,0,0,4,18,0,0,0,7,0,0,0,0,0,0,0,0,0,2,0,0,0,0,0,0
1,5670888,107,17,4,2,0,60,384,0,0,0,159,2,0,1,0,1,23,0,0,0,43,0,0,0,0,0,0
1,4672778,123,7,0,0,0,6,45,0,0,0,0,0,0,0,0,0,0,1,0,0,0,0,0,0,0,0,0
1,5617348,232,135,2,0,0,12,57,0,0,0,17,0,0,0,0,0,0,0,0,0,0,1,0,0,0,0,0
1,4583554,70,7,0,0,0,14,154,0,0,0,0,0,0,0,0,0,13,1,0,0,0,0,0,0,0,0,0
1,5133746,3368,344,10,1,0,29,880,0,0,0,38,2,0,0,0,0,0,0,0,0,1,1,0,0,0,0,0
1,5671251,107,17,4,2,0,60,384,0,0,0,159,2,0,1,0,1,23,0,0,0,43,0,0,0,0,0,0
1,3375289,237409,112980,4,0,0,0,13,0,0,0,4,0,0,0,0,0,0,0,0,0,0,0,0,0,0,0,0
1,4882444,3502,366,10,1,0,29,1207,0,0,0,38,2,0,0,0,0,0,0,0,0,1,1,0,0,0,0,0
1,4960760,3508,350,10,1,0,33,1231,0,0,0,42,1,0,0,0,0,0,0,0,0,1,3,0,0,0,0,0
1,4804994,6259,133,9,1,0,6,291,0,0,0,22,2,0,0,0,0,0,0,0,0,1,1,0,0,0,0,0
1,4860718,7419,19,1,0,1,0,1492,0,3,0,1,0,3,0,0,0,0,0,0,0,3,9,0,0,0,0,0
1,5081999,2315,79,10,0,0,0,295,0,0,0,11,0,0,0,0,0,0,0,0,0,5,3,0,0,0,0,0
1,4263087,6191,4,25,0,0,0,281,1,0,0,25,0,0,0,0,0,0,0,0,0,4,1,0,0,0,0,0
1,5011272,3369,5,31,0,0,0,432,1,0,0,37,0,0,0,0,0,0,0,0,0,8,2,0,0,0,0,0
1,4814512,160,12,0,0,0,15,258,0,0,0,0,0,0,0,0,0,14,1,0,0,0,1,0,0,0,0,0
1,5340661,100,17,4,2,0,80,435,0,0,0,171,10,0,1,0,1,23,0,0,0,47,0,0,0,0,0,0
1,2983260,85645,90,1,0,1,39,106,0,0,0,7,0,1,0,0,0,0,0,0,0,5,1,0,0,0,0,0
1,4987291,922,5,3,0,0,0,109,1,0,0,3,0,0,0,0,0,0,0,0,0,4,1,0,0,0,0,0
1,4162413,10456,159,11,0,0,6,789,0,0,0,39,0,0,0,0,0,0,0,3,0,1,1,0,0,0,0,0
1,4928461,1875,130,12,0,0,0,63,0,0,0,13,0,0,0,0,0,0,0,0,0,5,1,0,0,0,0,0
1,4636578,80,10,0,0,0,4,38,0,0,0,0,0,0,0,0,0,3,1,0,0,0,0,0,0,0,0,0
1,5225829,151,32,3,0,0,1911,379,1388,0,0,409,0,0,0,0,0,0,0,0,0,5,2,0,0,0,0,0
1,3949570,0,0,0,0,0,2,0,2,0,0,0,0,0,0,0,0,0,0,0,0,0,0,0,0,0,0,0
1,5667488,107,17,4,2,0,60,384,0,0,0,159,2,0,1,0,1,23,0,0,0,43,0,0,0,0,0,0
1,3351637,4526,71,30,0,2,0,902,1,0,0,119,0,6,6,0,6,2,0,0,0,3,17,0,0,0,0,0
1,5211815,2402,99,8,0,0,0,332,0,0,0,17,0,0,0,0,0,0,0,0,0,0,5,0,0,0,0,0
1,5670904,107,17,4,2,0,60,384,0,0,0,159,2,0,1,0,1,23,0,0,0,43,0,0,0,0,0,0
1,5581643,1942,912,6,0,0,0,151,0,0,0,6,0,0,0,0,0,0,0,0,0,1,1,0,0,0,0,0
1,4729113,6529,142,9,1,0,6,300,0,0,0,22,2,0,0,0,0,0,0,0,0,1,1,0,0,0,0,0
1,4714865,80,10,0,0,0,4,38,0,0,0,0,0,0,0,0,0,3,1,0,0,0,0,0,0,0,0,0
1,4425768,2136,44,17,0,0,0,744,1,0,0,49,0,0,0,0,0,0,0,0,0,5,5,0,0,0,0,0
1,4689342,77,7,0,0,0,4,53,0,0,0,0,0,0,0,0,0,6,1,0,0,0,0,0,0,0,0,0
1,5012425,1770,5,18,0,0,0,412,1,0,0,36,0,0,0,0,0,0,0,0,0,8,7,0,0,0,0,0
1,4158944,4741,166,10,0,0,6,1845,0,0,0,45,0,0,0,0,0,0,0,0,0,1,1,0,0,0,0,0
1,5014528,1809,120,10,0,0,0,247,0,0,0,12,0,0,0,0,0,0,0,0,0,4,2,0,0,0,0,0
1,3551294,237409,112980,4,0,0,0,13,0,0,0,4,0,0,0,0,0,0,0,0,0,0,0,0,0,0,0,0
1,5013228,1900,122,10,0,0,0,228,0,0,0,11,0,0,0,0,0,0,0,0,0,5,1,0,0,0,0,0
1,4946411,1776,106,9,0,0,0,179,0,0,0,12,0,0,0,0,0,0,0,0,0,9,3,0,0,0,0,0
1,5172871,3009,124,8,0,0,0,354,0,0,0,17,0,0,0,0,0,0,0,1,0,0,4,0,0,0,0,0
1,5025692,1670,110,8,0,1,0,255,0,0,0,11,0,1,0,0,0,0,0,0,0,5,3,0,0,0,0,0
1,4564632,69,7,0,0,0,4,38,0,0,0,0,0,0,0,0,0,3,1,0,0,0,0,0,0,0,0,0
1,4973810,1553,130,9,0,0,0,195,0,0,0,12,0,0,0,0,0,0,0,0,0,3,2,0,0,0,0,0
1,5168439,2997,124,8,0,0,0,351,0,0,0,17,0,0,0,0,0,0,0,0,0,0,4,0,0,0,0,0
1,5570666,1966,936,6,0,0,0,158,0,0,0,6,0,0,0,0,0,0,0,0,0,1,1,0,0,0,0,0
1,4691222,6180,127,7,1,0,4,275,0,0,0,13,1,0,0,0,0,0,0,1,0,1,2,0,0,0,0,0
1,5798381,4633,3243,1,0,0,0,63,0,0,0,1,0,0,0,0,0,0,0,0,0,1,2,0,0,0,0,0
1,4679724,121,7,0,0,0,6,45,0,0,0,0,0,0,0,0,0,0,1,0,0,0,0,0,0,0,0,0
1,4016595,68334,31,1,1,1,319,87,268,0,0,3,4,1,0,0,0,0,0,0,0,1,0,0,0,0,0,0
1,4153208,10507,188,11,0,0,6,750,0,0,0,39,0,0,0,0,0,0,0,3,0,1,1,0,0,0,0,0
1,5011105,2529,108,21,0,0,0,277,1,0,0,23,0,0,0,0,0,0,0,0,0,4,6,0,0,0,0,0
1,5967028,817970,3949,0,1,1,1,21,0,0,0,0,2,1,0,0,0,0,0,0,0,0,0,0,0,0,0,0
1,4593988,9244,343,17,1,0,5,376,0,0,0,25,2,0,0,0,0,0,0,0,0,1,1,0,0,0,0,0
1,4499773,66,7,0,0,0,14,150,0,0,0,0,0,0,0,0,0,13,1,0,0,0,0,0,0,0,0,0
1,5163100,2995,124,8,0,0,0,350,0,0,0,17,0,0,0,0,0,0,0,0,0,0,4,0,0,0,0,0
1,4593309,68,7,0,0,0,13,146,0,0,0,0,0,0,0,0,0,12,1,0,0,0,0,0,0,0,0,0
1,5078194,1903,43,10,0,0,0,257,0,0,0,12,0,0,0,0,0,0,0,0,0,8,2,0,0,0,0,0
1,5009984,1792,5,13,0,0,0,337,1,0,0,20,0,0,0,0,0,0,0,0,0,5,8,0,0,0,0,0
1,5037915,1568,5,13,0,0,0,177,1,0,0,15,0,0,1,0,1,0,0,0,0,4,1,0,0,0,0,0
1,4964469,3387,333,10,1,0,23,1258,0,0,0,32,2,0,0,0,0,0,0,0,0,1,2,0,0,0,0,0
1,5030524,2025,108,10,0,1,0,272,0,0,0,12,0,1,0,0,0,0,0,0,0,9,3,0,0,0,0,0
1,5156369,3478,337,10,1,0,29,866,0,0,0,38,2,0,0,0,0,0,0,0,0,1,1,0,0,0,0,0
1,420964,318,36,24,0,1,199427,402,0,0,0,344,0,4,0,0,0,0,0,2,0,0,3,0,0,0,0,0
1,4921722,86,10,0,0,0,11,219,0,0,0,0,0,0,0,0,0,20,1,0,0,0,0,0,0,0,0,0
1,3815628,71329,27,1,2,0,111,92,77,0,0,4,6,0,0,0,0,0,0,0,0,2,1,0,0,0,0,0
1,5024266,403,132,1,0,0,0,28,1,0,0,1,0,0,0,0,0,0,0,0,0,0,0,0,0,0,0,0
1,5675497,107,17,4,2,0,60,386,0,0,0,159,2,0,1,0,1,23,0,0,0,45,0,0,0,0,0,0
1,5172330,3895,12,9,0,0,0,447,1,0,0,9,0,0,0,0,0,0,0,0,0,0,0,0,0,0,0,0
1,5315083,219,30,2,1,0,488,47,479,0,0,5,1,0,0,0,0,0,0,0,0,1,3,0,0,0,0,0
1,5173279,3156,12,10,0,0,0,556,1,0,0,16,0,0,0,0,0,0,0,0,0,0,1,0,0,0,0,0
1,2856774,85609,90,1,0,1,39,106,0,0,0,7,0,1,0,0,0,0,0,0,0,5,1,0,0,0,0,0
1,5028203,627,5,3,0,0,0,71,1,0,0,3,0,0,0,0,0,0,0,0,0,4,1,0,0,0,0,0
1,4502946,65,6,0,0,0,4,38,0,0,0,0,0,0,0,0,0,3,1,0,0,0,0,0,0,0,0,0
1,2285636,16083,34,23,0,0,0,738,1,0,0,23,0,0,0,0,0,0,0,0,0,4,1,0,0,0,0,0
1,5673375,107,17,4,2,0,60,386,0,0,0,159,2,0,1,0,1,23,0,0,0,45,0,0,0,0,0,0
1,4448082,1056,4,5,0,0,0,114,1,0,0,5,0,0,0,0,0,0,0,0,0,2,0,0,0,0,0,0
1,5670927,107,17,4,2,0,60,384,0,0,0,159,2,0,1,0,1,23,0,0,0,43,0,0,0,0,0,0
1,5667315,107,17,4,2,0,60,384,0,0,0,159,2,0,1,0,1,23,0,0,0,43,0,0,0,0,0,0
1,3648254,191796,191786,1,0,0,85,43,65,0,0,2,0,0,0,0,0,0,0,0,0,0,1,0,0,0,0,0
1,4139494,10336,165,11,0,0,6,762,0,0,0,39,0,0,0,0,0,0,0,0,0,1,1,0,0,0,0,0
1,5026934,42,3,0,0,0,0,5,1,0,0,0,0,0,0,0,0,0,0,0,0,0,0,0,0,0,0,0
1,4669868,374972,8,13797,0,1,0,41388,0,0,0,13797,0,1,0,0,0,0,0,0,0,0,1,0,0,0,0,0
1,5023769,434,5,5,0,0,0,77,1,0,0,9,0,0,0,0,0,0,0,0,0,4,0,0,0,0,0,0
1,3338479,193417,7,1,0,1,5,14,0,0,0,2,0,1,0,0,0,0,0,0,0,1,0,0,0,0,0,0
1,4226151,1391,95,11,0,0,0,91,1,0,0,13,0,0,0,0,0,0,0,0,0,3,1,0,0,0,0,0
1,4700416,65,6,0,0,0,14,158,0,0,0,0,0,0,0,0,0,13,1,0,0,0,0,0,0,0,0,0
1,5035870,1241,5,11,0,0,0,167,1,0,0,14,0,0,0,0,0,0,0,0,0,1,3,0,0,0,0,0
1,4796918,63,5,0,0,0,4,47,0,0,0,0,0,0,0,0,0,6,1,0,0,0,0,0,0,0,0,0
1,4173677,10373,158,11,0,0,6,764,0,0,0,39,0,0,0,0,0,0,0,0,0,1,1,0,0,0,0,0
1,5094112,3505,351,10,1,0,26,880,0,0,0,35,2,0,0,0,0,0,0,0,0,1,1,0,0,0,0,0
1,5007789,355,4,3,0,0,0,40,1,0,0,3,0,0,0,0,0,0,0,0,0,0,0,0,0,0,0,0
1,5030765,2503,5,19,0,0,0,488,1,0,0,35,0,0,0,0,0,0,0,0,0,4,10,0,0,0,0,0
1,4376485,124,61,0,0,0,1402,3449,0,0,0,0,0,0,0,0,0,0,0,0,0,0,1,0,0,0,0,0
1,5096646,1373,56,8,0,0,0,140,1,0,0,8,0,0,0,0,0,0,0,0,0,4,0,0,0,0,0,0
1,4534586,68,7,0,0,0,4,38,0,0,0,0,0,0,0,0,0,3,1,0,0,0,0,0,0,0,0,0
1,3920460,99882,36,1,2,0,111,92,77,0,0,4,6,0,0,0,0,0,0,0,0,2,1,0,0,0,0,0
1,2297441,32123,65,48,0,0,0,1659,1,0,0,54,0,0,0,0,0,0,0,0,0,8,7,0,0,0,0,0
1,5351274,104,21,2,1,0,26,90,1,0,0,9,1,0,1,0,1,0,0,0,0,0,3,0,0,1,0,0
1,5672600,107,17,4,2,0,60,386,0,0,0,159,2,0,1,0,1,23,0,0,0,45,0,0,0,0,0,0
1,5576936,1966,936,6,0,0,0,140,0,0,0,6,0,0,0,0,0,0,0,0,0,1,1,0,0,0,0,0
1,2886060,21482,7,0,0,0,3,9,0,0,0,0,0,0,0,0,0,0,0,0,0,1,0,0,0,0,0,0
1,4555778,68,7,0,0,0,4,38,0,0,0,0,0,0,0,0,0,3,1,0,0,0,0,0,0,0,0,0
1,4854262,9271,355,12,1,0,6,361,0,0,0,24,2,0,0,0,0,0,0,0,0,1,1,0,0,0,0,0
1,4504161,67,7,0,0,0,4,38,0,0,0,0,0,0,0,0,0,3,1,0,0,0,0,0,0,0,0,0
1,3640524,611536,62,2,2,0,95,98560,4,0,0,34,31,0,0,0,0,0,0,0,0,4,3,0,0,0,0,0
1,5028184,1910,120,10,0,2,0,273,0,0,0,11,0,2,0,0,0,0,0,0,0,8,2,0,0,0,0,0
1,4570395,69,7,0,0,0,4,38,0,0,0,0,0,0,0,0,0,3,1,0,0,0,0,0,0,0,0,0
1,3416413,85602,14,1,0,1,243,115,191,0,0,16,0,1,0,0,0,0,0,0,0,5,1,0,0,0,0,0
1,5022930,731,5,6,0,0,0,75,1,0,0,6,0,0,0,0,0,0,0,0,0,1,1,0,0,0,0,0
1,4440403,4647,34,40,0,0,0,534,1,0,0,40,0,0,0,0,0,0,0,0,0,6,3,0,0,0,0,0
1,5581820,1966,936,6,0,0,0,138,0,0,0,6,0,0,0,0,0,0,0,0,0,1,1,0,0,0,0,0
1,4975267,424,18,6,0,0,0,57,0,0,0,6,0,0,0,0,0,1,0,0,0,0,7,0,0,0,0,0
1,4442860,2669,2627,0,0,1,1,10,0,0,0,0,0,1,0,0,0,0,0,0,0,0,0,0,0,0,0,0
1,4624070,194469,7,1,0,1,2360,14,2355,0,0,2,0,1,0,0,0,0,0,0,0,1,0,0,0,0,0,0
1,5020260,1488,34,18,0,0,0,443,1,0,0,41,0,0,0,0,0,0,0,0,0,8,4,0,0,0,0,0
1,4694299,64,6,0,0,0,14,158,0,0,0,0,0,0,0,0,0,13,1,0,0,0,0,0,0,0,0,0
1,5008638,252,5,2,0,0,0,29,1,0,0,2,0,0,0,0,0,0,0,0,0,1,0,0,0,0,0,0
1,5003505,2263,5,19,0,0,0,454,1,0,0,38,0,0,1,0,1,0,0,0,0,3,6,0,0,0,0,0
1,5094730,91,3,0,0,0,0,9,1,0,0,0,0,0,0,0,0,0,0,0,0,0,0,0,0,0,0,0
1,5656556,180,51,2,0,0,16,98,0,0,0,15,0,0,0,0,0,0,0,0,0,0,1,0,0,0,0,0
1,5645554,180,51,2,0,0,16,97,0,0,0,15,0,0,0,0,0,0,0,0,0,0,1,0,0,0,0,0
1,4425574,98,3,0,0,0,0,9,1,0,0,0,0,0,0,0,0,0,0,0,0,0,0,0,0,0,0,0
1,4628754,67,7,0,0,0,4,47,0,0,0,0,0,0,0,0,0,6,1,0,0,0,0,0,0,0,0,0
1,5043142,1820,94,11,0,0,0,244,0,0,0,12,0,0,0,0,0,0,0,0,0,7,3,0,0,0,0,0
1,5021658,1959,106,10,0,1,0,253,0,0,0,12,0,1,0,0,0,0,0,0,0,7,1,0,0,0,0,0
1,4362378,2128,4,9,0,0,0,239,1,0,0,9,0,0,0,0,0,0,0,0,0,2,1,0,0,0,0,0
1,3499534,237932,112980,4,0,0,0,24,0,0,0,4,0,0,0,0,0,0,0,0,0,0,0,0,0,0,0,0
1,4319055,4060,83,27,0,0,0,1314,1,0,0,76,0,0,0,0,0,0,0,0,0,12,11,0,0,0,0,0
1,4998472,1012,5,7,0,0,0,106,1,0,0,7,0,0,0,0,0,0,0,0,0,0,1,0,0,0,0,0
1,3368220,4812,55,32,0,5,0,1968,0,0,0,300,0,27,8,0,8,2,0,0,0,6,19,0,0,0,0,0
1,5030982,2135,116,10,0,0,0,272,0,0,0,11,0,0,1,0,1,0,0,0,0,5,4,0,0,0,0,0
1,4177368,10357,159,11,0,0,6,769,0,0,0,39,0,0,0,0,0,0,0,0,0,1,1,0,0,0,0,0
1,5669483,180,51,2,0,0,16,98,0,0,0,15,0,0,0,0,0,0,0,0,0,0,1,0,0,0,0,0
1,4498010,68,7,0,0,0,4,38,0,0,0,0,0,0,0,0,0,3,1,0,0,0,0,0,0,0,0,0
1,5123036,3395,8,9,0,0,0,327,1,0,0,9,0,0,0,0,0,0,0,0,0,5,2,0,0,0,0,0
1,3335638,5346,54,42,0,3,0,1967,0,0,0,305,0,15,5,0,5,0,0,0,0,7,24,0,0,0,0,0
1,2315406,21238,68,50,0,0,0,3703,1,0,0,166,0,0,0,0,0,0,0,0,0,15,6,0,0,0,0,0
1,4446330,2607,43,23,0,0,0,298,1,0,0,23,0,0,0,0,0,0,0,0,0,4,3,0,0,0,0,0
1,3436080,237409,112980,4,0,0,0,13,0,0,0,4,0,0,0,0,0,0,0,0,0,0,0,0,0,0,0,0
1,3503707,237409,112980,4,0,0,0,13,0,0,0,4,0,0,0,0,0,0,0,0,0,0,0,0,0,0,0,0
1,4684274,130,7,0,0,0,6,45,0,0,0,0,0,0,0,0,0,0,1,0,0,0,0,0,0,0,0,0
1,4750104,87,12,0,0,0,4,38,0,0,0,0,0,0,0,0,0,3,1,0,0,0,0,0,0,0,0,0
1,3354548,4193,76,35,0,1,0,305,1,0,0,74,0,2,5,0,5,0,0,0,0,5,11,0,0,0,0,0
1,4767085,6233,145,9,1,0,6,291,0,0,0,22,2,0,0,0,0,0,0,1,0,1,1,0,0,0,0,0
1,4842174,6126,154,9,1,0,6,278,0,0,0,22,2,0,0,0,0,0,0,0,0,1,1,0,0,0,0,0
1,3195414,71348,90,1,0,1,39,14356,0,0,0,7,0,1,0,0,0,0,0,0,0,5,1,0,0,0,0,0
1,5579183,1966,936,6,0,0,0,162,0,0,0,6,0,0,0,0,0,0,0,0,0,1,1,0,0,0,0,0
1,5010889,2450,5,22,0,0,0,386,1,0,0,33,0,0,0,0,0,0,0,0,0,4,3,0,0,0,0,0
1,4452715,4261,45,23,0,0,0,1330,0,0,0,48,0,0,0,0,0,0,0,0,0,7,3,0,0,0,0,0
1,4766359,6441,132,7,0,0,10,285,0,0,0,20,0,0,0,0,0,0,0,0,0,1,1,0,0,0,0,0
1,4945575,3470,353,10,1,0,23,1284,0,0,0,32,2,0,0,0,0,0,0,0,0,1,2,0,0,0,0,0
1,5178351,3021,124,8,0,0,0,359,0,0,0,17,0,0,0,0,0,0,0,0,0,0,4,0,0,0,0,0
1,5103989,3258,12,12,0,0,0,632,1,0,0,20,0,0,0,0,0,0,0,0,0,4,2,0,0,0,0,0
1,4520509,131,18,0,0,0,4,50,0,0,0,0,0,0,0,0,0,3,0,0,0,0,0,0,0,0,0,0
1,5581952,1966,936,6,0,0,0,159,0,0,0,6,0,0,0,0,0,0,0,0,0,1,1,0,0,0,0,0
1,4362393,2415,70,15,0,0,0,267,1,0,0,15,0,0,0,0,0,0,0,0,0,4,2,0,0,0,0,0
1,5340865,100,17,4,2,0,80,435,0,0,0,171,10,0,1,0,1,23,0,0,0,47,0,0,0,0,0,0
1,5257476,1815,74,39,0,0,0,168,0,0,0,48,0,0,0,0,0,0,0,0,0,0,1,0,0,0,0,0
1,4420318,6518,85,39,0,0,0,725,1,0,0,39,0,0,0,0,0,0,0,0,0,3,3,0,0,0,0,0
1,2945373,50722,29,1,0,1,26,50,0,0,0,3,0,1,0,0,0,0,0,0,0,1,0,0,0,0,0,0
1,5038804,226,33,7,1,0,239,167,167,0,0,59,1,0,0,0,0,0,0,0,0,1,2,0,0,0,0,0
1,4597038,407,13,2,1,0,2008,254,1904,0,0,89,6,0,0,0,0,0,0,0,0,2,0,0,0,0,0,0
1,5657968,180,55,2,0,0,16,99,0,0,0,15,0,0,0,0,0,0,0,0,0,0,1,0,0,0,0,0
1,3445853,510,8,0,0,0,0,2,0,0,0,0,0,0,0,0,0,0,0,0,0,2,0,0,0,0,0,0
1,4603338,75,15,0,0,0,1015,2675,0,0,0,0,0,0,0,0,0,0,0,0,0,0,1,0,0,0,0,0
1,5011159,1821,34,18,0,0,0,326,1,0,0,37,0,0,0,0,0,0,0,0,0,5,5,0,0,0,0,0
1,2295916,1144,53,3,0,0,0,52,1,0,0,3,0,0,0,0,0,0,0,0,0,0,0,0,0,0,0,0
1,5656049,180,51,2,0,0,16,98,0,0,0,15,0,0,0,0,0,0,0,0,0,0,1,0,0,0,0,0
1,4159510,10246,168,10,0,0,7,1047,0,0,0,47,0,0,0,0,0,0,0,0,0,1,1,0,0,0,0,0
1,5045208,2011,122,10,0,0,0,256,0,0,0,12,0,0,0,0,0,0,0,0,0,7,3,0,0,0,0,0
1,3135542,11852,7,1,0,1,5,11,0,0,0,2,0,1,0,0,0,0,0,0,0,0,0,0,0,0,0,0
1,3895277,2187,2166,2,0,1,3,20,0,0,0,2,0,1,0,0,0,0,0,0,0,0,1,0,0,0,0,0
1,4959687,3519,333,10,1,0,28,861,0,0,0,37,1,0,0,0,0,0,0,0,0,1,2,0,0,0,0,0
1,5671724,107,17,4,2,0,60,384,0,0,0,159,2,0,1,0,1,23,0,0,0,43,0,0,0,0,0,0
1,5132558,3647,45,11,0,0,0,398,0,0,0,12,0,0,0,0,0,0,0,0,0,6,1,0,0,0,0,0
1,5646663,180,51,2,0,0,16,101,0,0,0,15,0,0,0,0,0,0,0,0,0,0,1,0,0,0,0,0
1,4408694,244,4,0,0,0,0,32,1,0,0,0,0,0,0,0,0,0,0,0,0,1,0,0,0,0,0,0
1,4432693,93,19,2,1,0,578,28,572,0,0,4,1,0,0,0,0,0,0,0,0,1,2,0,0,0,0,0
1,4754761,9173,351,17,1,0,5,361,0,0,0,25,2,0,0,0,0,0,0,0,0,1,1,0,0,0,0,0
1,4788656,70420,21,0,0,0,24,6123,21,0,0,0,0,0,0,0,0,0,0,0,0,0,0,0,0,0,0,0
1,5085987,3547,350,10,1,0,33,880,0,0,0,42,2,0,0,0,0,0,0,0,0,1,1,0,0,0,0,0
1,3490647,310610,30,1,2,0,111,92,77,0,0,4,6,0,0,0,0,0,0,0,0,2,1,0,0,0,0,0
1,4603521,3323,8,4,0,0,0,342,1,0,0,8,0,0,0,0,0,0,0,0,0,2,0,0,0,0,0,0
1,5024399,1891,120,10,0,0,0,256,0,0,0,11,0,0,0,0,0,0,0,0,0,6,1,0,0,0,0,0
1,3209385,1083538,14,1,0,1,39,106,0,0,0,7,0,1,0,0,0,0,0,0,0,5,1,0,0,0,0,0
1,3541974,214033,90,1,0,1,39,106,0,0,0,7,0,1,0,0,0,0,0,0,0,5,1,0,0,0,0,0
1,5011011,1910,154,9,0,0,0,246,0,0,0,12,0,0,0,0,0,0,0,0,0,5,1,0,0,0,0,0
1,5340886,100,17,4,2,0,80,435,0,0,0,171,10,0,1,0,1,23,0,0,0,47,0,0,0,0,0,0
1,5577287,1966,936,6,0,0,0,159,0,0,0,6,0,0,0,0,0,0,0,0,0,1,1,0,0,0,0,0
1,2841401,281166,7,1,0,0,5,12,0,0,0,2,0,0,0,0,0,0,0,0,0,0,1,0,0,0,0,0
1,5340873,100,17,4,2,0,80,435,0,0,0,171,10,0,1,0,1,23,0,0,0,47,0,0,0,0,0,0
1,5676261,107,17,4,2,0,60,386,0,0,0,159,2,0,1,0,1,23,0,0,0,45,0,0,0,0,0,0
1,5670732,107,17,4,2,0,60,384,0,0,0,159,2,0,1,0,1,23,0,0,0,43,1,0,0,0,0,0
1,4771394,6161,133,9,1,0,6,275,0,0,0,22,2,0,0,0,0,0,0,0,0,1,1,0,0,0,0,0
1,5668498,180,51,2,0,0,16,101,0,0,0,15,0,0,0,0,0,0,0,0,0,0,1,0,0,0,0,0
1,3158479,71363,35,1,1,0,54,141,0,0,0,3,4,0,0,0,0,0,0,0,0,0,1,0,0,0,0,0
1,5720262,159,14,3,0,0,1,36,0,0,0,3,0,0,0,0,0,1,1,0,1,0,4,0,0,0,0,0
1,4142888,4922,189,10,0,0,6,1825,0,0,0,45,0,0,0,0,0,0,0,0,0,1,1,0,0,0,0,0
1,5024251,127,5,0,0,0,0,14,1,0,0,0,0,0,0,0,0,0,0,0,0,0,0,0,0,0,0,0
1,3808482,5038,5000,1,1,1,35,98,0,0,0,9,3,1,0,0,0,0,0,0,0,3,0,0,0,0,0,0
1,4122652,10407,168,10,0,0,7,1038,0,0,0,47,0,0,0,0,0,0,0,0,0,1,1,0,0,0,0,0
1,4488687,6653,57,24,0,0,0,1256,0,0,0,41,0,0,0,0,0,0,0,0,0,4,1,0,0,0,0,0
1,5582443,1966,936,6,0,0,0,161,0,0,0,6,0,0,0,0,0,0,0,0,0,1,1,0,0,0,0,0
1,3448513,237933,112980,4,0,0,0,24,0,0,0,4,0,0,0,0,0,0,0,0,0,0,0,0,0,0,0,0
1,5900165,357,19,11,1,1,482,1209,0,0,0,269,20,3,0,0,0,0,0,0,0,7,1,0,0,0,0,0
1,5032158,1333,116,6,0,0,0,217,0,0,0,11,0,0,0,0,0,0,0,0,0,4,3,0,0,0,0,0
1,3369518,237956,112980,4,0,0,0,24,0,0,0,4,0,0,0,0,0,0,0,0,0,0,0,0,0,0,0,0
1,4995961,1907,103,16,0,0,0,475,1,0,0,35,0,0,0,0,0,0,0,0,0,7,4,0,0,0,0,0
1,3237829,70396,35,1,1,0,54,141,0,0,0,3,4,0,0,0,0,0,0,0,0,0,1,0,0,0,0,0
1,5014462,750,5,8,0,0,0,72,1,0,0,8,0,0,0,0,0,0,0,0,0,3,0,0,0,0,0,0
1,5112169,859,5,5,0,0,0,89,1,0,0,5,0,0,0,0,0,0,0,0,0,1,1,0,0,0,0,0
1,4614501,6431,145,9,1,0,6,292,0,0,0,22,2,0,0,0,0,0,0,0,0,1,1,0,0,0,0,0
1,4439156,5434,47,26,0,0,0,1283,0,0,0,50,0,0,0,0,0,0,0,0,0,5,3,0,0,0,0,0
1,4217623,152846,7,1,0,1,547,14,540,0,0,2,0,1,0,0,0,0,0,0,0,1,0,0,0,0,0,0
1,3469771,237409,112980,4,0,0,0,13,0,0,0,4,0,0,0,0,0,0,0,0,0,0,0,0,0,0,0,0
1,4484369,730,4,2,0,0,0,87,1,0,0,2,0,0,0,0,0,0,0,0,0,1,0,0,0,0,0,0
1,5017288,1615,144,11,0,0,0,219,0,0,0,12,0,0,0,0,0,0,0,0,0,7,4,0,0,0,0,0
1,5023979,1814,114,10,0,0,0,237,0,0,0,12,0,0,0,0,0,0,0,0,0,6,2,0,0,0,0,0
1,4677187,9607,345,12,1,0,6,374,0,0,0,23,2,0,0,0,0,0,0,0,0,1,1,0,0,0,0,0
1,4667914,128,7,0,0,0,6,45,0,0,0,0,0,0,0,0,0,0,1,0,0,0,0,0,0,0,0,0
1,3916125,2569,2548,2,0,1,3,20,0,0,0,2,0,1,0,0,0,0,0,0,0,0,1,0,0,0,0,0
1,5019124,710,5,5,0,0,0,98,1,0,0,7,0,0,0,0,0,0,0,0,0,2,3,0,0,0,0,0
1,3465733,115156,14,1,0,1,47,106,10,0,0,7,0,1,0,0,0,0,0,0,0,5,1,0,0,0,0,0
1,5317937,163,22,2,0,0,15,92,0,0,0,5,0,0,0,0,0,2,0,0,0,0,3,0,0,0,0,0
1,4114870,4686,198,11,0,0,6,2557,0,0,0,47,0,0,0,0,0,0,0,0,0,1,1,0,0,0,0,0
1,4893167,3655,340,10,1,0,26,863,0,0,0,35,2,0,0,0,0,0,0,0,0,1,1,0,0,0,0,0
1,3502423,237409,112980,4,0,0,0,13,0,0,0,4,0,0,0,0,0,0,0,0,0,0,0,0,0,0,0,0
1,5040436,1966,154,8,0,0,0,257,0,0,0,11,0,0,0,0,0,0,0,0,0,7,2,0,0,0,0,0
1,5676214,107,17,4,2,0,60,386,0,0,0,159,2,0,1,0,1,23,0,0,0,45,0,0,0,0,0,0
1,5019539,1876,102,9,0,0,0,254,0,0,0,11,0,0,1,0,1,0,0,0,0,6,1,0,0,0,0,0
1,5118087,62,11,2,0,0,3,18,0,0,0,5,0,0,0,0,0,0,0,0,0,2,0,0,0,0,0,0
1,5020750,1994,108,10,0,0,0,244,0,0,0,12,0,0,0,0,0,0,0,0,0,6,3,0,0,0,0,0
1,5033195,1407,132,7,0,0,0,239,0,0,0,11,0,0,0,0,0,0,0,0,0,6,3,0,0,0,0,0
1,2303713,326,74,1,0,0,0,12,1,0,0,1,0,0,0,0,0,0,0,0,0,0,0,0,0,0,0,0
1,4822495,77,8,0,0,0,11,209,0,0,0,0,0,0,0,0,0,20,1,0,0,0,0,0,0,0,0,0
1,4714891,123,7,0,0,0,6,42,0,0,0,0,0,0,0,0,0,0,1,0,0,0,0,0,0,0,0,0
1,5670983,107,17,4,2,0,60,384,0,0,0,159,2,0,1,0,1,23,0,0,0,43,0,0,0,0,0,0
1,5001485,32,3,0,0,0,0,4,1,0,0,0,0,0,0,0,0,0,0,0,0,0,0,0,0,0,0,0
1,2318462,7229,65,13,0,0,0,1418,1,0,0,59,0,0,0,0,0,0,0,0,0,13,4,0,0,0,0,0
1,5009915,121,4,0,0,0,0,14,1,0,0,0,0,0,0,0,0,0,0,0,0,0,1,0,0,0,0,0
1,5039953,236,4,0,0,0,0,20,1,0,0,0,0,0,0,0,0,0,0,0,0,0,0,0,0,0,0,0
1,4437590,3062,60,21,0,0,0,1453,1,0,0,89,0,0,0,0,0,0,0,0,0,8,8,0,0,0,0,0
1,5021978,3406,360,10,1,0,16,842,0,0,0,25,2,0,0,0,0,0,0,1,0,1,1,0,0,0,0,0
1,5676357,107,17,4,2,0,60,386,0,0,0,159,2,0,1,0,1,23,0,0,0,45,0,0,0,0,0,0
1,5023216,2258,118,18,0,1,0,320,1,0,0,28,0,1,0,0,0,0,0,0,0,6,3,0,0,0,0,0
1,5012785,647,5,3,0,0,0,72,1,0,0,3,0,0,0,0,0,0,0,0,0,2,0,0,0,0,0,0
1,2299870,910,32,2,0,0,0,43,1,0,0,2,0,0,0,0,0,0,0,0,0,1,0,0,0,0,0,0
1,4147252,10371,169,11,0,0,6,773,0,0,0,39,0,0,0,0,0,0,0,0,0,1,1,0,0,0,0,0
1,4075178,4887,169,11,0,0,6,2571,0,0,0,47,0,0,0,0,0,0,0,0,0,1,1,0,0,0,0,0
1,3547664,245660,116850,4,0,0,0,24,0,0,0,4,0,0,0,0,0,0,0,0,0,0,0,0,0,0,0,0
1,4148135,10337,177,10,0,0,7,1027,0,0,0,47,0,0,0,0,0,0,0,0,0,1,1,0,0,0,0,0
1,4593870,2054,2044,1,2,1,18,70,0,0,0,1,4,1,0,0,0,0,0,0,0,3,1,0,0,0,0,0
1,3326877,57103,10,1,1,1,51,154,0,0,0,3,4,1,0,0,0,0,0,0,0,1,0,0,0,0,0,0
1,5040265,1960,122,9,0,0,0,253,0,0,0,11,0,0,0,0,0,0,0,0,0,6,3,0,0,0,0,0
1,5675731,107,17,4,2,0,60,386,0,0,0,159,2,0,1,0,1,23,0,0,0,45,0,0,0,0,0,0
1,5671177,107,17,4,2,0,60,384,0,0,0,159,2,0,1,0,1,23,0,0,0,43,0,0,0,0,0,0
1,4679632,40,8,0,0,0,0,6,0,0,0,0,0,0,0,0,0,1,1,0,0,0,2,0,0,0,0,0
1,5469198,9547,1507,5,0,1,23,84,0,0,0,14,0,3,0,0,0,0,0,0,0,4,0,0,0,0,0,0
1,5019035,1894,128,10,0,0,0,244,0,0,0,12,0,0,0,0,0,0,0,0,0,5,1,0,0,0,0,0
1,4892215,57,16,0,0,0,0,5,0,0,0,0,0,0,0,0,0,1,1,0,0,0,2,0,0,0,0,0
1,4630843,6448,145,9,1,0,6,288,0,0,0,22,2,0,0,0,0,0,0,0,0,1,1,0,0,0,0,0
1,4678719,9236,338,20,1,0,5,379,0,0,0,25,2,0,0,0,0,0,0,0,0,1,1,0,0,0,0,0
1,4158814,85619,31,1,1,1,319,87,268,0,0,3,4,1,0,0,0,0,0,0,0,1,0,0,0,0,0,0
1,4511178,67,7,0,0,0,14,150,0,0,0,0,0,0,0,0,0,13,1,0,0,0,0,0,0,0,0,0
1,5670736,107,17,4,2,0,60,384,0,0,0,159,2,0,1,0,1,23,0,0,0,43,0,0,0,0,0,0
1,4734618,66,6,0,0,0,14,158,0,0,0,0,0,0,0,0,0,13,1,0,0,0,0,0,0,0,0,0
1,3504012,237879,112980,4,0,0,0,24,0,0,0,4,0,0,0,0,0,0,0,0,0,0,0,0,0,0,0,0
1,4676935,129,7,0,0,0,6,45,0,0,0,0,0,0,0,0,0,0,1,0,0,0,0,0,0,0,0,0
1,5671788,107,17,4,2,0,59,377,0,0,0,153,2,0,1,0,1,22,0,0,0,45,0,0,0,0,0,0
1,4668246,127,7,0,0,0,6,42,0,0,0,0,0,0,0,0,0,0,1,0,0,0,0,0,0,0,0,0
1,2303623,6046,63,12,0,0,0,277,1,0,0,12,0,0,0,0,0,0,0,0,0,2,1,0,0,0,0,0
1,5015900,2080,88,10,0,0,0,267,0,0,0,12,0,0,0,0,0,0,0,0,0,5,3,0,0,0,0,0
1,4743876,120,7,0,0,0,6,42,0,0,0,0,0,0,0,0,0,0,1,0,0,0,0,0,0,0,0,0
1,5192887,175724,255,17,0,0,0,21526,0,0,0,34,0,0,1,0,1,0,0,0,0,7,4,0,0,0,0,0
1,4675971,81,10,0,0,0,4,38,0,0,0,0,0,0,0,0,0,3,1,0,0,0,0,0,0,0,0,0
1,4408373,1939,58,15,0,0,0,215,1,0,0,15,0,0,0,0,0,0,0,0,0,3,1,0,0,0,0,0
1,5033206,1224,5,8,0,0,0,237,1,0,0,17,0,0,1,0,1,0,0,0,0,8,4,0,0,0,0,0
1,3361752,5130,73,39,0,3,0,1946,0,0,0,313,0,20,14,0,14,4,0,0,0,10,22,0,0,0,0,0
1,4805955,80,6,0,0,0,4,65,0,0,0,0,0,0,0,0,0,6,1,0,0,0,0,0,0,0,0,0
1,4555127,69,7,0,0,0,4,38,0,0,0,0,0,0,0,0,0,3,1,0,0,0,0,0,0,0,0,0
1,4858632,21590,16,25,0,1,0,75452,0,0,0,76,0,2,0,0,0,0,0,0,0,3,8,0,0,0,0,0
1,2275034,2452,34,6,0,0,0,113,1,0,0,6,0,0,0,0,0,0,0,0,0,1,0,0,0,0,0,0
1,4756450,75,15,0,0,0,1218,3081,0,0,0,0,0,0,0,0,0,0,0,0,0,0,1,0,0,0,0,0
1,5190369,841233,25760,1,2,0,0,9839,0,0,0,1,2,0,3,0,3,0,0,7,0,3,14,0,0,0,0,0
1,4761045,0,0,0,0,0,94,0,55,0,0,0,0,0,0,0,0,0,0,0,0,0,0,0,0,0,0,0
1,5002610,2013,150,10,0,0,0,266,0,0,0,12,0,0,1,0,1,0,0,0,0,11,2,0,0,0,0,0
1,5676586,107,17,4,2,0,60,386,0,0,0,159,2,0,1,0,1,23,0,0,0,45,0,0,0,0,0,0
1,5000144,265,4,0,0,0,0,32,1,0,0,0,0,0,0,0,0,0,0,0,0,0,1,0,0,0,0,0
1,3385209,5829,78,44,0,2,0,644,1,0,0,97,0,4,3,0,3,0,0,0,0,6,10,0,0,0,0,0
1,5044927,2123,5,14,0,0,0,278,1,0,0,16,0,0,0,0,0,0,0,0,0,3,3,0,0,0,0,0
1,5640140,180,51,2,0,0,16,97,0,0,0,15,0,0,0,0,0,0,0,0,0,0,1,0,0,0,0,0
1,5026040,1523,5,13,0,0,0,169,1,0,0,13,0,0,0,0,0,0,0,0,0,1,5,0,0,0,0,0
1,4952223,94,12,0,0,0,6,33,0,0,0,0,0,0,0,0,0,0,1,0,0,0,0,0,0,0,0,0
1,4789961,6296,154,9,1,0,6,278,0,0,0,22,2,0,0,0,0,0,0,0,0,1,1,0,0,0,0,0
1,2300557,9898,66,22,0,0,0,1050,1,0,0,47,0,0,0,0,0,0,0,0,0,7,3,0,0,0,0,0
1,4621254,85,7,0,0,0,31,295,0,0,0,0,0,0,0,0,0,24,1,0,0,0,1,0,0,0,0,0
1,5672868,107,17,4,2,0,60,386,0,0,0,159,2,0,1,0,1,23,0,0,0,45,0,0,0,0,0,0
1,5172204,3031,124,8,0,0,0,368,0,0,0,17,0,0,0,0,0,0,0,0,0,0,4,0,0,0,0,0
1,5676033,107,17,4,2,0,60,386,0,0,0,159,2,0,1,0,1,23,0,0,0,45,0,0,0,0,0,0
1,5676117,107,17,4,2,0,60,386,0,0,0,159,2,0,1,0,1,23,0,0,0,45,0,0,0,0,0,0
1,3362538,5171,43,37,0,3,0,1990,0,0,0,305,0,7,7,0,7,0,0,0,0,12,23,0,0,0,0,0
1,5671156,107,17,4,2,0,60,384,0,0,0,159,2,0,1,0,1,23,0,0,0,43,0,0,0,0,0,0
1,3273797,1930,1926,2,1,0,0,10,0,0,0,4,3,0,0,0,0,0,0,0,0,1,1,0,0,0,0,0
1,5272103,1825,74,39,0,0,0,176,0,0,0,48,0,0,0,0,0,0,0,0,0,0,1,0,0,0,0,0
1,4957352,1852,132,10,0,0,0,61,1,0,0,10,0,0,0,0,0,0,0,0,0,5,1,0,0,0,0,0
1,5224070,2414,99,8,0,0,0,339,0,0,0,17,0,0,0,0,0,0,0,0,0,0,4,0,0,0,0,0
1,4286201,124,61,0,0,0,1179,3003,0,0,0,0,0,0,0,0,0,0,0,0,0,0,1,0,0,0,0,0
1,5029573,2184,5,15,0,0,0,232,1,0,0,15,0,0,0,0,0,0,0,0,0,7,6,0,0,0,0,0
1,4743152,133,7,0,0,0,6,51,0,0,0,0,0,0,0,0,0,0,1,0,0,0,0,0,0,0,0,0
1,4284226,66894,5564,2,0,0,9,271,0,0,0,7,0,0,0,0,0,0,0,0,0,0,1,0,0,0,0,0
1,5593584,1966,936,6,0,0,0,171,0,0,0,6,0,0,0,0,0,0,0,0,0,1,1,0,0,0,0,0
1,2306761,2194,49,7,0,0,0,99,1,0,0,7,0,0,0,0,0,0,0,0,0,1,0,0,0,0,0,0
1,3609781,71814,7,20,0,0,7,14701,0,0,0,20,0,0,0,0,0,0,0,0,0,1,0,0,0,0,0,0
1,5676122,107,17,4,2,0,60,386,0,0,0,159,2,0,1,0,1,23,0,0,0,45,0,0,0,0,0,0
1,4928747,92,12,0,0,0,6,30,0,0,0,0,0,0,0,0,0,0,1,0,0,0,0,0,0,0,0,0
1,5006908,1220,5,9,0,0,0,188,1,0,0,11,0,0,0,0,0,0,0,0,0,4,1,0,0,0,0,0
1,5670665,107,17,4,2,0,60,384,0,0,0,159,2,0,1,0,1,23,0,0,0,43,0,0,0,0,0,0
1,5586586,1966,936,6,0,0,0,168,0,0,0,6,0,0,0,0,0,0,0,0,0,1,1,0,0,0,0,0
1,3463788,237850,112980,4,0,0,0,24,0,0,0,4,0,0,0,0,0,0,0,0,0,0,0,0,0,0,0,0
1,2929813,15829,7,1,0,1,5,11,0,0,0,2,0,1,0,0,0,0,0,0,0,0,0,0,0,0,0,0
1,5676020,107,17,4,2,0,60,386,0,0,0,159,2,0,1,0,1,23,0,0,0,45,0,0,0,0,0,0
1,5019446,1211,5,10,0,0,0,135,1,0,0,10,0,0,0,0,0,0,0,0,0,7,0,0,0,0,0,0
1,4745530,135,11,0,0,0,6,45,0,0,0,0,0,0,0,0,0,0,1,0,0,0,0,0,0,0,0,0
1,4568891,27149,32,1,1,1,319,87,268,0,0,3,4,1,0,0,0,0,0,0,0,1,0,0,0,0,0,0
1,4633357,67,7,0,0,0,13,146,0,0,0,0,0,0,0,0,0,12,1,0,0,0,0,0,0,0,0,0
1,5661845,180,51,2,0,0,16,100,0,0,0,15,0,0,0,0,0,0,0,0,0,0,1,0,0,0,0,0
1,5677177,107,17,4,2,0,59,382,0,0,0,159,2,0,1,0,1,23,0,0,0,45,0,0,0,0,0,0
1,5026702,1172,5,9,0,0,0,162,1,0,0,13,0,0,0,0,0,0,0,0,0,2,4,0,0,0,0,0
1,5670765,107,17,4,2,0,60,384,0,0,0,159,2,0,1,0,1,23,0,0,0,43,0,0,0,0,0,0
1,4660858,125,7,0,0,0,6,42,0,0,0,0,0,0,0,0,0,0,1,0,0,0,0,0,0,0,0,0
1,4432375,2316,34,17,0,0,0,489,1,0,0,33,0,0,0,0,0,0,0,0,0,4,3,0,0,0,0,0
1,4323371,124,61,0,0,0,1370,3385,0,0,0,0,0,0,0,0,0,0,0,0,0,0,1,0,0,0,0,0
1,5671601,107,17,4,2,0,60,384,0,0,0,159,2,0,1,0,1,23,0,0,0,43,0,0,0,0,0,0
1,5676077,107,17,4,2,0,60,386,0,0,0,159,2,0,1,0,1,23,0,0,0,45,0,0,0,0,0,0
1,3436378,237409,112980,4,0,0,0,13,0,0,0,4,0,0,0,0,0,0,0,0,0,0,0,0,0,0,0,0
1,4384119,422,35,4,0,0,0,39,1,0,0,4,0,0,0,0,0,0,0,0,0,0,0,0,0,0,0,0
1,4633949,67,7,0,0,0,13,146,0,0,0,0,0,0,0,0,0,12,1,0,0,0,0,0,0,0,0,0
1,5872471,1244,49,9,0,0,0,158,0,0,0,16,0,0,0,0,0,0,0,0,0,0,4,0,0,0,0,0
1,5670765,107,17,4,2,0,60,384,0,0,0,159,2,0,1,0,1,23,0,0,0,43,0,0,0,0,0,0
1,5670716,107,17,4,2,0,60,384,0,0,0,159,2,0,1,0,1,23,0,0,0,43,0,0,0,0,0,0
1,4731786,83,6,0,0,0,13,186,0,0,0,0,0,0,0,0,0,12,1,0,0,0,0,0,0,0,0,0
1,5353724,102,16,2,0,1,212,122,0,0,0,11,0,2,0,0,0,0,0,0,0,0,2,0,0,0,0,0
1,5005520,391,5,5,0,0,0,65,1,0,0,6,0,0,0,0,0,0,0,0,0,0,0,0,0,0,0,0
1,5676107,107,17,4,2,0,60,386,0,0,0,159,2,0,1,0,1,23,0,0,0,45,0,0,0,0,0,0
1,4150191,10810,179,11,0,0,6,780,0,0,0,39,0,0,0,0,0,0,0,0,0,1,1,0,0,0,0,0
1,5267692,1849,74,39,0,0,0,185,0,0,0,48,0,0,0,0,0,0,0,0,0,0,1,0,0,0,0,0
1,4747379,136,7,0,0,0,6,48,0,0,0,0,0,0,0,0,0,0,1,0,0,0,0,0,0,0,0,0
1,5022469,1921,128,19,0,0,0,212,1,0,0,21,0,0,0,0,0,0,0,0,0,5,2,0,0,0,0,0
1,3003496,99889,14,1,0,1,51,106,14,0,0,7,0,1,0,0,0,0,0,0,0,5,1,0,0,0,0,0
1,2828071,50735,7,1,0,1,5,11,0,0,0,2,0,1,0,0,0,0,0,0,0,0,0,0,0,0,0,0
1,5352456,1247,49,5,0,0,0,86,1,0,0,5,0,0,0,0,0,0,0,0,0,0,0,0,0,0,0,0
1,4688411,128,7,0,0,0,6,42,0,0,0,0,0,0,0,0,0,0,1,0,0,0,0,0,0,0,0,0
1,5029302,271,5,2,0,0,0,30,1,0,0,2,0,0,0,0,0,0,0,0,0,0,0,0,0,0,0,0
1,5300123,3031,1691,6,0,0,0,172,0,0,0,6,0,0,0,0,0,0,0,0,0,1,1,0,0,0,0,0
1,4498010,68,7,0,0,0,4,38,0,0,0,0,0,0,0,0,0,3,1,0,0,0,0,0,0,0,0,0
1,4729583,9369,335,20,1,0,5,374,0,0,0,25,2,0,0,0,0,0,0,0,0,1,1,0,0,0,0,0
1,5671413,107,17,4,2,0,60,384,0,0,0,159,2,0,1,0,1,23,0,0,0,43,0,0,0,0,0,0
1,5012804,1772,38,15,0,0,0,336,1,0,0,29,0,0,0,0,0,0,0,0,0,3,6,0,0,0,0,0
1,4698889,87,12,0,0,0,4,47,0,0,0,0,0,0,0,0,0,6,1,0,0,0,0,0,0,0,0,0
1,3719919,62,12,3,1,0,6730,6752,0,0,0,6,1,0,0,0,0,0,0,0,0,0,0,0,0,0,0,0
1,4494239,68,7,0,0,0,4,38,0,0,0,0,0,0,0,0,0,3,1,0,0,0,0,0,0,0,0,0
1,4307276,5029,36,22,0,0,0,1329,0,0,0,57,0,0,0,0,0,0,0,0,0,5,2,0,0,0,0,0
1,5028939,4954,79,30,0,0,0,972,1,0,0,69,0,0,0,0,0,0,0,0,0,6,14,0,0,0,0,0
1,5008553,847,5,8,0,0,0,158,1,0,0,14,0,0,0,0,0,0,0,0,0,1,3,0,0,0,0,0
1,5013467,2080,94,10,0,0,0,293,0,0,0,12,0,0,0,0,0,0,0,0,0,5,1,0,0,0,0,0
1,5164564,2994,124,8,0,0,0,345,0,0,0,17,0,0,0,0,0,0,0,0,0,0,4,0,0,0,0,0
1,3758620,5038,5000,1,1,1,42,112,0,0,0,16,3,1,0,0,0,0,0,0,0,3,0,0,0,0,0,0
1,4697140,126,7,0,0,0,6,42,0,0,0,0,0,0,0,0,0,0,1,0,0,0,0,0,0,0,0,0
1,4631609,128,7,0,0,0,6,42,0,0,0,0,0,0,0,0,0,0,1,0,0,0,0,0,0,0,0,0
1,3144895,99909,21,1,0,0,60,165,0,0,0,12,0,0,0,0,0,0,0,0,0,7,2,0,0,0,0,0
1,5269073,1821,74,39,0,0,0,176,0,0,0,48,0,0,0,0,0,0,0,0,0,0,1,0,0,0,0,0
1,4709190,551,76,1,1,0,1547,10338,0,0,0,1509,2,0,0,0,0,0,0,0,204,0,1,0,0,0,0,0
1,5093630,64,6,0,0,0,4,39,0,0,0,0,0,0,0,0,0,3,1,0,0,0,0,0,0,0,0,0
1,5081632,1740,47,9,0,1,0,238,0,0,0,12,0,1,0,0,0,0,0,0,0,6,2,0,0,0,0,0
1,5018134,300,5,4,0,0,0,31,1,0,0,4,0,0,0,0,0,0,0,0,0,0,1,0,0,0,0,0
1,4579736,64,6,0,0,0,4,38,0,0,0,0,0,0,0,0,0,3,1,0,0,0,0,0,0,0,0,0
1,5580828,1966,936,6,0,0,0,168,0,0,0,6,0,0,0,0,0,0,0,0,0,1,1,0,0,0,0,0
1,5246704,1814,74,20,0,0,0,154,0,0,0,27,0,0,0,0,0,0,0,0,0,0,2,0,0,0,0,0
1,5136421,62,11,2,0,0,3,18,0,0,0,5,0,0,0,0,0,0,0,0,0,2,0,0,0,0,0,0
1,4758321,88982,88930,2,0,0,7,15,0,0,0,6,0,0,0,0,0,0,0,0,0,0,0,0,0,0,0,0
1,5160843,3006,124,8,0,0,0,352,0,0,0,17,0,0,0,0,0,0,0,0,0,0,4,0,0,0,0,0
1,5015055,1941,132,10,0,0,0,238,0,0,0,11,0,0,0,0,0,0,0,0,0,6,3,0,0,0,0,0
1,4260508,66870,5564,2,0,0,9,250,0,0,0,7,0,0,0,0,0,0,0,0,0,0,1,0,0,0,0,0
1,4187810,69606,31,1,1,1,319,87,268,0,0,3,4,1,0,0,0,0,0,0,0,1,0,0,0,0,0,0
1,4684535,129,7,0,0,0,6,45,0,0,0,0,0,0,0,0,0,0,1,0,0,0,0,0,0,0,0,0
1,3519014,542,8,0,0,1,0,3,0,0,0,0,0,1,0,0,0,0,0,0,0,1,1,0,0,0,0,0
1,4808329,101,7,0,0,0,14,285,0,0,0,0,0,0,0,0,0,26,1,0,0,0,0,0,0,0,0,0
1,5568571,1966,936,6,0,0,0,151,0,0,0,6,0,0,0,0,0,0,0,0,0,1,1,0,0,0,0,0
1,5566423,1966,936,6,0,0,0,169,0,0,0,6,0,0,0,0,0,0,0,0,0,1,1,0,0,0,0,0
1,4132461,10476,159,11,0,0,6,767,0,0,0,39,0,0,0,0,0,0,0,0,0,1,1,0,0,0,0,0
1,5014015,3102,37,23,0,1,0,678,1,0,0,52,0,1,0,0,0,0,0,0,0,6,9,0,0,0,0,0
1,4579155,70,7,0,0,0,4,38,0,0,0,0,0,0,0,0,0,3,1,0,0,0,0,0,0,0,0,0
1,2299668,27992,69,50,0,1,2,3573,1,0,0,159,0,1,0,0,0,0,0,0,0,8,12,0,0,0,0,0
1,4510012,67,7,0,0,0,4,38,0,0,0,0,0,0,0,0,0,3,1,0,0,0,0,0,0,0,0,0
1,2907606,50706,20,1,0,1,26,51,0,0,0,3,0,1,0,0,0,0,0,0,0,1,0,0,0,0,0,0
1,5149216,62,11,2,0,0,3,18,0,0,0,5,0,0,0,0,0,0,0,0,0,2,0,0,0,0,0,0
1,4651889,127,7,0,0,0,6,42,0,0,0,0,0,0,0,0,0,0,1,0,0,0,0,0,0,0,0,0
1,4660992,128,7,0,0,0,6,42,0,0,0,0,0,0,0,0,0,0,1,0,0,0,0,0,0,0,0,0
1,4459379,64,6,0,0,0,4,38,0,0,0,0,0,0,0,0,0,3,1,0,0,0,0,0,0,0,0,0
1,5669602,180,51,2,0,0,16,100,0,0,0,15,0,0,0,0,0,0,0,0,0,0,1,0,0,0,0,0
1,6036573,82,76,1,0,0,6543,19856,0,0,0,2,0,0,0,0,0,0,0,1,0,4,10,0,0,0,0,0
1,4733805,110,10,0,0,0,14,210,0,0,0,0,0,0,0,0,0,13,1,0,0,0,0,0,0,0,0,0
1,5565172,1966,936,6,0,0,0,160,0,0,0,6,0,0,0,0,0,0,0,0,0,1,1,0,0,0,0,0
1,5028062,1647,122,9,0,0,0,226,0,0,0,11,0,0,1,0,1,0,0,0,0,7,1,0,0,0,0,0
1,4799223,9229,339,20,1,0,5,370,0,0,0,25,2,0,0,0,0,0,0,0,0,1,1,0,0,0,0,0
1,5575730,1966,936,6,0,0,0,168,0,0,0,6,0,0,0,0,0,0,0,0,0,1,1,0,0,0,0,0
1,4929791,1030,110,8,0,0,0,70,1,0,0,8,0,0,0,0,0,0,0,0,0,3,0,0,0,0,0,0
1,4746222,133,7,0,0,0,6,51,0,0,0,0,0,0,0,0,0,0,1,0,0,0,0,0,0,0,0,0
1,5028101,1051,5,9,0,0,0,199,1,0,0,16,0,0,0,0,0,0,0,0,0,3,1,0,0,0,0,0
1,5175218,3012,124,8,0,0,0,354,0,0,0,17,0,0,0,0,0,0,0,0,0,0,4,0,0,0,0,0
1,2981565,87977,20,1,0,1,26,51,0,0,0,3,0,1,0,0,0,0,0,0,0,1,0,0,0,0,0,0
1,5027912,1241,5,7,0,1,0,150,1,0,0,7,0,1,0,0,0,0,0,0,0,3,1,0,0,0,0,0
1,5099362,1935,47,12,0,0,0,280,0,0,0,12,0,0,1,0,1,0,0,0,0,8,3,0,0,0,0,0
1,5160235,3437,340,10,1,0,25,881,0,0,0,34,2,0,0,0,0,0,0,0,0,1,1,0,0,0,0,0
1,5224847,2430,99,8,0,0,0,329,0,0,0,17,0,0,0,0,0,0,0,0,0,0,4,0,0,0,0,0
1,3385999,237409,112980,4,0,0,0,13,0,0,0,4,0,0,0,0,0,0,0,0,0,0,0,0,0,0,0,0
1,4686840,9392,351,12,1,0,6,371,0,0,0,24,2,0,0,0,0,0,0,0,0,1,1,0,0,0,0,0
1,3527850,126671,14,1,0,1,39,11622,0,0,0,7,0,1,0,0,0,0,0,0,0,5,1,0,0,0,0,0
1,2303256,16412,46,38,0,2,0,5024,1,0,0,238,0,5,0,0,0,0,0,0,0,18,7,0,0,0,0,0
1,5562403,1966,936,6,0,0,0,151,0,0,0,6,0,0,0,0,0,0,0,0,0,1,1,0,0,0,0,0
1,5296081,120,22,2,0,0,22,86,0,0,0,3,0,0,0,0,0,2,0,0,0,0,1,0,0,0,0,0
1,5668205,107,17,4,2,0,60,384,0,0,0,159,2,0,1,0,1,23,0,0,0,43,0,0,0,0,0,0
1,4965219,3407,359,10,1,0,25,1240,0,0,0,34,2,0,0,0,0,0,0,0,0,1,1,0,0,0,0,0
1,5005147,1242,154,10,0,0,0,211,0,0,0,13,0,0,1,0,1,0,0,0,0,9,3,0,0,0,0,0
1,5023516,1146,5,6,0,0,0,126,1,0,0,6,0,0,0,0,0,0,0,0,0,2,2,0,0,0,0,0
1,3968242,2139,2118,2,0,1,3,20,0,0,0,2,0,1,0,0,0,0,0,0,0,0,1,0,0,0,0,0
1,3605520,245593,116850,4,0,0,0,25,0,0,0,4,0,0,0,0,0,0,0,0,0,0,0,0,0,0,0,0
1,5671015,107,17,4,2,0,60,384,0,0,0,159,2,0,1,0,1,23,0,0,0,43,0,0,0,0,0,0
1,5104912,1878,25,10,0,0,0,274,0,0,0,12,0,0,1,0,1,0,0,0,0,4,4,0,0,0,0,0
1,5035720,358,5,2,0,0,0,36,1,0,0,2,0,0,0,0,0,0,0,0,0,0,0,0,0,0,0,0
1,4998991,1757,5,15,0,0,0,230,1,0,0,17,0,0,0,0,0,0,0,0,0,4,3,0,0,0,0,0
1,4983065,1717,124,9,0,0,0,222,0,0,0,11,0,0,0,0,0,0,0,0,0,8,2,0,0,0,0,0
1,5005161,1681,100,10,0,0,0,221,0,0,0,12,0,0,0,0,0,0,0,0,0,4,2,0,0,0,0,0
1,5675841,107,17,4,2,0,60,386,0,0,0,159,2,0,1,0,1,23,0,0,0,45,0,0,0,0,0,0
1,5114879,129,24,3,1,0,740,208,464,0,0,162,1,0,0,0,0,0,0,1,0,4,2,0,0,0,0,0
1,4477785,66,7,0,0,0,14,150,0,0,0,0,0,0,0,0,0,13,1,0,0,0,0,0,0,0,0,0
1,5012378,317,5,1,0,0,0,38,1,0,0,1,0,0,0,0,0,0,0,0,0,0,1,0,0,0,0,0
1,5018916,800,5,9,0,0,0,84,1,0,0,9,0,0,0,0,0,0,0,0,0,1,2,0,0,0,0,0
1,5670895,107,17,4,2,0,60,384,0,0,0,159,2,0,1,0,1,23,0,0,0,43,0,0,0,0,0,0
1,3501704,354,8,0,0,0,0,2,0,0,0,0,0,0,0,0,0,0,0,0,0,2,0,0,0,0,0,0
1,3408694,237409,112980,4,0,0,0,13,0,0,0,4,0,0,0,0,0,0,0,0,0,0,0,0,0,0,0,0
1,4336982,2297,34,22,0,0,0,371,1,0,0,29,0,0,0,0,0,0,0,0,0,2,2,0,0,0,0,0
1,3384781,246483,117240,4,0,0,0,24,0,0,0,4,0,0,0,0,0,0,0,0,0,0,0,0,0,0,0,0
1,5036218,2755,114,16,0,0,0,422,1,0,0,27,0,0,0,0,0,0,0,0,0,8,5,0,0,0,0,0
1,5008587,696,5,6,0,0,0,78,1,0,0,6,0,0,0,0,0,0,0,0,0,0,1,0,0,0,0,0
1,5007288,231,5,1,0,0,0,35,1,0,0,1,0,0,0,0,0,0,0,0,0,0,1,0,0,0,0,0
1,2964473,372851,7,1,0,1,5,11,0,0,0,2,0,1,0,0,0,0,0,0,0,0,0,0,0,0,0,0
1,4651268,69,7,0,0,0,13,146,0,0,0,0,0,0,0,0,0,12,1,0,0,0,0,0,0,0,0,0
1,4592965,67,7,0,0,0,13,146,0,0,0,0,0,0,0,0,0,12,1,0,0,0,0,0,0,0,0,0
1,5140122,62,11,2,0,0,3,18,0,0,0,5,0,0,0,0,0,0,0,0,0,2,0,0,0,0,0,0
1,5428143,159,27,26,2,1,183,475,0,0,0,163,6,1,2,0,2,0,0,0,0,30,0,0,0,0,0,0
1,3099366,47800,15,0,0,0,0,5,0,0,0,0,0,0,0,0,0,0,0,0,0,0,1,0,0,0,0,0
1,4752147,87,7,0,0,0,14,186,0,0,0,0,0,0,0,0,0,13,1,0,0,0,0,0,0,0,0,0
1,4570395,69,7,0,0,0,4,38,0,0,0,0,0,0,0,0,0,3,1,0,0,0,0,0,0,0,0,0
1,5047628,2130,118,11,0,0,0,281,0,0,0,12,0,0,0,0,0,0,0,0,0,8,3,0,0,0,0,0
1,5004764,1651,5,12,0,0,0,345,1,0,0,25,0,0,0,0,0,0,0,0,0,5,3,0,0,0,0,0
1,3971702,39,12,2,1,0,2002,5965,0,0,0,4,1,0,0,0,0,0,0,0,0,0,0,0,0,0,0,0
1,4402221,474,40,5,0,0,0,42,1,0,0,5,0,0,0,0,0,0,0,0,0,0,0,0,0,0,0,0
1,4944896,41,15,1,0,0,7,24,0,0,0,1,0,0,0,0,0,0,0,0,0,0,2,0,0,0,0,0
1,2278072,17581,94,28,0,1,0,896,1,0,0,33,0,1,0,0,0,0,0,0,0,1,2,0,0,0,0,0
1,4649980,129,7,0,0,0,6,45,0,0,0,0,0,0,0,0,0,0,1,0,0,0,0,0,0,0,0,0
1,5661062,180,51,2,0,0,16,99,0,0,0,15,0,0,0,0,0,0,0,0,0,0,1,0,0,0,0,0
1,5033507,620,5,5,0,0,0,68,1,0,0,5,0,0,0,0,0,0,0,0,0,0,1,0,0,0,0,0
1,5677405,180,51,2,0,0,16,99,0,0,0,15,0,0,0,0,0,0,0,0,0,0,1,0,0,0,0,0
1,703676,1946577,7,1,0,1,10,9,5,0,0,2,0,1,0,0,0,0,0,0,0,1,0,0,0,0,0,0
1,4404631,7076,49,32,0,0,0,750,1,0,0,32,0,0,0,0,0,0,0,0,0,6,1,0,0,0,0,0
1,4970313,1133,112,7,0,0,0,33,1,0,0,7,0,0,0,0,0,0,0,0,0,5,1,0,0,0,0,0
1,5014725,996,5,6,0,1,0,110,1,0,0,6,0,1,0,0,0,0,0,0,0,4,2,0,0,0,0,0
1,5020432,3822,46,27,0,0,0,477,1,0,0,35,0,0,0,0,0,0,0,0,0,5,5,0,0,0,0,0
1,5019434,1856,118,10,0,0,0,266,0,0,0,12,0,0,0,0,0,0,0,0,0,9,3,0,0,0,0,0
1,4991137,60,18,1,0,0,32,81,2,0,0,4,0,0,0,0,0,0,0,0,0,0,1,0,0,0,0,0
1,3798379,50699,77,3,1,0,288,553,0,0,0,46,14,0,0,0,0,1,1,0,0,6,12,0,0,0,0,0
1,4785985,84,6,0,0,0,4,50,0,0,0,0,0,0,0,0,0,3,1,0,0,0,0,0,0,0,0,0
1,4543602,69,7,0,0,0,4,38,0,0,0,0,0,0,0,0,0,3,1,0,0,0,0,0,0,0,0,0
1,5272852,1834,74,39,0,0,0,175,0,0,0,48,0,0,0,0,0,0,0,0,0,0,1,0,0,0,0,0
1,4739140,104,8,0,0,0,15,222,0,0,0,0,0,0,0,0,0,14,1,0,0,0,0,0,0,0,0,0
1,5080204,1869,40,10,0,0,0,272,0,0,0,12,0,0,0,0,0,0,0,0,0,6,3,0,0,0,0,0
1,5110179,1765,5,11,0,0,0,183,1,0,0,11,0,0,0,0,0,0,0,0,0,4,3,0,0,0,0,0
1,5676404,107,17,4,2,0,60,386,0,0,0,159,2,0,1,0,1,23,0,0,0,45,0,0,0,0,0,0
1,5036022,899,5,8,0,0,0,181,1,0,0,12,0,0,0,0,0,0,0,0,0,3,3,0,0,0,0,0
1,4328567,1857,61,14,0,0,0,104,1,0,0,14,0,0,0,0,0,0,0,0,0,0,1,0,0,0,0,0
1,4595882,81,10,0,0,0,4,38,0,0,0,0,0,0,0,0,0,3,1,0,0,0,0,0,0,0,0,0
1,5076368,1829,79,11,0,1,0,240,0,0,0,12,0,1,0,0,0,0,0,0,0,4,2,0,0,0,0,0
1,5023006,3413,60,32,0,1,0,690,1,0,0,58,0,1,1,0,1,0,0,0,0,9,7,0,0,0,0,0
1,4525516,67,7,0,0,0,4,38,0,0,0,0,0,0,0,0,0,3,1,0,0,0,0,0,0,0,0,0
1,5022429,1867,116,10,0,1,0,241,0,0,0,12,0,1,0,0,0,0,0,0,0,5,2,0,0,0,0,0
1,5671508,107,17,4,2,0,60,386,0,0,0,159,2,0,1,0,1,23,0,0,0,45,0,0,0,0,0,0
1,3737452,5038,5000,1,1,1,54,136,0,0,0,28,3,1,0,0,0,0,0,0,0,3,0,0,0,0,0,0
1,5566460,1966,936,6,0,0,0,153,0,0,0,6,0,0,0,0,0,0,0,0,0,1,1,0,0,0,0,0
1,5671390,107,17,4,2,0,60,384,0,0,0,159,2,0,1,0,1,23,0,0,0,43,0,0,0,0,0,0
1,4399675,59,3,0,0,0,0,9,1,0,0,0,0,0,0,0,0,0,0,0,0,0,0,0,0,0,0,0
1,3563681,26162,7,0,0,1,1,2533,0,0,0,0,0,1,0,0,0,0,0,0,0,0,0,0,0,0,0,0
1,4937460,42,15,1,0,0,6,21,0,0,0,1,0,0,0,0,0,0,0,0,0,0,2,0,0,0,0,0
1,5590033,1966,936,6,0,0,0,170,0,0,0,6,0,0,0,0,0,0,0,0,0,1,1,0,0,0,0,0
1,5352635,163,22,2,0,0,15,92,0,0,0,5,0,0,0,0,0,2,0,0,0,0,3,0,0,0,0,0
1,3170420,71363,35,1,1,0,54,141,0,0,0,3,4,0,0,0,0,0,0,0,0,0,1,0,0,0,0,0
1,4428689,1172,34,4,0,0,0,240,1,0,0,11,0,0,0,0,0,0,0,0,0,3,0,0,0,0,0,0
1,5023251,921,5,8,0,0,0,158,1,0,0,15,0,0,0,0,0,0,0,0,0,2,5,0,0,0,0,0
1,5670548,107,17,4,2,0,60,384,0,0,0,159,2,0,1,0,1,23,0,0,0,43,0,0,0,0,0,0
1,5025752,1265,118,10,0,1,0,227,0,0,0,12,0,1,0,0,0,0,0,0,0,7,2,0,0,0,0,0
1,5047119,1571,140,8,0,0,0,237,0,0,0,12,0,0,0,0,0,0,0,0,0,4,3,0,0,0,0,0
1,4453797,6457,60,39,0,0,0,1556,1,0,0,81,0,0,0,0,0,0,0,0,0,15,9,0,0,0,0,0
1,2303418,257,3,0,0,0,0,13,1,0,0,0,0,0,0,0,0,0,0,0,0,0,0,0,0,0,0,0
1,5667718,107,17,4,2,0,60,384,0,0,0,159,2,0,1,0,1,23,0,0,0,43,0,0,0,0,0,0
1,5021141,2513,73,21,0,0,0,390,1,0,0,38,0,0,0,0,0,0,0,0,0,4,2,0,0,0,0,0
1,5082709,1870,83,10,0,1,0,256,0,0,0,11,0,1,0,0,0,0,0,0,0,3,1,0,0,0,0,0
1,5271757,1835,74,39,0,0,0,178,0,0,0,48,0,0,0,0,0,0,0,0,0,0,1,0,0,0,0,0
1,4488657,67,7,0,0,0,4,38,0,0,0,0,0,0,0,0,0,3,1,0,0,0,0,0,0,0,0,0
1,5010107,1036,5,9,0,0,0,141,1,0,0,11,0,0,0,0,0,0,0,0,0,1,2,0,0,0,0,0
1,4648554,127,7,0,0,0,6,42,0,0,0,0,0,0,0,0,0,0,1,0,0,0,0,0,0,0,0,0
1,4098151,4784,178,10,0,0,6,1841,0,0,0,45,0,0,0,0,0,0,0,0,0,1,1,0,0,0,0,0
1,4528335,69,7,0,0,0,4,38,0,0,0,0,0,0,0,0,0,3,1,0,0,0,0,0,0,0,0,0
1,5668075,180,51,2,0,0,16,98,0,0,0,15,0,0,0,0,0,0,0,0,0,0,1,0,0,0,0,0
1,4625052,126,7,0,0,0,6,45,0,0,0,0,0,0,0,0,0,0,1,0,0,0,0,0,0,0,0,0
1,4290615,11114,43,0,0,1,0,911,0,0,0,0,0,1,0,0,0,0,0,0,0,1,1,0,0,0,0,0
1,5671163,107,17,4,2,0,60,384,0,0,0,159,2,0,1,0,1,23,0,0,0,43,0,0,0,0,0,0
1,5016115,1864,108,10,0,0,0,250,0,0,0,13,0,0,0,0,0,0,0,0,0,4,2,0,0,0,0,0
1,5025608,1490,104,11,0,0,0,142,1,0,0,11,0,0,0,0,0,0,0,0,0,2,1,0,0,0,0,0
1,5676383,107,17,4,2,0,60,386,0,0,0,159,2,0,1,0,1,23,0,0,0,45,0,0,0,0,0,0
1,5025570,1037,5,7,0,0,0,124,1,0,0,7,0,0,0,0,0,0,0,0,0,1,0,0,0,0,0,0
1,5668054,107,17,4,2,0,60,384,0,0,0,159,2,0,1,0,1,23,0,0,0,43,0,0,0,0,0,0
1,5030544,4638,51,44,0,0,0,590,1,0,0,52,0,0,0,0,0,0,0,0,0,5,5,0,0,0,0,0
1,5016433,2787,5,28,0,1,0,469,1,0,0,43,0,1,0,0,0,0,0,0,0,3,4,0,0,0,0,0
1,5271829,1814,74,39,0,0,0,175,0,0,0,48,0,0,0,0,0,0,0,0,0,0,1,0,0,0,0,0
1,5047879,1714,128,9,0,0,0,243,0,0,0,11,0,0,0,0,0,0,0,0,0,5,2,0,0,0,0,0
1,4681419,97,8,0,0,0,15,222,0,0,0,0,0,0,0,0,0,14,1,0,0,0,0,0,0,0,0,0
1,4775969,68,6,0,0,0,11,189,0,0,0,0,0,0,0,0,0,20,1,0,0,0,0,0,0,0,0,0
1,5044950,1414,5,11,0,0,0,202,1,0,0,14,0,0,0,0,0,0,0,0,0,7,2,0,0,0,0,0
1,3340914,127294,7,1,0,1,5,14,0,0,0,2,0,1,0,0,0,0,0,0,0,1,0,0,0,0,0,0
1,5008817,1253,48,13,0,0,0,343,1,0,0,37,0,0,0,0,0,0,0,0,0,5,1,0,0,0,0,0
1,4522726,85,12,0,0,0,4,38,0,0,0,0,0,0,0,0,0,3,1,0,0,0,0,0,0,0,0,0
1,5047319,1789,116,10,0,0,0,234,0,0,0,12,0,0,0,0,0,0,0,0,0,6,2,0,0,0,0,0
1,2912054,30579,13,1,0,1,5,14,0,0,0,2,0,1,0,0,0,0,0,0,0,0,0,0,0,0,0,0
1,5003355,891,5,9,0,0,0,89,1,0,0,9,0,0,0,0,0,0,0,0,0,1,0,0,0,0,0,0
1,5007805,1145,5,16,0,0,0,198,1,0,0,24,0,0,0,0,0,0,0,0,0,2,3,0,0,0,0,0
1,5041776,100096,95792,1,0,0,309,35600,129,0,0,18,0,0,0,0,0,0,0,0,0,5,0,0,0,0,0,0
1,4650536,128,7,0,0,0,6,45,0,0,0,0,0,0,0,0,0,0,1,0,0,0,0,0,0,0,0,0
1,4510012,67,7,0,0,0,4,38,0,0,0,0,0,0,0,0,0,3,1,0,0,0,0,0,0,0,0,0
1,5131914,3277,24,11,0,0,0,423,0,0,0,12,0,0,1,0,1,0,0,0,0,2,0,0,0,0,0,0
1,5038874,752,5,8,0,0,0,79,1,0,0,8,0,0,0,0,0,0,0,0,0,3,1,0,0,0,0,0
1,4518831,69,7,0,0,0,4,38,0,0,0,0,0,0,0,0,0,3,1,0,0,0,0,0,0,0,0,0
1,5659576,180,51,2,0,0,16,98,0,0,0,15,0,0,0,0,0,0,0,0,0,0,1,0,0,0,0,0
1,5036353,2083,142,11,0,0,0,238,0,0,0,12,0,0,0,0,0,0,0,0,0,3,1,0,0,0,0,0
1,5049266,2228,110,10,0,0,0,266,0,0,0,12,0,0,0,0,0,0,0,0,0,5,3,0,0,0,0,0
1,4979981,3539,347,10,1,0,21,1209,0,0,0,30,2,0,0,0,0,0,0,0,0,1,1,0,0,0,0,0
1,3352777,2888,35,25,0,0,0,253,1,0,0,45,0,0,1,0,1,2,0,0,0,5,13,0,0,0,0,0
1,4879515,85,7,0,0,0,12,218,0,0,0,0,0,0,0,0,0,22,1,0,0,0,0,0,0,0,0,0
1,5034842,1244,5,6,0,0,0,128,1,0,0,6,0,0,0,0,0,0,0,0,0,4,1,0,0,0,0,0
1,4657062,69,7,0,0,0,4,47,0,0,0,0,0,0,0,0,0,6,1,0,0,0,0,0,0,0,0,0
1,5586701,1966,936,6,0,0,0,169,0,0,0,6,0,0,0,0,0,0,0,0,0,1,1,0,0,0,0,0
1,5021776,170,5,1,0,0,0,19,1,0,0,1,0,0,0,0,0,0,0,0,0,0,0,0,0,0,0,0
1,4528134,125,7,0,0,0,16,158,0,0,0,0,0,0,0,0,0,0,1,0,0,0,0,0,0,0,0,0
1,5220994,2416,99,8,0,0,0,332,0,0,0,17,0,0,0,0,0,0,0,0,0,0,4,0,0,0,0,0
1,3879923,16748,117,2,1,0,0,60,0,0,0,2,1,0,0,0,0,0,0,0,0,0,2,0,0,0,0,0
1,5675910,107,17,4,2,0,60,386,0,0,0,159,2,0,1,0,1,23,0,0,0,45,0,0,0,0,0,0
1,5305969,163,22,2,0,0,15,92,0,0,0,5,0,0,0,0,0,2,0,0,0,0,3,0,0,0,0,0
1,5012480,1586,34,13,0,0,0,714,1,0,0,59,0,0,0,0,0,0,0,0,0,9,7,0,0,0,0,0
1,5267742,1837,74,39,0,0,0,178,0,0,0,48,0,0,0,0,0,0,0,0,0,0,1,0,0,0,0,0
1,4968326,4511,60,11,0,0,0,570,0,0,0,12,0,0,0,0,0,0,0,0,0,1,0,0,0,0,0,0
1,4570395,69,7,0,0,0,4,38,0,0,0,0,0,0,0,0,0,3,1,0,0,0,0,0,0,0,0,0
1,5004030,322,4,2,0,0,0,35,1,0,0,2,0,0,0,0,0,0,0,0,0,0,1,0,0,0,0,0
1,5656419,180,51,2,0,0,16,101,0,0,0,15,0,0,0,0,0,0,0,0,0,0,1,0,0,0,0,0
1,5570539,1966,936,6,0,0,0,168,0,0,0,6,0,0,0,0,0,0,0,0,0,1,1,0,0,0,0,0
1,5046311,1749,5,10,0,0,0,199,1,0,0,10,0,0,0,0,0,0,0,0,0,5,2,0,0,0,0,0
1,5576471,1966,936,6,0,0,0,180,0,0,0,6,0,0,0,0,0,0,0,0,0,1,1,0,0,0,0,0
1,3342322,2946,57,28,0,2,0,166,1,0,0,29,0,3,5,0,5,0,0,0,0,0,7,0,0,0,0,0
1,5018931,1522,118,7,0,0,0,243,0,0,0,12,0,0,1,0,1,0,0,0,0,7,2,0,0,0,0,0
1,2316779,3709,68,7,0,0,0,285,1,0,0,13,0,0,0,0,0,0,0,0,0,4,1,0,0,0,0,0
1,5036122,3600,367,10,1,0,23,1247,0,0,0,32,2,0,0,0,0,0,0,0,0,1,1,0,0,0,0,0
1,4991276,1621,5,13,0,0,0,273,1,0,0,24,0,0,0,0,0,0,0,0,0,1,3,0,0,0,0,0
1,4498010,68,7,0,0,0,4,38,0,0,0,0,0,0,0,0,0,3,1,0,0,0,0,0,0,0,0,0
1,5098878,2020,53,10,0,0,0,273,0,0,0,11,0,0,0,0,0,0,0,0,0,4,1,0,0,0,0,0
1,5025457,3579,329,10,1,0,21,875,0,0,0,30,2,0,0,0,0,0,0,0,0,1,1,0,0,0,0,0
1,4604364,67,7,0,0,0,4,47,0,0,0,0,0,0,0,0,0,6,1,0,0,0,0,0,0,0,0,0
1,4317584,74,10,0,0,0,0,8,1,0,0,0,0,0,0,0,0,0,0,0,0,0,0,0,0,0,0,0
1,5570056,1974,944,6,0,0,0,138,0,0,0,6,0,0,0,0,0,0,0,0,0,1,1,0,0,0,0,0
1,5671670,107,17,4,2,0,60,384,0,0,0,159,2,0,1,0,1,23,0,0,0,43,0,0,0,0,0,0
1,2301503,10932,95,13,0,0,0,749,1,0,0,22,0,0,0,0,0,0,0,0,0,2,1,0,0,0,0,0
1,5092432,4877,187,9,0,0,0,407,0,0,0,18,0,0,0,0,0,0,0,0,0,0,3,0,0,0,0,0
1,5274902,147,33,3,0,0,1761,354,1296,0,0,352,0,0,0,0,0,0,0,0,0,4,3,0,0,0,0,0
1,4735832,82,10,0,0,0,4,38,0,0,0,0,0,0,0,0,0,3,1,0,0,0,0,0,0,0,0,0
1,5012318,3174,5,27,0,0,0,345,1,0,0,27,0,0,1,0,1,0,0,0,0,5,5,0,0,0,0,0
1,5018024,1703,5,11,0,0,0,188,1,0,0,11,0,0,0,0,0,0,0,0,0,4,2,0,0,0,0,0
1,5007014,3126,5,23,0,0,0,410,1,0,0,34,0,0,0,0,0,0,0,0,0,7,3,0,0,0,0,0
1,4564328,6323,165,7,1,0,4,270,0,0,0,17,1,0,0,0,0,0,0,0,0,1,2,0,0,0,0,0
1,5028194,339,5,1,0,0,0,39,1,0,0,1,0,0,0,0,0,0,0,0,0,0,0,0,0,0,0,0
1,5003464,1986,110,10,0,0,0,211,1,0,0,10,0,0,1,0,1,0,0,0,0,6,4,0,0,0,0,0
1,4732789,6441,136,7,0,0,10,272,0,0,0,20,0,0,0,0,0,0,0,0,0,1,1,0,0,0,0,0
1,5010607,1820,47,14,0,0,0,625,1,0,0,53,0,0,0,0,0,0,0,0,0,8,7,0,0,0,0,0
1,4792929,88,7,0,0,0,14,186,0,0,0,0,0,0,0,0,0,13,1,0,0,0,0,0,0,0,0,0
1,4549365,69,7,0,0,0,4,38,0,0,0,0,0,0,0,0,0,3,1,0,0,0,0,0,0,0,0,0
1,4716355,132,7,0,0,0,6,48,0,0,0,0,0,0,0,0,0,0,1,0,0,0,0,0,0,0,0,0
1,4630536,75,15,0,0,0,1291,3227,0,0,0,0,0,0,0,0,0,0,0,0,0,0,1,0,0,0,0,0
1,5009801,1752,31,11,0,0,0,277,1,0,0,19,0,0,0,0,0,0,0,0,0,3,4,0,0,0,0,0
1,5000036,1541,128,9,0,1,0,196,0,0,0,11,0,1,0,0,0,0,0,0,0,5,2,0,0,0,0,0
1,4766729,9546,24,24,0,0,4,697,0,0,0,49,0,0,0,0,0,0,0,0,0,2,1,0,0,0,0,0
1,2282167,49,3,0,0,0,0,4,1,0,0,0,0,0,0,0,0,0,0,0,0,0,0,0,0,0,0,0
1,5017439,954,5,11,0,0,0,167,1,0,0,14,0,0,0,0,0,0,0,0,0,2,2,0,0,0,0,0
1,5012110,888,5,9,0,0,0,275,1,0,0,21,0,0,0,0,0,0,0,0,0,5,0,0,0,0,0,0
1,4828945,113,7,0,0,0,13,48,0,0,0,0,0,0,0,0,0,8,1,0,0,0,0,0,0,0,0,0
1,5080195,2282,51,12,0,2,0,249,0,0,0,12,0,2,0,0,0,0,0,0,0,6,3,0,0,0,0,0
1,5026733,1462,164,8,0,0,0,233,0,0,0,12,0,0,0,0,0,0,0,0,0,5,3,0,0,0,0,0
1,5035192,1898,100,9,0,0,0,257,0,0,0,11,0,0,0,0,0,0,0,0,0,10,3,0,0,0,0,0
1,4315792,1300,4,6,0,0,0,147,1,0,0,6,0,0,0,0,0,0,0,0,0,2,0,0,0,0,0,0
1,4390969,359,4,2,0,0,0,43,1,0,0,2,0,0,0,0,0,0,0,0,0,1,0,0,0,0,0,0
1,5008438,4393,50,35,0,1,0,581,1,0,0,41,0,1,0,0,0,0,0,0,0,8,8,0,0,0,0,0
1,3415440,2171,59,20,0,0,0,114,1,0,0,20,0,0,3,0,3,3,0,0,0,0,3,0,0,0,0,0
1,5169306,3016,124,8,0,0,0,358,0,0,0,17,0,0,0,0,0,0,0,0,0,0,4,0,0,0,0,0
1,5036289,1786,114,11,0,1,0,235,0,0,0,12,0,1,0,0,0,0,0,0,0,4,2,0,0,0,0,0
1,4134480,10342,168,11,0,0,6,761,0,0,0,39,0,0,0,0,0,0,0,0,0,1,1,0,0,0,0,0
1,4643580,6554,142,9,1,0,6,291,0,0,0,22,2,0,0,0,0,0,0,0,0,1,1,0,0,0,0,0
1,2309901,5752,57,12,0,0,0,242,1,0,0,12,0,0,0,0,0,0,0,0,0,1,0,0,0,0,0,0
1,5012178,2273,104,13,0,1,0,272,0,0,0,13,0,1,0,0,0,0,0,0,0,6,2,0,0,0,0,0
1,5071246,1928,46,10,0,1,0,245,0,0,0,12,0,1,0,0,0,0,0,0,0,6,4,0,0,0,0,0
1,4526637,6178,123,9,1,0,6,297,0,0,0,22,2,0,0,0,0,0,0,0,0,1,1,0,0,0,0,0
1,4116958,10467,179,10,0,0,7,1009,0,0,0,47,0,0,0,0,0,0,0,0,0,1,1,0,0,0,0,0
1,4613391,95,7,0,0,0,4,50,0,0,0,0,0,0,0,0,0,3,1,0,0,0,0,0,0,0,0,0
1,5013473,509,5,4,0,0,0,59,1,0,0,4,0,0,0,0,0,0,0,0,0,0,1,0,0,0,0,0
1,5119705,63,11,2,0,0,4,18,0,0,0,7,0,0,0,0,0,0,0,0,0,2,0,0,0,0,0,0
1,5034157,998,5,7,0,0,0,114,1,0,0,7,0,0,0,0,0,0,0,0,0,2,1,0,0,0,0,0
1,4657062,69,7,0,0,0,4,47,0,0,0,0,0,0,0,0,0,6,1,0,0,0,0,0,0,0,0,0
1,5653456,180,59,2,0,0,16,97,0,0,0,15,0,0,0,0,0,0,0,0,0,0,1,0,0,0,0,0
1,4509624,68,7,0,0,0,4,38,0,0,0,0,0,0,0,0,0,3,1,0,0,0,0,0,0,0,0,0
1,4996994,1751,5,9,0,0,0,188,1,0,0,9,0,0,0,0,0,0,0,0,0,5,2,0,0,0,0,0
1,4459185,5523,43,22,0,0,0,1260,0,0,0,43,0,0,0,0,0,0,0,0,0,5,0,0,0,0,0,0
1,4795353,133,9,0,0,0,6,42,0,0,0,0,0,0,0,0,0,0,1,0,0,0,0,0,0,0,0,0
1,5023220,802,5,6,0,0,0,290,1,0,0,21,0,0,0,0,0,0,0,0,0,4,5,0,0,0,0,0
1,4410558,93,19,2,1,0,551,28,545,0,0,4,1,0,0,0,0,0,0,0,0,1,2,0,0,0,0,0
1,5275617,1832,74,39,0,0,0,178,0,0,0,48,0,0,0,0,0,0,0,0,0,0,1,0,0,0,0,0
1,5675709,107,17,4,2,0,60,386,0,0,0,159,2,0,1,0,1,23,0,0,0,45,0,0,0,0,0,0
1,4981523,1710,148,11,0,0,0,213,0,0,0,12,0,0,0,0,0,0,0,0,0,7,2,0,0,0,0,0
1,5675439,107,17,4,2,0,60,386,0,0,0,159,2,0,1,0,1,23,0,0,0,45,0,0,0,0,0,0
1,4993331,217,5,0,0,0,0,27,1,0,0,0,0,0,0,0,0,0,0,0,0,2,0,0,0,0,0,0
1,4176997,10637,179,11,0,0,6,767,0,0,0,39,0,0,0,0,0,0,0,0,0,1,1,0,0,0,0,0
1,5676574,107,17,4,2,0,60,386,0,0,0,159,2,0,1,0,1,23,0,0,0,45,0,0,0,0,0,0
1,4711254,64,5,0,0,0,11,139,0,0,0,0,0,0,0,0,0,20,1,0,0,0,0,0,0,0,0,0
1,5584646,1966,936,6,0,0,0,157,0,0,0,6,0,0,0,0,0,0,0,0,0,1,1,0,0,0,0,0
1,4346144,5973,47,43,0,0,0,353,1,0,0,43,0,0,0,0,0,0,0,0,0,7,3,0,0,0,0,0
1,5093916,1770,33,10,0,0,0,234,0,0,0,11,0,0,1,0,1,0,0,0,0,5,2,0,0,0,0,0
1,4411212,3583,80,25,0,0,0,385,1,0,0,25,0,0,0,0,0,0,0,0,0,1,3,0,0,0,0,0
1,4526127,6305,150,9,1,0,6,284,0,0,0,22,2,0,0,0,0,0,0,0,0,1,1,0,0,0,0,0
1,3335031,5777,78,38,0,1,0,465,1,0,0,60,0,2,3,0,3,0,0,0,0,7,15,0,0,0,0,0
1,4405632,3297,4,13,0,0,0,364,1,0,0,13,0,0,0,0,0,0,0,0,0,2,1,0,0,0,0,0
1,5072710,1407,32,8,0,1,0,250,0,0,0,11,0,1,0,0,0,0,0,0,0,7,2,0,0,0,0,0
1,5019573,2229,92,19,0,0,0,1067,1,0,0,82,0,0,0,0,0,0,0,0,0,10,9,0,0,0,0,0
1,5018425,251,5,1,0,0,0,27,1,0,0,1,0,0,0,0,0,0,0,0,0,0,2,0,0,0,0,0
1,4610002,68,7,0,0,0,4,38,0,0,0,0,0,0,0,0,0,3,1,0,0,0,0,0,0,0,0,0
1,4494869,66,7,0,0,0,4,38,0,0,0,0,0,0,0,0,0,3,1,0,0,0,0,0,0,0,0,0
1,4488657,67,7,0,0,0,4,38,0,0,0,0,0,0,0,0,0,3,1,0,0,0,0,0,0,0,0,0
1,5043628,3375,350,10,1,0,17,865,0,0,0,26,2,0,0,0,0,0,0,0,0,1,1,0,0,0,0,0
1,5676168,107,17,4,2,0,60,386,0,0,0,159,2,0,1,0,1,23,0,0,0,45,0,0,0,0,0,0
1,4521506,70,7,0,0,0,4,38,0,0,0,0,0,0,0,0,0,3,1,0,0,0,0,0,0,0,0,0
1,4569722,70,7,0,0,0,4,38,0,0,0,0,0,0,0,0,0,3,1,0,0,0,0,0,0,0,0,0
1,4628754,67,7,0,0,0,4,47,0,0,0,0,0,0,0,0,0,6,1,0,0,0,0,0,0,0,0,0
1,3864624,83878,83844,3,1,0,8,24,0,0,0,9,1,0,0,0,0,0,0,0,0,0,1,0,0,0,0,0
1,5266588,1835,74,39,0,0,0,178,0,0,0,48,0,0,0,0,0,0,0,0,0,0,1,0,0,0,0,0
1,2828967,50773,13,1,0,0,5,11,0,0,0,2,0,0,0,0,0,0,0,0,0,0,1,0,0,0,0,0
1,4549365,69,7,0,0,0,4,38,0,0,0,0,0,0,0,0,0,3,1,0,0,0,0,0,0,0,0,0
1,5090811,4884,187,9,0,0,0,409,0,0,0,18,0,0,0,0,0,0,0,0,0,0,3,0,0,0,0,0
1,4910861,3603,359,10,1,0,28,1246,0,0,0,37,2,0,0,0,0,0,0,0,0,2,1,0,0,0,0,0
1,2306891,9768,59,21,0,0,0,489,1,0,0,23,0,0,0,0,0,0,0,0,0,2,0,0,0,0,0,0
1,5016753,2513,44,18,0,0,0,1015,1,0,0,75,0,0,1,0,1,0,0,0,0,10,10,0,0,0,0,0
1,4944065,1665,116,10,0,0,0,58,1,0,0,10,0,0,0,0,0,0,0,0,0,4,2,0,0,0,0,0
1,5664806,180,51,2,0,0,16,100,0,0,0,15,0,0,0,0,0,0,0,0,0,0,1,0,0,0,0,0
1,4494519,1579,60,9,0,0,0,170,1,0,0,9,0,0,0,0,0,0,0,0,0,2,1,0,0,0,0,0
1,4525516,67,7,0,0,0,4,38,0,0,0,0,0,0,0,0,0,3,1,0,0,0,0,0,0,0,0,0
1,4540393,68,7,0,0,0,4,38,0,0,0,0,0,0,0,0,0,3,1,0,0,0,0,0,0,0,0,0
1,5016187,3492,338,10,1,0,20,872,0,0,0,29,2,0,0,0,0,0,0,0,0,1,1,0,0,0,0,0
1,4104302,4757,178,10,0,0,6,1829,0,0,0,45,0,0,0,0,0,0,0,0,0,1,1,0,0,0,0,0
1,5016151,1162,126,4,0,0,0,110,1,0,0,4,0,0,0,0,0,0,0,0,0,2,1,0,0,0,0,0
1,3183752,71342,21,1,0,0,60,165,0,0,0,12,0,0,0,0,0,0,0,0,0,7,2,0,0,0,0,0
1,5662485,180,51,2,0,0,16,99,0,0,0,15,0,0,0,0,0,0,0,0,0,0,1,0,0,0,0,0
1,4653910,101,15,0,0,0,4,38,0,0,0,0,0,0,0,0,0,3,1,0,0,0,0,0,0,0,0,0
1,4363142,3445,4,23,0,0,0,310,1,0,0,23,0,0,0,0,0,0,0,0,0,4,1,0,0,0,0,0
1,5671406,107,17,4,2,0,60,384,0,0,0,159,2,0,1,0,1,23,0,0,0,43,0,0,0,0,0,0
1,3317128,6525,53,56,0,4,0,1508,0,0,0,285,0,13,8,0,8,0,0,0,0,10,27,0,0,0,0,0
1,5038449,1203,5,6,0,0,0,124,1,0,0,6,0,0,0,0,0,0,0,0,0,1,1,0,0,0,0,0
1,5340437,100,17,4,2,0,80,435,0,0,0,171,10,0,1,0,1,23,0,0,0,47,0,0,0,0,0,0
1,5676624,107,17,4,2,0,60,386,0,0,0,159,2,0,1,0,1,23,0,0,0,45,0,0,0,0,0,0
1,4649243,128,7,0,0,0,6,45,0,0,0,0,0,0,0,0,0,0,1,0,0,0,0,0,0,0,0,0
1,4894005,92,12,0,0,0,72,310,0,0,0,0,0,0,0,0,0,13,0,0,0,3,0,0,0,0,0,0
1,5022503,1513,114,10,0,0,0,231,0,0,0,12,0,0,0,0,0,0,0,0,0,8,1,0,0,0,0,0
1,4510494,66,7,0,0,0,4,38,0,0,0,0,0,0,0,0,0,3,1,0,0,0,0,0,0,0,0,0
1,5581020,1966,936,6,0,0,0,157,0,0,0,6,0,0,0,0,0,0,0,0,0,1,1,0,0,0,0,0
1,5672735,107,17,4,2,0,60,386,0,0,0,159,2,0,1,0,1,23,0,0,0,45,0,0,0,0,0,0
1,5175034,3009,124,8,0,0,0,353,0,0,0,17,0,0,0,0,0,0,0,0,0,0,4,0,0,0,0,0
1,5228706,2440,99,8,0,0,0,342,0,0,0,17,0,0,0,0,0,0,0,0,0,0,4,0,0,0,0,0
1,4490600,5108,38,21,0,0,0,1320,0,0,0,50,0,0,0,0,0,0,0,0,0,5,0,0,0,0,0,0
1,5672786,107,17,4,2,0,60,386,0,0,0,159,2,0,1,0,1,23,0,0,0,45,0,0,0,0,0,0
1,2297876,14529,41,26,0,0,0,2566,1,0,0,105,0,0,0,0,0,0,0,0,0,11,10,0,0,0,0,0
1,4848795,71,6,0,0,0,4,59,0,0,0,0,0,0,0,0,0,6,1,0,0,0,0,0,0,0,0,0
1,5650691,180,64,2,0,0,16,95,0,0,0,15,0,0,0,0,0,0,0,0,0,0,1,0,0,0,0,0
1,5675450,107,17,4,2,0,60,386,0,0,0,159,2,0,1,0,1,23,0,0,0,45,0,0,0,0,0,0
1,5004007,1810,5,9,0,0,0,193,1,0,0,9,0,0,0,0,0,0,0,0,0,7,2,0,0,0,0,0
1,3533643,322,8,0,0,0,0,2,0,0,0,0,0,0,0,0,0,0,0,0,0,2,0,0,0,0,0,0
1,2976540,19480,10,0,1,0,0,4364,0,0,0,0,1,0,0,0,0,0,0,0,0,1,0,0,0,0,0,0
1,5676357,107,17,4,2,0,60,386,0,0,0,159,2,0,1,0,1,23,0,0,0,45,0,0,0,0,0,0
1,5037077,1974,130,10,0,0,0,242,0,0,0,12,0,0,0,0,0,0,0,0,0,8,6,0,0,0,0,0
1,5136904,137,23,3,1,0,770,227,456,0,0,208,1,0,0,0,0,0,0,0,0,1,2,0,0,0,0,0
1,3465164,237953,112980,4,0,0,0,24,0,0,0,4,0,0,0,0,0,0,0,0,0,0,0,0,0,0,0,0
1,5167577,2997,124,8,0,0,0,356,0,0,0,17,0,0,0,0,0,0,0,1,0,0,4,0,0,0,0,0
1,5141109,5319,20,4,1,1,2,965,1,0,0,11,1,3,0,0,0,0,0,0,0,1,0,0,0,0,0,0
1,5014545,1848,112,10,0,0,0,241,0,0,0,13,0,0,0,0,0,0,0,0,0,4,1,0,0,0,0,0
1,5151985,62,11,2,0,0,3,18,0,0,0,5,0,0,0,0,0,0,0,0,0,2,0,0,0,0,0,0
1,3291975,237409,112980,4,0,0,0,13,0,0,0,4,0,0,0,0,0,0,0,0,0,0,0,0,0,0,0,0
1,3947482,2139,2118,2,0,1,3,20,0,0,0,2,0,1,0,0,0,0,0,0,0,0,1,0,0,0,0,0
1,4477434,5401,94,47,0,1,0,612,1,0,0,47,0,1,0,0,0,0,0,0,0,7,3,0,0,0,0,0
1,4912922,3634,333,10,1,0,26,1245,0,0,0,35,2,0,0,0,0,0,0,0,0,1,1,0,0,0,0,0
1,5676035,107,17,4,2,0,60,386,0,0,0,159,2,0,1,0,1,23,0,0,0,45,0,0,0,0,0,0
1,4109019,10496,158,11,0,0,6,786,0,0,0,39,0,0,0,0,0,0,0,3,0,1,1,0,0,0,0,0
1,3572396,320652,320641,3,0,0,0,62,0,0,1,15,0,0,1,0,1,0,0,0,0,17,0,0,0,0,0,0
1,3440531,237409,112980,4,0,0,0,13,0,0,0,4,0,0,0,0,0,0,0,0,0,0,0,0,0,0,0,0
1,5675266,107,17,4,2,0,60,386,0,0,0,159,2,0,1,0,1,23,0,0,0,45,0,0,0,0,0,0
1,5171834,3010,124,8,0,0,0,353,0,0,0,17,0,0,0,0,0,0,0,0,0,0,4,0,0,0,0,0
1,4524593,69,7,0,0,0,4,38,0,0,0,0,0,0,0,0,0,3,1,0,0,0,0,0,0,0,0,0
1,3438498,237949,112980,4,0,0,0,24,0,0,0,4,0,0,0,0,0,0,0,0,0,0,0,0,0,0,0,0
1,4638861,90,9,0,0,0,4,44,0,0,0,0,0,0,0,0,0,3,1,0,0,0,0,0,0,0,0,0
1,4675460,130,7,0,0,0,6,45,0,0,0,0,0,0,0,0,0,0,1,0,0,0,0,0,0,0,0,0
1,5670545,107,17,4,2,0,60,384,0,0,0,159,2,0,1,0,1,23,0,0,0,43,0,0,0,0,0,0
1,4313962,64,7,0,0,0,4,41,0,0,0,0,0,0,0,0,0,3,0,0,0,0,0,0,0,0,0,0
1,5014487,694,5,6,0,0,0,109,1,0,0,7,0,0,0,0,0,0,0,0,0,1,1,0,0,0,0,0
1,5020374,1937,5,18,0,0,0,402,1,0,0,34,0,0,1,0,1,0,0,0,0,4,6,0,0,0,0,0
1,4696261,74,6,0,0,0,11,209,0,0,0,0,0,0,0,0,0,20,1,0,0,0,0,0,0,0,0,0
1,4592756,64,6,0,0,0,4,38,0,0,0,0,0,0,0,0,0,3,1,0,0,0,0,0,0,0,0,0
1,5670790,107,17,4,2,0,60,384,0,0,0,159,2,0,1,0,1,23,0,0,0,43,0,0,0,0,0,0
1,5091517,4880,187,9,0,0,0,409,0,0,0,18,0,0,0,0,0,0,0,1,0,0,3,0,0,0,0,0
1,4505988,65,6,0,0,0,4,38,0,0,0,0,0,0,0,0,0,3,1,0,0,0,0,0,0,0,0,0
1,3349276,237409,112980,4,0,0,0,13,0,0,0,4,0,0,0,0,0,0,0,0,0,0,0,0,0,0,0,0
1,3549578,237409,112980,4,0,0,0,13,0,0,0,4,0,0,0,0,0,0,0,0,0,0,0,0,0,0,0,0
1,4554571,70,7,0,0,0,4,38,0,0,0,0,0,0,0,0,0,3,1,0,0,0,0,0,0,0,0,0
1,5580798,1966,936,6,0,0,0,153,0,0,0,6,0,0,0,0,0,0,0,0,0,1,1,0,0,0,0,0
1,4643902,128,7,0,0,0,6,45,0,0,0,0,0,0,0,0,0,0,1,0,0,0,0,0,0,0,0,0
1,5048273,64,3,0,0,0,0,8,1,0,0,0,0,0,0,0,0,0,0,0,0,0,0,0,0,0,0,0
1,5088205,1924,71,11,0,0,0,250,0,0,0,12,0,0,0,0,0,0,0,0,0,6,3,0,0,0,0,0
1,5675802,107,17,4,2,0,60,386,0,0,0,159,2,0,1,0,1,23,0,0,0,45,0,0,0,0,0,0
1,5028394,862,5,8,0,0,0,119,1,0,0,10,0,0,0,0,0,0,0,0,0,1,0,0,0,0,0,0
1,4718662,132,10,0,0,0,6,42,0,0,0,0,0,0,0,0,0,0,1,0,0,0,0,0,0,0,0,0
1,4915445,3364,344,10,1,0,23,1211,0,0,0,32,2,0,0,0,0,0,0,0,0,3,1,0,0,0,0,0
1,5011202,3107,34,22,0,0,0,930,1,0,0,73,0,0,1,0,1,0,0,0,0,14,9,0,0,0,0,0
1,4947012,1731,118,9,0,0,0,170,0,0,0,12,0,0,0,0,0,0,0,0,0,4,1,0,0,0,0,0
1,5089848,4890,187,9,0,0,0,407,0,0,0,18,0,0,0,0,0,0,0,0,0,0,3,0,0,0,0,0
1,4539860,69,7,0,0,0,4,38,0,0,0,0,0,0,0,0,0,3,1,0,0,0,0,0,0,0,0,0
1,5013389,4128,5,40,0,0,0,579,1,0,0,49,0,0,0,0,0,0,0,0,0,8,4,0,0,0,0,0
1,4521334,6302,144,9,1,0,6,289,0,0,0,22,2,0,0,0,0,0,0,0,0,1,1,0,0,0,0,0
1,4792142,6405,145,7,1,0,4,266,0,0,0,13,1,0,0,0,0,0,0,0,0,1,2,0,0,0,0,0
1,5234715,42,12,3,0,0,10,27,0,0,0,11,0,0,0,0,0,1,0,0,0,0,0,0,0,0,0,0
1,4670619,129,7,0,0,0,6,45,0,0,0,0,0,0,0,0,0,0,1,0,0,0,0,0,0,0,0,0
1,5035060,1782,102,10,0,0,0,222,0,0,0,11,0,0,0,0,0,0,0,0,0,4,2,0,0,0,0,0
1,4786788,3566,338,10,1,0,24,1263,0,0,0,33,2,0,0,0,0,0,0,0,0,1,1,0,0,0,0,0
1,4686815,9173,338,20,1,0,5,363,0,0,0,25,2,0,0,0,0,0,0,0,0,1,1,0,0,0,0,0
1,4728124,85,11,0,0,0,4,38,0,0,0,0,0,0,0,0,0,3,1,0,0,0,0,0,0,0,0,0
1,4360899,513,69,4,0,0,0,47,1,0,0,4,0,0,0,0,0,0,0,0,0,1,0,0,0,0,0,0
1,5671519,107,17,4,2,0,60,384,0,0,0,159,2,0,1,0,1,23,0,0,0,43,0,0,0,0,0,0
1,5075676,1791,57,10,0,0,0,252,0,0,0,11,0,0,1,0,1,0,0,0,0,4,1,0,0,0,0,0
1,3391566,2992,56,18,0,3,0,182,1,0,0,22,0,3,1,0,1,3,0,0,0,2,5,0,0,0,0,0
1,5569389,1966,936,6,0,0,0,176,0,0,0,6,0,0,0,0,0,0,0,0,0,1,1,0,0,0,0,0
1,4542703,6305,126,7,0,0,10,277,0,0,0,20,0,0,0,0,0,0,0,0,0,1,1,0,0,0,0,0
1,5001935,303,5,2,0,0,0,31,1,0,0,2,0,0,0,0,0,0,0,0,0,1,1,0,0,0,0,0
1,4472147,100,18,0,0,0,4,50,0,0,0,0,0,0,0,0,0,3,0,0,0,0,1,0,0,0,0,0
1,4394362,6533,33,33,0,2,0,1240,0,0,0,52,0,3,0,0,0,0,0,0,0,3,1,0,0,0,0,0
1,5047718,2007,104,10,0,1,0,266,0,0,0,12,0,1,0,0,0,0,0,0,0,6,4,0,0,0,0,0
1,4637960,67,7,0,0,0,4,47,0,0,0,0,0,0,0,0,0,6,1,0,0,0,0,0,0,0,0,0
1,4365144,1700,51,11,0,0,0,314,1,0,0,20,0,0,0,0,0,0,0,0,0,3,0,0,0,0,0,0
1,5140686,62,11,2,0,0,3,18,0,0,0,5,0,0,0,0,0,0,0,0,0,2,0,0,0,0,0,0
1,5032356,2017,5,12,0,0,0,328,1,0,0,21,0,0,0,0,0,0,0,0,0,8,3,0,0,0,0,0
1,4638054,123,7,0,0,0,6,42,0,0,0,0,0,0,0,0,0,0,1,0,0,0,0,0,0,0,0,0
1,4983377,1925,132,10,0,0,0,223,0,0,0,12,0,0,0,0,0,0,0,0,0,4,2,0,0,0,0,0
1,4646268,67,7,0,0,0,13,146,0,0,0,0,0,0,0,0,0,12,1,0,0,0,0,0,0,0,0,0
1,4589180,67,7,0,0,0,4,47,0,0,0,0,0,0,0,0,0,6,1,0,0,0,0,0,0,0,0,0
1,5038541,2094,134,10,0,0,0,272,0,0,0,11,0,0,0,0,0,0,0,0,0,8,2,0,0,0,0,0
1,4306718,2034,76,12,0,0,0,322,1,0,0,23,0,0,0,0,0,0,0,0,0,2,3,0,0,0,0,0
1,4796053,192,9,0,0,0,16,250,0,0,0,0,0,0,0,0,0,0,1,0,0,0,0,0,0,0,0,0
1,5015001,1749,112,9,0,0,0,236,0,0,0,12,0,0,0,0,0,0,0,0,0,4,1,0,0,0,0,0
1,5582992,1982,952,6,0,0,0,177,0,0,0,6,0,0,0,0,0,0,0,0,0,1,1,0,0,0,0,0
1,4594621,69,7,0,0,0,4,47,0,0,0,0,0,0,0,0,0,6,1,0,0,0,0,0,0,0,0,0
1,5010928,1862,124,9,0,1,0,224,0,0,0,11,0,1,1,0,1,0,0,0,0,8,3,0,0,0,0,0
1,4802137,71,6,0,0,0,10,146,0,0,0,0,0,0,0,0,0,18,1,0,0,0,0,0,0,0,0,0
1,4419685,6466,50,30,0,0,0,729,1,0,0,30,0,0,0,0,0,0,0,0,0,7,1,0,0,0,0,0
1,5012604,1704,79,13,0,0,0,289,1,0,0,26,0,0,0,0,0,0,0,0,0,3,2,0,0,0,0,0
1,5038109,2350,132,12,0,0,0,246,0,0,0,12,0,0,0,0,0,0,0,0,0,9,2,0,0,0,0,0
1,5042339,1740,152,11,0,0,0,249,1,0,0,19,0,0,1,0,1,0,0,0,0,6,4,0,0,0,0,0
1,5000334,1410,106,8,0,0,0,249,0,0,0,11,0,0,0,0,0,0,0,0,0,5,3,0,0,0,0,0
1,4372294,410,4,2,0,0,0,49,1,0,0,2,0,0,0,0,0,0,0,0,0,3,0,0,0,0,0,0
1,5040950,2103,5,17,0,0,0,215,1,0,0,17,0,0,0,0,0,0,0,0,0,1,4,0,0,0,0,0
1,5022850,1928,104,10,0,0,0,256,0,0,0,12,0,0,0,0,0,0,0,0,0,5,3,0,0,0,0,0
1,3042192,300804,14,1,0,1,43,106,5,0,0,7,0,1,0,0,0,0,0,0,0,5,1,0,0,0,0,0
1,4534586,68,7,0,0,0,4,38,0,0,0,0,0,0,0,0,0,3,1,0,0,0,0,0,0,0,0,0
1,2310440,8326,58,14,0,0,0,398,1,0,0,14,0,0,0,0,0,0,0,0,0,3,3,0,0,0,0,0
1,4668655,75,23,0,0,0,1478,2893,0,0,0,0,0,0,0,0,0,0,0,0,0,0,1,0,0,0,0,0
1,4534586,68,7,0,0,0,4,38,0,0,0,0,0,0,0,0,0,3,1,0,0,0,0,0,0,0,0,0
1,5019695,1874,132,12,0,0,0,224,0,0,0,13,0,0,0,0,0,0,0,0,0,8,4,0,0,0,0,0
1,5018537,595,5,5,0,0,0,129,1,0,0,9,0,0,0,0,0,0,0,0,0,0,1,0,0,0,0,0
1,5034701,82,4,0,0,0,0,10,1,0,0,0,0,0,0,0,0,0,0,0,0,0,0,0,0,0,0,0
1,4994848,2036,118,11,0,0,0,247,0,0,0,12,0,0,0,0,0,0,0,0,0,8,3,0,0,0,0,0
1,4406025,376,35,2,0,0,0,25,1,0,0,2,0,0,0,0,0,0,0,0,0,0,0,0,0,0,0,0
1,3517979,346,8,0,0,0,0,2,0,0,0,0,0,0,0,0,0,0,0,0,0,2,0,0,0,0,0,0
1,5028577,1687,132,10,0,0,0,233,0,0,0,12,0,0,1,0,1,0,0,0,0,7,2,0,0,0,0,0
1,5014169,2576,106,12,0,0,0,261,0,0,0,12,0,0,0,0,0,0,0,0,0,7,4,0,0,0,0,0
1,4655554,79,10,0,0,0,4,38,0,0,0,0,0,0,0,0,0,3,1,0,0,0,0,0,0,0,0,0
1,5017333,1839,5,14,0,0,0,196,1,0,0,14,0,0,0,0,0,0,0,0,0,0,5,0,0,0,0,0
1,4626180,126,7,0,0,0,6,45,0,0,0,0,0,0,0,0,0,0,1,0,0,0,0,0,0,0,0,0
1,3986822,8667,11,1,0,0,205,659,0,0,0,185,0,0,0,0,0,0,0,0,0,3,2,0,0,0,0,0
1,3349881,4096,74,30,0,2,0,877,1,0,0,144,0,5,3,0,3,1,0,0,0,7,15,0,0,0,0,0
1,5267211,1809,74,39,0,0,0,171,0,0,0,48,0,0,0,0,0,0,0,0,0,0,1,0,0,0,0,0
1,4998464,1655,5,15,0,0,0,184,1,0,0,15,0,0,1,0,1,0,0,0,0,1,4,0,0,0,0,0
1,4632774,75,15,0,0,0,1398,3441,0,0,0,0,0,0,0,0,0,0,0,0,0,0,1,0,0,0,0,0
1,3474669,1812,12,0,0,0,0,4,0,0,0,0,0,0,0,0,0,0,0,0,0,1,0,0,0,0,0,0
1,4648805,126,7,0,0,0,6,45,0,0,0,0,0,0,0,0,0,0,1,0,0,0,0,0,0,0,0,0
1,2300818,4966,39,12,0,0,0,388,1,0,0,18,0,0,0,0,0,0,0,0,0,2,0,0,0,0,0,0
1,5006743,2253,5,22,0,0,0,302,1,0,0,28,0,0,0,0,0,0,0,0,0,2,6,0,0,0,0,0
1,4676299,136,12,0,0,0,6,42,0,0,0,0,0,0,0,0,0,0,1,0,0,0,0,0,0,0,0,0
1,4627926,67,7,0,0,0,13,146,0,0,0,0,0,0,0,0,0,12,1,0,0,0,0,0,0,0,0,0
1,5026118,1893,110,11,0,0,0,190,1,0,0,11,0,0,0,0,0,0,0,0,0,7,0,0,0,0,0,0
1,5069469,67,17,0,0,0,233,792,0,0,0,0,0,0,0,0,0,1,0,0,0,0,11,0,0,0,0,0
1,4839163,77,8,0,0,0,11,209,0,0,0,0,0,0,0,0,0,20,1,0,0,0,0,0,0,0,0,0
1,5023420,1714,108,9,0,1,0,241,0,0,0,11,0,1,0,0,0,0,0,0,0,7,3,0,0,0,0,0
1,5015757,1945,5,17,0,0,0,564,1,0,0,47,0,0,1,0,1,0,0,0,0,6,5,0,0,0,0,0
1,5019334,2018,132,11,0,0,0,260,0,0,0,11,0,0,0,0,0,0,0,0,0,6,2,0,0,0,0,0
1,4651604,130,7,0,0,0,6,45,0,0,0,0,0,0,0,0,0,0,1,0,0,0,0,0,0,0,0,0
1,5220852,2403,99,8,0,0,0,334,0,0,0,17,0,0,0,0,0,0,0,0,0,1,4,0,0,0,0,0
1,5021582,1769,128,11,0,0,0,242,0,0,0,12,0,0,1,0,1,0,0,0,0,7,2,0,0,0,0,0
1,4757905,9534,24,23,0,0,4,695,0,0,0,44,0,0,0,0,0,0,0,0,0,1,2,0,0,0,0,0
1,5019773,2737,116,25,0,0,0,974,1,0,0,75,0,0,0,0,0,0,0,0,0,9,14,0,0,0,0,0
1,4704995,64,5,0,0,0,4,47,0,0,0,0,0,0,0,0,0,6,1,0,0,0,0,0,0,0,0,0
1,4706316,194,9,0,0,0,8,88,0,0,0,0,0,0,0,0,0,0,1,0,0,0,1,0,0,0,0,0
1,4656124,127,7,0,0,0,6,42,0,0,0,0,0,0,0,0,0,0,1,0,0,0,0,0,0,0,0,0
1,5032872,1693,116,10,0,0,0,223,0,0,0,12,0,0,1,0,1,0,0,0,0,8,2,0,0,0,0,0
1,4518549,70,7,0,0,0,4,38,0,0,0,0,0,0,0,0,0,3,1,0,0,0,0,0,0,0,0,0
1,4373237,2372,38,18,0,0,0,341,1,0,0,34,0,0,0,0,0,0,0,0,0,4,2,0,0,0,0,0
1,4494239,68,7,0,0,0,4,38,0,0,0,0,0,0,0,0,0,3,1,0,0,0,0,0,0,0,0,0
1,4362940,4720,90,20,0,0,0,230,1,0,0,20,0,0,0,0,0,0,0,0,0,5,2,0,0,0,0,0
1,3776058,46426,35,1,1,0,86,141,27,0,0,3,4,0,0,0,0,0,0,0,0,0,1,0,0,0,0,0
1,4940223,3558,334,10,1,0,25,839,0,0,0,34,2,0,0,0,0,0,0,0,0,1,1,0,0,0,0,0
1,5051769,1398,114,6,0,0,0,257,0,0,0,11,0,0,0,0,0,0,0,0,0,7,2,0,0,0,0,0
1,2953735,378829,11,2,0,0,0,13,0,0,0,2,0,0,0,0,0,0,0,0,0,0,0,0,0,0,0,0
1,4184312,4776,189,10,0,0,6,1840,0,0,0,45,0,0,0,0,0,0,0,0,0,1,1,0,0,0,0,0
1,4957769,70,18,0,0,0,12,257,0,0,0,0,0,0,0,0,0,22,1,0,0,0,0,0,0,0,0,0
1,5026552,1703,134,9,0,0,0,249,0,0,0,11,0,0,2,0,2,0,0,0,0,2,2,0,0,0,0,0
1,5174772,3032,124,8,0,0,0,368,0,0,0,17,0,0,0,0,0,0,0,1,0,0,4,0,0,0,0,0
1,5034416,586,104,6,0,0,0,53,1,0,0,6,0,0,0,0,0,0,0,0,0,0,0,0,0,0,0,0
1,5894122,5631,141,10,0,1,0,172,0,0,0,16,0,1,0,0,0,0,0,0,0,6,2,0,0,0,0,0
1,4999773,1842,110,10,0,1,0,247,0,0,0,11,0,1,1,0,1,0,0,0,0,5,5,0,0,0,0,0
1,4755932,133,10,0,0,0,6,42,0,0,0,0,0,0,0,0,0,0,1,0,0,0,0,0,0,0,0,0
1,5014062,181,3,0,0,0,0,18,1,0,0,0,0,0,0,0,0,0,0,0,0,1,0,0,0,0,0,0
1,5093353,4886,181,9,0,0,0,408,0,0,0,18,0,0,0,0,0,0,0,0,0,0,3,0,0,0,0,0
1,4346542,722,4,2,0,0,0,37,1,0,0,2,0,0,0,0,0,0,0,0,0,0,0,0,0,0,0,0
1,5813187,3947,264,10,0,0,0,198,0,0,0,13,0,0,2,0,2,0,0,0,0,5,1,0,0,0,0,0
1,2272482,17331,47,34,0,0,0,4047,1,0,0,154,0,0,0,0,0,0,0,0,0,11,9,0,0,0,0,0
1,2309697,8227,73,19,0,0,0,916,1,0,0,43,0,0,0,0,0,0,0,0,0,3,4,0,0,0,0,0
1,3500572,370,8,0,0,0,0,2,0,0,0,0,0,0,0,0,0,0,0,0,0,2,0,0,0,0,0,0
1,3410010,59455,59450,1,0,0,0,93,0,0,1,3,0,0,1,0,1,0,0,0,0,5,1,0,0,0,0,0
1,5332085,163,22,2,0,0,15,95,0,0,0,5,0,0,0,0,0,2,0,0,0,0,3,0,0,0,0,0
1,4629762,128,7,0,0,0,16,158,0,0,0,0,0,0,0,0,0,0,1,0,0,0,0,0,0,0,0,0
1,5787815,3679,243,10,0,1,0,212,0,0,0,13,0,1,3,0,3,0,0,0,0,4,3,0,0,0,0,0
1,4588629,9433,327,17,1,0,5,376,0,0,0,25,2,0,0,0,0,0,0,0,0,1,1,0,0,0,0,0
1,4929081,3419,351,10,1,0,22,904,0,0,0,31,2,0,0,0,0,0,0,0,0,1,1,0,0,0,0,0
1,4773923,9299,332,20,1,0,5,368,0,0,0,25,2,0,0,0,0,0,0,0,0,1,1,0,0,0,0,0
1,5031399,1836,136,8,0,0,0,259,0,0,0,12,0,0,1,0,1,0,0,0,0,6,3,0,0,0,0,0
1,4671678,127,7,0,0,0,6,42,0,0,0,0,0,0,0,0,0,0,1,0,0,0,0,0,0,0,0,0
1,5316975,163,22,2,0,0,15,89,0,0,0,5,0,0,0,0,0,2,0,0,0,0,3,0,0,0,0,0
1,4829394,85,6,0,0,0,4,50,0,0,0,0,0,0,0,0,0,3,1,0,0,0,0,0,0,0,0,0
1,4929460,1615,118,9,0,0,0,50,1,0,0,9,0,0,0,0,0,0,0,0,0,6,0,0,0,0,0,0
1,5580425,1982,952,6,0,0,0,180,0,0,0,6,0,0,0,0,0,0,0,0,0,1,1,0,0,0,0,0
1,4229145,124,61,0,0,0,1232,3109,0,0,0,0,0,0,0,0,0,0,0,0,0,0,1,0,0,0,0,0
1,4519202,68,7,0,0,0,4,38,0,0,0,0,0,0,0,0,0,3,1,0,0,0,0,0,0,0,0,0
1,5562363,1982,952,6,0,0,0,178,0,0,0,6,0,0,0,0,0,0,0,0,0,1,1,0,0,0,0,0
1,4713668,69,7,0,0,0,4,47,0,0,0,0,0,0,0,0,0,6,1,0,0,0,0,0,0,0,0,0
1,4974020,73,7,0,0,0,4,59,0,0,0,0,0,0,0,0,0,6,1,0,0,0,0,0,0,0,0,0
1,4961842,1715,142,9,0,0,0,54,1,0,0,9,0,0,0,0,0,0,0,0,0,5,0,0,0,0,0,0
1,5012054,1471,5,13,0,0,0,346,1,0,0,28,0,0,0,0,0,0,0,0,0,6,7,0,0,0,0,0
1,4512830,70,7,0,0,0,4,38,0,0,0,0,0,0,0,0,0,3,1,0,0,0,0,0,0,0,0,0
1,5570615,1982,952,6,0,0,0,172,0,0,0,6,0,0,0,0,0,0,0,0,0,1,1,0,0,0,0,0
1,5139884,5113,20,5,1,1,2,928,1,0,0,12,1,3,0,0,0,0,0,0,0,3,0,0,0,0,0,0
1,5015204,1959,5,20,0,0,0,290,1,0,0,31,0,0,0,0,0,0,0,0,0,1,5,0,0,0,0,0
1,5001398,65,4,0,0,0,0,7,1,0,0,0,0,0,0,0,0,0,0,0,0,0,0,0,0,0,0,0
1,5174462,3032,124,8,0,0,0,364,0,0,0,17,0,0,0,0,0,0,0,0,0,0,4,0,0,0,0,0
1,5012577,2160,5,18,0,0,0,245,1,0,0,18,0,0,0,0,0,0,0,0,0,7,6,0,0,0,0,0
1,4970635,1237,130,7,0,1,0,59,0,0,0,13,0,1,0,0,0,0,0,0,0,4,0,0,0,0,0,0
1,4997323,1263,5,10,0,0,0,141,1,0,0,10,0,0,0,0,0,0,0,0,0,2,1,0,0,0,0,0
1,5014249,3118,34,24,0,0,0,605,1,0,0,50,0,0,0,0,0,0,0,0,0,0,4,0,0,0,0,0
1,3359048,237865,112980,4,0,0,0,24,0,0,0,4,0,0,0,0,0,0,0,0,0,0,0,0,0,0,0,0
1,5029170,1787,5,11,0,0,0,384,1,0,0,26,0,0,0,0,0,0,0,0,0,7,2,0,0,0,0,0
1,5941026,7545,240,10,0,1,0,174,0,0,0,16,0,1,0,0,0,0,0,0,0,1,2,0,0,0,0,0
1,5320290,57,11,1,0,1,55,112,0,0,0,8,0,2,0,0,0,0,0,0,0,0,7,0,0,0,0,0
1,4506106,69,7,0,0,0,11,118,0,0,0,0,0,0,0,0,0,10,1,0,0,0,0,0,0,0,0,0
1,4156533,4903,179,10,0,0,6,1864,0,0,0,45,0,0,0,0,0,0,0,0,0,1,1,0,0,0,0,0
1,4961193,500,118,2,0,0,0,9,1,0,0,2,0,0,1,0,1,0,0,0,0,0,1,0,0,0,0,0
1,4644462,68,7,0,0,0,13,146,0,0,0,0,0,0,0,0,0,12,1,0,0,0,0,0,0,0,0,0
1,5005632,1645,34,17,0,0,0,322,1,0,0,33,0,0,0,0,0,0,0,0,0,0,2,0,0,0,0,0
1,5040158,1978,124,10,0,1,0,203,1,0,0,10,0,1,0,0,0,0,0,0,0,6,0,0,0,0,0,0
1,4667439,122,7,0,0,0,6,42,0,0,0,0,0,0,0,0,0,0,1,0,0,0,0,0,0,0,0,0
1,4699076,75,15,0,0,0,1402,3449,0,0,0,0,0,0,0,0,0,0,0,0,0,0,1,0,0,0,0,0
1,4150410,10309,189,11,0,0,6,747,0,0,0,39,0,0,0,0,0,0,0,0,0,1,1,0,0,0,0,0
1,2898140,319034,8,1,0,1,5,11,0,0,0,2,0,1,0,0,0,0,0,0,0,0,0,0,0,0,0,0
1,5145570,4081,36,12,0,0,0,406,0,0,0,12,0,0,0,0,0,0,0,0,0,5,0,0,0,0,0,0
1,4533602,70,7,0,0,0,14,150,0,0,0,0,0,0,0,0,0,13,1,0,0,0,0,0,0,0,0,0
1,5018702,504,5,7,0,0,0,51,1,0,0,7,0,0,0,0,0,0,0,0,0,0,2,0,0,0,0,0
1,4610239,68,7,0,0,0,13,182,0,0,0,0,0,0,0,0,0,24,1,0,0,0,0,0,0,0,0,0
1,4473347,66,7,0,0,0,4,38,0,0,0,0,0,0,0,0,0,3,1,0,0,0,0,0,0,0,0,0
1,5267817,1838,74,39,0,0,0,180,0,0,0,48,0,0,0,0,0,0,0,0,0,0,1,0,0,0,0,0
1,3381288,3289,82,34,0,3,0,1490,0,0,0,297,0,16,6,0,6,0,0,0,0,11,21,0,0,0,0,0
1,4677720,81,10,0,0,0,4,38,0,0,0,0,0,0,0,0,0,3,1,0,0,0,0,0,0,0,0,0
1,5572524,1966,936,6,0,0,0,156,0,0,0,6,0,0,0,0,0,0,0,0,0,1,1,0,0,0,0,0
1,4411340,47,3,0,0,0,0,7,1,0,0,0,0,0,0,0,0,0,0,0,0,0,0,0,0,0,0,0
1,4539419,70,7,0,0,0,4,38,0,0,0,0,0,0,0,0,0,3,1,0,0,0,0,0,0,0,0,0
1,5559118,1651,15,20,9,0,0,119,0,0,0,20,9,0,0,0,0,0,0,0,0,2,7,0,0,0,0,0
1,5570514,1966,936,6,0,0,0,148,0,0,0,6,0,0,0,0,0,0,0,0,0,1,1,0,0,0,0,0
1,2279986,21065,50,42,0,0,0,1389,1,0,0,56,0,0,0,0,0,0,0,0,0,5,4,0,0,0,0,0
1,4512170,65,6,0,0,0,4,38,0,0,0,0,0,0,0,0,0,3,0,0,0,0,0,0,0,0,0,0
1,5018619,1295,34,12,0,0,0,132,1,0,0,12,0,0,0,0,0,0,0,0,0,1,3,0,0,0,0,0
1,5011437,660,34,8,0,0,0,130,1,0,0,10,0,0,0,0,0,0,0,0,0,3,0,0,0,0,0,0
1,4333122,1904,34,10,0,0,0,420,1,0,0,23,0,0,0,0,0,0,0,0,0,1,2,0,0,0,0,0
1,4990264,218,12,0,0,0,12,331,0,0,0,0,0,0,0,0,0,22,1,0,0,0,3,0,0,0,0,0
1,4670274,121,7,0,0,0,6,42,0,0,0,0,0,0,0,0,0,0,1,0,0,0,0,0,0,0,0,0
1,4513395,68,7,0,0,0,4,38,0,0,0,0,0,0,0,0,0,3,1,0,0,0,0,0,0,0,0,0
1,4525052,79,10,0,0,0,4,38,0,0,0,0,0,0,0,0,0,3,1,0,0,0,0,0,0,0,0,0
1,4669324,1811128,8,66683,0,1,0,200017,0,0,0,66683,0,1,0,0,0,0,0,0,0,0,2,0,0,0,0,0
1,4678665,130,7,0,0,0,6,45,0,0,0,0,0,0,0,0,0,0,1,0,0,0,0,0,0,0,0,0
1,3915770,2661,2640,2,0,1,3,20,0,0,0,2,0,1,0,0,0,0,0,0,0,0,2,0,0,0,0,0
1,4689859,69,7,0,0,0,4,47,0,0,0,0,0,0,0,0,0,6,1,0,0,0,0,0,0,0,0,0
1,4503817,68,7,0,0,0,4,38,0,0,0,0,0,0,0,0,0,3,1,0,0,0,0,0,0,0,0,0
1,2306227,17567,35,37,0,0,0,3115,1,0,0,140,0,0,0,0,0,0,0,0,0,9,5,0,0,0,0,0
1,5170259,115,7,0,0,0,0,14,1,0,0,0,0,0,0,0,0,0,0,0,0,0,0,0,0,0,0,0
1,4399564,2683,4,16,0,0,0,300,1,0,0,16,0,0,0,0,0,0,0,0,0,5,0,0,0,0,0,0
1,703679,1948624,7,1,0,1,10,9,5,0,0,2,0,1,0,0,0,0,0,0,0,1,0,0,0,0,0,0
1,3094903,69717,13,1,0,0,5,15,0,0,0,2,0,0,0,0,0,0,0,0,0,0,1,0,0,0,0,0
1,4720410,6287,143,7,0,0,10,279,0,0,0,20,0,0,0,0,0,0,0,0,0,1,1,0,0,0,0,0
1,5076343,1935,47,11,0,0,0,277,0,0,0,12,0,0,0,0,0,0,0,0,0,5,2,0,0,0,0,0
1,5036204,1006,5,7,0,0,0,103,1,0,0,7,0,0,0,0,0,0,0,0,0,2,2,0,0,0,0,0
1,4579740,79,6,0,0,0,14,154,0,0,0,0,0,0,0,0,0,13,1,0,0,0,0,0,0,0,0,0
1,5166639,2994,124,8,0,0,0,354,0,0,0,17,0,0,0,0,0,0,0,0,0,0,4,0,0,0,0,0
1,4514321,4018,63,22,0,1,0,448,1,0,0,22,0,1,0,0,0,0,0,0,0,2,3,0,0,0,0,0
1,5033849,377,4,2,0,0,0,44,1,0,0,2,0,0,0,0,0,0,0,0,0,1,0,0,0,0,0,0
1,4375450,747,37,7,0,0,0,74,1,0,0,7,0,0,0,0,0,0,0,0,0,0,0,0,0,0,0,0
1,6108732,3955,24,9,1,1,0,376,0,0,0,30,1,2,0,0,0,0,0,0,0,5,15,0,0,0,0,0
1,5010016,2367,148,20,0,0,0,1055,1,0,0,83,0,0,0,0,0,0,0,0,0,8,5,0,0,0,0,0
1,5159767,2995,124,8,0,0,0,353,0,0,0,17,0,0,0,0,0,0,0,0,0,0,4,0,0,0,0,0
1,4651384,128,7,0,0,0,6,42,0,0,0,0,0,0,0,0,0,0,1,0,0,0,0,0,0,0,0,0
1,5572320,1966,936,6,0,0,0,156,0,0,0,6,0,0,0,0,0,0,0,0,0,1,1,0,0,0,0,0
1,4816379,85,6,0,0,0,4,50,0,0,0,0,0,0,0,0,0,3,1,0,0,0,0,0,0,0,0,0
1,4421800,5296,49,21,0,0,0,595,1,0,0,21,0,0,0,0,0,0,0,0,0,4,2,0,0,0,0,0
1,3317359,6549,92,41,0,1,0,409,1,0,0,82,0,2,4,0,4,0,0,0,0,8,8,0,0,0,0,0
1,5166478,3011,124,8,0,0,0,350,0,0,0,17,0,0,0,0,0,0,0,0,0,0,4,0,0,0,0,0
1,4105531,10818,177,10,0,0,7,1008,0,0,0,47,0,0,0,0,0,0,0,0,0,1,1,0,0,0,0,0
1,5023800,1800,104,19,0,0,0,494,1,0,0,40,0,0,0,0,0,0,0,0,0,7,7,0,0,0,0,0
1,3091273,71351,14,1,0,1,39,106,0,0,0,7,0,1,0,0,0,0,0,0,0,5,1,0,0,0,0,0
1,4746580,133,10,0,0,0,6,45,0,0,0,0,0,0,0,0,0,0,1,0,0,0,0,0,0,0,0,0
1,5003203,782,5,7,0,0,0,93,1,0,0,7,0,0,0,0,0,0,0,0,0,1,2,0,0,0,0,0
1,2308233,5743,69,8,0,0,0,254,1,0,0,8,0,0,0,0,0,0,0,0,0,1,1,0,0,0,0,0
1,5011996,465,5,4,0,0,0,48,1,0,0,4,0,0,0,0,0,0,0,0,0,3,0,0,0,0,0,0
1,5050250,2048,5,11,0,0,0,238,1,0,0,11,0,0,0,0,0,0,0,0,0,7,2,0,0,0,0,0
1,4761700,124,7,0,0,0,6,45,0,0,0,0,0,0,0,0,0,0,1,0,0,0,0,0,0,0,0,0
1,2291544,15576,34,28,0,0,0,1314,1,0,0,49,0,0,0,0,0,0,0,0,0,4,7,0,0,0,0,0
1,4494869,66,7,0,0,0,4,38,0,0,0,0,0,0,0,0,0,3,1,0,0,0,0,0,0,0,0,0
1,5005425,1805,142,11,0,1,0,212,0,0,0,12,0,1,0,0,0,0,0,0,0,7,1,0,0,0,0,0
1,4741062,132,7,0,0,0,6,48,0,0,0,0,0,0,0,0,0,0,1,0,0,0,0,0,0,0,0,0
1,5569461,1966,936,6,0,0,0,156,0,0,0,6,0,0,0,0,0,0,0,0,0,1,1,0,0,0,0,0
1,5015838,1860,114,10,0,0,0,185,1,0,0,10,0,0,0,0,0,0,0,0,0,4,2,0,0,0,0,0
1,5085066,2431,33,12,0,0,0,244,0,0,0,12,0,0,0,0,0,0,0,0,0,4,2,0,0,0,0,0
1,4743680,8836,326,20,1,0,5,381,0,0,0,25,2,0,0,0,0,0,0,0,0,1,1,0,0,0,0,0
1,5133773,3397,46,11,0,1,0,393,0,0,0,11,0,1,1,0,1,0,0,0,0,3,0,0,0,0,0,0
1,5024725,1054,34,10,0,0,0,274,1,0,0,24,0,0,0,0,0,0,0,0,0,2,2,0,0,0,0,0
1,5036990,1765,136,11,0,0,0,254,0,0,0,12,0,0,0,0,0,0,0,0,0,7,4,0,0,0,0,0
1,5022831,3142,34,26,0,1,0,385,1,0,0,34,0,1,0,0,0,0,0,0,0,3,2,0,0,0,0,0
1,3404002,2793,73,23,0,3,0,469,1,0,0,66,0,6,5,0,5,0,0,0,0,5,11,0,0,0,0,0
1,5152804,1076528,46400,1,2,0,0,9296,0,0,0,1,2,0,4,0,4,0,0,0,0,3,14,0,0,0,0,0
1,4557528,70,7,0,0,0,4,38,0,0,0,0,0,0,0,0,0,3,1,0,0,0,0,0,0,0,0,0
1,4748709,65,21,4,0,0,147,226,0,0,0,29,0,0,0,0,0,0,0,0,0,1,13,0,0,0,0,0
1,5799972,18630,21,1,0,0,1,1920,0,0,0,1,0,0,0,0,0,0,0,0,0,3,3,0,0,0,0,0
1,4296017,1378,49,13,0,0,0,80,1,0,0,13,0,0,0,0,0,0,0,0,0,0,0,0,0,0,0,0
1,4686818,64,6,0,0,0,14,158,0,0,0,0,0,0,0,0,0,13,1,0,0,0,0,0,0,0,0,0
1,3363361,5874,34,46,0,2,0,1004,1,0,0,140,0,5,2,0,2,0,0,0,0,10,19,0,0,0,0,0
1,4450508,4456,4,16,0,0,0,390,1,0,0,16,0,0,0,0,0,0,0,0,0,4,1,0,0,0,0,0
1,5024623,2643,110,21,0,0,0,329,1,0,0,23,0,0,0,0,0,0,0,0,0,5,7,0,0,0,0,0
1,5229087,2445,99,8,0,0,0,350,0,0,0,17,0,0,0,0,0,0,0,0,0,1,5,0,0,0,0,0
1,4534098,69,7,0,0,0,4,38,0,0,0,0,0,0,0,0,0,3,1,0,0,0,0,0,0,0,0,0
1,5257413,1813,74,39,0,0,0,168,0,0,0,48,0,0,0,0,0,0,0,0,0,0,1,0,0,0,0,0
1,4829344,65,7,0,0,0,4,53,0,0,0,0,0,0,0,0,0,6,1,0,0,0,0,0,0,0,0,0
1,4831459,6276,144,9,1,0,6,286,0,0,0,22,2,0,0,0,0,0,0,1,0,1,1,0,0,0,0,0
1,4570395,69,7,0,0,0,4,38,0,0,0,0,0,0,0,0,0,3,1,0,0,0,0,0,0,0,0,0
1,4442287,2040,87,16,0,0,0,209,1,0,0,16,0,0,0,0,0,0,0,0,0,3,0,0,0,0,0,0
1,4564632,69,7,0,0,0,4,38,0,0,0,0,0,0,0,0,0,3,1,0,0,0,0,0,0,0,0,0
1,5084981,2010,57,11,0,1,0,274,0,0,0,11,0,1,0,0,0,0,0,0,0,7,2,0,0,0,0,0
1,5231361,143,34,3,0,0,1850,369,1354,0,0,388,0,0,0,0,0,0,0,0,0,3,2,0,0,0,0,0
1,5466988,419,68,0,0,0,0,29,0,0,0,0,0,0,1,0,1,1,0,0,0,1,1,0,0,0,0,0
1,4343976,197,3,2,0,0,0,24,1,0,0,2,0,0,0,0,0,0,0,0,0,0,0,0,0,0,0,0
1,4793961,78,5,0,0,0,12,212,0,0,0,0,0,0,0,0,0,22,1,0,0,0,0,0,0,0,0,0
1,4913388,3470,350,10,1,0,20,1221,0,0,0,29,2,0,0,0,0,0,0,0,0,1,1,0,0,0,0,0
1,4669362,129,7,0,0,0,6,42,0,0,0,0,0,0,0,0,0,0,1,0,0,0,0,0,0,0,0,0
1,4618148,126,7,0,0,0,6,42,0,0,0,0,0,0,0,0,0,0,1,0,0,0,0,0,0,0,0,0
1,5011546,62,5,1,0,0,0,6,1,0,0,1,0,0,0,0,0,0,0,0,0,0,0,0,0,0,0,0
1,4569377,23048,14,526,0,0,133,4210,92,0,0,1052,0,0,0,0,0,0,0,0,0,0,2,0,0,0,0,0
1,5586803,1966,936,6,0,0,0,162,0,0,0,6,0,0,0,0,0,0,0,0,0,1,1,0,0,0,0,0
1,4931465,83,8,0,0,0,17,335,0,0,0,0,0,0,0,0,0,32,1,0,0,0,0,0,0,0,0,0
1,5006034,1426,5,12,0,0,0,159,1,0,0,12,0,0,0,0,0,0,0,0,0,1,4,0,0,0,0,0
1,5018530,852,34,8,0,0,0,116,1,0,0,12,0,0,0,0,0,0,0,0,0,1,0,0,0,0,0,0
1,5161145,2994,124,8,0,0,0,353,0,0,0,17,0,0,0,0,0,0,0,0,0,0,4,0,0,0,0,0
1,5079123,62,11,2,0,0,3,18,0,0,0,5,0,0,0,0,0,0,0,0,0,2,0,0,0,0,0,0
1,5971008,5232,319,10,0,1,0,162,0,0,0,13,0,1,2,0,2,0,0,0,0,0,2,0,0,0,0,0
1,4554571,70,7,0,0,0,4,38,0,0,0,0,0,0,0,0,0,3,1,0,0,0,0,0,0,0,0,0
1,5012092,1714,5,15,0,0,0,175,1,0,0,15,0,0,0,0,0,0,0,0,0,0,2,0,0,0,0,0
1,3523066,237409,112980,4,0,0,0,13,0,0,0,4,0,0,0,0,0,0,0,0,0,0,0,0,0,0,0,0
1,4548961,67,7,0,0,0,14,154,0,0,0,0,0,0,0,0,0,13,1,0,0,0,0,0,0,0,0,0
1,4519202,68,7,0,0,0,4,38,0,0,0,0,0,0,0,0,0,3,1,0,0,0,0,0,0,0,0,0
1,4812658,6420,153,7,0,0,10,278,0,0,0,20,0,0,0,0,0,0,0,0,0,1,1,0,0,0,0,0
1,4734559,64,5,0,0,0,4,47,0,0,0,0,0,0,0,0,0,6,1,0,0,0,0,0,0,0,0,0
1,4698251,64,5,0,0,0,4,47,0,0,0,0,0,0,0,0,0,6,1,0,0,0,0,0,0,0,0,0
1,4431790,762,44,6,0,0,0,164,1,0,0,10,0,0,0,0,0,0,0,0,0,3,1,0,0,0,0,0
1,5151985,62,11,2,0,0,3,18,0,0,0,5,0,0,0,0,0,0,0,0,0,2,0,0,0,0,0,0
1,4705339,124,7,0,0,0,6,45,0,0,0,0,0,0,0,0,0,0,1,0,0,0,0,0,0,0,0,0
1,1205672,353349,115,2,0,0,0,7,0,0,0,2,0,0,0,0,0,0,0,0,0,1,0,0,0,0,0,0
1,4251327,540,63,5,0,0,0,27,1,0,0,5,0,0,0,0,0,0,0,0,0,0,1,0,0,0,0,0
1,5017275,2809,34,22,0,0,0,585,1,0,0,47,0,0,1,0,1,0,0,0,0,12,7,0,0,0,0,0
1,5014598,1992,146,11,0,0,0,179,1,0,0,11,0,0,0,0,0,0,0,0,0,4,1,0,0,0,0,0
1,5075796,1791,83,9,0,0,0,245,0,0,0,11,0,0,0,0,0,0,0,0,0,7,2,0,0,0,0,0
1,5071780,3371,354,10,1,0,24,889,0,0,0,33,2,0,0,0,0,0,0,0,0,2,1,0,0,0,0,0
1,5022123,1758,112,9,0,0,0,232,0,0,0,11,0,0,0,0,0,0,0,0,0,7,1,0,0,0,0,0
1,5011290,1644,68,14,0,0,0,467,1,0,0,39,0,0,0,0,0,0,0,0,0,7,7,0,0,0,0,0
1,4309309,124,61,0,0,0,1224,3093,0,0,0,0,0,0,0,0,0,0,0,0,0,0,1,0,0,0,0,0
1,4018510,252372,21,1,0,0,980,14186,924,0,0,12,0,0,0,0,0,0,0,6754,0,7,2,0,0,0,0,0
1,5030252,1749,110,6,0,0,0,293,0,0,0,12,0,0,0,0,0,0,0,0,0,5,2,0,0,0,0,0
1,5007909,1820,98,11,0,0,0,220,0,0,0,12,0,0,0,0,0,0,0,0,0,4,3,0,0,0,0,0
1,5000616,1099,5,12,0,0,0,300,1,0,0,22,0,0,0,0,0,0,0,0,0,3,4,0,0,0,0,0
1,4805232,122,20,0,0,0,4,38,0,0,0,0,0,0,0,0,0,3,1,0,0,0,0,0,0,0,0,0
1,4312670,49,3,0,0,0,0,8,1,0,0,0,0,0,0,0,0,0,0,0,0,0,0,0,0,0,0,0
1,3376345,191,67,3,1,1,0,374,0,0,0,13,1,2,0,0,0,0,0,0,0,0,2,0,0,0,0,0
1,5032929,1272,122,9,0,0,0,252,1,0,0,18,0,0,0,0,0,0,0,0,0,7,4,0,0,0,0,0
1,4513395,68,7,0,0,0,4,38,0,0,0,0,0,0,0,0,0,3,1,0,0,0,0,0,0,0,0,0
1,5090381,4886,187,9,0,0,0,409,0,0,0,18,0,0,0,0,0,0,0,0,0,0,3,0,0,0,0,0
1,4840430,3524,344,10,1,0,24,1252,0,0,0,33,2,0,0,0,0,0,0,0,0,3,1,0,0,0,0,0
1,5092137,4886,181,9,0,0,0,409,0,0,0,18,0,0,0,0,0,0,0,1,0,0,3,0,0,0,0,0
1,5039425,1695,126,8,0,0,0,254,0,0,0,12,0,0,1,0,1,0,0,0,0,8,1,0,0,0,0,0
1,5131557,3265,359,10,1,0,23,866,0,0,0,32,2,0,0,0,0,0,0,0,0,1,1,0,0,0,0,0
1,4770837,9352,336,12,1,0,6,374,0,0,0,23,2,0,0,0,0,0,0,0,0,1,1,0,0,0,0,0
1,4407592,3229,70,12,0,0,0,161,1,0,0,12,0,0,0,0,0,0,0,0,0,3,3,0,0,0,0,0
1,2805596,109741,13,1,0,0,5,11,0,0,0,2,0,0,0,0,0,0,0,0,0,0,1,0,0,0,0,0
1,4138160,10448,158,10,0,0,7,1010,0,0,0,47,0,0,0,0,0,0,0,0,0,1,1,0,0,0,0,0
1,4885216,9562,338,12,1,0,6,372,0,0,0,23,2,0,0,0,0,0,0,0,0,1,1,0,0,0,0,0
1,4598845,67,7,0,0,0,13,146,0,0,0,0,0,0,0,0,0,12,1,0,0,0,0,0,0,0,0,0
1,5581059,1974,944,6,0,0,0,165,0,0,0,6,0,0,0,0,0,0,0,0,0,1,1,0,0,0,0,0
1,4396078,2001,34,19,0,0,0,384,1,0,0,29,0,0,0,0,0,0,0,0,0,7,0,0,0,0,0,0
1,4616973,64,6,0,0,0,4,38,0,0,0,0,0,0,0,0,0,3,1,0,0,0,0,0,0,0,0,0
1,4783021,6226,135,7,0,0,10,269,0,0,0,20,0,0,0,0,0,0,0,0,0,1,1,0,0,0,0,0
1,5020010,1840,136,11,0,1,0,251,0,0,0,12,0,1,0,0,0,0,0,0,0,6,3,0,0,0,0,0
1,5006961,883,5,8,0,0,0,154,1,0,0,14,0,0,0,0,0,0,0,0,0,3,1,0,0,0,0,0
1,5675745,107,17,4,2,0,60,386,0,0,0,159,2,0,1,0,1,23,0,0,0,45,0,0,0,0,0,0
1,3398032,635971,41,1,0,1,26,14286,21,0,0,2,0,1,0,0,0,0,0,0,0,1,0,0,0,0,0,0
1,3183577,71337,21,1,0,0,60,165,0,0,0,12,0,0,0,0,0,0,0,0,0,7,2,0,0,0,0,0
1,5109575,1960,35,10,0,0,0,290,0,0,0,11,0,0,0,0,0,0,0,0,0,6,4,0,0,0,0,0
1,5003786,1343,5,16,0,0,0,309,1,0,0,30,0,0,0,0,0,0,0,0,0,6,4,0,0,0,0,0
1,5020469,2373,71,20,0,0,0,442,1,0,0,32,0,0,0,0,0,0,0,0,0,8,8,0,0,0,0,0
1,5009624,1661,5,17,0,1,0,263,1,0,0,28,0,1,0,0,0,0,0,0,0,1,4,0,0,0,0,0
1,4218405,80112,32,1,1,1,319,87,268,0,0,3,4,1,0,0,0,0,0,0,0,1,0,0,0,0,0,0
1,5090747,4884,187,9,0,0,0,409,0,0,0,18,0,0,0,0,0,0,0,0,0,0,3,0,0,0,0,0
1,3131584,46996,14,1,0,1,39,106,0,0,0,7,0,1,0,0,0,0,0,0,0,5,1,0,0,0,0,0
1,4510012,67,7,0,0,0,4,38,0,0,0,0,0,0,0,0,0,3,1,0,0,0,0,0,0,0,0,0
1,5676131,107,17,4,2,0,60,386,0,0,0,159,2,0,1,0,1,23,0,0,0,45,0,0,0,0,0,0
1,4740564,6395,161,9,1,0,6,287,0,0,0,22,2,0,0,0,0,0,0,1,0,1,1,0,0,0,0,0
1,4766462,74,7,0,0,0,14,128,0,0,0,0,0,0,0,0,0,13,1,0,0,0,0,0,0,0,0,0
1,5010791,326,5,3,0,0,0,39,1,0,0,3,0,0,0,0,0,0,0,0,0,0,0,0,0,0,0,0
1,5016773,1842,154,9,0,0,0,244,0,0,0,12,0,0,0,0,0,0,0,0,0,6,2,0,0,0,0,0
1,5006867,146,4,1,0,0,0,18,1,0,0,1,0,0,0,0,0,0,0,0,0,0,0,0,0,0,0,0
1,5140686,62,11,2,0,0,3,18,0,0,0,5,0,0,0,0,0,0,0,0,0,2,0,0,0,0,0,0
1,5016211,1711,128,8,0,1,0,228,0,0,0,12,0,1,0,0,0,0,0,0,0,3,3,0,0,0,0,0
1,5265933,1809,74,39,0,0,0,175,0,0,0,48,0,0,0,0,0,0,0,0,0,0,1,0,0,0,0,0
1,5045109,1972,114,10,0,0,0,248,0,0,0,12,0,0,0,0,0,0,0,0,0,6,4,0,0,0,0,0
1,5003309,1841,116,10,0,0,0,245,0,0,0,12,0,0,0,0,0,0,0,0,0,10,1,0,0,0,0,0
1,3323909,5068,8,0,0,0,2,2,0,0,0,0,0,0,0,0,0,0,0,0,0,2,0,0,0,0,0,0
1,5565798,1982,952,6,0,0,0,164,0,0,0,6,0,0,0,0,0,0,0,0,0,1,1,0,0,0,0,0
1,5326683,163,22,2,0,0,15,92,0,0,0,5,0,0,0,0,0,2,0,0,0,0,3,0,0,0,0,0
1,5265751,1812,74,39,0,0,0,168,0,0,0,48,0,0,0,0,0,0,0,0,0,0,1,0,0,0,0,0
1,4528335,69,7,0,0,0,4,38,0,0,0,0,0,0,0,0,0,3,1,0,0,0,0,0,0,0,0,0
1,5671180,107,17,4,2,0,60,384,0,0,0,159,2,0,1,0,1,23,0,0,0,43,0,0,0,0,0,0
1,3415563,1231,8,0,0,0,0,2,0,0,0,0,0,0,0,0,0,0,0,0,0,2,0,0,0,0,0,0
1,5571824,1966,936,6,0,0,0,166,0,0,0,6,0,0,0,0,0,0,0,0,0,1,1,0,0,0,0,0
1,4611307,67,7,0,0,0,13,146,0,0,0,0,0,0,0,0,0,12,1,0,0,0,0,0,0,0,0,0
1,4156557,4834,179,10,0,0,6,1842,0,0,0,45,0,0,0,0,0,0,0,0,0,1,1,0,0,0,0,0
1,4757916,6145,145,7,0,0,10,267,0,0,0,20,0,0,0,0,0,0,0,0,0,1,1,0,0,0,0,0
1,5010125,409,5,2,0,0,0,37,1,0,0,2,0,0,0,0,0,0,0,0,0,0,0,0,0,0,0,0
1,4920238,607,118,4,0,0,0,120,1,0,0,13,0,0,0,0,0,0,0,0,0,3,7,0,0,0,0,0
1,5598314,1942,912,6,0,0,0,155,0,0,0,6,0,0,0,0,0,0,0,0,0,1,1,0,0,0,0,0
1,4628792,68,7,0,0,0,14,192,0,0,0,0,0,0,0,0,0,26,1,0,0,0,0,0,0,0,0,0
1,5026388,575,5,3,0,0,0,125,1,0,0,8,0,0,0,0,0,0,0,0,0,2,0,0,0,0,0,0
1,5014208,505,5,5,0,0,0,133,1,0,0,10,0,0,0,0,0,0,0,0,0,2,0,0,0,0,0,0
1,5011415,1342,34,16,0,0,0,141,1,0,0,16,0,0,0,0,0,0,0,0,0,3,2,0,0,0,0,0
1,5270995,1824,74,39,0,0,0,177,0,0,0,48,0,0,0,0,0,0,0,0,0,0,1,0,0,0,0,0
1,3360561,4678,82,28,0,2,0,890,1,0,0,114,0,5,4,0,4,0,0,0,0,6,13,0,0,0,0,0
1,5039030,193,5,0,0,0,0,20,1,0,0,0,0,0,0,0,0,0,0,0,0,1,0,0,0,0,0,0
1,5648522,180,64,2,0,0,16,97,0,0,0,15,0,0,0,0,0,0,0,0,0,0,1,0,0,0,0,0
1,5258838,1826,74,39,0,0,0,176,0,0,0,48,0,0,0,0,0,0,0,0,0,0,1,0,0,0,0,0
1,5035897,692,106,3,0,0,0,63,1,0,0,3,0,0,0,0,0,0,0,0,0,0,1,0,0,0,0,0
1,4508023,68,7,0,0,0,14,150,0,0,0,0,0,0,0,0,0,13,1,0,0,0,0,0,0,0,0,0
1,4518549,70,7,0,0,0,4,38,0,0,0,0,0,0,0,0,0,3,1,0,0,0,0,0,0,0,0,0
1,5676417,107,17,4,2,0,60,386,0,0,0,159,2,0,1,0,1,23,0,0,0,45,0,0,0,0,0,0
1,5000665,3130,116,31,0,0,0,924,1,0,0,70,0,0,0,0,0,0,0,0,0,13,9,0,0,0,0,0
1,5024348,1876,108,6,0,0,0,261,0,0,0,11,0,0,0,0,0,0,0,0,0,5,1,0,0,0,0,0
1,4410975,2227,92,9,0,0,0,255,1,0,0,9,0,0,0,0,0,0,0,0,0,1,0,0,0,0,0,0
1,5577900,1966,936,6,0,0,0,149,0,0,0,6,0,0,0,0,0,0,0,0,0,1,1,0,0,0,0,0
1,4362320,1916,59,15,0,1,0,628,1,0,0,38,0,1,0,0,0,0,0,0,0,4,2,0,0,0,0,0
1,4640184,84,5,0,0,0,9,126,0,0,0,0,0,0,0,0,0,8,1,0,0,0,0,0,0,0,0,0
1,5022628,543,5,5,0,0,0,66,1,0,0,5,0,0,0,0,0,0,0,0,0,1,1,0,0,0,0,0
1,5219912,2407,99,8,0,0,0,330,0,0,0,17,0,0,0,0,0,0,0,0,0,0,6,0,0,0,0,0
1,4986621,1052,34,6,0,1,0,151,1,0,0,10,0,1,0,0,0,0,0,0,0,1,3,0,0,0,0,0
1,5061464,1730,57,10,0,0,0,252,0,0,0,11,0,0,0,0,0,0,0,0,0,4,2,0,0,0,0,0
1,2297725,21983,36,39,0,0,0,1943,1,0,0,82,0,0,0,0,0,0,0,0,0,7,6,0,0,0,0,0
1,4582876,6612,154,9,1,0,6,292,0,0,0,22,2,0,0,0,0,0,0,0,0,1,1,0,0,0,0,0
1,4951963,41,15,1,0,0,23,30,0,0,0,1,0,0,0,0,0,0,0,0,0,0,2,0,0,0,0,0
1,4534586,68,7,0,0,0,4,38,0,0,0,0,0,0,0,0,0,3,1,0,0,0,0,0,0,0,0,0
1,5014130,3203,38,24,0,0,0,536,1,0,0,47,0,0,0,0,0,0,0,0,0,3,6,0,0,0,0,0
1,5091185,4892,181,9,0,0,0,407,0,0,0,18,0,0,0,0,0,0,0,1,0,0,3,0,0,0,0,0
1,5151985,62,11,2,0,0,3,18,0,0,0,5,0,0,0,0,0,0,0,0,0,2,0,0,0,0,0,0
1,5659590,180,51,2,0,0,16,99,0,0,0,15,0,0,0,0,0,0,0,0,0,0,1,0,0,0,0,0
1,4769089,74,7,0,0,0,12,208,0,0,0,0,0,0,0,0,0,22,1,0,0,0,0,0,0,0,0,0
1,4642416,72,7,0,0,0,4,50,0,0,0,0,0,0,0,0,0,6,1,0,0,0,0,0,0,0,0,0
1,5580293,1966,936,6,0,0,0,158,0,0,0,6,0,0,0,0,0,0,0,0,0,1,1,0,0,0,0,0
1,4554571,70,7,0,0,0,4,38,0,0,0,0,0,0,0,0,0,3,1,0,0,0,0,0,0,0,0,0
1,4799793,9245,338,20,1,0,5,374,0,0,0,25,2,0,0,0,0,0,0,0,0,1,1,0,0,0,0,0
1,4707271,64,7,0,0,0,4,41,0,0,0,0,0,0,0,0,0,9,1,0,0,0,0,0,0,0,0,0
1,4649980,65,6,0,0,0,4,38,0,0,0,0,0,0,0,0,0,3,1,0,0,0,0,0,0,0,0,0
1,3482379,378,8,0,0,0,0,2,0,0,0,0,0,0,0,0,0,0,0,0,0,2,0,0,0,0,0,0
1,4674928,127,7,0,0,0,6,42,0,0,0,0,0,0,0,0,0,0,1,0,0,0,0,0,0,0,0,0
1,4429413,50108,30,2,0,1,102,437,0,0,0,131,0,1,0,0,0,0,0,320,4,1,0,0,0,0,0,0
1,5119597,3577,340,10,1,0,26,876,0,0,0,35,2,0,0,0,0,0,0,1,0,1,1,0,0,0,0,0
1,4641941,125,7,0,0,0,6,42,0,0,0,0,0,0,0,0,0,0,1,0,0,0,0,0,0,0,0,0
1,4673203,130,7,0,0,0,6,45,0,0,0,0,0,0,0,0,0,0,1,0,0,0,0,0,0,0,0,0
1,2355638,4217286,60,1,0,0,60,87338,0,0,0,12,0,0,0,0,0,0,0,0,0,7,2,0,0,0,0,0
1,5226192,153,34,3,0,0,1936,354,1426,0,0,384,0,0,0,0,0,0,0,0,0,1,3,0,0,0,0,0
1,4570395,69,7,0,0,0,4,38,0,0,0,0,0,0,0,0,0,3,1,0,0,0,0,0,0,0,0,0
1,3652046,41908,39,7,5,1,69,218,0,0,0,38,21,1,0,0,0,0,0,0,0,1,1,0,0,0,0,0
1,3732906,33885,37,7,5,1,69,218,0,0,0,38,21,1,0,0,0,0,0,0,0,1,1,0,0,0,0,0
1,5571161,1982,952,6,0,0,0,139,0,0,0,6,0,0,0,0,0,0,0,0,0,1,1,0,0,0,0,0
1,3523478,237409,112980,4,0,0,0,13,0,0,0,4,0,0,0,0,0,0,0,0,0,0,0,0,0,0,0,0
1,4896210,105,16,0,0,0,4,38,0,0,0,0,0,0,0,0,0,3,1,0,0,0,0,0,0,0,0,0
1,4628862,68,7,0,0,0,4,38,0,0,0,0,0,0,0,0,0,3,1,0,0,0,0,0,0,0,0,0
1,4703348,72,7,0,0,0,4,50,0,0,0,0,0,0,0,0,0,6,1,0,0,0,0,0,0,0,0,0
1,5164398,2995,124,8,0,0,0,347,0,0,0,17,0,0,0,0,0,0,0,0,0,0,4,0,0,0,0,0
1,4781132,266,9,0,0,0,53,1094,0,0,0,0,0,0,0,0,0,26,1,0,0,0,0,0,0,0,0,0
1,2922977,83399,20,1,0,1,26,51,0,0,0,3,0,1,0,0,0,0,0,0,0,1,0,0,0,0,0,0
1,4712882,133,10,0,0,0,6,45,0,0,0,0,0,0,0,0,0,0,1,0,0,0,0,0,0,0,0,0
1,5037805,2962,41,23,0,0,0,502,1,0,0,40,0,0,1,0,1,0,0,0,0,5,8,0,0,0,0,0
1,4525516,67,7,0,0,0,4,38,0,0,0,0,0,0,0,0,0,3,1,0,0,0,0,0,0,0,0,0
1,5171794,3021,124,8,0,0,0,359,0,0,0,17,0,0,0,0,0,0,0,0,0,0,4,0,0,0,0,0
1,5661772,180,51,2,0,0,16,98,0,0,0,15,0,0,0,0,0,0,0,0,0,0,1,0,0,0,0,0
1,2401104,110,18,1,0,0,188,163,5,0,0,4,0,0,0,0,0,0,0,0,0,0,2,0,0,0,0,0
1,5324946,2784,38,16,1,0,19,898,0,0,0,256,1,0,0,0,0,0,0,0,0,4,32,0,0,0,0,0
1,4114957,10563,168,11,0,0,6,765,0,0,0,39,0,0,0,0,0,0,0,0,0,1,1,0,0,0,0,0
1,4575470,127,7,0,0,0,16,171,0,0,0,0,0,0,0,0,0,0,1,0,0,0,0,0,0,0,0,0
1,3972459,2171,2146,2,0,1,3,21,0,0,0,2,0,1,0,0,0,0,0,0,0,0,1,0,0,0,0,0
1,5036670,474,5,7,0,0,0,76,1,0,0,10,0,0,0,0,0,0,0,0,0,1,0,0,0,0,0,0
1,5586113,1966,936,6,0,0,0,175,0,0,0,6,0,0,0,0,0,0,0,0,0,1,1,0,0,0,0,0
1,5588696,1966,936,6,0,0,0,159,0,0,0,6,0,0,0,0,0,0,0,0,0,1,1,0,0,0,0,0
1,4613617,126,7,0,0,0,6,42,0,0,0,0,0,0,0,0,0,0,1,0,0,0,0,0,0,0,0,0
1,4682432,70,7,0,0,0,13,146,0,0,0,0,0,0,0,0,0,12,1,0,0,0,0,0,0,0,0,0
1,5034362,2172,152,10,0,1,0,277,0,0,0,11,0,1,1,0,1,0,0,0,0,7,2,0,0,0,0,0
1,4579281,127,7,0,0,0,16,158,0,0,0,0,0,0,0,0,0,0,1,0,0,0,0,0,0,0,0,0
1,5675818,107,17,4,2,0,60,386,0,0,0,159,2,0,1,0,1,23,0,0,0,45,0,0,0,0,0,0
1,5675799,107,17,4,2,0,60,386,0,0,0,159,2,0,1,0,1,23,0,0,0,45,0,0,0,0,0,0
1,4171176,4825,169,10,0,0,6,1800,0,0,0,45,0,0,0,0,0,0,0,0,0,1,1,0,0,0,0,0
1,4698098,6629,133,9,1,0,6,286,0,0,0,22,2,0,0,0,0,0,0,2,0,1,1,0,0,0,0,0
1,5671176,107,17,4,2,0,60,384,0,0,0,159,2,0,1,0,1,23,0,0,0,43,0,0,0,0,0,0
1,3839827,27640,39,7,5,1,69,218,0,0,0,38,21,1,0,0,0,0,0,0,0,1,1,0,0,0,0,0
1,4612023,1103,24,1,3,0,462,2774,5,0,0,16,21,0,0,0,0,0,0,0,0,119,0,0,0,0,0,0
1,5207623,2403,99,8,0,0,0,333,0,0,0,17,0,0,0,0,0,0,0,0,0,2,5,0,0,0,0,0
1,4161386,4550,158,10,0,0,6,1814,0,0,0,45,0,0,0,0,0,0,0,0,0,1,1,0,0,0,0,0
1,4494059,69,7,0,0,0,4,38,0,0,0,0,0,0,0,0,0,3,1,0,0,0,0,0,0,0,0,0
1,4591127,67,7,0,0,0,4,38,0,0,0,0,0,0,0,0,0,3,1,0,0,0,0,0,0,0,0,0
1,4275482,124,61,0,0,0,1200,3045,0,0,0,0,0,0,0,0,0,0,0,0,0,0,1,0,0,0,0,0
1,5026630,1864,142,11,0,0,0,220,0,0,0,12,0,0,0,0,0,0,0,0,0,7,2,0,0,0,0,0
1,4254555,124,61,0,0,0,1195,3035,0,0,0,0,0,0,0,0,0,0,0,0,0,0,1,0,0,0,0,0
1,5169770,2993,124,8,0,0,0,353,0,0,0,17,0,0,0,0,0,0,0,0,0,0,4,0,0,0,0,0
1,5006144,986,5,7,0,0,0,163,1,0,0,13,0,0,0,0,0,0,0,0,0,1,5,0,0,0,0,0
1,5666789,180,51,2,0,0,16,97,0,0,0,15,0,0,0,0,0,0,0,0,0,0,1,0,0,0,0,0
1,5017854,806,5,7,0,0,0,198,1,0,0,13,0,0,0,0,0,0,0,0,0,2,0,0,0,0,0,0
1,5174032,3027,124,8,0,0,0,364,0,0,0,17,0,0,0,0,0,0,0,0,0,0,4,0,0,0,0,0
1,5126188,3551,356,10,1,0,21,853,0,0,0,30,2,0,0,0,0,0,0,0,0,1,1,0,0,0,0,0
1,2828803,65820,90,1,0,1,39,9492,0,0,0,7,0,1,0,0,0,0,0,0,0,5,1,0,0,0,0,0
1,4805461,6188,144,7,0,0,10,280,0,0,0,20,0,0,0,0,0,0,0,0,0,1,1,0,0,0,0,0
1,3636482,84676,90,1,0,1,39,9514,0,0,0,7,0,1,0,0,0,0,0,0,0,5,1,0,0,0,0,0
1,2577133,1024525,90,1,0,1,39,44649,0,0,0,7,0,1,0,0,0,0,0,0,0,5,1,0,0,0,0,0
1,4655662,82,12,0,0,0,13,61,0,0,0,0,0,0,0,0,0,4,1,0,0,0,0,0,0,0,0,0
1,4732871,9328,358,17,1,0,5,373,0,0,0,25,2,0,0,0,0,0,0,0,0,1,1,0,0,0,0,0
1,3398092,2480,65,18,0,1,0,231,1,0,0,31,0,1,4,0,4,2,0,0,0,2,2,0,0,0,0,0
1,4626680,127,7,0,0,0,6,42,0,0,0,0,0,0,0,0,0,0,1,0,0,0,0,0,0,0,0,0
1,5581849,1974,944,6,0,0,0,153,0,0,0,6,0,0,0,0,0,0,0,0,0,1,1,0,0,0,0,0
1,2307109,13278,47,20,0,0,0,611,1,0,0,20,0,0,0,0,0,0,0,0,0,3,1,0,0,0,0,0
1,3497647,350,8,0,0,0,0,2,0,0,0,0,0,0,0,0,0,0,0,0,0,2,0,0,0,0,0,0
1,5105608,1909,39,9,0,0,0,256,0,0,0,11,0,0,0,0,0,0,0,0,0,3,2,0,0,0,0,0
1,5008501,2224,5,21,0,1,0,236,1,0,0,21,0,1,0,0,0,0,0,0,0,3,2,0,0,0,0,0
1,4997913,1868,112,11,0,0,0,184,1,0,0,11,0,0,0,0,0,0,0,0,0,4,3,0,0,0,0,0
1,4669229,129,7,0,0,0,6,42,0,0,0,0,0,0,0,0,0,0,1,0,0,0,0,0,0,0,0,0
1,5671689,107,17,4,2,0,60,384,0,0,0,159,2,0,1,0,1,23,0,0,0,43,0,0,0,0,0,0
1,4590129,21030,42,3,2,1,1536,3063,14,2,0,98,20,8,0,0,0,0,0,2,0,4,18,0,0,0,0,0
1,4537757,69,7,0,0,0,14,150,0,0,0,0,0,0,0,0,0,13,1,0,0,0,0,0,0,0,0,0
1,5016918,155,4,1,0,0,0,13,1,0,0,1,0,0,0,0,0,0,0,0,0,0,0,0,0,0,0,0
1,5028769,1780,114,12,0,0,0,171,1,0,0,12,0,0,0,0,0,0,0,0,0,2,0,0,0,0,0,0
1,3420202,237409,112980,4,0,0,0,13,0,0,0,4,0,0,0,0,0,0,0,0,0,0,0,0,0,0,0,0
1,5569356,151,17,2,0,0,37,113,0,0,0,9,0,0,0,0,0,0,0,0,0,1,3,0,0,0,0,0
1,5039999,1385,132,8,0,0,0,256,0,0,0,11,0,0,0,0,0,0,0,0,0,7,2,0,0,0,0,0
1,5008738,1948,102,11,0,1,0,197,1,0,0,11,0,1,0,0,0,0,0,0,0,5,2,0,0,0,0,0
1,4682636,127,7,0,0,0,6,42,0,0,0,0,0,0,0,0,0,0,1,0,0,0,0,0,0,0,0,0
1,5067722,1938,31,10,0,0,0,258,0,0,0,12,0,0,0,0,0,0,0,0,0,4,4,0,0,0,0,0
1,5226017,2435,99,8,0,0,0,346,0,0,0,17,0,0,0,0,0,0,0,0,0,2,6,0,0,0,0,0
1,5088071,86,4,0,0,0,0,8,1,0,0,0,0,0,0,0,0,0,0,0,0,0,0,0,0,0,0,0
1,4368490,6008,67,47,0,0,0,654,1,0,0,47,0,0,0,0,0,0,0,0,0,8,3,0,0,0,0,0
1,5671954,107,17,4,2,0,60,384,0,0,0,159,2,0,1,0,1,23,0,0,0,43,0,0,0,0,0,0
1,4497242,68,7,0,0,0,4,38,0,0,0,0,0,0,0,0,0,3,1,0,0,0,0,0,0,0,0,0
1,4164179,2667,39,1,0,0,0,27,0,0,0,1,0,0,0,0,0,0,0,0,0,1,0,0,0,0,0,0
1,4675805,64,5,0,0,0,4,44,0,0,0,0,0,0,0,0,0,6,1,0,0,0,0,0,0,0,0,0
1,2314376,1046,38,2,0,0,0,53,1,0,0,2,0,0,0,0,0,0,0,0,0,1,0,0,0,0,0,0
1,3633704,85654,40,1,2,0,155,140,106,0,0,6,10,0,0,0,0,0,0,0,0,2,1,0,0,0,0,0
1,5022290,1659,78,14,0,0,0,448,1,0,0,40,0,0,0,0,0,0,0,0,0,3,6,0,0,0,0,0
1,5014336,841,5,9,0,0,0,98,1,0,0,9,0,0,0,0,0,0,0,0,0,1,1,0,0,0,0,0
1,5042989,1924,142,10,0,0,0,206,1,0,0,10,0,0,0,0,0,0,0,0,0,6,2,0,0,0,0,0
1,4534586,68,7,0,0,0,4,38,0,0,0,0,0,0,0,0,0,3,1,0,0,0,0,0,0,0,0,0
1,4539728,2668,95,11,0,0,0,1267,0,0,0,47,0,0,0,0,0,0,0,0,0,6,2,0,0,0,0,0
1,5670834,107,17,4,2,0,60,384,0,0,0,159,2,0,1,0,1,23,0,0,0,43,0,0,0,0,0,0
1,4329413,2239,70,21,0,0,0,420,1,0,0,32,0,0,0,0,0,0,0,0,0,7,6,0,0,0,0,0
1,2921648,3727,12,0,0,0,0,3,0,0,0,0,0,0,0,0,0,0,0,0,0,1,0,0,0,0,0,0
1,4785541,9562,338,20,1,0,5,363,0,0,0,25,2,0,0,0,0,0,0,0,0,1,1,0,0,0,0,0
1,5119722,811,19,1,0,0,165,364,0,0,0,2,0,0,0,0,0,0,0,0,0,7,2,0,0,0,0,0
1,3250180,108590,13,2,1,1,0,8273,0,0,0,6,6,1,0,0,0,0,0,0,0,1,2,0,0,0,0,0
1,5151985,62,11,2,0,0,3,18,0,0,0,5,0,0,0,0,0,0,0,0,0,2,0,0,0,0,0,0
1,4661806,129,7,0,0,0,6,42,0,0,0,0,0,0,0,0,0,0,1,0,0,0,0,0,0,0,0,0
1,5149348,62,11,2,0,0,7,28,0,0,0,6,0,0,0,0,0,0,0,0,0,2,0,0,0,0,0,0
1,4631626,181,50,2,1,1,48,3149,1,0,0,39,23,1,0,0,0,0,0,0,0,0,0,0,0,0,0,0
1,4788828,159,9,0,0,0,13,133,0,0,0,0,0,0,0,0,0,0,1,0,0,0,0,0,0,0,0,0
1,5117012,230,19,7,1,0,275,156,206,0,0,68,1,0,0,0,0,0,0,0,0,2,2,0,0,0,0,0
1,4509326,69,7,0,0,0,4,38,0,0,0,0,0,0,0,0,0,3,1,0,0,0,0,0,0,0,0,0
1,5570636,1966,936,6,0,0,0,170,0,0,0,6,0,0,0,0,0,0,0,0,0,1,1,0,0,0,0,0
1,5266717,1836,74,28,0,0,0,177,0,0,0,37,0,0,0,0,0,0,0,0,0,0,2,0,0,0,0,0
1,4616973,64,6,0,0,0,4,38,0,0,0,0,0,0,0,0,0,3,1,0,0,0,0,0,0,0,0,0
1,4730247,9469,334,12,1,0,6,372,0,0,0,23,2,0,0,0,0,0,0,0,0,1,1,0,0,0,0,0
1,4984762,67,7,0,0,0,11,169,0,0,0,0,0,0,0,0,0,20,1,0,0,0,0,0,0,0,0,0
1,3527203,50674,8,1,0,1,113,137,0,0,0,90,0,1,0,0,0,0,0,0,0,1,0,0,0,0,0,0
1,5260632,1811,74,39,0,0,0,173,0,0,0,48,0,0,0,0,0,0,0,0,0,0,1,0,0,0,0,0
1,4892636,68,5,0,0,0,11,189,0,0,0,0,0,0,0,0,0,20,1,0,0,0,0,0,0,0,0,0
1,4540393,68,7,0,0,0,4,38,0,0,0,0,0,0,0,0,0,3,1,0,0,0,0,0,0,0,0,0
1,5073672,1927,91,9,0,0,0,190,1,0,0,9,0,0,0,0,0,0,0,0,0,4,1,0,0,0,0,0
1,4642010,127,7,0,0,0,6,42,0,0,0,0,0,0,0,0,0,0,1,0,0,0,0,0,0,0,0,0
1,4504161,67,7,0,0,0,4,38,0,0,0,0,0,0,0,0,0,3,1,0,0,0,0,0,0,0,0,0
1,3864368,2187,2166,2,0,1,3,20,0,0,0,2,0,1,0,0,0,0,0,0,0,0,1,0,0,0,0,0
1,5223656,2403,99,8,0,0,0,330,0,0,0,17,0,0,0,0,0,0,0,0,0,0,6,0,0,0,0,0
1,3479040,394,8,0,0,0,0,2,0,0,0,0,0,0,0,0,0,0,0,0,0,2,0,0,0,0,0,0
1,4625112,128,7,0,0,0,6,42,0,0,0,0,0,0,0,0,0,0,1,0,0,0,0,0,0,0,0,0
1,4656746,128,7,0,0,0,6,42,0,0,0,0,0,0,0,0,0,0,1,0,0,0,0,0,0,0,0,0
1,4628754,67,7,0,0,0,4,47,0,0,0,0,0,0,0,0,0,6,1,0,0,0,0,0,0,0,0,0
1,4656985,69,7,0,0,0,13,146,0,0,0,0,0,0,0,0,0,12,1,0,0,0,0,0,0,0,0,0
1,4648411,66,7,0,0,0,4,47,0,0,0,0,0,0,0,0,0,6,1,0,0,0,0,0,0,0,0,0
1,4850990,81,15,0,0,0,1428,3503,0,0,0,0,0,0,0,0,0,0,0,0,2,0,2,0,0,0,0,0
1,4148235,5126,169,10,0,0,6,1790,0,0,0,45,0,0,0,0,0,0,0,0,0,1,1,0,0,0,0,0
1,4487452,3597,45,11,0,0,0,1287,0,0,0,39,0,0,0,0,0,0,0,0,0,7,2,0,0,0,0,0
1,4997317,2024,5,21,0,0,0,560,1,0,0,45,0,0,0,0,0,0,0,0,0,7,3,0,0,0,0,0
1,5566284,1982,952,6,0,0,0,154,0,0,0,6,0,0,0,0,0,0,0,0,0,1,1,0,0,0,0,0
1,5021408,841,34,7,0,0,0,99,1,0,0,7,0,0,0,0,0,0,0,0,0,1,3,0,0,0,0,0
1,2314299,11233,38,26,0,0,0,897,1,0,0,39,0,0,0,0,0,0,0,0,0,4,3,0,0,0,0,0
1,4393964,3274,60,28,0,0,0,1277,1,0,0,88,0,0,0,0,0,0,0,0,0,11,9,0,0,0,0,0
1,4721827,9599,351,12,1,0,6,373,0,0,0,23,2,0,0,0,0,0,0,0,0,1,1,0,0,0,0,0
1,5011551,906,5,6,0,0,0,97,1,0,0,6,0,0,0,0,0,0,0,0,0,2,2,0,0,0,0,0
1,3405928,720,8,0,0,0,0,2,0,0,0,0,0,0,0,0,0,0,0,0,0,2,0,0,0,0,0,0
1,2827632,50712,7,1,0,1,5,11,0,0,0,2,0,1,0,0,0,0,0,0,0,0,0,0,0,0,0,0
1,3495145,237724,113130,4,0,0,0,13,0,0,0,4,0,0,0,0,0,0,0,0,0,0,0,0,0,0,0,0
1,2309378,4753,45,10,0,0,0,205,1,0,0,10,0,0,0,0,0,0,0,0,0,0,0,0,0,0,0,0
1,5018513,1463,34,14,0,0,0,312,1,0,0,28,0,0,0,0,0,0,0,0,0,3,6,0,0,0,0,0
1,5587488,1966,936,6,0,0,0,176,0,0,0,6,0,0,0,0,0,0,0,0,0,1,1,0,0,0,0,0
1,5265163,1836,74,39,0,0,0,178,0,0,0,48,0,0,0,0,0,0,0,0,0,0,1,0,0,0,0,0
1,5030820,2400,136,12,0,0,0,243,0,0,0,12,0,0,1,0,1,0,0,0,0,5,3,0,0,0,0,0
1,5011632,2218,5,19,0,0,0,362,1,0,0,26,0,0,1,0,1,0,0,0,0,3,8,0,0,0,0,0
1,5024724,1421,5,9,0,0,0,238,1,0,0,19,0,0,0,0,0,0,0,0,0,2,3,0,0,0,0,0
1,4559612,6170,152,7,0,0,10,276,0,0,0,20,0,0,0,0,0,0,0,0,0,1,1,0,0,0,0,0
1,5029138,1777,134,10,0,0,0,223,0,0,0,12,0,0,1,0,1,0,0,0,0,5,2,0,0,0,0,0
1,5223394,2445,99,8,0,0,0,342,0,0,0,17,0,0,0,0,0,0,0,0,0,0,4,0,0,0,0,0
1,4858356,72,5,0,0,0,4,56,0,0,0,0,0,0,0,0,0,6,1,0,0,0,0,0,0,0,0,0
1,4539860,69,7,0,0,0,4,38,0,0,0,0,0,0,0,0,0,3,1,0,0,0,0,0,0,0,0,0
1,5006672,2252,128,22,0,0,0,255,1,0,0,25,0,0,0,0,0,0,0,0,0,1,2,0,0,0,0,0
1,5013780,1710,132,10,0,0,0,213,0,0,0,11,0,0,0,0,0,0,0,0,0,3,2,0,0,0,0,0
1,5171389,3007,124,8,0,0,0,354,0,0,0,17,0,0,0,0,0,0,0,0,0,0,4,0,0,0,0,0
1,5126173,3448,49,10,0,1,0,401,0,0,0,12,0,1,0,0,0,0,0,0,0,5,0,0,0,0,0,0
1,3789562,85616,31,1,2,0,114,97,77,0,0,4,6,0,0,0,0,0,0,0,0,2,1,0,0,0,0,0
1,4549365,69,7,0,0,0,4,38,0,0,0,0,0,0,0,0,0,3,1,0,0,0,0,0,0,0,0,0
1,3375026,5742,55,49,0,2,0,1991,0,0,0,313,0,12,4,0,4,0,0,0,0,13,21,0,0,0,0,0
1,4584874,70,7,0,0,0,4,38,0,0,0,0,0,0,0,0,0,3,1,0,0,0,0,0,0,0,0,0
1,5016318,1304,5,10,0,0,0,264,1,0,0,23,0,0,0,0,0,0,0,0,0,4,2,0,0,0,0,0
1,5023535,3318,364,10,1,0,24,880,0,0,0,33,2,0,0,0,0,0,0,0,0,1,1,0,0,0,0,0
1,5156250,62,11,2,0,0,3,18,0,0,0,5,0,0,0,0,0,0,0,0,0,2,0,0,0,0,0,0
1,4648390,77,10,0,0,0,4,38,0,0,0,0,0,0,0,0,0,3,1,0,0,0,0,0,0,0,0,0
1,5029056,1549,5,10,0,0,0,159,1,0,0,10,0,0,0,0,0,0,0,0,0,1,1,0,0,0,0,0
1,4631026,65,6,0,0,0,4,38,0,0,0,0,0,0,0,0,0,3,1,0,0,0,0,0,0,0,0,0
1,4442137,65,7,0,0,0,4,38,0,0,0,0,0,0,0,0,0,3,1,0,0,0,0,0,0,0,0,0
1,5026931,132,5,0,0,0,0,17,1,0,0,0,0,0,0,0,0,0,0,0,0,1,0,0,0,0,0,0
1,4432461,5829,64,24,0,0,0,1197,0,0,0,44,0,0,0,0,0,0,0,0,0,4,1,0,0,0,0,0
1,4685071,130,7,0,0,0,6,45,0,0,0,0,0,0,0,0,0,0,1,0,0,0,0,0,0,0,0,0
1,5675462,107,17,4,2,0,60,386,0,0,0,159,2,0,1,0,1,23,0,0,0,45,0,0,0,0,0,0
1,4569722,70,7,0,0,0,4,38,0,0,0,0,0,0,0,0,0,3,1,0,0,0,0,0,0,0,0,0
1,4723436,77,5,0,0,0,4,62,0,0,0,0,0,0,0,0,0,6,1,0,0,0,0,0,0,0,0,0
1,4748655,9024,340,20,1,0,5,370,0,0,0,25,2,0,0,0,0,0,0,0,0,1,1,0,0,0,0,0
1,2964607,171036,7,1,0,1,5,11,0,0,0,2,0,1,0,0,0,0,0,0,0,0,0,0,0,0,0,0
1,5023361,2451,34,21,0,0,0,418,1,0,0,34,0,0,0,0,0,0,0,0,0,7,9,0,0,0,0,0
1,4713979,6331,172,7,1,0,4,268,0,0,0,13,1,0,0,0,0,0,0,0,0,1,2,0,0,0,0,0
1,4518306,84,11,0,0,0,4,38,0,0,0,0,0,0,0,0,0,3,1,0,0,0,0,0,0,0,0,0
1,4378436,1659,41,13,0,0,0,300,1,0,0,23,0,0,0,0,0,0,0,0,0,5,2,0,0,0,0,0
1,3988426,5186,10,1,0,0,173,584,0,0,0,153,0,0,0,0,0,0,0,0,0,4,4,0,0,0,0,0
1,5035973,923,5,5,0,0,0,99,1,0,0,5,0,0,0,0,0,0,0,0,0,3,0,0,0,0,0,0
1,4723178,9434,347,20,1,0,5,379,0,0,0,25,2,0,0,0,0,0,0,0,0,1,1,0,0,0,0,0
1,2307074,8871,83,16,0,0,0,598,1,0,0,28,0,0,0,0,0,0,0,0,0,1,1,0,0,0,0,0
1,4420116,1458,46,7,0,0,0,227,1,0,0,12,0,0,0,0,0,0,0,0,0,3,0,0,0,0,0,0
1,5572469,1982,952,6,0,0,0,155,0,0,0,6,0,0,0,0,0,0,0,0,0,1,1,0,0,0,0,0
1,4793793,69,7,0,0,0,4,47,0,0,0,0,0,0,0,0,0,6,1,0,0,0,0,0,0,0,0,0
1,5156250,62,11,2,0,0,3,18,0,0,0,5,0,0,0,0,0,0,0,0,0,2,0,0,0,0,0,0
1,3451790,237861,112980,4,0,0,0,24,0,0,0,4,0,0,0,0,0,0,0,0,0,0,0,0,0,0,0,0
1,4630364,80,5,0,0,0,4,50,0,0,0,0,0,0,0,0,0,3,1,0,0,0,0,0,0,0,0,0
1,5025472,1776,5,13,0,0,0,189,1,0,0,13,0,0,1,0,1,0,0,0,0,2,1,0,0,0,0,0
1,4170993,4669,169,10,0,0,6,1796,0,0,0,45,0,0,0,0,0,0,0,0,0,1,1,0,0,0,0,0
1,5028095,1728,124,10,0,0,0,246,0,0,0,11,0,0,0,0,0,0,0,0,0,7,3,0,0,0,0,0
1,4323780,2593,73,18,0,0,0,300,1,0,0,20,0,0,0,0,0,0,0,0,0,0,0,0,0,0,0,0
1,5025768,243,5,2,0,0,0,26,1,0,0,2,0,0,0,0,0,0,0,0,0,1,0,0,0,0,0,0
1,5066033,947,5,2,0,0,0,103,1,0,0,2,0,0,0,0,0,0,0,0,0,5,2,0,0,0,0,0
1,5213775,2419,99,8,0,0,0,341,0,0,0,17,0,0,0,0,0,0,0,0,0,1,6,0,0,0,0,0
1,5021017,293,34,1,0,0,0,54,1,0,0,1,0,0,0,0,0,0,0,0,0,0,0,0,0,0,0,0
1,5040758,1816,138,10,0,0,0,251,0,0,0,11,0,0,0,0,0,0,0,0,0,5,2,0,0,0,0,0
1,2643390,32772,7,1,0,1,5,11,0,0,0,2,0,1,0,0,0,0,0,0,0,0,0,0,0,0,0,0
1,4518549,70,7,0,0,0,4,38,0,0,0,0,0,0,0,0,0,3,1,0,0,0,0,0,0,0,0,0
1,5025510,2525,40,34,0,1,0,1419,0,0,0,118,0,2,1,0,1,0,0,0,0,12,17,0,0,0,0,0
1,5168378,3022,124,8,0,0,0,361,0,0,0,17,0,0,0,0,0,0,0,0,0,0,4,0,0,0,0,0
1,5031951,2589,146,20,0,1,0,651,1,0,0,49,0,1,1,0,1,0,0,0,0,12,7,0,0,0,0,0
1,3391596,3398,57,35,0,4,0,1971,0,0,0,301,0,19,6,0,6,1,0,0,0,9,22,0,0,0,0,0
1,4735305,9244,353,20,1,0,5,372,0,0,0,25,2,0,0,0,0,0,0,0,0,1,1,0,0,0,0,0
1,4768426,6414,142,9,1,0,6,288,0,0,0,22,2,0,0,0,0,0,0,1,0,1,1,0,0,0,0,0
1,4534586,68,7,0,0,0,4,38,0,0,0,0,0,0,0,0,0,3,1,0,0,0,0,0,0,0,0,0
1,5175884,3016,124,8,0,0,0,361,0,0,0,17,0,0,0,0,0,0,0,0,0,0,4,0,0,0,0,0
1,4525306,75,15,0,0,0,1391,3427,0,0,0,0,0,0,0,0,0,0,0,0,0,0,1,0,0,0,0,0
1,5167149,2996,124,8,0,0,0,351,0,0,0,17,0,0,0,0,0,0,0,0,0,0,4,0,0,0,0,0
1,4721479,87,7,0,0,0,4,62,0,0,0,0,0,0,0,0,0,6,1,0,0,0,0,0,0,0,0,0
1,4971539,1918,100,10,0,0,0,247,0,0,0,12,0,0,1,0,1,0,0,0,0,3,3,0,0,0,0,0
1,4688601,129,7,0,0,0,6,42,0,0,0,0,0,0,0,0,0,0,1,0,0,0,0,0,0,0,0,0
1,5676045,107,17,4,2,0,60,386,0,0,0,159,2,0,1,0,1,23,0,0,0,45,0,0,0,0,0,0
1,4767629,6350,135,7,1,0,4,274,0,0,0,13,1,0,0,0,0,0,0,0,0,1,2,0,0,0,0,0
1,3464744,44378,32,7,5,1,69,218,0,0,0,38,21,1,0,0,0,0,0,0,0,1,1,0,0,0,0,0
1,4458184,5807,34,48,0,0,0,644,1,0,0,48,0,0,0,0,0,0,0,0,0,7,2,0,0,0,0,0
1,5670775,107,17,4,2,0,60,384,0,0,0,159,2,0,1,0,1,23,0,0,0,43,0,0,0,0,0,0
1,5688298,0,0,0,0,0,0,0,1,0,0,0,0,0,0,0,0,0,0,0,0,0,0,0,0,0,0,0
1,4554469,70,7,0,0,0,14,150,0,0,0,0,0,0,0,0,0,13,1,0,0,0,0,0,0,0,0,0
1,5349509,163,22,2,0,0,15,92,0,0,0,5,0,0,0,0,0,2,0,0,0,0,3,0,0,0,0,0
1,5038523,1909,106,10,0,0,0,243,0,0,0,11,0,0,0,0,0,0,0,0,0,5,2,0,0,0,0,0
1,4148312,10283,179,10,0,0,7,1032,0,0,0,47,0,0,0,0,0,0,0,0,0,1,1,0,0,0,0,0
1,5006265,1842,138,9,0,0,0,228,0,0,0,11,0,0,0,0,0,0,0,0,0,6,2,0,0,0,0,0
1,5214875,2401,99,8,0,0,0,324,0,0,0,17,0,0,0,0,0,0,0,0,0,1,4,0,0,0,0,0
1,5021380,1301,5,11,0,0,0,490,1,0,0,39,0,0,0,0,0,0,0,0,0,5,10,0,0,0,0,0
1,4549365,69,7,0,0,0,4,38,0,0,0,0,0,0,0,0,0,3,1,0,0,0,0,0,0,0,0,0
1,5030167,3345,116,28,0,0,0,610,1,0,0,44,0,0,0,0,0,0,0,0,0,14,5,0,0,0,0,0
1,5674852,180,51,2,0,0,16,98,0,0,0,15,0,0,0,0,0,0,0,0,0,0,1,0,0,0,0,0
1,5032184,2006,120,18,0,0,0,204,1,0,0,18,0,0,0,0,0,0,0,0,0,1,1,0,0,0,0,0
1,3527420,346,8,0,0,0,0,2,0,0,0,0,0,0,0,0,0,0,0,0,0,2,0,0,0,0,0,0
1,5672896,107,17,4,2,0,60,386,0,0,0,159,2,0,1,0,1,23,0,0,0,45,0,0,0,0,0,0
1,4482534,69,7,0,0,0,4,38,0,0,0,0,0,0,0,0,0,3,1,0,0,0,0,0,0,0,0,0
1,5029021,1313,98,7,0,0,0,225,0,0,0,11,0,0,0,0,0,0,0,0,0,6,3,0,0,0,0,0
1,5033258,953,100,4,0,0,0,83,1,0,0,4,0,0,0,0,0,0,0,0,0,0,2,0,0,0,0,0
1,3319554,4900,60,37,0,2,0,753,1,0,0,145,0,7,5,0,5,3,0,0,0,6,17,0,0,0,0,0
1,3055102,171685,8,1,0,1,15,11,10,0,0,2,0,1,0,0,0,0,0,0,0,0,0,0,0,0,0,0
1,5672840,107,17,4,2,0,60,386,0,0,0,159,2,0,1,0,1,23,0,0,0,45,0,0,0,0,0,0
1,5133651,62,11,2,0,0,3,18,0,0,0,5,0,0,0,0,0,0,0,0,0,2,0,0,0,0,0,0
1,2827669,50705,7,1,0,1,5,11,0,0,0,2,0,1,0,0,0,0,0,0,0,0,0,0,0,0,0,0
1,4433990,6605,41,29,0,0,0,1300,0,0,0,47,0,0,0,0,0,0,0,0,0,6,3,0,0,0,0,0
1,4655310,129,7,0,0,0,6,42,0,0,0,0,0,0,0,0,0,0,1,0,0,0,0,0,0,0,0,0
1,5037603,2244,154,16,0,0,0,214,1,0,0,16,0,0,0,0,0,0,0,0,0,2,2,0,0,0,0,0
1,4397919,1818,43,18,0,0,0,494,1,0,0,40,0,0,0,0,0,0,0,0,0,6,2,0,0,0,0,0
1,5017990,1657,34,12,0,0,0,263,1,0,0,20,0,0,0,0,0,0,0,0,0,5,4,0,0,0,0,0
1,4319599,372,44,3,0,0,0,31,1,0,0,3,0,0,0,0,0,0,0,0,0,0,0,0,0,0,0,0
1,5003297,4054,112,32,0,0,0,949,1,0,0,78,0,0,0,0,0,0,0,0,0,8,9,0,0,0,0,0
1,4510012,67,7,0,0,0,4,38,0,0,0,0,0,0,0,0,0,3,1,0,0,0,0,0,0,0,0,0
1,4653414,128,7,0,0,0,6,42,0,0,0,0,0,0,0,0,0,0,1,0,0,0,0,0,0,0,0,0
1,5673000,107,17,4,2,0,60,386,0,0,0,159,2,0,1,0,1,23,0,0,0,45,0,0,0,0,0,0
1,5435531,58,14,2,0,1,20,60,0,0,0,6,0,3,0,0,0,0,0,0,0,1,4,0,0,0,0,0
1,5672598,107,17,4,2,0,60,386,0,0,0,159,2,0,1,0,1,23,0,0,0,45,0,0,0,0,0,0
1,5082275,3429,340,10,1,0,23,820,0,0,0,32,2,0,0,0,0,0,0,0,0,1,1,0,0,0,0,0
1,4509624,68,7,0,0,0,4,38,0,0,0,0,0,0,0,0,0,3,1,0,0,0,0,0,0,0,0,0
1,4825022,6353,154,7,1,0,4,279,0,0,0,13,1,0,0,0,0,0,0,0,0,1,2,0,0,0,0,0
1,2314057,2687,55,6,0,0,0,121,1,0,0,6,0,0,0,0,0,0,0,0,0,0,1,0,0,0,0,0
1,5262132,1813,74,39,0,0,0,173,0,0,0,48,0,0,0,0,0,0,0,0,0,0,1,0,0,0,0,0
1,5341801,163,22,2,0,0,15,95,0,0,0,5,0,0,0,0,0,2,0,0,0,0,3,0,0,0,0,0
1,5036230,1359,108,6,0,0,0,259,0,0,0,11,0,0,0,0,0,0,0,0,0,6,2,0,0,0,0,0
1,4956482,1672,110,11,0,0,0,46,1,0,0,11,0,0,0,0,0,0,0,0,0,4,1,0,0,0,0,0
1,5089296,4887,187,9,0,0,0,409,0,0,0,18,0,0,0,0,0,0,0,0,0,0,3,0,0,0,0,0
1,5676444,107,17,4,2,0,60,386,0,0,0,159,2,0,1,0,1,23,0,0,0,45,0,0,0,0,0,0
1,5281640,1832,74,39,0,0,0,178,0,0,0,48,0,0,0,0,0,0,0,0,0,0,1,0,0,0,0,0
1,3937116,2139,2118,2,0,1,3,20,0,0,0,2,0,1,0,0,0,0,0,0,0,0,1,0,0,0,0,0
1,5048305,3482,349,10,1,0,21,870,0,0,0,30,2,0,0,0,0,0,0,1,0,1,1,0,0,0,0,0
1,4509047,67613,67537,1,2,1,71,146,0,0,0,13,6,1,0,0,0,0,0,0,0,1,0,0,0,0,0,0
1,4635796,66,6,0,0,0,4,38,0,0,0,0,0,0,0,0,0,3,1,0,0,0,0,0,0,0,0,0
1,5091023,4884,181,9,0,0,0,407,0,0,0,18,0,0,0,0,0,0,0,0,0,0,3,0,0,0,0,0
1,5676266,107,17,4,2,0,60,386,0,0,0,159,2,0,1,0,1,23,0,0,0,45,0,0,0,0,0,0
1,5673112,107,17,4,2,0,59,380,0,0,0,159,2,0,1,0,1,23,0,0,0,43,0,0,0,0,0,0
1,5042831,2044,104,11,0,0,0,273,0,0,0,11,0,0,0,0,0,0,0,0,0,8,2,0,0,0,0,0
1,5566960,1966,936,6,0,0,0,149,0,0,0,6,0,0,0,0,0,0,0,0,0,1,1,0,0,0,0,0
1,5047731,1922,126,11,0,0,0,246,0,0,0,12,0,0,0,0,0,0,0,0,0,5,5,0,0,0,0,0
1,2306450,12426,46,23,0,0,0,928,1,0,0,43,0,0,0,0,0,0,0,0,0,4,1,0,0,0,0,0
1,5216352,2403,99,8,0,0,0,334,0,0,0,17,0,0,0,0,0,0,0,0,0,1,5,0,0,0,0,0
1,5673200,107,17,4,2,0,60,386,0,0,0,159,2,0,1,0,1,23,0,0,0,45,0,0,0,0,0,0
1,4519202,68,7,0,0,0,4,38,0,0,0,0,0,0,0,0,0,3,1,0,0,0,0,0,0,0,0,0
1,4503259,80,10,0,0,0,4,38,0,0,0,0,0,0,0,0,0,3,1,0,0,0,0,0,0,0,0,0
1,4504161,67,7,0,0,0,4,38,0,0,0,0,0,0,0,0,0,3,1,0,0,0,0,0,0,0,0,0
1,4599857,6330,135,9,1,0,6,288,0,0,0,22,2,0,0,0,0,0,0,0,0,1,1,0,0,0,0,0
1,5676033,107,17,4,2,0,60,386,0,0,0,159,2,0,1,0,1,23,0,0,0,45,0,0,0,0,0,0
1,5554589,1982,952,6,0,0,0,158,0,0,0,6,0,0,0,0,0,0,0,0,0,1,1,0,0,0,0,0
1,5569165,1966,936,6,0,0,0,160,0,0,0,6,0,0,0,0,0,0,0,0,0,1,1,0,0,0,0,0
1,4608321,67,7,0,0,0,14,192,0,0,0,0,0,0,0,0,0,26,1,0,0,0,0,0,0,0,0,0
1,4774043,9397,313,17,1,0,5,365,0,0,0,25,2,0,0,0,0,0,0,0,0,1,1,0,0,0,0,0
1,4534098,69,7,0,0,0,4,38,0,0,0,0,0,0,0,0,0,3,1,0,0,0,0,0,0,0,0,0
1,4439685,1928,42,18,0,0,0,227,1,0,0,19,0,0,0,0,0,0,0,0,0,3,1,0,0,0,0,0
1,4673592,6568,154,7,0,0,10,274,0,0,0,20,0,0,0,0,0,0,0,0,0,1,1,0,0,0,0,0
1,4463829,65,7,0,0,0,4,38,0,0,0,0,0,0,0,0,0,3,1,0,0,0,0,0,0,0,0,0
1,4850460,64,7,0,0,0,11,229,0,0,0,0,0,0,0,0,0,20,1,0,0,0,0,0,0,0,0,0
1,4174907,124,61,0,0,0,1118,2881,0,0,0,0,0,0,0,0,0,0,0,0,0,0,1,0,0,0,0,0
1,4996286,2344,34,23,0,0,0,320,1,0,0,28,0,0,0,0,0,0,0,0,0,2,3,0,0,0,0,0
1,4876629,6142,142,7,0,0,10,265,0,0,0,20,0,0,0,0,0,0,0,0,0,1,1,0,0,0,0,0
1,3341233,5369,49,31,0,1,0,1002,1,0,0,126,0,2,7,0,7,0,0,0,0,6,23,0,0,0,0,0
1,5676283,107,17,4,2,0,60,386,0,0,0,159,2,0,1,0,1,23,0,0,0,45,0,0,0,0,0,0
1,1682,47181601,12,2,2,0,237,485,0,0,0,229,2,0,0,0,0,0,0,0,0,0,2,0,0,0,0,0
1,3293488,1857,69,13,0,0,0,124,1,0,0,16,0,0,1,0,1,5,0,0,0,0,3,0,0,0,0,0
1,5025323,1837,94,8,0,0,0,259,0,0,0,11,0,0,0,0,0,0,0,0,0,4,2,0,0,0,0,0
1,5050301,1959,120,10,0,0,0,250,0,0,0,12,0,0,0,0,0,0,0,0,0,8,3,0,0,0,0,0
1,5708864,0,0,0,0,0,0,0,1,0,0,0,0,0,0,0,0,0,0,0,0,0,0,0,0,0,0,0
1,5017047,1223,5,10,0,0,0,149,1,0,0,10,0,0,0,0,0,0,0,0,0,2,3,0,0,0,0,0
1,5675802,107,17,4,2,0,60,386,0,0,0,159,2,0,1,0,1,23,0,0,0,45,0,0,0,0,0,0
1,4639353,129,7,0,0,0,6,45,0,0,0,0,0,0,0,0,0,0,1,0,0,0,0,0,0,0,0,0
1,4534098,69,7,0,0,0,4,38,0,0,0,0,0,0,0,0,0,3,1,0,0,0,0,0,0,0,0,0
1,2288968,4653,48,11,0,0,0,220,1,0,0,11,0,0,0,0,0,0,0,0,0,2,0,0,0,0,0,0
1,4492130,5016,68,18,0,0,0,555,1,0,0,18,0,0,0,0,0,0,0,0,0,5,0,0,0,0,0,0
1,4736669,6226,126,7,0,0,10,280,0,0,0,20,0,0,0,0,0,0,0,0,0,1,1,0,0,0,0,0
1,5265537,148,30,3,0,0,1832,362,1286,0,0,422,0,0,0,0,0,0,0,0,0,1,2,0,0,0,0,0
1,5046039,2085,128,10,0,0,0,264,0,0,0,11,0,0,0,0,0,0,0,0,0,5,3,0,0,0,0,0
1,4817503,3539,339,10,1,0,20,857,0,0,0,29,2,0,0,0,0,0,0,0,0,2,1,0,0,0,0,0
1,4665480,134,7,0,0,0,6,51,0,0,0,0,0,0,0,0,0,0,1,0,0,0,0,0,0,0,0,0
1,4098765,10561,178,11,0,0,6,763,0,0,0,39,0,0,0,0,0,0,0,0,0,1,1,0,0,0,0,0
1,4449108,2680,4,9,0,0,0,299,1,0,0,9,0,0,0,0,0,0,0,0,0,2,2,0,0,0,0,0
1,4587648,1447,71,6,0,0,0,155,1,0,0,6,0,0,0,0,0,0,0,0,0,2,0,0,0,0,0,0
1,4639450,177,9,0,0,0,13,183,0,0,0,0,0,0,0,0,0,0,1,0,0,0,0,0,0,0,0,0
1,4780188,10223,343,13,1,0,7,405,0,0,0,25,2,0,0,0,0,0,0,0,0,1,1,0,0,0,0,0
1,5042529,1401,128,12,0,0,0,615,1,0,0,43,0,0,0,0,0,0,0,0,0,9,6,0,0,0,0,0
1,4668384,127,7,0,0,0,6,42,0,0,0,0,0,0,0,0,0,0,1,0,0,0,0,0,0,0,0,0
1,4926583,1532,110,10,0,1,0,51,1,0,0,10,0,1,0,0,0,0,0,0,0,5,1,0,0,0,0,0
1,5027079,360,102,2,0,0,0,27,1,0,0,2,0,0,0,0,0,0,0,0,0,1,0,0,0,0,0,0
1,4570395,69,7,0,0,0,4,38,0,0,0,0,0,0,0,0,0,3,1,0,0,0,0,0,0,0,0,0
1,4747011,84,6,0,0,0,13,186,0,0,0,0,0,0,0,0,0,12,1,0,0,0,0,0,0,0,0,0
1,4698042,128,7,0,0,0,6,42,0,0,0,0,0,0,0,0,0,0,1,0,0,0,0,0,0,0,0,0
1,4417442,3984,67,30,0,0,0,930,1,0,0,64,0,0,0,0,0,0,0,0,0,12,5,0,0,0,0,0
1,5667122,180,51,2,0,0,16,99,0,0,0,15,0,0,0,0,0,0,0,0,0,0,1,0,0,0,0,0
1,4457786,5949,86,42,0,2,0,1198,1,0,0,71,0,3,0,0,0,0,0,0,0,9,8,0,0,0,0,0
1,2306516,26616,65,59,0,0,0,3169,1,0,0,138,0,0,0,0,0,0,0,0,0,12,7,0,0,0,0,0
1,4650883,127,7,0,0,0,6,42,0,0,0,0,0,0,0,0,0,0,1,0,0,0,0,0,0,0,0,0
1,4738265,6259,136,9,1,0,6,289,0,0,0,22,2,0,0,0,0,0,0,0,0,1,1,0,0,0,0,0
1,5065343,1033,5,6,0,0,0,98,1,0,0,6,0,0,0,0,0,0,0,0,0,3,1,0,0,0,0,0
1,2852089,33330,7,1,0,1,5,11,0,0,0,2,0,1,0,0,0,0,0,0,0,0,0,0,0,0,0,0
1,4526119,66,7,0,0,0,4,38,0,0,0,0,0,0,0,0,0,3,1,0,0,0,0,0,0,0,0,0
1,3396672,245680,116850,4,0,0,0,24,0,0,0,4,0,0,0,0,0,0,0,0,0,0,0,0,0,0,0,0
1,4633253,69,7,0,0,0,4,47,0,0,0,0,0,0,0,0,0,6,1,0,0,0,0,0,0,0,0,0
1,5557039,1982,952,6,0,0,0,163,0,0,0,6,0,0,0,0,0,0,0,0,0,1,1,0,0,0,0,0
1,5015260,5177,128,49,0,0,0,710,1,0,0,66,0,0,0,0,0,0,0,0,0,7,5,0,0,0,0,0
1,4443401,2923,44,25,0,0,0,681,1,0,0,48,0,0,0,0,0,0,0,0,0,4,2,0,0,0,0,0
1,4456704,3017,74,24,0,1,0,694,1,0,0,50,0,1,0,0,0,0,0,0,0,7,2,0,0,0,0,0
1,4660193,6439,125,7,1,0,4,280,0,0,0,13,1,0,0,0,0,0,0,0,0,1,2,0,0,0,0,0
1,4631805,68,7,0,0,0,13,146,0,0,0,0,0,0,0,0,0,12,1,0,0,0,0,0,0,0,0,0
1,4651921,125,7,0,0,0,6,42,0,0,0,0,0,0,0,0,0,0,1,0,0,0,0,0,0,0,0,0
1,5018190,266,4,3,0,0,0,26,1,0,0,3,0,0,0,0,0,0,0,0,0,0,0,0,0,0,0,0
1,3939508,55033,20,0,1,1,442,20779,0,0,0,0,3,1,0,0,0,0,0,6,0,3,0,0,0,0,0,0
1,5671526,107,17,4,2,0,60,384,0,0,0,159,2,0,1,0,1,23,0,0,0,43,0,0,0,0,0,0
1,4548852,70,7,0,0,0,4,38,0,0,0,0,0,0,0,0,0,3,1,0,0,0,0,0,0,0,0,0
1,5020333,1979,5,10,0,0,0,219,1,0,0,10,0,0,0,0,0,0,0,0,0,3,2,0,0,0,0,0
1,5177368,126,25,3,1,0,778,219,478,0,0,185,1,0,0,0,0,0,0,0,0,2,2,0,0,0,0,0
1,4976484,1970,114,13,0,0,0,61,0,0,0,13,0,0,0,0,0,0,0,0,0,6,4,0,0,0,0,0
1,4555127,69,7,0,0,0,4,38,0,0,0,0,0,0,0,0,0,3,1,0,0,0,0,0,0,0,0,0
1,4336040,1506,40,10,0,1,0,115,1,0,0,15,0,1,0,0,0,0,0,0,0,2,1,0,0,0,0,0
1,4524593,69,7,0,0,0,4,38,0,0,0,0,0,0,0,0,0,3,1,0,0,0,0,0,0,0,0,0
1,5213224,2404,99,8,0,0,0,333,0,0,0,17,0,0,0,0,0,0,0,0,0,2,4,0,0,0,0,0
1,4471166,3435,71,29,0,1,0,1683,1,0,0,114,0,1,0,0,0,0,0,0,0,12,6,0,0,0,0,0
1,4479932,236,12,0,0,0,13,246,0,0,0,0,0,0,0,0,0,5,0,0,0,0,0,0,0,0,0,0
1,5217606,2403,99,8,0,0,0,329,0,0,0,17,0,0,0,0,0,0,0,0,0,0,4,0,0,0,0,0
1,4446472,9183,336,17,1,0,5,377,0,0,0,25,2,0,0,0,0,0,0,0,0,1,1,0,0,0,0,0
1,5670677,107,17,4,2,0,60,384,0,0,0,159,2,0,1,0,1,23,0,0,0,43,0,0,0,0,0,0
1,5036433,566,4,3,0,0,0,64,1,0,0,3,0,0,0,0,0,0,0,0,0,1,1,0,0,0,0,0
1,2311250,4016,58,6,0,0,0,193,1,0,0,7,0,0,0,0,0,0,0,0,0,1,1,0,0,0,0,0
1,4732472,86,11,0,0,0,4,38,0,0,0,0,0,0,0,0,0,3,1,0,0,0,0,0,0,0,0,0
1,5265812,1810,74,39,0,0,0,168,0,0,0,48,0,0,0,0,0,0,0,0,0,0,1,0,0,0,0,0
1,4648930,68,7,0,0,0,13,146,0,0,0,0,0,0,0,0,0,12,1,0,0,0,0,0,0,0,0,0
1,5015092,1947,114,10,0,0,0,195,1,0,0,10,0,0,0,0,0,0,0,0,0,5,2,0,0,0,0,0
1,4652952,67,7,0,0,0,13,146,0,0,0,0,0,0,0,0,0,12,1,0,0,0,0,0,0,0,0,0
1,5585551,1982,952,6,0,0,0,174,0,0,0,6,0,0,0,0,0,0,0,0,0,1,1,0,0,0,0,0
1,5044863,1889,112,10,0,0,0,248,0,0,0,12,0,0,0,0,0,0,0,0,0,7,2,0,0,0,0,0
1,3480640,237945,112980,4,0,0,0,24,0,0,0,4,0,0,0,0,0,0,0,0,0,0,0,0,0,0,0,0
1,4609725,126,7,0,0,0,6,45,0,0,0,0,0,0,0,0,0,0,1,0,0,0,0,0,0,0,0,0
1,5016146,1322,94,6,0,0,0,235,0,0,0,11,0,0,0,0,0,0,0,0,0,5,4,0,0,0,0,0
1,5010869,356,5,5,0,0,0,37,1,0,0,5,0,0,0,0,0,0,0,0,0,1,1,0,0,0,0,0
1,4580054,113,18,0,0,0,4,38,0,0,0,0,0,0,0,0,0,3,1,0,0,0,0,0,0,0,0,0
1,4520841,69,7,0,0,0,14,150,0,0,0,0,0,0,0,0,0,13,1,0,0,0,0,0,0,0,0,0
1,5008494,2664,5,23,0,0,0,612,1,0,0,45,0,0,0,0,0,0,0,0,0,8,8,0,0,0,0,0
1,4729008,0,0,0,0,0,7,0,7,0,0,0,0,0,0,0,0,0,0,0,0,0,0,0,0,0,0,0
1,3985945,8632,11,1,0,0,214,689,0,0,0,194,0,0,0,0,0,0,0,0,0,4,2,0,0,0,0,0
1,5038371,275,4,2,0,0,0,27,1,0,0,2,0,0,0,0,0,0,0,0,0,1,1,0,0,0,0,0
1,5676490,107,17,4,2,0,60,386,0,0,0,159,2,0,1,0,1,23,0,0,0,45,0,0,0,0,0,0
1,4652457,64,6,0,0,0,4,38,0,0,0,0,0,0,0,0,0,3,1,0,0,0,0,0,0,0,0,0
1,4637637,127,7,0,0,0,6,42,0,0,0,0,0,0,0,0,0,0,1,0,0,0,0,0,0,0,0,0
1,5578506,1966,936,6,0,0,0,153,0,0,0,6,0,0,0,0,0,0,0,0,0,1,1,0,0,0,0,0
1,4846059,6186,133,7,0,0,10,272,0,0,0,20,0,0,0,0,0,0,0,2,0,1,1,0,0,0,0,0
1,3330914,237409,112980,4,0,0,0,13,0,0,0,4,0,0,0,0,0,0,0,0,0,0,0,0,0,0,0,0
1,4407926,344,53,3,0,0,0,30,1,0,0,3,0,0,0,0,0,0,0,0,0,0,0,0,0,0,0,0
1,4833906,3598,344,10,1,0,21,1210,0,0,0,30,2,0,0,0,0,0,0,0,0,1,1,0,0,0,0,0
1,5341051,100,17,4,2,0,80,435,0,0,0,171,10,0,1,0,1,23,0,0,0,47,0,0,0,0,0,0
1,4710106,129,7,0,0,0,6,42,0,0,0,0,0,0,0,0,0,0,1,0,0,0,0,0,0,0,0,0
1,5008459,3210,38,27,0,0,0,966,1,0,0,74,0,0,1,0,1,0,0,0,0,14,7,0,0,0,0,0
1,4888572,3440,347,10,1,0,18,840,0,0,0,27,2,0,0,0,0,0,0,0,0,1,1,0,0,0,0,0
1,4629730,70,7,0,0,0,4,47,0,0,0,0,0,0,0,0,0,6,1,0,0,0,0,0,0,0,0,0
1,4681731,130,7,0,0,0,6,45,0,0,0,0,0,0,0,0,0,0,1,0,0,0,0,0,0,0,0,0
1,4119475,10669,167,11,0,0,6,778,0,0,0,39,0,0,0,0,0,0,0,0,0,1,1,0,0,0,0,0
1,4545385,85,11,0,0,0,4,38,0,0,0,0,0,0,0,0,0,3,1,0,0,0,0,0,0,0,0,0
1,5225234,2437,99,8,0,0,0,344,0,0,0,17,0,0,0,0,0,0,0,0,0,0,5,0,0,0,0,0
1,5028615,1328,34,13,0,0,0,181,1,0,0,16,0,0,0,0,0,0,0,0,0,3,4,0,0,0,0,0
1,5004324,1956,102,9,0,0,0,227,0,0,0,12,0,0,0,0,0,0,0,0,0,4,3,0,0,0,0,0
1,3574593,237409,112980,4,0,0,0,13,0,0,0,4,0,0,0,0,0,0,0,0,0,0,0,0,0,0,0,0
1,5217314,2406,99,8,0,0,0,328,0,0,0,17,0,0,0,0,0,0,0,0,0,1,5,0,0,0,0,0
1,5054707,3458,349,10,1,0,29,861,0,0,0,38,2,0,0,0,0,0,0,0,0,2,1,0,0,0,0,0
1,2317551,6247,42,16,0,0,0,288,1,0,0,16,0,0,0,0,0,0,0,0,0,0,1,0,0,0,0,0
1,5034949,2275,102,11,0,1,0,247,0,0,0,11,0,1,0,0,0,0,0,0,0,7,4,0,0,0,0,0
1,5261013,120,22,2,0,0,22,89,0,0,0,3,0,0,0,0,0,2,0,0,0,0,1,0,0,0,0,0
1,4813446,6154,150,7,0,0,10,276,0,0,0,20,0,0,0,0,0,0,0,0,0,1,1,0,0,0,0,0
1,5080672,811,19,1,0,1,152,340,0,0,0,2,0,1,0,0,0,0,0,0,0,4,1,0,0,0,0,0
1,5831388,794113,8294,13,0,4,0,22851,0,0,0,13,0,4,1,0,1,0,0,1,0,9,3,0,0,0,0,0
1,4767824,133,7,0,0,0,6,51,0,0,0,0,0,0,0,0,0,0,1,0,0,0,0,0,0,0,0,0
1,4761930,6357,135,9,1,0,6,287,0,0,0,22,2,0,0,0,0,0,0,0,0,1,1,0,0,0,0,0
1,3414605,245686,116850,4,0,0,0,24,0,0,0,4,0,0,0,0,0,0,0,0,0,0,0,0,0,0,0,0
1,4951073,3312,26,3,0,0,71,413,0,0,0,28,0,0,0,0,0,0,0,0,0,4,7,0,0,0,0,0
1,4263079,124,61,0,0,0,1213,3071,0,0,0,0,0,0,0,0,0,0,0,0,0,0,1,0,0,0,0,0
1,3696564,71356,34,1,2,0,111,92,77,0,0,4,6,0,0,0,0,0,0,0,0,2,1,0,0,0,0,0
1,4818117,9280,354,20,1,0,5,366,0,0,0,25,2,0,0,0,0,0,0,0,0,1,1,0,0,0,0,0
1,5007777,105,3,2,0,0,0,13,1,0,0,2,0,0,0,0,0,0,0,0,0,0,0,0,0,0,0,0
1,5225008,120,22,2,0,0,22,89,0,0,0,3,0,0,0,0,0,2,0,0,0,0,1,0,0,0,0,0
1,5014439,560,5,2,0,0,0,96,1,0,0,5,0,0,0,0,0,0,0,0,0,1,0,0,0,0,0,0
1,4555127,69,7,0,0,0,4,38,0,0,0,0,0,0,0,0,0,3,1,0,0,0,0,0,0,0,0,0
1,5014565,3518,34,31,0,0,0,528,1,0,0,45,0,0,2,0,2,0,0,0,0,5,7,0,0,0,0,0
1,5116291,3725,48,11,0,0,0,421,0,0,0,11,0,0,0,0,0,0,0,0,0,3,3,0,0,0,0,0
1,4851756,64,6,0,0,0,11,150,0,0,0,0,0,0,0,0,0,20,1,0,0,0,0,0,0,0,0,0
1,5279002,120,22,2,0,0,22,86,0,0,0,3,0,0,0,0,0,2,0,0,0,0,1,0,0,0,0,0
1,5670873,107,17,4,2,0,60,384,0,0,0,159,2,0,1,0,1,23,0,0,0,43,0,0,0,0,0,0
1,4918452,3349,346,10,1,0,28,1265,0,0,0,37,2,0,0,0,0,0,0,0,0,1,1,0,0,0,0,0
1,2306683,10642,34,16,0,0,0,1016,1,0,0,45,0,0,0,0,0,0,0,0,0,5,4,0,0,0,0,0
1,4998939,1315,5,10,0,0,0,135,1,0,0,10,0,0,0,0,0,0,0,0,0,0,0,0,0,0,0,0
1,4534098,69,7,0,0,0,4,38,0,0,0,0,0,0,0,0,0,3,1,0,0,0,0,0,0,0,0,0
1,4985272,3462,351,10,1,0,28,911,0,0,0,37,2,0,0,0,0,0,0,0,0,1,2,0,0,0,0,0
1,5020595,356,5,3,0,0,0,34,1,0,0,3,0,0,0,0,0,0,0,0,0,0,0,0,0,0,0,0
1,4143793,10362,168,11,0,0,6,750,0,0,0,39,0,0,0,0,0,0,0,0,0,1,1,0,0,0,0,0
1,2305728,9347,34,18,0,0,0,964,1,0,0,40,0,0,0,0,0,0,0,0,0,5,0,0,0,0,0,0
1,4911603,6185,134,7,1,0,4,289,0,0,0,13,1,0,0,0,0,0,0,0,0,1,2,0,0,0,0,0
1,5028001,1635,52,9,0,1,0,243,0,0,0,12,0,1,0,0,0,0,0,0,0,4,3,0,0,0,0,0
1,4889940,3486,338,10,1,0,22,1242,0,0,0,31,2,0,0,0,0,0,0,0,0,1,1,0,0,0,0,0
1,4675400,75,15,0,0,0,1393,3431,0,0,0,0,0,0,0,0,0,0,0,0,0,0,1,0,0,0,0,0
1,3314504,237409,112980,4,0,0,0,13,0,0,0,4,0,0,0,0,0,0,0,0,0,0,0,0,0,0,0,0
1,4404102,629,44,6,0,0,0,61,1,0,0,6,0,0,0,0,0,0,0,0,0,1,1,0,0,0,0,0
1,2816435,85620,14,1,0,1,52,106,14,0,0,7,0,1,0,0,0,0,0,0,0,5,1,0,0,0,0,0
1,4243204,3192,71,23,0,0,0,201,1,0,0,23,0,0,0,0,0,0,0,0,0,4,1,0,0,0,0,0
1,5020184,77,4,0,0,0,0,10,1,0,0,0,0,0,0,0,0,0,0,0,0,0,0,0,0,0,0,0
1,4107731,10560,156,10,0,0,7,1039,0,0,0,47,0,0,0,0,0,0,0,0,0,1,1,0,0,0,0,0
1,4326508,1422,4,4,0,0,0,158,1,0,0,4,0,0,0,0,0,0,0,0,0,0,3,0,0,0,0,0
1,5222495,2413,99,8,0,0,0,334,0,0,0,17,0,0,0,0,0,0,0,0,0,0,4,0,0,0,0,0
1,5011789,3510,352,10,1,0,16,1221,0,0,0,25,2,0,0,0,0,0,0,0,0,1,1,0,0,0,0,0
1,3527029,237409,112980,4,0,0,0,13,0,0,0,4,0,0,0,0,0,0,0,0,0,0,0,0,0,0,0,0
1,3599692,187793,90,1,0,1,38,106,0,0,0,7,0,1,0,0,0,0,0,0,0,5,1,0,0,0,0,0
1,5296944,163,22,2,0,0,15,95,0,0,0,5,0,0,0,0,0,2,0,0,0,0,3,0,0,0,0,0
1,4683569,63,5,0,0,0,15,102,0,0,0,0,0,0,0,0,0,13,1,0,0,0,0,0,0,0,0,0
1,4510012,67,7,0,0,0,4,38,0,0,0,0,0,0,0,0,0,3,1,0,0,0,0,0,0,0,0,0
1,5066858,1747,124,7,0,1,0,277,0,0,0,12,0,1,0,0,0,0,0,0,0,6,4,0,0,0,0,0
1,5300835,163,22,2,0,0,15,95,0,0,0,5,0,0,0,0,0,2,0,0,0,0,3,0,0,0,0,0
1,5107839,1930,37,11,0,0,0,214,1,0,0,11,0,0,0,0,0,0,0,0,0,5,3,0,0,0,0,0
1,4672796,127,7,0,0,0,6,45,0,0,0,0,0,0,0,0,0,0,1,0,0,0,0,0,0,0,0,0
1,4507705,83,12,0,0,0,4,44,0,0,0,0,0,0,0,0,0,3,0,0,0,0,0,0,0,0,0,0
1,4998984,1221,34,10,0,0,0,271,1,0,0,21,0,0,0,0,0,0,0,0,0,4,4,0,0,0,0,0
1,3393372,237409,112980,4,0,0,0,13,0,0,0,4,0,0,0,0,0,0,0,0,0,0,0,0,0,0,0,0
1,4135746,10384,169,10,0,0,7,996,0,0,0,47,0,0,0,0,0,0,0,0,0,1,1,0,0,0,0,0
1,4125099,10689,169,11,0,0,6,770,0,0,0,39,0,0,0,0,0,0,0,0,0,1,1,0,0,0,0,0
1,5670871,107,17,4,2,0,60,384,0,0,0,159,2,0,1,0,1,23,0,0,0,43,0,0,0,0,0,0
1,4198105,124,61,0,0,0,1048,2741,0,0,0,0,0,0,0,0,0,0,0,0,0,0,1,0,0,0,0,0
1,5016240,1423,5,19,0,0,0,257,1,0,0,27,0,0,0,0,0,0,0,0,0,3,3,0,0,0,0,0
1,4585041,129,7,0,0,0,16,171,0,0,0,0,0,0,0,0,0,0,1,0,0,0,0,0,0,0,0,0
1,5262790,151,30,3,0,0,1790,365,1260,0,0,411,0,0,0,0,0,0,0,0,0,3,3,0,0,0,0,0
1,4779738,157,9,0,0,0,3,56,0,0,0,0,0,0,0,0,0,2,1,0,0,0,0,0,0,0,0,0
1,4316425,404,4,2,0,0,0,47,1,0,0,2,0,0,0,0,0,0,0,0,0,0,0,0,0,0,0,0
1,4739130,97,6,0,0,0,14,158,0,0,0,0,0,0,0,0,0,13,1,0,0,0,0,0,0,0,0,0
1,5015588,3209,76,26,0,0,0,941,1,0,0,72,0,0,0,0,0,0,0,0,0,13,11,0,0,0,0,0
1,5026552,2016,53,19,0,0,0,615,1,0,0,49,0,0,0,0,0,0,0,0,0,8,7,0,0,0,0,0
1,4920100,79,6,0,0,0,4,59,0,0,0,0,0,0,0,0,0,6,1,0,0,0,0,0,0,0,0,0
1,5004132,896,5,10,0,0,0,159,1,0,0,16,0,0,0,0,0,0,0,0,0,1,4,0,0,0,0,0
1,2829632,50701,13,1,0,0,7,11,0,0,0,2,0,0,0,0,0,0,0,0,0,0,1,0,0,0,0,0
1,5671432,107,17,4,2,0,60,384,0,0,0,159,2,0,1,0,1,23,0,0,0,43,0,0,0,0,0,0
1,5018600,2043,88,16,0,0,0,584,1,0,0,48,0,0,1,0,1,0,0,0,0,9,3,0,0,0,0,0
1,5570744,1966,936,6,0,0,0,148,0,0,0,6,0,0,0,0,0,0,0,0,0,1,1,0,0,0,0,0
1,5256098,120,22,2,0,0,27,96,0,0,0,4,0,0,0,0,0,2,0,0,0,0,1,0,0,0,0,0
1,4426944,544,88,6,0,0,0,48,1,0,0,6,0,0,0,0,0,0,0,0,0,0,0,0,0,0,0,0
1,5123818,5400,20,4,1,1,2,978,1,0,0,11,1,3,0,0,0,0,0,0,0,1,0,0,0,0,0,0
1,4736805,8931,339,17,1,0,5,357,0,0,0,25,2,0,0,0,0,0,0,0,0,1,1,0,0,0,0,0
1,4394108,105,12,2,2,0,238,487,0,0,0,230,2,0,0,0,0,0,0,0,0,0,2,0,0,0,0,0
1,5034211,3159,107,24,0,1,0,959,1,0,0,78,0,1,0,0,0,0,0,0,0,10,8,0,0,0,0,0
1,4443044,508,94,5,0,0,0,48,1,0,0,5,0,0,0,0,0,0,0,0,0,1,0,0,0,0,0,0
1,4738205,130,7,0,0,0,6,48,0,0,0,0,0,0,0,0,0,0,1,0,0,0,0,0,0,0,0,0
1,4635619,127,7,0,0,0,6,45,0,0,0,0,0,0,0,0,0,0,1,0,0,0,0,0,0,0,0,0
1,5108716,63,11,2,0,0,4,18,0,0,0,7,0,0,0,0,0,0,0,0,0,2,0,0,0,0,0,0
1,4935136,1569,132,10,0,0,0,63,0,0,0,13,0,0,0,0,0,0,0,0,0,7,0,0,0,0,0,0
1,5026611,1829,5,10,0,0,0,193,1,0,0,10,0,0,0,0,0,0,0,0,0,5,2,0,0,0,0,0
1,5009921,2282,36,19,0,1,0,464,1,0,0,39,0,1,0,0,0,0,0,0,0,2,5,0,0,0,0,0
1,5018612,1930,124,10,0,0,0,251,0,0,0,11,0,0,1,0,1,0,0,0,0,12,2,0,0,0,0,0
1,2300524,7676,84,13,0,0,0,610,1,0,0,18,0,0,0,0,0,0,0,0,0,3,2,0,0,0,0,0
1,5671320,107,17,4,2,0,60,384,0,0,0,159,2,0,1,0,1,23,0,0,0,43,0,0,0,0,0,0
1,4473048,68,7,0,0,0,4,38,0,0,0,0,0,0,0,0,0,3,1,0,0,0,0,0,0,0,0,0
1,3545603,237409,112980,4,0,0,0,13,0,0,0,4,0,0,0,0,0,0,0,0,0,0,0,0,0,0,0,0
1,4416774,4858,55,23,0,2,0,1263,0,0,0,48,0,3,0,0,0,0,0,0,0,4,0,0,0,0,0,0
1,4373599,124,61,0,0,0,1303,3251,0,0,0,0,0,0,0,0,0,0,0,0,0,0,1,0,0,0,0,0
1,2304558,7741,61,23,0,0,0,350,1,0,0,23,0,0,0,0,0,0,0,0,0,2,3,0,0,0,0,0
1,5157716,2998,124,8,0,0,0,348,0,0,0,17,0,0,0,0,0,0,0,0,0,0,4,0,0,0,0,0
1,5010311,2321,31,24,0,0,0,294,1,0,0,28,0,0,0,0,0,0,0,0,0,6,3,0,0,0,0,0
1,3126498,108681,37,1,2,0,37,92,3,0,0,4,6,0,0,0,0,0,0,0,0,2,1,0,0,0,0,0
1,5296386,163,22,2,0,0,15,92,0,0,0,5,0,0,0,0,0,2,0,0,0,0,3,0,0,0,0,0
1,5086595,1990,91,9,0,0,0,252,0,0,0,11,0,0,0,0,0,0,0,0,0,3,3,0,0,0,0,0
1,5089934,2017,50,10,0,1,0,261,0,0,0,12,0,1,0,0,0,0,0,0,0,5,3,0,0,0,0,0
1,4534771,69,7,0,0,0,14,154,0,0,0,0,0,0,0,0,0,13,1,0,0,0,0,0,0,0,0,0
1,3393498,3561,61,24,0,4,0,830,1,0,0,116,0,8,4,0,4,3,0,0,0,7,17,0,0,0,0,0
1,4579421,9815,342,12,1,0,6,373,0,0,0,24,2,0,0,0,0,0,0,0,0,1,1,0,0,0,0,0
1,5676549,107,17,4,2,0,60,386,0,0,0,159,2,0,1,0,1,23,0,0,0,45,0,0,0,0,0,0
1,5018717,524,5,5,0,0,0,55,1,0,0,5,0,0,0,0,0,0,0,0,0,1,1,0,0,0,0,0
1,3382806,3970,53,28,0,3,0,1996,0,0,0,294,0,12,8,0,8,0,0,0,0,10,19,0,0,0,0,0
1,5012721,3247,90,24,0,0,0,994,1,0,0,84,0,0,0,0,0,0,0,0,0,9,10,0,0,0,0,0
1,4372293,2644,39,20,0,1,0,1063,1,0,0,68,0,1,0,0,0,0,0,0,0,10,4,0,0,0,0,0
1,3090937,71351,14,1,0,1,39,106,0,0,0,7,0,1,0,0,0,0,0,0,0,5,1,0,0,0,0,0
1,4510494,66,7,0,0,0,4,38,0,0,0,0,0,0,0,0,0,3,1,0,0,0,0,0,0,0,0,0
1,5029394,2438,5,20,0,0,0,257,1,0,0,20,0,0,0,0,0,0,0,0,0,5,5,0,0,0,0,0
1,4431446,317,79,2,0,0,0,60,1,0,0,4,0,0,0,0,0,0,0,0,0,1,0,0,0,0,0,0
1,5033440,1675,120,11,0,0,0,222,0,0,0,12,0,0,0,0,0,0,0,0,0,7,3,0,0,0,0,0
1,5170636,3023,124,8,0,0,0,363,0,0,0,17,0,0,0,0,0,0,0,0,0,0,4,0,0,0,0,0
1,4519202,68,7,0,0,0,4,38,0,0,0,0,0,0,0,0,0,3,1,0,0,0,0,0,0,0,0,0
1,4979563,1833,118,12,0,1,0,198,0,0,0,12,0,1,0,0,0,0,0,0,0,5,1,0,0,0,0,0
1,4587752,64,6,0,0,0,4,38,0,0,0,0,0,0,0,0,0,3,1,0,0,0,0,0,0,0,0,0
1,4549477,9438,339,12,1,0,6,362,0,0,0,23,2,0,0,0,0,0,0,0,0,1,1,0,0,0,0,0
1,2302557,1560,34,5,0,0,0,70,1,0,0,5,0,0,0,0,0,0,0,0,0,0,0,0,0,0,0,0
1,4409276,3957,23,16,0,0,0,1275,0,0,0,48,0,0,0,0,0,0,0,0,0,4,1,0,0,0,0,0
1,5676219,107,17,4,2,0,60,386,0,0,0,159,2,0,1,0,1,23,0,0,0,45,0,0,0,0,0,0
1,4392066,3520,47,15,0,0,0,1261,0,0,0,43,0,0,0,0,0,0,0,0,0,6,1,0,0,0,0,0
1,4938757,89,9,0,0,0,10,191,0,0,0,0,0,0,0,0,0,18,1,0,0,0,0,0,0,0,0,0
1,5676357,107,17,4,2,0,60,386,0,0,0,159,2,0,1,0,1,23,0,0,0,45,0,0,0,0,0,0
1,5033268,513,4,3,0,0,0,55,1,0,0,3,0,0,1,0,1,0,0,0,0,2,2,0,0,0,0,0
1,5153974,133,28,3,1,0,780,211,488,0,0,173,1,0,0,0,0,0,0,0,0,2,2,0,0,0,0,0
1,5231666,2439,99,8,0,0,0,340,0,0,0,17,0,0,0,0,0,0,0,0,0,1,4,0,0,0,0,0
1,4628057,64,5,0,0,0,4,47,0,0,0,0,0,0,0,0,0,6,1,0,0,0,0,0,0,0,0,0
1,5210890,2399,99,8,0,0,0,326,0,0,0,17,0,0,0,0,0,0,0,0,0,1,4,0,0,0,0,0
1,4220183,124,61,0,0,0,1169,2983,0,0,0,0,0,0,0,0,0,0,0,0,0,0,1,0,0,0,0,0
1,5671251,107,17,4,2,0,60,384,0,0,0,159,2,0,1,0,1,23,0,0,0,43,0,0,0,0,0,0
1,5020675,2053,132,10,0,0,0,245,0,0,0,11,0,0,1,0,1,0,0,0,0,2,2,0,0,0,0,0
1,5220828,2415,99,8,0,0,0,334,0,0,0,17,0,0,0,0,0,0,0,0,0,0,5,0,0,0,0,0
1,4805485,9247,362,17,1,0,5,369,0,0,0,25,2,0,0,0,0,0,0,1,0,1,1,0,0,0,0,0
1,5065353,1999,152,11,0,0,0,254,0,0,0,13,0,0,0,0,0,0,0,0,0,8,1,0,0,0,0,0
1,4086911,10568,198,10,0,0,7,1032,0,0,0,47,0,0,0,0,0,0,0,0,0,1,1,0,0,0,0,0
1,4908923,77,6,0,0,0,4,65,0,0,0,0,0,0,0,0,0,6,1,0,0,0,0,0,0,0,0,0
1,5032140,2147,112,11,0,0,0,231,0,0,0,12,0,0,0,0,0,0,0,0,0,8,1,0,0,0,0,0
1,4468852,1252,12,0,0,1,0,91,0,0,0,0,0,1,0,0,0,0,0,0,0,0,4,0,0,0,0,0
1,4555778,68,7,0,0,0,4,38,0,0,0,0,0,0,0,0,0,3,1,0,0,0,0,0,0,0,0,0
1,5165539,3008,124,8,0,0,0,350,0,0,0,17,0,0,0,0,0,0,0,0,0,0,4,0,0,0,0,0
1,5673113,107,17,4,2,0,60,386,0,0,0,159,2,0,1,0,1,23,0,0,0,45,0,0,0,0,0,0
1,3449152,237409,112980,4,0,0,0,13,0,0,0,4,0,0,0,0,0,0,0,0,0,0,0,0,0,0,0,0
1,5169691,3036,124,8,0,0,0,367,0,0,0,17,0,0,0,0,0,0,0,0,0,0,4,0,0,0,0,0
1,2285761,11975,79,22,0,0,0,795,1,0,0,32,0,0,0,0,0,0,0,0,0,5,6,0,0,0,0,0
1,4549365,69,7,0,0,0,4,38,0,0,0,0,0,0,0,0,0,3,1,0,0,0,0,0,0,0,0,0
1,5675323,107,17,4,2,0,60,386,0,0,0,159,2,0,1,0,1,23,0,0,0,45,0,0,0,0,0,0
1,2918857,4479,8,1,0,1,2,3,0,0,0,1,0,1,0,0,0,0,0,0,0,1,1,0,0,0,0,0
1,4642974,68,7,0,0,0,4,47,0,0,0,0,0,0,0,0,0,6,1,0,0,0,0,0,0,0,0,0
1,4452548,3553,3512,0,0,1,3,12,0,0,0,0,0,1,0,0,0,0,0,0,0,0,1,0,0,0,0,0
1,4976457,3391,337,10,1,0,26,920,0,0,0,35,2,0,0,0,0,0,0,0,0,1,1,0,0,0,0,0
1,4816135,3725,350,10,1,0,27,1232,0,0,0,36,2,0,0,0,0,0,0,0,0,1,1,0,0,0,0,0
1,5005216,858,5,3,0,0,0,90,1,0,0,3,0,0,0,0,0,0,0,0,0,5,1,0,0,0,0,0
1,4907058,3549,340,10,1,0,24,916,0,0,0,33,2,0,0,0,0,0,0,0,0,2,1,0,0,0,0,0
1,3442934,237409,112980,4,0,0,0,13,0,0,0,4,0,0,0,0,0,0,0,0,0,0,0,0,0,0,0,0
1,4251194,13160,34,7,5,1,69,218,0,0,0,38,21,1,0,0,0,0,0,0,0,1,1,0,0,0,0,0
1,4634048,9120,368,20,1,0,5,379,0,0,0,25,2,0,0,0,0,0,0,0,0,1,1,0,0,0,0,0
1,4450645,1053,4,3,0,0,0,121,1,0,0,3,0,0,0,0,0,0,0,0,0,1,1,0,0,0,0,0
1,4441549,2329,90,19,0,0,0,383,1,0,0,29,0,0,0,0,0,0,0,0,0,3,4,0,0,0,0,0
1,4168394,4860,179,10,0,0,6,1844,0,0,0,45,0,0,0,0,0,0,0,0,0,1,1,0,0,0,0,0
1,5057473,3421,359,10,1,0,25,878,0,0,0,34,2,0,0,0,0,0,0,0,0,3,1,0,0,0,0,0
1,5171598,2997,124,8,0,0,0,350,0,0,0,17,0,0,0,0,0,0,0,0,0,0,4,0,0,0,0,0
1,5259185,1821,74,39,0,0,0,176,0,0,0,48,0,0,0,0,0,0,0,0,0,0,1,0,0,0,0,0
1,4730375,83,6,0,0,0,13,186,0,0,0,0,0,0,0,0,0,12,1,0,0,0,0,0,0,0,0,0
1,4766780,0,0,0,0,0,94,0,55,0,0,0,0,0,0,0,0,0,0,0,0,0,0,0,0,0,0,0
1,5668006,107,17,4,2,0,60,384,0,0,0,159,2,0,1,0,1,23,0,0,0,43,0,0,0,0,0,0
1,4752987,1838,24,111,1,0,25,1310,1,0,0,756,1,0,0,0,0,0,1,0,0,0,1,0,0,0,0,0
1,4388367,2176,61,13,0,0,0,170,1,0,0,14,0,0,0,0,0,0,0,0,0,2,2,0,0,0,0,0
1,4343167,1032,46,6,0,0,0,74,1,0,0,11,0,0,0,0,0,0,0,0,0,1,1,0,0,0,0,0
1,4095364,4826,199,10,0,0,6,1826,0,0,0,45,0,0,0,0,0,0,0,0,0,1,1,0,0,0,0,0
1,5032013,1411,114,8,0,0,0,267,0,0,0,12,0,0,1,0,1,0,0,0,0,7,3,0,0,0,0,0
1,3621772,71378,26,1,2,0,111,91,77,0,0,4,6,0,0,0,0,0,0,0,0,2,1,0,0,0,0,0
1,5671508,107,17,4,2,0,60,384,0,0,0,159,2,0,1,0,1,23,0,0,0,43,0,0,0,0,0,0
1,5037930,2321,122,12,0,0,0,253,0,0,0,12,0,0,0,0,0,0,0,0,0,8,3,0,0,0,0,0
1,2301542,10471,76,21,0,0,0,570,1,0,0,25,0,0,0,0,0,0,0,0,0,3,2,0,0,0,0,0
1,5005746,138,5,1,0,0,0,17,1,0,0,1,0,0,0,0,0,0,0,0,0,0,0,0,0,0,0,0
1,5024519,1747,34,15,0,0,0,525,1,0,0,49,0,0,0,0,0,0,0,0,0,8,6,0,0,0,0,0
1,4582023,64,5,0,0,0,4,34,0,0,0,0,0,0,0,0,0,3,1,0,0,0,0,0,0,0,0,0
1,4614117,1103,24,1,3,0,462,2769,5,0,0,16,21,0,0,0,0,0,0,0,0,119,0,0,0,0,0,0
1,5049050,2065,118,10,0,0,0,211,1,0,0,10,0,0,0,0,0,0,0,0,0,4,1,0,0,0,0,0
1,5015279,577,5,3,0,0,0,57,1,0,0,3,0,0,0,0,0,0,0,0,0,0,2,0,0,0,0,0
1,4658572,95,8,0,0,0,15,222,0,0,0,0,0,0,0,0,0,14,1,0,0,0,0,0,0,0,0,0
1,5670374,107,17,4,2,0,60,384,0,0,0,159,2,0,1,0,1,23,0,0,0,43,0,0,0,0,0,0
1,5028081,3449,351,10,1,0,25,836,0,0,0,34,2,0,0,0,0,0,0,1,0,1,1,0,0,0,0,0
1,4394275,1797,42,10,0,1,0,197,1,0,0,10,0,1,0,0,0,0,0,0,0,1,1,0,0,0,0,0
1,3933119,2143,2118,2,0,1,3,21,0,0,0,2,0,1,0,0,0,0,0,0,0,0,1,0,0,0,0,0
1,5351585,50,11,1,0,1,48,93,0,0,0,7,0,2,0,0,0,0,0,0,0,0,2,0,0,0,0,0
1,4391116,1785,4,11,0,0,0,198,1,0,0,11,0,0,0,0,0,0,0,0,0,1,0,0,0,0,0,0
1,5026370,2240,124,12,0,0,0,242,0,0,0,12,0,0,0,0,0,0,0,0,0,4,1,0,0,0,0,0
1,5018797,1880,5,17,0,0,0,632,1,0,0,53,0,0,0,0,0,0,0,0,0,11,8,0,0,0,0,0
1,4567259,64,5,0,0,0,4,38,0,0,0,0,0,0,0,0,0,3,1,0,0,0,0,0,0,0,0,0
1,4600882,89,12,0,0,0,4,38,0,0,0,0,0,0,0,0,0,3,1,0,0,0,0,0,0,0,0,0
1,3063826,728,12,0,0,0,0,3,0,0,0,0,0,0,0,0,0,0,0,0,0,1,0,0,0,0,0,0
1,4153652,4801,179,10,0,0,6,1825,0,0,0,45,0,0,0,0,0,0,0,0,0,1,1,0,0,0,0,0
1,4788914,75,15,0,0,0,1425,3495,0,0,0,0,0,0,0,0,0,0,0,0,0,0,1,0,0,0,0,0
1,4717220,123,7,0,0,0,6,42,0,0,0,0,0,0,0,0,0,0,1,0,0,0,0,0,0,0,0,0
1,5002341,1613,5,15,0,0,0,481,1,0,0,39,0,0,0,0,0,0,0,0,0,5,5,0,0,0,0,0
1,4185046,85655,31,1,1,1,319,87,268,0,0,3,4,1,0,0,0,0,0,0,0,1,0,0,0,0,0,0
1,5091014,4887,187,9,0,0,0,409,0,0,0,18,0,0,0,0,0,0,0,0,0,0,3,0,0,0,0,0
1,4714805,6332,134,7,1,0,4,270,0,0,0,17,1,0,0,0,0,0,0,0,0,1,2,0,0,0,0,0
1,4537534,64,5,0,0,0,4,38,0,0,0,0,0,0,0,0,0,3,1,0,0,0,0,0,0,0,0,0
1,5015173,2244,54,19,0,0,0,931,1,0,0,79,0,0,0,0,0,0,0,0,0,6,7,0,0,0,0,0
1,5018880,2233,114,12,0,0,0,254,0,0,0,12,0,0,0,0,0,0,0,0,0,7,2,0,0,0,0,0
1,5341145,100,17,4,2,0,80,435,0,0,0,171,10,0,1,0,1,23,0,0,0,47,0,0,0,0,0,0
1,5671478,107,17,4,2,0,60,384,0,0,0,159,2,0,1,0,1,23,0,0,0,43,0,0,0,0,0,0
1,4333084,3642,64,20,0,0,0,828,1,0,0,43,0,0,0,0,0,0,0,0,0,3,6,0,0,0,0,0
1,3476422,24861,39,7,5,1,69,218,0,0,0,38,21,1,0,0,0,0,0,0,0,1,1,0,0,0,0,0
1,4365884,513,49,3,0,0,0,56,1,0,0,4,0,0,0,0,0,0,0,0,0,0,0,0,0,0,0,0
1,5002672,1285,5,15,0,0,0,228,1,0,0,23,0,0,0,0,0,0,0,0,0,2,3,0,0,0,0,0
1,4748176,194,9,0,0,0,13,193,0,0,0,0,0,0,0,0,0,0,1,0,0,0,0,0,0,0,0,0
1,5156250,62,11,2,0,0,3,18,0,0,0,5,0,0,0,0,0,0,0,0,0,2,0,0,0,0,0,0
1,4457636,48,3,0,0,0,0,8,1,0,0,0,0,0,0,0,0,0,0,0,0,0,0,0,0,0,0,0
1,3659586,71417,29,1,2,0,114,97,77,0,0,4,6,0,0,0,0,0,0,0,0,2,1,0,0,0,0,0
1,4339669,619,88,5,0,1,0,36,1,0,0,5,0,1,0,0,0,0,0,0,0,0,0,0,0,0,0,0
1,4992721,3471,342,10,1,0,24,881,0,0,0,33,2,0,0,0,0,0,0,0,0,1,1,0,0,0,0,0
1,4540393,68,7,0,0,0,4,38,0,0,0,0,0,0,0,0,0,3,1,0,0,0,0,0,0,0,0,0
1,3462513,410,8,0,0,0,0,2,0,0,0,0,0,0,0,0,0,0,0,0,0,2,0,0,0,0,0,0
1,4494869,66,7,0,0,0,4,38,0,0,0,0,0,0,0,0,0,3,1,0,0,0,0,0,0,0,0,0
1,5671012,107,17,4,2,0,60,384,0,0,0,159,2,0,1,0,1,23,0,0,0,43,0,0,0,0,0,0
1,5017987,1447,110,6,0,1,0,233,0,0,0,11,0,1,0,0,0,0,0,0,0,4,2,0,0,0,0,0
1,5144951,62,11,2,0,0,3,18,0,0,0,5,0,0,0,0,0,0,0,0,0,2,0,0,0,0,0,0
1,5574512,1958,928,6,0,0,0,153,0,0,0,6,0,0,0,0,0,0,0,0,0,1,1,0,0,0,0,0
1,4999181,655,5,4,0,0,0,74,1,0,0,4,0,0,0,0,0,0,0,0,0,2,0,0,0,0,0,0
1,3530290,70396,35,1,1,0,81,141,28,0,0,3,4,0,0,0,0,0,0,0,0,0,1,0,0,0,0,0
1,5972571,522376,2524,0,1,1,1,21,0,0,0,0,2,1,0,0,0,0,0,0,0,0,0,0,0,0,0,0
1,3456022,237850,112980,4,0,0,0,24,0,0,0,4,0,0,0,0,0,0,0,0,0,0,0,0,0,0,0,0
1,3554375,99198,16,0,0,0,7,9410,2,0,0,0,0,0,0,0,0,0,0,0,0,0,0,0,0,0,0,0
1,3974653,2139,2118,2,0,1,3,20,0,0,0,2,0,1,0,0,0,0,0,0,0,0,2,0,0,0,0,0
1,5111593,3448,352,10,1,0,24,851,0,0,0,33,2,0,0,0,0,0,0,0,0,3,1,0,0,0,0,0
1,5675817,107,17,4,2,0,60,386,0,0,0,159,2,0,1,0,1,23,0,0,0,45,0,0,0,0,0,0
1,4540393,68,7,0,0,0,4,38,0,0,0,0,0,0,0,0,0,3,1,0,0,0,0,0,0,0,0,0
1,5004725,1830,98,10,0,1,0,227,0,0,0,11,0,1,0,0,0,0,0,0,0,5,2,0,0,0,0,0
1,4397090,1008,52,6,0,0,0,93,1,0,0,6,0,0,0,0,0,0,0,0,0,0,1,0,0,0,0,0
1,4156110,664,52,5,0,0,0,33,1,0,0,6,0,0,0,0,0,0,0,0,0,0,0,0,0,0,0,0
1,5041822,2149,128,10,0,1,0,282,0,0,0,11,0,1,1,0,1,0,0,0,0,4,2,0,0,0,0,0
1,5207880,2402,99,8,0,0,0,328,0,0,0,17,0,0,0,0,0,0,0,0,0,1,5,0,0,0,0,0
1,4988637,1567,132,8,0,0,0,239,0,0,0,11,0,0,0,0,0,0,0,0,0,3,2,0,0,0,0,0
1,4566780,112,18,0,0,0,4,38,0,0,0,0,0,0,0,0,0,3,1,0,0,0,0,0,0,0,0,0
1,4157820,4785,176,10,0,0,6,1841,0,0,0,45,0,0,0,0,0,0,0,0,0,1,1,0,0,0,0,0
1,5667723,107,17,4,2,0,60,384,0,0,0,159,2,0,1,0,1,23,0,0,0,43,0,0,0,0,0,0
1,5675745,107,17,4,2,0,60,386,0,0,0,159,2,0,1,0,1,23,0,0,0,45,0,0,0,0,0,0
1,4793721,9028,358,17,1,0,5,374,0,0,0,25,2,0,0,0,0,0,0,0,0,1,1,0,0,0,0,0
1,5033353,1355,116,7,0,1,0,248,0,0,0,12,0,1,0,0,0,0,0,0,0,6,2,0,0,0,0,0
1,4504161,67,7,0,0,0,4,38,0,0,0,0,0,0,0,0,0,3,1,0,0,0,0,0,0,0,0,0
1,3184066,71307,21,1,0,0,60,165,0,0,0,12,0,0,0,0,0,0,0,0,0,7,2,0,0,0,0,0
1,5198539,144278,245,17,0,0,0,17684,0,0,0,34,0,0,0,0,0,0,0,0,0,7,5,0,0,0,0,0
1,4543602,69,7,0,0,0,4,38,0,0,0,0,0,0,0,0,0,3,1,0,0,0,0,0,0,0,0,0
1,4465981,4776,2519,1,0,0,5,19,0,0,0,2,0,0,0,0,0,0,0,0,0,0,0,0,0,0,0,0
1,4502946,65,6,0,0,0,4,38,0,0,0,0,0,0,0,0,0,3,1,0,0,0,0,0,0,0,0,0
1,4564632,69,7,0,0,0,4,38,0,0,0,0,0,0,0,0,0,3,1,0,0,0,0,0,0,0,0,0
1,4702653,129,7,0,0,0,6,42,0,0,0,0,0,0,0,0,0,0,1,0,0,0,0,0,0,0,0,0
1,4645923,69,7,0,0,0,13,146,0,0,0,0,0,0,0,0,0,12,1,0,0,0,0,0,0,0,0,0
1,3445416,237409,112980,4,0,0,0,13,0,0,0,4,0,0,0,0,0,0,0,0,0,0,0,0,0,0,0,0
1,4652929,120,7,0,0,0,6,40,0,0,0,0,0,0,0,0,0,0,1,0,0,0,0,0,0,0,0,0
1,5091787,4890,187,9,0,0,0,408,0,0,0,18,0,0,0,0,0,0,0,0,0,0,3,0,0,0,0,0
1,4060741,3778,7,0,0,1,0,299,0,0,0,0,0,1,0,0,0,0,0,0,0,0,0,0,0,0,0,0
1,4605824,68,7,0,0,0,13,146,0,0,0,0,0,0,0,0,0,12,1,0,0,0,0,0,0,0,0,0
1,5130694,63,11,2,0,0,4,18,0,0,0,7,0,0,0,0,0,0,0,0,0,2,0,0,0,0,0,0
1,3836299,55033,23,0,1,1,390,33491,0,0,0,0,3,1,0,0,0,0,0,3,0,3,0,0,0,0,0,0
1,4958503,84,29,2,0,0,206,527,0,0,0,34,0,0,0,0,0,0,0,0,0,0,23,0,0,0,0,0
1,4829192,1833,24,110,1,0,25,1332,1,0,0,756,1,0,0,0,0,0,0,0,0,0,1,0,0,0,0,0
1,4426993,2859,8,2,0,0,0,177,1,0,0,2,0,0,0,0,0,0,0,0,0,2,2,0,0,0,0,0
1,4768427,85,6,0,0,0,4,50,0,0,0,0,0,0,0,0,0,3,1,0,0,0,0,0,0,0,0,0
1,4299702,124,61,0,0,0,1205,3055,0,0,0,0,0,0,0,0,0,0,0,0,0,0,1,0,0,0,0,0
1,5663022,180,64,2,0,0,16,96,0,0,0,15,0,0,0,0,0,0,0,0,0,0,1,0,0,0,0,0
1,4694370,80,10,0,0,0,4,38,0,0,0,0,0,0,0,0,0,3,1,0,0,0,0,0,0,0,0,0
1,5570322,1982,952,6,0,0,0,171,0,0,0,6,0,0,0,0,0,0,0,0,0,1,1,0,0,0,0,0
1,3910101,2718,21,1,0,0,26,89,0,0,0,2,0,0,0,0,0,0,0,0,0,2,7,0,0,0,0,0
1,5177994,3020,124,8,0,0,0,357,0,0,0,17,0,0,0,0,0,0,0,0,0,1,5,0,0,0,0,0
1,4623957,94,9,0,0,0,4,50,0,0,0,0,0,0,0,0,0,3,0,0,0,0,0,0,0,0,0,0
1,5670807,107,17,4,2,0,60,386,0,0,0,159,2,0,1,0,1,23,0,0,0,45,0,0,0,0,0,0
1,4594192,64,6,0,0,0,4,38,0,0,0,0,0,0,0,0,0,3,1,0,0,0,0,0,0,0,0,0
1,4494059,69,7,0,0,0,4,38,0,0,0,0,0,0,0,0,0,3,1,0,0,0,0,0,0,0,0,0
1,4777294,6250,136,9,1,0,6,290,0,0,0,22,2,0,0,0,0,0,0,0,0,1,1,0,0,0,0,0
1,4699289,70,7,0,0,0,13,146,0,0,0,0,0,0,0,0,0,12,1,0,0,0,0,0,0,0,0,0
1,4354708,3070,58,25,0,0,0,346,1,0,0,25,0,0,0,0,0,0,0,0,0,5,1,0,0,0,0,0
1,5207457,145331,206,17,0,1,0,17786,0,0,0,34,0,1,1,0,1,0,0,0,0,6,3,0,0,0,0,0
1,4982733,1680,140,9,0,0,0,65,0,0,0,12,0,0,0,0,0,0,0,0,0,8,1,0,0,0,0,0
1,4519851,64,6,0,0,0,4,38,0,0,0,0,0,0,0,0,0,3,1,0,0,0,0,0,0,0,0,0
1,4615116,68,7,0,0,0,13,146,0,0,0,0,0,0,0,0,0,12,1,0,0,0,0,0,0,0,0,0
1,5271761,1812,74,39,0,0,0,168,0,0,0,48,0,0,0,0,0,0,0,0,0,0,1,0,0,0,0,0
1,4501557,2645,53,11,0,0,0,296,1,0,0,11,0,0,0,0,0,0,0,0,0,4,1,0,0,0,0,0
1,5036326,977,5,4,0,0,0,110,1,0,0,4,0,0,0,0,0,0,0,0,0,2,2,0,0,0,0,0
1,4534586,68,7,0,0,0,4,38,0,0,0,0,0,0,0,0,0,3,1,0,0,0,0,0,0,0,0,0
1,4841206,6628,162,7,0,0,10,277,0,0,0,20,0,0,0,0,0,0,0,0,0,1,1,0,0,0,0,0
1,4990675,1942,146,10,0,0,0,237,0,0,0,12,0,0,1,0,1,0,0,0,0,4,3,0,0,0,0,0
1,5026134,2489,5,20,0,0,0,408,1,0,0,31,0,0,0,0,0,0,0,0,0,2,11,0,0,0,0,0
1,5026235,985,5,7,0,0,0,173,1,0,0,12,0,0,0,0,0,0,0,0,0,3,0,0,0,0,0,0
1,5675819,107,17,4,2,0,60,386,0,0,0,159,2,0,1,0,1,23,0,0,0,45,0,0,0,0,0,0
1,5031581,1407,116,6,0,0,0,135,1,0,0,6,0,0,0,0,0,0,0,0,0,2,4,0,0,0,0,0
1,5013287,3089,5,29,0,0,0,355,1,0,0,30,0,0,0,0,0,0,0,0,0,4,5,0,0,0,0,0
1,4762805,133,10,0,0,0,6,42,0,0,0,0,0,0,0,0,0,0,1,0,0,0,0,0,0,0,0,0
1,5011518,1147,34,9,0,0,0,218,1,0,0,16,0,0,0,0,0,0,0,0,0,2,1,0,0,0,0,0
1,4710821,294,9,0,0,0,53,1310,0,0,0,0,0,0,0,0,0,26,1,0,0,0,0,0,0,0,0,0
1,4504161,67,7,0,0,0,4,38,0,0,0,0,0,0,0,0,0,3,1,0,0,0,0,0,0,0,0,0
1,5143811,3794,84,10,0,0,0,413,0,0,0,11,0,0,0,0,0,0,0,0,0,2,1,0,0,0,0,0
1,2294932,7051,80,14,0,1,0,324,1,0,0,14,0,1,0,0,0,0,0,0,0,1,1,0,0,0,0,0
1,5676766,107,17,4,2,0,60,386,0,0,0,159,2,0,1,0,1,23,0,0,0,45,0,0,0,0,0,0
1,5671316,107,17,4,2,0,60,384,0,0,0,159,2,0,1,0,1,23,0,0,0,43,0,0,0,0,0,0
1,5012973,817,57,7,0,1,0,160,1,0,0,14,0,1,0,0,0,0,0,0,0,1,2,0,0,0,0,0
1,5532808,3185,98,1,0,0,16,574,0,0,0,5,0,0,0,0,0,0,0,0,0,1,0,0,0,0,0,0
1,5222092,2430,99,8,0,0,0,331,0,0,0,17,0,0,0,0,0,0,0,0,0,0,5,0,0,0,0,0
1,4106654,10750,179,11,0,0,6,761,0,0,0,39,0,0,0,0,0,0,0,0,0,1,1,0,0,0,0,0
1,5698462,112,72,12,3,1,630,1680,0,0,0,431,12,2,1,0,1,1,0,0,10,8,11,0,0,0,0,0
1,5671432,107,17,4,2,0,60,384,0,0,0,159,2,0,1,0,1,23,0,0,0,43,0,0,0,0,0,0
1,5676249,107,17,4,2,0,60,386,0,0,0,159,2,0,1,0,1,23,0,0,0,45,0,0,0,0,0,0
1,5012302,885,5,8,0,0,0,162,1,0,0,14,0,0,0,0,0,0,0,0,0,3,0,0,0,0,0,0
1,2929407,308902,7,1,0,1,5,11,0,0,0,2,0,1,0,0,0,0,0,0,0,0,0,0,0,0,0,0
1,5671748,107,17,4,2,0,60,384,0,0,0,159,2,0,1,0,1,23,0,0,0,43,0,0,0,0,0,0
1,3485027,237409,112980,4,0,0,0,13,0,0,0,4,0,0,0,0,0,0,0,0,0,0,0,0,0,0,0,0
1,4892739,3519,358,10,1,0,21,1259,0,0,0,30,2,0,0,0,0,0,0,0,0,3,1,0,0,0,0,0
1,4155695,4801,189,10,0,0,6,1866,0,0,0,45,0,0,0,0,0,0,0,0,0,1,1,0,0,0,0,0
1,4469904,5095,2831,1,0,0,5,20,0,0,0,2,0,0,0,0,0,0,0,0,0,0,0,0,0,0,0,0
1,2708923,99882,14,1,0,1,49,106,12,0,0,7,0,1,0,0,0,0,0,0,0,5,1,0,0,0,0,0
1,4739589,9435,342,17,1,0,5,362,0,0,0,25,2,0,0,0,0,0,0,0,0,1,1,0,0,0,0,0
1,5014909,1957,5,18,0,0,0,286,1,0,0,25,0,0,0,0,0,0,0,0,0,4,4,0,0,0,0,0
1,4763593,6555,134,7,0,0,10,279,0,0,0,20,0,0,0,0,0,0,0,0,0,1,1,0,0,0,0,0
1,5095738,6771,6767,23,0,0,1,526,0,0,0,32,0,0,0,0,0,0,0,0,0,1,2,0,0,0,0,0
1,5668020,107,17,4,2,0,60,384,0,0,0,159,2,0,1,0,1,23,0,0,0,43,0,0,0,0,0,0
1,5010937,889,5,3,0,0,0,158,1,0,0,7,0,0,0,0,0,0,0,0,0,1,2,0,0,0,0,0
1,4912767,87,12,0,0,0,4,80,0,0,0,0,0,0,0,0,0,6,0,0,0,0,0,0,0,0,0,0
1,4425897,1790,61,9,0,0,0,195,1,0,0,9,0,0,0,0,0,0,0,0,0,2,1,0,0,0,0,0
1,5163293,2994,124,8,0,0,0,349,0,0,0,17,0,0,0,0,0,0,0,0,0,0,4,0,0,0,0,0
1,5126877,2437,58,11,0,1,0,297,0,0,0,11,0,1,0,0,0,0,0,0,0,4,3,0,0,0,0,0
1,5007591,1216,124,6,0,0,0,232,0,0,0,11,0,0,0,0,0,0,0,0,0,5,2,0,0,0,0,0
1,4888616,74,5,0,0,0,11,209,0,0,0,0,0,0,0,0,0,20,1,0,0,0,0,0,0,0,0,0
1,5068979,3504,337,10,1,0,25,899,0,0,0,34,2,0,0,0,0,0,0,0,0,1,1,0,0,0,0,0
1,4689975,129,7,0,0,0,6,45,0,0,0,0,0,0,0,0,0,0,1,0,0,0,0,0,0,0,0,0
1,5017755,2390,5,20,0,0,0,247,1,0,0,20,0,0,0,0,0,0,0,0,0,3,6,0,0,0,0,0
1,4965787,418,18,6,0,0,0,56,0,0,0,6,0,0,0,0,0,1,0,0,0,0,7,0,0,0,0,0
1,4121699,4826,179,11,0,0,6,2560,0,0,0,47,0,0,0,0,0,0,0,0,0,1,1,0,0,0,0,0
1,5016626,1222,5,9,0,0,0,122,1,0,0,9,0,0,0,0,0,0,0,0,0,2,2,0,0,0,0,0
1,3379446,193,79,1,0,0,0,11,1,0,0,1,0,0,0,0,0,0,0,0,0,0,2,0,0,0,0,0
1,3416548,237409,112980,4,0,0,0,13,0,0,0,4,0,0,0,0,0,0,0,0,0,0,0,0,0,0,0,0
1,5031977,2094,122,11,0,0,0,241,0,0,0,11,0,0,0,0,0,0,0,0,0,4,2,0,0,0,0,0
1,5055143,1782,30,10,0,1,0,232,0,0,0,11,0,1,0,0,0,0,0,0,0,7,3,0,0,0,0,0
1,4170365,124,61,0,0,0,1047,2739,0,0,0,0,0,0,0,0,0,0,0,0,0,0,1,0,0,0,0,0
1,5020662,4135,33,37,0,0,0,542,1,0,0,44,0,0,0,0,0,0,0,0,0,7,4,0,0,0,0,0
1,4408614,2913,34,27,0,0,0,388,1,0,0,35,0,0,0,0,0,0,0,0,0,5,1,0,0,0,0,0
1,5019659,1337,130,6,0,0,0,252,0,0,0,11,0,0,1,0,1,0,0,0,0,6,2,0,0,0,0,0
1,5566333,1966,936,6,0,0,0,142,0,0,0,6,0,0,0,0,0,0,0,0,0,1,1,0,0,0,0,0
1,4662876,6584,126,9,1,0,6,291,0,0,0,22,2,0,0,0,0,0,0,0,0,1,1,0,0,0,0,0
1,3871434,85685,28,1,2,0,109,92,77,0,0,4,6,0,0,0,0,0,0,3,0,2,1,0,0,0,0,0
1,4519202,68,7,0,0,0,4,38,0,0,0,0,0,0,0,0,0,3,1,0,0,0,0,0,0,0,0,0
1,2290659,7220,42,15,0,0,0,851,1,0,0,34,0,0,0,0,0,0,0,0,0,5,4,0,0,0,0,0
1,5671526,107,17,4,2,0,60,384,0,0,0,159,2,0,1,0,1,23,0,0,0,43,0,0,0,0,0,0
1,4570284,70,7,0,0,0,14,150,0,0,0,0,0,0,0,0,0,13,1,0,0,0,0,0,0,0,0,0
1,5071736,1852,69,9,0,0,0,243,0,0,0,11,0,0,0,0,0,0,0,0,0,5,1,0,0,0,0,0
1,4355754,3558,34,18,0,0,0,674,1,0,0,37,0,0,0,0,0,0,0,0,0,6,3,0,0,0,0,0
1,4397302,228,51,1,0,0,0,20,1,0,0,1,0,0,0,0,0,0,0,0,0,0,0,0,0,0,0,0
1,4578142,75,15,0,0,0,1114,2873,0,0,0,0,0,0,0,0,0,0,0,0,0,0,1,0,0,0,0,0
1,3391240,237409,112980,4,0,0,0,13,0,0,0,4,0,0,0,0,0,0,0,0,0,0,0,0,0,0,0,0
1,4146700,10288,159,10,0,0,7,1043,0,0,0,47,0,0,0,0,0,0,0,0,0,1,1,0,0,0,0,0
1,4986124,1838,120,10,0,1,0,231,0,0,0,12,0,1,0,0,0,0,0,0,0,6,2,0,0,0,0,0
1,4519202,68,7,0,0,0,4,38,0,0,0,0,0,0,0,0,0,3,1,0,0,0,0,0,0,0,0,0
1,5676465,107,17,4,2,0,60,386,0,0,0,159,2,0,1,0,1,23,0,0,0,45,0,0,0,0,0,0
1,3091460,71341,14,1,0,1,39,106,0,0,0,7,0,1,0,0,0,0,0,0,0,5,1,0,0,0,0,0
1,4844800,9208,350,20,1,0,5,371,0,0,0,25,2,0,0,0,0,0,0,0,0,1,1,0,0,0,0,0
1,4519664,67,7,0,0,0,4,38,0,0,0,0,0,0,0,0,0,3,1,0,0,0,0,0,0,0,0,0
1,4113631,10458,158,10,0,0,7,1014,0,0,0,47,0,0,0,0,0,0,0,0,0,1,1,0,0,0,0,0
1,4853426,9454,338,20,1,0,5,374,0,0,0,25,2,0,0,0,0,0,0,0,0,1,1,0,0,0,0,0
1,4997500,93,4,0,0,0,0,11,1,0,0,0,0,0,0,0,0,0,0,0,0,0,2,0,0,0,0,0
1,2283754,5737,75,8,0,0,0,301,1,0,0,12,0,0,0,0,0,0,0,0,0,0,0,0,0,0,0,0
1,5167434,2993,124,8,0,0,0,355,0,0,0,17,0,0,0,0,0,0,0,0,0,0,4,0,0,0,0,0
1,4750143,88,6,0,0,0,4,50,0,0,0,0,0,0,0,0,0,3,1,0,0,0,0,0,0,0,0,0
1,5017573,203,4,2,0,0,0,21,1,0,0,2,0,0,0,0,0,0,0,0,0,0,0,0,0,0,0,0
1,5035440,2610,5,23,0,0,0,444,1,0,0,35,0,0,1,0,1,0,0,0,0,7,5,0,0,0,0,0
1,4776233,74,6,0,0,0,4,59,0,0,0,0,0,0,0,0,0,6,1,0,0,0,0,0,0,0,0,0
1,4794876,6351,160,9,1,0,6,280,0,0,0,22,2,0,0,0,0,0,0,0,0,1,1,0,0,0,0,0
1,4670028,128,7,0,0,0,6,45,0,0,0,0,0,0,0,0,0,0,1,0,0,0,0,0,0,0,0,0
1,5030726,790,5,9,0,0,0,85,1,0,0,9,0,0,0,0,0,0,0,0,0,3,0,0,0,0,0,0
1,5675409,107,17,4,2,0,60,386,0,0,0,159,2,0,1,0,1,23,0,0,0,45,0,0,0,0,0,0
1,4353432,852,76,4,0,0,0,60,1,0,0,5,0,0,0,0,0,0,0,0,0,2,1,0,0,0,0,0
1,5024680,1767,106,10,0,2,0,265,0,0,0,12,0,2,0,0,0,0,0,0,0,7,3,0,0,0,0,0
1,2749345,58500,7,1,0,1,5,11,0,0,0,2,0,1,0,0,0,0,0,0,0,0,0,0,0,0,0,0
1,4722734,6357,144,9,1,0,6,285,0,0,0,22,2,0,0,0,0,0,0,0,0,1,1,0,0,0,0,0
1,5002540,40,3,0,0,0,0,3,1,0,0,0,0,0,0,0,0,0,0,0,0,0,0,0,0,0,0,0
1,5037359,3561,349,10,1,0,23,856,0,0,0,32,2,0,0,0,0,0,0,0,0,1,1,0,0,0,0,0
1,5017986,1853,5,11,0,0,0,199,1,0,0,11,0,0,0,0,0,0,0,0,0,7,1,0,0,0,0,0
1,3598632,237409,112980,4,0,0,0,13,0,0,0,4,0,0,0,0,0,0,0,0,0,0,0,0,0,0,0,0
1,4813203,9180,371,20,1,0,5,373,0,0,0,25,2,0,0,0,0,0,0,0,0,1,1,0,0,0,0,0
1,3157155,142663,90,1,0,1,39,106,0,0,0,7,0,1,0,0,0,0,0,0,0,5,1,0,0,0,0,0
1,5670482,180,51,2,0,0,16,100,0,0,0,15,0,0,0,0,0,0,0,0,0,0,1,0,0,0,0,0
1,5116128,14901,24,231,0,0,4,2113,0,0,0,275,0,0,0,0,0,0,0,0,0,1,1,0,0,0,0,0
1,5411101,34071,44,1,0,0,825,17,800,0,0,3,0,0,0,0,0,0,0,0,0,1,0,0,0,0,0,0
1,5055694,1763,43,10,0,0,0,237,0,0,0,12,0,0,0,0,0,0,0,0,0,4,2,0,0,0,0,0
1,5333856,163,22,2,0,0,15,95,0,0,0,5,0,0,0,0,0,2,0,0,0,0,3,0,0,0,0,0
1,4667236,129,7,0,0,0,6,45,0,0,0,0,0,0,0,0,0,0,1,0,0,0,0,0,0,0,0,0
1,4566375,9494,349,12,1,0,6,365,0,0,0,23,2,0,0,0,0,0,0,0,0,1,1,0,0,0,0,0
1,4786156,88966,88914,2,0,0,7,15,0,0,0,6,0,0,0,0,0,0,0,0,0,0,0,0,0,0,0,0
1,5675771,107,17,4,2,0,60,386,0,0,0,159,2,0,1,0,1,23,0,0,0,45,0,0,0,0,0,0
1,5024790,1879,110,10,0,1,0,241,0,0,0,11,0,2,0,0,0,0,0,0,0,6,3,0,0,0,0,0
1,4616142,67,7,0,0,0,4,38,0,0,0,0,0,0,0,0,0,3,1,0,0,0,0,0,0,0,0,0
1,5019578,1523,5,14,0,0,0,298,1,0,0,26,0,0,0,0,0,0,0,0,0,5,5,0,0,0,0,0
1,5730762,257215,86338,2,2,1,71,135,6,0,0,19,12,1,0,0,0,0,0,0,0,2,1,0,0,0,0,0
1,5006814,4266,59,42,0,0,0,818,1,0,0,66,0,0,1,0,1,0,0,0,0,11,9,0,0,0,0,0
1,5019844,453,5,5,0,0,0,44,1,0,0,5,0,0,0,0,0,0,0,0,0,0,0,0,0,0,0,0
1,5022710,1026,138,6,0,0,0,125,1,0,0,6,0,0,0,0,0,0,0,0,0,2,2,0,0,0,0,0
1,4955631,93,12,0,0,0,6,30,0,0,0,0,0,0,0,0,0,0,1,0,0,0,0,0,0,0,0,0
1,4405851,1882,59,8,0,0,0,216,1,0,0,8,0,0,0,0,0,0,0,0,0,1,1,0,0,0,0,0
1,5158418,3010,124,8,0,0,0,351,0,0,0,17,0,0,0,0,0,0,0,0,0,0,4,0,0,0,0,0
1,3376013,4241,59,37,0,1,0,257,1,0,0,43,0,1,3,0,3,0,0,0,0,5,7,0,0,0,0,0
1,5259556,1838,74,39,0,0,0,180,0,0,0,48,0,0,0,0,0,0,0,0,0,1,1,0,0,0,0,0
1,4697176,6276,141,7,0,0,10,277,0,0,0,20,0,0,0,0,0,0,0,0,0,1,1,0,0,0,0,0
1,5676754,107,17,4,2,0,60,386,0,0,0,159,2,0,1,0,1,23,0,0,0,45,0,0,0,0,0,0
1,4371850,239,52,2,0,0,0,23,1,0,0,2,0,0,0,0,0,0,0,0,0,0,0,0,0,0,0,0
1,5676481,107,17,4,2,0,60,386,0,0,0,159,2,0,1,0,1,23,0,0,0,45,0,0,0,0,0,0
1,4594306,70,7,0,0,0,4,38,0,0,0,0,0,0,0,0,0,3,1,0,0,0,0,0,0,0,0,0
1,3011762,126,16,3,1,0,15,31,1,0,0,4,4,0,0,0,0,0,0,0,0,0,1,0,0,0,0,0
1,3974557,2139,2118,2,0,1,3,20,0,0,0,2,0,1,0,0,0,0,0,0,0,0,1,0,0,0,0,0
1,4987967,3425,342,10,1,0,27,891,0,0,0,36,2,0,0,0,0,0,0,0,0,3,1,0,0,0,0,0
1,4378681,6858,69,32,0,0,0,1285,0,0,0,46,0,0,0,0,0,0,0,0,0,7,1,0,0,0,0,0
1,5022352,2300,102,16,0,0,0,400,1,0,0,27,0,0,0,0,0,0,0,0,0,2,3,0,0,0,0,0
1,3539668,237409,112980,4,0,0,0,13,0,0,0,4,0,0,0,0,0,0,0,0,0,0,0,0,0,0,0,0
1,5165220,2993,124,8,0,0,0,351,0,0,0,17,0,0,0,0,0,0,0,0,0,0,4,0,0,0,0,0
1,5029617,1320,5,11,0,0,0,162,1,0,0,11,0,0,0,0,0,0,0,0,0,0,2,0,0,0,0,0
1,5464004,366,76,12,2,1,3273,9385,0,0,0,3232,8,1,2,0,2,0,0,0,0,6,3,0,0,0,0,0
1,5274958,1840,74,39,0,0,0,178,0,0,0,48,0,0,0,0,0,0,0,0,0,0,1,0,0,0,0,0
1,3466674,237844,112980,4,0,0,0,24,0,0,0,4,0,0,0,0,0,0,0,0,0,0,0,0,0,0,0,0
1,5671508,107,17,4,2,0,60,384,0,0,0,159,2,0,1,0,1,23,0,0,0,43,0,0,0,0,0,0
1,4950181,2108,20,16,1,0,6,525,0,0,0,17,1,0,0,0,0,0,0,0,0,2,4,0,0,0,0,0
1,5004868,1039,5,8,0,0,0,212,1,0,0,16,0,0,0,0,0,0,0,0,0,3,5,0,0,0,0,0
1,4409360,312,4,0,0,0,0,38,1,0,0,0,0,0,0,0,0,0,0,0,0,0,0,0,0,0,0,0
1,4999131,76,5,0,0,0,4,65,0,0,0,0,0,0,0,0,0,6,1,0,0,0,0,0,0,0,0,0
1,5673456,107,17,4,2,0,60,386,0,0,0,159,2,0,1,0,1,23,0,0,0,45,0,0,0,0,0,0
1,4437961,505,83,5,0,0,0,43,1,0,0,5,0,0,0,0,0,0,0,0,0,0,0,0,0,0,0,0
1,2935504,199893,7,1,0,0,5,12,0,0,0,2,0,0,0,0,0,0,0,0,0,0,1,0,0,0,0,0
1,5925226,342,19,11,1,1,511,1291,0,0,0,307,20,3,0,0,0,0,0,0,0,7,1,0,0,0,0,0
1,3436586,237409,112980,4,0,0,0,13,0,0,0,4,0,0,0,0,0,0,0,0,0,0,0,0,0,0,0,0
1,4678874,6455,143,9,1,0,6,281,0,0,0,22,2,0,0,0,0,0,0,0,0,1,1,0,0,0,0,0
1,5168388,2999,124,8,0,0,0,354,0,0,0,17,0,0,0,0,0,0,0,0,0,0,4,0,0,0,0,0
1,2296879,17242,34,29,0,0,0,1354,1,0,0,54,0,0,0,0,0,0,0,0,0,7,5,0,0,0,0,0
1,4718080,70,7,0,0,0,4,47,0,0,0,0,0,0,0,0,0,6,1,0,0,0,0,0,0,0,0,0
1,4639775,65,6,0,0,0,14,158,0,0,0,0,0,0,0,0,0,13,1,0,0,0,0,0,0,0,0,0
1,5215503,2400,99,8,0,0,0,339,0,0,0,17,0,0,0,0,0,0,0,0,0,0,4,0,0,0,0,0
1,5218291,2404,99,8,0,0,0,331,0,0,0,17,0,0,0,0,0,0,0,0,0,1,4,0,0,0,0,0
1,4506180,67,7,0,0,0,13,138,0,0,0,0,0,0,0,0,0,12,1,0,0,0,0,0,0,0,0,0
1,4592855,4457,8,3,0,0,0,616,0,0,0,11,0,0,0,0,0,0,0,0,0,3,2,0,0,0,0,0
1,5110405,1928,38,9,0,1,0,244,0,0,0,11,0,1,0,0,0,0,0,0,0,5,1,0,0,0,0,0
1,4164131,4656,189,10,0,0,6,1819,0,0,0,45,0,0,0,0,0,0,0,0,0,1,1,0,0,0,0,0
1,5167698,2996,124,8,0,0,0,352,0,0,0,17,0,0,0,0,0,0,0,0,0,0,4,0,0,0,0,0
1,5027875,3600,110,28,0,0,0,449,1,0,0,34,0,0,0,0,0,0,0,0,0,8,5,0,0,0,0,0
1,5223151,2416,99,8,0,0,0,338,0,0,0,17,0,0,0,0,0,0,0,0,0,0,6,0,0,0,0,0
1,4986121,1621,86,9,0,1,0,218,0,0,0,11,0,1,0,0,0,0,0,0,0,4,1,0,0,0,0,0
1,5013431,960,120,7,0,0,0,93,1,0,0,9,0,0,0,0,0,0,0,0,0,0,0,0,0,0,0,0
1,5012638,1010,5,10,0,0,0,206,1,0,0,18,0,0,0,0,0,0,0,0,0,1,3,0,0,0,0,0
1,4558284,70,7,0,0,0,4,38,0,0,0,0,0,0,0,0,0,3,1,0,0,0,0,0,0,0,0,0
1,5014110,343,5,2,0,0,0,34,1,0,0,2,0,0,0,0,0,0,0,0,0,2,0,0,0,0,0,0
1,5031922,1923,128,8,0,0,0,245,0,0,0,12,0,0,0,0,0,0,0,0,0,5,3,0,0,0,0,0
1,4572141,760,4,1,0,0,0,92,1,0,0,1,0,0,0,0,0,0,0,0,0,0,1,0,0,0,0,0
1,3607203,63132,37,7,5,1,69,218,0,0,0,38,21,1,0,0,0,0,0,0,0,1,1,0,0,0,0,0
1,4362470,1312,34,10,0,0,0,134,1,0,0,10,0,0,0,0,0,0,0,0,0,0,1,0,0,0,0,0
1,4155731,4792,169,10,0,0,6,1878,0,0,0,45,0,0,0,0,0,0,0,0,0,1,1,0,0,0,0,0
1,5025209,2465,100,12,0,0,0,264,0,0,0,12,0,0,0,0,0,0,0,0,0,6,1,0,0,0,0,0
1,5676316,107,17,4,2,0,60,386,0,0,0,159,2,0,1,0,1,23,0,0,0,45,0,0,0,0,0,0
1,5066030,1950,76,7,0,0,0,243,0,0,0,11,0,0,0,0,0,0,0,0,0,5,1,0,0,0,0,0
1,5027708,1812,114,10,0,1,0,247,0,0,0,11,0,1,0,0,0,0,0,0,0,6,2,0,0,0,0,0
1,3526642,50713,8,1,0,1,113,137,0,0,0,90,0,1,0,0,0,0,0,0,0,1,0,0,0,0,0,0
1,4168751,4771,178,10,0,0,6,1828,0,0,0,45,0,0,0,0,0,0,0,0,0,1,1,0,0,0,0,0
1,5160584,3021,124,8,0,0,0,360,0,0,0,17,0,0,0,0,0,0,0,2,0,0,4,0,0,0,0,0
1,3379779,6428,34,43,0,6,0,778,1,0,0,100,0,7,3,0,3,0,0,0,0,9,15,0,0,0,0,0
1,4995278,321,5,2,0,0,0,54,1,0,0,3,0,0,0,0,0,0,0,0,0,1,1,0,0,0,0,0
1,5022363,506,5,3,0,0,0,71,1,0,0,5,0,0,0,0,0,0,0,0,0,1,1,0,0,0,0,0
1,5004829,3193,5,29,0,0,0,354,1,0,0,30,0,0,0,0,0,0,0,0,0,4,2,0,0,0,0,0
1,4976441,414,18,6,0,0,1,57,0,0,0,6,0,0,1,0,1,1,0,0,0,0,7,0,0,0,0,0
1,5009282,720,5,8,0,0,0,75,1,0,0,8,0,0,0,0,0,0,0,0,0,0,2,0,0,0,0,0
1,4103328,4791,179,10,0,0,6,1886,0,0,0,45,0,0,0,0,0,0,0,0,0,1,1,0,0,0,0,0
1,5675742,107,17,4,2,0,60,386,0,0,0,159,2,0,1,0,1,23,0,0,0,45,0,0,0,0,0,0
1,3326100,2076,55,14,0,1,0,114,1,0,0,14,0,1,1,0,1,2,0,0,0,1,3,0,0,0,0,0
1,5028081,193,5,0,0,0,0,21,1,0,0,0,0,0,0,0,0,0,0,0,0,0,0,0,0,0,0,0
1,4734132,9353,338,17,1,0,5,375,0,0,0,25,2,0,0,0,0,0,0,0,0,1,1,0,0,0,0,0
1,5018147,806,5,5,0,0,0,85,1,0,0,5,0,0,0,0,0,0,0,0,0,1,1,0,0,0,0,0
1,5038668,2108,146,9,0,0,0,285,0,0,0,12,0,0,1,0,1,0,0,0,0,7,3,0,0,0,0,0
1,4482080,6404,161,7,0,0,10,277,0,0,0,20,0,0,0,0,0,0,0,0,0,1,1,0,0,0,0,0
1,5039753,2173,5,20,0,0,0,344,1,0,0,30,0,0,0,0,0,0,0,0,0,5,6,0,0,0,0,0
1,5212544,2404,99,8,0,0,0,328,0,0,0,17,0,0,0,0,0,0,0,0,0,0,5,0,0,0,0,0
1,5007802,1863,5,16,0,0,0,197,1,0,0,16,0,0,1,0,1,0,0,0,0,4,2,0,0,0,0,0
1,3571242,237409,112980,4,0,0,0,13,0,0,0,4,0,0,0,0,0,0,0,0,0,0,0,0,0,0,0,0
1,2290380,5848,82,9,0,0,0,260,1,0,0,9,0,0,0,0,0,0,0,0,0,3,1,0,0,0,0,0
1,2308085,8606,56,21,0,0,0,889,1,0,0,43,0,0,0,0,0,0,0,0,0,9,3,0,0,0,0,0
1,3302699,237936,112980,4,0,0,0,24,0,0,0,4,0,0,0,0,0,0,0,0,0,0,0,0,0,0,0,0
1,2298877,9488,57,17,0,0,0,424,1,0,0,17,0,0,0,0,0,0,0,0,0,2,1,0,0,0,0,0
1,2303620,13786,34,26,0,0,0,2030,1,0,0,87,0,0,0,0,0,0,0,0,0,13,9,0,0,0,0,0
1,4718694,261,11,0,0,0,5,58,0,0,0,0,0,0,0,0,0,0,1,0,0,0,0,0,0,0,0,0
1,5050014,74,6,0,0,0,11,189,0,0,0,0,0,0,0,0,0,20,1,0,0,0,0,0,0,0,0,0
1,5007768,1588,124,7,0,1,0,259,0,0,0,11,0,1,0,0,0,0,0,0,0,5,4,0,0,0,0,0
1,5670760,107,17,4,2,0,60,384,0,0,0,159,2,0,1,0,1,23,0,0,0,43,0,0,0,0,0,0
1,5025876,1949,5,17,0,0,0,336,1,0,0,23,0,0,0,0,0,0,0,0,0,4,8,0,0,0,0,0
1,3375971,4449,90,37,0,2,0,1942,0,0,0,309,0,13,7,0,7,0,0,0,0,5,27,0,0,0,0,0
1,4715250,130,7,0,0,0,6,45,0,0,0,0,0,0,0,0,0,0,1,0,0,0,0,0,0,0,0,0
1,5100477,4893,203,9,0,0,0,370,0,0,0,14,0,0,0,0,0,0,0,0,0,0,3,0,0,0,0,0
1,5676449,107,17,4,2,0,60,386,0,0,0,159,2,0,1,0,1,23,0,0,0,45,0,0,0,0,0,0
1,5639011,180,51,2,0,0,16,96,0,0,0,15,0,0,0,0,0,0,0,0,0,0,1,0,0,0,0,0
1,5024044,537,5,2,0,0,0,107,1,0,0,4,0,0,0,0,0,0,0,0,0,2,6,0,0,0,0,0
1,5671583,107,17,4,2,0,60,384,0,0,0,159,2,0,1,0,1,23,0,0,0,43,0,0,0,0,0,0
1,5669704,180,51,2,0,0,16,98,0,0,0,15,0,0,0,0,0,0,0,0,0,0,1,0,0,0,0,0
1,5010256,1287,5,15,0,0,0,363,1,0,0,29,0,0,0,0,0,0,0,0,0,3,4,0,0,0,0,0
1,5340955,100,17,4,2,0,80,435,0,0,0,171,10,0,1,0,1,23,0,0,0,47,0,0,0,0,0,0
1,4524593,69,7,0,0,0,4,38,0,0,0,0,0,0,0,0,0,3,1,0,0,0,0,0,0,0,0,0
1,4807295,117737,16,25,0,1,1,240275,1,0,0,109,0,2,0,0,0,0,0,0,0,6,11,0,0,0,0,0
1,4609443,69,7,0,0,0,4,47,0,0,0,0,0,0,0,0,0,6,1,0,0,0,0,0,0,0,0,0
1,5012649,4659,34,46,0,0,0,580,1,0,0,56,0,0,0,0,0,0,0,0,0,4,9,0,0,0,0,0
1,5028817,92,12,0,0,0,72,274,0,0,0,0,0,0,0,0,0,13,1,0,0,3,0,0,0,0,0,0
1,3470206,237409,112980,4,0,0,0,13,0,0,0,4,0,0,0,0,0,0,0,0,0,0,0,0,0,0,0,0
1,4553190,71,8,0,0,0,14,158,0,0,0,0,0,0,0,0,0,13,1,0,0,0,0,0,0,0,0,0
1,5022692,407,5,5,0,0,0,67,1,0,0,6,0,0,0,0,0,0,0,0,0,0,3,0,0,0,0,0
1,3484149,99917,90,1,0,1,45,106,8,0,0,7,0,1,0,0,0,0,0,0,0,5,1,0,0,0,0,0
1,5668045,107,17,4,2,0,60,384,0,0,0,159,2,0,1,0,1,23,0,0,0,43,0,0,0,0,0,0
1,3529962,237409,112980,4,0,0,0,13,0,0,0,4,0,0,0,0,0,0,0,0,0,0,0,0,0,0,0,0
1,4678550,128,7,0,0,0,6,42,0,0,0,0,0,0,0,0,0,0,1,0,0,0,0,0,0,0,0,0
1,4731348,131,7,0,0,0,6,48,0,0,0,0,0,0,0,0,0,0,1,0,0,0,0,0,0,0,0,0
1,4451970,945,69,7,0,0,0,94,1,0,0,7,0,0,0,0,0,0,0,0,0,2,1,0,0,0,0,0
1,5174499,162,9,1,0,0,0,18,1,0,0,1,0,0,0,0,0,0,0,0,0,0,0,0,0,0,0,0
1,3398573,237409,112980,4,0,0,0,13,0,0,0,4,0,0,0,0,0,0,0,0,0,0,0,0,0,0,0,0
1,5010188,74,3,0,0,0,0,6,1,0,0,0,0,0,0,0,0,0,0,0,0,0,0,0,0,0,0,0
1,5671064,107,17,4,2,0,60,384,0,0,0,159,2,0,1,0,1,23,0,0,0,43,0,0,0,0,0,0
1,2292510,10854,112,21,0,0,0,905,1,0,0,36,0,0,0,0,0,0,0,0,0,7,3,0,0,0,0,0
1,4728568,50819,26,0,0,0,91,5428,91,0,0,0,0,0,0,0,0,0,0,0,0,0,0,0,0,0,0,0
1,5566565,1966,936,6,0,0,0,147,0,0,0,6,0,0,0,0,0,0,0,0,0,1,1,0,0,0,0,0
1,5012880,22,3,0,0,0,0,3,1,0,0,0,0,0,0,0,0,0,0,0,0,0,0,0,0,0,0,0
1,3376754,237409,112980,4,0,0,0,13,0,0,0,4,0,0,0,0,0,0,0,0,0,0,0,0,0,0,0,0
1,5670516,107,17,4,2,0,60,384,0,0,0,159,2,0,1,0,1,23,0,0,0,43,0,0,0,0,0,0
1,3367216,4532,85,45,0,4,0,1894,0,0,0,279,0,17,10,0,10,0,0,0,0,7,21,0,0,0,0,0
1,5136532,3191,44,10,0,2,0,363,0,0,0,11,0,2,0,0,0,0,0,0,0,5,2,0,0,0,0,0
1,5643407,180,51,2,0,0,16,98,0,0,0,15,0,0,0,0,0,0,0,0,0,0,1,0,0,0,0,0
1,3953685,2139,2118,2,0,1,3,20,0,0,0,2,0,1,0,0,0,0,0,0,0,0,1,0,0,0,0,0
1,5163373,62,11,2,0,0,4,18,0,0,0,5,0,0,0,0,0,0,0,0,0,2,0,0,0,0,0,0
1,5075449,232,19,7,1,0,247,179,190,0,0,46,1,0,0,0,0,0,0,0,0,1,2,0,0,0,0,0
1,4667914,128,7,0,0,0,6,45,0,0,0,0,0,0,0,0,0,0,1,0,0,0,0,0,0,0,0,0
1,5151985,62,11,2,0,0,3,18,0,0,0,5,0,0,0,0,0,0,0,0,0,2,0,0,0,0,0,0
1,4579223,69,7,0,0,0,14,150,0,0,0,0,0,0,0,0,0,13,1,0,0,0,0,0,0,0,0,0
1,5048084,1994,112,9,0,0,0,241,0,0,0,11,0,0,0,0,0,0,0,0,0,8,2,0,0,0,0,0
1,4633048,127,7,0,0,0,6,54,0,0,0,0,0,0,0,0,0,0,1,0,0,0,0,0,0,0,0,0
1,5450489,117,12,1,0,0,6,23,0,0,0,1,0,0,0,0,0,0,0,0,0,0,0,0,0,0,0,0
1,4313638,58196,58141,1,2,1,71,146,0,0,0,13,6,1,0,0,0,0,0,0,0,1,0,0,0,0,0,0
1,4559862,81,10,0,0,0,4,38,0,0,0,0,0,0,0,0,0,3,1,0,0,0,0,0,0,0,0,0
1,4502946,65,6,0,0,0,4,38,0,0,0,0,0,0,0,0,0,3,1,0,0,0,0,0,0,0,0,0
1,3795314,7982,39,1,0,0,0,27,0,0,0,1,0,0,0,0,0,0,0,0,0,1,0,0,0,0,0,0
1,4519202,68,7,0,0,0,4,38,0,0,0,0,0,0,0,0,0,3,1,0,0,0,0,0,0,0,0,0
1,4708196,70,5,0,0,0,4,47,0,0,0,0,0,0,0,0,0,6,1,0,0,0,0,0,0,0,0,0
1,4636618,65,6,0,0,0,4,38,0,0,0,0,0,0,0,0,0,3,1,0,0,0,0,0,0,0,0,0
1,5582916,1966,936,6,0,0,0,178,0,0,0,6,0,0,0,0,0,0,0,0,0,1,1,0,0,0,0,0
1,4527981,70,7,0,0,0,4,38,0,0,0,0,0,0,0,0,0,3,1,0,0,0,0,0,0,0,0,0
1,4663832,127,7,0,0,0,6,42,0,0,0,0,0,0,0,0,0,0,1,0,0,0,0,0,0,0,0,0
1,4503563,69,7,0,0,0,4,38,0,0,0,0,0,0,0,0,0,3,1,0,0,0,0,0,0,0,0,0
1,3497062,237409,112980,4,0,0,0,13,0,0,0,4,0,0,0,0,0,0,0,0,0,0,0,0,0,0,0,0
1,4509624,68,7,0,0,0,4,38,0,0,0,0,0,0,0,0,0,3,1,0,0,0,0,0,0,0,0,0
1,4593914,87,12,0,0,0,4,38,0,0,0,0,0,0,0,0,0,3,1,0,0,0,0,0,0,0,0,0
1,4211780,60128,60066,1,2,1,71,146,0,0,0,13,6,1,0,0,0,0,0,0,0,1,0,0,0,0,0,0
1,5311663,71,18,2,0,0,30,94,1,0,0,6,0,0,0,0,0,0,0,0,0,0,4,0,0,0,0,0
1,5099306,252,5,1,0,0,0,27,1,0,0,1,0,0,0,0,0,0,0,0,0,1,0,0,0,0,0,0
1,5649973,180,51,2,0,0,16,99,0,0,0,15,0,0,0,0,0,0,0,0,0,0,1,0,0,0,0,0
1,4828987,85,13,0,0,0,11,209,0,0,0,0,0,0,0,0,0,20,1,0,0,0,0,0,0,0,0,0
1,4510494,66,7,0,0,0,4,38,0,0,0,0,0,0,0,0,0,3,1,0,0,0,0,0,0,0,0,0
1,4818450,25,7,0,0,0,12,19,0,0,0,0,0,0,0,0,0,4,1,0,0,0,0,0,0,0,0,0
1,4631685,121,11,0,0,0,4,47,0,0,0,0,0,0,0,0,0,3,2,0,0,0,0,0,0,0,0,0
1,4883878,250,20,4,2,1,175,740,2,0,0,90,5,3,0,0,0,0,0,0,0,0,14,0,3,2,3,0
1,4510012,67,7,0,0,0,4,38,0,0,0,0,0,0,0,0,0,3,1,0,0,0,0,0,0,0,0,0
1,4634733,64,5,0,0,0,4,47,0,0,0,0,0,0,0,0,0,6,1,0,0,0,0,0,0,0,0,0
1,4682580,84,5,0,0,0,9,126,0,0,0,0,0,0,0,0,0,8,1,0,0,0,0,0,0,0,0,0
1,3365831,71373,35,1,1,0,54,141,0,0,0,3,4,0,0,0,0,0,0,0,0,0,1,0,0,0,0,0
1,5374899,1065065,44475,5,0,1,72,40266,0,0,0,43,0,3,3,0,3,0,0,2,0,8,4,0,0,0,0,0
1,3642966,125215,24,1,0,0,60,160,0,0,0,12,0,0,0,0,0,0,0,0,0,7,2,0,0,0,0,0
1,4548852,70,7,0,0,0,4,38,0,0,0,0,0,0,0,0,0,3,1,0,0,0,0,0,0,0,0,0
1,5655630,180,51,2,0,0,16,98,0,0,0,15,0,0,0,0,0,0,0,0,0,0,1,0,0,0,0,0
1,4542618,64,5,0,0,0,4,34,0,0,0,0,0,0,0,0,0,3,1,0,0,0,0,0,0,0,0,0
1,4649621,69,7,0,0,0,13,146,0,0,0,0,0,0,0,0,0,12,1,0,0,0,0,0,0,0,0,0
1,5660757,180,51,2,0,0,16,98,0,0,0,15,0,0,0,0,0,0,0,0,0,0,1,0,0,0,0,0
1,4752263,134,11,0,0,0,6,42,0,0,0,0,0,0,0,0,0,0,1,0,0,0,0,0,0,0,0,0
1,4525516,67,7,0,0,0,4,38,0,0,0,0,0,0,0,0,0,3,1,0,0,0,0,0,0,0,0,0
1,5669680,180,51,2,0,0,16,96,0,0,0,15,0,0,0,0,0,0,0,0,0,0,1,0,0,0,0,0
1,4849825,41,15,1,0,0,5,18,0,0,0,1,0,0,0,0,0,0,0,0,0,0,2,0,0,0,0,0
1,3682498,5038,5000,1,1,1,35,98,0,0,0,9,3,1,0,0,0,0,0,0,0,3,0,0,0,0,0,0
1,4077449,281820,13,0,0,0,1,14273,0,0,0,0,0,0,0,0,0,0,0,0,0,0,1,0,0,0,0,0
1,3204916,276504,275947,2,2,0,135193,117,2,0,0,18,12,0,0,0,0,0,0,0,0,3,1,0,0,0,0,0
1,4585234,9382,348,20,1,0,5,377,0,0,0,25,2,0,0,0,0,0,0,0,0,1,1,0,0,0,0,0
1,4782437,97,6,0,0,0,14,158,0,0,0,0,0,0,0,0,0,13,1,0,0,0,0,0,0,0,0,0
1,4684179,128,7,0,0,0,6,45,0,0,0,0,0,0,0,0,0,0,1,0,0,0,0,0,0,0,0,0
1,4642914,6366,143,9,1,0,6,290,0,0,0,22,2,0,0,0,0,0,0,0,0,1,1,0,0,0,0,0
1,5048164,3637,356,10,1,0,31,829,0,0,0,40,2,0,0,0,0,0,0,0,0,1,1,0,0,0,0,0
1,4542376,70,7,0,0,0,4,38,0,0,0,0,0,0,0,0,0,3,1,0,0,0,0,0,0,0,0,0
1,4554571,70,7,0,0,0,4,38,0,0,0,0,0,0,0,0,0,3,1,0,0,0,0,0,0,0,0,0
1,5620099,25398,25376,2,2,1,49,129,1,0,0,16,12,1,0,0,0,0,0,0,0,3,1,0,0,0,0,0
1,5583964,1942,912,6,0,0,0,174,0,0,0,6,0,0,0,0,0,0,0,0,0,1,1,0,0,0,0,0
1,4534586,68,7,0,0,0,4,38,0,0,0,0,0,0,0,0,0,3,1,0,0,0,0,0,0,0,0,0
1,4534586,68,7,0,0,0,4,38,0,0,0,0,0,0,0,0,0,3,1,0,0,0,0,0,0,0,0,0
1,5140122,62,11,2,0,0,3,18,0,0,0,5,0,0,0,0,0,0,0,0,0,2,0,0,0,0,0,0
1,3330445,70843,35,1,1,0,54,141,0,0,0,3,4,0,0,0,0,0,0,0,0,0,1,0,0,0,0,0
1,3340917,127179,7,1,0,1,5,14,0,0,0,2,0,1,0,0,0,0,0,0,0,1,0,0,0,0,0,0
1,5577354,1966,936,6,0,0,0,162,0,0,0,6,0,0,0,0,0,0,0,0,0,1,1,0,0,0,0,0
1,4956309,76,5,0,0,0,4,65,0,0,0,0,0,0,0,0,0,6,1,0,0,0,0,0,0,0,0,0
1,5636581,180,51,2,0,0,16,100,0,0,0,15,0,0,0,0,0,0,0,0,0,0,1,0,0,0,0,0
1,5001203,2003,34,17,0,0,0,475,1,0,0,38,0,0,0,0,0,0,0,0,0,4,3,0,0,0,0,0
1,4962541,1898,116,12,0,0,0,61,0,0,0,13,0,0,0,0,0,0,0,0,0,4,1,0,0,0,0,0
1,4599268,69,7,0,0,0,4,47,0,0,0,0,0,0,0,0,0,6,1,0,0,0,0,0,0,0,0,0
1,4858490,87,16,0,0,0,12,175,0,0,0,0,0,0,0,0,0,22,1,0,0,0,0,0,0,0,0,0
1,4828236,83,7,0,0,0,12,230,0,0,0,0,0,0,0,0,0,22,1,0,0,0,1,0,0,0,0,0
1,4099497,327,24,0,0,1,2,4,0,0,0,0,0,1,0,0,0,0,0,0,0,1,1,0,0,0,0,0
1,4662285,128,7,0,0,0,6,42,0,0,0,0,0,0,0,0,0,0,1,0,0,0,0,0,0,0,0,0
1,5128822,62,11,2,0,0,3,18,0,0,0,5,0,0,0,0,0,0,0,0,0,2,0,0,0,0,0,0
1,4690389,128,7,0,0,0,6,42,0,0,0,0,0,0,0,0,0,0,1,0,0,0,0,0,0,0,0,0
1,4696583,90,13,0,0,0,4,38,0,0,0,0,0,0,0,0,0,3,1,0,0,0,0,0,0,0,0,0
1,3205208,276504,275947,2,2,0,135193,117,2,0,0,18,12,0,0,0,0,0,0,0,0,3,1,0,0,0,0,0
1,4507068,2590,19,0,0,1,0,203,0,0,0,0,0,1,0,0,0,0,0,0,0,1,1,0,0,0,0,0
1,4725099,181,9,0,0,0,8,87,0,0,0,0,0,0,0,0,0,3,1,0,0,0,1,0,0,0,0,0
1,4193464,190111,7,1,0,1,636,14,630,0,0,2,0,1,0,0,0,0,0,0,0,1,0,0,0,0,0,0
1,4661279,128,7,0,0,0,6,45,0,0,0,0,0,0,0,0,0,0,1,0,0,0,0,0,0,0,0,0
1,5028101,2056,108,9,0,1,0,280,0,0,0,11,0,1,0,0,0,0,0,0,0,3,2,0,0,0,0,0
1,4867143,6238,142,7,1,0,5,290,0,0,0,17,1,0,0,0,0,0,0,0,0,1,2,0,0,0,0,0
1,5571094,1966,936,6,0,0,0,142,0,0,0,6,0,0,0,0,0,0,0,0,0,1,1,0,0,0,0,0
1,4641987,73,8,0,0,0,4,38,0,0,0,0,0,0,0,0,0,3,1,0,0,0,0,0,0,0,0,0
1,5658311,180,51,2,0,0,16,98,0,0,0,15,0,0,0,0,0,0,0,0,0,0,1,0,0,0,0,0
1,5588303,1966,936,6,0,0,0,164,0,0,0,6,0,0,0,0,0,0,0,0,0,1,1,0,0,0,0,0
1,3551478,322,8,0,0,0,0,2,0,0,0,0,0,0,0,0,0,0,0,0,0,2,0,0,0,0,0,0
1,5583997,1974,944,6,0,0,0,165,0,0,0,6,0,0,0,0,0,0,0,0,0,1,1,0,0,0,0,0
1,4665641,70,7,0,0,0,13,146,0,0,0,0,0,0,0,0,0,12,1,0,0,0,0,0,0,0,0,0
1,4653249,68,7,0,0,0,13,146,0,0,0,0,0,0,0,0,0,12,1,0,0,0,0,0,0,0,0,0
1,4668466,90,9,0,0,0,4,44,0,0,0,0,0,0,0,0,0,3,1,0,0,0,0,0,0,0,0,0
1,4746211,88982,88930,2,0,0,7,15,0,0,0,6,0,0,0,0,0,0,0,0,0,0,0,0,0,0,0,0
1,5019598,20,3,0,0,0,0,2,1,0,0,0,0,0,0,0,0,0,0,0,0,0,0,0,0,0,0,0
1,4651087,95,8,0,0,0,15,222,0,0,0,0,0,0,0,0,0,14,1,0,0,0,0,0,0,0,0,0
1,5396298,215,30,1,0,0,581,165,517,0,0,43,0,0,0,0,0,0,0,0,0,1,2,0,0,0,0,0
1,4663415,88,6,0,0,0,9,126,0,0,0,0,0,0,0,0,0,8,1,0,0,0,0,0,0,0,0,0
1,5750174,4558,3155,1,0,0,1,66,0,0,0,1,0,0,0,0,0,0,0,0,0,1,2,0,0,0,0,0
1,5196427,117,18,2,2,0,128,313,2,0,0,27,8,0,0,0,0,5,0,0,0,3,11,0,0,2,0,0
1,3618855,71403,35,1,1,0,120,141,67,0,0,3,4,0,0,0,0,0,0,0,0,0,1,0,0,0,0,0
1,4900368,37653,37593,1,2,1,71,146,0,0,0,13,6,1,0,0,0,0,0,0,0,1,0,0,0,0,0,0
1,4684411,140,7,0,0,0,6,48,0,0,0,0,0,0,0,0,0,0,1,0,0,0,0,0,0,0,0,0
1,3387895,237409,112980,4,0,0,0,13,0,0,0,4,0,0,0,0,0,0,0,0,0,0,0,0,0,0,0,0
1,5670721,107,17,4,2,0,60,386,0,0,0,159,2,0,1,0,1,23,0,0,0,45,0,0,0,0,0,0
1,5199071,177088,397,17,0,1,0,21671,0,0,0,34,0,1,1,0,1,0,0,0,0,9,6,0,0,0,0,0
1,4886980,75,15,0,0,0,1283,3211,0,0,0,0,0,0,0,0,0,0,0,0,0,0,1,0,0,0,0,0
1,4866433,83,5,0,0,0,11,238,0,0,0,0,0,0,0,0,0,20,1,0,0,0,0,0,0,0,0,0
1,5668183,107,17,4,2,0,60,384,0,0,0,159,2,0,1,0,1,23,0,0,0,43,0,0,0,0,0,0
1,4302138,124,61,0,0,0,1325,3295,0,0,0,0,0,0,0,0,0,0,0,0,0,0,1,0,0,0,0,0
1,4572714,64,6,0,0,0,4,38,0,0,0,0,0,0,0,0,0,3,1,0,0,0,0,0,0,0,0,0
1,5167550,62,11,2,0,0,3,18,0,0,0,5,0,0,0,0,0,0,0,0,0,2,0,0,0,0,0,0
1,4699565,129,7,0,0,0,6,42,0,0,0,0,0,0,0,0,0,0,1,0,0,0,0,0,0,0,0,0
1,5851937,1232,49,6,0,0,0,136,0,0,0,13,0,0,0,0,0,0,0,0,0,0,1,0,0,0,0,0
1,5160826,3023,124,8,0,0,0,358,0,0,0,17,0,0,0,0,0,0,0,0,0,0,4,0,0,0,0,0
1,5092343,4884,181,9,0,0,0,409,0,0,0,18,0,0,0,0,0,0,0,0,0,0,3,0,0,0,0,0
1,4667914,128,7,0,0,0,6,45,0,0,0,0,0,0,0,0,0,0,1,0,0,0,0,0,0,0,0,0
1,5215787,2418,99,8,0,0,0,344,0,0,0,17,0,0,0,0,0,0,0,0,0,3,4,0,0,0,0,0
1,5016267,1443,108,7,0,1,0,262,0,0,0,11,0,1,0,0,0,0,0,0,0,5,1,0,0,0,0,0
1,4513395,68,7,0,0,0,4,38,0,0,0,0,0,0,0,0,0,3,1,0,0,0,0,0,0,0,0,0
1,5022799,607,4,4,0,0,0,61,1,0,0,4,0,0,0,0,0,0,0,0,0,0,1,0,0,0,0,0
1,3456900,237409,112980,4,0,0,0,13,0,0,0,4,0,0,0,0,0,0,0,0,0,0,0,0,0,0,0,0
1,5169283,2995,124,8,0,0,0,350,0,0,0,17,0,0,0,0,0,0,0,0,0,0,4,0,0,0,0,0
1,4681777,128,7,0,0,0,6,42,0,0,0,0,0,0,0,0,0,0,1,0,0,0,0,0,0,0,0,0
1,3496276,0,0,0,0,0,0,0,1,0,0,0,0,0,0,0,0,0,0,0,0,0,0,0,0,0,0,0
1,4723640,106,35,0,0,0,13,170,0,0,0,0,0,0,0,0,0,12,0,0,0,0,1,0,0,0,0,0
1,4633063,69,7,0,0,0,13,146,0,0,0,0,0,0,0,0,0,12,1,0,0,0,0,0,0,0,0,0
1,4677682,128,7,0,0,0,6,45,0,0,0,0,0,0,0,0,0,0,1,0,0,0,0,0,0,0,0,0
1,5015056,1663,5,18,0,0,0,172,1,0,0,18,0,0,0,0,0,0,0,0,0,0,1,0,0,0,0,0
1,5207529,2441,99,8,0,0,0,340,0,0,0,17,0,0,0,0,0,0,0,0,0,0,4,0,0,0,0,0
1,4885005,92,7,0,0,0,11,239,0,0,0,0,0,0,0,0,0,20,1,0,0,0,0,0,0,0,0,0
1,5011702,1784,5,13,0,0,0,204,1,0,0,17,0,0,1,0,1,0,0,0,0,3,1,0,0,0,0,0
1,2305805,7037,60,13,0,0,0,334,1,0,0,13,0,0,0,0,0,0,0,0,0,2,2,0,0,0,0,0
1,5083784,2006,83,10,0,0,0,257,0,0,0,12,0,0,0,0,0,0,0,0,0,6,3,0,0,0,0,0
1,4741767,134,12,0,0,0,6,42,0,0,0,0,0,0,0,0,0,0,1,0,0,0,0,0,0,0,0,0
1,4572194,6150,141,9,1,0,6,290,0,0,0,22,2,0,0,0,0,0,0,0,0,1,1,0,0,0,0,0
1,4701664,129,7,0,0,0,6,42,0,0,0,0,0,0,0,0,0,0,1,0,0,0,0,0,0,0,0,0
1,5018264,2623,84,22,0,0,0,278,1,0,0,22,0,0,0,0,0,0,0,0,0,7,4,0,0,0,0,0
1,4406052,4445,74,19,0,0,0,941,0,0,0,52,0,0,0,0,0,0,0,0,0,3,0,0,0,0,0,0
1,4114036,10378,178,10,0,0,7,1025,0,0,0,47,0,0,0,0,0,0,0,0,0,1,1,0,0,0,0,0
1,5566515,1966,936,6,0,0,0,153,0,0,0,6,0,0,0,0,0,0,0,0,0,1,1,0,0,0,0,0
1,4452631,310,4,1,0,0,0,35,1,0,0,1,0,0,0,0,0,0,0,0,0,0,0,0,0,0,0,0
1,5015765,1156,5,11,0,0,0,129,1,0,0,11,0,0,0,0,0,0,0,0,0,1,1,0,0,0,0,0
1,5676415,107,17,4,2,0,60,386,0,0,0,159,2,0,1,0,1,23,0,0,0,45,0,0,0,0,0,0
1,5015068,3380,56,25,0,1,0,973,1,0,0,70,0,1,1,0,1,0,0,0,0,11,8,0,0,0,0,0
1,5035205,1879,142,10,0,0,0,267,0,0,0,12,0,0,0,0,0,0,0,0,0,6,3,0,0,0,0,0
1,4649548,116,7,0,0,0,6,36,0,0,0,0,0,0,0,0,0,0,1,0,0,0,0,0,0,0,0,0
1,5671652,107,17,4,2,0,60,384,0,0,0,159,2,0,1,0,1,23,0,0,0,43,0,0,0,0,0,0
1,4253761,124,61,0,0,0,1191,3027,0,0,0,0,0,0,0,0,0,0,0,0,0,0,1,0,0,0,0,0
1,5671395,107,17,4,2,0,60,384,0,0,0,159,2,0,1,0,1,23,0,0,0,43,0,0,0,0,0,0
1,4863259,8999,334,17,1,0,5,357,0,0,0,25,2,0,0,0,0,0,0,0,0,1,1,0,0,0,0,0
1,5008899,840,108,3,0,0,0,72,1,0,0,3,0,0,0,0,0,0,0,0,0,1,1,0,0,0,0,0
1,5298018,205,30,2,1,0,537,47,525,0,0,8,1,0,0,0,0,0,0,0,0,1,2,0,0,0,0,0
1,5567326,1966,936,6,0,0,0,169,0,0,0,6,0,0,0,0,0,0,0,0,0,1,1,0,0,0,0,0
1,5227496,2443,99,8,0,0,0,349,0,0,0,17,0,0,0,0,0,0,0,0,0,1,4,0,0,0,0,0
1,4939349,3564,334,10,1,0,30,864,0,0,0,39,2,0,0,0,0,0,0,0,0,1,1,0,0,0,0,0
1,4591610,69,7,0,0,0,13,146,0,0,0,0,0,0,0,0,0,12,1,0,0,0,0,0,0,0,0,0
1,3546844,237724,113130,4,0,0,0,13,0,0,0,4,0,0,0,0,0,0,0,0,0,0,0,0,0,0,0,0
1,5670933,107,17,4,2,0,60,384,0,0,0,159,2,0,1,0,1,23,0,0,0,43,0,0,0,0,0,0
1,5031995,2594,124,12,0,0,0,275,0,0,0,12,0,0,1,0,1,0,0,0,0,5,1,0,0,0,0,0
1,4682065,128,7,0,0,0,6,45,0,0,0,0,0,0,0,0,0,0,1,0,0,0,0,0,0,0,0,0
1,3266801,5241,46,57,0,4,0,1288,0,0,0,302,0,18,7,0,7,0,0,0,0,9,24,0,0,0,0,0
1,3585814,25750,25407,3,0,0,2,25,0,0,0,3,0,0,0,0,0,0,0,0,0,1,1,0,0,0,0,0
1,4534098,69,7,0,0,0,4,38,0,0,0,0,0,0,0,0,0,3,1,0,0,0,0,0,0,0,0,0
1,5675876,107,17,4,2,0,60,386,0,0,0,159,2,0,1,0,1,23,0,0,0,45,0,0,0,0,0,0
1,5032391,237,24,7,1,0,250,160,187,0,0,62,1,0,0,0,0,0,0,0,0,1,2,0,0,0,0,0
1,4745072,83,6,0,0,0,4,50,0,0,0,0,0,0,0,0,0,3,1,0,0,0,0,0,0,0,0,0
1,4667944,6198,154,7,0,0,10,265,0,0,0,20,0,0,0,0,0,0,0,0,0,1,1,0,0,0,0,0
1,5035895,1024,5,5,0,0,0,110,1,0,0,5,0,0,0,0,0,0,0,0,0,2,0,0,0,0,0,0
1,5101307,1878,11,8,0,0,0,194,1,0,0,8,0,0,0,0,0,0,0,0,0,1,0,0,0,0,0,0
1,5850767,635961,7,1,0,1,1403,28559,1397,0,0,2,0,1,0,0,0,0,0,0,1,1,0,0,0,0,0,0
1,5031298,1776,122,10,0,0,0,189,1,0,0,10,0,0,0,0,0,0,0,0,0,5,2,0,0,0,0,0
1,4562483,70,7,0,0,0,14,150,0,0,0,0,0,0,0,0,0,13,1,0,0,0,0,0,0,0,0,0
1,4606989,65,6,0,0,0,4,38,0,0,0,0,0,0,0,0,0,3,1,0,0,0,0,0,0,0,0,0
1,5225671,152,32,3,0,0,1917,401,1355,0,0,441,0,0,0,0,0,0,0,0,0,1,4,0,0,0,0,0
1,5271662,154,30,3,0,0,1810,374,1293,0,0,402,0,0,0,0,0,0,0,0,0,1,3,0,0,0,0,0
1,4552113,9334,331,12,1,0,6,371,0,0,0,23,2,0,0,0,0,0,0,0,0,1,1,0,0,0,0,0
1,4659657,66,6,0,0,0,4,38,0,0,0,0,0,0,0,0,0,3,1,0,0,0,0,0,0,0,0,0
1,4315823,557,4,2,0,0,0,67,1,0,0,2,0,0,0,0,0,0,0,0,0,2,0,0,0,0,0,0
1,5226785,2418,99,8,0,0,0,339,0,0,0,17,0,0,0,0,0,0,0,0,0,0,4,0,0,0,0,0
1,4567604,6243,153,9,1,0,6,284,0,0,0,22,2,0,0,0,0,0,0,0,0,1,1,0,0,0,0,0
1,4592078,88,12,0,0,0,4,38,0,0,0,0,0,0,0,0,0,3,1,0,0,0,0,0,0,0,0,0
1,5009738,3435,67,29,0,0,0,448,1,0,0,40,0,0,0,0,0,0,0,0,0,2,5,0,0,0,0,0
1,5012513,3027,71,28,0,0,0,522,1,0,0,47,0,0,0,0,0,0,0,0,0,4,5,0,0,0,0,0
1,5666189,180,64,2,0,0,16,95,0,0,0,15,0,0,0,0,0,0,0,0,0,0,1,0,0,0,0,0
1,2305632,3961,63,8,0,0,0,252,1,0,0,11,0,0,0,0,0,0,0,0,0,0,2,0,0,0,0,0
1,5025451,2682,5,22,0,0,0,288,1,0,0,22,0,0,0,0,0,0,0,0,0,4,2,0,0,0,0,0
1,5671122,107,17,4,2,0,60,386,0,0,0,159,2,0,1,0,1,23,0,0,0,45,0,0,0,0,0,0
1,4751776,8262,8,9,0,0,0,1115,0,0,0,9,0,0,0,0,0,0,0,0,0,1,1,0,0,0,0,0
1,4535307,69,7,0,0,0,14,150,0,0,0,0,0,0,0,0,0,13,1,0,0,0,0,0,0,0,0,0
1,5671327,107,17,4,2,0,60,384,0,0,0,159,2,0,1,0,1,23,0,0,0,43,0,0,0,0,0,0
1,5014703,2049,5,17,0,0,0,234,1,0,0,20,0,0,0,0,0,0,0,0,0,3,1,0,0,0,0,0
1,5056073,2231,31,10,0,0,0,229,0,0,0,12,0,0,0,0,0,0,0,0,0,3,2,0,0,0,0,0
1,5009798,1841,5,10,0,0,0,203,1,0,0,10,0,0,0,0,0,0,0,0,0,5,2,0,0,0,0,0
1,5003524,570,5,5,0,0,0,82,1,0,0,7,0,0,0,0,0,0,0,0,0,1,0,0,0,0,0,0
1,5026128,1345,5,13,0,0,0,183,1,0,0,13,0,0,0,0,0,0,0,0,0,3,2,0,0,0,0,0
1,5583724,1974,944,6,0,0,0,141,0,0,0,6,0,0,0,0,0,0,0,0,0,1,1,0,0,0,0,0
1,4700197,123,7,0,0,0,6,42,0,0,0,0,0,0,0,0,0,0,1,0,0,0,0,0,0,0,0,0
1,5216238,2401,99,8,0,0,0,327,0,0,0,17,0,0,0,0,0,0,0,0,0,0,4,0,0,0,0,0
1,5363030,163,22,2,0,0,15,89,0,0,0,5,0,0,0,0,0,2,0,0,0,0,3,0,0,0,0,0
1,4421073,9580,325,12,1,0,6,369,0,0,0,23,2,0,0,0,0,0,0,0,0,1,1,0,0,0,0,0
1,4755165,76,5,0,0,0,4,62,0,0,0,0,0,0,0,0,0,6,1,0,0,0,0,0,0,0,0,0
1,4656704,81,10,0,0,0,4,38,0,0,0,0,0,0,0,0,0,3,1,0,0,0,0,0,0,0,0,0
1,5670082,107,17,4,2,0,60,384,0,0,0,159,2,0,1,0,1,23,0,0,0,43,0,0,0,0,0,0
1,5013887,4675,42,45,0,0,0,910,1,0,0,74,0,0,0,0,0,0,0,0,0,8,8,0,0,0,0,0
1,4659445,130,7,0,0,0,6,45,0,0,0,0,0,0,0,0,0,0,1,0,0,0,0,0,0,0,0,0
1,4622207,182,9,0,0,0,2,53,0,0,0,0,0,0,0,0,0,1,1,0,0,0,0,0,0,0,0,0
1,4683272,81,10,0,0,0,4,38,0,0,0,0,0,0,0,0,0,3,1,0,0,0,0,0,0,0,0,0
1,4534586,68,7,0,0,0,4,38,0,0,0,0,0,0,0,0,0,3,1,0,0,0,0,0,0,0,0,0
1,5036067,774,5,6,0,0,0,117,1,0,0,9,0,0,0,0,0,0,0,0,0,2,0,0,0,0,0,0
1,5340437,100,17,4,2,0,80,435,0,0,0,171,10,0,1,0,1,23,0,0,0,47,0,0,0,0,0,0
1,5676283,107,17,4,2,0,60,386,0,0,0,159,2,0,1,0,1,23,0,0,0,45,0,0,0,0,0,0
1,4997636,1786,118,8,0,0,0,236,0,0,0,11,0,0,2,0,2,0,0,0,0,6,2,0,0,0,0,0
1,5570511,1966,936,6,0,0,0,167,0,0,0,6,0,0,0,0,0,0,0,0,0,1,1,0,0,0,0,0
1,5676549,107,17,4,2,0,60,386,0,0,0,159,2,0,1,0,1,23,0,0,0,45,0,0,0,0,0,0
1,5011242,1054,5,9,0,0,0,244,1,0,0,20,0,0,0,0,0,0,0,0,0,4,2,0,0,0,0,0
1,3340132,3534,36,30,0,0,0,134,1,0,0,30,0,0,7,0,7,0,0,0,0,2,5,0,0,0,0,0
1,5574406,1966,936,6,0,0,0,166,0,0,0,6,0,0,0,0,0,0,0,0,0,1,1,0,0,0,0,0
1,5668034,107,17,4,2,0,60,384,0,0,0,159,2,0,1,0,1,23,0,0,0,43,0,0,0,0,0,0
1,3471743,398,8,0,0,0,0,2,0,0,0,0,0,0,0,0,0,0,0,0,0,2,0,0,0,0,0,0
1,4996329,772,5,8,0,0,0,84,1,0,0,8,0,0,0,0,0,0,0,0,0,2,2,0,0,0,0,0
1,4446071,812,51,7,0,0,0,123,1,0,0,10,0,0,0,0,0,0,0,0,0,0,1,0,0,0,0,0
1,4644952,66,6,0,0,0,4,38,0,0,0,0,0,0,0,0,0,3,1,0,0,0,0,0,0,0,0,0
1,4631026,65,6,0,0,0,4,38,0,0,0,0,0,0,0,0,0,3,1,0,0,0,0,0,0,0,0,0
1,5675841,107,17,4,2,0,60,386,0,0,0,159,2,0,1,0,1,23,0,0,0,45,0,0,0,0,0,0
1,2918804,3681,12,0,0,0,0,3,0,0,0,0,0,0,0,0,0,0,0,0,0,1,0,0,0,0,0,0
1,4482236,6471,4,31,0,0,0,741,1,0,0,31,0,0,0,0,0,0,0,0,0,6,2,0,0,0,0,0
1,4649881,120,7,0,0,0,6,45,0,0,0,0,0,0,0,0,0,0,1,0,0,0,0,0,0,0,0,0
1,5302122,163,22,2,0,0,15,95,0,0,0,5,0,0,0,0,0,2,0,0,0,0,3,0,0,0,0,0
1,4524593,69,7,0,0,0,4,38,0,0,0,0,0,0,0,0,0,3,1,0,0,0,0,0,0,0,0,0
1,4537242,89,12,0,0,0,4,38,0,0,0,0,0,0,0,0,0,3,1,0,0,0,0,0,0,0,0,0
1,5014843,2073,5,14,0,0,0,236,1,0,0,14,0,0,0,0,0,0,0,0,0,4,1,0,0,0,0,0
1,5676499,107,17,4,2,0,60,386,0,0,0,159,2,0,1,0,1,23,0,0,0,45,0,0,0,0,0,0
1,5644429,180,51,2,0,0,16,100,0,0,0,15,0,0,0,0,0,0,0,0,0,0,1,0,0,0,0,0
1,5676353,107,17,4,2,0,60,386,0,0,0,159,2,0,1,0,1,23,0,0,0,45,0,0,0,0,0,0
1,5671422,107,17,4,2,0,60,384,0,0,0,159,2,0,1,0,1,23,0,0,0,43,0,0,0,0,0,0
1,4504161,67,7,0,0,0,4,38,0,0,0,0,0,0,0,0,0,3,1,0,0,0,0,0,0,0,0,0
1,4998584,42,4,0,0,0,0,5,1,0,0,0,0,0,0,0,0,0,0,0,0,0,1,0,0,0,0,0
1,5036256,1686,122,8,0,0,0,234,0,0,0,12,0,0,0,0,0,0,0,0,0,5,2,0,0,0,0,0
1,5024022,882,5,6,0,0,0,107,1,0,0,11,0,0,0,0,0,0,0,0,0,0,2,0,0,0,0,0
1,5034797,3023,114,23,0,0,0,620,1,0,0,43,0,0,0,0,0,0,0,0,0,7,6,0,0,0,0,0
1,5206200,2402,99,8,0,0,0,326,0,0,0,17,0,0,0,0,0,0,0,0,0,0,4,0,0,0,0,0
1,5900708,4507,3110,1,1,0,4,148,0,0,0,1,1,0,0,0,0,0,0,0,0,11,4,0,0,0,0,0
1,5015798,3007,5,26,0,0,0,312,1,0,0,26,0,0,0,0,0,0,0,0,0,3,5,0,0,0,0,0
1,5035228,1318,108,7,0,1,0,235,0,0,0,11,0,1,0,0,0,0,0,0,0,4,3,0,0,0,0,0
1,5029074,1768,112,11,0,0,0,238,0,0,0,12,0,0,1,0,1,0,0,0,0,8,1,0,0,0,0,0
1,5675876,107,17,4,2,0,60,386,0,0,0,159,2,0,1,0,1,23,0,0,0,45,0,0,0,0,0,0
1,4765531,1833,24,110,1,0,25,1334,1,0,0,756,1,0,0,0,0,0,0,0,0,0,1,0,0,0,0,0
1,4719074,139,12,0,0,0,6,45,0,0,0,0,0,0,0,0,0,0,1,0,0,0,0,0,0,0,0,0
1,5033492,3234,5,25,0,0,0,325,1,0,0,25,0,0,0,0,0,0,0,0,0,5,2,0,0,0,0,0
1,2306414,22153,98,53,0,1,0,11634,0,0,0,475,0,3,0,0,0,0,0,0,0,15,10,0,0,0,0,0
1,5676088,107,17,4,2,0,60,386,0,0,0,159,2,0,1,0,1,23,0,0,0,45,0,0,0,0,0,0
1,4788404,85,6,0,0,0,4,50,0,0,0,0,0,0,0,0,0,3,1,0,0,0,0,0,0,0,0,0
1,3463666,237409,112980,4,0,0,0,13,0,0,0,4,0,0,0,0,0,0,0,0,0,0,0,0,0,0,0,0
1,5577034,1966,936,6,0,0,0,153,0,0,0,6,0,0,0,0,0,0,0,0,0,1,1,0,0,0,0,0
1,4288683,4695,32,15,0,1,0,505,0,0,0,41,0,1,0,0,0,0,0,0,0,7,1,0,0,0,0,0
1,2827415,50716,7,1,0,1,5,11,0,0,0,2,0,1,0,0,0,0,0,0,0,0,0,0,0,0,0,0
1,2297221,2939,57,6,0,0,0,133,1,0,0,6,0,0,0,0,0,0,0,0,0,1,0,0,0,0,0,0
1,4121809,4910,189,10,0,0,6,2557,0,0,0,46,0,0,0,0,0,0,0,0,0,1,1,0,0,0,0,0
1,5889068,4565,3166,1,1,0,4,147,0,0,0,1,1,0,0,0,0,0,0,0,0,11,4,0,0,0,0,0
1,4676935,129,7,0,0,0,6,45,0,0,0,0,0,0,0,0,0,0,1,0,0,0,0,0,0,0,0,0
1,5652745,180,51,2,0,0,16,97,0,0,0,15,0,0,0,0,0,0,0,0,0,0,1,0,0,0,0,0
1,5670765,107,17,4,2,0,60,384,0,0,0,159,2,0,1,0,1,23,0,0,0,43,0,0,0,0,0,0
1,4534098,69,7,0,0,0,4,38,0,0,0,0,0,0,0,0,0,3,1,0,0,0,0,0,0,0,0,0
1,3478623,370,8,0,0,0,0,2,0,0,0,0,0,0,0,0,0,0,0,0,0,2,0,0,0,0,0,0
1,4625615,70,7,0,0,0,13,146,0,0,0,0,0,0,0,0,0,12,1,0,0,0,0,0,0,0,0,0
1,4495032,4327,31,22,0,0,0,1275,0,0,0,49,0,0,0,0,0,0,0,0,0,6,1,0,0,0,0,0
1,4332751,49104,33,1,2,0,111,92,77,0,0,4,6,0,0,0,0,0,0,0,0,2,1,0,0,0,0,0
1,5009429,249,5,2,0,0,0,26,1,0,0,2,0,0,0,0,0,0,0,0,0,2,1,0,0,0,0,0
1,4280544,3608,73,15,0,0,0,1298,0,0,0,41,0,0,0,0,0,0,0,0,0,6,1,0,0,0,0,0
1,5088173,3472,364,10,1,0,22,874,0,0,0,31,2,0,0,0,0,0,0,0,0,1,1,0,0,0,0,0
1,5017700,1268,48,14,0,0,0,468,1,0,0,47,0,0,0,0,0,0,0,0,0,5,6,0,0,0,0,0
1,5573709,1966,936,6,0,0,0,164,0,0,0,6,0,0,0,0,0,0,0,0,0,1,1,0,0,0,0,0
1,5026683,1804,120,8,0,0,0,234,0,0,0,11,0,0,0,0,0,0,0,0,0,6,2,0,0,0,0,0
1,3376222,4183,66,28,0,2,0,788,1,0,0,113,0,7,4,0,4,0,0,0,0,8,13,0,0,0,0,0
1,4831083,9111,337,12,1,0,6,360,0,0,0,23,2,0,0,0,0,0,0,0,0,1,1,0,0,0,0,0
1,5165556,3000,124,8,0,0,0,351,0,0,0,17,0,0,0,0,0,0,0,0,0,0,4,0,0,0,0,0
1,4656414,127,7,0,0,0,6,45,0,0,0,0,0,0,0,0,0,0,1,0,0,0,0,0,0,0,0,0
1,4166356,10599,159,11,0,0,6,773,0,0,0,39,0,0,0,0,0,0,0,0,0,1,1,0,0,0,0,0
1,4638987,9485,343,12,1,0,6,371,0,0,0,24,2,0,0,0,0,0,0,0,0,1,1,0,0,0,0,0
1,5003356,2002,34,19,0,0,0,415,1,0,0,37,0,0,0,0,0,0,0,0,0,3,7,0,0,0,0,0
1,5028664,74,5,0,0,0,0,10,1,0,0,0,0,0,0,0,0,0,0,0,0,0,0,0,0,0,0,0
1,5676208,107,17,4,2,0,60,386,0,0,0,159,2,0,1,0,1,23,0,0,0,45,0,0,0,0,0,0
1,5028550,1972,114,10,0,0,0,250,0,0,0,11,0,0,0,0,0,0,0,0,0,7,3,0,0,0,0,0
1,2297295,17321,65,31,0,0,0,1201,1,0,0,50,0,0,0,0,0,0,0,0,0,8,4,0,0,0,0,0
1,4700263,81,5,0,0,0,4,50,0,0,0,0,0,0,0,0,0,3,1,0,0,0,0,0,0,0,0,0
1,5011975,1975,112,10,0,0,0,248,0,0,0,11,0,0,0,0,0,0,0,0,0,5,4,0,0,0,0,0
1,5020128,2430,5,19,0,0,0,510,1,0,0,45,0,0,0,0,0,0,0,0,0,8,6,0,0,0,0,0
1,2467947,61387,61377,1,0,1,5,11,0,0,0,2,0,1,0,0,0,0,0,0,0,1,0,0,0,0,0,0
1,5011958,659,5,8,0,0,0,155,1,0,0,13,0,0,0,0,0,0,0,0,0,2,3,0,0,0,0,0
1,5663769,180,51,2,0,0,16,101,0,0,0,15,0,0,0,0,0,0,0,0,0,0,1,0,0,0,0,0
1,5027320,3054,5,24,0,0,0,378,1,0,0,28,0,0,0,0,0,0,0,0,0,3,6,0,0,0,0,0
1,5010315,1993,128,10,0,0,0,218,0,0,0,12,0,0,0,0,0,0,0,0,0,5,2,0,0,0,0,0
1,4522272,82,7,0,0,0,28,283,0,0,0,0,0,0,0,0,0,24,1,0,0,0,0,0,0,0,0,0
1,3400937,237409,112980,4,0,0,0,13,0,0,0,4,0,0,0,0,0,0,0,0,0,0,0,0,0,0,0,0
1,4906384,76,5,0,0,0,4,65,0,0,0,0,0,0,0,0,0,6,1,0,0,0,0,0,0,0,0,0
1,5676459,107,17,4,2,0,60,386,0,0,0,159,2,0,1,0,1,23,0,0,0,45,0,0,0,0,0,0
1,4788700,6185,142,9,1,0,6,286,0,0,0,22,2,0,0,0,0,0,0,0,0,1,1,0,0,0,0,0
1,5157083,135,24,3,1,0,712,201,461,0,0,144,1,0,0,0,0,0,0,0,0,2,2,0,0,0,0,0
1,4155841,4694,189,10,0,0,6,1858,0,0,0,45,0,0,0,0,0,0,0,0,0,1,1,0,0,0,0,0
1,5668076,107,17,4,2,0,60,384,0,0,0,159,2,0,1,0,1,23,0,0,0,43,0,0,0,0,0,0
1,5025071,769,5,9,0,0,0,351,1,0,0,30,0,0,0,0,0,0,0,0,0,0,2,0,0,0,0,0
1,3857211,71355,34,1,2,0,111,92,77,0,0,4,6,0,0,0,0,0,0,0,0,2,1,0,0,0,0,0
1,2314739,7817,52,12,0,0,0,466,1,0,0,20,0,0,0,0,0,0,0,0,0,3,1,0,0,0,0,0
1,5122615,3485,351,10,1,0,26,864,0,0,0,35,2,0,0,0,0,0,0,0,0,1,1,0,0,0,0,0
1,5672907,107,17,4,2,0,60,386,0,0,0,159,2,0,1,0,1,23,0,0,0,45,0,0,0,0,0,0
1,5069936,230,19,7,1,0,223,190,163,0,0,49,1,0,0,0,0,0,0,0,0,1,2,0,0,0,0,0
1,4271189,124,61,0,0,0,1233,3111,0,0,0,0,0,0,0,0,0,0,0,0,0,0,1,0,0,0,0,0
1,4698793,9044,342,17,1,0,5,367,0,0,0,25,2,0,0,0,0,0,0,0,0,1,1,0,0,0,0,0
1,4815259,97,6,0,0,0,14,158,0,0,0,0,0,0,0,0,0,13,1,0,0,0,0,0,0,0,0,0
1,4045692,2503,39,1,0,0,0,27,0,0,0,1,0,0,0,0,0,0,0,0,0,1,0,0,0,0,0,0
1,5573382,1982,952,6,0,0,0,157,0,0,0,6,0,0,0,0,0,0,0,0,0,1,1,0,0,0,0,0
1,5051996,1983,104,10,0,0,0,275,0,0,0,12,0,0,0,0,0,0,0,0,0,6,2,0,0,0,0,0
1,3265565,4890,86,45,0,4,0,1361,0,0,0,311,0,16,12,0,12,0,0,0,0,14,23,0,0,0,0,0
1,3323723,4516,66,39,0,6,0,1970,0,0,0,295,0,22,10,0,10,0,0,0,0,11,24,0,0,0,0,0
1,4703412,9241,346,12,1,0,6,370,0,0,0,23,2,0,0,0,0,0,0,0,0,1,1,0,0,0,0,0
1,5578343,1966,936,6,0,0,0,162,0,0,0,6,0,0,0,0,0,0,0,0,0,1,1,0,0,0,0,0
1,5676219,107,17,4,2,0,60,386,0,0,0,159,2,0,1,0,1,23,0,0,0,45,0,0,0,0,0,0
1,4640146,68,7,0,0,0,13,146,0,0,0,0,0,0,0,0,0,12,1,0,0,0,0,0,0,0,0,0
1,4741641,9303,351,12,1,0,6,360,0,0,0,23,2,0,0,0,0,0,0,0,0,1,1,0,0,0,0,0
1,5573864,1966,936,6,0,0,0,154,0,0,0,6,0,0,0,0,0,0,0,0,0,1,1,0,0,0,0,0
1,4607672,9504,335,12,1,0,6,371,0,0,0,23,2,0,0,0,0,0,0,0,0,1,1,0,0,0,0,0
1,4840696,93,5,0,0,0,14,158,0,0,0,0,0,0,0,0,0,13,1,0,0,0,0,0,0,0,0,0
1,5029874,829,5,6,0,0,0,82,1,0,0,6,0,0,0,0,0,0,0,0,0,0,2,0,0,0,0,0
1,5567828,1966,936,6,0,0,0,141,0,0,0,6,0,0,0,0,0,0,0,0,0,1,1,0,0,0,0,0
1,5166541,3022,124,8,0,0,0,360,0,0,0,17,0,0,0,0,0,0,0,0,0,0,4,0,0,0,0,0
1,3131765,47011,14,1,0,1,39,106,0,0,0,7,0,1,0,0,0,0,0,0,0,5,1,0,0,0,0,0
1,4617221,6564,153,9,1,0,6,293,0,0,0,22,2,0,0,0,0,0,0,1,0,1,1,0,0,0,0,0
1,4141516,4821,169,11,0,0,6,2431,0,0,0,47,0,0,0,0,0,0,0,2,0,1,1,0,0,0,0,0
1,4101590,10402,156,11,0,0,6,781,0,0,0,39,0,0,0,0,0,0,0,0,0,1,1,0,0,0,0,0
1,5019761,1833,118,10,0,0,0,225,0,0,0,11,0,0,0,0,0,0,0,0,0,4,3,0,0,0,0,0
1,5024974,2273,52,17,0,0,0,1137,1,0,0,92,0,0,1,0,1,0,0,0,0,12,14,0,0,0,0,0
1,5026442,2414,91,18,0,0,0,541,1,0,0,46,0,0,0,0,0,0,0,0,0,3,7,0,0,0,0,0
1,5671436,107,17,4,2,0,60,384,0,0,0,159,2,0,1,0,1,23,0,0,0,43,0,0,0,0,0,0
1,4674928,127,7,0,0,0,6,42,0,0,0,0,0,0,0,0,0,0,1,0,0,0,0,0,0,0,0,0
1,4733496,9533,364,20,1,0,5,379,0,0,0,25,2,0,0,0,0,0,0,1,0,1,1,0,0,0,0,0
1,4854594,86,8,0,0,0,11,219,0,0,0,0,0,0,0,0,0,20,1,0,0,0,0,0,0,0,0,0
1,4676124,68,7,0,0,0,13,146,0,0,0,0,0,0,0,0,0,12,1,0,0,0,0,0,0,0,0,0
1,2286893,189,4,0,0,0,0,13,1,0,0,0,0,0,0,0,0,0,0,0,0,1,0,0,0,0,0,0
1,2292622,8908,77,18,0,0,0,1075,1,0,0,40,0,0,0,0,0,0,0,0,0,2,6,0,0,0,0,0
1,4430764,6404,91,31,0,0,0,943,0,0,0,47,0,0,0,0,0,0,0,0,0,5,1,0,0,0,0,0
1,3314693,5155,70,31,0,2,0,584,1,0,0,81,0,3,6,0,6,0,0,0,0,3,10,0,0,0,0,0
1,5676468,107,17,4,2,0,60,386,0,0,0,159,2,0,1,0,1,23,0,0,0,45,0,0,0,0,0,0
1,4818809,9470,347,12,1,0,6,361,0,0,0,23,2,0,0,0,0,0,0,0,0,1,1,0,0,0,0,0
1,5045759,237,23,7,1,0,259,184,203,0,0,42,1,0,0,0,0,0,0,0,0,1,2,0,0,0,0,0
1,5671184,107,17,4,2,0,60,384,0,0,0,159,2,0,1,0,1,23,0,0,0,43,0,0,0,0,0,0
1,4938747,1087,104,5,0,0,0,39,1,0,0,5,0,0,0,0,0,0,0,0,0,5,0,0,0,0,0,0
1,4676166,68,7,0,0,0,4,47,0,0,0,0,0,0,0,0,0,6,1,0,0,0,0,0,0,0,0,0
1,5037490,1538,122,11,0,0,0,233,1,0,0,16,0,0,1,0,1,0,0,0,0,2,3,0,0,0,0,0
1,4478928,37,3,0,0,0,0,5,1,0,0,0,0,0,0,0,0,0,0,0,0,0,0,0,0,0,0,0
1,2289760,14873,69,24,0,0,0,2422,1,0,0,93,0,0,0,0,0,0,0,0,0,15,4,0,0,0,0,0
1,5089468,134,24,3,1,0,821,224,489,0,0,213,1,0,0,0,0,0,0,0,0,1,2,0,0,0,0,0
1,4961622,431,18,6,0,0,0,58,0,0,0,6,0,0,0,0,0,1,0,0,0,0,7,0,0,0,0,0
1,2839316,40869,7,1,0,1,5,11,0,0,0,2,0,1,0,0,0,0,0,0,0,0,0,0,0,0,0,0
1,5029610,1120,5,9,0,0,0,148,1,0,0,10,0,0,0,0,0,0,0,0,0,2,0,0,0,0,0,0
1,4609884,6179,134,9,1,0,6,286,0,0,0,22,2,0,0,0,0,0,0,0,0,1,1,0,0,0,0,0
1,4614678,124,7,0,0,0,6,42,0,0,0,0,0,0,0,0,0,0,1,0,0,0,0,0,0,0,0,0
1,4724150,81,10,0,0,0,4,38,0,0,0,0,0,0,0,0,0,3,1,0,0,0,0,0,0,0,0,0
1,2294694,1488,37,4,0,0,0,128,1,0,0,7,0,0,0,0,0,0,0,0,0,0,2,0,0,0,0,0
1,5035519,1040,5,9,0,1,0,108,1,0,0,9,0,1,0,0,0,0,0,0,0,0,2,0,0,0,0,0
1,5171774,3010,124,8,0,0,0,355,0,0,0,17,0,0,0,0,0,0,0,2,0,0,4,0,0,0,0,0
1,5097355,1968,56,11,0,0,0,264,0,0,0,12,0,0,0,0,0,0,0,0,0,2,2,0,0,0,0,0
1,5046773,1903,132,10,0,1,0,247,0,0,0,11,0,1,0,0,0,0,0,0,0,5,2,0,0,0,0,0
1,3302982,114157,90,1,0,1,39,106,0,0,0,7,0,1,0,0,0,0,0,0,0,5,1,0,0,0,0,0
1,4666425,80,10,0,0,0,4,38,0,0,0,0,0,0,0,0,0,3,1,0,0,0,0,0,0,0,0,0
1,4588465,89,9,0,0,0,4,47,0,0,0,0,0,0,0,0,0,3,0,0,0,0,0,0,0,0,0,0
1,3340844,4454,34,36,0,2,0,1193,1,0,0,173,0,8,9,0,9,0,0,0,0,9,22,0,0,0,0,0
1,5018912,603,4,9,0,0,0,78,1,0,0,10,0,0,0,0,0,0,0,0,0,1,4,0,0,0,0,0
1,4730314,9270,347,20,1,0,5,370,0,0,0,25,2,0,0,0,0,0,0,0,0,1,1,0,0,0,0,0
1,5000954,1754,5,10,0,0,0,198,1,0,0,10,0,0,0,0,0,0,0,0,0,6,2,0,0,0,0,0
1,3407476,237409,112980,4,0,0,0,13,0,0,0,4,0,0,0,0,0,0,0,0,0,0,0,0,0,0,0,0
1,5581747,1958,928,6,0,0,0,150,0,0,0,6,0,0,0,0,0,0,0,0,0,1,1,0,0,0,0,0
1,5017684,2400,5,15,0,0,0,283,1,0,0,19,0,0,0,0,0,0,0,0,0,8,5,0,0,0,0,0
1,4681691,80,10,0,0,0,4,38,0,0,0,0,0,0,0,0,0,3,1,0,0,0,0,0,0,0,0,0
1,4417986,3359,71,27,0,0,0,369,1,0,0,27,0,0,0,0,0,0,0,0,0,3,1,0,0,0,0,0
1,5122525,5319,20,4,1,1,2,965,1,0,0,11,1,3,0,0,0,0,0,0,0,1,0,0,0,0,0,0
1,5062487,1943,116,10,0,1,0,272,0,0,0,12,0,1,0,0,0,0,0,0,0,5,2,0,0,0,0,0
1,5004618,447,5,4,0,0,0,66,1,0,0,5,0,0,0,0,0,0,0,0,0,0,1,0,0,0,0,0
1,4160081,4833,189,10,0,0,6,1912,0,0,0,45,0,0,0,0,0,0,0,0,0,1,1,0,0,0,0,0
1,5167550,62,11,2,0,0,3,18,0,0,0,5,0,0,0,0,0,0,0,0,0,2,0,0,0,0,0,0
1,3595661,99918,29,1,2,0,111,92,77,0,0,4,6,0,0,0,0,0,0,0,0,2,1,0,0,0,0,0
1,5297649,80,12,1,0,1,59,110,0,0,0,8,0,2,0,0,0,0,0,0,0,0,3,0,0,0,0,0
1,3436244,3377,14,4,0,0,0,13,0,0,0,4,0,0,0,0,0,0,0,0,0,0,2,0,0,0,0,0
1,4850614,71,6,0,0,0,11,189,0,0,0,0,0,0,0,0,0,20,1,0,0,0,0,0,0,0,0,0
1,3519516,237409,112980,4,0,0,0,13,0,0,0,4,0,0,0,0,0,0,0,0,0,0,0,0,0,0,0,0
1,5016494,4114,90,30,0,0,0,977,1,0,0,73,0,0,0,0,0,0,0,0,0,12,12,0,0,0,0,0
1,5039130,1926,114,10,0,0,0,255,0,0,0,12,0,0,0,0,0,0,0,0,0,5,2,0,0,0,0,0
1,4016735,99893,30,1,2,0,120,92,85,0,0,4,6,0,0,0,0,0,0,0,0,2,1,0,0,0,0,0
1,4504161,67,7,0,0,0,4,38,0,0,0,0,0,0,0,0,0,3,1,0,0,0,0,0,0,0,0,0
1,4448411,3466,49,17,0,1,0,500,1,0,0,24,0,1,0,0,0,0,0,0,0,4,3,0,0,0,0,0
1,5678011,107,17,4,2,0,59,373,0,0,0,153,2,0,1,0,1,22,0,0,0,43,0,0,0,0,0,0
1,5130140,3185,349,10,1,0,25,856,0,0,0,34,2,0,0,0,0,0,0,2,0,2,1,0,0,0,0,0
1,4119289,10692,166,11,0,0,6,761,0,0,0,39,0,0,0,0,0,0,0,0,0,1,1,0,0,0,0,0
1,5031250,751,130,6,0,0,0,124,1,0,0,10,0,0,0,0,0,0,0,0,0,4,3,0,0,0,0,0
1,5006832,4684,5,50,0,0,0,617,1,0,0,64,0,0,1,0,1,0,0,0,0,12,11,0,0,0,0,0
1,4675279,128,7,0,0,0,6,42,0,0,0,0,0,0,0,0,0,0,1,0,0,0,0,0,0,0,0,0
1,5157987,2996,124,8,0,0,0,347,0,0,0,17,0,0,0,0,0,0,0,0,0,0,4,0,0,0,0,0
1,5043521,2032,118,9,0,0,0,258,0,0,0,11,0,0,0,0,0,0,0,0,0,8,1,0,0,0,0,0
1,5068084,1823,58,10,0,0,0,245,0,0,0,12,0,0,1,0,1,0,0,0,0,8,3,0,0,0,0,0
1,4808122,2193,81,8,0,0,8,161,0,0,0,20,0,0,0,0,0,0,0,1,0,1,4,0,0,0,0,0
1,3183673,71352,21,1,0,0,60,165,0,0,0,12,0,0,0,0,0,0,0,0,0,7,2,0,0,0,0,0
1,4353275,4049,59,14,0,0,0,1314,0,0,0,52,0,0,0,0,0,0,0,0,0,5,2,0,0,0,0,0
1,4349982,3133,47,20,0,0,0,427,1,0,0,23,0,0,0,0,0,0,0,0,0,6,5,0,0,0,0,0
1,3435895,128380,90,1,0,1,39,14368,0,0,0,7,0,1,0,0,0,0,0,0,0,5,1,0,0,0,0,0
1,4409875,3274,42,30,0,0,0,241,1,0,0,30,0,0,0,0,0,0,0,0,0,6,2,0,0,0,0,0
1,5019699,1285,5,12,0,0,0,265,1,0,0,22,0,0,0,0,0,0,0,0,0,2,0,0,0,0,0,0
1,4418719,1007,4,3,0,0,0,109,1,0,0,3,0,0,0,0,0,0,0,0,0,1,1,0,0,0,0,0
1,2294116,9765,65,22,0,0,0,1664,1,0,0,78,0,0,0,0,0,0,0,0,0,11,3,0,0,0,0,0
1,2281377,9429,65,19,0,0,0,894,1,0,0,43,0,0,0,0,0,0,0,0,0,6,1,0,0,0,0,0
1,4568486,79,5,0,0,0,14,206,0,0,0,0,0,0,0,0,0,13,1,0,0,0,0,0,0,0,0,0
1,5044624,900,144,7,0,1,0,73,1,0,0,7,0,1,0,0,0,0,0,0,0,2,0,0,0,0,0,0
1,4436636,571,79,6,0,0,0,55,1,0,0,6,0,0,0,0,0,0,0,0,0,1,0,0,0,0,0,0
1,4226402,3205,36,26,0,0,0,192,1,0,0,26,0,0,0,0,0,0,0,0,0,6,2,0,0,0,0,0
1,2291241,133,3,0,0,0,0,6,1,0,0,0,0,0,0,0,0,0,0,0,0,0,0,0,0,0,0,0
1,5037921,1396,5,15,0,0,0,151,1,0,0,15,0,0,0,0,0,0,0,0,0,4,2,0,0,0,0,0
1,4644907,128,7,0,0,0,6,42,0,0,0,0,0,0,0,0,0,0,1,0,0,0,0,0,0,0,0,0
1,5022774,1913,112,10,0,0,0,242,0,0,0,12,0,0,0,0,0,0,0,0,0,7,3,0,0,0,0,0
1,3506204,71364,36,1,2,0,111,92,77,0,0,4,6,0,0,0,0,0,0,0,0,2,1,0,0,0,0,0
1,5667803,107,17,4,2,0,60,384,0,0,0,159,2,0,1,0,1,23,0,0,0,43,0,0,0,0,0,0
1,5015244,1996,124,9,0,0,0,253,0,0,0,11,0,0,0,0,0,0,0,0,0,7,2,0,0,0,0,0
1,4519202,68,7,0,0,0,4,38,0,0,0,0,0,0,0,0,0,3,1,0,0,0,0,0,0,0,0,0
1,4657065,70,8,0,0,0,12,167,0,0,0,0,0,0,0,0,0,22,1,0,0,0,0,0,0,0,0,0
1,2293938,19578,36,33,0,0,0,885,1,0,0,33,0,0,0,0,0,0,0,0,0,2,2,0,0,0,0,0
1,4950757,89,12,0,0,0,4,38,0,0,0,0,0,0,0,0,0,3,1,0,0,0,0,0,0,0,0,0
1,4434718,2539,52,13,0,0,0,276,1,0,0,13,0,0,0,0,0,0,0,0,0,3,0,0,0,0,0,0
1,5017602,3459,91,31,0,0,0,918,1,0,0,80,0,0,0,0,0,0,0,0,0,9,9,0,0,0,0,0
1,5016533,781,5,4,0,0,0,82,1,0,0,4,0,0,0,0,0,0,0,0,0,2,2,0,0,0,0,0
1,2290736,20225,83,35,0,0,0,972,1,0,0,37,0,0,0,0,0,0,0,0,0,3,3,0,0,0,0,0
1,4676166,68,7,0,0,0,4,47,0,0,0,0,0,0,0,0,0,6,1,0,0,0,0,0,0,0,0,0
1,4447245,3725,31,15,0,0,0,401,1,0,0,15,0,0,0,0,0,0,0,0,0,1,0,0,0,0,0,0
1,3307339,63147,10,1,1,1,51,154,0,0,0,3,4,1,0,0,0,0,0,0,0,1,0,0,0,0,0,0
1,5035298,1601,136,8,0,0,0,243,0,0,0,11,0,0,0,0,0,0,0,0,0,2,3,0,0,0,0,0
1,4753239,64,5,0,0,0,11,139,0,0,0,0,0,0,0,0,0,20,1,0,0,0,0,0,0,0,0,0
1,4060729,5069,179,11,0,0,6,2443,0,0,0,47,0,0,0,0,0,0,0,0,0,1,1,0,0,0,0,0
1,5676284,107,17,4,2,0,60,386,0,0,0,159,2,0,1,0,1,23,0,0,0,45,0,0,0,0,0,0
1,4372144,1994,34,17,0,0,0,243,1,0,0,19,0,0,0,0,0,0,0,0,0,3,2,0,0,0,0,0
1,4650616,81,10,0,0,0,4,38,0,0,0,0,0,0,0,0,0,3,1,0,0,0,0,0,0,0,0,0
1,2317330,15247,90,31,0,0,0,1993,1,0,0,82,0,0,0,0,0,0,0,0,0,11,7,0,0,0,0,0
1,4888877,85,6,0,0,0,4,50,0,0,0,0,0,0,0,0,0,3,1,0,0,0,0,0,0,0,0,0
1,5002085,162,4,2,0,0,0,17,1,0,0,2,0,0,0,0,0,0,0,0,0,0,0,0,0,0,0,0
1,4167733,4840,199,10,0,0,6,1844,0,0,0,45,0,0,0,0,0,0,0,0,0,1,1,0,0,0,0,0
1,5037272,3360,5,26,0,0,0,391,1,0,0,28,0,0,0,0,0,0,0,0,0,3,6,0,0,0,0,0
1,5005915,1382,45,11,0,0,0,168,1,0,0,15,0,0,0,0,0,0,0,0,0,1,3,0,0,0,0,0
1,5468615,117,12,1,0,0,6,21,0,0,0,1,0,0,0,0,0,0,0,0,0,0,0,0,0,0,0,0
1,5044294,1666,112,10,0,0,0,239,0,0,0,12,0,0,0,0,0,0,0,0,0,6,2,0,0,0,0,0
1,4624262,6437,141,9,1,0,6,289,0,0,0,22,2,0,0,0,0,0,0,0,0,1,1,0,0,0,0,0
1,4672796,127,7,0,0,0,6,45,0,0,0,0,0,0,0,0,0,0,1,0,0,0,0,0,0,0,0,0
1,4623558,127,7,0,0,0,6,45,0,0,0,0,0,0,0,0,0,0,1,0,0,0,0,0,0,0,0,0
1,3530635,237853,112980,4,0,0,0,24,0,0,0,4,0,0,0,0,0,0,0,0,0,0,0,0,0,0,0,0
1,4435837,73132,15,0,0,1,6,20756,0,0,0,0,0,1,0,0,0,0,0,0,0,0,0,0,0,0,0,0
1,4958412,32116,5799,3,3,0,50,251,0,0,0,14,9,0,1,0,1,0,0,0,0,3,10,0,0,0,0,0
1,5096439,3415,349,10,1,0,28,876,0,0,0,37,2,0,0,0,0,0,0,0,0,1,1,0,0,0,0,0
1,4514696,6225,132,9,1,0,6,290,0,0,0,22,2,0,0,0,0,0,0,1,0,1,1,0,0,0,0,0
1,3205589,276504,275947,2,2,0,135193,117,2,0,0,18,12,0,0,0,0,0,0,0,0,3,1,0,0,0,0,0
1,4366847,36,8,0,0,0,0,4,1,0,0,0,0,0,0,0,0,0,0,0,0,0,0,0,0,0,0,0
1,2291642,25345,58,54,0,1,0,2134,1,0,0,94,0,1,0,0,0,0,0,0,0,9,7,0,0,0,0,0
1,4607281,92,7,0,0,0,15,174,0,0,0,0,0,0,0,0,0,14,1,0,0,0,0,0,0,0,0,0
1,4666067,84,5,0,0,0,9,126,0,0,0,0,0,0,0,0,0,8,1,0,0,0,0,0,0,0,0,0
1,5183114,62,11,2,0,0,3,18,0,0,0,5,0,0,0,0,0,0,0,0,0,2,0,0,0,0,0,0
1,4646623,69,7,0,0,0,13,146,0,0,0,0,0,0,0,0,0,12,1,0,0,0,0,0,0,0,0,0
1,5028009,1361,34,10,0,1,0,283,1,0,0,20,0,1,0,0,0,0,0,0,0,5,2,0,0,0,0,0
1,5584852,1966,936,6,0,0,0,149,0,0,0,6,0,0,0,0,0,0,0,0,0,1,1,0,0,0,0,0
1,5675385,107,17,4,2,0,60,386,0,0,0,159,2,0,1,0,1,23,0,0,0,45,0,0,0,0,0,0
1,3886266,16481,144,2,1,0,0,60,0,0,0,2,1,0,0,0,0,0,0,0,0,0,2,0,0,0,0,0
1,5576270,1966,936,6,0,0,0,179,0,0,0,6,0,0,0,0,0,0,0,0,0,1,1,0,0,0,0,0
1,4107706,4729,179,10,0,0,6,1816,0,0,0,45,0,0,0,0,0,0,0,0,0,1,1,0,0,0,0,0
1,5299894,123,24,2,0,0,66,177,0,0,0,34,0,0,0,0,0,0,0,0,0,1,2,0,0,0,0,0
1,5017440,915,5,10,0,0,0,89,1,0,0,10,0,0,0,0,0,0,0,0,0,0,0,0,0,0,0,0
1,4849487,131,9,0,0,0,15,162,0,0,0,0,0,0,0,0,0,0,1,0,0,0,0,0,0,0,0,0
1,4006853,67258,31,1,1,1,319,87,268,0,0,3,4,1,0,0,0,0,0,0,0,1,0,0,0,0,0,0
1,5093191,4871,187,9,0,0,0,405,0,0,0,18,0,0,0,0,0,0,0,0,0,0,3,0,0,0,0,0
1,5164558,62,11,2,0,0,7,28,0,0,0,6,0,0,0,0,0,0,0,0,0,2,0,0,0,0,0,0
1,4669415,81,10,0,0,0,4,38,0,0,0,0,0,0,0,0,0,3,1,0,0,0,0,0,0,0,0,0
1,3495087,245682,116850,4,0,0,0,24,0,0,0,4,0,0,0,0,0,0,0,0,0,0,0,0,0,0,0,0
1,4390238,59612,432,1,2,1,71,146,0,0,0,13,6,1,0,0,0,0,0,0,0,1,0,0,0,0,0,0
1,4758613,8922,351,17,1,0,5,362,0,0,0,25,2,0,0,0,0,0,0,0,0,1,1,0,0,0,0,0
1,4723931,65795,36,10,2,0,111,2187,77,0,0,18,6,0,1,0,1,0,0,0,16,2,2,0,0,0,0,0
1,4679969,126,7,0,0,0,6,42,0,0,0,0,0,0,0,0,0,0,1,0,0,0,0,0,0,0,0,0
1,4519202,68,7,0,0,0,4,38,0,0,0,0,0,0,0,0,0,3,1,0,0,0,0,0,0,0,0,0
1,4835626,91,7,0,0,0,4,74,0,0,0,0,0,0,0,0,0,6,1,0,0,0,0,0,0,0,0,0
1,5045985,1834,72,11,0,0,0,244,0,0,0,12,0,0,2,0,2,0,0,0,0,7,3,0,0,0,0,0
1,5039228,1838,122,9,0,0,0,256,0,0,0,12,0,0,0,0,0,0,0,0,0,7,2,0,0,0,0,0
1,5087593,68,13,1,0,0,2,20,0,0,0,1,0,0,1,0,1,0,0,0,0,1,1,0,0,0,0,0
1,4351571,497,87,3,0,0,0,44,1,0,0,3,0,0,0,0,0,0,0,0,0,0,1,0,0,0,0,0
1,5676012,107,17,4,2,0,60,386,0,0,0,159,2,0,1,0,1,23,0,0,0,45,0,0,0,0,0,0
1,5035071,1942,114,11,0,0,0,203,1,0,0,11,0,0,0,0,0,0,0,0,0,6,2,0,0,0,0,0
1,5670861,107,17,4,2,0,60,384,0,0,0,159,2,0,1,0,1,23,0,0,0,43,0,0,0,0,0,0
1,5676081,107,17,4,2,0,60,386,0,0,0,159,2,0,1,0,1,23,0,0,0,45,0,0,0,0,0,0
1,4798619,5971,136,7,1,0,4,272,0,0,0,17,1,0,0,0,0,0,0,1,0,1,2,0,0,0,0,0
1,5055449,1929,170,10,0,0,0,252,0,0,0,11,0,0,0,0,0,0,0,0,0,6,3,0,0,0,0,0
1,5668274,107,17,4,2,0,60,384,0,0,0,159,2,0,1,0,1,23,0,0,0,43,0,0,0,0,0,0
1,5026668,1290,110,6,0,0,0,258,0,0,0,12,0,0,0,0,0,0,0,0,0,6,2,0,0,0,0,0
1,4566146,89,12,0,0,0,4,38,0,0,0,0,0,0,0,0,0,3,1,0,0,0,0,0,0,0,0,0
1,5576992,1966,936,6,0,0,0,179,0,0,0,6,0,0,0,0,0,0,0,0,0,1,1,0,0,0,0,0
1,2535932,235695,10,1,1,1,51,154,0,0,0,3,4,1,0,0,0,0,0,0,0,1,0,0,0,0,0,0
1,3493741,237860,112980,4,0,0,0,24,0,0,0,4,0,0,0,0,0,0,0,0,0,0,0,0,0,0,0,0
1,3215834,65806,90,1,0,1,39,9504,0,0,0,7,0,1,0,0,0,0,0,0,0,5,1,0,0,0,0,0
1,4723131,75,15,0,0,0,1414,3473,0,0,0,0,0,0,0,0,0,0,0,0,0,0,1,0,0,0,0,0
1,5036136,2777,5,24,0,1,0,349,1,0,0,27,0,1,0,0,0,0,0,0,0,5,5,0,0,0,0,0
1,4999324,261,4,2,0,0,0,27,1,0,0,2,0,0,0,0,0,0,0,0,0,0,0,0,0,0,0,0
1,4774969,9094,331,17,1,0,5,366,0,0,0,25,2,0,0,0,0,0,0,0,0,1,1,0,0,0,0,0
1,6003829,883241,2492,2,0,1,31,24431,0,0,0,11,0,4,0,0,0,0,0,1,0,8,7,0,0,0,0,0
1,5340973,100,17,4,2,0,80,435,0,0,0,171,10,0,1,0,1,23,0,0,0,47,0,0,0,0,0,0
1,4305968,4501,47,28,0,1,0,2143,1,0,0,132,0,1,0,0,0,0,0,0,0,10,8,0,0,0,0,0
1,5013354,719,5,8,0,0,0,153,1,0,0,14,0,0,0,0,0,0,0,0,0,1,1,0,0,0,0,0
1,5570754,1958,928,6,0,0,0,151,0,0,0,6,0,0,0,0,0,0,0,0,0,1,1,0,0,0,0,0
1,5621377,16304,16283,2,2,1,49,129,0,0,0,15,12,1,0,0,0,0,0,0,0,4,1,0,0,0,0,0
1,5085997,3421,367,10,1,0,20,878,0,0,0,29,2,0,0,0,0,0,0,0,0,1,1,0,0,0,0,0
1,4064159,7288,6950,3,0,0,0,11,0,0,0,3,0,0,0,0,0,0,0,0,0,0,1,0,0,0,0,0
1,4639072,129,7,0,0,0,6,45,0,0,0,0,0,0,0,0,0,0,1,0,0,0,0,0,0,0,0,0
1,3552827,237409,112980,4,0,0,0,13,0,0,0,4,0,0,0,0,0,0,0,0,0,0,0,0,0,0,0,0
1,5147720,62,11,2,0,0,3,18,0,0,0,5,0,0,0,0,0,0,0,0,0,2,0,0,0,0,0,0
1,4671678,127,7,0,0,0,6,42,0,0,0,0,0,0,0,0,0,0,1,0,0,0,0,0,0,0,0,0
1,3652488,319796,318923,1,3,1,62,199,31,0,0,5,12,1,0,0,0,0,0,0,0,2,1,0,0,0,0,0
1,5084148,116,7,0,0,0,4,74,0,0,0,0,0,0,0,0,0,6,1,0,0,0,0,0,0,0,0,0
1,4764000,88966,88914,2,0,0,7,15,0,0,0,6,0,0,0,0,0,0,0,0,0,0,0,0,0,0,0,0
1,5664604,180,53,2,0,0,16,97,0,0,0,15,0,0,0,0,0,0,0,0,0,0,1,0,0,0,0,0
1,4482534,69,7,0,0,0,4,38,0,0,0,0,0,0,0,0,0,3,1,0,0,0,0,0,0,0,0,0
1,4766346,88966,88914,2,0,0,7,15,0,0,0,6,0,0,0,0,0,0,0,0,0,0,0,0,0,0,0,0
1,5915210,11395,738,10,0,1,0,128,1,0,0,10,0,1,0,0,0,0,0,0,0,4,1,0,0,0,0,0
1,5031163,3084,5,32,0,0,0,323,1,0,0,32,0,0,0,0,0,0,0,0,0,4,5,0,0,0,0,0
1,5934306,5151,197,10,0,1,0,93,1,0,0,10,0,1,0,0,0,0,0,0,0,6,2,0,0,0,0,0
1,4232641,2436,57,19,0,0,0,221,1,0,0,44,0,0,0,0,0,0,0,0,0,2,2,0,0,0,0,0
1,5020944,161,5,1,0,0,0,16,1,0,0,1,0,0,0,0,0,0,0,0,0,0,2,0,0,0,0,0
1,5827495,10614,278,25,0,1,0,262,1,0,0,27,0,1,0,0,0,0,0,0,0,2,9,0,0,0,0,0
1,4998490,1341,104,7,0,0,0,254,0,0,0,11,0,0,0,0,0,0,0,0,0,6,1,0,0,0,0,0
1,4562483,70,7,0,0,0,14,150,0,0,0,0,0,0,0,0,0,13,1,0,0,0,0,0,0,0,0,0
1,4479244,66,7,0,0,0,4,38,0,0,0,0,0,0,0,0,0,3,1,0,0,0,0,0,0,0,0,0
1,5221574,2427,99,8,0,0,0,341,0,0,0,17,0,0,0,0,0,0,0,0,0,0,5,0,0,0,0,0
1,5570223,1982,952,6,0,0,0,150,0,0,0,6,0,0,0,0,0,0,0,0,0,1,1,0,0,0,0,0
1,5026620,1563,106,10,0,1,0,211,0,0,0,12,0,1,0,0,0,0,0,0,0,5,3,0,0,0,0,0
1,5456104,419,67,0,0,0,0,29,0,0,0,0,0,0,1,0,1,1,0,0,0,1,1,0,0,0,0,0
1,2306595,12128,49,20,0,0,0,544,1,0,0,20,0,0,0,0,0,0,0,0,0,1,3,0,0,0,0,0
1,4654782,146,7,0,0,0,13,164,0,0,0,0,0,0,0,0,0,0,1,0,0,0,0,0,0,0,0,0
1,5692869,4600,244,10,0,1,0,219,0,0,0,13,0,1,2,0,2,0,0,0,0,4,0,0,0,0,0,0
1,5050440,1777,124,7,0,0,0,273,0,0,0,12,0,0,0,0,0,0,0,0,0,6,1,0,0,0,0,0
1,5034627,199,5,2,0,0,0,25,1,0,0,2,0,0,0,0,0,0,0,0,0,2,0,0,0,0,0,0
1,5048408,1851,110,10,0,0,0,272,0,0,0,12,0,0,0,0,0,0,0,0,0,4,1,0,0,0,0,0
1,5571971,1966,936,6,0,0,0,167,0,0,0,6,0,0,0,0,0,0,0,0,0,1,1,0,0,0,0,0
1,4664032,129,7,0,0,0,6,45,0,0,0,0,0,0,0,0,0,0,1,0,0,0,0,0,0,0,0,0
1,3300119,237409,112980,4,0,0,0,13,0,0,0,4,0,0,0,0,0,0,0,0,0,0,0,0,0,0,0,0
1,5013292,1867,5,18,0,0,0,537,1,0,0,44,0,0,0,0,0,0,0,0,0,8,6,0,0,0,0,0
1,5579355,1966,936,6,0,0,0,153,0,0,0,6,0,0,0,0,0,0,0,0,0,1,1,0,0,0,0,0
1,5025484,2995,34,30,0,0,0,436,1,0,0,45,0,0,0,0,0,0,0,0,0,4,6,0,0,0,0,0
1,4676572,128,7,0,0,0,6,42,0,0,0,0,0,0,0,0,0,0,1,0,0,0,0,0,0,0,0,0
1,4061540,672,27,2,1,0,1,65,0,0,0,2,1,0,0,0,0,0,0,0,0,0,1,0,0,0,0,0
1,5088088,2378,57,10,0,1,0,276,0,0,0,12,0,1,0,0,0,0,0,0,0,6,4,0,0,0,0,0
1,4984634,1800,110,10,0,1,0,220,0,0,0,13,0,1,0,0,0,0,0,0,0,10,3,0,0,0,0,0
1,5224644,2416,99,8,0,0,0,333,0,0,0,17,0,0,0,0,0,0,0,1,0,0,4,0,0,0,0,0
1,4657427,127,7,0,0,0,6,42,0,0,0,0,0,0,0,0,0,0,1,0,0,0,0,0,0,0,0,0
1,3352791,2023,34,14,0,0,0,92,1,0,0,19,0,0,1,0,1,0,0,0,0,0,4,0,0,0,0,0
1,4356590,2050,69,12,0,0,0,367,1,0,0,23,0,0,0,0,0,0,0,0,0,3,2,0,0,0,0,0
1,3305267,2119,48,17,0,0,0,196,1,0,0,32,0,0,1,0,1,0,0,0,0,1,4,0,0,0,0,0
1,5869614,6526,322,10,0,0,0,175,0,0,0,13,0,0,2,0,2,0,0,0,0,4,1,0,0,0,0,0
1,5559692,3122,96,1,0,0,16,574,0,0,0,5,0,0,0,0,0,0,0,0,0,1,0,0,0,0,0,0
1,3514443,237724,113130,4,0,0,0,13,0,0,0,4,0,0,0,0,0,0,0,0,0,0,0,0,0,0,0,0
1,5006230,998,5,11,0,0,0,145,1,0,0,14,0,0,0,0,0,0,0,0,0,1,0,0,0,0,0,0
1,4931486,77,15,0,0,0,19,271,0,0,0,0,0,0,0,0,0,52,2,0,0,0,0,0,0,0,0,0
1,5772206,9462,353,25,0,1,0,251,1,0,0,25,0,1,0,0,0,0,0,0,0,3,7,0,0,0,0,0
1,5435744,3067,66,10,0,1,0,217,0,0,0,16,0,1,0,0,0,0,0,0,0,4,2,0,0,0,0,0
1,5944840,11252,730,10,0,1,0,177,0,0,0,13,0,1,0,0,0,0,0,0,0,3,1,0,0,0,0,0
1,5021275,3292,138,28,0,0,0,625,1,0,0,49,0,0,0,0,0,0,0,0,0,10,4,0,0,0,0,0
1,3440758,237861,112980,4,0,0,0,24,0,0,0,4,0,0,0,0,0,0,0,0,0,0,0,0,0,0,0,0
1,6029425,2466,1563,6,0,0,0,93,0,0,0,6,0,0,0,0,0,0,0,0,0,1,2,0,0,0,0,0
1,5006567,2139,118,10,0,0,0,256,0,0,0,12,0,0,1,0,1,0,0,0,0,5,2,0,0,0,0,0
1,4607723,125,7,0,0,0,6,45,0,0,0,0,0,0,0,0,0,0,1,0,0,0,0,0,0,0,0,0
1,4429127,1634,74,13,0,0,0,164,1,0,0,13,0,0,0,0,0,0,0,0,0,0,1,0,0,0,0,0
1,4678354,79,10,0,0,0,4,38,0,0,0,0,0,0,0,0,0,3,1,0,0,0,0,0,0,0,0,0
1,5020673,1886,104,10,0,0,0,257,0,0,0,11,0,0,0,0,0,0,0,0,0,5,4,0,0,0,0,0
1,4512306,69,7,0,0,0,4,38,0,0,0,0,0,0,0,0,0,3,1,0,0,0,0,0,0,0,0,0
1,5212580,2403,99,8,0,0,0,329,0,0,0,17,0,0,0,0,0,0,0,0,0,0,4,0,0,0,0,0
1,3204871,276504,275947,2,2,0,135193,117,2,0,0,18,12,0,0,0,0,0,0,0,0,3,1,0,0,0,0,0
1,4534586,68,7,0,0,0,4,38,0,0,0,0,0,0,0,0,0,3,1,0,0,0,0,0,0,0,0,0
1,5011784,2235,120,11,0,1,0,230,0,0,0,11,0,1,0,0,0,0,0,0,0,9,1,0,0,0,0,0
1,4867304,3459,353,10,1,0,21,1244,0,0,0,30,2,0,0,0,0,0,0,0,0,1,1,0,0,0,0,0
1,4639701,75,15,0,0,0,1052,2749,0,0,0,0,0,0,0,0,0,0,0,0,0,0,1,0,0,0,0,0
1,2297921,14169,71,29,0,1,0,1707,1,0,0,80,0,1,0,0,0,0,0,0,0,8,4,0,0,0,0,0
1,5012581,1727,74,11,0,1,0,379,1,0,0,32,0,1,0,0,0,0,0,0,0,3,2,0,0,0,0,0
1,4089103,10688,169,11,0,0,6,779,0,0,0,39,0,0,0,0,0,0,0,0,0,1,1,0,0,0,0,0
1,5028695,1049,122,3,0,1,0,100,1,0,0,3,0,1,0,0,0,0,0,0,0,3,0,0,0,0,0,0
1,5037298,1830,120,9,0,0,0,227,0,0,0,12,0,0,0,0,0,0,0,0,0,7,4,0,0,0,0,0
1,5014405,400,94,1,0,0,0,31,1,0,0,1,0,0,0,0,0,0,0,0,0,0,0,0,0,0,0,0
1,4338094,5090,65,23,0,0,0,223,0,0,0,43,0,0,0,0,0,0,0,0,0,4,1,0,0,0,0,0
1,4838645,77,7,0,0,0,12,189,0,0,0,0,0,0,0,0,0,22,1,0,0,0,0,0,0,0,0,0
1,5577576,1966,936,6,0,0,0,171,0,0,0,6,0,0,0,0,0,0,0,0,0,1,1,0,0,0,0,0
1,2297941,7693,39,12,0,0,0,820,1,0,0,36,0,0,0,0,0,0,0,0,0,2,4,0,0,0,0,0
1,4520257,2501,4,10,0,0,0,291,1,0,0,10,0,0,0,0,0,0,0,0,0,0,2,0,0,0,0,0
1,4932053,75,5,0,0,0,4,65,0,0,0,0,0,0,0,0,0,6,1,0,0,0,0,0,0,0,0,0
1,5021508,985,5,9,0,0,0,184,1,0,0,15,0,0,0,0,0,0,0,0,0,1,2,0,0,0,0,0
1,5032413,1888,5,14,0,1,0,659,1,0,0,52,0,1,1,0,1,0,0,0,0,7,6,0,0,0,0,0
1,4576488,89,12,0,0,0,4,38,0,0,0,0,0,0,0,0,0,3,1,0,0,0,0,0,0,0,0,0
1,5920781,7336,451,10,0,1,0,176,0,0,0,16,0,1,0,0,0,0,0,0,0,4,1,0,0,0,0,0
1,5165191,2998,124,8,0,0,0,349,0,0,0,17,0,0,0,0,0,0,0,0,0,0,4,0,0,0,0,0
1,2316064,3082,34,6,0,0,0,141,1,0,0,6,0,0,0,0,0,0,0,0,0,1,0,0,0,0,0,0
1,3521123,237950,112980,4,0,0,0,24,0,0,0,4,0,0,0,0,0,0,0,0,0,0,0,0,0,0,0,0
1,2303494,6566,75,13,0,0,0,642,1,0,0,32,0,0,0,0,0,0,0,0,0,4,1,0,0,0,0,0
1,5031999,406,5,4,0,0,0,45,1,0,0,4,0,0,0,0,0,0,0,0,0,0,1,0,0,0,0,0
1,2290975,11292,71,19,0,0,0,668,1,0,0,24,0,0,0,0,0,0,0,0,0,6,2,0,0,0,0,0
1,2303107,11403,55,19,0,0,0,656,1,0,0,28,0,0,0,0,0,0,0,0,0,3,1,0,0,0,0,0
1,3431825,99854,90,1,0,1,39,106,0,0,0,7,0,1,0,0,0,0,0,0,0,5,1,0,0,0,0,0
1,5029506,521,5,4,0,0,0,83,1,0,0,5,0,0,0,0,0,0,0,0,0,1,0,0,0,0,0,0
1,4534586,68,7,0,0,0,4,38,0,0,0,0,0,0,0,0,0,3,1,0,0,0,0,0,0,0,0,0
1,5905032,7691,443,10,0,0,0,176,0,0,0,16,0,0,0,0,0,0,0,0,0,4,1,0,0,0,0,0
1,4755107,134,10,0,0,0,6,45,0,0,0,0,0,0,0,0,0,0,1,0,0,0,0,0,0,0,0,0
1,3596228,45051,18,4,0,0,39,3680,0,0,0,5,0,0,0,0,0,0,0,0,0,0,0,0,0,0,0,0
1,4353242,4933,71,20,0,0,0,1281,0,0,0,54,0,0,0,0,0,0,0,0,0,6,3,0,0,0,0,0
1,5007325,987,5,11,0,1,0,181,1,0,0,16,0,1,0,0,0,0,0,0,0,4,1,0,0,0,0,0
1,2304056,23383,36,44,0,0,0,954,1,0,0,44,0,0,0,0,0,0,0,0,0,9,1,0,0,0,0,0
1,5000298,2445,83,25,0,0,0,807,1,0,0,63,0,0,0,0,0,0,0,0,0,10,8,0,0,0,0,0
1,5670666,107,17,4,2,0,60,384,0,0,0,159,2,0,1,0,1,23,0,0,0,43,0,0,0,0,0,0
1,3635826,1367,1333,16,1,0,37,95,1,0,0,45,1,0,0,0,0,0,0,0,0,1,1,0,0,0,0,0
1,5265161,149,50,3,0,0,1833,372,1315,0,0,404,0,0,0,0,0,0,0,0,0,3,2,0,0,0,0,0
1,4842757,3582,356,10,1,0,24,884,0,0,0,33,2,0,0,0,0,0,0,0,0,1,1,0,0,0,0,0
1,5766047,121,95,1,0,0,15,30,0,0,0,2,0,0,0,0,0,1,1,0,0,0,1,0,0,0,0,0
1,5066250,4162,149,8,0,0,0,466,0,0,0,13,0,0,0,0,0,0,0,0,0,0,1,0,0,0,0,0
1,4564632,69,7,0,0,0,4,38,0,0,0,0,0,0,0,0,0,3,1,0,0,0,0,0,0,0,0,0
1,5587269,1942,912,6,0,0,0,151,0,0,0,6,0,0,0,0,0,0,0,0,0,1,1,0,0,0,0,0
1,4942394,1688,140,11,0,0,0,111,1,0,0,11,0,0,0,0,0,0,0,0,0,3,1,0,0,0,0,0
1,5036562,1149,5,9,0,0,0,284,1,0,0,16,0,0,0,0,0,0,0,0,0,4,5,0,0,0,0,0
1,5031056,1155,5,7,0,0,0,123,1,0,0,7,0,0,0,0,0,0,0,0,0,4,1,0,0,0,0,0
1,3416812,6070,50,67,0,6,0,1980,0,0,0,303,0,17,9,0,9,0,0,0,0,6,15,0,0,0,0,0
1,5671290,107,17,4,2,0,60,384,0,0,0,159,2,0,1,0,1,23,0,0,0,43,0,0,0,0,0,0
1,5015249,1828,5,19,0,0,0,294,1,0,0,28,0,0,0,0,0,0,0,0,0,3,2,0,0,0,0,0
1,5224086,2427,99,8,0,0,0,340,0,0,0,17,0,0,0,0,0,0,0,0,0,2,4,0,0,0,0,0
1,2324206,5735,34,15,0,0,0,663,1,0,0,30,0,0,0,0,0,0,0,0,0,5,4,0,0,0,0,0
1,4138307,4843,199,11,0,0,6,2539,0,0,0,47,0,0,0,0,0,0,0,0,0,1,1,0,0,0,0,0
1,4527981,70,7,0,0,0,4,38,0,0,0,0,0,0,0,0,0,3,1,0,0,0,0,0,0,0,0,0
1,4988574,685,5,6,0,0,0,72,1,0,0,6,0,0,0,0,0,0,0,0,0,1,1,0,0,0,0,0
1,5037063,392,5,0,0,0,0,42,1,0,0,0,0,0,0,0,0,0,0,0,0,3,1,0,0,0,0,0
1,5018441,1710,34,15,0,0,0,292,1,0,0,24,0,0,0,0,0,0,0,0,0,10,4,0,0,0,0,0
1,4564632,69,7,0,0,0,4,38,0,0,0,0,0,0,0,0,0,3,1,0,0,0,0,0,0,0,0,0
1,4157014,4992,177,10,0,0,6,1881,0,0,0,45,0,0,0,0,0,0,0,0,0,1,1,0,0,0,0,0
1,4974883,3444,69,7,0,0,0,583,0,0,0,12,0,0,0,0,0,0,0,0,0,1,0,0,0,0,0,0
1,5035697,1824,138,10,0,0,0,244,0,0,0,12,0,0,0,0,0,0,0,0,0,9,3,0,0,0,0,0
1,2626808,363861,14,1,0,1,39,106,0,0,0,7,0,1,0,0,0,0,0,0,0,5,1,0,0,0,0,0
1,5004396,2074,126,8,0,0,0,270,0,0,0,11,0,0,0,0,0,0,0,0,0,6,3,0,0,0,0,0
1,5658347,180,51,2,0,0,16,100,0,0,0,15,0,0,0,0,0,0,0,0,0,0,1,0,0,0,0,0
1,5040102,1861,128,9,0,1,0,239,0,0,0,11,0,1,0,0,0,0,0,0,0,6,3,0,0,0,0,0
1,4476038,2527,55,21,0,0,0,314,1,0,0,24,0,0,0,0,0,0,0,0,0,5,2,0,0,0,0,0
1,3325327,85627,90,1,0,1,48,106,11,0,0,7,0,1,0,0,0,0,0,0,0,5,1,0,0,0,0,0
1,4688411,128,7,0,0,0,6,42,0,0,0,0,0,0,0,0,0,0,1,0,0,0,0,0,0,0,0,0
1,4725499,9260,335,12,1,0,6,370,0,0,0,23,2,0,0,0,0,0,0,0,0,1,1,0,0,0,0,0
1,3990596,8646,11,1,0,0,216,677,0,0,0,196,0,0,0,0,0,0,0,0,0,3,2,0,0,0,0,0
1,5013265,3401,34,29,0,0,1,435,1,0,0,35,0,0,0,0,0,0,0,0,0,6,3,0,0,0,0,0
1,5570497,1966,936,6,0,0,0,162,0,0,0,6,0,0,0,0,0,0,0,0,0,1,1,0,0,0,0,0
1,5039475,754,5,4,0,0,0,82,1,0,0,4,0,0,0,0,0,0,0,0,0,2,1,0,0,0,0,0
1,4135188,10345,166,11,0,0,6,756,0,0,0,39,0,0,0,0,0,0,0,0,0,1,1,0,0,0,0,0
1,5062181,3450,341,10,1,0,13,844,0,0,0,22,2,0,0,0,0,0,0,0,0,1,1,0,0,0,0,0
1,5011149,2601,5,22,0,0,0,275,1,0,0,22,0,0,0,0,0,0,0,0,0,4,5,0,0,0,0,0
1,3397057,237409,112980,4,0,0,0,13,0,0,0,4,0,0,0,0,0,0,0,0,0,0,0,0,0,0,0,0
1,3401104,3606,64,28,0,2,0,143,1,0,0,29,0,2,1,0,1,0,0,0,0,3,7,0,0,0,0,0
1,4432608,1294,69,3,0,0,0,134,1,0,0,3,0,0,0,0,0,0,0,0,0,0,0,0,0,0,0,0
1,5032436,2088,116,10,0,0,0,265,0,0,0,12,0,0,0,0,0,0,0,0,0,6,1,0,0,0,0,0
1,3708617,142736,14,1,0,1,39,106,0,0,0,7,0,1,0,0,0,0,0,0,0,5,1,0,0,0,0,0
1,4999008,1850,112,9,0,1,0,232,0,0,0,11,0,1,2,0,2,0,0,0,0,7,2,0,0,0,0,0
1,5003555,1096,122,7,0,0,0,112,1,0,0,7,0,0,0,0,0,0,0,0,0,3,3,0,0,0,0,0
1,5943988,7957,453,10,0,1,0,170,0,0,0,16,0,1,0,0,0,0,0,0,0,3,1,0,0,0,0,0
1,4747342,6394,133,9,1,0,6,283,0,0,0,22,2,0,0,0,0,0,0,0,0,1,1,0,0,0,0,0
1,5021291,2632,110,20,0,0,0,612,1,0,0,43,0,0,0,0,0,0,0,0,0,13,7,0,0,0,0,0
1,5028764,2045,122,9,0,1,0,266,0,0,0,12,0,1,0,0,0,0,0,0,0,8,3,0,0,0,0,0
1,5122912,3505,353,10,1,0,28,857,0,0,0,37,2,0,0,0,0,0,0,0,0,1,1,0,0,0,0,0
1,5217007,2428,99,8,0,0,0,344,0,0,0,17,0,0,0,0,0,0,0,0,0,0,5,0,0,0,0,0
1,5016717,522,5,5,0,0,0,52,1,0,0,5,0,0,0,0,0,0,0,0,0,1,1,0,0,0,0,0
1,5006205,2742,5,28,0,1,0,287,1,0,0,28,0,1,0,0,0,0,0,0,0,3,4,0,0,0,0,0
1,3497484,358,8,0,0,0,0,2,0,0,0,0,0,0,0,0,0,0,0,0,0,2,0,0,0,0,0,0
1,3883068,2139,2118,2,0,1,3,20,0,0,0,2,0,1,0,0,0,0,0,0,0,0,2,0,0,0,0,0
1,5584084,1966,936,6,0,0,0,161,0,0,0,6,0,0,0,0,0,0,0,0,0,1,1,0,0,0,0,0
1,5005331,3265,69,26,0,1,0,961,1,0,0,73,0,1,1,0,1,0,0,0,0,15,6,0,0,0,0,0
1,5590977,1958,928,6,0,0,0,156,0,0,0,6,0,0,0,0,0,0,0,0,0,1,1,0,0,0,0,0
1,3578204,237409,112980,4,0,0,0,13,0,0,0,4,0,0,0,0,0,0,0,0,0,0,0,0,0,0,0,0
1,3693186,60,12,3,1,0,6706,6728,0,0,0,6,1,0,0,0,0,0,0,0,0,0,0,0,0,0,0,0
1,4740472,6230,163,9,1,0,6,289,0,0,0,22,2,0,0,0,0,0,0,0,0,1,1,0,0,0,0,0
1,5110791,2394,56,11,0,0,0,255,0,0,0,11,0,0,0,0,0,0,0,0,0,6,3,0,0,0,0,0
1,4148929,4903,178,10,0,0,6,1821,0,0,0,45,0,0,0,0,0,0,0,0,0,1,1,0,0,0,0,0
1,3480955,237409,112980,4,0,0,0,13,0,0,0,4,0,0,0,0,0,0,0,0,0,0,0,0,0,0,0,0
1,5032354,167,4,2,0,0,0,17,1,0,0,2,0,0,0,0,0,0,0,0,0,0,0,0,0,0,0,0
1,4662960,122,7,0,0,0,6,45,0,0,0,0,0,0,0,0,0,0,1,0,0,0,0,0,0,0,0,0
1,5671517,107,17,4,2,0,60,384,0,0,0,159,2,0,1,0,1,23,0,0,0,43,0,0,0,0,0,0
1,5270829,1852,74,39,0,0,0,185,0,0,0,48,0,0,0,0,0,0,0,0,0,0,1,0,0,0,0,0
1,5037022,1893,5,19,0,0,0,236,1,0,0,20,0,0,0,0,0,0,0,0,0,5,1,0,0,0,0,0
1,4577981,88,6,0,0,0,9,126,0,0,0,0,0,0,0,0,0,8,1,0,0,0,0,0,0,0,0,0
1,2309914,16435,57,36,0,0,0,3510,1,0,0,145,0,0,0,0,0,0,0,0,0,11,4,0,0,0,0,0
1,4561566,68,7,0,0,0,14,154,0,0,0,0,0,0,0,0,0,13,1,0,0,0,0,0,0,0,0,0
1,5890344,1255,37,9,0,0,0,166,0,0,0,16,0,0,0,0,0,0,0,0,0,0,2,0,0,0,0,0
1,4168051,4589,179,10,0,0,6,1840,0,0,0,45,0,0,0,0,0,0,0,0,0,1,1,0,0,0,0,0
1,5050846,1991,124,10,0,0,0,250,0,0,0,12,0,0,0,0,0,0,0,0,0,5,2,0,0,0,0,0
1,4498306,70,11,0,0,0,4,40,0,0,0,0,0,0,0,0,0,3,0,0,0,0,0,0,0,0,0,0
1,5012169,2106,134,10,0,1,0,281,0,0,0,11,0,1,0,0,0,0,0,0,0,5,2,0,0,0,0,0
1,4674859,129,7,0,0,0,6,45,0,0,0,0,0,0,0,0,0,0,1,0,0,0,0,0,0,0,0,0
1,5873188,120,72,4,1,0,144,307,0,0,0,48,3,0,0,0,0,0,0,0,0,0,3,0,0,0,0,0
1,5676071,107,17,4,2,0,60,386,0,0,0,159,2,0,1,0,1,23,0,0,0,45,0,0,0,0,0,0
1,3537629,237847,112980,4,0,0,0,24,0,0,0,4,0,0,0,0,0,0,0,0,0,0,0,0,0,0,0,0
1,5046943,1416,132,8,0,1,0,247,0,0,0,12,0,1,0,0,0,0,0,0,0,6,2,0,0,0,0,0
1,4647492,70,7,0,0,0,4,47,0,0,0,0,0,0,0,0,0,6,1,0,0,0,0,0,0,0,0,0
1,5020116,844,5,9,0,0,0,91,1,0,0,9,0,0,0,0,0,0,0,0,0,0,3,0,0,0,0,0
1,4128544,4857,199,10,0,0,6,1828,0,0,0,45,0,0,0,0,0,0,0,0,0,1,1,0,0,0,0,0
1,5582387,1974,944,6,0,0,0,173,0,0,0,6,0,0,0,0,0,0,0,0,0,1,1,0,0,0,0,0
1,4444025,1447,4,7,0,0,0,160,1,0,0,7,0,0,0,0,0,0,0,0,0,1,0,0,0,0,0,0
1,5013464,2731,5,20,0,0,0,424,1,0,0,27,0,0,0,0,0,0,0,0,0,8,4,0,0,0,0,0
1,4417228,13046,20,0,0,1,0,1222,0,0,0,0,0,1,0,0,0,0,0,0,0,1,1,0,0,0,0,0
1,5017064,710,5,4,0,0,0,76,1,0,0,4,0,0,0,0,0,0,0,0,0,0,4,0,0,0,0,0
1,5014979,1582,5,16,0,0,0,158,1,0,0,16,0,0,0,0,0,0,0,0,0,2,1,0,0,0,0,0
1,2651306,391101,39,7,5,1,69,218,0,0,0,38,21,1,0,0,0,0,0,0,0,1,1,0,0,0,0,0
1,3140185,14157,8,1,0,0,0,2,0,0,0,1,0,0,0,0,0,0,0,0,0,2,0,0,0,0,0,0
1,5671228,107,17,4,2,0,60,384,0,0,0,159,2,0,1,0,1,23,0,0,0,43,0,0,0,0,0,0
1,5010513,266,5,2,0,0,0,36,1,0,0,2,0,0,0,0,0,0,0,0,0,0,2,0,0,0,0,0
1,4733837,135,12,0,0,0,6,45,0,0,0,0,0,0,0,0,0,0,1,0,0,0,0,0,0,0,0,0
1,4863436,9146,338,17,1,0,5,372,0,0,0,25,2,0,0,0,0,0,0,1,0,1,1,0,0,0,0,0
1,5003401,1733,130,10,0,0,0,235,0,0,0,11,0,0,0,0,0,0,0,0,0,4,3,0,0,0,0,0
1,5064596,4151,109,8,0,0,0,463,0,0,0,13,0,0,0,0,0,0,0,0,0,0,1,0,0,0,0,0
1,3789552,57119,62,2,2,1,78,222,1,0,0,32,16,1,0,0,0,0,0,0,54,3,2,0,0,0,0,0
1,4513068,69,7,0,0,0,4,38,0,0,0,0,0,0,0,0,0,3,1,0,0,0,0,0,0,0,0,0
1,2313967,26895,58,47,0,0,0,1238,1,0,0,47,0,0,0,0,0,0,0,0,0,5,4,0,0,0,0,0
1,5015239,1833,128,9,0,1,0,231,0,0,0,11,0,1,0,0,0,0,0,0,0,7,2,0,0,0,0,0
1,4305400,2202,48,13,0,0,0,194,1,0,0,13,0,0,0,0,0,0,0,0,0,2,1,0,0,0,0,0
1,4977554,1779,104,10,0,0,0,177,1,0,0,10,0,0,0,0,0,0,0,0,0,5,1,0,0,0,0,0
1,5014845,1828,5,19,0,0,0,281,1,0,0,24,0,0,0,0,0,0,0,0,0,2,5,0,0,0,0,0
1,5671088,107,17,4,2,0,60,384,0,0,0,159,2,0,1,0,1,23,0,0,0,43,0,0,0,0,0,0
1,4666138,9441,342,20,1,0,5,372,0,0,0,25,2,0,0,0,0,0,0,0,0,1,1,0,0,0,0,0
1,5215424,2407,99,8,0,0,0,327,0,0,0,17,0,0,0,0,0,0,0,0,0,0,4,0,0,0,0,0
1,4772804,6324,136,9,1,0,6,282,0,0,0,22,2,0,0,0,0,0,0,0,0,1,1,0,0,0,0,0
1,5021420,2235,5,18,0,0,0,235,1,0,0,18,0,0,0,0,0,0,0,0,0,3,2,0,0,0,0,0
1,5037405,1345,5,8,0,0,0,223,1,0,0,15,0,0,0,0,0,0,0,0,0,4,3,0,0,0,0,0
1,5002733,1524,5,14,0,0,0,370,1,0,0,30,0,0,0,0,0,0,0,0,0,3,7,0,0,0,0,0
1,4136747,10680,199,11,0,0,6,756,0,0,0,39,0,0,0,0,0,0,0,0,0,1,1,0,0,0,0,0
1,4375391,812,4,3,0,0,0,96,1,0,0,3,0,0,0,0,0,0,0,0,0,0,0,0,0,0,0,0
1,4528335,69,7,0,0,0,4,38,0,0,0,0,0,0,0,0,0,3,1,0,0,0,0,0,0,0,0,0
1,5676490,107,17,4,2,0,60,386,0,0,0,159,2,0,1,0,1,23,0,0,0,45,0,0,0,0,0,0
1,5277043,1847,74,39,0,0,0,186,0,0,0,48,0,0,0,0,0,0,0,0,0,0,1,0,0,0,0,0
1,5063804,1473,23,8,0,0,0,273,0,0,0,12,0,0,0,0,0,0,0,0,0,2,3,0,0,0,0,0
1,5020468,2709,66,25,0,0,0,1043,1,0,0,85,0,0,0,0,0,0,0,0,0,7,12,0,0,0,0,0
1,5005456,314,4,4,0,0,0,32,1,0,0,4,0,0,0,0,0,0,0,0,0,1,0,0,0,0,0,0
1,4628555,70,7,0,0,0,4,47,0,0,0,0,0,0,0,0,0,6,1,0,0,0,0,0,0,0,0,0
1,4698969,50708,69,1,0,1,1418,45,1392,0,0,3,0,1,0,0,0,0,0,0,0,1,0,0,0,0,0,0
1,4890215,103,17,0,0,0,14,298,0,0,0,0,0,0,0,0,0,26,1,0,0,0,0,0,0,0,0,0
1,5676324,107,17,4,2,0,60,386,0,0,0,159,2,0,1,0,1,23,0,0,0,45,0,0,0,0,0,0
1,5004149,1871,124,11,0,0,0,229,0,0,0,12,0,0,0,0,0,0,0,0,0,4,2,0,0,0,0,0
1,4624971,68,7,0,0,0,13,146,0,0,0,0,0,0,0,0,0,12,1,0,0,0,0,0,0,0,0,0
1,5035948,2033,104,10,0,1,0,272,0,0,0,11,0,1,0,0,0,0,0,0,0,6,4,0,0,0,0,0
1,4644824,126,7,0,0,0,6,45,0,0,0,0,0,0,0,0,0,0,1,0,0,0,0,0,0,0,0,0
1,5035684,1085,5,8,0,0,0,301,1,0,0,21,0,0,0,0,0,0,0,0,0,7,6,0,0,0,0,0
1,5507633,194302,34,1,2,0,3073,92,3036,0,0,4,6,0,0,0,0,0,0,0,0,2,1,0,0,0,0,0
1,2326456,3960,96,11,0,0,0,358,1,0,0,16,0,0,0,0,0,0,0,0,0,4,1,0,0,0,0,0
1,2783271,380522,70,10,10,0,79,322,0,0,0,74,48,0,0,0,0,0,0,0,0,1,2,0,0,0,0,0
1,5676087,107,17,4,2,0,60,386,0,0,0,159,2,0,1,0,1,23,0,0,0,45,0,0,0,0,0,0
1,5026790,2348,5,16,0,0,0,231,1,0,0,16,0,0,0,0,0,0,0,0,0,4,5,0,0,0,0,0
1,5018240,414,5,3,0,0,0,44,1,0,0,3,0,0,0,0,0,0,0,0,0,0,0,0,0,0,0,0
1,4768705,168,12,0,0,0,15,170,0,0,0,0,0,0,0,0,0,14,1,0,0,0,0,0,0,0,0,0
1,5566106,1966,936,6,0,0,0,139,0,0,0,6,0,0,0,0,0,0,0,0,0,1,1,0,0,0,0,0
1,5153069,3846,58,12,0,1,0,410,0,0,0,12,0,1,0,0,0,0,0,0,0,9,2,0,0,0,0,0
1,3482974,237409,112980,4,0,0,0,13,0,0,0,4,0,0,0,0,0,0,0,0,0,0,0,0,0,0,0,0
1,5164250,3006,124,8,0,0,0,354,0,0,0,17,0,0,0,0,0,0,0,0,0,0,4,0,0,0,0,0
1,5670992,107,17,4,2,0,60,384,0,0,0,159,2,0,1,0,1,23,0,0,0,43,0,0,0,0,0,0
1,5015267,2565,5,23,0,0,0,556,1,0,0,48,0,0,1,0,1,0,0,0,0,8,5,0,0,0,0,0
1,5018252,1606,106,9,0,0,0,254,0,0,0,12,0,0,0,0,0,0,0,0,0,6,2,0,0,0,0,0
1,5128400,3062,2032,6,0,0,0,175,0,0,0,6,0,0,0,0,0,0,0,0,0,1,1,0,0,0,0,0
1,5015538,3085,5,29,0,0,0,498,1,0,0,46,0,0,0,0,0,0,0,0,0,7,10,0,0,0,0,0
1,5020687,595,5,3,0,0,0,61,1,0,0,3,0,0,0,0,0,0,0,0,0,0,0,0,0,0,0,0
1,4975044,41,15,1,0,0,12,30,0,0,0,1,0,0,0,0,0,0,0,0,0,0,2,0,0,0,0,0
1,4626656,127,7,0,0,0,6,42,0,0,0,0,0,0,0,0,0,0,1,0,0,0,0,0,0,0,0,0
1,3416684,612118,612055,1,2,1,71,146,0,0,0,13,6,1,0,0,0,0,0,0,0,1,0,0,0,0,0,0
1,4477746,124,61,0,0,0,1758,4161,0,0,0,0,0,0,0,0,0,0,0,0,0,0,1,0,0,0,0,0
1,4504161,67,7,0,0,0,4,38,0,0,0,0,0,0,0,0,0,3,1,0,0,0,0,0,0,0,0,0
1,5675881,107,17,4,2,0,60,386,0,0,0,159,2,0,1,0,1,23,0,0,0,45,0,0,0,0,0,0
1,5668678,107,17,4,2,0,60,384,0,0,0,159,2,0,1,0,1,23,0,0,0,43,0,0,0,0,0,0
1,5022628,2025,122,10,0,1,0,268,0,0,0,11,0,1,0,0,0,0,0,0,0,5,3,0,0,0,0,0
1,4640352,75,15,0,0,0,1369,3383,0,0,0,0,0,0,0,0,0,0,0,0,0,0,1,0,0,0,0,0
1,5639737,180,51,2,0,0,16,101,0,0,0,15,0,0,0,0,0,0,0,0,0,0,1,0,0,0,0,0
1,3426118,2880,42,19,0,1,0,342,1,0,0,47,0,3,5,0,5,0,0,0,0,7,6,0,0,0,0,0
1,4701664,129,7,0,0,0,6,42,0,0,0,0,0,0,0,0,0,0,1,0,0,0,0,0,0,0,0,0
1,4333704,289,65,2,0,0,0,26,1,0,0,2,0,0,0,0,0,0,0,0,0,0,0,0,0,0,0,0
1,2291866,28820,34,57,0,1,0,2458,1,0,0,123,0,1,0,0,0,0,0,0,0,8,4,0,0,0,0,0
1,5012755,356,5,2,0,0,0,39,1,0,0,2,0,0,0,0,0,0,0,0,0,1,0,0,0,0,0,0
1,4635779,75,15,0,0,0,1065,2775,0,0,0,0,0,0,0,0,0,0,0,0,0,0,1,0,0,0,0,0
1,5026723,1774,122,8,0,2,0,237,0,0,0,12,0,2,0,0,0,0,0,0,0,10,2,0,0,0,0,0
1,4665911,69,7,0,0,0,13,146,0,0,0,0,0,0,0,0,0,12,1,0,0,0,0,0,0,0,0,0
1,4417152,1650,49,5,0,0,0,198,1,0,0,5,0,0,0,0,0,0,0,0,0,4,0,0,0,0,0,0
1,4628805,138,12,0,0,0,16,175,0,0,0,0,0,0,0,0,0,0,1,0,0,0,1,0,0,0,0,0
1,4527573,69,7,0,0,0,4,38,0,0,0,0,0,0,0,0,0,3,1,0,0,0,0,0,0,0,0,0
1,5025913,1680,120,7,0,0,0,245,0,0,0,11,0,0,0,0,0,0,0,0,0,3,3,0,0,0,0,0
1,4347205,124,61,0,0,0,1346,3337,0,0,0,0,0,0,0,0,0,0,0,0,0,0,1,0,0,0,0,0
1,5166230,3016,124,8,0,0,0,360,0,0,0,17,0,0,0,0,0,0,0,0,0,0,4,0,0,0,0,0
1,5671334,107,17,4,2,0,60,384,0,0,0,159,2,0,1,0,1,23,0,0,0,43,0,0,0,0,0,0
1,4767334,6296,144,7,0,0,10,278,0,0,0,20,0,0,0,0,0,0,0,0,0,1,1,0,0,0,0,0
1,4565411,88,12,0,0,0,4,38,0,0,0,0,0,0,0,0,0,3,1,0,0,0,0,0,0,0,0,0
1,4534098,69,7,0,0,0,4,38,0,0,0,0,0,0,0,0,0,3,1,0,0,0,0,0,0,0,0,0
1,5579043,1966,936,6,0,0,0,176,0,0,0,6,0,0,0,0,0,0,0,0,0,1,1,0,0,0,0,0
1,5571952,1966,936,6,0,0,0,173,0,0,0,6,0,0,0,0,0,0,0,0,0,1,1,0,0,0,0,0
1,5675784,107,17,4,2,0,60,386,0,0,0,159,2,0,1,0,1,23,0,0,0,45,0,0,0,0,0,0
1,4525516,67,7,0,0,0,4,38,0,0,0,0,0,0,0,0,0,3,1,0,0,0,0,0,0,0,0,0
1,5676296,107,17,4,2,0,60,386,0,0,0,159,2,0,1,0,1,23,0,0,0,45,0,0,0,0,0,0
1,3271822,1756,1752,2,1,0,0,10,0,0,0,4,3,0,0,0,0,0,0,0,0,1,1,0,0,0,0,0
1,2294884,27741,50,54,0,0,0,1401,1,0,0,60,0,0,0,0,0,0,0,0,0,7,2,0,0,0,0,0
1,4564331,6502,140,9,1,0,6,289,0,0,0,22,2,0,0,0,0,0,0,0,0,1,1,0,0,0,0,0
1,4266388,2001,37,12,0,0,0,228,1,0,0,12,0,0,0,0,0,0,0,0,0,2,0,0,0,0,0,0
1,4629103,83,6,0,0,0,4,50,0,0,0,0,0,0,0,0,0,3,1,0,0,0,0,0,0,0,0,0
1,5675314,107,17,4,2,0,60,384,0,0,0,159,2,0,1,0,1,23,0,0,0,43,0,0,0,0,0,0
1,4121885,4871,189,11,0,0,6,2624,0,0,0,47,0,0,0,0,0,0,0,0,0,1,1,0,0,0,0,0
1,4998837,1414,34,8,0,0,0,234,1,0,0,13,0,0,0,0,0,0,0,0,0,2,3,0,0,0,0,0
1,5584970,1966,936,6,0,0,0,165,0,0,0,6,0,0,0,0,0,0,0,0,0,1,1,0,0,0,0,0
1,4691043,129,7,0,0,0,6,42,0,0,0,0,0,0,0,0,0,0,1,0,0,0,0,0,0,0,0,0
1,5042692,1681,5,9,0,0,0,191,1,0,0,9,0,0,0,0,0,0,0,0,0,6,3,0,0,0,0,0
1,5579517,1966,936,6,0,0,0,156,0,0,0,6,0,0,0,0,0,0,0,0,0,1,1,0,0,0,0,0
1,4524593,69,7,0,0,0,4,38,0,0,0,0,0,0,0,0,0,3,1,0,0,0,0,0,0,0,0,0
1,4519664,67,7,0,0,0,4,38,0,0,0,0,0,0,0,0,0,3,1,0,0,0,0,0,0,0,0,0
1,5009391,5495,68,43,0,1,0,934,1,0,0,76,0,1,0,0,0,0,0,0,0,7,11,0,0,0,0,0
1,4420227,2000,36,13,0,0,0,218,1,0,0,13,0,0,0,0,0,0,0,0,0,1,0,0,0,0,0,0
1,5586918,1966,936,6,0,0,0,144,0,0,0,6,0,0,0,0,0,0,0,0,0,1,1,0,0,0,0,0
1,2971984,281795,7,1,0,1,5,11,0,0,0,2,0,1,0,0,0,0,0,0,0,0,0,0,0,0,0,0
1,4988054,1382,132,7,0,0,0,239,0,0,0,11,0,0,0,0,0,0,0,0,0,6,2,0,0,0,0,0
1,4570395,69,7,0,0,0,4,38,0,0,0,0,0,0,0,0,0,3,1,0,0,0,0,0,0,0,0,0
1,3025826,219776,30,7,5,1,69,218,0,0,0,38,21,1,0,0,0,0,0,2,0,1,1,0,0,0,0,0
1,4706412,74,5,0,0,0,4,62,0,0,0,0,0,0,0,0,0,6,1,0,0,0,0,0,0,0,0,0
1,4802342,6266,154,9,1,0,6,297,0,0,0,22,2,0,0,0,0,0,0,0,0,1,1,0,0,0,0,0
1,5671087,107,17,4,2,0,60,384,0,0,0,159,2,0,1,0,1,23,0,0,0,43,0,0,0,0,0,0
1,4479244,66,7,0,0,0,4,38,0,0,0,0,0,0,0,0,0,3,1,0,0,0,0,0,0,0,0,0
1,4141638,4924,189,10,0,0,6,1856,0,0,0,45,0,0,0,0,0,0,0,0,0,1,1,0,0,0,0,0
1,4151473,4681,189,10,0,0,6,1824,0,0,0,45,0,0,0,0,0,0,0,0,0,1,2,0,0,0,0,0
1,4475668,2542,84,14,0,0,0,283,1,0,0,14,0,0,0,0,0,0,0,0,0,3,1,0,0,0,0,0
1,5030248,1523,118,7,0,0,0,242,0,0,0,12,0,0,0,0,0,0,0,0,0,5,2,0,0,0,0,0
1,4828825,9273,349,20,1,0,5,366,0,0,0,25,2,0,0,0,0,0,0,0,0,1,1,0,0,0,0,0
1,4737070,132,9,0,0,0,6,45,0,0,0,0,0,0,0,0,0,0,1,0,0,0,0,0,0,0,0,0
1,5656854,180,51,2,0,0,16,98,0,0,0,15,0,0,0,0,0,0,0,0,0,0,1,0,0,0,0,0
1,3434173,237409,112980,4,0,0,0,13,0,0,0,4,0,0,0,0,0,0,0,0,0,0,0,0,0,0,0,0
1,5019998,954,5,9,0,0,0,102,1,0,0,9,0,0,0,0,0,0,0,0,0,1,0,0,0,0,0,0
1,5970189,465,26,0,1,0,17,434,2,0,0,0,2,0,0,0,0,0,0,0,18,0,0,0,0,0,0,0
1,4406904,4778,30,21,0,0,0,1242,0,0,0,46,0,0,0,0,0,0,0,0,0,7,2,0,0,0,0,0
1,4608640,78,12,0,0,0,10,55,0,0,0,0,0,0,0,0,0,4,1,0,0,0,0,0,0,0,0,0
1,5036994,510,5,4,0,0,0,57,1,0,0,5,0,0,0,0,0,0,0,0,0,1,0,0,0,0,0,0
1,4320914,1835,61,10,0,0,0,200,1,0,0,10,0,0,0,0,0,0,0,0,0,1,2,0,0,0,0,0
1,4641941,125,7,0,0,0,6,42,0,0,0,0,0,0,0,0,0,0,1,0,0,0,0,0,0,0,0,0
1,4534098,69,7,0,0,0,4,38,0,0,0,0,0,0,0,0,0,3,1,0,0,0,0,0,0,0,0,0
1,3234616,725886,7,1,0,1,5,9,0,0,0,2,0,1,0,0,0,0,0,0,0,1,0,0,0,0,0,0
1,5327524,187,22,2,0,0,15,91,0,0,0,6,0,0,0,0,0,2,0,0,0,0,3,0,0,0,0,0
1,5669448,180,51,2,0,0,16,96,0,0,0,15,0,0,0,0,0,0,0,0,0,0,1,0,0,0,0,0
1,5017212,3607,50,35,0,1,0,1042,1,0,0,79,0,1,0,0,0,0,0,0,0,9,8,0,0,0,0,0
1,4467301,67,7,0,0,0,4,38,0,0,0,0,0,0,0,0,0,3,1,0,0,0,0,0,0,0,0,0
1,3064936,102465,7,1,0,1,5,11,0,0,0,2,0,1,0,0,0,0,0,0,0,0,0,0,0,0,0,0
1,5019125,1159,34,11,0,0,0,214,1,0,0,21,0,0,0,0,0,0,0,0,0,0,1,0,0,0,0,0
1,4903640,77,7,0,0,0,17,274,0,0,0,0,0,0,0,0,0,32,1,0,0,0,0,0,0,0,0,0
1,4954286,76,5,0,0,0,4,65,0,0,0,0,0,0,0,0,0,6,1,0,0,0,0,0,0,0,0,0
1,5676324,107,17,4,2,0,60,386,0,0,0,159,2,0,1,0,1,23,0,0,0,45,0,0,0,0,0,0
1,4504161,67,7,0,0,0,4,38,0,0,0,0,0,0,0,0,0,3,1,0,0,0,0,0,0,0,0,0
1,5031641,747,5,9,0,0,0,258,1,0,0,23,0,0,0,0,0,0,0,0,0,5,1,0,0,0,0,0
1,5576070,1966,936,6,0,0,0,159,0,0,0,6,0,0,0,0,0,0,0,0,0,1,1,0,0,0,0,0
1,5090276,4875,187,9,0,0,0,405,0,0,0,18,0,0,0,0,0,0,0,0,0,0,3,0,0,0,0,0
1,5021617,3471,359,10,1,0,22,835,0,0,0,31,2,0,0,0,0,0,0,0,0,1,1,0,0,0,0,0
1,5033112,632,5,2,0,0,0,72,1,0,0,2,0,0,0,0,0,0,0,0,0,3,1,0,0,0,0,0
1,4912065,3350,358,10,1,0,29,1245,0,0,0,38,1,0,0,0,0,0,0,0,0,1,3,0,0,0,0,0
1,4107263,10235,169,11,0,0,6,777,0,0,0,39,0,0,0,0,0,0,0,0,0,1,1,0,0,0,0,0
1,4760933,88966,88914,2,0,0,7,15,0,0,0,6,0,0,0,0,0,0,0,0,0,0,0,0,0,0,0,0
1,4279386,1831,66,10,0,0,0,180,1,0,0,24,0,0,0,0,0,0,0,0,0,1,6,0,0,0,0,0
1,4485824,9606,344,12,1,0,6,361,0,0,0,23,2,0,0,0,0,0,0,0,0,1,1,0,0,0,0,0
1,3361496,3455,34,27,0,3,0,813,1,0,0,121,0,9,2,0,2,7,0,0,0,5,18,0,0,0,0,0
1,2301380,7098,67,10,0,0,0,323,1,0,0,10,0,0,0,0,0,0,0,0,0,1,0,0,0,0,0,0
1,4334270,124,61,0,0,0,1272,3189,0,0,0,0,0,0,0,0,0,0,0,0,0,0,1,0,0,0,0,0
1,5347096,163,22,2,0,0,15,92,0,0,0,5,0,0,0,0,0,2,0,0,0,0,3,0,0,0,0,0
1,4863997,6539,150,9,1,0,6,291,0,0,0,22,2,0,0,0,0,0,0,0,0,1,1,0,0,0,0,0
1,3882640,16398,136,2,1,0,0,59,0,0,0,2,1,0,0,0,0,0,0,0,0,0,2,0,0,0,0,0
1,4734887,266,9,0,0,0,53,1094,0,0,0,0,0,0,0,0,0,26,1,0,0,0,0,0,0,0,0,0
1,5293144,68,11,1,0,1,54,98,0,0,0,7,0,2,0,0,0,0,0,0,0,0,2,0,0,0,0,0
1,5670962,107,17,4,2,0,60,384,0,0,0,159,2,0,1,0,1,23,0,0,0,43,0,0,0,0,0,0
1,4620804,75,15,0,0,0,1061,2767,0,0,0,0,0,0,0,0,0,0,0,0,0,0,1,0,0,0,0,0
1,5018019,1553,34,15,0,0,0,631,1,0,0,54,0,0,0,0,0,0,0,0,0,6,7,0,0,0,0,0
1,3570008,237409,112980,4,0,0,0,13,0,0,0,4,0,0,0,0,0,0,0,0,0,0,0,0,0,0,0,0
1,5034886,447,5,1,0,0,0,51,1,0,0,1,0,0,0,0,0,0,0,0,0,0,1,0,0,0,0,0
1,4399643,3785,55,23,0,1,0,1141,1,0,0,69,0,2,0,0,0,0,0,0,0,6,12,0,0,0,0,0
1,4514758,75,8,0,0,0,4,38,0,0,0,0,0,0,0,0,0,3,1,0,0,0,0,0,0,0,0,0
1,4241637,69606,31,1,1,1,341,87,292,0,0,3,4,1,0,0,0,0,0,0,0,1,0,0,0,0,0,0
1,5015749,210,5,3,0,0,0,37,1,0,0,5,0,0,0,0,0,0,0,0,0,0,0,0,0,0,0,0
1,5032346,1916,122,11,0,0,0,245,0,0,0,11,0,0,1,0,1,0,0,0,0,9,3,0,0,0,0,0
1,3522898,237409,112980,4,0,0,0,13,0,0,0,4,0,0,0,0,0,0,0,0,0,0,0,0,0,0,0,0
1,4346686,3075,39,22,0,0,0,410,1,0,0,29,0,0,0,0,0,0,0,0,0,3,3,0,0,0,0,0
1,4539860,69,7,0,0,0,4,38,0,0,0,0,0,0,0,0,0,3,1,0,0,0,0,0,0,0,0,0
1,5676385,107,17,4,2,0,60,386,0,0,0,159,2,0,1,0,1,23,0,0,0,45,0,0,0,0,0,0
1,4633640,151,9,0,0,0,5,49,0,0,0,0,0,0,0,0,0,0,1,0,0,0,1,0,0,0,0,0
1,4999769,860,116,7,0,0,0,80,1,0,0,7,0,0,0,0,0,0,0,0,0,1,1,0,0,0,0,0
1,5016529,1833,104,11,0,0,0,233,0,0,0,12,0,0,0,0,0,0,0,0,0,6,3,0,0,0,0,0
1,2319318,9709,55,20,0,0,0,441,1,0,0,20,0,0,0,0,0,0,0,0,0,2,0,0,0,0,0,0
1,5676651,107,17,4,2,0,60,386,0,0,0,159,2,0,1,0,1,23,0,0,0,45,0,0,0,0,0,0
1,4517357,75,38,0,0,0,1347,2631,0,0,0,0,0,0,0,0,0,0,0,0,0,0,1,0,0,0,0,0
1,5017969,2268,102,12,0,0,0,273,0,0,0,12,0,0,0,0,0,0,0,0,0,8,2,0,0,0,0,0
1,4202837,124,61,0,0,0,1059,2763,0,0,0,0,0,0,0,0,0,0,0,0,0,0,1,0,0,0,0,0
1,5900210,4512,3110,1,1,0,4,146,0,0,0,1,1,0,0,0,0,0,0,0,0,11,4,0,0,0,0,0
1,5169634,3010,124,8,0,0,0,354,0,0,0,17,0,0,0,0,0,0,0,0,0,0,4,0,0,0,0,0
1,4870336,81,7,0,0,0,11,219,0,0,0,0,0,0,0,0,0,20,1,0,0,0,0,0,0,0,0,0
1,5056277,1514,144,7,0,0,0,251,0,0,0,12,0,0,0,0,0,0,0,0,0,6,1,0,0,0,0,0
1,2292890,11167,66,23,0,0,0,1461,1,0,0,83,0,0,0,0,0,0,0,0,0,9,2,0,0,0,0,0
1,5676141,107,17,4,2,0,60,386,0,0,0,159,2,0,1,0,1,23,0,0,0,45,0,0,0,0,0,0
1,4030584,71346,31,1,1,1,319,87,268,0,0,3,4,1,0,0,0,0,0,0,0,1,0,0,0,0,0,0
1,2323726,5242,46,8,0,1,0,614,1,0,0,22,0,1,0,0,0,0,0,0,0,5,2,0,0,0,0,0
1,5673159,107,17,4,2,0,60,386,0,0,0,159,2,0,1,0,1,23,0,0,0,45,0,0,0,0,0,0
1,4694849,6350,143,7,0,0,10,280,0,0,0,20,0,0,0,0,0,0,0,0,0,1,1,0,0,0,0,0
1,3386858,5303,34,40,0,5,0,985,1,0,0,136,0,13,5,0,5,1,0,0,0,6,20,0,0,0,0,0
1,5019980,3438,357,10,1,0,20,878,0,0,0,29,2,0,0,0,0,0,0,0,0,1,1,0,0,0,0,0
1,4452502,481820,25,1,1,1,118,19748,102,0,0,6,1,1,0,0,0,0,0,0,0,1,0,0,0,0,0,0
1,4517997,68,7,0,0,0,14,158,0,0,0,0,0,0,0,0,0,13,1,0,0,0,0,0,0,0,0,0
1,5252750,148,60,3,0,0,1937,360,1418,0,0,403,0,0,0,0,0,0,0,0,0,1,3,0,0,0,0,0
1,5664374,180,51,2,0,0,16,100,0,0,0,15,0,0,0,0,0,0,0,0,0,0,1,0,0,0,0,0
1,5270324,1836,74,39,0,0,0,177,0,0,0,48,0,0,0,0,0,0,0,0,0,0,1,0,0,0,0,0
1,5000857,1175,34,11,0,0,0,294,1,0,0,23,0,0,0,0,0,0,0,0,0,2,4,0,0,0,0,0
1,5676029,107,17,4,2,0,60,386,0,0,0,159,2,0,1,0,1,23,0,0,0,45,0,0,0,0,0,0
1,5028199,2110,5,17,0,0,0,226,1,0,0,17,0,0,0,0,0,0,0,0,0,3,7,0,0,0,0,0
1,4364464,1850,4,8,0,0,0,211,1,0,0,8,0,0,0,0,0,0,0,0,0,5,0,0,0,0,0,0
1,3296807,245614,116850,4,0,0,0,25,0,0,0,4,0,0,0,0,0,0,0,0,0,0,0,0,0,0,0,0
1,5670606,107,17,4,2,0,60,384,0,0,0,159,2,0,1,0,1,23,0,0,0,43,0,0,0,0,0,0
1,4704854,77,5,0,0,0,13,186,0,0,0,0,0,0,0,0,0,12,1,0,0,0,0,0,0,0,0,0
1,5022233,749,5,9,0,0,0,170,1,0,0,19,0,0,0,0,0,0,0,0,0,0,1,0,0,0,0,0
1,5043834,1889,134,12,0,0,0,272,0,0,0,12,0,0,0,0,0,0,0,0,0,6,2,0,0,0,0,0
1,5032742,1440,144,8,0,0,0,248,0,0,0,12,0,0,0,0,0,0,0,0,0,5,3,0,0,0,0,0
1,4510560,2069,45,9,0,0,0,227,1,0,0,9,0,0,0,0,0,0,0,0,0,2,0,0,0,0,0,0
1,3352595,2546,102,24,0,1,0,1159,1,0,0,157,0,4,6,0,6,0,0,0,0,7,20,0,0,0,0,0
1,4755385,75,15,0,0,0,1338,3321,0,0,0,0,0,0,0,0,0,0,0,0,0,0,1,0,0,0,0,0
1,4364974,150,4,1,0,0,0,17,1,0,0,1,0,0,0,0,0,0,0,0,0,0,0,0,0,0,0,0
1,5018167,2621,26,26,0,0,0,673,1,0,0,56,0,0,0,0,0,0,0,0,0,7,11,0,0,0,0,0
1,4711683,80,10,0,0,0,4,38,0,0,0,0,0,0,0,0,0,3,1,0,0,0,0,0,0,0,0,0
1,5152170,2639,57,8,0,0,0,396,0,0,0,12,0,0,0,0,0,0,0,0,0,2,1,0,0,0,0,0
1,4729628,101,9,0,0,0,15,218,0,0,0,0,0,0,0,0,0,14,1,0,0,0,1,0,0,0,0,0
1,3515785,338,8,0,0,0,0,2,0,0,0,0,0,0,0,0,0,0,0,0,0,2,0,0,0,0,0,0
1,4686356,6276,152,9,1,0,6,288,0,0,0,22,2,0,0,0,0,0,0,0,0,1,1,0,0,0,0,0
1,5064798,1213,112,8,0,0,0,247,0,0,0,12,0,0,0,0,0,0,0,0,0,6,1,0,0,0,0,0
1,2839534,40863,7,1,0,1,5,11,0,0,0,2,0,1,0,0,0,0,0,0,0,0,0,0,0,0,0,0
1,5026011,3594,355,10,1,0,25,879,0,0,0,34,2,0,0,0,0,0,0,0,0,3,1,0,0,0,0,0
1,2821438,408220,36,1,2,0,111,92,77,0,0,4,6,0,0,0,0,0,0,0,0,2,1,0,0,0,0,0
1,5026676,578,5,3,0,0,0,60,1,0,0,3,0,0,0,0,0,0,0,0,0,0,1,0,0,0,0,0
1,5675731,107,17,4,2,0,60,386,0,0,0,159,2,0,1,0,1,23,0,0,0,45,0,0,0,0,0,0
1,4966505,3500,348,10,1,0,32,875,0,0,0,41,2,0,0,0,0,0,0,0,0,3,1,0,0,0,0,0
1,4649243,128,7,0,0,0,6,45,0,0,0,0,0,0,0,0,0,0,1,0,0,0,0,0,0,0,0,0
1,5203642,2405,99,8,0,0,0,327,0,0,0,17,0,0,0,0,0,0,0,0,0,0,4,0,0,0,0,0
1,4865007,78,8,0,0,0,12,218,0,0,0,0,0,0,0,0,0,22,0,0,0,0,0,0,0,0,0,0
1,5027493,493,5,1,0,0,0,52,1,0,0,1,0,0,0,0,0,0,0,0,0,1,1,0,0,0,0,0
1,4498010,68,7,0,0,0,4,38,0,0,0,0,0,0,0,0,0,3,1,0,0,0,0,0,0,0,0,0
1,5015747,1308,5,8,0,0,0,187,1,0,0,11,0,0,0,0,0,0,0,0,0,1,3,0,0,0,0,0
1,5048844,268,5,1,0,1,0,30,1,0,0,1,0,1,0,0,0,0,0,0,0,3,0,0,0,0,0,0
1,4333705,2832,4,11,0,0,0,309,1,0,0,11,0,0,0,0,0,0,0,0,0,5,1,0,0,0,0,0
1,3849812,2661,2640,2,0,1,3,20,0,0,0,2,0,1,0,0,0,0,0,0,0,0,1,0,0,0,0,0
1,4434447,4061,60,35,0,0,0,692,1,0,0,51,0,0,0,0,0,0,0,0,0,6,1,0,0,0,0,0
1,4345754,566,82,4,0,0,0,55,1,0,0,4,0,0,0,0,0,0,0,0,0,1,0,0,0,0,0,0
1,5012709,2004,104,10,0,0,0,269,0,0,0,11,0,0,0,0,0,0,0,0,0,6,3,0,0,0,0,0
1,4700961,6368,153,9,1,0,6,299,0,0,0,22,2,0,0,0,0,0,0,0,0,1,1,0,0,0,0,0
1,4905827,3400,346,10,1,0,25,865,0,0,0,34,2,0,0,0,0,0,0,1,0,1,1,0,0,0,0,0
1,4124364,65837,32,1,2,0,111,92,77,0,0,4,6,0,0,0,0,0,0,0,0,2,1,0,0,0,0,0
1,3445555,237862,112980,4,0,0,0,24,0,0,0,4,0,0,0,0,0,0,0,0,0,0,0,0,0,0,0,0
1,2300194,24997,34,51,0,1,0,1837,1,0,0,70,0,1,0,0,0,0,0,0,0,9,7,0,0,0,0,0
1,5045811,1803,132,10,0,0,0,268,0,0,0,12,0,0,0,0,0,0,0,0,0,5,3,0,0,0,0,0
1,5364436,163,22,2,0,0,15,89,0,0,0,5,0,0,0,0,0,2,0,0,0,0,3,0,0,0,0,0
1,5288201,191,27,8,1,0,27,94,0,0,0,10,3,0,0,0,0,0,0,0,0,0,0,0,0,0,0,0
1,4308031,147,4,0,0,0,0,18,1,0,0,0,0,0,0,0,0,0,0,0,0,1,0,0,0,0,0,0
1,4786128,6486,136,9,1,0,6,282,0,0,0,22,2,0,0,0,0,0,0,0,0,1,1,0,0,0,0,0
1,4771003,6324,151,9,1,0,6,293,0,0,0,22,2,0,0,0,0,0,0,0,0,1,1,0,0,0,0,0
1,3148596,99777,90,1,0,1,39,14357,0,0,0,7,0,1,0,0,0,0,0,0,0,5,1,0,0,0,0,0
1,2294955,9682,74,10,0,0,0,625,1,0,0,19,0,0,0,0,0,0,0,0,0,3,3,0,0,0,0,0
1,4215008,124,61,0,0,0,1170,2985,0,0,0,0,0,0,0,0,0,0,0,0,0,0,1,0,0,0,0,0
1,5676581,107,17,4,2,0,60,386,0,0,0,159,2,0,1,0,1,23,0,0,0,45,0,0,0,0,0,0
1,4994785,3269,360,10,1,0,27,1203,0,0,0,36,2,0,0,0,0,0,0,0,0,1,1,0,0,0,0,0
1,5017957,1750,108,9,0,0,0,177,1,0,0,9,0,0,0,0,0,0,0,0,0,4,1,0,0,0,0,0
1,3477677,237409,112980,4,0,0,0,13,0,0,0,4,0,0,0,0,0,0,0,0,0,0,0,0,0,0,0,0
1,5353275,163,22,2,0,0,15,89,0,0,0,5,0,0,0,0,0,2,0,0,0,0,3,0,0,0,0,0
1,4840848,9430,337,12,1,0,6,362,0,0,0,24,2,0,0,0,0,0,0,0,0,1,1,0,0,0,0,0
1,5107528,970,5,5,0,0,0,98,1,0,0,5,0,0,0,0,0,0,0,0,0,1,1,0,0,0,0,0
1,4159030,4722,189,10,0,0,6,1877,0,0,0,45,0,0,0,0,0,0,0,0,0,1,1,0,0,0,0,0
1,5018951,859,116,4,0,0,0,75,1,0,0,4,0,0,0,0,0,0,0,0,0,2,0,0,0,0,0,0
1,5670861,107,17,4,2,0,60,384,0,0,0,159,2,0,1,0,1,23,0,0,0,43,0,0,0,0,0,0
1,3491654,237409,112980,4,0,0,0,13,0,0,0,4,0,0,0,0,0,0,0,0,0,0,0,0,0,0,0,0
1,3470520,237956,112980,4,0,0,0,24,0,0,0,4,0,0,0,0,0,0,0,0,0,0,0,0,0,0,0,0
1,4656414,127,7,0,0,0,6,45,0,0,0,0,0,0,0,0,0,0,1,0,0,0,0,0,0,0,0,0
1,5676214,107,17,4,2,0,60,386,0,0,0,159,2,0,1,0,1,23,0,0,0,45,0,0,0,0,0,0
1,3694063,107284,38,1,2,0,111,92,77,0,0,4,6,0,0,0,0,0,0,0,0,2,1,0,0,0,0,0
1,5002539,269,5,1,0,0,0,34,1,0,0,1,0,0,0,0,0,0,0,0,0,0,0,0,0,0,0,0
1,5676053,107,17,4,2,0,60,386,0,0,0,159,2,0,1,0,1,23,0,0,0,45,0,0,0,0,0,0
1,4356130,360,4,1,0,0,0,40,1,0,0,1,0,0,0,0,0,0,0,0,0,0,0,0,0,0,0,0
1,5576166,1966,936,6,0,0,0,170,0,0,0,6,0,0,0,0,0,0,0,0,0,1,1,0,0,0,0,0
1,4328690,1028,89,10,0,0,0,334,1,0,0,19,0,0,0,0,0,0,0,0,0,5,1,0,0,0,0,0
1,4119183,4965,177,11,0,0,6,2500,0,0,0,47,0,0,0,0,0,0,0,0,0,1,1,0,0,0,0,0
1,4654196,129,7,0,0,0,6,45,0,0,0,0,0,0,0,0,0,0,1,0,0,0,0,0,0,0,0,0
1,5033189,661,5,4,0,0,0,77,1,0,0,4,0,0,0,0,0,0,0,0,0,2,1,0,0,0,0,0
1,2304438,5176,66,10,0,0,0,242,1,0,0,10,0,0,0,0,0,0,0,0,0,3,0,0,0,0,0,0
1,4099498,4540,159,10,0,0,6,1890,0,0,0,45,0,0,0,0,0,0,0,0,0,1,1,0,0,0,0,0
1,4193306,65826,29,1,2,0,111,92,77,0,0,4,6,0,0,0,0,0,0,0,0,2,1,0,0,0,0,0
1,5016572,1304,33,11,0,1,0,206,1,0,0,22,0,1,0,0,0,0,0,0,0,4,2,0,0,0,0,0
1,2304659,19981,42,44,0,0,0,3544,1,0,0,166,0,0,0,0,0,0,0,0,0,17,7,0,0,0,0,0
1,4843742,28,8,1,0,0,1588,24,1574,0,0,2,0,0,0,0,0,0,0,0,0,1,1,0,0,0,0,0
1,5168590,3024,124,8,0,0,0,362,0,0,0,17,0,0,0,0,0,0,0,0,0,0,4,0,0,0,0,0
1,5050313,1557,122,9,0,0,0,258,0,0,0,12,0,0,0,0,0,0,0,0,0,7,1,0,0,0,0,0
1,4524593,69,7,0,0,0,4,38,0,0,0,0,0,0,0,0,0,3,1,0,0,0,0,0,0,0,0,0
1,2953484,99439,90,1,0,1,39,15014,0,0,0,7,0,1,0,0,0,0,0,0,0,5,1,0,0,0,0,0
1,4366927,609,4,2,0,0,0,28,1,0,0,2,0,0,0,0,0,0,0,0,0,0,1,0,0,0,0,0
1,4653135,69,7,0,0,0,13,146,0,0,0,0,0,0,0,0,0,12,1,0,0,0,0,0,0,0,0,0
1,4733092,9560,335,20,1,0,5,388,0,0,0,25,2,0,0,0,0,0,0,0,0,1,1,0,0,0,0,0
1,3771474,44767,35,1,1,0,86,141,27,0,0,3,4,0,0,0,0,0,0,0,0,0,1,0,0,0,0,0
1,4131202,4760,169,10,0,0,6,1766,0,0,0,45,0,0,0,0,0,0,0,4,0,1,1,0,0,0,0,0
1,4643638,124,7,0,0,0,6,45,0,0,0,0,0,0,0,0,0,0,1,0,0,0,0,0,0,0,0,0
1,4564632,69,7,0,0,0,4,38,0,0,0,0,0,0,0,0,0,3,1,0,0,0,0,0,0,0,0,0
1,4503817,68,7,0,0,0,4,38,0,0,0,0,0,0,0,0,0,3,1,0,0,0,0,0,0,0,0,0
1,3110365,80611,14,1,0,1,46,106,8,0,0,7,0,1,0,0,0,0,0,0,0,5,1,0,0,0,0,0
1,4185848,4864,178,10,0,0,6,1810,0,0,0,45,0,0,0,0,0,0,0,0,0,1,1,0,0,0,0,0
1,4679231,129,7,0,0,0,6,45,0,0,0,0,0,0,0,0,0,0,1,0,0,0,0,0,0,0,0,0
1,5002788,1256,5,11,0,1,0,138,1,0,0,11,0,1,0,0,0,0,0,0,0,1,0,0,0,0,0,0
1,4349565,4377,66,19,0,0,0,497,1,0,0,19,0,0,0,0,0,0,0,0,0,6,2,0,0,0,0,0
1,5671468,107,17,4,2,0,60,384,0,0,0,159,2,0,1,0,1,23,0,0,0,43,0,0,0,0,0,0
1,5003297,329,5,1,0,0,0,37,1,0,0,1,0,0,0,0,0,0,0,0,0,1,1,0,0,0,0,0
1,5022918,424,5,4,0,0,0,41,1,0,0,4,0,0,0,0,0,0,0,0,0,0,1,0,0,0,0,0
1,5676389,107,17,4,2,0,60,386,0,0,0,159,2,0,1,0,1,23,0,0,0,45,0,0,0,0,0,0
1,4721299,65,6,0,0,0,14,158,0,0,0,0,0,0,0,0,0,13,1,0,0,0,0,0,0,0,0,0
1,4951740,3463,357,10,1,0,19,885,0,0,0,28,2,0,0,0,0,0,0,0,0,1,1,0,0,0,0,0
1,4408581,3145,64,19,0,0,0,687,1,0,0,38,0,0,0,0,0,0,0,0,0,6,4,0,0,0,0,0
1,5213414,2408,99,8,0,0,0,330,0,0,0,17,0,0,0,0,0,0,0,0,0,1,5,0,0,0,0,0
1,4452553,4262,51,33,0,0,0,811,1,0,0,53,0,0,0,0,0,0,0,0,0,5,3,0,0,0,0,0
1,4996242,1794,114,12,0,0,0,241,0,0,0,13,0,0,0,0,0,0,0,0,0,7,3,0,0,0,0,0
1,2295597,16742,39,21,0,1,0,2712,1,0,0,92,0,1,0,0,0,0,0,0,0,8,8,0,0,0,0,0
1,5678058,180,51,2,0,0,16,98,0,0,0,15,0,0,0,0,0,0,0,0,0,0,1,0,0,0,0,0
1,5671619,107,17,4,2,0,60,386,0,0,0,159,2,0,1,0,1,23,0,0,0,45,0,0,0,0,0,0
1,4510012,67,7,0,0,0,4,38,0,0,0,0,0,0,0,0,0,3,1,0,0,0,0,0,0,0,0,0
1,5026109,34,5,0,0,0,0,6,1,0,0,0,0,0,0,0,0,0,0,0,0,0,1,0,0,0,0,0
1,4584483,68,7,0,0,0,4,47,0,0,0,0,0,0,0,0,0,6,1,0,0,0,0,0,0,0,0,0
1,5033672,1842,138,9,0,0,0,265,0,0,0,12,0,0,0,0,0,0,0,0,0,5,4,0,0,0,0,0
1,2303609,18467,83,35,0,0,0,898,1,0,0,38,0,0,0,0,0,0,0,0,0,3,1,0,0,0,0,0
1,5676066,107,17,4,2,0,60,386,0,0,0,159,2,0,1,0,1,23,0,0,0,45,0,0,0,0,0,0
1,5034739,1200,102,7,0,0,0,240,0,0,0,11,0,0,0,0,0,0,0,0,0,7,4,0,0,0,0,0
1,4659826,70,7,0,0,0,13,146,0,0,0,0,0,0,0,0,0,12,1,0,0,0,0,0,0,0,0,0
1,4528335,69,7,0,0,0,4,38,0,0,0,0,0,0,0,0,0,3,1,0,0,0,0,0,0,0,0,0
1,4540393,68,7,0,0,0,4,38,0,0,0,0,0,0,0,0,0,3,1,0,0,0,0,0,0,0,0,0
1,4716708,6321,136,7,1,0,5,289,0,0,0,17,1,0,0,0,0,0,0,0,0,1,2,0,0,0,0,0
1,4519664,67,7,0,0,0,4,38,0,0,0,0,0,0,0,0,0,3,1,0,0,0,0,0,0,0,0,0
1,4685707,9398,334,20,1,0,5,370,0,0,0,25,2,0,0,0,0,0,0,0,0,1,1,0,0,0,0,0
1,4169622,10271,189,10,0,0,7,1023,0,0,0,47,0,0,0,0,0,0,0,0,0,1,1,0,0,0,0,0
1,4671021,70,7,0,0,0,4,47,0,0,0,0,0,0,0,0,0,6,1,0,0,0,0,0,0,0,0,0
1,3458009,237409,112980,4,0,0,0,13,0,0,0,4,0,0,0,0,0,0,0,0,0,0,0,0,0,0,0,0
1,4529550,1379,4,5,0,0,0,121,1,0,0,5,0,0,0,0,0,0,0,0,0,4,0,0,0,0,0,0
1,4540831,82,12,0,0,0,30,285,0,0,0,0,0,0,0,0,0,24,1,0,0,0,0,0,0,0,0,0
1,5670559,107,17,4,2,0,60,384,0,0,0,159,2,0,1,0,1,23,0,0,0,43,0,0,0,0,0,0
1,3788539,784,16,0,0,1,0,12,0,0,0,0,0,1,0,0,0,0,0,0,0,1,1,0,0,0,0,0
1,5253848,153,48,3,0,0,1763,349,1276,0,0,370,0,0,0,0,0,0,0,0,0,1,3,0,0,0,0,0
1,5015900,397,5,1,0,0,0,49,1,0,0,1,0,0,0,0,0,0,0,0,0,1,1,0,0,0,0,0
1,4997867,2464,136,11,0,0,0,249,0,0,0,11,0,0,0,0,0,0,0,0,0,6,2,0,0,0,0,0
1,5771847,16214,315,0,0,0,1,415,0,0,0,0,0,0,0,0,0,0,0,0,0,1,2,0,0,0,0,0
1,4742862,9086,347,17,1,0,5,368,0,0,0,25,2,0,0,0,0,0,0,0,0,1,1,0,0,0,0,0
1,4354374,5155,33,18,0,0,0,508,0,0,0,41,0,0,0,0,0,0,0,0,0,6,0,0,0,0,0,0
1,5026258,1824,102,7,0,0,0,276,0,0,0,11,0,0,0,0,0,0,0,0,0,4,2,0,0,0,0,0
1,4566950,82,7,0,0,0,27,280,0,0,0,0,0,0,0,0,0,24,1,0,0,0,0,0,0,0,0,0
1,5009905,154,3,1,0,0,0,14,1,0,0,1,0,0,0,0,0,0,0,0,0,0,0,0,0,0,0,0
1,5487315,477,5,4,0,0,0,52,1,0,0,4,0,0,0,0,0,10,0,0,0,1,0,0,0,0,0,0
1,5018630,351,34,2,0,0,0,37,1,0,0,2,0,0,0,0,0,0,0,0,0,0,0,0,0,0,0,0
1,4865595,79,8,0,0,0,15,306,0,0,0,0,0,0,0,0,0,28,1,0,0,0,0,0,0,0,0,0
1,5163214,2994,124,8,0,0,0,349,0,0,0,17,0,0,0,0,0,0,0,0,0,0,4,0,0,0,0,0
1,4813173,65,8,0,0,0,11,159,0,0,0,0,0,0,0,0,0,20,1,0,0,0,0,0,0,0,0,0
1,5086025,1887,49,10,0,1,0,246,0,0,0,12,0,1,0,0,0,0,0,0,0,5,3,0,0,0,0,0
1,4991368,1813,96,11,0,0,0,211,0,0,0,12,0,0,0,0,0,0,0,0,0,5,1,0,0,0,0,0
1,4637960,67,7,0,0,0,4,47,0,0,0,0,0,0,0,0,0,6,1,0,0,0,0,0,0,0,0,0
1,3192940,71353,90,1,0,1,39,106,0,0,0,7,0,1,0,0,0,0,0,0,0,5,1,0,0,0,0,0
1,5028961,928,116,4,0,0,0,91,1,0,0,4,0,0,0,0,0,0,0,0,0,1,0,0,0,0,0,0
1,4764572,85,12,0,0,0,4,26,0,0,0,0,0,0,0,0,0,3,1,0,0,0,0,0,0,0,0,0
1,5141469,3533,65,11,0,0,0,396,0,0,0,12,0,0,1,0,1,0,0,0,0,3,2,0,0,0,0,0
1,4498010,68,7,0,0,0,4,38,0,0,0,0,0,0,0,0,0,3,1,0,0,0,0,0,0,0,0,0
1,4525516,67,7,0,0,0,4,38,0,0,0,0,0,0,0,0,0,3,1,0,0,0,0,0,0,0,0,0
1,4442651,7139,71,29,0,0,0,790,1,0,0,29,0,0,0,0,0,0,0,0,0,6,2,0,0,0,0,0
1,4670577,6359,154,9,1,0,6,296,0,0,0,22,2,0,0,0,0,0,0,0,0,1,1,0,0,0,0,0
1,4965410,3299,20,3,0,0,61,412,0,0,0,27,0,0,2,0,2,0,0,0,0,3,8,0,0,0,0,0
1,5028459,236,23,7,1,0,258,181,205,0,0,41,1,0,0,0,0,0,0,0,0,1,2,0,0,0,0,0
1,5017430,4312,34,42,0,0,0,511,1,0,0,48,0,0,0,0,0,0,0,0,0,4,7,0,0,0,0,0
1,4737972,132,7,0,0,0,6,48,0,0,0,0,0,0,0,0,0,0,1,0,0,0,0,0,0,0,0,0
1,5655801,180,51,2,0,0,16,98,0,0,0,15,0,0,0,0,0,0,0,0,0,0,1,0,0,0,0,0
1,4494509,67,7,0,0,0,4,38,0,0,0,0,0,0,0,0,0,3,1,0,0,0,0,0,0,0,0,0
1,4998188,1744,106,10,0,0,0,231,0,0,0,11,0,0,0,0,0,0,0,0,0,5,2,0,0,0,0,0
1,4997458,863,5,9,0,0,0,166,1,0,0,16,0,0,1,0,1,0,0,0,0,1,3,0,0,0,0,0
1,3090708,126,16,3,1,0,15,31,1,0,0,4,4,0,0,0,0,0,0,0,0,0,1,0,0,0,0,0
1,4488188,64,6,0,0,0,4,38,0,0,0,0,0,0,0,0,0,3,1,0,0,0,0,0,0,0,0,0
1,5568405,1966,936,6,0,0,0,149,0,0,0,6,0,0,0,0,0,0,0,0,0,1,1,0,0,0,0,0
1,5655143,180,51,2,0,0,16,98,0,0,0,15,0,0,0,0,0,0,0,0,0,0,1,0,0,0,0,0
1,3796328,26710,18,1,1,0,648,51518,0,0,0,6,3,0,0,0,0,0,0,0,0,1,4,0,0,0,0,0
1,5676122,107,17,4,2,0,60,386,0,0,0,159,2,0,1,0,1,23,0,0,0,45,0,0,0,0,0,0
1,5671390,107,17,4,2,0,60,384,0,0,0,159,2,0,1,0,1,23,0,0,0,43,0,0,0,0,0,0
1,5671161,107,17,4,2,0,60,384,0,0,0,159,2,0,1,0,1,23,0,0,0,43,0,0,0,0,0,0
1,5575912,1966,936,6,0,0,0,154,0,0,0,6,0,0,0,0,0,0,0,0,0,1,1,0,0,0,0,0
1,5762256,6114,1615,2,2,1,48,128,1,0,0,15,12,1,0,0,0,0,0,0,0,3,1,0,0,0,0,0
1,5023009,1384,108,11,0,0,0,628,1,0,0,43,0,0,3,0,3,0,0,0,0,15,9,0,0,0,0,0
1,4862431,80,5,0,0,0,4,68,0,0,0,0,0,0,0,0,0,6,1,0,0,0,0,0,0,0,0,0
1,5000171,2401,104,21,0,0,0,569,1,0,0,53,0,0,0,0,0,0,0,0,0,8,7,0,0,0,0,0
1,5030543,1927,116,9,0,0,0,255,0,0,0,12,0,0,0,0,0,0,0,0,0,4,2,0,0,0,0,0
1,4693726,133,7,0,0,0,14,167,0,0,0,0,0,0,0,0,0,0,1,0,0,0,0,0,0,0,0,0
1,4540393,68,7,0,0,0,4,38,0,0,0,0,0,0,0,0,0,3,1,0,0,0,0,0,0,0,0,0
1,4680757,128,7,0,0,0,6,42,0,0,0,0,0,0,0,0,0,0,1,0,0,0,0,0,0,0,0,0
1,5214054,2400,99,8,0,0,0,328,0,0,0,17,0,0,0,0,0,0,0,0,0,0,5,0,0,0,0,0
1,5672920,107,17,4,2,0,60,386,0,0,0,159,2,0,1,0,1,23,0,0,0,45,0,0,0,0,0,0
1,4973762,81,8,0,0,0,11,218,0,0,0,0,0,0,0,0,0,20,1,0,0,0,0,0,0,0,0,0
1,4569955,68,7,0,0,0,4,38,0,0,0,0,0,0,0,0,0,3,1,0,0,0,0,0,0,0,0,0
1,5009162,102,3,1,0,0,0,11,1,0,0,1,0,0,0,0,0,0,0,0,0,0,0,0,0,0,0,0
1,4542376,70,7,0,0,0,4,38,0,0,0,0,0,0,0,0,0,3,1,0,0,0,0,0,0,0,0,0
1,5098412,1742,56,10,0,0,0,238,0,0,0,12,0,0,0,0,0,0,0,0,0,6,3,0,0,0,0,0
1,5670906,107,17,4,2,0,60,384,0,0,0,159,2,0,1,0,1,23,0,0,0,43,0,0,0,0,0,0
1,4688453,100,8,0,0,0,4,50,0,0,0,0,0,0,0,0,0,3,1,0,0,0,0,0,0,0,0,0
1,4661688,111,10,0,0,0,14,158,0,0,0,0,0,0,0,0,0,13,1,0,0,0,0,0,0,0,0,0
1,5037909,1412,136,8,0,0,0,253,0,0,0,11,0,0,0,0,0,0,0,0,0,6,2,0,0,0,0,0
1,5034597,1915,5,11,0,0,0,219,1,0,0,11,0,0,1,0,1,0,0,0,0,5,1,0,0,0,0,0
1,4621803,65,6,0,0,0,4,38,0,0,0,0,0,0,0,0,0,3,1,0,0,0,0,0,0,0,0,0
1,4385513,3602,69,33,0,0,0,393,1,0,0,33,0,0,0,0,0,0,0,0,0,6,1,0,0,0,0,0
1,5035351,1031,5,9,0,0,0,146,1,0,0,11,0,0,0,0,0,0,0,0,0,2,2,0,0,0,0,0
1,5670924,107,17,4,2,0,60,384,0,0,0,159,2,0,1,0,1,23,0,0,0,43,0,0,0,0,0,0
1,5009183,1916,34,16,0,1,0,370,1,0,0,30,0,2,0,0,0,0,0,0,0,5,6,0,0,0,0,0
1,3618420,70823,35,1,1,0,86,141,27,0,0,3,4,0,0,0,0,0,0,0,0,0,1,0,0,0,0,0
1,5031480,4379,69,34,0,0,0,951,1,0,0,75,0,0,0,0,0,0,0,0,0,13,10,0,0,0,0,0
1,5670588,107,17,4,2,0,60,384,0,0,0,159,2,0,1,0,1,23,0,0,0,43,0,0,0,0,0,0
1,5044009,130,5,0,0,0,0,17,1,0,0,0,0,0,0,0,0,0,0,0,0,1,0,0,0,0,0,0
1,3504027,145682,116,1,2,0,111,91,77,0,0,4,6,0,0,0,0,0,0,0,0,2,1,0,0,0,0,0
1,3878777,2633,2612,2,0,1,3,20,0,0,0,2,0,1,0,0,0,0,0,0,0,0,1,0,0,0,0,0
1,4993677,1706,5,13,0,0,0,194,1,0,0,13,0,0,0,0,0,0,0,0,0,2,3,0,0,0,0,0
1,5022825,1055,106,4,0,0,0,99,1,0,0,4,0,0,0,0,0,0,0,0,0,4,2,0,0,0,0,0
1,3777049,85638,29,1,2,0,111,92,77,0,0,4,6,0,0,0,0,0,0,0,0,2,1,0,0,0,0,0
1,4500256,336,4,2,0,0,0,39,1,0,0,2,0,0,0,0,0,0,0,0,0,0,0,0,0,0,0,0
1,4273035,2252,47,20,0,0,0,238,1,0,0,20,0,0,0,0,0,0,0,0,0,2,0,0,0,0,0,0
1,4141401,4850,179,10,0,0,6,1851,0,0,0,45,0,0,0,0,0,0,0,0,0,1,1,0,0,0,0,0
1,5047152,1932,124,11,0,0,0,254,0,0,0,13,0,0,0,0,0,0,0,0,0,7,2,0,0,0,0,0
1,5017538,1203,122,8,0,0,0,222,0,0,0,11,0,0,0,0,0,0,0,0,0,6,3,0,0,0,0,0
1,4525516,67,7,0,0,0,4,38,0,0,0,0,0,0,0,0,0,3,1,0,0,0,0,0,0,0,0,0
1,1953817,356706,14,1,0,1,39,106,0,0,0,7,0,1,0,0,0,0,0,0,0,5,1,0,0,0,0,0
1,3546844,22568,90,1,0,1,39,106,0,0,0,7,0,1,0,0,0,0,0,0,0,5,1,0,0,0,0,0
1,5085990,2004,71,8,0,0,0,271,0,0,0,11,0,0,0,0,0,0,0,0,0,4,4,0,0,0,0,0
1,5019717,116,4,0,0,0,0,13,1,0,0,0,0,0,0,0,0,0,0,0,0,0,0,0,0,0,0,0
1,5005942,2071,118,18,0,0,0,328,1,0,0,27,0,0,0,0,0,0,0,0,0,2,4,0,0,0,0,0
1,3352070,4408,34,35,0,2,0,631,1,0,0,134,0,4,3,0,3,0,0,0,0,5,17,0,0,0,0,0
1,5670729,107,17,4,2,0,60,384,0,0,0,159,2,0,1,0,1,23,0,0,0,43,0,0,0,0,0,0
1,5676055,107,17,4,2,0,60,386,0,0,0,159,2,0,1,0,1,23,0,0,0,45,0,0,0,0,0,0
1,4651079,69,7,0,0,0,14,192,0,0,0,0,0,0,0,0,0,26,1,0,0,0,0,0,0,0,0,0
1,4539419,70,7,0,0,0,4,38,0,0,0,0,0,0,0,0,0,3,1,0,0,0,0,0,0,0,0,0
1,5019999,1265,122,11,0,0,0,118,1,0,0,11,0,0,0,0,0,0,0,0,0,2,4,0,0,0,0,0
1,4768230,6253,181,7,0,0,10,276,0,0,0,20,0,0,0,0,0,0,0,0,0,1,1,0,0,0,0,0
1,4539860,69,7,0,0,0,4,38,0,0,0,0,0,0,0,0,0,3,1,0,0,0,0,0,0,0,0,0
1,4694272,6266,145,9,1,0,6,288,0,0,0,22,2,0,0,0,0,0,0,0,0,1,1,0,0,0,0,0
1,4407400,2218,16,11,0,0,16,356,0,0,0,13,0,0,0,0,0,0,0,0,0,1,1,0,0,0,0,0
1,4790202,9302,339,17,1,0,5,352,0,0,0,25,2,0,0,0,0,0,0,0,0,1,1,0,0,0,0,0
1,5571898,1966,936,6,0,0,0,170,0,0,0,6,0,0,0,0,0,0,0,0,0,1,1,0,0,0,0,0
1,5013564,2311,124,9,0,0,0,241,0,0,0,11,0,0,0,0,0,0,0,0,0,7,2,0,0,0,0,0
1,5043699,1924,158,16,0,0,0,293,1,0,0,25,0,0,1,0,1,0,0,0,0,5,3,0,0,0,0,0
1,4652968,127,7,0,0,0,6,42,0,0,0,0,0,0,0,0,0,0,1,0,0,0,0,0,0,0,0,0
1,5015297,3763,57,32,0,0,0,1002,1,0,0,76,0,0,1,0,1,0,0,0,0,13,7,0,0,0,0,0
1,5020469,1898,5,18,0,0,0,316,1,0,0,28,0,0,0,0,0,0,0,0,0,3,4,0,0,0,0,0
1,4999166,1863,106,9,0,0,0,235,0,0,0,12,0,0,0,0,0,0,0,0,0,6,2,0,0,0,0,0
1,4662494,130,7,0,0,0,6,45,0,0,0,0,0,0,0,0,0,0,1,0,0,0,0,0,0,0,0,0
1,5580231,1966,936,6,0,0,0,155,0,0,0,6,0,0,0,0,0,0,0,0,0,1,1,0,0,0,0,0
1,4731417,8895,345,17,1,0,5,361,0,0,0,25,2,0,0,0,0,0,0,0,0,1,1,0,0,0,0,0
1,4489924,83,18,0,0,0,4,44,0,0,0,0,0,0,0,0,0,3,0,0,0,0,0,0,0,0,0,0
1,5049843,2017,116,11,0,0,0,230,0,0,0,12,0,0,0,0,0,0,0,0,0,6,2,0,0,0,0,0
1,3275819,14425,39,1,0,1,197,116,143,0,0,15,0,1,0,0,0,0,0,0,0,5,1,0,0,0,0,0
1,5117523,62,11,2,0,0,3,18,0,0,0,5,0,0,0,0,0,0,0,0,0,2,0,0,0,0,0,0
1,5014052,2701,45,23,0,0,0,283,1,0,0,23,0,0,0,0,0,0,0,0,0,3,5,0,0,0,0,0
1,4534586,68,7,0,0,0,4,38,0,0,0,0,0,0,0,0,0,3,1,0,0,0,0,0,0,0,0,0
1,2804814,109631,7,1,0,1,5,11,0,0,0,2,0,1,0,0,0,0,0,0,0,0,0,0,0,0,0,0
1,5676002,107,17,4,2,0,60,386,0,0,0,159,2,0,1,0,1,23,0,0,0,45,0,0,0,0,0,0
1,4593190,1103,24,1,3,0,355,2277,5,0,0,13,21,0,0,0,0,0,0,0,0,92,1,0,0,0,0,0
1,4525516,67,7,0,0,0,4,38,0,0,0,0,0,0,0,0,0,3,1,0,0,0,0,0,0,0,0,0
1,4649528,9079,361,12,1,0,6,360,0,0,0,24,2,0,0,0,0,0,0,0,0,1,1,0,0,0,0,0
1,4641918,67,7,0,0,0,13,146,0,0,0,0,0,0,0,0,0,12,1,0,0,0,0,0,0,0,0,0
1,4667071,68,7,0,0,0,4,47,0,0,0,0,0,0,0,0,0,6,1,0,0,0,0,0,0,0,0,0
1,4935717,2064,122,12,0,0,0,175,0,0,0,13,0,0,0,0,0,0,0,0,0,7,2,0,0,0,0,0
1,3391460,6497,63,69,0,5,0,1968,0,0,0,300,0,14,10,0,10,0,0,0,0,11,19,0,0,0,0,0
1,5027337,678,116,2,0,0,0,60,1,0,0,2,0,0,0,0,0,0,0,0,0,2,0,0,0,0,0,0
1,4640476,92,7,0,0,0,15,170,0,0,0,0,0,0,0,0,0,14,1,0,0,0,0,0,0,0,0,0
1,5019095,357,4,2,0,0,0,45,1,0,0,2,0,0,0,0,0,0,0,0,0,0,0,0,0,0,0,0
1,4665180,129,7,0,0,0,6,45,0,0,0,0,0,0,0,0,0,0,1,0,0,0,0,0,0,0,0,0
1,5022248,1801,106,9,0,0,0,235,0,0,0,11,0,0,0,0,0,0,0,0,0,2,2,0,0,0,0,0
1,4635796,66,6,0,0,0,4,38,0,0,0,0,0,0,0,0,0,3,1,0,0,0,0,0,0,0,0,0
1,3471304,237409,112980,4,0,0,0,13,0,0,0,4,0,0,0,0,0,0,0,0,0,0,0,0,0,0,0,0
1,4990865,84,4,0,0,0,0,12,1,0,0,0,0,0,0,0,0,0,0,0,0,1,0,0,0,0,0,0
1,4995778,1646,128,10,0,2,0,224,0,0,0,12,0,2,1,0,1,0,0,0,0,6,2,0,0,0,0,0
1,5675844,107,17,4,2,0,60,386,0,0,0,159,2,0,1,0,1,23,0,0,0,45,0,0,0,0,0,0
1,5151985,62,11,2,0,0,3,18,0,0,0,5,0,0,0,0,0,0,0,0,0,2,0,0,0,0,0,0
1,4182358,4618,179,10,0,0,6,1834,0,0,0,45,0,0,0,0,0,0,0,0,0,1,1,0,0,0,0,0
1,2811831,54311,8,0,0,2,0,7,0,0,0,0,0,2,0,0,0,0,0,0,0,1,1,0,0,0,0,0
1,4694357,75,7,0,0,0,13,158,0,0,0,0,0,0,0,0,0,12,1,0,0,0,0,0,0,0,0,0
1,4240122,11204,20,97,0,1,6,606,0,0,0,98,0,1,0,0,0,0,0,0,0,1,1,0,0,0,0,0
1,5675675,107,17,4,2,0,60,386,0,0,0,159,2,0,1,0,1,23,0,0,0,45,0,0,0,0,0,0
1,3633793,55033,20,0,1,1,35,28678,0,0,0,0,3,1,0,0,0,0,0,0,0,3,0,0,0,0,0,0
1,5010239,673,5,4,0,1,0,70,1,0,0,4,0,1,0,0,0,0,0,0,0,0,1,0,0,0,0,0
1,3505647,237409,112980,4,0,0,0,13,0,0,0,4,0,0,0,0,0,0,0,0,0,0,0,0,0,0,0,0
1,5010766,228,4,2,0,0,0,24,1,0,0,2,0,0,0,0,0,0,0,0,0,1,0,0,0,0,0,0
1,4627636,128,7,0,0,0,6,45,0,0,0,0,0,0,0,0,0,0,1,0,0,0,0,0,0,0,0,0
1,5034211,3552,354,10,1,0,24,835,0,0,0,33,2,0,0,0,0,0,0,0,0,1,1,0,0,0,0,0
1,5044302,250,4,1,0,0,0,27,1,0,0,1,0,0,0,0,0,0,0,0,0,0,1,0,0,0,0,0
1,5087551,2069,63,10,0,0,0,259,0,0,0,12,0,0,0,0,0,0,0,0,0,7,2,0,0,0,0,0
1,4677185,69,7,0,0,0,13,146,0,0,0,0,0,0,0,0,0,12,1,0,0,0,0,0,0,0,0,0
1,4406841,950,68,8,0,0,0,189,1,0,0,14,0,0,0,0,0,0,0,0,0,1,1,0,0,0,0,0
1,5028715,1534,110,6,0,0,0,248,0,0,0,11,0,0,0,0,0,0,0,0,0,6,3,0,0,0,0,0
1,5033899,2269,116,11,0,0,0,252,0,0,0,11,0,0,0,0,0,0,0,0,0,10,1,0,0,0,0,0
1,5177481,429,12,2,0,0,0,49,1,0,0,2,0,0,0,0,0,0,0,0,0,0,0,0,0,0,0,0
1,3342883,237409,112980,4,0,0,0,13,0,0,0,4,0,0,0,0,0,0,0,0,0,0,0,0,0,0,0,0
1,4486520,5702,49,23,0,2,0,634,1,0,0,23,0,2,0,0,0,0,0,0,0,3,0,0,0,0,0,0
1,3328808,57111,10,1,1,1,51,154,0,0,0,3,4,1,0,0,0,0,0,0,0,1,0,0,0,0,0,0
1,5049422,280,5,3,0,0,0,30,1,0,0,3,0,0,0,0,0,0,0,0,0,1,1,0,0,0,0,0
1,5328151,163,22,2,0,0,15,92,0,0,0,5,0,0,0,0,0,2,0,0,0,0,3,0,0,0,0,0
1,4509624,68,7,0,0,0,4,38,0,0,0,0,0,0,0,0,0,3,1,0,0,0,0,0,0,0,0,0
1,4908137,6358,199,9,1,0,6,280,0,0,0,22,2,0,0,0,0,0,0,0,0,1,1,0,0,0,0,0
1,5002268,1946,134,9,0,1,0,228,0,0,0,11,0,1,0,0,0,0,0,0,0,7,2,0,0,0,0,0
1,5464247,247,29,10,1,1,460,784,0,0,0,78,4,1,2,0,2,0,0,0,0,25,0,0,0,0,0,0
1,5313167,213,30,2,1,0,516,48,506,0,0,6,1,0,0,0,0,0,0,0,0,1,2,0,0,0,0,0
1,3416068,1565,34,13,0,1,0,70,1,0,0,13,0,1,0,0,0,0,0,0,0,1,2,0,0,0,0,0
1,5671117,107,17,4,2,0,60,384,0,0,0,159,2,0,1,0,1,23,0,0,0,43,0,0,0,0,0,0
1,4652147,95,8,0,0,0,15,222,0,0,0,0,0,0,0,0,0,14,1,0,0,0,0,0,0,0,0,0
1,5036503,2324,122,13,0,0,0,266,0,0,0,13,0,0,0,0,0,0,0,0,0,4,2,0,0,0,0,0
1,3840437,1696,21,2,0,0,265,1036,0,0,0,255,0,0,0,0,0,0,0,0,0,0,1,0,0,0,0,0
1,3468218,466,8,0,0,1,0,3,0,0,0,0,0,1,0,0,0,0,0,0,0,1,1,0,0,0,0,0
1,4615131,2281,36,0,0,1,0,152,0,0,0,0,0,1,0,0,0,0,0,0,0,1,1,0,0,0,0,0
1,5056757,1770,31,10,0,1,0,237,0,0,0,12,0,1,0,0,0,0,0,0,0,4,4,0,0,0,0,0
1,5033790,2092,128,17,0,0,0,305,1,0,0,25,0,0,1,0,1,0,0,0,0,4,4,0,0,0,0,0
1,4431710,1811,34,14,0,0,0,191,1,0,0,14,0,0,0,0,0,0,0,0,0,1,3,0,0,0,0,0
1,5142886,3597,351,10,1,0,31,839,0,0,0,40,2,0,0,0,0,0,0,0,0,1,1,0,0,0,0,0
1,4687710,75,15,0,0,0,1361,3367,0,0,0,0,0,0,0,0,0,0,0,0,0,0,1,0,0,0,0,0
1,4606916,127,7,0,0,0,6,45,0,0,0,0,0,0,0,0,0,0,1,0,0,0,0,0,0,0,0,0
1,5670885,107,17,4,2,0,60,384,0,0,0,159,2,0,1,0,1,23,0,0,0,43,0,0,0,0,0,0
1,5671468,107,17,4,2,0,60,384,0,0,0,159,2,0,1,0,1,23,0,0,0,43,0,0,0,0,0,0
1,3366084,7567,47,64,0,6,0,2038,0,0,0,309,0,21,8,0,8,2,0,0,0,10,23,0,0,0,0,0
1,4440146,6553,43,26,0,0,0,1221,0,0,0,42,0,0,0,0,0,0,0,0,0,4,0,0,0,0,0,0
1,5031553,2034,112,10,0,0,0,267,0,0,0,12,0,0,0,0,0,0,0,0,0,7,3,0,0,0,0,0
1,3343513,5412,34,55,0,5,0,1985,0,0,0,319,0,18,4,0,4,0,0,0,0,9,24,0,0,0,0,0
1,5167874,2996,124,8,0,0,0,354,0,0,0,17,0,0,0,0,0,0,0,0,0,0,4,0,0,0,0,0
1,5178837,8772,12,35,0,0,0,1140,1,0,0,39,0,0,0,0,0,0,0,0,0,1,3,0,0,0,0,0
1,4153165,4659,169,10,0,0,6,1831,0,0,0,45,0,0,0,0,0,0,0,0,0,1,1,0,0,0,0,0
1,5065353,2471,114,11,0,0,0,273,0,0,0,11,0,0,1,0,1,0,0,0,0,6,2,0,0,0,0,0
1,5162066,3019,124,8,0,0,0,361,0,0,0,17,0,0,0,0,0,0,0,0,0,1,4,0,0,0,0,0
1,5676295,107,17,4,2,0,60,386,0,0,0,159,2,0,1,0,1,23,0,0,0,45,0,0,0,0,0,0
1,4104782,4879,189,10,0,0,6,1858,0,0,0,45,0,0,0,0,0,0,0,0,0,1,1,0,0,0,0,0
1,4706130,45797,45741,1,2,1,71,146,0,0,0,13,6,1,0,0,0,0,0,0,0,1,0,0,0,0,0,0
1,5022340,1856,120,9,0,0,0,248,0,0,0,11,0,0,0,0,0,0,0,0,0,7,2,0,0,0,0,0
1,3340446,4086,74,32,0,2,0,1292,0,0,0,299,0,14,11,0,11,4,0,0,0,9,27,0,0,0,0,0
1,3656474,85649,37,1,2,0,111,92,77,0,0,4,6,0,0,0,0,0,0,0,0,2,1,0,0,0,0,0
1,4524524,69,7,0,0,0,5,38,0,0,0,0,0,0,0,0,0,3,1,0,0,0,0,0,0,0,0,0
1,4761934,9077,352,17,1,0,5,362,0,0,0,25,2,0,0,0,0,0,0,0,0,1,1,0,0,0,0,0
1,3505575,237842,112980,4,0,0,0,24,0,0,0,4,0,0,0,0,0,0,0,0,0,0,0,0,0,0,0,0
1,5028148,2182,5,20,0,0,0,228,1,0,0,20,0,0,0,0,0,0,0,0,0,2,4,0,0,0,0,0
1,4554263,9348,345,12,1,0,6,372,0,0,0,24,2,0,0,0,0,0,0,0,0,1,1,0,0,0,0,0
1,4679902,70,7,0,0,0,4,47,0,0,0,0,0,0,0,0,0,6,1,0,0,0,0,0,0,0,0,0
1,5016441,1957,118,9,0,0,0,263,0,0,0,11,0,0,0,0,0,0,0,0,0,7,3,0,0,0,0,0
1,5010619,1251,75,11,0,0,0,239,1,0,0,18,0,0,0,0,0,0,0,0,0,2,4,0,0,0,0,0
1,4984311,1745,108,10,0,1,0,235,0,0,0,12,0,1,0,0,0,0,0,0,0,7,3,0,0,0,0,0
1,5070110,3510,336,10,1,0,23,872,0,0,0,32,2,0,0,0,0,0,0,0,0,1,1,0,0,0,0,0
1,5165607,2995,124,8,0,0,0,350,0,0,0,17,0,0,0,0,0,0,0,0,0,0,4,0,0,0,0,0
1,5240663,147,30,3,0,0,1865,361,1362,0,0,376,0,0,0,0,0,0,0,0,0,2,2,0,0,0,0,0
1,5070891,1804,70,10,0,0,0,237,0,0,0,12,0,0,0,0,0,0,0,0,0,6,1,0,0,0,0,0
1,4528335,69,7,0,0,0,4,38,0,0,0,0,0,0,0,0,0,3,1,0,0,0,0,0,0,0,0,0
1,5570752,1966,936,6,0,0,0,142,0,0,0,6,0,0,0,0,0,0,0,0,0,1,1,0,0,0,0,0
1,3380977,46103,24,3,1,1,87,220,5,0,0,18,4,1,0,0,0,0,0,0,0,18,1,0,0,0,0,0
1,3563422,237409,112980,4,0,0,0,13,0,0,0,4,0,0,0,0,0,0,0,0,0,0,0,0,0,0,0,0
1,2808745,244428,90,1,0,1,39,106,0,0,0,7,0,1,0,0,0,0,0,0,0,5,1,0,0,0,0,0
1,5018245,656,5,1,0,0,0,68,1,0,0,1,0,0,0,0,0,0,0,0,0,1,1,0,0,0,0,0
1,4679902,86,11,0,0,0,14,154,0,0,0,0,0,0,0,0,0,13,1,0,0,0,0,0,0,0,0,0
1,5270082,1812,74,39,0,0,0,173,0,0,0,48,0,0,0,0,0,0,0,0,0,0,1,0,0,0,0,0
1,4709864,460,256,1,1,0,237,486,0,0,0,236,2,0,0,0,0,0,0,0,0,1,2,0,0,0,0,0
1,4699709,266,11,0,0,0,16,331,0,0,0,0,0,0,0,0,0,0,1,0,0,0,0,0,0,0,0,0
1,4809845,6240,127,7,0,0,10,279,0,0,0,20,0,0,0,0,0,0,0,0,0,1,1,0,0,0,0,0
1,4680750,130,7,0,0,0,6,45,0,0,0,0,0,0,0,0,0,0,1,0,0,0,0,0,0,0,0,0
1,5560965,1966,936,6,0,0,0,148,0,0,0,6,0,0,0,0,0,0,0,0,0,1,1,0,0,0,0,0
1,4669892,75,23,0,0,0,1283,2503,0,0,0,0,0,0,0,0,0,0,0,0,0,0,1,0,0,0,0,0
1,4974387,82,6,0,0,0,11,199,0,0,0,0,0,0,0,0,0,20,1,0,0,0,0,0,0,0,0,0
1,3138763,1154867,39,1,2,0,111,92,77,0,0,4,6,0,0,0,0,0,0,0,0,2,1,0,0,0,0,0
1,5569842,1966,936,6,0,0,0,136,0,0,0,6,0,0,0,0,0,0,0,0,0,1,1,0,0,0,0,0
1,4622607,64,6,0,0,0,4,38,0,0,0,0,0,0,0,0,0,3,1,0,0,0,0,0,0,0,0,0
1,3381834,4113,75,22,0,1,0,603,1,0,0,81,0,4,4,0,4,1,0,0,0,7,11,0,0,0,0,0
1,5659330,180,51,2,0,0,16,99,0,0,0,15,0,0,0,0,0,0,0,0,0,0,1,0,0,0,0,0
1,5579934,1966,936,6,0,0,0,165,0,0,0,6,0,0,0,0,0,0,0,0,0,1,1,0,0,0,0,0
1,2845917,229526,7,1,0,1,5,11,0,0,0,2,0,1,0,0,0,0,0,0,0,0,0,0,0,0,0,0
1,5676401,107,17,4,2,0,60,386,0,0,0,159,2,0,1,0,1,23,0,0,0,45,0,0,0,0,0,0
1,5010434,1569,5,21,0,1,0,162,1,0,0,22,0,1,0,0,0,0,0,0,0,3,1,0,0,0,0,0
1,2771620,5038,5000,1,1,1,37,102,0,0,0,11,3,1,0,0,0,0,0,0,0,3,0,0,0,0,0,0
1,5078934,3379,360,10,1,0,28,867,0,0,0,37,2,0,0,0,0,0,0,0,0,1,1,0,0,0,0,0
1,5318099,163,22,2,0,0,15,95,0,0,0,5,0,0,0,0,0,2,0,0,0,0,3,0,0,0,0,0
1,5676898,107,17,4,2,0,60,386,0,0,0,159,2,0,1,0,1,23,0,0,0,45,0,0,0,0,0,0
1,5024966,2077,146,11,0,0,0,252,0,0,0,12,0,0,0,0,0,0,0,0,0,5,2,0,0,0,0,0
1,5019013,1541,5,11,0,0,0,170,1,0,0,11,0,0,0,0,0,0,0,0,0,3,3,0,0,0,0,0
1,5670895,107,17,4,2,0,60,384,0,0,0,159,2,0,1,0,1,23,0,0,0,43,0,0,0,0,0,0
1,5016268,286,4,1,0,0,0,35,1,0,0,1,0,0,0,0,0,0,0,0,0,1,0,0,0,0,0,0
1,5019148,1826,19,15,0,0,0,320,1,0,0,23,0,0,0,0,0,0,0,0,0,2,7,0,0,0,0,0
1,5013427,727,5,4,0,0,0,82,1,0,0,4,0,0,0,0,0,0,0,0,0,1,1,0,0,0,0,0
1,4942101,76,5,0,0,0,11,209,0,0,0,0,0,0,0,0,0,20,1,0,0,0,0,0,0,0,0,0
1,5675863,107,17,4,2,0,60,386,0,0,0,159,2,0,1,0,1,23,0,0,0,45,0,0,0,0,0,0
1,5667753,107,17,4,2,0,60,384,0,0,0,159,2,0,1,0,1,23,0,0,0,43,0,0,0,0,0,0
1,3479418,237849,112980,4,0,0,0,24,0,0,0,4,0,0,0,0,0,0,0,0,0,0,0,0,0,0,0,0
1,3433083,237409,112980,4,0,0,0,13,0,0,0,4,0,0,0,0,0,0,0,0,0,0,0,0,0,0,0,0
1,5028542,1822,5,15,0,0,0,330,1,0,0,26,0,0,0,0,0,0,0,0,0,3,6,0,0,0,0,0
1,5033787,2125,118,10,0,0,0,264,0,0,0,12,0,0,2,0,2,0,0,0,0,6,2,0,0,0,0,0
1,5022437,2146,5,16,0,0,0,639,1,0,0,49,0,0,0,0,0,0,0,0,0,10,5,0,0,0,0,0
1,5670310,107,17,4,2,0,60,384,0,0,0,159,2,0,1,0,1,23,0,0,0,43,0,0,0,0,0,0
1,5196840,176056,207,17,0,3,0,21560,0,0,0,34,0,3,0,0,0,0,0,0,0,7,3,0,0,0,0,0
1,5020814,1919,118,10,0,0,0,253,0,0,0,11,0,0,1,0,1,0,0,0,0,6,1,0,0,0,0,0
1,5018130,1413,5,11,0,0,0,156,1,0,0,11,0,0,0,0,0,0,0,0,0,2,1,0,0,0,0,0
1,5007611,1099,5,11,0,0,0,244,1,0,0,18,0,0,0,0,0,0,0,0,0,4,3,0,0,0,0,0
1,4332400,4020,99,13,0,0,0,1239,0,0,0,37,0,0,0,0,0,0,0,0,0,4,1,0,0,0,0,0
1,4539541,68,7,0,0,0,14,154,0,0,0,0,0,0,0,0,0,13,1,0,0,0,0,0,0,0,0,0
1,5008252,1750,110,9,0,0,0,232,0,0,0,13,0,0,0,0,0,0,0,0,0,6,2,0,0,0,0,0
1,5031089,1273,124,6,0,0,0,248,0,0,0,11,0,0,0,0,0,0,0,0,0,7,3,0,0,0,0,0
1,5019008,1967,124,10,0,1,0,275,0,0,0,12,0,1,0,0,0,0,0,0,0,5,2,0,0,0,0,0
1,4153518,10323,169,11,0,0,6,779,0,0,0,39,0,0,0,0,0,0,0,0,0,1,1,0,0,0,0,0
1,4129630,4708,179,10,0,0,6,1840,0,0,0,45,0,0,0,0,0,0,0,0,0,1,1,0,0,0,0,0
1,3227377,85602,14,1,0,1,39,106,0,0,0,7,0,1,0,0,0,0,0,0,0,5,1,0,0,0,0,0
1,5047463,1878,114,10,0,0,0,248,0,0,0,11,0,0,0,0,0,0,0,0,0,6,2,0,0,0,0,0
1,3128359,71373,35,1,1,0,71,141,18,0,0,3,4,0,0,0,0,0,0,0,0,0,1,0,0,0,0,0
1,4472342,4902,49,22,0,0,0,465,0,0,0,51,0,0,0,0,0,0,0,0,0,5,2,0,0,0,0,0
1,5021075,3891,70,32,0,1,0,717,1,0,0,57,0,1,0,0,0,0,0,0,0,10,9,0,0,0,0,0
1,4662446,75,9,0,0,0,4,38,0,0,0,0,0,0,0,0,0,3,1,0,0,0,0,0,0,0,0,0
1,5671050,107,17,4,2,0,60,384,0,0,0,159,2,0,1,0,1,23,0,0,0,43,0,0,0,0,0,0
1,3948108,85628,38,1,2,0,111,92,77,0,0,4,6,0,0,0,0,0,0,0,0,2,1,0,0,0,0,0
1,4268216,124,61,0,0,0,1228,3101,0,0,0,0,0,0,0,0,0,0,0,0,0,0,1,0,0,0,0,0
1,4525516,67,7,0,0,0,4,38,0,0,0,0,0,0,0,0,0,3,1,0,0,0,0,0,0,0,0,0
1,5677683,180,53,2,0,0,16,96,0,0,0,15,0,0,0,0,0,0,0,0,0,0,1,0,0,0,0,0
1,4534586,68,7,0,0,0,4,38,0,0,0,0,0,0,0,0,0,3,1,0,0,0,0,0,0,0,0,0
1,5016245,4478,69,32,0,0,0,906,1,0,0,66,0,0,0,0,0,0,0,0,0,9,8,0,0,0,0,0
1,5017418,469,5,2,0,0,0,51,1,0,0,2,0,0,0,0,0,0,0,0,0,1,0,0,0,0,0,0
1,5676127,107,17,4,2,0,60,386,0,0,0,159,2,0,1,0,1,23,0,0,0,45,0,0,0,0,0,0
1,4655075,8816,340,17,1,0,5,373,0,0,0,25,2,0,0,0,0,0,0,0,0,1,1,0,0,0,0,0
1,5670761,107,17,4,2,0,60,384,0,0,0,159,2,0,1,0,1,23,0,0,0,43,0,0,0,0,0,0
1,5012127,1719,34,11,0,0,0,193,1,0,0,11,0,0,0,0,0,0,0,0,0,4,5,0,0,0,0,0
1,4387122,1224,4,7,0,0,0,139,1,0,0,7,0,0,0,0,0,0,0,0,0,2,0,0,0,0,0,0
1,4959086,3408,354,10,1,0,24,1254,0,0,0,33,2,0,0,0,0,0,0,1,0,1,1,0,0,0,0,0
1,4558284,70,7,0,0,0,4,38,0,0,0,0,0,0,0,0,0,3,1,0,0,0,0,0,0,0,0,0
1,5076608,2313,38,12,0,0,0,257,0,0,0,12,0,0,0,0,0,0,0,0,0,3,3,0,0,0,0,0
1,4509624,68,7,0,0,0,4,38,0,0,0,0,0,0,0,0,0,3,1,0,0,0,0,0,0,0,0,0
1,5018832,1024,34,12,0,0,0,339,1,0,0,28,0,0,0,0,0,0,0,0,0,6,2,0,0,0,0,0
1,5133800,73,10,0,0,0,4,28,0,0,0,0,0,0,0,0,0,2,1,0,0,0,0,0,0,0,0,0
1,5009713,346,5,3,0,0,0,37,1,0,0,3,0,0,0,0,0,0,0,0,0,0,0,0,0,0,0,0
1,4061386,4714,178,11,0,0,6,2460,0,0,0,47,0,0,0,0,0,0,0,0,0,1,1,0,0,0,0,0
1,5673202,107,17,4,2,0,60,386,0,0,0,159,2,0,1,0,1,23,0,0,0,45,0,0,0,0,0,0
1,4454202,392,4,2,0,0,0,46,1,0,0,2,0,0,0,0,0,0,0,0,0,0,1,0,0,0,0,0
1,3458163,237409,112980,4,0,0,0,13,0,0,0,4,0,0,0,0,0,0,0,0,0,0,0,0,0,0,0,0
1,4534596,68,7,0,0,0,14,150,0,0,0,0,0,0,0,0,0,13,1,0,0,0,0,0,0,0,0,0
1,5278645,1850,74,39,0,0,0,186,0,0,0,48,0,0,0,0,0,0,0,0,0,0,1,0,0,0,0,0
1,3865846,55033,21,0,1,1,468,34071,0,0,0,0,3,1,0,0,0,0,0,6,0,3,0,0,0,0,0,0
1,4144259,4825,179,11,0,0,6,2628,0,0,0,47,0,0,0,0,0,0,0,1,0,1,1,0,0,0,0,0
1,5579206,1966,936,6,0,0,0,169,0,0,0,6,0,0,0,0,0,0,0,0,0,1,1,0,0,0,0,0
1,4519202,68,7,0,0,0,4,38,0,0,0,0,0,0,0,0,0,3,1,0,0,0,0,0,0,0,0,0
1,5675873,107,17,4,2,0,60,386,0,0,0,159,2,0,1,0,1,23,0,0,0,45,0,0,0,0,0,0
1,5094179,4880,181,9,0,0,0,407,0,0,0,18,0,0,0,0,0,0,0,0,0,0,3,0,0,0,0,0
1,4688375,9288,339,12,1,0,6,371,0,0,0,23,2,0,0,0,0,0,0,0,0,1,1,0,0,0,0,0
1,4549365,69,7,0,0,0,4,38,0,0,0,0,0,0,0,0,0,3,1,0,0,0,0,0,0,0,0,0
1,5220551,2425,99,8,0,0,0,342,0,0,0,17,0,0,0,0,0,0,0,0,0,0,4,0,0,0,0,0
1,4593499,67,7,0,0,0,13,146,0,0,0,0,0,0,0,0,0,12,1,0,0,0,0,0,0,0,0,0
1,3183542,71342,21,1,0,0,60,165,0,0,0,12,0,0,0,0,0,0,0,0,0,7,2,0,0,0,0,0
1,4774533,8904,340,17,1,0,5,361,0,0,0,25,2,0,0,0,0,0,0,0,0,1,1,0,0,0,0,0
1,5036509,947,5,9,0,0,0,203,1,0,0,18,0,0,0,0,0,0,0,0,0,1,3,0,0,0,0,0
1,4656985,69,7,0,0,0,13,146,0,0,0,0,0,0,0,0,0,12,1,0,0,0,0,0,0,0,0,0
1,5652584,180,51,2,0,0,16,100,0,0,0,15,0,0,0,0,0,0,0,0,0,0,1,0,0,0,0,0
1,4539108,66,7,0,0,0,13,146,0,0,0,0,0,0,0,0,0,12,1,0,0,0,0,0,0,0,0,0
1,4439328,2736,50,23,0,0,0,1660,1,0,0,111,0,0,0,0,0,0,0,0,0,11,8,0,0,0,0,0
1,5018360,2044,34,18,0,1,0,403,1,0,0,34,0,1,0,0,0,0,0,0,0,3,5,0,0,0,0,0
1,5039408,288,98,1,0,0,0,21,1,0,0,1,0,0,0,0,0,0,0,0,0,1,0,0,0,0,0,0
1,4611945,9398,326,20,1,0,5,372,0,0,0,25,2,0,0,0,0,0,0,0,0,1,1,0,0,0,0,0
1,4519202,68,7,0,0,0,4,38,0,0,0,0,0,0,0,0,0,3,1,0,0,0,0,0,0,0,0,0
1,5317574,163,22,2,0,0,15,95,0,0,0,5,0,0,0,0,0,2,0,0,0,0,3,0,0,0,0,0
1,4688077,75,15,0,0,0,1091,2827,0,0,0,0,0,0,0,0,0,0,0,0,0,0,1,0,0,0,0,0
1,5176218,3035,124,8,0,0,0,367,0,0,0,17,0,0,0,0,0,0,0,0,0,0,4,0,0,0,0,0
1,5583077,1966,936,6,0,0,0,150,0,0,0,6,0,0,0,0,0,0,0,0,0,1,1,0,0,0,0,0
1,3051500,40577,15,0,0,0,0,5,0,0,0,0,0,0,0,0,0,0,0,0,0,0,1,0,0,0,0,0
1,4667071,68,7,0,0,0,4,47,0,0,0,0,0,0,0,0,0,6,1,0,0,0,0,0,0,0,0,0
1,4681001,129,7,0,0,0,6,42,0,0,0,0,0,0,0,0,0,0,1,0,0,0,0,0,0,0,0,0
1,5012471,827,69,8,0,0,0,86,1,0,0,8,0,0,0,0,0,0,0,0,0,3,0,0,0,0,0,0
1,3858464,99878,29,1,2,0,111,92,77,0,0,4,6,0,0,0,0,0,0,0,0,2,1,0,0,0,0,0
1,4564003,70,7,0,0,0,4,38,0,0,0,0,0,0,0,0,0,3,1,0,0,0,0,0,0,0,0,0
1,4664711,130,7,0,0,0,6,45,0,0,0,0,0,0,0,0,0,0,1,0,0,0,0,0,0,0,0,0
1,5664781,180,51,2,0,0,16,99,0,0,0,15,0,0,0,0,0,0,0,0,0,0,1,0,0,0,0,0
1,4450773,791,86,5,0,0,0,82,1,0,0,5,0,0,0,0,0,0,0,0,0,1,2,0,0,0,0,0
1,4800317,77,7,0,0,0,10,173,0,0,0,0,0,0,0,0,0,18,1,0,0,0,0,0,0,0,0,0
1,5016925,1895,106,11,0,0,0,248,0,0,0,12,0,0,0,0,0,0,0,0,0,7,2,0,0,0,0,0
1,4965914,1733,118,11,0,1,0,67,0,0,0,12,0,1,0,0,0,0,0,0,0,7,0,0,0,0,0,0
1,4952438,1636,134,8,0,0,0,60,0,0,0,12,0,0,0,0,0,0,0,0,0,5,0,0,0,0,0,0
1,3476636,410,8,0,0,0,0,2,0,0,0,0,0,0,0,0,0,0,0,0,0,2,0,0,0,0,0,0
1,4806485,8866,344,17,1,0,5,364,0,0,0,25,2,0,0,0,0,0,0,0,0,1,1,0,0,0,0,0
1,4696705,9008,314,17,1,0,5,367,0,0,0,25,2,0,0,0,0,0,0,0,0,1,1,0,0,0,0,0
1,4587752,64,6,0,0,0,4,38,0,0,0,0,0,0,0,0,0,3,1,0,0,0,0,0,0,0,0,0
1,4641601,121,7,0,0,0,6,43,0,0,0,0,0,0,0,0,0,0,1,0,0,0,0,0,0,0,0,0
1,4596207,9365,346,12,1,0,6,378,0,0,0,24,2,0,0,0,0,0,0,0,0,1,1,0,0,0,0,0
1,5671185,107,17,4,2,0,60,384,0,0,0,159,2,0,1,0,1,23,0,0,0,43,0,0,0,0,0,0
1,4539246,9334,339,20,1,0,5,375,0,0,0,25,2,0,0,0,0,0,0,0,0,1,1,0,0,0,0,0
1,2874696,99910,14,1,0,1,66,106,27,0,0,7,0,1,0,0,0,0,0,0,0,5,1,0,0,0,0,0
1,5008844,216,5,2,0,0,0,21,1,0,0,2,0,0,0,0,0,0,0,0,0,0,0,0,0,0,0,0
1,4763768,153,9,0,0,0,13,133,0,0,0,0,0,0,0,0,0,0,1,0,0,0,0,0,0,0,0,0
1,5005176,1379,5,18,0,0,0,153,1,0,0,21,0,0,0,0,0,0,0,0,0,0,2,0,0,0,0,0
1,5030989,1766,132,10,0,0,0,226,0,0,0,12,0,0,0,0,0,0,0,0,0,4,2,0,0,0,0,0
1,5228768,152,30,3,0,0,1797,358,1310,0,0,369,0,0,0,0,0,0,0,0,0,3,4,0,0,0,0,0
1,5091200,366,76,12,2,1,1943,9135,0,0,0,1902,8,1,2,0,2,0,0,0,0,6,2,0,0,0,0,0
1,5003156,1566,5,14,0,0,0,380,1,0,0,30,0,0,0,0,0,0,0,0,0,1,6,0,0,0,0,0
1,5318647,163,22,2,0,0,15,95,0,0,0,5,0,0,0,0,0,2,0,0,0,0,3,0,0,0,0,0
1,5263738,120,22,2,0,0,22,89,0,0,0,3,0,0,0,0,0,2,0,0,0,0,1,0,0,0,0,0
1,4406490,2416,48,16,0,2,0,511,1,0,0,24,0,2,0,0,0,0,0,0,0,6,1,0,0,0,0,0
1,4966644,1719,116,12,0,0,0,60,0,0,0,13,0,0,0,0,0,0,0,0,0,4,1,0,0,0,0,0
1,4493591,594,4,1,0,1,0,76,1,0,0,1,0,1,0,0,0,0,0,0,0,1,1,0,0,0,0,0
1,5032376,1342,5,16,0,0,0,458,1,0,0,48,0,0,1,0,1,0,0,0,0,5,6,0,0,0,0,0
1,5019132,1658,5,10,0,0,0,198,1,0,0,12,0,0,0,0,0,0,0,0,0,0,3,0,0,0,0,0
1,5675641,107,17,4,2,0,60,386,0,0,0,159,2,0,1,0,1,23,0,0,0,45,0,0,0,0,0,0
1,4747809,123,7,0,0,0,6,42,0,0,0,0,0,0,0,0,0,0,1,0,0,0,0,0,0,0,0,0
1,3343816,4876,87,35,0,2,0,985,1,0,0,144,0,4,4,0,4,0,0,0,0,8,19,0,0,0,0,0
1,5021483,1719,34,12,0,0,0,502,1,0,0,36,0,0,0,0,0,0,0,0,0,9,5,0,0,0,0,0
1,4397952,3452,66,25,0,0,0,376,1,0,0,25,0,0,0,0,0,0,0,0,0,6,0,0,0,0,0,0
1,4555778,68,7,0,0,0,4,38,0,0,0,0,0,0,0,0,0,3,1,0,0,0,0,0,0,0,0,0
1,4413258,801,74,7,0,0,0,77,1,0,0,7,0,0,0,0,0,0,0,0,0,1,0,0,0,0,0,0
1,4667914,128,7,0,0,0,6,45,0,0,0,0,0,0,0,0,0,0,1,0,0,0,0,0,0,0,0,0
1,5007957,3175,53,24,0,1,0,937,1,0,0,74,0,2,1,0,1,0,0,0,0,9,11,0,0,0,0,0
1,3555915,237724,113130,4,0,0,0,13,0,0,0,4,0,0,0,0,0,0,0,0,0,0,0,0,0,0,0,0
1,3610334,367846,14,1,0,1,45,33545,8,0,0,7,0,1,0,0,0,0,0,0,0,5,1,0,0,0,0,0
1,5021563,1902,34,11,0,0,0,201,1,0,0,11,0,0,0,0,0,0,0,0,0,2,5,0,0,0,0,0
1,5010545,1272,112,6,0,0,0,235,0,0,0,11,0,0,0,0,0,0,0,0,0,6,2,0,0,0,0,0
1,4661325,126,7,0,0,0,6,42,0,0,0,0,0,0,0,0,0,0,1,0,0,0,0,0,0,0,0,0
1,5892714,4533,3140,1,1,0,4,150,0,0,0,1,1,0,0,0,0,0,0,0,0,11,4,0,0,0,0,0
1,4645692,3535,355,10,1,0,27,1246,0,0,0,36,2,0,0,0,0,0,0,1,0,2,1,0,0,0,0,0
1,5019067,2636,94,22,0,0,0,596,1,0,0,44,0,0,0,0,0,0,0,0,0,9,6,0,0,0,0,0
1,4644656,129,7,0,0,0,6,45,0,0,0,0,0,0,0,0,0,0,1,0,0,0,0,0,0,0,0,0
1,5001536,81,8,0,0,0,11,218,0,0,0,0,0,0,0,0,0,20,1,0,0,0,0,0,0,0,0,0
1,4757966,9493,362,12,1,0,6,372,0,0,0,24,2,0,0,0,0,0,0,0,0,1,1,0,0,0,0,0
1,4298764,4916,35,39,0,2,0,359,1,0,0,50,0,2,0,0,0,0,0,0,0,6,2,0,0,0,0,0
1,5020174,2873,5,24,0,0,0,600,1,0,0,46,0,0,2,0,2,0,0,0,0,9,4,0,0,0,0,0
1,4330494,4947,26,19,0,0,0,1267,0,0,0,44,0,0,0,0,0,0,0,0,0,6,2,0,0,0,0,0
1,5067046,3678,350,10,1,0,26,866,0,0,0,35,2,0,0,0,0,0,0,0,0,1,1,0,0,0,0,0
1,5006698,1106,5,10,0,2,0,207,1,0,0,14,0,3,0,0,0,0,0,0,0,1,4,0,0,0,0,0
1,5030472,2263,106,12,0,0,0,238,0,0,0,12,0,0,0,0,0,0,0,0,0,5,2,0,0,0,0,0
1,5047669,1830,118,10,0,1,0,269,0,0,0,12,0,1,0,0,0,0,0,0,0,5,3,0,0,0,0,0
1,3352032,5094,68,36,0,4,0,573,1,0,0,76,0,9,6,0,6,0,0,0,0,3,6,0,0,0,0,0
1,4696946,75,7,0,0,0,13,158,0,0,0,0,0,0,0,0,0,12,1,0,0,0,0,0,0,0,0,0
1,4707890,6520,153,9,1,0,6,292,0,0,0,22,2,0,0,0,0,0,0,0,0,1,1,0,0,0,0,0
1,5034863,1874,100,10,0,0,0,261,0,0,0,12,0,0,0,0,0,0,0,0,0,4,1,0,0,0,0,0
1,3153208,628,12,0,0,0,0,3,0,0,0,0,0,0,0,0,0,0,0,0,0,1,0,0,0,0,0,0
1,3606446,40401,8,1,0,1,94,11,88,0,0,2,0,1,0,0,0,0,0,0,0,0,0,0,0,0,0,0
1,5060123,3370,339,10,1,0,21,882,0,0,0,30,2,0,0,0,0,0,0,0,0,1,1,0,0,0,0,0
1,5015541,1105,34,8,0,0,0,151,1,0,0,10,0,0,0,0,0,0,0,0,0,4,2,0,0,0,0,0
1,2297581,14780,83,30,0,1,0,3045,1,0,0,144,0,2,0,0,0,0,0,0,0,11,7,0,0,0,0,0
1,5574248,1966,936,6,0,0,0,130,0,0,0,6,0,0,0,0,0,0,0,0,0,1,1,0,0,0,0,0
1,5023604,608,5,4,0,0,0,124,1,0,0,7,0,0,0,0,0,0,0,0,0,0,2,0,0,0,0,0
1,5900119,4387,2992,1,1,0,4,148,0,0,0,1,1,0,0,0,0,0,0,0,0,10,4,0,0,0,0,0
1,5687715,8148,312,25,0,0,0,308,1,0,0,34,0,0,0,0,0,0,0,0,0,5,7,0,0,0,0,0
1,4369028,142,4,0,0,0,0,18,1,0,0,0,0,0,0,0,0,0,0,0,0,0,0,0,0,0,0,0
1,5016353,3558,341,10,1,0,25,859,0,0,0,34,2,0,0,0,0,0,0,0,0,1,1,0,0,0,0,0
1,3740028,61,12,3,1,0,6694,6716,0,0,0,6,1,0,0,0,0,0,0,0,0,0,0,0,0,0,0,0
1,4408710,6885,76,29,0,0,0,1245,0,0,0,45,0,0,0,0,0,0,0,0,0,5,2,0,0,0,0,0
1,4625783,69,7,0,0,0,13,146,0,0,0,0,0,0,0,0,0,12,1,0,0,0,0,0,0,0,0,0
1,4612365,68,7,0,0,0,13,146,0,0,0,0,0,0,0,0,0,12,1,0,0,0,0,0,0,0,0,0
1,5017920,3012,52,22,0,0,0,407,1,0,0,32,0,0,0,0,0,0,0,0,0,4,8,0,0,0,0,0
1,4419506,3305,40,18,0,0,0,1221,0,0,0,48,0,0,0,0,0,0,0,0,0,7,1,0,0,0,0,0
1,4552282,127,7,0,0,0,16,160,0,0,0,0,0,0,0,0,0,0,1,0,0,0,0,0,0,0,0,0
1,5214078,2404,99,8,0,0,0,331,0,0,0,17,0,0,0,0,0,0,0,1,0,0,4,0,0,0,0,0
1,5582370,1966,936,6,0,0,0,170,0,0,0,6,0,0,0,0,0,0,0,0,0,1,1,0,0,0,0,0
1,2827309,50717,7,1,0,1,5,11,0,0,0,2,0,1,0,0,0,0,0,0,0,0,0,0,0,0,0,0
1,3906199,34252,29,1,0,0,132,209,22,0,0,36,0,0,0,0,0,0,0,0,0,0,0,0,0,0,0,0
1,4476562,6949,38,31,0,0,0,1272,0,0,0,51,0,0,0,0,0,0,0,0,0,5,0,0,0,0,0,0
1,4449405,3234,56,20,0,0,2,367,1,0,0,20,0,0,0,0,0,0,0,0,0,8,1,0,0,0,0,0
1,4398401,395,79,2,0,0,0,38,1,0,0,2,0,0,0,0,0,0,0,0,0,0,0,0,0,0,0,0
1,5013786,724,5,7,0,0,0,277,1,0,0,23,0,0,0,0,0,0,0,0,0,4,6,0,0,0,0,0
1,5019115,1798,84,17,0,0,0,176,1,0,0,17,0,0,0,0,0,0,0,0,0,1,3,0,0,0,0,0
1,5274681,1825,74,39,0,0,0,176,0,0,0,48,0,0,0,0,0,0,0,0,0,0,1,0,0,0,0,0
1,4397539,1639,75,10,0,0,0,174,1,0,0,10,0,0,0,0,0,0,0,0,0,0,0,0,0,0,0,0
1,4412041,889,34,8,0,0,0,90,1,0,0,8,0,0,0,0,0,0,0,0,0,1,0,0,0,0,0,0
1,5004614,2865,5,28,0,0,0,306,1,0,0,28,0,0,0,0,0,0,0,0,0,2,4,0,0,0,0,0
1,4527251,3968,87,17,0,0,0,1290,0,0,0,50,0,0,0,0,0,0,0,0,0,6,2,0,0,0,0,0
1,4640631,128,7,0,0,0,6,45,0,0,0,0,0,0,0,0,0,0,1,0,0,0,0,0,0,0,0,0
1,5267907,1812,74,39,0,0,0,169,0,0,0,48,0,0,0,0,0,0,0,0,0,0,1,0,0,0,0,0
1,4393397,3005,37,18,0,0,0,319,1,0,0,18,0,0,0,0,0,0,0,0,0,2,0,0,0,0,0,0
1,4039768,5018,189,11,0,0,6,2514,0,0,0,47,0,0,0,0,0,0,0,0,0,1,1,0,0,0,0,0
1,4430158,3458,34,19,0,0,0,592,1,0,0,30,0,0,0,0,0,0,0,0,0,2,7,0,0,0,0,0
1,4635028,93,7,0,0,0,15,174,0,0,0,0,0,0,0,0,0,14,1,0,0,0,0,0,0,0,0,0
1,5024243,1953,160,10,0,0,0,243,0,0,0,11,0,0,1,0,1,0,0,0,0,5,2,0,0,0,0,0
1,5018125,1983,116,10,0,0,0,254,0,0,0,12,0,0,0,0,0,0,0,0,0,4,2,0,0,0,0,0
1,4779159,88966,88914,2,0,0,7,15,0,0,0,6,0,0,0,0,0,0,0,0,0,0,0,0,0,0,0,0
1,5015447,706,89,5,0,0,0,117,1,0,0,8,0,0,0,0,0,0,0,0,0,3,3,0,0,0,0,0
1,4537460,5091,100,19,0,0,0,1191,0,0,0,40,0,0,0,0,0,0,0,0,0,7,2,0,0,0,0,0
1,5011807,1627,108,8,0,0,0,242,0,0,0,11,0,0,0,0,0,0,0,0,0,6,3,0,0,0,0,0
1,5167065,3009,124,8,0,0,0,355,0,0,0,17,0,0,0,0,0,0,0,0,0,0,4,0,0,0,0,0
1,5009719,901,5,9,0,0,0,97,1,0,0,9,0,0,0,0,0,0,0,0,0,0,1,0,0,0,0,0
1,5728885,3927,101,10,0,0,0,203,0,0,0,16,0,0,0,0,0,0,0,0,0,3,3,0,0,0,0,0
1,5004048,782,112,3,0,0,0,66,1,0,0,3,0,0,0,0,0,0,0,0,0,2,0,0,0,0,0,0
1,5127461,127,25,3,1,0,748,209,482,0,0,170,1,0,0,0,0,0,0,0,0,1,2,0,0,0,0,0
1,5018522,1704,5,20,0,0,0,175,1,0,0,20,0,0,0,0,0,0,0,0,0,0,2,0,0,0,0,0
1,3183723,71342,21,1,0,0,60,165,0,0,0,12,0,0,0,0,0,0,0,0,0,7,2,0,0,0,0,0
1,3183648,71342,21,1,0,0,60,165,0,0,0,12,0,0,0,0,0,0,0,0,0,7,2,0,0,0,0,0
1,5059260,1844,82,9,0,1,0,262,0,0,0,11,0,1,0,0,0,0,0,0,0,6,4,0,0,0,0,0
1,5038075,1911,126,9,0,0,0,234,0,0,0,11,0,0,0,0,0,0,0,0,0,2,2,0,0,0,0,0
1,4987323,1930,138,10,0,1,0,226,0,0,0,12,0,1,0,0,0,0,0,0,0,4,3,0,0,0,0,0
1,5017363,1985,34,20,0,0,0,212,1,0,0,22,0,0,1,0,1,0,0,0,0,1,2,0,0,0,0,0
1,5027324,2030,122,10,0,0,0,242,0,0,0,12,0,0,0,0,0,0,0,0,0,7,3,0,0,0,0,0
1,3553456,2718,20,1,0,0,3,48,0,0,0,1,0,0,0,0,0,0,0,0,0,2,2,0,0,0,0,0
1,5019701,3110,80,22,0,0,0,1014,1,0,0,80,0,0,0,0,0,0,0,0,0,11,10,0,0,0,0,0
1,2326907,21917,39,39,0,0,0,1010,1,0,0,39,0,0,0,0,0,0,0,0,0,6,2,0,0,0,0,0
1,4686188,130,7,0,0,0,6,45,0,0,0,0,0,0,0,0,0,0,1,0,0,0,0,0,0,0,0,0
1,4528335,69,7,0,0,0,4,38,0,0,0,0,0,0,0,0,0,3,1,0,0,0,0,0,0,0,0,0
1,4396409,56411,31,1,1,1,319,87,268,0,0,3,4,1,0,0,0,0,0,0,0,1,0,0,0,0,0,0
1,4144124,10716,166,11,0,0,6,767,0,0,0,39,0,0,0,0,0,0,0,3,0,1,1,0,0,0,0,0
1,3577539,5038,5000,1,1,1,43,112,0,0,0,16,3,1,0,0,0,0,0,0,0,3,0,0,0,0,0,0
1,5019027,3371,340,10,1,0,23,889,0,0,0,32,2,0,0,0,0,0,0,0,0,3,1,0,0,0,0,0
1,4639194,93,13,0,0,0,4,38,0,0,0,0,0,0,0,0,0,3,1,0,0,0,0,0,0,0,0,0
1,4254523,96,40,1,0,1,3263,4016,7,0,0,31,0,7,0,0,0,0,0,0,0,14,8,0,0,0,0,0
1,4156538,4557,189,10,0,0,6,1872,0,0,0,45,0,0,0,0,0,0,0,0,0,1,1,0,0,0,0,0
1,5012893,1993,114,10,0,0,0,205,1,0,0,10,0,0,0,0,0,0,0,0,0,7,2,0,0,0,0,0
1,5090099,4879,187,9,0,0,0,409,0,0,0,18,0,0,0,0,0,0,0,0,0,0,3,0,0,0,0,0
1,3091123,71331,14,1,0,1,39,106,0,0,0,7,0,1,0,0,0,0,0,0,0,5,1,0,0,0,0,0
1,4763789,0,0,0,0,0,0,0,1,0,0,0,0,0,0,0,0,0,0,0,0,0,0,0,0,0,0,0
1,5675713,107,17,4,2,0,60,386,0,0,0,159,2,0,1,0,1,23,0,0,0,45,0,0,0,0,0,0
1,4155921,10403,176,11,0,0,6,764,0,0,0,39,0,0,0,0,0,0,0,0,0,1,1,0,0,0,0,0
1,5012222,899,5,10,0,0,0,104,1,0,0,11,0,0,0,0,0,0,0,0,0,1,3,0,0,0,0,0
1,4681287,129,7,0,0,0,6,45,0,0,0,0,0,0,0,0,0,0,1,0,0,0,0,0,0,0,0,0
1,3740199,697,27,2,1,0,1,37,0,0,0,2,1,0,0,0,0,0,0,0,0,0,1,0,0,0,0,0
1,5014953,2068,110,9,0,2,0,271,0,0,0,11,0,2,0,0,0,0,0,0,0,5,3,0,0,0,0,0
1,5055234,85,16,1,0,0,16,55,0,0,0,6,0,0,0,0,0,0,0,0,0,1,0,0,0,0,0,0
1,5019481,1372,34,16,0,1,0,454,1,0,0,44,0,1,0,0,0,0,0,0,0,5,6,0,0,0,0,0
1,4717560,8832,349,17,1,0,5,365,0,0,0,25,2,0,0,0,0,0,0,0,0,1,1,0,0,0,0,0
1,5003188,206,5,2,0,0,0,23,1,0,0,2,0,0,0,0,0,0,0,0,0,1,0,0,0,0,0,0
1,4349279,5298,62,23,0,0,0,1335,0,0,0,48,0,0,0,0,0,0,0,0,0,7,0,0,0,0,0,0
1,5048321,2282,152,11,0,0,0,243,0,0,0,12,0,0,0,0,0,0,0,0,0,6,2,0,0,0,0,0
1,4608923,67,7,0,0,0,13,146,0,0,0,0,0,0,0,0,0,12,1,0,0,0,0,0,0,0,0,0
1,5009320,1919,108,21,0,0,0,538,1,0,0,50,0,0,0,0,0,0,0,0,0,4,7,0,0,0,0,0
1,4696367,9145,341,12,1,0,6,370,0,0,0,23,2,0,0,0,0,0,0,0,0,1,1,0,0,0,0,0
1,4625021,129,7,0,0,0,6,45,0,0,0,0,0,0,0,0,0,0,1,0,0,0,0,0,0,0,0,0
1,4293960,6386,47,25,0,0,0,1272,0,0,0,42,0,0,0,0,0,0,0,0,0,4,2,0,0,0,0,0
1,5051598,1911,152,10,0,0,0,193,1,0,0,10,0,0,1,0,1,0,0,0,0,9,1,0,0,0,0,0
1,5280715,3050,1691,6,0,0,0,157,0,0,0,6,0,0,0,0,0,0,0,0,0,1,1,0,0,0,0,0
1,4749226,9084,342,17,1,0,5,361,0,0,0,25,2,0,0,0,0,0,0,0,0,1,1,0,0,0,0,0
1,4540393,68,7,0,0,0,4,38,0,0,0,0,0,0,0,0,0,3,1,0,0,0,0,0,0,0,0,0
1,5022453,257,5,3,0,0,0,26,1,0,0,3,0,0,0,0,0,0,0,0,0,0,1,0,0,0,0,0
1,4605026,70,7,0,0,0,4,47,0,0,0,0,0,0,0,0,0,6,1,0,0,0,0,0,0,0,0,0
1,5015479,1574,5,14,0,0,0,161,1,0,0,14,0,0,0,0,0,0,0,0,0,1,1,0,0,0,0,0
1,4540393,68,7,0,0,0,4,38,0,0,0,0,0,0,0,0,0,3,1,0,0,0,0,0,0,0,0,0
1,4532293,9319,342,17,1,0,5,371,0,0,0,25,2,0,0,0,0,0,0,0,0,1,1,0,0,0,0,0
1,5016098,1556,33,16,0,0,0,486,1,0,0,45,0,0,0,0,0,0,0,0,0,9,8,0,0,0,0,0
1,5670917,107,17,4,2,0,60,384,0,0,0,159,2,0,1,0,1,23,0,0,0,43,0,0,0,0,0,0
1,5013177,1808,118,19,0,0,0,280,1,0,0,25,0,0,0,0,0,0,0,0,0,5,5,0,0,0,0,0
1,4605292,91,7,0,0,0,14,206,0,0,0,0,0,0,0,0,0,13,1,0,0,0,0,0,0,0,0,0
1,5117251,2939,57,7,0,0,0,423,0,0,0,11,0,0,1,0,1,0,0,0,0,5,2,0,0,0,0,0
1,4354648,5941,55,44,0,0,0,879,1,0,0,60,0,0,0,0,0,0,0,0,0,8,4,0,0,0,0,0
1,5045378,250,5,1,0,0,0,29,1,0,0,1,0,0,0,0,0,0,0,0,0,0,1,0,0,0,0,0
1,5133651,62,11,2,0,0,3,18,0,0,0,5,0,0,0,0,0,0,0,0,0,2,0,0,0,0,0,0
1,4549365,69,7,0,0,0,4,38,0,0,0,0,0,0,0,0,0,3,1,0,0,0,0,0,0,0,0,0
1,5173870,377,140,1,1,1,35,102,0,0,0,9,3,1,0,0,0,0,0,0,0,1,2,0,0,0,0,0
1,5025487,2175,63,15,0,1,0,701,1,0,0,58,0,1,0,0,0,0,0,0,0,6,9,0,0,0,0,0
1,4339122,124,61,0,0,0,1477,3599,0,0,0,0,0,0,0,0,0,0,0,0,0,0,1,0,0,0,0,0
1,5041319,2995,20,5,0,0,3,258,0,0,0,36,0,0,0,0,0,1,0,0,0,7,14,0,0,0,0,0
1,4525516,67,7,0,0,0,4,38,0,0,0,0,0,0,0,0,0,3,1,0,0,0,0,0,0,0,0,0
1,5266577,1824,74,39,0,0,0,176,0,0,0,48,0,0,0,0,0,0,0,0,0,0,1,0,0,0,0,0
1,4774665,88966,88914,2,0,0,7,15,0,0,0,6,0,0,0,0,0,0,0,0,0,0,0,0,0,0,0,0
1,4643189,127,7,0,0,0,6,45,0,0,0,0,0,0,0,0,0,0,1,0,0,0,0,0,0,0,0,0
1,4618878,68,7,0,0,0,4,47,0,0,0,0,0,0,0,0,0,6,1,0,0,0,0,0,0,0,0,0
1,4674510,120,7,0,0,0,6,42,0,0,0,0,0,0,0,0,0,0,1,0,0,0,0,0,0,0,0,0
1,4596240,284,9,0,0,0,4,104,0,0,0,0,0,0,0,0,0,2,1,0,0,0,0,0,0,0,0,0
1,5175582,3015,124,8,0,0,0,362,0,0,0,17,0,0,0,0,0,0,0,0,0,0,4,0,0,0,0,0
1,3655621,41888,31,7,5,1,69,218,0,0,0,38,21,1,0,0,0,0,0,0,0,1,1,0,0,0,0,0
1,2311328,4595,36,13,0,0,0,505,1,0,0,28,0,0,0,0,0,0,0,0,0,1,2,0,0,0,0,0
1,5230776,3243,1152,135,2,0,2,95,0,0,0,146,2,0,0,0,0,0,0,0,0,2,4,0,0,0,0,0
1,5564090,1966,936,6,0,0,0,155,0,0,0,6,0,0,0,0,0,0,0,0,0,1,1,0,0,0,0,0
1,4668384,127,7,0,0,0,6,42,0,0,0,0,0,0,0,0,0,0,1,0,0,0,0,0,0,0,0,0
1,4518831,69,7,0,0,0,4,38,0,0,0,0,0,0,0,0,0,3,1,0,0,0,0,0,0,0,0,0
1,5646117,180,51,2,0,0,16,102,0,0,0,15,0,0,0,0,0,0,0,0,0,0,1,0,0,0,0,0
1,4747954,69,5,0,0,0,11,169,0,0,0,0,0,0,0,0,0,20,1,0,0,0,0,0,0,0,0,0
1,5017898,2310,5,20,0,0,0,548,1,0,0,47,0,0,0,0,0,0,0,0,0,9,11,0,0,0,0,0
1,4778717,95,6,0,0,0,14,158,0,0,0,0,0,0,0,0,0,13,1,0,0,0,0,0,0,0,0,0
1,5058732,1464,84,10,0,1,0,236,0,0,0,12,0,1,0,0,0,0,0,0,0,5,4,0,0,0,0,0
1,4513395,68,7,0,0,0,4,38,0,0,0,0,0,0,0,0,0,3,1,0,0,0,0,0,0,0,0,0
1,4686103,9192,339,17,1,0,5,370,0,0,0,25,2,0,0,0,0,0,0,0,0,1,1,0,0,0,0,0
1,3091117,59148,12,0,0,0,3,6,0,0,0,0,0,0,0,0,0,0,0,0,0,1,0,0,0,0,0,0
1,5021308,5388,34,47,0,1,0,575,1,0,0,49,0,1,0,0,0,0,0,0,0,6,4,0,0,0,0,0
1,5916687,8804,736,10,0,1,0,166,0,0,0,13,0,1,2,0,2,0,0,0,0,4,2,0,0,0,0,0
1,4894452,1689,13,1,0,0,180,592,0,0,0,160,0,0,0,0,0,0,0,0,0,4,1,0,0,0,0,0
1,3479136,237409,112980,4,0,0,0,13,0,0,0,4,0,0,0,0,0,0,0,0,0,0,0,0,0,0,0,0
1,5034187,96,3,0,0,0,0,11,1,0,0,0,0,0,0,0,0,0,0,0,0,1,0,0,0,0,0,0
1,4961771,1358,116,10,0,0,0,53,0,0,0,13,0,0,0,0,0,0,0,0,0,5,2,0,0,0,0,0
1,4635481,127,7,0,0,0,6,45,0,0,0,0,0,0,0,0,0,0,1,0,0,0,0,0,0,0,0,0
1,2307461,4960,43,13,0,0,0,647,1,0,0,30,0,0,0,0,0,0,0,0,0,1,3,0,0,0,0,0
1,4985345,4595,62,10,0,0,0,588,0,0,0,11,0,0,0,0,0,0,0,0,0,1,0,0,0,0,0,0
1,4585608,70,7,0,0,0,14,150,0,0,0,0,0,0,0,0,0,13,1,0,0,0,0,0,0,0,0,0
1,5576454,2645,138,10,0,0,0,168,0,0,0,16,0,0,1,0,1,0,0,0,0,3,2,0,0,0,0,0
1,3507022,237959,112980,4,0,0,0,24,0,0,0,4,0,0,0,0,0,0,0,0,0,0,0,0,0,0,0,0
1,5712439,4799,217,10,0,1,0,186,0,0,0,16,0,1,0,0,0,0,0,0,0,4,1,0,0,0,0,0
1,4639881,127,7,0,0,0,6,42,0,0,0,0,0,0,0,0,0,0,1,0,0,0,0,0,0,0,0,0
1,4689180,127,7,0,0,0,6,42,0,0,0,0,0,0,0,0,0,0,1,0,0,0,0,0,0,0,0,0
1,2301390,10403,43,20,0,0,0,720,1,0,0,27,0,0,0,0,0,0,0,0,0,3,1,0,0,0,0,0
1,5477724,423,70,0,0,0,0,29,0,0,0,0,0,0,1,0,1,1,0,0,0,1,1,0,0,0,0,0
1,3367676,2336,43,16,0,3,0,229,1,0,0,30,0,3,2,0,2,0,0,0,0,3,8,0,0,0,0,0
1,4757345,82,12,0,0,0,11,209,0,0,0,0,0,0,0,0,0,20,1,0,0,0,0,0,0,0,0,0
1,3432947,237409,112980,4,0,0,0,13,0,0,0,4,0,0,0,0,0,0,0,0,0,0,0,0,0,0,0,0
1,2298657,18284,45,30,0,0,0,2305,1,0,0,99,0,0,0,0,0,0,0,0,0,9,7,0,0,0,0,0
1,3374469,7219,38,69,0,5,0,2012,0,0,0,304,0,12,3,0,3,0,0,0,0,6,25,0,0,0,0,0
1,4421850,870,84,6,0,0,0,85,1,0,0,6,0,0,0,0,0,0,0,0,0,0,0,0,0,0,0,0
1,5712319,2773,72,10,0,0,0,142,1,0,0,10,0,0,2,0,2,0,0,0,0,7,2,0,0,0,0,0
1,4579155,70,7,0,0,0,4,38,0,0,0,0,0,0,0,0,0,3,1,0,0,0,0,0,0,0,0,0
1,5574744,1966,936,6,0,0,0,147,0,0,0,6,0,0,0,0,0,0,0,0,0,1,1,0,0,0,0,0
1,5584152,1966,936,6,0,0,0,160,0,0,0,6,0,0,0,0,0,0,0,0,0,1,1,0,0,0,0,0
1,5024531,1805,5,17,0,1,0,296,1,0,0,25,0,1,0,0,0,0,0,0,0,6,5,0,0,0,0,0
1,5006125,690,5,4,0,0,0,81,1,0,0,4,0,0,0,0,0,0,0,0,0,1,2,0,0,0,0,0
1,4519202,68,7,0,0,0,4,38,0,0,0,0,0,0,0,0,0,3,1,0,0,0,0,0,0,0,0,0
1,5107563,5758,11,22,0,1,0,1681,1,0,0,55,0,1,1,0,1,0,0,0,0,3,5,0,0,0,0,0
1,5004897,2070,34,15,0,0,0,614,1,0,0,48,0,0,0,0,0,0,0,0,0,5,6,0,0,0,0,0
1,5060647,927,130,5,0,0,0,86,1,0,0,5,0,0,0,0,0,0,0,0,0,1,2,0,0,0,0,0
1,4392995,2212,57,16,0,0,0,423,1,0,0,26,0,0,0,0,0,0,0,0,0,2,6,0,0,0,0,0
1,4696096,144,16,0,0,0,6,45,0,0,0,0,0,0,0,0,0,0,1,0,0,0,0,0,0,0,0,0
1,4540393,68,7,0,0,0,4,38,0,0,0,0,0,0,0,0,0,3,1,0,0,0,0,0,0,0,0,0
1,5021313,3415,99,28,0,0,0,951,1,0,0,71,0,0,0,0,0,0,0,0,0,7,6,0,0,0,0,0
1,4563330,86,11,0,0,0,4,38,0,0,0,0,0,0,0,0,0,3,1,0,0,0,0,0,0,0,0,0
1,4391115,5872,66,26,0,0,0,1298,0,0,0,48,0,0,0,0,0,0,0,0,0,6,0,0,0,0,0,0
1,5030137,451,5,6,0,0,0,71,1,0,0,7,0,0,0,0,0,0,0,0,0,1,0,0,0,0,0,0
1,5139810,2020,52,7,0,0,0,379,0,0,0,12,0,0,0,0,0,0,0,0,0,4,1,0,0,0,0,0
1,4812915,192,9,0,0,0,6,60,0,0,0,0,0,0,0,0,0,0,1,0,0,0,0,0,0,0,0,0
1,5691552,5041,138,10,0,1,0,173,0,0,0,16,0,1,0,0,0,0,0,0,0,4,2,0,0,0,0,0
1,5018832,1878,5,15,0,0,0,562,1,0,0,41,0,0,0,0,0,0,0,0,0,5,5,0,0,0,0,0
1,4896905,1753,16,1,0,0,192,600,0,0,0,171,0,0,0,0,0,0,0,0,0,4,2,0,0,0,0,0
1,4762828,65,5,0,0,0,4,59,0,0,0,0,0,0,0,0,0,6,1,0,0,0,0,0,0,0,0,0
1,5992173,4813,338,10,0,0,0,135,0,0,0,16,0,0,0,0,0,0,0,0,0,2,1,0,0,0,0,0
1,5041801,1815,102,10,0,0,0,232,0,0,0,12,0,0,0,0,0,0,0,0,0,4,2,0,0,0,0,0
1,4555127,69,7,0,0,0,4,38,0,0,0,0,0,0,0,0,0,3,1,0,0,0,0,0,0,0,0,0
1,4751691,88982,88930,2,0,0,7,15,0,0,0,6,0,0,0,0,0,0,0,0,0,0,0,0,0,0,0,0
1,4555127,69,7,0,0,0,4,38,0,0,0,0,0,0,0,0,0,3,1,0,0,0,0,0,0,0,0,0
1,5848367,5672,290,10,0,0,0,172,0,0,0,13,0,0,2,0,2,0,0,0,0,4,1,0,0,0,0,0
1,5912023,8304,429,10,0,0,0,168,0,0,0,16,0,0,0,0,0,0,0,0,0,4,3,0,0,0,0,0
1,4513372,67,7,0,0,0,4,38,0,0,0,0,0,0,0,0,0,3,1,0,0,0,0,0,0,0,0,0
1,5646984,3096,72,10,0,1,0,205,0,0,0,16,0,1,0,0,0,0,0,0,0,4,1,0,0,0,0,0
1,5035436,1851,5,10,0,0,0,186,1,0,0,10,0,0,0,0,0,0,0,0,0,4,2,0,0,0,0,0
1,4617722,127,7,0,0,0,6,42,0,0,0,0,0,0,0,0,0,0,1,0,0,0,0,0,0,0,0,0
1,4404950,100,3,0,0,0,0,13,1,0,0,0,0,0,0,0,0,0,0,0,0,0,0,0,0,0,0,0
1,4768870,181,9,0,0,0,12,150,0,0,0,0,0,0,0,0,0,0,1,0,0,0,0,0,0,0,0,0
1,5958410,8367,226,10,0,0,0,161,0,0,0,16,0,0,0,0,0,0,0,0,0,5,0,0,0,0,0,0
1,4658190,128,7,0,0,0,6,45,0,0,0,0,0,0,0,0,0,0,1,0,0,0,0,0,0,0,0,0
1,5014391,1047,110,6,0,0,0,212,1,0,0,12,0,0,0,0,0,0,0,0,0,3,4,0,0,0,0,0
1,4555778,68,7,0,0,0,4,38,0,0,0,0,0,0,0,0,0,3,1,0,0,0,0,0,0,0,0,0
1,4425505,53864,391,1,2,1,71,146,0,0,0,13,6,1,0,0,0,0,0,0,0,1,0,0,0,0,0,0
1,5018367,110,12,0,0,0,15,174,0,0,0,0,0,0,0,0,0,14,1,0,0,0,0,0,0,0,0,0
1,4691545,128,7,0,0,0,6,42,0,0,0,0,0,0,0,0,0,0,1,0,0,0,0,0,0,0,0,0
1,5019077,2576,91,23,0,0,0,713,1,0,0,61,0,0,0,0,0,0,0,0,0,4,8,0,0,0,0,0
1,4440253,2247,67,11,0,0,0,250,1,0,0,11,0,0,0,0,0,0,0,0,0,0,4,0,0,0,0,0
1,2275560,21463,86,42,0,0,0,1170,1,0,0,51,0,0,0,0,0,0,0,0,0,1,1,0,0,0,0,0
1,4654812,117,7,0,0,0,6,39,0,0,0,0,0,0,0,0,0,0,1,0,0,0,0,0,0,0,0,0
1,4509624,68,7,0,0,0,4,38,0,0,0,0,0,0,0,0,0,3,1,0,0,0,0,0,0,0,0,0
1,4497039,69,7,0,0,0,4,38,0,0,0,0,0,0,0,0,0,3,1,0,0,0,0,0,0,0,0,0
1,5580250,1966,936,6,0,0,0,145,0,0,0,6,0,0,0,0,0,0,0,0,0,1,1,0,0,0,0,0
1,2309807,22109,34,40,0,0,0,1003,1,0,0,40,0,0,0,0,0,0,0,0,0,6,3,0,0,0,0,0
1,4681225,70,7,0,0,0,13,146,0,0,0,0,0,0,0,0,0,12,1,0,0,0,0,0,0,0,0,0
1,4445512,419,41,5,0,0,0,72,1,0,0,6,0,0,0,0,0,0,0,0,0,0,0,0,0,0,0,0
1,5024777,450,5,1,0,0,0,51,1,0,0,1,0,0,0,0,0,0,0,0,0,2,0,0,0,0,0,0
1,4607137,388,14,2,1,0,1900,259,1795,0,0,91,6,0,0,0,0,0,0,0,0,2,0,0,0,0,0,0
1,4540393,68,7,0,0,0,4,38,0,0,0,0,0,0,0,0,0,3,1,0,0,0,0,0,0,0,0,0
1,4442486,84,18,2,1,0,576,28,570,0,0,4,1,0,0,0,0,0,0,0,0,1,2,0,0,0,0,0
1,5017898,206,3,2,0,0,0,18,1,0,0,2,0,0,0,0,0,0,0,0,0,0,0,0,0,0,0,0
1,4604309,106,18,0,0,0,13,201,0,0,0,0,0,0,0,0,0,11,0,0,0,0,1,0,0,0,0,0
1,4646043,128,7,0,0,0,6,42,0,0,0,0,0,0,0,0,0,0,1,0,0,0,0,0,0,0,0,0
1,2297390,7732,34,13,0,0,0,355,1,0,0,13,0,0,0,0,0,0,0,0,0,1,2,0,0,0,0,0
1,4645839,69,7,0,0,0,13,146,0,0,0,0,0,0,0,0,0,12,1,0,0,0,0,0,0,0,0,0
1,5013931,2246,110,12,0,1,0,230,0,0,0,12,0,1,0,0,0,0,0,0,0,7,1,0,0,0,0,0
1,4961370,3855,84,7,0,0,0,590,0,0,0,12,0,0,0,0,0,0,0,0,0,1,0,0,0,0,0,0
1,4395019,4136,52,19,0,0,0,1262,0,0,0,50,0,0,0,0,0,0,0,0,0,5,1,0,0,0,0,0
1,4996341,122,3,0,0,0,0,14,1,0,0,0,0,0,0,0,0,0,0,0,0,0,0,0,0,0,0,0
1,3359957,5362,34,39,0,5,0,829,1,0,0,119,0,9,6,0,6,0,0,0,0,8,20,0,0,0,0,0
1,4633063,69,7,0,0,0,13,146,0,0,0,0,0,0,0,0,0,12,1,0,0,0,0,0,0,0,0,0
1,4564595,88,12,0,0,0,4,38,0,0,0,0,0,0,0,0,0,3,1,0,0,0,0,0,0,0,0,0
1,4448785,418,108,2,0,0,0,37,1,0,0,2,0,0,0,0,0,0,0,0,0,0,0,0,0,0,0,0
1,5013611,1768,34,15,0,0,0,279,1,0,0,21,0,0,0,0,0,0,0,0,0,1,4,0,0,0,0,0
1,5014836,884,5,10,0,0,0,131,1,0,0,13,0,0,0,0,0,0,0,0,0,1,2,0,0,0,0,0
1,2280673,23855,39,42,0,0,0,1642,1,0,0,67,0,0,0,0,0,0,0,0,0,6,6,0,0,0,0,0
1,5020831,2370,49,18,0,0,0,982,1,0,0,76,0,0,0,0,0,0,0,0,0,7,9,0,0,0,0,0
1,4666049,69,7,0,0,0,4,47,0,0,0,0,0,0,0,0,0,6,1,0,0,0,0,0,0,0,0,0
1,5016227,388,5,5,0,0,0,39,1,0,0,5,0,0,0,0,0,0,0,0,0,0,1,0,0,0,0,0
1,4548778,84,6,0,0,0,4,50,0,0,0,0,0,0,0,0,0,3,1,0,0,0,0,0,0,0,0,0
1,4528335,69,7,0,0,0,4,38,0,0,0,0,0,0,0,0,0,3,1,0,0,0,0,0,0,0,0,0
1,5044214,1737,5,10,0,0,0,190,1,0,0,10,0,0,1,0,1,0,0,0,0,8,2,0,0,0,0,0
1,4875096,80,8,0,0,0,11,209,0,0,0,0,0,0,0,0,0,20,1,0,0,0,0,0,0,0,0,0
1,4999630,853,5,7,0,0,0,85,1,0,0,7,0,0,0,0,0,0,0,0,0,2,1,0,0,0,0,0
1,4531096,77,19,0,0,0,4,41,0,0,0,0,0,0,0,0,0,3,0,0,0,0,0,0,0,0,0,0
1,3381482,3758,34,23,0,1,0,788,1,0,0,150,0,5,6,0,6,0,0,0,0,5,20,0,0,0,0,0
1,5029341,175,4,1,0,0,0,23,1,0,0,1,0,0,0,0,0,0,0,0,0,0,0,0,0,0,0,0
1,5064369,1720,118,8,0,0,0,260,0,0,0,11,0,0,0,0,0,0,0,0,0,9,4,0,0,0,0,0
1,4264985,116,67,0,0,0,2269,4476,0,0,0,0,0,0,0,0,0,0,0,0,0,0,1,0,0,0,0,0
1,4660808,129,7,0,0,0,6,45,0,0,0,0,0,0,0,0,0,0,1,0,0,0,0,0,0,0,0,0
1,5672241,107,17,4,2,0,60,386,0,0,0,159,2,0,1,0,1,23,0,0,0,45,0,0,0,0,0,0
1,3537983,237861,112980,4,0,0,0,24,0,0,0,4,0,0,0,0,0,0,0,0,0,0,0,0,0,0,0,0
1,2301794,14255,80,26,0,0,0,651,1,0,0,26,0,0,0,0,0,0,0,0,0,2,3,0,0,0,0,0
1,4962171,1753,110,10,0,0,0,64,0,0,0,12,0,0,1,0,1,0,0,0,0,6,0,0,0,0,0,0
1,3653455,20662,24,1,0,1,0,2142,0,0,0,6,0,4,0,0,0,0,0,0,0,3,3,0,0,0,0,0
1,2970100,19404,12,0,1,0,0,4305,0,0,0,0,1,0,0,0,0,0,0,0,0,1,0,0,0,0,0,0
1,4626224,126,7,0,0,0,6,45,0,0,0,0,0,0,0,0,0,0,1,0,0,0,0,0,0,0,0,0
1,4731570,120,7,0,0,0,6,42,0,0,0,0,0,0,0,0,0,0,1,0,0,0,0,0,0,0,0,0
1,5667789,107,17,4,2,0,60,384,0,0,0,159,2,0,1,0,1,23,0,0,0,43,0,0,0,0,0,0
1,5672891,107,17,4,2,0,60,386,0,0,0,159,2,0,1,0,1,23,0,0,0,45,0,0,0,0,0,0
1,5221091,2411,99,8,0,0,0,333,0,0,0,17,0,0,0,0,0,0,0,0,0,0,6,0,0,0,0,0
1,3460942,418,8,0,0,0,0,2,0,0,0,0,0,0,0,0,0,0,0,0,0,2,0,0,0,0,0,0
1,4681272,123,7,0,0,0,6,45,0,0,0,0,0,0,0,0,0,0,1,0,0,0,0,0,0,0,0,0
1,5676549,107,17,4,2,0,60,386,0,0,0,159,2,0,1,0,1,23,0,0,0,45,0,0,0,0,0,0
1,4640504,128,7,0,0,0,6,42,0,0,0,0,0,0,0,0,0,0,1,0,0,0,0,0,0,0,0,0
1,2304974,14928,63,31,0,1,0,2188,1,0,0,106,0,2,0,0,0,0,0,0,0,9,6,0,0,0,0,0
1,5670979,107,17,4,2,0,60,384,0,0,0,159,2,0,1,0,1,23,0,0,0,43,0,0,0,0,0,0
1,4533587,69,7,0,0,0,14,150,0,0,0,0,0,0,0,0,0,13,1,0,0,0,0,0,0,0,0,0
1,5340782,100,17,4,2,0,80,435,0,0,0,171,10,0,1,0,1,23,0,0,0,47,0,0,0,0,0,0
1,4620586,9481,353,17,1,0,5,374,0,0,0,25,2,0,0,0,0,0,0,0,0,1,1,0,0,0,0,0
1,3678438,55033,23,0,1,1,35,28702,0,0,0,0,3,1,0,0,0,0,0,0,0,3,0,0,0,0,0,0
1,5676156,107,17,4,2,0,60,386,0,0,0,159,2,0,1,0,1,23,0,0,0,45,0,0,0,0,0,0
1,3205754,276504,275947,2,2,0,135193,117,2,0,0,18,12,0,0,0,0,0,0,0,0,3,1,0,0,0,0,0
1,3469860,237932,112980,4,0,0,0,24,0,0,0,4,0,0,0,0,0,0,0,0,0,0,0,0,0,0,0,0
1,3391657,237409,112980,4,0,0,0,13,0,0,0,4,0,0,0,0,0,0,0,0,0,0,0,0,0,0,0,0
1,4889011,75,6,1,0,0,5,62,0,0,0,1,0,0,0,0,0,4,1,0,0,0,3,0,0,0,0,0
1,4430289,3277,47,27,0,0,0,647,1,0,0,50,0,0,0,0,0,0,0,0,0,5,3,0,0,0,0,0
1,3581802,237409,112980,4,0,0,0,13,0,0,0,4,0,0,0,0,0,0,0,0,0,0,0,0,0,0,0,0
1,4676322,15520,8,570,0,1,0,1712,0,0,0,570,0,1,0,0,0,0,0,0,0,0,1,0,0,0,0,0
1,4788287,9363,341,17,1,0,5,363,0,0,0,25,2,0,0,0,0,0,0,0,0,1,1,0,0,0,0,0
1,5676634,107,17,4,2,0,60,386,0,0,0,159,2,0,1,0,1,23,0,0,0,45,0,0,0,0,0,0
1,5057543,366,76,12,2,1,1943,9143,0,0,0,1902,8,1,2,0,2,0,0,0,0,6,2,0,0,0,0,0
1,4664518,70,7,0,0,0,13,146,0,0,0,0,0,0,0,0,0,12,1,0,0,0,0,0,0,0,0,0
1,3387655,3846,65,30,0,0,0,259,1,0,0,36,0,0,4,0,4,0,0,0,0,5,6,0,0,0,0,0
1,4519202,68,7,0,0,0,4,38,0,0,0,0,0,0,0,0,0,3,1,0,0,0,0,0,0,0,0,0
1,5035214,1398,5,12,0,0,0,162,1,0,0,12,0,0,0,0,0,0,0,0,0,1,5,0,0,0,0,0
1,5668972,180,51,2,0,0,16,100,0,0,0,15,0,0,0,0,0,0,0,0,0,0,1,0,0,0,0,0
1,2285891,6096,83,14,0,0,0,376,1,0,0,21,0,0,0,0,0,0,0,0,0,1,2,0,0,0,0,0
1,3487513,237848,112980,4,0,0,0,24,0,0,0,4,0,0,0,0,0,0,0,0,0,0,0,0,0,0,0,0
1,5580815,1966,936,6,0,0,0,153,0,0,0,6,0,0,0,0,0,0,0,0,0,1,1,0,0,0,0,0
1,2295897,14008,36,26,0,0,0,1905,1,0,0,75,0,0,0,0,0,0,0,0,0,9,8,0,0,0,0,0
1,5115615,2571,73,8,0,0,0,520,0,0,0,12,0,0,0,0,0,0,0,0,0,3,1,0,0,0,0,0
1,5007118,3087,118,26,0,0,0,1008,1,0,0,77,0,0,0,0,0,0,0,0,0,11,8,0,0,0,0,0
1,3389772,237409,112980,4,0,0,0,13,0,0,0,4,0,0,0,0,0,0,0,0,0,0,0,0,0,0,0,0
1,3523672,245580,116850,4,0,0,0,25,0,0,0,4,0,0,0,0,0,0,0,0,0,0,0,0,0,0,0,0
1,3489861,374,8,0,0,0,0,2,0,0,0,0,0,0,0,0,0,0,0,0,0,2,0,0,0,0,0,0
1,4534586,68,7,0,0,0,4,38,0,0,0,0,0,0,0,0,0,3,1,0,0,0,0,0,0,0,0,0
1,3360980,4623,80,33,0,2,0,958,1,0,0,174,0,5,6,0,6,2,0,0,0,10,23,0,0,0,0,0
1,5034147,436,5,4,0,0,0,44,1,0,0,4,0,0,0,0,0,0,0,0,0,0,0,0,0,0,0,0
1,5672861,107,17,4,2,0,60,386,0,0,0,159,2,0,1,0,1,23,0,0,0,45,0,0,0,0,0,0
1,4660658,65,6,0,0,0,14,158,0,0,0,0,0,0,0,0,0,13,1,0,0,0,0,0,0,0,0,0
1,5676267,107,17,4,2,0,60,386,0,0,0,159,2,0,1,0,1,23,0,0,0,45,0,0,0,0,0,0
1,3378578,3638,68,25,0,3,0,746,1,0,0,149,0,10,3,0,3,0,0,0,0,9,18,0,0,0,0,0
1,5164620,3024,124,8,0,0,0,361,0,0,0,17,0,0,0,0,0,0,0,0,0,0,4,0,0,0,0,0
1,5018011,3664,341,10,1,0,22,870,0,0,0,31,2,0,0,0,0,0,0,1,0,1,1,0,0,0,0,0
1,3332162,110467,7,1,0,1,5,14,0,0,0,2,0,1,0,0,0,0,0,0,0,1,0,0,0,0,0,0
1,5671444,107,17,4,2,0,60,384,0,0,0,159,2,0,1,0,1,23,0,0,0,43,0,0,0,0,0,0
1,2327425,10573,38,31,0,0,0,1511,1,0,0,70,0,0,0,0,0,0,0,0,0,9,5,0,0,0,0,0
1,4512306,69,7,0,0,0,4,38,0,0,0,0,0,0,0,0,0,3,1,0,0,0,0,0,0,0,0,0
1,3906471,2639,2618,2,0,1,3,20,0,0,0,2,0,1,0,0,0,0,0,0,0,0,1,0,0,0,0,0
1,4654947,130,7,0,0,0,6,45,0,0,0,0,0,0,0,0,0,0,1,0,0,0,0,0,0,0,0,0
1,4665180,129,7,0,0,0,6,45,0,0,0,0,0,0,0,0,0,0,1,0,0,0,0,0,0,0,0,0
1,3958283,126,63,0,0,0,3534,9904,0,0,0,0,0,0,0,0,0,0,0,0,0,0,1,0,0,0,0,0
1,3646316,41916,32,7,5,1,69,218,0,0,0,38,21,1,0,0,0,0,0,0,0,1,1,0,0,0,0,0
1,4539860,69,7,0,0,0,4,38,0,0,0,0,0,0,0,0,0,3,1,0,0,0,0,0,0,0,0,0
1,3481966,237409,112980,4,0,0,0,13,0,0,0,4,0,0,0,0,0,0,0,0,0,0,0,0,0,0,0,0
1,4534098,69,7,0,0,0,4,38,0,0,0,0,0,0,0,0,0,3,1,0,0,0,0,0,0,0,0,0
1,4372821,83,12,0,0,0,4,41,0,0,0,0,0,0,0,0,0,3,0,0,0,0,0,0,0,0,0,0
1,4642025,127,7,0,0,0,6,45,0,0,0,0,0,0,0,0,0,0,1,0,0,0,0,0,0,0,0,0
1,5044960,835,5,4,0,0,0,87,1,0,0,4,0,0,0,0,0,0,0,0,0,2,0,0,0,0,0,0
1,5667981,107,17,4,2,0,60,384,0,0,0,159,2,0,1,0,1,23,0,0,0,43,0,0,0,0,0,0
1,5013098,3692,132,32,0,0,0,808,1,0,0,68,0,0,0,0,0,0,0,0,0,8,7,0,0,0,0,0
1,4670020,75,15,0,0,0,1063,2771,0,0,0,0,0,0,0,0,0,0,0,0,0,0,1,0,0,0,0,0
1,5843395,3129,2442,1,0,0,1,63,0,0,0,1,0,0,0,0,0,0,0,0,0,1,2,0,0,0,0,0
1,4545576,68,7,0,0,0,14,154,0,0,0,0,0,0,0,0,0,13,1,0,0,0,0,0,0,0,0,0
1,5218656,2432,99,8,0,0,0,345,0,0,0,17,0,0,0,0,0,0,0,0,0,0,4,0,0,0,0,0
1,4704650,137,12,0,0,0,6,42,0,0,0,0,0,0,0,0,0,0,1,0,0,0,0,0,0,0,0,0
1,4671187,266,9,0,0,0,53,914,0,0,0,0,0,0,0,0,0,26,1,0,0,0,0,0,0,0,0,0
1,5670930,107,17,4,2,0,60,384,0,0,0,159,2,0,1,0,1,23,0,0,0,43,0,0,0,0,0,0
1,5126470,5319,20,4,1,1,2,965,1,0,0,11,1,3,0,0,0,0,0,0,0,1,0,0,0,0,0,0
1,4591398,64,5,0,0,0,4,44,0,0,0,0,0,0,0,0,0,3,1,0,0,0,0,0,0,0,0,0
1,5671774,107,17,4,2,0,60,384,0,0,0,159,2,0,1,0,1,23,0,0,0,43,0,0,0,0,0,0
1,4142079,6719,38,31,0,1,0,161,1,0,0,31,0,1,0,0,0,0,0,0,0,3,1,0,0,0,0,0
1,5035222,1389,5,10,0,1,0,215,1,0,0,15,0,2,0,0,0,0,0,0,0,5,3,0,0,0,0,0
1,2305043,17223,83,34,0,0,0,2012,1,0,0,84,0,0,0,0,0,0,0,0,0,8,7,0,0,0,0,0
1,2288140,6185,41,14,0,0,0,598,1,0,0,26,0,0,0,0,0,0,0,0,0,6,3,0,0,0,0,0
1,4780414,6259,133,7,0,0,10,267,0,0,0,20,0,0,0,0,0,0,0,0,0,1,1,0,0,0,0,0
1,4557624,64,5,0,0,0,9,94,0,0,0,0,0,0,0,0,0,8,1,0,0,0,0,0,0,0,0,0
1,5128822,62,11,2,0,0,3,18,0,0,0,5,0,0,0,0,0,0,0,0,0,2,0,0,0,0,0,0
1,5005564,701,4,9,0,0,0,101,1,0,0,11,0,0,0,0,0,0,0,0,0,3,0,0,0,0,0,0
1,3079269,554382,7,1,0,1,5,11,0,0,0,2,0,1,0,0,0,0,0,0,0,0,0,0,0,0,0,0
1,5671026,107,17,4,2,0,60,384,0,0,0,159,2,0,1,0,1,23,0,0,0,43,0,0,0,0,0,0
1,5006342,1372,5,13,0,1,0,247,1,0,0,22,0,1,0,0,0,0,0,0,0,2,3,0,0,0,0,0
1,4909216,99,16,0,0,0,16,110,0,0,0,0,0,0,0,0,0,0,1,0,0,0,0,0,0,0,0,0
1,3401452,237409,112980,4,0,0,0,13,0,0,0,4,0,0,0,0,0,0,0,0,0,0,0,0,0,0,0,0
1,4948947,3422,334,10,1,0,21,1244,0,0,0,30,1,0,0,0,0,0,0,0,0,1,2,0,0,0,0,0
1,4539860,69,7,0,0,0,4,38,0,0,0,0,0,0,0,0,0,3,1,0,0,0,0,0,0,0,0,0
1,5012778,1072,71,8,0,1,0,206,1,0,0,14,0,1,0,0,0,0,0,0,0,4,5,0,0,0,0,0
1,5030987,1190,5,8,0,1,0,428,1,0,0,33,0,1,1,0,1,0,0,0,0,6,5,0,0,0,0,0
1,5010657,1701,34,17,0,0,0,202,1,0,0,18,0,0,0,0,0,0,0,0,0,4,3,0,0,0,0,0
1,5006941,2257,124,12,0,0,0,221,0,0,0,12,0,0,0,0,0,0,0,0,0,5,3,0,0,0,0,0
1,4529680,84,11,0,0,0,4,38,0,0,0,0,0,0,0,0,0,3,1,0,0,0,0,0,0,0,0,0
1,4998224,1185,5,12,0,0,0,171,1,0,0,18,0,0,0,0,0,0,0,0,0,1,2,0,0,0,0,0
1,5041920,1955,136,10,0,0,0,274,0,0,0,11,0,0,0,0,0,0,0,0,0,5,2,0,0,0,0,0
1,4302449,42,15,0,0,0,0,3,0,0,0,0,0,0,1,0,1,0,0,0,0,1,0,0,0,0,0,0
1,4668246,127,7,0,0,0,6,42,0,0,0,0,0,0,0,0,0,0,1,0,0,0,0,0,0,0,0,0
1,5115862,2022,68,9,0,1,0,305,0,0,0,11,0,1,0,0,0,0,0,0,0,3,4,0,0,0,0,0
1,5670082,107,17,4,2,0,60,384,0,0,0,159,2,0,1,0,1,23,0,0,0,43,0,0,0,0,0,0
1,5052731,1575,120,6,0,1,0,281,0,0,0,12,0,2,0,0,0,0,0,0,0,9,2,0,0,0,0,0
1,5140122,62,11,2,0,0,3,18,0,0,0,5,0,0,0,0,0,0,0,0,0,2,0,0,0,0,0,0
1,3579699,70356,35,1,1,0,83,141,27,0,0,3,4,0,0,0,0,0,0,0,0,0,1,0,0,0,0,0
1,3091301,71396,14,1,0,1,39,106,0,0,0,7,0,1,0,0,0,0,0,0,0,5,1,0,0,0,0,0
1,4746007,64,5,0,0,0,11,139,0,0,0,0,0,0,0,0,0,20,1,0,0,0,0,0,0,0,0,0
1,5110943,156,5,0,0,0,0,17,1,0,0,0,0,0,0,0,0,0,0,0,0,0,0,0,0,0,0,0
1,5039366,1916,126,10,0,0,0,199,1,0,0,10,0,0,0,0,0,0,0,0,0,6,1,0,0,0,0,0
1,5018386,3303,35,28,0,1,0,974,1,0,0,78,0,2,0,0,0,0,0,0,0,11,13,0,0,0,0,0
1,5019157,1096,64,10,0,0,0,378,1,0,0,35,0,0,1,0,1,0,0,0,0,8,2,0,0,0,0,0
1,5676354,107,17,4,2,0,60,386,0,0,0,159,2,0,1,0,1,23,0,0,0,45,0,0,0,0,0,0
1,5020849,325,4,3,0,0,0,27,1,0,0,3,0,0,0,0,0,0,0,0,0,1,0,0,0,0,0,0
1,5675801,107,17,4,2,0,60,386,0,0,0,159,2,0,1,0,1,23,0,0,0,45,0,0,0,0,0,0
1,5011978,1896,112,10,0,0,0,246,0,0,0,11,0,0,0,0,0,0,0,0,0,7,2,0,0,0,0,0
1,4659538,85,11,0,0,0,14,154,0,0,0,0,0,0,0,0,0,13,1,0,0,0,0,0,0,0,0,0
1,5170830,2995,124,8,0,0,0,350,0,0,0,17,0,0,0,0,0,0,0,0,0,0,4,0,0,0,0,0
1,4998594,2716,5,28,0,0,0,311,1,0,0,28,0,0,1,0,1,0,0,0,0,6,3,0,0,0,0,0
1,3603217,237409,112980,4,0,0,0,13,0,0,0,4,0,0,0,0,0,0,0,0,0,0,0,0,0,0,0,0
1,5007951,1515,5,14,0,0,2,311,1,0,0,27,0,0,0,0,0,0,0,0,0,2,5,0,0,0,0,0
1,4503817,68,7,0,0,0,4,38,0,0,0,0,0,0,0,0,0,3,1,0,0,0,0,0,0,0,0,0
1,5028566,1710,5,11,0,0,0,203,1,0,0,11,0,0,0,0,0,0,0,0,0,5,2,0,0,0,0,0
1,4429375,771,67,5,0,1,0,74,1,0,0,5,0,1,0,0,0,0,0,0,0,0,0,0,0,0,0,0
1,5042538,2051,122,10,0,0,0,272,0,0,0,12,0,0,0,0,0,0,0,0,0,6,2,0,0,0,0,0
1,4996954,2172,118,10,0,0,0,233,0,0,0,11,0,0,0,0,0,0,0,0,0,4,3,0,0,0,0,0
1,5020743,1981,46,16,0,0,0,509,1,0,0,45,0,0,0,0,0,0,0,0,0,8,6,0,0,0,0,0
1,4991084,1786,98,9,0,0,0,233,0,0,0,11,0,0,0,0,0,0,0,0,0,7,3,0,0,0,0,0
1,5520887,3360,123,10,0,1,0,222,0,0,0,16,0,1,1,0,1,0,0,0,0,3,2,0,0,0,0,0
1,4475303,4772,2516,1,0,0,5,19,0,0,0,2,0,0,0,0,0,0,0,0,0,0,0,0,0,0,0,0
1,5029630,43,3,0,0,0,0,5,1,0,0,0,0,0,0,0,0,0,0,0,0,0,0,0,0,0,0,0
1,5008071,2423,34,25,0,1,0,267,1,0,0,25,0,1,0,0,0,0,0,0,0,2,4,0,0,0,0,0
1,4647589,127,7,0,0,0,6,42,0,0,0,0,0,0,0,0,0,0,1,0,0,0,0,0,0,0,0,0
1,4824679,81,5,0,0,0,4,68,0,0,0,0,0,0,0,0,0,6,1,0,0,0,0,0,0,0,0,0
1,4428115,6220,82,30,0,0,0,973,0,0,0,50,0,0,0,0,0,0,0,0,0,8,1,0,0,0,0,0
1,5581291,1942,912,6,0,0,0,171,0,0,0,6,0,0,0,0,0,0,0,0,0,1,1,0,0,0,0,0
1,4504161,67,7,0,0,0,4,38,0,0,0,0,0,0,0,0,0,3,1,0,0,0,0,0,0,0,0,0
1,5026683,1554,138,9,0,0,0,222,1,0,0,18,0,0,0,0,0,0,0,0,0,2,2,0,0,0,0,0
1,4528335,69,7,0,0,0,4,38,0,0,0,0,0,0,0,0,0,3,1,0,0,0,0,0,0,0,0,0
1,3485792,390,8,0,0,0,0,2,0,0,0,0,0,0,0,0,0,0,0,0,0,2,0,0,0,0,0,0
1,5025689,383,5,3,0,0,0,41,1,0,0,3,0,0,0,0,0,0,0,0,0,1,0,0,0,0,0,0
1,5575134,1966,936,6,0,0,0,165,0,0,0,6,0,0,0,0,0,0,0,0,0,1,1,0,0,0,0,0
1,2293411,15271,75,31,0,0,0,2549,1,0,0,106,0,0,0,0,0,0,0,0,0,11,6,0,0,0,0,0
1,5019489,2196,136,14,0,0,0,212,1,0,0,14,0,0,0,0,0,0,0,0,0,1,3,0,0,0,0,0
1,3869920,2187,2166,2,0,1,3,20,0,0,0,2,0,1,0,0,0,0,0,0,0,0,1,0,0,0,0,0
1,4409399,1875,73,14,0,0,0,570,1,0,0,35,0,0,0,0,0,0,0,0,0,6,2,0,0,0,0,0
1,5091545,1755,102,8,0,0,0,245,0,0,0,12,0,0,0,0,0,0,0,0,0,7,3,0,0,0,0,0
1,5262007,1715,16,11,0,1,1,252604,1,0,0,80,0,3,0,0,0,0,0,0,0,7,10,0,0,0,0,0
1,3341873,3903,56,28,0,0,0,535,1,0,0,81,0,0,2,0,2,0,0,0,0,10,8,0,0,0,0,0
1,4445617,3208,34,25,0,0,0,483,1,0,0,33,0,0,0,0,0,0,0,0,0,10,1,0,0,0,0,0
1,4348054,4669,56,35,0,1,0,504,1,0,0,35,0,1,0,0,0,0,0,0,0,5,3,0,0,0,0,0
1,5142927,3166,46,10,0,0,0,428,0,0,0,11,0,0,0,0,0,0,0,0,0,3,2,0,0,0,0,0
1,5026431,386,5,2,0,0,0,39,1,0,0,2,0,0,0,0,0,0,0,0,0,1,0,0,0,0,0,0
1,4590194,94,13,0,0,0,4,38,0,0,0,0,0,0,0,0,0,3,1,0,0,0,0,0,0,0,0,0
1,4678404,134,10,0,0,0,6,42,0,0,0,0,0,0,0,0,0,0,1,0,0,0,0,0,0,0,0,0
1,4574505,66,7,0,0,0,13,146,0,0,0,0,0,0,0,0,0,12,1,0,0,0,0,0,0,0,0,0
1,5020201,1712,122,10,0,0,0,219,0,0,0,12,0,0,0,0,0,0,0,0,0,5,2,0,0,0,0,0
1,4716299,65,6,0,0,0,4,47,0,0,0,0,0,0,0,0,0,6,1,0,0,0,0,0,0,0,0,0
1,5019829,1923,100,8,0,0,0,263,0,0,0,11,0,0,0,0,0,0,0,0,0,5,2,0,0,0,0,0
1,5000508,1953,98,11,0,0,0,269,0,0,0,12,0,0,0,0,0,0,0,0,0,5,3,0,0,0,0,0
1,4793039,88,7,0,0,0,14,186,0,0,0,0,0,0,0,0,0,13,1,0,0,0,0,0,0,0,0,0
1,4447206,4545,79,41,0,0,0,672,1,0,0,50,0,0,0,0,0,0,0,0,0,4,4,0,0,0,0,0
1,5659586,14327,6787,1,0,0,1,69,0,0,0,1,0,0,0,0,0,0,0,0,0,1,2,0,0,0,0,0
1,5002623,1287,112,7,0,0,0,241,0,0,0,12,0,0,0,0,0,0,0,0,0,6,2,0,0,0,0,0
1,5815889,5657,154,10,0,0,0,172,0,0,0,16,0,0,0,0,0,0,0,0,0,7,1,0,0,0,0,0
1,3612789,237944,112980,4,0,0,0,24,0,0,0,4,0,0,0,0,0,0,0,0,0,0,0,0,0,0,0,0
1,4764357,134,10,0,0,0,6,42,0,0,0,0,0,0,0,0,0,0,1,0,0,0,0,0,0,0,0,0
1,4506661,68,7,0,0,0,14,150,0,0,0,0,0,0,0,0,0,13,1,0,0,0,0,0,0,0,0,0
1,4638552,6361,144,7,0,0,10,277,0,0,0,20,0,0,0,0,0,0,0,0,0,1,1,0,0,0,0,0
1,4663832,127,7,0,0,0,6,42,0,0,0,0,0,0,0,0,0,0,1,0,0,0,0,0,0,0,0,0
1,5161529,3011,124,8,0,0,0,351,0,0,0,17,0,0,0,0,0,0,0,0,0,0,4,0,0,0,0,0
1,5008194,3066,102,25,0,1,0,681,1,0,0,59,0,2,1,0,1,0,0,0,0,7,4,0,0,0,0,0
1,4540393,68,7,0,0,0,4,38,0,0,0,0,0,0,0,0,0,3,1,0,0,0,0,0,0,0,0,0
1,4362233,2135,83,17,0,0,0,230,1,0,0,17,0,0,0,0,0,0,0,0,0,2,1,0,0,0,0,0
1,4633114,128,7,0,0,0,6,45,0,0,0,0,0,0,0,0,0,0,1,0,0,0,0,0,0,0,0,0
1,5086132,1701,40,9,0,0,0,235,0,0,0,12,0,0,0,0,0,0,0,0,0,2,4,0,0,0,0,0
1,4528335,69,7,0,0,0,4,38,0,0,0,0,0,0,0,0,0,3,1,0,0,0,0,0,0,0,0,0
1,5024780,976,5,6,0,0,0,116,1,0,0,7,0,0,0,0,0,0,0,0,0,2,3,0,0,0,0,0
1,5015081,2200,5,17,0,0,0,439,1,0,0,35,0,0,0,0,0,0,0,0,0,3,6,0,0,0,0,0
1,5015789,3231,5,27,0,0,0,557,1,0,0,51,0,0,0,0,0,0,0,0,0,3,8,0,0,0,0,0
1,5661266,180,51,2,0,0,16,101,0,0,0,15,0,0,0,0,0,0,0,0,0,0,1,0,0,0,0,0
1,5267254,1824,74,39,0,0,0,176,0,0,0,48,0,0,0,0,0,0,0,0,0,0,1,0,0,0,0,0
1,4992071,2192,106,12,0,0,0,230,0,0,0,12,0,0,0,0,0,0,0,0,0,4,1,0,0,0,0,0
1,5039562,1938,136,10,0,0,0,230,0,0,0,11,0,0,1,0,1,0,0,0,0,3,2,0,0,0,0,0
1,2308484,10791,34,20,0,0,0,486,1,0,0,20,0,0,0,0,0,0,0,0,0,2,1,0,0,0,0,0
1,5042443,1926,5,10,0,0,0,210,1,0,0,10,0,0,0,0,0,0,0,0,0,7,2,0,0,0,0,0
1,5893914,5437,286,10,0,0,0,167,0,0,0,16,0,0,0,0,0,0,0,0,0,4,2,0,0,0,0,0
1,5707677,4138,166,10,0,0,0,224,0,0,0,16,0,0,0,0,0,0,0,0,0,6,2,0,0,0,0,0
1,2317966,3519,63,8,0,0,0,399,1,0,0,16,0,0,0,0,0,0,0,0,0,2,1,0,0,0,0,0
1,4265576,2843,43,15,0,0,0,131,1,0,0,15,0,0,0,0,0,0,0,0,0,2,1,0,0,0,0,0
1,5176126,3036,124,8,0,0,0,366,0,0,0,17,0,0,0,0,0,0,0,0,0,0,4,0,0,0,0,0
1,4831335,141,11,0,0,0,15,287,0,0,0,0,0,0,0,0,0,28,1,0,0,0,0,0,0,0,0,0
1,3497690,237409,112980,4,0,0,0,13,0,0,0,4,0,0,0,0,0,0,0,0,0,0,0,0,0,0,0,0
1,5026857,42,3,0,0,0,0,5,1,0,0,0,0,0,0,0,0,0,0,0,0,0,0,0,0,0,0,0
1,5090030,4886,187,9,0,0,0,409,0,0,0,18,0,0,0,0,0,0,0,0,0,0,3,0,0,0,0,0
1,4362075,426,95,5,0,0,0,36,1,0,0,5,0,0,0,0,0,0,0,0,0,0,0,0,0,0,0,0
1,4674928,127,7,0,0,0,6,42,0,0,0,0,0,0,0,0,0,0,1,0,0,0,0,0,0,0,0,0
1,4659996,128,7,0,0,0,6,42,0,0,0,0,0,0,0,0,0,0,1,0,0,0,0,0,0,0,0,0
1,5044754,2234,124,12,0,0,0,249,0,0,0,12,0,0,0,0,0,0,0,0,0,6,3,0,0,0,0,0
1,5016206,2388,99,21,0,0,0,463,1,0,0,39,0,0,0,0,0,0,0,0,0,3,3,0,0,0,0,0
1,5277077,1846,74,28,0,0,0,183,0,0,0,37,0,0,0,0,0,0,0,0,0,0,2,0,0,0,0,0
1,4539860,69,7,0,0,0,4,38,0,0,0,0,0,0,0,0,0,3,1,0,0,0,0,0,0,0,0,0
1,4726562,147,15,0,0,0,18,186,0,0,0,0,0,0,0,0,0,0,1,0,0,0,0,0,0,0,0,0
1,4355788,6872,57,25,0,0,0,1299,0,0,0,40,0,0,0,0,0,0,0,0,0,6,3,0,0,0,0,0
1,5026455,1065,116,10,0,0,0,174,1,0,0,16,0,0,0,0,0,0,0,0,0,5,0,0,0,0,0,0
1,4549365,69,7,0,0,0,4,38,0,0,0,0,0,0,0,0,0,3,1,0,0,0,0,0,0,0,0,0
1,5174157,3025,124,8,0,0,0,361,0,0,0,17,0,0,0,0,0,0,0,1,0,0,4,0,0,0,0,0
1,5028201,930,5,11,0,0,0,186,1,0,0,16,0,0,0,0,0,0,0,0,0,3,0,0,0,0,0,0
1,4608028,72,5,0,0,0,13,138,0,0,0,0,0,0,0,0,0,12,1,0,0,0,0,0,0,0,0,0
1,5094651,355,5,0,0,0,0,36,1,0,0,0,0,0,0,0,0,0,0,0,0,1,0,0,0,0,0,0
1,4164940,4572,189,10,0,0,6,1853,0,0,0,45,0,0,0,0,0,0,0,0,0,1,1,0,0,0,0,0
1,4777611,9378,359,20,1,0,5,372,0,0,0,25,2,0,0,0,0,0,0,0,0,1,1,0,0,0,0,0
1,4568936,69,7,0,0,0,14,154,0,0,0,0,0,0,0,0,0,13,1,0,0,0,0,0,0,0,0,0
1,4655529,128,7,0,0,0,6,42,0,0,0,0,0,0,0,0,0,0,1,0,0,0,0,0,0,0,0,0
1,5015563,479,5,4,0,0,0,82,1,0,0,5,0,0,0,0,0,0,0,0,0,0,0,0,0,0,0,0
1,4812197,101,16,0,0,0,14,106,0,0,0,0,0,0,0,0,0,13,1,0,0,0,0,0,0,0,0,0
1,4541020,67,7,0,0,0,4,38,0,0,0,0,0,0,0,0,0,3,1,0,0,0,0,0,0,0,0,0
1,4540393,68,7,0,0,0,4,38,0,0,0,0,0,0,0,0,0,3,1,0,0,0,0,0,0,0,0,0
1,4527573,69,7,0,0,0,4,38,0,0,0,0,0,0,0,0,0,3,1,0,0,0,0,0,0,0,0,0
1,5759169,4275,192,10,0,1,0,228,0,0,0,16,0,1,0,0,0,0,0,0,0,7,3,0,0,0,0,0
1,5027217,3487,351,10,1,0,27,1240,0,0,0,36,2,0,0,0,0,0,0,0,0,1,1,0,0,0,0,0
1,4694374,157,9,0,0,0,2,44,0,0,0,0,0,0,0,0,0,1,1,0,0,0,0,0,0,0,0,0
1,4710315,137,12,0,0,0,6,45,0,0,0,0,0,0,0,0,0,0,1,0,0,0,0,0,0,0,0,0
1,4709217,138,12,0,0,0,6,45,0,0,0,0,0,0,0,0,0,0,1,0,0,0,0,0,0,0,0,0
1,5033718,3236,140,21,0,0,0,361,1,0,0,24,0,0,0,0,0,0,0,0,0,8,4,0,0,0,0,0
1,5366190,51808,44,1,0,0,825,17,800,0,0,3,0,0,0,0,0,0,0,0,0,1,0,0,0,0,0,0
1,4322163,88,3,0,0,0,0,11,1,0,0,0,0,0,0,0,0,0,0,0,0,0,0,0,0,0,0,0
1,4503563,69,7,0,0,0,4,38,0,0,0,0,0,0,0,0,0,3,1,0,0,0,0,0,0,0,0,0
1,4625435,65,6,0,0,0,4,38,0,0,0,0,0,0,0,0,0,3,1,0,0,0,0,0,0,0,0,0
1,4424335,3379,65,32,0,0,0,374,1,0,0,32,0,0,0,0,0,0,0,0,0,6,1,0,0,0,0,0
1,5208886,2417,99,8,0,0,0,343,0,0,0,17,0,0,0,0,0,0,0,0,0,1,4,0,0,0,0,0
1,2319048,22010,53,49,0,0,0,4294,1,0,0,196,0,0,0,0,0,0,0,0,0,12,8,0,0,0,0,0
1,5051879,1814,5,10,0,0,0,206,1,0,0,10,0,0,0,0,0,0,0,0,0,6,3,0,0,0,0,0
1,2302456,10258,82,21,0,0,0,1057,1,0,0,42,0,0,0,0,0,0,0,0,0,7,5,0,0,0,0,0
1,4524593,69,7,0,0,0,4,38,0,0,0,0,0,0,0,0,0,3,1,0,0,0,0,0,0,0,0,0
1,5030217,932,5,5,0,0,0,191,1,0,0,11,0,0,0,0,0,0,0,0,0,1,1,0,0,0,0,0
1,5125363,3062,2032,6,0,0,0,163,0,0,0,6,0,0,0,0,0,0,0,0,0,1,1,0,0,0,0,0
1,4932827,76,5,0,0,0,4,65,0,0,0,0,0,0,0,0,0,6,1,0,0,0,0,0,0,0,0,0
1,5120915,1773,73,10,0,1,0,242,0,0,0,11,0,1,0,0,0,0,0,0,0,5,3,0,0,0,0,0
1,5031967,430,5,3,0,0,0,49,1,0,0,3,0,0,0,0,0,0,0,0,0,0,3,0,0,0,0,0
1,5004389,442,5,4,0,0,0,57,1,0,0,4,0,0,0,0,0,0,0,0,0,0,1,0,0,0,0,0
1,4534098,69,7,0,0,0,4,38,0,0,0,0,0,0,0,0,0,3,1,0,0,0,0,0,0,0,0,0
1,5443779,501089,27384,1,0,1,1,18247,0,0,0,1,0,1,0,0,0,0,0,0,0,0,2,0,0,0,0,0
1,5523859,3772,195,10,0,0,0,219,0,0,0,16,0,0,0,0,0,0,0,0,0,4,2,0,0,0,0,0
1,3546743,150578,16,0,0,0,7,14272,2,0,0,0,0,0,0,0,0,0,0,0,0,0,0,0,0,0,0,0
1,4677677,70,7,0,0,0,4,38,0,0,0,0,0,0,0,0,0,3,1,0,0,0,0,0,0,0,0,0
1,5567589,1966,936,6,0,0,0,166,0,0,0,6,0,0,0,0,0,0,0,0,0,1,1,0,0,0,0,0
1,4700729,6691,141,7,0,0,10,284,0,0,0,20,0,0,0,0,0,0,0,0,0,1,1,0,0,0,0,0
1,4374160,1445,17,0,0,1,0,76,0,0,0,0,0,1,0,0,0,0,0,0,0,1,1,0,0,0,0,0
1,4330926,6439,69,24,0,0,0,1233,0,0,0,41,0,0,0,0,0,0,0,0,0,6,1,0,0,0,0,0
1,5018014,405,5,3,0,0,0,43,1,0,0,3,0,0,0,0,0,0,0,0,0,0,1,0,0,0,0,0
1,2285834,5726,54,10,0,0,0,261,1,0,0,10,0,0,0,0,0,0,0,0,0,2,0,0,0,0,0,0
1,5715420,65,23,5,0,1,42,93,4,0,0,38,0,1,0,0,0,1,0,0,1,2,1,0,0,0,0,0
1,5027454,1098,5,12,0,0,0,255,1,0,0,24,0,0,0,0,0,0,0,0,0,3,4,0,0,0,0,0
1,4294545,940,34,11,0,0,0,95,1,0,0,11,0,0,0,0,0,0,0,0,0,0,1,0,0,0,0,0
1,4154941,4819,169,10,0,0,6,1926,0,0,0,45,0,0,0,0,0,0,0,0,0,1,1,0,0,0,0,0
1,3803185,1457,1333,28,1,0,92,363,3,0,0,150,3,0,0,0,0,0,0,0,0,0,1,0,0,0,0,0
1,5576276,1942,912,6,0,0,0,150,0,0,0,6,0,0,0,0,0,0,0,0,0,1,1,0,0,0,0,0
1,4596472,89,8,0,0,0,15,222,0,0,0,0,0,0,0,0,0,14,1,0,0,0,0,0,0,0,0,0
1,5010397,842,5,9,0,0,0,132,1,0,0,15,0,0,0,0,0,0,0,0,0,1,2,0,0,0,0,0
1,5675763,107,17,4,2,0,60,386,0,0,0,159,2,0,1,0,1,23,0,0,0,45,0,0,0,0,0,0
1,5009280,1169,5,15,0,0,0,475,1,0,0,42,0,0,0,0,0,0,0,0,0,3,7,0,0,0,0,0
1,3644082,41887,36,7,5,1,69,218,0,0,0,38,21,1,0,0,0,0,0,0,0,1,1,0,0,0,0,0
1,5047504,3481,357,10,1,0,19,883,0,0,0,28,2,0,0,0,0,0,0,0,0,1,2,0,0,0,0,0
1,4549365,69,7,0,0,0,4,38,0,0,0,0,0,0,0,0,0,3,1,0,0,0,0,0,0,0,0,0
1,5573563,1966,936,6,0,0,0,139,0,0,0,6,0,0,0,0,0,0,0,0,0,1,1,0,0,0,0,0
1,2317517,11092,99,21,0,0,0,3267,1,0,0,135,0,0,0,0,0,0,0,0,0,12,8,0,0,0,0,0
1,5676469,107,17,4,2,0,60,386,0,0,0,159,2,0,1,0,1,23,0,0,0,45,0,0,0,0,0,0
1,4445498,2692,46,20,0,0,0,305,1,0,0,20,0,0,0,0,0,0,0,0,0,3,1,0,0,0,0,0
1,4971910,83,6,0,0,0,4,65,0,0,0,0,0,0,0,0,0,6,1,0,0,0,0,0,0,0,0,0
1,4683235,122,7,0,0,0,6,42,0,0,0,0,0,0,0,0,0,0,1,0,0,0,0,0,0,0,0,0
1,2307429,1176,34,3,0,0,0,46,1,0,0,3,0,0,0,0,0,0,0,0,0,0,0,0,0,0,0,0
1,4146595,4862,167,10,0,0,6,1874,0,0,0,45,0,0,0,0,0,0,0,0,0,1,1,0,0,0,0,0
1,4642240,69,7,0,0,0,4,47,0,0,0,0,0,0,0,0,0,6,1,0,0,0,0,0,0,0,0,0
1,4121727,5003,189,11,0,0,6,2505,0,0,0,47,0,0,0,0,0,0,0,0,0,1,1,0,0,0,0,0
1,4611307,67,7,0,0,0,13,146,0,0,0,0,0,0,0,0,0,12,1,0,0,0,0,0,0,0,0,0
1,5006857,1776,116,9,0,0,0,242,0,0,0,12,0,0,0,0,0,0,0,0,0,7,3,0,0,0,0,0
1,4454294,5821,47,46,0,0,0,661,1,0,0,46,0,0,0,0,0,0,0,0,0,6,2,0,0,0,0,0
1,3419080,352671,485,1,2,1,71,146,0,0,0,13,6,1,0,0,0,0,0,0,0,1,0,0,0,0,0,0
1,4165118,124,61,0,0,0,1091,2827,0,0,0,0,0,0,0,0,0,0,0,0,0,0,1,0,0,0,0,0
1,4513741,9371,356,17,1,0,5,365,0,0,0,25,2,0,0,0,0,0,0,0,0,1,1,0,0,0,0,0
1,5675967,107,17,4,2,0,60,386,0,0,0,159,2,0,1,0,1,23,0,0,0,45,0,0,0,0,0,0
1,5020352,2158,116,9,0,1,0,259,0,0,0,12,0,1,0,0,0,0,0,0,0,5,2,0,0,0,0,0
1,4886431,215,12,1,0,0,17,224,0,0,0,1,0,0,0,0,0,0,0,0,0,0,0,0,0,0,0,0
1,4853851,43,15,1,0,0,16,29,0,0,0,1,0,0,0,0,0,0,0,0,0,0,2,0,0,0,0,0
1,5029647,653,5,7,0,0,0,132,1,0,0,14,0,0,0,0,0,0,0,0,0,2,2,0,0,0,0,0
1,5667395,107,17,4,2,0,60,384,0,0,0,159,2,0,1,0,1,23,0,0,0,43,0,0,0,0,0,0
1,5225201,2437,99,8,0,0,0,348,0,0,0,17,0,0,0,0,0,0,0,0,0,1,4,0,0,0,0,0
1,4133178,85685,31,1,1,1,347,87,296,0,0,3,4,1,0,0,0,0,0,0,0,1,0,0,0,0,0,0
1,5007013,727,5,7,0,0,0,221,1,0,0,18,0,0,0,0,0,0,0,0,0,2,2,0,0,0,0,0
1,4367630,6671,70,22,0,0,0,1337,0,0,0,46,0,0,0,0,0,0,0,0,0,9,0,0,0,0,0,0
1,4525516,67,7,0,0,0,4,38,0,0,0,0,0,0,0,0,0,3,1,0,0,0,0,0,0,0,0,0
1,3495736,237409,112980,4,0,0,0,13,0,0,0,4,0,0,0,0,0,0,0,0,0,0,0,0,0,0,0,0
1,5007704,706,4,9,0,0,0,87,1,0,0,11,0,0,0,0,0,0,0,0,0,0,1,0,0,0,0,0
1,4618923,129,7,0,0,0,16,171,0,0,0,0,0,0,0,0,0,0,1,0,0,0,0,0,0,0,0,0
1,4520973,3234,4,12,0,0,0,383,1,0,0,12,0,0,0,0,0,0,0,0,0,6,1,0,0,0,0,0
1,2903226,224101,7,1,0,1,5,11,0,0,0,2,0,1,0,0,0,0,0,0,0,0,0,0,0,0,0,0
1,5022004,1897,122,10,0,0,0,259,0,0,0,12,0,0,0,0,0,0,0,0,0,7,2,0,0,0,0,0
1,3402501,237409,112980,4,0,0,0,13,0,0,0,4,0,0,0,0,0,0,0,0,0,0,0,0,0,0,0,0
1,5018682,1174,34,14,0,0,0,328,1,0,0,32,0,0,0,0,0,0,0,0,0,1,1,0,0,0,0,0
1,4877946,81,8,0,0,0,11,209,0,0,0,0,0,0,0,0,0,20,1,0,0,0,0,0,0,0,0,0
1,3370044,2563,40,20,0,1,0,213,1,0,0,33,0,1,2,0,2,1,0,0,0,6,6,0,0,0,0,0
1,5675672,107,17,4,2,0,60,386,0,0,0,159,2,0,1,0,1,23,0,0,0,45,0,0,0,0,0,0
1,2306000,22699,41,46,0,0,0,1122,1,0,0,52,0,0,0,0,0,0,0,0,0,5,2,0,0,0,0,0
1,5034234,610,5,8,0,0,0,180,1,0,0,19,0,0,0,0,0,0,0,0,0,1,4,0,0,0,0,0
1,5020956,491,5,3,0,0,0,68,1,0,0,3,0,0,0,0,0,0,0,0,0,1,1,0,0,0,0,0
1,4678624,100,7,0,0,0,4,62,0,0,0,0,0,0,0,0,0,6,1,0,0,0,0,0,0,0,0,0
1,4590660,19478,42,3,2,1,1550,3121,14,2,0,98,20,8,0,0,0,0,0,0,0,3,18,0,0,0,0,0
1,5023518,215,5,2,0,0,0,45,1,0,0,4,0,0,0,0,0,0,0,0,0,0,1,0,0,0,0,0
1,5066002,1352,124,7,0,0,0,271,0,0,0,12,0,0,0,0,0,0,0,0,0,7,3,0,0,0,0,0
1,4400943,49926,7,1,0,1,1087,11,1080,0,0,2,0,1,0,0,0,0,0,0,0,0,0,0,0,0,0,0
1,4479244,66,7,0,0,0,4,38,0,0,0,0,0,0,0,0,0,3,1,0,0,0,0,0,0,0,0,0
1,4645038,128,7,0,0,0,6,45,0,0,0,0,0,0,0,0,0,0,1,0,0,0,0,0,0,0,0,0
1,5079106,2070,63,11,0,1,0,259,0,0,0,12,0,1,1,0,1,0,0,0,0,2,3,0,0,0,0,0
1,4925227,3455,345,10,1,0,29,872,0,0,0,38,2,0,0,0,0,0,0,0,0,1,1,0,0,0,0,0
1,5168447,2996,124,8,0,0,0,351,0,0,0,17,0,0,0,0,0,0,0,0,0,0,4,0,0,0,0,0
1,5021534,2664,79,25,0,0,0,835,1,0,0,63,0,0,0,0,0,0,0,0,0,10,13,0,0,0,0,0
1,2302534,6243,46,15,0,0,0,568,1,0,0,20,0,0,0,0,0,0,0,0,0,1,5,0,0,0,0,0
1,5675200,107,17,4,2,0,60,386,0,0,0,159,2,0,1,0,1,23,0,0,0,45,0,0,0,0,0,0
1,4005537,85595,29,1,2,0,111,92,77,0,0,4,6,0,0,0,0,0,0,0,0,2,1,0,0,0,0,0
1,4950909,3491,358,10,1,0,24,846,0,0,0,33,2,0,0,0,0,0,0,0,0,3,1,0,0,0,0,0
1,4543752,9102,341,20,1,0,5,381,0,0,0,25,2,0,0,0,0,0,0,0,0,1,1,0,0,0,0,0
1,5160342,128,35,3,1,0,777,207,488,0,0,176,1,0,0,0,0,0,0,1,0,2,2,0,0,0,0,0
1,4585519,64,5,0,0,0,4,38,0,0,0,0,0,0,0,0,0,3,1,0,0,0,0,0,0,0,0,0
1,5676033,107,17,4,2,0,60,386,0,0,0,159,2,0,1,0,1,23,0,0,0,45,0,0,0,0,0,0
1,2301988,19470,106,32,0,0,0,3900,1,0,0,155,0,0,0,0,0,0,0,0,0,10,9,0,0,0,0,0
1,3418508,237409,112980,4,0,0,0,13,0,0,0,4,0,0,0,0,0,0,0,0,0,0,0,0,0,0,0,0
1,4376583,2352,4,8,0,0,0,280,1,0,0,8,0,0,0,0,0,0,0,0,0,1,0,0,0,0,0,0
1,5011409,1430,136,6,0,0,0,239,0,0,0,12,0,0,1,0,1,0,0,0,0,5,3,0,0,0,0,0
1,4681941,76,5,0,0,0,13,186,0,0,0,0,0,0,0,0,0,12,1,0,0,0,0,0,0,0,0,0
1,5583247,1966,936,6,0,0,0,160,0,0,0,6,0,0,0,0,0,0,0,0,0,1,1,0,0,0,0,0
1,5606723,29270,29248,2,2,1,49,129,1,0,0,16,12,1,0,0,0,0,0,0,0,3,1,0,0,0,0,0
1,5069173,1426,16,9,0,1,1,252618,1,0,0,73,0,3,0,0,0,0,0,0,0,5,11,0,0,0,0,0
1,4773301,5998,143,7,0,0,10,277,0,0,0,20,0,0,0,0,0,0,0,0,0,1,1,0,0,0,0,0
1,5175947,133,27,3,1,0,752,214,464,0,0,182,1,0,0,0,0,0,0,0,0,2,2,0,0,0,0,0
1,4438350,92,19,2,1,0,554,28,548,0,0,4,1,0,0,0,0,0,0,0,0,1,2,0,0,0,0,0
1,5040978,1710,108,6,0,0,0,282,0,0,0,11,0,0,0,0,0,0,0,0,0,8,1,0,0,0,0,0
1,5018847,2086,34,21,0,0,0,353,1,0,0,35,0,0,0,0,0,0,0,0,0,4,4,0,0,0,0,0
1,4951308,3204,349,10,1,0,18,1238,0,0,0,27,1,0,0,0,0,0,0,0,0,1,2,0,0,0,0,0
1,5020937,1872,116,10,0,1,0,234,0,0,0,11,0,1,1,0,1,0,0,0,0,6,3,0,0,0,0,0
1,2305926,8849,84,18,0,0,0,403,1,0,0,18,0,0,0,0,0,0,0,0,0,0,0,0,0,0,0,0
1,4990558,3335,104,29,0,1,0,557,1,0,0,47,0,1,0,0,0,0,0,0,0,9,8,0,0,0,0,0
1,4761689,178,9,0,0,0,19,259,0,0,0,0,0,0,0,0,0,0,1,0,0,0,0,0,0,0,0,0
1,2303585,8944,67,14,0,0,0,929,1,0,0,37,0,0,0,0,0,0,0,0,0,8,3,0,0,0,0,0
1,5007216,1641,124,9,0,0,0,212,0,0,0,12,0,0,0,0,0,0,0,0,0,7,1,0,0,0,0,0
1,5671498,107,17,4,2,0,60,384,0,0,0,159,2,0,1,0,1,23,0,0,0,43,0,0,0,0,0,0
1,4167961,1229,16,0,0,1,0,127,0,0,0,0,0,1,0,0,0,0,0,0,0,1,1,0,0,0,0,0
1,4923895,1634,114,11,0,0,0,56,0,0,0,13,0,0,0,0,0,0,0,0,0,2,1,0,0,0,0,0
1,5219281,2442,99,8,0,0,0,350,0,0,0,17,0,0,0,0,0,0,0,0,0,0,5,0,0,0,0,0
1,5020938,391,5,3,0,0,0,43,1,0,0,3,0,0,0,0,0,0,0,0,0,1,0,0,0,0,0,0
1,5667478,107,17,4,2,0,60,384,0,0,0,159,2,0,1,0,1,23,0,0,0,43,0,0,0,0,0,0
1,5021859,2759,34,28,0,1,0,516,1,0,0,47,0,1,0,0,0,0,0,0,0,5,6,0,0,0,0,0
1,5671628,107,17,4,2,0,60,384,0,0,0,159,2,0,1,0,1,23,0,0,0,43,0,0,0,0,0,0
1,4601695,130,8,0,0,0,18,182,0,0,0,0,0,0,0,0,0,0,1,0,0,0,0,0,0,0,0,0
1,5066060,1872,114,9,0,0,0,261,0,0,0,11,0,0,0,0,0,0,0,0,0,6,1,0,0,0,0,0
1,5670807,107,17,4,2,0,60,384,0,0,0,159,2,0,1,0,1,23,0,0,0,43,0,0,0,0,0,0
1,4088920,4697,189,10,0,0,6,1833,0,0,0,45,0,0,0,0,0,0,0,0,0,1,1,0,0,0,0,0
1,5060296,1964,45,11,0,1,0,185,1,0,0,11,0,1,0,0,0,0,0,0,0,6,3,0,0,0,0,0
1,5016787,2045,5,19,0,0,0,309,1,0,0,27,0,0,1,0,1,0,0,0,0,3,3,0,0,0,0,0
1,4710986,81,10,0,0,0,4,38,0,0,0,0,0,0,0,0,0,3,1,0,0,0,0,0,0,0,0,0
1,5010479,2579,34,21,0,0,0,581,1,0,0,44,0,0,0,0,0,0,0,0,0,8,4,0,0,0,0,0
1,4708708,111,9,0,0,0,5,35,0,0,0,0,0,0,0,0,0,0,1,0,0,0,0,0,0,0,0,0
1,3293062,237409,112980,4,0,0,0,13,0,0,0,4,0,0,0,0,0,0,0,0,0,0,0,0,0,0,0,0
1,4626367,69,7,0,0,0,13,146,0,0,0,0,0,0,0,0,0,12,1,0,0,0,0,0,0,0,0,0
1,4174872,10235,168,11,0,0,6,751,0,0,0,39,0,0,0,0,0,0,0,0,0,1,1,0,0,0,0,0
1,5016200,4666,47,37,0,1,0,810,1,0,0,65,0,1,0,0,0,0,0,0,0,9,6,0,0,0,0,0
1,4488972,66,7,0,0,0,4,38,0,0,0,0,0,0,0,0,0,3,1,0,0,0,0,0,0,0,0,0
1,5077434,955,5,5,0,0,0,100,1,0,0,5,0,0,0,0,0,0,0,0,0,3,0,0,0,0,0,0
1,3224075,185601,90,1,0,1,50,14390,0,0,0,16,0,1,0,0,0,0,0,0,0,5,1,0,0,0,0,0
1,5093113,4882,181,9,0,0,0,409,0,0,0,18,0,0,0,0,0,0,0,0,0,0,3,0,0,0,0,0
1,4688138,130,7,0,0,0,6,45,0,0,0,0,0,0,0,0,0,0,1,0,0,0,0,0,0,0,0,0
1,5004746,2814,33,23,0,0,0,538,1,0,0,49,0,0,0,0,0,0,0,0,0,10,9,0,0,0,0,0
1,3106177,65799,14,1,0,1,39,106,0,0,0,7,0,1,0,0,0,0,0,0,0,5,1,0,0,0,0,0
1,4624209,9089,341,17,1,0,5,373,0,0,0,25,2,0,0,0,0,0,0,0,0,1,1,0,0,0,0,0
1,3877795,2187,2166,2,0,1,3,20,0,0,0,2,0,1,0,0,0,0,0,0,0,0,1,0,0,0,0,0
1,3248615,71338,35,1,1,0,54,141,0,0,0,3,4,0,0,0,0,0,0,0,0,0,1,0,0,0,0,0
1,3679506,55033,21,0,1,1,754,147133,0,0,0,0,3,1,0,0,0,0,0,6,0,3,0,0,0,0,0,0
1,5584224,1966,936,6,0,0,0,158,0,0,0,6,0,0,0,0,0,0,0,0,0,1,1,0,0,0,0,0
1,4706877,87,12,0,0,0,4,47,0,0,0,0,0,0,0,0,0,6,1,0,0,0,0,0,0,0,0,0
1,5650015,180,51,2,0,0,16,98,0,0,0,15,0,0,0,0,0,0,0,0,0,0,1,0,0,0,0,0
1,5032442,4270,5,33,0,0,0,489,1,0,0,35,0,0,1,0,1,0,0,0,0,9,5,0,0,0,0,0
1,4510012,67,7,0,0,0,4,38,0,0,0,0,0,0,0,0,0,3,1,0,0,0,0,0,0,0,0,0
1,5654126,180,53,2,0,0,16,98,0,0,0,15,0,0,0,0,0,0,0,0,0,0,1,0,0,0,0,0
1,5527109,1262,16,1,1,1,25,163,0,0,0,1,2,1,0,0,0,0,0,0,0,0,0,0,0,0,0,0
1,4604364,67,7,0,0,0,4,47,0,0,0,0,0,0,0,0,0,6,1,0,0,0,0,0,0,0,0,0
1,4640569,92,7,0,0,0,15,174,0,0,0,0,0,0,0,0,0,14,1,0,0,0,0,0,0,0,0,0
1,5265421,73,12,6,0,0,2,22,0,0,0,9,0,0,1,0,1,0,0,0,0,3,1,0,0,0,0,0
1,4663470,126,7,0,0,0,6,42,0,0,0,0,0,0,0,0,0,0,1,0,0,0,0,0,0,0,0,0
1,5658787,180,59,2,0,0,16,97,0,0,0,15,0,0,0,0,0,0,0,0,0,0,1,0,0,0,0,0
1,4717959,85,6,0,0,0,4,50,0,0,0,0,0,0,0,0,0,3,1,0,0,0,0,0,0,0,0,0
1,4840965,94,5,0,0,0,14,158,0,0,0,0,0,0,0,0,0,13,1,0,0,0,0,0,0,0,0,0
1,5658336,180,51,2,0,0,16,98,0,0,0,15,0,0,0,0,0,0,0,0,0,0,1,0,0,0,0,0
1,5092790,4878,181,9,0,0,0,409,0,0,0,18,0,0,0,0,0,0,0,0,0,0,3,0,0,0,0,0
1,4978104,81,10,0,0,0,4,47,0,0,0,0,0,0,0,0,0,6,1,0,0,0,0,0,0,0,0,0
1,5171815,62,11,2,0,0,3,18,0,0,0,5,0,0,0,0,0,0,0,0,0,2,0,0,0,0,0,0
1,4654490,69,7,0,0,0,13,146,0,0,0,0,0,0,0,0,0,12,1,0,0,0,0,0,0,0,0,0
1,4380554,2919,48,12,0,0,0,1196,0,0,0,45,0,0,0,0,0,0,0,0,0,5,1,0,0,0,0,0
1,4642240,69,7,0,0,0,4,47,0,0,0,0,0,0,0,0,0,6,1,0,0,0,0,0,0,0,0,0
1,4506403,102,16,0,0,0,4,38,0,0,0,0,0,0,0,0,0,3,1,0,0,0,0,0,0,0,0,0
1,5164037,2995,124,8,0,0,0,353,0,0,0,17,0,0,0,0,0,0,0,0,0,0,4,0,0,0,0,0
1,2728269,145282,35,7,5,1,69,218,0,0,0,38,21,1,0,0,0,0,0,0,0,1,1,0,0,0,0,0
1,4649455,120,7,0,0,0,6,43,0,0,0,0,0,0,0,0,0,0,1,0,0,0,0,0,0,0,0,0
1,2313828,20284,34,34,0,0,0,1567,1,0,0,66,0,0,0,0,0,0,0,0,0,10,5,0,0,0,0,0
1,4789157,104,8,0,0,0,15,222,0,0,0,0,0,0,0,0,0,14,1,0,0,0,0,0,0,0,0,0
1,4554571,70,7,0,0,0,4,38,0,0,0,0,0,0,0,0,0,3,1,0,0,0,0,0,0,0,0,0
1,4616409,68,7,0,0,0,13,146,0,0,0,0,0,0,0,0,0,12,1,0,0,0,0,0,0,0,0,0
1,4586971,68,7,0,0,0,13,146,0,0,0,0,0,0,0,0,0,12,1,0,0,0,0,0,0,0,0,0
1,5580749,1966,936,6,0,0,0,147,0,0,0,6,0,0,0,0,0,0,0,0,0,1,1,0,0,0,0,0
1,4747456,109,10,0,0,0,14,210,0,0,0,0,0,0,0,0,0,13,1,0,0,0,0,0,0,0,0,0
1,4679902,70,7,0,0,0,4,47,0,0,0,0,0,0,0,0,0,6,1,0,0,0,0,0,0,0,0,0
1,5579003,1974,944,6,0,0,0,163,0,0,0,6,0,0,0,0,0,0,0,0,0,1,1,0,0,0,0,0
1,4745018,69,7,0,0,0,15,176,0,0,0,0,0,0,0,0,0,14,1,0,0,0,0,0,0,0,0,0
1,5101874,63,11,2,0,0,4,18,0,0,0,7,0,0,0,0,0,0,0,0,0,2,0,0,0,0,0,0
1,5665589,180,53,2,0,0,16,97,0,0,0,15,0,0,0,0,0,0,0,0,0,0,1,0,0,0,0,0
1,4559665,87,12,0,0,0,4,38,0,0,0,0,0,0,0,0,0,3,1,0,0,0,0,0,0,0,0,0
1,4431112,91,19,2,1,0,535,28,529,0,0,4,1,0,0,0,0,0,0,0,0,1,2,0,0,0,0,0
1,5580041,1966,936,6,0,0,0,164,0,0,0,6,0,0,0,0,0,0,0,0,0,1,1,0,0,0,0,0
1,3345452,71373,35,1,1,0,54,141,0,0,0,3,4,0,0,0,0,0,0,0,0,0,1,0,0,0,0,0
1,4510012,67,7,0,0,0,4,38,0,0,0,0,0,0,0,0,0,3,1,0,0,0,0,0,0,0,0,0
1,4817406,77,5,0,0,0,4,62,0,0,0,0,0,0,0,0,0,6,1,0,0,0,0,0,0,0,0,0
1,5657152,180,64,2,0,0,16,95,0,0,0,15,0,0,0,0,0,0,0,0,0,0,1,0,0,0,0,0
1,5133651,62,11,2,0,0,3,18,0,0,0,5,0,0,0,0,0,0,0,0,0,2,0,0,0,0,0,0
1,4728613,3571,342,10,1,0,25,1260,0,0,0,34,2,0,0,0,0,0,0,0,0,2,1,0,0,0,0,0
1,4744015,250,20,5,2,1,403,1170,17,0,0,164,6,3,0,0,0,0,0,0,0,1,31,0,3,2,3,0
1,5651378,180,51,2,0,0,16,97,0,0,0,15,0,0,0,0,0,0,0,0,0,0,1,0,0,0,0,0
1,4669906,69,7,0,0,0,13,146,0,0,0,0,0,0,0,0,0,12,1,0,0,0,0,0,0,0,0,0
1,4654844,130,7,0,0,0,6,45,0,0,0,0,0,0,0,0,0,0,1,0,0,0,0,0,0,0,0,0
1,3425068,237409,112980,4,0,0,0,13,0,0,0,4,0,0,0,0,0,0,0,0,0,0,0,0,0,0,0,0
1,5033992,2439,108,12,0,2,0,243,0,0,0,12,0,2,2,0,2,0,0,0,0,3,2,0,0,0,0,0
1,4494239,68,7,0,0,0,4,38,0,0,0,0,0,0,0,0,0,3,1,0,0,0,0,0,0,0,0,0
1,4525516,67,7,0,0,0,4,38,0,0,0,0,0,0,0,0,0,3,1,0,0,0,0,0,0,0,0,0
1,4644824,126,7,0,0,0,6,45,0,0,0,0,0,0,0,0,0,0,1,0,0,0,0,0,0,0,0,0
1,3514478,5038,5000,1,1,1,55,138,0,0,0,29,3,1,0,0,0,0,0,0,0,3,0,0,0,0,0,0
1,4899612,91,7,0,0,0,4,74,0,0,0,0,0,0,0,0,0,6,1,0,0,0,0,0,0,0,0,0
1,5661709,180,51,2,0,0,16,98,0,0,0,15,0,0,0,0,0,0,0,0,0,0,1,0,0,0,0,0
1,4655480,129,7,0,0,0,6,45,0,0,0,0,0,0,0,0,0,0,1,0,0,0,0,0,0,0,0,0
1,4519202,68,7,0,0,0,4,38,0,0,0,0,0,0,0,0,0,3,1,0,0,0,0,0,0,0,0,0
1,3457749,502,8,0,0,1,0,3,0,0,0,0,0,1,0,0,0,0,0,0,0,1,1,0,0,0,0,0
1,4647451,127,7,0,0,0,6,42,0,0,0,0,0,0,0,0,0,0,1,0,0,0,0,0,0,0,0,0
1,5513823,95,77,1,1,0,241,930,0,0,0,231,2,0,0,0,0,0,0,0,0,0,1,0,0,0,0,0
1,4160667,4941,189,10,0,0,6,1877,0,0,0,45,0,0,0,0,0,0,0,0,0,1,1,0,0,0,0,0
1,5013007,1489,118,6,0,0,0,232,0,0,0,12,0,0,0,0,0,0,0,0,0,8,2,0,0,0,0,0
1,4817255,6323,152,7,1,0,5,281,0,0,0,17,1,0,0,0,0,0,0,0,0,1,2,0,0,0,0,0
1,5017205,173,4,0,0,0,0,23,1,0,0,0,0,0,0,0,0,0,0,0,0,0,2,0,0,0,0,0
1,4494869,66,7,0,0,0,4,38,0,0,0,0,0,0,0,0,0,3,1,0,0,0,0,0,0,0,0,0
1,5051575,2058,122,10,0,0,0,242,0,0,0,12,0,0,0,0,0,0,0,0,0,5,3,0,0,0,0,0
1,4650207,70,7,0,0,0,13,146,0,0,0,0,0,0,0,0,0,12,1,0,0,0,0,0,0,0,0,0
1,4730676,9338,341,17,1,0,5,370,0,0,0,25,2,0,0,0,0,0,0,0,0,1,1,0,0,0,0,0
1,4448850,565,4,1,0,0,0,67,1,0,0,1,0,0,0,0,0,0,0,0,0,0,0,0,0,0,0,0
1,5023398,1430,5,10,0,0,0,236,1,0,0,19,0,0,1,0,1,0,0,0,0,3,3,0,0,0,0,0
1,4290896,124,61,0,0,0,1321,3287,0,0,0,0,0,0,0,0,0,0,0,0,0,0,1,0,0,0,0,0
1,4728957,9313,350,12,1,0,6,369,0,0,0,23,2,0,0,0,0,0,0,0,0,1,1,0,0,0,0,0
1,4997549,3498,100,36,0,0,0,463,1,0,0,48,0,0,0,0,0,0,0,0,0,5,6,0,0,0,0,0
1,5447916,437,26,4,0,1,0,35,0,0,0,4,0,1,0,0,0,0,0,0,0,0,1,0,0,0,0,0
1,4170112,10342,167,11,0,0,6,751,0,0,0,39,0,0,0,0,0,0,0,0,0,1,1,0,0,0,0,0
1,5019054,2538,34,24,0,0,0,258,1,0,0,24,0,0,0,0,0,0,0,0,0,2,4,0,0,0,0,0
1,4131219,5026,188,11,0,0,6,2510,0,0,0,47,0,0,0,0,0,0,0,0,0,1,1,0,0,0,0,0
1,5032723,733,116,4,0,0,0,143,1,0,0,8,0,0,0,0,0,0,0,0,0,1,1,0,0,0,0,0
1,4674363,66,6,0,0,0,4,38,0,0,0,0,0,0,0,0,0,3,1,0,0,0,0,0,0,0,0,0
1,4443028,433,34,3,0,0,0,44,1,0,0,3,0,0,0,0,0,0,0,0,0,0,0,0,0,0,0,0
1,4922402,3611,359,10,1,0,27,871,0,0,0,36,2,0,0,0,0,0,0,0,0,1,1,0,0,0,0,0
1,3392402,237409,112980,4,0,0,0,13,0,0,0,4,0,0,0,0,0,0,0,0,0,0,0,0,0,0,0,0
1,5006609,709,5,8,0,0,0,72,1,0,0,8,0,0,0,0,0,0,0,0,0,2,1,0,0,0,0,0
1,824414,2284158,7,1,0,1,26,11,21,0,0,2,0,1,0,0,0,0,0,0,0,1,0,0,0,0,0,0
1,4658190,128,7,0,0,0,6,45,0,0,0,0,0,0,0,0,0,0,1,0,0,0,0,0,0,0,0,0
1,5014688,2213,5,19,0,0,0,464,1,0,0,37,0,0,0,0,0,0,0,0,0,4,7,0,0,0,0,0
1,5007313,1167,5,7,0,0,0,154,1,0,0,9,0,0,0,0,0,0,0,0,0,1,1,0,0,0,0,0
1,5223837,2441,99,8,0,0,0,344,0,0,0,17,0,0,0,0,0,0,0,0,0,1,5,0,0,0,0,0
1,4468789,2718,20,16,0,0,3,241,0,0,0,17,0,0,0,0,0,0,0,0,0,2,4,0,0,0,0,0
1,5000920,1826,122,10,0,0,0,253,0,0,0,12,0,0,0,0,0,0,0,0,0,6,4,0,0,0,0,0
1,4340891,2647,38,10,0,0,0,480,1,0,0,22,0,0,0,0,0,0,0,0,0,3,2,0,0,0,0,0
1,5483457,138,15,2,0,0,46,91,0,0,0,3,0,0,0,0,0,0,0,0,1,0,0,0,0,0,0,0
1,4522194,6332,171,9,1,0,6,285,0,0,0,22,2,0,0,0,0,0,0,1,0,1,1,0,0,0,0,0
1,4669938,130,7,0,0,0,6,45,0,0,0,0,0,0,0,0,0,0,1,0,0,0,0,0,0,0,0,0
1,5021009,1714,13,11,0,0,0,187,0,0,0,11,0,0,0,0,0,0,0,0,0,3,2,0,0,0,0,0
1,5035893,1962,100,10,0,0,0,257,0,0,0,11,0,0,0,0,0,0,0,0,0,4,2,0,0,0,0,0
1,5039404,1867,110,10,0,0,0,267,0,0,0,12,0,0,0,0,0,0,0,0,0,8,3,0,0,0,0,0
1,2980659,19592,12,0,1,0,2,4361,0,0,0,0,1,0,0,0,0,0,0,0,0,1,1,0,0,0,0,0
1,5155212,1859,24,36,19,0,724,2828,3,0,0,629,310,0,0,0,0,0,0,0,0,5,5,0,0,0,0,0
1,5021420,1352,5,14,0,0,0,297,1,0,0,26,0,0,0,0,0,0,0,0,0,3,1,0,0,0,0,0
1,5024239,1772,126,11,0,0,0,192,1,0,0,11,0,0,0,0,0,0,0,0,0,5,2,0,0,0,0,0
1,5904669,1230,49,9,0,0,0,153,0,0,0,16,0,0,0,0,0,0,0,0,0,0,2,0,0,0,0,0
1,4911502,3469,346,10,1,0,18,1245,0,0,0,27,2,0,0,0,0,0,0,1,0,2,2,0,0,0,0,0
1,5181604,62,11,2,0,0,4,18,0,0,0,5,0,0,0,0,0,0,0,0,0,2,0,0,0,0,0,0
1,4494239,68,7,0,0,0,4,38,0,0,0,0,0,0,0,0,0,3,1,0,0,0,0,0,0,0,0,0
1,3897302,2187,2166,2,0,1,3,20,0,0,0,2,0,1,0,0,0,0,0,0,0,0,1,0,0,0,0,0
1,4319370,1567,40,14,0,0,0,166,1,0,0,14,0,0,0,0,0,0,0,0,0,0,0,0,0,0,0,0
1,4964129,233,12,0,0,0,12,340,0,0,0,0,0,0,0,0,0,22,1,0,0,0,1,0,0,0,0,0
1,3313105,710,43,4,0,1,0,47,1,0,0,7,0,2,0,0,0,3,0,0,0,0,1,0,0,0,0,0
1,4638209,117,7,0,0,0,6,36,0,0,0,0,0,0,0,0,0,0,1,0,0,0,0,0,0,0,0,0
1,5166013,3010,124,8,0,0,0,354,0,0,0,17,0,0,0,0,0,0,0,0,0,0,4,0,0,0,0,0
1,5020857,4642,34,45,0,0,0,943,1,0,0,75,0,0,0,0,0,0,0,0,0,11,11,0,0,0,0,0
1,4474409,5357,69,19,0,0,0,1311,0,0,0,45,0,0,0,0,0,0,0,0,0,5,3,0,0,0,0,0
1,4714168,9200,351,17,1,0,5,373,0,0,0,25,2,0,0,0,0,0,0,0,0,1,1,0,0,0,0,0
1,5042680,1574,130,8,0,0,0,228,0,0,0,12,0,0,0,0,0,0,0,0,0,7,3,0,0,0,0,0
1,5219242,2428,99,8,0,0,0,342,0,0,0,17,0,0,0,0,0,0,0,0,0,1,6,0,0,0,0,0
1,5154012,3334,354,10,1,0,26,881,0,0,0,35,2,0,0,0,0,0,0,0,0,1,1,0,0,0,0,0
1,3646587,41894,31,7,5,1,69,218,0,0,0,38,21,1,0,0,0,0,0,0,0,1,1,0,0,0,0,0
1,5018534,233,19,7,1,0,252,162,189,0,0,50,1,0,0,0,0,0,0,0,0,1,2,0,0,0,0,0
1,4415440,4761,2508,0,0,1,3,12,0,0,0,0,0,1,0,0,0,0,0,0,0,0,1,0,0,0,0,0
1,5003623,1782,54,15,0,0,0,180,1,0,0,15,0,0,0,0,0,0,0,0,0,3,1,0,0,0,0,0
1,5671041,107,17,4,2,0,60,384,0,0,0,159,2,0,1,0,1,23,0,0,0,43,0,0,0,0,0,0
1,5584304,1966,936,6,0,0,0,139,0,0,0,6,0,0,0,0,0,0,0,0,0,1,1,0,0,0,0,0
1,4994215,1097,5,14,0,0,0,111,1,0,0,14,0,0,0,0,0,0,0,0,0,1,1,0,0,0,0,0
1,5012217,2575,5,22,0,1,0,374,1,0,0,28,0,1,0,0,0,0,0,0,0,3,6,0,0,0,0,0
1,5010406,1175,118,4,0,1,0,120,1,0,0,4,0,1,0,0,0,0,0,0,0,3,3,0,0,0,0,0
1,4347732,2263,73,22,0,1,0,694,1,0,0,56,0,1,0,0,0,0,0,0,0,4,4,0,0,0,0,0
1,5026349,2286,110,18,0,0,0,258,1,0,0,21,0,0,0,0,0,0,0,0,0,3,7,0,0,0,0,0
1,4375547,3558,61,21,0,0,0,392,1,0,0,21,0,0,0,0,0,0,0,0,0,2,1,0,0,0,0,0
1,5036018,1708,144,10,0,0,0,242,0,0,0,12,0,0,0,0,0,0,0,0,0,6,3,0,0,0,0,0
1,5676033,107,17,4,2,0,60,386,0,0,0,159,2,0,1,0,1,23,0,0,0,45,0,0,0,0,0,0
1,4668677,81,5,0,0,0,4,50,0,0,0,0,0,0,0,0,0,3,1,0,0,0,0,0,0,0,0,0
1,5011623,1699,5,9,0,0,0,169,1,0,0,9,0,0,0,0,0,0,0,0,0,6,2,0,0,0,0,0
1,5676224,107,17,4,2,0,60,386,0,0,0,159,2,0,1,0,1,23,0,0,0,45,0,0,0,0,0,0
1,4749265,135,12,0,0,0,6,45,0,0,0,0,0,0,0,0,0,0,1,0,0,0,0,0,0,0,0,0
1,5564603,1982,952,6,0,0,0,147,0,0,0,6,0,0,0,0,0,0,0,0,0,1,1,0,0,0,0,0
1,2309309,7644,74,12,0,0,0,413,1,0,0,16,0,0,0,0,0,0,0,0,0,0,1,0,0,0,0,0
1,5012515,2945,112,23,0,0,0,596,1,0,0,40,0,0,1,0,1,0,0,0,0,13,3,0,0,0,0,0
1,4811604,67,7,0,0,0,4,42,0,0,0,0,0,0,0,0,0,6,1,0,0,0,0,0,0,0,0,0
1,4504161,67,7,0,0,0,4,38,0,0,0,0,0,0,0,0,0,3,1,0,0,0,0,0,0,0,0,0
1,3397675,4550,34,30,0,1,0,833,1,0,0,113,0,4,6,0,6,0,0,0,0,6,20,0,0,0,0,0
1,5671290,107,17,4,2,0,60,384,0,0,0,159,2,0,1,0,1,23,0,0,0,43,0,0,0,0,0,0
1,5042649,703,5,5,0,0,0,76,1,0,0,5,0,0,0,0,0,0,0,0,0,4,1,0,0,0,0,0
1,4341191,6395,38,27,0,0,0,1301,0,0,0,42,0,0,0,0,0,0,0,0,0,7,2,0,0,0,0,0
1,5092040,4880,187,9,0,0,0,406,0,0,0,18,0,0,0,0,0,0,0,0,0,0,3,0,0,0,0,0
1,3092743,17079,15,0,0,0,0,5,0,0,0,0,0,0,0,0,0,0,0,0,0,0,1,0,0,0,0,0
1,5073147,3253,343,10,1,0,25,853,0,1,0,34,2,0,0,0,0,0,0,0,0,1,1,0,0,0,0,0
1,4655573,101,15,0,0,0,4,38,0,0,0,0,0,0,0,0,0,3,1,0,0,0,0,0,0,0,0,0
1,4176233,10210,169,11,0,0,6,772,0,0,0,39,0,0,0,0,0,0,0,0,0,1,1,0,0,0,0,0
1,4429598,879,34,5,0,0,0,92,1,0,0,5,0,0,0,0,0,0,0,0,0,0,0,0,0,0,0,0
1,4662068,129,7,0,0,0,6,45,0,0,0,0,0,0,0,0,0,0,1,0,0,0,0,0,0,0,0,0
1,4438088,46,3,0,0,0,0,7,1,0,0,0,0,0,0,0,0,0,0,0,0,0,0,0,0,0,0,0
1,4619476,85,6,0,0,0,4,50,0,0,0,0,0,0,0,0,0,3,1,0,0,0,0,0,0,0,0,0
1,5660540,180,51,2,0,0,16,98,0,0,0,15,0,0,0,0,0,0,0,0,0,0,1,0,0,0,0,0
1,5085192,1803,68,11,0,1,0,246,0,0,0,12,0,1,1,0,1,0,0,0,0,2,2,0,0,0,0,0
1,4661250,70,7,0,0,0,13,146,0,0,0,0,0,0,0,0,0,12,1,0,0,0,0,0,0,0,0,0
1,4635180,9256,344,20,1,0,5,376,0,0,0,25,2,0,0,0,0,0,0,0,0,1,1,0,0,0,0,0
1,5572226,1966,936,6,0,0,0,152,0,0,0,6,0,0,0,0,0,0,0,0,0,1,1,0,0,0,0,0
1,5021118,1015,33,12,0,0,0,141,1,0,0,15,0,0,1,0,1,0,0,0,0,2,2,0,0,0,0,0
1,4555127,69,7,0,0,0,4,38,0,0,0,0,0,0,0,0,0,3,1,0,0,0,0,0,0,0,0,0
1,5670695,107,17,4,2,0,60,386,0,0,0,159,2,0,1,0,1,23,0,0,0,45,0,0,0,0,0,0
1,5003015,558,5,5,0,0,0,61,1,0,0,5,0,0,0,0,0,0,0,0,0,1,1,0,0,0,0,0
1,4978975,1204,108,7,0,1,0,234,0,0,0,11,0,1,0,0,0,0,0,0,0,6,3,0,0,0,0,0
1,2306404,13637,43,24,0,1,0,643,1,0,0,24,0,1,0,0,0,0,0,0,0,1,1,0,0,0,0,0
1,5675358,107,17,4,2,0,60,386,0,0,0,159,2,0,1,0,1,23,0,0,0,45,0,0,0,0,0,0
1,2979258,19518,7,0,1,0,0,4354,0,0,0,0,1,0,0,0,0,0,0,0,0,1,0,0,0,0,0,0
1,5667430,180,51,2,0,0,16,98,0,0,0,15,0,0,0,0,0,0,0,0,0,0,1,0,0,0,0,0
1,5551521,10135,1539,5,0,1,33,86,0,0,0,16,0,3,0,0,0,0,0,0,0,4,0,0,0,0,0,0
1,5149216,62,11,2,0,0,3,18,0,0,0,5,0,0,0,0,0,0,0,0,0,2,0,0,0,0,0,0
1,5188554,537,32,7,5,0,12,82,0,0,0,16,8,0,0,0,0,0,0,0,0,1,0,0,0,0,0,0
1,4660555,92,7,0,0,0,14,206,0,0,0,0,0,0,0,0,0,13,1,0,0,0,0,0,0,0,0,0
1,5006231,512,34,7,0,0,0,51,1,0,0,7,0,0,0,0,0,0,0,0,0,0,0,0,0,0,0,0
1,5018814,2133,5,19,0,0,0,491,1,0,0,37,0,0,0,0,0,0,0,0,0,8,4,0,0,0,0,0
1,4734050,9028,361,17,1,0,5,366,0,0,0,25,2,0,0,0,0,0,0,0,0,1,1,0,0,0,0,0
1,5670647,107,17,4,2,0,60,384,0,0,0,159,2,0,1,0,1,23,0,0,0,43,0,0,0,0,0,0
1,4494239,68,7,0,0,0,4,38,0,0,0,0,0,0,0,0,0,3,1,0,0,0,0,0,0,0,0,0
1,4419105,6484,70,33,0,0,0,1234,0,0,0,44,0,0,0,0,0,0,0,0,0,3,2,0,0,0,0,0
1,4463829,65,7,0,0,0,4,38,0,0,0,0,0,0,0,0,0,3,1,0,0,0,0,0,0,0,0,0
1,4908784,265,12,0,0,0,15,412,0,0,0,0,0,0,0,0,0,14,1,0,0,0,1,0,0,0,0,0
1,4463829,65,7,0,0,0,4,38,0,0,0,0,0,0,0,0,0,3,1,0,0,0,0,0,0,0,0,0
1,4128417,10536,169,10,0,0,7,1005,0,0,0,47,0,0,0,0,0,0,0,3,0,1,1,0,0,0,0,0
1,4579155,70,7,0,0,0,4,38,0,0,0,0,0,0,0,0,0,3,1,0,0,0,0,0,0,0,0,0
1,4711062,157,9,0,0,0,2,44,0,0,0,0,0,0,0,0,0,1,1,0,0,0,0,0,0,0,0,0
1,4653259,70,7,0,0,0,4,47,0,0,0,0,0,0,0,0,0,6,1,0,0,0,0,0,0,0,0,0
1,4685781,6476,153,7,0,0,10,270,0,0,0,20,0,0,0,0,0,0,0,0,0,1,1,0,0,0,0,0
1,5023869,3612,136,29,0,1,0,607,1,0,0,43,0,1,1,0,1,0,0,0,0,9,12,0,0,0,0,0
1,5567034,1966,936,6,0,0,0,183,0,0,0,6,0,0,0,0,0,0,0,0,0,1,1,0,0,0,0,0
1,4926468,1089,98,6,0,0,0,64,0,0,0,12,0,0,2,0,2,0,0,0,0,7,3,0,0,0,0,0
1,4727279,6338,145,9,1,0,6,295,0,0,0,22,2,0,0,0,0,0,0,0,0,1,1,0,0,0,0,0
1,4807307,131,18,0,0,0,12,230,0,0,0,0,0,0,0,0,0,22,1,0,0,0,0,0,0,0,0,0
1,5057290,1795,71,8,0,0,0,256,0,0,0,11,0,0,0,0,0,0,0,0,0,5,2,0,0,0,0,0
1,5032251,533,5,6,0,0,0,45,1,0,0,6,0,0,0,0,0,0,0,0,0,0,2,0,0,0,0,0
1,4105785,4957,189,11,0,0,6,2516,0,0,0,47,0,0,0,0,0,0,0,0,0,1,1,0,0,0,0,0
1,4996339,1360,90,6,0,0,0,238,0,0,0,11,0,0,1,0,1,0,0,0,0,5,2,0,0,0,0,0
1,4539419,70,7,0,0,0,4,38,0,0,0,0,0,0,0,0,0,3,1,0,0,0,0,0,0,0,0,0
1,3020361,82245,15,0,0,0,0,5,0,0,0,0,0,0,0,0,0,0,0,0,0,0,1,0,0,0,0,0
1,3359153,2417,38,20,0,1,0,296,1,0,0,69,0,4,2,0,2,6,0,0,0,3,14,0,0,0,0,0
1,5675801,107,17,4,2,0,60,386,0,0,0,159,2,0,1,0,1,23,0,0,0,45,0,0,0,0,0,0
1,4789901,9487,348,17,1,0,5,370,0,0,0,25,2,0,0,0,0,0,0,0,0,1,1,0,0,0,0,0
1,4781049,9391,370,17,1,0,5,370,0,0,0,25,2,0,0,0,0,0,0,0,0,1,1,0,0,0,0,0
1,5027865,198,4,3,0,0,0,18,1,0,0,3,0,0,0,0,0,0,0,0,0,0,0,0,0,0,0,0
1,5012768,1805,142,11,0,0,0,243,0,0,0,12,0,0,0,0,0,0,0,0,0,6,3,0,0,0,0,0
1,5034169,1859,108,9,0,0,0,259,0,0,0,12,0,0,0,0,0,0,0,0,0,9,1,0,0,0,0,0
1,5678158,107,17,4,2,0,59,380,0,0,0,158,2,0,1,0,1,23,0,0,0,45,0,0,0,0,0,0
1,4446858,5647,87,31,0,0,0,1113,0,0,0,58,0,0,0,0,0,0,0,0,0,5,0,0,0,0,0,0
1,4674123,128,7,0,0,0,6,42,0,0,0,0,0,0,0,0,0,0,1,0,0,0,0,0,0,0,0,0
1,5667946,107,17,4,2,0,60,384,0,0,0,159,2,0,1,0,1,23,0,0,0,43,0,0,0,0,0,0
1,4993214,1038,5,5,0,0,0,109,1,0,0,5,0,0,0,0,0,0,0,0,0,4,3,0,0,0,0,0
1,5322592,163,22,2,0,0,15,95,0,0,0,5,0,0,0,0,0,2,0,0,0,0,3,0,0,0,0,0
1,3349022,3779,47,22,0,2,0,363,1,0,0,79,0,5,5,0,5,0,0,0,0,5,9,0,0,0,0,0
1,4504161,67,7,0,0,0,4,38,0,0,0,0,0,0,0,0,0,3,1,0,0,0,0,0,0,0,0,0
1,4667914,128,7,0,0,0,6,45,0,0,0,0,0,0,0,0,0,0,1,0,0,0,0,0,0,0,0,0
1,5260855,1812,74,39,0,0,0,168,0,0,0,48,0,0,0,0,0,0,0,0,0,0,1,0,0,0,0,0
1,5032570,3609,337,10,1,0,19,867,0,0,0,28,2,0,0,0,0,0,0,0,0,1,1,0,0,0,0,0
1,4658523,88,6,0,0,0,15,218,0,0,0,0,0,0,0,0,0,14,1,0,0,0,0,0,0,0,0,0
1,4327909,1817,37,9,0,0,0,80,1,0,0,9,0,0,0,0,0,0,0,0,0,2,0,0,0,0,0,0
1,5031706,1876,116,9,0,0,0,183,1,0,0,9,0,0,1,0,1,0,0,0,0,3,0,0,0,0,0,0
1,4992136,1928,98,11,0,0,0,239,0,0,0,12,0,0,1,0,1,0,0,0,0,4,1,0,0,0,0,0
1,3381635,5955,56,51,0,4,0,550,1,0,0,88,0,7,4,0,4,0,0,0,0,6,13,0,0,0,0,0
1,5040401,143,4,1,0,0,0,18,1,0,0,1,0,0,0,0,0,0,0,0,0,0,0,0,0,0,0,0
1,4789148,6189,145,9,1,0,6,295,0,0,0,22,2,0,0,0,0,0,0,0,0,1,1,0,0,0,0,0
1,5574650,1966,936,6,0,0,0,149,0,0,0,6,0,0,0,0,0,0,0,0,0,1,1,0,0,0,0,0
1,4830679,43,15,1,0,0,8,21,0,0,0,1,0,0,0,0,0,0,0,0,0,0,2,0,0,0,0,0
1,5030275,1762,68,10,0,0,0,246,0,0,0,11,0,0,0,0,0,0,0,0,0,6,1,0,0,0,0,0
1,4676345,130,7,0,0,0,6,45,0,0,0,0,0,0,0,0,0,0,1,0,0,0,0,0,0,0,0,0
1,4364081,1850,70,7,0,0,0,193,1,0,0,7,0,0,0,0,0,0,0,0,0,0,1,0,0,0,0,0
1,5086148,3389,338,10,1,0,15,869,0,0,0,24,2,0,0,0,0,0,0,0,0,1,1,0,0,0,0,0
1,5160296,3009,124,8,0,0,0,353,0,0,0,17,0,0,0,0,0,0,0,0,0,1,4,0,0,0,0,0
1,4335130,1498,36,14,0,0,0,164,1,0,0,14,0,0,0,0,0,0,0,0,0,2,0,0,0,0,0,0
1,4494869,66,7,0,0,0,4,38,0,0,0,0,0,0,0,0,0,3,1,0,0,0,0,0,0,0,0,0
1,5026514,1404,150,6,0,0,0,242,0,0,0,12,0,0,0,0,0,0,0,0,0,6,2,0,0,0,0,0
1,5585352,1942,912,6,0,0,0,160,0,0,0,6,0,0,0,0,0,0,0,0,0,1,1,0,0,0,0,0
1,4482534,69,7,0,0,0,4,38,0,0,0,0,0,0,0,0,0,3,1,0,0,0,0,0,0,0,0,0
1,4816498,99,10,0,0,0,14,284,0,0,0,0,0,0,0,0,0,26,1,0,0,0,0,0,0,0,0,0
1,4653208,129,7,0,0,0,6,45,0,0,0,0,0,0,0,0,0,0,1,0,0,0,0,0,0,0,0,0
1,4998194,547,5,2,0,0,0,55,1,0,0,2,0,0,0,0,0,0,0,0,0,0,0,0,0,0,0,0
1,5359200,2166,28,1,1,0,1,223,1,0,0,1,1,0,0,0,0,0,0,0,0,2,6,0,0,0,0,0
1,5126546,63,11,2,0,0,4,18,0,0,0,7,0,0,0,0,0,0,0,0,0,2,0,0,0,0,0,0
1,4987506,1502,96,7,0,2,0,243,0,0,0,11,0,2,0,0,0,0,0,0,0,6,1,0,0,0,0,0
1,4691309,127,7,0,0,0,6,42,0,0,0,0,0,0,0,0,0,0,1,0,0,0,0,0,0,0,0,0
1,4256079,66870,5564,2,0,0,9,258,0,0,0,7,0,0,0,0,0,0,0,0,0,0,1,0,0,0,0,0
1,5185120,56086,56019,1,3,1,62,199,31,0,0,5,12,1,0,0,0,0,0,12,0,2,1,0,0,0,0,0
1,5013343,3499,344,10,1,0,23,890,0,0,0,32,2,0,0,0,0,0,0,0,0,3,1,0,0,0,0,0
1,4132170,10727,178,11,0,0,6,776,0,0,0,39,0,0,0,0,0,0,0,0,0,1,1,0,0,0,0,0
1,5025429,2114,34,18,0,0,0,656,1,0,0,59,0,0,0,0,0,0,0,0,0,6,5,0,0,0,0,0
1,4721680,133,7,0,0,0,6,51,0,0,0,0,0,0,0,0,0,0,1,0,0,0,0,0,0,0,0,0
1,4788972,84,6,0,0,0,4,50,0,0,0,0,0,0,0,0,0,3,1,0,0,0,0,0,0,0,0,0
1,5025502,826,5,7,0,0,0,78,1,0,0,7,0,0,0,0,0,0,0,0,0,1,1,0,0,0,0,0
1,4126752,10333,188,10,0,0,7,1007,0,0,0,47,0,0,0,0,0,0,0,0,0,1,1,0,0,0,0,0
1,3205551,276504,275947,2,2,0,135193,117,2,0,0,18,12,0,0,0,0,0,0,0,0,3,1,0,0,0,0,0
1,5033481,1062,5,4,0,0,0,121,1,0,0,4,0,0,0,0,0,0,0,0,0,5,1,0,0,0,0,0
1,5233807,150,32,3,0,0,1814,368,1309,0,0,387,0,0,0,0,0,0,0,0,0,3,2,0,0,0,0,0
1,4703442,6898,135,9,1,0,6,292,0,0,0,22,2,0,0,0,0,0,0,0,0,1,1,0,0,0,0,0
1,5020214,1830,5,15,0,0,0,210,1,0,0,15,0,0,0,0,0,0,0,0,0,2,0,0,0,0,0,0
1,4285960,500,4,2,0,0,0,42,1,0,0,2,0,0,0,0,0,0,0,0,0,1,0,0,0,0,0,0
1,3530157,237409,112980,4,0,0,0,13,0,0,0,4,0,0,0,0,0,0,0,0,0,0,0,0,0,0,0,0
1,2297013,1485,34,3,0,0,0,63,1,0,0,3,0,0,0,0,0,0,0,0,0,0,0,0,0,0,0,0
1,5030128,363,5,1,0,0,0,43,1,0,0,1,0,0,0,0,0,0,0,0,0,1,3,0,0,0,0,0
1,5331474,163,22,2,0,0,15,95,0,0,0,5,0,0,0,0,0,2,0,0,0,0,3,0,0,0,0,0
1,5008919,1917,118,10,0,0,0,245,0,0,0,12,0,0,0,0,0,0,0,0,0,2,2,0,0,0,0,0
1,4771466,64,5,0,0,0,4,50,0,0,0,0,0,0,0,0,0,6,1,0,0,0,0,0,0,0,0,0
1,4528335,69,7,0,0,0,4,38,0,0,0,0,0,0,0,0,0,3,1,0,0,0,0,0,0,0,0,0
1,4951606,672,654,1,2,0,4,18,0,0,0,3,2,0,0,0,0,0,0,0,0,0,0,0,0,0,0,0
1,5359461,163,22,2,0,0,15,92,0,0,0,5,0,0,0,0,0,2,0,0,0,0,3,0,0,0,0,0
1,4520629,92,13,0,0,0,4,38,0,0,0,0,0,0,0,0,0,3,1,0,0,0,0,0,0,0,0,0
1,5242377,120,22,2,0,0,22,89,0,0,0,3,0,0,0,0,0,2,0,0,0,0,1,0,0,0,0,0
1,4700262,68,7,0,0,0,4,47,0,0,0,0,0,0,0,0,0,6,1,0,0,0,0,0,0,0,0,0
1,5290220,120,22,2,0,0,22,89,0,0,0,3,0,0,0,0,0,2,0,0,0,0,1,0,0,0,0,0
1,4528335,69,7,0,0,0,4,38,0,0,0,0,0,0,0,0,0,3,1,0,0,0,0,0,0,0,0,0
1,4648703,64,6,0,0,0,12,134,0,0,0,0,0,0,0,0,0,11,1,0,0,0,0,0,0,0,0,0
1,4687014,123,7,0,0,0,6,42,0,0,0,0,0,0,0,0,0,0,1,0,0,0,0,0,0,0,0,0
1,4628809,79,10,0,0,0,4,38,0,0,0,0,0,0,0,0,0,3,1,0,0,0,0,0,0,0,0,0
1,5023415,122,5,1,0,0,0,15,1,0,0,1,0,0,0,0,0,0,0,0,0,0,0,0,0,0,0,0
1,4652624,87,12,0,0,0,4,38,0,0,0,0,0,0,0,0,0,3,1,0,0,0,0,0,0,0,0,0
1,4569722,70,7,0,0,0,4,38,0,0,0,0,0,0,0,0,0,3,1,0,0,0,0,0,0,0,0,0
1,5015250,1867,69,19,0,0,0,560,1,0,0,53,0,0,0,0,0,0,0,0,0,6,3,0,0,0,0,0
1,4525516,67,7,0,0,0,4,38,0,0,0,0,0,0,0,0,0,3,1,0,0,0,0,0,0,0,0,0
1,3074274,99903,14,1,0,1,39,14376,0,0,0,7,0,1,0,0,0,0,0,0,0,5,1,0,0,0,0,0
1,4783625,3727,337,10,1,0,21,1238,0,0,0,30,2,0,0,0,0,0,0,0,0,1,1,0,0,0,0,0
1,5048731,1900,122,10,0,0,0,260,0,0,0,12,0,0,0,0,0,0,0,0,0,3,3,0,0,0,0,0
1,5020576,1136,5,12,0,0,0,171,1,0,0,17,0,0,0,0,0,0,0,0,0,4,2,0,0,0,0,0
1,4991661,3556,361,10,1,0,24,884,0,0,0,33,2,0,0,0,0,0,0,0,0,3,1,0,0,0,0,0
1,5004581,403,5,4,0,0,0,44,1,0,0,4,0,0,0,0,0,0,0,0,0,1,0,0,0,0,0,0
1,4777658,9407,341,20,1,0,5,383,0,0,0,25,2,0,0,0,0,0,0,0,0,1,1,0,0,0,0,0
1,5025354,32,3,0,0,0,0,4,1,0,0,0,0,0,0,0,0,0,0,0,0,0,0,0,0,0,0,0
1,5031337,2295,5,20,0,0,0,247,1,0,0,20,0,0,0,0,0,0,0,0,0,2,4,0,0,0,0,0
1,4339799,1495,34,13,0,0,0,304,1,0,0,23,0,0,0,0,0,0,0,0,0,3,4,0,0,0,0,0
1,5013170,1700,5,10,0,0,0,316,1,0,0,22,0,0,0,0,0,0,0,0,0,4,2,0,0,0,0,0
1,5027356,2018,128,19,0,0,0,588,1,0,0,45,0,0,0,0,0,0,0,0,0,8,9,0,0,0,0,0
1,4501154,2296,55,9,0,0,0,255,1,0,0,9,0,0,0,0,0,0,0,0,0,4,0,0,0,0,0,0
1,2310766,11992,34,21,0,0,0,1437,1,0,0,60,0,0,0,0,0,0,0,0,0,10,6,0,0,0,0,0
1,5298675,163,22,2,0,0,15,92,0,0,0,5,0,0,0,0,0,2,0,0,0,0,3,0,0,0,0,0
1,4954637,3527,348,10,1,0,23,831,0,0,0,32,2,0,0,0,0,0,0,0,0,1,1,0,0,0,0,0
1,5112242,3375,348,10,1,0,20,871,0,0,0,29,2,0,0,0,0,0,0,0,0,1,1,0,0,0,0,0
1,5670942,107,17,4,2,0,60,384,0,0,0,159,2,0,1,0,1,23,0,0,0,43,0,0,0,0,0,0
1,3358193,237409,112980,4,0,0,0,13,0,0,0,4,0,0,0,0,0,0,0,0,0,0,0,0,0,0,0,0
1,5001892,3729,369,10,1,0,26,887,0,0,0,35,2,0,0,0,0,0,0,0,0,1,1,0,0,0,0,0
1,5676324,107,17,4,2,0,60,386,0,0,0,159,2,0,1,0,1,23,0,0,0,45,0,0,0,0,0,0
1,4600663,435,14,2,1,0,2000,254,1897,0,0,89,6,0,0,0,0,0,0,0,0,2,0,0,0,0,0,0
1,2286696,17565,50,28,0,1,0,1270,1,0,0,48,0,1,0,0,0,0,0,0,0,8,4,0,0,0,0,0
1,3345326,71358,35,1,1,0,54,141,0,0,0,3,4,0,0,0,0,0,0,0,0,0,1,0,0,0,0,0
1,5005392,1955,112,17,0,0,0,566,1,0,0,45,0,0,0,0,0,0,0,0,0,7,6,0,0,0,0,0
1,4553412,9058,356,17,1,0,5,370,0,0,0,25,2,0,0,0,0,0,0,0,0,1,1,0,0,0,0,0
1,4698107,81,10,0,0,0,4,38,0,0,0,0,0,0,0,0,0,3,1,0,0,0,0,0,0,0,0,0
1,3382186,3048,33,25,0,3,0,487,1,0,0,73,0,4,2,0,2,0,0,0,0,10,8,0,0,0,0,0
1,2297732,41346,53,71,0,0,0,1885,1,0,0,71,0,0,0,0,0,0,0,0,0,7,8,0,0,0,0,0
1,5068436,106,3,0,0,0,0,11,1,0,0,0,0,0,0,0,0,0,0,0,0,0,0,0,0,0,0,0
1,4971251,1229,128,8,0,1,0,58,0,0,0,13,0,1,0,0,0,0,0,0,0,3,1,0,0,0,0,0
1,5583766,1966,936,6,0,0,0,160,0,0,0,6,0,0,0,0,0,0,0,0,0,1,1,0,0,0,0,0
1,3192352,50728,82,1,0,1,42,103,0,0,0,11,0,1,0,0,0,0,0,5,0,1,0,0,0,0,0,0
1,4519202,68,7,0,0,0,4,38,0,0,0,0,0,0,0,0,0,3,1,0,0,0,0,0,0,0,0,0
1,5013543,4498,34,41,0,0,0,482,1,0,0,42,0,0,0,0,0,0,0,0,0,4,8,0,0,0,0,0
1,5676796,107,17,4,2,0,60,386,0,0,0,159,2,0,1,0,1,23,0,0,0,45,0,0,0,0,0,0
1,4824959,81,6,0,0,0,4,65,0,0,0,0,0,0,0,0,0,6,1,0,0,0,0,0,0,0,0,0
1,5676369,107,17,4,2,0,60,386,0,0,0,159,2,0,1,0,1,23,0,0,0,45,0,0,0,0,0,0
1,4533700,70,7,0,0,0,4,38,0,0,0,0,0,0,0,0,0,3,1,0,0,0,0,0,0,0,0,0
1,2317846,6942,34,13,0,0,0,565,1,0,0,23,0,0,0,0,0,0,0,0,0,1,2,0,0,0,0,0
1,3384406,4495,75,37,0,1,0,554,1,0,0,88,0,1,7,0,7,1,0,0,0,7,12,0,0,0,0,0
1,4918232,93,6,0,0,0,4,50,0,0,0,0,0,0,0,0,0,3,1,0,0,0,0,0,0,0,0,0
1,4993169,1684,5,10,0,0,0,163,1,0,0,10,0,0,0,0,0,0,0,0,0,3,2,0,0,0,0,0
1,4778579,85,6,0,0,0,4,50,0,0,0,0,0,0,0,0,0,3,1,0,0,0,0,0,0,0,0,0
1,5018022,1012,5,5,0,0,0,108,1,0,0,5,0,0,0,0,0,0,0,0,0,1,2,0,0,0,0,0
1,4583454,69,7,0,0,0,13,146,0,0,0,0,0,0,0,0,0,12,1,0,0,0,0,0,0,0,0,0
1,3017141,6253,8,0,0,1,0,3,0,0,0,0,0,1,0,0,0,0,0,0,0,1,1,0,0,0,0,0
1,5002722,2044,116,9,0,0,0,258,0,0,0,11,0,0,0,0,0,0,0,0,0,5,1,0,0,0,0,0
1,3371123,5753,48,50,0,2,0,383,1,0,0,93,0,2,4,0,4,0,0,0,0,5,14,0,0,0,0,0
1,4651384,128,7,0,0,0,6,42,0,0,0,0,0,0,0,0,0,0,1,0,0,0,0,0,0,0,0,0
1,3944954,2139,2118,2,0,1,3,20,0,0,0,2,0,1,0,0,0,0,0,0,0,0,1,0,0,0,0,0
1,4603880,70,7,0,0,0,4,38,0,0,0,0,0,0,0,0,0,3,1,0,0,0,0,0,0,0,0,0
1,5675363,107,17,4,2,0,60,386,0,0,0,159,2,0,1,0,1,23,0,0,0,45,0,0,0,0,0,0
1,3203640,67283,90,1,0,1,39,106,0,0,0,7,0,1,0,0,0,0,0,0,0,5,1,0,0,0,0,0
1,5008170,1675,5,17,0,0,0,199,1,0,0,19,0,0,0,0,0,0,0,0,0,3,5,0,0,0,0,0
1,3479522,247558,117780,4,0,0,0,25,0,0,0,4,0,0,0,0,0,0,0,0,0,0,0,0,0,0,0,0
1,5324474,163,22,2,0,0,15,92,0,0,0,5,0,0,0,0,0,2,0,0,0,0,3,0,0,0,0,0
1,4534098,69,7,0,0,0,4,38,0,0,0,0,0,0,0,0,0,3,1,0,0,0,0,0,0,0,0,0
1,5018974,1698,5,11,0,0,0,241,1,0,0,16,0,0,0,0,0,0,0,0,0,5,4,0,0,0,0,0
1,5338008,215,30,2,1,0,462,47,452,0,0,5,1,0,0,0,0,0,0,0,0,1,2,0,0,0,0,0
1,5008087,1449,5,16,0,0,0,237,1,0,0,23,0,0,0,0,0,0,0,0,0,4,4,0,0,0,0,0
1,4229252,124,61,0,0,0,1117,2879,0,0,0,0,0,0,0,0,0,0,0,0,0,0,1,0,0,0,0,0
1,5667963,107,17,4,2,0,60,384,0,0,0,159,2,0,1,0,1,23,0,0,0,43,0,0,0,0,0,0
1,4895125,9290,359,12,1,0,6,375,0,0,0,24,2,0,0,0,0,0,0,0,0,1,1,0,0,0,0,0
1,5021787,1658,5,17,0,0,0,304,1,0,0,28,0,0,0,0,0,0,0,0,0,5,2,0,0,0,0,0
1,4675724,6333,154,7,0,0,10,279,0,0,0,20,0,0,0,0,0,0,0,0,0,1,1,0,0,0,0,0
1,3877642,2139,2118,2,0,1,3,20,0,0,0,2,0,1,0,0,0,0,0,0,0,0,2,0,0,0,0,0
1,5028852,878,69,9,0,0,0,338,1,0,0,32,0,0,1,0,1,0,0,0,0,4,4,0,0,0,0,0
1,4963487,71,7,0,0,0,12,208,0,0,0,0,0,0,0,0,0,22,1,0,0,0,0,0,0,0,0,0
1,5016089,1553,34,15,0,0,0,220,1,0,0,21,0,0,0,0,0,0,0,0,0,4,1,0,0,0,0,0
1,5022636,744,5,6,0,0,0,162,1,0,0,11,0,0,0,0,0,0,0,0,0,6,1,0,0,0,0,0
1,5672284,107,17,4,2,0,60,386,0,0,0,159,2,0,1,0,1,23,0,0,0,45,0,0,0,0,0,0
1,5034182,1476,5,14,0,0,0,416,1,0,0,36,0,0,0,0,0,0,0,0,0,4,1,0,0,0,0,0
1,5027328,645,5,2,0,0,0,56,1,0,0,2,0,0,0,0,0,0,0,0,0,1,2,0,0,0,0,0
1,5025409,1934,116,11,0,0,0,256,0,0,0,13,0,0,2,0,2,0,0,0,0,6,2,0,0,0,0,0
1,2309867,4982,70,9,0,1,0,330,1,0,0,13,0,1,0,0,0,0,0,0,0,2,2,0,0,0,0,0
1,3345485,2050,79,16,0,3,0,963,1,0,0,138,0,9,4,0,4,0,0,0,0,5,16,0,0,0,0,0
1,4419845,1132,47,7,0,0,0,116,1,0,0,7,0,0,0,0,0,0,0,0,0,2,0,0,0,0,0,0
1,4858452,42,15,1,0,0,12,30,0,0,0,1,0,0,0,0,0,0,0,0,0,0,2,0,0,0,0,0
1,2300979,4865,74,9,0,0,0,662,1,0,0,27,0,0,0,0,0,0,0,0,0,1,1,0,0,0,0,0
1,4572799,69,7,0,0,0,16,170,0,0,0,0,0,0,0,0,0,15,1,0,0,0,0,0,0,0,0,0
1,5670580,107,17,4,2,0,60,384,0,0,0,159,2,0,1,0,1,23,0,0,0,43,0,0,0,0,0,0
1,5023439,930,5,10,0,0,0,135,1,0,0,12,0,0,0,0,0,0,0,0,0,1,2,0,0,0,0,0
1,4696424,72,8,0,0,0,4,38,0,0,0,0,0,0,0,0,0,3,1,0,0,0,0,0,0,0,0,0
1,3899008,7414,7355,1,0,0,5,19,0,0,0,1,0,0,0,0,0,0,0,0,0,0,2,0,0,0,0,0
1,5220788,2430,99,8,0,0,0,332,0,0,0,17,0,0,0,0,0,0,0,0,0,0,5,0,0,0,0,0
1,2298659,20555,44,35,0,0,0,944,1,0,0,35,0,0,0,0,0,0,0,0,0,3,5,0,0,0,0,0
1,4664132,6297,171,9,1,0,6,290,0,0,0,22,2,0,0,0,0,0,0,0,0,1,1,0,0,0,0,0
1,3401538,2047,57,17,0,1,0,448,1,0,0,71,0,3,1,0,1,0,0,0,0,4,9,0,0,0,0,0
1,5103373,116,7,0,0,0,4,74,0,0,0,0,0,0,0,0,0,6,1,0,0,0,0,0,0,0,0,0
1,5025114,1948,118,9,0,0,0,261,0,0,0,11,0,0,0,0,0,0,0,0,0,9,2,0,0,0,0,0
1,4667123,88,12,0,0,0,4,47,0,0,0,0,0,0,0,0,0,6,1,0,0,0,0,0,0,0,0,0
1,4994152,655,5,4,0,0,0,63,1,0,0,4,0,0,0,0,0,0,0,0,0,0,2,0,0,0,0,0
1,5675669,107,17,4,2,0,60,386,0,0,0,159,2,0,1,0,1,23,0,0,0,45,0,0,0,0,0,0
1,4711401,77,5,0,0,0,4,50,0,0,0,0,0,0,0,0,0,3,1,0,0,0,0,0,0,0,0,0
1,5013666,1825,108,8,0,1,0,261,0,0,0,11,0,1,0,0,0,0,0,0,0,7,2,0,0,0,0,0
1,5676104,107,17,4,2,0,60,386,0,0,0,159,2,0,1,0,1,23,0,0,0,45,0,0,0,0,0,0
1,4129295,4823,186,10,0,0,6,1935,0,0,0,45,0,0,0,0,0,0,0,96,0,1,1,0,0,0,0,0
1,2918318,3681,12,0,0,0,0,3,0,0,0,0,0,0,0,0,0,0,0,0,0,1,0,0,0,0,0,0
1,5006739,1810,124,10,0,0,0,226,0,0,0,12,0,0,0,0,0,0,0,0,0,6,1,0,0,0,0,0
1,3332191,110649,7,1,0,1,5,14,0,0,0,2,0,1,0,0,0,0,0,0,0,1,0,0,0,0,0,0
1,4378993,71349,29,1,2,0,261,92,229,0,0,4,6,0,0,0,0,0,0,0,0,2,1,0,0,0,0,0
1,4541020,67,7,0,0,0,4,38,0,0,0,0,0,0,0,0,0,3,1,0,0,0,0,0,0,0,0,0
1,5018399,2684,78,17,0,1,0,608,1,0,0,42,0,1,0,0,0,0,0,0,0,6,7,0,0,0,0,0
1,4534586,68,7,0,0,0,4,38,0,0,0,0,0,0,0,0,0,3,1,0,0,0,0,0,0,0,0,0
1,4650150,126,7,0,0,0,6,42,0,0,0,0,0,0,0,0,0,0,1,0,0,0,0,0,0,0,0,0
1,4594306,70,7,0,0,0,4,38,0,0,0,0,0,0,0,0,0,3,1,0,0,0,0,0,0,0,0,0
1,5052657,1934,24,12,0,0,0,231,0,0,0,12,0,0,0,0,0,0,0,0,0,3,2,0,0,0,0,0
1,4606677,66,7,0,0,0,13,146,0,0,0,0,0,0,0,0,0,12,1,0,0,0,0,0,0,0,0,0
1,5022394,1498,116,6,0,1,0,255,0,0,0,11,0,1,0,0,0,0,0,0,0,5,2,0,0,0,0,0
1,5042305,350,5,3,0,0,0,54,1,0,0,5,0,0,0,0,0,0,0,0,0,0,2,0,0,0,0,0
1,5082820,1850,5,10,0,0,0,209,1,0,0,10,0,0,0,0,0,0,0,0,0,3,1,0,0,0,0,0
1,4596959,6342,133,9,1,0,6,289,0,0,0,22,2,0,0,0,0,0,0,0,0,1,1,0,0,0,0,0
1,4509624,68,7,0,0,0,4,38,0,0,0,0,0,0,0,0,0,3,1,0,0,0,0,0,0,0,0,0
1,4885827,86,7,0,0,0,14,141,0,0,0,0,0,0,0,0,0,13,1,0,0,0,0,0,0,0,0,0
1,4030041,85667,31,1,1,1,319,87,268,0,0,3,4,1,0,0,0,0,0,0,0,1,0,0,0,0,0,0
1,4681547,6260,145,7,0,0,10,277,0,0,0,20,0,0,0,0,0,0,0,0,0,1,1,0,0,0,0,0
1,4111635,4848,199,11,0,0,6,2496,0,0,0,47,0,0,0,0,0,0,0,0,0,1,1,0,0,0,0,0
1,4144250,4599,179,10,0,0,6,1864,0,0,0,45,0,0,0,0,0,0,0,0,0,1,1,0,0,0,0,0
1,5221240,2445,99,8,0,0,0,345,0,0,0,17,0,0,0,0,0,0,0,0,0,0,4,0,0,0,0,0
1,5016657,1820,5,10,0,0,0,185,1,0,0,10,0,0,1,0,1,0,0,0,0,6,1,0,0,0,0,0
1,3353155,247538,117780,4,0,0,0,25,0,0,0,4,0,0,0,0,0,0,0,0,0,0,0,0,0,0,0,0
1,5353155,163,22,2,0,0,15,92,0,0,0,5,0,0,0,0,0,2,0,0,0,0,3,0,0,0,0,0
1,4224107,354874,29,0,0,1,103,12745,101,0,0,0,0,1,0,0,0,0,0,0,0,0,0,0,0,0,0,0
1,4705764,6330,133,9,1,0,6,286,0,0,0,22,2,0,0,0,0,0,0,0,0,1,1,0,0,0,0,0
1,4729764,8901,340,17,1,0,5,376,0,0,0,25,2,0,0,0,0,0,0,0,0,1,1,0,0,0,0,0
1,5574734,1966,936,6,0,0,0,189,0,0,0,6,0,0,0,0,0,0,0,0,0,1,1,0,0,0,0,0
1,5172593,3577,349,10,1,0,27,871,0,0,0,36,2,0,0,0,0,0,0,1,0,1,1,0,0,0,0,0
1,4534586,68,7,0,0,0,4,38,0,0,0,0,0,0,0,0,0,3,1,0,0,0,0,0,0,0,0,0
1,4280491,67603,35,1,1,0,205,141,152,0,0,3,4,0,0,0,0,0,0,0,0,0,1,0,0,0,0,0
1,4387117,1764,4,6,0,0,0,203,1,0,0,6,0,0,0,0,0,0,0,0,0,2,0,0,0,0,0,0
1,5174713,3032,124,8,0,0,0,367,0,0,0,17,0,0,0,0,0,0,0,0,0,0,4,0,0,0,0,0
1,5586610,1966,936,6,0,0,0,171,0,0,0,6,0,0,0,0,0,0,0,0,0,1,1,0,0,0,0,0
1,4661279,128,7,0,0,0,6,45,0,0,0,0,0,0,0,0,0,0,1,0,0,0,0,0,0,0,0,0
1,5647457,180,52,2,0,0,16,99,0,0,0,15,0,0,0,0,0,0,0,0,0,0,1,0,0,0,0,0
1,4341285,1420,15,0,0,1,0,73,0,0,0,0,0,1,0,0,0,0,0,0,0,1,1,0,0,0,0,0
1,4543602,69,7,0,0,0,4,38,0,0,0,0,0,0,0,0,0,3,1,0,0,0,0,0,0,0,0,0
1,4601316,64,6,0,0,0,4,38,0,0,0,0,0,0,0,0,0,3,1,0,0,0,0,0,0,0,0,0
1,4646573,85,6,0,0,0,4,50,0,0,0,0,0,0,0,0,0,3,1,0,0,0,0,0,0,0,0,0
1,4677649,82,10,0,0,0,4,38,0,0,0,0,0,0,0,0,0,3,1,0,0,0,0,0,0,0,0,0
1,4738472,186,9,0,0,0,6,60,0,0,0,0,0,0,0,0,0,0,1,0,0,0,0,0,0,0,0,0
1,4510012,67,7,0,0,0,4,38,0,0,0,0,0,0,0,0,0,3,1,0,0,0,0,0,0,0,0,0
1,4555778,68,7,0,0,0,4,38,0,0,0,0,0,0,0,0,0,3,1,0,0,0,0,0,0,0,0,0
1,4672009,128,7,0,0,0,6,42,0,0,0,0,0,0,0,0,0,0,1,0,0,0,0,0,0,0,0,0
1,4609258,64,6,0,0,0,13,146,0,0,0,0,0,0,0,0,0,12,1,0,0,0,0,0,0,0,0,0
1,4536370,64,6,0,0,0,4,38,0,0,0,0,0,0,0,0,0,3,1,0,0,0,0,0,0,0,0,0
1,3031122,26443,8,0,0,1,0,4406,0,0,0,0,0,1,0,0,0,0,0,0,0,0,1,0,0,0,0,0
1,4534586,68,7,0,0,0,4,38,0,0,0,0,0,0,0,0,0,3,1,0,0,0,0,0,0,0,0,0
1,5017385,4354,5,39,0,0,0,465,1,0,0,39,0,0,0,0,0,0,0,0,0,3,2,0,0,0,0,0
1,4674617,69,7,0,0,0,4,26,0,0,0,0,0,0,0,0,0,3,1,0,0,0,0,0,0,0,0,0
1,5030424,1327,108,12,0,0,0,394,1,0,0,32,0,0,0,0,0,0,0,0,0,5,5,0,0,0,0,0
1,4296451,497,45,4,0,0,0,50,1,0,0,4,0,0,0,0,0,0,0,0,0,0,1,0,0,0,0,0
1,5123030,5400,20,4,1,1,2,978,1,0,0,11,1,3,0,0,0,0,0,0,0,1,0,0,0,0,0,0
1,4431671,288147,30,0,0,0,95,26587,91,0,0,0,0,0,0,0,0,0,0,0,0,0,0,0,0,0,0,0
1,2881287,70406,35,1,1,0,54,141,0,0,0,3,4,0,0,0,0,0,0,0,0,0,1,0,0,0,0,0
1,4674182,123,7,0,0,0,6,41,0,0,0,0,0,0,0,0,0,0,1,0,0,0,0,0,0,0,0,0
1,4156218,4644,178,10,0,0,6,1839,0,0,0,45,0,0,0,0,0,0,0,0,0,1,1,0,0,0,0,0
1,5175669,1389,11,4,0,0,0,220,1,0,0,4,0,0,1,0,1,0,0,0,0,0,0,0,0,0,0,0
1,5275228,1837,74,39,0,0,0,180,0,0,0,48,0,0,0,0,0,0,0,0,0,0,1,0,0,0,0,0
1,5025969,172,5,0,0,0,0,21,1,0,0,0,0,0,0,0,0,0,0,0,0,0,0,0,0,0,0,0
1,5675983,180,53,2,0,0,16,97,0,0,0,15,0,0,0,0,0,0,0,0,0,0,1,0,0,0,0,0
1,4800453,8938,339,20,1,0,5,376,0,0,0,25,2,0,0,0,0,0,0,0,0,1,1,0,0,0,0,0
1,4914095,6350,154,9,1,0,6,281,0,0,0,22,2,0,0,0,0,0,0,0,0,1,1,0,0,0,0,0
1,5215508,2405,99,8,0,0,0,333,0,0,0,17,0,0,0,0,0,0,0,0,0,1,4,0,0,0,0,0
1,4700416,65,6,0,0,0,14,158,0,0,0,0,0,0,0,0,0,13,1,0,0,0,0,0,0,0,0,0
1,5671235,107,17,4,2,0,60,384,0,0,0,159,2,0,1,0,1,23,0,0,0,43,0,0,0,0,0,0
1,5166413,3006,124,8,0,0,0,353,0,0,0,17,0,0,0,0,0,0,0,0,0,0,4,0,0,0,0,0
1,5676103,107,17,4,2,0,60,386,0,0,0,159,2,0,1,0,1,23,0,0,0,45,0,0,0,0,0,0
1,4993368,3575,80,30,0,1,0,742,1,0,0,62,0,1,0,0,0,0,0,0,0,12,7,0,0,0,0,0
1,4303508,5074,46,30,0,0,0,1226,0,0,0,55,0,0,0,0,0,0,0,0,0,6,2,0,0,0,0,0
1,3537168,237409,112980,4,0,0,0,13,0,0,0,4,0,0,0,0,0,0,0,0,0,0,0,0,0,0,0,0
1,3559584,580,24,1,3,0,29,308,1,1,0,2,9,0,0,0,0,0,0,0,0,0,0,0,0,0,0,0
1,4361833,68214,31,1,1,1,435,87,383,0,0,3,4,1,0,0,0,0,0,0,0,1,0,0,0,0,0,0
1,4455784,933,55,6,0,0,0,97,1,0,0,6,0,0,0,0,0,0,0,0,0,1,0,0,0,0,0,0
1,5676480,107,17,4,2,0,60,386,0,0,0,159,2,0,1,0,1,23,0,0,0,45,0,0,0,0,0,0
1,2304107,14489,41,29,0,1,0,1981,1,0,0,83,0,1,0,0,0,0,0,0,0,7,4,0,0,0,0,0
1,4896649,125,12,0,0,0,5,28,0,0,0,0,0,0,0,0,0,0,1,0,0,0,0,0,0,0,0,0
1,4613683,9038,329,17,1,0,5,370,0,0,0,25,2,0,0,0,0,0,0,0,0,1,1,0,0,0,0,0
1,5258294,1841,74,39,0,0,0,178,0,0,0,48,0,0,0,0,0,0,0,0,0,0,1,0,0,0,0,0
1,4484994,1501,67,12,0,0,0,157,1,0,0,12,0,0,0,0,0,0,0,0,0,1,1,0,0,0,0,0
1,3339163,4171,8,0,0,0,2,2,0,0,0,0,0,0,0,0,0,0,0,0,0,2,0,0,0,0,0,0
1,4454383,5019,43,24,0,0,0,1319,0,0,0,55,0,0,0,0,0,0,0,0,0,7,0,0,0,0,0,0
1,5311935,212,15,1,0,0,4,58,0,0,0,1,0,0,0,0,0,1,0,0,0,0,5,0,0,0,0,0
1,4705408,6332,152,7,0,0,10,268,0,0,0,20,0,0,0,0,0,0,0,0,0,1,1,0,0,0,0,0
1,5081419,62,11,2,0,0,3,18,0,0,0,5,0,0,0,0,0,0,0,0,0,2,0,0,0,0,0,0
1,4777297,3176,90,24,0,0,0,395,1,0,0,24,0,0,0,0,0,0,0,0,0,1,2,0,0,0,0,0
1,5676184,107,17,4,2,0,60,386,0,0,0,159,2,0,1,0,1,23,0,0,0,45,0,0,0,0,0,0
1,4432326,3944,70,38,0,0,0,579,1,0,0,64,0,0,0,0,0,0,0,0,0,11,2,0,0,0,0,0
1,3327251,3570,34,25,0,2,0,956,1,0,0,127,0,7,7,0,7,3,0,0,0,3,19,0,0,0,0,0
1,4755119,75,15,0,0,0,1271,3187,0,0,0,0,0,0,0,0,0,0,0,0,0,0,1,0,0,0,0,0
1,4880659,79,8,0,0,0,11,209,0,0,0,0,0,0,0,0,0,20,1,0,0,0,0,0,0,0,0,0
1,5144951,62,11,2,0,0,3,18,0,0,0,5,0,0,0,0,0,0,0,0,0,2,0,0,0,0,0,0
1,4103673,10558,169,10,0,0,7,1021,0,0,0,47,0,0,0,0,0,0,0,0,0,1,1,0,0,0,0,0
1,4752069,89,12,0,0,0,4,47,0,0,0,0,0,0,0,0,0,6,1,0,0,0,0,0,0,0,0,0
1,5024716,2721,5,25,0,1,0,561,1,0,0,45,0,1,0,0,0,0,0,0,0,5,8,0,0,0,0,0
1,4480578,64,6,0,0,0,4,40,0,0,0,0,0,0,0,0,0,3,0,0,0,0,0,0,0,0,0,0
1,4651921,125,7,0,0,0,6,42,0,0,0,0,0,0,0,0,0,0,1,0,0,0,0,0,0,0,0,0
1,5673253,107,17,4,2,0,60,386,0,0,0,159,2,0,1,0,1,23,0,0,0,45,0,0,0,0,0,0
1,5008650,2682,87,21,0,0,0,301,1,0,0,26,0,0,0,0,0,0,0,0,0,3,3,0,0,0,0,0
1,4756105,67,6,0,0,0,4,47,0,0,0,0,0,0,0,0,0,6,1,0,0,0,0,0,0,0,0,0
1,4142598,10746,169,11,0,0,6,771,0,0,0,39,0,0,0,0,0,0,0,0,0,1,1,0,0,0,0,0
1,5124624,2171,67,7,0,0,0,376,0,0,0,11,0,0,0,0,0,0,0,0,0,3,1,0,0,0,0,0
1,4668919,128,7,0,0,0,6,42,0,0,0,0,0,0,0,0,0,0,1,0,0,0,0,0,0,0,0,0
1,4805547,3452,352,10,1,0,24,1225,0,0,0,33,2,0,0,0,0,0,0,0,0,1,1,0,0,0,0,0
1,5022376,3423,367,10,1,0,31,872,0,0,0,40,2,0,0,0,0,0,0,0,0,1,1,0,0,0,0,0
1,3838943,10078,5000,1,1,0,28,83,0,0,0,5,3,0,0,0,0,0,0,0,0,3,0,0,0,0,0,0
1,5006945,966,5,9,0,0,0,488,1,0,0,34,0,0,0,0,0,0,0,0,0,8,5,0,0,0,0,0
1,5008839,1281,34,13,0,0,0,190,1,0,0,22,0,0,0,0,0,0,0,0,0,0,2,0,0,0,0,0
1,5013067,1181,130,9,0,0,0,234,0,0,0,12,0,0,1,0,1,0,0,0,0,4,2,0,0,0,0,0
1,5034444,3894,5,25,0,0,0,453,1,0,0,28,0,0,0,0,0,0,0,0,0,5,3,0,0,0,0,0
1,4406878,340,84,3,0,0,0,21,1,0,0,3,0,0,0,0,0,0,0,0,0,0,0,0,0,0,0,0
1,3827021,27636,32,7,5,1,69,218,0,0,0,38,21,1,0,0,0,0,0,0,0,1,1,0,0,0,0,0
1,5008305,2641,5,20,0,0,0,278,1,0,0,20,0,0,0,0,0,0,0,0,0,1,3,0,0,0,0,0
1,5070471,1927,47,10,0,0,0,247,0,0,0,12,0,0,0,0,0,0,0,0,0,6,2,0,0,0,0,0
1,4627973,68,7,0,0,0,4,47,0,0,0,0,0,0,0,0,0,6,1,0,0,0,0,0,0,0,0,0
1,5676035,107,17,4,2,0,60,386,0,0,0,159,2,0,1,0,1,23,0,0,0,45,0,0,0,0,0,0
1,5676283,107,17,4,2,0,60,386,0,0,0,159,2,0,1,0,1,23,0,0,0,45,0,0,0,0,0,0
1,4309524,4234,42,18,0,0,0,193,1,0,0,18,0,0,0,0,0,0,0,0,0,5,0,0,0,0,0,0
1,4687613,129,7,0,0,0,6,42,0,0,0,0,0,0,0,0,0,0,1,0,0,0,0,0,0,0,0,0
1,4884934,9227,355,17,1,0,5,355,0,0,0,25,2,0,0,0,0,0,0,0,0,1,1,0,0,0,0,0
1,5075035,82,12,1,0,0,2,22,0,0,0,1,0,0,1,0,1,0,0,0,0,0,1,0,0,0,0,0
1,4540393,68,7,0,0,0,4,38,0,0,0,0,0,0,0,0,0,3,1,0,0,0,0,0,0,0,0,0
1,5022679,750,128,6,0,0,0,125,1,0,0,8,0,0,0,0,0,0,0,0,0,2,3,0,0,0,0,0
1,5003405,1324,5,14,0,0,0,286,1,0,0,22,0,0,0,0,0,0,0,0,0,5,5,0,0,0,0,0
1,3404505,9778,62,88,0,5,0,1954,0,0,0,298,0,17,8,0,8,0,0,0,0,9,25,0,0,0,0,0
1,5011225,2587,5,16,0,0,0,280,1,0,0,16,0,0,0,0,0,0,0,0,0,5,3,0,0,0,0,0
1,3125021,164881,164866,2,2,1,111,313,4,0,0,34,31,1,0,0,0,0,0,0,0,4,2,0,0,0,0,0
1,4381428,487,4,2,0,0,0,58,1,0,0,2,0,0,0,0,0,0,0,0,0,1,0,0,0,0,0,0
1,5030221,1812,5,11,0,0,0,202,1,0,0,11,0,0,0,0,0,0,0,0,0,6,3,0,0,0,0,0
1,5272669,1849,74,39,0,0,0,185,0,0,0,48,0,0,0,0,0,0,0,0,0,0,1,0,0,0,0,0
1,5039595,1889,5,9,0,0,0,199,1,0,0,9,0,0,0,0,0,0,0,0,0,6,2,0,0,0,0,0
1,5032155,1823,134,10,0,0,0,222,0,0,0,11,0,0,0,0,0,0,0,0,0,5,2,0,0,0,0,0
1,5011805,1859,5,10,0,0,0,193,1,0,0,10,0,0,0,0,0,0,0,0,0,5,1,0,0,0,0,0
1,5011336,472,5,5,0,0,0,45,1,0,0,5,0,0,0,0,0,0,0,0,0,0,1,0,0,0,0,0
1,5018729,1886,128,11,0,1,0,183,1,0,0,11,0,1,0,0,0,0,0,0,0,5,3,0,0,0,0,0
1,4132708,10616,169,10,0,0,7,1024,0,0,0,47,0,0,0,0,0,0,0,0,0,1,1,0,0,0,0,0
1,4741851,169,12,0,0,0,15,170,0,0,0,0,0,0,0,0,0,14,1,0,0,0,0,0,0,0,0,0
1,5217948,2417,99,8,0,0,0,338,0,0,0,17,0,0,0,0,0,0,0,0,0,1,4,0,0,0,0,0
1,5014612,663,5,6,0,0,0,100,1,0,0,9,0,0,0,0,0,0,0,0,0,3,1,0,0,0,0,0
1,5040090,2354,118,12,0,0,0,261,0,0,0,12,0,0,0,0,0,0,0,0,0,4,4,0,0,0,0,0
1,3049051,41073,15,0,0,0,0,5,0,0,0,0,0,0,0,0,0,0,0,0,0,0,1,0,0,0,0,0
1,4642308,64,6,0,0,0,14,158,0,0,0,0,0,0,0,0,0,13,1,0,0,0,0,0,0,0,0,0
1,4134770,10579,179,10,0,0,7,1025,0,0,0,47,0,0,0,0,0,0,0,0,0,1,1,0,0,0,0,0
1,4420090,6013,56,43,0,0,0,1160,1,0,0,73,0,0,0,0,0,0,0,0,0,8,6,0,0,0,0,0
1,5022986,1906,5,17,0,0,0,378,1,0,0,27,0,0,0,0,0,0,0,0,0,8,3,0,0,0,0,0
1,4930931,3454,327,10,1,0,22,874,0,0,0,31,2,0,0,0,0,0,0,0,0,1,1,0,0,0,0,0
1,2796291,166731,7,1,0,1,5,11,0,0,0,2,0,1,0,0,0,0,0,0,0,0,0,0,0,0,0,0
1,5194548,113,24,2,1,1,50,182,2,0,0,37,5,1,3,0,3,0,0,0,0,11,1,0,0,0,0,0
1,5000374,319,5,3,0,0,0,37,1,0,0,3,0,0,0,0,0,0,0,0,0,0,1,0,0,0,0,0
1,2649273,331826,7,1,0,1,5,11,0,0,0,2,0,1,0,0,0,0,0,0,0,0,0,0,0,0,0,0
1,3444537,237953,112980,4,0,0,0,24,0,0,0,4,0,0,0,0,0,0,0,0,0,0,0,0,0,0,0,0
1,5011796,179,4,2,0,0,0,30,1,0,0,3,0,0,0,0,0,0,0,0,0,0,0,0,0,0,0,0
1,5009238,1297,5,12,0,0,0,221,1,0,0,17,0,0,0,0,0,0,0,0,0,1,3,0,0,0,0,0
1,5039962,1745,80,9,0,0,0,241,0,0,0,11,0,0,0,0,0,0,0,0,0,3,2,0,0,0,0,0
1,3361104,5730,66,56,0,7,0,2022,0,0,0,294,0,18,9,0,9,0,0,0,0,10,25,0,0,0,0,0
1,3094363,69707,13,1,0,0,5,11,0,0,0,2,0,0,0,0,0,0,0,0,0,0,1,0,0,0,0,0
1,5035289,2659,140,24,0,1,0,1049,0,0,0,76,0,1,0,0,0,0,0,0,0,14,13,0,0,0,0,0
1,5133109,3631,8,10,0,0,0,379,1,0,0,10,0,0,0,0,0,0,0,0,0,1,2,0,0,0,0,0
1,4295306,124,61,0,0,0,1462,3569,0,0,0,0,0,0,0,0,0,0,0,0,0,0,1,0,0,0,0,0
1,4748735,6349,135,7,1,0,4,270,0,0,0,13,1,0,0,0,0,0,0,0,0,1,2,0,0,0,0,0
1,3605696,237409,112980,4,0,0,0,13,0,0,0,4,0,0,0,0,0,0,0,0,0,0,0,0,0,0,0,0
1,5028380,3551,122,28,0,0,0,602,1,0,0,40,0,0,1,0,1,0,0,0,0,7,9,0,0,0,0,0
1,4147381,5040,179,10,0,0,6,1873,0,0,0,45,0,0,0,0,0,0,0,0,0,1,1,0,0,0,0,0
1,5192513,176571,262,17,0,2,0,21649,0,0,0,34,0,2,0,0,0,0,0,0,0,5,6,0,0,0,0,0
1,4562562,6189,143,7,0,0,10,280,0,0,0,20,0,0,0,0,0,0,0,0,0,1,1,0,0,0,0,0
1,4184750,4675,169,10,0,0,6,1776,0,0,0,45,0,0,0,0,0,0,0,80,0,1,1,0,0,0,0,0
1,4998970,1999,134,20,0,1,0,814,1,0,0,64,0,1,0,0,0,0,0,0,0,13,7,0,0,0,0,0
1,5663210,180,51,2,0,0,16,97,0,0,0,15,0,0,0,0,0,0,0,0,0,0,1,0,0,0,0,0
1,5164962,3006,124,8,0,0,0,352,0,0,0,17,0,0,0,0,0,0,0,0,0,0,4,0,0,0,0,0
1,5007531,642,5,6,0,0,0,72,1,0,0,6,0,0,0,0,0,0,0,0,0,2,1,0,0,0,0,0
1,5010011,2709,5,22,0,0,0,353,1,0,0,26,0,0,0,0,0,0,0,0,0,5,6,0,0,0,0,0
1,4512595,9442,351,17,1,0,5,374,0,0,0,25,2,0,0,0,0,0,0,0,0,1,1,0,0,0,0,0
1,4828901,9456,350,20,1,0,5,378,0,0,0,25,2,0,0,0,0,0,0,1,0,1,1,0,0,0,0,0
1,5025899,1842,124,9,0,0,0,223,0,0,0,11,0,0,1,0,1,0,0,0,0,6,1,0,0,0,0,0
1,5019006,631,5,2,0,0,0,74,1,0,0,2,0,0,0,0,0,0,0,0,0,1,2,0,0,0,0,0
1,5174656,3500,358,10,1,0,26,854,0,0,0,35,2,0,0,0,0,0,0,0,0,1,1,0,0,0,0,0
1,5016306,54,4,1,0,0,0,10,1,0,0,1,0,0,0,0,0,0,0,0,0,0,1,0,0,0,0,0
1,4615378,64,6,0,0,0,13,146,0,0,0,0,0,0,0,0,0,12,1,0,0,0,0,0,0,0,0,0
1,4121318,10246,169,10,0,0,7,1039,0,0,0,47,0,0,0,0,0,0,0,0,0,1,1,0,0,0,0,0
1,5011238,209,5,4,0,0,0,41,1,0,0,5,0,0,0,0,0,0,0,0,0,0,2,0,0,0,0,0
1,4473347,66,7,0,0,0,4,38,0,0,0,0,0,0,0,0,0,3,1,0,0,0,0,0,0,0,0,0
1,5042970,12,3,0,0,0,0,2,1,0,0,0,0,0,0,0,0,0,0,0,0,0,0,0,0,0,0,0
1,5055665,3862,348,10,1,0,19,875,0,0,0,28,2,0,0,0,0,0,0,0,0,1,1,0,0,0,0,0
1,4400755,5529,66,35,0,1,0,619,1,0,0,35,0,1,0,0,0,0,0,0,0,6,3,0,0,0,0,0
1,4658221,71,8,0,0,0,14,158,0,0,0,0,0,0,0,0,0,13,1,0,0,0,0,0,0,0,0,0
1,5274833,1849,74,39,0,0,0,184,0,0,0,48,0,0,0,0,0,0,0,0,0,0,1,0,0,0,0,0
1,5023667,1887,130,10,0,0,0,235,0,0,0,13,0,0,0,0,0,0,0,0,0,7,2,0,0,0,0,0
1,4654636,6376,143,7,1,0,4,277,0,0,0,13,1,0,0,0,0,0,0,0,0,1,2,0,0,0,0,0
1,5074707,65,14,8,0,0,10,28,0,0,0,12,0,0,0,0,0,1,0,0,0,2,0,0,0,0,0,0
1,4937075,3595,351,10,1,0,24,880,0,0,0,33,2,0,0,0,0,0,0,0,0,3,1,0,0,0,0,0
1,4674575,75,15,0,0,0,1189,3023,0,0,0,0,0,0,0,0,0,0,0,0,0,0,1,0,0,0,0,0
1,4953191,1664,116,10,0,1,0,65,0,0,0,12,0,1,0,0,0,0,0,0,0,8,1,0,0,0,0,0
1,4332376,6531,70,30,0,0,0,1207,0,0,0,48,0,0,0,0,0,0,0,0,0,5,0,0,0,0,0,0
1,3414345,145256,14,1,0,1,39,106,0,0,0,7,0,1,0,0,0,0,0,0,0,5,1,0,0,0,0,0
1,5018894,1365,5,13,0,0,0,466,1,0,0,34,0,0,0,0,0,0,0,0,0,6,7,0,0,0,0,0
1,5102325,3230,42,11,0,0,0,381,0,0,0,12,0,0,2,0,2,0,0,0,0,1,1,0,0,0,0,0
1,4401416,245,4,1,0,0,0,29,1,0,0,1,0,0,0,0,0,0,0,0,0,0,0,0,0,0,0,0
1,4477650,224,49,1,0,0,0,18,1,0,0,1,0,0,0,0,0,0,0,0,0,0,0,0,0,0,0,0
1,4390080,1920,75,7,0,0,2,168,1,0,0,7,0,0,0,0,0,0,0,0,0,0,3,0,0,0,0,0
1,2299538,20971,36,39,0,0,0,1583,1,0,0,61,0,0,0,0,0,0,0,0,0,8,4,0,0,0,0,0
1,4547085,69,7,0,0,0,14,154,0,0,0,0,0,0,0,0,0,13,1,0,0,0,0,0,0,0,0,0
1,2300566,12035,88,21,0,0,0,669,1,0,0,24,0,0,0,0,0,0,0,0,0,1,5,0,0,0,0,0
1,5619689,25394,25376,2,2,1,58,128,1,0,0,16,12,2,0,0,0,0,0,0,0,3,1,0,0,0,0,0
1,5029796,1669,128,12,0,0,0,240,0,0,0,13,0,0,1,0,1,0,0,0,0,6,2,0,0,0,0,0
1,4849570,3460,347,10,1,0,19,1223,0,0,0,28,2,0,0,0,0,0,0,0,0,1,1,0,0,0,0,0
1,4784383,6269,144,7,0,0,10,274,0,0,0,20,0,0,0,0,0,0,0,0,0,1,1,0,0,0,0,0
1,4427647,1705,45,12,0,0,0,348,1,0,0,21,0,0,0,0,0,0,0,0,0,2,2,0,0,0,0,0
1,4415341,64,5,0,0,0,4,32,0,0,0,0,0,0,0,0,0,2,1,0,0,0,0,0,0,0,0,0
1,2316314,6938,91,12,0,0,0,472,1,0,0,17,0,0,0,0,0,0,0,0,0,1,1,0,0,0,0,0
1,4120557,4587,177,10,0,0,6,1903,0,0,0,45,0,0,0,0,0,0,0,0,0,1,1,0,0,0,0,0
1,4528335,69,7,0,0,0,4,38,0,0,0,0,0,0,0,0,0,3,1,0,0,0,0,0,0,0,0,0
1,5016807,2713,5,16,0,0,0,294,1,0,0,16,0,0,0,0,0,0,0,0,0,4,2,0,0,0,0,0
1,5028985,1333,116,7,0,0,0,255,0,0,0,12,0,0,0,0,0,0,0,0,0,6,1,0,0,0,0,0
1,5783634,4308,188,10,0,1,0,214,0,0,0,16,0,1,0,0,0,0,0,0,0,2,1,0,0,0,0,0
1,3382145,4227,61,32,0,1,0,996,1,0,0,148,0,4,4,0,4,0,0,0,0,7,18,0,0,0,0,0
1,5041240,2714,5,21,0,1,0,330,1,0,0,24,0,1,0,0,0,0,0,0,0,3,2,0,0,0,0,0
1,4740616,75,15,0,0,0,1284,3213,0,0,0,0,0,0,0,0,0,0,0,0,0,0,1,0,0,0,0,0
1,4681743,6178,163,7,0,0,10,278,0,0,0,20,0,0,0,0,0,0,0,0,0,1,1,0,0,0,0,0
1,3907324,2143,2118,2,0,1,3,21,0,0,0,2,0,1,0,0,0,0,0,0,0,0,1,0,0,0,0,0
1,4383761,2026,63,19,0,0,0,385,1,0,0,29,0,0,0,0,0,0,0,0,0,7,1,0,0,0,0,0
1,2617389,478371,13,2,1,1,0,18149,0,0,0,6,6,1,0,0,0,0,0,0,0,1,2,0,0,0,0,0
1,5042227,1851,118,11,0,0,0,200,1,0,0,11,0,0,0,0,0,0,0,0,0,9,2,0,0,0,0,0
1,6124291,3822,24,4,1,1,0,360,0,0,0,29,1,1,0,0,0,0,0,0,0,3,14,0,0,0,0,0
1,4692866,79,10,0,0,0,4,38,0,0,0,0,0,0,0,0,0,3,1,0,0,0,0,0,0,0,0,0
1,5166895,2994,124,8,0,0,0,351,0,0,0,17,0,0,0,0,0,0,0,0,0,0,4,0,0,0,0,0
1,4438415,1433,42,8,0,0,0,360,1,0,0,19,0,0,0,0,0,0,0,0,0,2,0,0,0,0,0,0
1,5007371,1326,120,6,0,0,0,249,0,0,0,12,0,0,0,0,0,0,0,0,0,7,2,0,0,0,0,0
1,5671498,107,17,4,2,0,60,384,0,0,0,159,2,0,1,0,1,23,0,0,0,43,0,0,0,0,0,0
1,5009246,1495,5,12,0,0,0,284,1,0,0,22,0,0,0,0,0,0,0,0,0,2,3,0,0,0,0,0
1,5330359,54,11,1,0,1,49,88,0,0,0,6,0,2,0,0,0,0,0,0,0,0,3,0,0,0,0,0
1,5016420,1886,134,9,0,0,0,245,0,0,0,11,0,0,0,0,0,0,0,0,0,7,3,0,0,0,0,0
1,4731085,77,9,0,0,0,4,38,0,0,0,0,0,0,0,0,0,3,1,0,0,0,0,0,0,0,0,0
1,5111053,62,11,2,0,0,3,18,0,0,0,5,0,0,0,0,0,0,0,0,0,2,0,0,0,0,0,0
1,2312441,18474,66,42,0,0,0,3042,1,0,0,160,0,0,0,0,0,0,0,0,0,10,6,0,0,0,0,0
1,4959006,1803,146,11,0,0,0,65,1,0,0,11,0,0,0,0,0,0,0,0,0,3,1,0,0,0,0,0
1,5667739,107,17,4,2,0,60,384,0,0,0,159,2,0,1,0,1,23,0,0,0,43,0,0,0,0,0,0
1,5022895,104,5,0,0,0,0,12,1,0,0,0,0,0,0,0,0,0,0,0,0,0,0,0,0,0,0,0
1,4385855,283,4,0,0,0,0,18,1,0,0,0,0,0,0,0,0,0,0,0,0,2,1,0,0,0,0,0
1,5049853,1774,5,9,0,0,0,182,1,0,0,9,0,0,1,0,1,0,0,0,0,4,1,0,0,0,0,0
1,5649970,180,51,2,0,0,16,103,0,0,0,15,0,0,0,0,0,0,0,0,0,0,1,0,0,0,0,0
1,4731033,84,11,0,0,0,4,38,0,0,0,0,0,0,0,0,0,3,1,0,0,0,0,0,0,0,0,0
1,4667650,128,7,0,0,0,6,42,0,0,0,0,0,0,0,0,0,0,1,0,0,0,0,0,0,0,0,0
1,4655480,129,7,0,0,0,6,45,0,0,0,0,0,0,0,0,0,0,1,0,0,0,0,0,0,0,0,0
1,2298392,12911,34,22,0,0,0,2638,1,0,0,101,0,0,0,0,0,0,0,0,0,5,8,0,0,0,0,0
1,2827220,50737,7,1,0,1,5,11,0,0,0,2,0,1,0,0,0,0,0,0,0,0,0,0,0,0,0,0
1,4621367,127,7,0,0,0,6,45,0,0,0,0,0,0,0,0,0,0,1,0,0,0,0,0,0,0,0,0
1,5671125,107,17,4,2,0,60,384,0,0,0,159,2,0,1,0,1,23,0,0,0,43,0,0,0,0,0,0
1,5030896,2032,136,11,0,0,0,247,0,0,0,11,0,0,1,0,1,0,0,0,0,5,2,0,0,0,0,0
1,4627973,68,7,0,0,0,4,47,0,0,0,0,0,0,0,0,0,6,1,0,0,0,0,0,0,0,0,0
1,5023876,451,5,3,0,0,0,51,1,0,0,3,0,0,0,0,0,0,0,0,0,1,1,0,0,0,0,0
1,4878950,78,5,0,0,0,11,199,0,0,0,0,0,0,0,0,0,20,1,0,0,0,0,0,0,0,0,0
1,4534586,68,7,0,0,0,4,38,0,0,0,0,0,0,0,0,0,3,1,0,0,0,0,0,0,0,0,0
1,5003528,1869,5,17,0,1,0,436,1,0,0,35,0,1,1,0,1,0,0,0,0,5,5,0,0,0,0,0
1,4704360,88,7,0,0,0,14,180,0,0,0,0,0,0,0,0,0,13,1,0,0,0,0,0,0,0,0,0
1,5685336,509624,539,1,1,0,47,7926,0,0,0,8,1,0,0,0,0,0,0,2,0,8,5,0,0,0,0,0
1,3232241,246467,31,7,5,1,69,218,0,0,0,38,21,1,0,0,0,0,0,0,0,1,1,0,0,0,0,0
1,4847553,78,8,0,0,0,15,306,0,0,0,0,0,0,0,0,0,28,1,0,0,0,0,0,0,0,0,0
1,5074271,240,19,7,1,0,267,172,207,0,0,59,1,0,0,0,0,0,0,0,0,1,2,0,0,0,0,0
1,5112123,3646,360,10,1,0,20,825,0,0,0,29,1,0,0,0,0,0,0,0,0,1,2,0,0,0,0,0
1,4564003,70,7,0,0,0,4,38,0,0,0,0,0,0,0,0,0,3,1,0,0,0,0,0,0,0,0,0
1,5676252,107,17,4,2,0,60,386,0,0,0,159,2,0,1,0,1,23,0,0,0,45,0,0,0,0,0,0
1,5001050,1959,112,10,0,0,0,236,0,0,0,11,0,0,0,0,0,0,0,0,0,5,1,0,0,0,0,0
1,5010319,580,5,3,0,0,0,74,1,0,0,4,0,0,0,0,0,0,0,0,0,1,1,0,0,0,0,0
1,5670677,107,17,4,2,0,60,384,0,0,0,159,2,0,1,0,1,23,0,0,0,43,0,0,0,0,0,0
1,4553344,70,8,0,0,0,4,38,0,0,0,0,0,0,0,0,0,3,1,0,0,0,0,0,0,0,0,0
1,5672229,107,17,4,2,0,60,386,0,0,0,159,2,0,1,0,1,23,0,0,0,45,0,0,0,0,0,0
1,4928588,71,7,0,0,0,11,189,0,0,0,0,0,0,0,0,0,20,1,0,0,0,0,0,0,0,0,0
1,4553031,76,9,0,0,0,4,38,0,0,0,0,0,0,0,0,0,3,1,0,0,0,0,0,0,0,0,0
1,4616973,64,6,0,0,0,4,38,0,0,0,0,0,0,0,0,0,3,1,0,0,0,0,0,0,0,0,0
1,5670761,107,17,4,2,0,60,384,0,0,0,159,2,0,1,0,1,23,0,0,0,43,0,0,0,0,0,0
1,5014132,1004,60,8,0,0,0,179,1,0,0,15,0,0,0,0,0,0,0,0,0,3,2,0,0,0,0,0
1,5072699,41,15,1,0,0,12,30,0,0,0,1,0,0,0,0,0,0,0,0,0,0,2,0,0,0,0,0
1,5009376,198,5,2,0,0,0,19,1,0,0,2,0,0,0,0,0,0,0,0,0,0,0,0,0,0,0,0
1,5091612,4882,181,9,0,0,0,407,0,0,0,18,0,0,0,0,0,0,0,0,0,0,3,0,0,0,0,0
1,5024142,3329,76,20,0,0,0,1060,1,0,0,80,0,0,1,0,1,0,0,0,0,9,8,0,0,0,0,0
1,5079644,1788,84,10,0,0,0,234,0,0,0,11,0,0,0,0,0,0,0,0,0,4,1,0,0,0,0,0
1,5163140,2993,124,8,0,0,0,351,0,0,0,17,0,0,0,0,0,0,0,0,0,0,4,0,0,0,0,0
1,4994076,4466,51,10,0,0,0,550,0,0,0,11,0,0,0,0,0,0,0,0,0,1,0,0,0,0,0,0
1,4834280,64,5,0,0,0,14,207,0,0,0,0,0,0,0,0,0,26,1,0,0,0,0,0,0,0,0,0
1,5776074,99,99,0,0,0,159,173,0,0,0,0,0,0,3,0,3,0,0,0,0,1,2,0,0,0,0,0
1,5021885,1920,34,19,0,0,0,353,1,0,0,31,0,0,0,0,0,0,0,0,0,4,4,0,0,0,0,0
1,5571977,1982,952,6,0,0,0,163,0,0,0,6,0,0,0,0,0,0,0,0,0,1,1,0,0,0,0,0
1,5664690,8649,3859,1,0,0,1,65,0,0,0,1,0,0,0,0,0,0,0,0,0,1,2,0,0,0,0,0
1,4637532,64,6,0,0,0,4,38,0,0,0,0,0,0,0,0,0,3,1,0,0,0,0,0,0,0,0,0
1,4674492,7934,8,9,0,0,0,1011,0,0,0,9,0,0,0,0,0,0,0,0,0,1,1,0,0,0,0,0
1,3340106,5043,47,40,0,1,0,400,1,0,0,59,0,2,3,0,3,3,0,0,0,6,14,0,0,0,0,0
1,4534586,68,7,0,0,0,4,38,0,0,0,0,0,0,0,0,0,3,1,0,0,0,0,0,0,0,0,0
1,5028699,1974,136,11,0,1,0,244,0,0,0,12,0,1,0,0,0,0,0,0,0,4,3,0,0,0,0,0
1,4613759,97,7,0,0,0,31,312,0,0,0,0,0,0,0,0,0,26,1,0,0,0,1,0,0,0,0,0
1,5670411,107,17,4,2,0,60,384,0,0,0,159,2,0,1,0,1,23,0,0,0,43,0,0,0,0,0,0
1,5160945,3010,124,8,0,0,0,352,0,0,0,17,0,0,0,0,0,0,0,0,0,0,4,0,0,0,0,0
1,4619983,128,7,0,0,0,6,45,0,0,0,0,0,0,0,0,0,0,1,0,0,0,0,0,0,0,0,0
1,5952059,6852,227,10,0,1,0,107,1,0,0,10,0,1,0,0,0,0,0,0,0,1,2,0,0,0,0,0
1,4482534,69,7,0,0,0,4,38,0,0,0,0,0,0,0,0,0,3,1,0,0,0,0,0,0,0,0,0
1,4827449,85,6,0,0,0,4,50,0,0,0,0,0,0,0,0,0,3,1,0,0,0,0,0,0,0,0,0
1,4542376,70,7,0,0,0,4,38,0,0,0,0,0,0,0,0,0,3,1,0,0,0,0,0,0,0,0,0
1,5661629,180,51,2,0,0,16,99,0,0,0,15,0,0,0,0,0,0,0,0,0,0,1,0,0,0,0,0
1,3526726,245671,116850,4,0,0,0,24,0,0,0,4,0,0,0,0,0,0,0,0,0,0,0,0,0,0,0,0
1,4688851,261,9,0,0,0,3,72,0,0,0,0,0,0,0,0,0,2,1,0,0,0,0,0,0,0,0,0
1,4368649,3805,76,27,0,0,0,689,1,0,0,43,0,0,0,0,0,0,0,0,0,10,4,0,0,0,0,0
1,3612400,55033,23,0,1,1,35,28718,0,0,0,0,3,1,0,0,0,0,0,0,0,3,0,0,0,0,0,0
1,4628235,69,7,0,0,0,13,158,0,0,0,0,0,0,0,0,0,13,1,0,0,0,0,0,0,0,0,0
1,4473048,68,7,0,0,0,4,38,0,0,0,0,0,0,0,0,0,3,1,0,0,0,0,0,0,0,0,0
1,4703167,64,5,0,0,0,11,139,0,0,0,0,0,0,0,0,0,20,1,0,0,0,0,0,0,0,0,0
1,5141149,8683,20,5,1,1,2,1563,1,0,0,12,1,3,0,0,0,0,0,0,0,3,0,0,0,0,0,0
1,4342786,1165,80,7,0,0,0,125,1,0,0,7,0,0,0,0,0,0,0,0,0,2,0,0,0,0,0,0
1,5480388,117,12,1,0,0,6,24,0,0,0,1,0,0,0,0,0,0,0,0,0,0,0,0,0,0,0,0
1,5014072,303,5,2,0,0,0,31,1,0,0,2,0,0,0,0,0,0,0,0,0,1,1,0,0,0,0,0
1,5670660,107,17,4,2,0,60,384,0,0,0,159,2,0,1,0,1,23,0,0,0,43,0,0,0,0,0,0
1,5022943,946,5,10,0,0,0,139,1,0,0,12,0,0,0,0,0,0,0,0,0,4,1,0,0,0,0,0
1,5676506,107,17,4,2,0,60,386,0,0,0,159,2,0,1,0,1,23,0,0,0,45,0,0,0,0,0,0
1,5675940,107,17,4,2,0,60,386,0,0,0,159,2,0,1,0,1,23,0,0,0,45,0,0,0,0,0,0
1,5670385,107,17,4,2,0,60,384,0,0,0,159,2,0,1,0,1,23,0,0,0,43,0,0,0,0,0,0
1,4116211,10745,168,11,0,0,6,794,0,0,0,39,0,0,0,0,0,0,0,0,0,1,1,0,0,0,0,0
1,5043910,2045,116,10,0,0,0,278,0,0,0,12,0,0,1,0,1,0,0,0,0,4,2,0,0,0,0,0
1,5020890,2238,124,23,0,0,0,612,1,0,0,47,0,0,1,0,1,0,0,0,0,8,8,0,0,0,0,0
1,5671587,107,17,4,2,0,60,384,0,0,0,159,2,0,1,0,1,23,0,0,0,43,0,0,0,0,0,0
1,3525992,2057,13,195,1,0,15,371,3,0,0,11441,1,0,0,0,0,0,0,0,0,0,1,0,0,0,0,0
1,4757345,85,6,0,0,0,13,232,0,0,0,0,0,0,0,0,0,24,1,0,0,0,0,0,0,0,0,0
1,4953251,1698,142,10,0,1,0,62,0,0,0,12,0,1,1,0,1,0,0,0,0,6,0,0,0,0,0,0
1,2301257,4662,71,9,0,0,0,299,1,0,0,14,0,0,0,0,0,0,0,0,0,2,2,0,0,0,0,0
1,3205745,276504,275947,2,2,0,135193,117,2,0,0,18,12,0,0,0,0,0,0,0,0,3,1,0,0,0,0,0
1,5211661,2405,99,8,0,0,0,325,0,0,0,17,0,0,0,0,0,0,0,0,0,0,5,0,0,0,0,0
1,4970378,1899,140,11,0,0,0,186,0,0,0,13,0,0,0,0,0,0,0,0,0,5,1,0,0,0,0,0
1,4633253,69,7,0,0,0,4,47,0,0,0,0,0,0,0,0,0,6,1,0,0,0,0,0,0,0,0,0
1,5555972,1966,936,6,0,0,0,159,0,0,0,6,0,0,0,0,0,0,0,0,0,1,1,0,0,0,0,0
1,4455872,1161,78,5,0,0,0,129,1,0,0,5,0,0,0,0,0,0,0,0,0,2,0,0,0,0,0,0
1,5029936,808,5,4,0,0,0,94,1,0,0,4,0,0,0,0,0,0,0,0,0,1,1,0,0,0,0,0
1,4613958,88,6,0,0,0,4,50,0,0,0,0,0,0,0,0,0,3,1,0,0,0,0,0,0,0,0,0
1,4325599,5788,45,43,0,0,0,680,1,0,0,45,0,0,0,0,0,0,0,0,0,8,4,0,0,0,0,0
1,4668553,96628,8,3556,0,1,0,10670,0,0,0,3556,0,1,0,0,0,0,0,0,0,0,1,0,0,0,0,0
1,5850890,635739,7,1,0,1,1403,28549,1397,0,0,2,0,1,0,0,0,0,0,0,1,1,0,0,0,0,0,0
1,5585202,1966,936,6,0,0,0,141,0,0,0,6,0,0,0,0,0,0,0,0,0,1,1,0,0,0,0,0
1,5027305,3431,5,32,0,0,0,494,1,0,0,44,0,0,0,0,0,0,0,0,0,7,7,0,0,0,0,0
1,5027719,542,5,2,0,0,0,66,1,0,0,2,0,0,0,0,0,0,0,0,0,0,1,0,0,0,0,0
1,5668179,107,17,4,2,0,60,384,0,0,0,159,2,0,1,0,1,23,0,0,0,43,0,0,0,0,0,0
1,5581910,1966,936,6,0,0,0,136,0,0,0,6,0,0,0,0,0,0,0,0,0,1,1,0,0,0,0,0
1,5671542,107,17,4,2,0,60,384,0,0,0,159,2,0,1,0,1,23,0,0,0,43,0,0,0,0,0,0
1,4504121,3102,59,13,0,0,0,1261,0,0,0,48,0,0,0,0,0,0,0,0,0,5,1,0,0,0,0,0
1,3415130,237848,112980,4,0,0,0,24,0,0,0,4,0,0,0,0,0,0,0,0,0,0,0,0,0,0,0,0
1,4994794,1899,126,11,0,0,0,204,1,0,0,11,0,0,0,0,0,0,0,0,0,4,2,0,0,0,0,0
1,4519202,68,7,0,0,0,4,38,0,0,0,0,0,0,0,0,0,3,1,0,0,0,0,0,0,0,0,0
1,5005249,2080,32,23,0,0,0,220,1,0,0,23,0,0,0,0,0,0,0,0,0,2,1,0,0,0,0,0
1,3316817,245704,116850,4,0,0,0,24,0,0,0,4,0,0,0,0,0,0,0,0,0,0,0,0,0,0,0,0
1,5000223,405,5,4,0,0,0,87,1,0,0,7,0,0,0,0,0,0,0,0,0,1,2,0,0,0,0,0
1,4646623,69,7,0,0,0,13,146,0,0,0,0,0,0,0,0,0,12,1,0,0,0,0,0,0,0,0,0
1,2290713,12017,64,20,0,0,0,1482,1,0,0,61,0,0,0,0,0,0,0,0,0,11,2,0,0,0,0,0
1,5671438,107,17,4,2,0,60,384,0,0,0,159,2,0,1,0,1,23,0,0,0,43,0,0,0,0,0,0
1,3457766,237409,112980,4,0,0,0,13,0,0,0,4,0,0,0,0,0,0,0,0,0,0,0,0,0,0,0,0
1,5662663,180,51,2,0,0,16,100,0,0,0,15,0,0,0,0,0,0,0,0,0,0,1,0,0,0,0,0
1,5035742,2355,134,15,0,1,0,608,1,0,0,40,0,1,0,0,0,0,0,0,0,9,4,0,0,0,0,0
1,4706670,98,8,0,0,0,15,222,0,0,0,0,0,0,0,0,0,14,1,0,0,0,0,0,0,0,0,0
1,5664243,180,51,2,0,0,16,99,0,0,0,15,0,0,0,0,0,0,0,0,0,0,1,0,0,0,0,0
1,2830024,50668,13,1,0,0,6,11,0,0,0,2,0,0,0,0,0,0,0,0,0,0,1,0,0,0,0,0
1,5562768,1982,952,6,0,0,0,171,0,0,0,6,0,0,0,0,0,0,0,0,0,1,1,0,0,0,0,0
1,4963515,12446,24,22,0,0,4,1127,0,0,0,53,0,0,0,0,0,0,0,0,0,3,1,0,0,0,0,0
1,4932838,242,19,7,1,0,270,176,205,0,0,51,1,0,0,0,0,0,0,0,0,1,2,0,0,0,0,0
1,4397169,729,66,4,0,0,0,72,1,0,0,4,0,0,0,0,0,0,0,0,0,1,0,0,0,0,0,0
1,3589061,144079,16,0,0,0,7,13784,2,0,0,0,0,0,0,0,0,0,0,0,0,0,0,0,0,0,0,0
1,3343547,4647,35,34,0,2,0,602,1,0,0,86,0,3,5,0,5,3,0,0,0,3,8,0,0,0,0,0
1,4964431,1768,128,10,0,1,0,60,0,0,0,12,0,1,0,0,0,0,0,0,0,6,3,0,0,0,0,0
1,4273855,2624,4,10,0,0,0,310,1,0,0,10,0,0,0,0,0,0,0,0,0,3,2,0,0,0,0,0
1,5670933,107,17,4,2,0,60,384,0,0,0,159,2,0,1,0,1,23,0,0,0,43,0,0,0,0,0,0
1,5037072,2145,138,9,0,0,0,283,0,0,0,11,0,0,0,0,0,0,0,0,0,8,2,0,0,0,0,0
1,5216410,2401,99,8,0,0,0,336,0,0,0,17,0,0,0,0,0,0,0,0,0,0,4,0,0,0,0,0
1,5670834,107,17,4,2,0,60,384,0,0,0,159,2,0,1,0,1,23,0,0,0,43,0,0,0,0,0,0
1,2288552,6616,69,9,0,0,0,1582,1,0,0,61,0,0,0,0,0,0,0,0,0,6,4,0,0,0,0,0
1,4657733,8985,339,17,1,0,5,349,0,0,0,25,2,0,0,0,0,0,0,0,0,1,1,0,0,0,0,0
1,4420909,93,19,2,1,0,562,28,556,0,0,4,1,0,0,0,0,0,0,0,0,1,2,0,0,0,0,0
1,6055479,1605,515,6,0,0,0,74,0,0,0,6,0,0,0,0,0,0,0,0,0,1,2,0,0,0,0,0
1,5089767,4882,187,9,0,0,0,409,0,0,0,18,0,0,0,0,0,0,0,0,0,0,3,0,0,0,0,0
1,6118275,3824,24,4,1,1,0,368,0,0,0,29,1,1,0,0,0,0,0,0,0,3,15,0,0,0,0,0
1,5013011,1088,5,14,0,0,0,111,1,0,0,14,0,0,0,0,0,0,0,0,0,1,1,0,0,0,0,0
1,5022630,1569,34,11,0,0,0,392,1,0,0,32,0,0,0,0,0,0,0,0,0,5,5,0,0,0,0,0
1,5637925,43756,3867,1,1,0,57,216,0,0,0,11,1,0,0,0,0,0,0,0,0,7,3,0,0,0,0,0
1,3209032,276504,275947,2,2,0,135193,117,2,0,0,18,12,0,0,0,0,0,0,0,0,3,1,0,0,0,0,0
1,4492779,6208,126,7,0,0,10,273,0,0,0,20,0,0,0,0,0,0,0,0,0,1,1,0,0,0,0,0
1,4525516,67,7,0,0,0,4,38,0,0,0,0,0,0,0,0,0,3,1,0,0,0,0,0,0,0,0,0
1,3847109,16180,217,2,1,0,0,59,0,0,0,2,1,0,0,0,0,0,0,0,0,0,2,0,0,0,0,0
1,3238128,71403,60,1,0,0,60,165,0,0,0,12,0,0,0,0,0,0,0,0,0,7,2,0,0,0,0,0
1,4746200,6171,154,7,0,0,10,272,0,0,0,20,0,0,0,0,0,0,0,0,0,1,1,0,0,0,0,0
1,3537890,237409,112980,4,0,0,0,13,0,0,0,4,0,0,0,0,0,0,0,0,0,0,0,0,0,0,0,0
1,4660260,128,7,0,0,0,6,45,0,0,0,0,0,0,0,0,0,0,1,0,0,0,0,0,0,0,0,0
1,3205564,276504,275947,2,2,0,135193,117,2,0,0,18,12,0,0,0,0,0,0,0,0,3,1,0,0,0,0,0
1,4628754,67,7,0,0,0,4,47,0,0,0,0,0,0,0,0,0,6,1,0,0,0,0,0,0,0,0,0
1,2303324,7805,58,12,0,0,0,896,1,0,0,33,0,0,0,0,0,0,0,0,0,6,3,0,0,0,0,0
1,5223382,2417,99,8,0,0,0,342,0,0,0,17,0,0,0,0,0,0,0,1,0,0,4,0,0,0,0,0
1,5029767,1354,120,7,0,0,0,271,0,0,0,12,0,0,0,0,0,0,0,0,0,4,3,0,0,0,0,0
1,4693661,9492,348,12,1,0,6,368,0,0,0,23,2,0,0,0,0,0,0,0,0,1,1,0,0,0,0,0
1,5032787,1500,5,12,0,0,0,161,1,0,0,12,0,0,0,0,0,0,0,0,0,5,1,0,0,0,0,0
1,4674835,129,7,0,0,0,6,45,0,0,0,0,0,0,0,0,0,0,1,0,0,0,0,0,0,0,0,0
1,2297759,752,88,1,0,0,0,25,1,0,0,1,0,0,0,0,0,0,0,0,0,0,0,0,0,0,0,0
1,4536954,71389,29,1,2,0,358,101,309,0,0,13,6,0,0,0,0,0,0,0,0,2,1,0,0,0,0,0
1,4642162,127,7,0,0,0,6,45,0,0,0,0,0,0,0,0,0,0,1,0,0,0,0,0,0,0,0,0
1,2310942,13858,79,27,0,0,0,639,1,0,0,27,0,0,0,0,0,0,0,0,0,3,1,0,0,0,0,0
1,5029449,1141,104,8,0,0,0,192,1,0,0,14,0,0,0,0,0,0,0,0,0,1,3,0,0,0,0,0
1,4692145,86,11,0,0,0,4,38,0,0,0,0,0,0,0,0,0,3,1,0,0,0,0,0,0,0,0,0
1,5652704,180,51,2,0,0,16,99,0,0,0,15,0,0,0,0,0,0,0,0,0,0,1,0,0,0,0,0
1,4632295,110,9,0,0,0,15,222,0,0,0,0,0,0,0,0,0,14,1,0,0,0,0,0,0,0,0,0
1,4142705,4985,197,11,0,0,6,2543,0,0,0,47,0,0,0,0,0,0,0,0,0,1,1,0,0,0,0,0
1,5183566,3995,2787,1,0,0,630,751,15,0,0,578,0,0,0,0,0,1,0,0,0,0,3,0,0,0,0,0
1,4519664,67,7,0,0,0,4,38,0,0,0,0,0,0,0,0,0,3,1,0,0,0,0,0,0,0,0,0
1,5031148,109,4,1,0,0,0,13,1,0,0,1,0,0,0,0,0,0,0,0,0,0,0,0,0,0,0,0
1,4564003,70,7,0,0,0,4,38,0,0,0,0,0,0,0,0,0,3,1,0,0,0,0,0,0,0,0,0
1,5675857,107,17,4,2,0,60,386,0,0,0,159,2,0,1,0,1,23,0,0,0,45,0,0,0,0,0,0
1,3515253,237943,112980,4,0,0,0,24,0,0,0,4,0,0,0,0,0,0,0,0,0,0,0,0,0,0,0,0
1,4524593,69,7,0,0,0,4,38,0,0,0,0,0,0,0,0,0,3,1,0,0,0,0,0,0,0,0,0
1,4481279,2061,72,17,0,0,0,214,1,0,0,17,0,0,0,0,0,0,0,0,0,0,1,0,0,0,0,0
1,5171650,2032,12,8,0,0,0,424,1,0,0,16,0,0,0,0,0,0,0,0,0,1,1,0,0,0,0,0
1,5340671,100,17,4,2,0,80,435,0,0,0,171,10,0,1,0,1,23,0,0,0,47,0,0,0,0,0,0
1,4811295,6271,162,7,0,0,10,273,0,0,0,20,0,0,0,0,0,0,0,0,0,1,1,0,0,0,0,0
1,4632942,75,15,0,0,0,1050,2745,0,0,0,0,0,0,0,0,0,0,0,0,0,0,1,0,0,0,0,0
1,4630378,126,7,0,0,0,6,42,0,0,0,0,0,0,0,0,0,0,1,0,0,0,0,0,0,0,0,0
1,2300743,22136,80,43,0,0,0,1028,1,0,0,43,0,0,0,0,0,0,0,0,0,5,5,0,0,0,0,0
1,5032286,1423,112,11,0,0,0,131,1,0,0,11,0,0,0,0,0,0,0,0,0,3,2,0,0,0,0,0
1,4852718,9225,346,17,1,0,5,372,0,0,0,25,2,0,0,0,0,0,0,0,0,1,1,0,0,0,0,0
1,4175036,10395,167,11,0,0,6,760,0,0,0,39,0,0,0,0,0,0,0,0,0,1,1,0,0,0,0,0
1,5675791,107,17,4,2,0,60,386,0,0,0,159,2,0,1,0,1,23,0,0,0,45,0,0,0,0,0,0
1,4150002,124,61,0,0,0,1016,2677,0,0,0,0,0,0,0,0,0,0,0,0,0,0,1,0,0,0,0,0
1,5034518,2406,128,11,0,0,0,264,0,0,0,11,0,0,0,0,0,0,0,0,0,6,1,0,0,0,0,0
1,4582507,67,7,0,0,0,13,146,0,0,0,0,0,0,0,0,0,12,1,0,0,0,0,0,0,0,0,0
1,4601291,447,15,2,1,0,2027,255,1921,0,0,90,6,0,0,0,0,0,0,0,0,2,0,0,0,0,0,0
1,3374490,237409,112980,4,0,0,0,13,0,0,0,4,0,0,0,0,0,0,0,0,0,0,0,0,0,0,0,0
1,5200293,176300,210,17,0,2,0,21596,0,0,0,34,0,2,1,0,1,0,0,0,0,5,5,0,0,0,0,0
1,5670631,107,17,4,2,0,60,384,0,0,0,159,2,0,1,0,1,23,0,0,0,43,0,0,0,0,0,0
1,5087048,73,10,0,0,0,4,26,0,0,0,0,0,0,0,0,0,2,1,0,0,0,0,0,0,0,0,0
1,2297551,11093,50,21,0,0,0,2957,1,0,0,131,0,0,0,0,0,0,0,0,0,10,8,0,0,0,0,0
1,5675961,107,17,4,2,0,60,386,0,0,0,159,2,0,1,0,1,23,0,0,0,45,0,0,0,0,0,0
1,5675678,107,17,4,2,0,60,386,0,0,0,159,2,0,1,0,1,23,0,0,0,45,0,0,0,0,0,0
1,5675672,107,17,4,2,0,60,386,0,0,0,159,2,0,1,0,1,23,0,0,0,45,0,0,0,0,0,0
1,2296207,18024,47,31,0,0,0,1194,1,0,0,51,0,0,0,0,0,0,0,0,0,6,4,0,0,0,0,0
1,5663175,180,51,2,0,0,16,100,0,0,0,15,0,0,0,0,0,0,0,0,0,0,1,0,0,0,0,0
1,4334648,124,61,0,0,0,1318,3281,0,0,0,0,0,0,0,0,0,0,0,0,0,0,1,0,0,0,0,0
1,5016142,4671,34,46,0,0,0,631,1,0,0,57,0,0,0,0,0,0,0,0,0,7,6,0,0,0,0,0
1,5171292,3009,124,8,0,0,0,352,0,0,0,17,0,0,0,0,0,0,0,0,0,0,4,0,0,0,0,0
1,5958820,369,40,0,1,0,17,402,2,0,0,0,2,0,0,0,0,0,0,0,0,0,0,0,0,0,0,0
1,3378983,1933,56,13,0,1,0,371,1,0,0,49,0,2,2,0,2,0,0,0,0,5,4,0,0,0,0,0
1,4934398,1835,106,12,0,0,0,63,0,0,0,13,0,0,0,0,0,0,0,0,0,9,3,0,0,0,0,0
1,5672516,180,51,2,0,0,16,96,0,0,0,15,0,0,0,0,0,0,0,0,0,0,1,0,0,0,0,0
1,5033801,2677,5,21,0,0,0,277,1,0,0,21,0,0,1,0,1,0,0,0,0,7,3,0,0,0,0,0
1,5675783,107,17,4,2,0,60,386,0,0,0,159,2,0,1,0,1,23,0,0,0,45,0,0,0,0,0,0
1,3351491,1548,69,13,0,0,0,159,1,0,0,21,0,0,2,0,2,3,0,0,0,4,4,0,0,0,0,0
1,3438212,237939,112980,4,0,0,0,24,0,0,0,4,0,0,0,0,0,0,0,0,0,0,0,0,0,0,0,0
1,4513395,68,7,0,0,0,4,38,0,0,0,0,0,0,0,0,0,3,1,0,0,0,0,0,0,0,0,0
1,5224762,2417,99,8,0,0,0,330,0,0,0,17,0,0,0,0,0,0,0,0,0,0,4,0,0,0,0,0
1,5588597,1966,936,6,0,0,0,178,0,0,0,6,0,0,0,0,0,0,0,0,0,1,1,0,0,0,0,0
1,4873599,184,9,0,0,0,13,183,0,0,0,0,0,0,0,0,0,0,1,0,0,0,0,0,0,0,0,0
1,4597393,205,15,0,0,0,23,370,0,0,0,0,0,0,0,0,0,0,1,0,0,0,1,0,0,0,0,0
1,4555127,69,7,0,0,0,4,38,0,0,0,0,0,0,0,0,0,3,1,0,0,0,0,0,0,0,0,0
1,4651691,86,11,0,0,0,4,38,0,0,0,0,0,0,0,0,0,3,1,0,0,0,0,0,0,0,0,0
1,3384271,56848,35,1,1,0,54,141,0,0,0,3,4,0,0,0,0,0,0,0,0,0,1,0,0,0,0,0
1,3649625,41147,38,7,5,1,69,218,0,0,0,38,21,1,0,0,0,0,0,0,0,1,1,0,0,0,0,0
1,4914311,71,7,0,0,0,11,169,0,0,0,0,0,0,0,0,0,20,1,0,0,0,0,0,0,0,0,0
1,3501213,57119,62,2,2,1,67,165,1,0,0,19,16,1,0,0,0,0,0,0,0,3,2,0,0,0,0,0
1,4542376,70,7,0,0,0,4,38,0,0,0,0,0,0,0,0,0,3,1,0,0,0,0,0,0,0,0,0
1,3963542,2139,2118,2,0,1,3,20,0,0,0,2,0,1,0,0,0,0,0,0,0,0,1,0,0,0,0,0
1,5185526,45,15,2,0,0,9,26,0,0,0,10,0,0,0,0,0,1,0,0,0,1,0,0,0,0,0,0
1,4608465,64,6,0,0,0,4,38,0,0,0,0,0,0,0,0,0,3,1,0,0,0,0,0,0,0,0,0
1,4644656,129,7,0,0,0,6,45,0,0,0,0,0,0,0,0,0,0,1,0,0,0,0,0,0,0,0,0
1,5279261,1821,74,39,0,0,0,176,0,0,0,48,0,0,0,0,0,0,0,0,0,0,1,0,0,0,0,0
1,5090496,4884,187,9,0,0,0,409,0,0,0,18,0,0,0,0,0,0,0,0,0,0,3,0,0,0,0,0
1,6114027,3822,24,4,1,1,0,364,0,0,0,29,1,1,0,0,0,0,0,0,0,3,14,0,0,0,0,0
1,4648772,129,7,0,0,0,6,45,0,0,0,0,0,0,0,0,0,0,1,0,0,0,0,0,0,0,0,0
1,4604488,67,7,0,0,0,13,146,0,0,0,0,0,0,0,0,0,12,1,0,0,0,0,0,0,0,0,0
1,5662816,180,51,2,0,0,16,97,0,0,0,15,0,0,0,0,0,0,0,0,0,0,1,0,0,0,0,0
1,5577964,1966,936,6,0,0,0,161,0,0,0,6,0,0,0,0,0,0,0,0,0,1,1,0,0,0,0,0
1,3570480,2372,8,197,0,0,0,2,0,0,0,197,0,0,0,0,0,0,0,0,0,2,0,0,0,0,0,0
1,4251684,719,27,2,1,0,1,63,0,0,0,2,1,0,0,0,0,0,0,0,0,0,1,0,0,0,0,0
1,4779379,135,10,0,0,0,6,42,0,0,0,0,0,0,0,0,0,0,1,0,0,0,0,0,0,0,0,0
1,4682891,119,5,0,0,0,13,194,0,0,0,0,0,0,0,0,0,12,1,0,0,0,0,0,0,0,0,0
1,4760881,87,7,0,0,0,14,186,0,0,0,0,0,0,0,0,0,13,1,0,0,0,0,0,0,0,0,0
1,4626180,126,7,0,0,0,6,45,0,0,0,0,0,0,0,0,0,0,1,0,0,0,0,0,0,0,0,0
1,5044298,1744,59,8,0,0,0,249,0,0,0,11,0,0,0,0,0,0,0,0,0,5,3,0,0,0,0,0
1,4696337,84,6,0,0,0,7,98,0,0,0,0,0,0,0,0,0,6,1,0,0,0,0,0,0,0,0,0
1,5588571,1966,936,6,0,0,0,153,0,0,0,6,0,0,0,0,0,0,0,0,0,1,1,0,0,0,0,0
1,4646268,67,7,0,0,0,13,146,0,0,0,0,0,0,0,0,0,12,1,0,0,0,0,0,0,0,0,0
1,4331177,1946,146,0,0,2,0,94,0,0,0,0,0,2,0,0,0,0,0,0,0,3,2,0,0,0,0,0
1,3077563,247673,35,1,1,0,264,141,106,0,0,3,4,0,0,0,0,0,0,0,0,0,1,0,0,0,0,0
1,3553945,150550,7,0,0,1,16,14268,9,0,0,0,0,1,0,0,0,0,0,0,0,0,0,0,0,0,0,0
1,2654217,112343,20,1,0,1,26,51,0,0,0,3,0,1,0,0,0,0,0,0,0,1,0,0,0,0,0,0
1,5612100,25366,25344,2,2,1,49,129,0,0,0,15,12,1,0,0,0,0,0,0,0,3,1,0,0,0,0,0
1,5590751,1942,912,6,0,0,0,167,0,0,0,6,0,0,0,0,0,0,0,0,0,1,1,0,0,0,0,0
1,5147720,62,11,2,0,0,3,18,0,0,0,5,0,0,0,0,0,0,0,0,0,2,0,0,0,0,0,0
1,5141683,63,11,2,0,0,4,18,0,0,0,7,0,0,0,0,0,0,0,0,0,2,0,0,0,0,0,0
1,5019794,1842,34,16,0,0,0,198,1,0,0,18,0,0,0,0,0,0,0,0,0,2,2,0,0,0,0,0
1,5662268,180,53,2,0,0,16,96,0,0,0,15,0,0,0,0,0,0,0,0,0,0,1,0,0,0,0,0
1,4135760,49716,31,1,1,1,322,87,268,0,0,3,4,1,0,0,0,0,0,0,0,1,0,0,0,0,0,0
1,4662285,128,7,0,0,0,6,42,0,0,0,0,0,0,0,0,0,0,1,0,0,0,0,0,0,0,0,0
1,4254454,66870,5564,2,0,0,9,273,0,0,0,7,0,0,0,0,0,0,0,0,0,0,1,0,0,0,0,0
1,5091896,4886,181,9,0,0,0,409,0,0,0,18,0,0,0,0,0,0,0,0,0,0,3,0,0,0,0,0
1,5658351,180,51,2,0,0,16,97,0,0,0,15,0,0,0,0,0,0,0,0,0,0,1,0,0,0,0,0
1,5585787,1966,936,6,0,0,0,160,0,0,0,6,0,0,0,0,0,0,0,0,0,1,1,0,0,0,0,0
1,4665135,127,7,0,0,0,6,42,0,0,0,0,0,0,0,0,0,0,1,0,0,0,0,0,0,0,0,0
1,3901305,2187,2166,2,0,1,3,20,0,0,0,2,0,1,0,0,0,0,0,0,0,0,1,0,0,0,0,0
1,5563864,1966,936,6,0,0,0,171,0,0,0,6,0,0,0,0,0,0,0,0,0,1,1,0,0,0,0,0
1,4369112,1459,34,14,0,0,0,109,1,0,0,14,0,0,0,0,0,0,0,0,0,3,1,0,0,0,0,0
1,5045443,4500,132,32,0,0,0,1063,0,0,0,76,0,0,1,0,1,0,0,0,0,11,12,0,0,0,0,0
1,3697254,55033,19,0,1,1,637,100667,0,0,0,0,3,1,0,0,0,0,0,0,0,3,0,0,0,0,0,0
1,2967992,516283,10,1,1,1,51,154,0,0,0,3,4,1,0,0,0,0,0,0,0,1,0,0,0,0,0,0
1,4642162,127,7,0,0,0,6,45,0,0,0,0,0,0,0,0,0,0,1,0,0,0,0,0,0,0,0,0
1,5648339,180,51,2,0,0,16,99,0,0,0,15,0,0,0,0,0,0,0,0,0,0,1,0,0,0,0,0
1,3593738,31474,31438,1,2,0,23,21,0,0,0,2,4,0,0,0,0,0,0,0,0,0,2,0,0,0,0,0
1,4575383,97,7,0,0,0,29,302,0,0,0,0,0,0,0,0,0,26,1,0,0,0,0,0,0,0,0,0
1,4422320,6948,8,5,0,0,0,603,0,0,0,7,0,0,0,0,0,0,0,0,0,9,3,0,0,0,0,0
1,2985247,19560,12,0,1,0,0,4388,0,0,0,0,1,0,0,0,0,0,0,0,0,1,0,0,0,0,0,0
1,3878407,123670,123594,1,2,1,71,146,0,0,0,13,6,1,0,0,0,0,0,0,0,1,0,0,0,0,0,0
1,5842400,404711,7,1,0,1,1403,18181,1397,0,0,2,0,1,0,0,0,0,0,0,1,1,0,0,0,0,0,0
1,5657436,180,64,2,0,0,16,96,0,0,0,15,0,0,0,0,0,0,0,0,0,0,1,0,0,0,0,0
1,3968520,2139,2118,2,0,1,3,20,0,0,0,2,0,1,0,0,0,0,0,0,0,0,2,0,0,0,0,0
1,4596121,68,7,0,0,0,13,146,0,0,0,0,0,0,0,0,0,12,1,0,0,0,0,0,0,0,0,0
1,5013326,461,5,3,0,0,0,47,1,0,0,3,0,0,0,0,0,0,0,0,0,2,0,0,0,0,0,0
1,5272054,1843,74,39,0,0,0,183,0,0,0,48,0,0,0,0,0,0,0,0,0,0,1,0,0,0,0,0
1,5039763,1953,134,11,0,0,0,203,1,0,0,11,0,0,0,0,0,0,0,0,0,4,2,0,0,0,0,0
1,4328532,1292,17,0,0,1,2,70,0,0,0,0,0,1,0,0,0,0,0,0,0,1,1,0,0,0,0,0
1,5024319,990,5,5,0,0,0,104,1,0,0,5,0,0,0,0,0,0,0,0,0,2,3,0,0,0,0,0
1,4667885,134078,8,4936,0,1,2,14808,0,0,0,4936,0,1,0,0,0,0,0,0,0,0,1,0,0,0,0,0
1,5021135,2344,5,24,0,0,0,242,1,0,0,25,0,0,0,0,0,0,0,0,0,1,4,0,0,0,0,0
1,5229139,145,31,3,0,0,1836,384,1305,0,0,414,0,0,0,0,0,0,0,0,0,2,2,0,0,0,0,0
1,5017674,200,5,1,0,0,0,22,1,0,0,1,0,0,0,0,0,0,0,0,0,0,0,0,0,0,0,0
1,2305394,20333,88,40,0,0,0,2873,1,0,0,107,0,0,0,0,0,0,0,0,0,7,9,0,0,0,0,0
1,5340656,100,17,4,2,0,80,435,0,0,0,171,10,0,1,0,1,23,0,0,0,47,0,0,0,0,0,0
1,5029861,312,5,2,0,0,0,36,1,0,0,2,0,0,0,0,0,0,0,0,0,2,0,0,0,0,0,0
1,5019034,190,4,1,0,0,0,20,1,0,0,1,0,0,0,0,0,0,0,0,0,0,0,0,0,0,0,0
1,2828194,50683,7,1,0,1,5,11,0,0,0,2,0,1,0,0,0,0,0,0,0,0,0,0,0,0,0,0
1,5011966,212,4,1,0,0,0,54,1,0,0,2,0,0,0,0,0,0,0,0,0,0,1,0,0,0,0,0
1,5675645,107,17,4,2,0,60,386,0,0,0,159,2,0,1,0,1,23,0,0,0,45,0,0,0,0,0,0
1,5098088,4899,175,9,0,0,0,372,0,0,0,14,0,0,0,0,0,0,0,0,0,0,3,0,0,0,0,0
1,5026998,1815,128,9,0,0,0,238,0,0,0,12,0,0,0,0,0,0,0,0,0,6,2,0,0,0,0,0
1,4633351,127,7,0,0,0,6,45,0,0,0,0,0,0,0,0,0,0,1,0,0,0,0,0,0,0,0,0
1,5022724,1871,138,11,0,0,0,248,0,0,0,12,0,0,0,0,0,0,0,0,0,9,2,0,0,0,0,0
1,4430569,2079,80,6,0,0,0,217,1,0,0,6,0,0,0,0,0,0,0,0,0,4,1,0,0,0,0,0
1,4146527,4804,179,10,0,0,6,1839,0,0,0,45,0,0,0,0,0,0,0,0,0,1,1,0,0,0,0,0
1,5009952,2238,126,13,0,0,0,248,0,0,0,13,0,0,0,0,0,0,0,0,0,6,2,0,0,0,0,0
1,4773758,6313,163,9,1,0,6,280,0,0,0,22,2,0,0,0,0,0,0,0,0,1,1,0,0,0,0,0
1,4643192,125,7,0,0,0,6,42,0,0,0,0,0,0,0,0,0,0,1,0,0,0,0,0,0,0,0,0
1,5219433,2441,99,8,0,0,0,346,0,0,0,17,0,0,0,0,0,0,0,0,0,0,4,0,0,0,0,0
1,2283758,9644,34,19,0,1,0,888,1,0,0,42,0,1,0,0,0,0,0,0,0,2,2,0,0,0,0,0
1,5029677,218,5,1,0,0,0,27,1,0,0,1,0,0,0,0,0,0,0,0,0,0,0,0,0,0,0,0
1,4616973,64,6,0,0,0,4,38,0,0,0,0,0,0,0,0,0,3,1,0,0,0,0,0,0,0,0,0
1,4340609,3565,37,17,0,0,0,1258,0,0,0,46,0,0,0,0,0,0,0,0,0,5,0,0,0,0,0,0
1,5902439,341,81,2,0,0,9,51,0,0,0,10,0,0,0,0,0,0,0,0,0,1,2,0,0,0,0,0
1,5243426,66,9,0,0,0,15,170,0,0,0,0,0,0,0,0,0,14,1,0,0,0,0,0,0,0,0,0
1,5007887,1628,114,9,0,0,0,225,0,0,0,11,0,0,0,0,0,0,0,0,0,7,1,0,0,0,0,0
1,5032693,3581,341,10,1,0,19,829,0,0,0,28,2,0,0,0,0,0,0,1,0,1,1,0,0,0,0,0
1,5261726,120,22,2,0,0,22,89,0,0,0,3,0,0,0,0,0,2,0,0,0,0,1,0,0,0,0,0
1,3305925,85603,90,1,0,1,39,14354,0,0,0,7,0,1,0,0,0,0,0,0,0,5,1,0,0,0,0,0
1,4589824,131,8,0,0,0,18,197,0,0,0,0,0,0,0,0,0,0,1,0,0,0,0,0,0,0,0,0
1,2308789,13205,79,22,0,0,0,1090,1,0,0,42,0,0,0,0,0,0,0,0,0,11,2,0,0,0,0,0
1,4357812,1534,79,14,0,0,0,816,1,0,0,64,0,0,0,0,0,0,0,0,0,9,3,0,0,0,0,0
1,4477769,2689,1395,0,0,1,3,12,0,0,0,0,0,1,0,0,0,0,0,0,0,0,1,0,0,0,0,0
1,5297293,120,22,2,0,0,22,89,0,0,0,3,0,0,0,0,0,2,0,0,0,0,1,0,0,0,0,0
1,5006384,1758,5,15,0,0,0,189,1,0,0,15,0,0,0,0,0,0,0,0,0,1,2,0,0,0,0,0
1,5218863,2416,99,8,0,0,0,333,0,0,0,17,0,0,0,0,0,0,0,0,0,0,4,0,0,0,0,0
1,2298377,12342,45,16,0,0,0,657,1,0,0,19,0,0,0,0,0,0,0,0,0,4,3,0,0,0,0,0
1,5676401,107,17,4,2,0,60,386,0,0,0,159,2,0,1,0,1,23,0,0,0,45,0,0,0,0,0,0
1,2301113,7362,59,13,0,0,0,302,1,0,0,13,0,0,0,0,0,0,0,0,0,3,2,0,0,0,0,0
1,5565181,1966,936,6,0,0,0,152,0,0,0,6,0,0,0,0,0,0,0,0,0,1,1,0,0,0,0,0
1,5300087,120,22,2,0,0,22,89,0,0,0,3,0,0,0,0,0,2,0,0,0,0,1,0,0,0,0,0
1,4803621,6153,143,9,1,0,6,290,0,0,0,22,2,0,0,0,0,0,0,0,0,1,1,0,0,0,0,0
1,4725559,6343,162,7,0,0,10,269,0,0,0,20,0,0,0,0,0,0,0,0,0,1,1,0,0,0,0,0
1,5675587,107,17,4,2,0,60,386,0,0,0,159,2,0,1,0,1,23,0,0,0,45,0,0,0,0,0,0
1,3183658,71357,21,1,0,0,60,165,0,0,0,12,0,0,0,0,0,0,0,0,0,7,2,0,0,0,0,0
1,4481364,2607,34,18,0,0,0,302,1,0,0,18,0,0,0,0,0,0,0,0,0,3,2,0,0,0,0,0
1,4993172,367,4,3,0,0,0,34,1,0,0,3,0,0,0,0,0,0,0,0,0,0,0,0,0,0,0,0
1,3474091,1812,12,0,0,0,0,4,0,0,0,0,0,0,0,0,0,0,0,0,0,1,0,0,0,0,0,0
1,4483074,2604,34,24,0,0,0,296,1,0,0,24,0,0,0,0,0,0,0,0,0,3,1,0,0,0,0,0
1,4820561,91,9,0,0,0,11,209,0,0,0,0,0,0,0,0,0,20,1,0,0,0,0,0,0,0,0,0
1,5667556,107,17,4,2,0,60,384,0,0,0,159,2,0,1,0,1,23,0,0,0,43,0,0,0,0,0,0
1,5363588,163,22,2,0,0,15,92,0,0,0,5,0,0,0,0,0,2,0,0,0,0,3,0,0,0,0,0
1,5124322,2355,57,7,0,0,0,388,0,0,0,11,0,0,0,0,0,0,0,0,0,4,0,0,0,0,0,0
1,3346724,245592,116850,4,0,0,0,25,0,0,0,4,0,0,0,0,0,0,0,0,0,0,0,0,0,0,0,0
1,5030372,1195,132,6,0,0,0,230,0,0,0,12,0,0,0,0,0,0,0,0,0,6,4,0,0,0,0,0
1,4548852,70,7,0,0,0,4,38,0,0,0,0,0,0,0,0,0,3,1,0,0,0,0,0,0,0,0,0
1,4733572,81,10,0,0,0,4,38,0,0,0,0,0,0,0,0,0,3,1,0,0,0,0,0,0,0,0,0
1,3205499,276504,275947,2,2,0,135193,117,2,0,0,18,12,0,0,0,0,0,0,0,0,3,1,0,0,0,0,0
1,5665730,180,51,2,0,0,16,99,0,0,0,15,0,0,0,0,0,0,0,0,0,0,1,0,0,0,0,0
1,3768306,1569,39,56,1,0,49,315,1,0,0,152,1,0,0,0,0,0,0,2,0,0,1,0,0,0,0,0
1,5088817,4885,187,9,0,0,0,409,0,0,0,18,0,0,0,0,0,0,0,0,0,0,3,0,0,0,0,0
1,4649353,69,7,0,0,0,13,146,0,0,0,0,0,0,0,0,0,12,1,0,0,0,0,0,0,0,0,0
1,4517233,78298,31,1,1,1,346,87,297,0,0,3,4,1,0,0,0,0,0,0,0,1,0,0,0,0,0,0
1,5577205,1966,936,6,0,0,0,156,0,0,0,6,0,0,0,0,0,0,0,0,0,1,1,0,0,0,0,0
1,5146478,62,11,2,0,0,7,28,0,0,0,6,0,0,0,0,0,0,0,0,0,2,0,0,0,0,0,0
1,5649346,180,51,2,0,0,16,98,0,0,0,15,0,0,0,0,0,0,0,0,0,0,1,0,0,0,0,0
1,3494608,378,8,0,0,0,0,2,0,0,0,0,0,0,0,0,0,0,0,0,0,2,0,0,0,0,0,0
1,4534098,69,7,0,0,0,4,38,0,0,0,0,0,0,0,0,0,3,1,0,0,0,0,0,0,0,0,0
1,4554571,70,7,0,0,0,4,38,0,0,0,0,0,0,0,0,0,3,1,0,0,0,0,0,0,0,0,0
1,3766630,5081,5000,1,1,1,110,186,60,0,0,28,3,1,0,0,0,0,0,0,0,3,0,0,0,0,0,0
1,5582243,1966,936,6,0,0,0,166,0,0,0,6,0,0,0,0,0,0,0,0,0,1,1,0,0,0,0,0
1,4662350,67,7,0,0,0,4,47,0,0,0,0,0,0,0,0,0,6,1,0,0,0,0,0,0,0,0,0
1,4509624,68,7,0,0,0,4,38,0,0,0,0,0,0,0,0,0,3,1,0,0,0,0,0,0,0,0,0
1,4558284,70,7,0,0,0,4,38,0,0,0,0,0,0,0,0,0,3,1,0,0,0,0,0,0,0,0,0
1,4635229,128,7,0,0,0,6,45,0,0,0,0,0,0,0,0,0,0,1,0,0,0,0,0,0,0,0,0
1,3793888,2718,20,1,0,0,2,45,0,0,0,1,0,0,0,0,0,0,0,0,0,2,2,0,0,0,0,0
1,3361660,71373,35,1,1,0,54,141,0,0,0,3,4,0,0,0,0,0,0,0,0,0,1,0,0,0,0,0
1,4818925,82,5,0,0,0,4,71,0,0,0,0,0,0,0,0,0,6,1,0,0,0,0,0,0,0,0,0
1,5261870,1588,16,11,0,1,1,247432,1,0,0,71,0,2,0,0,0,0,0,0,0,4,8,0,0,0,0,0
1,4778083,6204,125,9,1,0,6,285,0,0,0,22,2,0,0,0,0,0,0,0,0,1,1,0,0,0,0,0
1,4482958,1079,69,7,0,0,0,140,1,0,0,8,0,0,0,0,0,0,0,0,0,2,0,0,0,0,0,0
1,4540393,68,7,0,0,0,4,38,0,0,0,0,0,0,0,0,0,3,1,0,0,0,0,0,0,0,0,0
1,4564003,70,7,0,0,0,4,38,0,0,0,0,0,0,0,0,0,3,1,0,0,0,0,0,0,0,0,0
1,4099241,10411,167,11,0,0,6,762,0,0,0,39,0,0,0,0,0,0,0,0,0,1,1,0,0,0,0,0
1,3337392,71403,35,1,1,0,54,141,0,0,0,3,4,0,0,0,0,0,0,0,0,0,1,0,0,0,0,0
1,4539860,69,7,0,0,0,4,38,0,0,0,0,0,0,0,0,0,3,1,0,0,0,0,0,0,0,0,0
1,4519202,68,7,0,0,0,4,38,0,0,0,0,0,0,0,0,0,3,1,0,0,0,0,0,0,0,0,0
1,4434361,1426,65,14,0,0,0,157,1,0,0,14,0,0,0,0,0,0,0,0,0,1,2,0,0,0,0,0
1,5175902,3019,124,8,0,0,0,360,0,0,0,17,0,0,0,0,0,0,0,0,0,0,4,0,0,0,0,0
1,5671392,107,17,4,2,0,60,384,0,0,0,159,2,0,1,0,1,23,0,0,0,43,0,0,0,0,0,0
1,4213782,74043,31,1,1,1,319,87,268,0,0,3,4,1,0,0,0,0,0,0,0,1,0,0,0,0,0,0
1,5085067,1087,39,5,0,0,0,106,1,0,0,5,0,0,0,0,0,0,0,0,0,2,0,0,0,0,0,0
1,5016724,2550,65,17,0,0,0,451,1,0,0,35,0,0,0,0,0,0,0,0,0,6,8,0,0,0,0,0
1,5220527,2401,99,8,0,0,0,332,0,0,0,17,0,0,0,0,0,0,0,0,0,1,4,0,0,0,0,0
1,4332376,2465,62,9,0,0,0,279,1,0,0,9,0,0,0,0,0,0,0,0,0,5,1,0,0,0,0,0
1,5021937,1776,5,20,0,0,0,355,1,0,0,34,0,0,0,0,0,0,0,0,0,5,2,0,0,0,0,0
1,5202345,145223,154,17,0,1,0,17801,0,0,0,34,0,1,0,0,0,0,0,0,0,7,5,0,0,0,0,0
1,3841640,89952,14,1,0,0,86,419,0,0,0,9,0,0,0,0,0,0,0,0,391,0,1,0,0,0,0,0
1,5046288,1775,210,9,0,0,0,245,0,0,0,12,0,0,0,0,0,0,0,0,0,6,3,0,0,0,0,0
1,4941198,1688,128,11,0,0,0,65,0,0,0,13,0,0,0,0,0,0,0,0,0,7,1,0,0,0,0,0
1,5676098,107,17,4,2,0,60,386,0,0,0,159,2,0,1,0,1,23,0,0,0,45,0,0,0,0,0,0
1,5015700,1121,5,6,0,0,0,122,1,0,0,6,0,0,0,0,0,0,0,0,0,5,1,0,0,0,0,0
1,4510494,66,7,0,0,0,4,38,0,0,0,0,0,0,0,0,0,3,1,0,0,0,0,0,0,0,0,0
1,4126496,4881,179,11,0,0,6,2500,0,0,0,47,0,0,0,0,0,0,0,0,0,1,1,0,0,0,0,0
1,4250301,63158,31,1,1,1,319,87,268,0,0,3,4,1,0,0,0,0,0,0,0,1,0,0,0,0,0,0
1,3129039,57572,21,1,0,0,63,169,0,0,0,14,0,0,0,0,0,0,0,0,0,7,2,0,0,0,0,0
1,4105496,5077,189,10,0,0,6,1841,0,0,0,45,0,0,0,0,0,0,0,0,0,1,1,0,0,0,0,0
1,3390488,237409,112980,4,0,0,0,13,0,0,0,4,0,0,0,0,0,0,0,0,0,0,0,0,0,0,0,0
1,5580365,1942,912,6,0,0,0,157,0,0,0,6,0,0,0,0,0,0,0,0,0,1,1,0,0,0,0,0
1,5105633,1247,90,7,0,0,0,270,0,0,0,12,0,0,0,0,0,0,0,0,0,6,3,0,0,0,0,0
1,5659272,180,53,2,0,0,16,96,0,0,0,15,0,0,0,0,0,0,0,0,0,0,1,0,0,0,0,0
1,4696131,48,16,0,0,0,0,5,0,0,0,0,0,0,0,0,0,1,1,0,0,0,3,0,0,0,0,0
1,5560543,1982,952,6,0,0,0,164,0,0,0,6,0,0,0,0,0,0,0,0,0,1,1,0,0,0,0,0
1,5992658,211,83,2,0,1,1,21,0,0,0,3,0,1,0,0,0,1,0,0,0,0,5,0,0,0,0,0
1,5081199,1879,60,10,0,0,0,193,1,0,0,10,0,0,1,0,1,0,0,0,0,3,1,0,0,0,0,0
1,4534098,69,7,0,0,0,4,38,0,0,0,0,0,0,0,0,0,3,1,0,0,0,0,0,0,0,0,0
1,2847165,2147966,29,1,2,0,111,92,77,0,0,4,6,0,0,0,0,0,0,0,0,2,1,0,0,0,0,0
1,5063634,2009,5,9,0,0,0,213,1,0,0,9,0,0,1,0,1,0,0,0,0,4,2,0,0,0,0,0
1,4620519,6376,154,9,1,0,6,280,0,0,0,22,2,0,0,0,0,0,0,0,0,1,1,0,0,0,0,0
1,2586794,173076,8,1,0,0,10,19,0,0,0,3,0,0,0,0,0,0,0,0,0,0,0,0,0,0,0,0
1,5186124,131,40,3,1,0,774,200,493,0,0,168,1,0,0,0,0,0,0,0,0,3,2,0,0,0,0,0
1,4524268,70,7,0,0,0,4,38,0,0,0,0,0,0,0,0,0,3,1,0,0,0,0,0,0,0,0,0
1,4625348,128,7,0,0,0,6,45,0,0,0,0,0,0,0,0,0,0,1,0,0,0,0,0,0,0,0,0
1,4745254,137,7,0,0,0,6,51,0,0,0,0,0,0,0,0,0,0,1,0,0,0,0,0,0,0,0,0
1,4671034,25542,8,939,0,1,0,2819,0,0,0,939,0,1,0,0,0,0,0,0,0,0,1,0,0,0,0,0
1,4750568,124,7,0,0,0,6,45,0,0,0,0,0,0,0,0,0,0,1,0,0,0,0,0,0,0,0,0
1,4525008,68,7,0,0,0,4,38,0,0,0,0,0,0,0,0,0,3,1,0,0,0,0,0,0,0,0,0
1,5561534,1982,952,6,0,0,0,164,0,0,0,6,0,0,0,0,0,0,0,0,0,1,1,0,0,0,0,0
1,5868625,3103,2415,1,0,0,1,63,0,0,0,1,0,0,0,0,0,0,0,0,0,1,2,0,0,0,0,0
1,4676166,68,7,0,0,0,4,47,0,0,0,0,0,0,0,0,0,6,1,0,0,0,0,0,0,0,0,0
1,4524593,69,7,0,0,0,4,38,0,0,0,0,0,0,0,0,0,3,1,0,0,0,0,0,0,0,0,0
1,4778235,73,5,0,0,0,4,57,0,0,0,0,0,0,0,0,0,6,1,0,0,0,0,0,0,0,0,0
1,4110981,30623,71,1,1,1,28,38,9,0,0,1,6,1,0,0,0,0,0,0,0,1,1,0,0,0,0,0
1,4910620,101,7,0,0,0,4,50,0,0,0,0,0,0,0,0,0,3,1,0,0,0,0,0,0,0,0,0
1,4479244,66,7,0,0,0,4,38,0,0,0,0,0,0,0,0,0,3,1,0,0,0,0,0,0,0,0,0
1,3166539,2381,12,0,0,0,0,3,0,0,0,0,0,0,0,0,0,0,0,0,0,1,0,0,0,0,0,0
1,4582363,151,9,0,0,0,5,45,0,0,0,0,0,0,0,0,0,0,1,0,0,0,0,0,0,0,0,0
1,5518427,3158,96,1,0,0,16,576,0,0,0,5,0,0,0,0,0,0,0,0,0,1,0,0,0,0,0,0
1,2887809,88505,7,1,0,1,7,6,2,0,0,2,0,1,0,0,0,0,0,0,0,0,0,0,0,0,0,0
1,5463091,213,69,1,0,0,528,176,458,0,0,45,0,0,0,0,0,0,0,0,0,1,2,0,0,0,0,0
1,4881875,126,12,0,0,0,5,31,0,0,0,0,0,0,0,0,0,0,1,0,0,0,0,0,0,0,0,0
1,5140686,62,11,2,0,0,3,18,0,0,0,5,0,0,0,0,0,0,0,0,0,2,0,0,0,0,0,0
1,5584215,1966,936,6,0,0,0,171,0,0,0,6,0,0,0,0,0,0,0,0,0,1,1,0,0,0,0,0
1,4663512,64,6,0,0,0,14,158,0,0,0,0,0,0,0,0,0,13,1,0,0,0,0,0,0,0,0,0
1,4741558,2932,62,0,0,1,0,225,0,0,0,0,0,1,0,0,0,0,0,0,0,1,1,0,0,0,0,0
1,5270767,280,32,8,1,0,25,112,0,0,0,10,3,0,0,0,0,0,0,0,0,0,9,0,0,0,0,0
1,4697328,5356,16,0,0,0,146,271,1,0,0,0,0,0,0,0,0,2,0,0,0,1,9,0,0,0,0,0
1,4662350,67,7,0,0,0,4,47,0,0,0,0,0,0,0,0,0,6,1,0,0,0,0,0,0,0,0,0
1,5004485,803,5,8,0,0,0,150,1,0,0,16,0,0,0,0,0,0,0,0,0,1,1,0,0,0,0,0
1,5576934,1966,936,6,0,0,0,161,0,0,0,6,0,0,0,0,0,0,0,0,0,1,1,0,0,0,0,0
1,4479005,67,7,0,0,0,4,38,0,0,0,0,0,0,0,0,0,3,1,0,0,0,0,0,0,0,0,0
1,4668384,129,7,0,0,0,6,45,0,0,0,0,0,0,0,0,0,0,1,0,0,0,0,0,0,0,0,0
1,4650228,128,7,0,0,0,6,42,0,0,0,0,0,0,0,0,0,0,1,0,0,0,0,0,0,0,0,0
1,4715743,126,7,0,0,0,6,42,0,0,0,0,0,0,0,0,0,0,1,0,0,0,0,0,0,0,0,0
1,4675969,122,7,0,0,0,6,42,0,0,0,0,0,0,0,0,0,0,1,0,0,0,0,0,0,0,0,0
1,5916070,6694,5295,1,1,0,3,206,0,0,0,1,1,0,0,0,0,0,0,0,0,21,11,0,0,0,0,0
1,2899678,56177,8,1,0,1,26,49,0,0,0,3,0,1,0,0,0,0,0,0,0,1,0,0,0,0,0,0
1,4062666,65283,33971,2,2,1,21367,126,21319,0,0,15,12,1,0,0,0,0,0,0,0,3,1,0,0,0,0,0
1,4519202,68,7,0,0,0,4,38,0,0,0,0,0,0,0,0,0,3,1,0,0,0,0,0,0,0,0,0
1,3637121,2998,12,5,0,0,0,19,0,0,0,10,0,0,0,0,0,0,0,0,0,0,4,0,0,0,0,0
1,3880575,2795,2774,2,0,1,3,20,0,0,0,2,0,1,0,0,0,0,0,0,0,0,1,0,0,0,0,0
1,5213950,2445,99,8,0,0,0,345,0,0,0,17,0,0,0,0,0,0,0,0,0,0,4,0,0,0,0,0
1,4713204,135,10,0,0,0,6,42,0,0,0,0,0,0,0,0,0,0,1,0,0,0,0,0,0,0,0,0
1,4636241,70,7,0,0,0,13,146,0,0,0,0,0,0,0,0,0,12,1,0,0,0,0,0,0,0,0,0
1,4511262,68,7,0,0,0,14,154,0,0,0,0,0,0,0,0,0,13,1,0,0,0,0,0,0,0,0,0
1,2593897,373156,26,1,0,0,11,14,6,0,0,2,0,0,0,0,0,0,0,0,0,1,1,0,0,0,0,0
1,5149216,62,11,2,0,0,3,18,0,0,0,5,0,0,0,0,0,0,0,0,0,2,0,0,0,0,0,0
1,4798459,134,9,0,0,0,6,45,0,0,0,0,0,0,0,0,0,0,1,0,0,0,0,0,0,0,0,0
1,5014616,50,4,0,0,0,0,5,1,0,0,0,0,0,0,0,0,0,0,0,0,0,0,0,0,0,0,0
1,5223412,2418,99,8,0,0,0,344,0,0,0,17,0,0,0,0,0,0,0,0,0,3,4,0,0,0,0,0
1,5574950,1966,936,6,0,0,0,143,0,0,0,6,0,0,0,0,0,0,0,0,0,1,1,0,0,0,0,0
1,3435212,430,8,0,0,0,0,2,0,0,0,0,0,0,0,0,0,0,0,0,0,2,0,0,0,0,0,0
1,3936845,17809,40,0,0,1,0,1649,0,0,0,0,0,1,0,0,0,0,0,0,0,1,1,0,0,0,0,0
1,5007573,2497,5,15,0,0,0,627,1,0,0,49,0,0,0,0,0,0,0,0,0,7,6,0,0,0,0,0
1,4122331,10384,168,11,0,0,6,761,0,0,0,39,0,0,0,0,0,0,0,0,0,1,1,0,0,0,0,0
1,4586347,74,8,0,0,0,4,38,0,0,0,0,0,0,0,0,0,3,1,0,0,0,0,0,0,0,0,0
1,5271941,1829,74,39,0,0,0,176,0,0,0,48,0,0,0,0,0,0,0,0,0,0,1,0,0,0,0,0
1,5001691,324,5,2,0,0,0,39,1,0,0,2,0,0,0,0,0,0,0,0,0,0,0,0,0,0,0,0
1,5676133,107,17,4,2,0,60,386,0,0,0,159,2,0,1,0,1,23,0,0,0,45,0,0,0,0,0,0
1,5676390,107,17,4,2,0,60,386,0,0,0,159,2,0,1,0,1,23,0,0,0,45,0,0,0,0,0,0
1,4660658,129,7,0,0,0,6,42,0,0,0,0,0,0,0,0,0,0,1,0,0,0,0,0,0,0,0,0
1,4192626,64,6,0,0,0,4,41,0,0,0,0,0,0,0,0,0,0,0,0,0,0,0,0,0,0,0,0
1,5071601,573,5,4,0,0,0,65,1,0,0,4,0,0,0,0,0,0,0,0,0,1,1,0,0,0,0,0
1,4885215,76,34,1,1,0,3403,7311,0,0,0,3393,2,0,0,0,0,0,0,1,34,0,1,0,0,0,0,0
1,4820986,86,7,0,0,0,4,62,0,0,0,0,0,0,0,0,0,6,1,0,0,0,0,0,0,0,0,0
1,5023906,1881,5,11,0,0,0,209,1,0,0,11,0,0,0,0,0,0,0,0,0,5,3,0,0,0,0,0
1,4132848,10407,188,10,0,0,7,1009,0,0,0,47,0,0,0,0,0,0,0,4,0,1,1,0,0,0,0,0
1,4642162,127,7,0,0,0,6,45,0,0,0,0,0,0,0,0,0,0,1,0,0,0,0,0,0,0,0,0
1,4630240,127,7,0,0,0,6,45,0,0,0,0,0,0,0,0,0,0,1,0,0,0,0,0,0,0,0,0
1,5444927,228,30,2,1,0,521,155,452,0,0,62,1,0,0,0,0,0,0,0,0,1,2,0,0,0,0,0
1,5035150,150,5,0,0,0,0,20,1,0,0,0,0,0,0,0,0,0,0,0,0,1,0,0,0,0,0,0
1,5010466,1110,5,10,0,0,0,278,1,0,0,25,0,0,0,0,0,0,0,0,0,2,4,0,0,0,0,0
1,4672053,128,7,0,0,0,6,42,0,0,0,0,0,0,0,0,0,0,1,0,0,0,0,0,0,0,0,0
1,4600452,6366,163,9,1,0,6,280,0,0,0,22,2,0,0,0,0,0,0,0,0,1,1,0,0,0,0,0
1,4158241,4845,178,10,0,0,6,1830,0,0,0,45,0,0,0,0,0,0,0,0,0,1,1,0,0,0,0,0
1,5008921,978,5,6,0,0,0,102,1,0,0,6,0,0,0,0,0,0,0,0,0,3,1,0,0,0,0,0
1,4397118,90,19,2,1,0,576,28,570,0,0,4,1,0,0,0,0,0,0,0,0,1,2,0,0,0,0,0
1,4665135,127,7,0,0,0,6,42,0,0,0,0,0,0,0,0,0,0,1,0,0,0,0,0,0,0,0,0
1,4662884,70,7,0,0,0,13,146,0,0,0,0,0,0,0,0,0,12,1,0,0,0,0,0,0,0,0,0
1,5670998,107,17,4,2,0,60,384,0,0,0,159,2,0,1,0,1,23,0,0,0,43,0,0,0,0,0,0
1,4651921,125,7,0,0,0,6,42,0,0,0,0,0,0,0,0,0,0,1,0,0,0,0,0,0,0,0,0
1,3499313,237724,113130,4,0,0,0,13,0,0,0,4,0,0,0,0,0,0,0,0,0,0,0,0,0,0,0,0
1,4629598,125,7,0,0,0,16,162,0,0,0,0,0,0,0,0,0,0,1,0,0,0,0,0,0,0,0,0
1,4640504,128,7,0,0,0,6,42,0,0,0,0,0,0,0,0,0,0,1,0,0,0,0,0,0,0,0,0
1,5671689,107,17,4,2,0,60,384,0,0,0,159,2,0,1,0,1,23,0,0,0,43,0,0,0,0,0,0
1,5011186,1858,5,20,0,0,0,270,1,0,0,27,0,0,0,0,0,0,0,0,0,4,2,0,0,0,0,0
1,4804367,6240,152,7,0,0,10,273,0,0,0,20,0,0,0,0,0,0,0,0,0,1,1,0,0,0,0,0
1,5380036,117,12,1,0,0,6,23,0,0,0,1,0,0,0,0,0,0,0,0,0,0,0,0,0,0,0,0
1,4681777,128,7,0,0,0,6,42,0,0,0,0,0,0,0,0,0,0,1,0,0,0,0,0,0,0,0,0
1,5003514,1806,106,10,0,0,0,176,1,0,0,10,0,0,0,0,0,0,0,0,0,3,3,0,0,0,0,0
1,5003748,5583,126,44,0,0,0,970,1,0,0,75,0,0,1,0,1,0,0,0,0,8,10,0,0,0,0,0
1,4504161,67,7,0,0,0,4,38,0,0,0,0,0,0,0,0,0,3,1,0,0,0,0,0,0,0,0,0
1,5653338,180,51,2,0,0,16,101,0,0,0,15,0,0,0,0,0,0,0,0,0,0,1,0,0,0,0,0
1,4539860,69,7,0,0,0,4,38,0,0,0,0,0,0,0,0,0,3,1,0,0,0,0,0,0,0,0,0
1,5673546,107,17,4,2,0,60,386,0,0,0,159,2,0,1,0,1,23,0,0,0,45,0,0,0,0,0,0
1,5650639,180,51,2,0,0,16,97,0,0,0,15,0,0,0,0,0,0,0,0,0,0,1,0,0,0,0,0
1,5055953,101,3,0,0,0,0,14,1,0,0,0,0,0,0,0,0,0,0,0,0,1,0,0,0,0,0,0
1,5008297,2125,34,14,0,0,0,534,1,0,0,37,0,0,0,0,0,0,0,0,0,7,3,0,0,0,0,0
1,5025873,1868,148,10,0,0,0,253,0,0,0,12,0,0,0,0,0,0,0,0,0,7,1,0,0,0,0,0
1,3262365,70401,35,1,1,0,54,141,0,0,0,3,4,0,0,0,0,0,0,0,0,0,1,0,0,0,0,0
1,5011560,1489,5,13,0,0,0,343,1,0,0,24,0,0,0,0,0,0,0,0,0,2,3,0,0,0,0,0
1,4649323,66,7,0,0,0,4,47,0,0,0,0,0,0,0,0,0,6,1,0,0,0,0,0,0,0,0,0
1,3151588,1471151,32,1,2,0,111,92,77,0,0,4,6,0,0,0,0,0,0,0,0,2,1,0,0,0,0,0
1,5024969,604,65,9,0,1,0,82,1,0,0,11,0,1,0,0,0,0,0,0,0,0,0,0,0,0,0,0
1,5014714,278,5,1,0,0,0,33,1,0,0,1,0,0,0,0,0,0,0,0,0,2,0,0,0,0,0,0
1,2328602,19240,93,37,0,1,0,1519,1,0,0,67,0,1,0,0,0,0,0,0,0,5,2,0,0,0,0,0
1,1628510,464548,8,1,0,1,26,14282,21,0,0,2,0,1,0,0,0,0,0,0,0,1,0,0,0,0,0,0
1,5037727,308,4,1,0,0,0,32,1,0,0,1,0,0,0,0,0,0,0,0,0,1,1,0,0,0,0,0
1,4478589,58,3,0,0,0,0,8,1,0,0,0,0,0,0,0,0,0,0,0,0,0,0,0,0,0,0,0
1,4686324,137,12,0,0,0,6,42,0,0,0,0,0,0,0,0,0,0,1,0,0,0,0,0,0,0,0,0
1,5019880,3000,57,23,0,2,0,374,1,0,0,26,0,2,0,0,0,0,0,0,0,2,5,0,0,0,0,0
1,5090555,4884,187,9,0,0,0,407,0,0,0,18,0,0,0,0,0,0,0,1,0,0,3,0,0,0,0,0
1,4706128,129,7,0,0,0,6,42,0,0,0,0,0,0,0,0,0,0,1,0,0,0,0,0,0,0,0,0
1,3196301,71353,90,1,0,1,39,106,0,0,0,7,0,1,0,0,0,0,0,0,0,5,1,0,0,0,0,0
1,5037928,1445,144,7,0,0,0,258,0,0,0,12,0,0,1,0,1,0,0,0,0,5,4,0,0,0,0,0
1,5675969,107,17,4,2,0,60,386,0,0,0,159,2,0,1,0,1,23,0,0,0,45,0,0,0,0,0,0
1,3456705,237409,112980,4,0,0,0,13,0,0,0,4,0,0,0,0,0,0,0,0,0,0,0,0,0,0,0,0
1,4380671,274,63,1,0,0,0,26,1,0,0,1,0,0,0,0,0,0,0,0,0,1,0,0,0,0,0,0
1,5008732,1520,84,8,0,1,0,248,0,0,0,12,0,1,0,0,0,0,0,0,0,6,2,0,0,0,0,0
1,3554559,237409,112980,4,0,0,0,13,0,0,0,4,0,0,0,0,0,0,0,0,0,0,0,0,0,0,0,0
1,4555778,68,7,0,0,0,4,38,0,0,0,0,0,0,0,0,0,3,1,0,0,0,0,0,0,0,0,0
1,5671361,107,17,4,2,0,60,384,0,0,0,159,2,0,1,0,1,23,0,0,0,43,0,0,0,0,0,0
1,5015512,802,5,6,0,0,0,176,1,0,0,13,0,0,0,0,0,0,0,0,0,4,0,0,0,0,0,0
1,5019926,967,5,8,0,0,0,93,1,0,0,8,0,0,0,0,0,0,0,0,0,1,1,0,0,0,0,0
1,4379124,2009,24,0,0,1,0,141,0,0,0,0,0,1,0,0,0,0,0,0,0,1,1,0,0,0,0,0
1,5016624,265,5,2,0,0,0,26,1,0,0,2,0,0,0,0,0,0,0,0,0,0,1,0,0,0,0,0
1,5161318,2997,124,8,0,0,0,350,0,0,0,17,0,0,0,0,0,0,0,0,0,0,4,0,0,0,0,0
1,4493893,22741,38,1,2,0,111,92,77,0,0,4,6,0,0,0,0,0,0,0,0,2,1,0,0,0,0,0
1,4174931,4891,179,10,0,0,6,1858,0,0,0,45,0,0,0,0,0,0,0,0,0,1,1,0,0,0,0,0
1,2829546,301667,13,1,0,0,5,11,0,0,0,2,0,0,0,0,0,0,0,0,0,0,1,0,0,0,0,0
1,4983947,416,18,6,0,0,0,57,0,0,0,6,0,0,0,0,0,1,0,0,0,0,7,0,0,0,0,0
1,5031460,59,4,0,0,0,0,8,1,0,0,0,0,0,0,0,0,0,0,0,0,0,0,0,0,0,0,0
1,4743870,80,9,0,0,0,10,173,0,0,0,0,0,0,0,0,0,18,1,0,0,0,0,0,0,0,0,0
1,4720169,6316,154,7,0,0,10,272,0,0,0,20,0,0,0,0,0,0,0,0,0,1,1,0,0,0,0,0
1,4274138,124,61,0,0,0,1300,3245,0,0,0,0,0,0,0,0,0,0,0,0,0,0,1,0,0,0,0,0
1,4578553,6222,163,9,1,0,6,281,0,0,0,22,2,0,0,0,0,0,0,0,0,1,1,0,0,0,0,0
1,5225232,2441,99,8,0,0,0,344,0,0,0,17,0,0,0,0,0,0,0,0,0,1,5,0,0,0,0,0
1,5022511,581,5,4,0,0,0,67,1,0,0,4,0,0,0,0,0,0,0,0,0,1,0,0,0,0,0,0
1,5005605,4635,35,10,0,0,0,553,0,0,0,12,0,0,1,0,1,0,0,0,0,1,0,0,0,0,0,0
1,3587642,237409,112980,4,0,0,0,13,0,0,0,4,0,0,0,0,0,0,0,0,0,0,0,0,0,0,0,0
1,4342159,5207,54,24,0,0,0,489,0,0,0,54,0,0,0,0,0,0,0,0,0,8,1,0,0,0,0,0
1,5255076,62,11,2,0,0,8,26,0,0,0,5,0,0,0,0,0,0,0,0,0,2,0,0,0,0,0,0
1,5029223,1381,5,11,0,0,0,164,1,0,0,11,0,0,0,0,0,0,0,0,0,0,2,0,0,0,0,0
1,3456517,245594,116850,4,0,0,0,25,0,0,0,4,0,0,0,0,0,0,0,0,0,0,0,0,0,0,0,0
1,5087960,4884,187,9,0,0,0,409,0,0,0,18,0,0,0,0,0,0,0,0,0,0,3,0,0,0,0,0
1,4769712,9332,357,12,1,0,6,368,0,0,0,24,2,0,0,0,0,0,0,0,0,1,1,0,0,0,0,0
1,5671263,107,17,4,2,0,60,384,0,0,0,159,2,0,1,0,1,23,0,0,0,43,0,0,0,0,0,0
1,5122398,63,11,2,0,0,4,18,0,0,0,7,0,0,0,0,0,0,0,0,0,2,0,0,0,0,0,0
1,4569722,70,7,0,0,0,4,38,0,0,0,0,0,0,0,0,0,3,1,0,0,0,0,0,0,0,0,0
1,5673545,107,17,4,2,0,60,386,0,0,0,159,2,0,1,0,1,23,0,0,0,45,0,0,0,0,0,0
1,5671242,107,17,4,2,0,60,384,0,0,0,159,2,0,1,0,1,23,0,0,0,43,0,0,0,0,0,0
1,5008525,111,5,0,0,0,0,14,1,0,0,0,0,0,0,0,0,0,0,0,0,1,1,0,0,0,0,0
1,4829282,89,7,0,0,0,4,74,0,0,0,0,0,0,0,0,0,6,1,0,0,0,0,0,0,0,0,0
1,4549365,69,7,0,0,0,4,38,0,0,0,0,0,0,0,0,0,3,1,0,0,0,0,0,0,0,0,0
1,5034205,1969,114,11,0,0,0,188,1,0,0,11,0,0,0,0,0,0,0,0,0,6,3,0,0,0,0,0
1,5262304,1811,74,39,0,0,0,173,0,0,0,48,0,0,0,0,0,0,0,0,0,0,1,0,0,0,0,0
1,5675611,107,17,4,2,0,60,386,0,0,0,159,2,0,1,0,1,23,0,0,0,45,0,0,0,0,0,0
1,5676660,107,17,4,2,0,60,386,0,0,0,159,2,0,1,0,1,23,0,0,0,45,0,0,0,0,0,0
1,4710987,80,10,0,0,0,4,38,0,0,0,0,0,0,0,0,0,3,1,0,0,0,0,0,0,0,0,0
1,5671081,107,17,4,2,0,60,384,0,0,0,159,2,0,1,0,1,23,0,0,0,43,0,0,0,0,0,0
1,2925841,150895,7,1,0,1,5,11,0,0,0,2,0,1,0,0,0,0,0,0,0,0,0,0,0,0,0,0
1,5012851,924,5,7,0,0,0,145,1,0,0,11,0,0,0,0,0,0,0,0,0,2,3,0,0,0,0,0
1,5033384,1926,106,10,0,1,0,281,0,0,0,11,0,2,0,0,0,0,0,0,0,8,4,0,0,0,0,0
1,4525516,67,7,0,0,0,4,38,0,0,0,0,0,0,0,0,0,3,1,0,0,0,0,0,0,0,0,0
1,5108716,63,11,2,0,0,4,18,0,0,0,7,0,0,0,0,0,0,0,0,0,2,0,0,0,0,0,0
1,5288110,882,5,6,0,0,0,169,1,0,0,12,0,0,0,0,0,2,0,0,0,1,3,0,0,0,0,0
1,4393224,6696,63,39,0,0,0,963,1,0,0,52,0,0,0,0,0,0,0,0,0,8,5,0,0,0,0,0
1,4605946,67,7,0,0,0,13,146,0,0,0,0,0,0,0,0,0,12,1,0,0,0,0,0,0,0,0,0
1,5033954,1851,112,9,0,1,0,190,1,0,0,9,0,1,0,0,0,0,0,0,0,5,1,0,0,0,0,0
1,4435668,91,19,2,1,0,539,28,533,0,0,4,1,0,0,0,0,0,0,0,0,1,2,0,0,0,0,0
1,5203555,145146,311,17,0,1,0,17738,0,0,0,34,0,1,0,0,0,0,0,0,0,3,5,0,0,0,0,0
1,5044125,85,4,0,0,1,0,14,1,0,0,0,0,1,0,0,0,0,0,0,0,0,1,0,0,0,0,0
1,4534586,68,7,0,0,0,4,38,0,0,0,0,0,0,0,0,0,3,1,0,0,0,0,0,0,0,0,0
1,4142842,4870,179,10,0,0,6,1851,0,0,0,45,0,0,0,0,0,0,0,0,0,1,1,0,0,0,0,0
1,5036836,1948,118,10,0,0,0,201,1,0,0,10,0,0,0,0,0,0,0,0,0,7,2,0,0,0,0,0
1,3535784,84480,35,7,5,1,69,218,0,0,0,38,21,1,0,0,0,0,0,0,0,1,1,0,0,0,0,0
1,2642743,220644,7,1,0,1,5,11,0,0,0,2,0,1,0,0,0,0,0,0,0,0,0,0,0,0,0,0
1,4429686,412,48,3,0,0,0,37,1,0,0,3,0,0,0,0,0,0,0,0,0,0,0,0,0,0,0,0
1,4537414,70,7,0,0,0,4,38,0,0,0,0,0,0,0,0,0,3,1,0,0,0,0,0,0,0,0,0
1,1326026,2064040,7,1,0,1,26,11,21,0,0,2,0,1,0,0,0,0,0,0,0,1,0,0,0,0,0,0
1,5029782,3564,345,10,1,0,17,1230,0,0,0,26,2,0,0,0,0,0,0,0,0,1,1,0,0,0,0,0
1,5044538,1250,118,6,0,1,0,232,0,0,0,11,0,1,0,0,0,0,0,0,0,4,1,0,0,0,0,0
1,5565424,1966,936,6,0,0,0,146,0,0,0,6,0,0,0,0,0,0,0,0,0,1,1,0,0,0,0,0
1,5217847,2419,99,8,0,0,0,339,0,0,0,17,0,0,0,0,0,0,0,0,0,0,6,0,0,0,0,0
1,5312779,163,22,2,0,0,15,92,0,0,0,5,0,0,0,0,0,2,0,0,0,0,3,0,0,0,0,0
1,5088860,4881,187,9,0,0,0,408,0,0,0,18,0,0,0,0,0,0,0,0,0,0,3,0,0,0,0,0
1,5054258,1918,108,11,0,1,0,256,0,0,0,12,0,1,0,0,0,0,0,0,0,6,2,0,0,0,0,0
1,5041383,1430,106,9,0,0,0,244,0,0,0,11,0,0,0,0,0,0,0,0,0,5,5,0,0,0,0,0
1,4513395,68,7,0,0,0,4,38,0,0,0,0,0,0,0,0,0,3,1,0,0,0,0,0,0,0,0,0
1,3545554,237724,113130,4,0,0,0,13,0,0,0,4,0,0,0,0,0,0,0,0,0,0,0,0,0,0,0,0
1,5043548,1187,5,7,0,0,0,124,1,0,0,7,0,0,0,0,0,0,0,0,0,3,0,0,0,0,0,0
1,5671080,107,17,4,2,0,60,384,0,0,0,159,2,0,1,0,1,23,0,0,0,43,0,0,0,0,0,0
1,5018367,1598,45,15,0,0,0,568,1,0,0,45,0,0,0,0,0,0,0,0,0,6,11,0,0,0,0,0
1,3399354,6573,47,71,0,1,0,1950,0,0,0,310,0,4,5,0,5,0,0,0,0,9,23,0,0,0,0,0
1,3394524,237409,112980,4,0,0,0,13,0,0,0,4,0,0,0,0,0,0,0,0,0,0,0,0,0,0,0,0
1,5020259,223,33,7,1,0,280,160,216,0,0,57,1,0,0,0,0,0,0,0,0,1,2,0,0,0,0,0
1,5014189,1796,104,10,0,0,0,252,0,0,0,12,0,0,0,0,0,0,0,0,0,8,3,0,0,0,0,0
1,5267702,1809,74,39,0,0,0,173,0,0,0,48,0,0,0,0,0,0,0,1,0,0,1,0,0,0,0,0
1,5174483,9223,12,37,0,0,0,1303,1,0,0,43,0,0,1,0,1,0,0,0,0,3,3,0,0,0,0,0
1,4945492,1675,104,10,0,0,0,64,0,0,0,12,0,0,0,0,0,0,0,0,0,4,2,0,0,0,0,0
1,3161508,632,56,1,1,1,5,52,1,1,0,1,2,1,0,0,0,0,0,0,0,0,0,0,0,0,0,0
1,4708392,9361,345,20,1,0,5,364,0,0,0,25,2,0,0,0,0,0,0,0,0,1,1,0,0,0,0,0
1,5144132,433,204,0,0,1,0,18,0,0,0,0,0,1,0,0,0,0,0,0,0,1,1,0,0,0,0,0
1,3608281,73089,7,26,0,0,7,14951,0,0,0,26,0,0,0,0,0,0,0,0,0,1,0,0,0,0,0,0
1,5671012,107,17,4,2,0,60,384,0,0,0,159,2,0,1,0,1,23,0,0,0,43,0,0,0,0,0,0
1,4999245,1866,116,10,0,0,0,231,0,0,0,12,0,0,1,0,1,0,0,0,0,3,2,0,0,0,0,0
1,4675143,128,7,0,0,0,6,42,0,0,0,0,0,0,0,0,0,0,1,0,0,0,0,0,0,0,0,0
1,3399531,6902,38,50,0,1,0,633,1,0,0,88,0,1,4,0,4,0,0,0,0,6,9,0,0,0,0,0
1,3324188,2992,91,23,0,1,0,198,1,0,0,42,0,1,3,0,3,0,0,0,0,7,5,0,0,0,0,0
1,5005674,1714,120,10,0,0,0,237,0,0,0,12,0,0,0,0,0,0,0,0,0,5,1,0,0,0,0,0
1,4661279,128,7,0,0,0,6,45,0,0,0,0,0,0,0,0,0,0,1,0,0,0,0,0,0,0,0,0
1,5004288,2316,59,15,0,0,0,348,1,0,0,25,0,0,0,0,0,0,0,0,0,1,4,0,0,0,0,0
1,5003147,1727,132,14,0,0,0,186,1,0,0,16,0,0,0,0,0,0,0,0,0,1,1,0,0,0,0,0
1,4093975,4612,169,10,0,0,6,1848,0,0,0,45,0,0,0,0,0,0,0,0,0,1,1,0,0,0,0,0
1,4646287,127,7,0,0,0,6,42,0,0,0,0,0,0,0,0,0,0,1,0,0,0,0,0,0,0,0,0
1,4477675,147,4,0,0,0,0,18,1,0,0,0,0,0,0,0,0,0,0,0,0,0,0,0,0,0,0,0
1,4363100,1964,44,11,0,0,0,210,1,0,0,11,0,0,0,0,0,0,0,0,0,3,2,0,0,0,0,0
1,5032313,1125,5,7,0,0,0,117,1,0,0,7,0,0,0,0,0,0,0,0,0,2,1,0,0,0,0,0
1,5091712,4884,187,9,0,0,0,407,0,0,0,18,0,0,0,0,0,0,0,0,0,0,3,0,0,0,0,0
1,5053383,2078,114,10,0,1,0,277,0,0,0,12,0,1,0,0,0,0,0,0,0,3,2,0,0,0,0,0
1,5645161,180,51,2,0,0,16,98,0,0,0,15,0,0,0,0,0,0,0,0,0,0,1,0,0,0,0,0
1,4432417,2788,80,27,0,0,0,339,1,0,0,32,0,0,0,0,0,0,0,0,0,3,1,0,0,0,0,0
1,4472790,64,6,0,0,0,4,38,0,0,0,0,0,0,0,0,0,3,1,0,0,0,0,0,0,0,0,0
1,5572068,1966,936,6,0,0,0,178,0,0,0,6,0,0,0,0,0,0,0,0,0,1,1,0,0,0,0,0
1,2790226,34518,8,0,0,1,0,5752,0,0,0,0,0,1,0,0,0,0,0,0,0,0,1,0,0,0,0,0
1,5665812,180,53,2,0,0,16,97,0,0,0,15,0,0,0,0,0,0,0,0,0,0,1,0,0,0,0,0
1,5580171,1966,936,6,0,0,0,165,0,0,0,6,0,0,0,0,0,0,0,0,0,1,1,0,0,0,0,0
1,4683943,81,10,0,0,0,4,38,0,0,0,0,0,0,0,0,0,3,1,0,0,0,0,0,0,0,0,0
1,3329051,57091,10,1,1,1,51,154,0,0,0,3,4,1,0,0,0,0,0,0,0,1,0,0,0,0,0,0
1,4658190,128,7,0,0,0,6,45,0,0,0,0,0,0,0,0,0,0,1,0,0,0,0,0,0,0,0,0
1,4450918,69,7,0,0,0,4,38,0,0,0,0,0,0,0,0,0,3,1,0,0,0,0,0,0,0,0,0
1,2854628,33336,13,1,0,0,5,11,0,0,0,2,0,0,0,0,0,0,0,0,0,0,1,0,0,0,0,0
1,5659020,180,51,2,0,0,16,99,0,0,0,15,0,0,0,0,0,0,0,0,0,0,1,0,0,0,0,0
1,5167550,62,11,2,0,0,3,18,0,0,0,5,0,0,0,0,0,0,0,0,0,2,0,0,0,0,0,0
1,5411527,205,30,1,0,0,595,166,528,0,0,45,0,0,0,0,0,0,0,0,0,2,2,0,0,0,0,0
1,3205589,276504,275947,2,2,0,135193,117,2,0,0,18,12,0,0,0,0,0,0,0,0,3,1,0,0,0,0,0
1,3438566,237849,112980,4,0,0,0,24,0,0,0,4,0,0,0,0,0,0,0,0,0,0,0,0,0,0,0,0
1,5575993,1966,936,6,0,0,0,161,0,0,0,6,0,0,0,0,0,0,0,0,0,1,1,0,0,0,0,0
1,4805903,6333,145,7,1,0,4,276,0,0,0,17,1,0,0,0,0,0,0,0,0,1,2,0,0,0,0,0
1,3472668,37634,37622,1,1,1,8,19,0,0,0,2,2,1,0,0,0,0,0,0,0,0,0,0,0,0,0,0
1,5654854,180,51,2,0,0,16,98,0,0,0,15,0,0,0,0,0,0,0,0,0,0,1,0,0,0,0,0
1,4564632,69,7,0,0,0,4,38,0,0,0,0,0,0,0,0,0,3,1,0,0,0,0,0,0,0,0,0
1,4838891,75,8,0,0,0,11,179,0,0,0,0,0,0,0,0,0,20,1,0,0,0,0,0,0,0,0,0
1,4593309,68,7,0,0,0,13,146,0,0,0,0,0,0,0,0,0,12,1,0,0,0,0,0,0,0,0,0
1,4442539,3542,38,15,0,0,0,1347,0,0,0,56,0,0,0,0,0,0,0,0,0,5,1,0,0,0,0,0
1,5286543,238,20,6,0,0,59,215,5,0,0,21,0,0,0,0,0,0,0,0,0,3,13,0,3,0,0,0
1,3960461,55033,26,0,1,1,750,38416,0,0,0,0,3,1,0,0,0,0,0,0,0,3,0,0,0,0,0,0
1,5663625,180,53,2,0,0,16,97,0,0,0,15,0,0,0,0,0,0,0,0,0,0,1,0,0,0,0,0
1,4236257,66870,5564,2,0,0,9,281,0,0,0,7,0,0,0,0,0,0,0,0,0,0,1,0,0,0,0,0
1,3860004,16375,157,2,1,0,0,60,0,0,0,2,1,0,0,0,0,0,0,0,0,0,2,0,0,0,0,0
1,3298688,626772,90,1,0,1,40,106,2,0,0,7,0,1,0,0,0,0,0,0,0,5,1,0,0,0,0,0
1,4435775,94,19,2,1,0,536,28,530,0,0,4,1,0,0,0,0,0,0,0,0,1,2,0,0,0,0,0
1,5582002,1966,936,6,0,0,0,143,0,0,0,6,0,0,0,0,0,0,0,0,0,1,1,0,0,0,0,0
1,5665039,180,53,2,0,0,16,97,0,0,0,15,0,0,0,0,0,0,0,0,0,0,1,0,0,0,0,0
1,5012495,83,3,0,0,0,0,8,1,0,0,0,0,0,0,0,0,0,0,0,0,0,0,0,0,0,0,0
1,3213562,71153,60,1,0,0,60,165,0,0,0,12,0,0,0,0,0,0,0,0,0,7,2,0,0,0,0,0
1,3306403,85621,90,1,0,1,39,14373,0,0,0,7,0,1,0,0,0,0,0,0,0,5,1,0,0,0,0,0
1,3441726,237409,112980,4,0,0,0,13,0,0,0,4,0,0,0,0,0,0,0,0,0,0,0,0,0,0,0,0
1,4392595,1895,82,10,0,0,0,307,1,0,0,18,0,0,0,0,0,0,0,0,0,3,2,0,0,0,0,0
1,5676049,107,17,4,2,0,60,386,0,0,0,159,2,0,1,0,1,23,0,0,0,45,0,0,0,0,0,0
1,5156703,2993,124,8,0,0,0,350,0,0,0,17,0,0,0,0,0,0,0,0,0,0,4,0,0,0,0,0
1,4640406,9422,349,17,1,0,5,363,0,0,0,25,2,0,0,0,0,0,0,0,0,1,1,0,0,0,0,0
1,4658275,70,7,0,0,0,13,146,0,0,0,0,0,0,0,0,0,12,1,0,0,0,0,0,0,0,0,0
1,5012365,91,4,0,0,0,0,11,1,0,0,0,0,0,0,0,0,0,0,0,0,0,0,0,0,0,0,0
1,5023573,3160,122,32,0,0,0,598,1,0,0,50,0,0,1,0,1,0,0,0,0,7,7,0,0,0,0,0
1,5171232,3361,348,10,1,0,19,858,0,0,0,28,2,0,0,0,0,0,0,0,0,1,1,0,0,0,0,0
1,4131760,4933,178,11,0,0,6,2534,0,0,0,47,0,0,0,0,0,0,0,0,0,1,1,0,0,0,0,0
1,4981630,1755,110,9,0,0,0,222,0,0,0,11,0,0,0,0,0,0,0,0,0,8,2,0,0,0,0,0
1,5107326,2082,75,10,0,0,0,292,0,0,0,12,0,0,0,0,0,0,0,0,0,9,1,0,0,0,0,0
1,5006722,654,5,3,0,0,0,74,1,0,0,3,0,0,1,0,1,0,0,0,0,2,1,0,0,0,0,0
1,5041517,1894,94,10,0,0,0,240,0,0,0,11,0,0,0,0,0,0,0,0,0,3,2,0,0,0,0,0
1,5007495,1237,33,9,0,0,0,266,1,0,0,22,0,0,0,0,0,0,0,0,0,1,2,0,0,0,0,0
1,5173502,2996,124,8,0,0,0,354,0,0,0,17,0,0,0,0,0,0,0,1,0,0,4,0,0,0,0,0
1,3403261,1573,37,14,0,1,0,174,1,0,0,25,0,2,4,0,4,0,0,0,0,5,1,0,0,0,0,0
1,2323418,27820,52,54,0,0,0,2141,1,0,0,91,0,0,0,0,0,0,0,0,0,8,7,0,0,0,0,0
1,5660143,180,64,2,0,0,16,95,0,0,0,15,0,0,0,0,0,0,0,0,0,0,1,0,0,0,0,0
1,4407101,4455,59,32,0,0,0,724,1,0,0,45,0,0,0,0,0,0,0,0,0,7,2,0,0,0,0,0
1,5824844,0,0,0,0,0,0,0,1,0,0,0,0,0,0,0,0,0,0,0,0,0,0,0,0,0,0,0
1,2688332,169891,7,1,0,1,5,11,0,0,0,2,0,1,0,0,0,0,0,0,0,0,0,0,0,0,0,0
1,5020384,1905,86,11,0,0,0,247,0,0,0,13,0,0,0,0,0,0,0,0,0,8,4,0,0,0,0,0
1,5028070,1822,112,9,0,1,0,242,0,0,0,11,0,1,0,0,0,0,0,0,0,9,3,0,0,0,0,0
1,2441968,18901,8,0,0,1,0,3,0,0,0,0,0,1,0,0,0,0,0,0,0,1,1,0,0,0,0,0
1,5028587,417,5,2,0,0,0,54,1,0,0,2,0,0,0,0,0,0,0,0,0,3,1,0,0,0,0,0
1,5055347,1654,69,9,0,0,0,226,0,0,0,11,0,0,1,0,1,0,0,0,0,5,4,0,0,0,0,0
1,4345577,1653,79,16,0,0,0,94,1,0,0,16,0,0,0,0,0,0,0,0,0,2,0,0,0,0,0,0
1,4089549,65838,29,1,2,0,111,92,77,0,0,4,6,0,0,0,0,0,0,3,0,2,1,0,0,0,0,0
1,5020218,604,5,2,0,0,0,63,1,0,0,2,0,0,0,0,0,0,0,0,0,0,1,0,0,0,0,0
1,3284981,237409,112980,4,0,0,0,13,0,0,0,4,0,0,0,0,0,0,0,0,0,0,0,0,0,0,0,0
1,4489747,1095,98,8,0,0,0,141,1,0,0,9,0,0,0,0,0,0,0,0,0,1,1,0,0,0,0,0
1,5165513,3019,124,8,0,0,0,359,0,0,0,17,0,0,0,0,0,0,0,1,0,0,4,0,0,0,0,0
1,5671216,107,17,4,2,0,60,384,0,0,0,159,2,0,1,0,1,23,0,0,0,43,0,0,0,0,0,0
1,3505928,569,8,0,0,1,0,3,0,0,0,0,0,1,0,0,0,0,0,0,0,1,1,0,0,0,0,0
1,4287900,24,3,0,0,0,0,5,1,0,0,0,0,0,0,0,0,0,0,0,0,0,0,0,0,0,0,0
1,4549971,68,7,0,0,0,4,38,0,0,0,0,0,0,0,0,0,3,1,0,0,0,0,0,0,0,0,0
1,4549365,69,7,0,0,0,4,38,0,0,0,0,0,0,0,0,0,3,1,0,0,0,0,0,0,0,0,0
1,5676512,107,17,4,2,0,60,386,0,0,0,159,2,0,1,0,1,23,0,0,0,45,0,0,0,0,0,0
1,5675969,107,17,4,2,0,60,386,0,0,0,159,2,0,1,0,1,23,0,0,0,45,0,0,0,0,0,0
1,5032881,1876,120,10,0,0,0,248,0,0,0,11,0,0,0,0,0,0,0,0,0,4,3,0,0,0,0,0
1,4467128,226,4,2,0,0,0,26,1,0,0,2,0,0,0,0,0,0,0,0,0,0,0,0,0,0,0,0
1,5352647,163,22,2,0,0,15,92,0,0,0,5,0,0,0,0,0,2,0,0,0,0,3,0,0,0,0,0
1,3105059,643931,20,1,2,0,87,92,53,0,0,4,6,0,0,0,0,0,0,0,0,2,1,0,0,0,0,0
1,3953634,2139,2118,2,0,1,3,20,0,0,0,2,0,1,0,0,0,0,0,0,0,0,1,0,0,0,0,0
1,4534586,68,7,0,0,0,4,38,0,0,0,0,0,0,0,0,0,3,1,0,0,0,0,0,0,0,0,0
1,2290869,16636,95,20,0,0,2,1722,1,0,0,57,0,0,0,0,0,0,0,0,0,8,5,0,0,0,0,0
1,5166914,2995,124,8,0,0,0,353,0,0,0,17,0,0,0,0,0,0,0,0,0,0,4,0,0,0,0,0
1,5607970,29282,29259,2,2,1,49,129,1,0,0,16,12,1,0,0,0,0,0,0,0,3,1,0,0,0,0,0
1,4513395,68,7,0,0,0,4,38,0,0,0,0,0,0,0,0,0,3,1,0,0,0,0,0,0,0,0,0
1,4669668,129,7,0,0,0,6,45,0,0,0,0,0,0,0,0,0,0,1,0,0,0,0,0,0,0,0,0
1,5168019,2995,124,8,0,0,0,349,0,0,0,17,0,0,0,0,0,0,0,0,0,0,4,0,0,0,0,0
1,4913911,42,15,1,0,0,12,30,0,0,0,1,0,0,0,0,0,0,0,0,0,0,2,0,0,0,0,0
1,4820367,6285,144,9,1,0,6,294,0,0,0,22,2,0,0,0,0,0,0,0,0,1,1,0,0,0,0,0
1,4524593,69,7,0,0,0,4,38,0,0,0,0,0,0,0,0,0,3,1,0,0,0,0,0,0,0,0,0
1,5656850,180,53,2,0,0,16,99,0,0,0,15,0,0,0,0,0,0,0,0,0,0,1,0,0,0,0,0
1,3491553,55033,22,0,1,1,35,59153,0,0,0,0,3,1,0,0,0,0,0,0,0,3,0,0,0,0,0,0
1,3933587,2139,2118,2,0,1,3,20,0,0,0,2,0,1,0,0,0,0,0,0,0,0,1,0,0,0,0,0
1,4613736,86,11,0,0,0,4,38,0,0,0,0,0,0,0,0,0,3,1,0,0,0,0,0,0,0,0,0
1,5579161,1982,952,6,0,0,0,173,0,0,0,6,0,0,0,0,0,0,0,0,0,1,1,0,0,0,0,0
1,4650150,126,7,0,0,0,6,42,0,0,0,0,0,0,0,0,0,0,1,0,0,0,0,0,0,0,0,0
1,4449566,5197,87,44,0,1,0,1909,1,0,0,134,0,1,0,0,0,0,0,0,0,12,7,0,0,0,0,0
1,4510012,67,7,0,0,0,4,38,0,0,0,0,0,0,0,0,0,3,1,0,0,0,0,0,0,0,0,0
1,5021579,2397,5,25,0,0,0,251,1,0,0,25,0,0,0,0,0,0,0,0,0,2,4,0,0,0,0,0
1,4647982,6152,141,7,1,0,4,270,0,0,0,13,1,0,0,0,0,0,0,0,0,1,2,0,0,0,0,0
1,5025459,1911,114,10,0,0,0,265,0,0,0,11,0,0,0,0,0,0,0,0,0,7,2,0,0,0,0,0
1,4533700,70,7,0,0,0,4,38,0,0,0,0,0,0,0,0,0,3,1,0,0,0,0,0,0,0,0,0
1,4763178,91,7,0,0,0,4,60,0,0,0,0,0,0,0,0,0,6,1,0,0,0,0,0,0,0,0,0
1,5670735,107,17,4,2,0,60,384,0,0,0,159,2,0,1,0,1,23,0,0,0,43,0,0,0,0,0,0
1,3029246,26550,15,0,0,0,0,5,0,0,0,0,0,0,0,0,0,0,0,0,0,0,1,0,0,0,0,0
1,5784253,72,72,0,0,0,357,406,0,0,0,0,0,0,0,0,0,0,0,0,0,0,0,0,0,0,0,0
1,4753298,6456,136,9,1,0,6,286,0,0,0,22,2,0,0,0,0,0,0,0,0,1,1,0,0,0,0,0
1,4654611,95,8,0,0,0,15,222,0,0,0,0,0,0,0,0,0,14,1,0,0,0,0,0,0,0,0,0
1,5156250,62,11,2,0,0,3,18,0,0,0,5,0,0,0,0,0,0,0,0,0,2,0,0,0,0,0,0
1,3454179,237409,112980,4,0,0,0,13,0,0,0,4,0,0,0,0,0,0,0,0,0,0,0,0,0,0,0,0
1,5019061,1870,108,10,0,0,0,219,0,0,0,11,0,0,1,0,1,0,0,0,0,6,2,0,0,0,0,0
1,4724946,89,12,0,0,0,4,38,0,0,0,0,0,0,0,0,0,3,1,0,0,0,0,0,0,0,0,0
1,2318696,2520,42,6,0,0,0,162,1,0,0,7,0,0,0,0,0,0,0,0,0,2,0,0,0,0,0,0
1,5670679,107,17,4,2,0,60,384,0,0,0,159,2,0,1,0,1,23,0,0,0,43,0,0,0,0,0,0
1,4996938,684,5,4,0,0,0,76,1,0,0,4,0,0,0,0,0,0,0,0,0,2,0,0,0,0,0,0
1,5226282,2439,99,8,0,0,0,347,0,0,0,17,0,0,0,0,0,0,0,0,0,0,5,0,0,0,0,0
1,3422181,237409,112980,4,0,0,0,13,0,0,0,4,0,0,0,0,0,0,0,0,0,0,0,0,0,0,0,0
1,5028103,2136,110,17,0,0,0,642,1,0,0,43,0,0,0,0,0,0,0,0,0,15,6,0,0,0,0,0
1,4534586,68,7,0,0,0,4,38,0,0,0,0,0,0,0,0,0,3,1,0,0,0,0,0,0,0,0,0
1,3637632,55033,18,0,1,1,29,28652,0,0,0,0,3,1,0,0,0,0,0,0,0,3,0,0,0,0,0,0
1,4259512,3243,83,29,0,1,0,813,1,0,0,88,0,1,0,0,0,0,0,0,0,11,3,0,0,0,0,0
1,5675912,107,17,4,2,0,60,386,0,0,0,159,2,0,1,0,1,23,0,0,0,45,0,0,0,0,0,0
1,5046734,936,5,5,0,0,0,103,1,0,0,5,0,0,0,0,0,0,0,0,0,2,1,0,0,0,0,0
1,4656373,70,7,0,0,0,4,47,0,0,0,0,0,0,0,0,0,6,1,0,0,0,0,0,0,0,0,0
1,5137535,63,11,2,0,0,4,18,0,0,0,7,0,0,0,0,0,0,0,0,0,2,0,0,0,0,0,0
1,5290735,143,35,3,0,0,1824,386,1284,0,0,424,0,0,0,0,0,0,0,0,0,1,3,0,0,0,0,0
1,5024422,3331,5,24,0,0,0,409,1,0,0,29,0,0,0,0,0,0,0,0,0,5,4,0,0,0,0,0
1,4651268,69,7,0,0,0,13,146,0,0,0,0,0,0,0,0,0,12,1,0,0,0,0,0,0,0,0,0
1,4563218,121,7,0,0,0,16,146,0,0,0,0,0,0,0,0,0,0,1,0,0,0,0,0,0,0,0,0
1,5023255,692,94,5,0,0,0,71,1,0,0,5,0,0,0,0,0,0,0,0,0,0,1,0,0,0,0,0
1,4727460,88,12,0,0,0,4,47,0,0,0,0,0,0,0,0,0,6,1,0,0,0,0,0,0,0,0,0
1,5676425,107,17,4,2,0,60,386,0,0,0,159,2,0,1,0,1,23,0,0,0,45,0,0,0,0,0,0
1,5013988,2128,130,11,0,0,0,237,0,0,0,12,0,0,0,0,0,0,0,0,0,8,4,0,0,0,0,0
1,5272400,57,12,1,0,1,101,90,0,0,0,7,0,2,0,0,0,0,0,0,0,0,2,0,0,0,0,0
1,5024355,2108,118,11,0,1,0,223,0,0,0,12,0,1,0,0,0,0,0,0,0,6,5,0,0,0,0,0
1,4655008,69,7,0,0,0,4,38,0,0,0,0,0,0,0,0,0,3,1,0,0,0,0,0,0,0,0,0
1,5020314,1049,5,6,0,0,0,190,1,0,0,11,0,0,0,0,0,0,0,0,0,1,1,0,0,0,0,0
1,5045643,1758,106,10,0,0,0,246,0,0,0,12,0,0,0,0,0,0,0,0,0,4,2,0,0,0,0,0
1,2278801,13514,46,23,0,0,0,623,1,0,0,23,0,0,0,0,0,0,0,0,0,2,3,0,0,0,0,0
1,2299444,9211,36,14,0,0,0,423,1,0,0,14,0,0,0,0,0,0,0,0,0,3,2,0,0,0,0,0
1,4147381,4932,189,10,0,0,6,1856,0,0,0,45,0,0,0,0,0,0,0,0,0,1,1,0,0,0,0,0
1,4519202,68,7,0,0,0,4,38,0,0,0,0,0,0,0,0,0,3,1,0,0,0,0,0,0,0,0,0
1,5022425,1859,150,11,0,0,0,247,0,0,0,12,0,0,0,0,0,0,0,0,0,6,4,0,0,0,0,0
1,5028052,1140,5,8,0,0,0,123,1,0,0,8,0,0,0,0,0,0,0,0,0,0,1,0,0,0,0,0
1,5045795,1895,5,11,0,0,0,204,1,0,0,11,0,0,0,0,0,0,0,0,0,6,3,0,0,0,0,0
1,4537979,89,12,0,0,0,4,38,0,0,0,0,0,0,0,0,0,3,1,0,0,0,0,0,0,0,0,0
1,4563883,6269,170,7,0,0,10,273,0,0,0,20,0,0,0,0,0,0,0,0,0,1,1,0,0,0,0,0
1,4807583,6251,145,9,1,0,6,295,0,0,0,22,2,0,0,0,0,0,0,1,0,1,1,0,0,0,0,0
1,5676033,107,17,4,2,0,60,386,0,0,0,159,2,0,1,0,1,23,0,0,0,45,0,0,0,0,0,0
1,5004048,2192,114,21,0,0,0,231,1,0,0,21,0,0,0,0,0,0,0,0,0,3,3,0,0,0,0,0
1,4746775,75,23,0,0,0,1467,2871,0,0,0,0,0,0,0,0,0,0,0,0,0,0,1,0,0,0,0,0
1,4439585,1021,4,2,0,0,0,117,1,0,0,2,0,0,0,0,0,0,0,0,0,0,1,0,0,0,0,0
1,5023090,1962,122,9,0,1,0,261,0,0,0,11,0,1,1,0,1,0,0,0,0,6,1,0,0,0,0,0
1,4366198,5012,38,24,0,0,0,1256,0,0,0,53,0,0,0,0,0,0,0,0,0,8,2,0,0,0,0,0
1,5303446,120,22,2,0,0,22,86,0,0,0,3,0,0,0,0,0,2,0,0,0,0,1,0,0,0,0,0
1,5053778,228,22,7,1,0,275,154,210,0,0,59,1,0,0,0,0,0,0,0,0,1,2,0,0,0,0,0
1,4509624,68,7,0,0,0,4,38,0,0,0,0,0,0,0,0,0,3,1,0,0,0,0,0,0,0,0,0
1,5677135,180,51,2,0,0,16,97,0,0,0,15,0,0,0,0,0,0,0,0,0,0,1,0,0,0,0,0
1,3909901,84507,14,1,0,1,129,106,92,0,0,7,0,1,0,0,0,0,0,0,0,5,1,0,0,0,0,0
1,5164341,3019,124,8,0,0,0,361,0,0,0,17,0,0,0,0,0,0,0,0,0,0,4,0,0,0,0,0
1,4537979,89,12,0,0,0,4,38,0,0,0,0,0,0,0,0,0,3,1,0,0,0,0,0,0,0,0,0
1,5103368,2328,14,19,0,0,1,219,0,0,0,19,0,0,0,0,0,1,1,0,0,0,8,0,0,0,0,0
1,5663261,180,60,2,0,0,16,97,0,0,0,15,0,0,0,0,0,0,0,0,0,0,1,0,0,0,0,0
1,5023635,1677,122,9,0,1,0,225,0,0,0,13,0,1,0,0,0,0,0,0,0,7,2,0,0,0,0,0
1,3898114,16793,101,2,1,0,0,60,0,0,0,2,1,0,0,0,0,0,0,0,0,0,2,0,0,0,0,0
1,5272168,1835,74,39,0,0,0,178,0,0,0,48,0,0,0,0,0,0,0,0,0,0,1,0,0,0,0,0
1,4628981,127,7,0,0,0,6,45,0,0,0,0,0,0,0,0,0,0,1,0,0,0,0,0,0,0,0,0
1,4549365,69,7,0,0,0,4,38,0,0,0,0,0,0,0,0,0,3,1,0,0,0,0,0,0,0,0,0
1,3872630,55033,25,0,1,1,468,34285,0,0,0,0,3,1,0,0,0,0,0,6,0,3,0,0,0,0,0,0
1,5653368,180,51,2,0,0,16,98,0,0,0,15,0,0,0,0,0,0,0,0,0,0,1,0,0,0,0,0
1,5167247,3016,124,8,0,0,0,356,0,0,0,17,0,0,0,0,0,0,0,0,0,0,4,0,0,0,0,0
1,5652560,180,51,2,0,0,16,100,0,0,0,15,0,0,0,0,0,0,0,0,0,0,1,0,0,0,0,0
1,5004337,3534,340,10,1,0,30,883,0,0,0,39,2,0,0,0,0,0,0,0,0,1,1,0,0,0,0,0
1,4718540,136,10,0,0,0,6,45,0,0,0,0,0,0,0,0,0,0,1,0,0,0,0,0,0,0,0,0
1,4228875,124,61,0,0,0,1224,3093,0,0,0,0,0,0,0,0,0,0,0,0,0,0,1,0,0,0,0,0
1,4560994,64,5,0,0,0,15,162,0,0,0,0,0,0,0,0,0,14,1,0,0,0,0,0,0,0,0,0
1,4433261,54110,378,1,2,1,71,146,0,0,0,13,6,1,0,0,0,0,0,0,0,1,0,0,0,0,0,0
1,4420224,4761,2508,0,0,1,3,12,0,0,0,0,0,1,0,0,0,0,0,0,0,0,1,0,0,0,0,0
1,4815615,96,6,0,0,0,14,158,0,0,0,0,0,0,0,0,0,13,1,0,0,0,0,0,0,0,0,0
1,4645996,128,7,0,0,0,6,45,0,0,0,0,0,0,0,0,0,0,1,0,0,0,0,0,0,0,0,0
1,3407518,237969,112980,4,0,0,0,24,0,0,0,4,0,0,0,0,0,0,0,0,0,0,0,0,0,0,0,0
1,4590028,9099,360,20,1,0,5,368,0,0,0,25,2,0,0,0,0,0,0,0,0,1,1,0,0,0,0,0
1,4555127,69,7,0,0,0,4,38,0,0,0,0,0,0,0,0,0,3,1,0,0,0,0,0,0,0,0,0
1,4786097,748,9,4,0,0,0,549,0,0,0,9,0,0,0,0,0,0,0,0,0,1,2,0,0,0,0,0
1,3866724,1859250,35,1,1,0,4991,141,4932,0,0,3,4,0,0,0,0,0,0,0,0,0,1,0,0,0,0,0
1,4971508,83,6,0,0,0,11,199,0,0,0,0,0,0,0,0,0,20,1,0,0,0,0,0,0,0,0,0
1,4640242,126,7,0,0,0,6,42,0,0,0,0,0,0,0,0,0,0,1,0,0,0,0,0,0,0,0,0
1,4720871,138,12,0,0,0,6,42,0,0,0,0,0,0,0,0,0,0,1,0,0,0,0,0,0,0,0,0
1,4657882,128,7,0,0,0,6,42,0,0,0,0,0,0,0,0,0,0,1,0,0,0,0,0,0,0,0,0
1,4568154,67,7,0,0,0,13,146,0,0,0,0,0,0,0,0,0,12,1,0,0,0,0,0,0,0,0,0
1,4615210,69,7,0,0,0,13,146,0,0,0,0,0,0,0,0,0,12,1,0,0,0,0,0,0,0,0,0
1,4545669,78,7,0,0,0,8,53,0,0,0,0,0,0,0,0,0,4,1,0,0,0,0,0,0,0,0,0
1,5601988,1942,912,6,0,0,0,165,0,0,0,6,0,0,0,0,0,0,0,0,0,1,1,0,0,0,0,0
1,5578164,1966,936,6,0,0,0,177,0,0,0,6,0,0,0,0,0,0,0,0,0,1,1,0,0,0,0,0
1,5210235,1584,17,10,0,1,1,252581,1,0,0,72,0,3,0,0,0,0,0,0,0,5,10,0,0,0,0,0
1,4664850,129,7,0,0,0,6,42,0,0,0,0,0,0,0,0,0,0,1,0,0,0,0,0,0,0,0,0
1,4518831,69,7,0,0,0,4,38,0,0,0,0,0,0,0,0,0,3,1,0,0,0,0,0,0,0,0,0
1,5017003,1840,118,10,0,0,0,237,0,0,0,11,0,0,1,0,1,0,0,0,0,4,2,0,0,0,0,0
1,5220121,2417,99,8,0,0,0,336,0,0,0,17,0,0,0,0,0,0,0,0,0,0,5,0,0,0,0,0
1,4702993,81,10,0,0,0,4,38,0,0,0,0,0,0,0,0,0,3,1,0,0,0,0,0,0,0,0,0
1,4609783,68,7,0,0,0,4,47,0,0,0,0,0,0,0,0,0,6,1,0,0,0,0,0,0,0,0,0
1,3436556,237724,113130,4,0,0,0,13,0,0,0,4,0,0,0,0,0,0,0,0,0,0,0,0,0,0,0,0
1,4640803,68,7,0,0,0,13,146,0,0,0,0,0,0,0,0,0,12,1,0,0,0,0,0,0,0,0,0
1,5662724,180,51,2,0,0,16,98,0,0,0,15,0,0,0,0,0,0,0,0,0,0,1,0,0,0,0,0
1,4625888,126,7,0,0,0,6,42,0,0,0,0,0,0,0,0,0,0,1,0,0,0,0,0,0,0,0,0
1,4533700,70,7,0,0,0,4,38,0,0,0,0,0,0,0,0,0,3,1,0,0,0,0,0,0,0,0,0
1,5563591,1966,936,6,0,0,0,166,0,0,0,6,0,0,0,0,0,0,0,0,0,1,1,0,0,0,0,0
1,4528335,69,7,0,0,0,4,38,0,0,0,0,0,0,0,0,0,3,1,0,0,0,0,0,0,0,0,0
1,4689362,109,17,0,0,0,4,38,0,0,0,0,0,0,0,0,0,3,1,0,0,0,0,0,0,0,0,0
1,4708064,9273,356,12,1,0,6,364,0,0,0,23,2,0,0,0,0,0,0,0,0,1,1,0,0,0,0,0
1,4806133,64,6,0,0,0,4,56,0,0,0,0,0,0,0,0,0,6,1,0,0,0,0,0,0,0,0,0
1,5563844,1966,936,6,0,0,0,154,0,0,0,6,0,0,0,0,0,0,0,0,0,1,1,0,0,0,0,0
1,4656634,68,7,0,0,0,13,146,0,0,0,0,0,0,0,0,0,12,1,0,0,0,0,0,0,0,0,0
1,5738024,2930,71,10,0,1,0,210,0,0,0,16,0,1,0,0,0,0,0,0,0,3,1,0,0,0,0,0
1,4727381,81,10,0,0,0,4,38,0,0,0,0,0,0,0,0,0,3,1,0,0,0,0,0,0,0,0,0
1,4494869,66,7,0,0,0,4,38,0,0,0,0,0,0,0,0,0,3,1,0,0,0,0,0,0,0,0,0
1,5165332,3034,124,8,0,0,0,365,0,0,0,17,0,0,0,0,0,0,0,0,0,0,4,0,0,0,0,0
1,5029630,2129,176,10,0,0,0,277,0,0,0,12,0,0,1,0,1,0,0,0,0,4,2,0,0,0,0,0
1,2309024,11290,61,25,0,0,0,2439,1,0,0,108,0,0,0,0,0,0,0,0,0,7,3,0,0,0,0,0
1,4555127,69,7,0,0,0,4,38,0,0,0,0,0,0,0,0,0,3,1,0,0,0,0,0,0,0,0,0
1,4927245,84,7,0,0,0,11,199,0,0,0,0,0,0,0,0,0,20,1,0,0,0,0,0,0,0,0,0
1,5014381,1426,108,9,0,0,0,257,0,0,0,12,0,0,0,0,0,0,0,0,0,7,2,0,0,0,0,0
1,5014876,674,5,4,0,0,0,70,1,0,0,4,0,0,0,0,0,0,0,0,0,2,2,0,0,0,0,0
1,5570970,1982,952,6,0,0,0,154,0,0,0,6,0,0,0,0,0,0,0,0,0,1,1,0,0,0,0,0
1,4616973,64,6,0,0,0,4,38,0,0,0,0,0,0,0,0,0,3,1,0,0,0,0,0,0,0,0,0
1,5196471,177479,397,17,0,1,0,21691,0,0,0,34,0,1,1,0,1,0,0,0,0,9,5,0,0,0,0,0
1,4716103,131,7,0,0,0,6,51,0,0,0,0,0,0,0,0,0,0,1,0,0,0,0,0,0,0,0,0
1,5028856,361,4,2,0,1,0,40,1,0,0,2,0,1,0,0,0,0,0,0,0,1,0,0,0,0,0,0
1,2917840,3689,12,0,0,0,0,3,0,0,0,0,0,0,0,0,0,0,0,0,0,1,0,0,0,0,0,0
1,5836303,6747,190,10,0,0,0,120,1,0,0,10,0,0,0,0,0,0,0,0,0,0,1,0,0,0,0,0
1,5002165,1907,5,17,0,0,0,194,1,0,0,17,0,0,0,0,0,0,0,0,0,1,3,0,0,0,0,0
1,3735356,33839,30,7,5,1,69,218,0,0,0,38,21,1,0,0,0,0,0,0,0,1,1,0,0,0,0,0
1,4414743,1583,47,3,0,0,0,176,1,0,0,3,0,0,0,0,0,0,0,0,0,1,0,0,0,0,0,0
1,5017877,2357,34,19,0,0,0,238,1,0,0,19,0,0,0,0,0,0,0,0,0,0,2,0,0,0,0,0
1,5083799,2066,51,11,0,1,0,255,0,0,0,11,0,1,0,0,0,0,0,0,0,3,2,0,0,0,0,0
1,3353923,5063,47,32,0,2,0,585,1,0,0,80,0,3,3,0,3,2,0,0,0,5,11,0,0,0,0,0
1,4549365,69,7,0,0,0,4,38,0,0,0,0,0,0,0,0,0,3,1,0,0,0,0,0,0,0,0,0
1,5905465,4887,129,10,0,1,0,177,0,0,0,16,0,1,0,0,0,0,0,0,0,2,2,0,0,0,0,0
1,5029745,1937,106,10,0,0,0,256,0,0,0,11,0,0,1,0,1,0,0,0,0,10,1,0,0,0,0,0
1,5017576,951,5,4,0,0,0,183,1,0,0,11,0,0,0,0,0,0,0,0,0,2,6,0,0,0,0,0
1,4436875,86,19,2,1,0,536,28,530,0,0,4,1,0,0,0,0,0,0,0,0,1,2,0,0,0,0,0
1,5023130,1097,120,10,0,0,0,171,1,0,0,15,0,0,0,0,0,0,0,0,0,2,1,0,0,0,0,0
1,4733576,88,12,0,0,0,4,38,0,0,0,0,0,0,0,0,0,3,1,0,0,0,0,0,0,0,0,0
1,4798266,75,7,0,0,0,14,128,0,0,0,0,0,0,0,0,0,13,1,0,0,0,0,0,0,0,0,0
1,5745065,4909,244,10,0,1,0,166,0,0,0,13,0,1,0,0,0,0,0,0,0,5,2,0,0,0,0,0
1,5018178,588,102,4,0,0,0,47,1,0,0,4,0,0,0,0,0,0,0,0,0,0,0,0,0,0,0,0
1,4921687,1434,108,6,0,1,0,64,0,0,0,12,0,1,0,0,0,0,0,0,0,9,1,0,0,0,0,0
1,5175758,7123,12,22,0,0,0,1680,1,0,0,55,0,0,4,0,4,0,0,0,0,2,3,0,0,0,0,0
1,5032397,2012,122,14,0,0,0,408,1,0,0,31,0,0,0,0,0,0,0,0,0,7,5,0,0,0,0,0
1,3033558,188437,15,0,0,0,0,5,0,0,0,0,0,0,0,0,0,0,0,0,0,0,1,0,0,0,0,0
1,4363137,194,37,1,0,0,0,19,1,0,0,1,0,0,0,0,0,0,0,0,0,0,0,0,0,0,0,0
1,5837035,1710,655,6,0,0,0,169,0,0,0,6,0,0,0,0,0,0,0,0,0,1,1,0,0,0,0,0
1,5028150,1248,100,7,0,0,0,249,0,0,0,12,0,0,0,0,0,0,0,0,0,5,2,0,0,0,0,0
1,4329097,2476,39,14,0,0,0,271,1,0,0,14,0,0,0,0,0,0,0,0,0,3,2,0,0,0,0,0
1,4382176,386,34,3,0,0,0,27,1,0,0,3,0,0,0,0,0,0,0,0,0,1,1,0,0,0,0,0
1,4564003,70,7,0,0,0,4,38,0,0,0,0,0,0,0,0,0,3,1,0,0,0,0,0,0,0,0,0
1,2302278,8196,59,14,0,0,0,1595,1,0,0,63,0,0,0,0,0,0,0,0,0,8,3,0,0,0,0,0
1,4785193,88,7,0,0,0,14,186,0,0,0,0,0,0,0,0,0,13,1,0,0,0,0,0,0,0,0,0
1,2300336,22000,48,39,0,0,0,1892,1,0,0,72,0,0,0,0,0,0,0,0,0,10,6,0,0,0,0,0
1,4736875,83,6,0,0,0,13,186,0,0,0,0,0,0,0,0,0,12,1,0,0,0,0,0,0,0,0,0
1,4789345,6613,154,7,0,0,10,272,0,0,0,20,0,0,0,0,0,0,0,0,0,1,1,0,0,0,0,0
1,4998163,1240,5,6,0,0,0,139,1,0,0,6,0,0,0,0,0,0,0,0,0,1,2,0,0,0,0,0
1,5010479,3411,363,10,1,0,25,848,0,0,0,34,2,0,0,0,0,0,0,0,0,2,1,0,0,0,0,0
1,5054264,2261,142,12,0,0,0,260,0,0,0,12,0,0,0,0,0,0,0,0,0,4,2,0,0,0,0,0
1,5016386,42,3,0,0,0,0,6,1,0,0,0,0,0,0,0,0,0,0,0,0,0,0,0,0,0,0,0
1,5658154,2730,71,10,0,1,0,193,0,0,0,16,0,1,0,0,0,0,0,0,0,5,1,0,0,0,0,0
1,4999331,884,5,8,0,0,0,118,1,0,0,10,0,0,0,0,0,0,0,0,0,1,3,0,0,0,0,0
1,5178108,3780,11,15,0,0,0,419,1,0,0,15,0,0,1,0,1,0,0,0,0,2,1,0,0,0,0,0
1,5557825,1974,944,6,0,0,0,153,0,0,0,6,0,0,0,0,0,0,0,0,0,1,1,0,0,0,0,0
1,4417493,2395,4,8,0,0,0,273,1,0,0,8,0,0,0,0,0,0,0,0,0,3,2,0,0,0,0,0
1,4325427,5958,41,47,0,0,0,664,1,0,0,47,0,0,0,0,0,0,0,0,0,4,4,0,0,0,0,0
1,4488657,67,7,0,0,0,4,38,0,0,0,0,0,0,0,0,0,3,1,0,0,0,0,0,0,0,0,0
1,5025589,1831,92,14,0,0,0,429,1,0,0,36,0,0,0,0,0,0,0,0,0,3,3,0,0,0,0,0
1,5016111,1876,34,16,0,0,0,533,1,0,0,42,0,0,0,0,0,0,0,0,0,5,6,0,0,0,0,0
1,4801702,64,5,0,0,0,11,139,0,0,0,0,0,0,0,0,0,20,1,0,0,0,0,0,0,0,0,0
1,4852028,96,16,0,0,0,16,110,0,0,0,0,0,0,0,0,0,0,1,0,0,0,0,0,0,0,0,0
1,5017163,1236,136,7,0,0,0,122,1,0,0,8,0,0,0,0,0,0,0,0,0,1,3,0,0,0,0,0
1,5006718,1826,5,10,0,0,0,215,1,0,0,10,0,0,1,0,1,0,0,0,0,6,0,0,0,0,0,0
1,4437195,740,71,7,0,0,0,73,1,0,0,7,0,0,0,0,0,0,0,0,0,1,1,0,0,0,0,0
1,3400235,237930,112980,4,0,0,0,24,0,0,0,4,0,0,0,0,0,0,0,0,0,0,0,0,0,0,0,0
1,3484087,410,8,0,0,0,0,2,0,0,0,0,0,0,0,0,0,0,0,0,0,2,0,0,0,0,0,0
1,4579155,70,7,0,0,0,4,38,0,0,0,0,0,0,0,0,0,3,1,0,0,0,0,0,0,0,0,0
1,5040159,542,5,1,0,0,0,59,1,0,0,1,0,0,0,0,0,0,0,0,0,2,1,0,0,0,0,0
1,5024505,1493,144,9,0,1,0,257,0,0,0,13,0,1,1,0,1,0,0,0,0,3,4,0,0,0,0,0
1,3303589,237409,112980,4,0,0,0,13,0,0,0,4,0,0,0,0,0,0,0,0,0,0,0,0,0,0,0,0
1,5838915,6094,1939,2,2,1,60,126,9,0,0,15,12,1,0,0,0,0,0,0,0,3,1,0,0,0,0,0
1,3015341,6289,8,0,0,1,0,3,0,0,0,0,0,1,0,0,0,0,0,0,0,1,1,0,0,0,0,0
1,5091805,4887,181,9,0,0,0,407,0,0,0,18,0,0,0,0,0,0,0,0,0,0,3,0,0,0,0,0
1,4657738,7500,8,9,0,0,0,976,0,0,0,9,0,0,0,0,0,0,0,0,0,1,1,0,0,0,0,0
1,2299641,10003,33,19,0,1,0,1758,1,0,0,76,0,1,0,0,0,0,0,0,0,9,0,0,0,0,0,0
1,5664856,180,51,2,0,0,16,97,0,0,0,15,0,0,0,0,0,0,0,0,0,0,1,0,0,0,0,0
1,3133474,642,8,0,0,1,1,106,0,0,0,0,0,1,0,0,0,0,0,0,0,0,1,0,0,0,0,0
1,4686204,128,7,0,0,0,6,42,0,0,0,0,0,0,0,0,0,0,1,0,0,0,0,0,0,0,0,0
1,3416598,237937,112980,4,0,0,0,24,0,0,0,4,0,0,0,0,0,0,0,0,0,0,0,0,0,0,0,0
1,5134841,63,11,2,0,0,4,18,0,0,0,7,0,0,0,0,0,0,0,0,0,2,0,0,0,0,0,0
1,4640242,126,7,0,0,0,6,42,0,0,0,0,0,0,0,0,0,0,1,0,0,0,0,0,0,0,0,0
1,4749666,1833,24,110,1,0,25,1331,1,0,0,756,1,0,0,0,0,0,0,0,0,0,1,0,0,0,0,0
1,5657428,180,51,2,0,0,16,99,0,0,0,15,0,0,0,0,0,0,0,0,0,0,1,0,0,0,0,0
1,5654319,180,51,2,0,0,16,98,0,0,0,15,0,0,0,0,0,0,0,0,0,0,1,0,0,0,0,0
1,4898870,71,6,0,0,0,4,59,0,0,0,0,0,0,0,0,0,6,1,0,0,0,0,0,0,0,0,0
1,4524593,69,7,0,0,0,4,38,0,0,0,0,0,0,0,0,0,3,1,0,0,0,0,0,0,0,0,0
1,4923333,522,96,5,0,0,0,43,1,0,0,5,0,0,0,0,0,0,0,0,0,1,0,0,0,0,0,0
1,3356003,4832,48,34,0,2,0,840,1,0,0,116,0,4,2,0,2,4,0,0,0,6,19,0,0,0,0,0
1,4474961,3995,34,28,0,0,0,1462,1,0,0,99,0,0,0,0,0,0,0,0,0,9,5,0,0,0,0,0
1,5670888,107,17,4,2,0,60,384,0,0,0,159,2,0,1,0,1,23,0,0,0,43,0,0,0,0,0,0
1,5025378,1496,34,9,0,0,0,154,1,0,0,9,0,0,0,0,0,0,0,0,0,3,1,0,0,0,0,0
1,5031695,2014,5,14,0,0,0,201,1,0,0,14,0,0,0,0,0,0,0,0,0,3,4,0,0,0,0,0
1,5021013,177,4,1,0,0,0,17,1,0,0,1,0,0,0,0,0,0,0,0,0,0,0,0,0,0,0,0
1,5054388,2049,122,11,0,0,0,282,0,0,0,12,0,0,0,0,0,0,0,0,0,2,2,0,0,0,0,0
1,2296429,6629,61,12,0,0,0,762,1,0,0,40,0,0,0,0,0,0,0,0,0,1,2,0,0,0,0,0
1,5670981,107,17,4,2,0,60,384,0,0,0,159,2,0,1,0,1,23,0,0,0,43,0,0,0,0,0,0
1,5091666,4883,181,9,0,0,0,409,0,0,0,18,0,0,0,0,0,0,0,0,0,0,3,0,0,0,0,0
1,5090278,4880,187,9,0,0,0,407,0,0,0,18,0,0,0,0,0,0,0,0,0,0,3,0,0,0,0,0
1,5242937,1812,74,12,0,0,0,153,0,0,0,21,0,0,0,0,0,0,0,0,0,0,4,0,0,0,0,0
1,5197725,208,18,2,0,0,0,23,0,0,0,2,0,0,0,0,0,1,0,0,0,0,4,0,0,0,0,0
1,4153257,124,61,0,0,0,1071,2787,0,0,0,0,0,0,0,0,0,0,0,0,0,0,1,0,0,0,0,0
1,4656124,127,7,0,0,0,6,42,0,0,0,0,0,0,0,0,0,0,1,0,0,0,0,0,0,0,0,0
1,4462045,2812,69,24,0,0,0,317,1,0,0,24,0,0,0,0,0,0,0,0,0,6,1,0,0,0,0,0
1,4533160,75,23,0,0,0,1130,2197,0,0,0,0,0,0,0,0,0,0,0,0,0,0,1,0,0,0,0,0
1,3296020,59730,59718,1,1,1,8,19,0,0,0,2,2,1,0,0,0,0,0,0,0,0,0,0,0,0,0,0
1,5671397,107,17,4,2,0,60,384,0,0,0,159,2,0,1,0,1,23,0,0,0,43,0,0,0,0,0,0
1,2615795,478389,13,2,1,1,0,18012,0,0,0,6,6,1,0,0,0,0,0,0,0,1,2,0,0,0,0,0
1,5671216,107,17,4,2,0,60,384,0,0,0,159,2,0,1,0,1,23,0,0,0,43,0,0,0,0,0,0
1,4444917,4846,69,41,0,1,0,1675,1,0,0,115,0,1,0,0,0,0,0,0,0,14,5,0,0,0,0,0
1,929458,410351,7,1,0,1,26,11,21,0,0,2,0,1,0,0,0,0,0,0,0,1,0,0,0,0,0,0
1,4555778,68,7,0,0,0,4,38,0,0,0,0,0,0,0,0,0,3,1,0,0,0,0,0,0,0,0,0
1,2298389,17858,37,31,0,0,0,1514,1,0,0,56,0,0,0,0,0,0,0,0,0,8,7,0,0,0,0,0
1,3482593,245691,116850,4,0,0,0,24,0,0,0,4,0,0,0,0,0,0,0,0,0,0,0,0,0,0,0,0
1,4676725,66,6,0,0,0,4,38,0,0,0,0,0,0,0,0,0,3,1,0,0,0,0,0,0,0,0,0
1,5021566,3206,142,29,0,0,0,937,1,0,0,79,0,0,0,0,0,0,0,0,0,11,6,0,0,0,0,0
1,5088189,4887,187,9,0,0,0,409,0,0,0,18,0,0,0,0,0,0,0,0,0,0,3,0,0,0,0,0
1,5669122,107,17,4,2,0,59,380,0,0,0,158,2,0,1,0,1,23,0,0,0,43,0,0,0,0,0,0
1,5162606,3437,9,10,0,0,0,356,1,0,0,10,0,0,0,0,0,0,0,0,0,3,0,0,0,0,0,0
1,5676327,107,17,4,2,0,60,386,0,0,0,159,2,0,1,0,1,23,0,0,0,45,0,0,0,0,0,0
1,4670938,126,7,0,0,0,6,45,0,0,0,0,0,0,0,0,0,0,1,0,0,0,0,0,0,0,0,0
1,5665535,180,64,2,0,0,16,98,0,0,0,15,0,0,0,0,0,0,0,0,0,0,1,0,0,0,0,0
1,5134904,3616,9,10,0,0,0,378,1,0,0,10,0,0,1,0,1,0,0,0,0,4,0,0,0,0,0,0
1,3535603,53323,7,1,1,0,4,6817,0,0,0,2,2,0,0,0,0,0,0,0,0,1,0,0,0,0,0,0
1,2292852,7966,70,15,0,0,0,583,1,0,0,22,0,0,0,0,0,0,0,0,0,3,3,0,0,0,0,0
1,4540393,68,7,0,0,0,4,38,0,0,0,0,0,0,0,0,0,3,1,0,0,0,0,0,0,0,0,0
1,4220762,66902,5382,2,0,0,9,288,0,0,0,7,0,0,0,0,0,0,0,0,0,0,1,0,0,0,0,0
1,4524593,69,7,0,0,0,4,38,0,0,0,0,0,0,0,0,0,3,1,0,0,0,0,0,0,0,0,0
1,3505317,237409,112980,4,0,0,0,13,0,0,0,4,0,0,0,0,0,0,0,0,0,0,0,0,0,0,0,0
1,4528335,69,7,0,0,0,4,38,0,0,0,0,0,0,0,0,0,3,1,0,0,0,0,0,0,0,0,0
1,3620920,365,8,0,0,1,2,3,0,0,0,0,0,1,0,0,0,0,0,0,0,1,1,0,0,0,0,0
1,5671187,107,17,4,2,0,60,384,0,0,0,159,2,0,1,0,1,23,0,0,0,43,0,0,0,0,0,0
1,5150063,133,34,3,1,0,747,204,448,0,0,175,1,0,0,0,0,0,0,0,0,2,3,0,0,0,0,0
1,4439646,429,82,5,0,0,0,57,1,0,0,7,0,0,0,0,0,0,0,0,0,0,0,0,0,0,0,0
1,5269314,1840,74,39,0,0,0,175,0,0,0,48,0,0,0,0,0,0,0,0,0,0,1,0,0,0,0,0
1,3264971,237409,112980,4,0,0,0,13,0,0,0,4,0,0,0,0,0,0,0,0,0,0,0,0,0,0,0,0
1,5220616,2415,99,8,0,0,0,328,0,0,0,17,0,0,0,0,0,0,0,1,0,2,4,0,0,0,0,0
1,4469534,3581,50,30,0,0,0,518,1,0,0,43,0,0,0,0,0,0,0,0,0,6,1,0,0,0,0,0
1,4654032,79,5,0,0,0,4,50,0,0,0,0,0,0,0,0,0,3,1,0,0,0,0,0,0,0,0,0
1,2990993,19360,9,0,1,0,2,4338,0,0,0,0,1,0,0,0,0,0,0,0,0,1,1,0,0,0,0,0
1,4758259,83,6,0,0,0,4,50,0,0,0,0,0,0,0,0,0,3,1,0,0,0,0,0,0,0,0,0
1,4539419,70,7,0,0,0,4,38,0,0,0,0,0,0,0,0,0,3,1,0,0,0,0,0,0,0,0,0
1,5033079,271,134,0,0,0,0,16,1,0,0,0,0,0,0,0,0,0,0,0,0,0,0,0,0,0,0,0
1,4172427,10184,169,11,0,0,6,776,0,0,0,39,0,0,0,0,0,0,0,0,0,1,1,0,0,0,0,0
1,4119694,4762,169,11,0,0,6,2517,0,0,0,47,0,0,0,0,0,0,0,0,0,1,1,0,0,0,0,0
1,5031036,1193,104,5,0,0,0,135,1,0,0,5,0,0,0,0,0,0,0,0,0,5,1,0,0,0,0,0
1,4964248,635,114,4,0,0,0,16,1,0,0,4,0,0,0,0,0,0,0,0,0,2,0,0,0,0,0,0
1,5086621,1798,32,9,0,0,0,198,1,0,0,9,0,0,0,0,0,0,0,0,0,4,2,0,0,0,0,0
1,5330613,163,22,2,0,0,15,95,0,0,0,5,0,0,0,0,0,2,0,0,0,0,3,0,0,0,0,0
1,5675916,107,17,4,2,0,60,386,0,0,0,159,2,0,1,0,1,23,0,0,0,45,0,0,0,0,0,0
1,4130950,4607,189,11,0,0,6,2506,0,0,0,47,0,0,0,0,0,0,0,0,0,1,1,0,0,0,0,0
1,4759086,6236,154,7,1,0,4,272,0,0,0,13,1,0,0,0,0,0,0,0,0,1,2,0,0,0,0,0
1,3459824,237409,112980,4,0,0,0,13,0,0,0,4,0,0,0,0,0,0,0,0,0,0,0,0,0,0,0,0
1,5102314,1965,59,10,0,0,0,271,0,0,0,11,0,0,0,0,0,0,0,0,0,2,1,0,0,0,0,0
1,5027055,619,5,3,0,0,0,66,1,0,0,3,0,0,0,0,0,0,0,0,0,3,0,0,0,0,0,0
1,4825231,6230,154,9,1,0,6,287,0,0,0,22,2,0,0,0,0,0,0,0,0,1,1,0,0,0,0,0
1,5224807,2429,99,8,0,0,0,339,0,0,0,17,0,0,0,0,0,0,0,0,0,0,4,0,0,0,0,0
1,4512306,69,7,0,0,0,4,38,0,0,0,0,0,0,0,0,0,3,1,0,0,0,0,0,0,0,0,0
1,4379999,375,4,2,0,0,0,45,1,0,0,2,0,0,0,0,0,0,0,0,0,0,0,0,0,0,0,0
1,5024086,75,5,0,0,0,0,9,1,0,0,0,0,0,0,0,0,0,0,0,0,0,0,0,0,0,0,0
1,4747212,9108,343,12,1,0,6,359,0,0,0,23,2,0,0,0,0,0,0,0,0,1,1,0,0,0,0,0
1,2285354,1731,71,5,0,0,0,77,1,0,0,5,0,0,0,0,0,0,0,0,0,1,0,0,0,0,0,0
1,5022921,1900,100,10,0,1,0,255,0,0,0,11,0,1,0,0,0,0,0,0,0,5,1,0,0,0,0,0
1,2308246,17559,66,32,0,0,0,807,1,0,0,32,0,0,0,0,0,0,0,0,0,4,2,0,0,0,0,0
1,5030778,1276,34,12,0,0,0,467,1,0,0,38,0,0,0,0,0,0,0,0,0,4,7,0,0,0,0,0
1,4267973,124,61,0,0,0,1197,3039,0,0,0,0,0,0,0,0,0,0,0,0,0,0,1,0,0,0,0,0
1,4451300,3549,3507,0,0,1,3,12,0,0,0,0,0,1,0,0,0,0,0,0,0,0,1,0,0,0,0,0
1,3183320,71337,21,1,0,0,60,165,0,0,0,12,0,0,0,0,0,0,0,0,0,7,2,0,0,0,0,0
1,4245424,85657,31,1,2,0,263,91,229,0,0,4,6,0,0,0,0,0,0,0,0,2,1,0,0,0,0,0
1,5023443,19,3,0,0,0,0,3,1,0,0,0,0,0,0,0,0,0,0,0,0,0,0,0,0,0,0,0
1,3034894,130011,8,1,0,1,26,49,0,0,0,3,0,1,0,0,0,0,0,0,0,1,0,0,0,0,0,0
1,4786597,6439,134,9,1,0,6,287,0,0,0,22,2,0,0,0,0,0,0,0,0,1,1,0,0,0,0,0
1,4923549,3364,339,10,1,0,27,888,0,0,0,36,2,0,0,0,0,0,0,0,0,1,1,0,0,0,0,0
1,4837541,6575,162,7,1,0,5,285,0,0,0,17,1,0,0,0,0,0,0,0,0,1,2,0,0,0,0,0
1,3470489,237409,112980,4,0,0,0,13,0,0,0,4,0,0,0,0,0,0,0,0,0,0,0,0,0,0,0,0
1,3332052,5022,54,43,0,1,0,1022,1,0,0,155,0,3,7,0,7,0,0,0,0,4,18,0,0,0,0,0
1,3072464,50725,72,1,0,1,38,68,0,0,0,9,0,1,0,0,0,0,0,0,0,1,0,0,0,0,0,0
1,4524593,69,7,0,0,0,4,38,0,0,0,0,0,0,0,0,0,3,1,0,0,0,0,0,0,0,0,0
1,4700262,68,7,0,0,0,4,47,0,0,0,0,0,0,0,0,0,6,1,0,0,0,0,0,0,0,0,0
1,5296036,163,22,2,0,0,15,95,0,0,0,5,0,0,0,0,0,2,0,0,0,0,3,0,0,0,0,0
1,5009300,288,5,3,0,0,0,37,1,0,0,3,0,0,0,0,0,0,0,0,0,1,1,0,0,0,0,0
1,5011224,1892,116,9,0,0,0,235,0,0,0,12,0,0,0,0,0,0,0,0,0,5,3,0,0,0,0,0
1,3348062,70411,35,1,1,0,53,141,0,0,0,3,4,0,0,0,0,0,0,0,0,0,1,0,0,0,0,0
1,4997741,2469,76,19,0,0,0,1011,1,0,0,81,0,0,1,0,1,0,0,0,0,9,12,0,0,0,0,0
1,4316266,532,35,5,0,0,0,49,1,0,0,5,0,0,0,0,0,0,0,0,0,1,0,0,0,0,0,0
1,4656780,75,15,0,0,0,1180,3005,0,0,0,0,0,0,0,0,0,0,0,0,0,0,1,0,0,0,0,0
1,5176163,3031,124,8,0,0,0,367,0,0,0,17,0,0,0,0,0,0,0,0,0,0,4,0,0,0,0,0
1,4691218,97,8,0,0,0,15,222,0,0,0,0,0,0,0,0,0,14,1,0,0,0,0,0,0,0,0,0
1,5038059,1755,118,11,0,0,0,237,0,0,0,12,0,0,0,0,0,0,0,0,0,5,3,0,0,0,0,0
1,3426903,81879,14,1,0,1,51,106,14,0,0,7,0,1,0,0,0,0,0,0,0,5,1,0,0,0,0,0
1,5831356,865109,8294,13,0,4,0,24096,0,0,0,13,0,4,1,0,1,0,0,2,0,8,4,0,0,0,0,0
1,4671095,113742,8,4186,0,1,0,12557,0,0,0,4186,0,1,0,0,0,0,0,0,0,0,1,0,0,0,0,0
1,5671243,107,17,4,2,0,60,384,0,0,0,159,2,0,1,0,1,23,0,0,0,43,0,0,0,0,0,0
1,4148697,10194,198,11,0,0,6,768,0,0,0,39,0,0,0,0,0,0,0,0,0,1,1,0,0,0,0,0
1,2295614,11613,37,25,0,0,0,479,1,0,0,25,0,0,0,0,0,0,0,0,0,1,3,0,0,0,0,0
1,4654806,128,7,0,0,0,6,45,0,0,0,0,0,0,0,0,0,0,1,0,0,0,0,0,0,0,0,0
1,5018619,3376,343,10,1,0,22,852,0,0,0,31,2,0,0,0,0,0,0,0,0,1,1,0,0,0,0,0
1,5016771,880,5,5,0,0,0,90,1,0,0,5,0,0,0,0,0,0,0,0,0,2,0,0,0,0,0,0
1,5667315,180,51,2,0,0,16,99,0,0,0,15,0,0,0,0,0,0,0,0,0,0,1,0,0,0,0,0
1,4822537,85,6,0,0,0,4,50,0,0,0,0,0,0,0,0,0,3,1,0,0,0,0,0,0,0,0,0
1,2907469,527690,14,1,0,1,39,9203,0,0,0,7,0,1,0,0,0,0,0,0,0,5,1,0,0,0,0,0
1,4719628,75,9,0,0,0,4,38,0,0,0,0,0,0,0,0,0,3,1,0,0,0,0,0,0,0,0,0
1,4499849,177,4,1,0,0,0,23,1,0,0,1,0,0,0,0,0,0,0,0,0,0,0,0,0,0,0,0
1,5345752,163,22,2,0,0,15,92,0,0,0,5,0,0,0,0,0,2,0,0,0,0,3,0,0,0,0,0
1,3094156,69717,13,1,0,0,5,11,0,0,0,2,0,0,0,0,0,0,0,0,0,0,1,0,0,0,0,0
1,5023111,1936,102,10,0,0,0,206,1,0,0,10,0,0,0,0,0,0,0,0,0,9,2,0,0,0,0,0
1,4699018,127,7,0,0,0,6,42,0,0,0,0,0,0,0,0,0,0,1,0,0,0,0,0,0,0,0,0
1,5024907,1845,21,10,0,0,0,244,0,0,0,11,0,0,0,0,0,0,0,0,0,6,4,0,0,0,0,0
1,5100658,1738,57,10,0,0,0,247,0,0,0,11,0,0,0,0,0,0,0,0,0,4,2,0,0,0,0,0
1,2308000,11975,75,25,0,0,0,879,1,0,0,39,0,0,0,0,0,0,0,0,0,3,5,0,0,0,0,0
1,4807127,3318,17,0,0,0,1,262,0,0,0,0,0,0,0,0,0,0,0,0,0,0,2,0,0,0,0,0
1,5029671,2154,116,21,0,1,0,1004,0,0,0,73,0,1,1,0,1,0,0,0,0,14,13,0,0,0,0,0
1,5244023,149,37,3,0,0,1802,368,1269,0,0,418,0,0,0,0,0,0,0,0,0,2,2,0,0,0,0,0
1,5011824,2566,42,24,0,0,0,950,1,0,0,76,0,0,1,0,1,0,0,0,0,11,7,0,0,0,0,0
1,5024217,350,5,4,0,0,0,54,1,0,0,6,0,0,0,0,0,0,0,0,0,0,1,0,0,0,0,0
1,4540760,81,10,0,0,0,4,38,0,0,0,0,0,0,0,0,0,3,1,0,0,0,0,0,0,0,0,0
1,5018474,2117,104,10,0,0,0,253,0,0,0,11,0,0,0,0,0,0,0,0,0,6,3,0,0,0,0,0
1,4999705,91,76,3,0,0,224,303,0,0,0,194,0,0,0,0,0,0,0,0,0,0,3,0,0,0,0,0
1,4670457,124,7,0,0,0,6,45,0,0,0,0,0,0,0,0,0,0,1,0,0,0,0,0,0,0,0,0
1,5023013,1149,5,8,0,0,0,171,1,0,0,12,0,0,0,0,0,0,0,0,0,3,4,0,0,0,0,0
1,3556055,237409,112980,4,0,0,0,13,0,0,0,4,0,0,0,0,0,0,0,0,0,0,0,0,0,0,0,0
1,5667726,107,17,4,2,0,60,384,0,0,0,159,2,0,1,0,1,23,0,0,0,43,0,0,0,0,0,0
1,4772089,9306,354,20,1,0,5,370,0,0,0,25,2,0,0,0,0,0,0,1,0,1,1,0,0,0,0,0
1,5192540,2862,67,17,0,0,0,194,1,0,0,17,0,0,0,0,0,0,0,0,0,6,2,0,0,0,0,0
1,3251384,71353,90,1,0,1,47,106,10,0,0,7,0,1,0,0,0,0,0,0,0,5,1,0,0,0,0,0
1,4893100,9203,337,12,1,0,6,365,0,0,0,23,2,0,0,0,0,0,0,0,0,1,1,0,0,0,0,0
1,5018636,1903,47,19,0,0,0,432,1,0,0,37,0,0,0,0,0,0,0,0,0,5,2,0,0,0,0,0
1,5260353,1810,74,39,0,0,0,173,0,0,0,48,0,0,0,0,0,0,0,0,0,0,1,0,0,0,0,0
1,4622399,6205,154,9,1,0,6,276,0,0,0,22,2,0,0,0,0,0,0,0,0,1,1,0,0,0,0,0
1,5033303,667,5,5,0,0,0,133,1,0,0,9,0,0,0,0,0,0,0,0,0,6,3,0,0,0,0,0
1,4946039,3606,341,10,1,0,26,1195,0,0,0,35,2,0,0,0,0,0,0,0,0,1,1,0,0,0,0,0
1,4888358,53,16,0,0,0,0,5,0,0,0,0,0,0,0,0,0,1,1,0,0,0,2,0,0,0,0,0
1,5117773,3416,340,10,1,0,25,864,0,0,0,34,2,0,0,0,0,0,0,0,0,3,1,0,0,0,0,0
1,4799380,6074,151,7,0,0,10,279,0,0,0,20,0,0,0,0,0,0,0,0,0,1,1,0,0,0,0,0
1,5028801,1489,5,10,0,1,0,386,1,0,0,30,0,1,0,0,0,0,0,0,0,3,5,0,0,0,0,0
1,5019319,2356,5,28,0,0,0,310,1,0,0,31,0,0,0,0,0,0,0,0,0,3,5,0,0,0,0,0
1,5038299,2485,126,11,0,0,0,246,0,0,0,11,0,0,0,0,0,0,0,0,0,8,2,0,0,0,0,0
1,5261664,1835,74,39,0,0,0,180,0,0,0,48,0,0,0,0,0,0,0,0,0,0,1,0,0,0,0,0
1,5011562,1333,5,15,0,0,0,193,1,0,0,20,0,0,0,0,0,0,0,0,0,2,1,0,0,0,0,0
1,4140355,4769,169,10,0,0,6,1844,0,0,0,45,0,0,0,0,0,0,0,0,0,1,1,0,0,0,0,0
1,5014737,3349,88,27,0,0,0,959,1,0,0,73,0,0,0,0,0,0,0,0,0,13,7,0,0,0,0,0
1,3224036,50205,13,1,1,1,277,47,0,0,0,3,4,1,0,0,0,0,0,0,0,1,0,0,0,0,0,0
1,5564285,1966,936,6,0,0,0,151,0,0,0,6,0,0,0,0,0,0,0,0,0,1,1,0,0,0,0,0
1,4404295,679,4,3,0,0,0,81,1,0,0,3,0,0,0,0,0,0,0,0,0,1,0,0,0,0,0,0
1,5024930,411,5,1,0,0,0,45,1,0,0,1,0,0,0,0,0,0,0,0,0,1,0,0,0,0,0,0
1,5017821,585,5,6,0,0,0,66,1,0,0,6,0,0,0,0,0,0,0,0,0,0,1,0,0,0,0,0
1,5015528,315,5,2,0,0,0,38,1,0,0,2,0,0,0,0,0,0,0,0,0,0,0,0,0,0,0,0
1,4618569,129,7,0,0,0,6,45,0,0,0,0,0,0,0,0,0,0,1,0,0,0,0,0,0,0,0,0
1,3353743,6604,51,61,0,4,0,1985,0,0,0,308,0,16,5,0,5,0,0,2,0,8,27,0,0,0,0,0
1,5650226,180,51,2,0,0,16,99,0,0,0,15,0,0,0,0,0,0,0,0,0,0,1,0,0,0,0,0
1,4484220,2164,83,19,0,0,0,445,1,0,0,35,0,0,0,0,0,0,0,0,0,9,2,0,0,0,0,0
1,5004286,2087,104,18,0,0,0,617,1,0,0,52,0,0,1,0,1,0,0,0,0,7,5,0,0,0,0,0
1,2827454,50720,7,1,0,1,5,11,0,0,0,2,0,1,0,0,0,0,0,0,0,0,0,0,0,0,0,0
1,4660064,6430,160,9,1,0,6,284,0,0,0,22,2,0,0,0,0,0,0,0,0,1,1,0,0,0,0,0
1,5218079,2443,99,8,0,0,0,337,0,0,0,17,0,0,0,0,0,0,0,0,0,0,4,0,0,0,0,0
1,2629562,5038,5000,1,1,1,54,136,0,0,0,28,3,1,0,0,0,0,0,0,0,3,0,0,0,0,0,0
1,5000279,1850,5,11,0,0,0,193,1,0,0,11,0,0,0,0,0,0,0,0,0,3,2,0,0,0,0,0
1,5037803,3723,138,28,0,0,0,666,1,0,0,42,0,0,0,0,0,0,0,0,0,10,6,0,0,0,0,0
1,5045292,3469,349,10,1,0,27,866,0,0,0,36,2,0,0,0,0,0,0,0,0,1,2,0,0,0,0,0
1,5069901,1671,65,8,0,0,0,246,0,0,0,12,0,0,1,0,1,0,0,0,0,2,2,0,0,0,0,0
1,4105535,4682,188,10,0,0,6,1787,0,0,0,45,0,0,0,0,0,0,0,0,0,1,1,0,0,0,0,0
1,3029670,50718,7,1,0,1,20,11,12,0,0,2,0,1,0,0,0,0,0,0,0,0,0,0,0,0,0,0
1,4597453,6500,145,9,1,0,6,293,0,0,0,22,2,0,0,0,0,0,0,0,0,1,1,0,0,0,0,0
1,4416734,870537,24,1,0,1,39,14378,0,0,0,7,0,1,0,0,0,0,0,0,0,5,1,0,0,0,0,0
1,4504161,67,7,0,0,0,4,38,0,0,0,0,0,0,0,0,0,3,1,0,0,0,0,0,0,0,0,0
1,5577622,1966,936,6,0,0,0,165,0,0,0,6,0,0,0,0,0,0,0,0,0,1,1,0,0,0,0,0
1,5144035,2150,83,9,0,0,0,395,0,0,0,12,0,0,0,0,0,0,0,0,0,5,1,0,0,0,0,0
1,4671461,129,7,0,0,0,6,42,0,0,0,0,0,0,0,0,0,0,1,0,0,0,0,0,0,0,0,0
1,4714125,9538,344,12,1,0,6,377,0,0,0,23,2,0,0,0,0,0,0,0,0,1,1,0,0,0,0,0
1,4528335,69,7,0,0,0,4,38,0,0,0,0,0,0,0,0,0,3,1,0,0,0,0,0,0,0,0,0
1,5220418,2421,99,8,0,0,0,324,0,0,0,17,0,0,0,0,0,0,0,0,0,0,6,0,0,0,0,0
1,5272590,1834,74,39,0,0,0,178,0,0,0,48,0,0,0,0,0,0,0,0,0,0,1,0,0,0,0,0
1,4481971,3463,42,15,0,0,0,1250,0,0,0,48,0,0,0,0,0,0,0,0,0,5,3,0,0,0,0,0
1,5671777,107,17,4,2,0,60,384,0,0,0,159,2,0,1,0,1,23,0,0,0,43,0,0,0,0,0,0
1,4662120,23715,23686,0,0,0,1,5,0,0,0,0,0,0,0,0,0,0,0,0,0,1,0,0,0,0,0,0
1,5008085,77,4,0,0,0,0,11,1,0,0,0,0,0,0,0,0,0,0,0,0,0,0,0,0,0,0,0
1,5263965,1821,74,39,0,0,0,174,0,0,0,48,0,0,0,0,0,0,0,0,0,0,1,0,0,0,0,0
1,4262973,124,61,0,0,0,1274,3193,0,0,0,0,0,0,0,0,0,0,0,0,0,0,1,0,0,0,0,0
1,4157617,4844,179,10,0,0,6,1805,0,0,0,45,0,0,0,0,0,0,0,0,0,1,1,0,0,0,0,0
1,4923783,1014,13,1,0,0,167,561,0,0,0,147,0,0,0,0,0,0,0,0,0,3,3,0,0,0,0,0
1,5029171,1673,124,14,0,0,0,621,1,0,0,46,0,0,0,0,0,0,0,0,0,13,6,0,0,0,0,0
1,4768269,0,0,0,0,0,94,0,55,0,0,0,0,0,0,0,0,0,0,0,0,0,0,0,0,0,0,0
1,5235857,149,30,3,0,0,1782,391,1237,0,0,429,0,0,0,0,0,0,0,0,0,2,3,0,0,0,0,0
1,5083546,2445,22,12,0,0,0,267,0,0,0,12,0,0,0,0,0,0,0,0,0,4,2,0,0,0,0,0
1,5126009,3062,2032,6,0,0,0,123,0,0,0,6,0,0,0,0,0,0,0,0,0,1,1,0,0,0,0,0
1,5117274,3311,47,10,0,0,0,401,0,0,0,11,0,0,0,0,0,0,0,0,0,4,1,0,0,0,0,0
1,4653338,128,7,0,0,0,6,42,0,0,0,0,0,0,0,0,0,0,1,0,0,0,0,0,0,0,0,0
1,2827282,50724,7,1,0,1,5,11,0,0,0,2,0,1,0,0,0,0,0,0,0,0,0,0,0,0,0,0
1,5016193,1529,20,11,0,0,0,259,1,0,0,15,0,0,0,0,0,0,0,0,0,5,5,0,0,0,0,0
1,5676490,107,17,4,2,0,60,386,0,0,0,159,2,0,1,0,1,23,0,0,0,45,0,0,0,0,0,0
1,4694457,6384,136,9,1,0,6,287,0,0,0,22,2,0,0,0,0,0,0,0,0,1,1,0,0,0,0,0
1,4110127,10468,177,10,0,0,7,1021,0,0,0,47,0,0,0,0,0,0,0,0,0,1,1,0,0,0,0,0
1,4922631,3584,352,10,1,0,18,1234,0,0,0,27,2,0,0,0,0,0,0,0,0,1,2,0,0,0,0,0
1,4398068,1324,4,9,0,0,0,143,1,0,0,9,0,0,0,0,0,0,0,0,0,0,1,0,0,0,0,0
1,5670761,107,17,4,2,0,60,384,0,0,0,159,2,0,1,0,1,23,0,0,0,43,0,0,0,0,0,0
1,5023187,1457,148,6,0,1,0,244,0,0,0,12,0,1,0,0,0,0,0,0,0,3,2,0,0,0,0,0
1,5217038,2416,99,8,0,0,0,334,0,0,0,17,0,0,0,0,0,0,0,0,0,0,5,0,0,0,0,0
1,3353435,237724,113130,4,0,0,0,13,0,0,0,4,0,0,0,0,0,0,0,0,0,0,0,0,0,0,0,0
1,5026576,233,5,1,0,0,0,25,1,0,0,1,0,0,0,0,0,0,0,0,0,0,0,0,0,0,0,0
1,4692618,130,7,0,0,0,6,45,0,0,0,0,0,0,0,0,0,0,1,0,0,0,0,0,0,0,0,0
1,4646597,129,7,0,0,0,6,45,0,0,0,0,0,0,0,0,0,0,1,0,0,0,0,0,0,0,0,0
1,3860916,99921,35,1,2,0,111,92,77,0,0,4,6,0,0,0,0,0,0,0,0,2,1,0,0,0,0,0
1,4501378,1111,76,5,0,0,0,96,1,0,0,5,0,0,0,0,0,0,0,0,0,2,0,0,0,0,0,0
1,4671678,127,7,0,0,0,6,42,0,0,0,0,0,0,0,0,0,0,1,0,0,0,0,0,0,0,0,0
1,5011382,1399,116,7,0,0,0,228,0,0,0,11,0,0,0,0,0,0,0,0,0,6,4,0,0,0,0,0
1,5034516,2218,110,11,0,0,0,247,0,0,0,12,0,0,0,0,0,0,0,0,0,5,3,0,0,0,0,0
1,4510012,67,7,0,0,0,4,38,0,0,0,0,0,0,0,0,0,3,1,0,0,0,0,0,0,0,0,0
1,5558838,1982,952,6,0,0,0,146,0,0,0,6,0,0,0,0,0,0,0,0,0,1,1,0,0,0,0,0
1,4650024,69,7,0,0,0,14,192,0,0,0,0,0,0,0,0,0,26,1,0,0,0,0,0,0,0,0,0
1,4682724,9441,347,12,1,0,6,370,0,0,0,23,2,0,0,0,0,0,0,0,0,1,1,0,0,0,0,0
1,5660423,180,53,2,0,0,16,96,0,0,0,15,0,0,0,0,0,0,0,0,0,0,1,0,0,0,0,0
1,5005893,1211,5,10,0,0,0,489,1,0,0,33,0,0,0,0,0,0,0,0,0,4,7,0,0,0,0,0
1,5010209,2045,128,10,0,0,0,248,0,0,0,11,0,0,0,0,0,0,0,0,0,7,2,0,0,0,0,0
1,5019049,1801,122,9,0,0,0,226,0,0,0,11,0,0,2,0,2,0,0,0,0,4,3,0,0,0,0,0
1,4920274,76,5,0,0,0,4,65,0,0,0,0,0,0,0,0,0,6,1,0,0,0,0,0,0,0,0,0
1,5023109,3415,359,10,1,0,17,1221,0,0,0,26,2,0,0,0,0,0,0,0,0,1,1,0,0,0,0,0
1,4512306,69,7,0,0,0,4,38,0,0,0,0,0,0,0,0,0,3,1,0,0,0,0,0,0,0,0,0
1,4691545,128,7,0,0,0,6,42,0,0,0,0,0,0,0,0,0,0,1,0,0,0,0,0,0,0,0,0
1,5043729,2163,134,12,0,0,0,278,0,0,0,12,0,0,1,0,1,0,0,0,0,9,2,0,0,0,0,0
1,4683577,9328,337,12,1,0,6,360,0,0,0,23,2,0,0,0,0,0,0,0,0,1,1,0,0,0,0,0
1,5008234,3136,34,28,0,0,0,978,1,0,0,75,0,0,0,0,0,0,0,0,0,8,10,0,0,0,0,0
1,4777961,76,5,0,0,0,4,62,0,0,0,0,0,0,0,0,0,6,1,0,0,0,0,0,0,0,0,0
1,4446736,6246,37,24,0,0,0,700,1,0,0,24,0,0,0,0,0,0,0,0,0,4,1,0,0,0,0,0
1,5004602,3346,138,27,0,0,0,681,1,0,0,56,0,0,0,0,0,0,0,0,0,10,5,0,0,0,0,0
1,4151571,10122,169,11,0,0,6,778,0,0,0,39,0,0,0,0,0,0,0,0,0,1,1,0,0,0,0,0
1,5038658,877,5,5,0,0,0,191,1,0,0,13,0,0,0,0,0,0,0,0,0,2,4,0,0,0,0,0
1,4585686,68,7,0,0,0,4,47,0,0,0,0,0,0,0,0,0,6,1,0,0,0,0,0,0,0,0,0
1,5102429,165,32,7,0,1,0,35,0,0,0,12,0,1,0,0,0,3,0,0,0,0,6,0,0,0,0,0
1,4913441,91,12,0,0,0,6,30,0,0,0,0,0,0,0,0,0,0,1,0,0,0,0,0,0,0,0,0
1,4130088,10507,169,11,0,0,6,776,0,0,0,39,0,0,0,0,0,0,0,0,0,1,1,0,0,0,0,0
1,2293746,9338,46,20,0,1,0,2171,1,0,0,105,0,3,0,0,0,0,0,0,0,10,3,0,0,0,0,0
1,5156250,62,11,2,0,0,3,18,0,0,0,5,0,0,0,0,0,0,0,0,0,2,0,0,0,0,0,0
1,4534675,64,5,0,0,0,4,30,0,0,0,0,0,0,0,0,0,3,1,0,0,0,0,0,0,0,0,0
1,4979446,1840,110,11,0,0,0,184,0,0,0,13,0,0,0,0,0,0,0,0,0,5,1,0,0,0,0,0
1,2305128,17374,57,30,0,0,0,1973,1,0,0,75,0,0,0,0,0,0,0,0,0,8,4,0,0,0,0,0
1,5258226,148,38,3,0,0,1778,359,1262,0,0,401,0,0,0,0,0,0,0,0,0,2,2,0,0,0,0,0
1,5274595,147,37,3,0,0,1879,378,1339,0,0,430,0,0,0,0,0,0,0,0,0,3,3,0,0,0,0,0
1,5671532,107,17,4,2,0,60,384,0,0,0,159,2,0,1,0,1,23,0,0,0,43,0,0,0,0,0,0
1,4964245,272,162,0,0,0,0,5,1,0,0,0,0,0,0,0,0,0,0,0,0,0,0,0,0,0,0,0
1,4667914,128,7,0,0,0,6,45,0,0,0,0,0,0,0,0,0,0,1,0,0,0,0,0,0,0,0,0
1,2302395,418,4,1,0,0,0,22,1,0,0,1,0,0,0,0,0,0,0,0,0,0,0,0,0,0,0,0
1,4977953,64,8,0,0,0,11,159,0,0,0,0,0,0,0,0,0,20,1,0,0,0,0,0,0,0,0,0
1,4610609,127,7,0,0,0,6,45,0,0,0,0,0,0,0,0,0,0,1,0,0,0,0,0,0,0,0,0
1,3390718,237409,112980,4,0,0,0,13,0,0,0,4,0,0,0,0,0,0,0,0,0,0,0,0,0,0,0,0
1,5774293,98,98,0,0,0,137,151,0,0,0,0,0,0,3,0,3,0,0,0,0,1,2,0,0,0,0,0
1,5671526,107,17,4,2,0,60,384,0,0,0,159,2,0,1,0,1,23,0,0,0,43,0,0,0,0,0,0
1,2677530,19468,8,1,0,1,2,3,0,0,0,1,0,1,0,0,0,0,0,0,0,1,1,0,0,0,0,0
1,5650386,180,53,2,0,0,16,96,0,0,0,15,0,0,0,0,0,0,0,0,0,0,1,0,0,0,0,0
1,4690978,65,6,0,0,0,14,158,0,0,0,0,0,0,0,0,0,13,1,0,0,0,0,0,0,0,0,0
1,4540393,68,7,0,0,0,4,38,0,0,0,0,0,0,0,0,0,3,1,0,0,0,0,0,0,0,0,0
1,5167107,3021,124,8,0,0,0,356,0,0,0,17,0,0,0,0,0,0,0,0,0,0,4,0,0,0,0,0
1,4780039,74,7,0,0,0,14,128,0,0,0,0,0,0,0,0,0,13,1,0,0,0,0,0,0,0,0,0
1,5046883,1303,5,10,0,0,0,143,1,0,0,10,0,0,0,0,0,0,0,0,0,3,1,0,0,0,0,0
1,2312796,14842,53,31,0,1,0,1067,1,0,0,55,0,1,0,0,0,0,0,0,0,8,2,0,0,0,0,0
1,4816095,6064,132,7,0,0,10,273,0,0,0,20,0,0,0,0,0,0,0,0,0,1,1,0,0,0,0,0
1,4785436,85,6,0,0,0,4,50,0,0,0,0,0,0,0,0,0,3,1,0,0,0,0,0,0,0,0,0
1,3348644,237409,112980,4,0,0,0,13,0,0,0,4,0,0,0,0,0,0,0,0,0,0,0,0,0,0,0,0
1,4752520,181,9,0,0,0,8,88,0,0,0,0,0,0,0,0,0,3,1,0,0,0,1,0,0,0,0,0
1,2288703,5583,42,9,0,0,0,460,1,0,0,17,0,0,0,0,0,0,0,0,0,3,1,0,0,0,0,0
1,4640803,68,7,0,0,0,13,146,0,0,0,0,0,0,0,0,0,12,1,0,0,0,0,0,0,0,0,0
1,5670550,107,17,4,2,0,60,384,0,0,0,159,2,0,1,0,1,23,0,0,0,43,0,0,0,0,0,0
1,4860419,78,8,0,0,0,11,209,0,0,0,0,0,0,0,0,0,20,1,0,0,0,0,0,0,0,0,0
1,5122352,62,11,2,0,0,3,18,0,0,0,5,0,0,0,0,0,0,0,0,0,2,0,0,0,0,0,0
1,5675910,107,17,4,2,0,60,386,0,0,0,159,2,0,1,0,1,23,0,0,0,45,0,0,0,0,0,0
1,5062650,3450,341,10,1,0,30,878,0,0,0,39,2,0,0,0,0,0,0,0,0,1,1,0,0,0,0,0
1,2302428,13400,88,27,0,0,0,1884,1,0,0,95,0,0,0,0,0,0,0,0,0,10,4,0,0,0,0,0
1,4487952,66,7,0,0,0,14,150,0,0,0,0,0,0,0,0,0,13,1,0,0,0,0,0,0,0,0,0
1,4646755,64,6,0,0,0,14,158,0,0,0,0,0,0,0,0,0,13,1,0,0,0,0,0,0,0,0,0
1,5031577,464,5,4,0,0,0,90,1,0,0,7,0,0,0,0,0,0,0,0,0,0,2,0,0,0,0,0
1,5031399,3649,351,10,1,0,26,854,0,0,0,35,1,0,0,0,0,0,0,0,0,1,2,0,0,0,0,0
1,5095637,1967,71,10,0,1,0,262,0,0,0,11,0,1,1,0,1,0,0,0,0,3,1,0,0,0,0,0
1,4359830,6730,54,29,0,0,0,611,1,0,0,29,0,0,0,0,0,0,0,0,0,3,1,0,0,0,0,0
1,5013664,149,5,1,0,0,0,29,1,0,0,1,0,0,0,0,0,0,0,0,0,2,1,0,0,0,0,0
1,4539419,70,7,0,0,0,4,38,0,0,0,0,0,0,0,0,0,3,1,0,0,0,0,0,0,0,0,0
1,4113624,10500,169,11,0,0,6,771,0,0,0,39,0,0,0,0,0,0,0,0,0,1,1,0,0,0,0,0
1,5012971,1576,53,10,0,0,0,345,1,0,0,23,0,0,0,0,0,0,0,0,0,3,2,0,0,0,0,0
1,5030809,1517,130,8,0,0,0,234,0,0,0,11,0,0,0,0,0,0,0,0,0,6,2,0,0,0,0,0
1,3324682,9017,83,80,0,7,0,1973,0,0,0,314,0,18,7,0,7,1,0,0,0,11,24,0,0,0,0,0
1,4999718,3493,344,10,1,0,23,845,0,0,0,32,2,0,0,0,0,0,0,1,0,1,1,0,0,0,0,0
1,4233469,6077,61,44,0,0,0,486,1,0,0,64,0,0,0,0,0,0,0,0,0,7,4,0,0,0,0,0
1,3360119,3320,36,25,0,3,0,703,1,0,0,93,0,10,1,0,1,0,0,0,0,7,11,0,0,0,0,0
1,4511853,75692,29,1,2,0,261,92,229,0,0,4,6,0,0,0,0,0,0,0,0,2,1,0,0,0,0,0
1,4680750,130,7,0,0,0,6,45,0,0,0,0,0,0,0,0,0,0,1,0,0,0,0,0,0,0,0,0
1,4567070,90,12,0,0,0,4,38,0,0,0,0,0,0,0,0,0,3,1,0,0,0,0,0,0,0,0,0
1,5020371,2286,164,20,0,0,0,590,1,0,0,41,0,0,0,0,0,0,0,0,0,8,10,0,0,0,0,0
1,4651326,75,15,0,0,0,1374,3393,0,0,0,0,0,0,0,0,0,0,0,0,0,0,1,0,0,0,0,0
1,5676283,107,17,4,2,0,60,386,0,0,0,159,2,0,1,0,1,23,0,0,0,45,0,0,0,0,0,0
1,5001752,81,3,0,0,0,0,10,1,0,0,0,0,0,0,0,0,0,0,0,0,0,0,0,0,0,0,0
1,4731037,9461,335,20,1,0,5,374,0,0,0,25,2,0,0,0,0,0,0,0,0,1,1,0,0,0,0,0
1,4846460,97,6,0,0,0,14,158,0,0,0,0,0,0,0,0,0,13,1,0,0,0,0,0,0,0,0,0
1,4885650,103,17,0,0,0,14,285,0,0,0,0,0,0,0,0,0,26,1,0,0,0,0,0,0,0,0,0
1,4555127,69,7,0,0,0,4,38,0,0,0,0,0,0,0,0,0,3,1,0,0,0,0,0,0,0,0,0
1,4441640,90,19,2,1,0,564,28,558,0,0,4,1,0,0,0,0,0,0,0,0,1,2,0,0,0,0,0
1,5140933,3780,77,10,0,0,0,409,0,0,0,12,0,0,0,0,0,0,0,0,0,3,0,0,0,0,0,0
1,5059013,2174,144,11,0,0,0,232,1,0,0,11,0,0,0,0,0,0,0,0,0,5,2,0,0,0,0,0
1,4975272,2110,146,13,0,0,0,174,0,0,0,13,0,0,1,0,1,0,0,0,0,6,0,0,0,0,0,0
1,5070635,1949,36,10,0,0,0,255,0,0,0,12,0,0,0,0,0,0,0,0,0,7,4,0,0,0,0,0
1,4666198,81,10,0,0,0,4,38,0,0,0,0,0,0,0,0,0,3,1,0,0,0,0,0,0,0,0,0
1,5662726,180,51,2,0,0,16,98,0,0,0,15,0,0,0,0,0,0,0,0,0,0,1,0,0,0,0,0
1,4338911,2872,62,23,0,0,0,744,1,0,0,55,0,0,0,0,0,0,0,0,0,5,4,0,0,0,0,0
1,4563887,6240,153,9,1,0,6,280,0,0,0,22,2,0,0,0,0,0,0,1,0,1,1,0,0,0,0,0
1,5003177,1839,34,13,0,1,0,571,1,0,0,42,0,1,1,0,1,0,0,0,0,7,8,0,0,0,0,0
1,5024431,2464,5,12,0,0,0,268,1,0,0,12,0,0,0,0,0,0,0,0,0,3,3,0,0,0,0,0
1,4799629,9318,332,20,1,0,5,383,0,0,0,25,2,0,0,0,0,0,0,0,0,1,1,0,0,0,0,0
1,5267156,1833,74,39,0,0,0,178,0,0,0,48,0,0,0,0,0,0,0,0,0,0,1,0,0,0,0,0
1,5178036,3026,124,8,0,0,0,366,0,0,0,17,0,0,0,0,0,0,0,0,0,0,5,0,0,0,0,0
1,5662035,180,51,2,0,0,16,98,0,0,0,15,0,0,0,0,0,0,0,0,0,0,1,0,0,0,0,0
1,3417376,237409,112980,4,0,0,0,13,0,0,0,4,0,0,0,0,0,0,0,0,0,0,0,0,0,0,0,0
1,4884390,78,8,0,0,0,11,209,0,0,0,0,0,0,0,0,0,20,1,0,0,0,0,0,0,0,0,0
1,5039622,967,5,5,0,0,0,163,1,0,0,9,0,0,0,0,0,0,0,0,0,1,1,0,0,0,0,0
1,5676176,107,17,4,2,0,60,386,0,0,0,159,2,0,1,0,1,23,0,0,0,45,0,0,0,0,0,0
1,5217226,2404,99,8,0,0,0,332,0,0,0,17,0,0,0,0,0,0,0,0,0,0,6,0,0,0,0,0
1,5018359,2716,5,22,0,0,0,675,1,0,0,52,0,0,2,0,2,0,0,0,0,8,6,0,0,0,0,0
1,4824584,97,6,0,0,0,14,158,0,0,0,0,0,0,0,0,0,13,1,0,0,0,0,0,0,0,0,0
1,4792649,3519,335,10,1,0,22,1241,0,0,0,31,1,0,0,0,0,0,0,0,0,1,2,0,0,0,0,0
1,5037323,2046,118,16,0,0,0,452,1,0,0,34,0,0,1,0,1,0,0,0,0,6,5,0,0,0,0,0
1,4318619,3062,37,18,0,0,0,333,1,0,0,18,0,0,0,0,0,0,0,0,0,2,1,0,0,0,0,0
1,4601740,126,7,0,0,0,16,158,0,0,0,0,0,0,0,0,0,0,1,0,0,0,0,0,0,0,0,0
1,5012215,2007,5,17,0,0,0,290,1,0,0,21,0,0,0,0,0,0,0,0,0,8,3,0,0,0,0,0
1,4976369,64,7,0,0,0,11,159,0,0,0,0,0,0,0,0,0,20,1,0,0,0,0,0,0,0,0,0
1,4867144,6160,171,7,1,0,4,277,0,0,0,17,1,0,0,0,0,0,0,0,0,1,2,0,0,0,0,0
1,5675653,107,17,4,2,0,60,386,0,0,0,159,2,0,1,0,1,23,0,0,0,45,0,0,0,0,0,0
1,5168281,2994,124,8,0,0,0,348,0,0,0,17,0,0,0,0,0,0,0,0,0,0,4,0,0,0,0,0
1,5046280,1672,188,10,0,0,0,234,0,0,0,11,0,0,0,0,0,0,0,0,0,5,2,0,0,0,0,0
1,5031614,589,5,5,0,0,0,59,1,0,0,5,0,0,0,0,0,0,0,0,0,1,0,0,0,0,0,0
1,4647129,128,7,0,0,0,6,45,0,0,0,0,0,0,0,0,0,0,1,0,0,0,0,0,0,0,0,0
1,4638728,9474,335,12,1,0,6,377,0,0,0,23,2,0,0,0,0,0,0,0,0,1,1,0,0,0,0,0
1,5037057,3035,98,24,0,0,0,585,1,0,0,43,0,0,0,0,0,0,0,0,0,8,9,0,0,0,0,0
1,5024198,413,108,3,0,0,0,32,1,0,0,3,0,0,0,0,0,0,0,0,0,1,0,0,0,0,0,0
1,5670765,107,17,4,2,0,60,384,0,0,0,159,2,0,1,0,1,23,0,0,0,43,0,0,0,0,0,0
1,4361288,5126,65,19,0,0,0,587,1,0,0,19,0,0,0,0,0,0,0,0,0,4,2,0,0,0,0,0
1,5013718,3391,5,30,0,0,0,350,1,0,0,30,0,0,0,0,0,0,0,0,0,4,7,0,0,0,0,0
1,4353318,5353,36,40,0,0,0,837,1,0,0,53,0,0,0,0,0,0,0,0,0,7,6,0,0,0,0,0
1,3301558,46983,60,1,0,0,60,165,0,0,0,12,0,0,0,0,0,0,0,0,0,7,2,0,0,0,0,0
1,3425848,237409,112980,4,0,0,0,13,0,0,0,4,0,0,0,0,0,0,0,0,0,0,0,0,0,0,0,0
1,4503563,69,7,0,0,0,4,38,0,0,0,0,0,0,0,0,0,3,1,0,0,0,0,0,0,0,0,0
1,4788989,9262,342,17,1,0,5,365,0,0,0,25,2,0,0,0,0,0,0,2,0,1,1,0,0,0,0,0
1,4479326,85,11,0,0,0,4,38,0,0,0,0,0,0,0,0,0,3,1,0,0,0,0,0,0,0,0,0
1,5660060,180,51,2,0,0,16,101,0,0,0,15,0,0,0,0,0,0,0,0,0,0,1,0,0,0,0,0
1,5849806,76,16,1,1,1,81,58,60,0,0,2,5,1,0,0,0,0,0,0,0,0,0,0,0,0,0,0
1,5800659,18056,21,1,0,0,1,1862,0,0,0,1,0,0,0,0,0,0,0,0,0,2,4,0,0,0,0,0
1,5092085,4882,181,9,0,0,0,406,0,0,0,18,0,0,0,0,0,0,0,0,0,0,3,0,0,0,0,0
1,2920624,85560,14,1,0,1,47,106,10,0,0,7,0,1,0,0,0,0,0,0,0,5,1,0,0,0,0,0
1,4572606,130,7,0,0,0,16,171,0,0,0,0,0,0,0,0,0,0,1,0,0,0,0,0,0,0,0,0
1,5670878,107,17,4,2,0,60,386,0,0,0,159,2,0,1,0,1,23,0,0,0,45,0,0,0,0,0,0
1,4314082,601,36,4,0,0,0,58,1,0,0,4,0,0,0,0,0,0,0,0,0,0,0,0,0,0,0,0
1,2307500,3793,56,7,0,0,0,582,1,0,0,24,0,0,0,0,0,0,0,0,0,1,0,0,0,0,0,0
1,4411213,57535,57458,1,2,1,71,146,0,0,0,13,6,1,0,0,0,0,0,0,0,1,0,0,0,0,0,0
1,3297979,3607,39,27,0,1,0,328,1,0,0,48,0,1,4,0,4,0,0,0,0,7,4,0,0,0,0,0
1,5024609,516,5,5,0,0,0,137,1,0,0,14,0,0,0,0,0,0,0,0,0,0,0,0,0,0,0,0
1,5553196,1966,936,6,0,0,0,150,0,0,0,6,0,0,0,0,0,0,0,0,0,1,1,0,0,0,0,0
1,4919323,3408,352,10,1,0,23,855,0,0,0,32,2,0,0,0,0,0,0,0,0,1,1,0,0,0,0,0
1,4955628,2790,23,5,0,0,23,267,0,0,0,25,0,0,0,0,0,0,0,0,0,1,25,0,0,0,0,0
1,4799014,6392,162,9,1,0,6,297,0,0,0,22,2,0,0,0,0,0,0,0,0,1,1,0,0,0,0,0
1,5668020,107,17,4,2,0,60,384,0,0,0,159,2,0,1,0,1,23,0,0,0,43,0,0,0,0,0,0
1,3876449,2139,2118,2,0,1,3,20,0,0,0,2,0,1,0,0,0,0,0,0,0,0,1,0,0,0,0,0
1,5067476,2001,120,9,0,1,0,254,0,0,0,11,0,1,0,0,0,0,0,0,0,6,3,0,0,0,0,0
1,5008883,347,5,3,0,0,0,55,1,0,0,4,0,0,0,0,0,0,0,0,0,0,1,0,0,0,0,0
1,4682999,75,23,0,0,0,1328,2593,0,0,0,0,0,0,0,0,0,0,0,0,0,0,1,0,0,0,0,0
1,5671176,107,17,4,2,0,60,384,0,0,0,159,2,0,1,0,1,23,0,0,0,43,0,0,0,0,0,0
1,4691670,9417,362,12,1,0,6,375,0,0,0,24,2,0,0,0,0,0,0,3,0,1,1,0,0,0,0,0
1,4135355,4880,199,11,0,0,6,2585,0,0,0,47,0,0,0,0,0,0,0,0,0,1,1,0,0,0,0,0
1,5029478,2209,98,11,0,0,0,244,0,0,0,12,0,0,0,0,0,0,0,0,0,5,2,0,0,0,0,0
1,2827595,50720,7,1,0,1,5,11,0,0,0,2,0,1,0,0,0,0,0,0,0,0,0,0,0,0,0,0
1,4425649,1953,74,13,0,0,0,212,1,0,0,13,0,0,0,0,0,0,0,0,0,5,1,0,0,0,0,0
1,5009300,372,5,3,0,0,0,82,1,0,0,4,0,0,0,0,0,0,0,0,0,2,2,0,0,0,0,0
1,4498010,68,7,0,0,0,4,38,0,0,0,0,0,0,0,0,0,3,1,0,0,0,0,0,0,0,0,0
1,5163991,2995,124,8,0,0,0,351,0,0,0,17,0,0,0,0,0,0,0,0,0,0,4,0,0,0,0,0
1,5670924,107,17,4,2,0,60,384,0,0,0,159,2,0,1,0,1,23,0,0,0,43,0,0,0,0,0,0
1,3783531,71320,38,1,2,0,111,92,77,0,0,4,6,0,0,0,0,0,0,0,0,2,1,0,0,0,0,0
1,4519202,68,7,0,0,0,4,38,0,0,0,0,0,0,0,0,0,3,1,0,0,0,0,0,0,0,0,0
1,5106029,125,26,3,1,0,777,207,461,0,0,191,1,0,0,0,0,0,0,0,0,3,2,0,0,0,0,0
1,5670982,107,17,4,2,0,60,384,0,0,0,159,2,0,1,0,1,23,0,0,0,43,0,0,0,0,0,0
1,4519664,67,7,0,0,0,4,38,0,0,0,0,0,0,0,0,0,3,1,0,0,0,0,0,0,0,0,0
1,4773417,83,6,0,0,0,4,50,0,0,0,0,0,0,0,0,0,3,1,0,0,0,0,0,0,0,0,0
1,5356967,57,11,1,0,1,55,109,0,0,0,8,0,2,0,0,0,0,0,0,0,0,5,0,0,0,0,0
1,4540393,68,7,0,0,0,4,38,0,0,0,0,0,0,0,0,0,3,1,0,0,0,0,0,0,0,0,0
1,5676715,107,17,4,2,0,60,386,0,0,0,159,2,0,1,0,1,23,0,0,0,45,0,0,0,0,0,0
1,3419727,237409,112980,4,0,0,0,13,0,0,0,4,0,0,0,0,0,0,0,0,0,0,0,0,0,0,0,0
1,4863958,99,12,0,0,0,11,199,0,0,0,0,0,0,0,0,0,20,1,0,0,0,0,0,0,0,0,0
1,2306881,2180,34,5,0,0,0,104,1,0,0,5,0,0,0,0,0,0,0,0,0,1,1,0,0,0,0,0
1,3338374,193364,7,1,0,1,5,14,0,0,0,2,0,1,0,0,0,0,0,0,0,1,0,0,0,0,0,0
1,4678993,81,5,0,0,0,4,50,0,0,0,0,0,0,0,0,0,3,1,0,0,0,0,0,0,0,0,0
1,5671037,107,17,4,2,0,60,384,0,0,0,159,2,0,1,0,1,23,0,0,0,43,0,0,0,0,0,0
1,4898927,75,6,0,0,0,4,65,0,0,0,0,0,0,0,0,0,6,1,0,0,0,0,0,0,0,0,0
1,4519202,68,7,0,0,0,4,38,0,0,0,0,0,0,0,0,0,3,1,0,0,0,0,0,0,0,0,0
1,4997977,1896,108,9,0,1,0,225,0,0,0,11,0,1,1,0,1,0,0,0,0,8,1,0,0,0,0,0
1,4534586,68,7,0,0,0,4,38,0,0,0,0,0,0,0,0,0,3,1,0,0,0,0,0,0,0,0,0
1,4660778,69,7,0,0,0,13,146,0,0,0,0,0,0,0,0,0,12,1,0,0,0,0,0,0,0,0,0
1,4271780,1814,68,12,0,0,0,119,1,0,0,19,0,0,0,0,0,0,0,0,0,1,4,0,0,0,0,0
1,4124998,4801,188,11,0,0,6,2489,0,0,0,47,0,0,0,0,0,0,0,0,0,1,1,0,0,0,0,0
1,4155194,10408,178,11,0,0,6,767,0,0,0,39,0,0,0,0,0,0,0,0,0,1,1,0,0,0,0,0
1,5012430,4091,39,26,0,0,0,1002,1,0,0,77,0,0,0,0,0,0,0,0,0,15,12,0,0,0,0,0
1,4554571,70,7,0,0,0,4,38,0,0,0,0,0,0,0,0,0,3,1,0,0,0,0,0,0,0,0,0
1,5034201,448,5,4,0,0,0,54,1,0,0,4,0,0,0,0,0,0,0,0,0,3,1,0,0,0,0,0
1,3311642,4208,49,38,0,3,0,1532,0,0,0,300,0,15,5,0,5,0,0,0,0,12,26,0,0,0,0,0
1,4653182,70,7,0,0,0,13,146,0,0,0,0,0,0,0,0,0,12,1,0,0,0,0,0,0,0,0,0
1,5060906,1935,32,11,0,0,0,248,0,0,0,12,0,0,0,0,0,0,0,0,0,4,1,0,0,0,0,0
1,5031273,1836,112,9,0,0,0,253,0,0,0,12,0,0,0,0,0,0,0,0,0,5,2,0,0,0,0,0
1,5754715,89668,180,0,0,0,0,6708,0,0,0,0,0,0,0,0,0,0,0,0,0,1,2,0,0,0,0,0
1,3415837,237409,112980,4,0,0,0,13,0,0,0,4,0,0,0,0,0,0,0,0,0,0,0,0,0,0,0,0
1,3566155,237409,112980,4,0,0,0,13,0,0,0,4,0,0,0,0,0,0,0,0,0,0,0,0,0,0,0,0
1,5670991,107,17,4,2,0,60,384,0,0,0,159,2,0,1,0,1,23,0,0,0,43,0,0,0,0,0,0
1,4544975,9269,361,12,1,0,6,361,0,0,0,24,2,0,0,0,0,0,0,0,0,1,1,0,0,0,0,0
1,4434299,410,38,3,0,0,0,70,1,0,0,4,0,0,0,0,0,0,0,0,0,0,0,0,0,0,0,0
1,4403623,2726,78,24,0,0,0,305,1,0,0,24,0,0,0,0,0,0,0,0,0,2,0,0,0,0,0,0
1,5220224,2402,99,8,0,0,0,324,0,0,0,17,0,0,0,0,0,0,0,0,0,1,5,0,0,0,0,0
1,4534586,68,7,0,0,0,4,38,0,0,0,0,0,0,0,0,0,3,1,0,0,0,0,0,0,0,0,0
1,2298851,1317,43,3,0,0,0,76,1,0,0,4,0,0,0,0,0,0,0,0,0,0,0,0,0,0,0,0
1,3908763,2661,2640,2,0,1,3,20,0,0,0,2,0,1,0,0,0,0,0,0,0,0,1,0,0,0,0,0
1,5586808,1966,936,6,0,0,0,173,0,0,0,6,0,0,0,0,0,0,0,0,0,1,1,0,0,0,0,0
1,5010141,2372,108,22,0,0,0,367,1,0,0,30,0,0,1,0,1,0,0,0,0,7,3,0,0,0,0,0
1,4288189,3300,87,14,0,0,0,362,1,0,0,14,0,0,0,0,0,0,0,0,0,5,1,0,0,0,0,0
1,4265701,1969,42,13,0,0,0,328,1,0,0,47,0,0,0,0,0,0,0,0,0,7,4,0,0,0,0,0
1,5041327,2040,130,10,0,0,0,255,0,0,0,11,0,0,0,0,0,0,0,0,0,7,1,0,0,0,0,0
1,4699576,6272,154,7,0,0,10,270,0,0,0,20,0,0,0,0,0,0,0,0,0,1,1,0,0,0,0,0
1,5007389,3768,73,38,0,0,0,1464,0,0,0,118,0,0,0,0,0,0,0,0,0,16,17,0,0,0,0,0
1,4720440,151,18,0,0,0,21,240,0,0,0,0,0,0,0,0,0,0,1,0,0,0,0,0,0,0,0,0
1,4654285,127,7,0,0,0,6,45,0,0,0,0,0,0,0,0,0,0,1,0,0,0,0,0,0,0,0,0
1,5574809,1982,952,6,0,0,0,174,0,0,0,6,0,0,0,0,0,0,0,0,0,1,1,0,0,0,0,0
1,5590009,1966,936,6,0,0,0,138,0,0,0,6,0,0,0,0,0,0,0,0,0,1,1,0,0,0,0,0
1,4005459,125579,125514,1,2,1,71,146,0,0,0,13,6,1,0,0,0,0,0,0,0,1,0,0,0,0,0,0
1,3649416,41918,34,7,5,1,69,218,0,0,0,38,21,1,0,0,0,0,0,0,0,1,1,0,0,0,0,0
1,4649116,126,7,0,0,0,6,42,0,0,0,0,0,0,0,0,0,0,1,0,0,0,0,0,0,0,0,0
1,1686,46133096,12,2,1,0,244,501,0,0,0,235,1,0,0,0,0,0,0,0,0,0,2,0,0,0,0,0
1,3502203,237409,112980,4,0,0,0,13,0,0,0,4,0,0,0,0,0,0,0,0,0,0,0,0,0,0,0,0
1,4706635,133,10,0,0,0,6,45,0,0,0,0,0,0,0,0,0,0,1,0,0,0,0,0,0,0,0,0
1,4586273,119,7,0,0,0,6,41,0,0,0,0,0,0,0,0,0,0,1,0,0,0,0,0,0,0,0,0
1,4943047,75,5,0,0,0,4,65,0,0,0,0,0,0,0,0,0,6,1,0,0,0,0,0,0,0,0,0
1,4350107,768,8,0,0,0,0,61,1,0,0,0,0,0,0,0,0,0,0,0,0,0,0,0,0,0,0,0
1,4427272,4781,2527,0,0,1,3,12,0,0,0,0,0,1,0,0,0,0,0,0,0,0,1,0,0,0,0,0
1,4756978,6224,126,7,1,0,4,274,0,0,0,17,1,0,0,0,0,0,0,1,0,1,2,0,0,0,0,0
1,4663394,128,7,0,0,0,6,45,0,0,0,0,0,0,0,0,0,0,1,0,0,0,0,0,0,0,0,0
1,4301532,124,61,0,0,0,1431,3507,0,0,0,0,0,0,0,0,0,0,0,0,0,0,1,0,0,0,0,0
1,4655420,129,7,0,0,0,6,45,0,0,0,0,0,0,0,0,0,0,1,0,0,0,0,0,0,0,0,0
1,3642707,41184,31,7,5,1,69,218,0,0,0,38,21,1,0,0,0,0,0,0,0,1,1,0,0,0,0,0
1,5671075,107,17,4,2,0,60,384,0,0,0,159,2,0,1,0,1,23,0,0,0,43,0,0,0,0,0,0
1,5215387,2420,99,8,0,0,0,342,0,0,0,17,0,0,0,0,0,0,0,0,0,3,4,0,0,0,0,0
1,5671290,107,17,4,2,0,60,384,0,0,0,159,2,0,1,0,1,23,0,0,0,43,0,0,0,0,0,0
1,3476761,237409,112980,4,0,0,0,13,0,0,0,4,0,0,0,0,0,0,0,0,0,0,0,0,0,0,0,0
1,4619959,6343,145,7,1,0,4,267,0,0,0,13,1,0,0,0,0,0,0,0,0,1,2,0,0,0,0,0
1,5065957,2089,45,11,0,0,0,232,0,0,0,12,0,0,0,0,0,0,0,0,0,7,2,0,0,0,0,0
1,4706139,65,6,0,0,0,14,158,0,0,0,0,0,0,0,0,0,13,1,0,0,0,0,0,0,0,0,0
1,5057148,1908,5,10,0,1,0,219,1,0,0,10,0,1,0,0,0,0,0,0,0,6,3,0,0,0,0,0
1,4712142,6339,145,9,1,0,6,292,0,0,0,22,2,0,0,0,0,0,0,0,0,1,1,0,0,0,0,0
1,5018832,1731,124,11,0,0,0,229,0,0,0,11,0,0,0,0,0,0,0,0,0,6,2,0,0,0,0,0
1,4822145,79,6,0,0,0,4,68,0,0,0,0,0,0,0,0,0,6,1,0,0,0,0,0,0,0,0,0
1,5168383,3034,124,8,0,0,0,365,0,0,0,17,0,0,0,0,0,0,0,0,0,0,4,0,0,0,0,0
1,5009417,3531,332,10,1,0,19,861,0,0,0,28,2,0,0,0,0,0,0,0,0,1,2,0,0,0,0,0
1,4770208,75,5,0,0,0,4,62,0,0,0,0,0,0,0,0,0,6,1,0,0,0,0,0,0,0,0,0
1,4528620,4731,91,26,0,0,0,519,1,0,0,26,0,0,0,0,0,0,0,0,0,6,2,0,0,0,0,0
1,4534098,69,7,0,0,0,4,38,0,0,0,0,0,0,0,0,0,3,1,0,0,0,0,0,0,0,0,0
1,4818112,9472,352,17,1,0,5,365,0,0,0,25,2,0,0,0,0,0,0,0,0,1,1,0,0,0,0,0
1,5040819,1127,5,10,0,0,0,368,1,0,0,25,0,0,0,0,0,0,0,0,0,5,4,0,0,0,0,0
1,4796163,6266,135,9,1,0,6,279,0,0,0,22,2,0,0,0,0,0,0,0,0,1,1,0,0,0,0,0
1,4640242,126,7,0,0,0,6,42,0,0,0,0,0,0,0,0,0,0,1,0,0,0,0,0,0,0,0,0
1,4539860,69,7,0,0,0,4,38,0,0,0,0,0,0,0,0,0,3,1,0,0,0,0,0,0,0,0,0
1,4123426,10381,168,10,0,0,7,1009,0,0,0,47,0,0,0,0,0,0,0,0,0,1,1,0,0,0,0,0
1,4540393,68,7,0,0,0,4,38,0,0,0,0,0,0,0,0,0,3,1,0,0,0,0,0,0,0,0,0
1,4653968,6350,154,9,1,0,6,295,0,0,0,22,2,0,0,0,0,0,0,1,0,1,1,0,0,0,0,0
1,5023284,1716,5,17,0,0,0,245,1,0,0,21,0,0,0,0,0,0,0,0,0,4,3,0,0,0,0,0
1,4606835,233,16,2,0,0,846,138,801,0,0,51,0,0,0,0,0,0,0,0,0,1,0,0,0,0,0,0
1,4996291,1760,5,10,0,0,0,189,1,0,0,10,0,0,0,0,0,0,0,0,0,6,2,0,0,0,0,0
1,5016878,3666,102,29,0,0,0,598,1,0,0,45,0,0,0,0,0,0,0,0,0,8,7,0,0,0,0,0
1,3357534,3901,49,36,0,1,0,338,1,0,0,56,0,1,3,0,3,0,0,0,0,4,6,0,0,0,0,0
1,4822051,3498,342,10,1,0,33,1261,0,0,0,42,2,0,0,0,0,0,0,0,0,1,1,0,0,0,0,0
1,5019226,2305,34,21,0,0,0,249,1,0,0,21,0,0,0,0,0,0,0,0,0,2,5,0,0,0,0,0
1,5020508,163,5,1,0,0,0,18,1,0,0,1,0,0,0,0,0,0,0,0,0,2,0,0,0,0,0,0
1,5582834,1966,936,6,0,0,0,179,0,0,0,6,0,0,0,0,0,0,0,0,0,1,1,0,0,0,0,0
1,5020459,2031,55,20,0,0,0,314,1,0,0,29,0,0,0,0,0,0,0,0,0,4,3,0,0,0,0,0
1,5005754,954,5,8,0,0,0,246,1,0,0,19,0,0,1,0,1,0,0,0,0,4,5,0,0,0,0,0
1,5019146,2084,34,16,0,0,0,520,1,0,0,44,0,0,0,0,0,0,0,0,0,5,8,0,0,0,0,0
1,4778884,8922,326,17,1,0,5,357,0,0,0,25,2,0,0,0,0,0,0,0,0,1,1,0,0,0,0,0
1,5676600,107,17,4,2,0,60,386,0,0,0,159,2,0,1,0,1,23,0,0,0,45,0,0,0,0,0,0
1,5106309,73,10,0,0,0,4,28,0,0,0,0,0,0,0,0,0,2,1,0,0,0,0,0,0,0,0,0
1,4413570,239,30,0,0,0,0,22,1,0,0,0,0,0,0,0,0,0,0,0,0,0,0,0,0,0,0,0
1,4740644,6239,144,9,1,0,6,281,0,0,0,22,2,0,0,0,0,0,0,1,0,1,1,0,0,0,0,0
1,4497242,68,7,0,0,0,4,38,0,0,0,0,0,0,0,0,0,3,1,0,0,0,0,0,0,0,0,0
1,3827835,27663,35,7,5,1,69,218,0,0,0,38,21,1,0,0,0,0,0,0,0,1,1,0,0,0,0,0
1,5568982,1966,936,6,0,0,0,161,0,0,0,6,0,0,0,0,0,0,0,0,0,1,1,0,0,0,0,0
1,5579481,1966,936,6,0,0,0,166,0,0,0,6,0,0,0,0,0,0,0,0,0,1,1,0,0,0,0,0
1,3889642,2795,2774,2,0,1,3,20,0,0,0,2,0,1,0,0,0,0,0,0,0,0,2,0,0,0,0,0
1,4700765,2151,18,4,0,0,2,385,0,0,0,4,0,0,0,0,0,0,0,0,0,0,0,0,0,0,0,0
1,4429648,9253,353,20,1,0,5,374,0,0,0,25,2,0,0,0,0,0,0,0,0,1,1,0,0,0,0,0
1,4611416,127,7,0,0,0,6,45,0,0,0,0,0,0,0,0,0,0,1,0,0,0,0,0,0,0,0,0
1,4560095,64,5,0,0,0,4,34,0,0,0,0,0,0,0,0,0,3,1,0,0,0,0,0,0,0,0,0
1,4617075,76,5,0,0,0,4,62,0,0,0,0,0,0,0,0,0,6,1,0,0,0,0,0,0,0,0,0
1,4850628,78,8,0,0,0,11,209,0,0,0,0,0,0,0,0,0,20,1,0,0,0,0,0,0,0,0,0
1,4519350,51,5,0,0,0,6,18,0,0,0,0,0,0,0,0,0,5,1,0,0,0,0,0,0,0,0,0
1,3267885,33814,12,19,1,0,2,43,0,0,0,30,1,0,0,0,0,0,0,0,0,1,1,0,0,0,0,0
1,4661289,95,8,0,0,0,15,222,0,0,0,0,0,0,0,0,0,14,1,0,0,0,0,0,0,0,0,0
1,3260726,696018,493,1,2,1,71,146,0,0,0,13,6,1,0,0,0,0,0,0,0,1,0,0,0,0,0,0
1,3849886,250,20,4,2,1,197,759,2,0,0,92,5,3,0,0,0,0,0,0,0,0,15,0,3,2,3,0
1,4655978,68,7,0,0,0,13,146,0,0,0,0,0,0,0,0,0,12,1,0,0,0,0,0,0,0,0,0
1,4712205,6261,170,7,1,0,4,271,0,0,0,17,1,0,0,0,0,0,0,0,0,1,2,0,0,0,0,0
1,4685071,130,7,0,0,0,6,45,0,0,0,0,0,0,0,0,0,0,1,0,0,0,0,0,0,0,0,0
1,5169176,2994,124,8,0,0,0,353,0,0,0,17,0,0,0,0,0,0,0,0,0,1,4,0,0,0,0,0
1,5809488,1234,49,17,0,0,0,174,0,0,0,24,0,0,0,0,0,0,0,0,0,0,2,0,0,0,0,0
1,5656177,180,51,2,0,0,16,97,0,0,0,15,0,0,0,0,0,0,0,0,0,0,1,0,0,0,0,0
1,4194834,708,27,2,1,0,1,65,0,0,0,2,1,0,0,0,0,0,0,0,0,0,1,0,0,0,0,0
1,3470120,237950,112980,4,0,0,0,24,0,0,0,4,0,0,0,0,0,0,0,0,0,0,0,0,0,0,0,0
1,5849586,1235,49,6,0,0,0,136,0,0,0,13,0,0,0,0,0,0,0,0,0,0,1,0,0,0,0,0
1,4540393,68,7,0,0,0,4,38,0,0,0,0,0,0,0,0,0,3,1,0,0,0,0,0,0,0,0,0
1,4611358,124,7,0,0,0,6,42,0,0,0,0,0,0,0,0,0,0,1,0,0,0,0,0,0,0,0,0
1,5025347,927,5,8,0,1,0,222,1,0,0,16,0,2,1,0,1,0,0,0,0,3,2,0,0,0,0,0
1,4555127,69,7,0,0,0,4,38,0,0,0,0,0,0,0,0,0,3,1,0,0,0,0,0,0,0,0,0
1,5038079,2748,124,20,0,0,0,608,1,0,0,43,0,0,1,0,1,0,0,0,0,9,9,0,0,0,0,0
1,4670897,128,7,0,0,0,6,42,0,0,0,0,0,0,0,0,0,0,1,0,0,0,0,0,0,0,0,0
1,4866237,102,17,0,0,0,14,285,0,0,0,0,0,0,0,0,0,26,1,0,0,0,0,0,0,0,0,0
1,4687613,129,7,0,0,0,6,42,0,0,0,0,0,0,0,0,0,0,1,0,0,0,0,0,0,0,0,0
1,5094563,4904,151,9,0,0,0,369,0,0,0,14,0,0,0,0,0,0,0,0,0,0,3,0,0,0,0,0
1,5565256,1966,936,6,0,0,0,153,0,0,0,6,0,0,0,0,0,0,0,0,0,1,1,0,0,0,0,0
1,5032318,522,4,6,0,0,0,66,1,0,0,6,0,0,0,0,0,0,0,0,0,0,2,0,0,0,0,0
1,4482805,67,7,0,0,0,4,38,0,0,0,0,0,0,0,0,0,3,1,0,0,0,0,0,0,0,0,0
1,5330678,77,15,2,0,0,28,60,0,0,0,5,0,0,0,0,0,0,2,0,0,0,9,0,0,0,0,0
1,4524593,69,7,0,0,0,4,38,0,0,0,0,0,0,0,0,0,3,1,0,0,0,0,0,0,0,0,0
1,4910492,64,8,0,0,0,4,50,0,0,0,0,0,0,0,0,0,6,1,0,0,0,0,0,0,0,0,0
1,4267036,66894,5564,2,0,0,9,252,0,0,0,7,0,0,0,0,0,0,0,0,0,0,1,0,0,0,0,0
1,4630903,67,7,0,0,0,13,146,0,0,0,0,0,0,0,0,0,12,1,0,0,0,0,0,0,0,0,0
1,3091526,69500,13,1,0,0,5,11,0,0,0,2,0,0,0,0,0,0,0,0,0,0,1,0,0,0,0,0
1,4525516,67,7,0,0,0,4,38,0,0,0,0,0,0,0,0,0,3,1,0,0,0,0,0,0,0,0,0
1,5654431,180,51,2,0,0,16,98,0,0,0,15,0,0,0,0,0,0,0,0,0,0,1,0,0,0,0,0
1,4541020,67,7,0,0,0,4,38,0,0,0,0,0,0,0,0,0,3,1,0,0,0,0,0,0,0,0,0
1,4839502,18896,18884,1,0,1,5,12,0,0,0,2,0,1,0,0,0,0,0,0,0,0,0,0,0,0,0,0
1,4225389,66870,5564,2,0,0,9,235,0,0,0,7,0,0,0,0,0,0,0,0,0,0,1,0,0,0,0,0
1,4952283,75,7,0,0,0,4,53,0,0,0,0,0,0,0,0,0,6,1,0,0,0,0,0,0,0,0,0
1,5569010,1974,944,6,0,0,0,157,0,0,0,6,0,0,0,0,0,0,0,0,0,1,1,0,0,0,0,0
1,5029567,1795,104,9,0,0,0,243,0,0,0,11,0,0,1,0,1,0,0,0,0,9,1,0,0,0,0,0
1,4497039,69,7,0,0,0,4,38,0,0,0,0,0,0,0,0,0,3,1,0,0,0,0,0,0,0,0,0
1,3005141,2406,12,0,0,0,0,3,0,0,0,0,0,0,0,0,0,0,0,0,0,1,0,0,0,0,0,0
1,5578900,1966,936,6,0,0,0,172,0,0,0,6,0,0,0,0,0,0,0,0,0,1,1,0,0,0,0,0
1,2290776,14562,34,28,0,1,0,2774,1,0,0,107,0,1,0,0,0,0,0,0,0,11,5,0,0,0,0,0
1,4601437,68,7,0,0,0,13,146,0,0,0,0,0,0,0,0,0,12,1,0,0,0,0,0,0,0,0,0
1,4677682,128,7,0,0,0,6,45,0,0,0,0,0,0,0,0,0,0,1,0,0,0,0,0,0,0,0,0
1,5567546,1966,936,6,0,0,0,135,0,0,0,6,0,0,0,0,0,0,0,0,0,1,1,0,0,0,0,0
1,3367844,237409,112980,4,0,0,0,13,0,0,0,4,0,0,0,0,0,0,0,0,0,0,0,0,0,0,0,0
1,5588583,1966,936,6,0,0,0,159,0,0,0,6,0,0,0,0,0,0,0,0,0,1,1,0,0,0,0,0
1,4609443,69,7,0,0,0,4,47,0,0,0,0,0,0,0,0,0,6,1,0,0,0,0,0,0,0,0,0
1,5086996,4883,187,9,0,0,0,409,0,0,0,18,0,0,0,0,0,0,0,0,0,0,3,0,0,0,0,0
1,4652069,68,7,0,0,0,4,47,0,0,0,0,0,0,0,0,0,6,1,0,0,0,0,0,0,0,0,0
1,4672542,118,7,0,0,0,6,39,0,0,0,0,0,0,0,0,0,0,1,0,0,0,0,0,0,0,0,0
1,4680758,127,7,0,0,0,6,45,0,0,0,0,0,0,0,0,0,0,1,0,0,0,0,0,0,0,0,0
1,4416532,1984,22,0,0,1,0,111,0,0,0,0,0,1,0,0,0,0,0,0,0,1,1,0,0,0,0,0
1,4656820,138,12,0,0,0,16,175,0,0,0,0,0,0,0,0,0,0,1,0,0,0,0,0,0,0,0,0
1,3418439,237409,112980,4,0,0,0,13,0,0,0,4,0,0,0,0,0,0,0,0,0,0,0,0,0,0,0,0
1,4677058,127,7,0,0,0,6,42,0,0,0,0,0,0,0,0,0,0,1,0,0,0,0,0,0,0,0,0
1,4549365,69,7,0,0,0,4,38,0,0,0,0,0,0,0,0,0,3,1,0,0,0,0,0,0,0,0,0
1,4528233,65,6,0,0,0,4,38,0,0,0,0,0,0,0,0,0,3,1,0,0,0,0,0,0,0,0,0
1,4662062,69,7,0,0,0,13,146,0,0,0,0,0,0,0,0,0,12,1,0,0,0,0,0,0,0,0,0
1,3645138,41894,31,7,5,1,69,218,0,0,0,38,21,1,0,0,0,0,0,0,0,1,1,0,0,0,0,0
1,4980445,76,9,0,0,0,4,59,0,0,0,0,0,0,0,0,0,6,1,0,0,0,0,0,0,0,0,0
1,4739389,189,9,0,0,0,13,183,0,0,0,0,0,0,0,0,0,0,1,0,0,0,0,0,0,0,0,0
1,4309745,816,8,0,0,1,0,43,0,0,0,0,0,1,0,0,0,0,0,0,0,1,1,0,0,0,0,0
1,5571776,1966,936,6,0,0,0,168,0,0,0,6,0,0,0,0,0,0,0,0,0,1,1,0,0,0,0,0
1,5092281,4882,187,9,0,0,0,408,0,0,0,18,0,0,0,0,0,0,0,0,0,0,3,0,0,0,0,0
1,5054401,2309,124,12,0,0,0,248,0,0,0,12,0,0,0,0,0,0,0,0,0,3,1,0,0,0,0,0
1,4504161,67,7,0,0,0,4,38,0,0,0,0,0,0,0,0,0,3,1,0,0,0,0,0,0,0,0,0
1,3412917,237409,112980,4,0,0,0,13,0,0,0,4,0,0,0,0,0,0,0,0,0,0,0,0,0,0,0,0
1,4334064,4917,95,14,0,0,0,1248,0,0,0,42,0,0,0,0,0,0,0,0,0,3,2,0,0,0,0,0
1,5091974,4893,181,9,0,0,0,407,0,0,0,18,0,0,0,0,0,0,0,0,0,0,3,0,0,0,0,0
1,5057342,1973,31,11,0,0,0,277,0,0,0,12,0,0,1,0,1,0,0,0,0,4,1,0,0,0,0,0
1,3157829,26813,13,3,0,0,0,28,0,0,0,4,0,0,0,0,0,0,0,0,0,1,4,0,0,0,0,0
1,4808972,89,7,0,0,0,4,74,0,0,0,0,0,0,0,0,0,6,1,0,0,0,0,0,0,0,0,0
1,4494990,64,5,0,0,0,4,26,0,0,0,0,0,0,0,0,0,3,1,0,0,0,0,0,0,0,0,0
1,5524293,80,24,2,1,0,67,260,0,0,0,22,3,0,0,0,0,0,0,0,0,4,9,0,0,0,0,0
1,5021507,1576,34,15,0,0,0,295,1,0,0,27,0,0,0,0,0,0,0,0,0,8,4,0,0,0,0,0
1,4838869,98,6,0,0,0,14,158,0,0,0,0,0,0,0,0,0,13,1,0,0,0,0,0,0,0,0,0
1,5577170,1966,936,6,0,0,0,166,0,0,0,6,0,0,0,0,0,0,0,0,0,1,1,0,0,0,0,0
1,5067111,3393,345,10,1,0,22,848,0,0,0,31,2,0,0,0,0,0,0,2,0,1,1,0,0,0,0,0
1,4707033,6260,161,7,0,0,10,274,0,0,0,20,0,0,0,0,0,0,0,0,0,1,1,0,0,0,0,0
1,4564632,69,7,0,0,0,4,38,0,0,0,0,0,0,0,0,0,3,1,0,0,0,0,0,0,0,0,0
1,5558098,1966,936,6,0,0,0,146,0,0,0,6,0,0,0,0,0,0,0,0,0,1,1,0,0,0,0,0
1,5133830,3479,9,10,0,0,0,359,1,0,0,10,0,0,1,0,1,0,0,0,0,5,1,0,0,0,0,0
1,4997280,1540,114,10,0,0,0,214,0,0,0,12,0,0,0,0,0,0,0,0,0,6,2,0,0,0,0,0
1,3394636,2263,69,18,0,1,0,131,1,0,0,31,0,1,2,0,2,0,0,0,0,4,3,0,0,0,0,0
1,4758259,83,6,0,0,0,4,50,0,0,0,0,0,0,0,0,0,3,1,0,0,0,0,0,0,0,0,0
1,4439283,6778,53,22,0,0,0,1028,0,0,0,42,0,0,0,0,0,0,0,0,0,7,2,0,0,0,0,0
1,5023492,999,5,11,0,0,0,227,1,0,0,19,0,0,0,0,0,0,0,0,0,1,2,0,0,0,0,0
1,4463829,65,7,0,0,0,4,38,0,0,0,0,0,0,0,0,0,3,1,0,0,0,0,0,0,0,0,0
1,4125388,10701,166,11,0,0,6,765,0,0,0,39,0,0,0,0,0,0,0,0,0,1,1,0,0,0,0,0
1,5011923,860,5,9,0,0,0,94,1,0,0,9,0,0,0,0,0,0,0,0,0,1,1,0,0,0,0,0
1,5048294,1109,126,6,0,0,0,111,1,0,0,6,0,0,0,0,0,0,0,0,0,2,2,0,0,0,0,0
1,2301810,5748,70,14,0,0,0,394,1,0,0,22,0,0,0,0,0,0,0,0,0,1,0,0,0,0,0,0
1,5675906,107,17,4,2,0,60,386,0,0,0,159,2,0,1,0,1,23,0,0,0,45,0,0,0,0,0,0
1,5015141,2257,84,12,0,1,0,243,0,0,0,12,0,1,0,0,0,0,0,0,0,4,3,0,0,0,0,0
1,4667220,127,7,0,0,0,6,42,0,0,0,0,0,0,0,0,0,0,1,0,0,0,0,0,0,0,0,0
1,4682116,68,7,0,0,0,4,47,0,0,0,0,0,0,0,0,0,6,1,0,0,0,0,0,0,0,0,0
1,5676444,107,17,4,2,0,60,386,0,0,0,159,2,0,1,0,1,23,0,0,0,45,0,0,0,0,0,0
1,4446702,90,19,2,1,0,515,28,509,0,0,4,1,0,0,0,0,0,0,0,0,1,2,0,0,0,0,0
1,4509624,68,7,0,0,0,4,38,0,0,0,0,0,0,0,0,0,3,1,0,0,0,0,0,0,0,0,0
1,4911399,79,8,0,0,0,11,209,0,0,0,0,0,0,0,0,0,20,1,0,0,0,0,0,0,0,0,0
1,5671003,107,17,4,2,0,60,386,0,0,0,159,2,0,1,0,1,23,0,0,0,45,0,0,0,0,0,0
1,4527378,67,7,0,0,0,14,150,0,0,0,0,0,0,0,0,0,13,1,0,0,0,0,0,0,0,0,0
1,5676346,107,17,4,2,0,60,386,0,0,0,159,2,0,1,0,1,23,0,0,0,45,0,0,0,0,0,0
1,4525516,67,7,0,0,0,4,38,0,0,0,0,0,0,0,0,0,3,1,0,0,0,0,0,0,0,0,0
1,5084511,1865,48,8,0,0,0,245,0,0,0,11,0,0,0,0,0,0,0,0,0,8,2,0,0,0,0,0
1,4524593,69,7,0,0,0,4,38,0,0,0,0,0,0,0,0,0,3,1,0,0,0,0,0,0,0,0,0
1,5087957,2141,72,10,0,0,0,272,0,0,0,12,0,0,0,0,0,0,0,0,0,7,4,0,0,0,0,0
1,5005496,1508,34,16,0,1,0,158,1,0,0,16,0,1,0,0,0,0,0,0,0,2,1,0,0,0,0,0
1,4462346,769,44,7,0,0,0,75,1,0,0,7,0,0,0,0,0,0,0,0,0,0,0,0,0,0,0,0
1,4677308,64,6,0,0,0,14,158,0,0,0,0,0,0,0,0,0,13,1,0,0,0,0,0,0,0,0,0
1,5305470,163,22,2,0,0,15,95,0,0,0,5,0,0,0,0,0,2,0,0,0,0,3,0,0,0,0,0
1,5668323,107,17,4,2,0,60,384,0,0,0,159,2,0,1,0,1,23,0,0,0,43,0,0,0,0,0,0
1,3185116,71288,90,1,0,1,39,106,0,0,0,7,0,1,0,0,0,0,0,0,0,5,1,0,0,0,0,0
1,4399951,3134,54,13,0,0,0,1289,0,0,0,48,0,0,0,0,0,0,0,0,0,6,1,0,0,0,0,0
1,4366271,2921,51,18,0,1,0,1198,1,0,0,67,0,1,0,0,0,0,0,0,0,8,6,0,0,0,0,0
1,4369319,1005,98,8,0,0,0,100,1,0,0,8,0,0,0,0,0,0,0,0,0,0,0,0,0,0,0,0
1,5208911,2425,99,8,0,0,0,329,0,0,0,17,0,0,0,0,0,0,0,0,0,1,4,0,0,0,0,0
1,4630887,128,7,0,0,0,6,45,0,0,0,0,0,0,0,0,0,0,1,0,0,0,0,0,0,0,0,0
1,2301326,3048,65,7,0,0,0,149,1,0,0,7,0,0,0,0,0,0,0,0,0,0,0,0,0,0,0,0
1,4359423,1738,4,9,0,0,0,190,1,0,0,9,0,0,0,0,0,0,0,0,0,1,0,0,0,0,0,0
1,5659010,180,51,2,0,0,16,98,0,0,0,15,0,0,0,0,0,0,0,0,0,0,1,0,0,0,0,0
1,4710800,130,7,0,0,0,6,48,0,0,0,0,0,0,0,0,0,0,1,0,0,0,0,0,0,0,0,0
1,3385089,57593,35,1,1,0,54,141,0,0,0,3,4,0,0,0,0,0,0,0,0,0,1,0,0,0,0,0
1,3734424,228247,60,1,0,0,0,165,0,0,0,12,0,0,0,0,0,0,0,0,0,7,2,0,0,0,0,0
1,4820348,238,214,2,2,1,49,129,1,0,0,16,12,1,0,0,0,0,0,0,0,3,1,0,0,0,0,0
1,4510494,66,7,0,0,0,4,38,0,0,0,0,0,0,0,0,0,3,1,0,0,0,0,0,0,0,0,0
1,4691566,82,5,0,0,0,4,50,0,0,0,0,0,0,0,0,0,3,1,0,0,0,0,0,0,0,0,0
1,4488296,69,7,0,0,0,4,38,0,0,0,0,0,0,0,0,0,3,1,0,0,0,0,0,0,0,0,0
1,3797835,726,27,2,1,0,1,36,0,0,0,2,1,0,0,0,0,0,0,0,0,0,0,0,0,0,0,0
1,4605904,64,5,0,0,0,4,38,0,0,0,0,0,0,0,0,0,3,1,0,0,0,0,0,0,0,0,0
1,4441526,64,6,0,0,0,4,38,0,0,0,0,0,0,0,0,0,3,1,0,0,0,0,0,0,0,0,0
1,4756402,157,9,0,0,0,2,44,0,0,0,0,0,0,0,0,0,1,1,0,0,0,0,0,0,0,0,0
1,3302762,7628,8,1,0,1,2,3,0,0,0,1,0,1,0,0,0,0,0,0,0,1,1,0,0,0,0,0
1,5343300,165,22,2,0,0,15,95,0,0,0,5,0,0,0,0,0,2,0,0,0,0,3,0,0,0,0,0
1,4650270,81,10,0,0,0,4,38,0,0,0,0,0,0,0,0,0,3,1,0,0,0,0,0,0,0,0,0
1,4573712,88,12,0,0,0,4,38,0,0,0,0,0,0,0,0,0,3,1,0,0,0,0,0,0,0,0,0
1,4610387,6289,143,7,1,0,4,269,0,0,0,13,1,0,0,0,0,0,0,0,0,1,2,0,0,0,0,0
1,4339337,1649,34,12,0,0,0,168,1,0,0,12,0,0,0,0,0,0,0,0,0,1,1,0,0,0,0,0
1,5586002,1966,936,6,0,0,0,175,0,0,0,6,0,0,0,0,0,0,0,0,0,1,1,0,0,0,0,0
1,5090051,4887,187,9,0,0,0,409,0,0,0,18,0,0,0,0,0,0,0,0,0,0,3,0,0,0,0,0
1,4857297,177,9,0,0,0,13,183,0,0,0,0,0,0,0,0,0,0,1,0,0,0,0,0,0,0,0,0
1,5322706,69,11,1,0,1,54,102,0,0,0,6,0,2,0,0,0,1,0,0,0,0,4,0,0,0,0,0
1,4941383,76,5,0,0,0,4,65,0,0,0,0,0,0,0,0,0,6,1,0,0,0,0,0,0,0,0,0
1,4654204,6519,136,7,0,0,10,275,0,0,0,20,0,0,0,0,0,0,0,0,0,1,1,0,0,0,0,0
1,5160515,62,11,2,0,0,3,18,0,0,0,5,0,0,0,0,0,0,0,0,0,2,0,0,0,0,0,0
1,5576998,1966,936,6,0,0,0,147,0,0,0,6,0,0,0,0,0,0,0,0,0,1,1,0,0,0,0,0
1,4663005,127,7,0,0,0,6,42,0,0,0,0,0,0,0,0,0,0,1,0,0,0,0,0,0,0,0,0
1,4632645,67,7,0,0,0,13,146,0,0,0,0,0,0,0,0,0,12,1,0,0,0,0,0,0,0,0,0
1,2595490,64978,26,1,0,0,7,11,4,0,0,2,0,0,0,0,0,0,0,0,0,0,0,0,0,0,0,0
1,4519202,68,7,0,0,0,4,38,0,0,0,0,0,0,0,0,0,3,1,0,0,0,0,0,0,0,0,0
1,4802512,78,5,0,0,0,4,62,0,0,0,0,0,0,0,0,0,6,1,0,0,0,0,0,0,0,0,0
1,4809115,74,5,0,0,0,11,219,0,0,0,0,0,0,0,0,0,20,1,0,0,0,0,0,0,0,0,0
1,4672169,135,10,0,0,0,6,45,0,0,0,0,0,0,0,0,0,0,1,0,0,0,0,0,0,0,0,0
1,4890431,128,12,0,0,0,5,31,0,0,0,0,0,0,0,0,0,0,1,0,0,0,0,0,0,0,0,0
1,4494239,68,7,0,0,0,4,38,0,0,0,0,0,0,0,0,0,3,1,0,0,0,0,0,0,0,0,0
1,4488657,67,7,0,0,0,4,38,0,0,0,0,0,0,0,0,0,3,1,0,0,0,0,0,0,0,0,0
1,4528335,69,7,0,0,0,4,38,0,0,0,0,0,0,0,0,0,3,1,0,0,0,0,0,0,0,0,0
1,4632179,120,7,0,0,0,14,210,0,0,0,0,0,0,0,0,0,13,1,0,0,0,0,0,0,0,0,0
1,4633714,69,7,0,0,0,13,146,0,0,0,0,0,0,0,0,0,12,1,0,0,0,0,0,0,0,0,0
1,5573610,1966,936,6,0,0,0,151,0,0,0,6,0,0,0,0,0,0,0,0,0,1,1,0,0,0,0,0
1,5074944,3615,365,10,1,0,28,870,0,0,0,37,2,0,0,0,0,0,0,0,0,1,1,0,0,0,0,0
1,4182636,10323,178,11,0,0,6,767,0,0,0,39,0,0,0,0,0,0,0,0,0,1,1,0,0,0,0,0
1,4534586,68,7,0,0,0,4,38,0,0,0,0,0,0,0,0,0,3,1,0,0,0,0,0,0,0,0,0
1,3646043,41908,36,7,5,1,69,218,0,0,0,38,21,1,0,0,0,0,0,0,0,1,1,0,0,0,0,0
1,4417147,45669,31,1,1,1,319,87,268,0,0,3,4,1,0,0,0,0,0,0,0,1,0,0,0,0,0,0
1,3205587,276504,275947,2,2,0,135193,117,2,0,0,18,12,0,0,0,0,0,0,0,0,3,1,0,0,0,0,0
1,4509624,68,7,0,0,0,4,38,0,0,0,0,0,0,0,0,0,3,1,0,0,0,0,0,0,0,0,0
1,5573583,1966,936,6,0,0,0,170,0,0,0,6,0,0,0,0,0,0,0,0,0,1,1,0,0,0,0,0
1,4799660,76,5,0,0,0,4,62,0,0,0,0,0,0,0,0,0,6,1,0,0,0,0,0,0,0,0,0
1,4683906,81,10,0,0,0,4,38,0,0,0,0,0,0,0,0,0,3,1,0,0,0,0,0,0,0,0,0
1,5665867,180,51,2,0,0,16,102,0,0,0,15,0,0,0,0,0,0,0,0,0,0,1,0,0,0,0,0
1,4680645,128,7,0,0,0,6,42,0,0,0,0,0,0,0,0,0,0,1,0,0,0,0,0,0,0,0,0
1,5174083,3025,124,8,0,0,0,360,0,0,0,17,0,0,0,0,0,0,0,0,0,0,4,0,0,0,0,0
1,4678665,130,7,0,0,0,6,45,0,0,0,0,0,0,0,0,0,0,1,0,0,0,0,0,0,0,0,0
1,4555127,69,7,0,0,0,4,38,0,0,0,0,0,0,0,0,0,3,1,0,0,0,0,0,0,0,0,0
1,4743883,9030,335,17,1,0,5,364,0,0,0,25,2,0,0,0,0,0,0,0,0,1,1,0,0,0,0,0
1,5259191,1812,74,39,0,0,0,173,0,0,0,48,0,0,0,0,0,0,0,0,0,0,1,0,0,0,0,0
1,4473347,66,7,0,0,0,4,38,0,0,0,0,0,0,0,0,0,3,1,0,0,0,0,0,0,0,0,0
1,4734577,136,9,0,0,0,6,45,0,0,0,0,0,0,0,0,0,0,1,0,0,0,0,0,0,0,0,0
1,4498010,68,7,0,0,0,4,38,0,0,0,0,0,0,0,0,0,3,1,0,0,0,0,0,0,0,0,0
1,3813692,55033,26,0,1,1,324,33122,0,0,0,0,3,1,0,0,0,0,0,0,0,3,0,0,0,0,0,0
1,3971687,2167,2146,2,0,1,3,20,0,0,0,2,0,1,0,0,0,0,0,0,0,0,1,0,0,0,0,0
1,5069357,41,15,1,0,0,13,32,0,0,0,2,0,0,0,0,0,0,0,0,0,0,3,0,0,0,0,0
1,4401052,1458,8,1,0,0,0,111,1,0,0,1,0,0,0,0,0,0,0,0,0,0,1,0,0,0,0,0
1,4564003,70,7,0,0,0,4,38,0,0,0,0,0,0,0,0,0,3,1,0,0,0,0,0,0,0,0,0
1,4739911,85,6,0,0,0,13,186,0,0,0,0,0,0,0,0,0,12,1,0,0,0,0,0,0,0,0,0
1,3475142,398,8,0,0,0,0,2,0,0,0,0,0,0,0,0,0,0,0,0,0,2,0,0,0,0,0,0
1,4744021,1833,24,110,1,0,25,1337,1,0,0,756,1,0,0,0,0,0,0,0,0,0,1,0,0,0,0,0
1,5094510,116,7,0,0,0,13,290,0,0,0,0,0,0,0,0,0,24,1,0,0,0,0,0,0,0,0,0
1,4458478,64,6,0,0,0,4,37,0,0,0,0,0,0,0,0,0,3,0,0,0,0,0,0,0,0,0,0
1,5063230,410,18,6,0,0,0,61,0,0,0,6,0,0,0,0,0,2,0,0,0,0,7,0,0,0,0,0
1,5586176,1966,936,6,0,0,0,158,0,0,0,6,0,0,0,0,0,0,0,0,0,1,1,0,0,0,0,0
1,4616691,66,7,0,0,0,13,146,0,0,0,0,0,0,0,0,0,12,1,0,0,0,0,0,0,0,0,0
1,5566042,1982,952,6,0,0,0,167,0,0,0,6,0,0,0,0,0,0,0,0,0,1,1,0,0,0,0,0
1,4525008,68,7,0,0,0,4,38,0,0,0,0,0,0,0,0,0,3,1,0,0,0,0,0,0,0,0,0
1,4654285,127,7,0,0,0,6,45,0,0,0,0,0,0,0,0,0,0,1,0,0,0,0,0,0,0,0,0
1,4438565,91,12,0,0,0,4,44,0,0,0,0,0,0,0,0,0,3,0,0,0,0,0,0,0,0,0,0
1,4658263,81,10,0,0,0,4,38,0,0,0,0,0,0,0,0,0,3,1,0,0,0,0,0,0,0,0,0
1,4671234,126,7,0,0,0,6,42,0,0,0,0,0,0,0,0,0,0,1,0,0,0,0,0,0,0,0,0
1,4524955,66,7,0,0,0,4,47,0,0,0,0,0,0,0,0,0,6,1,0,0,0,0,0,0,0,0,0
1,4598977,79,6,0,0,0,14,206,0,0,0,0,0,0,0,0,0,13,1,0,0,0,0,0,0,0,0,0
1,4153506,10541,179,11,0,0,6,781,0,0,0,39,0,0,0,0,0,0,0,0,0,1,1,0,0,0,0,0
1,4565448,64,5,0,0,0,4,34,0,0,0,0,0,0,0,0,0,3,1,0,0,0,0,0,0,0,0,0
1,5000179,1883,5,15,0,0,0,497,1,0,0,40,0,0,0,0,0,0,0,0,0,6,5,0,0,0,0,0
1,5590507,1982,952,6,0,0,0,161,0,0,0,6,0,0,0,0,0,0,0,0,0,1,1,0,0,0,0,0
1,4504161,67,7,0,0,0,4,38,0,0,0,0,0,0,0,0,0,3,1,0,0,0,0,0,0,0,0,0
1,4849830,64,5,0,0,0,4,56,0,0,0,0,0,0,0,0,0,6,1,0,0,0,0,0,0,0,0,0
1,4354147,4811,38,39,0,0,0,1276,1,0,0,78,0,0,0,0,0,0,0,0,0,11,3,0,0,0,0,0
1,4711009,84,6,0,0,0,4,62,0,0,0,0,0,0,0,0,0,6,1,0,0,0,0,0,0,0,0,0
1,4497039,69,7,0,0,0,4,38,0,0,0,0,0,0,0,0,0,3,1,0,0,0,0,0,0,0,0,0
1,5220562,2404,99,8,0,0,0,322,0,0,0,17,0,0,0,0,0,0,0,0,0,0,4,0,0,0,0,0
1,4503817,68,7,0,0,0,4,38,0,0,0,0,0,0,0,0,0,3,1,0,0,0,0,0,0,0,0,0
1,5020420,5723,36,50,0,0,0,606,1,0,0,51,0,0,1,0,1,0,0,0,0,7,6,0,0,0,0,0
1,4341186,60430,60347,1,2,1,71,146,0,0,0,13,6,1,0,0,0,0,0,0,0,1,0,0,0,0,0,0
1,4719468,108,17,0,0,0,4,38,0,0,0,0,0,0,0,0,0,3,1,0,0,0,0,0,0,0,0,0
1,4543602,69,7,0,0,0,4,38,0,0,0,0,0,0,0,0,0,3,1,0,0,0,0,0,0,0,0,0
1,5628922,2568,952,6,0,1,3,257,0,0,0,6,0,1,0,0,0,0,0,0,0,3,3,0,0,0,0,0
1,2291345,91,3,0,0,0,0,6,1,0,0,0,0,0,0,0,0,0,0,0,0,0,0,0,0,0,0,0
1,5091861,4889,187,9,0,0,0,406,0,0,0,18,0,0,0,0,0,0,0,0,0,0,3,0,0,0,0,0
1,3962274,2171,2146,2,0,1,3,21,0,0,0,2,0,1,0,0,0,0,0,0,0,0,1,0,0,0,0,0
1,3533251,237409,112980,4,0,0,0,13,0,0,0,4,0,0,0,0,0,0,0,0,0,0,0,0,0,0,0,0
1,4289048,124,61,0,0,0,1257,3159,0,0,0,0,0,0,0,0,0,0,0,0,0,0,1,0,0,0,0,0
1,4816629,88,7,0,0,0,4,74,0,0,0,0,0,0,0,0,0,6,1,0,0,0,0,0,0,0,0,0
1,2949367,93491,8,1,0,1,5,11,0,0,0,2,0,1,0,0,0,0,0,0,0,0,0,0,0,0,0,0
1,5176914,3037,124,8,0,0,0,367,0,0,0,17,0,0,0,0,0,0,0,0,0,0,4,0,0,0,0,0
1,4398128,53518,360,1,2,1,71,146,0,0,0,13,6,1,0,0,0,0,0,0,0,1,0,0,0,0,0,0
1,4970334,116,12,2,0,0,15,86,0,0,0,4,0,0,0,0,0,4,1,0,0,0,0,0,0,0,0,0
1,4543133,70,7,0,0,0,4,38,0,0,0,0,0,0,0,0,0,3,1,0,0,0,0,0,0,0,0,0
1,5023695,2488,5,20,0,0,0,719,1,0,0,58,0,0,1,0,1,0,0,0,0,5,6,0,0,0,0,0
1,4519202,68,7,0,0,0,4,38,0,0,0,0,0,0,0,0,0,3,1,0,0,0,0,0,0,0,0,0
1,4624503,448,14,2,1,0,1668,261,1561,0,0,93,6,0,0,0,0,0,0,0,0,2,0,0,0,0,0,0
1,4554571,70,7,0,0,0,4,38,0,0,0,0,0,0,0,0,0,3,1,0,0,0,0,0,0,0,0,0
1,5163285,62,11,2,0,0,3,18,0,0,0,5,0,0,0,0,0,0,0,0,0,2,0,0,0,0,0,0
1,4708915,81,10,0,0,0,4,38,0,0,0,0,0,0,0,0,0,3,1,0,0,0,0,0,0,0,0,0
1,4555127,69,7,0,0,0,4,38,0,0,0,0,0,0,0,0,0,3,1,0,0,0,0,0,0,0,0,0
1,4729322,82,10,0,0,0,4,38,0,0,0,0,0,0,0,0,0,3,1,0,0,0,0,0,0,0,0,0
1,4524593,69,7,0,0,0,4,38,0,0,0,0,0,0,0,0,0,3,1,0,0,0,0,0,0,0,0,0
1,4656373,70,7,0,0,0,4,47,0,0,0,0,0,0,0,0,0,6,1,0,0,0,0,0,0,0,0,0
1,5121363,3070,2040,6,0,0,0,154,0,0,0,6,0,0,0,0,0,0,0,0,0,1,1,0,0,0,0,0
1,4939421,70,29,1,1,0,14,37,1,0,0,1,2,0,0,0,0,0,0,0,0,1,1,0,0,0,0,0
1,4541020,67,7,0,0,0,4,38,0,0,0,0,0,0,0,0,0,3,1,0,0,0,0,0,0,0,0,0
1,4411295,4933,4915,1,0,0,1,1,0,0,0,1,0,0,0,0,0,0,0,0,0,0,0,0,0,0,0,0
1,4555778,68,7,0,0,0,4,38,0,0,0,0,0,0,0,0,0,3,1,0,0,0,0,0,0,0,0,0
1,5561245,1966,936,6,0,0,0,149,0,0,0,6,0,0,0,0,0,0,0,0,0,1,1,0,0,0,0,0
1,4652457,64,6,0,0,0,4,38,0,0,0,0,0,0,0,0,0,3,1,0,0,0,0,0,0,0,0,0
1,5895594,480,27,0,1,0,16,452,1,0,0,0,2,0,0,0,0,0,0,0,19,0,0,0,0,0,0,0
1,3952486,2167,2146,2,0,1,3,20,0,0,0,2,0,1,0,0,0,0,0,0,0,0,1,0,0,0,0,0
1,2929657,15829,7,1,0,1,5,11,0,0,0,2,0,1,0,0,0,0,0,0,0,0,0,0,0,0,0,0
1,4698281,92,7,0,0,0,4,62,0,0,0,0,0,0,0,0,0,6,1,0,0,0,0,0,0,0,0,0
1,4482805,67,7,0,0,0,4,38,0,0,0,0,0,0,0,0,0,3,1,0,0,0,0,0,0,0,0,0
1,4684535,129,7,0,0,0,6,45,0,0,0,0,0,0,0,0,0,0,1,0,0,0,0,0,0,0,0,0
1,5020047,67,7,0,0,0,11,188,0,0,0,0,0,0,0,0,0,20,1,0,0,0,0,0,0,0,0,0
1,5169292,62,11,2,0,0,7,28,0,0,0,6,0,0,0,0,0,0,0,0,0,2,0,0,0,0,0,0
1,4770508,223,9,0,0,0,4,83,0,0,0,0,0,0,0,0,0,6,1,0,0,0,0,0,0,0,0,0
1,4703348,72,7,0,0,0,4,50,0,0,0,0,0,0,0,0,0,6,1,0,0,0,0,0,0,0,0,0
1,5038952,2584,5,23,0,0,0,260,1,0,0,23,0,0,0,0,0,0,0,0,0,2,4,0,0,0,0,0
1,5767167,5532,3066,1,0,0,0,67,0,0,0,1,0,0,0,0,0,0,0,0,0,1,2,0,0,0,0,0
1,5157088,3007,124,8,0,0,0,354,0,0,0,17,0,0,0,0,0,0,0,0,0,0,4,0,0,0,0,0
1,4724080,88,7,0,0,0,14,257,0,0,0,0,0,0,0,0,0,26,1,0,0,0,0,0,0,0,0,0
1,4759531,64,5,0,0,0,11,139,0,0,0,0,0,0,0,0,0,20,1,0,0,0,0,0,0,0,0,0
1,4570434,68,7,0,0,0,13,146,0,0,0,0,0,0,0,0,0,12,1,0,0,0,0,0,0,0,0,0
1,4860114,97,6,0,0,0,14,158,0,0,0,0,0,0,0,0,0,13,1,0,0,0,0,0,0,0,0,0
1,4685670,70,7,0,0,0,4,47,0,0,0,0,0,0,0,0,0,6,1,0,0,0,0,0,0,0,0,0
1,4672302,81,10,0,0,0,4,38,0,0,0,0,0,0,0,0,0,3,1,0,0,0,0,0,0,0,0,0
1,4427098,38528,20,0,0,1,0,3818,0,0,0,0,0,1,0,0,0,0,0,0,0,1,1,0,0,0,0,0
1,4562483,70,7,0,0,0,14,150,0,0,0,0,0,0,0,0,0,13,1,0,0,0,0,0,0,0,0,0
1,4519202,68,7,0,0,0,4,38,0,0,0,0,0,0,0,0,0,3,1,0,0,0,0,0,0,0,0,0
1,4422735,589,34,4,0,0,0,60,1,0,0,4,0,0,0,0,0,0,0,0,0,1,2,0,0,0,0,0
1,5859739,5827,159,10,0,0,0,176,0,0,0,16,0,0,0,0,0,0,0,0,0,4,2,0,0,0,0,0
1,4504161,67,7,0,0,0,4,38,0,0,0,0,0,0,0,0,0,3,1,0,0,0,0,0,0,0,0,0
1,3301821,237409,112980,4,0,0,0,13,0,0,0,4,0,0,0,0,0,0,0,0,0,0,0,0,0,0,0,0
1,5981251,7420,258,10,0,0,0,110,1,0,0,10,0,0,0,0,0,0,0,0,0,2,0,0,0,0,0,0
1,4563789,68,7,0,0,0,14,154,0,0,0,0,0,0,0,0,0,13,1,0,0,0,0,0,0,0,0,0
1,4638991,69,7,0,0,0,13,146,0,0,0,0,0,0,0,0,0,12,1,0,0,0,0,0,0,0,0,0
1,4646672,129,7,0,0,0,6,45,0,0,0,0,0,0,0,0,0,0,1,0,0,0,0,0,0,0,0,0
1,4697064,97,8,0,0,0,15,222,0,0,0,0,0,0,0,0,0,14,1,0,0,0,0,0,0,0,0,0
1,5009076,1327,5,12,0,0,0,146,1,0,0,12,0,0,0,0,0,0,0,0,0,1,3,0,0,0,0,0
1,4876157,96,5,0,0,0,15,218,0,0,0,0,0,0,0,0,0,14,1,0,0,0,0,0,0,0,0,0
1,5007122,2472,60,22,0,0,0,397,1,0,0,40,0,0,0,0,0,0,0,0,0,0,3,0,0,0,0,0
1,4876946,77,6,0,0,0,11,218,0,0,0,0,0,0,0,0,0,20,1,0,0,0,0,0,0,0,0,0
1,4757300,134,12,0,0,0,6,42,0,0,0,0,0,0,0,0,0,0,1,0,0,0,0,0,0,0,0,0
1,3340837,4429,8,0,0,0,2,2,0,0,0,0,0,0,0,0,0,0,0,0,0,2,0,0,0,0,0,0
1,4685489,129,7,0,0,0,6,42,0,0,0,0,0,0,0,0,0,0,1,0,0,0,0,0,0,0,0,0
1,5795777,5357,244,10,0,1,0,169,0,0,0,16,0,1,0,0,0,0,0,0,0,3,1,0,0,0,0,0
1,4385034,937,56,5,0,0,0,138,1,0,0,8,0,0,0,0,0,0,0,0,0,4,0,0,0,0,0,0
1,4677725,87,12,0,0,0,4,47,0,0,0,0,0,0,0,0,0,6,1,0,0,0,0,0,0,0,0,0
1,5037034,1859,5,13,0,0,0,303,1,0,0,20,0,0,0,0,0,0,0,0,0,5,2,0,0,0,0,0
1,5946464,8752,423,10,0,1,0,182,0,0,0,16,0,1,0,0,0,0,0,0,0,6,1,0,0,0,0,0
1,4734033,85,7,0,0,0,4,62,0,0,0,0,0,0,0,0,0,6,1,0,0,0,0,0,0,0,0,0
1,5193961,208,16,2,0,1,0,29,1,0,0,2,0,1,0,0,0,0,0,0,0,0,5,0,0,0,0,0
1,4494239,68,7,0,0,0,4,38,0,0,0,0,0,0,0,0,0,3,1,0,0,0,0,0,0,0,0,0
1,2309624,17129,57,30,0,0,0,4482,1,0,0,171,0,0,0,0,0,0,0,0,0,11,8,0,0,0,0,0
1,4995924,1278,34,16,0,1,0,394,1,0,0,37,0,1,0,0,0,0,0,0,0,7,3,0,0,0,0,0
1,5587895,3350,153,10,0,0,0,150,1,0,0,10,0,0,0,0,0,0,0,0,0,2,0,0,0,0,0,0
1,5165841,3019,124,8,0,0,0,358,0,0,0,17,0,0,0,0,0,0,0,0,0,0,4,0,0,0,0,0
1,5167015,3012,124,8,0,0,0,354,0,0,0,17,0,0,0,0,0,0,0,0,0,0,4,0,0,0,0,0
1,3545077,237409,112980,4,0,0,0,13,0,0,0,4,0,0,0,0,0,0,0,0,0,0,0,0,0,0,0,0
1,5023984,944,5,7,0,1,0,358,1,0,0,20,0,1,0,0,0,0,0,0,0,9,5,0,0,0,0,0
1,4442268,2157,4,10,0,0,0,246,1,0,0,10,0,0,0,0,0,0,0,0,0,2,0,0,0,0,0,0
1,5027861,3221,34,25,0,0,0,834,1,0,0,67,0,0,1,0,1,0,0,0,0,10,9,0,0,0,0,0
1,5519895,1958,928,6,0,1,10,369,0,0,0,6,0,2,0,0,0,0,0,0,0,3,3,0,0,0,0,0
1,5000592,1960,132,10,0,1,0,268,0,0,0,11,0,1,0,0,0,0,0,0,0,5,3,0,0,0,0,0
1,5015404,2819,92,23,0,0,0,631,1,0,0,47,0,0,0,0,0,0,0,0,0,9,6,0,0,0,0,0
1,4711083,92,6,0,0,0,4,50,0,0,0,0,0,0,0,0,0,3,1,0,0,0,0,0,0,0,0,0
1,5556284,1966,936,6,0,0,0,162,0,0,0,6,0,0,0,0,0,0,0,0,0,1,1,0,0,0,0,0
1,5582721,1966,936,6,0,0,0,154,0,0,0,6,0,0,0,0,0,0,0,0,0,1,1,0,0,0,0,0
1,4796566,81,10,0,0,0,4,38,0,0,0,0,0,0,0,0,0,3,1,0,0,0,0,0,0,0,0,0
1,4590902,120,7,0,0,0,6,45,0,0,0,0,0,0,0,0,0,0,1,0,0,0,0,0,0,0,0,0
1,4584346,65,7,0,0,0,4,47,0,0,0,0,0,0,0,0,0,6,1,0,0,0,0,0,0,0,0,0
1,4982423,85,6,0,0,0,4,62,0,0,0,0,0,0,0,0,0,6,1,0,0,0,0,0,0,0,0,0
1,4663159,84,5,0,0,0,9,126,0,0,0,0,0,0,0,0,0,8,1,0,0,0,0,0,0,0,0,0
1,5087132,1973,80,10,0,0,0,197,1,0,0,10,0,0,0,0,0,0,0,0,0,4,1,0,0,0,0,0
1,5017814,2080,112,10,0,0,0,198,1,0,0,10,0,0,1,0,1,0,0,0,0,6,1,0,0,0,0,0
1,5572688,1966,936,6,0,0,0,157,0,0,0,6,0,0,0,0,0,0,0,0,0,1,1,0,0,0,0,0
1,5024732,3267,46,31,0,0,0,422,1,0,0,38,0,0,0,0,0,0,0,0,0,6,5,0,0,0,0,0
1,2292482,2999,34,4,0,0,0,263,1,0,0,8,0,0,0,0,0,0,0,0,0,2,0,0,0,0,0,0
1,5092518,1412,77,8,0,1,0,242,0,0,0,11,0,1,0,0,0,0,0,0,0,5,2,0,0,0,0,0
1,5577677,1966,936,6,0,0,0,153,0,0,0,6,0,0,0,0,0,0,0,0,0,1,1,0,0,0,0,0
1,5267187,1824,74,39,0,0,0,177,0,0,0,48,0,0,0,0,0,0,0,0,0,0,1,0,0,0,0,0
1,5961263,7366,451,10,0,0,0,180,0,0,0,16,0,0,0,0,0,0,0,0,0,6,1,0,0,0,0,0
1,5019904,1903,98,11,0,0,0,204,1,0,0,11,0,0,1,0,1,0,0,0,0,2,2,0,0,0,0,0
1,5840950,8586,456,10,0,0,0,130,1,0,0,10,0,0,0,0,0,0,0,0,0,0,2,0,0,0,0,0
1,5009447,1697,34,14,0,0,0,529,1,0,0,42,0,0,0,0,0,0,0,0,0,7,3,0,0,0,0,0
1,3284062,1454,8,1,0,1,0,3,0,0,0,1,0,1,0,0,0,0,0,0,0,1,1,0,0,0,0,0
1,3622620,14302,14292,0,0,1,9,12,0,0,0,0,0,1,0,0,0,0,0,0,0,1,1,0,0,0,0,0
1,5083970,1996,38,11,0,0,0,243,0,0,0,12,0,0,0,0,0,0,0,0,0,2,2,0,0,0,0,0
1,3287803,2596,88,19,0,1,0,253,1,0,0,39,0,2,2,0,2,3,0,0,0,2,12,0,0,0,0,0
1,5577206,1966,936,6,0,0,0,146,0,0,0,6,0,0,0,0,0,0,0,0,0,1,1,0,0,0,0,0
1,5177639,3018,124,8,0,0,0,358,0,0,0,17,0,0,0,0,0,0,0,0,0,0,4,0,0,0,0,0
1,5001997,212,3,2,0,0,0,22,1,0,0,2,0,0,0,0,0,0,0,0,0,0,0,0,0,0,0,0
1,4699983,127,7,0,0,0,6,42,0,0,0,0,0,0,0,0,0,0,1,0,0,0,0,0,0,0,0,0
1,5093077,4885,181,9,0,0,0,408,0,0,0,18,0,0,0,0,0,0,0,0,0,0,3,0,0,0,0,0
1,5136421,62,11,2,0,0,3,18,0,0,0,5,0,0,0,0,0,0,0,0,0,2,0,0,0,0,0,0
1,3008787,2380,12,0,0,0,0,3,0,0,0,0,0,0,0,0,0,0,0,0,0,1,0,0,0,0,0,0
1,5026227,1146,5,9,0,0,0,122,1,0,0,9,0,0,0,0,0,0,0,0,0,1,0,0,0,0,0,0
1,5023350,1810,5,17,0,1,0,398,1,0,0,32,0,2,0,0,0,0,0,0,0,5,4,0,0,0,0,0
1,4485276,56515,492,1,2,1,71,146,0,0,0,13,6,1,0,0,0,0,0,0,0,1,0,0,0,0,0,0
1,5333168,163,22,2,0,0,15,89,0,0,0,5,0,0,0,0,0,2,0,0,0,0,3,0,0,0,0,0
1,5036272,3413,350,10,1,0,32,874,0,0,0,41,2,0,0,0,0,0,0,0,0,1,1,0,0,0,0,0
1,5676029,107,17,4,2,0,60,386,0,0,0,159,2,0,1,0,1,23,0,0,0,45,0,0,0,0,0,0
1,4539860,69,7,0,0,0,4,38,0,0,0,0,0,0,0,0,0,3,1,0,0,0,0,0,0,0,0,0
1,6060198,718,213,3,0,0,12,63,0,0,0,12,0,0,0,0,0,0,0,0,0,1,1,0,0,0,0,0
1,4534098,69,7,0,0,0,4,38,0,0,0,0,0,0,0,0,0,3,1,0,0,0,0,0,0,0,0,0
1,5067886,2257,122,11,0,0,0,240,0,0,0,11,0,0,1,0,1,0,0,0,0,7,2,0,0,0,0,0
1,5335511,163,22,2,0,0,15,89,0,0,0,5,0,0,0,0,0,2,0,0,0,0,3,0,0,0,0,0
1,5035905,1850,122,11,0,0,0,236,0,0,0,12,0,0,0,0,0,0,0,0,0,3,4,0,0,0,0,0
1,3627133,237841,112980,4,0,0,0,24,0,0,0,4,0,0,0,0,0,0,0,0,0,0,0,0,0,0,0,0
1,4671885,69,7,0,0,0,4,47,0,0,0,0,0,0,0,0,0,6,1,0,0,0,0,0,0,0,0,0
1,5320940,163,22,2,0,0,15,92,0,0,0,5,0,0,0,0,0,2,0,0,0,0,3,0,0,0,0,0
1,5094242,4886,181,9,0,0,0,408,0,0,0,18,0,0,0,0,0,0,0,0,0,0,3,0,0,0,0,0
1,5151985,62,11,2,0,0,3,18,0,0,0,5,0,0,0,0,0,0,0,0,0,2,0,0,0,0,0,0
1,4466473,68,7,0,0,0,4,38,0,0,0,0,0,0,0,0,0,3,1,0,0,0,0,0,0,0,0,0
1,4855417,136,15,3,0,0,0,13,0,0,0,3,0,0,0,0,0,0,0,0,0,0,0,0,0,0,0,0
1,5577875,1974,944,6,0,0,0,176,0,0,0,6,0,0,0,0,0,0,0,0,0,1,1,0,0,0,0,0
1,5340215,100,17,4,2,0,80,435,0,0,0,171,10,0,1,0,1,23,0,0,0,47,0,0,0,0,0,0
1,4416306,643,4,3,0,0,0,78,1,0,0,3,0,0,0,0,0,0,0,0,0,1,0,0,0,0,0,0
1,4545085,64,5,0,0,0,4,38,0,0,0,0,0,0,0,0,0,3,1,0,0,0,0,0,0,0,0,0
1,2727205,80583,14,1,0,1,47,106,10,0,0,7,0,1,0,0,0,0,0,0,0,5,1,0,0,0,0,0
1,5012059,880,5,9,0,0,0,237,1,0,0,18,0,0,1,0,1,0,0,0,0,3,2,0,0,0,0,0
1,5016931,1758,34,13,0,0,0,309,1,0,0,24,0,0,0,0,0,0,0,0,0,7,1,0,0,0,0,0
1,3038389,103285,14,1,0,1,43,106,5,0,0,7,0,1,0,0,0,0,0,0,0,5,1,0,0,0,0,0
1,5676393,107,17,4,2,0,60,386,0,0,0,159,2,0,1,0,1,23,0,0,0,45,0,0,0,0,0,0
1,4699779,6287,150,7,1,0,5,275,0,0,0,17,1,0,0,0,0,0,0,0,0,1,2,0,0,0,0,0
1,5169660,2996,124,8,0,0,0,355,0,0,0,17,0,0,0,0,0,0,0,0,0,0,4,0,0,0,0,0
1,5015088,3989,98,28,0,0,0,968,1,0,0,78,0,0,0,0,0,0,0,0,0,10,12,0,0,0,0,0
1,5673071,107,17,4,2,0,60,386,0,0,0,159,2,0,1,0,1,23,0,0,0,45,0,0,0,0,0,0
1,4488432,68,7,0,0,0,4,38,0,0,0,0,0,0,0,0,0,3,1,0,0,0,0,0,0,0,0,0
1,4730899,116,12,2,0,0,35,316,0,0,0,4,0,0,0,0,0,24,1,0,0,0,0,0,0,0,0,0
1,5145067,900,124,4,0,0,0,68,1,0,0,4,0,0,0,0,0,0,0,0,0,3,1,0,0,0,0,0
1,5033070,2439,30,23,0,0,0,708,1,0,0,61,0,0,0,0,0,0,0,0,0,9,9,0,0,0,0,0
1,5140250,3302,59,10,0,0,0,391,0,0,0,12,0,0,0,0,0,0,0,0,0,5,2,0,0,0,0,0
1,3303360,237409,112980,4,0,0,0,13,0,0,0,4,0,0,0,0,0,0,0,0,0,0,0,0,0,0,0,0
1,5000048,83,8,0,0,0,11,218,0,0,0,0,0,0,0,0,0,20,1,0,0,0,0,0,0,0,0,0
1,5025659,456,66,4,0,0,0,72,1,0,0,4,0,0,0,0,0,0,0,0,0,0,0,0,0,0,0,0
1,4882813,3240,26,3,0,0,68,415,0,0,0,26,0,0,0,0,0,0,0,0,0,3,10,0,0,0,0,0
1,3391116,71395,10,1,1,1,51,154,0,0,0,3,4,1,0,0,0,0,0,0,0,1,0,0,0,0,0,0
1,3953746,80588,29,1,2,0,111,92,77,0,0,4,6,0,0,0,0,0,0,0,0,2,1,0,0,0,0,0
1,895459,397111,7,1,0,1,27,11,22,0,0,2,0,1,0,0,0,0,0,0,0,1,0,0,0,0,0,0
1,4573376,67,7,0,0,0,14,154,0,0,0,0,0,0,0,0,0,13,1,0,0,0,0,0,0,0,0,0
1,2293159,1561,61,3,0,0,0,67,1,0,0,3,0,0,0,0,0,0,0,0,0,0,1,0,0,0,0,0
1,4942554,1659,124,11,0,0,0,59,0,0,0,12,0,0,0,0,0,0,0,0,0,8,3,0,0,0,0,0
1,5068585,1732,120,8,0,1,0,256,0,0,0,11,0,1,0,0,0,0,0,0,0,8,2,0,0,0,0,0
1,5037539,1726,124,8,0,0,0,247,0,0,0,11,0,0,0,0,0,0,0,0,0,6,3,0,0,0,0,0
1,2296074,6303,78,15,0,0,0,284,1,0,0,17,0,0,0,0,0,0,0,0,0,4,0,0,0,0,0,0
1,4907067,64,7,0,0,0,14,207,0,0,0,0,0,0,0,0,0,26,1,0,0,0,0,0,0,0,0,0
1,2303459,5716,98,10,0,0,0,264,1,0,0,10,0,0,0,0,0,0,0,0,0,2,1,0,0,0,0,0
1,5351663,163,22,2,0,0,15,92,0,0,0,5,0,0,0,0,0,2,0,0,0,0,3,0,0,0,0,0
1,5022127,200,16,8,0,1,0,57,0,0,0,21,0,1,0,0,0,4,0,0,0,0,6,0,0,0,0,0
1,5577908,1966,936,6,0,0,0,176,0,0,0,6,0,0,0,0,0,0,0,0,0,1,1,0,0,0,0,0
1,5576544,1966,936,6,0,0,0,146,0,0,0,6,0,0,0,0,0,0,0,0,0,1,1,0,0,0,0,0
1,3299755,987,82,5,0,0,0,34,1,0,0,5,0,0,0,0,0,0,0,0,0,1,2,0,0,0,0,0
1,4404144,5273,71,18,0,0,0,1282,0,0,0,47,0,0,0,0,0,0,0,0,0,8,1,0,0,0,0,0
1,4768973,9063,337,17,1,0,5,373,0,0,0,25,2,0,0,0,0,0,0,1,0,1,1,0,0,0,0,0
1,5027804,1909,102,10,0,0,0,201,1,0,0,10,0,0,0,0,0,0,0,0,0,7,2,0,0,0,0,0
1,5012871,303,5,3,0,0,0,56,1,0,0,5,0,0,0,0,0,0,0,0,0,0,1,0,0,0,0,0
1,4678925,129,7,0,0,0,6,42,0,0,0,0,0,0,0,0,0,0,1,0,0,0,0,0,0,0,0,0
1,5672792,107,17,4,2,0,60,386,0,0,0,159,2,0,1,0,1,23,0,0,0,45,0,0,0,0,0,0
1,4116177,4986,178,11,0,0,6,2633,0,0,0,47,0,0,0,0,0,0,0,0,0,1,1,0,0,0,0,0
1,4661002,119,7,0,0,0,6,40,0,0,0,0,0,0,0,0,0,0,1,0,0,0,0,0,0,0,0,0
1,4741938,75,5,0,0,0,4,62,0,0,0,0,0,0,0,0,0,6,1,0,0,0,0,0,0,0,0,0
1,4519202,68,7,0,0,0,4,38,0,0,0,0,0,0,0,0,0,3,1,0,0,0,0,0,0,0,0,0
1,5004755,1716,116,9,0,0,0,225,0,0,0,11,0,0,0,0,0,0,0,0,0,9,3,0,0,0,0,0
1,4775584,127,7,0,0,0,15,128,0,0,0,0,0,0,0,0,0,0,1,0,0,0,0,0,0,0,0,0
1,4880519,9405,357,20,1,0,5,374,0,0,0,25,2,0,0,0,0,0,0,0,0,1,1,0,0,0,0,0
1,5058248,2123,124,10,0,0,0,259,0,0,0,11,0,0,1,0,1,0,0,0,0,7,1,0,0,0,0,0
1,5670797,107,17,4,2,0,60,384,0,0,0,159,2,0,1,0,1,23,0,0,0,43,0,0,0,0,0,0
1,5095047,2077,76,9,0,0,0,284,0,0,0,11,0,0,0,0,0,0,0,0,0,1,3,0,0,0,0,0
1,5014386,473,5,6,0,0,0,47,1,0,0,6,0,0,0,0,0,0,0,0,0,1,1,0,0,0,0,0
1,5027080,1621,152,10,0,1,0,219,0,0,0,12,0,1,0,0,0,0,0,0,0,5,2,0,0,0,0,0
1,4277956,243,3,1,0,0,0,27,1,0,0,1,0,0,0,0,0,0,0,0,0,0,0,0,0,0,0,0
1,3087984,52898,7,1,0,1,5,11,0,0,0,2,0,1,0,0,0,0,0,0,0,0,0,0,0,0,0,0
1,5064414,81,10,0,0,0,4,47,0,0,0,0,0,0,0,0,0,6,1,0,0,0,0,0,0,0,0,0
1,4627636,128,7,0,0,0,6,45,0,0,0,0,0,0,0,0,0,0,1,0,0,0,0,0,0,0,0,0
1,2257825,6,6,0,0,0,264,264,0,0,0,0,0,0,0,0,0,0,0,0,0,0,0,0,0,0,0,0
1,2305242,7169,42,6,0,0,0,453,1,0,0,11,0,0,0,0,0,0,0,0,0,0,1,0,0,0,0,0
1,4642240,69,7,0,0,0,4,47,0,0,0,0,0,0,0,0,0,6,1,0,0,0,0,0,0,0,0,0
1,5170907,3994,11,16,0,0,0,442,1,0,0,16,0,0,1,0,1,0,0,0,0,2,1,0,0,0,0,0
1,4459180,3957,54,19,0,0,0,1260,0,0,0,52,0,0,0,0,0,0,0,0,0,7,1,0,0,0,0,0
1,4474809,5594,92,48,0,1,0,624,1,0,0,48,0,1,0,0,0,0,0,0,0,6,3,0,0,0,0,0
1,2301803,16326,48,26,0,0,0,3841,1,0,0,150,0,0,0,0,0,0,0,0,0,11,8,0,0,0,0,0
1,4688273,130,7,0,0,0,6,45,0,0,0,0,0,0,0,0,0,0,1,0,0,0,0,0,0,0,0,0
1,4720030,79,10,0,0,0,4,38,0,0,0,0,0,0,0,0,0,3,1,0,0,0,0,0,0,0,0,0
1,5031280,2118,106,10,0,0,0,239,1,0,0,10,0,0,0,0,0,0,0,0,0,8,3,0,0,0,0,0
1,5017625,1537,5,15,0,0,0,280,1,0,0,22,0,0,0,0,0,0,0,0,0,6,4,0,0,0,0,0
1,4454376,810,47,7,0,0,0,81,1,0,0,7,0,0,0,0,0,0,0,0,0,0,0,0,0,0,0,0
1,5017882,116,3,2,0,0,0,14,1,0,0,2,0,0,0,0,0,0,0,0,0,0,0,0,0,0,0,0
1,4341983,513,4,3,0,0,0,21,1,0,0,3,0,0,0,0,0,0,0,0,0,0,0,0,0,0,0,0
1,4498010,68,7,0,0,0,4,38,0,0,0,0,0,0,0,0,0,3,1,0,0,0,0,0,0,0,0,0
1,5053771,3420,353,10,1,0,24,867,0,0,0,33,2,0,0,0,0,0,0,0,0,1,1,0,0,0,0,0
1,4175846,4799,169,10,0,0,6,1891,0,0,0,45,0,0,0,0,0,0,0,0,0,1,1,0,0,0,0,0
1,4724358,68,7,0,0,0,4,47,0,0,0,0,0,0,0,0,0,6,1,0,0,0,0,0,0,0,0,0
1,4959726,67,7,0,0,0,12,175,0,0,0,0,0,0,0,0,0,22,1,0,0,0,0,0,0,0,0,0
1,5015558,1403,108,7,0,0,0,243,0,0,0,11,0,0,0,0,0,0,0,0,0,7,4,0,0,0,0,0
1,2571717,247829,30,7,5,1,69,218,0,0,0,38,21,1,0,0,0,0,0,0,0,1,1,0,0,0,0,0
1,5670403,107,17,4,2,0,60,384,0,0,0,159,2,0,1,0,1,23,0,0,0,43,0,0,0,0,0,0
1,5174762,3023,124,8,0,0,0,361,0,0,0,17,0,0,0,0,0,0,0,0,0,0,4,0,0,0,0,0
1,2291041,6911,41,15,0,0,0,611,1,0,0,28,0,0,0,0,0,0,0,0,0,5,1,0,0,0,0,0
1,4869415,105,17,0,0,0,14,285,0,0,0,0,0,0,0,0,0,26,1,0,0,0,0,0,0,0,0,0
1,4869393,3501,368,10,1,0,24,1193,0,0,0,33,2,0,0,0,0,0,0,0,0,1,1,0,0,0,0,0
1,3340963,237409,112980,4,0,0,0,13,0,0,0,4,0,0,0,0,0,0,0,0,0,0,0,0,0,0,0,0
1,4676626,6352,151,7,0,0,10,275,0,0,0,20,0,0,0,0,0,0,0,0,0,1,1,0,0,0,0,0
1,5035070,1782,128,10,0,0,0,261,0,0,0,12,0,0,1,0,1,0,0,0,0,8,1,0,0,0,0,0
1,4658137,75,15,0,0,0,1507,3659,0,0,0,0,0,0,0,0,0,0,0,0,0,0,1,0,0,0,0,0
1,4955343,672,124,3,0,0,0,22,1,0,0,3,0,0,0,0,0,0,0,0,0,2,0,0,0,0,0,0
1,4461762,4088,40,16,0,0,0,1229,0,0,0,41,0,0,0,0,0,0,0,0,0,8,2,0,0,0,0,0
1,4589744,6294,163,9,1,0,6,291,0,0,0,22,2,0,0,0,0,0,0,0,0,1,1,0,0,0,0,0
1,4170997,4758,179,10,0,0,6,1861,0,0,0,45,0,0,0,0,0,0,0,0,0,1,1,0,0,0,0,0
1,3016045,625715,90,1,0,1,39,89491,0,0,0,7,0,1,0,0,0,0,0,0,0,5,1,0,0,0,0,0
1,5167049,3012,124,8,0,0,0,356,0,0,0,17,0,0,0,0,0,0,0,0,0,0,4,0,0,0,0,0
1,4672972,9510,351,12,1,0,6,364,0,0,0,23,2,0,0,0,0,0,0,0,0,1,1,0,0,0,0,0
1,5039670,1181,132,4,0,0,0,116,1,0,0,4,0,0,1,0,1,0,0,0,0,4,1,0,0,0,0,0
1,5675917,107,17,4,2,0,60,386,0,0,0,159,2,0,1,0,1,23,0,0,0,45,0,0,0,0,0,0
1,2299050,4263,66,10,0,0,0,197,1,0,0,10,0,0,0,0,0,0,0,0,0,1,0,0,0,0,0,0
1,2827563,50705,7,1,0,1,5,11,0,0,0,2,0,1,0,0,0,0,0,0,0,0,0,0,0,0,0,0
1,4416429,919,47,7,0,0,0,86,1,0,0,7,0,0,0,0,0,0,0,0,0,0,1,0,0,0,0,0
1,5011181,1856,38,15,0,0,0,187,1,0,0,15,0,0,0,0,0,0,0,0,0,2,5,0,0,0,0,0
1,4627962,93,7,0,0,0,15,174,0,0,0,0,0,0,0,0,0,14,1,0,0,0,0,0,0,0,0,0
1,3356394,3589,35,24,0,2,0,279,1,0,0,34,0,2,3,0,3,0,0,0,0,4,6,0,0,0,0,0
1,5087868,4885,187,9,0,0,0,409,0,0,0,18,0,0,0,0,0,0,0,0,0,0,3,0,0,0,0,0
1,5061815,2040,144,10,0,0,0,280,0,0,0,12,0,0,1,0,1,0,0,0,0,5,3,0,0,0,0,0
1,4431013,3567,4,12,0,0,0,423,1,0,0,12,0,0,0,0,0,0,0,0,0,6,0,0,0,0,0,0
1,4617550,68,7,0,0,0,13,146,0,0,0,0,0,0,0,0,0,12,1,0,0,0,0,0,0,0,0,0
1,5005496,1415,5,10,0,0,0,204,1,0,0,18,0,0,0,0,0,0,0,0,0,1,3,0,0,0,0,0
1,4134202,10566,168,11,0,0,6,771,0,0,0,39,0,0,0,0,0,0,0,0,0,1,1,0,0,0,0,0
1,2738192,220816,13,1,0,0,5,11,0,0,0,2,0,0,0,0,0,0,0,0,0,0,1,0,0,0,0,0
1,4505854,82,11,0,0,0,4,38,0,0,0,0,0,0,0,0,0,3,1,0,0,0,0,0,0,0,0,0
1,3324331,70446,35,1,1,0,53,141,0,0,0,3,4,0,0,0,0,0,0,0,0,0,1,0,0,0,0,0
1,5041346,1704,120,10,0,0,0,249,0,0,0,12,0,0,1,0,1,0,0,0,0,8,3,0,0,0,0,0
1,5066776,2564,124,12,0,0,0,291,0,0,0,12,0,0,0,0,0,0,0,0,0,10,2,0,0,0,0,0
1,4134422,10590,169,11,0,0,6,758,0,0,0,39,0,0,0,0,0,0,0,0,0,1,1,0,0,0,0,0
1,5032048,2244,69,22,0,0,0,1050,1,0,0,71,0,0,2,0,2,0,0,0,0,14,11,0,0,0,0,0
1,2827476,50694,7,1,0,1,5,11,0,0,0,2,0,1,0,0,0,0,0,0,0,0,0,0,0,0,0,0
1,5659412,180,51,2,0,0,16,100,0,0,0,15,0,0,0,0,0,0,0,0,0,0,1,0,0,0,0,0
1,5009499,95,3,2,0,0,0,8,1,0,0,2,0,0,0,0,0,0,0,0,0,0,0,0,0,0,0,0
1,3508563,237409,112980,4,0,0,0,13,0,0,0,4,0,0,0,0,0,0,0,0,0,0,0,0,0,0,0,0
1,5000547,1278,5,7,0,0,0,280,1,0,0,19,0,0,0,0,0,0,0,0,0,4,3,0,0,0,0,0
1,5087669,3628,349,10,1,0,21,844,0,0,0,30,2,0,0,0,0,0,0,0,0,1,1,0,0,0,0,0
1,5033127,4389,104,33,0,1,0,623,1,0,0,42,0,1,1,0,1,0,0,0,0,8,4,0,0,0,0,0
1,4419455,3320,35,26,0,0,0,651,1,0,0,45,0,0,0,0,0,0,0,0,0,8,3,0,0,0,0,0
1,4991446,1076,34,9,0,0,0,241,1,0,0,19,0,0,0,0,0,0,0,0,0,0,2,0,0,0,0,0
1,4324257,4101,91,33,0,0,0,1216,1,0,0,119,0,0,0,0,0,0,0,0,0,12,7,0,0,0,0,0
1,4927574,1846,140,11,0,0,0,147,0,0,0,12,0,0,0,0,0,0,0,0,0,4,1,0,0,0,0,0
1,4412675,1133,88,9,0,0,0,217,1,0,0,15,0,0,0,0,0,0,0,0,0,0,2,0,0,0,0,0
1,4819775,8984,327,17,1,0,5,359,0,0,0,25,2,0,0,0,0,0,0,0,0,1,1,0,0,0,0,0
1,5899890,358,20,11,1,1,482,1209,0,0,0,269,20,3,0,0,0,0,0,0,0,7,1,0,0,0,0,0
1,5042028,1711,5,9,0,0,0,186,1,0,0,9,0,0,0,0,0,0,0,0,0,8,3,0,0,0,0,0
1,4381078,1583,43,15,0,0,0,123,1,0,0,15,0,0,0,0,0,0,0,0,0,1,0,0,0,0,0,0
1,4662285,128,7,0,0,0,6,42,0,0,0,0,0,0,0,0,0,0,1,0,0,0,0,0,0,0,0,0
1,4784883,6007,123,9,1,0,6,288,0,0,0,22,2,0,0,0,0,0,0,0,0,1,1,0,0,0,0,0
1,4917383,3608,341,10,1,0,32,1205,0,0,0,41,2,0,0,0,0,0,0,0,0,1,1,0,0,0,0,0
1,4654698,69,7,0,0,0,13,146,0,0,0,0,0,0,0,0,0,12,1,0,0,0,0,0,0,0,0,0
1,3408787,4484,41,34,0,3,0,585,1,0,0,85,0,5,7,0,7,2,0,0,0,5,14,0,0,0,0,0
1,5668844,180,51,2,0,0,16,97,0,0,0,15,0,0,0,0,0,0,0,0,0,0,1,0,0,0,0,0
1,4946799,2772,14,2,2,0,1,105,0,0,0,2,2,0,0,0,0,0,0,0,0,8,20,0,0,0,0,0
1,4375730,2127,59,19,0,0,0,158,1,0,0,19,0,0,0,0,0,0,0,0,0,2,1,0,0,0,0,0
1,4925776,3414,23,3,0,0,71,423,0,0,0,28,0,0,3,0,3,0,0,0,0,5,7,0,0,0,0,0
1,5020923,1666,34,16,0,0,0,169,1,0,0,16,0,0,0,0,0,0,0,0,0,1,4,0,0,0,0,0
1,5015589,2270,108,11,0,0,0,268,0,0,0,12,0,0,0,0,0,0,0,0,0,6,2,0,0,0,0,0
1,5573836,1982,952,6,0,0,0,145,0,0,0,6,0,0,0,0,0,0,0,0,0,1,1,0,0,0,0,0
1,3480266,30595,13,1,2,0,32,40,11,0,0,5,4,0,0,0,0,0,0,0,0,0,2,0,0,0,0,0
1,5009986,1409,34,15,0,0,0,161,1,0,0,18,0,0,0,0,0,0,0,0,0,2,3,0,0,0,0,0
1,4497969,6205,142,9,1,0,6,286,0,0,0,22,2,0,0,0,0,0,0,0,0,1,1,0,0,0,0,0
1,5017269,3510,61,26,0,0,0,624,1,0,0,48,0,0,0,0,0,0,0,0,0,5,9,0,0,0,0,0
1,5169500,3036,124,8,0,0,0,367,0,0,0,17,0,0,0,0,0,0,0,0,0,0,4,0,0,0,0,0
1,3183832,71332,21,1,0,0,60,165,0,0,0,12,0,0,0,0,0,0,0,0,0,7,2,0,0,0,0,0
1,4510338,2797,294,0,0,2,0,126,0,0,0,0,0,2,0,0,0,0,0,0,0,1,2,0,0,0,0,0
1,5345434,1247,49,5,0,0,0,86,1,0,0,5,0,0,0,0,0,0,0,0,0,0,0,0,0,0,0,0
1,4267803,124,61,0,0,0,1205,3055,0,0,0,0,0,0,0,0,0,0,0,0,0,0,1,0,0,0,0,0
1,4706284,9337,344,20,1,0,5,364,0,0,0,25,2,0,0,0,0,0,0,0,0,1,1,0,0,0,0,0
1,5027332,396,5,3,0,0,0,62,1,0,0,3,0,0,0,0,0,0,0,0,0,3,2,0,0,0,0,0
1,2297091,4837,54,8,0,0,0,734,1,0,0,30,0,0,0,0,0,0,0,0,0,4,6,0,0,0,0,0
1,5772685,5869,3450,1,0,0,1,67,0,0,0,1,0,0,0,0,0,0,0,0,0,1,2,0,0,0,0,0
1,4929270,102,16,0,0,0,16,123,0,0,0,0,0,0,0,0,0,0,1,0,0,0,0,0,0,0,0,0
1,4741901,0,0,0,0,0,94,0,55,0,0,0,0,0,0,0,0,0,0,0,0,0,0,0,0,0,0,0
1,5016300,1286,126,8,0,0,0,133,1,0,0,8,0,0,0,0,0,0,0,0,0,3,3,0,0,0,0,0
1,5021527,1278,120,7,0,0,0,249,0,0,0,12,0,0,0,0,0,0,0,0,0,8,1,0,0,0,0,0
1,5014251,3518,34,32,0,0,0,398,1,0,0,35,0,0,0,0,0,0,0,0,0,6,4,0,0,0,0,0
1,5192240,176831,167,17,0,2,0,21718,0,0,0,34,0,2,0,0,0,0,0,0,0,3,4,0,0,0,0,0
1,5215822,2418,99,8,0,0,0,341,0,0,0,17,0,0,0,0,0,0,0,0,0,1,4,0,0,0,0,0
1,3370326,4377,35,29,0,1,0,337,1,0,0,47,0,1,6,0,6,0,0,0,0,5,9,0,0,0,0,0
1,5577384,1958,928,6,0,0,0,147,0,0,0,6,0,0,0,0,0,0,0,0,0,1,1,0,0,0,0,0
1,5021303,1776,112,11,0,0,0,171,1,0,0,11,0,0,0,0,0,0,0,0,0,7,1,0,0,0,0,0
1,4646311,127,7,0,0,0,6,42,0,0,0,0,0,0,0,0,0,0,1,0,0,0,0,0,0,0,0,0
1,4334841,124,61,0,0,0,1412,3469,0,0,0,0,0,0,0,0,0,0,0,0,0,0,1,0,0,0,0,0
1,5007522,3210,35,26,0,0,0,345,1,0,0,26,0,0,0,0,0,0,0,0,0,2,7,0,0,0,0,0
1,4524593,69,7,0,0,0,4,38,0,0,0,0,0,0,0,0,0,3,1,0,0,0,0,0,0,0,0,0
1,5141306,3290,93,9,0,0,0,390,0,0,0,11,0,0,0,0,0,0,0,0,0,5,1,0,0,0,0,0
1,5030675,840,5,7,0,0,0,130,1,0,0,10,0,0,0,0,0,0,0,0,0,1,1,0,0,0,0,0
1,5019310,2605,5,24,0,0,0,290,1,0,0,25,0,0,0,0,0,0,0,0,0,4,4,0,0,0,0,0
1,3939711,2187,2166,2,0,1,2,20,0,0,0,2,0,1,0,0,0,0,0,0,0,0,2,0,0,0,0,0
1,5033178,1016,5,6,0,0,0,103,1,0,0,6,0,0,0,0,0,0,0,0,0,1,2,0,0,0,0,0
1,5221679,2399,99,8,0,0,0,329,0,0,0,17,0,0,0,0,0,0,0,0,0,0,4,0,0,0,0,0
1,5017476,977,130,2,0,0,0,92,1,0,0,2,0,0,0,0,0,0,0,0,0,1,1,0,0,0,0,0
1,5014493,3483,5,29,0,1,0,556,1,0,0,41,0,1,0,0,0,0,0,0,0,4,6,0,0,0,0,0
1,4646621,127,7,0,0,0,6,45,0,0,0,0,0,0,0,0,0,0,1,0,0,0,0,0,0,0,0,0
1,3213058,71373,60,1,0,0,60,165,0,0,0,12,0,0,0,0,0,0,0,0,0,7,2,0,0,0,0,0
1,4995727,1284,130,6,0,0,0,257,0,0,0,12,0,0,1,0,1,0,0,0,0,4,2,0,0,0,0,0
1,5023303,2196,98,18,0,0,0,610,1,0,0,45,0,0,1,0,1,0,0,0,0,12,11,0,0,0,0,0
1,5135235,5113,20,5,1,1,2,928,1,0,0,12,1,3,0,0,0,0,0,0,0,3,0,0,0,0,0,0
1,4673460,78,10,0,0,0,4,47,0,0,0,0,0,0,0,0,0,6,1,0,0,0,0,0,0,0,0,0
1,5579206,1974,944,6,0,0,0,166,0,0,0,6,0,0,0,0,0,0,0,0,0,1,1,0,0,0,0,0
1,3334211,4459,8,0,0,0,2,2,0,0,0,0,0,0,0,0,0,0,0,0,0,2,0,0,0,0,0,0
1,4681553,78,10,0,0,0,4,38,0,0,0,0,0,0,0,0,0,3,1,0,0,0,0,0,0,0,0,0
1,4190296,4547,167,10,0,0,6,1915,0,0,0,45,0,0,0,0,0,0,0,0,0,1,1,0,0,0,0,0
1,5649805,8845,3938,1,0,0,1,67,0,0,0,1,0,0,0,0,0,0,0,0,0,1,2,0,0,0,0,0
1,5015575,1828,102,10,0,0,0,228,0,0,0,12,0,0,0,0,0,0,0,0,0,6,2,0,0,0,0,0
1,2827534,50731,7,1,0,1,5,11,0,0,0,2,0,1,0,0,0,0,0,0,0,0,0,0,0,0,0,0
1,5341124,100,17,4,2,0,80,435,0,0,0,171,10,0,1,0,1,23,0,0,0,47,0,0,0,0,0,0
1,4322167,5548,76,44,0,0,0,628,1,0,0,44,0,0,0,0,0,0,0,0,0,6,3,0,0,0,0,0
1,5011075,1580,5,14,0,0,2,175,1,0,0,16,0,0,0,0,0,0,0,0,0,1,3,0,0,0,0,0
1,4468203,3179,72,30,0,0,0,2075,1,0,0,155,0,0,0,0,0,0,0,0,0,9,5,0,0,0,0,0
1,5220271,2403,99,8,0,0,0,335,0,0,0,17,0,0,0,0,0,0,0,0,0,2,4,0,0,0,0,0
1,5670930,107,17,4,2,0,60,384,0,0,0,159,2,0,1,0,1,23,0,0,0,43,0,0,0,0,0,0
1,5031623,1691,138,12,0,0,0,394,1,0,0,29,0,0,1,0,1,0,0,0,0,4,4,0,0,0,0,0
1,4640245,67,7,0,0,0,13,146,0,0,0,0,0,0,0,0,0,12,1,0,0,0,0,0,0,0,0,0
1,3516681,237936,112980,4,0,0,0,24,0,0,0,4,0,0,0,0,0,0,0,0,0,0,0,0,0,0,0,0
1,2306732,10338,59,17,0,0,0,946,1,0,0,36,0,0,0,0,0,0,0,0,0,4,3,0,0,0,0,0
1,5419141,870,16,34,0,1,0,69546,1,0,0,107,0,2,0,0,0,0,0,0,0,6,8,0,0,0,0,0
1,5029711,1335,132,7,0,1,0,279,0,0,0,11,0,1,0,0,0,0,0,0,0,6,2,0,0,0,0,0
1,5008099,740,5,4,0,0,0,77,1,0,0,4,0,0,0,0,0,0,0,0,0,0,0,0,0,0,0,0
1,5027790,1761,5,9,0,0,0,201,1,0,0,9,0,0,0,0,0,0,0,0,0,4,2,0,0,0,0,0
1,3303357,7628,8,1,0,1,2,3,0,0,0,1,0,1,0,0,0,0,0,0,0,1,1,0,0,0,0,0
1,4046818,178397,14,1,0,1,49,106,12,0,0,7,0,1,0,0,0,0,0,0,0,5,1,0,0,0,0,0
1,3378234,2607,34,21,0,2,0,225,1,0,0,33,0,2,3,0,3,0,0,0,0,5,4,0,0,0,0,0
1,3420505,237409,112980,4,0,0,0,13,0,0,0,4,0,0,0,0,0,0,0,0,0,0,0,0,0,0,0,0
1,5040344,1390,122,12,0,0,0,328,1,0,0,29,0,0,0,0,0,0,0,0,0,7,4,0,0,0,0,0
1,3383769,2454,48,20,0,2,0,722,1,0,0,107,0,7,4,0,4,0,0,0,0,7,17,0,0,0,0,0
1,5033830,1937,110,8,0,0,0,262,0,0,0,12,0,0,0,0,0,0,0,0,0,7,2,0,0,0,0,0
1,4540393,68,7,0,0,0,4,38,0,0,0,0,0,0,0,0,0,3,1,0,0,0,0,0,0,0,0,0
1,5261999,1811,74,39,0,0,0,168,0,0,0,48,0,0,0,0,0,0,0,0,0,0,1,0,0,0,0,0
1,5665565,180,51,2,0,0,16,100,0,0,0,15,0,0,0,0,0,0,0,0,0,0,1,0,0,0,0,0
1,4681801,128,7,0,0,0,6,42,0,0,0,0,0,0,0,0,0,0,1,0,0,0,0,0,0,0,0,0
1,5024779,989,148,4,0,0,0,263,1,0,0,12,0,0,0,0,0,0,0,0,0,5,1,0,0,0,0,0
1,5018758,1949,34,12,0,0,0,400,1,0,0,32,0,0,0,0,0,0,0,0,0,3,6,0,0,0,0,0
1,5007945,2384,5,25,0,0,0,356,1,0,0,32,0,0,0,0,0,0,0,0,0,0,7,0,0,0,0,0
1,3899477,2187,2166,2,0,1,3,20,0,0,0,2,0,1,0,0,0,0,0,0,0,0,1,0,0,0,0,0
1,4930873,3613,354,10,1,0,30,1252,0,0,0,39,2,0,0,0,0,0,0,0,0,1,1,0,0,0,0,0
1,3946004,2139,2118,2,0,1,3,20,0,0,0,2,0,1,0,0,0,0,0,0,0,0,1,0,0,0,0,0
1,3314177,237409,112980,4,0,0,0,13,0,0,0,4,0,0,0,0,0,0,0,0,0,0,0,0,0,0,0,0
1,2313350,6558,68,12,0,0,0,307,1,0,0,12,0,0,0,0,0,0,0,0,0,3,0,0,0,0,0,0
1,5040623,1173,5,9,0,0,0,172,1,0,0,12,0,0,0,0,0,0,0,0,0,3,2,0,0,0,0,0
1,5341026,100,17,4,2,0,80,435,0,0,0,171,10,0,1,0,1,23,0,0,0,47,0,0,0,0,0,0
1,5676068,107,17,4,2,0,60,386,0,0,0,159,2,0,1,0,1,23,0,0,0,45,0,0,0,0,0,0
1,2315269,10359,66,18,0,0,0,661,1,0,0,25,0,0,0,0,0,0,0,0,0,0,2,0,0,0,0,0
1,4335158,3218,57,30,0,0,0,694,1,0,0,52,0,0,0,0,0,0,0,0,0,6,1,0,0,0,0,0
1,4976415,83,8,0,0,0,11,218,0,0,0,0,0,0,0,0,0,20,1,0,0,0,0,0,0,0,0,0
1,5245499,120,22,2,0,0,22,89,0,0,0,3,0,0,0,0,0,2,0,0,0,0,1,0,0,0,0,0
1,5021577,1630,160,9,0,1,0,223,0,0,0,11,0,1,0,0,0,0,0,0,0,7,2,0,0,0,0,0
1,5335669,163,22,2,0,0,15,92,0,0,0,5,0,0,0,0,0,2,0,0,0,0,3,0,0,0,0,0
1,5009376,1953,5,15,0,0,0,235,1,0,0,17,0,0,0,0,0,0,0,0,0,4,4,0,0,0,0,0
1,5269823,120,22,2,0,0,22,89,0,0,0,3,0,0,0,0,0,2,0,0,0,0,1,0,0,0,0,0
1,4496527,9252,354,20,1,0,5,381,0,0,0,25,2,0,0,0,0,0,0,0,0,1,1,0,0,0,0,0
1,4999233,3836,112,35,0,1,0,915,1,0,0,74,0,1,0,0,0,0,0,0,0,11,9,0,0,0,0,0
1,4600303,2910,8,3,0,0,0,179,1,0,0,3,0,0,0,0,0,0,0,0,0,1,0,0,0,0,0,0
1,5093323,4881,181,9,0,0,0,409,0,0,0,18,0,0,0,0,0,0,0,0,0,0,3,0,0,0,0,0
1,3110203,3080,8,0,0,1,0,3,0,0,0,0,0,1,0,0,0,0,0,0,0,1,1,0,0,0,0,0
1,5226126,2431,99,8,0,0,0,336,0,0,0,17,0,0,0,0,0,0,0,0,0,0,4,0,0,0,0,0
1,4481453,70,7,0,0,0,4,38,0,0,0,0,0,0,0,0,0,3,1,0,0,0,0,0,0,0,0,0
1,5671829,107,17,4,2,0,60,384,0,0,0,159,2,0,1,0,1,23,0,0,0,43,0,0,0,0,0,0
1,5017642,2580,31,22,0,1,0,600,1,0,0,49,0,1,0,0,0,0,0,0,0,5,8,0,0,0,0,0
1,5331479,163,22,2,0,0,15,95,0,0,0,5,0,0,0,0,0,2,0,0,0,0,3,0,0,0,0,0
1,3465974,237724,113130,4,0,0,0,13,0,0,0,4,0,0,0,0,0,0,0,0,0,0,0,0,0,0,0,0
1,5676133,107,17,4,2,0,60,386,0,0,0,159,2,0,1,0,1,23,0,0,0,45,0,0,0,0,0,0
1,5820758,126,49,6,3,0,169,635,0,0,0,192,67,0,0,0,0,0,1,14,0,0,0,0,0,0,0,0
1,5345113,14301,34,1,1,1,46,117,10,0,0,7,6,1,0,0,0,0,0,0,0,1,1,0,0,0,0,0
1,5002856,895,5,7,0,0,0,156,1,0,0,13,0,0,0,0,0,0,0,0,0,1,3,0,0,0,0,0
1,3914614,2139,2118,2,0,1,3,20,0,0,0,2,0,1,0,0,0,0,0,0,0,0,2,0,0,0,0,0
1,5098786,2221,23,10,0,0,0,278,0,0,0,11,0,0,0,0,0,0,0,0,0,4,3,0,0,0,0,0
1,3359881,629212,8,2,1,1,33,84,1,0,0,21,10,1,0,0,0,0,0,0,0,1,0,0,0,0,0,0
1,4193324,190146,7,1,0,1,635,14,630,0,0,2,0,1,0,0,0,0,0,0,0,1,0,0,0,0,0,0
1,3572727,237844,112980,4,0,0,0,24,0,0,0,4,0,0,0,0,0,0,0,0,0,0,0,0,0,0,0,0
1,4542376,70,7,0,0,0,4,38,0,0,0,0,0,0,0,0,0,3,1,0,0,0,0,0,0,0,0,0
1,4373591,4307,60,18,0,0,0,1355,0,0,0,52,0,0,0,0,0,0,0,0,0,6,1,0,0,0,0,0
1,4753458,83,6,0,0,0,4,62,0,0,0,0,0,0,0,0,0,6,1,0,0,0,0,0,0,0,0,0
1,5018703,2013,96,10,0,0,0,226,1,0,0,10,0,0,1,0,1,0,0,0,0,8,2,0,0,0,0,0
1,5159895,3005,124,8,0,0,0,352,0,0,0,17,0,0,0,0,0,0,0,0,0,0,4,0,0,0,0,0
1,5006505,3130,45,28,0,0,0,983,1,0,0,76,0,0,1,0,1,0,0,0,0,9,6,0,0,0,0,0
1,3494853,237848,112980,4,0,0,0,24,0,0,0,4,0,0,0,0,0,0,0,0,0,0,0,0,0,0,0,0
1,4482744,6517,60,27,0,0,0,1287,0,0,0,46,0,0,0,0,0,0,0,0,0,7,1,0,0,0,0,0
1,4434467,1225,4,3,0,0,0,116,1,0,0,3,0,0,0,0,0,0,0,0,0,0,0,0,0,0,0,0
1,5036254,2262,144,10,0,1,0,241,1,0,0,10,0,1,0,0,0,0,0,0,0,10,3,0,0,0,0,0
1,4496508,9432,355,20,1,0,5,378,0,0,0,25,2,0,0,0,0,0,0,0,0,1,1,0,0,0,0,0
1,4637960,67,7,0,0,0,4,47,0,0,0,0,0,0,0,0,0,6,1,0,0,0,0,0,0,0,0,0
1,5667378,107,17,4,2,0,60,384,0,0,0,159,2,0,1,0,1,23,0,0,0,43,0,0,0,0,0,0
1,4401494,1572,34,9,0,0,0,219,1,0,0,11,0,0,0,0,0,0,0,0,0,2,3,0,0,0,0,0
1,4514985,5240,48,24,0,0,0,1362,0,0,0,47,0,0,0,0,0,0,0,0,0,10,1,0,0,0,0,0
1,5668637,180,51,2,0,0,16,99,0,0,0,15,0,0,0,0,0,0,0,0,0,0,1,0,0,0,0,0
1,5048647,1794,5,10,0,0,0,181,1,0,0,10,0,0,0,0,0,0,0,0,0,2,2,0,0,0,0,0
1,4992436,605,5,2,0,0,0,65,1,0,0,2,0,0,0,0,0,0,0,0,0,2,1,0,0,0,0,0
1,4690837,142,8,0,0,0,17,214,0,0,0,0,0,0,0,0,0,0,1,0,0,0,0,0,0,0,0,0
1,5007240,1707,112,9,0,1,0,241,0,0,0,11,0,1,0,0,0,0,0,0,0,9,3,0,0,0,0,0
1,4949642,3435,340,10,1,0,26,894,0,0,0,35,2,0,0,0,0,0,0,2,0,1,1,0,0,0,0,0
1,5667924,107,17,4,2,0,60,384,0,0,0,159,2,0,1,0,1,23,0,0,0,43,0,0,0,0,0,0
1,5094196,3328,351,10,1,0,28,877,0,0,0,37,2,0,0,0,0,0,0,0,0,1,1,0,0,0,0,0
1,5013877,3055,54,22,0,0,0,975,1,0,0,72,0,0,0,0,0,0,0,0,0,11,8,0,0,0,0,0
1,5582615,1966,936,6,0,0,0,156,0,0,0,6,0,0,0,0,0,0,0,0,0,1,1,0,0,0,0,0
1,5668375,107,17,4,2,0,60,384,0,0,0,159,2,0,1,0,1,23,0,0,0,43,0,0,0,0,0,0
1,5671089,107,17,4,2,0,60,384,0,0,0,159,2,0,1,0,1,23,0,0,0,43,0,0,0,0,0,0
1,5031390,1873,130,11,0,0,0,253,0,0,0,12,0,0,0,0,0,0,0,0,0,7,1,0,0,0,0,0
1,6018457,10434,269,0,0,1,1,329,0,0,0,0,0,1,0,0,0,0,0,0,0,0,2,0,0,0,0,0
1,5017800,1811,116,10,0,1,0,245,0,0,0,12,0,1,0,0,0,0,0,0,0,4,1,0,0,0,0,0
1,5043005,1736,124,9,0,0,0,225,0,0,0,11,0,0,1,0,1,0,0,0,0,5,2,0,0,0,0,0
1,5783663,112571,23,0,0,0,0,14448,0,0,0,0,0,0,0,0,0,0,0,0,0,5,7,0,0,0,0,0
1,5034372,2121,5,15,0,0,0,249,1,0,0,17,0,0,0,0,0,0,0,0,0,9,0,0,0,0,0,0
1,4173943,10402,168,11,0,0,6,755,0,0,0,39,0,0,0,0,0,0,0,0,0,1,1,0,0,0,0,0
1,4876472,77,7,0,0,0,12,189,0,0,0,0,0,0,0,0,0,22,1,0,0,0,0,0,0,0,0,0
1,3686915,71348,34,1,2,0,111,92,77,0,0,4,6,0,0,0,0,0,0,0,0,2,1,0,0,0,0,0
1,3219398,237409,112980,4,0,0,0,13,0,0,0,4,0,0,0,0,0,0,0,0,0,0,0,0,0,0,0,0
1,4620577,382,14,2,1,0,1601,252,1496,0,0,89,6,0,0,0,0,0,0,0,0,2,0,0,0,0,0,0
1,5168097,2998,124,8,0,0,0,354,0,0,0,17,0,0,0,0,0,0,0,0,0,0,4,0,0,0,0,0
1,4528335,69,7,0,0,0,4,38,0,0,0,0,0,0,0,0,0,3,1,0,0,0,0,0,0,0,0,0
1,5676868,107,17,4,2,0,60,386,0,0,0,159,2,0,1,0,1,23,0,0,0,45,0,0,0,0,0,0
1,5681790,511852,375,1,1,0,45,10211,0,0,0,8,1,0,0,0,0,0,0,3,0,8,3,0,0,0,0,0
1,5005992,2233,5,16,0,0,0,234,1,0,0,16,0,0,0,0,0,0,0,0,0,4,3,0,0,0,0,0
1,5655102,180,51,2,0,0,16,97,0,0,0,15,0,0,0,0,0,0,0,0,0,0,1,0,0,0,0,0
1,5015081,1853,104,10,0,1,0,227,0,0,0,12,0,1,0,0,0,0,0,0,0,6,1,0,0,0,0,0
1,4349712,3255,98,29,0,0,0,651,1,0,0,49,0,0,0,0,0,0,0,0,0,7,4,0,0,0,0,0
1,5027708,543,5,4,0,0,0,48,1,0,0,4,0,0,0,0,0,0,0,0,0,2,1,0,0,0,0,0
1,4983655,154,3,1,0,0,0,15,1,0,0,1,0,0,0,0,0,0,0,0,0,0,0,0,0,0,0,0
1,5014850,1096,5,9,0,0,0,119,1,0,0,9,0,0,0,0,0,0,0,0,0,3,1,0,0,0,0,0
1,5671312,107,17,4,2,0,60,384,0,0,0,159,2,0,1,0,1,23,0,0,0,43,0,0,0,0,0,0
1,5022602,268,4,1,0,0,0,24,1,0,0,1,0,0,0,0,0,0,0,0,0,1,1,0,0,0,0,0
1,4357196,3436,50,28,0,0,0,623,1,0,0,82,0,0,0,0,0,0,0,0,0,9,4,0,0,0,0,0
1,5033775,2127,5,17,0,0,0,332,1,0,0,29,0,0,0,0,0,0,0,0,0,3,3,0,0,0,0,0
1,5057738,2079,118,9,0,0,0,265,0,0,0,11,0,0,0,0,0,0,0,0,0,2,3,0,0,0,0,0
1,4959201,1508,114,6,0,1,0,61,0,0,0,12,0,1,0,0,0,0,0,0,0,9,1,0,0,0,0,0
1,5573140,1958,928,6,0,0,0,161,0,0,0,6,0,0,0,0,0,0,0,0,0,1,1,0,0,0,0,0
1,4845412,61,8,0,0,0,15,231,0,0,0,0,0,0,0,0,0,36,2,0,0,0,0,0,0,0,0,0
1,3641661,41901,35,7,5,1,69,218,0,0,0,38,21,1,0,0,0,0,0,0,0,1,1,0,0,0,0,0
1,2313158,10024,84,17,0,0,0,747,1,0,0,27,0,0,0,0,0,0,0,0,0,4,4,0,0,0,0,0
1,5338421,100,17,4,2,0,80,435,0,0,0,171,10,0,1,0,1,23,0,0,0,47,0,0,0,0,0,0
1,2308324,6794,69,13,0,0,0,363,1,0,0,16,0,0,0,0,0,0,0,0,0,0,0,0,0,0,0,0
1,5018342,2622,5,19,0,0,0,291,1,0,0,19,0,0,0,0,0,0,0,0,0,1,3,0,0,0,0,0
1,5007075,653,5,6,0,0,0,99,1,0,0,10,0,0,0,0,0,0,0,0,0,2,1,0,0,0,0,0
1,5020406,2337,112,11,0,0,0,258,0,0,0,11,0,0,0,0,0,0,0,0,0,5,1,0,0,0,0,0
1,5159653,130,21,3,1,0,753,226,465,0,0,178,1,0,0,0,0,0,0,0,0,2,2,0,0,0,0,0
1,4830138,110,18,1,0,0,220,163,5,0,0,4,0,0,0,0,0,0,0,0,0,0,2,0,0,0,0,0
1,5043404,2080,120,10,0,2,0,224,1,0,0,10,0,2,0,0,0,0,0,0,0,2,2,0,0,0,0,0
1,2965330,33355,20,1,0,1,26,51,0,0,0,3,0,1,0,0,0,0,0,0,0,1,0,0,0,0,0,0
1,4747599,77,9,0,0,0,4,38,0,0,0,0,0,0,0,0,0,3,1,0,0,0,0,0,0,0,0,0
1,4580568,9189,318,20,1,0,5,373,0,0,0,25,2,0,0,0,0,0,0,0,0,1,1,0,0,0,0,0
1,5675977,107,17,4,2,0,60,386,0,0,0,159,2,0,1,0,1,23,0,0,0,45,0,0,0,0,0,0
1,5676133,107,17,4,2,0,60,386,0,0,0,159,2,0,1,0,1,23,0,0,0,45,0,0,0,0,0,0
1,5323153,71,18,2,0,0,32,104,1,0,0,8,0,0,0,0,0,0,0,0,0,0,4,0,0,0,0,0
1,5042272,2405,5,22,0,0,0,419,1,0,0,32,0,0,2,0,2,0,0,0,0,9,6,0,0,0,0,0
1,4762569,9361,341,20,1,0,5,367,0,0,0,25,2,0,0,0,0,0,0,0,0,1,1,0,0,0,0,0
1,5004850,1992,98,10,0,0,0,219,0,0,0,12,0,0,0,0,0,0,0,0,0,5,2,0,0,0,0,0
1,4727038,64,5,0,0,0,11,139,0,0,0,0,0,0,0,0,0,20,1,0,0,0,0,0,0,0,0,0
1,4116365,4747,179,10,0,0,6,1838,0,0,0,45,0,0,0,0,0,0,0,0,0,1,1,0,0,0,0,0
1,4640249,65,6,0,0,0,4,38,0,0,0,0,0,0,0,0,0,3,1,0,0,0,0,0,0,0,0,0
1,4515327,9165,347,20,1,0,5,382,0,0,0,25,2,0,0,0,0,0,0,0,0,1,1,0,0,0,0,0
1,5667579,107,17,4,2,0,60,384,0,0,0,159,2,0,1,0,1,23,0,0,0,43,0,0,0,0,0,0
1,4859348,175,9,0,0,0,6,60,0,0,0,0,0,0,0,0,0,0,1,0,0,0,0,0,0,0,0,0
1,3400084,3820,47,29,0,2,0,837,1,0,0,125,0,3,3,0,3,3,0,0,0,6,14,0,0,0,0,0
1,5030993,1253,5,9,0,0,0,205,1,0,0,15,0,0,0,0,0,0,0,0,0,5,2,0,0,0,0,0
1,4518686,64,5,0,0,0,14,158,0,0,0,0,0,0,0,0,0,13,1,0,0,0,0,0,0,0,0,0
1,4510950,6991,66,30,0,0,0,739,1,0,0,30,0,0,0,0,0,0,0,0,0,6,1,0,0,0,0,0
1,5018042,1758,136,9,0,0,0,267,0,0,0,11,0,0,0,0,0,0,0,0,0,6,3,0,0,0,0,0
1,4943886,1137,138,7,0,0,0,56,0,0,0,12,0,0,0,0,0,0,0,0,0,5,1,0,0,0,0,0
1,5019867,3227,5,37,0,0,0,463,1,0,0,45,0,0,0,0,0,0,0,0,0,4,9,0,0,0,0,0
1,3970025,2187,2166,2,0,1,3,20,0,0,0,2,0,1,0,0,0,0,0,0,0,0,1,0,0,0,0,0
1,4133816,4932,199,11,0,0,6,2582,0,0,0,47,0,0,0,0,0,0,0,0,0,1,1,0,0,0,0,0
1,1567536,355135,355114,1,2,0,34,73,17,1,0,4,4,0,0,0,0,0,0,0,0,3,0,0,0,0,0,0
1,5024413,2783,104,22,0,0,0,428,1,0,0,32,0,0,0,0,0,0,0,0,0,5,5,0,0,0,0,0
1,5667984,180,51,2,0,0,16,99,0,0,0,15,0,0,0,0,0,0,0,0,0,0,1,0,0,0,0,0
1,3480767,69383,90,1,0,1,39,106,0,0,0,7,0,1,0,0,0,0,0,0,0,5,1,0,0,0,0,0
1,4271506,6133,61,26,0,0,0,570,1,0,0,26,0,0,0,0,0,0,0,0,0,6,1,0,0,0,0,0
1,5643713,180,51,2,0,0,16,100,0,0,0,15,0,0,0,0,0,0,0,0,0,0,1,0,0,0,0,0
1,5021849,2068,146,9,0,0,0,279,0,0,0,12,0,0,0,0,0,0,0,0,0,5,1,0,0,0,0,0
1,5118401,120,11,6,0,0,37,173,0,0,0,14,0,0,0,0,0,6,1,0,0,1,2,0,0,0,0,0
1,3511504,247549,117780,4,0,0,0,25,0,0,0,4,0,0,0,0,0,0,0,0,0,0,0,0,0,0,0,0
1,5031077,1630,128,9,0,0,0,235,0,0,0,12,0,0,0,0,0,0,0,0,0,8,2,0,0,0,0,0
1,2923314,1132167,32,1,2,0,111,92,77,0,0,4,6,0,0,0,0,0,0,0,0,2,1,0,0,0,0,0
1,5010750,2012,132,11,0,1,0,246,0,0,0,11,0,1,0,0,0,0,0,0,0,4,4,0,0,0,0,0
1,4792284,9245,334,17,1,0,5,369,0,0,0,25,2,0,0,0,0,0,0,0,0,1,1,0,0,0,0,0
1,4737304,9037,345,17,1,0,5,351,0,0,0,25,2,0,0,0,0,0,0,0,0,1,1,0,0,0,0,0
1,4723241,6387,165,7,1,0,4,283,0,0,0,17,1,0,0,0,0,0,0,0,0,1,2,0,0,0,0,0
1,4829163,107,13,0,0,0,4,56,0,0,0,0,0,0,0,0,0,3,1,0,0,0,0,0,0,0,0,0
1,5013064,2206,34,19,0,1,0,828,1,0,0,58,0,1,0,0,0,0,0,0,0,6,7,0,0,0,0,0
1,5671326,107,17,4,2,0,60,384,0,0,0,159,2,0,1,0,1,23,0,0,0,43,0,0,0,0,0,0
1,4457722,66,7,0,0,0,4,38,0,0,0,0,0,0,0,0,0,3,1,0,0,0,0,0,0,0,0,0
1,2306176,26923,54,61,0,0,0,1817,1,0,0,88,0,0,0,0,0,0,0,0,0,12,6,0,0,0,0,0
1,5222381,2431,99,8,0,0,0,337,0,0,0,17,0,0,0,0,0,0,0,0,0,0,4,0,0,0,0,0
1,4592258,69,7,0,0,0,14,192,0,0,0,0,0,0,0,0,0,26,1,0,0,0,0,0,0,0,0,0
1,5676049,107,17,4,2,0,60,386,0,0,0,159,2,0,1,0,1,23,0,0,0,45,0,0,0,0,0,0
1,4722266,124,7,0,0,0,6,45,0,0,0,0,0,0,0,0,0,0,1,0,0,0,0,0,0,0,0,0
1,3696474,5038,5000,1,1,1,35,98,0,0,0,9,3,1,0,0,0,0,0,0,0,3,0,0,0,0,0,0
1,3339709,245587,116850,4,0,0,0,25,0,0,0,4,0,0,0,0,0,0,0,0,0,0,0,0,0,0,0,0
1,4862662,9219,335,20,1,0,5,363,0,0,0,25,2,0,0,0,0,0,0,0,0,1,1,0,0,0,0,0
1,5026268,1297,150,4,0,0,0,125,1,0,0,4,0,0,0,0,0,0,0,0,0,2,2,0,0,0,0,0
1,4491918,240,17,18,0,0,144,2011,4,0,0,1372,0,0,0,0,0,0,0,0,0,3,15,0,1,0,0,0
1,3399861,7422,83,66,0,4,0,1991,0,0,0,286,0,17,9,0,9,1,0,0,0,10,21,0,0,0,0,0
1,5039940,1284,5,11,0,0,0,222,1,0,0,18,0,0,0,0,0,0,0,0,0,3,5,0,0,0,0,0
1,4618726,6276,163,7,0,0,10,269,0,0,0,20,0,0,0,0,0,0,0,0,0,1,1,0,0,0,0,0
1,3412931,770,34,4,0,0,0,69,1,0,0,7,0,0,0,0,0,0,0,0,0,2,3,0,0,0,0,0
1,3464939,237409,112980,4,0,0,0,13,0,0,0,4,0,0,0,0,0,0,0,0,0,0,0,0,0,0,0,0
1,5015676,1702,5,9,0,0,0,191,1,0,0,9,0,0,1,0,1,0,0,0,0,7,3,0,0,0,0,0
1,3309602,3629,8,0,0,1,0,3,0,0,0,0,0,1,0,0,0,0,0,0,0,1,1,0,0,0,0,0
1,5163544,3023,124,8,0,0,0,360,0,0,0,17,0,0,0,0,0,0,0,0,0,0,4,0,0,0,0,0
1,5270796,1853,74,39,0,0,0,184,0,0,0,48,0,0,0,0,0,0,0,0,0,0,1,0,0,0,0,0
1,4637436,70,7,0,0,0,4,47,0,0,0,0,0,0,0,0,0,6,1,0,0,0,0,0,0,0,0,0
1,4702428,82,10,0,0,0,4,38,0,0,0,0,0,0,0,0,0,3,1,0,0,0,0,0,0,0,0,0
1,5014254,1591,5,17,0,0,0,311,1,0,0,28,0,0,0,0,0,0,0,0,0,1,3,0,0,0,0,0
1,3540461,237409,112980,4,0,0,0,13,0,0,0,4,0,0,0,0,0,0,0,0,0,0,0,0,0,0,0,0
1,4977964,3389,341,10,1,0,28,852,0,0,0,37,2,0,0,0,0,0,0,0,0,1,1,0,0,0,0,0
1,4414589,124,61,0,0,0,1496,3637,0,0,0,0,0,0,0,0,0,0,0,0,0,0,1,0,0,0,0,0
1,5032213,1727,104,10,0,0,0,249,0,0,0,12,0,0,0,0,0,0,0,0,0,6,2,0,0,0,0,0
1,2829195,50709,13,1,0,0,5,11,0,0,0,2,0,0,0,0,0,0,0,0,0,0,1,0,0,0,0,0
1,5004302,769,5,6,0,0,0,83,1,0,0,6,0,0,0,0,0,0,0,0,0,3,0,0,0,0,0,0
1,5657579,180,51,2,0,0,16,97,0,0,0,15,0,0,0,0,0,0,0,0,0,0,1,0,0,0,0,0
1,5009471,655,5,6,0,0,0,77,1,0,0,6,0,0,0,0,0,0,0,0,0,1,1,0,0,0,0,0
1,5088168,2054,59,10,0,0,0,275,0,0,0,11,0,0,1,0,1,0,0,0,0,6,1,0,0,0,0,0
1,5670791,107,17,4,2,0,60,384,0,0,0,159,2,0,1,0,1,23,0,0,0,43,0,0,0,0,0,0
1,4695011,8936,337,17,1,0,5,363,0,0,0,25,2,0,0,0,0,0,0,2,0,1,1,0,0,0,0,0
1,4918017,102,7,0,0,0,15,307,0,0,0,0,0,0,0,0,0,28,1,0,0,0,0,0,0,0,0,0
1,5001800,2648,5,25,0,0,0,592,1,0,0,50,0,0,0,0,0,0,0,0,0,6,4,0,0,0,0,0
1,3381804,99854,14,1,0,1,47,106,10,0,0,7,0,1,0,0,0,0,0,0,0,5,1,0,0,0,0,0
1,5029812,416,100,0,0,0,0,43,1,0,0,0,0,0,0,0,0,0,0,0,0,1,0,0,0,0,0,0
1,3374194,237409,112980,4,0,0,0,13,0,0,0,4,0,0,0,0,0,0,0,0,0,0,0,0,0,0,0,0
1,5170846,3010,124,8,0,0,0,352,0,0,0,17,0,0,0,0,0,0,0,0,0,0,4,0,0,0,0,0
1,4664975,68,7,0,0,0,13,146,0,0,0,0,0,0,0,0,0,12,1,0,0,0,0,0,0,0,0,0
1,4564632,69,7,0,0,0,4,38,0,0,0,0,0,0,0,0,0,3,1,0,0,0,0,0,0,0,0,0
1,4137313,4889,179,10,0,0,6,1900,0,0,0,45,0,0,0,0,0,0,0,0,0,1,1,0,0,0,0,0
1,5033486,1373,5,12,0,0,0,197,1,0,0,17,0,0,0,0,0,0,0,0,0,4,1,0,0,0,0,0
1,4990016,1854,108,11,0,0,0,229,0,0,0,12,0,0,0,0,0,0,0,0,0,7,2,0,0,0,0,0
1,4939908,1802,118,10,0,0,0,69,0,0,0,12,0,0,0,0,0,0,0,0,0,5,1,0,0,0,0,0
1,5011525,1913,122,8,0,1,0,256,0,0,0,11,0,1,0,0,0,0,0,0,0,7,1,0,0,0,0,0
1,4786826,6315,153,7,0,0,10,278,0,0,0,20,0,0,0,0,0,0,0,0,0,1,1,0,0,0,0,0
1,5020364,3171,100,23,0,0,0,416,1,0,0,27,0,0,1,0,1,0,0,0,0,9,6,0,0,0,0,0
1,5030952,73,3,0,0,0,0,6,1,0,0,0,0,0,0,0,0,0,0,0,0,0,0,0,0,0,0,0
1,4702428,82,10,0,0,0,4,38,0,0,0,0,0,0,0,0,0,3,1,0,0,0,0,0,0,0,0,0
1,4755768,266,9,0,0,0,53,1094,0,0,0,0,0,0,0,0,0,26,1,0,0,0,0,0,0,0,0,0
1,4815589,97,6,0,0,0,14,158,0,0,0,0,0,0,0,0,0,13,1,0,0,0,0,0,0,0,0,0
1,5675888,107,17,4,2,0,60,386,0,0,0,159,2,0,1,0,1,23,0,0,0,45,0,0,0,0,0,0
1,4690392,143,16,0,0,0,6,42,0,0,0,0,0,0,0,0,0,0,1,0,0,0,0,0,0,0,0,0
1,4723389,82,6,0,0,0,4,38,0,0,0,0,0,0,0,0,0,3,1,0,0,0,0,0,0,0,0,0
1,4989209,710,5,8,0,0,0,230,1,0,0,20,0,0,0,0,0,0,0,0,0,4,4,0,0,0,0,0
1,4056138,2866,38,1,0,0,0,27,0,0,0,1,0,0,0,0,0,0,0,0,0,1,0,0,0,0,0,0
1,5565926,1966,936,6,0,0,0,154,0,0,0,6,0,0,0,0,0,0,0,0,0,1,1,0,0,0,0,0
1,5660939,180,53,2,0,0,16,99,0,0,0,15,0,0,0,0,0,0,0,0,0,0,1,0,0,0,0,0
1,4564818,9195,328,20,1,0,5,364,0,0,0,25,2,0,0,0,0,0,0,0,0,1,1,0,0,0,0,0
1,5421878,156,58,1,0,0,88,200,0,0,0,11,0,0,1,0,1,4,0,0,0,0,9,0,1,0,0,0
1,4469005,93,19,2,1,0,527,28,521,0,0,4,1,0,0,0,0,0,0,0,0,1,2,0,0,0,0,0
1,4428970,955,63,6,0,0,2,101,1,0,0,6,0,0,0,0,0,0,0,0,0,0,1,0,0,0,0,0
1,4647129,128,7,0,0,0,6,45,0,0,0,0,0,0,0,0,0,0,1,0,0,0,0,0,0,0,0,0
1,4762022,1833,24,110,1,0,25,1335,1,0,0,756,1,0,0,0,0,0,0,0,0,1,1,0,0,0,0,0
1,4285914,66894,5564,2,0,0,9,288,0,0,0,7,0,0,0,0,0,0,0,0,0,0,1,0,0,0,0,0
1,4836470,91,9,0,0,0,4,65,0,0,0,0,0,0,0,0,0,6,1,0,0,0,0,0,0,0,0,0
1,4663470,126,7,0,0,0,6,42,0,0,0,0,0,0,0,0,0,0,1,0,0,0,0,0,0,0,0,0
1,5578951,1966,936,6,0,0,0,153,0,0,0,6,0,0,0,0,0,0,0,0,0,1,1,0,0,0,0,0
1,4488432,68,7,0,0,0,4,38,0,0,0,0,0,0,0,0,0,3,1,0,0,0,0,0,0,0,0,0
1,4549365,69,7,0,0,0,4,38,0,0,0,0,0,0,0,0,0,3,1,0,0,0,0,0,0,0,0,0
1,4706420,133,10,0,0,0,6,45,0,0,0,0,0,0,0,0,0,0,1,0,0,0,0,0,0,0,0,0
1,4720423,135,7,0,0,0,11,116,0,0,0,0,0,0,0,0,0,0,1,0,0,0,0,0,0,0,0,0
1,4645841,65,6,0,0,0,4,38,0,0,0,0,0,0,0,0,0,3,1,0,0,0,0,0,0,0,0,0
1,4670040,70,7,0,0,0,13,146,0,0,0,0,0,0,0,0,0,12,1,0,0,0,0,0,0,0,0,0
1,4525008,68,7,0,0,0,4,38,0,0,0,0,0,0,0,0,0,3,1,0,0,0,0,0,0,0,0,0
1,5583489,1966,936,6,0,0,0,175,0,0,0,6,0,0,0,0,0,0,0,0,0,1,1,0,0,0,0,0
1,4667236,129,7,0,0,0,6,45,0,0,0,0,0,0,0,0,0,0,1,0,0,0,0,0,0,0,0,0
1,4612514,85,6,0,0,0,4,50,0,0,0,0,0,0,0,0,0,3,1,0,0,0,0,0,0,0,0,0
1,4923102,75,5,0,0,0,4,65,0,0,0,0,0,0,0,0,0,6,1,0,0,0,0,0,0,0,0,0
1,4623586,86,12,0,0,0,4,38,0,0,0,0,0,0,0,0,0,3,1,0,0,0,0,0,0,0,0,0
1,4558284,70,7,0,0,0,4,38,0,0,0,0,0,0,0,0,0,3,1,0,0,0,0,0,0,0,0,0
1,2303311,832,55,1,0,0,0,40,1,0,0,1,0,0,0,0,0,0,0,0,0,1,0,0,0,0,0,0
1,4831214,97,16,0,0,0,16,123,0,0,0,0,0,0,0,0,0,0,1,0,0,0,0,0,0,0,0,0
1,5337041,77,15,2,0,0,28,60,0,0,0,5,0,0,0,0,0,0,2,0,0,0,9,0,0,0,0,0
1,4146060,4767,179,10,0,0,6,1762,0,0,0,45,0,0,0,0,0,0,0,0,0,1,1,0,0,0,0,0
1,2949365,93537,8,1,0,1,5,11,0,0,0,2,0,1,0,0,0,0,0,0,0,0,0,0,0,0,0,0
1,2920833,5038,5000,1,1,1,39,104,0,0,0,12,3,1,0,0,0,0,0,0,0,3,0,0,0,0,0,0
1,5076721,3761,344,10,1,0,27,885,0,0,0,36,2,0,0,0,0,0,0,0,0,1,1,0,0,0,0,0
1,5328116,163,22,2,0,0,15,92,0,0,0,5,0,0,0,0,0,2,0,0,0,0,3,0,0,0,0,0
1,3103251,52765,52758,1,0,1,5,10,0,0,0,2,0,1,0,0,0,0,0,0,0,1,0,0,0,0,0,0
1,5023762,929,5,6,0,0,0,104,1,0,0,6,0,0,0,0,0,0,0,0,0,2,2,0,0,0,0,0
1,3129105,26267,7,1,0,1,5,11,0,0,0,2,0,1,0,0,0,0,0,0,0,0,0,0,0,0,0,0
1,5021814,3312,5,26,0,0,0,433,1,0,0,33,0,0,0,0,0,0,0,0,0,7,6,0,0,0,0,0
1,5012505,1804,120,11,0,1,0,218,0,0,0,12,0,1,0,0,0,0,0,0,0,10,3,0,0,0,0,0
1,4340609,5388,32,19,0,0,0,1245,0,0,0,45,0,0,0,0,0,0,0,0,0,2,2,0,0,0,0,0
1,5313224,163,22,2,0,0,15,95,0,0,0,5,0,0,0,0,0,2,0,0,0,0,3,0,0,0,0,0
1,5043256,12,3,0,0,0,0,2,1,0,0,0,0,0,0,0,0,0,0,0,0,0,0,0,0,0,0,0
1,3380612,3535,92,33,0,1,0,295,1,0,0,44,0,2,5,0,5,8,0,0,0,4,6,0,0,0,0,0
1,3217345,58332,21,1,0,0,60,165,0,0,0,12,0,0,0,0,0,0,0,0,0,7,2,0,0,0,0,0
1,4947885,3536,330,10,1,0,26,1221,0,0,0,35,2,0,0,0,0,0,0,0,0,1,1,0,0,0,0,0
1,5003725,1218,5,10,0,0,0,133,1,0,0,10,0,0,0,0,0,0,0,0,0,1,1,0,0,0,0,0
1,4709824,9432,352,20,1,0,5,379,0,0,0,25,2,0,0,0,0,0,0,0,0,1,1,0,0,0,0,0
1,3546598,150538,16,0,0,0,7,14268,2,0,0,0,0,0,0,0,0,0,0,0,0,0,0,0,0,0,0,0
1,3091115,71341,14,1,0,1,39,106,0,0,0,7,0,1,0,0,0,0,0,0,0,5,1,0,0,0,0,0
1,4713821,6270,143,7,0,0,10,275,0,0,0,20,0,0,0,0,0,0,0,0,0,1,1,0,0,0,0,0
1,5000363,43,4,0,0,0,0,5,1,0,0,0,0,0,0,0,0,0,0,0,0,0,1,0,0,0,0,0
1,3499336,245605,116850,4,0,0,0,25,0,0,0,4,0,0,0,0,0,0,0,0,0,0,0,0,0,0,0,0
1,4519202,68,7,0,0,0,4,38,0,0,0,0,0,0,0,0,0,3,1,0,0,0,0,0,0,0,0,0
1,5016023,1564,132,7,0,0,0,258,0,0,0,11,0,0,0,0,0,0,0,0,0,3,2,0,0,0,0,0
1,5560313,1966,936,6,0,0,0,167,0,0,0,6,0,0,0,0,0,0,0,0,0,1,1,0,0,0,0,0
1,5014713,1843,124,6,0,0,0,263,0,0,0,11,0,0,1,0,1,0,0,0,0,8,2,0,0,0,0,0
1,5580941,1966,936,6,0,0,0,175,0,0,0,6,0,0,0,0,0,0,0,0,0,1,1,0,0,0,0,0
1,5126541,3357,84,11,0,0,0,405,0,0,0,12,0,0,1,0,1,0,0,0,0,6,0,0,0,0,0,0
1,3508063,245693,116850,4,0,0,0,24,0,0,0,4,0,0,0,0,0,0,0,0,0,0,0,0,0,0,0,0
1,4615012,6518,142,9,1,0,6,293,0,0,0,22,2,0,0,0,0,0,0,0,0,1,1,0,0,0,0,0
1,5580855,1966,936,6,0,0,0,175,0,0,0,6,0,0,0,0,0,0,0,0,0,1,1,0,0,0,0,0
1,5045802,1957,114,10,0,0,0,233,0,0,0,11,0,0,1,0,1,0,0,0,0,4,3,0,0,0,0,0
1,5360674,163,22,2,0,0,15,89,0,0,0,5,0,0,0,0,0,2,0,0,0,0,3,0,0,0,0,0
1,4569540,2832,59,9,0,0,0,312,1,0,0,9,0,0,0,0,0,0,0,0,0,6,1,0,0,0,0,0
1,4992013,230,19,7,1,0,263,173,193,0,0,56,1,0,0,0,0,0,0,0,0,1,2,0,0,0,0,0
1,5018818,3412,345,10,1,0,26,866,0,0,0,35,1,0,0,0,0,0,0,0,0,3,2,0,0,0,0,0
1,2328228,13601,33,18,0,0,0,752,1,0,0,24,0,0,0,0,0,0,0,0,0,3,2,0,0,0,0,0
1,5169957,3014,124,8,0,0,0,360,0,0,0,17,0,0,0,0,0,0,0,0,0,0,4,0,0,0,0,0
1,5676215,107,17,4,2,0,60,386,0,0,0,159,2,0,1,0,1,23,0,0,0,45,0,0,0,0,0,0
1,5028694,1478,38,11,0,0,0,145,1,0,0,11,0,0,0,0,0,0,0,0,0,1,2,0,0,0,0,0
1,5013594,1537,106,9,0,1,0,257,0,0,0,11,0,1,0,0,0,0,0,0,0,7,1,0,0,0,0,0
1,4759093,6262,152,7,0,0,10,271,0,0,0,20,0,0,0,0,0,0,0,0,0,1,1,0,0,0,0,0
1,4648993,71,8,0,0,0,14,194,0,0,0,0,0,0,0,0,0,13,0,0,0,0,0,0,0,0,0,0
1,5163285,62,11,2,0,0,3,18,0,0,0,5,0,0,0,0,0,0,0,0,0,2,0,0,0,0,0,0
1,4485998,829,80,9,0,0,0,131,1,0,0,10,0,0,0,0,0,0,0,0,0,0,0,0,0,0,0,0
1,4509326,69,7,0,0,0,4,38,0,0,0,0,0,0,0,0,0,3,1,0,0,0,0,0,0,0,0,0
1,5114056,1922,87,10,0,0,0,259,0,0,0,11,0,0,0,0,0,0,0,0,0,5,3,0,0,0,0,0
1,5029133,402,5,4,0,0,0,37,1,0,0,4,0,0,0,0,0,0,0,0,0,0,0,0,0,0,0,0
1,4009800,65812,37,1,2,0,120,93,86,0,0,4,6,0,0,0,0,0,0,1,0,2,1,0,0,0,0,0
1,5284439,151,37,3,0,0,1804,368,1292,0,0,389,0,0,0,0,0,0,0,0,0,1,3,0,0,0,0,0
1,5002845,2797,106,27,0,0,0,508,1,0,0,42,0,0,0,0,0,0,0,0,0,10,7,0,0,0,0,0
1,3354639,5900,47,45,0,2,0,1988,0,0,0,292,0,11,7,0,7,0,0,0,0,7,25,0,0,0,0,0
1,5672374,180,53,2,0,0,16,97,0,0,0,15,0,0,0,0,0,0,0,0,0,0,1,0,0,0,0,0
1,3895275,2187,2166,2,0,1,3,20,0,0,0,2,0,1,0,0,0,0,0,0,0,0,1,0,0,0,0,0
1,5670763,107,17,4,2,0,60,386,0,0,0,159,2,0,1,0,1,23,0,0,0,45,0,0,0,0,0,0
1,5009494,43,5,0,0,0,0,7,1,0,0,0,0,0,0,0,0,0,0,0,0,0,0,0,0,0,0,0
1,4713126,9457,351,12,1,0,6,354,0,0,0,23,2,0,0,0,0,0,0,1,0,1,1,0,0,0,0,0
1,5017816,1448,34,12,0,0,0,304,1,0,0,28,0,0,0,0,0,0,0,0,0,3,1,0,0,0,0,0
1,4609783,68,7,0,0,0,4,47,0,0,0,0,0,0,0,0,0,6,1,0,0,0,0,0,0,0,0,0
1,5580202,1966,936,6,0,0,0,150,0,0,0,6,0,0,0,0,0,0,0,0,0,1,1,0,0,0,0,0
1,5014319,2046,5,22,0,0,0,251,1,0,0,25,0,0,0,0,0,0,0,0,0,1,4,0,0,0,0,0
1,5068372,4169,119,8,0,0,0,473,0,0,0,13,0,0,0,0,0,0,0,0,0,0,1,0,0,0,0,0
1,5264623,1849,74,39,0,0,0,185,0,0,0,48,0,0,0,0,0,0,0,0,0,0,1,0,0,0,0,0
1,5177101,821,10,4,0,0,0,135,1,0,0,6,0,0,0,0,0,0,0,0,0,1,0,0,0,0,0,0
1,5037435,1023,5,7,0,0,0,112,1,0,0,7,0,0,0,0,0,0,0,0,0,2,0,0,0,0,0,0
1,4379767,3355,74,23,0,1,0,789,1,0,0,44,0,1,0,0,0,0,0,0,0,6,4,0,0,0,0,0
1,3358964,237409,112980,4,0,0,0,13,0,0,0,4,0,0,0,0,0,0,0,0,0,0,0,0,0,0,0,0
1,5037947,3528,363,10,1,0,31,875,0,0,0,40,2,0,0,0,0,0,0,0,0,2,1,0,0,0,0,0
1,4592078,88,12,0,0,0,4,38,0,0,0,0,0,0,0,0,0,3,1,0,0,0,0,0,0,0,0,0
1,4525516,67,7,0,0,0,4,38,0,0,0,0,0,0,0,0,0,3,1,0,0,0,0,0,0,0,0,0
1,4579155,70,7,0,0,0,4,38,0,0,0,0,0,0,0,0,0,3,1,0,0,0,0,0,0,0,0,0
1,5167974,3018,124,8,0,0,0,358,0,0,0,17,0,0,0,0,0,0,0,0,0,0,5,0,0,0,0,0
1,4518575,76,9,0,0,0,4,38,0,0,0,0,0,0,0,0,0,3,1,0,0,0,0,0,0,0,0,0
1,4384919,124,61,0,0,0,1435,3515,0,0,0,0,0,0,0,0,0,0,0,0,0,0,1,0,0,0,0,0
1,2951396,49473,18,1,0,1,30,75,1,0,0,1,0,1,0,0,0,0,0,0,0,2,3,0,0,0,0,0
1,4479005,67,7,0,0,0,4,38,0,0,0,0,0,0,0,0,0,3,1,0,0,0,0,0,0,0,0,0
1,3324508,70898,35,1,1,0,54,141,0,0,0,3,4,0,0,0,0,0,0,0,0,0,1,0,0,0,0,0
1,5948864,433,72,0,1,0,17,420,2,0,0,0,2,0,0,0,0,0,0,0,1,0,0,0,0,0,0,0
1,3447131,57089,20,1,1,1,51,154,0,0,0,3,4,1,0,0,0,0,0,0,0,1,0,0,0,0,0,0
1,5657928,180,51,2,0,0,16,97,0,0,0,15,0,0,0,0,0,0,0,0,0,0,1,0,0,0,0,0
1,5016967,437,5,4,0,0,0,51,1,0,0,4,0,0,0,0,0,0,0,0,0,0,0,0,0,0,0,0
1,4718841,133,7,0,0,0,6,48,0,0,0,0,0,0,0,0,0,0,1,0,0,0,0,0,0,0,0,0
1,3358901,6184,88,47,0,3,0,1963,0,0,0,283,0,17,4,0,4,0,0,0,0,9,21,0,0,0,0,0
1,4427451,436,4,1,0,0,0,53,1,0,0,1,0,0,0,0,0,0,0,0,0,1,0,0,0,0,0,0
1,5168377,3011,124,8,0,0,0,353,0,0,0,17,0,0,0,0,0,0,0,1,0,0,4,0,0,0,0,0
1,5671139,107,17,4,2,0,60,386,0,0,0,159,2,0,1,0,1,23,0,0,0,45,0,0,0,0,0,0
1,5029676,1584,114,7,0,0,0,240,0,0,0,12,0,0,1,0,1,0,0,0,0,7,2,0,0,0,0,0
1,4999554,1788,120,10,0,0,0,234,0,0,0,12,0,0,0,0,0,0,0,0,0,7,2,0,0,0,0,0
1,5036124,627,5,1,0,0,0,61,1,0,0,1,0,0,0,0,0,0,0,0,0,1,3,0,0,0,0,0
1,4665843,128,7,0,0,0,6,45,0,0,0,0,0,0,0,0,0,0,1,0,0,0,0,0,0,0,0,0
1,4440653,1902,49,12,0,0,0,203,1,0,0,12,0,0,0,0,0,0,0,0,0,2,1,0,0,0,0,0
1,5078498,2043,5,9,0,0,0,249,1,0,0,9,0,0,1,0,1,0,0,0,0,4,1,0,0,0,0,0
1,5031954,954,86,8,0,0,0,221,1,0,0,20,0,0,0,0,0,0,0,0,0,5,1,0,0,0,0,0
1,4123451,10570,156,11,0,0,6,764,0,0,0,39,0,0,0,0,0,0,0,0,0,1,1,0,0,0,0,0
1,4564632,69,7,0,0,0,4,38,0,0,0,0,0,0,0,0,0,3,1,0,0,0,0,0,0,0,0,0
1,5671395,107,17,4,2,0,60,384,0,0,0,159,2,0,1,0,1,23,0,0,0,43,0,0,0,0,0,0
1,4540393,68,7,0,0,0,4,38,0,0,0,0,0,0,0,0,0,3,1,0,0,0,0,0,0,0,0,0
1,5025596,786,5,3,0,0,0,93,1,0,0,3,0,0,0,0,0,0,0,0,0,1,1,0,0,0,0,0
1,5012589,1624,104,9,0,1,0,232,0,0,0,11,0,1,0,0,0,0,0,0,0,6,3,0,0,0,0,0
1,4542376,70,7,0,0,0,4,38,0,0,0,0,0,0,0,0,0,3,1,0,0,0,0,0,0,0,0,0
1,3596930,577,8,0,0,1,0,3,0,0,0,0,0,1,0,0,0,0,0,0,0,1,1,0,0,0,0,0
1,4619100,127,7,0,0,0,6,45,0,0,0,0,0,0,0,0,0,0,1,0,0,0,0,0,0,0,0,0
1,5778217,458761,311798,5,1,1,3,5366,1,0,0,13,1,3,0,0,0,0,0,0,0,4,1,0,0,0,0,0
1,4494509,67,7,0,0,0,4,38,0,0,0,0,0,0,0,0,0,3,1,0,0,0,0,0,0,0,0,0
1,5016073,1689,47,16,0,0,0,393,1,0,0,31,0,0,0,0,0,0,0,0,0,8,4,0,0,0,0,0
1,5003281,4216,26,33,0,0,0,646,1,0,0,51,0,0,0,0,0,0,0,0,0,5,7,0,0,0,0,0
1,3657065,41891,37,7,5,1,69,218,0,0,0,38,21,1,0,0,0,0,0,0,0,1,1,0,0,0,0,0
1,5102155,2119,87,12,0,0,0,239,0,0,0,12,0,0,0,0,0,0,0,0,0,5,2,0,0,0,0,0
1,4091623,4913,166,10,0,0,6,1824,0,0,0,45,0,0,0,0,0,0,0,0,0,1,1,0,0,0,0,0
1,4147068,10294,169,11,0,0,6,764,0,0,0,39,0,0,0,0,0,0,0,0,0,1,1,0,0,0,0,0
1,5169062,3017,124,8,0,0,0,358,0,0,0,17,0,0,0,0,0,0,0,0,0,0,4,0,0,0,0,0
1,5030536,2275,130,11,0,0,0,257,0,0,0,11,0,0,2,0,2,0,0,0,0,5,3,0,0,0,0,0
1,5172122,3015,124,8,0,0,0,360,0,0,0,17,0,0,0,0,0,0,0,0,0,0,5,0,0,0,0,0
1,5039785,1243,5,10,0,0,0,322,1,0,0,23,0,0,0,0,0,0,0,0,0,6,3,0,0,0,0,0
1,4621803,65,6,0,0,0,4,38,0,0,0,0,0,0,0,0,0,3,1,0,0,0,0,0,0,0,0,0
1,5014154,2777,69,26,0,0,0,529,1,0,0,43,0,0,0,0,0,0,0,0,0,2,4,0,0,0,0,0
1,3356374,4145,34,25,0,3,0,541,1,0,0,70,0,5,4,0,4,0,0,0,0,9,11,0,0,0,0,0
1,5684992,180,51,2,0,0,16,96,0,0,0,15,0,0,0,0,0,0,0,0,0,0,1,0,0,0,0,0
1,4432249,591,60,4,0,0,0,94,1,0,0,7,0,0,0,0,0,0,0,0,0,1,0,0,0,0,0,0
1,5671101,107,17,4,2,0,60,384,0,0,0,159,2,0,1,0,1,23,0,0,0,43,0,0,0,0,0,0
1,5020283,3805,95,31,0,0,0,1031,1,0,0,83,0,0,0,0,0,0,0,0,0,12,8,0,0,0,0,0
1,5069753,3395,356,10,1,0,29,891,0,0,0,38,2,0,0,0,0,0,0,0,0,1,1,0,0,0,0,0
1,5048394,2164,114,9,0,0,0,276,0,0,0,12,0,0,0,0,0,0,0,0,0,7,2,0,0,0,0,0
1,3797914,32,8,1,0,0,6181,15,6171,0,0,5,0,0,0,0,0,0,0,0,0,1,2,0,0,0,0,0
1,5597539,1942,912,6,0,0,0,156,0,0,0,6,0,0,0,0,0,0,0,0,0,1,1,0,0,0,0,0
1,4428223,4997,94,22,0,0,0,557,1,0,0,22,0,0,0,0,0,0,0,0,0,8,1,0,0,0,0,0
1,5156250,62,11,2,0,0,3,18,0,0,0,5,0,0,0,0,0,0,0,0,0,2,0,0,0,0,0,0
1,4909831,8760,330,17,1,0,5,353,0,0,0,25,2,0,0,0,0,0,0,0,0,1,1,0,0,0,0,0
1,3406479,2781,50,22,0,0,0,341,1,0,0,54,0,0,6,0,6,0,0,0,0,3,7,0,0,0,0,0
1,2311567,6659,63,18,0,0,0,1101,1,0,0,61,0,0,0,0,0,0,0,0,0,5,1,0,0,0,0,0
1,4736369,121,7,0,0,0,6,45,0,0,0,0,0,0,0,0,0,0,1,0,0,0,0,0,0,0,0,0
1,4525516,67,7,0,0,0,4,38,0,0,0,0,0,0,0,0,0,3,1,0,0,0,0,0,0,0,0,0
1,4705366,120,7,0,0,0,6,42,0,0,0,0,0,0,0,0,0,0,1,0,0,0,0,0,0,0,0,0
1,5676691,107,17,4,2,0,60,386,0,0,0,159,2,0,1,0,1,23,0,0,0,45,0,0,0,0,0,0
1,2308837,11172,59,17,0,0,0,518,1,0,0,17,0,0,0,0,0,0,0,0,0,3,3,0,0,0,0,0
1,5172354,134,29,3,1,0,741,203,444,0,0,166,1,0,0,0,0,0,0,0,0,2,2,0,0,0,0,0
1,5670924,107,17,4,2,0,60,384,0,0,0,159,2,0,1,0,1,23,0,0,0,43,0,0,0,0,0,0
1,5675881,107,17,4,2,0,60,386,0,0,0,159,2,0,1,0,1,23,0,0,0,45,0,0,0,0,0,0
1,3382569,4400,99,38,0,2,0,829,1,0,0,130,0,6,4,0,4,2,0,0,0,5,23,0,0,0,0,0
1,5676421,107,17,4,2,0,60,386,0,0,0,159,2,0,1,0,1,23,0,0,0,45,0,0,0,0,0,0
1,5028447,1658,126,9,0,0,0,211,0,0,0,11,0,0,0,0,0,0,0,0,0,4,3,0,0,0,0,0
1,3339605,193264,9,1,0,1,5,14,0,0,0,2,0,1,0,0,0,0,0,0,0,1,0,0,0,0,0,0
1,4630132,69,7,0,0,0,13,146,0,0,0,0,0,0,0,0,0,12,1,0,0,0,0,0,0,0,0,0
1,5089607,4889,187,9,0,0,0,409,0,0,0,18,0,0,0,0,0,0,0,0,0,0,3,0,0,0,0,0
1,5789614,72,72,0,0,0,360,409,0,0,0,0,0,0,0,0,0,0,0,0,0,0,0,0,0,0,0,0
1,4711088,6365,127,9,1,0,6,289,0,0,0,22,2,0,0,0,0,0,0,0,0,1,1,0,0,0,0,0
1,5019668,3707,71,33,0,0,0,597,1,0,0,50,0,0,0,0,0,0,0,0,0,6,7,0,0,0,0,0
1,4713893,66,6,0,0,0,14,158,0,0,0,0,0,0,0,0,0,13,1,0,0,0,0,0,0,0,0,0
1,5673504,107,17,4,2,0,60,386,0,0,0,159,2,0,1,0,1,23,0,0,0,45,0,0,0,0,0,0
1,5025363,552,5,4,0,0,0,158,1,0,0,11,0,0,0,0,0,0,0,0,0,1,1,0,0,0,0,0
1,5216436,2402,99,8,0,0,0,331,0,0,0,17,0,0,0,0,0,0,0,0,0,0,4,0,0,0,0,0
1,2316401,4871,37,8,0,0,0,386,1,0,0,14,0,0,0,0,0,0,0,0,0,3,2,0,0,0,0,0
1,5020333,1040,34,8,0,0,0,173,1,0,0,12,0,0,0,0,0,0,0,0,0,1,4,0,0,0,0,0
1,5654286,180,53,2,0,0,16,97,0,0,0,15,0,0,0,0,0,0,0,0,0,0,1,0,0,0,0,0
1,5014664,1255,34,12,0,0,0,195,1,0,0,15,0,0,0,0,0,0,0,0,0,1,4,0,0,0,0,0
1,5786606,0,0,0,0,0,0,0,1,0,0,0,0,0,0,0,0,0,0,0,0,0,0,0,0,0,0,0
1,5224782,2442,99,8,0,0,0,345,0,0,0,17,0,0,0,0,0,0,0,0,0,0,4,0,0,0,0,0
1,5053181,1833,114,10,0,0,0,259,0,0,0,12,0,0,0,0,0,0,0,0,0,8,2,0,0,0,0,0
1,4448832,2708,76,26,0,0,0,296,1,0,0,26,0,0,0,0,0,0,0,0,0,5,1,0,0,0,0,0
1,5168253,2993,124,8,0,0,0,356,0,0,0,17,0,0,0,0,0,0,0,0,0,0,4,0,0,0,0,0
1,5037634,1153,5,10,0,0,0,394,1,0,0,30,0,0,0,0,0,0,0,0,0,7,5,0,0,0,0,0
1,4853120,93,8,0,0,0,11,229,0,0,0,0,0,0,0,0,0,20,1,0,0,0,0,0,0,0,0,0
1,4723319,126,18,0,0,0,11,209,0,0,0,0,0,0,0,0,0,20,1,0,0,0,0,0,0,0,0,0
1,4789930,108,22,0,0,0,11,209,0,0,0,0,0,0,0,0,0,20,1,0,0,0,0,0,0,0,0,0
1,4946289,1299,116,9,0,0,0,55,0,0,0,13,0,0,0,0,0,0,0,0,0,4,0,0,0,0,0,0
1,5174777,3007,124,8,0,0,0,351,0,0,0,17,0,0,0,0,0,0,0,0,0,0,4,0,0,0,0,0
1,5026228,2522,5,19,0,0,0,266,1,0,0,19,0,0,1,0,1,0,0,0,0,5,2,0,0,0,0,0
1,5661206,180,51,2,0,0,16,98,0,0,0,15,0,0,0,0,0,0,0,0,0,0,1,0,0,0,0,0
1,4436858,1770,40,10,0,0,0,200,1,0,0,10,0,0,0,0,0,0,0,0,0,0,0,0,0,0,0,0
1,5342735,165,22,2,0,0,15,95,0,0,0,5,0,0,0,0,0,2,0,0,0,0,3,0,0,0,0,0
1,4605250,64,6,0,0,0,12,134,0,0,0,0,0,0,0,0,0,11,1,0,0,0,0,0,0,0,0,0
1,4420780,2963,24,11,0,0,0,336,1,0,0,11,0,0,0,0,0,0,0,0,0,2,0,0,0,0,0,0
