objid,ra,dec,u,g,r,i,z,run,rerun,camcol,field,specobjid,label,redshift,plate,mjd,fiberid
1.23765e+18,183.5313257,0.08969303,19.47406,17.0424,15.94699,15.50342,15.22531,752,301,4,267,3.72236e+18,STAR,-8.96e-06,3306,54922,491
1.23765e+18,183.5983705,0.135285032,18.6628,17.21449,16.67637,16.48922,16.3915,752,301,4,267,3.63814e+17,STAR,-5.49e-05,323,51615,541
1.23765e+18,183.6802074,0.126185092,19.38298,18.19169,17.47428,17.08732,16.80125,752,301,4,268,3.23274e+17,GALAXY,0.1231112,287,52023,513
1.23765e+18,183.8705294,0.049910685,17.76536,16.60272,16.16116,15.98233,15.90438,752,301,4,269,3.72237e+18,STAR,-0.000110616,3306,54922,510
1.23765e+18,183.8832883,0.102556752,17.55025,16.26342,16.43869,16.55492,16.61326,752,301,4,269,3.72237e+18,STAR,0.000590357,3306,54922,512
1.23765e+18,183.8471736,0.173694164,19.43133,18.46779,18.16451,18.01475,18.04155,752,301,4,269,3.64955e+17,STAR,0.000314603,324,51666,594
1.23765e+18,183.864379,0.019200711,19.38322,17.88995,17.10537,16.66393,16.36955,752,301,4,269,3.23287e+17,GALAXY,0.1002423,287,52023,559
1.23765e+18,183.9000814,0.187473297,18.97993,17.84496,17.38022,17.20673,17.07071,752,301,4,269,3.72237e+18,STAR,0.000314848,3306,54922,515
1.23765e+18,183.9245885,0.097245782,17.90616,16.97172,16.67541,16.53776,16.47596,752,301,4,270,3.63829e+17,STAR,8.91e-05,323,51615,595
1.23765e+18,183.9734977,0.081625582,18.67249,17.71375,17.49362,17.28284,17.22644,752,301,4,270,3.24369e+17,GALAXY,0.04050813,288,52000,400
1.23765e+18,183.9791945,0.135997822,19.29772,17.80227,17.18266,16.92335,16.79928,752,301,4,270,3.72236e+18,STAR,-3.46e-05,3306,54922,506
1.23765e+18,184.0853311,0.112110022,18.83307,17.51785,16.94273,16.71418,16.60521,752,301,4,271,3.72238e+18,STAR,0.000622774,3306,54922,547
1.23765e+18,184.1020979,0.191510916,19.5625,18.19113,17.65759,17.47573,17.39203,752,301,4,271,3.72237e+18,STAR,5.47e-05,3306,54922,544
1.23765e+18,184.1605102,0.075645313,19.5799,17.72815,16.9874,16.68076,16.50426,752,301,4,271,3.72238e+18,STAR,8.3e-06,3306,54922,546
1.23765e+18,184.1895738,0.099482468,19.25667,17.54869,16.63578,16.14922,15.76639,752,301,4,271,3.24366e+17,GALAXY,0.07208736,288,52000,389
1.23765e+18,184.3506466,0.207229523,18.73832,18.60962,18.39696,18.31174,17.97663,752,301,4,272,3.23295e+17,QSO,0.2719369,287,52023,587
1.23765e+18,184.2217972,0.046955181,19.05958,18.09512,17.92766,17.8927,17.90772,752,301,4,272,3.64801e+17,STAR,0.000209974,324,51666,35
1.23765e+18,184.2456643,0.198257077,19.22143,19.30248,19.13823,19.11351,19.23454,752,301,4,272,3.23294e+17,QSO,1.178098,287,52023,583
1.23765e+18,184.3888696,0.068287428,19.04397,17.51106,16.87335,16.61114,16.48303,752,301,4,273,3.63838e+17,STAR,0.000240098,323,51615,628
1.23765e+18,184.3809191,0.17432277,17.81661,16.86976,16.53884,16.19576,16.08668,752,301,4,273,3.23307e+17,GALAXY,0.07277206,287,52023,632
1.23765e+18,184.4668531,0.111965321,19.3932,18.48274,18.16551,18.05122,18.04328,752,301,4,273,3.64963e+17,STAR,-0.000270218,324,51666,623
1.23765e+18,184.5694109,0.137091485,17.51339,16.41793,16.06695,15.93751,15.89478,752,301,4,274,3.24377e+17,STAR,-3.55e-05,288,52000,430
1.23765e+18,184.6541703,0.122673446,19.07731,18.64518,18.49678,18.52677,18.45765,752,301,4,274,3.24375e+17,QSO,0.9251733,288,52000,421
1.23765e+18,184.6587955,0.159935507,18.63032,17.23437,16.72749,16.51772,16.44039,752,301,4,274,2.88015e+18,STAR,4.31e-06,2558,54140,356
1.23765e+18,184.5168342,0.145549586,19.21684,18.29956,18.19589,18.14758,18.26658,752,301,4,274,3.72239e+18,STAR,8.8e-05,3306,54922,595
1.23765e+18,184.6185631,0.080576269,19.4127,17.47109,16.4987,16.06502,15.66848,752,301,4,274,3.24379e+17,GALAXY,0.1167829,288,52000,437
1.23765e+18,184.6274079,0.013234086,18.48543,17.339,16.90179,16.66712,16.48684,752,301,4,274,3.23308e+17,GALAXY,0.02129653,287,52023,637
1.23765e+18,184.6767619,0.059441869,17.72835,16.19783,15.66073,15.51586,15.43615,752,301,4,275,2.88015e+18,STAR,0.000175365,2558,54140,358
1.23765e+18,184.7119696,0.066571901,17.70824,16.61069,16.19772,16.0625,16.00229,752,301,4,275,3.7224e+18,STAR,0.00017238,3306,54922,632
1.23765e+18,184.7702039,0.19801005,18.18974,17.23738,16.89113,16.75727,16.71052,752,301,4,275,2.88015e+18,STAR,0.000519808,2558,54140,349
1.23765e+18,184.7826977,0.140979369,19.0764,17.78953,16.98818,16.60519,16.27859,752,301,4,275,3.24389e+17,GALAXY,0.1169446,288,52000,474
1.23765e+18,184.7651553,0.080985794,19.18013,18.07133,17.71771,17.48797,17.55667,752,301,4,275,3.24389e+17,GALAXY,0.06807999,288,52000,471
1.23765e+18,184.8635981,0.143469363,18.38848,17.00188,16.37884,16.16978,16.0124,752,301,4,276,2.88015e+18,STAR,0.000135947,2558,54140,341
1.23765e+18,184.8641903,0.143441662,17.93407,16.64581,16.22206,16.07029,16.06046,752,301,4,276,2.89142e+18,STAR,0.000158087,2568,54153,383
1.23765e+18,184.8755286,0.033060812,19.03059,18.10673,17.82561,17.71227,17.6878,752,301,4,276,2.88015e+18,STAR,-0.000167378,2558,54140,355
1.23765e+18,184.8763144,0.185151372,18.12978,17.17421,16.75108,16.5884,16.48527,752,301,4,276,2.88016e+18,STAR,0.000692428,2558,54140,387
1.23765e+18,184.9569855,0.156360267,18.15079,16.77761,16.2215,16.02345,15.91957,752,301,4,276,2.88016e+18,STAR,0.000304361,2558,54140,386
1.23765e+18,184.8321997,0.044306547,19.52092,17.58562,16.4269,15.94473,15.56269,752,301,4,276,3.24391e+17,GALAXY,0.1506381,288,52000,479
1.23765e+18,184.9722153,0.097754241,18.90592,17.46608,16.85369,16.58687,16.41878,752,301,4,277,2.88016e+18,STAR,0.00057828,2558,54140,395
1.23765e+18,184.9942751,0.109160933,17.7019,16.76073,16.48746,16.38173,16.33654,752,301,4,277,2.88016e+18,STAR,0.000704736,2558,54140,400
1.23765e+18,185.0012555,0.069723829,18.85351,17.97745,17.6112,17.45679,17.40576,752,301,4,277,4.33026e+18,STAR,-0.000676195,3846,55327,160
1.23765e+18,185.0650695,0.142442894,18.75478,17.58247,17.08046,16.87063,16.75911,752,301,4,277,2.88016e+18,STAR,-0.000503256,2558,54140,390
1.23765e+18,185.0859131,0.099953851,18.33616,17.30684,16.92903,16.78272,16.73807,752,301,4,277,2.88016e+18,STAR,7.61e-05,2558,54140,397
1.23765e+18,185.0273854,0.095346099,19.1713,18.01316,17.42493,17.04493,16.82237,752,301,4,277,3.24396e+17,GALAXY,0.1183854,288,52000,496
1.23765e+18,185.0363883,0.17667755,19.12083,17.92189,17.18494,16.7895,16.52258,752,301,4,277,3.244e+17,GALAXY,0.1575296,288,52000,514
1.23765e+18,185.1643757,0.074358069,17.55001,17.42367,17.35734,17.19343,16.97589,752,301,4,278,3.24401e+17,QSO,2.044347,288,52000,516
1.23765e+18,185.2170514,0.155193816,18.89707,18.04519,17.7501,17.6378,17.6124,752,301,4,278,2.88017e+18,STAR,0.000250291,2558,54140,431
1.23765e+18,185.1367288,0.071514063,19.48347,17.51522,16.31651,15.83499,15.4368,752,301,4,278,3.24397e+17,GALAXY,0.1585163,288,52000,502
1.23765e+18,185.2306077,0.010099581,19.31764,18.38629,18.12009,17.9998,17.93916,752,301,4,278,2.89139e+18,STAR,0.000576704,2568,54153,270
1.23765e+18,185.3772509,0.200803727,17.964,16.39632,15.74191,15.4828,15.32453,752,301,4,279,2.88017e+18,STAR,0.000349798,2558,54140,422
1.23765e+18,159.6249648,-0.62071445,19.19383,18.20278,17.90109,17.77634,17.74759,756,301,2,293,4.24595e+18,STAR,-0.000256492,3771,55544,664
1.23765e+18,159.7978416,-0.557196466,19.19752,18.07471,17.76889,17.6148,17.49577,756,301,2,294,3.0856e+17,GALAXY,0.02335118,274,51913,229
1.23765e+18,159.8033022,-0.535038616,19.26627,18.16093,17.59907,17.2172,17.06311,756,301,2,294,3.08557e+17,GALAXY,0.1236402,274,51913,221
1.23765e+18,159.8475235,-0.5342664,19.38251,17.92302,17.11018,16.66492,16.34558,756,301,2,294,3.08548e+17,GALAXY,0.1141676,274,51913,186
1.23765e+18,159.9393455,-0.609184323,19.48702,18.51823,18.18637,18.06704,18.05865,756,301,2,295,4.3156e+18,STAR,0.000790241,3833,55290,98
1.23765e+18,160.0342636,-0.421625751,19.2634,17.67693,16.82551,16.42307,16.13864,756,301,2,295,3.08551e+17,GALAXY,0.1330486,274,51913,198
1.23765e+18,160.0351619,-0.599992669,19.31866,18.27407,17.74884,17.41618,17.24165,756,301,2,295,3.08547e+17,GALAXY,0.07470067,274,51913,184
1.23765e+18,160.1442091,-0.489329778,18.73682,17.65075,17.23958,17.07875,17.03255,756,301,2,296,3.08542e+17,STAR,0.000106767,274,51913,164
1.23765e+18,160.119405,-0.61813005,19.29416,17.97134,17.26079,16.86013,16.56031,756,301,2,296,3.08541e+17,GALAXY,0.08692535,274,51913,163
1.23765e+18,160.2275468,-0.433199867,19.48611,17.93822,17.21548,16.82853,16.53911,756,301,2,297,3.09705e+17,GALAXY,0.1335348,275,51910,301
1.23765e+18,160.2486687,-0.579992361,19.31804,17.30973,16.17525,15.69015,15.31261,756,301,2,297,3.09702e+17,GALAXY,0.1370104,275,51910,291
1.23765e+18,160.3831151,-0.459235231,19.29157,17.3125,16.17862,15.70898,15.31378,756,301,2,298,3.09709e+17,GALAXY,0.1373722,275,51910,314
1.23765e+18,160.3848058,-0.586704796,19.52565,19.29625,18.95885,18.52108,18.57694,756,301,2,298,3.097e+17,QSO,0.1346428,275,51910,281
1.23765e+18,160.4339517,-0.608481498,19.38467,18.59734,18.12431,17.74761,17.63823,756,301,2,298,3.09705e+17,GALAXY,0.1321922,275,51910,300
1.23765e+18,160.4436424,-0.600549712,18.27173,17.0717,16.65145,16.39055,16.27766,756,301,2,298,3.08536e+17,GALAXY,0.03641907,274,51913,144
1.23765e+18,160.4534919,-0.617038417,19.10892,17.76311,16.91794,16.47233,16.19134,756,301,2,298,3.08539e+17,GALAXY,0.1383506,274,51913,154
1.23765e+18,160.6582067,-0.439603952,17.78707,16.12342,15.48934,15.2674,15.14027,756,301,2,299,2.88126e+18,STAR,0.000149526,2559,54208,311
1.23765e+18,160.6754542,-0.559791088,17.54073,15.83706,15.15225,14.91498,14.82364,756,301,2,300,2.88127e+18,STAR,0.000236645,2559,54208,320
1.23765e+18,160.7170039,-0.609533502,18.44119,17.54684,17.27727,17.1878,17.20361,756,301,2,300,2.88126e+18,STAR,-0.000114203,2559,54208,285
1.23765e+18,160.7303546,-0.521740212,19.13281,17.80045,17.2643,17.07242,16.98861,756,301,2,300,2.88126e+18,STAR,0.000186468,2559,54208,314
1.23765e+18,160.8121077,-0.520466085,19.42387,18.24594,18.31933,18.40867,18.52614,756,301,2,300,2.89252e+18,STAR,0.000830783,2569,54234,313
1.23765e+18,160.8166374,-0.557673714,17.95812,16.9013,16.52805,16.39926,16.37399,756,301,2,300,2.68986e+18,STAR,-7.66e-05,2389,54213,312
1.23765e+18,160.8202892,-0.52224098,16.344,14.85487,14.29812,14.12055,14.08315,756,301,2,300,2.88126e+18,STAR,-4.79e-05,2559,54208,313
1.23765e+18,160.7014882,-0.445422709,19.34314,18.12056,17.55584,17.19446,16.9961,756,301,2,300,3.09694e+17,GALAXY,0.08592108,275,51910,261
1.23765e+18,160.8486802,-0.627079872,17.73398,16.84657,16.57527,16.48237,16.4738,756,301,2,301,2.88126e+18,STAR,0.000700168,2559,54208,300
1.23765e+18,160.93824,-0.423246618,17.37104,15.78487,14.98982,14.58674,14.25872,756,301,2,301,3.09695e+17,GALAXY,0.03910941,275,51910,263
1.23765e+18,160.936366,-0.421334413,19.51073,18.05851,17.59638,17.33996,17.29404,756,301,2,301,3.08514e+17,GALAXY,0.03917867,274,51913,65
1.23765e+18,160.8619387,-0.422734986,19.44424,18.23033,17.64066,17.2346,17.04825,756,301,2,301,3.09696e+17,GALAXY,0.1273446,275,51910,267
1.23765e+18,160.878832,-0.584109529,19.11186,17.90859,17.40774,17.19731,17.05761,756,301,2,301,3.08516e+17,GALAXY,0.0190457,274,51913,70
1.23765e+18,160.9913453,-0.507477148,18.6673,16.70426,15.81967,15.40313,15.06115,756,301,2,302,3.09695e+17,GALAXY,0.05955937,275,51910,265
1.23765e+18,160.9953137,-0.478531394,19.04517,17.87662,17.49664,17.37287,17.33316,756,301,2,302,3.09696e+17,STAR,6.1e-05,275,51910,268
1.23765e+18,160.9977374,-0.468998759,17.94459,16.51015,15.8354,15.40969,15.10252,756,301,2,302,3.08516e+17,GALAXY,0.06012432,274,51913,69
1.23765e+18,161.0084679,-0.57896477,17.3725,16.25937,15.88727,15.75644,15.71021,756,301,2,302,2.88126e+18,STAR,-0.000187248,2559,54208,301
1.23765e+18,161.0623439,-0.494714915,16.45379,15.02962,14.56318,14.40143,14.359,756,301,2,302,2.88125e+18,STAR,-4.96e-05,2559,54208,265
1.23765e+18,161.0900299,-0.612438382,19.26927,18.24939,17.96535,17.83665,17.80351,756,301,2,302,2.89251e+18,STAR,0.000899142,2569,54234,262
1.23765e+18,161.094801,-0.452049786,17.8271,16.23793,15.67866,15.49427,15.41664,756,301,2,302,2.88125e+18,STAR,-7.84e-05,2559,54208,267
1.23765e+18,161.115243,-0.575633407,17.88776,16.52607,16.03367,15.85057,15.80518,756,301,2,302,2.68985e+18,STAR,0.000107983,2389,54213,268
1.23765e+18,160.9911005,-0.561372535,19.58396,17.64963,16.73063,16.29203,15.94702,756,301,2,302,3.09692e+17,GALAXY,0.06164807,275,51910,251
1.23765e+18,160.9981591,-0.588311672,18.1781,16.13568,15.28753,14.89827,14.56479,756,301,2,302,3.08504e+17,GALAXY,0.06063098,274,51913,26
1.23765e+18,160.996765,-0.588244892,18.38625,16.39808,15.40492,14.88012,14.50048,756,301,2,302,3.09693e+17,GALAXY,0.06067357,275,51910,255
1.23765e+18,161.0643247,-0.484587014,18.77188,17.15955,16.35564,15.94145,15.65799,756,301,2,302,3.08506e+17,GALAXY,0.0603932,274,51913,34
1.23765e+18,161.1335288,-0.569857253,16.63374,15.54072,15.18744,15.06259,15.03905,756,301,2,303,2.88125e+18,STAR,0.000450099,2559,54208,261
1.23765e+18,161.1805844,-0.456397413,17.14849,15.83151,15.35753,15.18887,15.12737,756,301,2,303,2.88125e+18,STAR,0.000161562,2559,54208,269
1.23765e+18,161.2107488,-0.433373886,16.23113,15.20485,14.95443,14.8674,14.86301,756,301,2,303,2.88125e+18,STAR,-0.000111743,2559,54208,277
1.23765e+18,161.2265355,-0.470463619,18.56268,17.14623,16.5559,16.29699,16.157,756,301,2,303,2.88125e+18,STAR,0.000657249,2559,54208,279
1.23765e+18,161.255471,-0.531927477,17.47383,16.41803,16.07634,15.96205,15.90247,756,301,2,303,2.88124e+18,STAR,-0.000287019,2559,54208,228
1.23765e+18,161.1426397,-0.434574053,19.38031,18.07652,17.34212,16.86341,16.50079,756,301,2,303,3.08504e+17,GALAXY,0.08483262,274,51913,28
1.23765e+18,161.1642017,-0.434453905,19.05616,17.70945,16.99192,16.54076,16.26619,756,301,2,303,3.09698e+17,GALAXY,0.08539017,275,51910,276
1.23765e+18,161.1736817,-0.503545461,18.95158,17.47266,16.70008,16.29777,15.99012,756,301,2,303,3.09697e+17,GALAXY,0.1161265,275,51910,270
1.23765e+18,161.0737895,-0.89274034,19.11236,17.92701,17.42347,17.0868,16.83476,756,301,1,302,3.09681e+17,GALAXY,0.03869415,275,51910,211
1.23765e+18,161.0244718,-0.962380281,18.86752,17.33773,16.80683,16.55789,16.38996,756,301,1,302,3.0969e+17,GALAXY,0.02655639,275,51910,245
1.23765e+18,161.1941229,-1.023623943,18.95785,18.08318,17.78178,17.65689,17.61821,756,301,1,303,2.88125e+18,STAR,0.00088935,2559,54208,256
1.23765e+18,161.238814,-0.840751357,17.80041,16.46003,15.90095,15.66963,15.53772,756,301,1,303,2.88126e+18,STAR,0.000386423,2559,54208,298
1.23765e+18,161.2480303,-0.958166789,18.76266,17.25724,16.68513,16.47563,16.38993,756,301,1,303,2.88125e+18,STAR,0.00018398,2559,54208,260
1.23765e+18,161.2734198,-0.996668901,16.82701,15.30022,14.73089,14.5436,14.44859,756,301,1,304,2.88125e+18,STAR,3.98e-05,2559,54208,259
1.23765e+18,161.3031007,-0.964276286,19.01558,17.72445,17.18152,16.97813,16.85652,756,301,1,304,2.68984e+18,STAR,0.000365554,2389,54213,243
1.23765e+18,161.3075532,-1.046361578,17.72604,17.4621,17.24036,17.21479,17.09174,756,301,1,304,4.26282e+18,QSO,0.9693318,3786,55563,594
1.23765e+18,161.3076233,-0.922529503,18.6769,17.78154,17.52458,17.42232,17.38025,756,301,1,304,2.88125e+18,STAR,0.000182587,2559,54208,244
1.23765e+18,161.3506918,-0.893119394,18.12173,16.84951,16.38322,16.20272,16.10719,756,301,1,304,2.68984e+18,STAR,0.00023867,2389,54213,244
1.23765e+18,161.3585111,-1.020013399,18.68765,18.61862,18.59058,18.50573,18.31973,756,301,1,304,3.09682e+17,QSO,2.093151,275,51910,215
1.23765e+18,161.4256487,-0.991083327,18.82957,17.93844,17.56125,17.39783,17.33559,756,301,1,305,2.88125e+18,STAR,0.000356511,2559,54208,252
1.23765e+18,161.4407033,-0.974533129,17.56939,16.61339,16.2723,16.13031,16.0821,756,301,1,305,2.88124e+18,STAR,0.000332482,2559,54208,210
1.23765e+18,161.4871696,-0.879257492,19.56237,17.59451,16.7141,16.29138,15.95551,756,301,1,305,3.09658e+17,GALAXY,0.08621725,275,51910,129
1.23765e+18,161.5643091,-1.017804433,19.56588,18.63518,18.09855,17.7029,17.48965,756,301,1,305,3.09656e+17,GALAXY,0.06744873,275,51910,122
1.23765e+18,161.5783055,-0.856035602,18.45709,17.05875,16.56312,16.35972,16.28534,756,301,1,306,2.88124e+18,STAR,0.000291299,2559,54208,211
1.23765e+18,161.6803789,-0.875843442,18.0872,16.64009,16.17627,15.98626,15.92437,756,301,1,306,2.68983e+18,STAR,6.27e-05,2389,54213,212
1.23765e+18,161.6933527,-0.923690302,18.20489,17.12961,16.79656,16.62952,16.57625,756,301,1,306,2.88124e+18,STAR,0.000995929,2559,54208,213
1.23765e+18,161.6351321,-0.855769711,19.39882,18.3913,17.85607,17.46761,17.32818,756,301,1,306,3.0966e+17,GALAXY,0.150701,275,51910,138
1.23765e+18,161.7379245,-1.015841899,17.46669,16.36004,15.87807,15.65679,15.56303,756,301,1,307,2.88121e+18,STAR,0.000695604,2559,54208,123
1.23765e+18,161.7416796,-0.987110454,17.66388,18.01819,18.96769,18.32366,16.18336,756,301,1,307,4.26286e+18,STAR,5.17e-05,3786,55563,749
1.23765e+18,161.7416467,-0.846029366,17.70241,17.84848,18.15799,18.38987,18.71965,756,301,1,307,2.71236e+18,STAR,5.78e-05,2409,54210,230
1.23765e+18,161.7408913,-0.97987371,18.53678,17.96047,17.373,17.21301,17.18247,756,301,1,307,3.0966e+17,GALAXY,0.03981317,275,51910,136
1.23765e+18,161.8112567,-1.020950417,19.28844,17.89368,17.29176,17.05897,16.92672,756,301,1,307,2.68981e+18,STAR,-0.000138961,2389,54213,129
1.23765e+18,161.8815501,-0.919919301,17.5803,15.91818,15.3324,15.12888,15.04031,756,301,1,308,2.68981e+18,STAR,7.93e-05,2389,54213,137
1.23765e+18,161.9354758,-0.950524205,17.58302,16.1223,15.61429,15.4367,15.37343,756,301,1,308,2.88121e+18,STAR,9.74e-05,2559,54208,121
1.23765e+18,161.8843346,-0.944497872,18.97204,17.9849,17.66618,17.43481,17.32352,756,301,1,308,3.09645e+17,GALAXY,0.05151358,275,51910,81
1.23765e+18,162.047298,-0.840633793,17.07819,15.49603,14.84319,14.54306,14.38931,756,301,1,309,2.88121e+18,STAR,0.000543499,2559,54208,132
1.23765e+18,162.0813465,-0.941748913,19.43337,18.54425,18.21197,18.07626,17.99902,756,301,1,309,4.31671e+18,STAR,0.000586336,3834,56014,50
1.23765e+18,162.098584,-0.914676301,18.30903,17.08338,16.65224,16.48205,16.39475,756,301,1,309,2.88121e+18,STAR,0.000117847,2559,54208,133
1.23765e+18,162.1200426,-0.96306428,18.2861,18.11478,18.14232,18.02426,18.03402,756,301,1,309,3.09637e+17,QSO,1.741678,275,51910,51
1.23765e+18,162.1613267,-1.041705966,16.67229,15.52946,15.16349,15.04075,15.00277,756,301,1,309,2.8812e+18,STAR,5.17e-05,2559,54208,84
1.23765e+18,162.177631,-1.007117476,18.04392,16.98619,16.67233,16.54937,16.49476,756,301,1,310,2.6898e+18,STAR,0.000264481,2389,54213,86
1.23765e+18,162.19974,-1.01466107,18.85257,17.86745,17.55789,17.43459,17.38357,756,301,1,310,2.6898e+18,STAR,-5.87e-07,2389,54213,88
1.23765e+18,162.2248113,-0.987748767,16.86535,15.81168,15.47238,15.32898,15.27367,756,301,1,310,2.8812e+18,STAR,0.000274919,2559,54208,88
1.23765e+18,162.2465655,-0.918542011,17.71105,16.34725,15.83003,15.60209,15.47698,756,301,1,310,2.6898e+18,STAR,-0.00045622,2389,54213,90
1.23765e+18,162.305639,-1.003780829,19.18404,19.1997,19.1041,18.78402,18.68743,756,301,1,310,3.09625e+17,QSO,2.006571,275,51910,8
1.23765e+18,162.2042136,-0.987362487,17.80165,16.61996,16.1181,15.85237,15.64157,756,301,1,310,3.09634e+17,GALAXY,0.02614697,275,51910,41
1.23765e+18,162.289475,-0.908548805,18.66761,16.83642,15.95352,15.51473,15.16474,756,301,1,310,3.10827e+17,GALAXY,0.03804233,276,51909,287
1.23765e+18,162.3337182,-1.001236825,18.45831,17.09308,16.55146,16.36101,16.27274,756,301,1,311,2.8812e+18,STAR,0.00038865,2559,54208,90
1.23765e+18,162.3451997,-0.846905435,19.45426,17.49314,16.74405,16.50129,16.34002,756,301,1,311,2.6898e+18,STAR,0.000164115,2389,54213,93
1.23765e+18,162.4100525,-0.974669972,17.57672,16.30313,15.82177,15.6353,15.5685,756,301,1,311,2.8812e+18,STAR,0.000326733,2559,54208,87
1.23765e+18,162.4063775,-0.907118295,18.41814,17.17549,16.63656,16.31784,16.1021,756,301,1,311,3.10826e+17,GALAXY,0.03836371,276,51909,282
1.23765e+18,162.4924287,-1.037511669,19.16261,17.45277,16.81324,16.56124,16.44654,756,301,1,312,2.68979e+18,STAR,7.82e-05,2389,54213,53
1.23765e+18,162.588828,-0.87201293,17.37496,16.06552,15.63478,15.48339,15.42321,756,301,1,312,2.68979e+18,STAR,5.26e-05,2389,54213,58
1.23765e+18,162.5862969,-0.873837222,18.81535,16.69037,15.70883,15.31833,14.85697,756,301,1,312,3.10831e+17,GALAXY,0.1074627,276,51909,300
1.23765e+18,162.5985101,-0.990873937,18.02848,16.65369,16.06824,15.82721,15.70943,756,301,1,312,2.68979e+18,STAR,-3.76e-05,2389,54213,43
1.23765e+18,162.6110238,-0.890844709,17.33813,15.96866,15.49672,15.33282,15.27834,756,301,1,312,2.68979e+18,STAR,-4.71e-05,2389,54213,55
1.23765e+18,162.5471497,-1.002056509,19.48367,18.1998,17.55522,17.15322,16.93752,756,301,1,312,3.09624e+17,GALAXY,0.1045614,275,51910,7
1.23765e+18,162.6673956,-0.900916547,16.52364,15.40187,15.08259,14.97577,14.95088,756,301,1,313,2.88119e+18,STAR,0.000263051,2559,54208,58
1.23765e+18,218.7291721,0.458112049,16.97457,15.7859,15.32505,15.16091,15.08877,752,301,5,502,3.45759e+17,STAR,-5.7e-06,307,51663,391
1.23765e+18,218.8321711,0.47572999,16.75927,15.62012,15.041,14.71669,14.44965,752,301,5,503,3.4469e+17,GALAXY,0.02956719,306,51637,599
1.23765e+18,219.083277,0.576226173,18.70255,17.71797,17.34371,17.17482,17.1185,752,301,5,504,3.44697e+17,STAR,2.47e-05,306,51637,625
1.23765e+18,219.1969133,0.627944731,19.54733,18.17471,17.46927,17.09822,16.84518,752,301,5,505,3.45768e+17,GALAXY,0.1097059,307,51663,426
1.23765e+18,219.1376572,0.432899037,19.20287,16.59277,15.70658,15.25103,14.89744,752,301,5,505,3.45768e+17,GALAXY,0.07221484,307,51663,425
1.23765e+18,219.2504009,0.564754111,19.07784,18.06951,17.70663,17.49811,17.31405,752,301,5,506,6.0354e+17,GALAXY,0.03472417,536,52024,209
1.23765e+18,219.5617663,0.547663882,19.06822,17.80601,17.33803,17.16516,17.09147,752,301,5,508,3.45778e+17,STAR,-2.66e-05,307,51663,461
1.23765e+18,219.5819712,0.471852739,18.56313,18.53411,18.38498,18.37235,18.3623,752,301,5,508,3.4578e+17,QSO,1.257948,307,51663,467
1.23765e+18,219.582247,0.595887057,17.89559,16.71264,16.2921,16.1399,16.07841,752,301,5,508,3.45778e+17,STAR,7.05e-05,307,51663,462
1.23765e+18,219.5886352,0.510878933,19.14528,18.19967,17.89295,17.78337,17.73488,752,301,5,508,4.532e+18,STAR,-0.000276482,4025,55350,920
1.23765e+18,219.6611664,0.569298323,19.47595,18.6116,18.52926,18.76056,18.28581,752,301,5,508,3.4578e+17,STAR,-0.000385041,307,51663,468
1.23765e+18,219.6651858,0.441050803,19.29275,19.02275,18.92752,18.85194,18.76428,752,301,5,508,3.45779e+17,QSO,1.971239,307,51663,464
1.23765e+18,219.7797727,0.508632556,17.27438,16.14879,15.72019,15.48375,15.35073,752,301,5,509,3.45785e+17,GALAXY,0.03325611,307,51663,487
1.23765e+18,219.9387246,0.531203465,18.9146,17.67455,16.96098,16.57482,16.29057,752,301,5,510,3.45791e+17,GALAXY,0.116515,307,51663,508
1.23765e+18,220.1224112,0.584089432,16.93221,15.56652,14.92086,14.58185,14.3252,752,301,5,511,3.458e+17,GALAXY,0.03717615,307,51663,541
1.23765e+18,220.1776293,0.606597158,18.73475,17.79811,17.46425,17.34566,17.29465,752,301,5,512,4.52852e+18,STAR,0.000255278,4022,55352,554
1.23765e+18,220.1815105,0.464743603,19.5796,17.68983,16.74287,16.33313,16.0111,752,301,5,512,3.45811e+17,GALAXY,0.1092154,307,51663,582
1.23765e+18,220.2475691,0.561580939,19.33625,17.34765,16.35417,15.91167,15.58279,752,301,5,512,3.45813e+17,GALAXY,0.1087394,307,51663,590
1.23765e+18,220.5992691,0.61894204,18.37159,16.28451,15.44592,15.16673,15.01227,752,301,5,515,3.46868e+17,STAR,-7.05e-05,308,51662,330
1.23765e+18,220.6831889,0.598384718,19.28787,17.52747,16.75908,16.41961,16.23461,752,301,5,515,3.30349e+18,STAR,-4.11e-06,2934,54626,351
1.23765e+18,220.6841228,0.454116001,18.44022,18.02603,17.97474,18.0135,18.12117,752,301,5,515,3.30348e+18,STAR,-5.16e-05,2934,54626,342
1.23765e+18,220.7117312,0.461338753,19.26163,17.71671,17.12826,16.89513,16.79474,752,301,5,515,3.27534e+18,STAR,-0.000233312,2909,54653,343
1.23765e+18,220.7243306,0.502230386,18.72794,17.20167,16.65129,16.43697,16.32,752,301,5,515,3.27534e+18,STAR,-0.000133688,2909,54653,342
1.23765e+18,220.7765893,0.561814348,19.24336,17.86197,17.30386,17.06635,16.94732,752,301,5,516,3.30349e+18,STAR,-0.000180286,2934,54626,353
1.23765e+18,220.8054143,0.589285246,19.57003,17.3458,16.40484,16.05693,15.8713,752,301,5,516,3.30348e+18,STAR,-0.00015097,2934,54626,344
1.23765e+18,220.8102039,0.632124422,19.49442,17.99958,17.41921,17.21484,17.10793,752,301,5,516,3.27533e+18,STAR,-0.000134868,2909,54653,333
1.23765e+18,220.9195257,0.513809061,19.03802,17.42171,16.71644,16.41698,16.23746,752,301,5,517,3.3035e+18,STAR,7.8e-05,2934,54626,385
1.23765e+18,221.0127141,0.463478571,18.75202,17.90223,17.58861,17.45896,17.41188,752,301,5,517,3.27535e+18,STAR,-0.00052212,2909,54653,388
1.23765e+18,221.0113376,0.538007926,19.43955,18.52889,18.24026,18.13412,18.05673,752,301,5,517,4.52858e+18,STAR,-0.000247798,4022,55352,756
1.23765e+18,221.0417383,0.564546475,18.7746,17.64604,17.22892,17.07624,17.01672,752,301,5,518,3.45823e+17,STAR,4.98e-05,307,51663,626
1.23765e+18,221.0641256,0.587618415,17.98792,16.4793,15.89139,15.68964,15.57897,752,301,5,518,3.27534e+18,STAR,-9.23e-05,2909,54653,338
1.23765e+18,221.1327369,0.436973652,18.21947,16.94176,16.4855,16.34868,16.28067,752,301,5,518,3.30351e+18,STAR,9.98e-05,2934,54626,424
1.23765e+18,221.1528564,0.451438122,18.72254,17.38212,16.82234,16.65747,16.55055,752,301,5,518,3.27535e+18,STAR,-1e-05,2909,54653,386
1.23765e+18,221.1632802,0.483958452,17.88442,16.96119,16.64287,16.53269,16.48384,752,301,5,518,3.30351e+18,STAR,3.19e-05,2934,54626,432
1.23765e+18,221.2272293,0.451146308,18.60544,17.67091,17.41983,17.32616,17.2992,752,301,5,519,3.27535e+18,STAR,-0.000504086,2909,54653,389
1.23765e+18,221.2572581,0.476426183,17.59142,16.66143,16.42614,16.34742,16.32363,752,301,5,519,3.27535e+18,STAR,-0.000743644,2909,54653,382
1.23765e+18,221.2637264,0.526978719,17.00244,15.55892,14.93361,14.58515,14.32871,752,301,5,519,3.46905e+17,GALAXY,0.02873155,308,51662,465
1.23765e+18,221.2678582,0.436562846,19.51547,18.58734,18.33786,18.23523,18.24343,752,301,5,519,3.30351e+18,STAR,0.000255486,2934,54626,429
1.23765e+18,221.2777376,0.49473218,19.25605,18.11174,17.34868,16.93481,16.68558,752,301,5,519,3.46906e+17,GALAXY,0.1098084,308,51662,469
1.23765e+18,221.3649932,0.454014692,17.52671,16.10266,15.5727,15.35048,15.24569,752,301,5,520,3.27536e+18,STAR,0.000836224,2909,54653,425
1.23765e+18,221.4417135,0.581083659,18.04508,16.81564,16.39389,16.24002,16.18995,752,301,5,520,3.27535e+18,STAR,0.000249663,2909,54653,376
1.23765e+18,221.4984006,0.597512281,17.43719,16.50009,16.13932,16.01473,15.95873,752,301,5,521,3.27536e+18,STAR,0.000166582,2909,54653,414
1.23765e+18,221.5338532,0.623223399,16.26559,15.31763,15.03526,14.92372,14.86764,752,301,5,521,3.27536e+18,STAR,0.000397916,2909,54653,416
1.23765e+18,221.5625405,0.580158773,17.14242,15.63551,15.02396,14.78998,14.65014,752,301,5,521,3.27536e+18,STAR,-0.000196452,2909,54653,415
1.23765e+18,221.5957744,0.528211211,18.18575,16.91729,16.98115,17.01807,17.02806,752,301,5,521,3.27536e+18,STAR,-0.000381969,2909,54653,427
1.23765e+18,221.5958569,0.480183884,19.23104,18.20884,17.89136,17.78259,17.75736,752,301,5,521,3.30352e+18,STAR,0.000249086,2934,54626,469
1.23765e+18,221.5173497,0.501690543,19.33756,17.0609,16.05876,15.67662,15.44594,752,301,5,521,3.30352e+18,STAR,2.57e-05,2934,54626,470
1.23765e+18,221.6858026,0.541573251,18.76614,17.47334,16.93288,16.72206,16.60205,752,301,5,522,3.30352e+18,STAR,-9.47e-05,2934,54626,488
1.23765e+18,221.6930663,0.430141182,18.2921,17.17186,17.38653,17.5653,17.6834,752,301,5,522,3.27537e+18,STAR,-0.000177157,2909,54653,469
1.23765e+18,221.7061314,0.528685833,19.37555,18.27386,17.7944,17.60329,17.50417,752,301,5,522,3.27537e+18,STAR,-0.000211658,2909,54653,462
1.23765e+18,121.8207518,0.93199037,19.37035,17.34262,16.35286,15.924,15.58903,308,301,5,104,5.34266e+18,GALAXY,0.1019929,4745,55892,975
1.23765e+18,122.0878999,0.843146891,19.05249,17.03777,16.07633,15.63148,15.31245,308,301,5,105,5.3424e+18,GALAXY,0.1015328,4745,55892,18
1.23765e+18,122.8639945,0.896150822,18.20631,16.89692,16.46658,16.31574,16.28902,308,301,5,110,2.31607e+18,STAR,0.00048813,2057,53816,354
1.23765e+18,122.9819452,0.96385693,17.63113,16.55926,16.24861,16.14775,16.13221,308,301,5,111,2.33858e+18,STAR,0.000132041,2077,53846,328
1.23765e+18,122.988638,0.973742938,15.99172,14.98865,14.70003,14.64919,14.50626,308,301,5,111,2.31607e+18,STAR,9.27e-05,2057,53816,352
1.23765e+18,122.9356354,0.899085529,19.37706,18.44093,18.24528,18.19469,18.17668,308,301,5,111,2.33858e+18,STAR,0.000452989,2077,53846,321
1.23765e+18,123.0393857,0.930070447,16.73877,15.68268,15.43654,15.38572,15.40208,308,301,5,112,2.31607e+18,STAR,0.000128369,2057,53816,341
1.23765e+18,123.0202645,0.911874556,16.37119,15.28426,15.05225,14.98734,15.0114,308,301,5,112,2.31607e+18,STAR,5.72e-05,2057,53816,357
1.23765e+18,123.0165354,0.848145359,19.52481,18.21796,17.68045,17.46177,17.37293,308,301,5,112,2.31607e+18,STAR,1.72e-05,2057,53816,355
1.23765e+18,123.2025005,0.905129931,18.6522,17.52927,17.53732,17.58253,17.67018,308,301,5,113,2.31608e+18,STAR,-0.000242254,2057,53816,392
1.23765e+18,123.2678952,0.960993455,16.63293,15.27509,14.61367,14.50841,14.27292,308,301,5,113,2.31609e+18,STAR,-5.54e-05,2057,53816,398
1.23765e+18,123.3488072,0.922523639,16.14538,15.07947,14.84144,14.77282,14.78681,308,301,5,114,2.31608e+18,STAR,0.000239212,2057,53816,381
1.23765e+18,123.4261304,0.881883846,17.84565,16.82412,16.49827,16.38742,16.35545,308,301,5,114,2.31608e+18,STAR,0.000146998,2057,53816,391
1.23765e+18,123.5879603,0.919738666,17.75484,16.59773,16.53687,16.56253,16.61154,308,301,5,115,2.31608e+18,STAR,-7.06e-06,2057,53816,388
1.23765e+18,123.5452677,0.931392114,19.3623,18.1918,17.81977,17.69313,17.61249,308,301,5,115,1.29381e+18,STAR,0.000235469,1149,53003,532
1.23765e+18,123.6127771,0.948787095,18.97095,17.07911,16.13754,15.65789,15.34548,308,301,5,115,5.39105e+18,GALAXY,0.06836422,4788,55889,888
1.23765e+18,123.6735605,0.861348537,16.48326,15.04494,15.04021,14.29518,14.18345,308,301,5,116,2.3161e+18,STAR,0.000224322,2057,53816,438
1.23765e+18,123.7430415,1.006398633,18.98689,17.09758,16.18773,15.7323,15.46169,308,301,5,116,5.39105e+18,GALAXY,0.09046602,4788,55889,892
1.23765e+18,110.0700392,1.218734691,19.42591,18.42443,18.00135,17.79079,17.70945,308,301,6,25,8.38815e+18,STAR,0.000104138,7450,56722,705
1.23765e+18,110.2464537,1.364871806,18.58476,17.2945,16.42206,16.27426,15.89856,308,301,6,26,8.38817e+18,STAR,0.000391139,7450,56722,786
1.23765e+18,110.2753731,1.407069681,19.44881,17.06147,16.09691,15.75754,15.58153,308,301,6,26,8.38817e+18,STAR,0.000127138,7450,56722,782
1.23765e+18,110.2730305,1.424806619,19.58554,17.76914,16.91808,16.55439,16.34465,308,301,6,26,8.38817e+18,STAR,9.15e-05,7450,56722,781
1.23765e+18,110.4555313,1.254180245,19.58684,17.73149,16.96642,16.67645,16.4914,308,301,6,28,8.38818e+18,STAR,0.00034609,7450,56722,829
1.23765e+18,110.4698503,1.228434849,19.42571,17.78678,17.11364,16.85967,16.67854,308,301,6,28,8.38818e+18,STAR,0.000182417,7450,56722,830
1.23765e+18,110.7306996,1.289661343,18.36269,16.79013,16.16286,15.91035,15.78032,308,301,6,29,8.38821e+18,STAR,0.000170339,7450,56722,942
1.23765e+18,119.8221026,1.324423012,19.11461,17.11108,16.35578,16.07985,15.94747,308,301,6,90,8.38927e+18,STAR,0.000258839,7451,56739,702
1.23765e+18,119.9972972,1.295618869,19.25602,17.7522,17.28004,17.11725,17.12696,308,301,6,91,8.38929e+18,STAR,0.000270987,7451,56739,746
1.23765e+18,120.124148,1.311372513,18.68312,16.80078,16.12189,15.88605,15.78726,308,301,6,92,8.3893e+18,STAR,0.000208869,7451,56739,782
1.23765e+18,120.194987,1.339231727,19.13375,17.84091,17.37001,17.20419,17.1407,308,301,6,93,8.3893e+18,STAR,0.000275159,7451,56739,785
1.23765e+18,120.2980709,1.359265937,19.41101,17.17151,16.17792,15.78271,15.51502,308,301,6,93,8.38931e+18,STAR,0.000391232,7451,56739,824
1.23765e+18,120.5478185,1.281227451,19.17278,17.30439,16.63581,16.43598,16.35109,308,301,6,95,8.38932e+18,STAR,-6.64e-05,7451,56739,872
1.23765e+18,244.5764969,-1.255263413,19.29697,18.08211,17.20792,16.74347,16.43762,727,301,1,74,3.89598e+17,GALAXY,0.1272051,346,51693,133
1.23765e+18,243.907446,0.00239456,18.71962,17.45311,16.88231,16.54723,16.2756,727,301,4,70,3.89627e+17,GALAXY,0.06540032,346,51693,237
1.23765e+18,244.1023322,0.002619598,19.35342,18.11187,17.45305,17.10616,16.88711,727,301,4,71,3.89611e+17,GALAXY,0.07115377,346,51693,181
1.23765e+18,243.3470265,0.424137063,19.25923,18.84224,18.85939,18.69218,18.76842,727,301,5,66,3.88598e+17,QSO,0.5894275,345,51690,590
1.23765e+18,174.1644883,-0.956707465,19.57255,18.59834,18.47911,18.45792,18.60459,745,301,1,103,3.1753e+17,STAR,0.001135097,282,51658,94
1.23765e+18,239.3606352,-0.916689727,19.23879,17.49932,16.53521,16.09223,15.76121,745,301,1,538,3.86219e+17,GALAXY,0.03969949,343,51692,129
1.23765e+18,239.40207,-0.975878752,18.67422,17.42511,16.89116,16.67803,16.57392,745,301,1,539,3.86217e+17,STAR,-0.000143192,343,51692,121
1.23765e+18,243.567524,-0.880445873,18.83577,17.25845,16.54556,16.13434,15.83491,745,301,1,567,3.88441e+17,GALAXY,0.07050942,345,51690,19
1.23765e+18,243.7088761,-0.915652961,17.61482,15.69639,14.77024,14.31876,13.95353,745,301,1,568,3.89641e+17,GALAXY,0.0307668,346,51693,291
1.23765e+18,243.8473685,-0.898343247,19.41207,18.88776,18.56437,18.58996,18.3926,745,301,1,568,3.89632e+17,QSO,1.06284,346,51693,256
1.23765e+18,244.1624119,-0.889893127,18.99412,17.90879,17.46466,17.28111,17.20599,745,301,1,571,3.8963e+17,STAR,-0.000178635,346,51693,251
1.23765e+18,244.5126642,-0.934182657,19.14963,18.00378,17.4657,17.1376,16.90036,745,301,1,573,3.89618e+17,GALAXY,0.04402394,346,51693,206
1.23765e+18,244.8139448,-0.937774714,18.7809,19.0767,19.45117,19.74457,20.02123,745,301,1,575,3.89589e+17,STAR,0.000609734,346,51693,99
1.23765e+18,244.9490533,-0.894234904,19.15965,18.91703,18.61517,18.38544,18.42006,745,301,1,576,3.89586e+17,QSO,1.496161,346,51693,90
1.23765e+18,245.4938873,-0.903742395,17.33854,16.27237,15.90035,15.75182,15.69667,745,301,1,579,3.89562e+17,STAR,-0.000872277,346,51693,2
1.23765e+18,245.3593715,-0.905392886,19.38219,18.20107,17.8056,17.4992,17.41172,745,301,1,579,4.09908e+17,GALAXY,0.06565089,364,52000,294
1.23765e+18,245.4176593,-0.855605136,19.2266,17.27751,16.39126,15.95711,15.61498,745,301,1,579,4.09905e+17,GALAXY,0.04565,364,52000,281
1.23765e+18,245.4760412,-0.85992427,19.41398,17.29078,16.33702,15.87626,15.48284,745,301,1,579,4.09909e+17,GALAXY,0.04462435,364,52000,295
1.23765e+18,245.5388243,-0.872555232,19.19971,17.22391,16.29199,15.85335,15.48367,745,301,1,580,3.89565e+17,GALAXY,0.04954444,346,51693,14
1.23765e+18,205.0729646,-0.682611701,18.94325,17.02095,16.06735,15.63387,15.28098,752,301,2,411,3.36702e+17,GALAXY,0.08937013,299,51671,210
1.23765e+18,205.6135979,-0.65715286,18.88838,17.88406,17.42734,17.12453,16.98339,752,301,2,414,3.36686e+17,GALAXY,0.08640119,299,51671,151
1.23765e+18,205.6955733,-0.694928963,19.3652,18.1399,17.65534,17.4715,17.37664,752,301,2,415,3.36675e+17,STAR,6.53e-05,299,51671,114
1.23765e+18,205.6503963,-0.628361675,19.46207,17.81834,17.01301,16.617,16.31902,752,301,2,415,3.36672e+17,GALAXY,0.07104074,299,51671,103
1.23765e+18,205.7420141,-0.765420756,18.34066,16.5023,15.64826,15.26125,14.95627,752,301,2,415,3.3666e+17,GALAXY,0.07053274,299,51671,57
1.23765e+18,205.760907,-0.742003104,18.86362,17.87739,17.46657,17.17367,17.04404,752,301,2,415,3.36659e+17,GALAXY,0.06982873,299,51671,56
1.23765e+18,205.8072795,-0.786819198,17.7933,16.90408,16.6164,16.30378,16.30438,752,301,2,416,3.36661e+17,GALAXY,0.08875664,299,51671,60
1.23765e+18,205.9169873,-0.833501027,19.14158,17.99588,17.53081,17.2301,17.13721,752,301,2,416,3.3666e+17,GALAXY,0.1066131,299,51671,59
1.23765e+18,206.0447121,-0.761242085,19.17263,18.06068,17.6305,17.33272,17.2204,752,301,2,417,3.3666e+17,GALAXY,0.08685333,299,51671,58
1.23765e+18,206.1416484,-0.678727673,18.57808,17.38363,17.39016,17.42856,17.48906,752,301,2,418,3.3785e+17,STAR,0.000784398,300,51943,291
1.23765e+18,206.1712247,-0.830625848,19.13297,18.72812,18.69815,18.67673,18.45058,752,301,2,418,4.55207e+18,QSO,2.270286,4043,55630,216
1.23765e+18,206.1139515,-0.728211449,19.22582,18.9224,18.81053,18.69143,18.74117,752,301,2,418,3.37852e+17,QSO,1.452307,300,51943,300
1.23765e+18,206.3704304,-0.79829575,19.15242,17.42991,16.57173,16.15933,15.85434,752,301,2,420,3.3665e+17,GALAXY,0.08845632,299,51671,20
1.23765e+18,206.3741669,-0.781673248,18.28101,17.18856,16.70175,16.33173,16.14626,752,301,2,420,3.37852e+17,GALAXY,0.08813617,300,51943,299
1.23765e+18,206.5245798,-0.698895662,19.18844,18.75792,18.86976,19.02108,19.25434,752,301,2,421,3.3665e+17,STAR,5.59e-05,299,51671,22
1.23765e+18,206.5766774,-0.801586179,19.14205,17.96772,17.45321,17.09447,16.88161,752,301,2,421,3.36648e+17,GALAXY,0.088566,299,51671,16
1.23765e+18,206.6330657,-0.724304266,18.92986,17.92031,17.41597,17.12756,17.03521,752,301,2,421,3.36645e+17,GALAXY,0.1484416,299,51671,5
1.23765e+18,206.7980856,-0.770183129,18.6924,17.7664,17.48753,17.38595,17.35225,752,301,2,422,4.55204e+18,STAR,0.000224824,4043,55630,98
1.23765e+18,206.8064741,-0.671287487,18.3738,16.84218,16.10014,15.71413,15.41793,752,301,2,422,3.3784e+17,GALAXY,0.04749686,300,51943,255
1.23765e+18,207.1038115,-0.816326578,19.03027,17.92062,17.54537,17.40652,17.39518,752,301,2,424,3.37829e+17,STAR,-1.12e-05,300,51943,216
1.23765e+18,207.0943716,-0.766966437,17.92943,16.42391,15.79249,15.47063,15.23182,752,301,2,424,3.3783e+17,GALAXY,0.02614107,300,51943,218
1.23765e+18,207.1466367,-0.672593158,17.619,16.61343,16.47639,16.42638,16.43867,752,301,2,425,3.37826e+17,STAR,0.000308748,300,51943,202
1.23765e+18,207.1816447,-0.72594899,16.85941,15.83554,15.77641,15.7712,15.82794,752,301,2,425,3.37829e+17,STAR,0.000129414,300,51943,213
1.23765e+18,207.2248563,-0.782370622,16.88578,15.99562,15.6586,15.51201,15.47617,752,301,2,425,4.55203e+18,STAR,2.77e-06,4043,55630,58
1.23765e+18,207.2581291,-0.83005592,15.85837,14.6398,14.627,14.65232,14.71224,752,301,2,425,3.37806e+17,STAR,0.000106044,300,51943,131
1.23765e+18,207.3929659,-0.684141388,18.11682,17.77947,17.87333,17.7141,17.67043,752,301,2,426,3.37808e+17,QSO,0.5148025,300,51943,139
1.23765e+18,207.4450935,-0.741950842,19.47647,17.61476,16.68962,16.23929,15.87438,752,301,2,427,3.37808e+17,GALAXY,0.07854678,300,51943,138
1.23765e+18,207.4502062,-0.728052903,18.14094,16.32733,15.41508,14.97462,14.65088,752,301,2,427,4.54873e+18,GALAXY,0.07823353,4040,55605,344
1.23765e+18,207.456735,-0.726104512,19.19459,18.31113,18.09644,17.83205,17.75919,752,301,2,427,3.37803e+17,GALAXY,0.05310636,300,51943,121
1.23765e+18,207.4893691,-0.803272151,19.53265,18.15082,17.43013,17.02216,16.7586,752,301,2,427,3.37805e+17,GALAXY,0.0927506,300,51943,129
1.23765e+18,207.7048473,-0.81179491,19.31942,17.36549,16.37918,15.92805,15.55104,752,301,2,428,3.37792e+17,GALAXY,0.09100784,300,51943,81
1.23765e+18,207.8799425,-0.745471512,17.15698,16.04984,15.6602,15.51096,15.47703,752,301,2,430,3.37786e+17,STAR,-4.7e-05,300,51943,57
1.23765e+18,208.0694192,-0.775694214,19.13015,18.99829,18.69307,18.62844,18.67269,752,301,2,431,3.37784e+17,QSO,1.244108,300,51943,52
1.23765e+18,208.2329375,-0.696097698,19.47384,18.02314,17.21636,16.78238,16.43555,752,301,2,432,3.37775e+17,GALAXY,0.1155662,300,51943,18
1.23765e+18,208.6412171,-0.776612716,17.14729,15.85645,15.21062,14.84574,14.52751,752,301,2,435,4.54994e+18,GALAXY,0.02707425,4041,55361,644
1.23765e+18,208.6944506,-0.674094359,18.77788,17.11622,16.37415,15.98126,15.68712,752,301,2,435,3.3898e+17,GALAXY,0.03762654,301,51942,307
1.23765e+18,208.6981259,-0.760115862,19.13621,17.95535,17.33129,16.9772,16.74717,752,301,2,435,3.38974e+17,GALAXY,0.1425752,301,51942,284
1.23765e+18,208.737877,-0.660098784,18.90994,17.66969,16.9995,16.62222,16.35383,752,301,2,435,3.38971e+17,GALAXY,0.08791664,301,51942,273
1.23765e+18,208.9381501,-0.757246504,15.62121,14.60897,14.43487,14.40072,14.45437,752,301,2,437,3.38966e+17,STAR,0.00010314,301,51942,256
1.23765e+18,209.0907019,-0.656281418,19.23039,18.06944,17.59436,17.23812,17.09449,752,301,2,438,3.38959e+17,GALAXY,0.07908808,301,51942,230
1.23765e+18,209.2886379,-0.644143632,18.81291,17.77027,17.30868,16.95996,16.8011,752,301,2,439,3.38948e+17,GALAXY,0.07006504,301,51942,189
1.23765e+18,209.2936401,-0.832521517,19.0146,17.33462,16.45423,16.02605,15.67589,752,301,2,439,3.3893e+17,GALAXY,0.08909858,301,51942,123
1.23765e+18,209.3959125,-0.780272541,17.92018,17.92471,17.884,17.62558,17.53486,752,301,2,440,4.54998e+18,QSO,1.771222,4041,55361,809
1.23765e+18,209.4291533,-0.76259171,17.80781,16.93552,16.67188,16.47706,16.3433,752,301,2,440,3.38933e+17,GALAXY,0.02961222,301,51942,134
1.23765e+18,209.4867038,-0.666855747,18.23204,16.45568,15.63056,15.19764,14.8788,752,301,2,440,3.38944e+17,GALAXY,0.06956718,301,51942,175
1.23765e+18,209.6880596,-0.724960989,18.49833,17.49403,17.33157,17.28345,17.28941,752,301,2,442,3.38923e+17,STAR,0.000322833,301,51942,100
1.23765e+18,209.6752277,-0.658012832,18.92958,16.90914,15.78403,15.31554,14.93797,752,301,2,442,3.38945e+17,GALAXY,0.131564,301,51942,177
1.23765e+18,209.8488453,-0.831517588,19.07301,18.11891,17.76631,17.65374,17.60394,752,301,2,443,4.54536e+18,STAR,-0.000162314,4037,55631,378
1.23765e+18,209.9513169,-0.766163443,19.15065,17.36285,16.52798,16.15387,15.80557,752,301,2,443,3.38922e+17,GALAXY,0.10632,301,51942,96
1.23765e+18,185.3793616,0.086911559,18.13147,17.3532,16.93616,16.56829,16.44423,752,301,4,279,3.24409e+17,GALAXY,0.1072231,288,52000,545
1.23765e+18,185.2675684,0.084620838,18.54219,17.49083,17.07087,16.71762,16.57594,752,301,4,279,3.24398e+17,GALAXY,0.1070803,288,52000,505
1.23765e+18,185.2807974,0.047531708,19.53852,19.139,18.55866,18.17328,17.99881,752,301,4,279,3.24409e+17,QSO,0.1572411,288,52000,544
1.23765e+18,185.3794557,0.128518845,19.25762,19.24938,18.9753,18.88568,18.91675,752,301,4,279,3.2441e+17,QSO,1.335835,288,52000,547
1.23765e+18,185.4481335,0.015136137,17.89052,16.98527,16.73305,16.63174,16.61334,752,301,4,280,2.88017e+18,STAR,7.54e-05,2558,54140,426
1.23765e+18,185.4852185,0.163399564,18.71479,16.97454,16.38521,16.12513,15.90649,752,301,4,280,3.24424e+17,GALAXY,0.106216,288,52000,599
1.23765e+18,185.5285092,0.082486629,18.95637,17.97179,17.80977,17.76273,17.78803,752,301,4,280,2.88018e+18,STAR,0.000359946,2558,54140,475
1.23765e+18,185.5577817,0.032905127,18.25347,17.34355,17.12577,17.02307,16.96043,752,301,4,280,2.88018e+18,STAR,0.000522862,2558,54140,480
1.23765e+18,185.6519768,0.041542657,19.26136,19.1851,18.9592,18.88952,18.86333,752,301,4,281,3.24421e+17,QSO,1.330196,288,52000,588
1.23765e+18,185.7174995,0.091660892,16.41278,14.86871,14.31287,14.10415,13.98788,752,301,4,282,2.88018e+18,STAR,-0.000120691,2558,54140,467
1.23765e+18,185.7471422,0.196282529,19.05024,19.09565,19.19766,18.90488,18.8281,752,301,4,282,3.24422e+17,QSO,1.895719,288,52000,594
1.23765e+18,185.7665342,0.028554011,18.97832,18.10239,17.81904,17.71502,17.695,752,301,4,282,2.88018e+18,STAR,0.000433085,2558,54140,466
1.23765e+18,185.7703275,0.198644075,18.70031,17.83492,17.57053,17.45308,17.40799,752,301,4,282,2.88018e+18,STAR,-6.92e-05,2558,54140,476
1.23765e+18,185.8555339,0.133289829,19.59163,17.81984,16.84598,16.44592,16.10031,752,301,4,282,3.2443e+17,GALAXY,0.1062806,288,52000,623
1.23765e+18,185.9015378,0.145036439,16.0238,15.09469,14.80986,14.6965,14.6701,752,301,4,283,2.88018e+18,STAR,0.000477176,2558,54140,462
1.23765e+18,185.9800838,0.039155301,15.1353,13.94085,13.94638,14.00164,14.03319,752,301,4,283,2.88018e+18,STAR,0.000413841,2558,54140,468
1.23765e+18,186.0117034,0.044316373,16.37136,14.76484,14.22739,14.07195,13.9889,752,301,4,284,2.88018e+18,STAR,-7.29e-05,2558,54140,472
1.23765e+18,186.0339366,0.005707661,18.76134,17.27291,16.74922,16.59132,16.47496,752,301,4,284,2.88019e+18,STAR,-0.000172935,2558,54140,493
1.23765e+18,186.0765226,0.056070732,17.72557,16.5077,16.11247,15.97783,15.92708,752,301,4,284,2.88019e+18,STAR,4.18e-05,2558,54140,492
1.23765e+18,186.1011642,0.119306272,17.70918,16.77318,16.49644,16.38192,16.34623,752,301,4,284,2.88019e+18,STAR,0.000645126,2558,54140,499
1.23765e+18,186.1111769,0.008868983,17.79889,16.90706,16.53008,16.38745,16.30119,752,301,4,284,2.88019e+18,STAR,0.000777288,2558,54140,497
1.23765e+18,186.0158913,0.154528346,19.42352,18.08814,17.5851,17.41209,17.34603,752,301,4,284,2.88019e+18,STAR,0.000105949,2558,54140,491
1.23765e+18,186.0264298,0.117306796,19.49485,17.74386,16.93079,16.61019,16.40522,752,301,4,284,2.88019e+18,STAR,0.000220751,2558,54140,486
1.23765e+18,186.0338356,0.113212743,19.10102,17.89368,17.17626,16.78514,16.47559,752,301,4,284,3.25494e+17,GALAXY,0.1560981,289,51990,396
1.23765e+18,186.0395803,0.164585909,19.08999,17.87979,17.30001,16.91738,16.72677,752,301,4,284,3.24432e+17,GALAXY,0.07909836,288,52000,627
1.23765e+18,186.1138317,0.152882187,16.32657,14.79158,14.1052,13.75229,13.46165,752,301,4,284,3.24433e+17,GALAXY,0.02549985,288,52000,633
1.23765e+18,186.1347569,0.052198991,19.58891,18.64184,18.49889,18.46553,18.45593,752,301,4,284,2.89136e+18,STAR,-0.000120104,2568,54153,175
1.23765e+18,186.1469047,0.129426424,19.20085,18.08511,17.69779,17.42061,17.29814,752,301,4,284,3.24431e+17,GALAXY,0.04204269,288,52000,626
1.23765e+18,186.2121934,0.009597379,18.91914,18.02611,17.80632,17.71907,17.72131,752,301,4,285,2.88019e+18,STAR,0.000557983,2558,54140,496
1.23765e+18,186.2498484,0.130219088,17.6936,16.32069,15.80393,15.6132,15.53206,752,301,4,285,2.88018e+18,STAR,0.000325267,2558,54140,481
1.23765e+18,186.2572072,0.14850123,18.35066,17.41139,17.18135,17.08709,17.08965,752,301,4,285,2.88019e+18,STAR,-3.05e-05,2558,54140,488
1.23765e+18,186.2859601,0.0619333,18.0996,17.1742,16.83233,16.70185,16.66806,752,301,4,285,3.25505e+17,STAR,0.000185148,289,51990,436
1.23765e+18,186.3574026,0.063831679,16.38773,14.9501,14.43486,14.2691,14.19747,752,301,4,286,2.88019e+18,STAR,-4.3e-05,2558,54140,514
1.23765e+18,186.3602569,0.082352935,18.9836,17.52731,16.99701,16.7796,16.66278,752,301,4,286,2.88019e+18,STAR,8.97e-05,2558,54140,515
1.23765e+18,186.4232854,0.099919905,16.91041,15.45433,14.85858,14.64869,14.53447,752,301,4,286,2.88019e+18,STAR,8.83e-05,2558,54140,512
1.23765e+18,186.5682699,0.010097677,18.26847,17.98774,17.77489,17.65078,17.51534,752,301,4,287,3.25506e+17,QSO,1.974752,289,51990,438
1.23765e+18,186.57943,0.054573323,17.09046,15.47887,14.81628,14.52759,14.37151,752,301,4,287,2.88019e+18,STAR,3.88e-05,2558,54140,506
1.23765e+18,186.5990118,0.141232724,18.92344,17.86703,17.40125,17.19161,17.12352,752,301,4,287,2.8802e+18,STAR,0.000351364,2558,54140,542
1.23765e+18,186.6066405,0.20615305,18.54043,17.63641,17.35255,17.25576,17.17422,752,301,4,287,2.8802e+18,STAR,8.27e-05,2558,54140,556
1.23765e+18,186.4978786,0.065823842,19.03382,18.15575,17.95118,17.86144,17.88585,752,301,4,287,2.89146e+18,STAR,0.000480309,2568,54153,553
1.23765e+18,186.6787473,0.151634688,18.71259,16.32915,15.08869,14.58182,14.27226,752,301,4,288,2.8802e+18,STAR,-5.95e-06,2558,54140,552
1.23765e+18,186.7344875,0.068075388,18.81766,17.49303,16.91854,16.68079,16.58296,752,301,4,288,2.88021e+18,STAR,-0.000470792,2558,54140,559
1.23765e+18,186.7453887,0.103838626,18.57371,17.7188,17.39374,17.28585,17.26827,752,301,4,288,2.8802e+18,STAR,0.000180701,2558,54140,543
1.23765e+18,186.7485617,0.173245776,17.40626,15.87684,15.26237,15.03957,14.92599,752,301,4,288,2.8802e+18,STAR,-8.99e-05,2558,54140,551
1.23765e+18,186.7047151,0.185916794,19.53823,17.69941,16.98525,16.67076,16.4375,752,301,4,288,2.8802e+18,STAR,0.000759523,2558,54140,550
1.23765e+18,186.8003236,0.059674849,18.04444,16.12702,15.44266,15.23283,15.12825,752,301,4,289,2.88021e+18,STAR,4.77e-05,2558,54140,560
1.23765e+18,186.8132968,0.031704699,18.55765,16.35182,15.45455,15.0802,14.85069,752,301,4,289,2.8802e+18,STAR,8.09e-05,2558,54140,553
1.23765e+18,186.8826033,0.140064967,16.80133,15.34514,14.81955,14.64411,14.58058,752,301,4,289,2.88021e+18,STAR,-7.73e-05,2558,54140,584
1.23765e+18,186.9081124,0.145877191,17.43725,15.98773,15.43505,15.24584,15.17689,752,301,4,289,2.88021e+18,STAR,-6.67e-05,2558,54140,582
1.23765e+18,186.8641983,0.048890673,18.78979,17.4279,16.68736,16.28967,15.9906,752,301,4,289,3.25522e+17,GALAXY,0.1129216,289,51990,498
1.23765e+18,161.2733832,-0.480484617,17.09137,15.98284,15.62553,15.50242,15.46309,756,301,2,304,2.71236e+18,STAR,3.34e-05,2409,54210,250
1.23765e+18,161.2911065,-0.580470302,18.86026,17.2778,16.66154,16.42111,16.29518,756,301,2,304,2.68984e+18,STAR,0.000289836,2389,54213,229
1.23765e+18,161.3114825,-0.611121142,18.91458,17.97609,17.69784,17.55495,17.49273,756,301,2,304,2.88125e+18,STAR,0.000308735,2559,54208,270
1.23765e+18,161.3272007,-0.562638536,17.00254,15.35527,14.73952,14.50755,14.40796,756,301,2,304,2.88124e+18,STAR,1.47e-05,2559,54208,226
1.23765e+18,161.397725,-0.62154885,17.17881,15.56593,14.90381,14.66557,14.54323,756,301,2,304,2.88125e+18,STAR,4.9e-05,2559,54208,253
1.23765e+18,161.4052563,-0.486109289,18.60262,17.07502,16.49357,16.32896,16.27352,756,301,2,304,2.68984e+18,STAR,4.41e-05,2389,54213,228
1.23765e+18,161.2784639,-0.463088739,19.05238,17.92345,17.28963,16.89301,16.65988,756,301,2,304,3.09684e+17,GALAXY,0.1602088,275,51910,222
1.23765e+18,161.3850943,-0.491358226,19.39531,17.49907,16.76746,16.5326,16.40905,756,301,2,304,2.68984e+18,STAR,5.94e-05,2389,54213,224
1.23765e+18,161.395036,-0.425750026,18.5481,17.3771,16.71891,16.30875,16.06784,756,301,2,304,3.09673e+17,GALAXY,0.08583559,275,51910,183
1.23765e+18,161.4243997,-0.431367287,18.90212,17.83956,17.45825,17.33062,17.29042,756,301,2,305,2.68984e+18,STAR,-3.29e-06,2389,54213,222
1.23765e+18,161.4802825,-0.489372713,16.50787,15.3139,14.8865,14.74076,14.70757,756,301,2,305,2.71235e+18,STAR,-4.45e-05,2409,54210,204
1.23765e+18,161.543731,-0.52396033,17.28613,16.36086,16.02538,15.89519,15.8609,756,301,2,305,2.88123e+18,STAR,7.93e-05,2559,54208,193
1.23765e+18,161.4226664,-0.519243206,18.99146,17.07726,16.12667,15.69658,15.36008,756,301,2,305,3.09674e+17,GALAXY,0.08484705,275,51910,189
1.23765e+18,161.4291092,-0.593212362,19.00578,17.89613,17.37406,17.02465,16.81729,756,301,2,305,3.09682e+17,GALAXY,0.08506283,275,51910,218
1.23765e+18,161.5808653,-0.541816567,17.96859,16.45618,15.87957,15.70021,15.63861,756,301,2,306,2.88123e+18,STAR,-6.33e-05,2559,54208,188
1.23765e+18,161.7050514,-0.458871115,18.14537,16.98603,16.57416,16.4543,16.40801,756,301,2,306,2.68983e+18,STAR,0.000220861,2389,54213,193
1.23765e+18,161.5826318,-0.528305814,19.03796,17.35102,16.56406,16.19586,15.90696,756,301,2,306,3.09674e+17,GALAXY,0.03836075,275,51910,188
1.23765e+18,161.5988002,-0.550141164,19.55911,17.67387,16.70643,16.32966,16.03905,756,301,2,306,3.09661e+17,GALAXY,0.07696021,275,51910,140
1.23765e+18,161.7257035,-0.62828994,19.151,17.45303,16.78522,16.56231,16.45795,756,301,2,307,2.88124e+18,STAR,5.11e-05,2559,54208,212
1.23765e+18,161.7358885,-0.528817419,18.76022,17.71995,17.28579,17.09315,17.00772,756,301,2,307,2.68983e+18,STAR,0.000160757,2389,54213,189
1.23765e+18,161.7465183,-0.455315161,16.73108,15.34196,14.81329,14.63843,14.56427,756,301,2,307,2.88122e+18,STAR,2.93e-05,2559,54208,168
1.23765e+18,161.7748594,-0.530884415,19.18309,18.28044,17.97188,17.91156,17.87715,756,301,2,307,4.31673e+18,STAR,0.00021777,3834,56014,110
1.23765e+18,161.7767287,-0.603295291,17.8964,16.12725,15.40752,15.12172,14.97763,756,301,2,307,2.88122e+18,STAR,0.000417742,2559,54208,163
1.23765e+18,161.7918721,-0.465260439,18.81566,17.4146,16.8651,16.67896,16.57537,756,301,2,307,2.68983e+18,STAR,5.1e-06,2389,54213,186
1.23765e+18,161.8170027,-0.559084404,18.5321,17.63211,17.32061,17.21326,17.18259,756,301,2,307,2.68983e+18,STAR,0.000431994,2389,54213,184
1.23765e+18,161.9235309,-0.446979654,19.52808,18.67979,18.39561,18.2954,18.216,756,301,2,308,2.71234e+18,STAR,0.000371594,2409,54210,163
1.23765e+18,161.9547497,-0.483262053,17.05778,16.01044,15.69783,15.58869,15.56961,756,301,2,308,2.88122e+18,STAR,8.16e-06,2559,54208,169
1.23765e+18,161.9884128,-0.455832573,15.8452,14.78328,14.48869,14.40722,14.3887,756,301,2,308,2.88122e+18,STAR,-7.6e-05,2559,54208,164
1.23765e+18,161.9479009,-0.571582908,19.24702,17.71808,17.13476,16.9424,16.85483,756,301,2,308,2.88122e+18,STAR,-7.98e-05,2559,54208,162
1.23765e+18,162.0148637,-0.516032181,19.33036,17.50834,16.78476,16.53942,16.40915,756,301,2,308,2.88122e+18,STAR,0.000115074,2559,54208,170
1.23765e+18,162.0176696,-0.57640739,18.77364,17.53109,16.97743,16.6258,16.41043,756,301,2,308,3.0965e+17,GALAXY,0.07662232,275,51910,100
1.23765e+18,162.0223666,-0.497567627,16.59492,15.13649,14.59052,14.40143,14.34641,756,301,2,309,2.88122e+18,STAR,3.53e-05,2559,54208,161
1.23765e+18,162.0738924,-0.425342059,16.37205,15.43852,15.10226,14.96795,14.92506,756,301,2,309,2.88123e+18,STAR,0.000423333,2559,54208,180
1.23765e+18,162.0756395,-0.582039698,16.44267,15.35777,15.23907,15.23717,15.31003,756,301,2,309,2.88122e+18,STAR,-0.000151586,2559,54208,171
1.23765e+18,162.1164869,-0.605247906,19.23675,18.29424,18.00808,17.91335,17.88959,756,301,2,309,2.71233e+18,STAR,0.000689084,2409,54210,151
1.23765e+18,162.1289827,-0.61062082,18.37125,16.36699,15.60569,15.36293,15.25285,756,301,2,309,2.88122e+18,STAR,-3.1e-05,2559,54208,144
1.23765e+18,162.0583379,-0.466288167,19.4854,18.1999,17.6562,17.40889,17.29086,756,301,2,309,2.88122e+18,STAR,0.000578048,2559,54208,166
1.23765e+18,162.0873708,-0.590559104,19.23702,18.37381,18.06147,17.93892,17.9211,756,301,2,309,2.71233e+18,STAR,0.000937404,2409,54210,149
1.23765e+18,162.1670398,-0.525241435,18.65073,17.0002,16.17196,15.69725,15.35611,756,301,2,309,3.09661e+17,GALAXY,0.08180232,275,51910,141
1.23765e+18,162.1734378,-0.466463383,19.28355,17.29447,16.52981,16.23584,16.07176,756,301,2,310,2.68982e+18,STAR,2.92e-05,2389,54213,172
1.23765e+18,162.195429,-0.541062258,19.07102,18.0139,17.51009,17.31524,17.23491,756,301,2,310,2.88122e+18,STAR,0.000755086,2559,54208,146
1.23765e+18,162.2144182,-0.479057972,18.27637,16.53353,15.7278,15.34265,15.04055,756,301,2,310,3.09651e+17,GALAXY,0.06747919,275,51910,103
1.23765e+18,162.2694814,-0.528871015,18.92278,17.43406,16.85969,16.65171,16.52776,756,301,2,310,2.88122e+18,STAR,0.000465222,2559,54208,155
1.23765e+18,162.3015076,-0.51094568,19.49018,18.69087,18.40932,17.98627,17.87467,756,301,2,310,3.09655e+17,GALAXY,0.08137379,275,51910,119
1.23765e+18,162.3357217,-0.562916471,16.77757,15.79099,15.65251,15.61812,15.64404,756,301,2,311,2.68981e+18,STAR,0.000652362,2389,54213,144
1.23765e+18,162.3820105,-0.433749396,17.5054,15.80306,15.14073,14.883,14.74835,756,301,2,311,2.88122e+18,STAR,8.63e-05,2559,54208,157
1.23765e+18,162.4486986,-0.594963917,16.73909,15.50358,15.00279,14.8113,14.7381,756,301,2,311,2.88121e+18,STAR,0.0009889,2559,54208,105
1.23765e+18,162.4549608,-0.573184032,19.1247,17.39795,16.75752,16.51347,16.3906,756,301,2,311,2.68982e+18,STAR,0.000246799,2389,54213,155
1.23765e+18,162.3536023,-0.429879442,17.46768,15.51855,14.64059,14.21238,13.86848,756,301,2,311,3.09642e+17,GALAXY,0.0385065,275,51910,70
1.23765e+18,162.3581306,-0.56013578,19.14289,17.58933,17.22007,16.97656,16.92214,756,301,2,311,3.09623e+17,GALAXY,0.05014241,275,51910,2
1.23765e+18,152.3548242,-0.129743707,19.49632,17.59388,16.67482,16.25166,15.95042,756,301,3,244,3.04056e+17,GALAXY,0.09504843,270,51909,228
1.23765e+18,152.289487,-0.063071315,19.45274,17.62178,16.68552,16.27155,15.9206,756,301,3,244,3.04112e+17,GALAXY,0.09546287,270,51909,434
1.23765e+18,152.381682,-0.040947164,18.45212,16.89779,16.04317,15.65277,15.35365,756,301,3,244,3.04114e+17,GALAXY,0.09588677,270,51909,440
1.23765e+18,152.3880113,-0.009528702,19.30342,17.38579,16.42225,15.99919,15.64936,756,301,3,244,3.04109e+17,GALAXY,0.09656405,270,51909,422
1.23765e+18,152.4089187,-0.1597434,19.27068,18.5268,18.12876,17.75474,17.72392,756,301,3,244,3.04055e+17,GALAXY,0.1375496,270,51909,224
1.23765e+18,152.4326086,-0.052129,18.951,17.08533,16.11569,15.69776,15.33339,756,301,3,244,3.04125e+17,GALAXY,0.09537001,270,51909,480
1.23765e+18,152.5672169,-0.074787263,17.89386,16.11245,15.34051,15.00042,14.70411,756,301,3,245,3.04123e+17,GALAXY,0.09642068,270,51909,473
1.23765e+18,152.4630107,-0.121920001,18.70498,17.23423,16.5517,16.18321,15.91227,756,301,3,245,3.04048e+17,GALAXY,0.06256203,270,51909,199
1.23765e+18,152.505931,-0.197912627,18.99524,17.87855,17.19045,16.82093,16.56422,756,301,3,245,3.04046e+17,GALAXY,0.1512586,270,51909,193
1.23765e+18,152.5289809,-0.057700135,18.59652,17.28157,16.71329,16.36005,16.12741,756,301,3,245,3.04121e+17,GALAXY,0.05838413,270,51909,465
1.23765e+18,152.7169946,-0.134280382,17.95627,16.46152,15.72164,15.30538,15.0177,756,301,3,246,3.0404e+17,GALAXY,0.06864782,270,51909,171
1.23765e+18,152.6749475,-0.127761598,19.04204,17.87724,17.45017,17.21807,17.22886,756,301,3,246,3.04041e+17,GALAXY,0.05841528,270,51909,173
1.23765e+18,153.0783934,-0.060261656,17.35868,16.26491,15.91327,15.79312,15.79815,756,301,3,249,3.04127e+17,STAR,-8.45e-05,270,51909,489
1.23765e+18,153.3642745,-0.029097508,17.88942,16.55713,16.10999,15.9643,15.89903,756,301,3,251,3.04135e+17,STAR,-0.000145414,270,51909,518
1.23765e+18,153.4742924,-0.154835469,18.73601,16.59921,15.56108,15.12695,14.77491,756,301,3,251,3.04015e+17,GALAXY,0.098474,270,51909,80
1.23765e+18,153.3982997,-0.175484773,19.52077,17.50807,16.52395,16.08269,15.73608,756,301,3,251,3.04158e+17,GALAXY,0.0,270,51909,601
1.23765e+18,153.4494386,-0.174722052,19.33492,17.25626,16.32616,15.91549,15.54986,756,301,3,251,3.04026e+17,GALAXY,0.08873131,270,51909,119
1.23765e+18,153.4961219,-0.081581072,18.18003,16.07295,15.08006,14.62374,14.25727,756,301,3,252,3.05217e+17,GALAXY,0.09037467,271,51883,358
1.23765e+18,153.4992653,-0.090523242,19.12968,17.53014,16.70312,16.30732,16.00915,756,301,3,252,3.04011e+17,GALAXY,0.09169753,270,51909,67
1.23765e+18,153.5174567,-0.060347679,18.86843,17.42523,16.59959,16.16429,15.83184,756,301,3,252,3.05214e+17,GALAXY,0.09730428,271,51883,346
1.23765e+18,153.5243856,-0.127143014,18.68823,17.60337,17.32386,17.12174,17.00394,756,301,3,252,3.04014e+17,GALAXY,0.0463312,270,51909,77
1.23765e+18,153.5322459,-0.051038707,19.52407,18.15866,17.44809,17.07915,16.8003,756,301,3,252,3.04145e+17,GALAXY,0.09289638,270,51909,554
1.23765e+18,153.6778371,-0.159828151,19.3824,18.43046,18.16253,18.06108,18.0092,756,301,3,253,4.31346e+18,STAR,3.09e-05,3831,55543,488
1.23765e+18,153.6494362,-0.15526035,19.28799,17.44256,16.54024,16.12604,15.78613,756,301,3,253,3.04004e+17,GALAXY,0.09554408,270,51909,39
1.23765e+18,153.8345141,-0.129786642,17.90158,16.98052,16.75042,16.65792,16.64194,756,301,3,254,4.31345e+18,STAR,0.000116237,3831,55543,480
1.23765e+18,153.8572373,-0.070510582,19.34353,18.01985,17.20665,16.78012,16.49426,756,301,3,254,3.05206e+17,GALAXY,0.1442524,271,51883,318
1.23765e+18,154.0026584,-0.112700988,19.09596,17.07662,16.16983,15.72136,15.34942,756,301,3,255,3.05192e+17,GALAXY,0.05991426,271,51883,265
1.23765e+18,154.1217706,-0.026990451,19.44706,18.06446,17.47818,17.14834,16.89766,756,301,3,256,3.05228e+17,GALAXY,0.1043095,271,51883,397
1.23765e+18,154.2444222,-0.119017277,19.10702,19.07256,18.79198,18.64582,18.07549,756,301,3,257,3.05182e+17,QSO,0.3372652,271,51883,228
1.23765e+18,154.3596352,-0.164217093,19.03104,18.46669,18.11303,18.04101,17.43849,756,301,3,257,3.05172e+17,QSO,0.3449105,271,51883,193
1.23765e+18,154.2790993,-0.175661495,18.58894,17.37458,16.94893,16.7297,16.77008,756,301,3,257,3.05183e+17,GALAXY,0.03401261,271,51883,234
1.23765e+18,154.386659,-0.073125064,19.40503,17.48724,16.53689,16.08374,15.7189,756,301,3,258,3.05173e+17,GALAXY,0.0655472,271,51883,195
1.23765e+18,154.3883821,-0.02924697,19.50942,17.5641,16.60739,16.10064,15.76186,756,301,3,258,3.05174e+17,QSO,0.06103761,271,51883,200
1.23765e+18,154.4271495,-0.193461068,19.10797,17.57482,16.77922,16.37828,16.08525,756,301,3,258,3.05166e+17,GALAXY,0.09604297,271,51883,172
1.23765e+18,154.4527175,-0.030763014,18.6479,16.66485,15.59894,15.12062,14.85318,756,301,3,258,3.05165e+17,GALAXY,0.06358586,271,51883,168
1.23765e+18,154.598453,-0.091045308,18.94769,18.79742,18.65749,18.60048,18.73997,756,301,3,259,3.05162e+17,QSO,1.40169,271,51883,158
1.23765e+18,154.6119178,-0.164199838,18.79575,18.57321,18.55136,18.35209,18.30321,756,301,3,259,3.05161e+17,QSO,1.812651,271,51883,152
1.23765e+18,154.6224791,-0.141871296,19.06688,18.69043,18.51842,18.41969,18.17964,756,301,3,259,3.0516e+17,QSO,2.137572,271,51883,151
1.23765e+18,154.5355886,-0.084208298,19.23177,17.46849,16.54995,16.02666,15.61895,756,301,3,259,3.06328e+17,GALAXY,0.0610805,272,51941,304
1.23765e+18,154.5490428,-0.149462427,19.56517,17.64734,16.72979,16.29004,15.9327,756,301,3,259,3.05168e+17,GALAXY,0.06397337,271,51883,180
1.23765e+18,154.618369,-0.070620227,19.35042,17.61593,16.72431,16.21484,15.82124,756,301,3,259,3.0633e+17,GALAXY,0.06570753,272,51941,310
1.23765e+18,154.6518352,-0.178075478,18.74892,16.90716,15.95795,15.48473,15.08246,756,301,3,259,3.06328e+17,GALAXY,0.06359103,272,51941,303
1.23765e+18,154.7493615,-0.18252079,19.19234,17.33534,16.35525,15.85395,15.51435,756,301,3,260,3.05162e+17,GALAXY,0.09228784,271,51883,155
1.23765e+18,154.7959231,-0.153860577,19.09539,18.11292,17.78169,17.65197,17.57892,756,301,3,260,4.31341e+18,STAR,0.00048925,3831,55543,306
1.23765e+18,154.8561628,-0.02990685,18.79426,18.34404,18.25214,18.3229,18.19995,756,301,3,261,3.0633e+17,QSO,0.8181214,272,51941,309
1.23765e+18,154.8642837,-0.034539174,18.37732,16.88301,16.28039,15.94014,15.78495,756,301,3,261,3.05152e+17,GALAXY,0.04713511,271,51883,119
1.23765e+18,154.9829995,-0.201431597,19.10244,17.63602,16.90735,16.52213,16.25722,756,301,3,261,3.05151e+17,GALAXY,0.06346736,271,51883,118
1.23765e+18,155.0158663,-0.113941462,19.18205,17.14069,16.10541,15.68298,15.29503,756,301,3,262,3.0514e+17,GALAXY,0.1253822,271,51883,75
1.23765e+18,155.2481467,-0.176081021,18.43279,16.6275,15.71816,15.25928,14.88557,756,301,3,263,3.05141e+17,GALAXY,0.05594477,271,51883,79
1.23765e+18,162.6701244,-0.87441191,19.07583,17.58162,16.95899,16.70053,16.53613,756,301,1,313,2.88119e+18,STAR,0.001075843,2559,54208,51
1.23765e+18,162.6764338,-0.976079059,18.15939,16.46312,15.80274,15.57366,15.45408,756,301,1,313,2.88119e+18,STAR,3.33e-05,2559,54208,54
1.23765e+18,162.6854879,-0.880851558,18.72703,17.26665,16.67284,16.44205,16.30302,756,301,1,313,2.88119e+18,STAR,0.000481111,2559,54208,55
1.23765e+18,162.6896786,-0.966709448,18.70255,17.28837,16.6527,16.40006,16.24515,756,301,1,313,2.88119e+18,STAR,0.000377808,2559,54208,43
1.23765e+18,162.7141895,-1.005200603,17.00017,15.58659,15.04507,14.8149,14.70066,756,301,1,313,2.88118e+18,STAR,0.000494897,2559,54208,10
1.23765e+18,162.7158864,-0.903381134,17.97968,16.57929,15.81588,15.38484,15.00796,756,301,1,313,3.10819e+17,GALAXY,0.03808302,276,51909,256
1.23765e+18,162.7664195,-0.86051431,17.67043,16.20217,15.636,15.44809,15.32646,756,301,1,313,2.68978e+18,STAR,0.000152524,2389,54213,11
1.23765e+18,162.6520562,-0.923054037,19.47097,17.4802,16.58447,16.17016,15.81771,756,301,1,313,3.10829e+17,GALAXY,0.06308059,276,51909,293
1.23765e+18,162.7014703,-0.954627801,19.48088,17.9746,17.34453,17.11736,16.98896,756,301,1,313,2.68979e+18,STAR,7.34e-05,2389,54213,51
1.23765e+18,162.7279612,-0.970882486,19.49037,18.2175,17.42162,16.97952,16.68882,756,301,1,313,3.10815e+17,GALAXY,0.1156367,276,51909,242
1.23765e+18,162.7997264,-1.045256905,19.1655,18.07046,18.21098,18.37862,18.57238,756,301,1,314,2.7123e+18,STAR,0.000592458,2409,54210,28
1.23765e+18,162.8093841,-0.973930463,17.61348,16.07891,15.48947,15.28356,15.18689,756,301,1,314,2.88118e+18,STAR,0.000190312,2559,54208,5
1.23765e+18,162.8970504,-1.047254012,17.22627,15.45379,14.81873,14.59723,14.48447,756,301,1,314,2.68978e+18,STAR,4.71e-05,2389,54213,6
1.23765e+18,162.7761506,-0.955235439,19.08307,17.67275,16.96354,16.57325,16.28621,756,301,1,314,3.10816e+17,GALAXY,0.0597514,276,51909,247
1.23765e+18,162.8411225,-1.009334504,19.36181,18.16825,17.62504,17.39792,17.29436,756,301,1,314,2.68978e+18,STAR,0.000488068,2389,54213,1
1.23765e+18,162.88697,-1.002880575,17.79835,16.35954,15.67576,15.28575,14.9844,756,301,1,314,3.10816e+17,GALAXY,0.03730522,276,51909,245
1.23765e+18,162.9638145,-0.878170696,17.00784,16.07094,15.73836,15.60719,15.55462,756,301,1,315,2.88118e+18,STAR,0.00071068,2559,54208,18
1.23765e+18,162.9643543,-0.854905185,15.92846,15.75834,15.68789,15.79105,15.2599,756,301,1,315,3.10817e+17,QSO,0.3589468,276,51909,251
1.23765e+18,162.9797498,-0.893744848,19.30481,18.2557,17.84356,17.56442,17.36537,756,301,1,315,3.10804e+17,GALAXY,0.0485734,276,51909,204
1.23765e+18,163.0569778,-0.979022039,19.21506,18.41121,18.32756,18.30601,18.12276,756,301,1,315,4.31789e+18,QSO,2.684319,3835,55570,216
1.23765e+18,163.0632234,-0.964998595,17.85959,16.18301,15.56699,15.37634,15.28177,756,301,1,315,2.88118e+18,STAR,-5.05e-05,2559,54208,1
1.23765e+18,163.0620598,-0.95549272,18.42401,16.48616,15.58818,15.16028,14.82537,756,301,1,315,3.10806e+17,GALAXY,0.04899042,276,51909,211
1.23765e+18,162.9443796,-0.920007262,19.04675,17.8448,17.28803,16.95378,16.77695,756,301,1,315,3.10818e+17,GALAXY,0.0823582,276,51909,252
1.23765e+18,163.0141981,-1.017652731,19.58491,18.57561,17.67808,17.22836,16.93699,756,301,1,315,3.10804e+17,GALAXY,0.223468,276,51909,203
1.23765e+18,163.1020174,-0.887508573,17.87044,16.75399,16.34901,16.19393,16.13444,756,301,1,316,2.88118e+18,STAR,-1.7e-05,2559,54208,14
1.23765e+18,163.1626574,-0.943445495,18.98361,17.83656,17.32091,17.11787,17.00929,756,301,1,316,3.10807e+17,STAR,0.000114978,276,51909,212
1.23765e+18,163.090331,-0.843594812,19.11032,18.06835,17.6618,17.34074,17.25613,756,301,1,316,3.10809e+17,GALAXY,0.08386619,276,51909,219
1.23765e+18,163.15046,-0.917234757,18.64009,17.05594,16.25369,15.80932,15.48454,756,301,1,316,3.10807e+17,GALAXY,0.08434325,276,51909,214
1.23765e+18,163.1776402,-0.926396752,19.33939,17.72716,16.90447,16.45859,16.14578,756,301,1,316,3.10808e+17,GALAXY,0.08470514,276,51909,216
1.23765e+18,163.3969574,-0.865360114,19.33625,19.10618,18.84022,18.88604,18.81327,756,301,1,318,3.10786e+17,QSO,1.061694,276,51909,137
1.23765e+18,163.4702877,-0.981304007,18.9978,18.40489,17.94253,17.56832,17.47339,756,301,1,318,3.10787e+17,QSO,1.564207,276,51909,139
1.23765e+18,163.5929159,-0.906219807,18.56139,16.76052,16.06365,15.81395,15.68069,756,301,1,319,3.10773e+17,STAR,-2.91e-06,276,51909,90
1.23765e+18,163.6383429,-0.869652162,19.12334,18.21254,17.86785,17.73203,17.68303,756,301,1,319,4.24712e+18,STAR,0.000758047,3772,55277,832
1.23765e+18,163.6794939,-0.87505947,19.13235,17.135,16.20414,15.77855,15.45024,756,301,1,320,3.10776e+17,GALAXY,0.07515175,276,51909,99
1.23765e+18,163.9566297,-1.007108565,18.63928,18.40783,18.72516,18.96407,19.11441,756,301,1,321,4.31784e+18,STAR,-0.000113937,3835,55570,42
1.23765e+18,163.834242,-0.943390113,17.92957,16.20432,15.3285,14.84212,14.48557,756,301,1,321,3.1076e+17,GALAXY,0.0747895,276,51909,41
1.23765e+18,163.8158989,-0.928110079,18.95534,17.08021,16.13205,15.65296,15.25118,756,301,1,321,3.10762e+17,GALAXY,0.05176416,276,51909,51
1.23765e+18,164.0001413,-0.95482227,18.39349,16.53366,15.56921,15.092,14.71846,756,301,1,322,3.10764e+17,GALAXY,0.07376982,276,51909,57
1.23765e+18,164.0898765,-0.889000408,18.19049,16.85052,16.12945,15.67529,15.38433,756,301,1,322,3.10754e+17,GALAXY,0.07545097,276,51909,19
1.23765e+18,164.1925042,-0.846054732,18.97626,18.03446,17.68962,17.57739,17.52023,756,301,1,323,4.24714e+18,STAR,4.03e-06,3772,55277,910
1.23765e+18,164.1260558,-0.84856516,19.32554,17.3354,16.4046,15.97445,15.63738,756,301,1,323,3.11957e+17,GALAXY,0.07552451,277,51908,300
1.23765e+18,164.1523532,-0.990247421,18.85297,17.48134,16.86091,16.48637,16.23463,756,301,1,323,3.10752e+17,GALAXY,0.05539397,276,51909,14
1.23765e+18,164.1900122,-0.878395457,18.78915,17.53583,16.91396,16.53786,16.29176,756,301,1,323,3.10752e+17,GALAXY,0.07356068,276,51909,13
1.23765e+18,164.2268908,-0.919755342,19.57764,18.62945,18.26413,18.10023,18.02482,756,301,1,323,4.24715e+18,STAR,6.5e-05,3772,55277,918
1.23765e+18,164.3156522,-0.980575149,19.03454,17.84141,17.34953,17.01541,16.87057,756,301,1,324,3.10754e+17,GALAXY,0.0755645,276,51909,20
1.23765e+18,164.3616955,-0.880134204,18.93401,17.78166,17.13355,16.73445,16.51227,756,301,1,324,3.10753e+17,GALAXY,0.0910571,276,51909,15
1.23765e+18,164.2759011,-0.914477456,19.43435,18.26325,17.79818,17.46311,17.27473,756,301,1,324,3.11952e+17,GALAXY,0.0750734,277,51908,282
1.23765e+18,164.51317,-0.904222454,19.0634,18.96466,18.83459,18.65398,18.54942,756,301,1,325,3.11953e+17,QSO,1.955735,277,51908,285
1.23765e+18,164.6667637,-0.987072205,18.86893,17.77161,17.27226,16.92198,16.76753,756,301,1,326,3.11942e+17,GALAXY,0.09644709,277,51908,247
1.23765e+18,221.7381938,0.475333981,19.29643,18.30095,17.97338,17.86088,17.78991,752,301,5,522,3.30353e+18,STAR,-0.000309939,2934,54626,499
1.23765e+18,221.7576158,0.621696381,19.48781,18.34975,18.32759,18.39081,18.48263,752,301,5,522,3.30353e+18,STAR,0.000779206,2934,54626,490
1.23765e+18,221.7112089,0.468614707,18.61506,17.66902,17.3256,17.07911,16.96687,752,301,5,522,3.46911e+17,GALAXY,0.055526,308,51662,487
1.23765e+18,221.7667332,0.479062035,17.68773,16.15192,15.37372,14.9532,14.64231,752,301,5,522,4.52861e+18,GALAXY,0.05580719,4022,55352,880
1.23765e+18,221.768661,0.493656063,19.50523,18.08859,17.06812,16.59314,16.23049,752,301,5,522,3.46909e+17,GALAXY,0.1714733,308,51662,481
1.23765e+18,221.7743555,0.585563069,19.04896,17.62684,16.84383,16.4579,16.17873,752,301,5,522,3.46911e+17,GALAXY,0.0957781,308,51662,485
1.23765e+18,221.808461,0.4668914,16.8609,15.65459,15.84795,16.01778,16.09447,752,301,5,523,3.27537e+18,STAR,-5.2e-05,2909,54653,466
1.23765e+18,221.864273,0.60323062,17.58932,16.63618,16.34774,16.26472,16.23644,752,301,5,523,3.27537e+18,STAR,0.000123053,2909,54653,454
1.23765e+18,221.8677738,0.627794047,17.87543,16.84058,16.58549,16.52185,16.52229,752,301,5,523,3.27537e+18,STAR,9.77e-06,2909,54653,460
1.23765e+18,221.9023083,0.462168351,18.17631,16.95115,16.38739,16.1694,16.05073,752,301,5,523,3.27538e+18,STAR,-4.83e-05,2909,54653,500
1.23765e+18,221.9079467,0.496709993,17.44692,16.51682,16.24003,16.14652,16.11031,752,301,5,523,3.27537e+18,STAR,-0.000273817,2909,54653,461
1.23765e+18,221.8401355,0.611705926,19.47946,18.03308,17.39289,17.06784,16.83607,752,301,5,523,3.46911e+17,GALAXY,0.07452711,308,51662,486
1.23765e+18,221.9406163,0.474738647,18.78733,17.95024,17.64966,17.54325,17.51614,752,301,5,524,3.27538e+18,STAR,-0.000482178,2909,54653,498
1.23765e+18,221.9841904,0.446387396,17.50681,16.05808,15.52935,15.36461,15.28286,752,301,5,524,3.27538e+18,STAR,-3.77e-05,2909,54653,488
1.23765e+18,222.0073006,0.44112968,17.52509,16.50577,16.20803,16.10891,16.07813,752,301,5,524,3.27538e+18,STAR,8.45e-05,2909,54653,485
1.23765e+18,222.0195014,0.577652875,17.612,16.7678,16.44467,16.32392,16.29116,752,301,5,524,4.52863e+18,STAR,-0.000594061,4022,55352,958
1.23765e+18,222.0699747,0.632685808,19.55005,19.45104,19.55948,19.68855,19.8034,752,301,5,524,6.0462e+17,GALAXY,0.5843571,537,52027,43
1.23765e+18,222.0703954,0.578781767,19.56222,18.61031,18.35587,18.2285,18.22787,752,301,5,524,3.46916e+17,STAR,-0.000334776,308,51662,506
1.23765e+18,222.101398,0.566545636,16.38163,15.44816,15.16225,15.06545,15.05005,752,301,5,525,3.27538e+18,STAR,0.000655746,2909,54653,482
1.23765e+18,222.1474027,0.617188571,17.37095,16.27888,15.86988,15.7317,15.69633,752,301,5,525,3.27537e+18,STAR,7.7e-05,2909,54653,457
1.23765e+18,222.1748219,0.478226741,18.85767,17.78661,17.99048,18.16379,18.28648,752,301,5,525,3.30353e+18,STAR,-0.000256686,2934,54626,516
1.23765e+18,222.205534,0.491712354,17.41434,16.52501,16.20485,16.07789,16.02643,752,301,5,525,3.27538e+18,STAR,0.001026436,2909,54653,508
1.23765e+18,222.2093895,0.458158089,19.12092,18.22013,17.98256,17.89219,17.83752,752,301,5,525,3.30353e+18,STAR,6.46e-05,2934,54626,508
1.23765e+18,222.2268243,0.462859925,17.94159,16.6496,16.00563,15.64483,15.36471,752,301,5,525,3.47998e+17,GALAXY,0.03443914,309,51994,346
1.23765e+18,222.1655886,0.447783487,18.41705,17.3414,16.8993,16.6444,16.47451,752,301,5,525,3.46917e+17,GALAXY,0.03457854,308,51662,508
1.23765e+18,222.2592131,0.609162935,19.13914,18.14602,17.76331,17.61261,17.53908,752,301,5,526,3.27539e+18,STAR,2.17e-06,2909,54653,539
1.23765e+18,222.2676231,0.627672056,17.43897,16.26901,16.20808,16.25376,16.29207,752,301,5,526,3.27539e+18,STAR,-0.000858878,2909,54653,532
1.23765e+18,222.2867267,0.439344856,18.96441,17.58614,17.0402,16.83655,16.74259,752,301,5,526,3.27538e+18,STAR,0.000134893,2909,54653,507
1.23765e+18,222.3385013,0.524255538,19.27851,17.59257,17.7325,24.35682,18.04501,752,301,5,526,3.46929e+17,STAR,-3.39e-05,308,51662,552
1.23765e+18,222.2496265,0.583698893,19.5731,18.34088,17.81578,17.58725,17.49151,752,301,5,526,3.30353e+18,STAR,0.000255109,2934,54626,511
1.23765e+18,222.3909008,0.48756861,16.96505,15.7589,15.83425,15.92798,16.00828,752,301,5,527,3.27538e+18,STAR,-6.58e-05,2909,54653,501
1.23765e+18,222.3927505,0.605170014,19.05459,18.04969,17.6553,17.56808,17.48506,752,301,5,527,3.27539e+18,STAR,-0.000132466,2909,54653,535
1.23765e+18,222.4040716,0.562050518,17.88768,16.85683,16.72489,16.70373,16.71813,752,301,5,527,3.27538e+18,STAR,0.000278954,2909,54653,504
1.23765e+18,222.4418208,0.613423199,19.06321,17.69734,17.16108,16.98235,16.8865,752,301,5,527,3.27539e+18,STAR,-2.63e-05,2909,54653,528
1.23765e+18,222.4890999,0.558296016,16.9911,15.17415,14.37363,13.99589,13.71774,752,301,5,527,3.46931e+17,GALAXY,0.03983419,308,51662,560
1.23765e+18,222.4914543,0.548738021,18.99404,17.49792,16.92866,16.72374,16.63062,752,301,5,527,3.27539e+18,STAR,-0.000171654,2909,54653,542
1.23765e+18,222.5090329,0.578780567,17.78947,15.91691,15.07053,14.67859,14.36553,752,301,5,527,3.47997e+17,GALAXY,0.04041696,309,51994,341
1.23765e+18,222.4998689,0.540387339,19.5456,19.30174,19.28545,19.03486,18.92336,752,301,5,527,4.52514e+18,QSO,1.708234,4019,55363,522
1.23765e+18,222.5548702,0.593016181,18.95988,17.82082,17.37332,17.20241,17.13798,752,301,5,528,3.46939e+17,STAR,-4.61e-05,308,51662,587
1.23765e+18,222.6287311,0.610314038,18.43803,17.35825,17.17337,17.13696,17.16753,752,301,5,528,3.46937e+17,STAR,8.74e-05,308,51662,582
1.23765e+18,222.6526556,0.623412513,18.20361,18.04696,17.7736,17.79992,17.86788,752,301,5,528,4.52391e+18,QSO,1.078722,4018,55622,166
1.23765e+18,222.5356133,0.614590469,18.9386,17.40152,16.62746,16.27216,15.9696,752,301,5,528,3.46939e+17,GALAXY,0.04044159,308,51662,590
1.23765e+18,222.5495784,0.543575298,17.6157,16.21818,15.50727,15.09512,14.76708,752,301,5,528,3.46937e+17,GALAXY,0.03950118,308,51662,583
1.23765e+18,222.5581618,0.557515184,18.98946,17.83726,17.34649,17.12594,16.98877,752,301,5,528,3.47999e+17,GALAXY,0.03979656,309,51994,348
1.23765e+18,222.807498,0.447500575,18.76092,17.06253,16.26154,15.85517,15.54927,752,301,5,529,3.46942e+17,GALAXY,0.0635696,308,51662,599
1.23765e+18,222.8613088,0.491121435,19.11269,17.97062,17.43498,17.19457,17.0672,752,301,5,530,3.2754e+18,STAR,0.00019872,2909,54653,584
1.23765e+18,222.9301236,0.551959989,17.68786,16.79101,16.52302,16.42408,16.39017,752,301,5,530,3.27541e+18,STAR,3.52e-05,2909,54653,590
1.23765e+18,222.9339678,0.432157455,18.23652,17.03079,16.52341,16.28072,16.18811,752,301,5,530,3.2754e+18,STAR,0.000122931,2909,54653,587
1.23765e+18,222.9554203,0.472939254,18.31584,17.36814,17.06714,16.91268,16.87696,752,301,5,530,3.2754e+18,STAR,2.56e-05,2909,54653,583
1.23765e+18,223.035008,0.494678056,18.35068,17.1323,16.69338,16.5298,16.45769,752,301,5,531,3.48013e+17,STAR,0.000164416,309,51994,398
1.23765e+18,245.7006332,-0.84430057,18.04187,16.38026,15.51751,15.04708,14.68362,745,301,1,581,4.09906e+17,GALAXY,0.04593659,364,52000,286
1.23765e+18,246.020743,-0.877447933,18.05132,16.94163,16.56012,16.27179,16.12879,745,301,1,583,4.09898e+17,GALAXY,0.05315065,364,52000,255
1.23765e+18,246.015172,-0.902868763,17.75489,16.31037,15.54011,15.10274,14.79766,745,301,1,583,4.09899e+17,GALAXY,0.04652571,364,52000,259
1.23765e+18,246.1524866,-0.919125262,19.14551,17.94895,17.85661,17.85323,17.88321,745,301,1,584,4.09883e+17,STAR,-0.000221536,364,52000,203
1.23765e+18,246.1603004,-0.896662044,18.03995,16.84321,16.26401,15.86949,15.62851,745,301,1,584,4.09883e+17,GALAXY,0.04825275,364,52000,201
1.23765e+18,246.273403,-0.935451398,19.22729,18.10856,17.62888,17.42704,17.30622,745,301,1,585,4.09885e+17,STAR,-5.15e-05,364,52000,209
1.23765e+18,247.1761035,-0.882946006,18.64252,17.46848,17.34717,17.33329,17.36111,745,301,1,591,4.09842e+17,STAR,-9.56e-05,364,52000,54
1.23765e+18,247.2544886,-0.854530838,18.25633,16.75476,16.15203,15.92617,15.82208,745,301,1,591,4.09832e+17,STAR,9.41e-06,364,52000,15
1.23765e+18,249.6593149,-0.904867054,19.32972,19.59161,19.94725,20.23962,20.30066,745,301,1,607,3.91814e+17,STAR,-0.000116555,348,51671,3
1.23765e+18,249.5831957,-0.915852881,19.56442,18.31213,18.15499,18.12128,18.10196,745,301,1,607,3.91814e+17,STAR,-0.000429915,348,51671,4
1.23765e+18,249.692212,-0.891026543,19.57101,17.94255,16.91265,16.47159,16.0629,745,301,1,608,3.91815e+17,GALAXY,0.08782733,348,51671,6
1.23765e+18,183.7019288,-0.631993123,18.10185,16.71889,16.11128,15.8495,15.70898,745,301,2,167,3.72226e+18,STAR,0.000592011,3306,54922,109
1.23765e+18,184.0692739,-0.631512778,18.38508,17.15037,16.61963,16.38986,16.27164,745,301,2,169,3.72224e+18,GALAXY,0.7351998,3306,54922,66
1.23765e+18,238.9877701,-0.602334742,18.14292,17.74537,17.58131,17.57654,17.47079,745,301,2,536,3.86235e+17,QSO,0.7628108,343,51692,187
1.23765e+18,239.4079453,-0.509933342,17.80781,16.46973,16.38199,16.34636,16.35388,745,301,2,539,3.86224e+17,STAR,-0.000582766,343,51692,147
1.23765e+18,239.3827793,-0.467645078,18.92431,17.23879,16.34981,15.87913,15.53199,745,301,2,539,3.86225e+17,GALAXY,0.08465462,343,51692,150
1.23765e+18,239.54234,-0.522224201,19.2607,17.75067,17.52371,17.3766,17.15547,745,301,2,540,3.86224e+17,QSO,2.832395,343,51692,145
1.23765e+18,242.9819418,-0.485089759,18.10821,16.77918,16.21246,16.0048,15.90154,745,301,2,563,3.89645e+17,STAR,-0.000417835,346,51693,303
1.23765e+18,242.9548229,-0.446457437,18.90115,17.03906,16.03109,15.4815,15.06539,745,301,2,563,3.88466e+17,GALAXY,0.08011556,345,51690,112
1.23765e+18,243.0210074,-0.494569887,19.2421,18.07248,17.57599,17.21374,17.00031,745,301,2,563,3.89648e+17,GALAXY,0.06661516,346,51693,314
1.23765e+18,243.8843939,-0.458423132,17.01633,16.8166,16.47103,16.01772,15.98409,745,301,2,569,3.89623e+17,QSO,0.1464716,346,51693,223
1.23765e+18,244.1129567,-0.492485347,17.34144,17.66519,18.08743,18.37465,18.64286,745,301,2,570,3.89615e+17,STAR,-5.11e-06,346,51693,195
1.23765e+18,244.1388571,-0.484508165,19.17439,17.9477,17.45896,17.27624,17.12362,745,301,2,570,3.89614e+17,STAR,-1.16e-05,346,51693,193
1.23765e+18,244.2849104,-0.455476627,18.63084,16.69326,15.67451,15.20557,14.82077,745,301,2,571,3.89606e+17,GALAXY,0.09280799,346,51693,162
1.23765e+18,244.491831,-0.470565564,18.43597,17.47617,17.10257,16.90971,16.82976,745,301,2,573,3.89602e+17,GALAXY,0.01660742,346,51693,148
1.23765e+18,244.4967906,-0.498397857,17.9878,16.51811,15.74451,15.30433,14.98556,745,301,2,573,3.89602e+17,GALAXY,0.0504769,346,51693,146
1.23765e+18,244.916397,-0.523075658,18.45084,17.39167,16.97855,16.82599,16.76456,745,301,2,576,3.89584e+17,STAR,-0.00034075,346,51693,81
1.23765e+18,244.9255821,-0.455836405,19.34707,17.76923,16.92714,16.48486,16.14608,745,301,2,576,3.89591e+17,GALAXY,0.07900908,346,51693,106
1.23765e+18,244.9355448,-0.479246996,18.53797,17.16947,16.5021,16.18933,15.95892,745,301,2,576,3.89591e+17,GALAXY,0.05936759,346,51693,108
1.23765e+18,245.1284933,-0.499415435,19.18215,18.79711,18.8115,18.61492,18.51464,745,301,2,577,4.09912e+17,QSO,0.5382954,364,52000,307
1.23765e+18,245.3673526,-0.457073809,18.12316,16.31978,15.37991,14.91012,14.5367,745,301,2,579,4.09911e+17,GALAXY,0.05909181,364,52000,302
1.23765e+18,245.3766944,-0.457007952,19.46922,17.96987,17.31625,16.92729,16.71774,745,301,2,579,3.8958e+17,GALAXY,0.06916405,346,51693,67
1.23765e+18,245.9784794,-0.483455495,19.38072,17.38953,16.26663,15.75659,15.36963,745,301,2,583,4.09888e+17,GALAXY,0.09362785,364,52000,221
1.23765e+18,246.0343781,-0.473284059,19.51987,17.56103,16.443,15.95302,15.57304,745,301,2,583,4.0988e+17,GALAXY,0.1424379,364,52000,190
1.23765e+18,246.268157,-0.426989896,19.46025,18.28482,17.78494,17.50377,17.31497,745,301,2,585,4.09872e+17,GALAXY,0.04653732,364,52000,161
1.23765e+18,246.6956258,-0.510110724,18.0106,16.81185,16.32209,16.03653,15.92627,745,301,2,588,4.09868e+17,GALAXY,0.044495,364,52000,146
1.23765e+18,246.7820809,-0.492431557,17.60994,15.90911,15.0209,14.54955,14.19971,745,301,2,588,4.09857e+17,GALAXY,0.04619161,364,52000,107
1.23765e+18,247.0211391,-0.448676629,19.23512,19.08207,18.78046,18.81124,18.99055,745,301,2,590,4.09848e+17,QSO,1.149604,364,52000,74
1.23765e+18,248.2690158,-0.488919926,19.27635,17.99304,17.47953,17.29088,18.2856,745,301,2,598,3.91878e+17,STAR,-7.32e-05,348,51671,236
1.23765e+18,248.8945205,-0.452329487,18.73576,16.83826,15.94847,15.53803,15.15638,745,301,2,602,3.91858e+17,GALAXY,0.07018682,348,51671,163
1.23765e+18,249.4965512,-0.498468272,18.99369,17.31122,16.48666,16.05332,15.74858,745,301,2,606,3.91842e+17,GALAXY,0.05894065,348,51671,106
1.23765e+18,189.429821,-0.131042119,17.83883,16.62422,16.84056,17.03584,17.15817,745,301,3,205,3.25951e+18,STAR,0.000648475,2895,54567,116
1.23765e+18,189.4485445,-0.052745243,18.97562,17.84829,17.49412,17.374,17.35097,745,301,3,205,3.27722e+17,STAR,0.000257387,291,51928,310
1.23765e+18,189.453801,-0.097312842,17.66081,16.62739,16.28842,16.17215,16.14751,745,301,3,205,3.25951e+18,STAR,5.91e-07,2895,54567,117
1.23765e+18,189.4687466,-0.035999748,17.28231,16.209,15.7648,15.51375,15.47968,745,301,3,205,3.25951e+18,STAR,0.000579113,2895,54567,119
1.23765e+18,189.5222492,-0.027031353,16.32175,14.72385,13.8848,13.46923,13.15061,745,301,3,205,3.26653e+17,GALAXY,0.01251297,290,51941,516
1.23765e+18,189.4971499,-0.110585473,19.25978,18.10524,17.4296,17.08964,16.85153,745,301,3,205,3.27724e+17,GALAXY,0.1383053,291,51928,318
1.23765e+18,225.5292533,-0.029787764,19.21136,18.738,18.76889,18.96195,19.18182,745,301,3,446,4.52172e+18,STAR,-0.000197667,4016,55632,396
1.23765e+18,225.4943556,-0.114316909,19.43974,18.09289,17.40579,17.0081,16.82082,745,301,3,446,3.49091e+17,GALAXY,0.04019753,310,51990,224
1.23765e+18,145.2885765,0.34651158,19.22352,18.00232,17.37943,17.0111,16.76524,756,301,4,197,2.99588e+17,GALAXY,0.06460119,266,51630,359
1.23765e+18,145.2928209,0.376326323,19.31302,18.13527,17.67289,17.49996,17.44187,756,301,4,197,2.99585e+17,STAR,0.000213372,266,51630,346
1.23765e+18,145.5938073,0.278308382,19.1079,18.92201,18.59314,18.47573,18.40461,756,301,4,199,2.99598e+17,QSO,1.4047,266,51630,396
1.23765e+18,145.6372746,0.373311363,19.20753,17.87736,17.30583,17.08623,16.96132,756,301,4,199,2.99597e+17,STAR,-3.48e-05,266,51630,390
1.23765e+18,145.5940127,0.309420164,19.13766,17.23995,16.29899,15.78274,15.38905,756,301,4,199,2.99595e+17,GALAXY,0.04570889,266,51630,383
1.23765e+18,145.7652334,0.300216536,17.94163,16.54377,15.9877,15.77288,15.65827,756,301,4,200,2.99608e+17,STAR,0.000126068,266,51630,431
1.23765e+18,145.7751216,0.320237982,18.38335,17.32703,17.39917,17.56194,17.59595,756,301,4,200,2.9961e+17,GALAXY,0.02492348,266,51630,438
1.23765e+18,145.8001801,0.414171694,17.17863,15.42035,14.50936,14.03708,13.60173,756,301,4,200,2.99608e+17,GALAXY,0.02524959,266,51630,430
1.23765e+18,145.8265443,0.373109947,19.20228,17.71483,17.07567,16.80322,16.54525,756,301,4,200,2.99609e+17,GALAXY,0.02156401,266,51630,435
1.23765e+18,145.9479709,0.212025289,19.35604,17.38218,16.29403,15.80728,15.41712,756,301,4,201,5.405e+17,GALAXY,0.1435671,480,51989,246
1.23765e+18,146.0846626,0.257262547,19.15385,17.74926,17.14627,16.90309,16.78826,756,301,4,202,2.99626e+17,STAR,0.000343345,266,51630,497
1.23765e+18,146.1949499,0.284978795,19.55272,18.53341,18.1329,17.94877,17.83876,756,301,4,203,4.30897e+18,STAR,0.000722066,3827,55565,560
1.23765e+18,146.5039178,0.413836095,19.35893,17.89577,17.24237,16.99044,16.85701,756,301,4,205,3.0071e+17,STAR,-5.47e-05,267,51608,343
1.23765e+18,146.7859464,0.283566403,18.261,17.1095,16.60116,16.39906,16.30808,756,301,4,207,2.99643e+17,STAR,0.000887095,266,51630,559
1.23765e+18,146.8769253,0.361581671,18.85666,17.66109,17.03763,16.57114,16.35331,756,301,4,207,2.9965e+17,GALAXY,0.1258487,266,51630,583
1.23765e+18,146.8877424,0.217453981,19.52121,17.7441,16.88671,16.40612,16.02948,756,301,4,207,2.99653e+17,GALAXY,0.06296776,266,51630,595
1.23765e+18,146.9576557,0.39335311,18.62672,17.24185,16.66062,16.28336,16.01912,756,301,4,208,2.99654e+17,GALAXY,0.06987419,266,51630,599
1.23765e+18,147.1406214,0.41622499,19.02503,18.8155,18.51251,18.30922,18.31968,756,301,4,209,3.00711e+17,QSO,1.487651,267,51608,349
1.23765e+18,147.1928883,0.271932852,16.63782,15.67488,15.26671,15.07679,14.89407,756,301,4,209,2.99665e+17,GALAXY,0.02016207,266,51630,638
1.23765e+18,147.1283102,0.369214353,18.33496,16.86486,16.12504,15.7163,15.41633,756,301,4,209,2.99664e+17,GALAXY,0.06984089,266,51630,634
1.23765e+18,147.1505833,0.416565393,18.54785,16.8902,16.04284,15.58536,15.23375,756,301,4,209,2.9966e+17,GALAXY,0.06453946,266,51630,622
1.23765e+18,147.2388291,0.373755469,18.9361,18.59122,18.42903,18.18872,18.16567,756,301,4,210,2.99662e+17,QSO,0.5838438,266,51630,628
1.23765e+18,147.3055567,0.217659364,18.36063,17.22968,16.69767,16.42737,16.30265,756,301,4,210,2.99665e+17,GALAXY,0.0199993,266,51630,640
1.23765e+18,147.3092768,0.344253552,18.76178,17.56904,17.17087,16.79988,16.74775,756,301,4,210,3.00714e+17,GALAXY,0.07294767,267,51608,358
1.23765e+18,147.3267558,0.245529517,18.68131,17.26695,16.54334,16.1431,15.88703,756,301,4,210,2.99663e+17,GALAXY,0.09284572,266,51630,632
1.23765e+18,147.3940442,0.286559881,18.17326,17.10972,16.73453,16.57569,16.48905,756,301,4,211,3.00714e+17,STAR,0.000909811,267,51608,359
1.23765e+18,147.372674,0.24259471,18.6288,16.95032,16.20076,15.76268,15.44596,756,301,4,211,3.00713e+17,GALAXY,0.06938305,267,51608,355
1.23765e+18,147.3915089,0.325893925,19.54083,18.41205,18.20571,18.14277,18.09389,756,301,4,211,5.40446e+17,STAR,0.000379827,480,51989,50
1.23765e+18,147.4710386,0.315045767,17.53849,15.78786,14.9577,14.50264,14.2035,756,301,4,211,3.00723e+17,GALAXY,0.06343265,267,51608,392
1.23765e+18,147.4798277,0.32340536,17.82232,16.77606,16.33072,15.96423,15.79552,756,301,4,211,5.40432e+17,GALAXY,0.06262219,480,51989,1
1.23765e+18,147.7792915,0.22629139,18.9379,18.07063,17.7687,17.47927,17.428,756,301,4,213,3.00736e+17,GALAXY,0.07421976,267,51608,438
1.23765e+18,147.86459,0.255910737,19.01005,17.4565,16.64985,16.12796,15.78517,756,301,4,214,3.00736e+17,GALAXY,0.0858379,267,51608,440
1.23765e+18,147.895256,0.255656057,18.96667,16.99418,16.01497,15.57269,15.20947,756,301,4,214,3.00735e+17,GALAXY,0.08539967,267,51608,434
1.23765e+18,147.9453494,0.330468514,18.3126,16.54343,15.65867,15.23051,14.87113,756,301,4,214,3.00744e+17,GALAXY,0.0844093,267,51608,467
1.23765e+18,148.0481662,0.31109213,16.93137,17.2629,17.75623,18.08873,18.4345,756,301,4,215,4.3101e+18,STAR,0.000165076,3828,55539,580
1.23765e+18,148.0587187,0.235931342,18.90142,16.91346,15.93626,15.49382,15.12776,756,301,4,215,3.00745e+17,GALAXY,0.08517714,267,51608,473
1.23765e+18,148.1345175,0.235816362,18.93353,16.98117,16.04544,15.60755,15.27932,756,301,4,216,3.00743e+17,GALAXY,0.08571817,267,51608,465
1.23765e+18,148.2130013,0.258008852,18.05346,16.95197,16.56443,16.43572,16.37421,756,301,4,216,3.0184e+17,STAR,-0.000250462,268,51633,360
1.23765e+18,148.1463653,0.249043875,18.8115,17.67166,17.08666,16.44283,16.44788,756,301,4,216,3.00751e+17,GALAXY,0.08185273,267,51608,493
1.23765e+18,148.1454086,0.249959208,18.6695,17.27253,16.70132,16.3242,16.04939,756,301,4,216,3.01839e+17,GALAXY,0.08136201,268,51633,355
1.23765e+18,148.156768,0.308844017,19.08723,17.12725,16.21387,15.77308,15.43097,756,301,4,216,3.0075e+17,GALAXY,0.07949528,267,51608,489
1.23765e+18,148.3241251,0.414280676,18.5513,17.5738,17.32834,17.29379,17.24489,756,301,4,217,3.00754e+17,STAR,0.000616378,267,51608,506
1.23765e+18,148.3614816,0.29370134,19.38438,18.18026,17.43588,17.02834,16.7131,756,301,4,217,3.01838e+17,GALAXY,0.1647461,268,51633,352
1.23765e+18,148.5405835,0.257637113,18.20682,17.03266,16.59724,16.39196,16.30338,756,301,4,218,3.00768e+17,STAR,-0.000119558,267,51608,557
1.23765e+18,148.5091722,0.239254904,18.94724,16.93945,16.02719,15.5921,15.2338,756,301,4,218,3.00769e+17,GALAXY,0.06443697,267,51608,558
1.23765e+18,148.607195,0.293083115,18.98832,17.51845,16.84269,16.53978,16.3768,756,301,4,219,3.22805e+18,STAR,0.000666729,2867,54479,352
1.23765e+18,148.6597563,0.225310387,18.93172,17.95159,17.65714,17.53084,17.51955,756,301,4,219,3.21116e+18,STAR,0.000399691,2852,54468,352
1.23765e+18,148.6193353,0.254581836,18.73125,17.32479,16.61528,16.22564,15.93428,756,301,4,219,3.00769e+17,GALAXY,0.08935121,267,51608,560
1.23765e+18,148.7113005,0.372427881,18.83524,17.90071,17.58274,17.46517,17.40066,756,301,4,220,3.21116e+18,STAR,0.000752324,2852,54468,346
1.23765e+18,186.897308,0.164723511,19.2229,19.04884,18.88845,19.02034,19.04908,752,301,4,289,3.25521e+17,QSO,1.014519,289,51990,494
1.23765e+18,186.9651101,0.06025305,18.54735,17.00517,16.42322,16.20645,16.10244,752,301,4,290,2.88022e+18,STAR,-0.00019043,2558,54140,597
1.23765e+18,187.0352201,0.024827321,18.74619,16.85326,16.16337,15.93568,15.7915,752,301,4,290,2.88021e+18,STAR,1.25e-05,2558,54140,592
1.23765e+18,187.0578891,0.206948328,17.85004,16.138,15.52961,15.34447,15.23908,752,301,4,290,2.88022e+18,STAR,9.82e-05,2558,54140,593
1.23765e+18,186.9386993,0.110191762,19.54832,18.08643,17.51066,17.31159,17.23373,752,301,4,290,2.88022e+18,STAR,-6.16e-05,2558,54140,600
1.23765e+18,187.0775073,0.066863296,17.94245,16.66657,16.10645,15.87961,15.73977,752,301,4,291,2.88022e+18,STAR,0.000225421,2558,54140,595
1.23765e+18,187.1130334,0.142407916,17.37433,16.10176,15.48611,15.20287,14.99776,752,301,4,291,3.25525e+17,GALAXY,0.0229938,289,51990,509
1.23765e+18,187.1489538,0.057705582,17.81092,16.27263,15.68785,15.49495,15.38605,752,301,4,291,2.88022e+18,STAR,-0.000176346,2558,54140,621
1.23765e+18,187.1621283,0.16918748,19.25583,17.95046,17.39246,17.17449,17.0425,752,301,4,291,2.88022e+18,STAR,8.42e-05,2558,54140,624
1.23765e+18,187.168775,0.075951992,19.52112,19.21715,19.07192,19.13103,18.99092,752,301,4,291,3.25528e+17,QSO,0.9141566,289,51990,520
1.23765e+18,187.2115286,0.170914941,18.25947,17.10711,16.60912,16.40416,16.29116,752,301,4,292,2.88023e+18,STAR,1.29e-05,2558,54140,633
1.23765e+18,187.2450135,0.128414394,18.48621,17.17117,16.66446,16.44695,16.34622,752,301,4,292,2.88022e+18,STAR,0.000481789,2558,54140,623
1.23765e+18,187.2594741,0.200053682,19.57364,17.69468,16.69488,16.25498,15.93791,752,301,4,292,3.25527e+17,GALAXY,0.1100293,289,51990,515
1.23765e+18,187.3519077,0.133947998,19.31496,18.01464,17.4819,17.29032,17.1754,752,301,4,292,2.88023e+18,STAR,-5.06e-05,2558,54140,640
1.23765e+18,187.3566143,0.130543526,19.25702,17.81028,16.90624,16.4854,16.14583,752,301,4,292,3.25537e+17,GALAXY,0.1533793,289,51990,554
1.23765e+18,187.3665794,0.023710364,16.31039,14.86417,14.30086,14.09949,14.01226,752,301,4,293,2.88023e+18,STAR,7.82e-05,2558,54140,635
1.23765e+18,187.4201384,0.047627439,17.44105,15.79736,15.17119,14.97054,14.87672,752,301,4,293,2.88023e+18,STAR,2.56e-05,2558,54140,637
1.23765e+18,187.3740316,0.053786699,19.08637,17.53676,16.85588,16.59259,16.43668,752,301,4,293,2.88023e+18,STAR,0.00075669,2558,54140,632
1.23765e+18,187.4951842,0.027236403,18.14282,16.60594,15.68205,15.26196,14.86637,752,301,4,293,3.25534e+17,GALAXY,0.008045804,289,51990,542
1.23765e+18,187.5436682,0.039136111,17.47324,16.50728,16.20982,16.10591,16.06388,752,301,4,294,3.25958e+18,STAR,0.000515816,2895,54567,355
1.23765e+18,187.6035387,0.165235364,18.7093,18.55884,18.33429,18.2895,18.41076,752,301,4,294,3.25549e+17,QSO,1.166725,289,51990,595
1.23765e+18,187.6018512,0.093171088,18.44487,16.62873,15.70877,15.29358,14.97091,752,301,4,294,3.25535e+17,GALAXY,0.07950422,289,51990,545
1.23765e+18,187.665038,0.00746882,17.94648,16.4643,15.90403,15.70531,15.59566,752,301,4,295,3.25958e+18,STAR,0.000187349,2895,54567,357
1.23765e+18,187.7302135,0.096357847,15.70621,14.78905,14.49906,14.3865,14.34201,752,301,4,295,3.25958e+18,STAR,6.18e-05,2895,54567,360
1.23765e+18,187.7893198,0.196464267,17.83093,16.88131,16.57057,16.46572,16.41471,752,301,4,295,3.25958e+18,STAR,0.000371354,2895,54567,350
1.23765e+18,187.678571,0.193244245,19.59037,18.73735,18.40529,18.26672,18.25332,752,301,4,295,4.3326e+18,STAR,-0.000144436,3848,55647,482
1.23765e+18,187.7496307,0.052753592,19.1813,17.78183,17.06773,16.68902,16.40639,752,301,4,295,3.25548e+17,GALAXY,0.07963099,289,51990,591
1.23765e+18,187.763132,0.04897619,18.29014,16.88035,16.29732,15.99593,15.81486,752,301,4,295,3.26609e+17,GALAXY,0.04150943,290,51941,357
1.23765e+18,187.9104934,0.176460513,16.48328,15.06156,14.54992,14.38695,14.32776,752,301,4,296,3.25958e+18,STAR,-0.000102326,2895,54567,352
1.23765e+18,187.8938144,0.0359266,19.29622,17.95109,17.35689,17.14744,17.07908,752,301,4,296,3.28774e+18,STAR,0.000408897,2920,54562,399
1.23765e+18,187.9265256,0.202503974,19.41831,17.88182,17.29789,17.08715,16.98668,752,301,4,296,3.25957e+18,STAR,9.59e-05,2895,54567,341
1.23765e+18,187.9679871,0.038183832,17.5686,15.89315,15.17661,14.88312,14.72372,752,301,4,297,3.25958e+18,STAR,0.000134002,2895,54567,358
1.23765e+18,187.9739806,0.184403285,16.22078,15.3068,15.06621,15.01012,14.98462,752,301,4,297,3.25958e+18,STAR,0.000212724,2895,54567,347
1.23765e+18,188.0060071,0.166595455,18.01164,16.76973,16.82013,16.90252,16.94517,752,301,4,297,3.25959e+18,STAR,0.000288391,2895,54567,399
1.23765e+18,188.0262447,0.205461533,16.48826,15.67375,15.40592,15.31919,15.28315,752,301,4,297,3.25959e+18,STAR,0.000223921,2895,54567,382
1.23765e+18,188.0666001,0.130820324,18.23963,16.75517,16.25679,16.1037,16.0372,752,301,4,297,3.25959e+18,STAR,5.3e-05,2895,54567,396
1.23765e+18,188.0724925,0.048761529,16.72618,15.80401,15.48818,15.38683,15.35141,752,301,4,297,3.25959e+18,STAR,0.000557643,2895,54567,392
1.23765e+18,188.021513,0.01154042,19.19211,17.66395,16.70894,16.28271,15.95178,752,301,4,297,3.25559e+17,GALAXY,0.1347296,289,51990,631
1.23765e+18,188.0590048,0.053320239,19.5038,18.08056,17.30295,16.8752,16.51943,752,301,4,297,3.2556e+17,GALAXY,0.09066118,289,51990,637
1.23765e+18,188.0926808,0.011777979,17.85853,16.4395,15.76779,15.41843,15.10917,752,301,4,297,3.26606e+17,GALAXY,0.04419503,290,51941,346
1.23765e+18,188.0927427,0.010548373,19.17008,17.81611,17.23299,16.71327,16.50843,752,301,4,297,3.25561e+17,GALAXY,0.04366594,289,51990,639
1.23765e+18,188.0957304,0.031873344,19.06051,17.42766,16.58445,16.19048,15.8707,752,301,4,297,3.26607e+17,GALAXY,0.08114808,290,51941,351
1.23765e+18,188.2501548,0.083273568,16.64665,15.14635,14.61565,14.45855,14.39265,752,301,4,298,3.25959e+18,STAR,-1.31e-05,2895,54567,395
1.23765e+18,188.1287185,0.067172008,18.83706,17.17847,16.30482,15.89341,15.55935,752,301,4,298,3.2556e+17,GALAXY,0.09125175,289,51990,635
1.23765e+18,188.2454069,0.107692723,19.15889,19.34751,19.84426,20.19694,20.56606,752,301,4,298,3.28774e+18,STAR,-3.05e-05,2920,54562,424
1.23765e+18,188.3892944,0.032204112,17.82247,16.31487,15.7337,15.52116,15.41414,752,301,4,299,3.25959e+18,STAR,0.000215729,2895,54567,400
1.23765e+18,188.4001974,0.062375951,17.98082,15.79202,14.9194,14.6188,14.44842,752,301,4,299,3.25959e+18,STAR,-0.000210605,2895,54567,383
1.23765e+18,188.295653,0.081660214,18.60652,17.09124,16.35563,15.94936,15.67175,752,301,4,299,3.26621e+17,GALAXY,0.07542984,290,51941,399
1.23765e+18,188.3587279,0.013439078,19.5148,18.1469,17.44056,17.05706,16.76178,752,301,4,299,3.26621e+17,GALAXY,0.09203969,290,51941,400
1.23765e+18,188.4089115,0.193242392,18.8798,17.29325,16.75477,16.57812,16.48394,752,301,4,300,3.2596e+18,STAR,4.32e-05,2895,54567,424
1.23765e+18,148.885251,1.14428105,17.2092,16.05973,15.79513,15.72221,15.73674,756,301,6,221,3.55117e+18,STAR,0.000319817,3154,54821,292
1.23765e+18,148.9388748,1.097077173,18.75738,17.23185,16.60015,16.34192,16.20804,756,301,6,221,3.55117e+18,STAR,-0.000166038,3154,54821,295
1.23765e+18,148.9472527,1.124647806,17.48674,16.32361,15.82244,15.61553,15.51284,756,301,6,221,3.55117e+18,STAR,0.00023659,3154,54821,289
1.23765e+18,148.9448489,1.125628068,19.07678,17.66514,17.14488,16.8497,16.7324,756,301,6,221,3.01845e+17,GALAXY,0.04636251,268,51633,379
1.23765e+18,149.0991076,1.149997747,19.46439,18.28526,17.80864,17.55646,17.35722,756,301,6,222,3.01843e+17,GALAXY,0.1098269,268,51633,372
1.23765e+18,149.151841,1.136971169,18.70664,17.05806,16.47363,16.26556,16.1697,756,301,6,223,3.22804e+18,STAR,0.000217851,2867,54479,324
1.23765e+18,149.1790436,1.180089721,19.08675,16.84783,15.9091,15.54999,15.35081,756,301,6,223,3.55116e+18,STAR,0.000112022,3154,54821,250
1.23765e+18,149.1889571,1.087657086,18.94645,16.37221,15.2801,14.88327,14.68458,756,301,6,223,3.21117e+18,STAR,-9.09e-05,2852,54468,364
1.23765e+18,149.2159159,1.126488902,18.44351,16.91038,16.31904,16.0637,15.93935,756,301,6,223,3.55116e+18,STAR,9.61e-05,3154,54821,249
1.23765e+18,149.2324048,1.079607616,19.03199,17.51569,16.95335,16.71386,16.57548,756,301,6,223,3.55115e+18,STAR,0.000121236,3154,54821,242
1.23765e+18,149.2951705,1.140159762,18.44785,17.54177,17.18911,16.87687,16.75641,756,301,6,223,3.01853e+17,GALAXY,0.06655637,268,51633,405
1.23765e+18,149.1613889,1.092882123,18.2674,17.14597,16.87172,16.64103,16.55622,756,301,6,223,3.01842e+17,GALAXY,0.06251667,268,51633,368
1.23765e+18,149.19394,1.070187699,18.20894,16.44297,15.64058,15.26381,14.97204,756,301,6,223,3.01853e+17,GALAXY,0.06268962,268,51633,408
1.23765e+18,149.205826,1.120501085,18.66943,16.8495,16.00342,15.59754,15.29298,756,301,6,223,3.01853e+17,GALAXY,0.04704995,268,51633,406
1.23765e+18,149.2805327,1.180191964,19.15973,17.5623,16.798,16.34253,15.99921,756,301,6,223,5.4156e+17,GALAXY,0.08035871,481,51908,8
1.23765e+18,149.2783934,1.165870223,19.36334,18.06556,17.58404,17.2535,17.09801,756,301,6,223,5.63008e+17,GALAXY,0.06325846,500,51994,212
1.23765e+18,149.3236855,1.111544249,18.22715,16.75524,16.22113,16.02702,15.94156,756,301,6,224,3.21117e+18,STAR,0.000173322,2852,54468,369
1.23765e+18,149.3745698,1.134387687,16.72275,15.70332,15.41474,15.31566,15.29872,756,301,6,224,3.22805e+18,STAR,-7.38e-05,2867,54479,363
1.23765e+18,149.4182723,1.089208417,19.26705,17.78779,17.24384,17.0266,16.93024,756,301,6,224,3.21117e+18,STAR,0.000300759,2852,54468,361
1.23765e+18,149.4371456,1.150025229,18.50186,16.13272,15.14545,14.81011,14.63561,756,301,6,224,3.21117e+18,STAR,3.86e-05,2852,54468,368
1.23765e+18,149.2959414,1.082134353,19.27136,17.83511,17.23874,16.99835,16.869,756,301,6,224,3.55115e+18,STAR,9.3e-05,3154,54821,215
1.23765e+18,149.3145882,1.159889007,19.25746,17.98146,17.44543,17.23932,17.1211,756,301,6,224,3.22806e+18,STAR,5.95e-05,2867,54479,374
1.23765e+18,149.5066044,1.080012346,17.30551,15.85834,15.35062,15.19022,15.13456,756,301,6,225,3.21118e+18,STAR,-1.93e-05,2852,54468,405
1.23765e+18,149.5442849,1.149066901,18.68479,16.97188,16.27111,15.98417,15.82974,756,301,6,225,3.22806e+18,STAR,0.000324206,2867,54479,365
1.23765e+18,149.5554476,1.17146608,17.84916,16.56059,16.04874,15.84963,15.76703,756,301,6,225,3.55115e+18,STAR,-0.000114046,3154,54821,210
1.23765e+18,149.5608425,1.162739071,17.26751,15.88087,15.32262,15.11382,15.02619,756,301,6,225,3.21118e+18,STAR,0.000330973,2852,54468,410
1.23765e+18,149.5244988,1.109365723,18.98376,17.77633,17.29383,16.96459,16.82775,756,301,6,225,3.01867e+17,GALAXY,0.08112247,268,51633,458
1.23765e+18,149.5878489,1.093115739,19.52968,17.55491,16.49394,16.0624,15.70407,756,301,6,225,3.01865e+17,GALAXY,0.1252315,268,51633,452
1.23765e+18,149.6227078,1.053735456,18.89297,17.72994,17.22637,16.98562,16.89677,756,301,6,226,3.21118e+18,STAR,0.000994804,2852,54468,403
1.23765e+18,149.6774956,1.131353088,17.65629,16.76812,16.54069,16.45583,16.43721,756,301,6,226,3.21118e+18,STAR,0.000381501,2852,54468,408
1.23765e+18,149.6055424,1.10396975,18.4086,17.04395,16.38441,15.9801,15.72501,756,301,6,226,3.01862e+17,GALAXY,0.08074103,268,51633,441
1.23765e+18,149.6115123,1.143745194,19.55195,18.00267,17.43021,17.23611,17.14624,756,301,6,226,3.21118e+18,STAR,-1.16e-05,2852,54468,407
1.23765e+18,149.6251244,1.181984116,18.35994,16.75965,16.0056,15.60248,15.29887,756,301,6,226,3.01864e+17,GALAXY,0.06204112,268,51633,448
1.23765e+18,149.6593367,1.057980679,17.39253,15.45252,14.55437,14.09429,13.73602,756,301,6,226,5.62987e+17,GALAXY,0.04639898,500,51994,136
1.23765e+18,149.7042696,1.081261516,18.51302,16.39031,15.41031,14.98303,14.62139,756,301,6,226,5.64155e+17,GALAXY,0.07933678,501,52235,286
1.23765e+18,149.7071927,1.134397771,19.35769,17.45943,16.52664,16.11278,15.79024,756,301,6,226,3.01885e+17,GALAXY,0.07991444,268,51633,522
1.23765e+18,149.7093861,1.167546954,17.3933,16.08892,15.49643,15.12223,14.87504,756,301,6,226,5.64158e+17,GALAXY,0.05644372,501,52235,298
1.23765e+18,149.7159772,1.16210879,18.55428,16.7459,15.88485,15.4825,15.16267,756,301,6,226,3.01886e+17,GALAXY,0.05667516,268,51633,527
1.23765e+18,149.7173949,1.059200595,18.43754,16.50658,15.55545,15.13465,14.81354,756,301,6,226,5.62976e+17,GALAXY,0.08135636,500,51994,94
1.23765e+18,149.757516,1.155878957,18.67547,17.34602,16.74079,16.49702,16.36734,756,301,6,227,3.22807e+18,STAR,0.000265042,2867,54479,410
1.23765e+18,149.7873124,1.168168862,18.44166,16.95441,16.39491,16.21032,16.12185,756,301,6,227,3.21119e+18,STAR,-7.99e-05,2852,54468,450
1.23765e+18,149.8382286,1.109638819,17.63692,16.70477,16.43593,16.34091,16.32267,756,301,6,227,3.21119e+18,STAR,-0.000175992,2852,54468,456
1.23765e+18,149.8398546,1.141053497,18.28519,16.87424,16.35531,16.19252,16.115,756,301,6,227,3.21119e+18,STAR,0.000109734,2852,54468,446
1.23765e+18,149.8624413,1.057752597,18.55359,18.64592,18.95979,19.1778,19.50434,756,301,6,227,3.22807e+18,STAR,-7.25e-06,2867,54479,407
1.23765e+18,149.764147,1.143436816,19.55027,17.5563,16.63994,16.21725,15.90057,756,301,6,227,5.62975e+17,GALAXY,0.0837414,500,51994,91
1.23765e+18,149.7653103,1.146419809,18.86815,17.53346,16.87389,16.44966,16.2105,756,301,6,227,5.64154e+17,GALAXY,0.07891145,501,52235,283
1.23765e+18,149.7743613,1.086613888,19.02844,17.17518,16.26873,15.862,15.54002,756,301,6,227,3.019e+17,GALAXY,0.08254219,268,51633,577
1.23765e+18,149.81173,1.137466556,18.35042,17.03538,16.30501,15.865,15.61591,756,301,6,227,5.64154e+17,GALAXY,0.08161071,501,52235,285
1.23765e+18,149.8400837,1.196977583,19.41801,18.22798,17.48353,17.07187,16.78725,756,301,6,227,5.64156e+17,GALAXY,0.09642313,501,52235,292
1.23765e+18,209.9628851,-0.7140132,19.06229,19.00774,18.94072,18.84436,18.75291,752,301,2,444,3.38922e+17,QSO,2.059268,301,51942,94
1.23765e+18,210.0822371,-0.796642307,18.29611,18.15421,17.90545,17.94475,18.16924,752,301,2,444,3.38909e+17,QSO,1.20881,301,51942,47
1.23765e+18,210.0980931,-0.635057231,19.49437,18.68431,18.38932,18.0281,18.00161,752,301,2,444,3.38925e+17,GALAXY,0.1090892,301,51942,107
1.23765e+18,210.2147574,-0.632430429,18.83854,17.79305,17.42255,17.2969,17.23088,752,301,2,445,3.38924e+17,STAR,0.000346897,301,51942,103
1.23765e+18,210.3479516,-0.684410628,18.89517,17.7179,17.67826,17.70537,17.75982,752,301,2,446,3.38909e+17,STAR,0.000306765,301,51942,49
1.23765e+18,210.4000509,-0.75989208,16.6013,15.57514,15.23444,15.10361,15.08057,752,301,2,446,3.38912e+17,STAR,3.01e-05,301,51942,60
1.23765e+18,210.3095572,-0.760298027,19.38266,18.81006,18.72689,18.71282,18.47746,752,301,2,446,4.54533e+18,QSO,2.511341,4037,55631,260
1.23765e+18,210.5714162,-0.745915435,18.39764,17.21386,16.75888,16.59573,16.52843,752,301,2,448,3.40102e+17,STAR,-1.76e-05,302,51688,293
1.23765e+18,210.7005137,-0.823312849,19.47259,19.34098,19.34307,19.16737,19.06422,752,301,2,448,3.38899e+17,QSO,1.593915,301,51942,12
1.23765e+18,211.1291885,-0.756213522,19.13308,17.40575,16.62545,16.24547,15.949,752,301,2,451,3.40105e+17,GALAXY,0.0540957,302,51688,304
1.23765e+18,211.191245,-0.819206576,18.31448,16.3301,15.37186,14.92445,14.57653,752,301,2,452,3.40092e+17,GALAXY,0.08377565,302,51688,255
1.23765e+18,211.3288166,-0.653276154,19.21763,18.28073,18.06736,17.95251,17.96859,752,301,2,453,3.40083e+17,STAR,-0.000559592,302,51688,221
1.23765e+18,211.3507122,-0.79290747,19.48431,17.65862,16.82022,16.41256,16.10751,752,301,2,453,3.40093e+17,GALAXY,0.04922657,302,51688,259
1.23765e+18,211.3552475,-0.811342597,17.30749,15.6382,14.85252,14.41335,14.09335,752,301,2,453,3.40091e+17,GALAXY,0.04918197,302,51688,251
1.23765e+18,211.566817,-0.64109888,18.83467,16.87045,15.92178,15.46264,15.12855,752,301,2,454,3.40085e+17,GALAXY,0.08257761,302,51688,230
1.23765e+18,211.4746732,-0.745416318,18.45884,16.44801,15.54898,15.10957,14.77067,752,301,2,454,3.40087e+17,GALAXY,0.0592591,302,51688,236
1.23765e+18,211.6932979,-0.788082402,19.40284,17.44442,16.48501,16.043,15.65714,752,301,2,455,3.40082e+17,GALAXY,0.1097473,302,51688,218
1.23765e+18,211.7941521,-0.82090053,19.32085,19.05002,18.834,18.5837,18.65842,752,301,2,456,3.40081e+17,QSO,1.509065,302,51688,217
1.23765e+18,211.9046336,-0.764767435,18.33344,17.43134,17.09004,16.80314,16.6959,752,301,2,456,3.40058e+17,GALAXY,0.1046246,302,51688,133
1.23765e+18,211.974979,-0.781528226,17.75791,16.50201,16.05242,15.86797,15.77332,752,301,2,457,3.40058e+17,STAR,-3.82e-05,302,51688,131
1.23765e+18,212.0021778,-0.821805798,17.78579,15.81054,14.90429,14.46237,14.08691,752,301,2,457,3.40045e+17,GALAXY,0.0547474,302,51688,86
1.23765e+18,212.0267175,-0.821218921,19.56969,17.68342,16.78645,16.32482,15.95005,752,301,2,457,3.40048e+17,GALAXY,0.05197871,302,51688,94
1.23765e+18,212.0674535,-0.727881218,19.35937,18.22513,17.66206,17.31788,17.06518,752,301,2,458,3.40069e+17,GALAXY,0.05215927,302,51688,170
1.23765e+18,212.0802389,-0.648253697,19.37703,17.57063,16.72757,16.31166,15.98427,752,301,2,458,3.40066e+17,GALAXY,0.05251924,302,51688,161
1.23765e+18,212.0855817,-0.675430631,19.55739,18.05004,17.28424,16.8978,16.62592,752,301,2,458,3.40067e+17,GALAXY,0.05252395,302,51688,166
1.23765e+18,212.2324024,-0.669767842,19.03029,18.19234,17.42909,16.95399,16.72272,752,301,2,459,3.40062e+17,GALAXY,0.1452473,302,51688,148
1.23765e+18,212.3567807,-0.759202834,18.88832,17.59455,17.06225,16.85116,16.77336,752,301,2,460,3.40038e+17,STAR,0.000176417,302,51688,59
1.23765e+18,212.5769442,-0.683165925,18.06075,17.93504,17.77963,17.85904,17.93272,752,301,2,461,3.40053e+17,QSO,1.075157,302,51688,114
1.23765e+18,212.6118161,-0.832343596,16.03318,14.70073,13.96562,13.60781,13.28418,752,301,2,461,3.40023e+17,GALAXY,0.02539507,302,51688,4
1.23765e+18,212.5420162,-0.751769034,18.453,17.11609,16.50732,16.14136,15.88433,752,301,2,461,3.40036e+17,GALAXY,0.107122,302,51688,52
1.23765e+18,212.5738678,-0.754617837,19.20539,18.24311,18.00934,17.90706,17.91481,752,301,2,461,3.40022e+17,STAR,6.85e-05,302,51688,1
1.23765e+18,212.6264556,-0.708783286,19.59975,19.42293,19.41884,19.08538,19.17733,752,301,2,461,3.4005e+17,QSO,1.685386,302,51688,104
1.23765e+18,212.8924873,-0.825423078,16.42743,15.33366,14.99565,14.87294,14.84841,752,301,2,463,3.4123e+17,STAR,-0.000102383,303,51615,300
1.23765e+18,212.9329838,-0.684110137,19.49037,18.09847,17.23745,16.80688,16.45802,752,301,2,463,3.40039e+17,GALAXY,0.1368393,302,51688,64
1.23765e+18,212.9539238,-0.706862075,19.02558,17.73924,16.95303,16.52245,16.24091,752,301,2,463,3.40029e+17,GALAXY,0.1175562,302,51688,27
1.23765e+18,213.1035563,-0.832005451,16.97803,16.0934,15.64465,15.39965,15.16975,752,301,2,464,3.41218e+17,GALAXY,0.02600801,303,51615,255
1.23765e+18,212.9752922,-0.800035918,18.91706,17.35422,16.69811,16.24486,15.99311,752,301,2,464,3.40024e+17,GALAXY,0.09775519,302,51688,9
1.23765e+18,212.9945606,-0.653797153,19.23749,18.70078,18.52045,18.47158,18.25468,752,301,2,464,3.4003e+17,QSO,0.8333391,302,51688,29
1.23765e+18,213.0650072,-0.633022516,17.28403,15.63975,14.7232,14.20372,13.7755,752,301,2,464,3.41231e+17,GALAXY,0.02559116,303,51615,304
1.23765e+18,213.1011745,-0.732015098,18.93977,17.90734,17.55563,17.2804,17.16805,752,301,2,464,3.41215e+17,GALAXY,0.05441646,303,51615,245
1.23765e+18,213.2527456,-0.830928349,17.6654,16.73162,16.33208,16.14243,15.88867,752,301,2,465,3.41218e+17,GALAXY,0.02607814,303,51615,256
1.23765e+18,213.1212119,-0.633484273,19.1284,17.98581,17.38492,17.02091,16.86057,752,301,2,465,3.41218e+17,GALAXY,0.1361898,303,51615,257
1.23765e+18,213.1473109,-0.661794026,18.51786,17.39322,16.86858,16.52423,16.33853,752,301,2,465,3.41216e+17,GALAXY,0.07015833,303,51615,249
1.23765e+18,213.3028634,-0.752193668,17.9323,16.5513,15.8351,15.42477,15.11726,752,301,2,466,3.41204e+17,QSO,0.07009463,303,51615,205
1.23765e+18,213.3346092,-0.693733442,19.54985,18.02624,17.22471,16.81355,16.5112,752,301,2,466,3.41207e+17,GALAXY,0.1224455,303,51615,215
1.23765e+18,213.454649,-0.775199187,18.66351,16.70308,15.63021,15.11394,14.68904,752,301,2,467,3.41182e+17,GALAXY,0.1195413,303,51615,126
1.23765e+18,213.4614348,-0.638595198,18.73745,17.73463,17.16074,16.77727,16.54698,752,301,2,467,3.41184e+17,GALAXY,0.1222172,303,51615,133
1.23765e+18,213.4728148,-0.75755243,19.4142,17.44654,16.39088,15.92025,15.54152,752,301,2,467,3.41186e+17,GALAXY,0.1181679,303,51615,138
1.23765e+18,213.7342205,-0.690921225,19.30325,18.14038,17.46589,16.99733,16.75662,752,301,2,469,3.41199e+17,GALAXY,0.1482528,303,51615,188
1.23765e+18,162.4757347,-0.614183163,18.19572,16.64916,16.04765,15.85234,15.73866,756,301,2,312,2.68981e+18,STAR,1.72e-05,2389,54213,141
1.23765e+18,162.4896654,-0.563262537,18.65056,17.22528,16.62856,16.41418,16.30919,756,301,2,312,2.68982e+18,STAR,0.000128778,2389,54213,149
1.23765e+18,162.5136054,-0.448327492,16.33238,14.66512,14.06942,13.90488,13.83646,756,301,2,312,2.6898e+18,STAR,7.85e-05,2389,54213,109
1.23765e+18,162.5209777,-0.457114061,18.0648,16.55551,15.99908,15.83239,15.7568,756,301,2,312,2.88121e+18,STAR,3.09e-05,2559,54208,107
1.23765e+18,162.5275578,-0.441258717,18.68115,17.36575,16.85333,16.67516,16.56712,756,301,2,312,2.88121e+18,STAR,0.000275973,2559,54208,119
1.23765e+18,162.5328501,-0.477225725,15.87067,14.8972,14.53263,14.3918,14.35169,756,301,2,312,2.88121e+18,STAR,0.000812106,2559,54208,106
1.23765e+18,162.4833927,-0.47077103,19.43464,18.38997,17.82689,17.48256,17.2666,756,301,2,312,3.09641e+17,GALAXY,0.14951,275,51910,69
1.23765e+18,162.5277424,-0.527731705,18.79946,17.73359,17.34284,17.07536,16.99379,756,301,2,312,3.1082e+17,GALAXY,0.07181372,276,51909,261
1.23765e+18,162.6507077,-0.529910416,18.93746,17.44263,16.85364,16.62649,16.5369,756,301,2,313,2.6898e+18,STAR,3.49e-05,2389,54213,105
1.23765e+18,162.6706115,-0.490093479,19.18918,18.28624,18.01945,17.89037,17.86538,756,301,2,313,2.89246e+18,STAR,-3.51e-05,2569,54234,101
1.23765e+18,162.6905133,-0.48292159,18.41812,16.81984,16.211,16.0211,15.94143,756,301,2,313,2.88121e+18,STAR,3.33e-05,2559,54208,114
1.23765e+18,162.7034879,-0.538141614,17.44408,16.0789,15.48792,15.24561,15.11531,756,301,2,313,2.88121e+18,STAR,0.000181295,2559,54208,102
1.23765e+18,162.7166523,-0.517624021,17.33198,15.7743,15.21548,15.05385,15.00365,756,301,2,313,2.68981e+18,STAR,1.02e-05,2389,54213,114
1.23765e+18,162.7196814,-0.422541622,18.175,16.78044,16.23081,16.05679,15.96544,756,301,2,313,2.8812e+18,STAR,2.95e-05,2559,54208,63
1.23765e+18,162.7311411,-0.623484577,17.16511,15.41952,14.74476,14.53207,14.42529,756,301,2,313,2.68981e+18,STAR,-6.46e-05,2389,54213,119
1.23765e+18,162.7559024,-0.589987721,18.38123,17.43343,17.16503,17.08918,17.05791,756,301,2,313,2.6898e+18,STAR,0.000801146,2389,54213,107
1.23765e+18,162.7218554,-0.614763997,18.55249,17.1127,16.27089,15.85145,15.51703,756,301,2,313,3.09627e+17,GALAXY,0.1147406,275,51910,16
1.23765e+18,162.7996701,-0.470704546,19.42618,18.33145,17.8847,17.71758,17.66388,756,301,2,314,2.89246e+18,STAR,0.000898359,2569,54234,70
1.23765e+18,162.8183306,-0.431337321,18.25225,16.79115,16.16957,15.93817,15.80579,756,301,2,314,2.8812e+18,STAR,0.00016903,2559,54208,78
1.23765e+18,162.896408,-0.604638755,17.33892,15.70553,15.11499,14.93437,14.87482,756,301,2,314,2.8812e+18,STAR,-6.23e-05,2559,54208,64
1.23765e+18,162.9030088,-0.622024634,18.27232,17.29283,17.0041,16.89229,16.86329,756,301,2,314,2.68979e+18,STAR,-0.000115153,2389,54213,69
1.23765e+18,162.8821027,-0.561042283,19.52627,18.09971,17.51287,17.30079,17.18764,756,301,2,314,2.8812e+18,STAR,0.000148292,2559,54208,70
1.23765e+18,162.9134732,-0.580685918,18.94084,17.00369,16.04463,15.61973,15.28907,756,301,2,314,3.10809e+17,GALAXY,0.07479683,276,51909,222
1.23765e+18,162.930237,-0.445917589,18.14033,16.69977,16.11245,15.87953,15.77218,756,301,2,315,2.8812e+18,STAR,-0.000126373,2559,54208,75
1.23765e+18,162.9529542,-0.537271819,18.94424,17.34292,16.75068,16.54947,16.47775,756,301,2,315,2.68978e+18,STAR,-2.72e-06,2389,54213,32
1.23765e+18,162.9710693,-0.563087827,17.94661,16.77475,16.59598,16.54766,16.58889,756,301,2,315,2.88119e+18,STAR,0.000614883,2559,54208,32
1.23765e+18,163.028252,-0.560794076,15.61552,13.78314,12.90478,12.43369,12.1042,756,301,2,315,3.10799e+17,GALAXY,0.01846641,276,51909,183
1.23765e+18,163.0510264,-0.532640666,18.37633,17.38836,17.24922,17.20367,17.2239,756,301,2,315,2.88119e+18,STAR,0.001181536,2559,54208,30
1.23765e+18,162.9234656,-0.432545165,19.43159,17.70729,16.8847,16.48779,16.18326,756,301,2,315,3.1081e+17,GALAXY,0.07494994,276,51909,223
1.23765e+18,162.9378356,-0.437971261,19.08509,17.32444,16.4037,15.94173,15.59604,756,301,2,315,3.1081e+17,GALAXY,0.07265735,276,51909,225
1.23765e+18,163.1294839,-0.503867232,18.14278,16.89617,16.89214,16.99544,17.09234,756,301,2,316,2.88118e+18,STAR,0.001201092,2559,54208,24
1.23765e+18,163.1490622,-0.615674104,16.2002,15.04214,14.40526,14.28151,14.24865,756,301,2,316,2.68979e+18,STAR,-5.93e-05,2389,54213,38
1.23765e+18,163.1641138,-0.618697159,18.86297,18.47356,18.31293,18.28635,18.21639,756,301,2,316,4.24709e+18,QSO,2.261776,3772,55277,706
1.23765e+18,163.196202,-0.558605762,19.17479,17.89366,17.37101,17.16031,17.06594,756,301,2,316,2.68979e+18,STAR,0.000790222,2389,54213,40
1.23765e+18,163.2025556,-0.550412687,18.19154,17.24701,16.94457,16.8339,16.80232,756,301,2,316,4.2471e+18,STAR,6.05e-05,3772,55277,742
1.23765e+18,163.1019041,-0.500528282,19.39802,18.13951,17.58616,17.18673,16.97219,756,301,2,316,3.108e+17,GALAXY,0.07251223,276,51909,187
1.23765e+18,163.1155049,-0.606720629,19.21814,18.12746,17.6847,17.44389,17.26686,756,301,2,316,3.10799e+17,GALAXY,0.02149814,276,51909,185
1.23765e+18,163.145856,-0.517062808,19.08934,17.37336,16.47905,16.02317,15.66737,756,301,2,316,3.10801e+17,GALAXY,0.07332443,276,51909,190
1.23765e+18,163.2996661,-0.583335198,17.54274,16.18851,15.61846,15.39516,15.28372,756,301,2,317,2.68978e+18,STAR,0.00097681,2389,54213,30
1.23765e+18,163.2999977,-0.499998831,18.60505,17.53642,17.12961,16.8131,16.7335,756,301,2,317,3.10795e+17,GALAXY,0.07227067,276,51909,170
1.23765e+18,163.3365032,-0.606386093,17.1468,15.91065,15.463,15.2034,15.03239,756,301,2,317,3.10795e+17,GALAXY,0.01849591,276,51909,169
1.23765e+18,163.4098915,-0.467884036,18.7817,18.69304,18.65826,18.41443,18.26723,756,301,2,318,3.10791e+17,QSO,1.839879,276,51909,155
1.23765e+18,163.6589688,-0.571430207,19.21734,18.27869,17.56783,17.18556,16.99607,756,301,2,319,3.10781e+17,GALAXY,0.1937813,276,51909,119
1.23765e+18,163.713098,-0.469953555,17.89985,16.78002,16.63286,16.61409,16.62412,756,301,2,320,3.10778e+17,STAR,0.000688281,276,51909,109
1.23765e+18,163.8051158,-0.572175747,18.63258,17.59472,17.15296,16.96552,16.87494,756,301,2,320,3.10777e+17,STAR,0.000947523,276,51909,104
1.23765e+18,163.7596361,-0.597607194,19.54717,18.67865,18.32118,18.17573,18.17787,756,301,2,320,4.31784e+18,STAR,0.000172442,3835,55570,58
1.23765e+18,163.8250575,-0.555432143,18.48334,16.73492,15.86348,15.43764,15.11534,756,301,2,321,3.10777e+17,GALAXY,0.06443468,276,51909,103
1.23765e+18,163.8645762,-0.471310898,19.50503,19.46745,19.15787,19.07567,19.11254,756,301,2,321,3.10765e+17,QSO,1.356743,276,51909,61
1.23765e+18,164.0138062,-0.57188171,19.1002,18.05327,17.72587,17.61504,17.55536,756,301,2,322,3.11957e+17,STAR,0.000655093,277,51908,302
1.23765e+18,164.2137686,-0.443991837,19.35975,18.4328,18.12656,18.00835,18.00192,756,301,2,323,4.31783e+18,STAR,0.000207555,3835,55570,2
1.23765e+18,225.6188016,-0.072210636,19.20709,18.15223,17.73545,17.56275,17.45809,745,301,3,447,3.7314e+18,STAR,-0.000139042,3314,54970,608
1.23765e+18,225.6225431,-0.100978628,19.10323,18.0041,17.4903,17.30673,17.18908,745,301,3,447,3.7314e+18,STAR,-0.000169583,3314,54970,615
1.23765e+18,237.7073478,-0.117291126,19.033,17.66646,17.19285,16.90451,16.70202,745,301,3,527,3.85075e+17,GALAXY,0.05492734,342,51691,61
1.23765e+18,237.7771828,-0.195780795,19.23882,17.96441,18.02486,18.13573,18.22423,745,301,3,528,3.86267e+17,STAR,0.00053349,343,51692,303
1.23765e+18,238.0054082,-0.200869374,19.02585,18.11727,17.80651,17.66225,17.54215,745,301,3,529,3.85064e+17,STAR,-6.16e-05,342,51691,22
1.23765e+18,237.9451444,-0.105170416,17.97498,15.81678,14.82701,14.36535,13.90116,745,301,3,529,3.86267e+17,GALAXY,0.05442572,343,51692,304
1.23765e+18,237.9592688,-0.063350807,19.44938,18.14694,17.57179,17.20039,16.96631,745,301,3,529,3.85079e+17,GALAXY,0.1136348,342,51691,76
1.23765e+18,238.0774424,-0.071620168,18.74538,17.79199,17.44869,17.31479,17.3016,745,301,3,530,3.86291e+17,STAR,-0.000193461,343,51692,391
1.23765e+18,238.1793866,-0.090169126,18.80042,18.75799,19.01897,19.23481,19.41763,745,301,3,531,3.85066e+17,STAR,4.65e-06,342,51691,29
1.23765e+18,238.2497533,-0.005273599,19.31768,17.88629,17.14264,16.71917,16.43868,745,301,3,531,3.85067e+17,GALAXY,0.08963996,342,51691,33
1.23765e+18,238.4614771,-0.183671208,17.90458,16.72477,16.59318,16.57553,16.62882,745,301,3,532,3.86255e+17,STAR,-0.00017092,343,51692,261
1.23765e+18,238.4289557,-0.050724277,18.51617,16.95023,16.19773,15.77378,15.47813,745,301,3,532,3.86304e+17,GALAXY,0.05351913,343,51692,436
1.23765e+18,238.6994349,-0.170000084,18.81672,17.43163,16.87278,16.63026,16.51572,745,301,3,534,3.86246e+17,STAR,-5.77e-05,343,51692,225
1.23765e+18,238.8833041,-0.18194798,19.07407,19.32453,19.10185,18.93286,18.80589,745,301,3,535,3.86238e+17,STAR,4.02e-05,343,51692,198
1.23765e+18,239.0109236,-0.122736899,19.5175,19.41074,19.70934,19.88787,20.19308,745,301,3,536,3.86236e+17,STAR,-5.82e-05,343,51692,191
1.23765e+18,239.0184017,-0.092310639,19.49057,17.89874,17.09839,16.6558,16.36493,745,301,3,536,3.86239e+17,GALAXY,0.07758257,343,51692,200
1.23765e+18,239.1120901,-0.02181602,19.1955,18.01051,17.5018,17.14197,16.95138,745,301,3,537,3.86321e+17,GALAXY,0.04233624,343,51692,498
1.23765e+18,239.1164562,-0.184045577,19.49472,18.39925,17.79256,17.38426,17.16601,745,301,3,537,3.86231e+17,GALAXY,0.08508994,343,51692,171
1.23765e+18,239.5432297,-0.087878066,17.27711,15.93447,15.978,16.05394,16.06975,745,301,3,540,3.86227e+17,STAR,0.000163704,343,51692,156
1.23765e+18,239.5149347,-0.124238867,18.79019,16.79083,15.8557,15.38292,15.03051,745,301,3,540,3.86227e+17,GALAXY,0.04077013,343,51692,159
1.23765e+18,240.1709784,-0.077268334,18.89928,17.49742,16.63788,16.12202,15.76694,745,301,3,544,3.86358e+17,GALAXY,0.1559238,343,51692,633
1.23765e+18,242.4331599,-0.115135556,18.59122,17.56834,17.24212,17.24257,18.17929,745,301,3,559,3.8848e+17,GALAXY,0.005018893,345,51690,161
1.23765e+18,242.4376282,-0.15812041,19.46029,18.12617,17.44689,17.16181,17.00362,745,301,3,559,3.88485e+17,STAR,-0.000117878,345,51690,180
1.23765e+18,242.4462383,-0.01849816,19.50673,17.55027,16.53967,16.09758,15.68324,745,301,3,559,3.88484e+17,GALAXY,0.08048908,345,51690,175
1.23765e+18,242.5444719,-0.17694122,19.38842,17.31414,16.29837,15.80596,15.42626,745,301,3,560,3.88475e+17,GALAXY,0.06935806,345,51690,142
1.23765e+18,242.6807386,-0.1436125,19.56347,17.77927,16.81713,16.38445,16.04378,745,301,3,561,3.88467e+17,GALAXY,0.1063814,345,51690,114
1.23765e+18,242.7198537,-0.005429333,19.23431,17.90094,17.20117,16.86932,16.57295,745,301,3,561,3.88578e+17,GALAXY,0.02894331,345,51690,519
1.23765e+18,242.9076618,-0.143806295,18.35851,17.06477,16.52053,16.29901,16.1961,745,301,3,562,3.89646e+17,STAR,-0.000137784,346,51693,308
1.23765e+18,242.8293513,-0.094371472,18.6699,16.70715,15.69039,15.23475,14.86296,745,301,3,562,3.88468e+17,GALAXY,0.08993423,345,51690,117
1.23765e+18,242.8443616,-0.075646654,19.55555,17.64036,16.69641,16.23968,15.88483,745,301,3,562,3.88468e+17,GALAXY,0.06295025,345,51690,118
1.23765e+18,242.8987788,-0.015461914,18.29323,17.19777,16.71038,16.43923,16.24351,745,301,3,562,3.89646e+17,GALAXY,0.02424059,346,51693,307
1.23765e+18,242.9441022,-0.034451327,18.48769,17.41185,16.9221,16.65832,16.48495,745,301,3,562,3.88468e+17,GALAXY,0.02408826,345,51690,120
1.23765e+18,243.0763977,-0.051235078,18.63214,17.03507,16.27731,15.9094,15.64428,745,301,3,563,3.88457e+17,GALAXY,0.06366909,345,51690,79
1.23765e+18,243.2367816,-0.096251267,16.66974,14.77006,13.88219,13.42507,13.14396,745,301,3,564,3.88446e+17,GALAXY,0.0308672,345,51690,38
1.23765e+18,243.2369873,-0.100190158,17.29519,16.73442,17.08198,17.15347,18.25844,745,301,3,564,3.89637e+17,GALAXY,0.03052526,346,51693,275
1.23765e+18,243.3856545,-0.058618194,18.57137,18.60205,17.94477,17.47239,17.17794,745,301,3,565,3.89634e+17,STAR,4.55e-05,346,51693,263
1.23765e+18,243.5422499,-0.037831708,18.74072,17.28601,16.66703,16.33081,16.08293,745,301,3,566,3.89624e+17,GALAXY,0.05827271,346,51693,229
1.23765e+18,243.5831959,-0.031564126,18.06095,16.20889,15.2915,14.84426,14.47095,745,301,3,567,3.89626e+17,GALAXY,0.03081088,346,51693,234
1.23765e+18,244.1814839,-0.040762322,19.35233,18.86894,18.60658,18.57084,18.33137,745,301,3,571,3.89613e+17,QSO,0.7860857,346,51693,188
1.23765e+18,244.2415531,-0.048437835,19.3469,17.91381,17.27614,16.97921,16.68362,745,301,3,571,3.89609e+17,GALAXY,0.08033779,346,51693,174
1.23765e+18,244.3308692,-0.081992824,19.44802,17.95897,17.18763,16.79636,16.51975,745,301,3,572,3.89606e+17,GALAXY,0.1081634,346,51693,161
1.23765e+18,244.6352167,-0.07609264,18.52082,17.4242,17.2761,17.27213,17.28031,745,301,3,574,3.89592e+17,STAR,-0.000313783,346,51693,112
1.23765e+18,244.8755901,-0.038526248,18.45272,16.84462,15.96703,15.53325,15.22941,745,301,3,575,3.89593e+17,GALAXY,0.07921813,346,51693,116
1.23765e+18,245.1016895,-0.096089299,17.54009,17.37406,17.68549,17.97549,18.25905,745,301,3,577,4.09913e+17,STAR,-0.000130986,364,52000,312
1.23765e+18,245.3818875,-0.072363893,17.50697,15.74549,14.93004,14.5336,14.21868,745,301,3,579,4.09913e+17,GALAXY,0.02728706,364,52000,311
1.23765e+18,245.6706406,-0.023516022,18.03349,16.99499,16.80437,16.74506,16.71893,745,301,3,581,3.8957e+17,STAR,-0.00033488,346,51693,33
1.23765e+18,246.0266354,-0.019341906,17.15533,15.93695,15.73742,15.71929,15.73813,745,301,3,583,4.0988e+17,STAR,0.000201764,364,52000,192
1.23765e+18,246.3933444,-0.032183036,19.4201,18.36756,18.21859,18.20171,18.22385,745,301,3,585,4.09877e+17,STAR,-0.000208798,364,52000,178
1.23765e+18,246.6055432,-0.063447731,19.30962,17.96046,17.37865,17.04699,16.82706,745,301,3,587,4.0987e+17,GALAXY,0.05398665,364,52000,154
1.23765e+18,223.0491155,0.431435445,18.36592,16.87863,16.31238,16.08971,15.98311,752,301,5,531,3.27542e+18,STAR,0.000307912,2909,54653,628
1.23765e+18,223.0540333,0.448209328,19.04703,17.81065,17.26437,17.02838,16.91153,752,301,5,531,3.30356e+18,STAR,-0.0006477,2934,54626,634
1.23765e+18,223.1908404,0.631302514,16.65844,15.51615,15.03095,14.81542,14.68946,752,301,5,532,3.27541e+18,STAR,0.000299452,2909,54653,612
1.23765e+18,223.2414518,0.537311705,18.0695,16.98454,16.52808,16.32884,16.2185,752,301,5,532,3.27542e+18,STAR,1.05e-05,2909,54653,632
1.23765e+18,223.2508805,0.488356564,18.5299,16.73524,16.07627,15.77114,15.68966,752,301,5,532,3.27541e+18,STAR,-7.6e-05,2909,54653,621
1.23765e+18,223.2610156,0.559041949,18.84794,17.91525,17.77328,17.76434,17.77172,752,301,5,532,3.73132e+18,STAR,-8.04e-06,3314,54970,326
1.23765e+18,223.3187306,0.432323614,18.45782,17.43254,17.11235,16.98668,16.93474,752,301,5,533,3.4802e+17,STAR,-0.000129799,309,51994,427
1.23765e+18,223.322709,0.578090296,19.29648,18.97669,18.7908,18.60685,18.37464,752,301,5,533,4.52518e+18,QSO,2.161713,4019,55363,682
1.23765e+18,223.2987636,0.427167581,19.42283,17.4826,16.666,16.28759,16.07406,752,301,5,533,3.73133e+18,STAR,7.64e-05,3314,54970,372
1.23765e+18,223.3511007,0.59664188,18.75948,17.00923,16.23589,15.85673,15.56286,752,301,5,533,3.48019e+17,GALAXY,0.04475124,309,51994,422
1.23765e+18,223.4914321,0.425909964,18.84181,17.4226,16.80486,16.47375,16.21138,752,301,5,534,3.48031e+17,GALAXY,0.04603937,309,51994,465
1.23765e+18,223.5209142,0.473017958,19.57044,18.82343,18.6608,18.62754,18.53756,752,301,5,534,4.52519e+18,QSO,2.66041,4019,55363,726
1.23765e+18,223.5851248,0.569936812,19.51562,17.82425,17.08279,16.77708,16.60823,752,301,5,535,3.73133e+18,STAR,-2.12e-05,3314,54970,373
1.23765e+18,223.6178647,0.467793661,18.86133,19.11189,19.58407,19.90234,20.14189,752,301,5,535,4.52519e+18,STAR,-0.000139019,4019,55363,730
1.23765e+18,223.6987479,0.576752714,19.16534,19.11848,18.97712,18.67158,18.43072,752,301,5,535,3.48041e+17,QSO,1.91298,309,51994,500
1.23765e+18,223.7211907,0.592259679,18.39739,17.19646,17.05326,17.01461,17.00084,752,301,5,535,3.48039e+17,STAR,0.000328699,309,51994,496
1.23765e+18,223.8280769,0.606165184,18.90031,17.67214,17.13669,16.89738,16.78651,752,301,5,536,3.73134e+18,STAR,-2.9e-05,3314,54970,407
1.23765e+18,223.8051267,0.608698995,17.95656,16.73918,16.16762,15.82151,15.5476,752,301,5,536,3.48037e+17,GALAXY,0.0436254,309,51994,486
1.23765e+18,223.8636583,0.617681914,19.58919,18.56249,18.11215,17.94639,17.88853,752,301,5,536,3.73134e+18,STAR,-0.000130642,3314,54970,401
1.23765e+18,223.9655574,0.45094197,17.88149,17.45606,17.56832,17.51216,17.60666,752,301,5,537,3.48043e+17,QSO,0.6031489,309,51994,509
1.23765e+18,223.8903396,0.615926901,19.21048,18.42527,18.33849,17.97625,18.06766,752,301,5,537,3.48038e+17,GALAXY,0.07532337,309,51994,489
1.23765e+18,223.9100786,0.549844005,19.59895,18.34421,17.79652,17.54303,17.41207,752,301,5,537,3.73134e+18,STAR,0.000115738,3314,54970,406
1.23765e+18,224.0340965,0.494240154,19.05533,17.30339,16.57268,16.30452,16.13281,752,301,5,538,3.73134e+18,STAR,-8.65e-05,3314,54970,409
1.23765e+18,224.0847468,0.470076438,19.13002,17.84381,17.30561,17.07955,16.93929,752,301,5,538,3.73134e+18,STAR,-9.74e-05,3314,54970,408
1.23765e+18,224.0940848,0.455338731,18.64835,17.26237,16.70041,16.4644,16.32455,752,301,5,538,3.73136e+18,STAR,0.000219052,3314,54970,454
1.23765e+18,224.1671338,0.47492208,17.871,16.62171,16.20232,16.04159,15.96786,752,301,5,538,3.73136e+18,STAR,0.000194276,3314,54970,449
1.23765e+18,224.0462042,0.447257976,18.42457,17.03285,16.43201,16.08331,15.84946,752,301,5,538,3.48042e+17,GALAXY,0.03498629,309,51994,505
1.23765e+18,224.2314458,0.555797156,19.46866,18.26626,17.80767,17.62572,17.52698,752,301,5,539,3.73136e+18,STAR,-0.000162799,3314,54970,447
1.23765e+18,224.3679127,0.492218127,18.3094,17.13075,16.63043,16.43888,16.33171,752,301,5,540,3.73136e+18,STAR,0.000256356,3314,54970,467
1.23765e+18,224.4692456,0.532670431,18.22791,17.03074,16.47815,16.24079,16.09382,752,301,5,540,3.73136e+18,STAR,0.000686585,3314,54970,470
1.23765e+18,224.3795139,0.437444347,18.55948,17.31544,16.71859,16.32946,16.09309,752,301,5,540,3.48054e+17,GALAXY,0.08371136,309,51994,548
1.23765e+18,224.5028969,0.497600707,18.55733,17.24357,16.62276,16.34301,16.20834,752,301,5,541,3.73136e+18,STAR,-2.15e-05,3314,54970,468
1.23765e+18,224.5064159,0.56837333,17.54774,16.37762,15.95853,15.80821,15.75121,752,301,5,541,3.73136e+18,STAR,-8.45e-05,3314,54970,471
1.23765e+18,224.6975041,0.585524685,17.40638,16.31527,15.93188,15.76507,15.73012,752,301,5,542,3.48075e+17,STAR,4.41e-05,309,51994,624
1.23765e+18,224.7045764,0.619730819,17.89244,16.8585,16.42653,16.2378,16.17277,752,301,5,542,3.73137e+18,STAR,0.000105197,3314,54970,489
1.23765e+18,224.742357,0.496412899,19.37655,19.09841,18.98511,18.71276,18.73387,752,301,5,542,3.49124e+17,QSO,1.614186,310,51990,345
1.23765e+18,224.739915,0.439437394,19.55025,19.23416,19.12857,18.88795,18.92883,752,301,5,542,3.49127e+17,QSO,1.520577,310,51990,357
1.23765e+18,224.8718955,0.555637993,18.84333,18.96658,19.36977,19.6634,19.85168,752,301,5,543,4.52526e+18,STAR,-0.000111526,4019,55363,982
1.23765e+18,224.9593429,0.577381991,19.35532,18.27781,18.22118,18.25271,18.32363,752,301,5,544,3.73138e+18,STAR,-0.000707557,3314,54970,526
1.23765e+18,225.0597643,0.463676133,19.346,17.24572,16.2121,15.77169,15.40704,752,301,5,544,3.49135e+17,GALAXY,0.0972218,310,51990,387
1.23765e+18,225.1397102,0.564910265,19.18425,18.51466,18.13073,18.13962,18.02939,752,301,5,545,4.52177e+18,QSO,2.422869,4016,55632,573
1.23765e+18,225.1821245,0.490181572,18.51099,16.5434,15.63836,15.20576,14.85911,752,301,5,545,3.49136e+17,GALAXY,0.04208763,310,51990,390
1.23765e+18,225.1699301,0.479656817,19.19569,17.3445,16.47097,16.06784,15.7399,752,301,5,545,3.49138e+17,GALAXY,0.04087759,310,51990,398
1.23765e+18,225.2025046,0.49240852,19.15859,17.34954,16.4969,16.10579,15.79345,752,301,5,545,3.49134e+17,GALAXY,0.04256609,310,51990,381
1.23765e+18,225.2091807,0.432996689,18.52141,17.56177,17.26736,17.10192,17.00217,752,301,5,545,3.49136e+17,GALAXY,0.03575706,310,51990,389
1.23765e+18,225.2306761,0.591534438,18.57234,16.99515,16.34627,16.08808,15.94475,752,301,5,546,3.73141e+18,STAR,-3.49e-05,3314,54970,630
1.23765e+18,225.2596272,0.53729227,19.35287,17.4368,16.4474,15.98766,15.62644,752,301,5,546,3.49135e+17,GALAXY,0.09657628,310,51990,384
1.23765e+18,225.2634464,0.577676712,19.49323,18.49499,18.15971,18.02188,17.99701,752,301,5,546,3.73141e+18,STAR,-9.75e-05,3314,54970,633
1.23765e+18,225.2844984,0.514225011,19.33871,17.62348,16.86724,16.48278,16.18582,752,301,5,546,3.49147e+17,GALAXY,0.03600679,310,51990,428
1.23765e+18,225.2734588,0.530474258,18.13967,16.27623,15.40219,14.96758,14.62897,752,301,5,546,3.49148e+17,GALAXY,0.03552287,310,51990,433
1.23765e+18,21.10021968,13.68407232,18.45485,17.52891,17.22195,17.09779,17.07846,1035,301,2,102,5.25597e+18,STAR,0.000120019,4668,56211,996
1.23765e+18,21.0999608,13.72372797,19.49889,19.19319,18.75828,18.56978,18.29636,1035,301,2,102,4.77408e+17,QSO,0.2555044,424,51893,97
1.23765e+18,21.25040391,13.63200673,17.42442,15.58155,14.66541,14.41907,14.35144,1035,301,2,103,4.77396e+17,STAR,3.54e-05,424,51893,52
1.23765e+18,21.31370377,13.78974873,17.3096,16.17659,16.04197,16.03076,16.06882,1035,301,2,103,4.77398e+17,STAR,-0.000189946,424,51893,60
1.23765e+18,21.26140211,13.69542217,18.84734,17.77303,17.32721,17.01488,16.81846,1035,301,2,103,4.77396e+17,GALAXY,0.06110639,424,51893,51
1.23765e+18,21.5060154,13.58988655,16.90347,15.72646,15.26839,15.07507,15.00032,1035,301,2,105,4.77396e+17,STAR,-0.000124272,424,51893,54
1.23765e+18,21.52118812,13.72266898,18.04718,17.009,16.88505,16.85398,16.887,1035,301,2,105,4.78588e+17,STAR,-0.001009761,425,51898,294
1.23765e+18,21.55603464,13.71200841,17.31549,16.3603,16.00767,15.86309,15.82442,1035,301,2,105,5.25251e+18,STAR,-5.93e-05,4665,56209,692
1.23765e+18,21.62364058,13.75178342,19.53547,19.4925,19.78315,20.09595,20.31205,1035,301,2,105,4.78581e+17,STAR,0.000133107,425,51898,267
1.23765e+18,21.87338879,13.66194139,18.57647,18.34323,18.36593,18.48586,18.40413,1035,301,2,107,4.78589e+17,QSO,0.8577651,425,51898,296
1.23765e+18,21.92522709,13.54912084,17.74766,16.46928,15.89778,15.53884,15.31654,1035,301,2,107,4.78586e+17,GALAXY,0.0734743,425,51898,284
1.23765e+18,21.80423498,13.60236687,19.32904,17.20216,16.65694,16.44001,16.56159,1035,301,2,107,4.77384e+17,GALAXY,0.01503815,424,51893,8
1.23765e+18,22.07228175,13.58101535,18.69024,17.40312,16.71291,16.30941,16.04728,1035,301,2,108,4.77383e+17,GALAXY,0.10299,424,51893,5
1.23765e+18,22.08161904,13.5368615,19.36442,17.4384,16.43308,16.00176,15.62666,1035,301,2,108,4.78578e+17,GALAXY,0.102445,425,51898,258
1.23765e+18,22.27142354,13.56523207,16.99291,17.40191,17.90198,18.22943,18.61781,1035,301,2,110,5.25238e+18,STAR,-0.000877925,4665,56209,199
1.23765e+18,22.3528995,13.70920592,17.59492,16.40791,15.94289,15.75443,15.67217,1035,301,2,110,4.78577e+17,STAR,-0.000365436,425,51898,254
1.23765e+18,22.29431363,13.71396138,19.53273,17.53898,16.51537,16.07366,15.72347,1035,301,2,110,4.78579e+17,GALAXY,0.1077848,425,51898,260
1.23765e+18,22.50238164,13.67961195,17.82847,16.40379,15.72841,15.32938,15.06795,1035,301,2,111,4.78568e+17,GALAXY,0.04393206,425,51898,219
1.23765e+18,22.67482756,13.611494,18.65671,17.67535,17.35201,17.20264,17.14618,1035,301,2,112,5.25236e+18,STAR,-0.000700348,4665,56209,120
1.23765e+18,22.7698414,13.64968164,17.25089,15.2818,14.37104,13.91861,13.57271,1035,301,2,113,4.78542e+17,GALAXY,0.01963193,425,51898,125
1.23765e+18,22.92617792,13.58216138,17.17192,15.75236,15.08064,14.71081,14.46592,1035,301,2,114,4.78545e+17,GALAXY,0.04417825,425,51898,138
1.23765e+18,23.00203439,13.62319908,19.18458,17.80794,17.0798,16.64911,16.36567,1035,301,2,114,4.78546e+17,GALAXY,0.07047854,425,51898,139
1.23765e+18,23.12685639,13.64714156,18.77294,17.00568,16.17306,15.72026,15.3814,1035,301,2,115,4.78533e+17,GALAXY,0.0856397,425,51898,94
1.23765e+18,23.15645269,13.63422263,19.01134,18.06983,17.65611,17.28407,17.23206,1035,301,2,115,4.78534e+17,GALAXY,0.1189164,425,51898,97
1.23765e+18,23.23505929,13.62188624,19.57244,19.07012,18.90436,18.8525,19.03476,1035,301,2,116,4.78534e+17,STAR,-0.000219937,425,51898,98
1.23765e+18,23.2383005,13.52888678,19.55599,17.67596,16.75422,16.34281,16.01474,1035,301,2,116,4.78535e+17,GALAXY,0.07320476,425,51898,100
1.23765e+18,23.24281418,13.56603568,19.04831,18.73937,18.46501,18.27913,17.83813,1035,301,2,116,4.78534e+17,QSO,0.3948658,425,51898,95
1.23765e+18,23.39412743,13.54141219,18.81678,18.55961,18.26237,18.12642,17.77408,1035,301,2,117,4.78523e+17,QSO,0.3984252,425,51898,58
1.23765e+18,23.40572671,13.50811751,19.18529,18.22089,17.86336,17.72648,17.71123,1035,301,2,117,5.24793e+18,STAR,-0.000387474,4661,55614,418
1.23765e+18,23.53147687,13.49183829,17.54028,15.60187,14.72434,14.29062,13.95875,1035,301,2,118,4.78524e+17,GALAXY,0.06150585,425,51898,59
1.23765e+18,23.54017158,13.48223813,18.33316,16.70947,15.91148,15.48532,15.17922,1035,301,2,118,4.79721e+17,GALAXY,0.06114325,426,51882,317
1.23765e+18,23.65755881,13.48302116,19.12104,17.72055,16.98205,16.56332,16.28012,1035,301,2,119,4.79707e+17,GALAXY,0.1208085,426,51882,267
1.23765e+18,23.86317026,13.48827758,18.91926,18.95518,18.68492,18.72724,18.81737,1035,301,2,120,4.79707e+17,QSO,1.316978,426,51882,269
1.23765e+18,23.94351704,13.46146176,19.02018,18.70032,18.6075,18.39635,18.43465,1035,301,2,121,4.79706e+17,QSO,1.594976,426,51882,264
1.23765e+18,23.98894379,13.42204901,16.39689,15.25397,15.1052,15.06719,15.13035,1035,301,2,121,4.78509e+17,STAR,-0.000425042,425,51898,4
1.23765e+18,24.1391585,13.55874316,19.59971,18.03099,17.34425,16.93693,16.69568,1035,301,2,122,4.79698e+17,GALAXY,0.1100455,426,51882,235
1.23765e+18,24.59720108,13.42314413,18.71487,17.41558,16.82697,16.47143,16.26373,1035,301,2,125,4.79685e+17,GALAXY,0.07592985,426,51882,187
1.23765e+18,24.68647258,13.46921009,19.59569,18.32062,17.52145,17.04797,16.7152,1035,301,2,125,4.7968e+17,GALAXY,0.1553917,426,51882,168
1.23765e+18,24.70262275,13.44507535,19.47268,17.67037,16.726,16.25147,15.901,1035,301,2,125,4.7968e+17,GALAXY,0.1117364,426,51882,170
1.23765e+18,24.70694493,13.41721793,19.20355,18.05928,17.62633,17.31258,17.17038,1035,301,2,125,4.79678e+17,GALAXY,0.08365738,426,51882,163
1.23765e+18,24.62860802,13.52805778,19.55,18.39973,17.65845,17.26853,16.97928,1035,301,2,125,4.7968e+17,GALAXY,0.1549218,426,51882,169
1.23765e+18,24.74723064,13.352276,19.08875,18.87859,18.28186,17.89412,17.68338,1035,301,2,126,4.7966e+17,QSO,0.2433957,426,51882,97
1.23765e+18,24.98386019,13.42882817,19.04674,17.68537,16.78623,16.31546,15.96654,1035,301,2,127,4.79674e+17,GALAXY,0.09537451,426,51882,149
1.23765e+18,25.00431705,13.46430796,18.07484,18.02114,17.62386,17.52535,17.52093,1035,301,2,127,5.24784e+18,QSO,1.297421,4661,55614,74
1.23765e+18,24.92473401,13.45224501,19.41193,17.9056,17.03602,16.60703,16.28514,1035,301,2,127,4.79672e+17,GALAXY,0.1203654,426,51882,141
1.23765e+18,25.01913305,13.41706087,18.13426,16.8581,16.32589,16.02929,15.84409,1035,301,2,127,4.79674e+17,GALAXY,0.04461693,426,51882,146
1.23765e+18,25.11717626,13.38909313,17.95691,17.60577,17.59757,17.42985,17.33805,1035,301,2,128,4.79675e+17,QSO,0.4924303,426,51882,151
1.23765e+18,25.25379223,13.44026172,19.17038,17.64244,16.7199,16.25682,16.0076,1035,301,2,129,4.79664e+17,GALAXY,0.1564699,426,51882,110
1.23765e+18,25.27251252,13.4103445,19.00061,18.01411,17.67128,17.48635,17.37842,1035,301,2,129,4.79662e+17,GALAXY,0.03929089,426,51882,105
1.23765e+18,148.7858019,0.313026527,17.58855,16.64127,16.26081,16.10186,16.03844,756,301,4,220,3.21117e+18,STAR,-9e-05,2852,54468,358
1.23765e+18,148.822844,0.278285268,16.44545,15.37014,14.93257,14.75177,14.67917,756,301,4,220,3.21116e+18,STAR,0.001116531,2852,54468,347
1.23765e+18,148.7298003,0.378657616,17.50309,16.12255,15.50542,15.14933,14.95053,756,301,4,220,3.01837e+17,GALAXY,0.04619598,268,51633,347
1.23765e+18,148.8037534,0.284823322,18.67577,16.66072,15.65215,15.20135,14.83638,756,301,4,220,3.01835e+17,GALAXY,0.08773474,268,51633,341
1.23765e+18,148.8256879,0.389318411,19.46999,17.62246,16.7987,16.39751,16.10277,756,301,4,220,3.0185e+17,GALAXY,0.04646964,268,51633,397
1.23765e+18,148.8263603,0.290972875,19.413,18.51467,18.19586,18.06826,18.03469,756,301,4,220,4.31014e+18,STAR,0.000878114,3828,55539,698
1.23765e+18,148.9369916,0.252379383,17.36566,16.42457,16.06568,15.91946,15.85298,756,301,4,221,3.21116e+18,STAR,-5.08e-05,2852,54468,343
1.23765e+18,148.9804821,0.273228989,16.7483,15.62996,15.27428,15.15911,15.12339,756,301,4,221,3.22807e+18,STAR,0.000134018,2867,54479,400
1.23765e+18,148.8796272,0.354850328,19.09695,17.10244,16.01278,15.56219,15.18301,756,301,4,221,3.00778e+17,GALAXY,0.1261049,267,51608,591
1.23765e+18,148.9247501,0.222548913,18.85229,17.63904,17.04734,16.71426,16.4725,756,301,4,221,3.00786e+17,GALAXY,0.03546179,267,51608,621
1.23765e+18,148.9754109,0.332932538,18.22104,17.05559,16.58764,16.29906,16.09243,756,301,4,221,3.00787e+17,GALAXY,0.04747811,267,51608,623
1.23765e+18,148.9824397,0.229872354,19.04115,17.38003,16.6373,16.16045,15.83395,756,301,4,221,3.00791e+17,GALAXY,0.06247292,267,51608,640
1.23765e+18,148.9961356,0.308170072,17.14999,15.6365,15.08191,14.91099,14.84858,756,301,4,222,3.21117e+18,STAR,0.000194298,2852,54468,391
1.23765e+18,149.0410136,0.325857163,17.90808,16.75098,16.49705,16.62966,16.19007,756,301,4,222,3.00787e+17,GALAXY,0.03545549,267,51608,624
1.23765e+18,149.0575321,0.213923136,18.363,16.93593,16.386,16.1985,16.11505,756,301,4,222,3.21118e+18,STAR,-9.72e-05,2852,54468,400
1.23765e+18,149.0618307,0.234441385,19.00955,17.41549,16.84034,16.6508,16.55332,756,301,4,222,3.21117e+18,STAR,0.000244192,2852,54468,393
1.23765e+18,149.0831403,0.325245894,17.01401,15.64841,15.0277,14.75922,14.62626,756,301,4,222,3.21118e+18,STAR,0.001118533,2852,54468,395
1.23765e+18,149.0871021,0.305417336,17.39676,15.98879,15.46148,15.28628,15.23576,756,301,4,222,3.21117e+18,STAR,4.67e-05,2852,54468,382
1.23765e+18,149.1329386,0.27885707,17.91573,16.21564,15.59977,15.41756,15.34134,756,301,4,222,3.21118e+18,STAR,-1.04e-05,2852,54468,399
1.23765e+18,149.0057774,0.358014763,18.16686,16.36014,15.51101,15.11288,14.77663,756,301,4,222,3.0185e+17,GALAXY,0.04720632,268,51633,395
1.23765e+18,149.2260687,0.245578199,19.13209,17.87136,17.36701,17.15744,17.06743,756,301,4,223,3.21117e+18,STAR,-6.16e-05,2852,54468,387
1.23765e+18,149.2673959,0.392245454,17.91672,16.36971,15.81155,15.60741,15.51737,756,301,4,223,3.21117e+18,STAR,0.000250126,2852,54468,386
1.23765e+18,149.2141666,0.208799417,17.70363,15.68413,14.75272,14.29722,13.95347,756,301,4,223,3.01849e+17,GALAXY,0.0650453,268,51633,392
1.23765e+18,149.2502395,0.274271483,19.16188,17.5884,16.65029,16.19813,15.84187,756,301,4,223,3.01858e+17,GALAXY,0.1369716,268,51633,425
1.23765e+18,149.257602,0.356504495,18.83399,17.57686,16.94633,16.55366,16.31444,756,301,4,223,3.01858e+17,GALAXY,0.08850689,268,51633,426
1.23765e+18,149.307881,0.360666479,19.17875,17.65318,17.13492,16.91208,16.80051,756,301,4,224,3.21119e+18,STAR,0.000288178,2852,54468,432
1.23765e+18,149.3228348,0.220425381,18.38924,16.97681,16.35331,16.06354,15.90297,756,301,4,224,3.22807e+18,STAR,0.000101524,2867,54479,428
1.23765e+18,149.391781,0.315558208,17.78484,16.46776,15.98615,15.80304,15.74504,756,301,4,224,3.21118e+18,STAR,-0.000122831,2852,54468,428
1.23765e+18,149.4126436,0.332572569,19.50447,17.60776,16.69411,16.26086,15.91449,756,301,4,224,3.01871e+17,GALAXY,0.08085039,268,51633,473
1.23765e+18,149.5129278,0.296310368,17.18955,15.68614,15.16531,14.99597,14.92712,756,301,4,225,3.21118e+18,STAR,0.000115983,2852,54468,430
1.23765e+18,149.5315434,0.38216155,17.02568,16.06685,15.78258,15.67572,15.64467,756,301,4,225,3.21119e+18,STAR,0.000236933,2852,54468,436
1.23765e+18,149.5506406,0.237244856,17.57675,16.35207,15.79105,15.44982,15.19207,756,301,4,225,3.01872e+17,GALAXY,0.03502265,268,51633,476
1.23765e+18,149.5780723,0.24832581,18.95423,17.57763,17.05884,16.87089,16.75794,756,301,4,225,3.21118e+18,STAR,0.000235166,2852,54468,422
1.23765e+18,149.5794183,0.21619147,19.19499,17.67257,17.11662,16.90118,16.78177,756,301,4,225,3.21118e+18,STAR,0.000139555,2852,54468,427
1.23765e+18,149.6134699,0.382478783,18.24147,16.36091,15.51062,15.09205,14.76688,756,301,4,226,3.01877e+17,GALAXY,0.05647835,268,51633,495
1.23765e+18,149.7708952,0.286602514,18.26872,16.5515,15.88596,15.64806,15.52176,756,301,4,227,3.2112e+18,STAR,3.06e-05,2852,54468,469
1.23765e+18,149.8284968,0.371885749,17.28703,15.88772,15.31142,15.06967,14.93475,756,301,4,227,3.21119e+18,STAR,0.000571062,2852,54468,463
1.23765e+18,149.8650389,0.287384188,18.47617,16.08769,15.03687,14.64223,14.41759,756,301,4,227,3.21119e+18,STAR,4.08e-05,2852,54468,464
1.23765e+18,149.8722588,0.317494371,18.89477,17.68926,17.62054,17.60062,17.55438,756,301,4,227,3.2112e+18,STAR,0.000212412,2852,54468,472
1.23765e+18,149.8893375,0.263076614,18.1793,15.9787,15.06057,14.70557,14.50055,756,301,4,227,3.2112e+18,STAR,-0.00015267,2852,54468,479
1.23765e+18,149.8689665,0.393162464,19.27866,18.27443,17.56902,17.17205,16.9123,756,301,4,227,3.01878e+17,GALAXY,0.2027204,268,51633,496
1.23765e+18,149.8717617,0.359548933,19.38729,18.11767,17.59908,17.27139,17.03778,756,301,4,227,3.01875e+17,GALAXY,0.07743941,268,51633,485
1.23765e+18,149.9144606,0.411247045,18.83391,17.65896,17.12987,16.90308,16.78499,756,301,4,228,3.21119e+18,STAR,0.000157964,2852,54468,461
1.23765e+18,149.9489142,0.29494796,17.81526,16.20362,15.63635,15.42636,15.34886,756,301,4,228,3.2112e+18,STAR,9.02e-05,2852,54468,470
1.23765e+18,150.0552408,0.312838451,18.80408,17.61606,17.17328,16.99956,16.94129,756,301,4,229,3.02966e+17,STAR,4.66e-05,269,51910,359
1.23765e+18,150.066131,0.2600306,17.38359,16.20386,16.26808,16.34682,16.42453,756,301,4,229,3.2112e+18,STAR,0.000154712,2852,54468,500
1.23765e+18,150.1506235,0.296711635,18.40193,17.26971,16.79377,16.57975,16.47653,756,301,4,229,3.2112e+18,STAR,-6.91e-06,2852,54468,494
1.23765e+18,150.1883859,0.280159372,17.17106,15.84322,15.35562,15.18469,15.12566,756,301,4,229,3.2112e+18,STAR,9.52e-06,2852,54468,486
1.23765e+18,150.0696316,0.275633916,18.85771,17.3365,16.60225,16.17563,15.9129,756,301,4,229,3.01891e+17,GALAXY,0.08826268,268,51633,546
1.23765e+18,150.2681631,0.354522777,17.34617,16.41362,16.25885,16.21258,16.24118,756,301,4,230,3.2112e+18,STAR,0.001119249,2852,54468,481
1.23765e+18,155.4402233,-0.181412469,19.13087,17.76954,17.2544,17.02957,16.9635,756,301,3,265,3.05127e+17,STAR,1.21e-05,271,51883,31
1.23765e+18,155.4840007,-0.071521539,19.52335,17.58873,16.70269,16.24651,15.89563,756,301,3,265,3.05128e+17,GALAXY,0.07870299,271,51883,34
1.23765e+18,155.5417446,-0.055372384,19.53143,17.72145,16.83091,16.39734,16.08084,756,301,3,265,3.0513e+17,GALAXY,0.07183877,271,51883,40
1.23765e+18,155.561088,-0.027245837,19.03819,17.79249,17.22686,16.85721,16.63472,756,301,3,265,3.06317e+17,GALAXY,0.1125911,272,51941,261
1.23765e+18,155.6860176,-0.12651575,19.19906,18.98658,18.72967,18.60782,18.5857,756,301,3,266,3.05129e+17,QSO,1.403561,271,51883,37
1.23765e+18,155.6886466,-0.003088307,18.08446,16.95451,16.28149,15.88147,15.60056,756,301,3,266,3.06307e+17,GALAXY,0.06255899,272,51941,228
1.23765e+18,155.7116109,-0.016959972,18.91198,17.72086,17.11255,16.70341,16.44827,756,301,3,266,3.0529e+17,GALAXY,0.06253219,271,51883,621
1.23765e+18,155.7511609,-0.059961878,19.25243,18.13035,17.5816,17.27784,17.11384,756,301,3,267,3.05128e+17,GALAXY,0.06272236,271,51883,33
1.23765e+18,155.7753352,-0.200854309,19.44082,17.37083,16.33696,15.88241,15.48007,756,301,3,267,3.06308e+17,GALAXY,0.09257647,272,51941,229
1.23765e+18,155.8528432,-0.165606488,19.27058,18.17954,17.62054,17.24121,17.02961,756,301,3,267,3.06295e+17,GALAXY,0.09317704,272,51941,183
1.23765e+18,155.9180157,-0.061481421,19.51307,17.54918,16.57006,16.11872,15.77169,756,301,3,268,3.06299e+17,GALAXY,0.094426,272,51941,196
1.23765e+18,156.2513956,-0.149946705,17.44188,16.50197,16.1593,16.0127,15.9655,756,301,3,270,4.31457e+18,STAR,0.000324226,3832,55289,430
1.23765e+18,156.2671877,-0.108478805,19.45882,19.03379,18.74002,18.75484,18.7174,756,301,3,270,3.06291e+17,QSO,0.9878923,272,51941,167
1.23765e+18,156.2844892,-0.075292626,19.26553,18.14392,17.65994,17.31314,17.1382,756,301,3,270,3.06293e+17,GALAXY,0.09625829,272,51941,174
1.23765e+18,156.3642935,-0.088638278,19.41533,19.19654,18.99171,18.64631,18.57148,756,301,3,271,4.31333e+18,QSO,1.896616,3831,55543,9
1.23765e+18,156.5637912,-0.108395839,19.30088,19.17728,19.26831,19.40944,19.54679,756,301,3,272,4.31455e+18,QSO,1.350456,3832,55289,386
1.23765e+18,156.7689891,-0.189248195,19.19938,17.25997,16.34987,15.97334,15.63232,756,301,3,273,3.07454e+17,GALAXY,0.09517123,273,51957,303
1.23765e+18,156.775109,-0.186797504,19.30103,17.74245,16.89154,16.43431,16.10919,756,301,3,273,3.06265e+17,GALAXY,0.09610251,272,51941,74
1.23765e+18,156.8559711,-0.093223432,16.79231,15.50062,14.92929,14.68886,14.54752,756,301,3,274,3.07454e+17,STAR,0.00083366,273,51957,304
1.23765e+18,156.7876428,-0.03771701,18.1164,16.60579,15.8752,15.48047,15.17607,756,301,3,274,3.06266e+17,GALAXY,0.05606531,272,51941,78
1.23765e+18,156.8520006,-0.201359107,19.20144,18.03407,17.66074,17.39079,17.30588,756,301,3,274,3.06265e+17,GALAXY,0.05642423,272,51941,72
1.23765e+18,157.1781877,-0.144494357,19.15184,18.10442,17.79133,17.5432,17.39712,756,301,3,276,3.06251e+17,GALAXY,0.03452292,272,51941,23
1.23765e+18,157.2254154,-0.037395018,19.42867,17.59117,16.57017,16.0061,15.54113,756,301,3,276,3.07447e+17,GALAXY,0.09401862,273,51957,276
1.23765e+18,157.2549812,-0.108370551,18.8906,17.89754,17.59805,17.46548,17.39401,756,301,3,277,4.3145e+18,STAR,0.00014573,3832,55289,192
1.23765e+18,157.3632987,-0.197957787,19.25194,18.2717,18.01712,17.90655,17.8851,756,301,3,277,3.07447e+17,STAR,0.000635232,273,51957,279
1.23765e+18,157.2343605,-0.033929798,19.40891,17.79996,17.01348,16.59578,16.29567,756,301,3,277,3.06254e+17,GALAXY,0.09467486,272,51941,32
1.23765e+18,157.2396649,-0.130279184,19.27823,18.12834,17.72846,17.40861,17.31925,756,301,3,277,3.07443e+17,GALAXY,0.07181334,273,51957,262
1.23765e+18,157.3032653,-0.110726408,18.8345,16.77964,15.7686,15.32982,14.9749,756,301,3,277,3.06253e+17,GALAXY,0.09450503,272,51941,31
1.23765e+18,157.3918848,-0.057385003,19.53542,17.98712,17.07004,16.60347,16.2515,756,301,3,278,3.06255e+17,GALAXY,0.1468786,272,51941,38
1.23765e+18,157.4168699,-0.035989677,19.21375,17.86078,17.16067,16.72168,16.42554,756,301,3,278,3.06254e+17,GALAXY,0.09498288,272,51941,33
1.23765e+18,157.4301328,-0.132374963,19.21625,17.49431,16.58157,16.12693,15.79549,756,301,3,278,3.06254e+17,GALAXY,0.118056,272,51941,34
1.23765e+18,157.4693309,-0.174376172,17.56078,15.84306,14.94349,14.44422,13.98974,756,301,3,278,3.06251e+17,GALAXY,0.03494354,272,51941,24
1.23765e+18,157.5567572,-0.122568093,19.58471,17.70535,16.7687,16.35852,16.00057,756,301,3,279,3.07434e+17,GALAXY,0.0935319,273,51957,230
1.23765e+18,157.5293579,-0.176220157,19.44382,18.20186,17.57832,17.24597,16.98098,756,301,3,279,3.07432e+17,GALAXY,0.07396382,273,51957,224
1.23765e+18,157.9482335,-0.134501194,19.43612,18.3378,18.18679,18.16129,18.19179,756,301,3,281,3.07426e+17,STAR,0.000970754,273,51957,200
1.23765e+18,157.9348673,-0.018340593,19.5219,18.16031,17.61438,17.24478,16.99166,756,301,3,281,3.07423e+17,GALAXY,0.08698336,273,51957,192
1.23765e+18,158.0197657,-0.188658238,19.15374,19.11041,19.05404,18.77618,18.68085,756,301,3,282,3.07425e+17,QSO,1.875947,273,51957,196
1.23765e+18,158.0139215,-0.205950659,18.86469,17.50174,16.83774,16.44392,16.17204,756,301,3,282,3.07425e+17,GALAXY,0.09084529,273,51957,198
1.23765e+18,158.1304528,-0.106581744,19.55022,17.88519,17.09384,16.72751,16.41544,756,301,3,283,3.07419e+17,GALAXY,0.06510175,273,51957,176
1.23765e+18,158.1985492,-0.204757064,17.78733,16.24017,15.49375,15.07718,14.73213,756,301,3,283,3.07419e+17,GALAXY,0.03397743,273,51957,175
1.23765e+18,158.4392715,-0.071601831,19.45107,18.38657,18.23066,18.18887,18.19806,756,301,3,285,3.07414e+17,STAR,0.000359334,273,51957,157
1.23765e+18,158.442433,-0.037610835,19.03105,18.90905,18.6332,18.50312,18.49295,756,301,3,285,3.07415e+17,QSO,1.172575,273,51957,160
1.23765e+18,158.5313321,-0.048171489,18.98467,17.80774,17.31339,16.97296,16.7476,756,301,3,285,3.07414e+17,GALAXY,0.0648981,273,51957,156
1.23765e+18,158.7780972,-0.030331648,18.76714,16.93103,16.0499,15.61207,15.25153,756,301,3,287,3.07402e+17,GALAXY,0.08272831,273,51957,115
1.23765e+18,158.9733528,-0.056488268,19.56036,18.1666,17.6468,17.35279,17.20367,756,301,3,288,3.07393e+17,GALAXY,0.05840081,273,51957,80
1.23765e+18,159.1486047,-0.010120035,19.30804,18.8975,19.12333,19.37422,19.47773,756,301,3,289,3.0858e+17,STAR,-6.49e-05,274,51913,303
1.23765e+18,159.059542,-0.15901912,17.11091,15.75166,15.01781,14.61758,14.29235,756,301,3,289,3.0738e+17,GALAXY,0.02770622,273,51957,32
1.23765e+18,159.3094966,-0.087440137,18.85895,17.84279,17.39774,17.16279,16.95072,756,301,3,290,3.0738e+17,GALAXY,0.02126185,273,51957,33
1.23765e+18,159.3407252,-0.001549367,18.43512,17.30352,17.19988,17.21554,17.21168,756,301,3,291,3.07381e+17,STAR,0.000760672,273,51957,36
1.23765e+18,188.4163468,0.192647671,17.79241,16.66238,16.30104,16.16709,16.10818,752,301,4,300,3.28775e+18,STAR,-0.000132917,2920,54562,462
1.23765e+18,188.4232395,0.158059445,19.10976,17.73485,17.16479,16.95688,16.82334,752,301,4,300,3.2596e+18,STAR,-0.000173108,2895,54567,423
1.23765e+18,188.4716891,0.122943277,17.14923,15.54331,15.00412,14.8333,14.76185,752,301,4,300,3.2596e+18,STAR,9.88e-06,2895,54567,434
1.23765e+18,188.5491585,0.144958151,18.13579,16.62,16.09115,15.89266,15.78976,752,301,4,300,3.2596e+18,STAR,-5.15e-05,2895,54567,432
1.23765e+18,188.4399406,0.199512868,19.3719,18.74821,17.80828,17.3182,16.99094,752,301,4,300,3.2662e+17,QSO,0.2384535,290,51941,395
1.23765e+18,188.5666937,0.196376261,18.15923,16.81399,16.21589,16.00613,15.84773,752,301,4,301,3.28776e+18,STAR,-0.000773104,2920,54562,471
1.23765e+18,188.5685389,0.014523696,16.32855,15.31857,15.02294,14.91374,14.89553,752,301,4,301,3.2596e+18,STAR,-3.29e-05,2895,54567,439
1.23765e+18,188.5959222,0.043278119,17.8005,16.60727,16.18797,16.04867,15.97751,752,301,4,301,3.2596e+18,STAR,-0.000250066,2895,54567,433
1.23765e+18,188.6073753,0.024816067,18.57653,17.68594,17.45869,17.37851,17.37804,752,301,4,301,3.25961e+18,STAR,-0.000481667,2895,54567,480
1.23765e+18,188.6136464,0.185213149,19.47127,18.3652,18.47488,18.56451,18.62382,752,301,4,301,3.28776e+18,STAR,0.000112753,2920,54562,477
1.23765e+18,188.7561733,0.115590702,19.12665,17.71632,17.18634,16.96498,16.84687,752,301,4,302,3.25961e+18,STAR,6.11e-06,2895,54567,462
1.23765e+18,188.7846104,0.013233582,18.00067,16.0931,15.29277,14.97982,14.8094,752,301,4,302,3.25961e+18,STAR,3.38e-05,2895,54567,479
1.23765e+18,188.8297189,0.170913248,18.1284,16.30162,15.70005,15.53994,15.49854,752,301,4,302,3.25961e+18,STAR,1.86e-05,2895,54567,470
1.23765e+18,188.8317081,0.10443853,18.32051,16.89544,16.36172,16.16441,16.11468,752,301,4,302,3.28776e+18,STAR,-8.07e-05,2920,54562,496
1.23765e+18,188.7591649,0.03764431,18.0092,16.8149,16.35628,16.15085,16.01649,752,301,4,302,3.2663e+17,GALAXY,0.02279919,290,51941,433
1.23765e+18,188.7656541,0.108437691,18.57035,17.39246,16.95448,16.64374,16.48623,752,301,4,302,3.26631e+17,GALAXY,0.08034749,290,51941,438
1.23765e+18,188.8570342,0.04990937,18.95351,18.8721,18.61315,18.59806,18.71719,752,301,4,303,3.2664e+17,QSO,1.215538,290,51941,471
1.23765e+18,188.9687078,0.058748542,18.00362,16.47341,15.92259,15.71688,15.64202,752,301,4,303,3.25962e+18,STAR,8.43e-06,2895,54567,493
1.23765e+18,189.0349099,0.204572144,18.25708,17.23043,17.10457,17.06309,17.08691,752,301,4,304,3.25962e+18,STAR,-0.00024857,2895,54567,491
1.23765e+18,189.0697856,0.064605769,18.06198,18.17445,18.66319,18.97943,19.28476,752,301,4,304,3.28776e+18,STAR,-6.93e-05,2920,54562,483
1.23765e+18,189.0875075,0.026035111,17.65168,16.46087,16.11174,15.96434,15.91781,752,301,4,304,3.25962e+18,STAR,-3.76e-05,2895,54567,499
1.23765e+18,189.1213838,0.156923079,17.44747,16.1568,15.64906,15.43061,15.3442,752,301,4,304,3.25961e+18,STAR,0.000626346,2895,54567,483
1.23765e+18,189.1418561,0.132015681,17.64121,16.31137,15.83296,15.64754,15.56873,752,301,4,304,3.25961e+18,STAR,0.000123686,2895,54567,490
1.23765e+18,189.060599,0.111285479,19.17885,17.61417,16.90285,16.47362,16.20284,752,301,4,304,3.26648e+17,GALAXY,0.1083665,290,51941,498
1.23765e+18,189.1772502,0.015502143,17.44684,16.47435,16.19601,16.08416,16.06882,752,301,4,305,3.25962e+18,STAR,0.000682136,2895,54567,496
1.23765e+18,189.2754525,0.054799795,18.55441,17.61557,17.4075,17.31738,17.33438,752,301,4,305,3.25952e+18,STAR,-0.000365598,2895,54567,158
1.23765e+18,189.2859897,0.058056771,18.89325,18.81742,18.84301,18.67533,18.50327,752,301,4,305,3.26643e+17,QSO,2.007343,290,51941,482
1.23765e+18,189.292617,0.08782159,17.98142,16.53124,15.98778,15.77157,15.66088,752,301,4,305,3.25962e+18,STAR,0.000177747,2895,54567,519
1.23765e+18,189.1882818,0.06996375,19.39293,18.38481,17.95502,17.74713,17.71264,752,301,4,305,3.28777e+18,STAR,0.000383909,2920,54562,510
1.23765e+18,189.2141187,0.059494611,19.1581,17.19834,16.23881,15.80317,15.43806,752,301,4,305,3.26648e+17,GALAXY,0.09052185,290,51941,497
1.23765e+18,189.349545,0.14670359,17.95998,16.9956,16.61325,16.44035,16.34248,752,301,4,306,3.25962e+18,STAR,0.000141414,2895,54567,515
1.23765e+18,189.4368521,0.085980137,19.19136,18.31329,18.03049,17.93967,17.93863,752,301,4,306,3.28777e+18,STAR,0.000425948,2920,54562,507
1.23765e+18,189.4375895,0.074917648,17.14412,16.21274,15.921,15.81878,15.81111,752,301,4,306,3.25962e+18,STAR,0.000645585,2895,54567,511
1.23765e+18,189.4882224,0.016142196,17.51531,16.20045,15.68766,15.51929,15.4486,752,301,4,307,3.25962e+18,STAR,-0.000235161,2895,54567,518
1.23765e+18,189.5861465,0.039063217,18.96314,17.59786,17.08255,16.91562,16.82683,752,301,4,307,3.25963e+18,STAR,0.000289279,2895,54567,559
1.23765e+18,189.5015703,0.138225418,19.0892,17.42552,16.53225,16.09403,15.73852,752,301,4,307,3.26652e+17,GALAXY,0.08979167,290,51941,513
1.23765e+18,189.5140584,0.082238867,18.95655,17.6471,16.91203,16.48641,16.1866,752,301,4,307,3.26653e+17,GALAXY,0.1164155,290,51941,517
1.23765e+18,189.625427,0.097328339,19.29418,17.84228,17.29527,17.1264,17.03474,752,301,4,308,3.25963e+18,STAR,2.08e-05,2895,54567,558
1.23765e+18,189.6882532,0.125406054,16.30124,15.3312,15.01175,14.89482,14.85194,752,301,4,308,3.25963e+18,STAR,0.000400701,2895,54567,556
1.23765e+18,189.7508307,0.085321463,18.57187,17.56417,17.22917,17.10789,17.06586,752,301,4,308,3.25963e+18,STAR,0.000119507,2895,54567,557
1.23765e+18,189.7519182,0.124340953,16.46668,15.269,14.88395,14.74644,14.71614,752,301,4,308,3.25963e+18,STAR,-9.97e-05,2895,54567,555
1.23765e+18,189.6995871,0.169472167,19.48091,18.24233,17.72408,17.4977,17.36199,752,301,4,308,3.25963e+18,STAR,0.000688943,2895,54567,554
1.23765e+18,189.7513339,0.069774762,17.8125,16.3429,15.59771,15.18967,14.87065,752,301,4,308,3.26662e+17,GALAXY,0.07249224,290,51941,551
1.23765e+18,189.7532257,0.124837447,18.83398,17.60006,16.87173,16.47609,16.19033,752,301,4,309,3.26663e+17,GALAXY,0.07200869,290,51941,552
1.23765e+18,189.7632942,0.153030167,18.95565,18.12916,17.77666,17.61678,17.54009,752,301,4,309,3.28779e+18,STAR,0.001081874,2920,54562,596
1.23765e+18,189.8074697,0.200314374,17.49214,15.80527,15.13732,14.87314,14.72937,752,301,4,309,3.25964e+18,STAR,-5.64e-05,2895,54567,591
1.23765e+18,189.812215,0.153446341,17.84209,16.9064,16.63681,16.526,16.5028,752,301,4,309,3.25964e+18,STAR,0.000150152,2895,54567,594
1.23765e+18,189.8335155,0.178376129,18.96813,17.94991,17.49515,17.27039,17.14994,752,301,4,309,3.25964e+18,STAR,2.68e-05,2895,54567,593
1.23765e+18,189.8755818,0.087428773,16.88696,15.18882,14.49096,14.194,14.03214,752,301,4,309,3.25964e+18,STAR,-0.000192874,2895,54567,596
1.23765e+18,189.8269363,0.090702792,18.91048,17.90761,17.43517,16.96392,16.87224,752,301,4,309,3.26664e+17,GALAXY,0.121482,290,51941,557
1.23765e+18,164.5775194,-1.028945137,19.25568,18.13317,17.58405,17.19809,16.94482,756,301,1,326,3.11952e+17,GALAXY,0.09681862,277,51908,281
1.23765e+18,164.6396027,-0.953588866,18.58539,17.44017,16.98545,16.70627,16.55293,756,301,1,326,3.11942e+17,GALAXY,0.03834352,277,51908,245
1.23765e+18,164.6301853,-1.006872419,18.70817,17.56186,17.0752,16.82436,16.6447,756,301,1,326,3.11941e+17,GALAXY,0.02147934,277,51908,242
1.23765e+18,164.828502,-0.96318959,19.59427,18.38557,17.68336,17.307,17.08768,756,301,1,327,3.11946e+17,GALAXY,0.09223218,277,51908,260
1.23765e+18,165.0833026,-0.991198084,19.42913,17.52109,16.54752,16.11374,15.74206,756,301,1,329,3.1193e+17,GALAXY,0.1023552,277,51908,202
1.23765e+18,165.2404497,-0.884579684,17.44763,17.40266,17.50672,17.52596,17.11701,756,301,1,330,4.31902e+18,QSO,0.3788754,3836,55302,258
1.23765e+18,165.281803,-0.989470193,19.00821,18.81989,18.76197,18.49328,18.55766,756,301,1,330,3.1193e+17,QSO,1.735306,277,51908,204
1.23765e+18,165.3032215,-0.9570256,17.96716,16.8582,16.49776,16.34852,16.30215,756,301,1,330,3.11908e+17,STAR,-0.000159798,277,51908,121
1.23765e+18,165.3812819,-0.882033977,19.58979,17.60658,16.50775,16.06941,15.6749,756,301,1,331,3.1191e+17,GALAXY,0.1254037,277,51908,131
1.23765e+18,165.6658929,-0.986535356,19.01376,17.37282,16.52387,16.04365,15.73745,756,301,1,333,3.11899e+17,GALAXY,0.07376079,277,51908,91
1.23765e+18,165.7406341,-0.962113784,16.99432,15.79183,15.27985,14.97925,14.7697,756,301,1,333,3.11888e+17,GALAXY,0.0334835,277,51908,50
1.23765e+18,165.7952878,-0.953693779,19.44885,17.47757,16.55873,16.14563,15.80436,756,301,1,334,3.11886e+17,GALAXY,0.07397272,277,51908,44
1.23765e+18,165.9098487,-0.869018056,18.92363,17.26388,16.43297,16.00368,15.63324,756,301,1,334,3.11888e+17,GALAXY,0.02864285,277,51908,49
1.23765e+18,165.9367008,-0.850757851,18.78444,18.68543,18.67734,18.44476,18.36081,756,301,1,335,3.11891e+17,QSO,1.72093,277,51908,59
1.23765e+18,166.076662,-1.021467971,19.19454,18.2396,17.88532,17.74109,17.69597,756,301,1,336,4.26405e+18,STAR,0.000844671,3787,55565,954
1.23765e+18,166.0778937,-0.956786301,18.80128,17.90495,17.55863,17.41512,17.35387,756,301,1,336,4.24819e+18,STAR,0.000755492,3773,55240,628
1.23765e+18,166.189888,-1.030281975,17.30171,16.04475,16.09419,16.15114,16.17701,756,301,1,336,3.11876e+17,STAR,-0.00025183,277,51908,5
1.23765e+18,166.3882286,-0.980032049,18.87612,18.73602,18.68644,18.42043,18.36785,756,301,1,338,3.13079e+17,QSO,1.739622,278,51900,286
1.23765e+18,166.4498349,-0.886045649,18.27351,16.40658,15.54518,15.13496,14.80932,756,301,1,338,3.13079e+17,GALAXY,0.04576474,278,51900,285
1.23765e+18,166.4068303,-0.848155182,19.53954,17.96132,17.15958,16.73947,16.4393,756,301,1,338,3.11879e+17,GALAXY,0.0461611,277,51908,17
1.23765e+18,166.4210924,-0.876166774,18.83664,17.79551,17.39124,17.15681,16.98134,756,301,1,338,3.11875e+17,GALAXY,0.03331094,277,51908,3
1.23765e+18,166.4664404,-1.038855429,19.55145,18.24758,17.61806,17.24913,17.00541,756,301,1,338,3.13078e+17,GALAXY,0.07032461,278,51900,282
1.23765e+18,166.6323814,-0.881213638,16.39398,16.22292,16.42408,16.38773,16.20318,756,301,1,339,4.24822e+18,QSO,0.4237695,3773,55240,710
1.23765e+18,166.5188634,-0.987719488,19.31236,17.28536,16.27297,15.80224,15.39321,756,301,1,339,3.1308e+17,GALAXY,0.09054341,278,51900,290
1.23765e+18,166.5826579,-1.016594125,19.07446,17.87687,17.35461,17.03825,16.80634,756,301,1,339,3.13083e+17,GALAXY,0.09044667,278,51900,300
1.23765e+18,166.6435827,-0.854836534,18.90371,17.70587,17.27521,17.0301,16.88293,756,301,1,339,3.13068e+17,GALAXY,0.04807313,278,51900,245
1.23765e+18,166.6977899,-0.92414849,17.58879,15.76081,14.9593,14.55726,14.24744,756,301,1,340,3.13072e+17,GALAXY,0.03824842,278,51900,260
1.23765e+18,166.7013635,-0.921296828,18.45418,17.59248,17.31742,17.188,17.16982,756,301,1,340,4.24824e+18,STAR,-5.78e-05,3773,55240,789
1.23765e+18,166.7130919,-0.998871967,18.78704,16.80903,15.79539,15.31342,14.94918,756,301,1,340,3.1307e+17,GALAXY,0.1128998,278,51900,254
1.23765e+18,166.9491341,-0.932675244,18.75355,17.81158,17.4755,17.67501,17.28985,756,301,1,341,3.13061e+17,STAR,-0.000296908,278,51900,220
1.23765e+18,167.1615201,-0.926036092,19.07418,18.58641,18.00492,17.77501,17.75912,756,301,1,343,3.13034e+17,QSO,1.802212,278,51900,123
1.23765e+18,167.1088079,-1.019198451,19.40988,18.23969,17.68433,17.41557,17.17148,756,301,1,343,3.13056e+17,GALAXY,0.03871421,278,51900,202
1.23765e+18,167.3117329,-0.927930728,17.98419,16.12447,15.30774,14.90887,14.56817,756,301,1,344,3.13036e+17,GALAXY,0.02880348,278,51900,130
1.23765e+18,167.4026474,-0.871851512,19.3086,17.46918,16.62757,16.24688,15.92839,756,301,1,344,3.13037e+17,GALAXY,0.07181122,278,51900,134
1.23765e+18,167.2638194,-0.916399399,19.53507,17.55457,16.51991,16.09631,15.7038,756,301,1,344,3.13034e+17,GALAXY,0.1115646,278,51900,122
1.23765e+18,167.3338867,-0.853616857,17.25497,15.45822,14.62087,14.21141,13.86431,756,301,1,344,3.13033e+17,GALAXY,0.04655705,278,51900,121
1.23765e+18,167.509236,-0.970116145,19.02336,17.0235,16.00804,15.5729,15.19605,756,301,1,345,3.13026e+17,GALAXY,0.1111355,278,51900,93
1.23765e+18,167.5166973,-1.004939634,18.9642,18.08353,17.75463,17.3947,17.34639,756,301,1,345,3.13024e+17,GALAXY,0.1098315,278,51900,87
1.23765e+18,167.5261213,-1.021264598,19.25863,18.48204,18.11614,17.5987,17.57342,756,301,1,345,3.13027e+17,GALAXY,0.1094904,278,51900,96
1.23765e+18,167.5933066,-0.929044553,19.10832,18.87219,18.53382,18.35899,18.08469,756,301,1,346,3.13012e+17,QSO,0.2572901,278,51900,42
1.23765e+18,167.6675435,-0.881836702,19.27553,19.22455,19.17879,19.00458,18.92875,756,301,1,346,3.13015e+17,QSO,1.941778,278,51900,55
1.23765e+18,167.6966959,-1.039743813,18.91626,17.77457,17.26922,16.94552,16.7597,756,301,1,346,3.13016e+17,GALAXY,0.09020376,278,51900,56
1.23765e+18,167.719094,-1.030511929,18.41599,16.59383,15.68014,15.24811,14.90371,756,301,1,347,3.13013e+17,GALAXY,0.09037574,278,51900,48
1.23765e+18,167.7525295,-0.893032639,17.82171,16.18506,15.35982,14.81807,14.51594,756,301,1,347,3.13011e+17,QSO,0.09042711,278,51900,41
1.23765e+18,167.9184929,-0.929766777,19.39888,18.51277,18.18876,18.07286,18.00324,756,301,1,348,4.24828e+18,STAR,0.000309134,3773,55240,950
1.23765e+18,167.895272,-0.86767503,19.42721,17.92982,17.13053,16.76155,16.47138,756,301,1,348,3.13002e+17,GALAXY,0.06422289,278,51900,6
1.23765e+18,168.0443334,-0.979217655,16.82234,15.87051,15.49392,15.32382,15.17367,756,301,1,349,3.13003e+17,GALAXY,0.01326556,278,51900,10
1.23765e+18,168.0836552,-0.858146667,19.24193,18.90892,18.79272,18.58503,18.66214,756,301,1,349,3.13003e+17,QSO,1.512699,278,51900,9
1.23765e+18,168.1071965,-0.850439076,18.78107,18.6744,18.59999,18.36688,18.38834,756,301,1,349,3.13004e+17,QSO,1.821192,278,51900,13
1.23765e+18,143.5047108,0.79508307,17.97189,18.35325,18.84194,19.19538,19.50974,756,301,5,185,4.3068e+18,STAR,-0.000143071,3825,55533,864
1.23765e+18,143.5538689,0.699469215,18.37109,16.20697,15.25354,14.79899,14.74187,756,301,5,185,5.36029e+17,STAR,-6.89e-05,476,52314,365
1.23765e+18,143.6638293,0.688079386,17.5434,15.58319,14.66213,14.16591,13.80773,756,301,5,186,5.36031e+17,GALAXY,0.02544205,476,52314,374
1.23765e+18,143.7111945,0.78780583,19.56295,18.97588,18.76212,18.76532,18.53604,756,301,5,186,4.30681e+18,QSO,2.201163,3825,55533,890
1.23765e+18,143.8029329,0.649213036,18.34674,18.29909,18.49475,18.67688,18.90414,756,301,5,187,4.30682e+18,STAR,-0.000306638,3825,55533,930
1.23765e+18,144.0855148,0.780354533,18.93905,18.75433,18.66929,18.39901,18.34296,756,301,5,189,4.30784e+18,QSO,1.719752,3826,55563,542
1.23765e+18,144.0832049,0.836980203,19.38528,17.78866,16.97987,16.57544,16.2369,756,301,5,189,5.3605e+17,GALAXY,0.09092774,476,52314,443
1.23765e+18,144.6095921,0.672996674,16.4521,15.30543,15.14818,15.13035,15.16097,756,301,5,192,5.36086e+17,STAR,0.000306109,476,52314,575
1.23765e+18,144.6420695,0.702082068,19.1256,17.95891,17.77781,17.73873,17.72672,756,301,5,192,5.36087e+17,STAR,0.001042861,476,52314,576
1.23765e+18,144.616385,0.692162592,19.59534,18.33888,17.83259,17.64017,17.54989,756,301,5,192,5.36083e+17,STAR,0.00023934,476,52314,564
1.23765e+18,144.6682644,0.646180438,19.25157,17.19157,16.19525,15.74163,15.38346,756,301,5,193,5.36083e+17,GALAXY,0.06199878,476,52314,562
1.23765e+18,145.0249225,0.773848327,19.21702,18.01118,17.89094,17.8761,17.91762,756,301,5,195,5.36094e+17,STAR,0.001078201,476,52314,602
1.23765e+18,145.0033153,0.682016717,19.33185,18.21254,17.519,17.07756,16.84713,756,301,5,195,5.37077e+17,GALAXY,0.1473927,477,52026,81
1.23765e+18,145.0085029,0.804470221,19.55322,19.43875,19.24568,19.14084,19.20739,756,301,5,195,5.36094e+17,QSO,1.43029,476,52314,601
1.23765e+18,145.0613158,0.7092385,17.39366,16.22112,15.75643,15.49954,15.35344,756,301,5,195,5.36095e+17,GALAXY,0.02599558,476,52314,606
1.23765e+18,145.1836468,0.799921877,18.79947,18.97394,19.17481,19.30837,19.32477,756,301,5,196,4.30789e+18,STAR,0.001123082,3826,55563,732
1.23765e+18,145.1326984,0.827226021,19.2041,18.04214,17.54848,17.21816,17.06528,756,301,5,196,5.36099e+17,GALAXY,0.08350793,476,52314,620
1.23765e+18,145.3209317,0.771110881,18.86915,17.73447,17.25329,17.0395,16.85552,756,301,5,197,2.99582e+17,GALAXY,0.00658949,266,51630,338
1.23765e+18,145.4458519,0.815943141,18.9721,17.87579,17.3342,16.93463,16.74589,756,301,5,198,5.37069e+17,GALAXY,0.05064557,477,52026,53
1.23765e+18,145.5411712,0.795448152,19.55193,18.33518,17.737,17.40774,17.24087,756,301,5,198,2.99578e+17,GALAXY,0.09888644,266,51630,323
1.23765e+18,145.8474847,0.67574721,18.77625,16.9478,16.03059,15.56422,15.21028,756,301,5,200,2.99605e+17,GALAXY,0.02660205,266,51630,422
1.23765e+18,145.9696591,0.830928028,19.37867,17.44197,16.49375,16.03287,15.65151,756,301,5,201,2.99603e+17,GALAXY,0.03635695,266,51630,412
1.23765e+18,145.985405,0.786568266,19.30694,18.01443,17.28729,16.87363,16.57797,756,301,5,201,5.40502e+17,GALAXY,0.1225454,480,51989,254
1.23765e+18,145.9926346,0.788073237,18.7196,17.22156,16.41532,15.96881,15.62269,756,301,5,201,2.996e+17,GALAXY,0.03801033,266,51630,403
1.23765e+18,146.0209083,0.733551671,17.41963,15.3452,14.35107,13.86729,13.50864,756,301,5,202,2.99616e+17,GALAXY,0.03617733,266,51630,461
1.23765e+18,146.0122451,0.765634264,18.79792,17.73394,17.19519,16.86494,16.63138,756,301,5,202,2.99603e+17,GALAXY,0.0374546,266,51630,413
1.23765e+18,146.0168695,0.716795972,19.2669,17.30498,16.34389,15.88671,15.51674,756,301,5,202,2.99617e+17,GALAXY,0.03516901,266,51630,466
1.23765e+18,146.1504517,0.82009527,18.72606,17.46576,16.727,16.27238,15.99303,756,301,5,202,5.40492e+17,GALAXY,0.1206335,480,51989,218
1.23765e+18,146.2476358,0.718492888,17.41267,17.09897,17.39865,17.65552,17.87561,756,301,5,203,4.30796e+18,STAR,0.000125195,3826,55563,962
1.23765e+18,146.4629792,0.638697773,17.70856,16.44154,15.70594,15.29789,14.98198,756,301,5,205,2.99628e+17,GALAXY,0.03032346,266,51630,506
1.23765e+18,146.4971245,0.742416587,18.74275,17.26978,16.62725,16.34429,16.21385,756,301,5,205,2.99638e+17,STAR,0.000507593,266,51630,539
1.23765e+18,146.5244738,0.830185635,18.51254,17.12438,16.53009,16.29596,16.16014,756,301,5,205,3.00704e+17,STAR,-3.74e-05,267,51608,322
1.23765e+18,146.6112642,0.69304685,19.25579,18.12039,17.54475,17.22807,17.05199,756,301,5,206,2.99641e+17,GALAXY,0.02518325,266,51630,550
1.23765e+18,146.7990929,0.702692967,16.70126,15.79634,15.40868,15.1901,15.01292,756,301,5,207,2.99639e+17,GALAXY,0.03053254,266,51630,545
1.23765e+18,146.8068151,0.66561136,17.34683,15.63673,14.6184,14.12285,13.67896,756,301,5,207,2.99639e+17,GALAXY,0.0200758,266,51630,543
1.23765e+18,146.8422315,0.740821255,18.98516,17.34394,16.56421,16.20214,15.89514,756,301,5,207,2.99659e+17,GALAXY,0.02013125,266,51630,616
1.23765e+18,146.7729359,0.701145,19.55862,18.28053,17.79416,17.57239,17.29816,756,301,5,207,3.00711e+17,GALAXY,0.03038891,267,51608,348
1.23765e+18,146.9114178,0.701706725,18.36586,17.06604,17.25231,17.26211,17.17261,756,301,5,208,5.40455e+17,STAR,-0.000258867,480,51989,83
1.23765e+18,146.9038044,0.632169197,19.58055,17.88885,17.01648,16.55652,16.19851,756,301,5,208,2.99649e+17,GALAXY,0.06269012,266,51630,581
1.23765e+18,147.0216488,0.754459846,17.86546,15.69004,14.62792,14.13005,13.7438,756,301,5,208,2.9966e+17,GALAXY,0.06200635,266,51630,619
1.23765e+18,147.4500985,0.758081103,18.76578,17.57102,17.05291,16.69727,16.5134,756,301,5,211,3.0072e+17,GALAXY,0.07320447,267,51608,380
1.23765e+18,147.5130947,0.719019422,18.48396,16.76043,15.98171,15.6036,15.30425,756,301,5,212,3.0072e+17,GALAXY,0.03094283,267,51608,382
1.23765e+18,147.5971626,0.708127177,18.83207,18.59205,18.73667,18.18243,18.74379,756,301,5,212,3.00731e+17,GALAXY,0.09770181,267,51608,421
1.23765e+18,147.642613,0.780122093,19.2575,17.71424,16.91903,16.45438,16.15356,756,301,5,212,3.00718e+17,GALAXY,0.08081359,267,51608,374
1.23765e+18,147.6710112,0.667272793,19.23989,18.14667,17.70473,17.36212,17.27708,756,301,5,213,3.00733e+17,GALAXY,0.08665648,267,51608,429
1.23765e+18,147.7289424,0.769706787,19.49921,17.47877,16.48082,16.02574,15.6892,756,301,5,213,3.00735e+17,GALAXY,0.09342141,267,51608,436
1.23765e+18,147.8109132,0.681227617,19.11004,18.90281,18.7216,18.47826,18.44559,756,301,5,214,3.00732e+17,QSO,0.5017995,267,51608,423
1.23765e+18,147.9683879,0.764443156,19.53684,18.3191,17.6644,17.2945,17.08201,756,301,5,215,3.0074e+17,GALAXY,0.1427079,267,51608,453
1.23765e+18,148.101105,0.790721584,18.78848,17.6971,17.24739,17.06241,16.96377,756,301,5,216,5.41618e+17,STAR,0.000146592,481,51908,219
1.23765e+18,149.8576678,1.199150861,19.42995,17.39055,16.39533,15.93605,15.53438,756,301,6,227,5.64158e+17,GALAXY,0.09834226,501,52235,297
1.23765e+18,149.9511763,1.095136466,17.07409,15.73752,15.10394,14.79194,14.54627,756,301,6,228,5.64147e+17,GALAXY,0.03230694,501,52235,257
1.23765e+18,149.98209,1.110643266,17.87073,16.97596,16.65526,16.44427,16.28964,756,301,6,228,3.01907e+17,GALAXY,0.03252251,268,51633,602
1.23765e+18,149.99486,1.054992385,18.24411,16.95014,16.34742,15.98839,15.75474,756,301,6,228,3.0191e+17,GALAXY,0.04647528,268,51633,615
1.23765e+18,150.0557024,1.200885625,18.6547,18.55897,18.57645,18.36495,18.33595,756,301,6,229,5.62963e+17,QSO,1.804534,500,51994,47
1.23765e+18,150.1055254,1.148067675,16.80993,15.13045,14.5649,14.39641,14.34659,756,301,6,229,3.21121e+18,STAR,7.62e-05,2852,54468,529
1.23765e+18,150.1730385,1.14893456,16.96315,15.86509,15.49731,15.37847,15.35846,756,301,6,229,3.55111e+18,STAR,0.000296697,3154,54821,91
1.23765e+18,150.177373,1.142293108,18.92824,17.38837,16.72043,16.46886,16.33774,756,301,6,229,3.2281e+18,STAR,0.00014625,2867,54479,521
1.23765e+18,150.1919077,1.08542136,16.71075,15.82018,15.55912,15.46948,15.46105,756,301,6,229,3.21121e+18,STAR,-0.000282862,2852,54468,523
1.23765e+18,150.0547163,1.092675991,19.56484,18.09186,17.48652,17.27554,17.19135,756,301,6,229,3.22808e+18,QSO,0.4898429,2867,54479,443
1.23765e+18,150.1665487,1.06848958,19.40369,18.20193,17.6602,17.3032,17.1335,756,301,6,229,3.01908e+17,GALAXY,0.09363134,268,51633,606
1.23765e+18,150.3320639,1.083844005,19.05446,18.89726,18.7176,18.77638,18.74208,756,301,6,230,5.62952e+17,QSO,1.108809,500,51994,9
1.23765e+18,150.2216547,1.166830961,19.24837,18.34879,18.0099,17.86746,17.83098,756,301,6,230,5.33342e+18,STAR,0.000639288,4737,55630,126
1.23765e+18,150.2890213,1.09236131,18.43393,17.4587,16.9533,16.60649,16.44025,756,301,6,230,5.62951e+17,GALAXY,0.1241521,500,51994,2
1.23765e+18,150.4489346,1.14132878,18.99284,17.23192,16.22528,15.76088,15.36745,756,301,6,231,5.64144e+17,GALAXY,0.1240381,501,52235,246
1.23765e+18,150.5262951,1.104413364,17.91676,16.96593,16.7293,16.60566,16.56816,756,301,6,232,5.64133e+17,STAR,0.000639694,501,52235,208
1.23765e+18,150.5608102,1.140672819,18.16005,17.78136,18.0508,18.27698,18.54817,756,301,6,232,3.22811e+18,STAR,4.6e-06,2867,54479,579
1.23765e+18,150.5884062,1.123943291,19.49332,18.30225,17.55129,17.13587,16.8486,756,301,6,232,5.64133e+17,GALAXY,0.1588591,501,52235,206
1.23765e+18,150.6208894,1.149561543,19.55449,19.18794,19.17919,19.15136,19.08555,756,301,6,232,3.0298e+17,QSO,0.6833993,269,51910,410
1.23765e+18,150.6309658,1.150239605,19.38338,18.22868,17.85891,17.59174,17.44765,756,301,6,232,5.64134e+17,GALAXY,0.08265854,501,52235,210
1.23765e+18,150.705757,1.176369738,17.80804,16.40565,15.87302,15.66752,15.57402,756,301,6,233,3.21122e+18,STAR,0.000583676,2852,54468,562
1.23765e+18,150.7269523,1.104938099,17.12679,15.69859,15.13445,14.87864,14.75702,756,301,6,233,3.21122e+18,STAR,0.000818883,2852,54468,572
1.23765e+18,150.8078926,1.193160039,16.95503,15.77961,15.38362,15.24728,15.20409,756,301,6,234,3.55109e+18,STAR,-3.99e-05,3154,54821,10
1.23765e+18,150.8519803,1.142908257,19.27622,17.82478,17.25574,17.03518,16.95216,756,301,6,234,3.21123e+18,STAR,5.64e-05,2852,54468,605
1.23765e+18,150.9354211,1.197888662,18.03662,16.98351,16.61516,16.47126,16.44409,756,301,6,234,3.02989e+17,STAR,0.000493465,269,51910,443
1.23765e+18,150.8033912,1.148881174,18.25865,17.02861,16.46189,16.04739,15.83471,756,301,6,234,3.02981e+17,GALAXY,0.06763151,269,51910,414
1.23765e+18,150.8166856,1.1440617,17.84987,16.81754,16.46004,16.16543,16.05188,756,301,6,234,5.64111e+17,GALAXY,0.06763194,501,52235,126
1.23765e+18,150.8300028,1.049236386,19.47508,18.2188,17.51735,17.12455,16.88107,756,301,6,234,5.64111e+17,GALAXY,0.09899619,501,52235,128
1.23765e+18,150.9199191,1.209555178,19.41969,17.73583,16.94641,16.48913,16.14645,756,301,6,234,5.64113e+17,GALAXY,0.04537289,501,52235,135
1.23765e+18,151.0876028,1.200851893,19.3038,18.36229,17.98717,17.82884,17.75356,756,301,6,235,3.55109e+18,STAR,0.000947285,3154,54821,15
1.23765e+18,150.9666622,1.095243976,18.19801,16.71865,16.05086,15.69007,15.42156,756,301,6,235,5.64113e+17,GALAXY,0.04558413,501,52235,136
1.23765e+18,150.979361,1.182897731,19.13552,17.9118,17.23095,16.83471,16.63399,756,301,6,235,3.03013e+17,GALAXY,0.1277961,269,51910,531
1.23765e+18,151.1766178,1.199523502,19.56746,17.68348,16.75961,16.28287,15.9689,756,301,6,236,5.64103e+17,GALAXY,0.08233592,501,52235,99
1.23765e+18,151.2808331,1.202243385,17.36759,16.32262,15.92653,15.78974,15.7319,756,301,6,237,3.03025e+17,STAR,0.000157315,269,51910,575
1.23765e+18,151.4226239,1.091685827,18.35793,16.7706,16.00919,15.55539,15.26443,756,301,6,238,5.64101e+17,GALAXY,0.06871629,501,52235,91
1.23765e+18,151.5009535,1.130409628,19.42851,17.71706,16.92463,16.53837,16.25746,756,301,6,238,5.64103e+17,GALAXY,0.0454929,501,52235,97
1.23765e+18,151.6839544,1.129831996,17.70722,16.25798,15.66043,15.3037,15.05074,756,301,6,239,5.6528e+17,GALAXY,0.03258915,502,51957,285
1.23765e+18,151.5692185,1.239441184,19.5525,18.29545,17.64888,17.27122,17.03209,756,301,6,239,5.6409e+17,GALAXY,0.04524813,501,52235,52
1.23765e+18,151.593648,1.10704221,19.02397,17.8075,17.33188,17.01379,16.87898,756,301,6,239,5.64092e+17,GALAXY,0.08289812,501,52235,58
1.23765e+18,151.6034662,1.232867039,17.68056,15.88608,15.03724,14.61983,14.32251,756,301,6,239,5.65279e+17,GALAXY,0.0455028,502,51957,281
1.23765e+18,151.6247814,1.069886152,19.30037,17.53251,16.70961,16.31328,16.05762,756,301,6,239,5.65281e+17,GALAXY,0.04505232,502,51957,288
1.23765e+18,151.631518,1.141707311,17.38289,15.45476,14.58149,14.15858,13.88777,756,301,6,239,5.64092e+17,GALAXY,0.04545481,501,52235,59
1.23765e+18,151.6294663,1.093534542,18.01604,16.88368,16.37504,16.04907,15.84315,756,301,6,239,5.6409e+17,GALAXY,0.04709719,501,52235,53
1.23765e+18,151.7475884,1.135881552,19.05784,17.99233,17.61009,17.46888,17.4226,756,301,6,240,5.6528e+17,STAR,9.92e-05,502,51957,283
1.23765e+18,151.8581566,1.175920297,18.98699,17.53943,16.87417,16.45842,16.1823,756,301,6,241,5.64079e+17,GALAXY,0.08216471,501,52235,11
1.23765e+18,152.0558384,1.199930562,19.10822,18.88631,18.82837,18.88889,18.67179,756,301,6,242,5.64078e+17,QSO,0.8238716,501,52235,7
1.23765e+18,152.0646189,1.098854482,18.78645,17.8763,17.52486,17.40454,17.31874,756,301,6,242,5.33461e+18,STAR,0.000614075,4738,55650,362
1.23765e+18,152.4252134,1.054904298,17.23898,16.27942,15.99986,15.88729,15.88375,756,301,6,244,4.31237e+18,STAR,0.001127956,3830,55574,626
1.23765e+18,152.361632,1.232588193,19.36329,18.1704,17.45988,17.04916,16.79315,756,301,6,244,5.65272e+17,GALAXY,0.1323511,502,51957,254
1.23765e+18,213.8872463,-0.747713562,19.1594,17.24723,16.275,15.79847,15.4048,752,301,2,470,3.41173e+17,GALAXY,0.1253767,303,51615,92
1.23765e+18,213.9896229,-0.669244242,19.5099,18.07586,17.2748,16.78742,16.47528,752,301,2,470,3.42349e+17,GALAXY,0.1274005,304,51609,276
1.23765e+18,214.1206301,-0.74387536,17.08624,15.41548,14.67285,14.25464,13.94828,752,301,2,471,3.41149e+17,GALAXY,0.04874202,303,51615,6
1.23765e+18,214.5877071,-0.745184907,18.25216,16.97763,16.14039,15.70377,15.40898,752,301,2,474,3.41148e+17,GALAXY,0.09546115,303,51615,2
1.23765e+18,214.6466603,-0.682623895,19.04738,17.27611,16.22921,15.76583,15.47639,752,301,2,475,3.42338e+17,GALAXY,0.1504243,304,51609,234
1.23765e+18,215.3341469,-0.773905883,18.05222,17.573,17.58442,17.96936,17.81894,752,301,2,479,3.42294e+17,STAR,-0.000185248,304,51609,73
1.23765e+18,215.3800352,-0.739755917,16.73387,16.3983,16.69784,17.23726,17.22964,752,301,2,480,4.53981e+18,STAR,6.76e-05,4032,55333,664
1.23765e+18,215.367999,-0.645376054,18.4152,17.06829,16.28968,15.90045,15.56252,752,301,2,480,3.42282e+17,GALAXY,0.127209,304,51609,32
1.23765e+18,215.3719786,-0.797497,18.77066,17.4621,16.75475,16.31569,16.04499,752,301,2,480,3.42293e+17,GALAXY,0.08425979,304,51609,71
1.23765e+18,215.3949184,-0.651066652,19.0783,17.99835,17.39878,17.12562,16.75967,752,301,2,480,3.42283e+17,GALAXY,0.1269785,304,51609,33
1.23765e+18,215.457358,-0.777446304,18.03967,16.1277,15.22855,14.84962,14.42671,752,301,2,480,3.42291e+17,GALAXY,0.05494982,304,51609,62
1.23765e+18,215.5217242,-0.705421341,18.41071,17.1647,16.74161,16.80169,16.53306,752,301,2,481,3.43486e+17,STAR,-2.56e-05,305,51613,314
1.23765e+18,215.5201655,-0.790498892,19.45115,18.60585,18.35854,18.48253,18.20094,752,301,2,481,4.53982e+18,STAR,-0.000303353,4032,55333,706
1.23765e+18,215.524681,-0.669283114,18.15195,16.394,15.53177,15.15704,14.77832,752,301,2,481,3.4228e+17,GALAXY,0.0549181,304,51609,25
1.23765e+18,215.5596347,-0.655423254,19.47202,19.2716,19.39471,19.01953,19.35224,752,301,2,481,3.42283e+17,GALAXY,0.1058703,304,51609,34
1.23765e+18,215.6184337,-0.716661201,19.30436,18.36224,18.27722,17.95377,17.82088,752,301,2,481,3.42279e+17,STAR,0.00040368,304,51609,21
1.23765e+18,215.6319108,-0.655296723,18.5671,16.76936,15.97849,15.4581,15.0655,752,301,2,481,3.42282e+17,GALAXY,0.05506185,304,51609,29
1.23765e+18,215.7220038,-0.6528924,18.31808,16.92567,16.06912,15.93639,15.61566,752,301,2,482,3.42283e+17,STAR,4.41e-05,304,51609,35
1.23765e+18,215.7508449,-0.648273308,19.08571,18.10841,17.60716,17.2395,17.05445,752,301,2,482,3.4348e+17,STAR,0.000414178,305,51613,294
1.23765e+18,215.7223089,-0.797088721,18.80687,17.59052,16.99104,16.68833,16.40488,752,301,2,482,3.42281e+17,STAR,0.000479189,304,51609,26
1.23765e+18,215.7551953,-0.64561008,19.06073,17.3856,16.35453,16.25618,15.96754,752,301,2,482,3.42282e+17,STAR,-6.62e-05,304,51609,31
1.23765e+18,215.8506045,-0.764446407,19.52861,17.69474,16.79898,16.2515,15.88424,752,301,2,483,3.43478e+17,GALAXY,0.1368902,305,51613,287
1.23765e+18,215.9445741,-0.664098517,17.96697,16.23968,15.39551,14.88264,14.51203,752,301,2,483,3.43479e+17,GALAXY,0.05255749,305,51613,291
1.23765e+18,215.9560774,-0.645832639,19.55666,19.50379,19.18158,19.10172,19.20013,752,301,2,484,3.4348e+17,QSO,1.287488,305,51613,292
1.23765e+18,216.0078432,-0.773570994,18.91312,17.68974,17.08591,16.72127,16.4757,752,301,2,484,3.43479e+17,GALAXY,0.052235,305,51613,290
1.23765e+18,216.04582,-0.678906836,17.60647,15.89232,15.03875,14.59622,14.27452,752,301,2,484,3.43467e+17,GALAXY,0.05047373,305,51613,245
1.23765e+18,216.1418632,-0.63312231,18.8744,17.72035,16.84579,16.36815,16.08838,752,301,2,485,3.43457e+17,QSO,0.1582861,305,51613,209
1.23765e+18,216.1574689,-0.639781526,18.49873,17.64373,17.32759,17.19038,17.18332,752,301,2,485,4.5352e+18,STAR,8.08e-05,4028,55621,291
1.23765e+18,216.1599988,-0.731849845,19.39956,17.76706,16.83544,16.39579,16.07255,752,301,2,485,3.43453e+17,GALAXY,0.1029651,305,51613,196
1.23765e+18,216.2844771,-0.657876296,19.48226,18.36842,17.7566,17.33025,17.10299,752,301,2,486,3.43445e+17,GALAXY,0.07327983,305,51613,164
1.23765e+18,216.3440153,-0.737175901,19.47256,18.30432,17.65153,17.20574,16.88562,752,301,2,486,3.43431e+17,STAR,-0.00012839,305,51613,115
1.23765e+18,216.4200822,-0.660596449,19.00153,17.99588,17.60085,17.30619,17.22283,752,301,2,487,3.43438e+17,GALAXY,0.05002216,305,51613,141
1.23765e+18,216.5612997,-0.731146691,18.99936,18.89125,18.90796,18.69446,18.73692,752,301,2,488,3.43417e+17,QSO,1.809132,305,51613,62
1.23765e+18,216.7994518,-0.764098142,18.97083,18.15015,17.81519,17.70127,17.65623,752,301,2,489,1.03369e+18,STAR,0.000152504,918,52404,404
1.23765e+18,216.7204605,-0.734433432,18.8587,17.63261,16.96923,16.58288,16.35598,752,301,2,489,3.4342e+17,GALAXY,0.07288828,305,51613,73
1.23765e+18,216.7324794,-0.702242811,18.85176,17.59372,16.97579,16.58987,16.36996,752,301,2,489,3.43417e+17,GALAXY,0.0729069,305,51613,65
1.23765e+18,216.8397791,-0.795028806,18.90537,17.86161,17.4994,17.26539,17.14336,752,301,2,489,3.44604e+17,GALAXY,0.03012766,306,51637,285
1.23765e+18,216.9687742,-0.630657264,19.38707,18.26975,17.67073,17.28023,17.10728,752,301,2,490,3.44606e+17,GALAXY,0.1370553,306,51637,293
1.23765e+18,217.0438773,-0.684611465,18.27912,16.37875,15.35701,14.80037,14.34727,752,301,2,491,3.44608e+17,GALAXY,0.05517036,306,51637,299
1.23765e+18,217.0458336,-0.722146295,18.25967,16.41664,15.4757,14.97828,14.58763,752,301,2,491,3.44607e+17,GALAXY,0.07253711,306,51637,297
1.23765e+18,217.0567017,-0.665854599,19.13404,17.36423,16.46231,15.99011,15.66199,752,301,2,491,3.44607e+17,GALAXY,0.07297799,306,51637,298
1.23765e+18,217.1603434,-0.830656588,18.55044,16.67768,15.75496,15.32014,14.97621,752,301,2,492,3.43409e+17,GALAXY,0.07949858,305,51613,33
1.23765e+18,217.2166009,-0.661331012,19.39311,18.31761,17.80091,17.48605,17.40036,752,301,2,492,3.43411e+17,GALAXY,0.1424396,305,51613,41
1.23765e+18,217.3071426,-0.738043404,19.33464,19.00286,18.86361,18.91704,18.79409,752,301,2,493,3.44606e+17,QSO,0.8080961,306,51637,294
1.23765e+18,217.3958511,-0.762103619,19.2166,18.86027,18.88234,19.00352,18.9063,752,301,2,493,3.446e+17,QSO,0.809414,306,51637,273
1.23765e+18,217.3975117,-0.640959964,19.04049,17.95826,17.31968,16.92717,16.73017,752,301,2,493,3.44599e+17,GALAXY,0.08313201,306,51637,266
1.23765e+18,217.4689092,-0.694304498,19.43227,17.52265,16.5008,16.02334,15.66777,752,301,2,494,3.44599e+17,GALAXY,0.1315266,306,51637,268
1.23765e+18,217.4876645,-0.74742201,18.79135,16.81514,15.87566,15.4348,15.0958,752,301,2,494,3.43408e+17,GALAXY,0.08273616,305,51613,31
1.23765e+18,217.5690335,-0.670588797,19.48598,18.56854,18.28275,18.16727,18.15611,752,301,2,494,4.53643e+18,STAR,0.00015543,4029,55618,662
1.23765e+18,246.6201366,-0.020243893,19.44621,17.7462,16.84758,16.40508,16.04844,745,301,3,587,4.09871e+17,GALAXY,0.08438914,364,52000,157
1.23765e+18,247.5818462,-0.043873469,18.42507,16.71873,16.02575,15.96535,15.67761,745,301,3,593,4.09836e+17,STAR,-0.000165496,364,52000,32
1.23765e+18,247.8401478,-0.103385093,17.84543,16.53516,16.44094,16.44811,16.44713,745,301,3,595,4.09836e+17,STAR,-6.6e-05,364,52000,29
1.23765e+18,247.86385,-0.031442082,19.52789,17.57775,16.63182,16.19422,15.83456,745,301,3,595,3.91878e+17,GALAXY,0.05830718,348,51671,237
1.23765e+18,247.8424375,-0.094206027,19.50715,18.0246,17.40697,17.1844,17.0395,745,301,3,595,3.91876e+17,STAR,-0.000473392,348,51671,228
1.23765e+18,247.8497358,-0.036038301,18.58974,16.99068,16.2275,15.77609,15.43725,745,301,3,595,4.09836e+17,GALAXY,0.05920999,364,52000,31
1.23765e+18,248.0338286,-0.078645304,18.41596,17.23816,16.75388,16.45004,16.2776,745,301,3,596,3.91901e+17,GALAXY,0.05833568,348,51671,319
1.23765e+18,248.064172,-0.049932138,17.15324,15.80188,15.18173,14.80921,14.53041,745,301,3,597,3.9189e+17,GALAXY,0.04401696,348,51671,279
1.23765e+18,248.1253663,-0.086999765,18.7,16.82385,15.92553,15.50614,15.18773,745,301,3,597,3.91888e+17,GALAXY,0.05802495,348,51671,273
1.23765e+18,248.2136213,-0.04371714,17.28729,16.04997,15.96018,15.99582,16.04962,745,301,3,598,3.91887e+17,STAR,0.000256576,348,51671,268
1.23765e+18,248.578737,-0.096704504,19.38855,17.40104,16.48235,16.07033,15.70809,745,301,3,600,3.91867e+17,GALAXY,0.04392764,348,51696,196
1.23765e+18,248.8750884,-0.018757046,19.28966,18.25311,17.57343,17.18205,16.90248,745,301,3,602,3.91859e+17,GALAXY,0.1636657,348,51671,168
1.23765e+18,249.3106549,-0.064688116,19.44665,18.37631,17.86821,17.46901,17.20613,745,301,3,605,3.91846e+17,GALAXY,0.08857036,348,51671,120
1.23765e+18,249.9492058,-0.092020552,18.93357,16.99811,16.28914,16.05847,15.93387,745,301,3,609,3.91824e+17,STAR,-8.19e-05,348,51671,40
1.23765e+18,183.2337892,0.208206812,19.50037,18.48351,18.22823,18.1204,18.08995,745,301,4,163,3.64933e+17,STAR,-0.000312555,324,51666,513
1.23765e+18,183.4429443,0.208602611,18.23962,17.11235,16.66226,16.49823,16.42446,745,301,4,165,3.63807e+17,STAR,0.000192762,323,51615,513
1.23765e+18,183.4769339,0.204540066,19.49442,18.51838,18.12218,17.94275,17.87964,745,301,4,165,3.72236e+18,STAR,0.000620703,3306,54922,481
1.23765e+18,183.7645751,0.205346288,18.61143,17.29429,16.78116,16.58647,16.51054,745,301,4,167,3.63815e+17,STAR,-0.000120289,323,51615,544
1.23765e+18,194.9536081,0.229178281,19.16841,17.48896,16.59825,16.13669,15.81549,745,301,4,242,3.30029e+17,GALAXY,0.1269674,293,51689,511
1.23765e+18,195.4020444,0.337485696,19.095,17.9404,17.52209,17.35552,17.30889,745,301,4,245,3.3004e+17,STAR,0.000128715,293,51689,552
1.23765e+18,195.3778469,0.265136426,18.96146,17.43685,16.61513,16.19177,15.86035,745,301,4,245,3.30042e+17,GALAXY,0.1256537,293,51689,558
1.23765e+18,195.4555149,0.40867752,19.5148,18.09737,17.24295,16.76161,16.44787,745,301,4,245,3.31109e+17,GALAXY,0.0809674,294,51986,343
1.23765e+18,195.613045,0.394755927,17.09773,16.20094,15.91587,15.80051,15.77086,745,301,4,246,4.5623e+18,STAR,-6.2e-05,4052,55600,576
1.23765e+18,195.6298812,0.399190419,18.97022,18.0763,17.8006,17.6889,17.66987,745,301,4,246,3.31109e+17,STAR,8.18e-05,294,51986,342
1.23765e+18,195.6443608,0.348564639,17.02505,15.07137,14.19486,13.78339,13.48647,745,301,4,246,3.30064e+17,GALAXY,0.0677539,293,51689,639
1.23765e+18,195.6352291,0.345150106,18.284,16.33137,15.45633,15.04551,14.73886,745,301,4,246,4.56121e+18,GALAXY,0.06791998,4051,55337,678
1.23765e+18,195.5729715,0.288848249,19.31261,17.88058,17.26752,16.90013,16.60612,745,301,4,246,3.31112e+17,GALAXY,0.06856868,294,51986,356
1.23765e+18,195.5936316,0.245496883,18.7747,17.5781,17.0159,16.62524,16.40615,745,301,4,246,3.31112e+17,GALAXY,0.06841835,294,51986,354
1.23765e+18,195.640659,0.370431855,18.81176,17.70109,17.21091,16.85382,16.69174,745,301,4,246,3.3005e+17,GALAXY,0.08083197,293,51689,586
1.23765e+18,195.6415139,0.292022351,19.31974,18.14426,17.5869,17.20954,17.02515,745,301,4,246,3.30053e+17,GALAXY,0.1366228,293,51689,597
1.23765e+18,195.6978865,0.288958688,17.32767,16.45438,16.16633,16.04772,16.0199,745,301,4,247,4.56231e+18,STAR,0.000136966,4052,55589,610
1.23765e+18,195.7146127,0.332823156,19.49343,19.0698,18.38652,18.1938,17.66139,745,301,4,247,3.30062e+17,QSO,0.3304223,293,51689,632
1.23765e+18,195.7171276,0.40692776,19.07196,18.45543,18.35793,18.3579,18.2889,745,301,4,247,3.3006e+17,GALAXY,0.02091426,293,51689,625
1.23765e+18,195.8867852,0.323405428,19.21652,18.21712,18.10463,18.09112,18.10493,745,301,4,248,3.30063e+17,STAR,0.000698264,293,51689,635
1.23765e+18,195.8759037,0.390668919,19.50927,18.12367,17.45484,17.01846,16.75716,745,301,4,248,3.3006e+17,GALAXY,0.07959896,293,51689,624
1.23765e+18,196.0183236,0.271395033,19.54064,18.37588,18.40803,18.46017,18.51913,745,301,4,249,3.31121e+17,STAR,-0.000136213,294,51986,386
1.23765e+18,196.116661,0.251363174,19.58406,17.62415,16.62596,16.1671,15.74457,745,301,4,249,3.31121e+17,GALAXY,0.08232366,294,51986,387
1.23765e+18,196.190704,0.2332142,19.09258,18.01324,17.54988,17.19303,17.02545,745,301,4,250,3.31124e+17,GALAXY,0.09191523,294,51986,397
1.23765e+18,196.2779619,0.3190456,19.08596,19.07237,19.08728,18.89943,18.84052,745,301,4,251,4.56126e+18,QSO,1.914007,4051,55337,872
1.23765e+18,196.3400684,0.288978951,19.18453,18.11502,17.76603,17.48013,17.41267,745,301,4,251,3.31134e+17,GALAXY,0.0835517,294,51986,435
1.23765e+18,196.4955936,0.218685158,19.12541,17.86209,17.32662,16.98217,16.81734,745,301,4,252,3.31136e+17,GALAXY,0.08979361,294,51986,440
1.23765e+18,196.5167091,0.347064043,19.53066,17.6087,16.74273,16.33952,16.04812,745,301,4,252,3.31132e+17,GALAXY,0.0895499,294,51986,428
1.23765e+18,196.6615314,0.308653601,19.2253,18.33735,18.1373,18.01203,18.00079,745,301,4,253,8.39485e+18,STAR,-2.24e-05,7456,56727,513
1.23765e+18,196.6826065,0.25893928,17.50199,16.51457,16.38553,16.3608,16.3917,745,301,4,253,3.26633e+18,STAR,0.000262106,2901,54652,357
1.23765e+18,196.713403,0.298453193,17.59857,16.60174,16.56716,16.57754,16.63713,745,301,4,253,8.39486e+18,STAR,6.29e-05,7456,56727,532
1.23765e+18,196.6080014,0.317254934,19.34187,17.26272,16.29639,15.86164,15.56006,745,301,4,253,4.56127e+18,GALAXY,0.09070113,4051,55337,910
1.23765e+18,196.6221793,0.316985389,18.70885,16.77277,15.8551,15.41105,15.08377,745,301,4,253,4.56236e+18,GALAXY,0.0913142,4052,55600,772
1.23765e+18,196.7643215,0.230252867,16.5718,15.64367,15.33654,15.22739,15.20843,745,301,4,254,3.26633e+18,STAR,-6.21e-05,2901,54652,342
1.23765e+18,196.9004616,0.240209873,19.06599,17.92032,17.41504,17.18325,17.06621,745,301,4,255,8.39486e+18,STAR,0.000210615,7456,56727,531
1.23765e+18,225.4706693,0.453889628,18.48222,17.49325,17.08255,16.89532,16.82697,752,301,5,547,3.73139e+18,STAR,0.000241502,3314,54970,569
1.23765e+18,225.4760957,0.626574672,17.13654,16.03048,15.62024,15.47803,15.39691,752,301,5,547,3.73141e+18,STAR,3.04e-05,3314,54970,631
1.23765e+18,225.5208151,0.524943118,19.40716,17.78006,16.91992,16.72598,16.48121,752,301,5,547,3.7314e+18,STAR,-0.000251273,3314,54970,606
1.23765e+18,225.6903692,0.485676085,17.33077,16.34117,15.90429,15.72185,15.63862,752,301,5,549,3.7314e+18,STAR,-0.000263366,3314,54970,610
1.23765e+18,225.8014254,0.468648029,18.43803,17.08073,16.50616,16.17469,15.96114,752,301,5,549,3.49158e+17,GALAXY,0.04064452,310,51990,471
1.23765e+18,225.8862418,0.466173901,19.5495,18.2529,18.31471,18.40305,18.45414,752,301,5,550,6.06885e+17,STAR,-0.000446146,539,52017,89
1.23765e+18,225.9500212,0.524343303,19.48856,18.49235,17.13396,17.68793,17.43866,752,301,5,550,3.50254e+17,STAR,3.68e-05,311,51665,359
1.23765e+18,225.9595417,0.565469212,19.26589,18.15041,17.8896,17.74546,17.71285,752,301,5,550,3.49163e+17,GALAXY,0.02251297,310,51990,489
1.23765e+18,225.9818979,0.432124811,16.87993,16.60884,16.604,16.73685,16.66611,752,301,5,551,3.50252e+17,GALAXY,0.005289246,311,51665,352
1.23765e+18,225.9842817,0.429599978,17.37293,16.67231,16.44412,16.50912,16.48517,752,301,5,551,3.49163e+17,GALAXY,0.005270182,310,51990,487
1.23765e+18,226.0239445,0.484505357,17.89899,16.67984,16.2214,16.03861,15.96606,752,301,5,551,3.49166e+17,STAR,-0.00012438,310,51990,500
1.23765e+18,226.0955025,0.458823588,18.90936,17.97646,17.71487,17.5854,17.57275,752,301,5,551,6.06884e+17,STAR,-0.000226742,539,52017,86
1.23765e+18,226.1008414,0.461937042,18.99492,17.79404,17.16438,16.80595,16.59802,752,301,5,551,3.49162e+17,GALAXY,0.0969395,310,51990,485
1.23765e+18,226.132,0.542542736,19.34161,18.36409,18.35733,17.93534,17.87378,752,301,5,552,3.49163e+17,STAR,0.000268531,310,51990,486
1.23765e+18,226.1675713,0.604517705,17.60564,15.6884,14.79852,14.34542,14.01396,752,301,5,552,3.49164e+17,GALAXY,0.04017343,310,51990,490
1.23765e+18,226.1384559,0.616784939,19.15754,17.41416,16.56482,16.18512,15.89214,752,301,5,552,6.06884e+17,GALAXY,0.04040727,539,52017,87
1.23765e+18,226.3196589,0.571886771,18.6517,17.42096,16.94758,16.77098,16.68664,752,301,5,553,3.49171e+17,STAR,0.00028151,310,51990,515
1.23765e+18,226.511352,0.604137268,19.079,17.9182,17.45819,17.26698,17.19474,752,301,5,554,3.50249e+17,STAR,1.23e-05,311,51665,341
1.23765e+18,226.621828,0.595329065,18.96363,18.67637,18.47234,18.41949,17.96547,752,301,5,555,3.49178e+17,QSO,0.3698131,310,51990,542
1.23765e+18,226.6998469,0.507773329,17.70096,15.78726,14.89818,14.48576,14.14392,752,301,5,555,3.4918e+17,GALAXY,0.03511012,310,51990,549
1.23765e+18,226.7005224,0.454564824,19.38032,19.1054,18.53906,17.78223,17.28659,752,301,5,555,3.5025e+17,STAR,-5.96e-05,311,51665,345
1.23765e+18,226.6639954,0.537806916,19.33928,17.86101,17.04922,16.61506,16.28878,752,301,5,555,3.4918e+17,GALAXY,0.09219278,310,51990,548
1.23765e+18,226.8317316,0.595372831,18.82345,17.2439,16.36413,15.88445,15.51134,752,301,5,556,3.49191e+17,GALAXY,0.07223801,310,51990,590
1.23765e+18,226.8483815,0.54636845,19.26516,17.99321,17.47414,17.14265,16.93251,752,301,5,556,3.4919e+17,GALAXY,0.06389839,310,51990,585
1.23765e+18,226.943124,0.495101943,18.89091,17.70877,17.08739,16.63596,16.4144,752,301,5,557,3.49194e+17,GALAXY,0.078319,310,51990,600
1.23765e+18,227.1694127,0.503009615,19.18798,18.13364,17.75528,17.61068,17.55723,752,301,5,558,3.49201e+17,STAR,-6.89e-05,310,51990,626
1.23765e+18,227.0576796,0.51457871,19.11118,17.97169,17.52744,17.27083,17.17729,752,301,5,558,3.49201e+17,GALAXY,0.0352582,310,51990,625
1.23765e+18,227.1815312,0.571998396,19.42328,17.38028,16.37687,15.93596,15.58416,752,301,5,559,3.492e+17,GALAXY,0.09004497,310,51990,621
1.23765e+18,227.3727629,0.448007561,19.20103,17.75733,16.96925,16.56822,16.26453,752,301,5,560,3.50261e+17,GALAXY,0.09493727,311,51665,385
1.23765e+18,227.3786477,0.513283419,18.73026,17.37945,16.62684,16.22299,15.92939,752,301,5,560,3.50262e+17,GALAXY,0.09548915,311,51665,390
1.23765e+18,227.3794229,0.556870842,19.24236,18.18596,17.61742,17.20611,17.01726,752,301,5,560,3.50261e+17,GALAXY,0.05858022,311,51665,387
1.23765e+18,227.397133,0.505444296,19.5403,17.54965,16.58414,16.16101,15.81551,752,301,5,560,3.50264e+17,GALAXY,0.09463031,311,51665,397
1.23765e+18,227.4838199,0.516285131,19.06376,17.60402,16.85892,16.4708,16.21223,752,301,5,561,3.50271e+17,GALAXY,0.0879248,311,51665,423
1.23765e+18,227.6718929,0.444198218,18.17485,16.16745,15.19847,14.7566,14.40484,752,301,5,562,3.50282e+17,GALAXY,0.07252388,311,51665,462
1.23765e+18,227.6745266,0.461569075,18.33101,16.86031,16.08617,15.68345,15.38158,752,301,5,562,3.50286e+17,GALAXY,0.07254209,311,51665,476
1.23765e+18,227.963761,0.455911145,19.05,17.5862,16.81732,16.80353,16.68037,752,301,5,564,3.5029e+17,STAR,-0.000394693,311,51665,491
1.23765e+18,228.0093342,0.477261568,19.44932,18.11353,17.47403,17.06372,16.78604,752,301,5,564,3.50295e+17,GALAXY,0.04933764,311,51665,508
1.23765e+18,228.1589932,0.520173889,19.35118,17.48843,16.39488,15.94884,15.59169,752,301,5,565,3.50293e+17,GALAXY,0.1380527,311,51665,501
1.23765e+18,228.1719997,0.561093213,19.43566,17.51004,16.51138,16.06897,15.69386,752,301,5,565,3.50306e+17,GALAXY,0.09167954,311,51665,550
1.23765e+18,228.1817468,0.50717519,18.68642,17.16112,16.17371,15.71859,15.34876,752,301,5,565,3.50308e+17,GALAXY,0.1373313,311,51665,556
1.23765e+18,228.2408551,0.550083978,18.61315,17.45258,16.97596,16.78189,16.71016,752,301,5,566,3.51375e+17,STAR,-0.000239642,312,51689,341
1.23765e+18,228.2473253,0.431336464,19.16253,17.2394,16.24816,15.82092,15.46671,752,301,5,566,3.50304e+17,GALAXY,0.09259003,311,51665,543
1.23765e+18,228.4168812,0.501926245,19.30239,17.90054,17.11262,16.66364,16.33702,752,301,5,567,3.50316e+17,GALAXY,0.1213931,311,51665,586
1.23765e+18,228.5477739,0.539264106,18.36191,17.01026,16.28012,15.86637,15.55808,752,301,5,568,3.50326e+17,GALAXY,0.0,311,51665,622
1.23765e+18,228.6928392,0.490254797,19.0045,18.01168,17.53749,17.18568,17.02963,752,301,5,569,3.50327e+17,GALAXY,0.09100856,311,51665,625
1.23765e+18,228.8608145,0.535865657,19.19761,18.24229,17.93452,17.83335,17.78194,752,301,5,570,3.32372e+18,STAR,-0.000240267,2952,54559,241
1.23765e+18,228.970343,0.47420486,19.29148,17.93668,17.16398,16.72054,16.40235,752,301,5,570,3.51386e+17,GALAXY,0.1028107,312,51689,384
1.23765e+18,229.0423658,0.461387192,18.76488,16.75557,15.72566,15.272,14.89623,752,301,5,571,4.51959e+18,GALAXY,0.1041638,4014,55630,846
1.23765e+18,229.1766459,0.524622801,18.57402,17.02862,17.23617,16.02324,15.75955,752,301,5,572,3.51413e+17,STAR,7.07e-05,312,51689,481
1.23765e+18,150.2811756,0.408494885,18.37057,17.37423,17.0055,16.85887,16.80087,756,301,4,230,3.21121e+18,STAR,-0.000169658,2852,54468,508
1.23765e+18,150.2994953,0.329344572,16.40321,15.30992,14.76459,14.44112,14.18412,756,301,4,230,3.01905e+17,GALAXY,0.03448851,268,51633,596
1.23765e+18,150.3402334,0.248781731,17.50174,16.63681,16.38136,16.26399,16.24027,756,301,4,230,3.21121e+18,STAR,0.000687958,2852,54468,518
1.23765e+18,150.1952235,0.244655306,18.99793,17.98879,17.67329,17.42834,17.35325,756,301,4,230,3.01901e+17,GALAXY,0.06573609,268,51633,583
1.23765e+18,150.2407621,0.3759385,18.41656,16.56373,15.71462,15.29309,14.9937,756,301,4,230,3.01901e+17,GALAXY,0.0450113,268,51633,582
1.23765e+18,150.247921,0.306692913,18.82732,17.75511,17.38534,17.10863,16.95858,756,301,4,230,3.01904e+17,GALAXY,0.04573169,268,51633,593
1.23765e+18,150.2571696,0.214620296,18.24725,17.01657,16.38094,15.97644,15.68783,756,301,4,230,3.01905e+17,GALAXY,0.09174398,268,51633,595
1.23765e+18,150.2983714,0.225689877,16.31679,14.43822,13.60812,13.18927,12.87464,756,301,4,230,3.01904e+17,GALAXY,0.03264382,268,51633,591
1.23765e+18,150.2983711,0.252925015,19.39182,17.86246,17.0881,16.66994,16.33479,756,301,4,230,3.01904e+17,GALAXY,0.1046337,268,51633,594
1.23765e+18,150.3879915,0.33270749,18.98477,17.67358,17.1524,16.93675,16.83978,756,301,4,231,3.21121e+18,STAR,0.000132143,2852,54468,509
1.23765e+18,150.4565705,0.326212306,17.74981,16.3706,15.79374,15.55993,15.43938,756,301,4,231,3.2112e+18,STAR,0.000726375,2852,54468,503
1.23765e+18,150.3737376,0.257196537,18.02533,16.21547,15.3897,14.99442,14.66485,756,301,4,231,3.01915e+17,GALAXY,0.03367543,268,51633,631
1.23765e+18,150.4853635,0.301327016,19.47393,18.52681,18.06553,17.89397,17.80569,756,301,4,231,3.22809e+18,STAR,0.000241763,2867,54479,505
1.23765e+18,150.4937838,0.228720669,16.67769,15.71488,15.42377,15.31572,15.28782,756,301,4,232,3.21121e+18,STAR,0.000739175,2852,54468,504
1.23765e+18,150.4996433,0.362694069,18.98954,17.9579,17.60297,17.46679,17.42479,756,301,4,232,3.02963e+17,STAR,0.000432986,269,51910,349
1.23765e+18,150.5146889,0.337947794,17.92968,16.7246,16.17758,15.95619,15.85291,756,301,4,232,3.21121e+18,STAR,0.000258686,2852,54468,513
1.23765e+18,150.6200663,0.33323641,17.80942,16.91912,16.53034,16.2816,16.08997,756,301,4,232,3.02961e+17,GALAXY,0.03270039,269,51910,343
1.23765e+18,150.6284488,0.307300253,16.89136,15.26652,14.54051,14.14228,14.03142,756,301,4,232,3.02966e+17,GALAXY,0.03367684,269,51910,358
1.23765e+18,150.5026042,0.330810163,18.51634,17.22942,16.62367,16.30447,16.00748,756,301,4,232,3.01914e+17,GALAXY,0.0324094,268,51633,629
1.23765e+18,150.5285319,0.257711571,18.86359,17.63915,17.2496,16.99328,16.77546,756,301,4,232,3.01915e+17,GALAXY,0.04574162,268,51633,634
1.23765e+18,150.597458,0.254338737,18.57545,17.69762,17.42867,17.19116,17.09629,756,301,4,232,3.02965e+17,GALAXY,0.04373935,269,51910,356
1.23765e+18,150.6322888,0.261138201,18.69638,17.5135,17.03326,16.73913,16.56244,756,301,4,232,3.02964e+17,GALAXY,0.04374476,269,51910,354
1.23765e+18,150.6585509,0.301703275,18.36133,16.78701,16.233,16.03458,15.96702,756,301,4,233,3.21122e+18,STAR,7.71e-05,2852,54468,543
1.23765e+18,150.6694898,0.339500725,18.52627,17.55884,17.26837,17.15855,17.14781,756,301,4,233,3.21122e+18,STAR,0.000717076,2852,54468,557
1.23765e+18,150.6952378,0.35110554,18.23089,18.00649,17.94285,17.84927,17.67285,756,301,4,233,3.02973e+17,QSO,2.167938,269,51910,386
1.23765e+18,150.7779198,0.320391313,18.22859,16.2122,15.3414,14.91876,14.58739,756,301,4,233,3.02973e+17,GALAXY,0.04526117,269,51910,387
1.23765e+18,150.816227,0.226406887,17.26762,16.29805,15.98677,15.8453,15.79901,756,301,4,234,3.21122e+18,STAR,0.000580009,2852,54468,552
1.23765e+18,150.8278021,0.293503514,17.9831,16.54539,15.99986,15.83649,15.77477,756,301,4,234,3.21122e+18,STAR,0.000140346,2852,54468,546
1.23765e+18,150.8320822,0.414968017,18.00937,16.82348,16.32371,16.12589,16.0139,756,301,4,234,3.21122e+18,STAR,0.000984717,2852,54468,542
1.23765e+18,150.9342178,0.338645356,19.14637,17.78057,17.22375,17.00658,16.88385,756,301,4,234,3.22812e+18,STAR,-5.92e-05,2867,54479,590
1.23765e+18,150.9033792,0.374155734,19.33632,17.8272,17.1501,16.77264,16.48867,756,301,4,234,3.02976e+17,GALAXY,0.04390857,269,51910,397
1.23765e+18,150.9149558,0.390935849,17.85039,16.6628,16.14396,15.81526,15.60259,756,301,4,234,3.02984e+17,GALAXY,0.04454955,269,51910,427
1.23765e+18,150.9640703,0.339034585,18.73226,17.57862,17.17062,17.02535,16.97343,756,301,4,235,3.02983e+17,STAR,-0.000121439,269,51910,422
1.23765e+18,151.0119298,0.343697172,19.00329,17.36013,16.67788,16.41988,16.27547,756,301,4,235,3.22812e+18,STAR,-8.14e-05,2867,54479,586
1.23765e+18,151.0139305,0.22036509,17.55287,16.21224,15.66699,15.45332,15.32904,756,301,4,235,3.21123e+18,STAR,0.000146674,2852,54468,595
1.23765e+18,151.0254429,0.2785686,17.61469,16.27022,15.74732,15.5555,15.45674,756,301,4,235,3.21123e+18,STAR,0.000437926,2852,54468,597
1.23765e+18,151.0536743,0.21599593,19.35823,18.87784,18.73177,18.62051,18.30847,756,301,4,235,4.31128e+18,QSO,2.239872,3829,55300,770
1.23765e+18,151.0887382,0.29935426,18.42869,16.93047,16.39943,16.21922,16.1305,756,301,4,235,3.21123e+18,STAR,0.000388954,2852,54468,583
1.23765e+18,150.9568542,0.382816797,19.35593,18.02826,17.45019,17.09075,16.89256,756,301,4,235,3.02985e+17,GALAXY,0.09258463,269,51910,428
1.23765e+18,151.0454941,0.245376703,19.19406,17.34206,16.40317,15.97786,15.63373,756,301,4,235,3.02986e+17,GALAXY,0.0882312,269,51910,433
1.23765e+18,151.0585626,0.26285152,19.27164,17.72126,16.88318,16.38929,16.03131,756,301,4,235,3.02987e+17,GALAXY,0.06718142,269,51910,436
1.23765e+18,151.0841653,0.373700489,19.48281,18.03696,17.50586,17.3302,17.21866,756,301,4,235,3.21123e+18,STAR,-9.62e-06,2852,54468,584
1.23765e+18,151.1099826,0.303113775,18.22338,16.75243,16.20446,16.00608,15.90053,756,301,4,236,3.21123e+18,STAR,0.000129666,2852,54468,585
1.23765e+18,151.158533,0.224973466,17.47177,15.88283,15.29356,15.11496,15.02192,756,301,4,236,3.21123e+18,STAR,5.32e-05,2852,54468,598
1.23765e+18,151.178226,0.250362598,18.89107,17.50554,16.95001,16.74096,16.63092,756,301,4,236,3.21123e+18,STAR,0.00011882,2852,54468,591
1.23765e+18,151.1986052,0.35608528,18.70667,17.35542,16.81054,16.61528,16.53913,756,301,4,236,3.21124e+18,STAR,8.78e-05,2852,54468,633
1.23765e+18,151.1638659,0.281521622,18.07747,16.51774,15.78822,15.41271,15.10864,756,301,4,236,3.02998e+17,GALAXY,0.02169315,269,51910,476
1.23765e+18,151.1689453,0.328516269,19.1226,17.63948,16.92612,16.52086,16.19322,756,301,4,236,3.02994e+17,GALAXY,0.09318665,269,51910,461
1.23765e+18,151.1701302,0.36989921,17.74793,15.88608,15.05266,14.65751,14.32657,756,301,4,236,3.02987e+17,GALAXY,0.04458822,269,51910,437
1.23765e+18,54.55767697,-5.35457198,18.98039,17.15379,16.21865,15.81387,15.49467,1045,301,6,138,5.20267e+17,GALAXY,0.1311851,462,51909,367
1.23765e+18,54.66319067,-5.347344463,16.11465,14.66308,13.9526,13.55285,13.25853,1045,301,6,138,5.20279e+17,GALAXY,0.01378677,462,51909,413
1.23765e+18,54.66102412,-5.2862526,19.59462,17.98973,17.38827,17.17789,17.05689,1045,301,6,138,2.30819e+18,STAR,0.00013905,2050,53401,361
1.23765e+18,54.70632092,-5.382632499,16.48443,15.40966,15.11532,15.02317,15.00822,1045,301,6,139,2.30819e+18,STAR,0.000348747,2050,53401,364
1.23765e+18,54.69611694,-5.3496208,18.82088,16.88609,15.91203,15.47156,15.09009,1045,301,6,139,5.20281e+17,GALAXY,0.1011705,462,51909,419
1.23765e+18,54.68615937,-5.339834945,19.57977,18.18364,17.61518,17.39694,17.26024,1045,301,6,139,2.3082e+18,STAR,0.000774509,2050,53401,366
1.23765e+18,54.96628064,-5.208083978,18.2193,16.77921,16.29695,16.145,16.08203,1045,301,6,140,2.30821e+18,STAR,-0.000238802,2050,53401,402
1.23765e+18,54.85845566,-5.290994825,19.55845,18.03698,17.45229,17.23507,17.13822,1045,301,6,140,2.3082e+18,STAR,-0.000111451,2050,53401,365
1.23765e+18,54.91220667,-5.378793694,19.38992,17.6098,16.74781,16.37781,16.0239,1045,301,6,140,5.2029e+17,GALAXY,0.1162712,462,51909,453
1.23765e+18,54.93614814,-5.228941622,19.29338,18.06218,17.4456,17.06176,16.79659,1045,301,6,140,5.20291e+17,GALAXY,0.09776787,462,51909,454
1.23765e+18,55.00210879,-5.296420659,18.0981,17.90969,17.68758,17.64903,17.21803,1045,301,6,141,5.20291e+17,QSO,0.3450821,462,51909,457
1.23765e+18,55.01500009,-5.348715588,18.25816,16.46836,15.87941,15.5571,15.33484,1045,301,6,141,2.30821e+18,STAR,-0.000202416,2050,53401,405
1.23765e+18,55.06669106,-5.234024034,17.54718,16.33702,16.19579,16.19462,16.21391,1045,301,6,141,2.30821e+18,STAR,0.000530561,2050,53401,409
1.23765e+18,55.10242955,-5.319284183,18.4524,17.90763,17.95855,17.86951,17.67394,1045,301,6,141,5.20288e+17,QSO,2.339685,462,51909,445
1.23765e+18,55.14342678,-5.286335348,16.0212,15.04538,14.71856,14.58709,14.57695,1045,301,6,142,2.30821e+18,STAR,-0.000100341,2050,53401,401
1.23765e+18,55.20724856,-5.371988496,18.80836,17.48252,16.93397,16.60427,16.35431,1045,301,6,142,5.20288e+17,GALAXY,0.05267144,462,51909,443
1.23765e+18,55.36438872,-5.289588711,18.80684,17.25921,16.64474,16.4515,16.35764,1045,301,6,143,2.30822e+18,STAR,2.48e-05,2050,53401,456
1.23765e+18,55.42286301,-5.224169225,16.14125,14.71289,14.17676,14.01663,13.98282,1045,301,6,143,2.30822e+18,STAR,0.000155481,2050,53401,459
1.23765e+18,55.32331176,-5.276774432,18.83808,17.4372,16.67808,16.26645,15.97363,1045,301,6,143,5.20312e+17,GALAXY,0.1113188,462,51909,532
1.23765e+18,55.43980126,-5.277981374,18.70758,16.70299,15.97122,15.7504,15.64861,1045,301,6,144,2.30822e+18,STAR,6.59e-05,2050,53401,457
1.23765e+18,55.43078558,-5.16076216,18.14164,16.54978,15.96036,15.76024,15.67016,1045,301,6,144,2.30822e+18,STAR,7.31e-05,2050,53401,449
1.23765e+18,55.43936805,-5.215796956,19.54775,17.60276,16.60764,16.1824,15.82193,1045,301,6,144,5.2031e+17,GALAXY,0.1114757,462,51909,526
1.23765e+18,55.49169892,-5.312073802,19.32267,17.81147,17.22762,17.01637,16.91282,1045,301,6,144,2.30822e+18,STAR,-0.000216621,2050,53401,448
1.23765e+18,55.49813715,-5.180544925,19.59573,17.75395,16.92545,16.43412,16.00011,1045,301,6,144,5.20311e+17,GALAXY,0.06631631,462,51909,528
1.23765e+18,55.66299472,-5.2086387,17.99757,16.34871,15.71437,15.50229,15.41972,1045,301,6,145,2.30824e+18,STAR,5.11e-05,2050,53401,528
1.23765e+18,55.69912836,-5.263474546,19.24438,18.33575,18.05283,17.93375,17.94525,1045,301,6,145,5.20321e+17,STAR,0.000235302,462,51909,565
1.23765e+18,55.74258085,-5.228621388,18.26831,17.84122,17.92896,18.0808,18.26699,1045,301,6,146,2.33076e+18,STAR,-8.18e-05,2070,53729,530
1.23765e+18,55.75899511,-5.264193602,18.04071,16.55182,15.98753,15.79392,15.6972,1045,301,6,146,2.30824e+18,STAR,-0.000146538,2050,53401,521
1.23765e+18,55.77703284,-5.211066167,17.21011,15.73418,15.15197,14.93736,14.87017,1045,301,6,146,2.30824e+18,STAR,8.86e-06,2050,53401,524
1.23765e+18,55.77096934,-5.165351186,16.78563,15.35958,14.81031,14.61308,14.54405,1045,301,6,146,2.30824e+18,STAR,6.28e-05,2050,53401,533
1.23765e+18,55.80321891,-5.150813971,18.97846,17.89978,17.41686,17.21656,17.17675,1045,301,6,146,2.30824e+18,STAR,-6.8e-05,2050,53401,523
1.23765e+18,55.85321728,-5.220973824,17.19277,15.44184,14.74499,14.49396,14.3881,1045,301,6,146,2.30824e+18,STAR,0.000142268,2050,53401,529
1.23765e+18,55.83154003,-5.237514275,19.34139,19.11455,19.06859,18.94254,18.92473,1045,301,6,146,5.2032e+17,QSO,1.50072,462,51909,562
1.23765e+18,55.98384455,-5.132973044,16.46893,16.83317,17.3166,17.67336,17.95706,1045,301,6,147,2.30825e+18,STAR,-2.79e-05,2050,53401,565
1.23765e+18,55.98637326,-5.075149178,17.84835,16.24686,15.62136,15.39193,15.2876,1045,301,6,147,2.30825e+18,STAR,0.000110214,2050,53401,568
1.23765e+18,56.01669315,-5.090989762,18.68053,16.95213,16.3276,16.12374,16.05848,1045,301,6,148,2.30825e+18,STAR,0.00012093,2050,53401,566
1.23765e+18,56.14697347,-5.175629749,18.55868,17.23854,16.70911,16.49056,16.3961,1045,301,6,148,2.30825e+18,STAR,-0.000303184,2050,53401,561
1.23765e+18,56.03674592,-5.136690382,19.33969,18.44056,18.15224,18.01887,18.07632,1045,301,6,148,2.33078e+18,STAR,-0.000257077,2070,53729,612
1.23765e+18,56.48523104,-5.142145079,19.18197,18.20671,17.83309,17.63694,17.47277,1045,301,6,151,5.2138e+17,GALAXY,0.01298686,463,51908,323
1.23765e+18,56.69184847,-5.057962857,19.22629,19.06657,18.99713,18.7096,18.6171,1045,301,6,152,5.21384e+17,QSO,1.779616,463,51908,336
1.23765e+18,56.81634846,-4.954985042,17.67276,16.689,16.24314,16.00089,15.77436,1045,301,6,153,5.21393e+17,GALAXY,0.01326671,463,51908,368
1.23765e+18,56.90172412,-4.956397647,19.32746,19.06211,18.67623,18.37539,18.21744,1045,301,6,153,5.21393e+17,QSO,0.2200079,463,51908,367
1.23765e+18,56.943526,-5.043813822,19.20138,17.71001,16.83643,16.36566,16.03073,1045,301,6,154,5.21393e+17,GALAXY,0.1350602,463,51908,370
1.23765e+18,57.180893,-5.057378754,19.22471,18.24258,17.88576,17.76614,17.67167,1045,301,6,155,1.83984e+18,STAR,0.000323539,1634,53299,425
1.23765e+18,57.2911275,-5.041450422,18.33528,17.16502,16.77295,16.54071,16.38678,1045,301,6,156,5.21406e+17,GALAXY,0.03148175,463,51908,417
1.23765e+18,57.60080316,-4.887662809,18.20844,17.6475,17.4597,17.60306,17.40953,1045,301,6,158,5.21414e+17,QSO,0.7155533,463,51908,445
1.23765e+18,57.56012019,-4.850617343,19.44764,17.48575,16.52393,16.0135,15.60751,1045,301,6,158,5.21413e+17,GALAXY,0.06713808,463,51908,443
1.23765e+18,58.10778709,-4.939857927,19.56235,17.60667,16.62978,16.16214,15.77428,1045,301,6,161,5.21448e+17,GALAXY,0.06668576,463,51908,569
1.23765e+18,58.1210925,-4.953065044,18.8406,17.04249,16.18192,15.72686,15.38591,1045,301,6,162,5.21448e+17,GALAXY,0.06551877,463,51908,568
1.23765e+18,58.36504654,-4.907689744,16.36731,16.56255,16.97414,17.28705,17.53714,1045,301,6,163,8.16632e+18,STAR,8.71e-05,7253,56598,600
1.23765e+18,164.2863016,-0.474841485,17.79439,16.70793,16.49356,16.45081,16.49115,756,301,2,324,3.11961e+17,STAR,2.19e-05,277,51908,315
1.23765e+18,164.3207806,-0.613996541,18.77473,17.50287,17.00204,16.71657,16.57352,756,301,2,324,3.10757e+17,GALAXY,0.05053042,276,51909,32
1.23765e+18,164.4346786,-0.618601063,18.91047,18.66775,18.74279,18.53487,18.28702,756,301,2,325,4.26395e+18,QSO,2.16108,3787,55565,624
1.23765e+18,164.7434274,-0.605954771,17.64894,16.58388,16.22972,16.10134,16.06104,756,301,2,327,3.1195e+17,STAR,0.000124848,277,51908,276
1.23765e+18,164.9167696,-0.59510637,19.27291,17.95937,17.32546,16.9016,16.70035,756,301,2,328,3.11946e+17,GALAXY,0.09613567,277,51908,262
1.23765e+18,165.135097,-0.434134578,19.42206,19.21643,19.06932,18.8515,18.76409,756,301,2,329,3.11938e+17,QSO,1.542721,277,51908,231
1.23765e+18,165.0716868,-0.604477206,19.39166,18.11162,17.42538,17.04263,16.85616,756,301,2,329,3.11937e+17,GALAXY,0.1023617,277,51908,228
1.23765e+18,165.4916768,-0.526634751,18.58477,17.23203,16.43939,16.03147,15.74178,756,301,2,332,3.11925e+17,GALAXY,0.08248463,277,51908,184
1.23765e+18,165.5321195,-0.436090079,19.29902,18.13118,17.59174,17.24161,17.0115,756,301,2,332,3.11924e+17,GALAXY,0.069855,277,51908,182
1.23765e+18,165.5917158,-0.474609251,18.78841,17.2533,16.40917,15.97491,15.64878,756,301,2,332,3.11921e+17,GALAXY,0.0852924,277,51908,171
1.23765e+18,165.7250484,-0.570787046,18.50003,17.24703,17.22732,17.24711,17.28606,756,301,2,333,3.11913e+17,STAR,0.000475974,277,51908,141
1.23765e+18,165.6304396,-0.440346217,19.06614,16.99465,15.9954,15.52767,15.17155,756,301,2,333,3.1192e+17,GALAXY,0.08313769,277,51908,168
1.23765e+18,165.8726162,-0.588658434,18.40498,17.14952,16.57796,16.23831,16.03331,756,301,2,334,3.11904e+17,GALAXY,0.08400386,277,51908,107
1.23765e+18,165.8898556,-0.598185047,18.84212,17.68028,17.15309,16.79472,16.62314,756,301,2,334,3.11903e+17,GALAXY,0.084067,277,51908,104
1.23765e+18,165.889378,-0.614593635,19.4942,18.05807,17.27173,16.86168,16.52768,756,301,2,334,3.11903e+17,GALAXY,0.08387157,277,51908,103
1.23765e+18,165.9587091,-0.601674883,18.25967,16.3059,15.33127,14.91853,14.57861,756,301,2,335,3.11906e+17,GALAXY,0.08314948,277,51908,114
1.23765e+18,166.0834884,-0.607833548,18.80905,18.37338,18.64598,18.83105,19.01808,756,301,2,336,3.11892e+17,STAR,-0.000104588,277,51908,66
1.23765e+18,166.1081153,-0.512289809,18.21854,16.48347,15.65366,15.2478,14.92775,756,301,2,336,3.11894e+17,GALAXY,0.06509142,277,51908,73
1.23765e+18,166.1117271,-0.536597194,18.39147,17.15819,16.65509,16.33485,16.16603,756,301,2,336,3.11893e+17,GALAXY,0.06493402,277,51908,68
1.23765e+18,166.1305696,-0.468609916,17.36732,16.20892,15.69143,15.37844,15.14175,756,301,2,336,3.11896e+17,GALAXY,0.04364219,277,51908,79
1.23765e+18,166.1704202,-0.549817212,18.77452,17.63819,16.93555,16.55383,16.30377,756,301,2,336,3.11896e+17,GALAXY,0.1235702,277,51908,80
1.23765e+18,166.0691213,-0.58191993,19.0186,17.74239,17.22008,16.90991,16.69866,756,301,2,336,3.11892e+17,GALAXY,0.09226175,277,51908,63
1.23765e+18,166.6230168,-0.546629818,19.55528,17.73928,16.86703,16.4481,16.11761,756,301,2,339,3.13084e+17,GALAXY,0.0867205,278,51900,305
1.23765e+18,166.8074577,-0.516095065,18.41918,17.27801,16.805,16.51095,16.3182,756,301,2,340,3.13086e+17,GALAXY,0.04804159,278,51900,312
1.23765e+18,166.9476982,-0.512286804,19.52566,18.74443,18.71345,18.77809,18.67544,756,301,2,341,3.13074e+17,QSO,0.901266,278,51900,270
1.23765e+18,166.9880332,-0.556888724,18.66148,17.21544,16.44024,16.02297,15.70256,756,301,2,342,3.13074e+17,GALAXY,0.07389112,278,51900,268
1.23765e+18,167.0696549,-0.570520229,19.07226,17.3077,16.26892,15.82573,15.4951,756,301,2,342,3.13063e+17,GALAXY,0.1569634,278,51900,229
1.23765e+18,167.2635397,-0.429064873,19.17924,19.07219,18.84341,18.77594,18.84654,756,301,2,344,3.13051e+17,QSO,1.330264,278,51900,185
1.23765e+18,167.3340108,-0.440401192,18.05824,16.40586,15.55279,15.08307,14.73853,756,301,2,344,3.13055e+17,GALAXY,0.06551905,278,51900,198
1.23765e+18,167.3890812,-0.601426631,18.34064,16.31785,15.34878,14.85411,14.49675,756,301,2,344,3.13051e+17,GALAXY,0.0648197,278,51900,184
1.23765e+18,167.3767463,-0.610834412,19.1644,17.21216,16.32792,15.91253,15.59378,756,301,2,344,3.13051e+17,GALAXY,0.06514609,278,51900,186
1.23765e+18,167.5174838,-0.566521425,17.6798,16.31506,15.61499,15.23855,14.94744,756,301,2,345,3.14209e+17,GALAXY,0.03963303,279,51984,303
1.23765e+18,167.5533555,-0.611116512,17.19741,16.22564,15.94651,15.85619,15.84539,756,301,2,345,4.24828e+18,STAR,0.000469134,3773,55240,944
1.23765e+18,167.4867058,-0.574241105,18.65083,16.79951,15.92842,15.53002,15.20865,756,301,2,345,3.13045e+17,GALAXY,0.0644965,278,51900,163
1.23765e+18,167.5547289,-0.5735343,19.56287,17.70597,16.75658,16.21105,15.77371,756,301,2,345,3.13039e+17,GALAXY,0.03989328,278,51900,142
1.23765e+18,167.5554983,-0.585923427,19.06651,17.92863,17.40563,17.06791,16.91916,756,301,2,345,3.14209e+17,GALAXY,0.09699396,279,51984,302
1.23765e+18,167.6196148,-0.562075116,19.02622,18.57345,18.62417,18.70597,18.86148,756,301,2,346,3.14211e+17,STAR,-0.000133783,279,51984,308
1.23765e+18,167.6639509,-0.511140714,17.14484,16.82611,17.10633,17.35013,17.5986,756,301,2,346,4.26507e+18,STAR,-9.01e-05,3788,55246,584
1.23765e+18,167.6056221,-0.420898304,18.96952,17.75198,17.14104,16.75189,16.55224,756,301,2,346,3.13041e+17,GALAXY,0.0906776,278,51900,149
1.23765e+18,167.6392306,-0.582807622,17.77293,16.36301,15.65379,15.24727,14.97984,756,301,2,346,3.1304e+17,GALAXY,0.08997068,278,51900,144
1.23765e+18,167.9561619,-0.432978543,19.08487,19.05483,18.66277,18.4579,18.07703,756,301,2,348,3.14212e+17,QSO,0.2757469,279,51984,314
1.23765e+18,167.9469305,-0.589748253,19.06807,17.87498,17.24703,16.87582,16.63868,756,301,2,348,3.13033e+17,GALAXY,0.08343689,278,51900,119
1.23765e+18,168.0546726,-0.569448947,18.31569,17.45015,17.13064,16.9965,16.95776,756,301,2,349,4.32011e+18,STAR,0.000573438,3837,55572,103
1.23765e+18,168.0526028,-0.607870153,18.9879,17.32927,16.56395,16.20898,15.91057,756,301,2,349,3.1421e+17,GALAXY,0.1219616,279,51984,304
1.23765e+18,168.1297177,-0.42616223,18.98431,18.61915,18.77658,18.55459,18.49757,756,301,2,349,3.1303e+17,QSO,0.5433545,278,51900,107
1.23765e+18,168.1249068,-0.570171375,19.49758,18.57076,18.26166,18.15741,18.13474,756,301,2,349,4.32134e+18,STAR,0.000560479,3838,55588,484
1.23765e+18,168.2782936,-0.453280663,18.86474,17.91458,17.57982,17.45879,17.41592,756,301,2,350,4.26511e+18,STAR,0.000182179,3788,55246,742
1.23765e+18,168.2545122,-0.561375795,19.48996,19.3194,19.27734,19.09357,18.85926,756,301,2,350,3.13019e+17,QSO,2.138333,278,51900,70
1.23765e+18,168.361539,-0.533836192,19.4641,18.00401,17.5045,17.19832,17.03392,756,301,2,351,3.13017e+17,GALAXY,0.05463228,278,51900,61
1.23765e+18,25.3439855,13.41870673,19.54808,18.37664,17.79705,17.41865,17.21045,1035,301,2,130,4.83097e+17,GALAXY,0.1266564,429,51820,313
1.23765e+18,25.36716335,13.34040039,18.40134,17.35246,17.0206,16.90187,16.85266,1035,301,2,130,2.13704e+18,STAR,-0.000498808,1898,53260,294
1.23765e+18,25.41066513,13.41704995,16.38294,15.03653,14.55807,14.39245,14.34412,1035,301,2,130,2.13816e+18,STAR,-0.000200238,1899,53262,265
1.23765e+18,25.39624029,13.34731527,17.39926,15.90904,15.31429,15.09828,14.98883,1035,301,2,130,2.13704e+18,STAR,-0.000185715,1898,53260,290
1.23765e+18,25.36874382,13.40614922,19.28757,18.08588,17.44984,17.03975,16.90682,1035,301,2,130,4.83098e+17,GALAXY,0.100708,429,51820,317
1.23765e+18,25.44984142,13.3638302,19.58828,18.19678,17.45096,16.99288,16.72799,1035,301,2,130,4.79649e+17,GALAXY,0.1002745,426,51882,57
1.23765e+18,25.48766895,13.40481061,16.55687,15.07441,14.45136,14.21812,14.10915,1035,301,2,131,2.13704e+18,STAR,0.000149111,1898,53260,304
1.23765e+18,25.55303839,13.44975689,16.98275,15.8149,15.38964,15.25233,15.22088,1035,301,2,131,2.13816e+18,STAR,0.000106812,1899,53262,270
1.23765e+18,25.56484586,13.29918208,18.51425,17.06662,16.45816,16.27022,16.19221,1035,301,2,131,2.13704e+18,STAR,-0.000167792,1898,53260,298
1.23765e+18,25.53494916,13.41059745,18.74253,17.60262,17.0556,16.77388,16.54268,1035,301,2,131,4.83099e+17,GALAXY,0.0269882,429,51820,318
1.23765e+18,25.53064835,13.293545,17.61653,16.54212,16.28996,16.19918,16.21046,1035,301,2,131,4.83099e+17,GALAXY,0.002659677,429,51820,319
1.23765e+18,25.62118236,13.29656602,19.09614,17.40946,16.67317,16.40389,16.28763,1035,301,2,131,2.13704e+18,STAR,-0.000331249,1898,53260,284
1.23765e+18,25.67707977,13.36752003,18.08275,16.42907,15.82637,15.62564,15.55076,1035,301,2,132,2.13704e+18,STAR,-0.00029023,1898,53260,314
1.23765e+18,25.68905131,13.26288664,17.63629,17.68829,17.99633,18.1863,18.47392,1035,301,2,132,4.83097e+17,STAR,-0.000134283,429,51820,311
1.23765e+18,25.73198758,13.4219869,16.66727,15.12518,14.55113,14.35265,14.27656,1035,301,2,132,2.13703e+18,STAR,-0.000181079,1898,53260,261
1.23765e+18,25.76549491,13.23227037,16.99632,15.5413,14.9466,14.72707,14.63654,1035,301,2,132,2.13703e+18,STAR,-0.000102279,1898,53260,255
1.23765e+18,25.64014865,13.32841693,18.38852,17.36157,16.97728,16.66806,16.57886,1035,301,2,132,4.83096e+17,GALAXY,0.06233191,429,51820,308
1.23765e+18,25.75918382,13.29498254,19.3537,17.92174,17.34625,17.14063,17.06592,1035,301,2,132,2.13703e+18,STAR,-0.000229078,1898,53260,257
1.23765e+18,25.81193821,13.30815155,17.93192,16.71915,16.29374,16.1296,16.07795,1035,301,2,133,2.13816e+18,STAR,-2.22e-05,1899,53262,294
1.23765e+18,25.86110674,13.3202815,17.68804,15.71494,14.82911,14.40426,14.06999,1035,301,2,133,4.83086e+17,GALAXY,0.02753818,429,51820,274
1.23765e+18,25.93373449,13.29963424,17.99897,16.36808,15.64715,15.35828,15.21937,1035,301,2,133,2.13703e+18,STAR,-6.33e-05,1898,53260,258
1.23765e+18,25.78759573,13.37101447,19.58213,17.86978,16.95735,16.52532,16.16581,1035,301,2,133,4.79638e+17,GALAXY,0.0735845,426,51882,18
1.23765e+18,25.78227768,13.2969532,19.22461,17.64948,17.09655,16.91681,16.85408,1035,301,2,133,2.13703e+18,STAR,-1.34e-05,1898,53260,254
1.23765e+18,25.79305877,13.3358664,19.45458,18.10555,17.40306,16.93542,16.65759,1035,301,2,133,4.83097e+17,GALAXY,0.07697883,429,51820,314
1.23765e+18,25.91524618,13.36289888,19.58504,19.55302,19.32898,19.30667,19.29126,1035,301,2,133,4.79637e+17,QSO,1.234904,426,51882,12
1.23765e+18,25.9354154,13.21697876,18.48518,16.45834,15.69516,15.39764,15.25103,1035,301,2,134,2.13703e+18,STAR,-5.17e-06,1898,53260,249
1.23765e+18,25.99620278,13.41021726,17.96266,15.9061,15.16414,14.92183,14.80375,1035,301,2,134,2.13702e+18,STAR,-9.37e-05,1898,53260,227
1.23765e+18,26.04153174,13.34919402,19.23291,16.6544,15.61105,15.24492,15.06397,1035,301,2,134,2.13702e+18,STAR,-1.85e-05,1898,53260,236
1.23765e+18,26.0040623,13.39386023,19.19331,18.23106,17.92547,17.77511,17.7285,1035,301,2,134,2.13702e+18,STAR,-0.00065602,1898,53260,230
1.23765e+18,26.00040894,13.2088136,19.49992,19.07911,18.6233,18.3678,17.90728,1035,301,2,134,4.83084e+17,QSO,0.2891846,429,51820,267
1.23765e+18,26.08183221,13.27828527,19.09052,17.39353,16.54321,16.07419,15.70515,1035,301,2,134,4.83085e+17,GALAXY,0.06445345,429,51820,270
1.23765e+18,26.08462057,13.22012719,18.64408,17.1326,16.59858,16.39477,16.34912,1035,301,2,135,2.13703e+18,STAR,-0.000334,1898,53260,252
1.23765e+18,26.22067146,13.18688223,18.13026,17.08511,16.69333,16.52303,16.4763,1035,301,2,135,2.13814e+18,STAR,-0.00056577,1899,53262,217
1.23765e+18,26.23420259,13.19856918,18.4447,16.98328,16.45072,16.24781,16.1823,1035,301,2,135,2.13701e+18,STAR,-0.000168546,1898,53260,203
1.23765e+18,26.11087,13.33439247,19.50204,17.51592,16.36931,15.87477,15.47522,1035,301,2,135,4.83085e+17,GALAXY,0.1232876,429,51820,269
1.23765e+18,26.11346511,13.21292994,19.27098,18.30609,17.93058,17.77021,17.74712,1035,301,2,135,2.13702e+18,STAR,5.57e-06,1898,53260,215
1.23765e+18,26.27137025,13.18702064,17.96101,16.39971,15.8098,15.60652,15.52136,1035,301,2,136,2.13702e+18,STAR,0.000165551,1898,53260,209
1.23765e+18,26.53282926,13.23742824,19.51644,18.15129,17.57819,17.33301,17.23414,1035,301,2,137,2.137e+18,STAR,-0.000245357,1898,53260,137
1.23765e+18,26.65573463,13.32354336,18.76235,16.56717,15.66111,15.34477,15.1891,1035,301,2,138,2.13699e+18,STAR,-6.13e-05,1898,53260,134
1.23765e+18,26.5924883,13.20700516,19.1828,18.20987,17.88892,17.77344,17.7487,1035,301,2,138,4.83066e+17,STAR,-3.23e-05,429,51820,199
1.23765e+18,26.59862542,13.18640106,19.41636,19.153,18.89228,18.89032,18.99654,1035,301,2,138,4.83061e+17,QSO,1.199703,429,51820,181
1.23765e+18,26.75603424,13.20966735,18.41662,16.82581,16.23936,16.04268,15.98866,1035,301,2,139,2.13698e+18,STAR,-2.7e-06,1898,53260,85
1.23765e+18,26.8038422,13.13019493,18.68969,17.57483,17.04337,16.78571,16.65737,1035,301,2,139,2.13699e+18,STAR,8.83e-05,1898,53260,99
1.23765e+18,26.84306101,13.20625105,19.24838,16.96473,15.94902,15.51004,15.26619,1035,301,2,139,2.13698e+18,STAR,7.14e-05,1898,53260,88
1.23765e+18,26.87605025,13.14540501,18.83459,17.65788,17.43942,17.40183,17.42899,1035,301,2,140,4.83071e+17,STAR,-0.00020164,429,51820,219
1.23765e+18,26.94003243,13.12904533,17.98852,16.48002,15.78714,15.51894,15.38443,1035,301,2,140,2.13699e+18,STAR,-0.00011647,1898,53260,98
1.23765e+18,26.97885975,13.15552703,17.37342,15.94388,15.3736,15.16919,15.08182,1035,301,2,140,2.13699e+18,STAR,-7.59e-05,1898,53260,100
1.23765e+18,26.96205528,13.1546582,18.09595,16.94604,16.34114,15.97507,15.78947,1035,301,2,140,4.83049e+17,GALAXY,0.06980576,429,51820,139
1.23765e+18,26.98782813,13.29844744,19.50312,19.34043,19.44499,19.3155,19.41257,1035,301,2,140,5.24448e+18,QSO,1.558779,4658,55592,124
1.23765e+18,27.05218183,13.30832635,16.9492,15.9189,15.56452,15.42431,15.40562,1035,301,2,141,4.83053e+17,STAR,-0.000782274,429,51820,151
1.23765e+18,148.1881008,0.751631419,17.95381,17.28597,17.12378,17.04028,16.88636,756,301,5,216,3.00749e+17,GALAXY,0.02616739,267,51608,485
1.23765e+18,148.3342814,0.697737547,15.59444,13.63157,12.68582,12.18435,11.80645,756,301,5,217,3.00755e+17,GALAXY,0.01255482,267,51608,508
1.23765e+18,148.3352416,0.720646675,18.46292,17.40333,16.94285,16.68523,16.48422,756,301,5,217,3.00754e+17,GALAXY,0.02078303,267,51608,505
1.23765e+18,148.3353613,0.628572864,19.20093,17.91525,17.30803,16.98795,16.90138,756,301,5,217,3.00758e+17,GALAXY,0.01312433,267,51608,519
1.23765e+18,148.4028637,0.755107944,19.54711,17.57291,16.61943,16.21256,15.88196,756,301,5,218,3.00756e+17,GALAXY,0.09501842,267,51608,511
1.23765e+18,148.4405091,0.786736988,19.16294,18.04123,17.57491,17.35756,17.14587,756,301,5,218,3.00774e+17,GALAXY,0.02051127,267,51608,579
1.23765e+18,148.5247354,0.650542107,17.33712,16.13785,15.68184,15.41801,15.32794,756,301,5,218,3.00764e+17,GALAXY,0.03454532,267,51608,541
1.23765e+18,148.5404836,0.768493983,19.42435,18.12721,17.55593,17.15972,16.96816,756,301,5,218,3.00784e+17,GALAXY,0.09006838,267,51608,615
1.23765e+18,148.6007822,0.823710171,17.52899,15.6049,14.7109,14.2846,13.96229,756,301,5,219,5.63029e+17,GALAXY,0.04751074,500,51994,289
1.23765e+18,148.6493822,0.826958806,17.9833,17.04811,16.76991,16.65887,16.62674,756,301,5,219,3.01833e+17,STAR,0.000110189,268,51633,335
1.23765e+18,148.5516644,0.805309711,18.61817,17.25068,16.5754,16.19111,15.89713,756,301,5,219,3.00773e+17,GALAXY,0.02883614,267,51608,574
1.23765e+18,148.5589442,0.638309308,16.55021,15.30996,14.74529,14.43452,14.21344,756,301,5,219,3.00766e+17,GALAXY,0.03467124,267,51608,548
1.23765e+18,148.6429515,0.691820125,19.35935,18.31045,17.89483,17.64176,17.52753,756,301,5,219,3.00766e+17,GALAXY,0.03460572,267,51608,550
1.23765e+18,148.6448254,0.632300112,19.17721,17.93795,17.48168,17.27304,17.10213,756,301,5,219,5.63028e+17,GALAXY,0.03640864,500,51994,284
1.23765e+18,148.8051982,0.825901832,18.05606,17.08389,16.75074,16.62018,16.57691,756,301,5,220,3.01834e+17,STAR,0.00071968,268,51633,338
1.23765e+18,148.8141082,0.772830318,18.29912,18.50164,18.92591,19.27672,19.58569,756,301,5,220,4.31013e+18,STAR,5.93e-05,3828,55539,682
1.23765e+18,148.7153292,0.802445998,19.53848,19.65993,19.98834,20.26334,20.4243,756,301,5,220,5.41572e+17,STAR,-5.66e-05,481,51908,50
1.23765e+18,148.758102,0.716500374,18.63082,17.26382,16.59428,16.22408,15.98382,756,301,5,220,3.00776e+17,GALAXY,0.06175778,267,51608,585
1.23765e+18,148.7619302,0.757507053,18.09283,17.03771,16.64438,16.38438,16.2272,756,301,5,220,3.00783e+17,GALAXY,0.04713756,267,51608,611
1.23765e+18,148.8991817,0.700350205,18.19183,17.53572,17.44424,17.31724,17.25023,756,301,5,221,3.00776e+17,GALAXY,0.03461061,267,51608,586
1.23765e+18,148.9274138,0.780846823,17.0157,16.04754,15.79731,15.70132,15.68069,756,301,5,221,3.21116e+18,STAR,0.000478278,2852,54468,332
1.23765e+18,148.9562817,0.760398684,18.16291,16.69053,16.17561,16.01199,15.93193,756,301,5,221,3.21116e+18,STAR,5.25e-05,2852,54468,333
1.23765e+18,148.9657725,0.677384934,17.39772,15.95918,15.4167,15.21453,15.11234,756,301,5,221,3.21116e+18,STAR,8.84e-05,2852,54468,334
1.23765e+18,148.8600222,0.748604768,19.59615,18.29237,17.55993,17.17602,16.89421,756,301,5,221,3.00777e+17,GALAXY,0.08944283,267,51608,590
1.23765e+18,148.8833358,0.685764882,18.93802,18.53383,17.91109,17.45269,17.21952,756,301,5,221,3.00778e+17,QSO,0.1631241,267,51608,593
1.23765e+18,148.9174658,0.811718136,19.37101,19.27487,18.69215,18.29162,18.00461,756,301,5,221,3.00785e+17,QSO,2.017165,267,51608,617
1.23765e+18,148.9468976,0.773149143,18.65893,17.80001,17.54182,17.22646,17.1242,756,301,5,221,5.63019e+17,GALAXY,0.06402612,500,51994,250
1.23765e+18,148.9617132,0.687285905,19.54331,17.86385,16.96855,16.5235,16.16925,756,301,5,221,3.00788e+17,GALAXY,0.09527842,267,51608,628
1.23765e+18,149.0636988,0.675025447,18.33908,17.44444,17.14929,17.03474,17.00888,756,301,5,222,3.21116e+18,STAR,0.000366317,2852,54468,323
1.23765e+18,149.1167275,0.706751048,17.70768,15.50936,14.6052,14.30213,14.14164,756,301,5,222,3.21115e+18,STAR,2.45e-05,2852,54468,321
1.23765e+18,149.1216458,0.708909829,18.95498,17.26933,16.35187,15.88306,15.64096,756,301,5,222,3.01848e+17,GALAXY,0.09600016,268,51633,390
1.23765e+18,149.0050134,0.664999281,18.79076,17.34437,16.49598,16.04986,15.73168,756,301,5,222,3.00788e+17,GALAXY,0.1257513,267,51608,629
1.23765e+18,149.0082858,0.770012367,17.6886,16.50517,16.05798,15.75695,15.55417,756,301,5,222,3.01846e+17,GALAXY,0.03412346,268,51633,382
1.23765e+18,149.0568338,0.753894505,18.8538,17.71389,17.28673,17.04029,16.81953,756,301,5,222,3.01847e+17,GALAXY,0.03463108,268,51633,384
1.23765e+18,149.1396402,0.750870929,17.88054,16.88892,16.56062,16.38626,16.22593,756,301,5,222,3.01847e+17,GALAXY,0.04617104,268,51633,385
1.23765e+18,149.1804769,0.820702081,16.63152,15.50548,15.0244,14.81238,14.72232,756,301,5,223,3.21116e+18,STAR,0.000492613,2852,54468,325
1.23765e+18,149.1845106,0.704580651,17.66669,16.71505,16.46751,16.36071,16.35165,756,301,5,223,3.21116e+18,STAR,0.000410069,2852,54468,337
1.23765e+18,149.2280903,0.837840908,19.40387,18.14967,17.26823,16.77757,16.49743,756,301,5,223,3.01854e+17,GALAXY,0.1735455,268,51633,409
1.23765e+18,149.2551417,0.809838706,18.74207,17.23751,16.58239,16.29094,16.1528,756,301,5,223,3.55116e+18,STAR,2.36e-05,3154,54821,246
1.23765e+18,149.2572742,0.660394565,17.98458,16.41525,15.86572,15.67606,15.59758,756,301,5,223,3.21117e+18,STAR,0.000181795,2852,54468,376
1.23765e+18,149.1761828,0.757003835,18.96889,17.67877,16.96826,16.53816,16.2743,756,301,5,223,3.01857e+17,GALAXY,0.1255851,268,51633,422
1.23765e+18,149.1945912,0.816589384,19.26503,17.74197,17.02809,16.65569,16.3585,756,301,5,223,3.01855e+17,GALAXY,0.06260738,268,51633,413
1.23765e+18,149.2247377,0.769960083,19.5382,18.46566,17.67411,17.24464,17.0125,756,301,5,223,3.01846e+17,GALAXY,0.2061687,268,51633,381
1.23765e+18,149.2900146,0.668758403,19.38072,17.80252,17.039,16.58527,16.26962,756,301,5,223,3.01859e+17,GALAXY,0.06538612,268,51633,429
1.23765e+18,149.3198704,0.71142441,16.76412,15.72008,15.37272,15.24163,15.19782,756,301,5,224,3.21117e+18,STAR,3.32e-05,2852,54468,370
1.23765e+18,149.3385674,0.706424029,18.15686,17.00044,16.46637,15.97107,15.83574,756,301,5,224,3.0186e+17,GALAXY,0.08737121,268,51633,433
1.23765e+18,149.3487059,0.686087967,16.48601,15.38875,15.2644,15.25336,15.28746,756,301,5,224,3.21117e+18,STAR,8.2e-05,2852,54468,372
1.23765e+18,149.3544841,0.697710344,17.43301,17.60954,18.05955,18.36194,18.59813,756,301,5,224,4.31018e+18,STAR,0.000175948,3828,55539,854
1.23765e+18,149.354678,0.730926992,17.36781,16.2736,15.30799,14.9133,14.79391,756,301,5,224,3.01868e+17,GALAXY,0.08695569,268,51633,461
1.23765e+18,189.9439372,0.032191027,17.67683,16.28368,15.74505,15.53762,15.45809,752,301,4,310,3.25964e+18,STAR,-8.51e-06,2895,54567,597
1.23765e+18,189.9633078,0.026416946,18.79221,17.14565,16.3918,16.12313,15.95462,752,301,4,310,3.28779e+18,STAR,0.000181834,2920,54562,599
1.23765e+18,190.0194257,0.114720598,18.71593,17.80663,17.51447,17.38921,17.32898,752,301,4,310,3.25964e+18,STAR,-0.000880084,2895,54567,595
1.23765e+18,190.0243184,0.027476773,18.18102,16.10131,15.23747,14.90805,14.71646,752,301,4,310,3.25964e+18,STAR,0.000146992,2895,54567,598
1.23765e+18,190.0339699,0.170947471,17.92852,16.14211,15.48818,15.27864,15.18214,752,301,4,310,3.25966e+18,STAR,2.17e-05,2895,54567,639
1.23765e+18,190.0441738,0.094364824,17.22087,15.83089,15.29508,15.0836,14.9742,752,301,4,310,3.25966e+18,STAR,-0.000105379,2895,54567,640
1.23765e+18,189.9118944,0.019056034,19.28154,18.09544,17.50564,17.13882,16.92494,752,301,4,310,3.26672e+17,GALAXY,0.09117445,290,51941,585
1.23765e+18,189.9687445,0.125485317,17.64329,15.9363,15.16452,14.76776,14.48105,752,301,4,310,3.26674e+17,GALAXY,0.02283781,290,51941,593
1.23765e+18,189.9737839,0.151330078,19.5635,18.2079,17.68238,17.47406,17.41044,752,301,4,310,3.25964e+18,STAR,2.84e-05,2895,54567,592
1.23765e+18,190.0610727,0.095426615,19.47143,18.35173,18.127,18.04925,17.97866,752,301,4,311,3.2878e+18,STAR,-2.42e-05,2920,54562,639
1.23765e+18,190.2581054,0.163134842,17.51373,16.20816,15.69662,15.50064,15.48353,752,301,4,312,3.25965e+18,STAR,4.71e-05,2895,54567,631
1.23765e+18,190.2612862,0.199567608,19.44821,19.17486,19.04871,18.99611,19.04354,752,301,4,312,3.26687e+17,QSO,0.6886616,290,51941,639
1.23765e+18,190.2109896,0.162308193,19.10949,17.88919,17.34626,17.02346,16.80195,752,301,4,312,3.26686e+17,GALAXY,0.09079736,290,51941,637
1.23765e+18,190.5896192,0.177103688,19.0046,17.1114,16.195,15.7732,15.45656,752,301,4,314,3.27745e+17,GALAXY,0.07969137,291,51928,395
1.23765e+18,190.615621,0.048211745,17.6293,16.85471,16.56708,16.44261,16.3216,752,301,4,314,3.27701e+17,GALAXY,0.005102077,291,51928,233
1.23765e+18,190.6565508,0.075681977,19.20152,17.33859,16.48903,16.08567,15.78672,752,301,4,315,3.27702e+17,GALAXY,0.04851788,291,51928,238
1.23765e+18,190.6668093,0.157210424,19.59908,17.62207,16.57038,16.09308,15.7233,752,301,4,315,3.27746e+17,GALAXY,0.1175129,291,51928,396
1.23765e+18,191.7445448,0.116351939,18.23957,16.68146,15.84209,15.436,15.09932,752,301,4,322,3.278e+17,GALAXY,0.08896293,291,51928,593
1.23765e+18,191.7631602,0.152220691,19.32181,17.94338,17.14727,16.74583,16.45082,752,301,4,322,3.2888e+17,GALAXY,0.08890882,292,51609,426
1.23765e+18,191.8142984,0.121348862,18.41885,16.96743,16.17382,15.77205,15.51812,752,301,4,322,3.28879e+17,GALAXY,0.09359889,292,51609,424
1.23765e+18,191.9462161,0.0580178,18.84186,17.06882,16.2189,15.79637,15.48736,752,301,4,323,3.28894e+17,GALAXY,0.08729241,292,51609,478
1.23765e+18,191.8977894,0.1288745,19.51519,18.30251,17.74708,17.4102,17.20714,752,301,4,323,3.28883e+17,GALAXY,0.08673923,292,51609,439
1.23765e+18,191.9082209,0.057496159,18.84526,17.67673,16.85271,16.39018,16.10548,752,301,4,323,3.27658e+17,GALAXY,0.0931983,291,51928,78
1.23765e+18,191.968446,0.012496101,19.56909,17.6779,16.70402,16.2611,15.9084,752,301,4,323,3.27647e+17,GALAXY,0.09391362,291,51928,37
1.23765e+18,191.9794593,0.059873739,18.65922,17.35072,16.6898,16.33354,16.09719,752,301,4,323,3.28894e+17,GALAXY,0.08079409,292,51609,479
1.23765e+18,192.1385588,0.186905087,17.18048,15.9805,15.56923,15.43204,15.37778,752,301,4,324,3.27811e+17,STAR,-9.21e-05,291,51928,635
1.23765e+18,192.0745028,0.065201066,18.79453,16.86355,15.98425,15.57365,15.22537,752,301,4,324,3.27648e+17,GALAXY,0.07165621,291,51928,40
1.23765e+18,192.1122469,0.041674546,18.96904,17.68117,17.08463,16.67639,16.40367,752,301,4,324,3.27647e+17,GALAXY,0.07105038,291,51928,38
1.23765e+18,192.2085061,0.116454016,19.13942,17.25415,16.35476,15.9382,15.59375,752,301,4,325,3.28893e+17,GALAXY,0.07161345,292,51609,474
1.23765e+18,192.3999328,0.070941409,18.6753,17.79995,17.54513,17.45599,17.45645,752,301,4,326,4.33485e+18,STAR,4.35e-06,3850,55575,494
1.23765e+18,192.4005375,0.083768815,19.15716,19.04737,19.01089,18.73825,18.82606,752,301,4,326,3.28897e+17,QSO,1.642622,292,51609,490
1.23765e+18,192.4380173,0.113327402,19.38708,18.4923,18.18142,18.04972,18.01251,752,301,4,326,4.3336e+18,STAR,0.000144482,3849,55274,40
1.23765e+18,192.4649696,0.198233279,18.96585,17.54525,16.76086,16.35486,16.00846,752,301,4,327,3.289e+17,GALAXY,0.04678359,292,51609,499
1.23765e+18,192.9180392,0.036359274,18.30884,17.87131,17.57342,17.498,17.31915,752,301,4,330,3.28916e+17,QSO,0.8776056,292,51609,559
1.23765e+18,193.0088636,0.068485722,19.54446,17.59113,16.7012,16.27882,15.94445,752,301,4,330,3.29984e+17,GALAXY,0.08375064,293,51689,347
1.23765e+18,193.0971534,0.17452443,18.9569,17.91306,17.49825,17.18337,17.06676,752,301,4,331,3.29987e+17,GALAXY,0.09671753,293,51689,359
1.23765e+18,193.1011294,0.122005929,19.03943,17.74454,17.05459,16.68116,16.45554,752,301,4,331,3.29987e+17,GALAXY,0.09721424,293,51689,356
1.23765e+18,193.1252151,0.088092104,19.38765,18.24457,17.81407,17.52613,17.39755,752,301,4,331,3.29986e+17,GALAXY,0.08381993,293,51689,355
1.23765e+18,193.5683692,0.137563115,16.5374,15.31568,15.50973,15.65817,15.73511,752,301,4,334,3.29995e+17,STAR,0.000605948,293,51689,388
1.23765e+18,193.522406,0.175310185,18.42233,16.93423,16.19267,15.73082,15.33045,752,301,4,334,3.28926e+17,GALAXY,0.0227484,292,51609,594
1.23765e+18,193.7168311,0.068097903,19.05593,17.4469,16.62104,16.1772,15.8263,752,301,4,335,3.30006e+17,GALAXY,0.08266877,293,51689,425
1.23765e+18,193.7369019,0.05515695,19.21791,18.13693,17.6026,17.24186,17.04144,752,301,4,335,3.28938e+17,GALAXY,0.08909807,292,51609,636
1.23765e+18,193.7498266,0.140078478,19.15139,17.95295,17.41117,17.0716,16.91505,752,301,4,335,3.30008e+17,GALAXY,0.1259531,293,51689,434
1.23765e+18,193.8027248,0.11665836,15.71824,14.10427,13.4771,13.2345,13.24549,752,301,4,336,3.28936e+17,GALAXY,0.004402257,292,51609,630
1.23765e+18,193.9154119,0.174784382,18.77321,17.34856,16.62789,16.23534,15.98336,752,301,4,336,3.30009e+17,GALAXY,0.1051565,293,51689,438
1.23765e+18,193.9997627,0.117380269,18.74307,17.79867,17.49358,17.38617,17.37844,752,301,4,337,3.28938e+17,STAR,-4.65e-05,292,51609,637
1.23765e+18,194.0327659,0.035496094,18.81174,18.41747,18.42776,18.37529,18.46878,752,301,4,337,3.29953e+17,QSO,0.6511152,293,51689,235
1.23765e+18,193.9504423,0.131972478,19.13401,17.89781,17.31444,16.9615,16.67193,752,301,4,337,3.28934e+17,GALAXY,0.04795738,292,51609,624
1.23765e+18,194.112492,0.048649969,19.56274,19.1496,19.08107,18.85149,18.82877,752,301,4,338,3.29952e+17,QSO,1.61779,293,51689,232
1.23765e+18,159.4228141,-0.022359372,19.34998,18.33746,17.79092,17.44933,17.23392,756,301,3,291,3.08574e+17,GALAXY,0.1316363,274,51913,280
1.23765e+18,159.6019787,-0.190076706,18.65759,17.36591,16.66049,16.25913,15.99489,756,301,3,292,3.08572e+17,GALAXY,0.1237914,274,51913,273
1.23765e+18,159.6062762,-0.017859983,18.19884,16.96567,16.48693,16.26755,16.16388,756,301,3,292,3.08573e+17,GALAXY,0.01908475,274,51913,277
1.23765e+18,159.767111,-0.129885959,18.83499,17.67422,17.21462,17.0269,16.96924,756,301,3,293,3.08561e+17,STAR,0.00023589,274,51913,236
1.23765e+18,159.6316017,-0.064922561,18.70474,17.57937,17.05436,16.70817,16.51939,756,301,3,293,3.08562e+17,GALAXY,0.06400023,274,51913,239
1.23765e+18,159.7288646,-0.187610485,18.88819,17.73005,17.13529,16.76015,16.55101,756,301,3,293,3.0856e+17,GALAXY,0.1103091,274,51913,231
1.23765e+18,159.7668115,-0.030936155,19.16208,17.73868,16.90584,16.48139,16.1153,756,301,3,293,3.08561e+17,GALAXY,0.1327375,274,51913,235
1.23765e+18,159.7753299,-0.095532792,19.3824,19.36318,19.11163,19.06873,19.0561,756,301,3,294,3.08561e+17,QSO,1.204183,274,51913,233
1.23765e+18,159.8352145,-0.200241896,15.28501,13.46948,12.64379,12.23991,11.98074,756,301,3,294,3.08562e+17,GALAXY,0.01870119,274,51913,238
1.23765e+18,159.9014569,-0.147197389,19.46554,17.53807,16.53552,16.08463,15.70325,756,301,3,294,3.08551e+17,GALAXY,0.0947874,274,51913,199
1.23765e+18,160.3892992,-0.04343462,18.76115,18.83121,18.30667,17.88415,17.73796,756,301,3,298,3.09707e+17,QSO,0.2355931,275,51910,306
1.23765e+18,160.4285231,-0.189881083,18.78296,17.72537,17.02269,16.65418,16.39706,756,301,3,298,3.08538e+17,GALAXY,0.09522899,274,51913,150
1.23765e+18,160.4692394,-0.183926105,19.17129,19.37596,19.27049,18.94564,18.91857,756,301,3,298,4.31558e+18,QSO,1.699722,3833,55290,10
1.23765e+18,160.4856063,-0.207824495,18.92239,17.95804,17.2167,16.82436,16.53931,756,301,3,298,3.08536e+17,GALAXY,0.1385455,274,51913,145
1.23765e+18,160.4960473,-0.077036914,19.48017,17.96935,16.97952,16.5415,16.15438,756,301,3,298,3.08538e+17,GALAXY,0.1130077,274,51913,152
1.23765e+18,160.4964063,-0.190656492,19.38239,19.36816,19.12164,18.94353,18.90339,756,301,3,298,3.09707e+17,QSO,0.7929131,275,51910,309
1.23765e+18,160.5177999,-0.191950403,19.40082,18.35512,17.60978,17.24324,16.97175,756,301,3,298,3.08539e+17,GALAXY,0.1141827,274,51913,153
1.23765e+18,160.6096827,-0.178605604,17.39452,15.87197,15.32184,15.12918,15.06213,756,301,3,299,2.68986e+18,STAR,2.53e-05,2389,54213,307
1.23765e+18,160.613763,-0.169214447,18.62606,17.14186,16.55617,16.31177,16.18899,756,301,3,299,2.88118e+18,GALAXY,0.0,2559,54208,23
1.23765e+18,160.6192059,-0.117873145,17.91615,16.14398,15.44278,15.17762,15.06172,756,301,3,299,2.68979e+18,GALAXY,0.0,2389,54213,44
1.23765e+18,160.6331455,-0.010844612,19.01287,17.56112,17.00329,16.78721,16.71456,756,301,3,299,2.68978e+18,GALAXY,0.0,2389,54213,23
1.23765e+18,160.6568285,-0.141060169,17.94616,16.43431,15.85778,15.6287,15.55221,756,301,3,299,2.68986e+18,STAR,0.000158477,2389,54213,319
1.23765e+18,160.6008207,-0.138124774,19.13459,17.25331,16.10299,15.61943,15.2352,756,301,3,299,3.08527e+17,GALAXY,0.1383923,274,51913,110
1.23765e+18,160.6410139,-0.037103909,19.15195,17.94258,17.30023,16.91934,16.62581,756,301,3,299,3.08528e+17,GALAXY,0.09483168,274,51913,113
1.23765e+18,160.6818796,-0.067313047,19.19234,17.68114,17.11344,16.88688,16.77531,756,301,3,300,2.88126e+18,STAR,-0.0002017,2559,54208,305
1.23765e+18,160.7019405,-0.036619443,16.46402,15.19637,14.67906,14.43677,14.33492,756,301,3,300,2.88126e+18,STAR,0.000225081,2559,54208,306
1.23765e+18,160.759218,-0.010928662,18.67858,17.15744,16.58635,16.34711,16.25685,756,301,3,300,2.68986e+18,STAR,0.000391336,2389,54213,303
1.23765e+18,160.7309944,-0.140296202,17.93038,16.92947,16.4762,16.27013,16.09891,756,301,3,300,3.08529e+17,GALAXY,0.007884246,274,51913,118
1.23765e+18,160.7737893,-0.05491542,19.20467,17.70579,16.92341,16.50928,16.16742,756,301,3,300,3.08528e+17,GALAXY,0.09530569,274,51913,115
1.23765e+18,160.7816423,-0.094434723,18.65266,17.53367,17.21231,16.93949,16.86692,756,301,3,300,3.08528e+17,GALAXY,0.0615075,274,51913,116
1.23765e+18,160.828752,-0.070559144,16.65255,15.25659,14.74202,14.51043,14.4436,756,301,3,301,2.88126e+18,STAR,0.000151696,2559,54208,302
1.23765e+18,160.8703118,-0.107491715,18.13072,17.12615,16.77296,16.61514,16.58501,756,301,3,301,4.3168e+18,STAR,0.000691703,3834,56014,362
1.23765e+18,160.9047333,-0.107095744,19.06678,17.72688,17.19687,17.00829,16.93172,756,301,3,301,2.88127e+18,STAR,8.07e-05,2559,54208,317
1.23765e+18,160.9270973,-0.032278905,18.79042,17.88058,17.62543,17.5206,17.52951,756,301,3,301,2.88125e+18,STAR,-0.000477518,2559,54208,275
1.23765e+18,160.9571864,-0.164095365,19.19784,18.10792,17.75565,17.53977,17.55157,756,301,3,301,2.68985e+18,STAR,0.000128905,2389,54213,266
1.23765e+18,160.9989384,-0.137050238,18.98122,17.79334,17.74025,17.74687,17.80063,756,301,3,302,2.88125e+18,STAR,0.000989637,2559,54208,278
1.23765e+18,161.0555154,-0.056878668,18.65966,18.64919,18.44382,18.29225,17.75518,756,301,3,302,3.08505e+17,QSO,0.2794001,274,51913,31
1.23765e+18,161.1129889,-0.158174227,18.57705,16.91248,16.25593,15.95403,15.82816,756,301,3,302,2.88125e+18,STAR,0.000399845,2559,54208,280
1.23765e+18,161.0563213,-0.014651882,19.27372,17.98936,17.38368,17.00066,16.73359,756,301,3,302,3.08507e+17,GALAXY,0.08320576,274,51913,37
1.23765e+18,161.1935064,-0.044969625,18.58002,17.43739,17.07333,16.91059,16.82726,756,301,3,303,2.68985e+18,STAR,0.000412992,2389,54213,275
1.23765e+18,161.2510684,-0.100488957,17.21988,16.20425,15.81616,15.65534,15.59316,756,301,3,303,2.88124e+18,STAR,0.000457316,2559,54208,231
1.23765e+18,161.1814117,-0.194475609,18.54038,17.4677,17.00204,16.79745,16.66654,756,301,3,303,3.08502e+17,GALAXY,0.01497729,274,51913,21
1.23765e+18,161.1227944,-0.025158098,19.26911,18.17957,17.7335,17.40679,17.19194,756,301,3,303,3.08507e+17,GALAXY,0.09374776,274,51913,39
1.23765e+18,161.2765323,-0.163711854,17.1251,16.15409,15.83,15.69785,15.6484,756,301,3,304,4.31675e+18,STAR,0.000882761,3834,55569,190
1.23765e+18,161.3443133,-0.119528394,18.86095,17.92421,17.60709,17.49901,17.49169,756,301,3,304,2.68984e+18,STAR,0.001197876,2389,54213,236
1.23765e+18,161.3447968,-0.075111911,18.00958,16.51789,15.96056,15.77066,15.67472,756,301,3,304,2.68984e+18,STAR,0.00011084,2389,54213,239
1.23765e+18,161.3503078,-0.071774484,17.99961,16.75183,16.29919,16.145,16.07619,756,301,3,304,2.88124e+18,STAR,0.000190633,2559,54208,233
1.23765e+18,161.4006496,-0.11135892,18.70817,16.86406,16.06191,15.79165,15.64074,756,301,3,304,2.68984e+18,STAR,1.57e-05,2389,54213,235
1.23765e+18,161.4202453,-0.118186508,17.55939,15.94559,15.35866,15.11023,14.9878,756,301,3,305,2.88124e+18,STAR,6.89e-05,2559,54208,235
1.23765e+18,168.1194213,-0.918386112,18.71993,17.80017,17.47081,17.36217,17.35032,756,301,1,349,4.26511e+18,STAR,0.000760349,3788,55246,716
1.23765e+18,168.1017534,-0.873230337,18.76403,17.20286,16.42393,15.99751,15.67957,756,301,1,349,3.13004e+17,GALAXY,0.06768384,278,51900,14
1.23765e+18,168.2343056,-0.909841513,17.42361,16.74066,16.7125,16.55505,16.465,756,301,1,350,3.14207e+17,GALAXY,0.03961598,279,51984,293
1.23765e+18,168.2960197,-0.991964046,19.18801,17.95478,17.27604,16.86184,16.63637,756,301,1,350,3.14205e+17,GALAXY,0.07720377,279,51984,287
1.23765e+18,168.3074654,-1.008769643,19.2317,18.02791,17.35492,16.90707,16.64611,756,301,1,351,3.14204e+17,GALAXY,0.1225397,279,51984,284
1.23765e+18,168.3264227,-1.044009492,18.68969,17.3584,16.84253,16.51963,16.44529,756,301,1,351,3.14205e+17,GALAXY,0.06833749,279,51984,288
1.23765e+18,168.3664906,-0.902642536,18.84924,17.28942,16.72423,16.45276,16.24454,756,301,1,351,3.14197e+17,GALAXY,0.04097719,279,51984,259
1.23765e+18,168.4911398,-0.912766677,18.63018,18.47681,18.12842,17.9927,17.93019,756,301,1,352,3.14198e+17,QSO,1.149401,279,51984,260
1.23765e+18,168.614369,-0.850021702,18.98843,18.11845,17.8544,17.59456,17.4234,756,301,1,353,3.14184e+17,GALAXY,0.06899185,279,51984,209
1.23765e+18,168.6329805,-0.847124542,18.2854,16.75177,15.99699,15.58379,15.25092,756,301,1,353,3.14186e+17,GALAXY,0.06885027,279,51984,217
1.23765e+18,168.6472623,-0.867584973,18.62882,17.63196,17.30486,16.99532,16.89513,756,301,1,353,3.14181e+17,GALAXY,0.06922865,279,51984,201
1.23765e+18,168.9250265,-0.988392699,18.37166,17.14814,16.67478,16.48941,16.43557,756,301,1,355,3.14184e+17,STAR,0.000206315,279,51984,211
1.23765e+18,169.1037278,-1.038752643,19.29859,18.96264,19.10181,18.89209,18.59282,756,301,1,356,3.14161e+17,QSO,0.4455388,279,51984,126
1.23765e+18,169.1417927,-1.028029091,18.31851,16.30556,15.33855,14.87719,14.51697,756,301,1,356,3.14162e+17,GALAXY,0.07437177,279,51984,130
1.23765e+18,169.15749,-0.87301136,18.16316,16.88088,16.2274,15.87955,15.63534,756,301,1,356,3.1415e+17,GALAXY,0.07517696,279,51984,87
1.23765e+18,169.0728691,-0.905184548,19.34911,18.23343,17.6957,17.34042,17.17454,756,301,1,356,3.14148e+17,GALAXY,0.07510134,279,51984,81
1.23765e+18,169.1098898,-0.95585126,19.28165,17.11189,16.03327,15.53915,15.14538,756,301,1,356,3.14162e+17,GALAXY,0.07395959,279,51984,131
1.23765e+18,169.1234356,-0.91113712,18.68687,16.64324,15.72091,15.30344,14.97742,756,301,1,356,3.14149e+17,GALAXY,0.0762095,279,51984,82
1.23765e+18,169.1582556,-1.027571696,17.94142,15.96831,15.03665,14.56796,14.21394,756,301,1,356,3.14164e+17,GALAXY,0.02708067,279,51984,138
1.23765e+18,169.1238379,-0.867206296,19.36851,18.06758,17.49732,17.15374,16.93287,756,301,1,356,3.14151e+17,GALAXY,0.07536609,279,51984,92
1.23765e+18,169.218268,-0.945469417,19.32548,18.08243,17.47206,17.07072,16.82507,756,301,1,357,3.1415e+17,GALAXY,0.07588968,279,51984,88
1.23765e+18,169.4145145,-1.034401492,18.30759,17.08434,16.37737,15.959,15.70102,756,301,1,358,3.14141e+17,GALAXY,0.07475523,279,51984,54
1.23765e+18,169.4880825,-0.901007731,18.92016,17.68052,17.13866,16.84003,16.58111,756,301,1,358,3.15331e+17,GALAXY,0.04301266,280,51612,289
1.23765e+18,169.7580023,-0.979083843,18.13096,17.09031,16.59908,16.30408,16.09261,756,301,1,360,3.14127e+17,GALAXY,0.04731026,279,51984,4
1.23765e+18,169.7400252,-0.923786368,19.36333,18.21006,17.78238,17.50996,17.33995,756,301,1,360,3.1533e+17,GALAXY,0.05837996,280,51612,282
1.23765e+18,169.8409174,-0.950059283,18.4288,16.56586,15.67248,15.22954,14.91135,756,301,1,361,3.14129e+17,GALAXY,0.07708023,279,51984,9
1.23765e+18,169.8543808,-0.908331154,19.42491,18.43935,18.13196,17.87107,17.72758,756,301,1,361,3.14126e+17,GALAXY,0.05017945,279,51984,1
1.23765e+18,169.9248724,-0.924041921,18.6954,17.36886,16.6312,16.21119,15.95167,756,301,1,361,3.15319e+17,GALAXY,0.1069571,280,51612,243
1.23765e+18,169.9354079,-1.036177615,18.80086,17.64956,17.09324,16.69589,16.51476,756,301,1,361,3.15323e+17,GALAXY,0.0737325,280,51612,260
1.23765e+18,169.9811963,-0.879644851,15.96909,14.38565,13.59178,13.21712,12.90973,756,301,1,362,3.15319e+17,GALAXY,0.02454603,280,51612,244
1.23765e+18,170.006131,-0.967617686,18.28844,16.58588,15.70074,15.23092,14.82473,756,301,1,362,3.15321e+17,GALAXY,0.02477735,280,51612,250
1.23765e+18,170.0770978,-1.029504832,18.97759,17.54116,16.80317,16.41916,16.13312,756,301,1,362,3.15322e+17,GALAXY,0.0893518,280,51612,254
1.23765e+18,170.1465651,-0.882182482,18.38904,17.13838,16.53887,16.12542,15.91946,756,301,1,363,3.15312e+17,GALAXY,0.07410009,280,51612,218
1.23765e+18,170.3354322,-0.879636074,19.20776,18.31507,18.06062,17.95159,17.93716,756,301,1,364,4.24934e+18,STAR,0.001226028,3774,55244,710
1.23765e+18,170.3023074,-0.905678812,18.56586,17.02243,16.19046,15.7528,15.44079,756,301,1,364,3.1531e+17,GALAXY,0.07445212,280,51612,211
1.23765e+18,170.3418376,-0.910095275,18.52837,16.86829,16.10001,15.70684,15.39236,756,301,1,364,3.15308e+17,GALAXY,0.04013307,280,51612,204
1.23765e+18,170.3156959,-0.892965436,18.89444,17.71186,17.20893,16.9027,16.717,756,301,1,364,3.15311e+17,GALAXY,0.04032306,280,51612,214
1.23765e+18,170.4750221,-0.938130146,18.36688,16.67468,15.83401,15.38898,15.07309,756,301,1,365,3.15287e+17,GALAXY,0.07401707,280,51612,129
1.23765e+18,170.5163441,-1.011476949,19.12086,18.02803,17.54961,17.21422,17.12807,756,301,1,365,3.15285e+17,GALAXY,0.07344522,280,51612,121
1.23765e+18,170.4081037,-0.864570301,19.53619,18.26872,17.67361,17.34783,17.19822,756,301,1,365,3.1529e+17,GALAXY,0.1046837,280,51612,138
1.23765e+18,170.575252,-0.951015797,18.36361,17.06105,16.55137,16.37948,16.29799,756,301,1,366,3.15276e+17,STAR,4.31e-07,280,51612,86
1.23765e+18,170.6338247,-0.84115882,17.20559,15.44111,14.5656,14.11913,13.74202,756,301,1,366,3.15276e+17,GALAXY,0.02444746,280,51612,88
1.23765e+18,170.6854166,-0.860602465,19.59237,18.63901,18.33117,18.20185,18.17282,756,301,1,366,4.24936e+18,STAR,0.000790902,3774,55244,760
1.23765e+18,170.8296691,-0.922615528,15.69127,14.54646,13.93482,13.61743,13.33033,756,301,1,367,3.16459e+17,GALAXY,0.008728048,281,51614,296
1.23765e+18,170.7215664,-0.931179256,17.8385,16.62234,15.97066,15.63566,15.32136,756,301,1,367,3.15279e+17,GALAXY,0.02435665,280,51612,100
1.23765e+18,170.7343545,-0.85327162,18.74713,17.5313,17.06492,16.75348,16.52612,756,301,1,367,3.15276e+17,GALAXY,0.0400748,280,51612,89
1.23765e+18,170.9024225,-0.928048375,19.10524,18.13657,17.70192,17.51335,17.41208,756,301,1,368,3.64011e+18,STAR,0.000946456,3233,54891,279
1.23765e+18,170.8651981,-0.998434352,19.37128,17.95214,17.24973,16.85315,16.56933,756,301,1,368,3.15264e+17,GALAXY,0.07410645,280,51612,44
1.23765e+18,170.9449496,-1.041595312,18.71382,17.77609,17.37881,17.18432,17.03267,756,301,1,368,3.1646e+17,GALAXY,0.0188818,281,51614,300
1.23765e+18,217.6546092,-0.796908204,18.1821,17.17217,17.00973,16.96856,16.9723,752,301,2,495,3.44595e+17,STAR,-0.000282208,306,51637,255
1.23765e+18,217.6867486,-0.798623421,18.33468,17.23825,16.69972,16.40262,16.17358,752,301,2,495,3.44584e+17,GALAXY,0.03509942,306,51637,215
1.23765e+18,217.7372266,-0.795779307,19.42584,18.49729,18.17832,18.07522,18.06933,752,301,2,495,4.53187e+18,STAR,7.07e-05,4025,55350,438
1.23765e+18,217.7568882,-0.714354866,19.35404,18.95487,18.80834,18.80874,18.05151,752,301,2,496,3.44584e+17,QSO,0.3336057,306,51637,214
1.23765e+18,217.8469114,-0.660250341,19.57876,18.45859,17.84497,17.44664,17.22543,752,301,2,496,3.44584e+17,GALAXY,0.1328907,306,51637,213
1.23765e+18,217.9931809,-0.717755553,19.30368,19.15738,18.89601,18.83126,18.96146,752,301,2,497,3.44563e+17,QSO,1.330128,306,51637,138
1.23765e+18,218.1851716,-0.788311011,19.11166,18.10788,17.8098,17.51987,17.421,752,301,2,498,3.44559e+17,GALAXY,0.05520416,306,51637,121
1.23765e+18,218.3128439,-0.824613198,18.90945,16.89683,15.90006,15.45898,15.08494,752,301,2,499,3.44552e+17,GALAXY,0.0888958,306,51637,95
1.23765e+18,218.376003,-0.810341463,18.75021,17.39184,16.71036,16.33653,16.06774,752,301,2,500,3.44552e+17,GALAXY,0.05578163,306,51637,97
1.23765e+18,218.3636164,-0.800619651,19.49202,17.27975,16.63279,16.27065,16.05526,752,301,2,500,3.44553e+17,GALAXY,0.05554468,306,51637,100
1.23765e+18,218.3755178,-0.831153729,18.92757,16.93912,16.02978,15.60067,15.25112,752,301,2,500,3.4455e+17,GALAXY,0.05591327,306,51637,91
1.23765e+18,218.427367,-0.800349155,18.43606,17.41866,16.82894,16.43812,16.19393,752,301,2,500,3.44552e+17,GALAXY,0.05620326,306,51637,96
1.23765e+18,218.5196049,-0.674836156,19.0402,18.97301,18.64577,18.50916,18.57669,752,301,2,501,3.45736e+17,QSO,1.380833,307,51663,308
1.23765e+18,218.6167328,-0.660256616,18.62308,17.3915,17.57241,17.64577,17.71435,752,301,2,501,3.45735e+17,STAR,-0.000311667,307,51663,304
1.23765e+18,218.7509122,-0.768421155,18.42516,18.57071,18.43024,18.40806,18.35974,752,301,2,502,3.44526e+17,STAR,-0.000119822,306,51637,4
1.23765e+18,218.6990946,-0.628445067,19.33512,17.29455,16.26015,15.80484,15.46868,752,301,2,502,4.53183e+18,GALAXY,0.1064137,4025,55350,290
1.23765e+18,218.7234358,-0.637593131,18.7802,17.39337,16.59262,16.14241,15.87195,752,301,2,502,3.45734e+17,GALAXY,0.137272,307,51663,302
1.23765e+18,218.7731838,-0.68798038,19.13739,17.97111,17.36914,16.99072,16.7819,752,301,2,502,3.44529e+17,GALAXY,0.10744,306,51637,14
1.23765e+18,218.773441,-0.760035997,19.46136,17.50455,16.56508,16.1375,15.81092,752,301,2,502,3.44528e+17,GALAXY,0.08127476,306,51637,10
1.23765e+18,219.0805886,-0.702244612,19.48291,18.27766,17.56477,17.05985,16.80901,752,301,2,504,3.45719e+17,GALAXY,0.1060646,307,51663,245
1.23765e+18,219.1185889,-0.644499939,18.72055,18.56089,18.44526,18.26687,18.04005,752,301,2,505,3.4453e+17,QSO,2.050211,306,51637,16
1.23765e+18,219.1236303,-0.755380315,16.47707,15.33635,15.38464,15.45339,15.5344,752,301,2,505,3.45721e+17,STAR,-0.000364328,307,51663,253
1.23765e+18,219.1469496,-0.764693597,18.82215,17.78672,17.26291,16.88925,16.68503,752,301,2,505,3.44528e+17,GALAXY,0.1063798,306,51637,11
1.23765e+18,219.1974672,-0.759504418,18.50526,17.29201,16.80853,16.55174,16.35663,752,301,2,505,3.4453e+17,GALAXY,0.03776548,306,51637,18
1.23765e+18,219.2423208,-0.701896752,19.02089,18.1265,17.90162,17.81038,17.84084,752,301,2,506,1.03485e+18,STAR,0.000406841,919,52409,536
1.23765e+18,219.4649552,-0.672429378,19.2626,17.31194,16.36349,15.92239,15.56681,752,301,2,507,3.45701e+17,GALAXY,0.08126968,307,51663,182
1.23765e+18,219.5492579,-0.757294516,17.9763,17.08,16.7816,16.66504,16.64398,752,301,2,508,4.53176e+18,STAR,-2.75e-05,4025,55350,38
1.23765e+18,219.6050047,-0.678387636,18.9988,17.60707,16.87988,16.47918,16.26476,752,301,2,508,3.45699e+17,GALAXY,0.07226308,307,51663,173
1.23765e+18,219.6605835,-0.786167116,18.84921,17.92129,17.39355,17.08499,16.92047,752,301,2,508,3.45688e+17,GALAXY,0.1940485,307,51663,134
1.23765e+18,219.818739,-0.775315531,18.83069,18.54494,18.64672,18.51965,18.56865,752,301,2,509,3.45676e+17,QSO,0.5896969,307,51663,91
1.23765e+18,219.9583455,-0.718152099,14.87345,13.67899,13.528,13.65715,14.42121,752,301,2,510,4.53308e+18,GALAXY,0.005896059,4026,55325,750
1.23765e+18,219.9585011,-0.706387006,18.19187,18.48101,24.80204,24.36181,22.82691,752,301,2,510,3.45679e+17,GALAXY,0.005982158,307,51663,99
1.23765e+18,219.9049756,-0.770377213,19.48925,17.67984,16.69324,16.14979,15.68991,752,301,2,510,3.45678e+17,GALAXY,0.071994,307,51663,96
1.23765e+18,220.0484903,-0.753290831,19.28437,18.04276,17.27306,16.81704,16.54172,752,301,2,511,3.45678e+17,GALAXY,0.1787808,307,51663,97
1.23765e+18,220.0515009,-0.691302095,18.90925,17.46945,16.60372,16.14974,15.93569,752,301,2,511,3.45681e+17,GALAXY,0.1379324,307,51663,107
1.23765e+18,220.0856035,-0.767797265,19.38025,17.96329,17.4188,17.07795,16.94486,752,301,2,511,3.45668e+17,GALAXY,0.08027805,307,51663,60
1.23765e+18,220.1816878,-0.831201766,19.48379,18.34287,17.60297,17.16816,16.91958,752,301,2,512,3.45663e+17,GALAXY,0.1814919,307,51663,43
1.23765e+18,220.3376748,-0.75953957,17.87141,16.70095,16.11312,15.65448,15.44565,752,301,2,513,3.4686e+17,GALAXY,0.07990022,308,51662,302
1.23765e+18,220.3507139,-0.751849673,19.4619,18.18478,17.50857,17.10901,16.87852,752,301,2,513,3.45657e+17,GALAXY,0.08001003,307,51663,19
1.23765e+18,220.6784004,-0.675305065,19.0967,17.50941,16.77004,16.35425,16.08969,752,301,2,515,3.45658e+17,GALAXY,0.07990946,307,51663,24
1.23765e+18,220.7144953,-0.643185926,18.45205,16.96424,16.35581,16.07859,15.94818,752,301,2,515,3.30347e+18,STAR,-0.000834607,2934,54626,304
1.23765e+18,220.7318386,-0.721281598,19.33014,18.34351,18.12662,18.01338,18.04648,752,301,2,515,3.30344e+18,GALAXY,0.0,2934,54626,192
1.23765e+18,220.7359776,-0.810836886,18.86021,17.68553,17.28192,17.05204,16.96202,752,301,2,515,3.46851e+17,GALAXY,0.0449921,308,51662,268
1.23765e+18,220.7769458,-0.808875152,16.17123,14.95535,14.51285,14.34609,14.31806,752,301,2,516,3.45657e+17,STAR,-0.000456949,307,51663,20
1.23765e+18,220.8570891,-0.669616024,18.14471,17.23286,16.87227,16.70683,16.66756,752,301,2,516,3.27533e+18,STAR,0.000181758,2909,54653,304
1.23765e+18,220.7893692,-0.660813845,19.52782,18.7546,18.30106,17.92418,17.82829,752,301,2,516,3.4566e+17,GALAXY,0.1501597,307,51663,31
1.23765e+18,220.7894569,-0.628608401,19.51536,17.29558,16.44006,16.13251,15.96793,752,301,2,516,3.30347e+18,STAR,-1.97e-05,2934,54626,305
1.23765e+18,220.8619331,-0.720904707,19.59464,17.47107,16.30125,15.81217,15.43324,752,301,2,516,3.46852e+17,GALAXY,0.1498616,308,51662,273
1.23765e+18,221.0268903,-0.683674563,18.03252,16.86871,16.45892,16.2978,16.2526,752,301,2,517,3.27532e+18,STAR,1.78e-05,2909,54653,291
1.23765e+18,196.9801176,0.290259806,19.08033,18.91749,18.96549,18.84242,18.85851,745,301,4,255,3.31147e+17,QSO,1.650882,294,51986,483
1.23765e+18,196.9913989,0.402556931,17.0666,15.98509,15.47909,15.26574,15.20042,745,301,4,255,3.26634e+18,STAR,-0.000413289,2901,54652,383
1.23765e+18,197.0316232,0.251355489,15.85734,14.67133,14.90088,15.06944,15.15851,745,301,4,256,3.26634e+18,STAR,0.000617976,2901,54652,393
1.23765e+18,197.0866929,0.225039304,16.57125,16.22367,16.50771,16.75267,17.01978,745,301,4,256,8.39487e+18,STAR,0.00015927,7456,56727,572
1.23765e+18,197.1076146,0.396627004,19.02723,18.71725,18.78498,18.68171,18.70596,745,301,4,256,3.31155e+17,QSO,0.6261772,294,51986,510
1.23765e+18,197.019102,0.240643906,19.24526,17.36073,16.41886,15.97432,15.60528,745,301,4,256,3.31147e+17,GALAXY,0.08095076,294,51986,482
1.23765e+18,197.030411,0.239345162,19.599,17.34419,16.3808,16.02639,15.82839,745,301,4,256,8.39487e+18,STAR,-8.24e-07,7456,56727,571
1.23765e+18,197.1027286,0.346563538,19.37188,18.30153,17.70413,17.33631,17.10646,745,301,4,256,3.31156e+17,GALAXY,0.1390111,294,51986,516
1.23765e+18,197.1601882,0.248420151,19.46476,18.13676,17.56402,17.33278,17.19045,745,301,4,256,8.39487e+18,STAR,0.000125019,7456,56727,578
1.23765e+18,197.212436,0.405354395,18.98945,17.06368,16.07585,15.62688,15.28687,745,301,4,257,4.56238e+18,GALAXY,0.09608191,4052,55600,860
1.23765e+18,197.2332407,0.257804352,18.25614,17.10013,16.65093,16.44066,16.4368,745,301,4,257,8.39488e+18,STAR,7.16e-05,7456,56727,617
1.23765e+18,197.2514373,0.382719874,17.67794,16.80319,16.56174,16.46761,16.45652,745,301,4,257,8.39488e+18,STAR,0.000186725,7456,56727,607
1.23765e+18,197.2990316,0.275832105,19.15806,17.86659,17.38871,17.21495,17.14319,745,301,4,257,3.32234e+17,STAR,-4.44e-05,295,51985,341
1.23765e+18,197.18088,0.315741559,19.21401,17.77855,17.20287,16.99338,16.91614,745,301,4,257,8.39488e+18,STAR,0.00019183,7456,56727,608
1.23765e+18,197.2710535,0.348054876,19.19791,17.82688,17.10475,16.67747,16.45676,745,301,4,257,3.31154e+17,GALAXY,0.09656057,294,51986,507
1.23765e+18,197.3168208,0.261952302,19.25863,16.59437,15.46699,14.98827,14.70724,745,301,4,257,3.26636e+18,STAR,0.000198874,2901,54652,437
1.23765e+18,197.3466564,0.262745634,16.88993,15.60528,15.12328,14.93899,14.86091,745,301,4,258,3.26635e+18,STAR,4.6e-05,2901,54652,424
1.23765e+18,197.3478033,0.30719249,16.40334,14.96957,14.47935,14.31714,14.26155,745,301,4,258,3.26635e+18,STAR,-3.59e-05,2901,54652,423
1.23765e+18,197.3605671,0.359869123,18.73778,17.42835,16.90028,16.68696,16.573,745,301,4,258,8.39488e+18,STAR,6.22e-05,7456,56727,606
1.23765e+18,197.3516902,0.236357541,19.28066,18.50669,17.9521,17.57351,17.44339,745,301,4,258,3.31164e+17,GALAXY,0.1380137,294,51986,542
1.23765e+18,197.3935842,0.314839483,18.90059,18.10989,17.81796,17.33779,17.39724,745,301,4,258,3.32238e+17,GALAXY,0.08317149,295,51985,355
1.23765e+18,197.4791833,0.389937163,19.02806,17.90699,17.42711,17.22114,17.16585,745,301,4,259,8.39489e+18,STAR,0.000195224,7456,56727,644
1.23765e+18,197.6402559,0.251343679,17.32039,15.78474,15.17348,14.94684,14.85272,745,301,4,260,3.26636e+18,STAR,-1.1e-05,2901,54652,462
1.23765e+18,197.7115371,0.405890825,18.58982,17.15462,16.58877,16.34421,16.23034,745,301,4,260,8.3949e+18,STAR,0.000390792,7456,56727,692
1.23765e+18,197.6376263,0.303936906,19.15897,17.74275,17.15339,16.77975,16.57415,745,301,4,260,3.32235e+17,GALAXY,0.06274281,295,51985,342
1.23765e+18,197.8854901,0.383905071,19.3753,18.0161,17.42619,17.05678,16.93502,745,301,4,261,3.32247e+17,GALAXY,0.08190007,295,51985,386
1.23765e+18,197.9026243,0.402874387,19.16981,18.13101,17.98464,17.88616,17.90711,745,301,4,261,3.31189e+17,STAR,-2.54e-05,294,51986,634
1.23765e+18,197.9699985,0.305695415,18.11378,16.93299,16.52764,16.38774,16.35093,745,301,4,262,8.39491e+18,STAR,9.4e-05,7456,56727,737
1.23765e+18,198.0130739,0.250584499,17.71844,16.8547,16.5412,16.42808,16.37861,745,301,4,262,4.56215e+18,STAR,-0.000776766,4052,55589,16
1.23765e+18,198.0338515,0.349438358,18.79103,18.47378,18.34992,17.56652,16.93372,745,301,4,262,4.56242e+18,STAR,-6.77e-05,4052,55600,998
1.23765e+18,198.0463657,0.376969449,18.41826,17.37373,16.93425,16.74035,16.66368,745,301,4,262,8.39492e+18,STAR,1.9e-05,7456,56727,767
1.23765e+18,198.005047,0.280874718,19.39705,17.98851,17.46944,17.26207,17.17578,745,301,4,262,8.39491e+18,STAR,0.000258461,7456,56727,724
1.23765e+18,198.1097229,0.368035023,16.59933,15.67181,15.38028,15.27414,15.26084,745,301,4,263,3.26637e+18,STAR,0.000129293,2901,54652,483
1.23765e+18,198.127972,0.284690254,18.80575,17.30026,16.71039,16.47864,16.35968,745,301,4,263,8.39492e+18,STAR,9.65e-05,7456,56727,774
1.23765e+18,198.1377972,0.311058948,16.67747,15.2932,14.70304,14.47202,14.36434,745,301,4,263,3.26637e+18,STAR,-0.000824232,2901,54652,482
1.23765e+18,198.1695055,0.288230145,18.36971,17.43194,17.00793,16.87485,16.81965,745,301,4,263,3.26637e+18,STAR,0.000308189,2901,54652,503
1.23765e+18,198.1922715,0.245618781,19.17945,16.75815,15.66607,15.31109,15.11433,745,301,4,263,3.29452e+18,STAR,-0.000132622,2926,54625,513
1.23765e+18,198.2056672,0.226667491,16.60868,14.99281,14.40696,14.24575,14.17433,745,301,4,263,3.26638e+18,STAR,1.15e-05,2901,54652,509
1.23765e+18,198.2067257,0.221016308,18.06596,17.16684,16.91481,16.8295,16.82345,745,301,4,263,3.3226e+17,STAR,-0.000384202,295,51985,433
1.23765e+18,198.2093619,0.308285292,19.1515,18.22901,17.79418,17.6451,17.59949,745,301,4,263,8.39493e+18,STAR,-8.1e-06,7456,56727,802
1.23765e+18,198.0742095,0.279803773,19.2407,17.26921,16.29315,15.81467,15.44044,745,301,4,263,3.32247e+17,GALAXY,0.08273041,295,51985,387
1.23765e+18,198.0887549,0.307899806,18.16785,17.26439,17.02209,16.8038,16.67497,745,301,4,263,3.32261e+17,GALAXY,0.04045619,295,51985,440
1.23765e+18,198.1108353,0.410274861,19.04386,17.90464,17.36408,16.94839,16.79804,745,301,4,263,3.32261e+17,GALAXY,0.06381848,295,51985,437
1.23765e+18,198.1488322,0.226295809,19.11343,17.9653,17.61373,17.31045,17.45056,745,301,4,263,3.32258e+17,GALAXY,0.08184123,295,51985,426
1.23765e+18,237.6010942,0.37632958,19.28897,17.2499,16.20603,15.70916,15.33997,745,301,4,527,3.8522e+17,GALAXY,0.09288901,342,51691,590
1.23765e+18,237.7193004,0.401334868,19.5355,17.83886,17.13259,16.79114,16.63723,745,301,4,528,3.86279e+17,GALAXY,0.03279805,343,51692,345
1.23765e+18,237.7242403,0.366076052,17.67138,16.43121,15.9767,15.81675,15.74311,745,301,4,528,3.86277e+17,STAR,-0.000435991,343,51692,341
1.23765e+18,237.7449036,0.26991156,17.36944,16.04986,15.56188,15.38575,15.29693,745,301,4,528,3.8628e+17,STAR,-0.000144657,343,51692,350
1.23765e+18,237.7982993,0.319624301,18.89587,16.81954,15.80379,15.35104,14.96098,745,301,4,528,3.85221e+17,GALAXY,0.09306214,342,51691,592
1.23765e+18,237.7994179,0.297335296,18.30356,16.83746,16.1022,15.72913,15.42962,745,301,4,528,3.86282e+17,GALAXY,0.03353775,343,51692,357
1.23765e+18,152.4245732,1.237479666,19.55563,18.06957,17.68048,17.41951,17.28463,756,301,6,244,5.65261e+17,GALAXY,0.0450184,502,51957,214
1.23765e+18,152.4750461,1.237746672,19.14366,18.99463,18.76132,18.79061,18.78836,756,301,6,245,5.65261e+17,QSO,1.042593,502,51957,215
1.23765e+18,152.4431394,1.162641822,19.04543,17.27569,16.44287,16.01445,15.66356,756,301,6,245,5.65262e+17,GALAXY,0.04530725,502,51957,219
1.23765e+18,152.4647598,1.224335708,16.69156,15.18451,14.43253,14.01346,13.72417,756,301,6,245,5.33458e+18,GALAXY,0.04545756,4738,55650,248
1.23765e+18,152.4768409,1.198131986,19.43209,18.09551,17.34044,16.89151,16.58007,756,301,6,245,5.65257e+17,GALAXY,0.1298402,502,51957,202
1.23765e+18,152.5079868,1.199181673,18.76274,16.92715,16.15112,15.78042,15.47406,756,301,6,245,5.65258e+17,GALAXY,0.04436966,502,51957,204
1.23765e+18,152.5235517,1.220902811,19.02589,17.12682,16.29243,15.89498,15.56728,756,301,6,245,5.65258e+17,GALAXY,0.04486851,502,51957,206
1.23765e+18,152.669454,1.257507186,19.03805,17.84976,17.41841,17.26789,17.18525,756,301,6,246,3.04115e+17,STAR,-0.000273898,270,51909,443
1.23765e+18,152.6207209,1.116277369,17.77078,15.93124,14.98941,14.52409,14.17011,756,301,6,246,5.65259e+17,GALAXY,0.1019972,502,51957,207
1.23765e+18,152.7349489,1.072062414,17.61497,16.47972,15.99746,15.73807,15.54223,756,301,6,246,5.65259e+17,GALAXY,0.02156757,502,51957,208
1.23765e+18,152.8863603,1.131973022,19.20716,18.04355,17.51539,17.29384,17.18084,756,301,6,247,3.04152e+17,STAR,0.000208862,270,51909,580
1.23765e+18,152.7718346,1.224076234,17.61597,15.98157,15.24353,14.84552,14.54923,756,301,6,247,5.65236e+17,GALAXY,0.03315181,502,51957,126
1.23765e+18,152.7750189,1.225430004,19.37248,18.47822,17.98285,17.79496,17.70057,756,301,6,247,3.04138e+17,GALAXY,0.03307562,270,51909,526
1.23765e+18,152.8682775,1.220617644,19.5888,17.97792,16.8938,16.41125,16.10653,756,301,6,247,5.65238e+17,GALAXY,0.2163979,502,51957,131
1.23765e+18,153.0112856,1.20758726,19.06962,17.87934,17.31523,17.01576,16.78754,756,301,6,248,5.65228e+17,GALAXY,0.07161535,502,51957,97
1.23765e+18,153.1052583,1.245808925,18.0308,17.00994,16.57986,16.35415,16.15881,756,301,6,249,5.65229e+17,GALAXY,0.02145526,502,51957,98
1.23765e+18,153.1717949,1.194109608,18.655,17.5582,17.15295,16.84026,16.68763,756,301,6,249,5.65217e+17,GALAXY,0.1047369,502,51957,54
1.23765e+18,153.2074924,1.109990129,18.76646,16.86317,15.8954,15.43303,15.11159,756,301,6,250,5.65217e+17,GALAXY,0.09443381,502,51957,57
1.23765e+18,153.3002399,1.247054305,18.0561,16.80105,16.12383,15.70936,15.44995,756,301,6,250,5.65218e+17,GALAXY,0.10539,502,51957,58
1.23765e+18,153.3277614,1.06815729,19.13091,17.72634,17.08864,16.71853,16.51603,756,301,6,250,5.65214e+17,GALAXY,0.0871662,502,51957,44
1.23765e+18,153.4285722,1.130847209,19.21488,17.08931,16.02613,15.53374,15.13645,756,301,6,251,5.65217e+17,GALAXY,0.0949353,502,51957,56
1.23765e+18,153.4556282,1.159870975,19.2383,17.62852,16.78405,16.35833,16.02605,756,301,6,251,5.65218e+17,GALAXY,0.1063452,502,51957,59
1.23765e+18,153.6906605,1.13283623,18.78711,17.84548,17.48812,17.33874,17.30429,756,301,6,253,3.05207e+17,STAR,0.00127836,271,51883,321
1.23765e+18,153.711653,1.083750142,17.50467,16.30947,16.5043,16.66092,16.75198,756,301,6,253,5.65206e+17,STAR,0.000846444,502,51957,14
1.23765e+18,153.6568818,1.157442441,19.32698,17.61569,16.86126,16.54842,16.30276,756,301,6,253,5.65205e+17,GALAXY,0.1441024,502,51957,12
1.23765e+18,153.6725532,1.11166574,18.97931,17.88347,17.51072,17.2095,17.12064,756,301,6,253,5.65203e+17,GALAXY,0.04573302,502,51957,6
1.23765e+18,153.7976438,1.143537139,19.25786,17.97831,17.24437,16.82677,16.57195,756,301,6,254,5.65203e+17,GALAXY,0.1063788,502,51957,3
1.23765e+18,153.8320532,1.061585039,19.55634,18.02719,17.18931,16.89634,16.71333,756,301,6,254,3.05218e+17,GALAXY,0.2158133,271,51883,362
1.23765e+18,153.8922174,1.093818309,18.57414,17.11098,16.25908,15.82328,15.48417,756,301,6,254,5.65205e+17,GALAXY,0.1215596,502,51957,10
1.23765e+18,153.9877204,1.15381845,17.07085,16.71699,16.6476,16.7711,16.59612,756,301,6,255,5.65203e+17,QSO,0.7795105,502,51957,5
1.23765e+18,154.0389456,1.191166592,17.61746,16.4122,15.98447,15.74757,15.56438,756,301,6,255,5.66405e+17,GALAXY,0.02155589,503,51999,283
1.23765e+18,154.0505802,1.199123741,19.23519,18.89,18.95003,19.07615,19.20297,756,301,6,255,5.65209e+17,STAR,-0.00010862,502,51957,26
1.23765e+18,154.1036319,1.168798943,18.04258,17.2086,16.90108,16.76781,16.72614,756,301,6,256,3.05242e+17,STAR,0.000114428,271,51883,449
1.23765e+18,154.2126192,1.074948421,17.83644,16.45153,15.75567,15.31426,15.02993,756,301,6,256,5.6641e+17,GALAXY,0.07803778,503,51999,300
1.23765e+18,154.2579488,1.101037656,17.74879,16.44325,15.82436,15.44415,15.19481,756,301,6,257,5.66409e+17,GALAXY,0.07814045,503,51999,296
1.23765e+18,154.266756,1.056123625,17.83175,16.67174,16.10953,15.74649,15.50305,756,301,6,257,3.05242e+17,GALAXY,0.04510868,271,51883,448
1.23765e+18,154.5210088,1.189890351,16.54127,16.31457,16.43586,16.56162,16.72665,756,301,6,258,4.3135e+18,QSO,4.106183,3831,55543,634
1.23765e+18,154.6057635,1.182180218,19.32207,17.56643,17.21467,16.92383,17.25393,756,301,6,259,5.66396e+17,GALAXY,0.0216586,503,51999,248
1.23765e+18,154.5535756,1.219595293,19.25907,17.39817,16.49279,16.09397,15.79501,756,301,6,259,5.66399e+17,GALAXY,0.07836048,503,51999,260
1.23765e+18,154.7994143,1.089689479,18.71557,18.6278,18.44508,18.53773,18.69283,756,301,6,260,5.66386e+17,QSO,1.137209,503,51999,212
1.23765e+18,154.8251937,1.142630959,18.58222,17.22177,16.64602,16.31461,16.10627,756,301,6,260,5.66388e+17,GALAXY,0.07397179,503,51999,219
1.23765e+18,154.8691925,1.062655942,19.55717,17.6852,16.67979,16.11066,15.64321,756,301,6,261,5.66388e+17,GALAXY,0.06540167,503,51999,218
1.23765e+18,154.9559722,1.243549204,18.26004,17.16284,16.72449,16.45731,16.32113,756,301,6,261,5.66361e+17,GALAXY,0.03345598,503,51999,122
1.23765e+18,155.0489806,1.155278277,19.41585,18.28268,17.78875,17.46537,17.32886,756,301,6,262,5.66364e+17,GALAXY,0.07831281,503,51999,133
1.23765e+18,155.0696708,1.204058619,17.27793,15.39798,14.49034,14.04542,13.73724,756,301,6,262,5.66362e+17,GALAXY,0.06591275,503,51999,124
1.23765e+18,155.1264549,1.126805117,19.20076,17.59107,16.75358,16.33034,15.9933,756,301,6,262,5.66363e+17,GALAXY,0.06650477,503,51999,130
1.23765e+18,155.1375551,1.198623665,19.25748,17.9559,17.27582,16.90972,16.65351,756,301,6,263,3.05273e+17,GALAXY,0.07774104,271,51883,561
1.23765e+18,155.2322152,1.236066224,18.59403,16.49031,15.55962,15.1101,14.78392,756,301,6,263,5.66353e+17,GALAXY,0.07090618,503,51999,92
1.23765e+18,155.3755049,1.073563392,19.24335,17.02086,16.01241,15.58003,15.24375,756,301,6,264,5.66354e+17,GALAXY,0.1096763,503,51999,95
1.23765e+18,58.38530393,-4.892981121,17.4646,15.81467,15.17846,14.96073,14.85686,1045,301,6,163,8.16632e+18,STAR,0.000154243,7253,56598,594
1.23765e+18,58.31370975,-4.944665816,19.36018,19.08618,18.82596,18.58457,18.1501,1045,301,6,163,5.21457e+17,QSO,0.377274,463,51908,602
1.23765e+18,58.42636535,-4.869025531,16.06003,14.93346,14.58218,14.47306,14.46438,1045,301,6,164,8.1663e+18,STAR,1.39e-05,7253,56598,543
1.23765e+18,58.54192416,-4.845450438,19.1654,17.56709,16.92774,16.70421,16.62965,1045,301,6,164,8.16631e+18,STAR,7.41e-05,7253,56598,590
1.23765e+18,58.58679608,-4.799623882,19.30286,18.22176,17.67342,17.31909,17.15182,1045,301,6,165,5.22517e+17,GALAXY,0.1360233,464,51908,360
1.23765e+18,58.63030714,-4.880621069,19.27865,18.35464,17.89563,17.67421,17.59426,1045,301,6,165,8.16632e+18,STAR,7.56e-05,7253,56598,622
1.23765e+18,58.76403936,-4.835815739,18.45958,17.4969,17.08892,16.94098,16.87535,1045,301,6,166,8.16633e+18,STAR,-0.00016849,7253,56598,629
1.23765e+18,58.81055801,-4.825049843,16.91094,17.05339,17.45965,17.78192,18.07425,1045,301,6,166,8.16633e+18,STAR,3.61e-05,7253,56598,635
1.23765e+18,58.81253793,-4.731851087,18.40064,16.86641,16.25243,16.01064,15.90572,1045,301,6,166,8.16632e+18,STAR,-9.64e-06,7253,56598,628
1.23765e+18,58.85084397,-4.840890237,16.9817,15.829,15.45953,15.3419,15.32745,1045,301,6,166,8.16633e+18,STAR,-2.18e-05,7253,56598,636
1.23765e+18,58.69386005,-4.705502181,17.90676,16.0509,15.08119,14.56337,14.16487,1045,301,6,166,5.22512e+17,GALAXY,0.07366988,464,51908,345
1.23765e+18,58.85971759,-4.707302187,17.31259,16.20225,15.9609,15.89527,15.91309,1045,301,6,167,8.16634e+18,STAR,1.21e-05,7253,56598,667
1.23765e+18,58.89768364,-4.857485161,18.86997,17.19745,16.4988,16.23803,16.1476,1045,301,6,167,8.16634e+18,STAR,0.00015802,7253,56598,666
1.23765e+18,58.87368731,-4.767524853,19.44398,17.48219,16.45308,15.9538,15.59628,1045,301,6,167,5.22513e+17,GALAXY,0.1118834,464,51908,346
1.23765e+18,59.01146872,-4.756783442,18.32714,17.28643,16.88546,16.73507,16.67174,1045,301,6,168,8.16634e+18,STAR,5.07e-05,7253,56598,679
1.23765e+18,59.05843217,-4.804832289,17.31256,15.77721,15.18558,14.97805,14.8891,1045,301,6,168,8.16635e+18,STAR,0.000256572,7253,56598,706
1.23765e+18,59.0411576,-4.759604395,19.56717,18.0529,17.42926,17.18621,17.05442,1045,301,6,168,8.16635e+18,STAR,0.000445358,7253,56598,720
1.23765e+18,59.06213457,-4.689564825,19.48801,18.49938,18.09489,17.92791,17.89598,1045,301,6,168,8.16633e+18,STAR,0.000866475,7253,56598,665
1.23765e+18,59.09927221,-4.835634471,19.22667,17.65897,17.02099,16.76678,16.60402,1045,301,6,168,8.16636e+18,STAR,0.000103513,7253,56598,744
1.23765e+18,59.18804861,-4.733052612,17.14999,15.53806,14.95375,14.78019,14.7281,1045,301,6,169,8.16635e+18,STAR,-2.1e-05,7253,56598,715
1.23765e+18,59.19979505,-4.775556191,16.27797,15.18043,14.83723,14.73255,14.71961,1045,301,6,169,8.16637e+18,STAR,-7.32e-05,7253,56598,784
1.23765e+18,59.28824466,-4.636943391,18.25441,16.37011,15.63517,15.39058,15.28475,1045,301,6,169,8.16634e+18,STAR,0.000121326,7253,56598,701
1.23765e+18,59.25446065,-4.683340463,18.99328,16.9903,15.97517,15.50116,15.10515,1045,301,6,169,5.22535e+17,GALAXY,0.1230585,464,51908,427
1.23765e+18,59.30303193,-4.798898867,19.23201,17.6937,17.05591,16.80889,16.68086,1045,301,6,169,8.16635e+18,STAR,9.35e-05,7253,56598,707
1.23765e+18,59.30425956,-4.634070177,18.15839,16.71997,16.11689,15.8806,15.76301,1045,301,6,170,2.30935e+18,STAR,0.000141305,2051,53738,452
1.23765e+18,59.36763332,-4.596175889,17.60849,16.33108,16.41364,16.52572,16.57423,1045,301,6,170,8.16636e+18,STAR,-0.000316932,7253,56598,747
1.23765e+18,59.40658951,-4.726157605,17.45191,16.01548,15.36322,15.08498,14.92977,1045,301,6,170,8.16636e+18,STAR,-4.11e-05,7253,56598,755
1.23765e+18,59.42089637,-4.627037471,18.02592,16.5476,15.96557,15.77064,15.67873,1045,301,6,170,8.16637e+18,STAR,-0.000256657,7253,56598,798
1.23765e+18,59.36830338,-4.714462655,19.29842,17.3923,16.64095,16.39473,16.28344,1045,301,6,170,8.16636e+18,STAR,5e-05,7253,56598,751
1.23765e+18,59.54081676,-4.61109278,18.0605,16.5254,15.89362,15.65161,15.5303,1045,301,6,171,8.16637e+18,STAR,0.00012349,7253,56598,791
1.23765e+18,59.56557579,-4.726033985,17.95373,16.34397,15.65938,15.39923,15.2676,1045,301,6,171,8.16637e+18,STAR,0.000206494,7253,56598,797
1.23765e+18,59.51382292,-4.709562557,19.18542,17.54737,16.92089,16.70961,16.56578,1045,301,6,171,8.16637e+18,STAR,0.000255435,7253,56598,788
1.23765e+18,59.58063063,-4.730477351,18.39405,17.01081,16.51838,16.39504,16.28194,1045,301,6,171,5.22559e+17,GALAXY,0.01766202,464,51908,514
1.23765e+18,59.730821,-4.618291111,18.4251,17.41724,16.98095,16.79132,16.68794,1045,301,6,172,8.16639e+18,STAR,0.00028376,7253,56598,876
1.23765e+18,59.82676438,-4.720417601,18.8273,18.51203,18.28991,18.21648,17.75834,1045,301,6,173,5.22569e+17,QSO,0.3187545,464,51908,551
1.23765e+18,59.85160582,-4.66559492,18.05356,16.99542,16.68938,16.54909,16.49989,1045,301,6,173,8.16639e+18,STAR,-0.000132475,7253,56598,861
1.23765e+18,59.77673644,-4.611116852,19.44118,18.43829,17.92984,17.73966,17.59829,1045,301,6,173,8.16639e+18,STAR,7.22e-05,7253,56598,873
1.23765e+18,59.83453182,-4.537892305,19.51795,18.21171,17.61263,17.35894,17.20263,1045,301,6,173,8.16639e+18,STAR,0.000495623,7253,56598,864
1.23765e+18,59.89959624,-4.614810653,18.55873,16.66809,15.91681,15.6365,15.50388,1045,301,6,174,8.16639e+18,STAR,0.000240621,7253,56598,865
1.23765e+18,59.98763753,-4.523379186,16.1116,14.8677,14.42196,14.24305,14.18846,1045,301,6,174,8.16639e+18,STAR,-0.000155991,7253,56598,875
1.23765e+18,59.97825979,-4.510053348,16.45363,15.4359,15.03514,14.84339,14.77999,1045,301,6,174,2.30938e+18,STAR,-4.18e-05,2051,53738,566
1.23765e+18,60.04049817,-4.651332088,18.90122,17.8207,17.4615,17.33912,17.31528,1045,301,6,174,8.16639e+18,STAR,-1.35e-05,7253,56598,867
1.23765e+18,60.01466366,-4.62858149,19.17649,18.16442,17.72433,17.53496,17.46324,1045,301,6,174,2.30938e+18,STAR,0.000676711,2051,53738,567
1.23765e+18,60.10844431,-4.582906241,17.77024,16.07702,15.35664,15.07632,14.92324,1045,301,6,175,8.1664e+18,STAR,8.11e-05,7253,56598,903
1.23765e+18,60.08642915,-4.57184111,19.34095,17.86354,17.19691,16.93568,16.78993,1045,301,6,175,8.1664e+18,STAR,0.000102102,7253,56598,916
1.23765e+18,60.47917751,-4.556178943,17.07993,16.11202,15.74807,15.57424,15.5218,1045,301,6,177,1.84099e+18,STAR,0.000463344,1635,53053,528
1.23765e+18,60.40950556,-4.472862373,18.22596,16.27894,15.40097,14.9445,14.58741,1045,301,6,177,5.22578e+17,GALAXY,0.03760754,464,51908,583
1.23765e+18,60.57271299,-4.58059934,18.7131,17.4966,16.99793,16.67445,16.46137,1045,301,6,178,5.2259e+17,GALAXY,0.0663925,464,51908,627
1.23765e+18,61.4014644,-4.345911749,17.04052,16.0118,15.61401,15.46541,15.41217,1045,301,6,184,1.84208e+18,STAR,0.00031376,1636,54481,377
1.23765e+18,61.68444377,-4.447383541,18.00649,16.86183,16.35085,16.04172,15.82114,1045,301,6,185,5.2366e+17,GALAXY,0.03769643,465,51910,425
1.23765e+18,170.9270574,-1.601630962,18.40038,16.90264,16.21492,15.80225,15.53179,1140,301,5,120,3.67137e+17,GALAXY,0.06302842,326,52375,341
1.23765e+18,171.0245697,-1.661562501,19.29403,17.19653,16.29478,15.94609,15.75387,1140,301,5,121,3.64011e+18,STAR,-7.87e-06,3233,54891,291
1.23765e+18,171.2033154,-1.786011044,19.12578,17.86979,17.29695,17.11061,16.96987,1140,301,5,122,3.64011e+18,STAR,0.001083031,3233,54891,288
1.23765e+18,171.2105826,-1.791418817,18.78355,17.8464,17.56002,17.44864,17.42148,1140,301,5,122,4.2494e+18,STAR,0.000401134,3774,55244,934
1.23765e+18,171.1860676,-1.638989615,19.56678,17.04355,15.86895,15.43887,15.18644,1140,301,5,122,3.6401e+18,STAR,-1.04e-05,3233,54891,249
1.23765e+18,171.1897146,-1.754144779,19.00818,17.75351,16.89963,16.48778,16.17722,1140,301,5,122,3.6715e+17,GALAXY,0.16764,326,52375,387
1.23765e+18,171.2794518,-1.666351616,17.86124,16.70618,16.30255,16.15607,16.09617,1140,301,5,123,3.6401e+18,STAR,0.000118588,3233,54891,251
1.23765e+18,171.2825869,-1.741056944,19.57209,18.66038,18.29485,18.11563,18.09745,1140,301,5,123,3.64011e+18,STAR,-9.37e-05,3233,54891,259
1.23765e+18,171.3287433,-1.759006603,19.58683,19.33624,18.70057,18.49169,18.39603,1140,301,5,123,3.67148e+17,GALAXY,0.5193141,326,52375,382
1.23765e+18,171.4356049,-1.628427565,19.21818,18.27535,17.97881,17.86296,17.81514,1140,301,5,124,4.2494e+18,STAR,0.000307898,3774,55244,936
1.23765e+18,171.4852673,-1.612343452,18.5988,17.42717,16.91915,16.71218,16.60089,1140,301,5,124,3.6401e+18,STAR,0.000251575,3233,54891,246
1.23765e+18,171.4349707,-1.713872246,19.2846,18.41819,18.09091,17.96928,17.97007,1140,301,5,124,3.6401e+18,STAR,-2.86e-05,3233,54891,248
1.23765e+18,171.4430576,-1.744339549,19.35172,17.48921,16.53237,16.11364,15.75817,1140,301,5,124,3.67163e+17,GALAXY,0.09917942,326,52375,435
1.23765e+18,171.4714833,-1.760300504,19.32102,18.42561,18.16963,18.07747,18.05392,1140,301,5,124,3.6401e+18,STAR,-0.000393758,3233,54891,253
1.23765e+18,171.4740902,-1.701197862,18.8406,17.87203,17.33263,16.95438,16.75837,1140,301,5,124,3.67171e+17,GALAXY,0.073873,326,52375,464
1.23765e+18,171.6694567,-1.693796295,16.49226,15.15781,14.57813,14.21613,14.00485,1140,301,5,125,3.6717e+17,GALAXY,0.0464054,326,52375,461
1.23765e+18,171.5853541,-1.618243882,18.35952,17.1764,16.67076,16.36164,16.14229,1140,301,5,125,3.67172e+17,GALAXY,0.04700733,326,52375,468
1.23765e+18,171.6383166,-1.636286217,18.12324,16.425,15.60429,15.1953,14.88612,1140,301,5,125,3.67173e+17,GALAXY,0.04587778,326,52375,470
1.23765e+18,171.6385153,-1.692256638,19.42485,17.60938,16.6069,16.05937,15.67408,1140,301,5,125,3.67172e+17,GALAXY,0.0462219,326,52375,467
1.23765e+18,171.6402249,-1.661095238,18.27678,16.45095,15.58895,15.16366,14.83655,1140,301,5,125,3.6717e+17,GALAXY,0.04578008,326,52375,462
1.23765e+18,171.7200123,-1.784614056,18.90334,17.01681,16.10231,15.66007,15.31966,1140,301,5,126,3.67171e+17,GALAXY,0.04447755,326,52375,463
1.23765e+18,171.7508237,-1.666823508,18.66001,17.34741,16.85736,16.57262,16.36939,1140,301,5,126,3.67171e+17,GALAXY,0.0464954,326,52375,465
1.23765e+18,171.7597506,-1.689546908,18.9447,17.33,16.47282,16.04489,15.74978,1140,301,5,126,3.67172e+17,GALAXY,0.09604219,326,52375,469
1.23765e+18,171.8768711,-1.633869463,18.71233,18.11552,18.08501,18.17543,18.29913,1140,301,5,127,4.2662e+18,STAR,-5.02e-05,3789,55269,605
1.23765e+18,171.8691513,-1.597018699,18.75684,17.4161,16.80049,16.43769,16.20769,1140,301,5,127,3.67177e+17,GALAXY,0.07362393,326,52375,485
1.23765e+18,172.0218007,-1.805943597,19.43433,18.36938,18.29519,18.32838,18.37117,1140,301,5,128,3.64007e+18,STAR,0.000751369,3233,54891,138
1.23765e+18,172.0273901,-1.672211958,17.85862,16.72318,16.38669,16.12047,15.98661,1140,301,5,128,3.67183e+17,GALAXY,0.05062586,326,52375,509
1.23765e+18,172.1435587,-1.629571738,16.90785,15.0044,14.10337,13.65961,13.29749,1140,301,5,128,3.67194e+17,GALAXY,0.04252233,326,52375,547
1.23765e+18,172.1418065,-1.801873124,19.07252,17.65769,16.85926,16.43171,16.158,1140,301,5,128,3.67182e+17,GALAXY,0.1048111,326,52375,506
1.23765e+18,172.1853163,-1.72115919,18.32295,17.30176,16.82865,16.64511,16.57886,1140,301,5,129,3.64007e+18,STAR,1.08e-05,3233,54891,128
1.23765e+18,172.228982,-1.697249585,17.55735,16.1935,15.63134,15.40423,15.28214,1140,301,5,129,3.64006e+18,STAR,0.000548863,3233,54891,92
1.23765e+18,172.2905984,-1.711687091,17.32362,15.39717,14.51591,14.10162,13.78616,1140,301,5,129,3.67192e+17,GALAXY,0.04507047,326,52375,542
1.23765e+18,172.1645131,-1.652456433,18.88451,17.79866,17.33333,17.02881,16.84475,1140,301,5,129,3.67192e+17,GALAXY,0.1040311,326,52375,541
1.23765e+18,172.2524904,-1.603332656,19.53276,18.18473,17.39217,17.00557,16.7134,1140,301,5,129,3.67193e+17,GALAXY,0.1047659,326,52375,544
1.23765e+18,172.2908437,-1.768028233,18.95454,17.73131,17.21437,16.93792,16.74145,1140,301,5,129,3.67196e+17,GALAXY,0.04323379,326,52375,554
1.23765e+18,172.3247111,-1.708011932,16.61613,15.26289,14.55272,14.12333,13.7996,1140,301,5,130,3.67193e+17,GALAXY,0.04280156,326,52375,545
1.23765e+18,172.3637709,-1.746921468,16.97701,15.00958,14.12446,13.71308,13.40691,1140,301,5,130,3.67196e+17,GALAXY,0.04299891,326,52375,556
1.23765e+18,172.3878903,-1.668989917,18.95564,17.44995,16.82592,16.58604,16.45495,1140,301,5,130,3.64006e+18,STAR,0.00033368,3233,54891,93
1.23765e+18,172.4190621,-1.792795703,18.22377,17.26962,16.94795,16.84682,16.82217,1140,301,5,130,3.64006e+18,STAR,0.000229452,3233,54891,87
1.23765e+18,172.432933,-1.631183187,18.44306,18.49222,18.1361,18.05167,18.07026,1140,301,5,130,3.67194e+17,QSO,1.293924,326,52375,549
1.23765e+18,172.3411951,-1.76921056,18.84724,17.9925,17.58609,17.21618,17.14507,1140,301,5,130,3.67193e+17,GALAXY,0.09462468,326,52375,546
1.23765e+18,172.411193,-1.808773982,19.53834,17.45543,16.33031,15.90916,15.55498,1140,301,5,130,3.68263e+17,GALAXY,0.1219203,327,52294,342
1.23765e+18,172.5804912,-1.736260542,19.1849,17.57651,16.92769,16.64034,16.49055,1140,301,5,131,3.64005e+18,STAR,0.000174278,3233,54891,51
1.23765e+18,172.543945,-1.723151058,18.86902,17.47062,16.79427,16.37015,16.09595,1140,301,5,131,3.67208e+17,GALAXY,0.09462173,326,52375,597
1.23765e+18,172.651274,-1.625315354,18.70841,17.54517,17.07199,16.87029,16.78082,1140,301,5,132,3.68258e+17,STAR,0.00038423,327,52294,322
1.23765e+18,172.6507473,-1.720764276,17.76512,16.25688,15.62708,15.34574,15.20553,1140,301,5,132,3.64005e+18,STAR,0.000240924,3233,54891,52
1.23765e+18,172.7358969,-1.640564573,17.87404,16.65859,16.1382,15.9065,15.78552,1140,301,5,132,3.64005e+18,STAR,0.001345989,3233,54891,70
1.23765e+18,172.7433767,-1.622885224,18.79134,17.5428,17.09357,16.94,16.88638,1140,301,5,132,3.68262e+17,STAR,-0.000178487,327,52294,339
1.23765e+18,172.6657904,-1.611608486,18.80654,17.44922,16.76128,16.33058,16.06673,1140,301,5,132,3.67208e+17,GALAXY,0.09435696,326,52375,600
1.23765e+18,149.3299016,0.690806111,18.6255,17.5084,17.03242,16.68719,16.53286,756,301,5,224,3.01857e+17,GALAXY,0.08633437,268,51633,421
1.23765e+18,149.3376803,0.814933791,19.14583,17.81016,17.24112,16.93485,16.68197,756,301,5,224,3.01852e+17,GALAXY,0.03853054,268,51633,403
1.23765e+18,149.3870214,0.667854851,18.36675,17.31427,16.70475,16.22034,16.00477,756,301,5,224,3.0187e+17,GALAXY,0.08699062,268,51633,470
1.23765e+18,149.430258,0.689940245,17.55132,16.07058,15.32903,14.90121,14.61607,756,301,5,224,3.01871e+17,GALAXY,0.04589036,268,51633,471
1.23765e+18,149.4445347,0.672813411,18.64608,17.47845,17.08418,16.80785,16.69329,756,301,5,224,3.01869e+17,GALAXY,0.04660738,268,51633,466
1.23765e+18,149.4941242,0.651716963,16.53435,15.47481,15.23696,15.18382,15.18978,756,301,5,225,3.21117e+18,STAR,-0.000105037,2852,54468,362
1.23765e+18,149.503857,0.812624113,19.18925,17.88123,17.36583,17.1487,17.05414,756,301,5,225,3.21118e+18,STAR,0.000530157,2852,54468,411
1.23765e+18,149.4987595,0.74899612,19.54759,18.41264,17.68268,17.19128,16.93256,756,301,5,225,3.01869e+17,GALAXY,0.09232026,268,51633,465
1.23765e+18,149.6100808,0.707335108,17.80391,16.8331,16.48503,16.36592,16.32392,756,301,5,226,3.21118e+18,STAR,0.000191432,2852,54468,404
1.23765e+18,149.6272785,0.811745989,18.98957,17.70487,17.24421,17.08215,17.03495,756,301,5,226,3.21118e+18,STAR,0.000512111,2852,54468,402
1.23765e+18,149.6750644,0.70195268,18.80823,16.74486,15.95617,15.69001,15.64382,756,301,5,226,3.21118e+18,STAR,0.00016559,2852,54468,415
1.23765e+18,149.6103358,0.820673662,19.44738,18.25197,17.45022,16.99975,16.69337,756,301,5,226,3.01863e+17,GALAXY,0.1645564,268,51633,443
1.23765e+18,149.6377506,0.733833555,19.53203,17.60638,16.65381,16.24956,15.89169,756,301,5,226,5.62985e+17,GALAXY,0.08092319,500,51994,129
1.23765e+18,149.6474397,0.742781238,17.63663,16.28748,15.64153,15.17439,14.92754,756,301,5,226,3.01876e+17,GALAXY,0.06482466,268,51633,489
1.23765e+18,149.6666581,0.735909816,18.94143,17.0607,16.13137,15.71883,15.36007,756,301,5,226,3.01876e+17,GALAXY,0.08054834,268,51633,490
1.23765e+18,149.7076611,0.836726058,17.81488,16.59861,16.04849,15.76544,15.53537,756,301,5,226,3.01887e+17,GALAXY,0.0126812,268,51633,532
1.23765e+18,149.7232344,0.687529259,19.1329,17.13325,16.15341,15.72236,15.35541,756,301,5,226,3.01876e+17,GALAXY,0.0928099,268,51633,492
1.23765e+18,149.7491608,0.788594118,18.9718,18.89764,18.61786,18.35398,18.33456,756,301,5,227,3.01887e+17,QSO,0.2347056,268,51633,530
1.23765e+18,149.7659947,0.716160401,18.84768,17.87918,17.57353,17.48167,17.46061,756,301,5,227,3.21119e+18,STAR,0.000263605,2852,54468,460
1.23765e+18,149.8799051,0.671506266,19.29566,18.3678,18.10715,18.00104,17.97477,756,301,5,227,3.55112e+18,STAR,0.000420472,3154,54821,125
1.23765e+18,149.8942404,0.789686039,18.96046,17.75961,17.25602,17.02965,16.93123,756,301,5,228,3.22808e+18,STAR,0.000627168,2867,54479,459
1.23765e+18,149.926582,0.718758373,16.93848,15.97975,15.60315,15.45981,15.42104,756,301,5,228,3.21119e+18,STAR,0.0004735,2852,54468,452
1.23765e+18,149.9451021,0.821858664,18.54575,18.05117,17.93194,17.90385,17.72795,756,301,5,228,4.31122e+18,QSO,2.246912,3829,55300,546
1.23765e+18,149.965963,0.829486772,16.62093,15.47051,15.03033,14.86889,14.80043,756,301,5,228,5.62964e+17,STAR,7.91e-05,500,51994,50
1.23765e+18,149.9830894,0.695399844,17.67011,16.5407,16.42785,16.43107,16.47197,756,301,5,228,3.21119e+18,STAR,0.000296202,2852,54468,453
1.23765e+18,150.0285114,0.675595193,17.51899,16.40863,16.03106,15.89517,15.85712,756,301,5,228,3.21119e+18,STAR,0.000223974,2852,54468,441
1.23765e+18,150.0350817,0.786577701,17.73428,16.18792,15.62838,15.44455,15.35221,756,301,5,228,3.21119e+18,STAR,3.34e-05,2852,54468,448
1.23765e+18,149.8950105,0.663003178,19.55245,17.65573,16.74277,16.33365,16.03064,756,301,5,228,3.01881e+17,GALAXY,0.09246444,268,51633,510
1.23765e+18,149.9501649,0.780141388,19.23363,17.90659,17.24327,16.81857,16.55905,756,301,5,228,3.01897e+17,GALAXY,0.08773066,268,51633,568
1.23765e+18,149.997146,0.63823862,17.83496,16.87284,16.7028,16.55527,16.52109,756,301,5,228,5.62962e+17,GALAXY,0.03291777,500,51994,42
1.23765e+18,150.090453,0.789891285,17.5747,15.97031,15.27952,14.98009,14.81903,756,301,5,229,3.21121e+18,STAR,0.000687848,2852,54468,528
1.23765e+18,150.1015243,0.70459092,16.81395,14.94518,14.10857,13.67011,13.35343,756,301,5,229,3.0189e+17,GALAXY,0.03337267,268,51633,541
1.23765e+18,150.0531001,0.774197989,18.9105,17.7229,17.20259,16.85278,16.66089,756,301,5,229,3.01909e+17,GALAXY,0.06198409,268,51633,611
1.23765e+18,150.129778,0.758960665,18.56104,17.53645,17.07382,16.78525,16.58965,756,301,5,229,3.0189e+17,GALAXY,0.03323909,268,51633,543
1.23765e+18,150.2813137,0.692642909,16.35073,15.35995,15.01567,14.90746,14.86011,756,301,5,230,3.21121e+18,STAR,0.00017325,2852,54468,533
1.23765e+18,150.2833179,0.671441725,17.29158,15.90465,15.32949,15.10475,14.97798,756,301,5,230,3.21121e+18,STAR,0.000143202,2852,54468,522
1.23765e+18,150.2863527,0.65321155,18.7979,18.02737,18.31275,18.53136,18.71214,756,301,5,230,5.64145e+17,STAR,0.000775674,501,52235,253
1.23765e+18,150.2870014,0.723575258,18.2723,16.99652,16.4546,16.25206,16.13253,756,301,5,230,3.55111e+18,STAR,7.1e-05,3154,54821,90
1.23765e+18,150.1935631,0.782649321,19.37966,17.56221,16.58413,16.1223,15.74132,756,301,5,230,3.01911e+17,GALAXY,0.09769482,268,51633,617
1.23765e+18,150.3472347,0.677826126,19.24026,18.23225,17.77187,17.5875,17.49429,756,301,5,231,3.2281e+18,STAR,-0.000416965,2867,54479,531
1.23765e+18,150.4679502,0.743059194,18.30546,16.89872,16.38768,16.23111,16.15907,756,301,5,231,3.21122e+18,STAR,3.49e-05,2852,54468,566
1.23765e+18,150.4773365,0.757209223,18.64959,18.46266,18.2726,18.26273,18.22733,756,301,5,231,3.02971e+17,QSO,1.356151,269,51910,379
1.23765e+18,150.356005,0.833230735,17.52646,16.17804,15.54106,15.19984,14.93983,756,301,5,231,3.0297e+17,GALAXY,0.04603692,269,51910,373
1.23765e+18,150.4814479,0.683922372,19.38703,17.45047,16.46935,16.04977,15.70786,756,301,5,231,3.0297e+17,GALAXY,0.0943981,269,51910,375
1.23765e+18,150.4950933,0.715260939,18.75125,17.1993,16.43418,16.02136,15.69959,756,301,5,232,3.02981e+17,GALAXY,0.06251442,269,51910,415
1.23765e+18,150.5170367,0.68754196,18.36183,16.70275,15.91689,15.53099,15.20737,756,301,5,232,3.0297e+17,GALAXY,0.04514595,269,51910,374
1.23765e+18,150.5931982,0.82296515,18.74416,17.6835,17.21182,16.87042,16.65485,756,301,5,232,3.02969e+17,GALAXY,0.08082879,269,51910,370
1.23765e+18,150.6183443,0.801196652,18.65824,17.23792,16.5906,16.22745,15.97965,756,301,5,232,3.02979e+17,GALAXY,0.04461014,269,51910,407
1.23765e+18,150.619317,0.707562428,19.56289,18.26608,17.84215,17.70825,17.64697,756,301,5,232,3.5511e+18,STAR,0.000331335,3154,54821,44
1.23765e+18,221.0403213,-0.769965921,19.17008,17.98394,17.49202,17.36273,17.21504,752,301,2,518,3.30347e+18,STAR,0.000324773,2934,54626,294
1.23765e+18,221.1438987,-0.639381104,18.89581,17.95963,17.65378,17.52514,17.47813,752,301,2,518,3.27533e+18,STAR,0.000174565,2909,54653,300
1.23765e+18,221.1972615,-0.761412086,17.85688,16.69466,16.21217,15.98475,15.87092,752,301,2,519,3.27532e+18,STAR,-8.52e-05,2909,54653,287
1.23765e+18,221.3053593,-0.640110724,18.98342,18.00282,17.62617,17.47908,17.44161,752,301,2,519,3.27532e+18,STAR,5.92e-05,2909,54653,290
1.23765e+18,221.3086319,-0.669229575,18.31471,16.91171,16.36316,16.13785,16.01802,752,301,2,519,3.30346e+18,STAR,-9.93e-05,2934,54626,245
1.23765e+18,221.311392,-0.739079446,18.62208,17.53827,17.10352,16.90455,16.81065,752,301,2,519,3.27531e+18,STAR,-0.000167929,2909,54653,255
1.23765e+18,221.29405,-0.767106958,19.27016,18.04679,17.73352,17.5003,17.3456,752,301,2,519,3.4684e+17,GALAXY,0.057581,308,51662,228
1.23765e+18,221.3397755,-0.724059056,15.25289,14.09157,14.10196,14.13617,14.21219,752,301,2,520,3.27531e+18,STAR,0.000628064,2909,54653,250
1.23765e+18,221.3888749,-0.766389389,16.39194,15.30595,14.84423,14.62113,14.53207,752,301,2,520,3.27531e+18,STAR,-2.99e-05,2909,54653,259
1.23765e+18,221.3961964,-0.661843869,17.64212,16.60551,16.25631,16.11248,16.06944,752,301,2,520,3.27531e+18,STAR,5.68e-05,2909,54653,249
1.23765e+18,221.4505565,-0.687502768,16.18371,14.89835,14.43352,14.27647,14.20581,752,301,2,520,3.27531e+18,STAR,3.5e-05,2909,54653,246
1.23765e+18,221.4606292,-0.672574932,16.81189,15.50709,14.94685,14.73445,14.63479,752,301,2,520,3.27531e+18,STAR,-0.000262336,2909,54653,251
1.23765e+18,221.4848784,-0.71789643,18.48094,17.4971,17.23294,17.11411,17.08033,752,301,2,520,3.27531e+18,STAR,0.000216334,2909,54653,245
1.23765e+18,221.5795237,-0.807674663,19.58178,19.38549,18.96262,18.89281,19.007,752,301,2,521,3.46829e+17,QSO,1.253967,308,51662,190
1.23765e+18,221.5306823,-0.714083437,19.44731,18.26182,17.68406,17.52182,17.41239,752,301,2,521,3.27531e+18,STAR,0.000111864,2909,54653,256
1.23765e+18,221.6266962,-0.676815568,19.4544,19.22053,19.45738,19.68995,19.98681,752,301,2,521,4.52841e+18,STAR,3.69e-05,4022,55352,143
1.23765e+18,221.6320927,-0.657102364,18.35685,17.22307,16.87101,16.74634,16.73746,752,301,2,521,3.2753e+18,STAR,-0.000159822,2909,54653,216
1.23765e+18,221.638048,-0.763229696,17.88523,16.86954,16.53892,16.38565,16.37475,752,301,2,522,3.2753e+18,STAR,0.000403611,2909,54653,212
1.23765e+18,221.67183,-0.804042839,18.3779,17.17435,16.64076,16.38787,16.26763,752,301,2,522,3.30345e+18,STAR,-0.000522098,2934,54626,215
1.23765e+18,221.7782865,-0.669936609,18.54447,17.38389,16.89496,16.69031,16.61099,752,301,2,522,3.2753e+18,STAR,0.000378326,2909,54653,208
1.23765e+18,221.6907956,-0.789032723,19.55703,18.55324,18.20629,18.05135,18.01414,752,301,2,522,3.30345e+18,STAR,-0.000135722,2934,54626,202
1.23765e+18,221.8639355,-0.768870376,16.45845,15.33852,14.92975,14.78057,14.75899,752,301,2,523,3.27528e+18,STAR,7.48e-05,2909,54653,134
1.23765e+18,221.8924618,-0.804980194,19.4262,18.48191,18.19081,18.08875,18.09982,752,301,2,523,3.30343e+18,STAR,-0.000174251,2934,54626,136
1.23765e+18,221.9699981,-0.80784221,17.63213,16.59753,16.29598,16.20835,16.20682,752,301,2,524,3.27528e+18,STAR,7.01e-06,2909,54653,133
1.23765e+18,222.0174183,-0.777282429,19.12406,18.11736,17.76807,17.61104,17.61171,752,301,2,524,3.46818e+17,STAR,-0.000195645,308,51662,147
1.23765e+18,222.0336307,-0.798857651,18.82805,18.41525,18.27707,18.28645,18.41676,752,301,2,524,1.03598e+18,STAR,0.002164544,920,52411,569
1.23765e+18,222.0402157,-0.693270743,18.47245,17.56302,17.28034,17.07619,17.07636,752,301,2,524,3.46817e+17,GALAXY,0.02752549,308,51662,146
1.23765e+18,222.0607153,-0.636857663,17.30823,15.94786,15.33878,15.05462,14.90043,752,301,2,524,3.27528e+18,STAR,-6.25e-05,2909,54653,136
1.23765e+18,221.9755784,-0.646933501,18.80107,17.52694,16.82115,16.43711,16.17496,752,301,2,524,3.46824e+17,GALAXY,0.1236318,308,51662,171
1.23765e+18,221.9392088,-0.67532252,19.45549,18.12969,17.58354,17.25052,17.12075,752,301,2,524,3.46826e+17,GALAXY,0.04259245,308,51662,177
1.23765e+18,222.0882802,-0.79386132,18.64551,17.2639,16.71594,16.52033,16.46658,752,301,2,525,3.27528e+18,STAR,-5.92e-05,2909,54653,138
1.23765e+18,222.1885511,-0.754506399,18.81612,17.60544,17.53247,17.53665,17.54837,752,301,2,525,3.27528e+18,STAR,0.000187557,2909,54653,132
1.23765e+18,222.0893192,-0.807537997,17.64022,16.23676,15.5232,15.12436,14.83496,752,301,2,525,3.46819e+17,GALAXY,0.05622832,308,51662,151
1.23765e+18,222.2350247,-0.727207617,17.68816,16.49591,16.0479,15.77757,15.6716,752,301,2,525,3.4682e+17,GALAXY,0.02807129,308,51662,155
1.23765e+18,222.2547907,-0.728646475,16.20074,15.13957,14.76857,14.61744,14.60793,752,301,2,526,3.27528e+18,STAR,0.000258596,2909,54653,140
1.23765e+18,222.2880717,-0.675076333,19.00202,17.89616,17.40905,17.21403,17.13171,752,301,2,526,3.27527e+18,STAR,-0.000147527,2909,54653,83
1.23765e+18,222.3720584,-0.664201077,18.73584,17.81726,17.53567,17.42954,17.39905,752,301,2,526,3.27527e+18,STAR,-0.000284742,2909,54653,93
1.23765e+18,222.3752934,-0.79392441,19.1705,17.89283,17.36927,17.17852,17.10362,752,301,2,526,3.27527e+18,STAR,1.26e-05,2909,54653,94
1.23765e+18,222.3770454,-0.796213297,18.04553,17.8954,17.49722,17.31695,17.10259,752,301,2,526,3.46789e+17,QSO,0.2524521,308,51662,43
1.23765e+18,222.254196,-0.64771412,18.24559,16.31879,15.41882,14.99515,14.6718,752,301,2,526,3.46817e+17,GALAXY,0.04239626,308,51662,143
1.23765e+18,222.2964822,-0.701890488,18.43146,17.35771,16.93609,16.66774,16.50429,752,301,2,526,3.46794e+17,GALAXY,0.04342113,308,51662,60
1.23765e+18,222.3186168,-0.711253987,18.05845,16.49823,15.67133,15.20829,14.84876,752,301,2,526,3.46791e+17,GALAXY,0.04312468,308,51662,49
1.23765e+18,222.4012319,-0.7547664,17.11534,15.62917,15.10883,14.94216,14.90336,752,301,2,527,3.27527e+18,STAR,-0.000105978,2909,54653,100
1.23765e+18,222.4699117,-0.743767334,19.28009,19.1936,18.675,18.82373,18.9629,752,301,2,527,3.47991e+17,QSO,1.269727,309,51994,319
1.23765e+18,222.5000851,-0.819662855,18.11256,15.82885,14.88259,14.55694,14.37965,752,301,2,527,3.27527e+18,STAR,7.76e-06,2909,54653,84
1.23765e+18,222.492494,-0.631352098,18.81567,17.67527,17.37858,17.19994,17.13654,752,301,2,527,3.46807e+17,GALAXY,0.02639611,308,51662,107
1.23765e+18,222.523206,-0.751504308,19.51659,17.36695,16.49344,16.20822,16.0688,752,301,2,527,3.30342e+18,STAR,-0.000208668,2934,54626,93
1.23765e+18,222.5473108,-0.643758744,18.79657,17.84799,17.50525,17.36282,17.31601,752,301,2,528,3.27527e+18,STAR,2.65e-05,2909,54653,98
1.23765e+18,222.5935056,-0.830740168,18.11956,16.65604,16.08204,15.85513,15.74187,752,301,2,528,3.27526e+18,STAR,0.000272407,2909,54653,60
1.23765e+18,222.6248294,-0.799313905,17.18316,15.72914,15.18958,15.01534,14.95768,752,301,2,528,3.27526e+18,STAR,5.61e-06,2909,54653,59
1.23765e+18,27.07593046,13.16672399,19.4709,18.40165,18.11839,18.00243,18.04496,1035,301,2,141,2.13811e+18,STAR,-0.000642916,1899,53262,83
1.23765e+18,27.12173181,13.1521108,19.01507,16.98213,16.0214,15.58422,15.25278,1035,301,2,141,4.83037e+17,GALAXY,0.06857721,429,51820,95
1.23765e+18,27.14153984,13.2448514,19.21281,17.83798,17.35493,17.12924,16.9836,1035,301,2,141,4.8304e+17,GALAXY,0.02674934,429,51820,106
1.23765e+18,27.20859528,13.18185082,16.935,15.98206,15.66549,15.54042,15.52301,1035,301,2,142,2.13697e+18,STAR,-0.000536312,1898,53260,53
1.23765e+18,27.21395274,13.15351767,16.16797,14.93307,14.52384,14.3819,14.38085,1035,301,2,142,2.1381e+18,STAR,-9.05e-05,1899,53262,48
1.23765e+18,27.25026256,13.21111361,15.90291,13.91836,13.04076,12.58004,12.26262,1035,301,2,142,4.83039e+17,GALAXY,0.01680718,429,51820,101
1.23765e+18,27.16115107,13.19650835,19.39021,17.91475,17.2928,17.00362,16.88318,1035,301,2,142,2.13697e+18,STAR,-3.45e-05,1898,53260,56
1.23765e+18,27.24093901,13.13953215,19.26038,17.18957,16.19066,15.74128,15.39874,1035,301,2,142,4.83037e+17,GALAXY,0.072992,429,51820,93
1.23765e+18,27.27992042,13.09416424,17.30565,15.91546,15.17687,14.74405,14.45178,1035,301,2,142,4.83026e+17,GALAXY,0.08675644,429,51820,54
1.23765e+18,27.30387621,13.09549445,19.08241,17.88649,17.41494,17.07597,16.99082,1035,301,2,142,4.83027e+17,GALAXY,0.08642244,429,51820,58
1.23765e+18,27.34247078,13.22746574,18.59365,16.29432,15.37293,15.03503,14.87713,1035,301,2,143,2.13696e+18,STAR,5.02e-05,1898,53260,13
1.23765e+18,27.33138776,13.25373884,19.26713,17.34803,16.48267,16.10507,15.88465,1035,301,2,143,2.13696e+18,STAR,8.06e-05,1898,53260,3
1.23765e+18,27.38969217,13.23336364,17.6331,15.82372,14.98295,14.56457,14.25138,1035,301,2,143,4.8421e+17,GALAXY,0.01666071,430,51877,265
1.23765e+18,27.40089203,13.25730067,19.52493,17.85254,17.07162,16.74068,16.57125,1035,301,2,143,2.13696e+18,STAR,-8.46e-06,1898,53260,4
1.23765e+18,27.42367855,13.09715662,19.06009,17.7753,17.25101,16.96607,16.8053,1035,301,2,143,4.83013e+17,GALAXY,0.03366366,429,51820,8
1.23765e+18,27.39665127,13.09692682,19.55597,18.20932,17.58859,17.24043,17.04868,1035,301,2,143,4.84216e+17,GALAXY,0.07197808,430,51877,288
1.23765e+18,27.46517329,13.1607006,19.48781,18.16699,17.69562,17.41868,17.33327,1035,301,2,143,4.84218e+17,GALAXY,0.033752,430,51877,296
1.23765e+18,27.47547419,13.12666218,19.00817,17.13766,16.36818,15.99174,15.71176,1035,301,2,144,4.84219e+17,GALAXY,0.01703279,430,51877,298
1.23765e+18,27.50668864,13.18689939,18.67163,17.08031,16.47814,16.24794,16.15788,1035,301,2,144,2.13696e+18,STAR,0.00013874,1898,53260,12
1.23765e+18,27.52584194,13.20721456,18.82664,17.6987,17.23429,17.06229,17.00586,1035,301,2,144,4.83029e+17,STAR,-0.000464798,429,51820,66
1.23765e+18,27.6183344,13.14956714,18.53755,18.09614,17.8128,17.4552,17.51681,1035,301,2,144,4.83014e+17,GALAXY,0.1466694,429,51820,11
1.23765e+18,27.52986058,13.11040498,18.86759,16.83333,15.8003,15.32594,14.92564,1035,301,2,144,4.84218e+17,GALAXY,0.08630315,430,51877,293
1.23765e+18,27.6439431,13.20212582,17.32309,15.74169,15.11927,14.8847,14.79028,1035,301,2,145,2.13696e+18,STAR,1.09e-05,1898,53260,20
1.23765e+18,27.65369604,13.11023274,18.09939,16.74408,16.09936,15.77511,15.53867,1035,301,2,145,4.84218e+17,GALAXY,0.01648774,430,51877,294
1.23765e+18,27.67430762,13.11735278,19.03131,16.72446,15.743,15.37883,15.16737,1035,301,2,145,2.13696e+18,STAR,-1.49e-05,1898,53260,9
1.23765e+18,27.67112768,13.08353433,18.68441,17.1789,16.56902,16.32543,16.19421,1035,301,2,145,2.13696e+18,STAR,-0.000135647,1898,53260,11
1.23765e+18,27.73126321,13.1658244,17.98846,15.86682,15.04677,14.75433,14.61336,1035,301,2,145,2.13696e+18,STAR,-5.29e-05,1898,53260,10
1.23765e+18,27.73374672,13.06097323,18.97714,17.2117,16.46486,16.14002,15.94933,1035,301,2,145,3.50613e+18,STAR,0.000206821,3114,54773,281
1.23765e+18,27.68909513,13.25179342,19.31125,18.27632,17.74969,17.52389,17.41257,1035,301,2,145,3.50614e+18,STAR,-0.000518804,3114,54773,304
1.23765e+18,27.72150627,13.12554964,18.91068,17.11577,16.13284,15.65561,15.28317,1035,301,2,145,4.83016e+17,GALAXY,0.08615506,429,51820,18
1.23765e+18,27.84278699,13.06034876,17.47784,15.67863,14.80796,14.31856,13.97397,1035,301,2,146,4.83012e+17,GALAXY,0.06415677,429,51820,2
1.23765e+18,27.8694234,13.23837536,19.33567,17.98756,17.38122,17.05385,16.75097,1035,301,2,146,4.83018e+17,GALAXY,0.01787126,429,51820,25
1.23765e+18,27.86084985,13.05698025,17.64843,16.46624,16.00813,15.81214,15.74405,1035,301,2,146,3.50613e+18,STAR,-0.000106686,3114,54773,283
1.23765e+18,27.90280688,13.23384786,18.12893,16.62675,16.00341,15.75257,15.64193,1035,301,2,146,3.50613e+18,STAR,4.62e-05,3114,54773,296
1.23765e+18,27.78609572,13.21245269,19.29099,18.92544,18.67817,18.68268,18.57193,1035,301,2,146,3.50613e+18,QSO,0.9238315,3114,54773,292
1.23765e+18,27.85562279,13.18878703,18.89766,17.51136,16.83757,16.42712,16.18201,1035,301,2,146,4.84208e+17,GALAXY,0.06323615,430,51877,260
1.23765e+18,27.87466958,13.13171468,15.99982,14.69368,14.00804,13.62044,13.45696,1035,301,2,146,4.84207e+17,GALAXY,0.01612927,430,51877,256
1.23765e+18,27.88750245,13.12664335,19.52528,17.58972,16.54906,16.02934,15.62288,1035,301,2,146,4.83016e+17,GALAXY,0.1085734,429,51820,19
1.23765e+18,27.91258263,13.04832928,19.0787,17.72452,16.95472,16.54229,16.27574,1035,301,2,146,4.83015e+17,GALAXY,0.09477089,429,51820,15
1.23765e+18,27.91247944,13.04478774,19.32137,17.87097,17.22992,16.88699,16.63939,1035,301,2,146,4.84203e+17,GALAXY,0.09479155,430,51877,241
1.23765e+18,27.83724126,13.10670202,19.03296,17.76742,17.25355,16.94556,16.73755,1035,301,2,146,4.84208e+17,GALAXY,0.06243732,430,51877,258
1.23765e+18,28.03040246,13.17882073,19.00606,18.04915,17.71165,17.42515,17.31847,1035,301,2,147,4.84207e+17,GALAXY,0.0618867,430,51877,254
1.23765e+18,28.14392575,13.00570024,17.12043,15.82948,15.35611,15.1673,15.09354,1035,301,2,148,4.84207e+17,STAR,5.02e-05,430,51877,255
1.23765e+18,28.18504121,13.19256153,17.06486,15.50511,14.73543,14.33414,14.00501,1035,301,2,148,4.84197e+17,GALAXY,0.02617838,430,51877,220
1.23765e+18,28.37339241,13.03818406,19.5797,17.78139,16.84442,16.38031,16.03916,1035,301,2,149,4.84195e+17,GALAXY,0.07519476,430,51877,211
1.23765e+18,28.38533059,13.10015189,19.5307,18.14232,18.16259,18.21932,18.27746,1035,301,2,149,3.50611e+18,STAR,-8.84e-05,3114,54773,211
1.23765e+18,28.40846274,13.05918179,18.43331,17.48531,17.19228,17.06746,17.05771,1035,301,2,150,5.24234e+18,STAR,-0.000245365,4656,55828,548
1.23765e+18,28.56335236,12.9796966,19.09741,17.32385,16.39146,15.87602,15.49174,1035,301,2,151,4.84173e+17,GALAXY,0.0871147,430,51877,131
1.23765e+18,28.67040577,13.10585196,18.88882,17.25566,16.5035,16.20006,16.06319,1035,301,2,151,3.50609e+18,STAR,0.000224665,3114,54773,126
1.23765e+18,229.3721999,0.490644708,19.3526,17.89669,17.02844,16.60128,16.26256,752,301,5,573,3.51419e+17,GALAXY,0.1068865,312,51689,504
1.23765e+18,229.4907718,0.472690481,19.24527,17.18633,16.1152,15.64112,15.2549,752,301,5,574,3.5143e+17,GALAXY,0.1146904,312,51689,541
1.23765e+18,229.4519518,0.459056247,18.65735,17.32178,16.74006,16.43202,16.21406,752,301,5,574,3.51432e+17,GALAXY,0.05745656,312,51689,550
1.23765e+18,229.6785319,0.446810468,18.71893,17.55303,16.98645,16.6849,16.47237,752,301,5,575,3.5143e+17,GALAXY,0.05280551,312,51689,543
1.23765e+18,229.7784721,0.436489972,19.00264,17.95834,17.51809,17.33115,17.24854,752,301,5,576,3.51442e+17,STAR,-0.000391209,312,51689,585
1.23765e+18,229.8639375,0.456723707,18.39404,17.25887,17.14219,17.12547,17.14126,752,301,5,576,3.51443e+17,STAR,0.000162551,312,51689,590
1.23765e+18,229.7376876,0.515689006,19.18742,18.01312,17.59209,17.38556,17.27655,752,301,5,576,3.51431e+17,GALAXY,0.006947624,312,51689,547
1.23765e+18,229.9054991,0.443453563,19.3547,17.77061,16.88711,16.38547,16.05736,752,301,5,577,3.52502e+17,GALAXY,0.09146865,313,51673,345
1.23765e+18,230.2193743,0.560740776,19.42733,19.27966,19.59048,19.86852,20.08571,752,301,5,579,4.51728e+18,STAR,-9.49e-05,4012,55327,600
1.23765e+18,230.4077535,0.466026588,17.20734,15.75512,14.98388,14.60878,14.2761,752,301,5,580,3.52515e+17,GALAXY,0.02867431,313,51673,395
1.23765e+18,230.5914168,0.528798627,17.85654,15.90843,15.01138,14.57068,14.23089,752,301,5,581,3.52513e+17,GALAXY,0.05258041,313,51673,385
1.23765e+18,230.6498635,0.569218795,19.4395,18.34606,17.89598,17.57289,17.43036,752,301,5,582,3.52517e+17,GALAXY,0.07618898,313,51673,400
1.23765e+18,230.8180818,0.554910603,18.95091,17.01286,15.99833,15.54242,15.18672,752,301,5,583,3.52523e+17,GALAXY,0.09749297,313,51673,422
1.23765e+18,231.0980716,0.525611202,18.63106,17.57045,16.17062,16.93467,16.661,752,301,5,585,3.52536e+17,STAR,0.000124428,313,51673,469
1.23765e+18,231.2942127,0.442676455,17.46221,17.06691,16.87794,16.86131,16.725,752,301,5,586,4.51734e+18,QSO,0.8034984,4012,55327,848
1.23765e+18,231.2447479,0.507316416,19.35979,17.7796,16.90792,16.4722,16.12705,752,301,5,586,3.52542e+17,GALAXY,0.1146796,313,51673,494
1.23765e+18,231.399287,0.474536693,18.34495,17.17632,16.72369,16.56407,16.47259,752,301,5,587,4.088e+17,STAR,1.18e-05,363,51989,358
1.23765e+18,231.4258203,0.46309124,19.54186,18.26003,17.42892,16.98113,16.68697,752,301,5,587,3.52539e+17,GALAXY,0.1273269,313,51673,483
1.23765e+18,231.4837551,0.563690439,19.23488,17.33521,16.38146,15.89437,15.49413,752,301,5,587,3.52547e+17,GALAXY,0.07723882,313,51673,510
1.23765e+18,231.6569519,0.592637876,17.96254,16.16429,15.39294,14.90381,14.54489,752,301,5,588,3.52546e+17,GALAXY,0.05069121,313,51673,508
1.23765e+18,231.7846312,0.552323489,18.25001,18.58003,19.03522,19.36075,19.58067,752,301,5,589,4.51736e+18,STAR,-3.92e-05,4012,55327,912
1.23765e+18,231.7107059,0.590130375,17.80566,16.59223,16.06062,15.75611,15.58005,752,301,5,589,3.52545e+17,GALAXY,0.05060415,313,51673,504
1.23765e+18,231.8270794,0.57139647,19.25225,17.71097,16.80569,16.33258,15.93953,752,301,5,590,3.52556e+17,GALAXY,0.1159241,313,51673,542
1.23765e+18,231.870894,0.427752268,19.45076,17.61312,16.61744,16.12243,15.73968,752,301,5,590,3.52557e+17,GALAXY,0.07581986,313,51673,545
1.23765e+18,232.0433488,0.493999311,19.26014,18.27402,17.88486,17.56656,17.46192,752,301,5,591,3.52567e+17,GALAXY,0.0849696,313,51673,582
1.23765e+18,232.1180855,0.425498617,18.77701,18.58197,18.51498,18.27264,18.24195,752,301,5,592,4.51737e+18,QSO,1.851836,4012,55327,962
1.23765e+18,232.4216834,0.528075844,19.39115,18.23681,17.66522,17.30622,17.15552,752,301,5,594,4.08795e+17,GALAXY,0.1150499,363,51989,341
1.23765e+18,232.4882653,0.49828063,19.17461,17.05566,16.04446,15.59306,15.20858,752,301,5,594,4.088e+17,GALAXY,0.09404372,363,51989,357
1.23765e+18,232.5652238,0.519654741,19.57235,18.18137,17.38634,16.93528,16.62593,752,301,5,595,4.08808e+17,GALAXY,0.09348191,363,51989,388
1.23765e+18,232.7412038,0.525911984,19.57931,18.55599,17.33827,17.80756,17.4488,752,301,5,596,4.08821e+17,STAR,5.08e-05,363,51989,433
1.23765e+18,232.7937392,0.472226961,18.8985,17.35386,16.59441,16.20499,15.91412,752,301,5,596,4.08818e+17,GALAXY,0.05948211,363,51989,422
1.23765e+18,232.8986245,0.426134202,19.03673,17.40306,16.48184,16.06462,15.74351,752,301,5,597,4.08829e+17,GALAXY,0.08029238,363,51989,463
1.23765e+18,232.9027329,0.558863601,18.9664,17.88164,17.28113,16.89205,16.66426,752,301,5,597,4.08828e+17,GALAXY,0.08800626,363,51989,461
1.23765e+18,232.9919744,0.607895975,19.14365,18.0396,17.46614,17.11486,16.84668,752,301,5,597,4.08834e+17,GALAXY,0.09384681,363,51989,482
1.23765e+18,233.007291,0.557852905,18.60367,16.70164,15.76999,15.31554,14.95008,752,301,5,597,4.08839e+17,GALAXY,0.07216512,363,51989,500
1.23765e+18,233.0681565,0.632300938,18.71739,16.8447,15.91783,15.48379,15.14037,752,301,5,598,4.08838e+17,GALAXY,0.07226273,363,51989,496
1.23765e+18,233.0895267,0.505976601,18.87132,17.0152,16.03411,15.60002,15.24057,752,301,5,598,4.08834e+17,GALAXY,0.08682497,363,51989,483
1.23765e+18,233.147748,0.593394129,19.40572,18.20468,17.57117,17.20986,17.01209,752,301,5,598,4.08841e+17,GALAXY,0.08063264,363,51989,507
1.23765e+18,233.2417977,0.440734796,16.51096,14.53083,13.5704,13.11638,12.81764,752,301,5,599,3.54755e+17,GALAXY,0.03656447,315,51663,352
1.23765e+18,233.2776971,0.448498377,19.12278,17.94234,17.28613,16.89516,16.69047,752,301,5,599,3.54754e+17,GALAXY,0.1421489,315,51663,347
1.23765e+18,233.2934666,0.490755863,18.12934,16.14146,15.23039,14.78253,14.43131,752,301,5,599,4.08842e+17,GALAXY,0.03696278,363,51989,510
1.23765e+18,233.4216926,0.525812892,18.72535,17.42013,17.3076,16.59681,16.43557,752,301,5,600,4.08851e+17,STAR,-9.98e-05,363,51989,542
1.23765e+18,233.3268319,0.589843795,19.35087,18.14243,17.61327,17.2913,17.12773,752,301,5,600,4.08839e+17,GALAXY,0.09456378,363,51989,501
1.23765e+18,233.3673438,0.430494651,18.86234,17.19269,16.34147,15.86481,15.4981,752,301,5,600,3.54755e+17,GALAXY,0.03913505,315,51663,351
1.23765e+18,233.4270162,0.546216616,19.00815,17.93777,17.44642,17.11042,16.95849,752,301,5,600,4.08852e+17,GALAXY,0.08120342,363,51989,545
1.23765e+18,233.6035747,0.63221453,17.89555,17.48888,17.44009,17.49407,17.57184,752,301,5,601,4.08864e+17,STAR,-7.04e-05,363,51989,590
1.23765e+18,233.5777232,0.620157025,19.49983,17.96017,17.26505,16.83799,16.59548,752,301,5,601,4.08862e+17,GALAXY,0.1124019,363,51989,584
1.23765e+18,233.6556327,0.543440041,19.46692,18.01881,17.74425,17.32405,17.22302,752,301,5,602,4.08866e+17,STAR,-4.23e-05,363,51989,599
1.23765e+18,233.7280112,0.517992599,18.94325,17.96598,17.61676,17.47433,17.43642,752,301,5,602,4.51511e+18,STAR,0.000366894,4010,55350,914
1.23765e+18,151.2665991,0.285668074,17.2926,15.93398,15.39302,15.20598,15.12841,756,301,4,237,3.21124e+18,STAR,-0.000144102,2852,54468,628
1.23765e+18,151.2794448,0.229710237,17.33562,16.352,15.9886,15.82226,15.80622,756,301,4,237,3.21124e+18,STAR,0.000464282,2852,54468,626
1.23765e+18,151.2867018,0.417164113,18.78127,17.70708,17.21636,17.03063,16.91743,756,301,4,237,3.21124e+18,STAR,4.19e-05,2852,54468,632
1.23765e+18,151.304804,0.360091405,17.82908,16.79704,16.54489,16.45578,16.45708,756,301,4,237,3.21124e+18,STAR,-8.02e-05,2852,54468,636
1.23765e+18,151.3339202,0.388631832,18.53076,17.20798,16.70215,16.5414,16.45964,756,301,4,237,3.21124e+18,STAR,-4.6e-05,2852,54468,639
1.23765e+18,151.367798,0.37708267,18.1534,17.23622,16.9433,16.84408,16.79436,756,301,4,237,3.21124e+18,STAR,0.001061438,2852,54468,623
1.23765e+18,151.2887503,0.237350741,19.37145,18.37903,18.05954,17.93759,17.94389,756,301,4,237,3.22813e+18,STAR,0.000328875,2867,54479,638
1.23765e+18,151.3105073,0.338101989,18.93153,17.98025,17.6205,17.33697,17.24126,756,301,4,237,3.03003e+17,GALAXY,0.09435425,269,51910,493
1.23765e+18,151.3327546,0.275259061,19.36382,18.08251,17.33688,16.97474,16.66946,756,301,4,237,3.03002e+17,GALAXY,0.1252323,269,51910,492
1.23765e+18,151.4722443,0.324227018,19.1076,18.55116,18.40959,18.40105,18.24441,756,301,4,238,3.03007e+17,QSO,2.492378,269,51910,509
1.23765e+18,151.5062943,0.217011069,18.7437,17.55,17.08163,16.90959,16.83103,756,301,4,238,3.04091e+17,STAR,-0.000151024,270,51909,355
1.23765e+18,151.5576294,0.368917338,19.45897,18.04253,17.38645,16.96939,16.61996,756,301,4,239,3.03005e+17,GALAXY,0.04568858,269,51910,503
1.23765e+18,151.6352962,0.336510897,18.9539,17.22803,16.37891,15.94198,15.62841,756,301,4,239,3.03009e+17,GALAXY,0.08924252,269,51910,515
1.23765e+18,151.6752388,0.26379937,19.42222,19.19809,18.94811,18.97885,18.87939,756,301,4,239,3.03009e+17,QSO,0.878103,269,51910,518
1.23765e+18,151.8922054,0.277256148,16.92191,15.60744,14.99947,14.69341,14.42122,756,301,4,241,3.03027e+17,GALAXY,0.03345294,269,51910,582
1.23765e+18,151.9850322,0.272177362,16.97307,15.19025,14.37664,14.0051,13.70255,756,301,4,241,3.03038e+17,GALAXY,0.03342812,269,51910,623
1.23765e+18,151.9692366,0.303306745,17.54922,17.2918,17.41629,17.40473,17.77333,756,301,4,241,3.0303e+17,GALAXY,0.03379481,269,51910,591
1.23765e+18,152.0553932,0.383116879,17.77079,15.86312,15.01649,14.64611,14.3371,756,301,4,242,3.0304e+17,GALAXY,0.06238078,269,51910,630
1.23765e+18,152.0003218,0.26470997,19.51082,18.37635,17.75369,17.3666,17.15499,756,301,4,242,3.03042e+17,GALAXY,0.1222356,269,51910,635
1.23765e+18,152.003467,0.356476093,18.06429,17.25112,17.04613,16.90485,16.76747,756,301,4,242,3.03039e+17,GALAXY,0.0315523,269,51910,627
1.23765e+18,152.0385264,0.388212872,18.51187,16.52615,15.59085,15.17281,14.8194,756,301,4,242,3.03042e+17,GALAXY,0.06248555,269,51910,638
1.23765e+18,152.047265,0.337261344,19.35236,17.45912,16.48443,16.06031,15.71342,756,301,4,242,3.03042e+17,GALAXY,0.09567286,269,51910,636
1.23765e+18,152.0858527,0.250631224,17.36644,16.25931,15.84351,15.61374,15.42557,756,301,4,242,3.03043e+17,GALAXY,0.0314129,269,51910,640
1.23765e+18,152.1303971,0.356628955,18.22671,16.97756,16.593,16.38558,16.25319,756,301,4,242,3.0409e+17,GALAXY,0.03297864,270,51909,354
1.23765e+18,152.2252781,0.380020858,18.89775,19.16409,19.62355,20.0247,20.34913,756,301,4,243,4.31235e+18,STAR,6.32e-05,3830,55574,574
1.23765e+18,152.1521365,0.221996291,19.22108,17.23232,16.27023,15.80848,15.43745,756,301,4,243,3.04098e+17,GALAXY,0.09512459,270,51909,383
1.23765e+18,152.3067529,0.321775384,18.74638,17.04935,16.29039,15.91345,15.61325,756,301,4,244,3.04109e+17,GALAXY,0.03283598,270,51909,423
1.23765e+18,152.500212,0.30631359,18.35018,18.04409,18.16947,17.89832,17.77543,756,301,4,245,3.0412e+17,QSO,0.6050577,270,51909,461
1.23765e+18,152.5705949,0.333714122,18.27905,17.11799,16.59114,16.2393,16.11033,756,301,4,245,3.04124e+17,GALAXY,0.09241752,270,51909,477
1.23765e+18,152.6543862,0.276831716,19.13185,17.0726,16.07946,15.63099,15.28312,756,301,4,246,3.04125e+17,GALAXY,0.09421418,270,51909,479
1.23765e+18,152.7538567,0.344292487,18.84725,18.69646,18.67468,18.47731,18.47851,756,301,4,247,3.04128e+17,QSO,1.744749,270,51909,491
1.23765e+18,153.5079183,0.362041118,18.8045,17.7086,17.20294,16.87753,16.72716,756,301,4,252,3.04146e+17,GALAXY,0.08364218,270,51909,555
1.23765e+18,153.5239722,0.273234568,18.79669,17.38105,16.69164,16.24858,15.94342,756,301,4,252,3.04144e+17,GALAXY,0.07010274,270,51909,548
1.23765e+18,153.567367,0.306872131,18.90149,16.81552,15.81004,15.36895,15.00124,756,301,4,252,3.04144e+17,GALAXY,0.09508941,270,51909,551
1.23765e+18,153.6050643,0.302108225,19.33702,17.56258,16.63673,16.14473,15.7746,756,301,4,252,3.04143e+17,GALAXY,0.07164221,270,51909,547
1.23765e+18,153.6409525,0.315319554,19.3612,17.32921,16.26753,15.80273,15.40525,756,301,4,253,3.04143e+17,GALAXY,0.116953,270,51909,545
1.23765e+18,153.6423134,0.285691077,19.57801,19.11205,18.28427,17.76364,17.52081,756,301,4,253,3.05217e+17,QSO,0.204668,271,51883,357
1.23765e+18,153.6547623,0.341514341,17.98663,15.87632,14.92589,14.46278,14.10313,756,301,4,253,3.04158e+17,GALAXY,0.07115293,270,51909,600
1.23765e+18,153.6592082,0.306257565,18.75667,17.4958,16.8005,16.39082,16.09074,756,301,4,253,3.05215e+17,GALAXY,0.09404653,271,51883,349
1.23765e+18,153.6763907,0.240304342,19.51498,17.71908,16.7505,16.2527,15.82526,756,301,4,253,3.04157e+17,GALAXY,0.09596653,270,51909,598
1.23765e+18,153.7663828,0.35221447,19.08798,17.36529,16.47758,15.97513,15.57111,756,301,4,253,3.04154e+17,GALAXY,0.06261506,270,51909,587
1.23765e+18,153.9169807,0.22796546,18.5949,17.46082,16.97948,16.5834,16.42196,756,301,4,254,3.04167e+17,GALAXY,0.08264837,270,51909,633
1.23765e+18,154.0308298,0.343942011,18.68446,18.67895,18.96155,19.31004,19.44156,756,301,4,255,4.31247e+18,STAR,0.000108305,3830,55574,979
1.23765e+18,153.9394834,0.276339134,18.73414,16.90474,16.07117,15.67008,15.35196,756,301,4,255,3.05217e+17,GALAXY,0.04546872,271,51883,356
1.23765e+18,154.0361592,0.41793037,19.50457,18.0898,17.29931,16.88134,16.56668,756,301,4,255,3.05235e+17,GALAXY,0.09678293,271,51883,424
1.23765e+18,154.0785811,0.291740935,19.18989,17.24347,16.27907,15.83686,15.46861,756,301,4,255,3.05224e+17,GALAXY,0.09462563,271,51883,382
1.23765e+18,154.1527552,0.225987574,19.57062,19.23352,18.62726,18.10429,17.86061,756,301,4,256,3.05236e+17,QSO,0.1883107,271,51883,427
1.23765e+18,154.1721029,0.258744261,18.56114,17.1606,16.37507,15.94932,15.61319,756,301,4,256,3.05235e+17,GALAXY,0.09584197,271,51883,422
1.23765e+18,154.2482574,0.378316887,18.98437,18.87098,18.82139,18.62853,18.34925,756,301,4,257,3.05238e+17,QSO,2.086109,271,51883,432
1.23765e+18,161.4428298,-0.042658383,17.15389,15.35015,14.71204,14.47325,14.34087,756,301,3,305,2.88124e+18,STAR,0.000113235,2559,54208,232
1.23765e+18,161.4436602,-0.169091553,18.0626,16.5958,15.98307,15.69596,15.53854,756,301,3,305,2.88124e+18,STAR,0.00060708,2559,54208,240
1.23765e+18,161.4565683,-0.0527697,18.61088,17.13977,16.58828,16.374,16.28645,756,301,3,305,2.68984e+18,STAR,3.24e-05,2389,54213,233
1.23765e+18,161.4932293,-0.192245667,19.30395,17.32079,16.5657,16.27233,16.13474,756,301,3,305,2.68984e+18,STAR,6.74e-05,2389,54213,240
1.23765e+18,161.5131894,-0.099075755,19.11634,17.62148,17.05464,16.83174,16.72701,756,301,3,305,2.88123e+18,STAR,0.000123505,2559,54208,198
1.23765e+18,161.5187307,-0.177986708,19.32405,17.68169,17.10512,16.89007,16.78698,756,301,3,305,2.68983e+18,STAR,-3.1e-05,2389,54213,194
1.23765e+18,161.5441452,-0.121843044,17.82768,16.44714,15.97222,15.77034,15.68768,756,301,3,305,2.88123e+18,STAR,0.000353329,2559,54208,199
1.23765e+18,161.5896806,-0.139390033,18.23932,17.24913,16.99509,16.87244,16.88283,756,301,3,306,2.88123e+18,STAR,0.000455892,2559,54208,194
1.23765e+18,161.5976813,-0.123725938,18.56306,17.41163,17.01773,16.8403,16.80348,756,301,3,306,2.88123e+18,STAR,0.000335329,2559,54208,195
1.23765e+18,161.6392295,-0.111928493,19.5775,18.53526,18.15818,18.00863,17.9714,756,301,3,306,2.71234e+18,STAR,0.000585719,2409,54210,167
1.23765e+18,161.6508246,-0.03427154,18.04496,16.92113,16.59071,16.49057,16.42327,756,301,3,306,2.88123e+18,STAR,0.000141942,2559,54208,200
1.23765e+18,161.6784329,-0.161632679,19.46347,17.90801,17.30854,17.02564,16.86848,756,301,3,306,2.68983e+18,STAR,0.000645518,2389,54213,192
1.23765e+18,161.6998686,-0.167956426,19.11721,17.46007,16.84387,16.60608,16.46212,756,301,3,306,2.68983e+18,STAR,-0.000102432,2389,54213,200
1.23765e+18,161.707495,-0.200929164,16.44366,14.89118,14.32441,14.02744,13.87977,756,301,3,306,2.88123e+18,STAR,0.00026762,2559,54208,197
1.23765e+18,161.715234,-0.108551409,17.57148,15.59289,14.71958,14.27395,13.91622,756,301,3,306,3.09669e+17,GALAXY,0.04001037,275,51910,170
1.23765e+18,161.6714427,-0.048648419,18.59288,16.55683,15.60689,15.17174,14.81244,756,301,3,306,3.09671e+17,GALAXY,0.07691381,275,51910,176
1.23765e+18,161.766943,-0.016352841,18.90762,17.51275,16.959,16.76904,16.69106,756,301,3,307,2.88131e+18,STAR,-0.000281904,2559,54208,479
1.23765e+18,161.863318,-0.186441962,16.80448,15.36389,14.80645,14.65287,14.57754,756,301,3,307,2.88123e+18,STAR,6.55e-05,2559,54208,179
1.23765e+18,161.7670751,-0.091987529,19.33989,17.52137,16.6688,16.28283,15.94115,756,301,3,307,3.09669e+17,GALAXY,0.03937567,275,51910,169
1.23765e+18,161.7998304,-0.071294431,18.25384,16.49017,15.55913,15.09225,14.68665,756,301,3,307,3.09669e+17,GALAXY,0.04016168,275,51910,168
1.23765e+18,161.9793184,-0.107278779,16.7269,15.14762,14.60802,14.46086,14.4123,756,301,3,308,2.88123e+18,STAR,2.49e-05,2559,54208,178
1.23765e+18,162.0569492,-0.208508486,18.01415,16.26612,15.63598,15.41193,15.30253,756,301,3,309,2.88122e+18,STAR,9.66e-05,2559,54208,167
1.23765e+18,162.080549,-0.044549352,19.44775,18.47386,18.20933,18.10939,18.05051,756,301,3,309,2.89249e+18,STAR,0.000927291,2569,54234,177
1.23765e+18,162.0813087,-0.01758913,18.61642,17.18082,16.65869,16.46276,16.35942,756,301,3,309,2.88131e+18,STAR,-0.000100533,2559,54208,486
1.23765e+18,162.0818097,-0.023903749,18.73351,17.57104,17.19463,17.06478,17.00491,756,301,3,309,2.68982e+18,STAR,6.24e-05,2389,54213,178
1.23765e+18,162.0826996,-0.0219882,17.52143,16.22416,15.64505,15.31746,15.12244,756,301,3,309,3.09665e+17,GALAXY,0.03879983,275,51910,153
1.23765e+18,162.0972552,-0.018883238,17.14202,16.06824,15.73736,15.60082,15.55591,756,301,3,309,2.88131e+18,STAR,0.000447133,2559,54208,485
1.23765e+18,162.0986211,-0.103126374,18.16409,16.52452,15.75653,15.45819,15.26609,756,301,3,309,2.88122e+18,STAR,0.000191712,2559,54208,145
1.23765e+18,162.1119294,-0.015756866,19.44189,18.37948,18.37128,18.44829,18.56676,756,301,3,309,2.71234e+18,STAR,0.000179318,2409,54210,153
1.23765e+18,162.1515471,-0.16433593,19.44525,17.45414,16.48278,16.07109,15.71302,756,301,3,309,3.09666e+17,GALAXY,0.1143914,275,51910,159
1.23765e+18,162.2182628,-0.06369018,16.13098,14.88174,14.46439,14.32152,14.28702,756,301,3,310,2.71233e+18,STAR,-1.21e-05,2409,54210,145
1.23765e+18,162.2521042,-0.057628849,18.28061,16.5791,15.90827,15.64609,15.50249,756,301,3,310,2.68982e+18,STAR,-7.17e-05,2389,54213,147
1.23765e+18,162.3027116,-0.148570967,18.98696,18.42847,18.18905,18.11359,18.12924,756,301,3,310,4.31671e+18,STAR,0.000219776,3834,55569,32
1.23765e+18,162.3127614,-0.118406279,19.15502,18.88439,18.95928,19.06675,19.30268,756,301,3,310,4.31793e+18,STAR,9.8e-05,3835,55570,386
1.23765e+18,162.3175408,-0.190654623,16.45375,15.16379,14.64925,14.45265,14.37625,756,301,3,310,2.88122e+18,STAR,-7.08e-05,2559,54208,151
1.23765e+18,162.3153197,-0.052420434,19.56375,17.80391,16.90723,16.48856,16.18376,756,301,3,310,3.09654e+17,GALAXY,0.07557589,275,51910,116
1.23765e+18,162.3393535,-0.144779129,19.42274,17.98836,17.45308,17.24716,17.11165,756,301,3,311,2.88122e+18,STAR,-4.33e-05,2559,54208,158
1.23765e+18,162.3599862,-0.032544396,16.96748,15.3007,14.7386,14.55204,14.45516,756,301,3,311,2.88122e+18,STAR,-0.000122684,2559,54208,160
1.23765e+18,162.4308547,-0.179767474,19.07089,17.99339,18.23998,18.4201,18.54165,756,301,3,311,2.89248e+18,STAR,8.59e-05,2569,54234,153
1.23765e+18,162.466644,-0.123451624,18.76744,17.77106,17.47652,17.34718,17.31581,756,301,3,311,2.88121e+18,STAR,-2.84e-05,2559,54208,108
1.23765e+18,162.3385616,-0.155509958,19.40177,17.82066,16.91589,16.46833,16.13912,756,301,3,311,3.10836e+17,GALAXY,0.1148384,276,51909,319
1.23765e+18,162.5080453,-0.103408212,18.47567,17.46438,17.09931,16.9689,16.87556,756,301,3,312,3.09642e+17,STAR,0.00018669,275,51910,72
1.23765e+18,162.5098817,-0.113918874,16.98644,15.37064,14.77947,14.58687,14.48692,756,301,3,312,2.88121e+18,STAR,0.000121026,2559,54208,112
1.23765e+18,162.513043,-0.06307467,18.54453,16.95218,16.374,16.18088,16.07762,756,301,3,312,2.88121e+18,STAR,-4.7e-05,2559,54208,116
1.23765e+18,162.5454133,-0.11878104,19.00732,17.98882,17.67299,17.57664,17.52202,756,301,3,312,3.09644e+17,STAR,0.000661226,275,51910,79
1.23765e+18,162.5743537,-0.020788326,16.2485,15.18782,14.85919,14.7542,14.73178,756,301,3,312,2.88133e+18,STAR,-0.000199345,2559,54208,559
1.23765e+18,162.5941333,-0.097442622,17.31363,15.68919,15.12109,14.94159,14.8579,756,301,3,312,2.68981e+18,STAR,0.000160329,2389,54213,113
1.23765e+18,162.6173976,-0.11419426,16.59828,15.03297,14.39962,14.15712,14.02344,756,301,3,312,2.88121e+18,STAR,-8.54e-05,2559,54208,117
1.23765e+18,162.5556092,-0.201556542,18.26126,16.67673,15.87095,15.44205,15.12255,756,301,3,312,3.09643e+17,GALAXY,0.07256673,275,51910,73
1.23765e+18,162.5807387,-0.024361708,19.25711,17.95819,17.41637,17.06631,16.86301,756,301,3,312,3.10825e+17,GALAXY,0.06754486,276,51909,280
1.23765e+18,168.3123246,-0.474680141,18.92155,17.6929,17.04097,16.60764,16.39481,756,301,2,351,3.14209e+17,GALAXY,0.0745896,279,51984,301
1.23765e+18,168.4337326,-0.600991356,18.8859,17.76088,17.27094,16.94378,16.80268,756,301,2,351,3.14198e+17,GALAXY,0.07233746,279,51984,261
1.23765e+18,168.4408544,-0.421068586,18.94064,17.49573,16.7302,16.30239,16.00903,756,301,2,351,3.13008e+17,GALAXY,0.09964401,278,51900,29
1.23765e+18,168.4542791,-0.6175212,18.18591,17.25832,17.01682,16.73008,16.67341,756,301,2,351,3.14199e+17,GALAXY,0.07243424,279,51984,264
1.23765e+18,168.5619394,-0.535846857,19.32353,17.45607,16.51119,16.0891,15.74263,756,301,2,352,3.142e+17,GALAXY,0.09923025,279,51984,268
1.23765e+18,168.5750314,-0.464515005,18.77667,17.89857,17.64021,17.37638,17.31829,756,301,2,352,3.14202e+17,GALAXY,0.07235449,279,51984,277
1.23765e+18,168.6308051,-0.574346733,19.09076,17.28338,16.42633,16.02861,15.70525,756,301,2,353,3.14188e+17,GALAXY,0.04776745,279,51984,225
1.23765e+18,168.6597393,-0.610492326,19.44897,18.17198,17.72415,17.43931,17.27703,756,301,2,353,3.14187e+17,GALAXY,0.04754238,279,51984,222
1.23765e+18,168.7310193,-0.615955505,19.09632,17.93002,17.40165,17.01023,16.8565,756,301,2,353,3.14177e+17,GALAXY,0.07828303,279,51984,185
1.23765e+18,168.7467312,-0.598108855,18.69406,17.2767,16.59267,16.15951,15.90048,756,301,2,353,3.14178e+17,GALAXY,0.07767534,279,51984,188
1.23765e+18,168.7645236,-0.460188175,19.21597,18.08924,17.69742,17.54164,17.31314,756,301,2,354,3.14179e+17,GALAXY,0.02768295,279,51984,193
1.23765e+18,168.8513493,-0.4340038,19.59267,18.59666,18.2714,17.98486,17.86315,756,301,2,354,3.1417e+17,GALAXY,0.07670894,279,51984,161
1.23765e+18,168.8687972,-0.46331244,18.90416,16.96596,15.90874,15.46136,15.07696,756,301,2,354,3.14173e+17,GALAXY,0.1088155,279,51984,172
1.23765e+18,168.9428227,-0.503134931,19.41699,18.04262,17.22012,16.69787,16.37168,756,301,2,355,3.14172e+17,GALAXY,0.102785,279,51984,168
1.23765e+18,169.0150437,-0.533314132,17.93249,16.89201,16.52736,16.35698,16.21222,756,301,2,355,3.14171e+17,GALAXY,0.02576459,279,51984,162
1.23765e+18,169.1058121,-0.447409879,19.40747,18.18384,17.63447,17.30875,17.24898,756,301,2,356,3.14167e+17,GALAXY,0.08081605,279,51984,148
1.23765e+18,169.1238394,-0.542896037,19.3337,18.38404,17.99811,17.84294,17.81207,756,301,2,356,4.26516e+18,STAR,-0.003327649,3788,55246,902
1.23765e+18,169.0872274,-0.562647419,19.33891,17.8769,17.47027,17.22255,17.06833,756,301,2,356,3.14171e+17,GALAXY,0.04302324,279,51984,165
1.23765e+18,169.4940133,-0.571778343,19.39497,18.07407,17.62213,17.32347,17.19109,756,301,2,358,3.14157e+17,GALAXY,0.08866273,279,51984,114
1.23765e+18,169.8531095,-0.60577166,18.93829,17.79384,17.36567,17.19469,17.12869,756,301,2,361,3.14144e+17,STAR,0.000233781,279,51984,64
1.23765e+18,169.8975206,-0.52806494,17.07886,16.14677,15.77444,15.61557,15.5875,756,301,2,361,3.14143e+17,STAR,0.000144728,279,51984,63
1.23765e+18,170.0493986,-0.446933331,19.23571,17.86737,17.17782,16.78271,16.59521,756,301,2,362,3.15322e+17,GALAXY,0.1031938,280,51612,256
1.23765e+18,169.9760806,-0.55576165,19.00835,17.06702,16.12363,15.70228,15.35997,756,301,2,362,3.14147e+17,GALAXY,0.07318164,279,51984,75
1.23765e+18,170.139989,-0.571956431,17.22833,16.21433,15.88916,15.74973,15.73119,756,301,2,363,3.15323e+17,STAR,0.000273246,280,51612,258
1.23765e+18,170.172798,-0.61392533,18.68034,17.63359,17.17096,16.83735,16.71814,756,301,2,363,3.14132e+17,GALAXY,0.0876972,279,51984,21
1.23765e+18,170.3434463,-0.446715243,19.54466,18.2567,17.62187,17.23841,16.9741,756,301,2,364,3.15289e+17,GALAXY,0.06849624,280,51612,133
1.23765e+18,170.3728175,-0.588836266,18.69757,17.67778,17.3643,17.12056,17.00994,756,301,2,364,3.15286e+17,GALAXY,0.04991531,280,51612,125
1.23765e+18,170.5029253,-0.57301605,18.75163,17.85247,17.55878,17.42437,17.41265,756,301,2,365,4.24935e+18,STAR,0.000593056,3774,55244,746
1.23765e+18,170.4416394,-0.422159279,19.13065,17.54826,16.65622,16.24163,15.90311,756,301,2,365,3.1529e+17,GALAXY,0.1308649,280,51612,137
1.23765e+18,170.5332533,-0.489032521,19.469,17.46911,16.49142,16.05453,15.70727,756,301,2,365,3.1529e+17,GALAXY,0.09825518,280,51612,140
1.23765e+18,170.5385404,-0.527269106,18.67909,16.77078,15.82724,15.32771,14.94655,756,301,2,365,3.15289e+17,GALAXY,0.07380059,280,51612,134
1.23765e+18,170.6177725,-0.616957485,19.31303,17.78949,17.13906,16.80574,16.70877,756,301,2,366,3.64012e+18,STAR,0.000211862,3233,54891,313
1.23765e+18,170.5812239,-0.620875089,17.51416,16.18372,15.6094,15.29982,15.12316,756,301,2,366,3.15279e+17,GALAXY,0.0401581,280,51612,97
1.23765e+18,170.6236989,-0.529443426,19.04209,18.12822,17.44538,17.03569,16.81496,756,301,2,366,3.15278e+17,GALAXY,0.1470499,280,51612,96
1.23765e+18,170.7128568,-0.456166136,16.87851,15.65779,15.22582,15.07485,15.03195,756,301,2,367,3.64013e+18,STAR,-2.49e-05,3233,54891,351
1.23765e+18,170.7351741,-0.43686481,18.59142,16.2963,15.40672,15.11555,14.96233,756,301,2,367,3.64013e+18,STAR,4.57e-06,3233,54891,349
1.23765e+18,170.7505836,-0.615431428,18.6083,17.7003,17.3532,17.1874,17.05671,756,301,2,367,3.16464e+17,GALAXY,0.02377577,281,51614,315
1.23765e+18,170.8170362,-0.492846156,19.51139,18.01633,17.12222,16.65936,16.2966,756,301,2,367,3.15278e+17,GALAXY,0.1475813,280,51612,93
1.23765e+18,170.9297822,-0.482700238,19.39359,18.2264,17.8175,17.66512,17.61489,756,301,2,368,3.64013e+18,STAR,0.000304028,3233,54891,355
1.23765e+18,171.0273065,-0.45243529,19.1049,17.88473,17.38938,17.18982,17.12371,756,301,2,369,3.64013e+18,STAR,0.000305432,3233,54891,354
1.23765e+18,171.0388905,-0.425999862,17.07062,15.89509,15.52089,15.38685,15.35239,756,301,2,369,3.64013e+18,STAR,-2.56e-05,3233,54891,350
1.23765e+18,171.1089389,-0.42705683,17.8931,16.45904,15.89366,15.55947,15.30833,756,301,2,369,3.16441e+17,GALAXY,0.04872853,281,51614,230
1.23765e+18,171.1374052,-0.473711082,19.0038,17.9889,17.62738,17.47785,17.42612,756,301,2,369,3.64014e+18,STAR,0.000188422,3233,54891,399
1.23765e+18,171.0650673,-0.446554569,19.25748,19.19962,18.96415,18.89772,18.91018,756,301,2,369,3.15268e+17,QSO,1.409506,280,51612,57
1.23765e+18,171.1054054,-0.458811202,18.36421,17.3393,16.97813,16.73115,16.60979,756,301,2,369,3.15265e+17,GALAXY,0.04840347,280,51612,47
1.23765e+18,171.2671033,-0.51136652,19.25689,17.92598,17.34518,17.1321,16.99484,756,301,2,370,3.64014e+18,STAR,6.2e-05,3233,54891,393
1.23765e+18,171.3716703,-0.469419831,17.166,16.11623,15.82466,15.62916,15.60333,756,301,2,371,3.64014e+18,STAR,-1.39e-05,3233,54891,389
1.23765e+18,171.3308819,-0.448246205,19.35067,18.21555,17.57915,17.20819,16.9711,756,301,2,371,3.15254e+17,GALAXY,0.1042414,280,51612,7
1.23765e+18,171.5497889,-0.441418566,19.40614,18.20709,17.75855,17.58673,17.53551,756,301,2,372,3.64015e+18,STAR,0.000140921,3233,54891,434
1.23765e+18,237.8114184,0.293006361,18.0077,16.52336,15.79504,15.42746,15.10615,745,301,4,528,3.8522e+17,GALAXY,0.03213647,342,51691,589
1.23765e+18,237.8659058,0.235601078,19.46374,18.02827,17.40944,17.01271,16.76391,745,301,4,528,3.85231e+17,GALAXY,0.08777405,342,51691,630
1.23765e+18,238.0096968,0.335343039,19.4948,17.9202,17.09056,16.66202,16.34234,745,301,4,529,3.85233e+17,GALAXY,0.09524489,342,51691,636
1.23765e+18,238.0526696,0.287107114,16.96742,15.82491,15.65675,15.62708,15.65568,745,301,4,530,3.86293e+17,STAR,-0.000200567,343,51692,396
1.23765e+18,238.0424151,0.393915095,19.33371,17.42922,16.60245,16.28615,16.12166,745,301,4,530,3.86293e+17,STAR,7.62e-05,343,51692,398
1.23765e+18,238.2048242,0.326011067,18.64482,17.35973,16.86066,16.67095,16.59032,745,301,4,531,3.8523e+17,STAR,2.36e-05,342,51691,625
1.23765e+18,238.3995028,0.259713514,17.16989,15.91242,15.40506,15.23988,15.15839,745,301,4,532,3.86304e+17,STAR,-0.000136047,343,51692,437
1.23765e+18,238.3737707,0.336738794,19.38406,17.4132,16.56433,16.09679,15.75058,745,301,4,532,3.86301e+17,GALAXY,0.09375454,343,51692,427
1.23765e+18,238.8543726,0.220321192,18.92672,17.74341,17.56911,17.54353,17.52725,745,301,4,535,3.86311e+17,STAR,-0.000665972,343,51692,463
1.23765e+18,239.1920182,0.362572732,19.37154,18.12041,17.53772,17.2515,17.30352,745,301,4,537,3.86322e+17,STAR,-0.000400084,343,51692,503
1.23765e+18,239.13957,0.359629565,19.38279,18.19078,18.14659,18.16469,18.21879,745,301,4,537,3.8632e+17,STAR,-5.86e-05,343,51692,496
1.23765e+18,239.1622226,0.351116673,17.82022,16.37337,15.61044,15.21839,14.87067,745,301,4,537,3.86324e+17,GALAXY,0.03249471,343,51692,511
1.23765e+18,239.163319,0.334642532,19.47983,19.20625,19.00287,18.6429,18.50292,745,301,4,537,3.86324e+17,QSO,1.831576,343,51692,509
1.23765e+18,239.3895679,0.316140082,18.54237,16.86702,16.04577,15.5879,15.21532,745,301,4,539,3.86323e+17,GALAXY,0.03213125,343,51692,507
1.23765e+18,239.7304107,0.375826217,17.49541,15.92092,15.12645,14.87356,14.98169,745,301,4,541,3.87405e+17,STAR,-0.000225129,344,51693,348
1.23765e+18,239.6846468,0.241074819,18.74969,17.47721,16.88932,16.54642,16.32421,745,301,4,541,3.86332e+17,GALAXY,0.05071344,343,51692,541
1.23765e+18,239.7418435,0.254240708,19.39272,17.53023,16.53664,16.00845,15.58063,745,301,4,541,3.87406e+17,GALAXY,0.07785986,344,51693,351
1.23765e+18,239.7669466,0.246238139,18.79515,17.24402,16.51092,16.06922,15.76848,745,301,4,541,3.87407e+17,GALAXY,0.07789504,344,51693,354
1.23765e+18,242.3277838,0.372535645,18.03508,17.77198,17.65211,17.59714,17.61177,745,301,4,558,3.88563e+17,STAR,-0.000474806,345,51690,463
1.23765e+18,242.481085,0.226493849,19.01908,17.9804,17.47823,17.01997,16.86898,745,301,4,559,3.88563e+17,GALAXY,0.07248693,345,51690,465
1.23765e+18,242.6122263,0.295275632,19.56997,17.44946,16.36201,15.82359,15.4506,745,301,4,560,3.88568e+17,GALAXY,0.1169517,345,51690,483
1.23765e+18,242.6529812,0.312556692,19.36643,17.89171,17.17413,16.73606,16.44948,745,301,4,560,3.8857e+17,GALAXY,0.08021929,345,51690,491
1.23765e+18,242.7061994,0.312853548,19.41744,17.3108,16.16957,15.6957,15.32304,745,301,4,561,3.88575e+17,GALAXY,0.1062192,345,51690,508
1.23765e+18,242.7306547,0.314955309,19.42072,18.70648,18.22605,17.59892,18.3577,745,301,4,561,3.88575e+17,STAR,-0.0001491,345,51690,506
1.23765e+18,242.7666192,0.380888384,18.59334,17.65768,17.28332,17.12765,17.06944,745,301,4,561,3.88578e+17,STAR,-0.001191697,345,51690,520
1.23765e+18,242.6628655,0.295691396,18.47734,16.84394,15.91882,15.44834,15.12518,745,301,4,561,3.88576e+17,GALAXY,0.05806117,345,51690,512
1.23765e+18,242.6726297,0.276520004,18.02087,16.18131,15.25568,14.78436,14.42617,745,301,4,561,3.88577e+17,GALAXY,0.06205918,345,51690,514
1.23765e+18,242.9199321,0.325963285,18.39788,16.5573,15.63292,15.17375,14.8216,745,301,4,562,3.88586e+17,GALAXY,0.0439464,345,51690,547
1.23765e+18,242.8920439,0.284318347,19.3243,17.92082,17.45204,17.1862,17.06619,745,301,4,562,3.88588e+17,GALAXY,0.04449686,345,51690,554
1.23765e+18,243.154609,0.379971633,18.29665,16.2506,15.29586,14.83474,14.50509,745,301,4,564,3.88599e+17,GALAXY,0.04314469,345,51690,594
1.23765e+18,243.1794045,0.379983288,18.48285,16.57545,15.58563,15.09322,14.74033,745,301,4,564,3.88598e+17,GALAXY,0.04445201,345,51690,593
1.23765e+18,243.2007421,0.379463849,18.93305,17.50388,16.85227,16.48989,16.28522,745,301,4,564,3.89658e+17,GALAXY,0.04373603,346,51693,351
1.23765e+18,243.2155323,0.379758039,19.14531,17.54398,16.67686,16.17822,15.81667,745,301,4,564,3.88598e+17,GALAXY,0.0446232,345,51690,592
1.23765e+18,243.6917748,0.373370719,19.16461,17.81315,17.05624,16.63381,16.3885,745,301,4,567,3.88608e+17,GALAXY,0.09227547,345,51690,628
1.23765e+18,243.6219292,0.341831939,19.18063,17.78895,17.1473,16.81193,16.59147,745,301,4,567,3.89678e+17,GALAXY,0.06486723,346,51693,423
1.23765e+18,243.6898399,0.348816909,18.81465,17.66359,17.19378,16.86811,16.71585,745,301,4,567,3.8968e+17,GALAXY,0.09287044,346,51693,432
1.23765e+18,243.8830855,0.388267914,17.06134,15.94517,15.44167,15.26598,15.19021,745,301,4,569,3.8968e+17,STAR,-0.000192843,346,51693,431
1.23765e+18,244.0646024,0.338184371,19.01153,17.6709,17.13392,16.89482,16.84062,745,301,4,570,3.89691e+17,STAR,5.37e-05,346,51693,471
1.23765e+18,244.5383929,0.354089668,19.06195,17.96062,17.31204,17.02772,17.0809,745,301,4,573,3.89701e+17,STAR,-0.000438959,346,51693,508
1.23765e+18,244.6625603,0.367732203,18.84877,17.62764,17.04583,16.64065,16.42554,745,301,4,574,3.89704e+17,GALAXY,0.1070465,346,51693,517
1.23765e+18,244.6836478,0.355311644,19.33711,17.86043,17.45691,17.11018,16.94379,745,301,4,574,3.89715e+17,GALAXY,0.03141671,346,51693,558
1.23765e+18,245.0903368,0.347051113,18.60858,18.3943,17.97889,17.67771,17.41788,745,301,4,577,4.09925e+17,QSO,0.2472486,364,52000,355
1.23765e+18,245.256649,0.405248344,18.9502,17.03974,16.01775,15.47905,15.07813,745,301,4,578,4.09922e+17,GALAXY,0.08695956,364,52000,345
1.23765e+18,245.3225117,0.369261388,17.52858,16.14792,15.59507,15.40023,15.31736,745,301,4,578,3.89725e+17,STAR,-7.66e-05,346,51693,594
1.23765e+18,245.894634,0.344116123,19.12424,17.8952,17.25237,16.86638,16.62182,745,301,4,582,4.09948e+17,GALAXY,0.05745585,364,52000,437
1.23765e+18,245.9262132,0.360456537,18.46771,16.45326,15.44484,14.99735,14.62061,745,301,4,582,4.09945e+17,GALAXY,0.08598141,364,52000,426
1.23765e+18,245.9457478,0.375724282,19.51213,18.07289,17.27296,16.86251,16.58438,745,301,4,582,4.09958e+17,GALAXY,0.08613547,364,52000,474
1.23765e+18,246.5242146,0.352322009,19.30854,18.09102,17.54828,17.27576,17.07783,745,301,4,586,4.09964e+17,GALAXY,0.05213557,364,52000,497
1.23765e+18,246.9235959,0.374472903,19.5115,19.18155,18.81941,24.22526,16.87434,745,301,4,589,4.09977e+17,STAR,-0.000185644,364,52000,543
1.23765e+18,171.122921,-0.863989962,18.87845,16.74773,15.83912,15.473,15.27043,756,301,1,369,3.64011e+18,STAR,1.42e-05,3233,54891,271
1.23765e+18,171.0098472,-0.949405337,18.42564,16.90672,16.10662,15.64825,15.28788,756,301,1,369,3.1646e+17,GALAXY,0.04018398,281,51614,299
1.23765e+18,171.1544154,-0.991867306,16.76418,14.93307,14.12893,13.71181,13.42473,756,301,1,370,3.15254e+17,GALAXY,0.02558509,280,51612,6
1.23765e+18,171.1596846,-0.871360358,17.22247,15.93187,16.06116,16.15301,16.21914,756,301,1,370,3.6401e+18,STAR,0.001128676,3233,54891,231
1.23765e+18,171.2793066,-1.037344869,18.17224,16.85394,16.25895,15.9164,15.65053,756,301,1,370,3.16456e+17,GALAXY,0.04017433,281,51614,285
1.23765e+18,171.3301223,-1.037474445,19.53446,19.3982,19.16992,19.16776,19.22043,756,301,1,371,3.67144e+17,QSO,1.109752,326,52375,367
1.23765e+18,171.395796,-0.916999804,18.74537,17.07174,16.3585,16.05557,15.90525,756,301,1,371,3.6401e+18,STAR,0.000697441,3233,54891,235
1.23765e+18,171.3512729,-0.960894022,19.17717,18.10146,17.60407,17.27286,17.10539,756,301,1,371,3.15256e+17,GALAXY,0.0947919,280,51612,15
1.23765e+18,171.364871,-0.970443654,18.91343,17.76378,17.33798,17.11619,16.98296,756,301,1,371,3.15255e+17,GALAXY,0.02545308,280,51612,10
1.23765e+18,171.41862,-0.8607926,18.40045,17.44397,17.1203,16.87672,16.70434,756,301,1,371,3.15253e+17,GALAXY,0.04026347,280,51612,2
1.23765e+18,171.4670679,-0.922550412,18.63536,16.84238,16.01727,15.4958,15.07772,756,301,1,372,3.16449e+17,GALAXY,0.04103979,281,51614,258
1.23765e+18,171.5426253,-0.934073564,18.84579,17.72358,17.22279,17.05134,16.96743,756,301,1,372,3.64009e+18,STAR,0.000742842,3233,54891,192
1.23765e+18,171.5068423,-0.872149899,19.41203,17.45083,16.48704,16.08781,15.74972,756,301,1,372,3.16448e+17,GALAXY,0.1043242,281,51614,255
1.23765e+18,171.591167,-0.942335265,19.40137,17.54683,16.43176,15.97004,15.62302,756,301,1,372,3.16447e+17,GALAXY,0.1512106,281,51614,252
1.23765e+18,171.6045341,-1.017104278,18.86219,17.1905,16.47479,16.19198,16.04089,756,301,1,373,3.64009e+18,STAR,-0.000130143,3233,54891,191
1.23765e+18,171.7186939,-0.962648347,19.32395,18.32287,17.96355,17.82053,17.77987,756,301,1,373,3.64009e+18,STAR,4.79e-05,3233,54891,195
1.23765e+18,171.7263939,-1.046627508,19.47466,17.80258,16.83335,16.36858,16.00608,756,301,1,373,3.16435e+17,GALAXY,0.1325089,281,51614,208
1.23765e+18,171.7998176,-0.850562615,18.78421,17.79785,17.35017,17.16036,17.09278,756,301,1,374,3.64015e+18,STAR,0.000992191,3233,54891,435
1.23765e+18,171.8011162,-0.994661483,16.35934,15.32667,14.91483,14.73861,14.73084,756,301,1,374,3.16433e+17,GALAXY,0.003222728,281,51614,201
1.23765e+18,171.8585091,-0.950095358,18.30663,17.2932,17.21844,17.23053,17.27008,756,301,1,374,3.64008e+18,STAR,-2.44e-05,3233,54891,175
1.23765e+18,171.8796091,-0.982393015,18.81811,17.2838,16.52309,16.08544,15.83666,756,301,1,374,3.16415e+17,GALAXY,0.07755527,281,51614,136
1.23765e+18,172.0238531,-0.980816697,18.5848,18.49453,18.30756,18.2532,17.8149,756,301,1,375,3.16416e+17,QSO,0.2845678,281,51614,137
1.23765e+18,172.0291968,-0.951927717,19.27318,18.119,17.63925,17.25893,17.07028,756,301,1,375,3.16416e+17,GALAXY,0.06191791,281,51614,140
1.23765e+18,172.1189345,-0.849539218,18.81918,18.8548,18.67842,18.7038,18.8817,756,301,1,376,3.16403e+17,QSO,1.180429,281,51614,91
1.23765e+18,172.1596732,-0.969479791,19.47781,19.33666,19.0041,18.89204,19.00081,756,301,1,376,3.16404e+17,QSO,1.36804,281,51614,94
1.23765e+18,172.144908,-0.902711411,19.42106,17.59842,16.73602,16.32575,16.00626,756,301,1,376,3.16405e+17,GALAXY,0.06160604,281,51614,98
1.23765e+18,172.3381713,-1.033219704,18.04065,16.85278,16.31843,16.09051,15.99215,756,301,1,377,3.64007e+18,STAR,-0.000137825,3233,54891,112
1.23765e+18,172.3422759,-1.002891289,18.94347,18.01561,17.7713,17.68763,17.67512,756,301,1,377,3.67199e+17,STAR,0.000178652,326,52375,567
1.23765e+18,172.3430877,-1.035724277,18.76935,16.82972,15.93489,15.51074,15.19731,756,301,1,377,3.16405e+17,GALAXY,0.07727171,281,51614,99
1.23765e+18,172.3725578,-1.038370944,17.40013,16.17012,15.62242,15.38922,15.27061,756,301,1,378,3.64006e+18,STAR,0.001033407,3233,54891,111
1.23765e+18,172.3983224,-0.892245482,19.2953,19.18602,19.18688,18.98961,19.02869,756,301,1,378,3.16392e+17,QSO,1.696456,281,51614,52
1.23765e+18,172.4154786,-1.037233662,19.4887,17.87601,16.97217,16.52478,16.14656,756,301,1,378,3.16389e+17,GALAXY,0.1154942,281,51614,42
1.23765e+18,172.5129883,-0.979477585,19.52102,18.17525,17.46766,17.06927,16.84047,756,301,1,379,3.16391e+17,GALAXY,0.1154998,281,51614,48
1.23765e+18,172.564151,-0.886820283,19.47504,18.22615,17.69019,17.48586,17.39235,756,301,1,379,3.64017e+18,STAR,-0.000196416,3233,54891,501
1.23765e+18,172.5706715,-0.973026836,19.05236,18.12052,17.79811,17.67658,17.64059,756,301,1,379,4.32358e+18,STAR,0.000236053,3840,55574,450
1.23765e+18,172.590917,-0.914062062,18.85233,16.72885,15.86364,15.53655,15.36736,756,301,1,379,3.64018e+18,STAR,1.61e-05,3233,54891,515
1.23765e+18,172.6010678,-0.889696706,19.04033,18.16368,17.82376,17.68566,17.60801,756,301,1,379,3.64017e+18,STAR,0.000356822,3233,54891,502
1.23765e+18,172.5282645,-0.892071389,19.20774,17.24644,16.39377,15.98438,15.67019,756,301,1,379,3.16393e+17,GALAXY,0.04986571,281,51614,54
1.23765e+18,172.5526618,-0.969039106,18.79113,17.52324,16.82181,16.4489,16.20698,756,301,1,379,3.17582e+17,GALAXY,0.07770094,282,51658,283
1.23765e+18,172.5745326,-0.979250806,18.77363,16.93999,16.04068,15.61969,15.27554,756,301,1,379,3.16394e+17,GALAXY,0.07530008,281,51614,60
1.23765e+18,172.6091679,-1.032879102,18.25444,17.17575,16.72202,16.41927,16.22525,756,301,1,379,3.17583e+17,GALAXY,0.04784248,282,51658,288
1.23765e+18,172.6628181,-1.002670456,16.83619,15.74772,15.37244,15.23663,15.21051,756,301,1,380,3.16378e+17,STAR,-0.002965176,281,51614,2
1.23765e+18,172.6668741,-0.965186426,19.30964,17.61099,16.82529,16.44278,16.16044,756,301,1,380,3.17586e+17,GALAXY,0.04814501,282,51658,298
1.23765e+18,172.7750977,-0.946407718,19.56066,18.045,17.27707,16.86793,16.58406,756,301,1,380,3.17586e+17,GALAXY,0.1205518,282,51658,300
1.23765e+18,172.7888063,-0.961556352,19.50251,18.22993,17.58969,17.24174,17.02367,756,301,1,380,3.17585e+17,GALAXY,0.1044813,282,51658,297
1.23765e+18,172.8424812,-0.935121325,18.89009,17.74693,17.09469,16.6529,16.39781,756,301,1,381,3.1638e+17,GALAXY,0.1043554,281,51614,7
1.23765e+18,172.8862471,-0.863592052,18.92048,17.97678,17.57454,17.39796,17.32302,756,301,1,381,3.2224e+18,STAR,2.18e-05,2862,54471,286
1.23765e+18,172.8909993,-1.008219149,19.33947,17.97689,17.45979,17.29127,17.12769,756,301,1,381,3.64018e+18,STAR,0.000592842,3233,54891,546
1.23765e+18,172.9170886,-0.88419341,19.4134,18.1155,17.56697,17.35292,17.26353,756,301,1,381,3.23929e+18,STAR,-5.36e-05,2877,54523,290
1.23765e+18,197.6807044,-1.965214115,19.58881,17.61696,16.73237,16.32802,16.03879,1231,301,5,190,3.82925e+17,GALAXY,0.08169618,340,51990,434
1.23765e+18,197.7357967,-1.948555444,19.05181,17.92665,17.21166,16.81731,16.53323,1231,301,5,190,3.82927e+17,GALAXY,0.08124017,340,51990,439
1.23765e+18,197.7806835,-2.009023386,19.28426,17.55905,16.68072,16.19581,15.85702,1231,301,5,190,3.82924e+17,GALAXY,0.08179908,340,51990,429
1.23765e+18,197.8056692,-1.98052992,19.54479,18.1675,17.12325,16.65976,16.31158,1231,301,5,191,3.82922e+17,GALAXY,0.1861107,340,51990,421
1.23765e+18,197.9095759,-1.809755627,18.70635,16.98193,16.21663,15.84458,15.5648,1231,301,5,191,3.82935e+17,GALAXY,0.06404597,340,51990,471
1.23765e+18,197.9845823,-2.005186358,19.51645,18.54365,18.25322,18.17074,18.14592,1231,301,5,192,3.82937e+17,STAR,0.000459967,340,51990,475
1.23765e+18,198.0932434,-1.846977878,17.71761,16.58969,16.50483,16.49943,16.58792,1231,301,5,193,3.8294e+17,STAR,0.000358829,340,51990,487
1.23765e+18,198.2092293,-1.899578942,18.26742,17.39275,17.00057,16.67694,16.53415,1231,301,5,193,3.82943e+17,GALAXY,0.08381247,340,51990,500
1.23765e+18,198.3515325,-1.833245497,18.42069,17.52503,17.12882,16.66177,16.57567,1231,301,5,194,3.82943e+17,GALAXY,0.08173826,340,51990,498
1.23765e+18,198.3525529,-1.836695347,18.53594,17.14115,16.28312,15.80607,15.46439,1231,301,5,194,4.5635e+18,GALAXY,0.08134525,4053,55591,816
1.23765e+18,198.4583152,-1.954510506,19.15166,18.65423,17.98542,17.50728,17.33112,1231,301,5,195,3.82947e+17,QSO,0.1817561,340,51990,513
1.23765e+18,198.625886,-1.959621336,16.74801,15.71486,15.50011,15.42711,15.43281,1231,301,5,196,3.82945e+17,STAR,6.25e-05,340,51990,505
1.23765e+18,198.6733072,-1.962035714,18.20875,16.31817,15.40327,14.94838,14.59542,1231,301,5,196,3.82944e+17,GALAXY,0.08159997,340,51990,503
1.23765e+18,198.7267703,-2.002213614,19.28049,17.78367,17.04116,16.66253,16.39243,1231,301,5,197,3.84031e+17,GALAXY,0.1153981,341,51690,359
1.23765e+18,198.9302716,-1.959900788,19.20163,17.97215,18.10859,18.26069,18.27991,1231,301,5,198,3.84026e+17,STAR,0.000263787,341,51690,344
1.23765e+18,198.8885708,-1.808991801,18.90966,17.82617,17.22904,16.89748,16.66129,1231,301,5,198,3.82957e+17,GALAXY,0.120826,340,51990,551
1.23765e+18,198.9113244,-1.979517688,19.24785,18.99271,18.80524,18.59623,18.58635,1231,301,5,198,3.82956e+17,QSO,1.502359,340,51990,544
1.23765e+18,199.0247303,-1.897545535,18.68995,17.4823,16.41127,16.66805,16.49148,1231,301,5,199,3.82956e+17,STAR,-9.18e-06,340,51990,545
1.23765e+18,170.8818669,-1.472092508,17.4107,16.43608,16.17066,16.05644,16.01919,1231,301,6,11,3.67136e+17,STAR,0.00016277,326,52375,337
1.23765e+18,170.9067323,-1.569522058,17.61632,16.38015,15.94872,15.78003,15.7177,1231,301,6,11,3.64011e+18,STAR,8.51e-05,3233,54891,289
1.23765e+18,170.896664,-1.565652275,16.09008,14.91449,14.32554,13.91501,13.64964,1231,301,6,11,3.67135e+17,GALAXY,0.04463125,326,52375,332
1.23765e+18,170.9983909,-1.518476345,18.63179,18.18673,18.0238,17.68875,17.83545,1231,301,6,12,3.67135e+17,GALAXY,0.1206283,326,52375,335
1.23765e+18,171.1019526,-1.412946466,19.18499,17.73031,17.1103,16.83249,16.70009,1231,301,6,12,3.64011e+18,STAR,-0.000128911,3233,54891,267
1.23765e+18,171.0059502,-1.424929131,19.48767,18.14497,17.64336,17.29757,17.16178,1231,301,6,12,3.67134e+17,GALAXY,0.0740535,326,52375,331
1.23765e+18,171.1407287,-1.383576604,17.87508,16.64877,16.08887,15.84685,15.7192,1231,301,6,13,3.64011e+18,STAR,0.000911907,3233,54891,272
1.23765e+18,171.1526506,-1.410345859,19.57182,18.20644,17.30419,16.83613,16.48943,1231,301,6,13,3.67132e+17,GALAXY,0.1746488,326,52375,321
1.23765e+18,171.1534429,-1.557128664,19.00963,18.8215,18.48748,18.32408,18.29952,1231,301,6,13,3.67143e+17,QSO,1.284435,326,52375,361
1.23765e+18,171.1725964,-1.480191749,18.94049,17.59972,16.92697,16.58047,16.33988,1231,301,6,13,3.67146e+17,GALAXY,0.09750687,326,52375,372
1.23765e+18,171.434102,-1.52986523,18.48344,17.4457,17.12205,16.85737,16.74147,1231,301,6,15,3.67146e+17,GALAXY,0.06346171,326,52375,373
1.23765e+18,171.43872,-1.552835169,18.87413,17.94512,17.58935,17.25179,17.1517,1231,301,6,15,3.67157e+17,GALAXY,0.06277878,326,52375,414
1.23765e+18,171.4781467,-1.58373929,17.94766,16.47312,15.73696,15.30214,15.0179,1231,301,6,15,3.67158e+17,GALAXY,0.04589505,326,52375,418
1.23765e+18,171.501524,-1.384539135,19.55228,18.03623,17.35018,17.09032,16.89334,1231,301,6,15,3.64009e+18,STAR,0.000207412,3233,54891,185
1.23765e+18,171.6764244,-1.480417047,18.88364,17.72491,17.29921,17.12558,17.0458,1231,301,6,16,3.67156e+17,STAR,2.63e-05,326,52375,409
1.23765e+18,171.6934789,-1.571645155,18.78454,18.6443,18.31186,18.22631,17.63956,1231,301,6,16,3.67158e+17,QSO,0.3406637,326,52375,416
1.23765e+18,171.6297058,-1.396424547,19.23446,17.82392,17.17782,16.81703,16.53888,1231,301,6,16,3.67156e+17,GALAXY,0.07500073,326,52375,408
1.23765e+18,171.6280743,-1.567835408,19.43161,17.71559,16.99813,16.70523,16.5132,1231,301,6,16,3.64009e+18,STAR,-0.000183396,3233,54891,215
1.23765e+18,171.6761958,-1.45899455,19.25079,17.29677,16.37869,15.94119,15.60109,1231,301,6,16,3.67155e+17,GALAXY,0.07431035,326,52375,405
1.23765e+18,171.7066855,-1.444246519,18.23952,17.3522,17.1414,16.88322,16.85088,1231,301,6,16,3.67169e+17,GALAXY,0.07555289,326,52375,458
1.23765e+18,171.8416223,-1.558718469,18.10646,16.67481,16.05508,15.82872,15.69561,1231,301,6,17,3.64009e+18,STAR,-4e-05,3233,54891,212
1.23765e+18,171.8637031,-1.413107766,17.06646,15.88387,15.9836,16.10507,16.20394,1231,301,6,17,3.64008e+18,STAR,0.000437405,3233,54891,169
1.23765e+18,171.7939385,-1.420467917,19.56973,17.93909,17.00167,16.51232,16.13563,1231,301,6,17,3.6717e+17,GALAXY,0.1051569,326,52375,460
1.23765e+18,171.9122218,-1.428248027,18.1148,16.31868,15.50009,15.16404,14.95651,1231,301,6,18,3.64008e+18,STAR,0.000146888,3233,54891,172
1.23765e+18,171.9596681,-1.484473463,19.32919,19.40872,19.37841,19.14491,18.97479,1231,301,6,18,3.67166e+17,QSO,1.964179,326,52375,446
1.23765e+18,172.1044138,-1.568701959,18.82505,17.52692,16.97943,16.74312,16.61185,1231,301,6,19,3.64007e+18,STAR,-4.25e-05,3233,54891,134
1.23765e+18,172.060511,-1.420886744,18.92953,16.68121,15.75426,15.43043,15.23407,1231,301,6,19,3.64008e+18,STAR,-1.69e-06,3233,54891,171
1.23765e+18,172.0744743,-1.51457534,18.84417,16.90734,15.90035,15.45891,15.07175,1231,301,6,19,3.6719e+17,GALAXY,0.1045928,326,52375,534
1.23765e+18,172.0991104,-1.505984935,19.04522,17.69076,17.13636,16.89519,16.76062,1231,301,6,19,3.64008e+18,STAR,0.000267874,3233,54891,148
1.23765e+18,172.1540588,-1.425725743,19.53372,18.77592,18.46394,18.31104,18.24781,1231,301,6,19,3.64007e+18,STAR,0.000567656,3233,54891,141
1.23765e+18,172.0563253,-1.407792533,19.06428,18.00207,17.44528,17.14838,16.97518,1231,301,6,19,3.67191e+17,GALAXY,0.1196319,326,52375,538
1.23765e+18,222.5680746,-0.658151772,19.3511,16.83573,15.72565,15.32666,15.10008,752,301,2,528,3.30341e+18,STAR,8.24e-05,2934,54626,58
1.23765e+18,222.5731283,-0.650142797,18.63844,16.90358,16.11441,15.73233,15.41901,752,301,2,528,3.46808e+17,GALAXY,0.0427188,308,51662,112
1.23765e+18,222.6892701,-0.733418078,18.97666,18.73322,18.54754,18.3679,18.12569,752,301,2,529,4.52511e+18,QSO,2.076002,4019,55363,434
1.23765e+18,222.7186155,-0.77487711,18.99833,17.58197,16.86536,16.6126,16.44872,752,301,2,529,3.46795e+17,STAR,-0.000155158,308,51662,65
1.23765e+18,222.8139938,-0.819435463,18.27386,16.61151,16.02007,15.84372,15.76281,752,301,2,529,3.27526e+18,STAR,5.59e-05,2909,54653,58
1.23765e+18,222.8152665,-0.630535433,19.13205,18.14196,17.77503,17.65434,17.61087,752,301,2,529,3.27526e+18,STAR,0.00016508,2909,54653,52
1.23765e+18,222.7872576,-0.741471387,19.44096,17.81349,17.15072,16.93345,16.82673,752,301,2,529,3.30339e+18,STAR,-0.000129746,2934,54626,12
1.23765e+18,222.8606505,-0.785329621,17.84366,16.3761,15.77057,15.53896,15.42234,752,301,2,530,3.27525e+18,STAR,-9.65e-05,2909,54653,9
1.23765e+18,222.8777074,-0.781071682,18.41394,16.97205,16.37675,16.15413,16.04679,752,301,2,530,3.27525e+18,STAR,0.000126023,2909,54653,12
1.23765e+18,222.970459,-0.656069894,17.69923,16.3271,15.70422,15.47854,15.38434,752,301,2,530,3.27525e+18,STAR,-0.000355051,2909,54653,11
1.23765e+18,222.9775893,-0.673732742,17.2382,15.73552,15.18054,14.98918,14.92518,752,301,2,530,3.27524e+18,STAR,8.25e-05,2909,54653,6
1.23765e+18,222.9728465,-0.723448528,18.42207,17.57896,17.22782,17.07591,16.89034,752,301,2,530,3.46784e+17,GALAXY,0.04374821,308,51662,25
1.23765e+18,223.0178197,-0.682861156,18.78119,17.24049,16.5902,16.32405,16.1883,752,301,2,531,3.73131e+18,STAR,4.78e-05,3314,54970,289
1.23765e+18,223.0311719,-0.648615192,16.41532,15.04747,14.52682,14.33113,14.25605,752,301,2,531,3.27525e+18,STAR,0.000173831,2909,54653,16
1.23765e+18,223.0571963,-0.735703054,19.19518,18.00062,17.39205,17.14002,17.01985,752,301,2,531,3.30339e+18,STAR,-9.65e-05,2934,54626,3
1.23765e+18,223.0905851,-0.79992531,17.81793,16.32067,15.7777,15.59434,15.54037,752,301,2,531,3.27525e+18,STAR,-0.000168477,2909,54653,15
1.23765e+18,223.1216035,-0.692931319,18.4827,17.24912,16.62797,16.41334,16.32608,752,301,2,531,3.27525e+18,STAR,-5.59e-05,2909,54653,20
1.23765e+18,223.1260449,-0.789452885,18.80113,17.88431,17.5455,17.42717,17.36698,752,301,2,531,4.52509e+18,STAR,-0.000108167,4019,55363,356
1.23765e+18,223.1888408,-0.660676776,15.8167,14.78719,14.43654,14.29882,14.25689,752,301,2,532,3.27524e+18,STAR,-0.000137241,2909,54653,5
1.23765e+18,223.196299,-0.695897383,18.72201,16.99106,16.25826,15.93776,15.76647,752,301,2,532,3.30339e+18,STAR,-0.000531858,2934,54626,10
1.23765e+18,223.1971243,-0.776156723,19.26623,18.801,18.88099,19.02359,19.22711,752,301,2,532,3.30339e+18,STAR,-5.99e-05,2934,54626,8
1.23765e+18,223.2171706,-0.769626709,15.69954,14.39706,14.49986,14.59672,14.65804,752,301,2,532,3.27525e+18,STAR,-0.000385947,2909,54653,19
1.23765e+18,223.2132746,-0.739941426,18.23928,16.19638,15.22665,14.79289,14.42442,752,301,2,532,3.47974e+17,GALAXY,0.07732239,309,51994,259
1.23765e+18,223.2370407,-0.785461105,18.76506,16.94584,16.06008,15.64803,15.31613,752,301,2,532,3.47969e+17,GALAXY,0.07877933,309,51994,241
1.23765e+18,223.3681645,-0.694267957,18.7753,17.78123,17.35322,17.16966,17.07952,752,301,2,533,3.7313e+18,STAR,-0.000599504,3314,54970,255
1.23765e+18,223.4046891,-0.745855066,18.59702,17.17312,16.58962,16.33159,16.20334,752,301,2,533,3.73132e+18,STAR,0.000136548,3314,54970,314
1.23765e+18,223.2906264,-0.639103517,18.38262,17.22134,16.75249,16.41846,16.22691,752,301,2,533,3.47973e+17,GALAXY,0.07764611,309,51994,254
1.23765e+18,223.3312471,-0.628602531,19.08026,18.43025,18.04582,17.66979,17.70107,752,301,2,533,3.47964e+17,GALAXY,0.1857505,309,51994,220
1.23765e+18,223.4596595,-0.707319532,19.16113,17.481,16.78056,16.49664,16.35763,752,301,2,534,3.73131e+18,STAR,0.000111399,3314,54970,274
1.23765e+18,223.4884063,-0.801474183,17.7916,16.59501,16.10525,15.88312,15.80073,752,301,2,534,3.73131e+18,STAR,2.07e-06,3314,54970,268
1.23765e+18,223.5456675,-0.770118638,19.34521,17.80249,17.07351,16.68611,16.40781,752,301,2,534,3.47961e+17,GALAXY,0.08367053,309,51994,211
1.23765e+18,223.7105055,-0.721094349,19.37185,18.05815,17.4878,17.2501,17.12168,752,301,2,535,3.73131e+18,STAR,-6.46e-05,3314,54970,280
1.23765e+18,223.7839423,-0.752076529,18.21628,18.1196,17.82188,17.73178,17.75728,752,301,2,536,4.52506e+18,QSO,1.378025,4019,55363,238
1.23765e+18,223.8326678,-0.753140769,19.2054,18.0392,17.55543,17.35051,17.28793,752,301,2,536,3.7313e+18,STAR,-0.000485659,3314,54970,234
1.23765e+18,223.7697869,-0.796378308,18.84937,17.67759,17.12492,16.74357,16.63217,752,301,2,536,3.47938e+17,GALAXY,0.07642194,309,51994,126
1.23765e+18,223.806707,-0.720109963,19.33934,18.27542,17.79002,17.43747,17.25102,752,301,2,536,3.4794e+17,GALAXY,0.08537325,309,51994,136
1.23765e+18,224.0156055,-0.656084793,18.30292,16.95268,16.30225,15.69571,15.65902,752,301,2,537,3.4793e+17,GALAXY,0.09933627,309,51994,99
1.23765e+18,223.8942903,-0.792164381,19.44499,18.16541,17.637,17.36391,17.16909,752,301,2,537,3.47929e+17,GALAXY,0.08511535,309,51994,95
1.23765e+18,224.0749769,-0.779236688,18.55902,17.46949,17.00673,16.82938,16.76764,752,301,2,538,3.7313e+18,STAR,-0.000653288,3314,54970,233
1.23765e+18,224.2128736,-0.791369676,19.1043,18.20065,17.74669,17.54845,17.46231,752,301,2,539,3.73129e+18,STAR,-1.2e-06,3314,54970,193
1.23765e+18,224.3240076,-0.741937134,18.15518,16.49258,15.79862,15.44927,15.35631,752,301,2,539,3.73127e+18,STAR,-0.000110357,3314,54970,150
1.23765e+18,224.278663,-0.749361748,18.92051,17.41899,16.78222,16.41768,16.13919,752,301,2,539,3.47918e+17,GALAXY,0.08679748,309,51994,54
1.23765e+18,224.369449,-0.654671767,19.14906,18.09502,17.597,17.37876,17.30102,752,301,2,540,3.73127e+18,STAR,0.000187902,3314,54970,125
1.23765e+18,224.4124078,-0.676876133,19.19685,17.06604,16.17965,15.85784,15.67242,752,301,2,540,3.73127e+18,STAR,-0.000133283,3314,54970,130
1.23765e+18,224.4140537,-0.653476032,19.0043,17.93927,17.47507,17.26452,17.18647,752,301,2,540,3.73127e+18,STAR,-0.000694678,3314,54970,135
1.23765e+18,224.4556978,-0.822108973,19.30395,18.21375,17.79748,17.63016,17.56896,752,301,2,540,3.47907e+17,STAR,-3.86e-05,309,51994,13
1.23765e+18,224.5580553,-0.777543363,18.61467,17.21652,16.62266,16.37745,16.24591,752,301,2,541,3.73126e+18,STAR,-0.000536017,3314,54970,113
1.23765e+18,224.6173499,-0.78567126,17.59948,16.52588,16.43055,16.45628,16.50794,752,301,2,541,3.73126e+18,STAR,-0.00014243,3314,54970,110
1.23765e+18,224.55976,-0.680855359,19.5267,18.55008,18.23365,18.10015,18.02016,752,301,2,541,3.73127e+18,STAR,6.45e-05,3314,54970,140
1.23765e+18,224.573008,-0.687700171,19.55615,18.97431,18.89629,18.81924,18.61028,752,301,2,541,4.52502e+18,QSO,2.613434,4019,55363,100
1.23765e+18,194.1876022,0.188224919,19.47629,17.90995,17.0871,16.52479,16.14867,752,301,4,338,3.30018e+17,GALAXY,0.06219848,293,51689,470
1.23765e+18,194.4476779,0.097364769,18.09859,17.06643,16.98781,16.98701,16.98863,752,301,4,340,3.30017e+17,STAR,0.00021914,293,51689,466
1.23765e+18,194.5708057,0.119509423,18.47809,18.13122,18.42068,18.66541,18.99133,752,301,4,341,3.30021e+17,STAR,-0.000125231,293,51689,482
1.23765e+18,194.6531281,0.053193122,18.93758,17.59093,16.84849,16.38815,16.08679,752,301,4,341,3.30024e+17,GALAXY,0.08315092,293,51689,491
1.23765e+18,195.4005399,0.032765036,18.04461,17.65251,17.61519,17.45412,17.47957,752,301,4,346,3.2991e+17,QSO,1.784155,293,51689,79
1.23765e+18,195.4591326,0.099871253,19.44484,18.72983,18.41893,18.07769,18.15538,752,301,4,347,3.30053e+17,GALAXY,0.1267802,293,51689,598
1.23765e+18,195.7338151,0.090784117,18.16197,16.8875,16.99262,17.07647,17.12806,752,301,4,348,3.30063e+17,STAR,0.000368397,293,51689,634
1.23765e+18,195.6154467,0.141526473,19.12699,17.76001,17.05817,16.66443,16.38545,752,301,4,348,3.30052e+17,GALAXY,0.06776057,293,51689,595
1.23765e+18,195.6719701,0.10173661,19.59202,18.54725,18.17758,17.89173,17.79495,752,301,4,348,3.30064e+17,GALAXY,0.06883805,293,51689,638
1.23765e+18,195.8717812,0.085326724,18.78078,17.74285,17.35681,17.20231,17.08759,752,301,4,349,3.31112e+17,STAR,0.000147571,294,51986,355
1.23765e+18,196.2895426,0.120950906,19.43575,19.23609,18.83967,18.65039,18.56982,752,301,4,352,3.31123e+17,QSO,1.355875,294,51986,395
1.23765e+18,196.3976633,0.161094202,18.38991,18.2598,18.19667,18.00587,17.98064,752,301,4,353,3.31133e+17,QSO,1.622166,294,51986,431
1.23765e+18,196.5629114,0.042445246,17.70956,16.55238,16.14866,16.00597,15.95733,752,301,4,354,8.39485e+18,STAR,-5.3e-05,7456,56727,519
1.23765e+18,196.5845282,0.168945055,19.12094,17.58937,17.02704,16.79213,16.66552,752,301,4,354,8.39485e+18,STAR,0.000192515,7456,56727,512
1.23765e+18,196.4928613,0.05985185,18.90925,17.64096,17.0385,16.66984,16.43635,752,301,4,354,3.31134e+17,GALAXY,0.08411138,294,51986,434
1.23765e+18,196.502847,0.023623027,19.04856,18.20117,17.6791,17.11403,17.11561,752,301,4,354,3.31135e+17,GALAXY,0.1379202,294,51986,438
1.23765e+18,196.5656899,0.171451723,19.50415,18.1993,17.45359,17.08136,16.84905,752,301,4,354,3.31134e+17,GALAXY,0.08485544,294,51986,433
1.23765e+18,196.5908776,0.037772513,19.45233,18.38344,17.73336,17.33437,17.13593,752,301,4,354,3.31145e+17,GALAXY,0.1746797,294,51986,475
1.23765e+18,196.6006729,0.133656842,19.23165,17.24213,16.27876,15.85311,15.50076,752,301,4,354,3.31147e+17,GALAXY,0.08442093,294,51986,480
1.23765e+18,196.6361018,0.151771049,19.25389,17.53061,16.86491,16.62826,16.84148,752,301,4,354,3.29448e+18,QSO,3.014294,2926,54625,354
1.23765e+18,196.7874859,0.190401631,17.87918,16.73628,16.2504,16.08178,15.99605,752,301,4,355,8.39486e+18,STAR,-0.000281263,7456,56727,536
1.23765e+18,196.8034835,0.030892949,18.20696,17.33865,17.12949,17.04756,17.01832,752,301,4,356,3.26633e+18,STAR,-0.000196594,2901,54652,358
1.23765e+18,196.8037526,0.014988261,17.96967,17.06885,16.77602,16.65815,16.60409,752,301,4,356,8.39486e+18,STAR,0.000310705,7456,56727,540
1.23765e+18,196.8291859,0.050389841,19.18364,16.95643,15.93134,15.52509,15.29773,752,301,4,356,8.39486e+18,STAR,0.000658555,7456,56727,534
1.23765e+18,196.9274166,0.072589653,18.56336,17.63531,17.24414,17.09406,17.02098,752,301,4,356,8.39486e+18,STAR,0.000198003,7456,56727,535
1.23765e+18,196.9628149,0.155816368,16.54492,15.44219,14.99683,14.82111,14.76502,752,301,4,357,3.3115e+17,STAR,0.000223122,294,51986,492
1.23765e+18,197.0618427,0.206361604,18.94997,18.14569,17.92771,17.81157,17.8007,752,301,4,357,3.29449e+18,STAR,0.000353473,2926,54625,395
1.23765e+18,197.0645032,0.195517157,19.2052,17.89232,17.34715,17.1118,17.03429,752,301,4,357,8.39487e+18,STAR,9.43e-05,7456,56727,576
1.23765e+18,197.0260404,0.094743166,18.43867,17.02725,16.29835,15.88346,15.57929,752,301,4,357,3.31151e+17,GALAXY,0.08466341,294,51986,497
1.23765e+18,197.0882723,0.113709428,17.9241,16.54516,16.04758,15.88647,15.81988,752,301,4,358,8.39487e+18,STAR,-3.53e-05,7456,56727,574
1.23765e+18,197.0886093,0.035194129,18.90691,17.25967,16.69534,16.4959,16.42205,752,301,4,358,8.39487e+18,STAR,-0.000104035,7456,56727,575
1.23765e+18,197.1188531,0.07594569,17.93498,16.55572,15.95159,15.70138,15.55488,752,301,4,358,8.39487e+18,STAR,-0.000203605,7456,56727,573
1.23765e+18,197.1472605,0.113934223,18.68226,17.52212,17.132,16.99078,16.95238,752,301,4,358,3.31155e+17,STAR,-0.000239042,294,51986,512
1.23765e+18,197.1856228,0.176647596,17.24914,15.61597,14.99571,14.76664,14.63486,752,301,4,358,3.26634e+18,STAR,-0.000174833,2901,54652,386
1.23765e+18,197.2199824,0.167274827,17.97728,17.08235,16.79874,16.69605,16.65909,752,301,4,358,8.39488e+18,STAR,0.000292937,7456,56727,610
1.23765e+18,197.2209699,0.022248165,18.82291,16.1427,14.91105,14.46399,14.20706,752,301,4,358,3.26634e+18,STAR,-4.88e-05,2901,54652,392
1.23765e+18,197.2334391,0.072786194,17.87521,16.58622,16.17974,16.04951,15.99767,752,301,4,358,8.39488e+18,STAR,-0.000133681,7456,56727,619
1.23765e+18,197.1491205,0.037211025,19.45225,18.19144,17.57734,17.1347,16.93178,752,301,4,358,3.31158e+17,GALAXY,0.08149845,294,51986,520
1.23765e+18,197.1654306,0.102321594,18.98722,17.24205,16.35865,15.92408,15.57912,752,301,4,358,3.31154e+17,GALAXY,0.08164962,294,51986,506
1.23765e+18,197.1871482,0.193743269,19.25841,17.83725,17.10895,16.65463,16.40142,752,301,4,358,3.31157e+17,GALAXY,0.08361565,294,51986,519
1.23765e+18,197.2073275,0.047123639,19.53724,17.6856,16.80624,16.35671,16.03229,752,301,4,358,3.31156e+17,GALAXY,0.08134668,294,51986,515
1.23765e+18,197.2798036,0.107351084,18.35398,17.93098,18.05724,18.19904,18.44381,752,301,4,359,3.31156e+17,STAR,-5.44e-05,294,51986,513
1.23765e+18,197.3248709,0.10348877,16.9288,15.66604,15.76036,15.85543,15.93302,752,301,4,359,8.39488e+18,STAR,-0.000505797,7456,56727,616
1.23765e+18,197.2406979,0.03123574,19.43389,19.0389,18.8754,18.61559,18.58644,752,301,4,359,3.31156e+17,QSO,0.5837151,294,51986,514
1.23765e+18,197.3455764,0.022401115,18.78993,17.46638,16.74135,16.34335,16.07928,752,301,4,359,3.32236e+17,GALAXY,0.1412275,295,51985,346
1.23765e+18,197.4654807,0.156449906,18.56834,17.55382,17.24229,17.142,17.11325,752,301,4,360,8.39489e+18,STAR,0.000269482,7456,56727,658
1.23765e+18,197.4796263,0.067073201,16.99394,15.73226,15.31457,15.18011,15.11469,752,301,4,360,3.29451e+18,STAR,-0.000228716,2926,54625,477
1.23765e+18,197.4905745,0.176651367,17.55858,15.32449,14.42141,14.52631,13.97417,752,301,4,360,3.31168e+17,STAR,-6.79e-05,294,51986,559
1.23765e+18,197.501608,0.074342034,18.7211,17.1022,16.44853,16.1998,16.03582,752,301,4,360,8.39489e+18,STAR,8.84e-05,7456,56727,654
1.23765e+18,197.5047007,0.098726363,18.22794,16.68215,16.09734,15.90972,15.79942,752,301,4,360,8.39489e+18,STAR,6.99e-05,7456,56727,657
1.23765e+18,150.6816694,0.819025683,17.87599,16.31599,15.73033,15.50656,15.39252,756,301,5,233,3.21123e+18,STAR,-6.14e-05,2852,54468,580
1.23765e+18,150.7446773,0.678210148,17.22548,15.71041,15.10089,14.83332,14.68923,756,301,5,233,3.21122e+18,STAR,0.00034489,2852,54468,574
1.23765e+18,150.6491181,0.677043507,19.58094,18.57637,18.15829,17.98241,17.92779,756,301,5,233,3.22811e+18,STAR,0.000887957,2867,54479,561
1.23765e+18,150.7031613,0.635626057,19.25974,18.00986,17.53096,17.23808,17.08458,756,301,5,233,3.02963e+17,GALAXY,0.04552755,269,51910,348
1.23765e+18,150.8231348,0.73537014,18.31744,16.8568,16.35073,16.1841,16.11247,756,301,5,234,3.21124e+18,STAR,-4.82e-06,2852,54468,619
1.23765e+18,150.8466818,0.66239738,17.62459,16.16584,15.62385,15.44141,15.35783,756,301,5,234,3.21124e+18,STAR,-0.000162583,2852,54468,614
1.23765e+18,150.8703296,0.803582059,17.33107,16.41841,16.12802,16.02151,15.98649,756,301,5,234,3.21124e+18,STAR,0.000614576,2852,54468,617
1.23765e+18,150.8742262,0.740177647,19.30671,18.13841,17.64711,17.45595,17.3589,756,301,5,234,3.21123e+18,STAR,0.000573352,2852,54468,612
1.23765e+18,150.9310611,0.704673787,18.74585,17.16286,16.40765,16.01444,15.72605,756,301,5,234,3.02992e+17,GALAXY,0.03229077,269,51910,453
1.23765e+18,150.9844392,0.816617086,18.2508,17.10107,16.57613,16.19083,15.95732,756,301,5,235,3.02991e+17,GALAXY,0.04620731,269,51910,450
1.23765e+18,150.9941808,0.736630678,17.84598,16.73731,16.23418,15.92681,15.73382,756,301,5,235,3.03012e+17,GALAXY,0.04659506,269,51910,526
1.23765e+18,150.9996009,0.80691366,17.76233,16.64459,16.17845,15.8629,15.63265,756,301,5,235,3.03013e+17,GALAXY,0.0463645,269,51910,530
1.23765e+18,151.0495896,0.803904355,19.55684,18.62743,18.40178,18.32479,18.29009,756,301,5,235,3.22812e+18,STAR,-0.00010265,2867,54479,607
1.23765e+18,151.0571709,0.812449413,17.88684,16.00563,15.0993,14.63778,14.30061,756,301,5,235,3.03012e+17,GALAXY,0.06219585,269,51910,528
1.23765e+18,151.1239783,0.688928751,18.84721,17.26369,16.64487,16.34792,16.12976,756,301,5,236,3.03014e+17,GALAXY,0.0455955,269,51910,533
1.23765e+18,151.1483988,0.661702883,17.37115,15.84286,15.23106,14.98188,14.84333,756,301,5,236,3.21124e+18,STAR,8.75e-06,2852,54468,615
1.23765e+18,151.1552956,0.829351937,18.97595,17.99892,17.51334,17.07997,16.93605,756,301,5,236,3.0301e+17,GALAXY,0.06594614,269,51910,521
1.23765e+18,151.1858364,0.731840212,18.41546,16.61751,15.8797,15.61639,15.4683,756,301,5,236,3.21124e+18,STAR,0.00013515,2852,54468,613
1.23765e+18,151.2010825,0.669278999,18.81863,18.52837,18.08999,17.7423,17.65442,756,301,5,236,3.03014e+17,QSO,0.2140629,269,51910,536
1.23765e+18,151.2169327,0.69848136,19.28819,17.57117,16.68612,16.25317,16.02441,756,301,5,236,3.03011e+17,GALAXY,0.0627381,269,51910,522
1.23765e+18,151.2273235,0.672953923,16.71337,15.62561,15.29305,15.18932,15.16007,756,301,5,236,3.21123e+18,STAR,0.000122655,2852,54468,607
1.23765e+18,151.2011114,0.768392761,19.01097,17.3055,16.46524,16.05206,15.70793,756,301,5,236,3.03011e+17,GALAXY,0.06817851,269,51910,525
1.23765e+18,151.2917357,0.637667909,17.44236,15.71426,15.13466,14.96197,14.86963,756,301,5,237,3.21123e+18,STAR,0.000234605,2852,54468,606
1.23765e+18,151.301233,0.772066832,19.22758,19.40259,19.85248,20.13877,20.7961,756,301,5,237,5.64103e+17,STAR,0.00017301,501,52235,100
1.23765e+18,151.3067426,0.674531144,18.49649,17.75198,17.55795,17.46643,17.27712,756,301,5,237,4.31129e+18,QSO,2.552232,3829,55300,802
1.23765e+18,151.2658987,0.743215271,19.48026,17.69214,16.71715,16.30135,15.93822,756,301,5,237,3.03024e+17,GALAXY,0.09780461,269,51910,571
1.23765e+18,151.2978398,0.835809444,18.69204,17.60953,17.13106,16.82388,16.64757,756,301,5,237,3.03022e+17,GALAXY,0.09841955,269,51910,563
1.23765e+18,151.3012749,0.632184206,19.32625,17.81828,16.95504,16.44193,16.07552,756,301,5,237,3.03e+17,GALAXY,0.0624475,269,51910,485
1.23765e+18,151.3747028,0.671213857,18.70243,16.85093,15.88851,15.45638,15.087,756,301,5,237,3.03025e+17,GALAXY,0.09744647,269,51910,573
1.23765e+18,151.4576436,0.633353147,16.34388,14.46255,13.58914,13.18534,12.90456,756,301,5,238,5.641e+17,GALAXY,0.02091974,501,52235,87
1.23765e+18,151.4611115,0.631802084,16.59643,14.69525,13.87477,13.4462,13.14515,756,301,5,238,3.03004e+17,GALAXY,0.02125578,269,51910,499
1.23765e+18,151.5382553,0.738080631,18.31656,17.83927,17.69376,17.35058,16.6907,756,301,5,238,3.03034e+17,STAR,-0.000455231,269,51910,608
1.23765e+18,151.6243007,0.679893053,18.72386,18.48442,18.42383,18.44706,18.35168,756,301,5,239,3.03033e+17,QSO,0.772505,269,51910,604
1.23765e+18,151.6535391,0.759745966,19.44344,18.14164,17.62316,17.30397,17.22351,756,301,5,239,3.03033e+17,GALAXY,0.09747344,269,51910,605
1.23765e+18,151.675999,0.728517361,17.10543,16.0294,15.89443,15.88861,15.90819,756,301,5,239,5.64087e+17,STAR,-0.000135731,501,52235,42
1.23765e+18,151.5982709,0.694749563,19.28307,19.21879,19.15193,18.84037,18.6943,756,301,5,239,5.64088e+17,QSO,1.919409,501,52235,43
1.23765e+18,151.654714,0.63260918,17.70245,16.22431,15.51102,15.15194,14.83453,756,301,5,239,3.03008e+17,GALAXY,0.02122282,269,51910,511
1.23765e+18,151.7789514,0.643142671,17.78589,16.75605,16.43583,16.31775,16.28085,756,301,5,240,3.04082e+17,STAR,0.000231907,270,51909,322
1.23765e+18,151.8147202,0.716216124,19.36711,19.1034,18.97296,18.74899,18.63704,756,301,5,240,3.03036e+17,QSO,1.680108,269,51910,613
1.23765e+18,151.7022022,0.807042271,19.19634,17.91763,17.33215,17.01293,16.78773,756,301,5,240,3.03034e+17,GALAXY,0.0460473,269,51910,606
1.23765e+18,151.7994172,0.809116308,18.51879,17.30699,16.84687,16.67642,16.68278,756,301,5,240,3.03036e+17,GALAXY,0.02124679,269,51910,615
1.23765e+18,151.8472304,0.806293394,19.17902,18.10703,17.56003,17.18151,17.00788,756,301,5,241,3.03036e+17,GALAXY,0.09636237,269,51910,614
1.23765e+18,151.888281,0.786435948,18.88152,17.08489,16.15809,15.66144,15.29363,756,301,5,241,3.03035e+17,GALAXY,0.09493141,269,51910,609
1.23765e+18,152.0779376,0.818264003,17.71111,16.84019,16.51777,16.39133,16.35657,756,301,5,242,4.31134e+18,STAR,0.000375542,3829,55300,966
1.23765e+18,152.1721274,0.643995284,19.43883,17.82805,16.99177,16.59334,16.28281,756,301,5,243,3.04096e+17,GALAXY,0.09718207,270,51909,374
1.23765e+18,152.2768509,0.694346119,19.58876,17.83044,16.94608,16.53674,16.21922,756,301,5,243,3.04107e+17,GALAXY,0.09736268,270,51909,415
1.23765e+18,152.3506343,0.823213806,18.31404,17.03372,16.90786,16.87489,16.85365,756,301,5,244,3.04104e+17,STAR,0.00033816,270,51909,403
1.23765e+18,152.3549713,0.782355996,19.58238,17.71968,16.70955,16.29179,15.9331,756,301,5,244,3.04106e+17,GALAXY,0.1250771,270,51909,411
1.23765e+18,152.5275651,0.835741601,19.21219,17.8468,17.18541,16.76987,16.4577,756,301,5,245,5.65268e+17,GALAXY,0.09787933,502,51957,241
1.23765e+18,155.4472807,62.74594687,18.53934,17.48349,17.08982,16.74162,16.72394,1332,301,6,47,8.69301e+17,GALAXY,0.07441004,772,52375,386
1.23765e+18,198.2460806,-0.482206101,17.86578,16.4891,15.99167,15.83048,15.78119,1334,301,2,11,8.39477e+18,STAR,0.000132385,7456,56727,223
1.23765e+18,198.2527576,-0.605941716,18.28032,16.29778,15.50957,15.20541,15.05962,1334,301,2,11,3.26628e+18,STAR,-7.32e-05,2901,54652,150
1.23765e+18,198.3493062,-0.472408785,17.57337,15.9687,15.38183,15.19041,15.1151,1334,301,2,11,3.26628e+18,STAR,3.64e-05,2901,54652,159
1.23765e+18,198.363263,-0.559207005,18.15904,17.22439,16.85924,16.72534,16.68508,1334,301,2,11,8.39476e+18,STAR,0.00047132,7456,56727,184
1.23765e+18,198.2736058,-0.594684834,17.99148,16.52407,16.08967,15.78902,15.62116,1334,301,2,11,3.32193e+17,GALAXY,0.04006456,295,51985,191
1.23765e+18,198.3406457,-0.490492852,19.12321,18.00012,17.57241,17.38683,17.30118,1334,301,2,11,3.32195e+17,STAR,0.0001213,295,51985,198
1.23765e+18,198.3880432,-0.486829207,16.38725,14.683,14.11096,13.93431,13.89305,1334,301,2,12,3.26628e+18,STAR,-0.000223406,2901,54652,160
1.23765e+18,198.4204313,-0.422395742,16.87035,15.67476,15.83778,15.97273,16.09186,1334,301,2,12,3.26626e+18,STAR,-0.000236146,2901,54652,104
1.23765e+18,198.4286592,-0.616161906,17.79104,16.9053,16.5555,16.4166,16.38062,1334,301,2,12,8.39476e+18,STAR,9.86e-05,7456,56727,180
1.23765e+18,198.4723532,-0.426302512,19.52133,18.20543,17.64638,17.44315,17.33487,1334,301,2,12,8.39476e+18,STAR,0.000716754,7456,56727,183
1.23765e+18,198.5239865,-0.429665305,18.58996,16.43963,15.53196,15.21904,15.06059,1334,301,2,13,3.26627e+18,STAR,-0.000151659,2901,54652,110
1.23765e+18,198.5534745,-0.440176975,17.41186,16.31802,15.85709,15.64335,15.55049,1334,301,2,13,8.39475e+18,STAR,0.000576756,7456,56727,149
1.23765e+18,198.6155354,-0.606512857,18.38287,17.47519,17.24636,17.14971,17.16956,1334,301,2,13,8.39475e+18,STAR,-0.000109399,7456,56727,145
1.23765e+18,198.6449171,-0.478148508,18.06167,16.53055,15.95498,15.76055,15.65559,1334,301,2,13,8.39475e+18,STAR,-8.02e-05,7456,56727,142
1.23765e+18,198.5359088,-0.44110432,16.93318,15.45979,14.76197,14.36404,14.08373,1334,301,2,13,3.32186e+17,GALAXY,0.03934706,295,51985,167
1.23765e+18,198.568493,-0.563149738,19.32496,17.44422,16.77153,16.34093,16.11381,1334,301,2,13,3.32189e+17,GALAXY,0.09100591,295,51985,178
1.23765e+18,198.6773049,-0.613752801,17.19951,16.27511,15.99025,15.87293,15.85862,1334,301,2,14,8.39475e+18,STAR,0.00031705,7456,56727,138
1.23765e+18,198.698895,-0.549240401,16.60646,15.07538,14.5603,14.3809,14.32473,1334,301,2,14,3.26625e+18,STAR,-2.19e-05,2901,54652,69
1.23765e+18,198.726517,-0.439616526,17.50077,16.59289,16.30168,16.16106,16.16375,1334,301,2,14,8.39475e+18,STAR,0.000352884,7456,56727,155
1.23765e+18,198.6904882,-0.50788895,19.22969,17.87892,17.30252,16.95057,16.74284,1334,301,2,14,3.32183e+17,GALAXY,0.09301001,295,51985,153
1.23765e+18,198.7344924,-0.459003283,19.59801,18.07479,17.45277,17.17117,17.0358,1334,301,2,14,8.39475e+18,STAR,0.000394663,7456,56727,141
1.23765e+18,198.7365835,-0.434317521,19.49611,18.63479,18.37515,18.24717,18.22807,1334,301,2,14,3.2944e+18,STAR,-6.53e-05,2926,54625,65
1.23765e+18,198.74505,-0.543140593,18.17037,16.45852,15.70875,15.33852,15.07288,1334,301,2,14,3.32183e+17,GALAXY,0.03891782,295,51985,154
1.23765e+18,198.8132664,-0.453414149,19.16979,17.75335,17.24358,17.07196,16.98355,1334,301,2,14,8.39474e+18,STAR,-0.000151167,7456,56727,105
1.23765e+18,198.8215121,-0.607590192,19.09871,17.87135,17.48459,17.17571,17.10167,1334,301,2,14,3.32179e+17,GALAXY,0.08585396,295,51985,141
1.23765e+18,198.8358056,-0.605673899,18.45975,17.54835,17.27931,17.18939,17.19361,1334,301,2,15,8.39473e+18,STAR,0.00051634,7456,56727,81
1.23765e+18,198.8573903,-0.513787631,18.57268,17.68544,17.39564,17.30085,17.31171,1334,301,2,15,8.39474e+18,STAR,7.2e-05,7456,56727,101
1.23765e+18,198.9343028,-0.433160817,16.58671,15.2624,14.83167,14.67067,14.62241,1334,301,2,15,3.26626e+18,STAR,4.35e-05,2901,54652,72
1.23765e+18,198.8693512,-0.525509301,19.43431,18.0457,17.31449,16.91534,16.64837,1334,301,2,15,3.32182e+17,GALAXY,0.1278408,295,51985,152
1.23765e+18,198.873795,-0.607235286,18.74376,17.71786,17.3041,17.04986,16.90787,1334,301,2,15,3.32183e+17,GALAXY,0.03855666,295,51985,155
1.23765e+18,198.8879087,-0.616974017,19.23424,17.74822,17.09901,16.85333,16.74094,1334,301,2,15,8.39474e+18,STAR,7.71e-05,7456,56727,99
1.23765e+18,198.8907137,-0.485637468,19.23123,18.28949,18.0254,17.93556,17.96508,1334,301,2,15,8.39474e+18,STAR,-0.00012862,7456,56727,108
1.23765e+18,198.892637,-0.477257536,19.55043,17.63418,16.68731,16.33836,15.85801,1334,301,2,15,3.32184e+17,GALAXY,0.08594441,295,51985,157
1.23765e+18,198.9299548,-0.471685525,18.73052,17.60766,17.22962,16.98,16.827,1334,301,2,15,3.32173e+17,GALAXY,0.03627155,295,51985,120
1.23765e+18,198.947114,-0.462296434,16.99586,15.33315,14.57367,14.19639,13.95269,1334,301,2,15,3.32171e+17,GALAXY,0.04726082,295,51985,112
1.23765e+18,198.9484286,-0.573417323,18.32668,17.2358,16.86245,16.56596,16.3837,1334,301,2,15,3.3217e+17,GALAXY,0.04076417,295,51985,107
1.23765e+18,199.1158005,-0.555277008,18.30461,16.42967,15.74413,15.52629,15.43237,1334,301,2,16,8.39473e+18,STAR,3.01e-05,7456,56727,62
1.23765e+18,199.0647307,-0.476932299,19.22207,18.19633,17.85974,17.71483,17.68608,1334,301,2,16,8.39473e+18,STAR,0.000649404,7456,56727,61
1.23765e+18,199.08753,-0.596000126,19.17287,17.22176,16.3186,15.9246,15.60782,1334,301,2,16,3.3216e+17,GALAXY,0.08367842,295,51985,71
1.23765e+18,199.1147767,-0.420736209,19.16203,17.69562,17.07531,16.81978,16.67176,1334,301,2,16,8.39473e+18,STAR,-3.77e-05,7456,56727,64
1.23765e+18,199.2348235,-0.489168315,18.77528,17.27525,16.69998,16.5163,16.47573,1334,301,2,17,8.39472e+18,STAR,5.44e-05,7456,56727,26
1.23765e+18,199.155271,-0.610006349,19.14215,18.39816,18.0751,18.05054,17.87901,1334,301,2,17,3.32162e+17,QSO,1.348672,295,51985,80
1.23765e+18,199.2062371,-0.455382823,19.0442,17.92999,17.44976,17.24063,17.15887,1334,301,2,17,8.39472e+18,STAR,0.000266083,7456,56727,25
1.23765e+18,199.2161226,-0.425579751,19.34678,18.06577,17.54119,17.34465,17.25396,1334,301,2,17,8.39472e+18,STAR,8.83e-05,7456,56727,27
1.23765e+18,199.2328541,-0.451175747,19.24835,18.23596,17.70237,17.48198,17.37302,1334,301,2,17,8.39472e+18,STAR,0.000165695,7456,56727,21
1.23765e+18,199.2466046,-0.584904383,19.39517,18.11368,17.32487,16.88535,16.61291,1334,301,2,17,3.33351e+17,GALAXY,0.1162182,296,51984,309
1.23765e+18,199.2870246,-0.424453549,16.67205,15.74605,15.53511,15.44562,15.45421,1334,301,2,18,3.26625e+18,STAR,-1.98e-05,2901,54652,35
1.23765e+18,199.3339917,-0.584540134,17.19994,15.60204,15.04715,14.81275,14.71834,1334,301,2,18,3.26624e+18,STAR,-0.000197398,2901,54652,27
1.23765e+18,199.3985337,-0.446509815,19.3866,17.87094,17.00603,16.5376,16.23806,1334,301,2,18,3.32147e+17,GALAXY,0.1507269,295,51985,24
1.23765e+18,28.6872632,13.08377835,19.00532,17.50731,16.89925,16.67121,16.60278,1035,301,2,151,3.50609e+18,STAR,-4.28e-05,3114,54773,135
1.23765e+18,28.54900014,13.03036321,19.49236,19.01968,18.36468,17.89604,17.69845,1035,301,2,151,4.84172e+17,QSO,0.2189555,430,51877,126
1.23765e+18,28.55544773,12.99048225,19.34234,16.8653,15.76033,15.36658,15.16471,1035,301,2,151,3.50611e+18,STAR,3.89e-05,3114,54773,220
1.23765e+18,28.6174459,13.11628258,19.59717,18.17876,17.62489,17.33121,17.25315,1035,301,2,151,4.84174e+17,GALAXY,0.04474851,430,51877,136
1.23765e+18,28.82352002,12.9931966,17.06291,15.83722,15.19107,14.82876,14.49955,1035,301,2,152,4.84163e+17,GALAXY,0.0322598,430,51877,94
1.23765e+18,28.72821818,13.04613771,19.48516,17.84299,17.00343,16.55553,16.2119,1035,301,2,152,4.84163e+17,GALAXY,0.0762819,430,51877,95
1.23765e+18,28.74116404,13.02534836,17.63918,16.31613,15.66151,15.30627,15.01323,1035,301,2,152,4.84163e+17,GALAXY,0.04434437,430,51877,96
1.23765e+18,28.74472164,13.0416411,18.61064,17.64683,17.34004,17.12251,17.06444,1035,301,2,152,4.84164e+17,GALAXY,0.04420754,430,51877,100
1.23765e+18,28.77322337,12.97558848,19.30456,17.90898,17.19643,16.80509,16.52782,1035,301,2,152,4.84159e+17,GALAXY,0.1612062,430,51877,81
1.23765e+18,28.78380917,12.95250147,19.36923,18.29096,18.02669,17.89314,17.86019,1035,301,2,152,3.50609e+18,STAR,-0.000562589,3114,54773,125
1.23765e+18,28.78981199,12.96281275,18.46857,17.4115,17.01988,16.79133,16.66546,1035,301,2,152,4.8416e+17,GALAXY,0.03276403,430,51877,83
1.23765e+18,28.97002916,13.01336024,18.15906,17.09427,16.65553,16.47994,16.41845,1035,301,2,153,3.50609e+18,STAR,-9.92e-05,3114,54773,134
1.23765e+18,29.24079928,12.93384685,18.58389,17.26544,16.62664,16.23079,15.99505,1035,301,2,155,4.80841e+17,GALAXY,0.06525791,427,51900,298
1.23765e+18,29.21260806,13.06456969,18.23229,16.75081,16.36956,16.13766,16.00262,1035,301,2,155,4.8084e+17,GALAXY,0.03308931,427,51900,293
1.23765e+18,29.26195869,13.01921686,18.3723,16.48353,15.5034,15.00898,14.65748,1035,301,2,155,4.80834e+17,GALAXY,0.07588956,427,51900,273
1.23765e+18,29.27525234,12.95984014,18.53995,16.59884,15.63533,15.16771,14.83766,1035,301,2,155,4.84151e+17,GALAXY,0.07472619,430,51877,52
1.23765e+18,29.42253195,12.89284115,19.40189,18.80036,18.41784,18.09106,18.14936,1035,301,2,156,4.80839e+17,GALAXY,0.1563322,427,51900,291
1.23765e+18,29.49559388,12.92258468,17.43204,15.99735,15.37239,15.1054,14.9892,1035,301,2,157,3.50607e+18,STAR,0.000400321,3114,54773,52
1.23765e+18,29.53848193,13.05378858,18.59712,16.56752,15.61064,15.17311,14.88491,1035,301,2,157,4.80821e+17,GALAXY,0.05665947,427,51900,225
1.23765e+18,29.63572598,13.01820182,17.81166,16.48069,15.9507,15.7597,15.69557,1035,301,2,158,3.50607e+18,STAR,-8.41e-05,3114,54773,47
1.23765e+18,29.62569994,12.85176948,18.55092,17.37992,16.9386,16.65784,16.50178,1035,301,2,158,4.80837e+17,GALAXY,0.04426703,427,51900,284
1.23765e+18,29.63418125,12.89087876,19.53784,17.24979,16.21342,15.84552,15.63941,1035,301,2,158,3.50606e+18,STAR,7.68e-05,3114,54773,17
1.23765e+18,29.79752763,12.83568072,19.03617,17.644,17.02892,16.78134,16.66678,1035,301,2,159,3.50605e+18,STAR,-0.000796145,3114,54773,5
1.23765e+18,29.89588295,13.00652067,17.40929,17.36016,17.57782,17.74931,17.94266,1035,301,2,159,4.84141e+17,STAR,-0.000609079,430,51877,13
1.23765e+18,29.80710175,12.96509017,19.57349,18.22799,17.65617,17.41445,17.30282,1035,301,2,159,3.50606e+18,STAR,-0.000667512,3114,54773,20
1.23765e+18,30.09089153,12.93083912,17.76487,16.5598,16.03742,15.81277,15.72791,1035,301,2,161,3.50606e+18,STAR,-0.000350966,3114,54773,18
1.23765e+18,30.15826992,12.7991156,19.06221,18.08905,17.76753,17.67213,17.64497,1035,301,2,161,5.24244e+18,STAR,0.00026529,4656,55828,920
1.23765e+18,30.1732105,12.83707958,19.25187,18.15387,17.75053,17.62082,17.57302,1035,301,2,161,4.80817e+17,STAR,3.16e-05,427,51900,209
1.23765e+18,30.20552953,12.95648226,18.54222,16.77641,15.93394,15.53653,15.22721,1035,301,2,161,4.80818e+17,GALAXY,0.04511794,427,51900,214
1.23765e+18,30.21628069,12.78840217,18.90929,16.55076,15.566,15.22896,15.04877,1035,301,2,162,4.80818e+17,STAR,0.000158424,427,51900,215
1.23765e+18,30.22948055,12.93576617,17.55346,16.24488,15.60116,15.23986,14.96606,1035,301,2,162,4.80817e+17,GALAXY,0.04526811,427,51900,211
1.23765e+18,30.26422195,12.96564349,19.33166,18.96979,18.60502,18.54461,18.34545,1035,301,2,162,4.80819e+17,QSO,0.9916852,427,51900,217
1.23765e+18,30.3932867,12.80861468,18.80985,17.56864,16.82141,16.41018,16.16438,1035,301,2,163,4.80819e+17,GALAXY,0.1258878,427,51900,218
1.23765e+18,30.46328413,12.88425383,18.53228,17.36634,16.92404,16.70494,16.48575,1035,301,2,163,4.80793e+17,GALAXY,0.02670246,427,51900,121
1.23765e+18,30.59991846,12.89772857,19.08916,18.11381,17.76143,17.63206,17.57405,1035,301,2,164,5.24246e+18,STAR,-0.000583545,4656,55828,978
1.23765e+18,30.59881396,12.78826511,17.88235,16.55729,15.78179,15.29738,14.98954,1035,301,2,164,4.80797e+17,GALAXY,0.08593909,427,51900,138
1.23765e+18,30.69222746,12.94084719,18.70929,17.3938,17.45307,17.54761,17.60175,1035,301,2,165,4.80786e+17,STAR,-0.000850843,427,51900,96
1.23765e+18,30.67743223,12.80119796,19.54536,17.78521,16.83193,16.318,15.89327,1035,301,2,165,4.80796e+17,GALAXY,0.04637318,427,51900,132
1.23765e+18,30.73380124,12.8244494,19.41821,19.04386,18.4175,18.31684,18.30421,1035,301,2,165,4.80787e+17,QSO,1.343429,427,51900,100
1.23765e+18,30.80802503,12.7841162,19.11411,19.00554,18.84369,18.55725,18.46639,1035,301,2,165,4.80785e+17,QSO,1.858972,427,51900,95
1.23765e+18,31.22139103,12.807153,19.46759,17.43751,16.46473,16.00668,15.64773,1035,301,2,168,4.80762e+17,GALAXY,0.06272203,427,51900,10
1.23765e+18,31.41346387,12.85413402,18.64529,17.37859,16.80862,16.49642,16.41288,1035,301,2,169,4.80764e+17,GALAXY,0.02661281,427,51900,18
1.23765e+18,31.41088933,12.79484814,17.72509,16.54095,16.04544,15.84957,15.78428,1035,301,2,169,4.8197e+17,GALAXY,-4.31e-05,428,51883,308
1.23765e+18,31.38575818,12.76991529,19.12023,18.85481,18.47318,18.29719,18.19885,1035,301,2,169,4.80763e+17,QSO,1.398741,427,51900,12
1.23765e+18,31.55670169,12.81389393,19.34676,18.32704,17.58661,17.14633,16.8604,1035,301,2,170,4.81968e+17,GALAXY,0.1623811,428,51883,303
1.23765e+18,31.6514221,12.71456037,18.46595,16.92779,16.0928,15.62426,15.28338,1035,301,2,171,4.81965e+17,GALAXY,0.07817293,428,51883,291
1.23765e+18,31.83532651,12.73000575,19.48548,17.54881,16.5104,16.01325,15.63476,1035,301,2,172,4.80764e+17,GALAXY,0.1164816,427,51900,16
1.23765e+18,31.94886138,12.73173934,19.16055,17.80318,17.2475,16.88805,16.70681,1035,301,2,173,4.81963e+17,GALAXY,0.04808245,428,51883,284
1.23765e+18,32.12447484,12.73335923,18.06962,16.07062,15.21775,14.80347,14.47701,1035,301,2,174,4.81955e+17,GALAXY,0.03465885,428,51883,255
1.23765e+18,155.3864393,1.189431228,17.9282,16.82,16.27798,15.85425,15.68027,756,301,6,264,5.66354e+17,GALAXY,0.09337822,503,51999,94
1.23765e+18,155.4304369,1.241211152,18.505,17.11228,16.31631,15.80802,15.54208,756,301,6,264,5.66351e+17,QSO,0.07870676,503,51999,85
1.23765e+18,155.6005562,1.198231807,15.82069,14.82276,14.3413,14.1126,13.92004,756,301,6,266,5.66339e+17,GALAXY,0.02162867,503,51999,42
1.23765e+18,155.6977112,1.181452996,18.23752,17.9843,17.84934,17.63737,17.62542,756,301,6,266,4.31357e+18,QSO,1.614863,3831,55543,918
1.23765e+18,155.6926387,1.213797028,19.41738,18.19569,17.62483,17.26997,17.04563,756,301,6,266,5.66343e+17,GALAXY,0.07329842,503,51999,57
1.23765e+18,155.8630619,1.258872763,18.78596,18.27246,17.86195,17.5337,17.31889,756,301,6,267,5.67533e+17,QSO,1.937495,504,52316,288
1.23765e+18,156.0029009,1.083481681,18.79486,16.79762,15.81122,15.38474,15.04171,756,301,6,268,3.06356e+17,GALAXY,0.1004318,272,51941,405
1.23765e+18,156.149004,1.109814016,16.84189,15.02242,14.17648,13.7782,13.46235,756,301,6,269,3.0637e+17,GALAXY,0.02170384,272,51941,455
1.23765e+18,156.0448563,1.252381003,19.19556,17.72278,16.95226,16.52765,16.23658,756,301,6,269,5.66329e+17,GALAXY,0.09733431,503,51999,6
1.23765e+18,156.0665249,1.236353038,19.57071,18.04616,17.23199,16.75479,16.4637,756,301,6,269,3.06368e+17,GALAXY,0.1015487,272,51941,447
1.23765e+18,156.1683796,1.226665123,19.39188,18.14449,17.54193,17.20772,16.96955,756,301,6,269,3.06371e+17,GALAXY,0.1002754,272,51941,459
1.23765e+18,156.2426343,1.218913287,19.37885,17.99448,17.29214,16.90149,16.60631,756,301,6,270,3.06369e+17,GALAXY,0.1029905,272,51941,450
1.23765e+18,156.2747055,1.20056325,19.33725,17.94087,17.32766,16.92705,16.69802,756,301,6,270,3.06367e+17,GALAXY,0.1023865,272,51941,445
1.23765e+18,156.3112058,1.248689425,18.984,17.04196,16.05167,15.63595,15.30397,756,301,6,270,3.06367e+17,GALAXY,0.1031016,272,51941,446
1.23765e+18,156.3936329,1.05595169,19.35139,17.96256,17.31813,16.96556,16.7091,756,301,6,271,5.67522e+17,GALAXY,0.09664014,504,52316,248
1.23765e+18,156.4366567,1.217567474,19.2723,17.28528,16.29763,15.89044,15.52971,756,301,6,271,3.06389e+17,GALAXY,0.09788103,272,51941,524
1.23765e+18,156.4489454,1.242726529,19.01802,17.82012,17.21021,16.82471,16.58229,756,301,6,271,3.06389e+17,GALAXY,0.09811465,272,51941,526
1.23765e+18,156.4666089,1.190625174,18.80906,16.67648,15.63108,15.18626,14.84783,756,301,6,271,5.33574e+18,GALAXY,0.09613801,4739,55644,366
1.23765e+18,156.5277926,1.249731159,19.39994,18.96524,18.76971,18.769,18.69022,756,301,6,272,4.31462e+18,QSO,2.252249,3832,55289,630
1.23765e+18,156.5334808,1.1898852,19.01164,17.82121,17.25091,16.87909,16.71565,756,301,6,272,3.06399e+17,GALAXY,0.09662619,272,51941,562
1.23765e+18,156.8542377,1.241764075,17.27633,15.59686,14.79755,14.36533,14.02171,756,301,6,274,3.0641e+17,GALAXY,0.02206458,272,51941,602
1.23765e+18,156.8728941,1.246726246,16.15333,14.69591,14.02366,13.62593,13.32399,756,301,6,274,5.6748e+17,GALAXY,0.02238173,504,52316,95
1.23765e+18,157.0554931,1.169686532,17.82972,16.84997,16.52111,16.38367,16.35341,756,301,6,275,3.07461e+17,STAR,0.000188338,273,51957,329
1.23765e+18,156.9317086,1.193953936,18.17796,17.04094,16.61012,16.34855,16.19328,756,301,6,275,3.06412e+17,GALAXY,0.02171454,272,51941,608
1.23765e+18,157.1206174,1.249863862,18.16587,17.09403,16.67676,16.44368,16.25431,756,301,6,276,3.07459e+17,GALAXY,0.02231555,273,51957,322
1.23765e+18,157.2646864,1.16968743,16.29776,15.26695,15.0939,15.05828,15.10017,756,301,6,277,3.07471e+17,STAR,1.21e-05,273,51957,366
1.23765e+18,157.3753958,1.060047155,17.49069,16.49554,16.02676,15.79563,15.6379,756,301,6,277,3.0747e+17,GALAXY,0.02852034,273,51957,361
1.23765e+18,157.3482802,1.162971637,19.46144,18.2571,17.75843,17.46453,17.31939,756,301,6,277,3.07471e+17,GALAXY,0.09728704,273,51957,364
1.23765e+18,157.373495,1.211316031,19.54398,18.53485,18.37981,18.36561,18.3968,756,301,6,277,3.07473e+17,STAR,0.000212831,273,51957,373
1.23765e+18,157.4828496,1.130785443,19.44,18.29766,17.74748,17.42278,17.24144,756,301,6,278,3.07485e+17,GALAXY,0.08839007,273,51957,417
1.23765e+18,157.6646286,1.152460097,18.77344,17.84533,17.50861,17.37881,17.33541,756,301,6,279,4.3147e+18,STAR,-8.56e-05,3832,55289,906
1.23765e+18,157.5783285,1.247218754,19.22795,17.98775,17.42008,17.05435,16.85235,756,301,6,279,3.07481e+17,GALAXY,0.05075456,273,51957,402
1.23765e+18,157.6267061,1.076619803,18.97311,17.11978,16.20756,15.81769,15.48408,756,301,6,279,3.07483e+17,GALAXY,0.1069799,273,51957,408
1.23765e+18,157.6852672,1.246534572,19.36776,18.09338,17.50092,17.12715,16.99715,756,301,6,280,3.07483e+17,GALAXY,0.09744141,273,51957,410
1.23765e+18,157.8486157,1.24933169,19.2239,18.30091,18.04615,17.91916,17.88363,756,301,6,281,5.6866e+17,STAR,0.000107524,505,52317,293
1.23765e+18,157.9537638,1.122943741,19.43271,17.92186,17.06431,16.5877,16.3089,756,301,6,281,5.68661e+17,QSO,0.09694496,505,52317,296
1.23765e+18,158.0237203,1.160179784,19.0506,17.78832,17.16259,16.77885,16.56362,756,301,6,282,5.68658e+17,GALAXY,0.09691706,505,52317,285
1.23765e+18,158.0298733,1.256036217,19.25376,17.92825,17.25873,16.86062,16.6233,756,301,6,282,3.07494e+17,GALAXY,0.08739827,273,51957,449
1.23765e+18,158.0382865,1.161960939,19.30972,19.46429,19.32868,19.21146,19.21713,756,301,6,282,3.07493e+17,QSO,1.436365,273,51957,446
1.23765e+18,158.0557504,1.228372214,19.51797,18.34108,17.67408,17.22661,17.0058,756,301,6,282,5.68657e+17,GALAXY,0.127444,505,52317,283
1.23765e+18,158.3282542,1.058542197,19.53878,18.0707,17.26627,16.81762,16.46684,756,301,6,284,5.68648e+17,GALAXY,0.1056942,505,52317,250
1.23765e+18,158.3881285,1.109763486,19.19571,17.57391,16.66796,16.02787,15.67204,756,301,6,284,3.07515e+17,GALAXY,0.06574766,273,51957,526
1.23765e+18,158.3892555,1.152721912,19.34995,19.05876,18.93439,18.62518,18.63936,756,301,6,284,5.68648e+17,QSO,1.65746,505,52317,248
1.23765e+18,158.448952,1.233866643,18.92148,17.72924,17.07456,16.71359,16.49339,756,301,6,285,5.68649e+17,GALAXY,0.1280559,505,52317,253
1.23765e+18,158.8100513,1.239436691,19.34376,18.26366,17.7937,17.48838,17.29639,756,301,6,287,5.68638e+17,GALAXY,0.1070084,505,52317,212
1.23765e+18,158.973441,1.253500905,18.83444,16.88334,15.91768,15.48503,15.12418,756,301,6,288,5.68617e+17,GALAXY,0.09660596,505,52317,138
1.23765e+18,158.9827834,1.156569026,18.97681,17.90354,17.50969,17.22107,17.16751,756,301,6,288,5.68615e+17,GALAXY,0.07016161,505,52317,130
1.23765e+18,158.9967243,1.196100761,19.3834,17.48613,16.56103,16.16639,15.84471,756,301,6,288,5.68614e+17,GALAXY,0.09612575,505,52317,124
1.23765e+18,159.1414494,1.200267668,19.2476,18.34574,17.96171,17.82307,17.74588,756,301,6,289,4.31578e+18,STAR,0.000156118,3833,55290,746
1.23765e+18,154.2509841,0.310256032,19.42243,17.50313,16.63027,16.22199,15.8865,756,301,4,257,3.05235e+17,GALAXY,0.07038519,271,51883,423
1.23765e+18,154.3347609,0.384748742,19.3414,17.47451,16.53033,16.09792,15.76174,756,301,4,257,3.05246e+17,GALAXY,0.08454417,271,51883,464
1.23765e+18,154.518593,0.349984259,18.88691,18.71759,18.25798,18.0214,17.5892,756,301,4,258,3.0525e+17,QSO,0.2774611,271,51883,478
1.23765e+18,154.4169174,0.391066558,19.13346,17.59563,16.87067,16.46856,16.23406,756,301,4,258,3.05246e+17,GALAXY,0.09488719,271,51883,463
1.23765e+18,154.4348981,0.295158717,18.67767,17.40401,16.82637,16.43963,16.21605,756,301,4,258,3.0525e+17,GALAXY,0.09481686,271,51883,476
1.23765e+18,154.4478017,0.330293985,19.23398,17.20226,16.21497,15.78067,15.45593,756,301,4,258,3.0525e+17,GALAXY,0.09595764,271,51883,477
1.23765e+18,154.4549164,0.268808512,19.10529,17.83982,17.27423,16.89955,16.7092,756,301,4,258,3.05249e+17,GALAXY,0.09737416,271,51883,472
1.23765e+18,154.4815623,0.22805616,18.78365,17.12004,16.22586,15.77027,15.41088,756,301,4,258,3.05246e+17,GALAXY,0.09808913,271,51883,462
1.23765e+18,154.4876722,0.273871494,19.38078,17.60579,16.6898,16.25387,15.92419,756,301,4,258,3.05249e+17,GALAXY,0.1167877,271,51883,474
1.23765e+18,154.5350058,0.296996788,19.20634,17.79359,17.00154,16.55965,16.21648,756,301,4,259,3.05253e+17,GALAXY,0.09462593,271,51883,488
1.23765e+18,154.5416251,0.314874183,18.50056,17.50756,17.00389,16.66908,16.46228,756,301,4,259,3.05251e+17,GALAXY,0.09658662,271,51883,482
1.23765e+18,154.5511087,0.221107026,19.45778,18.26242,17.73939,17.42722,17.21388,756,301,4,259,3.06342e+17,GALAXY,0.09437191,272,51941,353
1.23765e+18,154.580046,0.365779085,19.2575,18.12506,17.56038,17.19979,16.96601,756,301,4,259,3.06344e+17,GALAXY,0.09566105,272,51941,360
1.23765e+18,154.6098199,0.270633768,19.09695,17.44921,16.60582,16.11522,15.67483,756,301,4,259,3.05252e+17,GALAXY,0.0466034,271,51883,483
1.23765e+18,154.7000701,0.385145381,18.70158,16.74288,15.82994,15.37876,15.05532,756,301,4,260,3.05257e+17,GALAXY,0.07095178,271,51883,503
1.23765e+18,154.6880675,0.390736772,18.53875,16.84373,15.984,15.49936,15.14181,756,301,4,260,3.06342e+17,GALAXY,0.06256464,272,51941,354
1.23765e+18,154.8229789,0.344424493,18.85454,17.16992,16.21525,15.73641,15.32252,756,301,4,260,3.05257e+17,GALAXY,0.0208566,271,51883,504
1.23765e+18,154.901135,0.341591974,19.09322,18.5456,18.05705,17.59463,17.48582,756,301,4,261,3.0634e+17,QSO,0.1477345,272,51941,347
1.23765e+18,154.8835517,0.295965344,19.28999,17.52542,16.67999,16.25307,15.92428,756,301,4,261,3.06343e+17,GALAXY,0.09541611,272,51941,358
1.23765e+18,154.9080878,0.332151705,18.29923,16.27507,15.29161,14.85673,14.5159,756,301,4,261,3.05259e+17,GALAXY,0.09555726,271,51883,509
1.23765e+18,155.0413957,0.329266848,16.96421,15.80865,15.39352,15.24668,15.19961,756,301,4,262,3.0527e+17,STAR,-0.000293669,271,51883,549
1.23765e+18,155.087447,0.416303674,19.53011,19.33351,19.21469,19.04122,18.97307,756,301,4,262,3.0527e+17,QSO,1.454275,271,51883,551
1.23765e+18,155.1779762,0.380760187,19.48566,18.161,17.48955,17.04429,16.76589,756,301,4,263,3.05272e+17,GALAXY,0.09665173,271,51883,556
1.23765e+18,155.1910761,0.410110748,19.06703,17.45259,16.65868,16.19909,15.87308,756,301,4,263,3.0527e+17,GALAXY,0.06404451,271,51883,550
1.23765e+18,155.4716736,0.295374635,16.34739,15.01962,14.38505,14.06982,13.81414,756,301,4,265,3.05279e+17,GALAXY,0.02148222,271,51883,583
1.23765e+18,155.4649756,0.410105974,17.45059,15.72079,14.90642,14.47219,14.09925,756,301,4,265,3.0528e+17,GALAXY,0.02134296,271,51883,586
1.23765e+18,155.5369393,0.388876639,19.40373,17.93342,17.12473,16.68318,16.37335,756,301,4,265,3.05294e+17,GALAXY,0.07240278,271,51883,636
1.23765e+18,155.5422861,0.406026004,18.12925,16.18496,15.24689,14.81013,14.46099,756,301,4,265,3.05291e+17,GALAXY,0.07134143,271,51883,625
1.23765e+18,155.5727437,0.358678039,18.96931,17.03969,16.035,15.6187,15.25381,756,301,4,265,3.05292e+17,GALAXY,0.1111002,271,51883,630
1.23765e+18,155.5960025,0.338848609,19.3946,17.40663,16.3835,15.93602,15.55753,756,301,4,266,3.05294e+17,GALAXY,0.1096946,271,51883,638
1.23765e+18,155.6883502,0.389084183,19.37557,19.28302,19.12341,19.08707,19.09611,756,301,4,266,3.05291e+17,QSO,1.368632,271,51883,626
1.23765e+18,155.7109134,0.295355212,19.45276,18.08233,17.40516,17.01789,16.76619,756,301,4,266,3.06365e+17,GALAXY,0.0944031,272,51941,438
1.23765e+18,155.7246565,0.249345948,18.47797,17.19529,16.57952,16.21368,15.9755,756,301,4,266,3.0529e+17,GALAXY,0.09462369,271,51883,623
1.23765e+18,155.7360605,0.341961566,18.12187,17.20591,16.92562,16.82563,16.78477,756,301,4,267,4.31459e+18,STAR,0.000674836,3832,55289,514
1.23765e+18,155.874799,0.219443144,18.07154,18.24297,18.20849,17.83941,17.81692,756,301,4,267,4.3146e+18,QSO,1.900196,3832,55289,538
1.23765e+18,155.7465759,0.321947694,18.81806,17.66573,17.14927,16.75297,16.55175,756,301,4,267,3.06364e+17,GALAXY,0.0931733,272,51941,435
1.23765e+18,155.843578,0.395004445,18.96063,17.07247,16.0518,15.64387,15.4062,756,301,4,267,3.06372e+17,GALAXY,0.09403592,272,51941,464
1.23765e+18,155.8871712,0.376875661,17.59656,16.45986,16.03699,15.87612,15.83298,756,301,4,268,3.06373e+17,STAR,0.000271729,272,51941,466
1.23765e+18,155.8830459,0.349157272,19.07018,17.7382,17.0398,16.61937,16.34582,756,301,4,268,3.06374e+17,GALAXY,0.09631827,272,51941,471
1.23765e+18,155.9908013,0.348075698,19.31438,18.04084,17.46873,17.12273,16.83391,756,301,4,268,3.06373e+17,GALAXY,0.09697206,272,51941,465
1.23765e+18,156.0293164,0.409284482,19.2867,17.95832,17.17408,16.74475,16.41903,756,301,4,268,3.06379e+17,GALAXY,0.1482422,272,51941,488
1.23765e+18,156.0651102,0.313890057,19.04664,17.75015,17.02055,16.62188,16.3522,756,301,4,269,3.0638e+17,GALAXY,0.09771555,272,51941,493
1.23765e+18,156.0843046,0.250769828,19.53033,18.23362,17.62391,17.24792,16.99929,756,301,4,269,3.06381e+17,GALAXY,0.09793318,272,51941,495
1.23765e+18,156.2886286,0.349180518,18.72215,17.83464,17.47776,17.32914,17.2779,756,301,4,270,4.3136e+18,STAR,-0.000142037,3831,55543,997
1.23765e+18,156.2977902,0.268637816,18.91356,17.99653,17.71507,17.59024,17.53243,756,301,4,270,4.3136e+18,STAR,0.000956215,3831,55543,1000
1.23765e+18,156.4239148,0.367545781,18.84282,17.57157,17.02377,16.81907,16.70304,756,301,4,271,3.06387e+17,STAR,-9.53e-05,272,51941,517
1.23765e+18,156.4264417,0.309312533,19.56144,18.33766,17.68966,17.26392,16.99642,756,301,4,271,3.06386e+17,GALAXY,0.09590657,272,51941,514
1.23765e+18,156.504688,0.319038098,19.06437,17.80689,17.21645,16.98142,16.81627,756,301,4,272,3.06398e+17,STAR,0.000650725,272,51941,557
1.23765e+18,156.5992532,0.235782738,18.97894,18.09781,17.77264,17.66957,17.64456,756,301,4,272,4.31463e+18,STAR,0.00111629,3832,55289,660
1.23765e+18,162.5862484,-0.148397244,18.75063,16.87296,15.93817,15.52167,15.19163,756,301,3,312,3.10823e+17,GALAXY,0.07578713,276,51909,273
1.23765e+18,162.7244041,-0.155523841,18.4713,17.0771,16.50801,16.28682,16.18174,756,301,3,313,2.8812e+18,STAR,3.78e-05,2559,54208,73
1.23765e+18,162.7633782,-0.201659799,17.78758,16.6605,16.13689,15.92427,15.82901,756,301,3,313,2.8812e+18,STAR,0.00044834,2559,54208,71
1.23765e+18,162.7830378,-0.099754451,17.89799,16.79939,16.39906,16.25678,16.20707,756,301,3,314,2.8812e+18,STAR,0.00083188,2559,54208,77
1.23765e+18,162.8228664,-0.067004334,17.63571,16.52615,16.17197,16.05017,16.00087,756,301,3,314,2.8812e+18,STAR,3.46e-05,2559,54208,67
1.23765e+18,162.8461107,-0.01780485,17.51152,15.35083,14.63736,14.41123,14.31494,756,301,3,314,2.6898e+18,STAR,0.000165944,2389,54213,74
1.23765e+18,162.881172,-0.172091717,17.47665,15.89109,15.30462,15.12684,15.06176,756,301,3,314,2.68979e+18,STAR,0.000116993,2389,54213,72
1.23765e+18,162.8064166,-0.113619853,19.49772,17.4622,16.28289,15.80859,15.41289,756,301,3,314,3.09628e+17,GALAXY,0.1478106,275,51910,21
1.23765e+18,162.9046459,-0.166583436,18.78831,17.60089,17.12693,16.79439,16.61708,756,301,3,314,3.09632e+17,GALAXY,0.09073859,275,51910,33
1.23765e+18,162.9367957,-0.000184124,18.72679,17.40929,16.90524,16.7261,16.63585,756,301,3,315,2.68979e+18,STAR,0.000529375,2389,54213,67
1.23765e+18,162.998416,-0.088159529,18.72364,17.35558,16.74915,16.53477,16.41882,756,301,3,315,2.68978e+18,STAR,0.000992221,2389,54213,25
1.23765e+18,162.9865533,-0.181488877,18.56322,17.44405,16.92844,16.58421,16.44485,756,301,3,315,3.10814e+17,GALAXY,0.07412218,276,51909,239
1.23765e+18,163.0134158,-0.060583307,19.287,17.87284,17.08973,16.71139,16.43971,756,301,3,315,3.10813e+17,GALAXY,0.09413385,276,51909,235
1.23765e+18,163.2094481,-0.179271319,18.24299,17.25055,16.86015,16.73298,16.63759,756,301,3,316,2.88118e+18,STAR,0.00019352,2559,54208,22
1.23765e+18,163.0825848,-0.172677255,19.46585,18.18705,17.6344,17.41226,17.30712,756,301,3,316,2.68978e+18,STAR,0.000693587,2389,54213,27
1.23765e+18,163.1950085,-0.00091133,17.5125,16.56372,16.30832,16.21426,16.17658,756,301,3,316,2.88135e+18,STAR,6.74e-05,2559,54208,639
1.23765e+18,163.2161694,-0.05024136,19.25595,18.23218,17.83592,17.6817,17.61131,756,301,3,316,2.89244e+18,STAR,0.000204575,2569,54234,25
1.23765e+18,163.0909982,-0.097883061,18.91281,17.89892,17.54269,17.32535,17.36393,756,301,3,316,3.10803e+17,GALAXY,0.05022789,276,51909,200
1.23765e+18,163.2962233,-0.035257711,19.25582,17.7518,17.09506,16.8157,16.69779,756,301,3,317,2.88119e+18,STAR,5.12e-05,2559,54208,31
1.23765e+18,163.2238251,-0.15000076,19.52019,18.11852,17.28638,16.85283,16.58734,756,301,3,317,3.10797e+17,GALAXY,0.1507932,276,51909,178
1.23765e+18,163.2581152,-0.092608854,19.32735,18.75043,18.54828,18.86494,20.45724,756,301,3,317,3.10797e+17,GALAXY,0.03834658,276,51909,175
1.23765e+18,163.285824,-0.168556756,19.3473,17.89652,17.06279,16.6246,16.33997,756,301,3,317,3.10794e+17,GALAXY,0.1360248,276,51909,167
1.23765e+18,163.3457514,-0.06444398,19.4506,18.47465,17.89856,17.49328,17.31506,756,301,3,317,3.10798e+17,GALAXY,0.1091919,276,51909,179
1.23765e+18,163.4084947,-0.114388196,18.11868,16.60754,16.06214,15.87771,15.79407,756,301,3,318,2.68978e+18,STAR,6.52e-05,2389,54213,22
1.23765e+18,163.3899409,-0.027889325,19.09523,18.02676,17.42883,17.03566,16.84788,756,301,3,318,3.1079e+17,GALAXY,0.1476441,276,51909,152
1.23765e+18,163.5362149,-0.01974938,19.11149,17.8491,17.3402,17.05877,16.83714,756,301,3,319,3.10789e+17,GALAXY,0.108132,276,51909,147
1.23765e+18,163.5901797,-0.015408499,18.97921,17.51493,16.74634,16.33967,16.02832,756,301,3,319,3.10788e+17,GALAXY,0.1071623,276,51909,143
1.23765e+18,163.7515708,-0.136171601,17.99722,16.98947,16.65293,16.52785,16.47898,756,301,3,320,3.1078e+17,STAR,0.001062651,276,51909,115
1.23765e+18,163.7177047,-0.144808544,19.51434,17.93432,17.03283,16.59041,16.21112,756,301,3,320,3.10781e+17,GALAXY,0.1074267,276,51909,117
1.23765e+18,163.9603232,-0.081533639,19.53507,17.90323,16.93205,16.52661,16.19565,756,301,3,321,3.10765e+17,GALAXY,0.147286,276,51909,62
1.23765e+18,163.9612804,-0.119213688,18.92941,17.62752,17.01937,16.69861,16.44604,756,301,3,321,3.10767e+17,GALAXY,0.1083617,276,51909,66
1.23765e+18,164.0513299,-0.106043877,18.06284,17.50964,17.7158,17.90547,18.09019,756,301,3,322,3.10768e+17,STAR,-4.94e-05,276,51909,73
1.23765e+18,164.0836204,-0.147663951,18.36818,18.18159,18.02579,17.90859,17.96512,756,301,3,322,4.31783e+18,QSO,1.439045,3835,55570,26
1.23765e+18,163.9663118,-0.096415996,18.82915,16.89904,16.05679,15.65242,15.29541,756,301,3,322,3.10769e+17,GALAXY,0.03850097,276,51909,75
1.23765e+18,163.9849722,-0.15752311,19.56975,17.47402,16.37658,15.9268,15.5612,756,301,3,322,3.11959e+17,GALAXY,0.1261739,277,51908,307
1.23765e+18,163.9872992,-0.005156959,17.63885,16.47471,16.01081,15.77671,15.55998,756,301,3,322,3.1077e+17,GALAXY,0.02609216,276,51909,80
1.23765e+18,164.022726,-0.038760741,18.94637,18.0942,17.79323,17.56147,17.4765,756,301,3,322,3.1077e+17,GALAXY,0.1080172,276,51909,79
1.23765e+18,164.1077534,-0.080775933,18.96877,17.51954,16.68444,16.25425,15.95008,756,301,3,322,3.10768e+17,GALAXY,0.1147261,276,51909,71
1.23765e+18,164.1342015,-0.178138498,18.73916,18.5613,18.62313,18.76871,18.97412,756,301,3,323,4.31783e+18,GALAXY,0.5046992,3835,55570,10
1.23765e+18,164.1306024,-0.066984244,19.58216,17.98366,17.01338,16.57115,16.218,756,301,3,323,3.10768e+17,GALAXY,0.1298663,276,51909,72
1.23765e+18,164.1634852,-0.054599374,19.4428,17.55835,16.6001,16.06182,15.63731,756,301,3,323,3.1077e+17,GALAXY,0.0829101,276,51909,77
1.23765e+18,164.2177939,-0.121999398,19.43067,18.18763,17.63623,17.26962,17.04553,756,301,3,323,3.10767e+17,GALAXY,0.08362874,276,51909,67
1.23765e+18,164.2225076,-0.047277606,19.33944,18.2786,17.86316,17.62921,17.42533,756,301,3,323,3.10769e+17,GALAXY,0.05432412,276,51909,74
1.23765e+18,164.3855222,-0.117600386,19.45144,18.10209,17.56396,17.34624,17.27157,756,301,3,324,3.10757e+17,STAR,0.000145065,276,51909,33
1.23765e+18,164.782305,-0.063017306,18.76803,17.20846,16.3832,15.98229,15.66054,756,301,3,327,3.11951e+17,GALAXY,0.07651239,277,51908,280
1.23765e+18,164.8989883,-0.097581502,17.81359,17.79316,17.67594,17.70235,17.31343,756,301,3,328,3.1195e+17,QSO,0.282167,277,51908,277
1.23765e+18,164.8827567,-0.041691902,18.98675,18.63113,18.44239,18.33936,18.11911,756,301,3,328,3.1195e+17,GALAXY,0.01899364,277,51908,275
1.23765e+18,165.1500898,-0.012434712,17.4546,15.66078,14.84173,14.42503,14.07379,756,301,3,329,3.11994e+17,GALAXY,0.03815033,277,51908,434
1.23765e+18,165.2726156,-0.032042068,19.34051,18.82448,18.66954,18.67161,18.44065,756,301,3,330,4.31902e+18,QSO,2.465038,3836,55302,240
1.23765e+18,246.9401802,0.343592116,18.81678,17.56023,17.06816,16.71169,16.55222,745,301,4,589,4.0998e+17,GALAXY,0.07244121,364,52000,555
1.23765e+18,246.9974338,0.327865649,19.28654,18.35228,18.02977,17.91581,17.82698,745,301,4,590,4.0998e+17,STAR,0.000300503,364,52000,554
1.23765e+18,247.2880372,0.337989132,17.99677,16.64491,16.53772,16.52853,16.53148,745,301,4,591,3.91907e+17,STAR,-0.000110785,348,51671,341
1.23765e+18,247.692673,0.412373066,19.47447,18.81116,18.36157,18.13455,18.067,745,301,4,594,4.1e+17,GALAXY,0.1625686,364,52000,627
1.23765e+18,247.7545338,0.340447287,19.43826,19.33031,19.05002,18.95199,18.96106,745,301,4,595,4.10002e+17,QSO,1.371252,364,52000,633
1.23765e+18,247.9704252,0.382011231,19.08044,18.00312,17.59898,17.41855,17.35111,745,301,4,596,3.9192e+17,STAR,0.000323143,348,51671,387
1.23765e+18,247.9972256,0.356590586,19.27639,18.16587,17.4629,16.98965,16.74642,745,301,4,596,3.91919e+17,GALAXY,0.07103826,348,51671,386
1.23765e+18,248.5100153,0.408836365,18.69257,16.86043,16.1207,15.83725,15.66301,745,301,4,600,3.91941e+17,STAR,-0.000246684,348,51671,464
1.23765e+18,248.6858711,0.40213443,18.2259,17.06761,16.4308,16.10143,15.85293,745,301,4,601,3.91945e+17,GALAXY,0.02563905,348,51671,481
1.23765e+18,249.0999074,0.384085168,18.51327,18.31832,17.89411,17.80831,17.86479,745,301,4,604,3.91962e+17,QSO,1.171173,348,51671,543
1.23765e+18,249.1919226,0.324507333,18.86272,17.03113,16.09108,15.57486,15.18042,745,301,4,604,3.91967e+17,GALAXY,0.07305734,348,51671,560
1.23765e+18,249.8206939,0.410282709,17.88222,15.96028,15.0617,14.59634,14.26291,745,301,4,608,3.91985e+17,GALAXY,0.02432818,348,51671,626
1.23765e+18,249.9497728,0.416293687,19.15585,17.27741,16.29904,15.79151,15.40363,745,301,4,609,3.91986e+17,GALAXY,0.08762164,348,51671,627
1.23765e+18,165.629286,0.793289429,19.19988,18.92745,19.24865,19.50408,19.82368,745,301,5,46,4.31918e+18,STAR,-3.8e-06,3836,55302,840
1.23765e+18,165.6517395,0.693523773,18.96188,17.51319,16.77223,16.36375,16.14248,745,301,5,46,3.12001e+17,GALAXY,0.09491593,277,51908,460
1.23765e+18,165.6796445,0.789062616,19.45152,19.29247,19.23836,19.05532,19.01985,745,301,5,46,3.12018e+17,QSO,1.687793,277,51908,522
1.23765e+18,165.6881652,0.660725947,19.31889,17.30204,16.34598,15.92422,15.62894,745,301,5,46,3.1201e+17,GALAXY,0.09630207,277,51908,492
1.23765e+18,165.7181798,0.677076331,19.58596,17.73785,16.81596,16.42367,16.10665,745,301,5,46,3.12008e+17,GALAXY,0.09593257,277,51908,488
1.23765e+18,165.7340593,0.661327301,19.34535,17.49037,16.58209,16.13608,15.79992,745,301,5,46,3.1201e+17,GALAXY,0.1074433,277,51908,493
1.23765e+18,237.534863,0.819604408,19.10541,17.66775,17.06442,16.81578,16.69179,745,301,5,526,3.85215e+17,STAR,5.06e-05,342,51691,573
1.23765e+18,237.7561122,0.83004203,19.11494,17.1762,16.3699,16.05369,15.832,745,301,5,528,3.85227e+17,STAR,-0.00028721,342,51691,616
1.23765e+18,237.8768997,0.701514951,19.52759,18.12567,17.39447,16.97996,16.68602,745,301,5,529,3.86275e+17,GALAXY,0.09346591,343,51692,331
1.23765e+18,238.2309692,0.71802539,18.11264,16.17374,15.30258,14.84046,14.49269,745,301,5,531,3.85233e+17,GALAXY,0.03243349,342,51691,637
1.23765e+18,238.336501,0.807810286,19.53403,17.76807,16.83002,16.3159,15.88822,745,301,5,532,3.86287e+17,GALAXY,0.05060026,343,51692,374
1.23765e+18,238.4892099,0.688089522,17.59724,16.13419,15.39325,14.95601,14.64245,745,301,5,533,3.86287e+17,GALAXY,0.03862771,343,51692,377
1.23765e+18,238.539949,0.676397182,19.28799,17.61397,16.69113,16.20609,15.86865,745,301,5,533,3.86297e+17,GALAXY,0.09369648,343,51692,413
1.23765e+18,238.6301697,0.715537161,18.35629,16.55183,15.87767,15.63214,15.49702,745,301,5,534,3.86298e+17,STAR,0.000242404,343,51692,416
1.23765e+18,238.6611669,0.812849722,19.54329,19.11089,18.98744,18.87481,18.71331,745,301,5,534,3.86296e+17,QSO,0.7363476,343,51692,409
1.23765e+18,238.9775598,0.686116922,19.12201,17.80076,17.2598,17.04298,16.93448,745,301,5,536,3.86307e+17,STAR,-0.0002836,343,51692,448
1.23765e+18,239.0460652,0.730431273,18.62176,17.13944,15.65689,16.09665,15.78875,745,301,5,536,3.86308e+17,STAR,0.000178772,343,51692,452
1.23765e+18,239.1187038,0.748423409,19.59723,18.18258,17.86593,17.46021,17.33221,745,301,5,537,3.86305e+17,GALAXY,0.03247265,343,51692,443
1.23765e+18,239.3395568,0.79704777,19.45511,18.37275,18.01605,17.81306,17.87426,745,301,5,538,3.8633e+17,STAR,-0.000269189,343,51692,531
1.23765e+18,239.4481947,0.696992345,18.19285,17.15936,16.76038,16.59373,16.53342,745,301,5,539,3.87401e+17,STAR,0.000202477,344,51693,333
1.23765e+18,239.5228761,0.650895617,18.33754,16.96645,16.4015,16.19736,16.07204,745,301,5,540,3.86341e+17,STAR,-2.78e-05,343,51692,572
1.23765e+18,239.6012562,0.692351842,18.96478,17.75327,17.13841,16.75577,16.49653,745,301,5,540,3.86339e+17,GALAXY,0.1017071,343,51692,564
1.23765e+18,239.6830925,0.678594249,18.90089,16.71721,15.89666,15.60017,15.43782,745,301,5,541,3.86343e+17,STAR,-0.000102108,343,51692,578
1.23765e+18,239.8356082,0.765641515,19.29026,18.9874,18.80369,18.58464,18.58839,745,301,5,542,3.86352e+17,QSO,1.525591,343,51692,613
1.23765e+18,239.8844477,0.763026149,19.54696,18.15991,17.43641,17.00897,16.73942,745,301,5,542,3.86353e+17,GALAXY,0.1205699,343,51692,615
1.23765e+18,239.9449712,0.7971368,19.33415,18.10904,17.57948,17.19707,17.01705,745,301,5,542,3.86351e+17,GALAXY,0.05311374,343,51692,607
1.23765e+18,240.5582138,0.719401376,18.83686,17.9236,17.58195,17.23962,17.16256,745,301,5,547,3.87413e+17,GALAXY,0.050244,344,51693,377
1.23765e+18,241.402813,0.73271585,18.78114,16.81459,15.80151,15.28278,14.91957,745,301,5,552,3.87468e+17,GALAXY,0.07801124,344,51693,575
1.23765e+18,241.49465,0.696050064,19.04171,17.57631,16.74022,16.23121,15.94182,745,301,5,553,3.87468e+17,GALAXY,0.07091825,344,51693,577
1.23765e+18,241.73653,0.712536955,19.03035,17.05281,16.04609,15.49597,15.08456,745,301,5,554,3.8748e+17,GALAXY,0.05773805,344,51693,620
1.23765e+18,241.9755815,0.675085108,19.47611,17.6089,16.61027,16.05041,15.6327,745,301,5,556,3.87478e+17,GALAXY,0.1174917,344,51693,613
1.23765e+18,242.2009038,0.696788188,19.58038,19.2819,19.27253,18.96887,18.61905,745,301,5,557,3.88538e+17,QSO,0.4253347,345,51690,372
1.23765e+18,242.3295581,0.70887489,19.2129,18.9049,18.52192,18.45047,18.43945,745,301,5,558,3.88549e+17,QSO,1.120872,345,51690,412
1.23765e+18,242.4165975,0.794179538,18.24813,16.6507,16.03451,15.78521,15.67699,745,301,5,559,3.8855e+17,STAR,0.000374712,345,51690,418
1.23765e+18,242.376465,0.793513602,19.40132,17.12534,16.19674,15.84442,15.65351,745,301,5,559,3.88551e+17,STAR,-0.000145135,345,51690,419
1.23765e+18,242.4987541,0.77721094,18.00209,15.99435,15.04764,14.57399,14.19048,745,301,5,559,3.8856e+17,GALAXY,0.0436522,345,51690,454
1.23765e+18,172.9391029,-0.848191459,18.14534,16.63301,16.01592,15.74219,15.62094,756,301,1,381,3.2224e+18,STAR,0.000262244,2862,54471,281
1.23765e+18,172.838187,-0.944373539,19.51933,18.42241,17.85637,17.49212,17.28957,756,301,1,381,3.17571e+17,GALAXY,0.1043968,282,51658,243
1.23765e+18,172.8231472,-0.974687802,18.94187,17.78875,17.22413,16.87805,16.6896,756,301,1,381,3.16381e+17,GALAXY,0.06389593,281,51614,11
1.23765e+18,173.0384819,-0.942584515,17.28657,15.41316,14.54828,14.14082,13.83188,756,301,1,382,3.17571e+17,GALAXY,0.02613202,282,51658,246
1.23765e+18,173.026626,-0.939508909,19.51587,18.57974,18.2035,18.06778,18.00063,756,301,1,382,3.6402e+18,STAR,0.000586076,3233,54891,597
1.23765e+18,173.0602332,-0.917518863,18.85399,17.44323,16.78887,16.39801,16.13158,756,301,1,382,3.17574e+17,GALAXY,0.0775177,282,51658,255
1.23765e+18,173.0603589,-0.987371085,19.5411,17.73482,16.80566,16.39714,16.07579,756,301,1,382,3.17571e+17,GALAXY,0.09387619,282,51658,244
1.23765e+18,173.0667005,-0.843265871,19.07469,17.68375,16.94068,16.53177,16.26653,756,301,1,382,3.17574e+17,GALAXY,0.1045601,282,51658,256
1.23765e+18,173.1798576,-0.998518453,17.93392,16.96598,16.64815,16.54117,16.48996,756,301,1,383,3.2224e+18,STAR,0.000130051,2862,54471,285
1.23765e+18,173.2088775,-0.950853561,17.72308,16.75766,16.47361,16.36852,16.32973,756,301,1,383,3.17563e+17,STAR,0.000557639,282,51658,214
1.23765e+18,173.2144049,-0.889510192,17.75735,16.65635,16.2001,16.00102,15.92429,756,301,1,383,3.2224e+18,STAR,-0.000298847,2862,54471,288
1.23765e+18,173.2197589,-0.86155113,19.07036,17.98226,17.51581,17.30005,17.20114,756,301,1,383,3.22241e+18,STAR,-0.000364561,2862,54471,292
1.23765e+18,173.2546651,-0.984625384,18.91296,17.5865,17.10527,16.96909,16.91203,756,301,1,384,3.6402e+18,STAR,-6.45e-05,3233,54891,589
1.23765e+18,173.2817063,-0.937879794,19.05616,17.87362,17.87674,18.021,18.1466,756,301,1,384,3.23929e+18,STAR,0.000622773,2877,54523,292
1.23765e+18,173.296058,-0.983468362,19.09121,16.8779,15.9375,15.63741,15.46908,756,301,1,384,3.64021e+18,STAR,-0.0001338,3233,54891,631
1.23765e+18,173.2990226,-0.889269648,19.11404,17.94716,17.41519,17.21997,17.10371,756,301,1,384,3.2393e+18,STAR,0.001431322,2877,54523,298
1.23765e+18,173.4324761,-1.016452006,18.78766,16.99938,16.21717,15.93363,15.78192,756,301,1,385,3.64021e+18,STAR,-8.49e-05,3233,54891,635
1.23765e+18,173.5006723,-0.897601069,18.43688,17.21733,17.4209,17.58131,17.64349,756,301,1,385,3.17562e+17,STAR,0.000289458,282,51658,212
1.23765e+18,173.5475773,-0.927206547,19.35904,19.1104,19.00807,18.86068,18.75383,756,301,1,386,4.25042e+18,QSO,2.146653,3775,55207,542
1.23765e+18,173.5538115,-0.996535919,19.10276,18.8026,18.8132,18.74496,18.51305,756,301,1,386,4.25042e+18,QSO,2.163334,3775,55207,554
1.23765e+18,173.6074047,-1.017317627,18.39749,17.5185,17.22736,17.12049,17.063,756,301,1,386,3.22238e+18,STAR,0.000474694,2862,54471,209
1.23765e+18,173.6169703,-0.869455649,18.91158,17.96549,17.84391,17.83449,17.84555,756,301,1,386,3.17562e+17,STAR,-0.00030961,282,51658,213
1.23765e+18,173.6220624,-1.003318144,19.00219,18.13879,17.85602,17.75402,17.73112,756,301,1,386,4.26627e+18,STAR,0.000190182,3789,55269,860
1.23765e+18,173.634571,-0.930048257,17.99483,18.09118,17.97308,17.9644,17.56453,756,301,1,386,3.17542e+17,QSO,0.2682848,282,51658,138
1.23765e+18,173.7885909,-1.037368463,18.04344,16.71626,16.19663,15.98489,15.89956,756,301,1,387,3.22236e+18,STAR,0.00041334,2862,54471,129
1.23765e+18,173.8004861,-0.929810034,16.95469,15.90831,15.57355,15.45367,15.42518,756,301,1,387,3.22236e+18,STAR,0.000370092,2862,54471,125
1.23765e+18,173.8407618,-0.999193458,18.5322,17.18199,16.4586,16.05459,15.78115,756,301,1,387,3.17542e+17,GALAXY,0.076873,282,51658,139
1.23765e+18,173.8674943,-0.915123639,17.34769,15.91897,15.41089,15.21466,15.1135,756,301,1,388,3.22236e+18,STAR,-2.4e-05,2862,54471,131
1.23765e+18,173.9134424,-0.864943996,17.45252,16.00373,15.48559,15.3045,15.26196,756,301,1,388,3.22236e+18,STAR,-0.000166011,2862,54471,130
1.23765e+18,173.9479019,-0.938034976,18.24058,17.28418,16.86563,16.68588,16.66148,756,301,1,388,3.22236e+18,STAR,0.000285132,2862,54471,137
1.23765e+18,173.9721029,-0.911524162,18.75853,17.71251,17.13035,16.78109,16.57037,756,301,1,388,3.17527e+17,GALAXY,0.1059068,282,51658,83
1.23765e+18,174.0679463,-0.99133347,17.62446,16.2299,15.66794,15.45264,15.34744,756,301,1,389,3.22235e+18,STAR,0.000422059,2862,54471,94
1.23765e+18,174.1331394,-0.86527115,17.23076,15.34257,14.60261,14.30306,14.14057,756,301,1,389,3.22235e+18,STAR,0.000813605,2862,54471,99
1.23765e+18,174.1276747,-0.996170294,17.51778,15.96334,15.42956,15.26585,15.20625,756,301,1,389,3.22235e+18,STAR,5.09e-05,2862,54471,91
1.23765e+18,174.0759871,-0.889617032,18.31646,17.17831,16.72776,16.45679,16.27505,756,301,1,389,3.1753e+17,GALAXY,0.04642929,282,51658,97
1.23765e+18,174.0799554,-0.949408165,18.86559,17.93797,17.59938,17.27625,17.15216,756,301,1,389,3.17529e+17,GALAXY,0.0507142,282,51658,91
1.23765e+18,174.09367,-0.963576405,18.93187,17.29161,16.45778,16.00194,15.6685,756,301,1,389,3.17526e+17,GALAXY,0.0777171,282,51658,82
1.23765e+18,174.1058696,-0.991358016,19.28275,18.16862,17.73627,17.48979,17.32665,756,301,1,389,3.17528e+17,GALAXY,0.07701109,282,51658,89
1.23765e+18,174.3321826,-1.045445643,16.84178,15.78917,15.49825,15.41415,15.40475,756,301,1,391,3.22234e+18,STAR,0.000175868,2862,54471,50
1.23765e+18,174.4171102,-0.923294015,17.58745,16.29912,15.77302,15.5658,15.46794,756,301,1,391,3.22234e+18,STAR,0.000280159,2862,54471,60
1.23765e+18,174.3262119,-0.865728512,17.95845,16.21113,15.38632,14.97331,14.72561,756,301,1,391,3.17529e+17,GALAXY,0.04731878,282,51658,93
1.23765e+18,174.3644309,-0.846566572,17.34696,15.33229,14.4329,14.00067,13.66623,756,301,1,391,3.17519e+17,GALAXY,0.04639931,282,51658,57
1.23765e+18,174.3330396,-1.030557142,18.88531,17.63155,17.03513,16.66908,16.43774,756,301,1,391,3.17518e+17,GALAXY,0.07749061,282,51658,52
1.23765e+18,174.3528638,-0.963814021,17.91365,16.61925,15.99142,15.6545,15.41474,756,301,1,391,3.17518e+17,GALAXY,0.05010736,282,51658,50
1.23765e+18,174.7212927,-0.942580006,19.00871,17.91077,17.33526,17.01973,16.75568,756,301,1,393,3.17518e+17,GALAXY,0.02696162,282,51658,51
1.23765e+18,174.7848974,-1.013520303,18.98835,17.93499,17.48464,17.31133,17.22673,756,301,1,394,3.22233e+18,STAR,0.000542268,2862,54471,18
1.23765e+18,174.7993605,-0.958186181,18.07688,16.8485,16.2953,15.98655,15.80281,756,301,1,394,3.17505e+17,GALAXY,0.04631858,282,51658,4
1.23765e+18,174.8586957,-0.92040973,18.89418,17.82234,17.38655,17.05443,16.90056,756,301,1,394,3.18712e+17,GALAXY,0.06215688,283,51959,299
1.23765e+18,174.946367,-0.88045261,19.26426,17.89005,17.36949,17.21673,17.14421,756,301,1,395,3.22233e+18,STAR,0.000166029,2862,54471,4
1.23765e+18,174.9484446,-0.843940649,18.35328,16.42267,15.5444,15.13684,14.81923,756,301,1,395,3.17508e+17,GALAXY,0.05253265,282,51658,16
1.23765e+18,171.6521169,-0.545264928,19.04202,18.13814,17.88887,17.80221,17.74578,756,301,2,373,3.64015e+18,STAR,2.65e-05,3233,54891,430
1.23765e+18,171.7741659,-0.476422237,18.61988,17.42074,16.93513,16.55151,16.61857,756,301,2,374,3.64016e+18,STAR,0.000460247,3233,54891,472
1.23765e+18,171.8316201,-0.547968423,19.30915,18.24684,17.84528,17.66633,17.61505,756,301,2,374,3.64016e+18,STAR,0.000254988,3233,54891,464
1.23765e+18,171.951129,-0.483295411,18.53821,18.22647,18.42684,18.14244,17.46681,756,301,2,375,4.32359e+18,STAR,4.49e-06,3840,55574,490
1.23765e+18,171.9780498,-0.46663328,17.04426,16.14772,15.89527,15.81448,15.81775,756,301,2,375,4.32235e+18,STAR,0.000181641,3839,55575,74
1.23765e+18,171.9805445,-0.472521775,18.96725,17.82251,17.33524,17.02095,16.8532,756,301,2,375,3.16424e+17,GALAXY,0.0621128,281,51614,168
1.23765e+18,172.0177962,-0.511592486,19.3131,19.09058,18.81792,18.72753,18.7201,756,301,2,375,3.16417e+17,QSO,1.040195,281,51614,144
1.23765e+18,171.9601847,-0.451113093,19.41632,18.65988,18.52283,18.17615,18.13911,756,301,2,375,3.16423e+17,GALAXY,0.0624137,281,51614,165
1.23765e+18,171.9634528,-0.470131274,17.55079,16.20182,15.49748,15.04686,14.73689,756,301,2,375,3.16424e+17,GALAXY,0.06149595,281,51614,167
1.23765e+18,172.0453863,-0.492865768,18.95048,17.83401,17.29286,16.95905,16.74847,756,301,2,375,3.16417e+17,GALAXY,0.1048234,281,51614,141
1.23765e+18,172.335125,-0.60365774,17.37433,15.97858,15.40469,15.15443,15.02839,756,301,2,377,3.64017e+18,STAR,0.000490507,3233,54891,511
1.23765e+18,172.2524837,-0.464674442,19.49658,18.14703,17.50024,17.15014,16.88142,756,301,2,377,3.16408e+17,GALAXY,0.1040979,281,51614,108
1.23765e+18,172.4792901,-0.535247013,18.94988,17.99244,17.69899,17.55942,17.5528,756,301,2,378,3.64017e+18,STAR,0.000731027,3233,54891,505
1.23765e+18,172.4941403,-0.620401728,18.78797,17.6663,17.2464,17.08485,17.02187,756,301,2,378,3.64018e+18,STAR,0.000189256,3233,54891,513
1.23765e+18,172.5137576,-0.424827849,19.38965,17.57231,16.58498,16.14404,15.75292,756,301,2,379,3.17587e+17,GALAXY,0.1044627,282,51658,303
1.23765e+18,172.5296109,-0.521228031,19.56516,17.62949,16.68799,16.29173,15.91588,756,301,2,379,3.16396e+17,GALAXY,0.07551581,281,51614,65
1.23765e+18,172.653855,-0.542991321,16.55078,15.41067,14.94006,14.75438,14.67158,756,301,2,380,3.22241e+18,STAR,-2e-05,2862,54471,301
1.23765e+18,172.6936519,-0.625296719,19.38104,18.31248,17.73633,17.59461,17.40401,756,301,2,380,3.22237e+18,GALAXY,0.0,2862,54471,145
1.23765e+18,172.7263253,-0.56901002,18.78219,17.56627,16.99541,16.79009,16.63983,756,301,2,380,3.2393e+18,STAR,0.000495627,2877,54523,302
1.23765e+18,172.7610983,-0.422412786,18.45758,17.29462,16.85997,16.66539,16.57882,756,301,2,380,3.22241e+18,STAR,-3.93e-05,2862,54471,314
1.23765e+18,172.6657512,-0.434284413,19.3715,18.3191,18.01028,17.88939,17.84233,756,301,2,380,3.64018e+18,STAR,0.000851361,3233,54891,541
1.23765e+18,172.7476813,-0.506174421,19.51414,17.39306,16.44485,16.06323,15.81234,756,301,2,380,3.64019e+18,STAR,0.000143891,3233,54891,550
1.23765e+18,172.8260049,-0.484303117,18.8189,17.89273,17.54372,17.41363,17.31821,756,301,2,381,3.64019e+18,STAR,0.000152154,3233,54891,555
1.23765e+18,172.8777433,-0.547666626,18.31982,17.36315,17.05186,16.94689,16.91356,756,301,2,381,3.22241e+18,STAR,4.43e-05,2862,54471,317
1.23765e+18,172.8879171,-0.57425842,18.86023,17.86057,17.53515,17.44031,17.38173,756,301,2,381,3.17577e+17,STAR,0.000328752,282,51658,267
1.23765e+18,172.9432355,-0.456729204,17.76132,16.24305,15.64319,15.44552,15.34653,756,301,2,381,3.22241e+18,STAR,-4.86e-05,2862,54471,303
1.23765e+18,172.7987846,-0.55458736,19.52828,19.46375,19.28571,19.19339,19.23166,756,301,2,381,3.64018e+18,QSO,1.476645,3233,54891,543
1.23765e+18,172.9564068,-0.505730566,18.09945,16.87934,16.39645,16.2097,16.13519,756,301,2,382,3.22241e+18,STAR,0.000102659,2862,54471,315
1.23765e+18,173.069949,-0.505587553,18.11548,17.11484,16.80184,16.68734,16.63647,756,301,2,382,3.23929e+18,STAR,0.000158686,2877,54523,269
1.23765e+18,173.0872913,-0.603240345,17.14389,15.70507,15.14758,14.94102,14.84542,756,301,2,382,3.22241e+18,STAR,-6.81e-05,2862,54471,291
1.23765e+18,172.9991127,-0.598651613,18.57968,16.78172,15.81823,15.31559,14.8885,756,301,2,382,3.16381e+17,GALAXY,0.07556868,281,51614,12
1.23765e+18,173.0800199,-0.624728652,19.52826,18.10853,17.59705,17.3893,17.29384,756,301,2,382,3.22241e+18,STAR,0.000420071,2862,54471,296
1.23765e+18,173.0981849,-0.44391041,18.56321,17.06094,16.54046,16.38278,16.31502,756,301,2,383,3.2224e+18,STAR,0.000181345,2862,54471,264
1.23765e+18,173.1050209,-0.491103626,19.05254,19.02177,18.93165,18.81384,18.62225,756,301,2,383,3.16384e+17,QSO,2.015256,281,51614,24
1.23765e+18,173.1192718,-0.576716977,18.95403,16.76134,15.87748,15.59498,15.46106,756,301,2,383,3.6402e+18,STAR,-5.42e-05,3233,54891,592
1.23765e+18,173.2430639,-0.429266556,18.25786,17.26303,16.86523,16.68663,16.64486,756,301,2,383,3.16388e+17,STAR,0.000320813,281,51614,36
1.23765e+18,173.2444189,-0.463020273,16.55837,15.568,15.24423,15.10714,15.11522,756,301,2,383,3.2224e+18,STAR,0.000132504,2862,54471,266
1.23765e+18,173.1086894,-0.516590088,19.43694,18.03432,17.45634,17.27229,17.15916,756,301,2,383,3.6402e+18,STAR,0.000291401,3233,54891,587
1.23765e+18,173.1442852,-0.596544248,19.37631,19.42547,19.45366,19.28736,19.17858,756,301,2,383,3.17577e+17,QSO,1.934764,282,51658,266
1.23765e+18,173.1605322,-0.548729973,19.29889,17.96902,17.27344,16.8995,16.63824,756,301,2,383,3.16386e+17,GALAXY,0.1053436,281,51614,28
1.23765e+18,173.2593717,-0.502529818,18.85049,17.84582,17.47629,17.33846,17.34741,756,301,2,384,3.64021e+18,STAR,-3.12e-05,3233,54891,621
1.23765e+18,173.2628251,-0.587077371,18.14501,16.79992,16.30426,16.14146,16.10781,756,301,2,384,3.2224e+18,STAR,0.000213911,2862,54471,267
1.23765e+18,173.2799551,-0.432990009,16.65928,15.12397,14.49263,14.26027,14.17529,756,301,2,384,3.22239e+18,STAR,-0.000114389,2862,54471,237
1.23765e+18,173.3412192,-0.572561976,18.53921,17.19631,16.64381,16.41402,16.33263,756,301,2,384,3.22239e+18,STAR,-1.98e-05,2862,54471,235
1.23765e+18,173.2994619,-0.464667568,19.15216,17.80508,16.98887,16.51725,16.17854,756,301,2,384,3.17569e+17,GALAXY,0.1048721,282,51658,239
1.23765e+18,173.4068423,-0.589774901,19.17735,17.77072,17.18398,16.93232,16.79774,756,301,2,385,3.23928e+18,STAR,0.000366483,2877,54523,226
1.23765e+18,173.4288968,-0.542158505,18.15841,16.75034,16.20486,16.00669,15.92221,756,301,2,385,3.23928e+18,STAR,-8.19e-05,2877,54523,230
1.23765e+18,173.4537264,-0.495152023,17.7165,16.23134,15.68185,15.48992,15.4255,756,301,2,385,3.22239e+18,STAR,-0.000105127,2862,54471,226
1.23765e+18,173.4738329,-0.472154664,16.58746,15.08659,14.54309,14.36515,14.31197,756,301,2,385,3.22239e+18,STAR,-2.14e-05,2862,54471,239
1.23765e+18,173.5038063,-0.499132957,19.37991,17.9173,17.38715,17.18975,17.09836,756,301,2,385,3.22239e+18,STAR,-6.96e-05,2862,54471,224
1.23765e+18,175.8790843,64.54682201,18.38824,18.21608,17.97886,17.49884,17.5652,1302,301,3,350,8.00753e+18,QSO,0.1234842,7112,56666,476
1.23765e+18,175.6777317,64.5380374,19.34087,17.56746,16.74365,16.36441,16.07912,1302,301,3,350,6.73371e+17,GALAXY,0.06240444,598,52316,302
1.23765e+18,175.8805107,64.57480252,19.12101,17.73742,17.19295,16.90048,16.67536,1302,301,3,350,6.73374e+17,GALAXY,0.06378556,598,52316,314
1.23765e+18,175.8710435,64.67224956,18.52088,16.63831,15.75155,15.28174,14.89423,1302,301,3,350,6.73375e+17,GALAXY,0.0623395,598,52316,316
1.23765e+18,175.5831766,64.66022662,18.86977,17.87257,17.44876,17.22007,17.08759,1302,301,3,350,6.72337e+17,GALAXY,0.03853471,597,52059,637
1.23765e+18,176.0819143,64.58211067,19.5572,17.9737,17.1867,16.71468,16.49499,1302,301,3,351,6.72335e+17,GALAXY,0.06442101,597,52059,630
1.23765e+18,176.0057623,64.57610981,19.59192,19.41606,19.23519,19.12886,18.9523,1302,301,3,351,8.00879e+18,QSO,2.03542,7113,56711,946
1.23765e+18,176.0395216,64.53404042,19.43557,18.59831,18.3061,18.21321,18.17326,1302,301,3,351,8.00753e+18,STAR,-0.000195326,7112,56666,471
1.23765e+18,176.0392459,64.62637436,18.33541,16.56523,15.65819,15.14614,14.72853,1302,301,3,351,6.73363e+17,GALAXY,0.06491648,598,52316,272
1.23765e+18,176.0733936,64.56050176,18.56823,16.6248,15.75549,15.27749,14.90426,1302,301,3,351,6.73361e+17,GALAXY,0.0626579,598,52316,266
1.23765e+18,176.1070931,64.55054109,19.01035,17.26046,16.3641,15.93852,15.60409,1302,301,3,351,6.73364e+17,GALAXY,0.06325122,598,52316,277
1.23765e+18,176.1170109,64.62552425,18.95765,17.92062,17.58303,17.27741,17.20318,1302,301,3,351,6.72338e+17,GALAXY,0.06267887,597,52059,640
1.23765e+18,176.1809665,64.58308612,17.8573,15.92303,15.04134,14.60837,14.28197,1302,301,3,351,6.73365e+17,GALAXY,0.04602133,598,52316,280
1.23765e+18,176.3111587,64.59001658,19.30013,17.51643,16.5151,16.0014,15.59774,1302,301,3,352,6.73363e+17,GALAXY,0.06515607,598,52316,271
1.23765e+18,176.2987222,64.68345876,19.16865,17.14901,16.24588,15.79839,15.46912,1302,301,3,352,6.72338e+17,GALAXY,0.06311412,597,52059,638
1.23765e+18,176.4509236,64.58458402,18.58556,16.72375,15.822,15.35676,15.04345,1302,301,3,352,6.73351e+17,GALAXY,0.060374,598,52316,227
1.23765e+18,176.6385449,64.59814229,19.3852,18.07185,17.58351,17.27852,17.07235,1302,301,3,352,6.73354e+17,GALAXY,0.05021865,598,52316,238
1.23765e+18,176.6714916,64.56973672,19.2734,17.47389,16.56533,16.10552,15.74846,1302,301,3,353,6.72336e+17,GALAXY,0.05043972,597,52059,631
1.23765e+18,177.0449013,64.73059462,18.23742,17.08034,16.42665,16.06924,15.80276,1302,301,3,354,6.7335e+17,GALAXY,0.04166869,598,52316,226
1.23765e+18,177.1072231,64.5958247,18.64833,17.42077,16.89943,16.54452,16.29044,1302,301,3,354,6.7334e+17,GALAXY,0.04169445,598,52316,189
1.23765e+18,178.011916,64.7703204,17.23751,16.08045,15.84369,15.76911,15.75339,1302,301,3,357,6.73336e+17,STAR,-0.000125018,598,52316,175
1.23765e+18,178.0742372,64.75430665,19.55982,19.44618,19.11944,19.20115,19.18387,1302,301,3,357,6.73337e+17,QSO,1.056828,598,52316,178
1.23765e+18,178.1746981,64.81762494,19.00419,18.43477,17.97246,17.59856,17.54358,1302,301,3,357,6.73336e+17,GALAXY,0.1456689,598,52316,174
1.23765e+18,178.6347931,64.75991998,18.29368,17.12409,16.44911,16.0561,15.82392,1302,301,3,358,6.7333e+17,GALAXY,0.1520791,598,52316,152
1.23765e+18,178.8870937,64.79138575,19.27052,18.16374,17.59836,17.27375,17.10036,1302,301,3,359,6.73331e+17,GALAXY,0.1122941,598,52316,156
1.23765e+18,179.6870232,64.75304882,18.48344,18.39473,18.06316,18.01555,18.015,1302,301,3,361,8.00765e+18,QSO,1.362358,7112,56666,899
1.23765e+18,179.790626,64.88552156,18.95699,17.79711,17.54228,17.42803,17.42064,1302,301,3,362,6.73442e+17,STAR,-0.00016517,598,52316,558
1.23765e+18,179.8142895,64.82676285,18.30479,16.98991,16.36738,16.02355,15.74484,1302,301,3,362,6.74511e+17,GALAXY,0.0398443,599,52317,353
1.23765e+18,179.9270117,64.73867064,19.42787,18.22568,17.66589,17.3146,17.10805,1302,301,3,362,6.73307e+17,GALAXY,0.0651153,598,52316,68
1.23765e+18,180.1377152,64.90517055,17.18334,16.0701,16.17941,16.2698,16.36917,1302,301,3,363,6.73452e+17,STAR,-0.000170954,598,52316,595
1.23765e+18,180.5829465,64.92407101,19.48219,18.61717,18.3104,18.21183,18.24158,1302,301,3,364,8.00767e+18,STAR,-0.000248777,7112,56666,969
1.23765e+18,180.8828864,64.85039924,17.46824,17.50798,17.76772,18.02784,18.2602,1302,301,3,365,7.85327e+18,QSO,3.896586,6975,56720,446
1.23765e+18,181.3420117,64.80114058,18.68154,18.57624,18.591,18.42987,18.53763,1302,301,3,366,7.85219e+18,QSO,1.696767,6974,56442,592
1.23765e+18,181.4105277,64.84152059,19.53242,18.69145,18.4133,18.30945,18.25463,1302,301,3,366,7.85219e+18,STAR,-8.38e-05,6974,56442,581
1.23765e+18,181.449753,64.82267988,19.29732,18.89883,18.86302,19.00166,18.82499,1302,301,3,366,6.73462e+17,QSO,0.7375261,598,52316,632
1.23765e+18,181.5506077,64.8980092,19.44388,19.33106,19.11928,18.89673,18.71787,1302,301,3,367,7.85327e+18,QSO,1.965607,6975,56720,414
1.23765e+18,181.7906051,64.94623526,19.47746,17.61973,16.59617,16.17842,15.79808,1302,301,3,367,6.74535e+17,GALAXY,0.1133541,599,52317,440
1.23765e+18,182.0907905,64.91490632,18.7035,18.5336,18.45709,18.35523,18.18426,1302,301,3,368,7.85325e+18,QSO,2.124397,6975,56720,370
1.23765e+18,182.2085385,64.92565222,19.28416,18.42461,18.14379,18.04542,18.06003,1302,301,3,368,7.85325e+18,STAR,-0.000145804,6975,56720,366
1.23765e+18,183.892869,64.89349117,19.32919,18.00449,17.22238,16.77591,16.49967,1302,301,3,373,6.74568e+17,GALAXY,0.1112797,599,52317,560
1.23765e+18,184.2092256,64.96029178,18.65167,17.18527,16.4672,16.08408,15.79448,1302,301,3,374,6.74566e+17,GALAXY,0.05850635,599,52317,551
1.23765e+18,185.214087,64.87457151,19.21558,18.72757,18.66665,18.68853,18.47731,1302,301,3,377,7.85229e+18,QSO,2.470949,6974,56442,951
1.23765e+18,185.2374877,64.82840309,19.32445,18.15898,17.54844,17.20835,16.97208,1302,301,3,377,6.74436e+17,GALAXY,0.1581638,599,52317,80
1.23765e+18,185.8038836,64.79841047,19.49065,17.6379,16.70196,16.2561,15.93172,1302,301,3,379,6.74423e+17,GALAXY,0.08873136,599,52317,33
1.23765e+18,185.8885549,64.81580274,19.40381,18.47837,17.7669,17.37657,17.18323,1302,301,3,379,6.75623e+17,GALAXY,0.2321406,600,52317,303
1.23765e+18,186.764566,64.97872754,19.57911,17.66449,16.6498,16.20287,15.85732,1302,301,3,381,6.75649e+17,GALAXY,0.1099107,600,52317,395
1.23765e+18,186.834813,64.80150667,14.72825,13.20555,12.44427,12.06544,11.75742,1302,301,3,382,6.75606e+17,GALAXY,0.008881462,600,52317,239
1.23765e+18,186.8897226,64.79176545,19.54718,17.68226,16.90934,16.57587,16.33371,1302,301,3,382,6.75605e+17,GALAXY,0.07990434,600,52317,238
1.23765e+18,186.9939605,64.91230155,19.38356,19.13848,19.00665,18.96199,18.8507,1302,301,3,382,7.85107e+18,QSO,2.010533,6973,56741,608
1.23765e+18,233.7493219,0.587933486,19.14117,17.27155,16.31453,15.87336,15.5152,752,301,5,602,4.08863e+17,GALAXY,0.08650188,363,51989,585
1.23765e+18,233.8458123,0.525364907,17.78193,16.43079,16.97145,15.69565,15.49236,752,301,5,603,4.08873e+17,STAR,-1.77e-05,363,51989,622
1.23765e+18,234.0145053,0.630340094,19.09081,16.78462,15.74021,15.20531,14.94568,752,301,5,604,3.54764e+17,GALAXY,0.09436671,315,51663,385
1.23765e+18,234.0695244,0.526663933,19.09858,17.97219,17.30184,16.94398,16.66336,752,301,5,605,3.54775e+17,GALAXY,0.111321,315,51663,424
1.23765e+18,234.0770327,0.484400399,18.9217,17.83718,17.31191,16.93746,16.74082,752,301,5,605,3.54775e+17,GALAXY,0.112251,315,51663,423
1.23765e+18,234.0908072,0.57051826,19.58449,18.24557,17.45923,17.02779,16.70487,752,301,5,605,3.54776e+17,GALAXY,0.1386025,315,51663,428
1.23765e+18,234.3256175,0.536485271,18.46263,17.42684,17.06524,16.92695,16.8586,752,301,5,606,3.54777e+17,STAR,0.000173763,315,51663,431
1.23765e+18,234.3512192,0.554022793,18.14572,16.89562,16.33768,16.01118,15.80122,752,301,5,606,3.54779e+17,GALAXY,0.04946987,315,51663,440
1.23765e+18,234.406843,0.465542802,18.46074,16.76861,16.00134,15.59312,15.28116,752,301,5,607,3.54777e+17,GALAXY,0.05157417,315,51663,432
1.23765e+18,234.4719368,0.607560554,19.24112,18.1712,17.7722,17.44882,17.33758,752,301,5,607,3.5479e+17,GALAXY,0.08584246,315,51663,477
1.23765e+18,234.6887053,0.525544307,17.48079,16.18209,16.51004,15.30599,15.08292,752,301,5,609,3.54788e+17,STAR,4.77e-05,315,51663,470
1.23765e+18,234.7965051,0.43353113,18.9181,18.59233,18.14826,17.98924,17.55648,752,301,5,609,3.54791e+17,QSO,0.2649675,315,51663,483
1.23765e+18,234.8681943,0.623418514,19.41497,19.23612,18.98149,18.7808,18.83568,752,301,5,610,3.54792e+17,QSO,1.475817,315,51663,484
1.23765e+18,234.9521687,0.492724227,18.97383,17.79458,17.09617,16.67336,16.45434,752,301,5,610,3.54798e+17,GALAXY,0.1412614,315,51663,506
1.23765e+18,235.0044873,0.517482554,18.74104,16.66122,15.54734,15.06243,14.66732,752,301,5,611,3.54798e+17,GALAXY,0.1111735,315,51663,507
1.23765e+18,235.1060388,0.530510387,19.44975,19.13386,19.0564,18.96998,18.95119,752,301,5,611,3.54797e+17,QSO,0.6846147,315,51663,503
1.23765e+18,235.1105307,0.458515597,19.31298,17.99732,17.26361,16.85847,16.53557,752,301,5,612,3.54798e+17,GALAXY,0.09336282,315,51663,508
1.23765e+18,235.199735,0.441029017,19.39626,18.26639,17.53201,17.1662,16.92536,752,301,5,612,3.54799e+17,GALAXY,0.1651455,315,51663,510
1.23765e+18,235.3181384,0.430068832,19.23077,18.27382,17.96935,17.86463,17.81168,752,301,5,613,3.32706e+18,STAR,-0.000557598,2955,54562,84
1.23765e+18,235.2994102,0.557698703,19.48384,18.42949,18.03291,17.85563,17.7475,752,301,5,613,3.32706e+18,STAR,-0.000446714,2955,54562,97
1.23765e+18,235.3163898,0.598056171,19.50347,18.19377,17.64747,17.41578,17.29833,752,301,5,613,3.32706e+18,STAR,-0.000179363,2955,54562,83
1.23765e+18,235.3445565,0.51455114,19.08995,17.15163,16.16932,15.70767,15.34771,752,301,5,613,3.54811e+17,GALAXY,0.07300293,315,51663,554
1.23765e+18,235.4143881,0.557186636,19.43662,17.59132,16.57449,16.06407,15.6697,752,301,5,614,3.5481e+17,GALAXY,0.07204402,315,51663,550
1.23765e+18,235.4175444,0.49047446,19.1869,17.07793,16.03355,15.52365,15.12032,752,301,5,614,3.5481e+17,GALAXY,0.07207149,315,51663,552
1.23765e+18,235.6775307,0.585049566,16.30312,15.07134,14.84544,14.78,14.77517,752,301,5,615,3.85156e+17,STAR,-0.000608538,342,51691,357
1.23765e+18,235.741418,0.540195727,18.22709,16.15041,15.07285,14.57196,14.19689,752,301,5,616,3.85156e+17,GALAXY,0.09376729,342,51691,359
1.23765e+18,235.7293084,0.447408946,18.77079,17.79073,17.47875,17.35925,17.29774,752,301,5,616,3.85156e+17,STAR,-0.000617748,342,51691,356
1.23765e+18,235.8063949,0.499335404,19.01852,19.07464,19.3264,19.519,19.63577,752,301,5,616,3.5483e+17,STAR,-9.73e-06,315,51663,624
1.23765e+18,235.7557178,0.568282931,19.35139,18.13973,17.30141,16.80046,16.48305,752,301,5,616,3.5482e+17,GALAXY,0.09653717,315,51663,589
1.23765e+18,235.8505358,0.44876888,19.54225,18.40664,17.82269,17.4341,17.26038,752,301,5,616,3.85153e+17,GALAXY,0.08795684,342,51691,348
1.23765e+18,235.9134928,0.436274203,19.51991,18.37838,17.87787,17.58082,17.45397,752,301,5,617,3.54831e+17,GALAXY,0.08779156,315,51663,629
1.23765e+18,236.0706309,0.566107715,18.1932,17.10396,16.83347,16.75259,16.72397,752,301,5,618,3.85167e+17,STAR,-2.82e-05,342,51691,399
1.23765e+18,236.1906193,0.457363358,18.63708,17.47593,17.2284,16.86181,16.75106,752,301,5,619,3.85167e+17,STAR,-2.32e-06,342,51691,398
1.23765e+18,236.2897062,0.606407582,18.48317,16.74981,15.99095,15.61019,15.38804,752,301,5,619,3.85164e+17,GALAXY,0.07174163,342,51691,387
1.23765e+18,236.3157305,0.543129399,19.35567,19.16674,18.83053,18.74405,18.61226,752,301,5,620,3.85174e+17,QSO,0.8236775,342,51691,423
1.23765e+18,236.3568169,0.526902605,18.85016,17.69815,17.53997,17.51503,17.52063,752,301,5,620,3.85175e+17,STAR,-0.000195426,342,51691,428
1.23765e+18,236.3847535,0.509009746,19.14833,18.13227,17.69651,17.52294,17.42203,752,301,5,620,4.51287e+18,STAR,0.000311199,4008,55356,950
1.23765e+18,236.5632041,0.59509334,18.35985,17.35938,16.97911,16.8263,16.7528,752,301,5,621,4.56557e+18,STAR,0.000122776,4055,55359,162
1.23765e+18,236.5025334,0.556853317,18.14724,16.96028,16.31061,15.91915,15.69506,752,301,5,621,3.85174e+17,GALAXY,0.1199472,342,51691,424
1.23765e+18,236.5812166,0.470746889,18.99352,17.71172,17.07964,16.70741,16.51463,752,301,5,621,3.8519e+17,GALAXY,0.05345554,342,51691,480
1.23765e+18,236.7084328,0.521305301,19.44214,18.41232,18.04152,17.90393,17.86111,752,301,5,622,3.85186e+17,STAR,-0.000397562,342,51691,467
1.23765e+18,236.726187,0.47743913,19.36214,18.04253,17.4425,17.1889,17.04878,752,301,5,622,3.85189e+17,STAR,0.00012553,342,51691,478
1.23765e+18,236.7401937,0.566551434,17.63545,16.64163,16.2399,16.08391,16.01718,752,301,5,622,3.85185e+17,STAR,-0.000539833,342,51691,461
1.23765e+18,236.6565979,0.605062968,19.31868,18.05825,17.44019,17.10903,16.86737,752,301,5,622,3.85186e+17,GALAXY,0.07744272,342,51691,466
1.23765e+18,236.8537865,0.562148132,16.53421,15.3509,15.14929,15.04229,14.98785,752,301,5,623,3.85192e+17,STAR,-0.000607231,342,51691,490
1.23765e+18,236.7751257,0.577531789,19.42208,18.22952,17.40462,16.93871,16.61179,752,301,5,623,3.85185e+17,GALAXY,0.1481399,342,51691,462
1.23765e+18,236.9412479,0.430489142,18.66199,17.37753,17.10297,16.98405,16.94508,752,301,5,624,3.85192e+17,STAR,0.000362672,342,51691,489
1.23765e+18,237.1277839,0.615759458,15.89747,15.32091,15.57094,15.79645,15.9645,752,301,5,625,3.852e+17,STAR,-0.00038552,342,51691,518
1.23765e+18,237.0713963,0.519230752,19.58004,19.16703,18.81772,18.7305,18.61304,752,301,5,625,3.8519e+17,QSO,1.041511,342,51691,481
1.23765e+18,197.4061674,0.127183238,18.9768,18.00608,17.39267,17.03388,16.79584,752,301,4,360,3.31168e+17,GALAXY,0.1418375,294,51986,557
1.23765e+18,197.4219182,0.010353699,18.95958,17.46452,16.70924,16.32806,16.07051,752,301,4,360,3.31168e+17,GALAXY,0.09509806,294,51986,558
1.23765e+18,197.4343117,0.045418496,19.59051,18.06262,17.49744,17.29735,17.19648,752,301,4,360,8.39489e+18,STAR,-0.000231306,7456,56727,650
1.23765e+18,197.4877818,0.051104409,19.47433,18.09983,17.57639,17.40391,17.30193,752,301,4,360,8.39489e+18,STAR,-8.27e-05,7456,56727,656
1.23765e+18,197.5037584,0.040193882,19.29058,18.33696,17.94084,17.78071,17.74228,752,301,4,360,8.39489e+18,STAR,0.000386103,7456,56727,660
1.23765e+18,197.5699449,0.144234433,18.24462,17.3171,17.04473,16.92858,16.89776,752,301,4,361,8.39489e+18,STAR,0.000193918,7456,56727,655
1.23765e+18,197.644788,0.065128072,18.03846,17.69471,17.49939,17.53185,17.58933,752,301,4,361,4.56216e+18,QSO,1.317255,4052,55600,38
1.23765e+18,197.6532702,0.036955881,19.20518,18.01169,17.50042,17.29597,17.17374,752,301,4,361,8.3949e+18,STAR,0.000395756,7456,56727,697
1.23765e+18,197.5525601,0.128340034,19.59095,18.64687,18.40397,18.31629,18.33297,752,301,4,361,8.39489e+18,STAR,0.000151259,7456,56727,659
1.23765e+18,197.633274,0.036608709,18.92056,18.23281,17.88064,17.50762,17.50804,752,301,4,361,3.31178e+17,GALAXY,0.1789411,294,51986,596
1.23765e+18,197.686298,0.032090356,17.09035,15.79607,15.20595,14.85026,14.61104,752,301,4,361,3.31176e+17,GALAXY,0.04100105,294,51986,588
1.23765e+18,197.6902366,0.143620833,18.5585,17.18439,16.64937,16.45155,16.3635,752,301,4,362,8.3949e+18,STAR,7.81e-06,7456,56727,694
1.23765e+18,197.7607793,0.081950906,18.36157,17.41839,17.0991,17.07961,17.0452,752,301,4,362,8.3949e+18,STAR,0.000144626,7456,56727,695
1.23765e+18,197.8190862,0.210458905,17.26126,16.36665,16.14955,16.07613,16.03706,752,301,4,362,8.39491e+18,STAR,5.22e-05,7456,56727,730
1.23765e+18,197.7230557,0.127333826,19.12846,17.81906,17.23998,16.88122,16.64752,752,301,4,362,3.31179e+17,GALAXY,0.08269752,294,51986,598
1.23765e+18,197.7229556,0.10079526,19.11315,17.96332,17.60113,17.34388,17.24948,752,301,4,362,3.31179e+17,GALAXY,0.04104793,294,51986,599
1.23765e+18,197.7282067,0.179692258,18.69602,16.6353,15.65029,15.20494,14.83192,752,301,4,362,3.32235e+17,GALAXY,0.09594817,295,51985,344
1.23765e+18,197.727346,0.063963843,19.12603,17.14174,16.159,15.72856,15.34164,752,301,4,362,3.32236e+17,GALAXY,0.09676105,295,51985,349
1.23765e+18,197.755118,0.053031604,18.83971,17.40578,16.50555,16.0093,15.70239,752,301,4,362,3.32239e+17,GALAXY,0.09618144,295,51985,358
1.23765e+18,197.8293693,0.037396875,19.10187,17.82706,17.37646,17.01209,16.83823,752,301,4,362,3.31188e+17,GALAXY,0.06395097,294,51986,632
1.23765e+18,197.84057,0.047455288,15.93382,14.92095,14.60854,14.48307,14.43605,752,301,4,363,3.26637e+18,STAR,0.000318971,2901,54652,475
1.23765e+18,197.850032,0.019541048,16.65472,15.14578,14.57032,14.33019,14.19548,752,301,4,363,3.26637e+18,STAR,-0.000109832,2901,54652,480
1.23765e+18,197.8498344,0.020119654,19.19495,18.27813,17.67437,17.65216,17.45323,752,301,4,363,3.3119e+17,STAR,-8.93e-05,294,51986,637
1.23765e+18,197.9015198,0.126288936,18.87988,17.74647,17.74275,17.86536,17.96578,752,301,4,363,8.39491e+18,STAR,0.000431996,7456,56727,733
1.23765e+18,197.9047616,0.134313186,17.05552,15.15462,14.46207,14.57833,14.03715,752,301,4,363,3.31186e+17,STAR,-0.000118689,294,51986,623
1.23765e+18,197.9651877,0.182368159,18.29993,16.85896,16.35413,16.1645,16.07335,752,301,4,363,8.39491e+18,STAR,-9.91e-05,7456,56727,736
1.23765e+18,197.978262,0.051540797,18.15081,17.18225,16.84079,16.69652,16.64928,752,301,4,363,8.39491e+18,STAR,0.000330023,7456,56727,735
1.23765e+18,197.8374097,0.061684949,18.99338,17.7454,17.20713,16.84814,16.64669,752,301,4,363,3.32238e+17,GALAXY,0.07222124,295,51985,354
1.23765e+18,197.8387095,0.20513935,19.32387,18.12269,17.5916,17.39395,17.26612,752,301,4,363,8.39491e+18,STAR,6.38e-05,7456,56727,731
1.23765e+18,197.8748667,0.149366012,17.8177,15.92377,15.05735,14.63936,14.31872,752,301,4,363,3.31189e+17,GALAXY,0.0637345,294,51986,633
1.23765e+18,197.952337,0.194240068,19.57531,18.70999,18.42518,18.30376,18.28838,752,301,4,363,4.56215e+18,STAR,3.02e-05,4052,55600,16
1.23765e+18,197.9854866,0.159758722,19.31322,19.11321,19.093,18.90561,18.77035,752,301,4,363,3.31186e+17,QSO,0.7030541,294,51986,624
1.23765e+18,197.9696256,0.029829055,19.24454,17.9986,17.5193,17.22097,17.07721,752,301,4,363,3.31189e+17,GALAXY,0.08101288,294,51986,635
1.23765e+18,198.0240338,0.049841475,17.22509,16.2841,15.98947,15.86261,15.82307,752,301,4,364,8.39492e+18,STAR,0.000272322,7456,56727,780
1.23765e+18,198.0728021,0.148816779,17.83024,16.57004,16.00912,15.75144,15.60422,752,301,4,364,8.39492e+18,STAR,0.000218446,7456,56727,778
1.23765e+18,198.0806341,0.04999468,18.29844,16.79933,16.22437,16.0085,15.88398,752,301,4,364,8.39492e+18,STAR,3.79e-05,7456,56727,779
1.23765e+18,198.1085192,0.117957803,17.69751,16.69667,16.38915,16.26778,16.21189,752,301,4,364,8.39492e+18,STAR,0.000401514,7456,56727,777
1.23765e+18,198.1160451,0.031563721,18.99875,18.09192,17.82444,17.69391,17.66196,752,301,4,364,8.39478e+18,STAR,0.000470811,7456,56727,240
1.23765e+18,198.1247984,0.047198352,19.2409,17.68201,17.10963,16.88826,16.78087,752,301,4,364,8.39492e+18,STAR,3.71e-05,7456,56727,775
1.23765e+18,198.1284545,0.09929364,17.52278,16.53331,16.23563,16.11634,16.05849,752,301,4,364,8.39492e+18,STAR,-0.000326477,7456,56727,773
1.23765e+18,198.1384002,0.129435134,17.04321,16.08874,15.81654,15.72776,15.67607,752,301,4,365,8.39492e+18,STAR,0.00033901,7456,56727,776
1.23765e+18,198.1644473,0.111586113,17.3033,15.54069,14.94044,14.78336,14.6965,752,301,4,365,3.26637e+18,STAR,-4.04e-05,2901,54652,492
1.23765e+18,198.2367028,0.03114837,16.8329,15.86003,15.518,15.37787,15.30978,752,301,4,365,3.26638e+18,STAR,0.000607217,2901,54652,518
1.23765e+18,198.2452062,0.11099148,17.10145,15.58282,14.99433,14.78371,14.65701,752,301,4,365,3.26638e+18,STAR,5.88e-05,2901,54652,514
1.23765e+18,198.2566577,0.139969743,19.06184,17.09073,16.21841,15.87348,15.67766,752,301,4,365,8.39493e+18,STAR,0.000852576,7456,56727,816
1.23765e+18,198.2688715,0.162579878,18.67661,17.7905,17.55834,17.47573,17.45798,752,301,4,365,8.39493e+18,STAR,0.00097049,7456,56727,815
1.23765e+18,198.2756057,0.06588621,18.59841,17.68666,17.43493,17.33863,17.29966,752,301,4,365,8.39493e+18,STAR,0.000366799,7456,56727,819
1.23765e+18,198.166983,0.166513563,19.13927,18.19953,17.97886,17.88003,17.83993,752,301,4,365,8.39493e+18,STAR,-0.000450275,7456,56727,818
1.23765e+18,198.1894992,0.189733736,19.26683,17.38526,16.45173,16.03244,15.70368,752,301,4,365,3.32259e+17,GALAXY,0.08414438,295,51985,431
1.23765e+18,198.3493813,0.100900301,19.32959,18.28271,17.81326,17.64,17.55946,752,301,4,366,8.39495e+18,STAR,-2.81e-05,7456,56727,860
1.23765e+18,132.3574732,0.425251682,18.96702,17.83072,17.18995,16.7564,16.51867,1239,301,5,80,5.26998e+17,GALAXY,0.09885325,468,51912,278
1.23765e+18,132.582383,0.566160962,19.21634,17.46877,16.65297,16.24647,15.94739,1239,301,5,82,5.25824e+17,GALAXY,0.06721658,467,51901,106
1.23765e+18,132.6422656,0.492457778,18.71488,16.86668,15.95047,15.48086,15.13683,1239,301,5,82,5.25828e+17,GALAXY,0.06428192,467,51901,119
1.23765e+18,132.6666128,0.569998906,18.59566,17.30284,16.82695,16.52336,16.33321,1239,301,5,82,5.26998e+17,GALAXY,0.04506793,468,51912,280
1.23765e+18,132.9216313,0.572477746,18.90407,17.14394,16.33239,15.95892,15.67031,1239,301,5,84,5.25804e+17,GALAXY,0.05109496,467,51901,33
1.23765e+18,133.11159,0.570340948,17.42334,16.46664,16.12179,15.99388,15.96908,1239,301,5,85,4.2931e+18,STAR,0.000140257,3813,55532,164
1.23765e+18,133.2535416,0.565067974,18.83673,17.90111,17.59255,17.46506,17.45412,1239,301,5,86,4.29546e+18,STAR,0.000640635,3815,55537,568
1.23765e+18,133.505758,0.558980781,18.26264,16.41737,15.53242,15.12715,14.79489,1239,301,5,88,5.28131e+17,GALAXY,0.05759648,469,51913,305
1.23765e+18,133.5354724,0.498567451,17.23085,15.90602,15.25801,14.91961,14.62738,1239,301,5,88,5.26969e+17,GALAXY,0.02821442,468,51912,174
1.23765e+18,133.5840095,0.620160791,18.36401,17.16557,16.45873,16.06613,15.76305,1239,301,5,88,5.2697e+17,GALAXY,0.1042338,468,51912,176
1.23765e+18,133.724878,0.573308408,18.48098,18.23219,18.03056,17.70901,17.59129,1239,301,5,89,5.2812e+17,QSO,1.674238,469,51913,264
1.23765e+18,133.643895,0.485039033,18.33848,17.16926,16.57111,16.20846,15.99164,1239,301,5,89,5.28119e+17,GALAXY,0.05317194,469,51913,261
1.23765e+18,133.9302613,0.485694899,18.65269,18.41859,18.20868,17.94562,17.9617,1239,301,5,91,5.26952e+17,QSO,1.523872,468,51912,111
1.23765e+18,134.0669539,0.527464766,19.40278,19.67224,20.06502,20.45051,20.62222,1239,301,5,91,5.2694e+17,STAR,-0.000432316,468,51912,70
1.23765e+18,134.0246087,0.606341815,19.28756,17.32056,16.36266,15.92554,15.56441,1239,301,5,91,5.28108e+17,GALAXY,0.1092903,469,51913,221
1.23765e+18,134.253335,0.505538,17.88283,16.08792,15.23802,14.82443,14.51029,1239,301,5,93,5.26943e+17,GALAXY,0.05310966,468,51912,79
1.23765e+18,134.3257038,0.588096198,19.55314,18.32897,17.7364,17.39423,17.12816,1239,301,5,93,5.26928e+17,GALAXY,0.1195831,468,51912,25
1.23765e+18,134.3809609,0.585797814,18.5036,17.30903,16.90048,16.74402,16.69958,1239,301,5,94,5.26932e+17,STAR,9.09e-05,468,51912,39
1.23765e+18,134.9434038,0.582950411,18.98103,18.00918,17.55322,17.31493,17.1298,1239,301,5,97,5.2927e+17,GALAXY,0.01117178,470,51929,353
1.23765e+18,135.1013245,0.625340477,17.44275,16.48684,16.20778,16.092,16.08864,1239,301,5,98,5.28087e+17,STAR,0.000372169,469,51913,146
1.23765e+18,135.6387576,0.449522049,19.398,17.55184,16.61882,16.23126,15.95144,1239,301,5,102,5.28067e+17,GALAXY,0.1489386,469,51913,74
1.23765e+18,135.8083211,0.486177967,19.12233,18.8879,18.83442,18.83617,18.67661,1239,301,5,103,4.29887e+18,QSO,0.8589503,3818,55532,652
1.23765e+18,135.8469654,0.620134899,19.39634,18.52402,18.22532,18.10323,18.02583,1239,301,5,103,4.29886e+18,STAR,0.000739618,3818,55532,640
1.23765e+18,136.4445083,0.46197197,19.30754,17.81584,17.04858,16.61289,16.34908,1239,301,5,107,5.30359e+17,GALAXY,0.1323112,471,51924,220
1.23765e+18,138.0179388,0.42179944,18.54392,16.64627,15.75516,15.32621,15.00696,1239,301,5,118,5.31546e+17,GALAXY,0.05465464,472,51955,440
1.23765e+18,138.0221183,0.483663793,19.56702,17.53742,16.3114,15.82637,15.45789,1239,301,5,118,5.31543e+17,GALAXY,0.1641942,472,51955,429
1.23765e+18,138.0243702,0.448893178,18.80402,17.13424,16.25536,15.72708,15.35866,1239,301,5,118,5.31545e+17,GALAXY,0.05445834,472,51955,439
1.23765e+18,138.1325609,0.525591003,17.73139,16.97087,17.57265,16.32271,15.8765,1239,301,5,119,5.31543e+17,STAR,-3.99e-05,472,51955,430
1.23765e+18,138.3387735,0.599782684,18.9232,18.89449,18.86399,18.6318,18.66385,1239,301,5,120,5.31553e+17,QSO,1.660052,472,51955,468
1.23765e+18,138.477955,0.559519154,18.78418,18.60909,18.9232,19.18799,19.34719,1239,301,5,121,4.3033e+18,STAR,2.63e-05,3822,55544,404
1.23765e+18,138.5063954,0.460067098,18.28058,17.33087,17.0559,16.92496,16.91158,1239,301,5,121,5.31552e+17,STAR,0.001180682,472,51955,463
1.23765e+18,138.8926326,0.557153088,18.75293,18.80812,18.50601,18.4639,18.49743,1239,301,5,124,5.31563e+17,QSO,1.212966,472,51955,503
1.23765e+18,139.0003864,0.551822046,19.23603,18.29058,17.9737,17.83421,17.77327,1239,301,5,124,4.30326e+18,STAR,6.74e-05,3822,55544,246
1.23765e+18,139.2084727,0.572712779,17.50914,15.79965,14.98409,14.53285,14.19794,1239,301,5,126,5.31574e+17,GALAXY,0.02839938,472,51955,542
1.23765e+18,139.2176476,0.520534667,19.31154,18.52125,18.77272,18.31333,18.50553,1239,301,5,126,5.31575e+17,GALAXY,0.05699043,472,51955,546
1.23765e+18,139.3592151,0.573352512,18.65771,18.22124,18.04062,17.88523,17.86911,1239,301,5,127,5.31579e+17,GALAXY,0.1535019,472,51955,560
1.23765e+18,139.3648207,0.479031623,17.80284,16.82486,16.52407,16.38928,16.35095,1239,301,5,127,5.31587e+17,STAR,0.000342942,472,51955,591
1.23765e+18,139.3102548,0.50479971,19.51427,19.5014,19.42952,19.10803,19.06726,1239,301,5,127,5.31578e+17,QSO,1.823425,472,51955,556
1.23765e+18,139.481794,0.564361896,18.61362,18.7227,19.08806,19.26754,19.49335,1239,301,5,128,5.31588e+17,STAR,0.000426096,472,51955,595
1.23765e+18,139.4807437,0.517485846,19.35214,18.85402,18.71378,18.79948,18.64904,1239,301,5,128,5.31589e+17,QSO,0.7312686,472,51955,599
1.23765e+18,139.497495,0.611639458,19.48655,17.70649,16.75309,16.29916,15.94671,1239,301,5,128,5.31584e+17,GALAXY,0.09158603,472,51955,581
1.23765e+18,139.910899,0.525675305,18.65076,16.86234,17.27206,15.83952,15.59296,1239,301,5,131,5.31596e+17,STAR,-1.98e-05,472,51955,622
1.23765e+18,139.9374154,0.4355951,19.46587,18.14306,17.5238,17.11701,16.85285,1239,301,5,131,5.31595e+17,GALAXY,0.08999905,472,51955,621
1.23765e+18,140.1349246,0.558262198,17.74604,16.77935,16.4374,16.29025,16.26083,1239,301,5,132,5.33765e+17,STAR,0.001146226,474,52000,321
1.23765e+18,140.0978286,0.524165269,19.00174,17.85291,17.23306,16.84608,16.64221,1239,301,5,132,5.33766e+17,GALAXY,0.08481692,474,52000,326
1.23765e+18,140.174025,0.520467579,18.63213,16.89,16.02126,15.59294,15.28346,1239,301,5,132,5.33765e+17,GALAXY,0.08794436,474,52000,322
1.23765e+18,140.1924218,0.604718176,17.72833,16.68652,16.2724,16.08747,16.02146,1239,301,5,132,5.33766e+17,GALAXY,0.02378279,474,52000,325
1.23765e+18,140.1094803,0.484752305,19.33375,18.09704,17.49383,17.17222,16.92639,1239,301,5,132,5.33769e+17,GALAXY,0.0878978,474,52000,337
1.23765e+18,140.3162154,0.507220965,19.23114,19.06009,19.04696,18.87251,18.95667,1239,301,5,133,5.33765e+17,QSO,1.604194,474,52000,323
1.23765e+18,224.576399,-0.641493201,19.40699,18.22907,17.82298,17.6666,17.60499,752,301,2,541,3.73127e+18,STAR,6.31e-05,3314,54970,136
1.23765e+18,224.946045,-0.665151848,18.34138,18.38044,18.66985,18.91562,19.13387,752,301,2,544,3.47906e+17,STAR,3.87e-05,309,51994,12
1.23765e+18,224.9623249,-0.64252784,18.36629,17.32882,16.91824,16.74519,16.66036,752,301,2,544,3.73126e+18,STAR,-0.00010921,3314,54970,89
1.23765e+18,225.156705,-0.727552291,18.58405,17.60784,17.23769,17.0899,17.04868,752,301,2,545,4.52635e+18,STAR,-0.000104553,4020,55332,833
1.23765e+18,225.2096431,-0.63333463,18.28285,16.90104,16.29098,16.08938,15.98433,752,301,2,545,3.73125e+18,STAR,-5.07e-05,3314,54970,50
1.23765e+18,225.2113794,-0.694173324,19.25351,17.81984,17.19615,16.99029,16.87657,752,301,2,545,3.73125e+18,STAR,-0.000117375,3314,54970,51
1.23765e+18,225.2242776,-0.813612208,17.92479,16.62499,16.02661,15.77848,15.66158,752,301,2,545,3.73124e+18,STAR,-0.000716758,3314,54970,31
1.23765e+18,225.1681168,-0.794919527,19.49488,18.41742,18.58294,18.7746,18.89294,752,301,2,545,3.73124e+18,STAR,-0.000644868,3314,54970,22
1.23765e+18,225.2712211,-0.635087816,19.05854,18.0629,17.6905,17.54874,17.47344,752,301,2,546,4.52635e+18,STAR,-0.000138934,4020,55332,828
1.23765e+18,225.3140131,-0.71642055,17.20749,15.85531,15.8742,15.91677,15.95348,752,301,2,546,3.73123e+18,STAR,-0.000596602,3314,54970,9
1.23765e+18,225.329534,-0.637929439,18.24401,16.57113,15.81852,15.52915,15.34479,752,301,2,546,3.73124e+18,STAR,-0.000175691,3314,54970,11
1.23765e+18,225.3553353,-0.753864502,19.23437,18.13123,17.53182,17.1568,16.92822,752,301,2,546,3.49099e+17,GALAXY,0.1460037,310,51990,255
1.23765e+18,225.2493331,-0.74324427,19.4744,18.27215,18.26853,18.30815,18.37781,752,301,2,546,3.73125e+18,STAR,-0.00035675,3314,54970,53
1.23765e+18,225.4314699,-0.657054559,17.77063,16.82481,16.44652,16.29663,16.22593,752,301,2,547,4.52173e+18,STAR,0.000186036,4016,55632,412
1.23765e+18,225.529504,-0.753929508,18.90987,18.24233,17.92704,17.68164,17.49581,752,301,2,548,3.49087e+17,QSO,0.4389078,310,51990,211
1.23765e+18,225.6259893,-0.715167386,18.44933,17.49058,17.16344,17.0202,17.01261,752,301,2,548,4.52637e+18,STAR,-0.000135948,4020,55332,904
1.23765e+18,225.8462879,-0.807745273,19.43566,18.3656,18.31827,18.33942,18.3797,752,301,2,550,3.49065e+17,STAR,-0.000649352,310,51990,131
1.23765e+18,226.1100386,-0.801138821,19.4057,18.44372,18.08263,17.92303,17.85703,752,301,2,551,3.50237e+17,STAR,-0.00049251,311,51665,298
1.23765e+18,226.1866779,-0.676700416,19.33033,17.4525,16.4936,16.02149,15.66831,752,301,2,552,3.50235e+17,GALAXY,0.09310534,311,51665,293
1.23765e+18,226.2977586,-0.82108988,18.54553,17.65808,17.26425,16.85426,16.79304,752,301,2,553,3.49056e+17,GALAXY,0.1138574,310,51990,97
1.23765e+18,226.3227797,-0.788821164,18.22589,16.93194,17.04907,17.16754,17.26382,752,301,2,553,3.49056e+17,STAR,-5.58e-05,310,51990,98
1.23765e+18,226.3036709,-0.746373483,19.33805,18.14945,17.73674,17.56914,17.48223,752,301,2,553,3.49056e+17,STAR,-3.13e-05,310,51990,99
1.23765e+18,226.4451529,-0.80991714,18.58699,17.2394,16.65241,16.39674,16.27121,752,301,2,554,3.49044e+17,STAR,0.000374661,310,51990,54
1.23765e+18,226.4510345,-0.703456058,17.33313,16.48947,16.24734,16.05591,15.96235,752,301,2,554,3.49045e+17,GALAXY,0.03511947,310,51990,60
1.23765e+18,226.445299,-0.714911316,17.26015,15.75581,15.09205,14.7086,14.42214,752,301,2,554,3.50236e+17,GALAXY,0.03545786,311,51665,294
1.23765e+18,226.5232983,-0.641758466,19.27388,18.357,17.9886,17.7525,17.6358,752,301,2,554,3.49045e+17,GALAXY,0.03491157,310,51990,58
1.23765e+18,226.7385749,-0.769619606,18.65641,18.67263,18.89631,19.07103,19.28297,752,301,2,556,4.52165e+18,QSO,1.104045,4016,55632,128
1.23765e+18,226.962486,-0.648718773,18.38914,17.40056,17.05879,16.91304,16.87077,752,301,2,557,3.50226e+17,STAR,0.000147818,311,51665,260
1.23765e+18,226.9769922,-0.832330029,18.543,16.85308,15.91897,15.47475,15.12347,752,301,2,557,3.49032e+17,GALAXY,0.1220225,310,51990,11
1.23765e+18,227.2292222,-0.785444516,18.47916,17.20074,16.64365,16.32287,16.12389,752,301,2,559,3.50223e+17,GALAXY,0.06988788,311,51665,246
1.23765e+18,227.2411806,-0.704654893,18.68942,17.69706,17.36699,17.14236,16.97822,752,301,2,559,3.50226e+17,GALAXY,0.03780224,311,51665,257
1.23765e+18,227.2784693,-0.806930831,18.67659,17.02297,16.17337,15.74568,15.40087,752,301,2,559,3.50222e+17,GALAXY,0.06965949,311,51665,244
1.23765e+18,227.3193704,-0.676691104,19.01066,17.08797,16.09118,15.65679,15.30383,752,301,2,559,3.50214e+17,GALAXY,0.0946741,311,51665,216
1.23765e+18,227.3958496,-0.759863601,19.22777,18.18376,17.73772,17.50643,17.441,752,301,2,560,1.03929e+18,QSO,1.058279,923,52404,321
1.23765e+18,227.3758062,-0.771167685,16.99624,15.53884,14.83586,14.42628,14.12664,752,301,2,560,3.50211e+17,GALAXY,0.03777028,311,51665,203
1.23765e+18,227.4400502,-0.754194347,18.91439,16.84175,15.90487,15.46369,15.09681,752,301,2,560,3.50212e+17,GALAXY,0.0595574,311,51665,207
1.23765e+18,227.5039224,-0.715794906,18.94738,17.03138,15.97062,15.41849,14.98746,752,301,2,561,3.50213e+17,GALAXY,0.07098074,311,51665,212
1.23765e+18,227.5353464,-0.631122829,18.86,17.53561,16.87471,16.45444,16.1907,752,301,2,561,3.50212e+17,GALAXY,0.08107182,311,51665,208
1.23765e+18,227.5474765,-0.80763042,19.14887,17.86196,17.23239,16.85373,16.60064,752,301,2,561,3.50211e+17,GALAXY,0.08998659,311,51665,204
1.23765e+18,227.5631492,-0.81742494,19.26235,18.08857,17.57697,17.22519,17.0692,752,301,2,561,3.50191e+17,GALAXY,0.1252633,311,51665,132
1.23765e+18,227.6099226,-0.682836325,19.45742,18.15982,17.49652,17.11402,16.86292,752,301,2,561,3.50188e+17,GALAXY,0.09021582,311,51665,122
1.23765e+18,227.7369115,-0.718613855,18.92442,17.96599,17.71786,17.56558,17.54547,752,301,2,562,3.50193e+17,STAR,-3.5e-05,311,51665,138
1.23765e+18,227.7176992,-0.820780258,18.75766,17.79773,17.54392,17.359,17.29332,752,301,2,562,3.50189e+17,GALAXY,0.05480798,311,51665,125
1.23765e+18,227.7964133,-0.790718684,19.19397,18.23417,17.60526,17.12663,16.82259,752,301,2,563,3.50192e+17,GALAXY,0.1520446,311,51665,136
1.23765e+18,228.1537268,-0.794217542,18.87423,16.92913,16.12067,15.72236,15.41175,752,301,2,565,3.5017e+17,GALAXY,0.05441434,311,51665,56
1.23765e+18,228.3631976,-0.756042906,19.30541,18.34684,17.97366,17.83315,17.77359,752,301,2,566,4.51946e+18,STAR,5.09e-05,4014,55630,338
1.23765e+18,228.4167884,-0.763990827,18.47544,17.23411,16.77373,16.5878,16.53489,752,301,2,567,3.50159e+17,STAR,-8.16e-05,311,51665,16
1.23765e+18,228.4243598,-0.77941391,19.14684,17.78486,17.11476,16.72478,16.42949,752,301,2,567,3.5016e+17,GALAXY,0.04026579,311,51665,18
1.23765e+18,228.5390384,-0.805925811,18.95163,17.89401,17.47597,17.31722,17.23473,752,301,2,568,1.03933e+18,STAR,-0.000480931,923,52404,442
1.23765e+18,61.9030218,-4.304933177,19.05352,17.71406,17.14043,16.90503,16.77033,1045,301,6,187,1.8421e+18,STAR,3.83e-05,1636,54481,448
1.23765e+18,61.88372208,-4.293563453,19.54128,18.40574,17.80405,17.45651,17.24725,1045,301,6,187,5.23661e+17,GALAXY,0.1297905,465,51910,426
1.23765e+18,61.9791177,-4.310702469,18.44314,17.43054,17.02126,16.85003,16.80639,1045,301,6,188,3.55461e+18,STAR,-0.000629443,3157,54802,524
1.23765e+18,62.08195928,-4.249362024,17.25985,16.02694,15.49875,15.30458,15.20783,1045,301,6,188,3.55461e+18,STAR,0.00059412,3157,54802,523
1.23765e+18,62.12188608,-4.257878366,19.4606,18.12549,17.52608,17.26813,17.14366,1045,301,6,189,3.55461e+18,STAR,0.00083744,3157,54802,521
1.23765e+18,62.23998172,-4.345390708,19.21414,17.96385,17.50354,17.1799,16.97417,1045,301,6,189,5.23684e+17,GALAXY,0.07188293,465,51910,510
1.23765e+18,62.38250686,-4.345484147,17.69387,16.44046,16.54817,16.65514,16.70492,1045,301,6,190,3.55462e+18,STAR,0.000490881,3157,54802,565
1.23765e+18,62.37398332,-4.180999196,18.56055,17.3887,16.94155,16.76169,16.70107,1045,301,6,190,5.23694e+17,STAR,9.16e-05,465,51910,547
1.23765e+18,62.39637542,-4.291972765,18.94256,17.82281,17.36897,17.03601,16.86235,1045,301,6,190,5.23697e+17,GALAXY,0.0720022,465,51910,558
1.23765e+18,62.47587718,-4.193636505,18.3062,17.98832,17.88987,17.69438,17.419,1045,301,6,191,5.23695e+17,QSO,2.187814,465,51910,553
1.23765e+18,62.65234598,-4.275041323,19.07933,17.76688,17.28886,16.99559,16.80792,1045,301,6,192,5.23704e+17,GALAXY,0.05877573,465,51910,585
1.23765e+18,62.72466713,-4.276084421,18.7885,17.36108,16.59519,16.22179,15.90355,1045,301,6,192,5.23703e+17,GALAXY,0.09063947,465,51910,582
1.23765e+18,137.2423407,55.25367789,19.34622,19.11184,19.14115,19.17782,18.94978,1119,301,4,33,8.19111e+18,QSO,0.7502202,7275,57093,688
1.23765e+18,156.3381295,-3.08175907,19.0143,18.09245,17.77771,17.663,17.58477,1140,301,1,23,4.24469e+18,STAR,0.000168882,3770,55234,164
1.23765e+18,157.6287699,-3.063050619,19.08342,19.17955,19.61636,19.89611,20.29655,1140,301,1,32,4.26162e+18,STAR,4.09e-05,3785,55273,327
1.23765e+18,157.7348516,-3.18880403,18.99225,18.61986,18.56356,18.52507,18.48642,1140,301,1,32,4.26161e+18,QSO,0.6953121,3785,55273,284
1.23765e+18,170.8581033,-3.263526563,17.79206,17.62252,17.4906,17.23324,17.22291,1140,301,1,120,3.67124e+17,QSO,1.768941,326,52375,292
1.23765e+18,170.8665589,-3.469394665,17.25297,16.28513,15.87637,15.70389,15.64403,1140,301,1,120,3.67123e+17,STAR,0.000338476,326,52375,289
1.23765e+18,170.8282941,-3.373201395,19.54107,18.23858,17.80428,17.57483,17.36844,1140,301,1,120,3.67122e+17,GALAXY,0.04470581,326,52375,287
1.23765e+18,170.9873972,-3.286085391,19.50301,17.60821,16.75515,16.33747,16.03454,1140,301,1,121,3.67123e+17,GALAXY,0.05176524,326,52375,291
1.23765e+18,170.98699,-3.314281073,19.48634,19.12819,18.75964,18.47638,18.70265,1140,301,1,121,3.67126e+17,QSO,1.672655,326,52375,300
1.23765e+18,171.1467527,-3.313869961,19.13305,17.67612,16.98778,16.60513,16.33717,1140,301,1,122,3.67112e+17,GALAXY,0.06762683,326,52375,249
1.23765e+18,171.1988912,-3.275374123,19.30404,18.00467,17.38741,17.00451,16.76138,1140,301,1,122,3.67112e+17,GALAXY,0.06813491,326,52375,251
1.23765e+18,171.2250949,-3.366839758,19.2262,17.31314,16.4282,16.01788,15.67733,1140,301,1,122,3.67113e+17,GALAXY,0.0678393,326,52375,254
1.23765e+18,171.328927,-3.354333401,19.25273,18.97442,18.43278,18.14254,17.83397,1140,301,1,123,3.67099e+17,QSO,0.2604114,326,52375,201
1.23765e+18,171.4915725,-3.445644328,18.98333,17.37957,16.51922,16.09945,15.7535,1140,301,1,124,3.67101e+17,GALAXY,0.08025117,326,52375,209
1.23765e+18,171.7749557,-3.364431326,19.46938,17.66992,16.7766,16.34494,15.98509,1140,301,1,126,3.67082e+17,GALAXY,0.06881012,326,52375,140
1.23765e+18,171.7934097,-3.30373558,18.73483,17.52037,16.85783,16.48073,16.23253,1140,301,1,126,3.67077e+17,GALAXY,0.09502124,326,52375,121
1.23765e+18,171.6983228,-3.331877839,18.87259,17.56687,17.12188,16.83268,16.70486,1140,301,1,126,3.67078e+17,GALAXY,0.06152002,326,52375,126
1.23765e+18,171.8696222,-3.404696446,19.11448,17.82071,17.13632,16.7581,16.51249,1140,301,1,127,3.67066e+17,GALAXY,0.1075646,326,52375,83
1.23765e+18,171.8754868,-3.297161052,19.11277,17.89125,17.20534,16.7854,16.52407,1140,301,1,127,3.6707e+17,GALAXY,0.1061009,326,52375,98
1.23765e+18,171.8657024,-3.322755807,19.32717,18.24403,17.6764,17.35705,17.16502,1140,301,1,127,3.67081e+17,GALAXY,0.1059285,326,52375,138
1.23765e+18,172.1291113,-3.457945948,18.76258,17.56187,17.00474,16.616,16.40841,1140,301,1,128,3.6707e+17,GALAXY,0.07008163,326,52375,95
1.23765e+18,172.2191541,-3.358483491,18.48856,17.84543,17.31532,16.9134,16.76337,1140,301,1,129,3.67055e+17,GALAXY,0.1977206,326,52375,42
1.23765e+18,172.4751737,-3.42201188,18.9335,17.823,17.70424,17.69035,17.74554,1140,301,1,131,3.67045e+17,STAR,0.000214676,326,52375,5
1.23765e+18,172.6098869,-3.342730235,18.98176,17.07656,16.15694,15.73972,15.41562,1140,301,1,132,3.68247e+17,GALAXY,0.07082634,327,52294,281
1.23765e+18,172.6129797,-3.363851899,19.42896,17.47099,16.42578,15.94023,15.55544,1140,301,1,132,3.68248e+17,GALAXY,0.1455766,327,52294,286
1.23765e+18,172.7663212,-3.305481922,16.34046,15.31662,15.16903,15.12703,15.15101,1140,301,1,133,3.67046e+17,STAR,0.000551332,326,52375,10
1.23765e+18,172.8336027,-3.384652571,18.15884,17.08576,16.72041,16.56449,16.51961,1140,301,1,133,3.67044e+17,STAR,6.31e-05,326,52375,3
1.23765e+18,172.912768,-3.357560695,18.61185,18.11552,18.17992,17.69347,17.1491,1140,301,1,134,3.6825e+17,STAR,1.54e-05,327,52294,295
1.23765e+18,172.9784856,-3.460359905,18.64632,17.37086,16.83551,16.48746,16.27254,1140,301,1,134,3.68248e+17,GALAXY,0.074,327,52294,287
1.23765e+18,172.9907637,-3.490195645,19.36768,16.87632,15.68107,15.10053,14.9529,1140,301,1,134,3.68247e+17,STAR,-2.23e-05,327,52294,283
1.23765e+18,173.3129787,-3.399886147,18.30352,16.0837,15.19701,14.75082,14.41379,1140,301,1,136,3.68238e+17,GALAXY,0.0515149,327,52294,249
1.23765e+18,175.9558093,-3.459567567,19.46752,16.76382,15.33176,14.52126,14.04449,1140,301,1,154,3.69297e+17,STAR,7.22e-05,328,52282,8
1.23765e+18,176.03372,-3.493712275,18.74936,17.51024,16.87632,16.49481,16.25754,1140,301,1,154,3.693e+17,GALAXY,0.1253597,328,52282,18
1.23765e+18,176.1016518,-3.332839048,19.46976,17.74362,16.95503,16.60986,16.32594,1140,301,1,155,3.69301e+17,GALAXY,0.05759645,328,52282,20
1.23765e+18,176.1402613,-3.351338055,19.35204,17.48185,16.4097,15.92843,15.5369,1140,301,1,155,3.69296e+17,GALAXY,0.1604318,328,52282,3
1.23765e+18,176.2253938,-3.473353172,18.88682,17.6912,17.15458,16.85178,16.70044,1140,301,1,156,3.69297e+17,GALAXY,0.1201363,328,52282,6
1.23765e+18,176.3717165,-3.518446135,17.22597,15.51365,14.78131,14.44321,14.23284,1140,301,1,157,3.70501e+17,GALAXY,0.02868776,329,52056,291
1.23765e+18,172.783136,-1.683276765,18.05133,16.8611,16.88256,16.93881,17.00519,1140,301,5,133,3.64006e+18,STAR,-5.58e-05,3233,54891,75
1.23765e+18,172.8178398,-1.741435437,17.74806,16.48055,15.94341,15.70463,15.58713,1140,301,5,133,3.64004e+18,STAR,0.000265777,3233,54891,10
1.23765e+18,172.8303196,-1.791709183,18.26784,16.84362,16.24136,15.98464,15.85752,1140,301,5,133,3.64004e+18,STAR,0.000295355,3233,54891,11
1.23765e+18,172.8311783,-1.804717043,18.61722,17.69875,17.44114,17.3381,17.32906,1140,301,5,133,3.68277e+17,STAR,0.000253936,327,52294,393
1.23765e+18,172.7819226,-1.643288536,19.58516,18.45758,18.01453,17.87597,17.78935,1140,301,5,133,3.64005e+18,STAR,0.000265901,3233,54891,65
1.23765e+18,172.7834203,-1.641640718,18.53264,17.4039,16.78535,16.39504,16.19352,1140,301,5,133,3.68263e+17,GALAXY,0.1345099,327,52294,340
1.23765e+18,173.051192,-1.787488418,19.3196,17.851,17.2069,16.9614,16.8729,1140,301,5,134,3.64004e+18,STAR,0.000493151,3233,54891,6
1.23765e+18,173.0612608,-1.738395034,17.11175,15.98277,15.49316,15.1722,14.95604,1140,301,5,135,3.68273e+17,GALAXY,0.04016173,327,52294,376
1.23765e+18,173.2028929,-1.641783745,19.11312,17.71806,17.13669,16.8037,16.56639,1140,301,5,135,3.68285e+17,GALAXY,0.04841786,327,52294,420
1.23765e+18,173.3694525,-1.68334438,18.7279,17.51216,16.74543,16.32708,16.06653,1140,301,5,137,3.68293e+17,GALAXY,0.1199825,327,52294,451
1.23765e+18,173.707852,-1.767093015,19.39478,18.54582,18.27974,18.1781,18.1609,1140,301,5,139,4.2663e+18,STAR,3.79e-05,3789,55269,976
1.23765e+18,173.9495789,-1.763155873,18.70123,17.59513,17.15579,16.88433,16.67588,1140,301,5,140,3.69387e+17,GALAXY,0.04690041,328,52282,335
1.23765e+18,174.0167211,-1.61613661,18.23269,17.78101,17.95517,18.14896,18.40291,1140,301,5,141,3.68316e+17,STAR,-3.15e-05,327,52294,535
1.23765e+18,174.2313789,-1.749087257,17.69562,15.87965,14.98915,14.56555,14.23308,1140,301,5,142,3.68327e+17,GALAXY,0.04722658,327,52294,573
1.23765e+18,176.9253003,-1.818726182,18.76779,17.15489,16.23763,15.76042,15.47223,1140,301,5,160,3.70559e+17,GALAXY,0.1361194,329,52056,500
1.23765e+18,177.0757832,-1.639930373,17.16046,16.40167,16.20655,16.13379,16.02602,1140,301,5,161,3.70567e+17,GALAXY,0.01303372,329,52056,529
1.23765e+18,177.0246986,-1.688688958,18.71334,16.78367,15.82769,15.39686,15.04011,1140,301,5,161,3.70568e+17,GALAXY,0.09404437,329,52056,535
1.23765e+18,177.3063477,-1.791243794,18.41791,17.93481,17.99456,18.05502,18.2236,1140,301,5,163,4.26738e+18,STAR,6.42e-05,3790,55208,812
1.23765e+18,177.3080229,-1.748300399,16.99149,16.74239,16.92904,16.80003,16.65242,1140,301,5,163,3.7058e+17,QSO,0.4580766,329,52056,577
1.23765e+18,177.3871927,-1.805036797,19.38854,18.08538,17.32344,16.91171,16.63923,1140,301,5,163,3.71656e+17,GALAXY,0.1026273,330,52370,398
1.23765e+18,177.3934668,-1.654380517,19.49603,17.64023,16.60899,16.1613,15.84189,1140,301,5,163,3.71638e+17,GALAXY,0.1752374,330,52370,332
1.23765e+18,177.5137069,-1.762241909,18.57041,17.4939,17.40493,17.42101,17.46346,1140,301,5,164,3.71665e+17,STAR,0.001026802,330,52370,430
1.23765e+18,177.544876,-1.65759937,19.06193,19.28431,19.74297,20.08317,20.15862,1140,301,5,164,3.71638e+17,STAR,0.000479017,330,52370,331
1.23765e+18,177.8951856,-1.75731522,18.82195,17.81522,17.51081,17.42396,17.41526,1140,301,5,167,3.71651e+17,STAR,0.000425251,330,52370,379
1.23765e+18,177.897608,-1.711617977,18.37473,17.14955,16.67244,16.51527,16.44128,1140,301,5,167,3.7165e+17,STAR,-2.22e-05,330,52370,373
1.23765e+18,177.9765824,-1.706718169,19.2042,18.23631,17.96889,17.88608,17.87332,1140,301,5,167,3.7165e+17,STAR,0.000803834,330,52370,375
1.23765e+18,178.0386918,-1.657932986,17.98206,16.70619,16.13503,15.76027,15.54178,1140,301,5,168,3.71649e+17,GALAXY,0.08042609,330,52370,371
1.23765e+18,178.2754619,-1.737703892,18.11432,17.86804,17.59747,17.51021,17.46274,1140,301,5,169,3.7166e+17,QSO,1.096609,330,52370,411
1.23765e+18,178.1551429,-1.850651214,17.91132,16.46561,15.75976,15.40771,15.14663,1140,301,5,169,3.71675e+17,GALAXY,0.08283509,330,52370,466
1.23765e+18,178.1880119,-1.683734154,18.30242,17.01468,16.389,16.02728,15.80999,1140,301,5,169,3.71658e+17,GALAXY,0.08044478,330,52370,404
1.23765e+18,178.1907422,-1.649446945,19.01426,17.92207,17.49654,17.30766,17.18764,1140,301,5,169,3.71658e+17,GALAXY,0.01936841,330,52370,403
1.23765e+18,178.4183643,-1.703605409,18.81551,17.6622,17.08861,16.70016,16.51951,1140,301,5,170,3.7167e+17,GALAXY,0.08665946,330,52370,447
1.23765e+18,178.4283791,-1.659877671,17.47716,16.55855,16.17856,16.03989,15.95338,1140,301,5,170,3.71669e+17,GALAXY,0.01096165,330,52370,442
1.23765e+18,178.5930756,-1.667854956,19.39356,17.8871,16.98359,16.57105,16.27382,1140,301,5,171,3.71671e+17,GALAXY,0.1470969,330,52370,450
1.23765e+18,178.9441685,-1.734813583,19.09143,17.55236,16.79034,16.3859,16.11512,1140,301,5,174,3.71706e+17,GALAXY,0.08149192,330,52370,578
1.23765e+18,179.0609673,-1.826131614,19.43657,18.10828,17.31147,16.85291,16.55647,1140,301,5,175,3.71709e+17,GALAXY,0.1387746,330,52370,590
1.23765e+18,179.6944175,-1.649986084,19.35156,18.14662,17.49783,17.11463,16.86742,1140,301,5,179,3.72777e+17,GALAXY,0.1203124,331,52368,377
1.23765e+18,179.8183327,-1.764586106,18.84475,18.79129,18.72314,18.59892,18.48004,1140,301,5,180,3.72791e+17,QSO,1.935249,331,52368,430
1.23765e+18,179.8750407,-1.849091843,18.30811,17.27847,16.88896,16.69743,16.50977,1140,301,5,180,3.72791e+17,GALAXY,0.02099169,331,52368,429
1.23765e+18,179.7983591,-1.707059678,17.58636,16.55747,16.23842,16.09514,15.98957,1140,301,5,180,3.72777e+17,GALAXY,0.02034181,331,52368,380
1.23765e+18,179.9898831,-1.799873098,19.05516,18.12507,17.25924,16.80843,16.53476,1140,301,5,181,3.72801e+17,GALAXY,0.1655919,331,52368,466
1.23765e+18,180.126761,-1.743609825,19.17388,17.05795,16.09366,15.70743,15.48167,1140,301,5,182,3.7281e+17,STAR,0.000274847,331,52368,498
1.23765e+18,180.4662063,-1.780419404,19.28953,18.38808,18.04671,17.93077,17.86568,1140,301,5,184,4.25167e+18,STAR,0.000469988,3776,55209,980
1.23765e+18,180.5426601,-1.791499953,18.22401,16.74256,16.00038,15.60463,15.34808,1140,301,5,184,3.72813e+17,GALAXY,0.08110612,331,52368,509
1.23765e+18,180.6647195,-1.743185063,17.89628,16.64495,16.52841,16.51063,16.50106,1140,301,5,185,3.72823e+17,STAR,-0.000181477,331,52368,545
1.23765e+18,180.5510137,-1.675324488,19.57907,17.72984,16.65834,16.22477,15.84225,1140,301,5,185,3.7282e+17,GALAXY,0.1317227,331,52368,534
1.23765e+18,180.6920494,-1.792405729,17.48069,16.31429,15.79191,15.50007,15.23702,1140,301,5,185,3.72822e+17,GALAXY,0.01951499,331,52368,542
1.23765e+18,180.7030853,-1.860758746,19.00663,18.1631,17.84767,17.72697,17.68175,1140,301,5,186,4.2514e+18,STAR,0.000630643,3776,55209,16
1.23765e+18,180.7191045,-1.791132952,18.56146,18.12127,18.18184,18.04131,17.98077,1140,301,5,186,3.72823e+17,QSO,0.5293682,331,52368,547
1.23765e+18,172.1864551,-1.410851021,18.54084,17.65672,17.47372,17.22299,17.17359,1231,301,6,20,3.67191e+17,GALAXY,0.04709617,326,52375,536
1.23765e+18,172.219196,-1.432956994,17.79977,16.86789,16.442,16.25792,16.18291,1231,301,6,20,3.64008e+18,STAR,0.000400477,3233,54891,150
1.23765e+18,172.3249508,-1.475900626,18.61393,17.7091,17.44997,17.35994,17.31031,1231,301,6,20,3.64008e+18,STAR,-0.000469992,3233,54891,153
1.23765e+18,172.2744763,-1.461094307,19.32381,17.91317,17.16472,16.71639,16.3787,1231,301,6,20,3.67201e+17,GALAXY,0.04079395,326,52375,572
1.23765e+18,172.4700016,-1.524545819,18.43048,18.10085,18.20938,18.10883,18.02799,1231,301,6,21,3.67201e+17,QSO,0.4841043,326,52375,574
1.23765e+18,172.4188438,-1.574203407,18.67459,17.18927,16.48333,16.1002,15.80209,1231,301,6,21,3.67201e+17,GALAXY,0.07617781,326,52375,573
1.23765e+18,172.4245845,-1.425577101,19.0271,17.82631,17.27368,16.93803,16.72711,1231,301,6,21,3.67201e+17,GALAXY,0.1096643,326,52375,575
1.23765e+18,172.4639493,-1.585660459,19.44713,18.19561,17.73817,17.56126,17.46642,1231,301,6,21,3.64006e+18,STAR,-4.38e-05,3233,54891,107
1.23765e+18,172.5437038,-1.448076709,18.64636,17.0614,16.23485,15.7856,15.45177,1231,301,6,22,3.67212e+17,GALAXY,0.1188189,326,52375,613
1.23765e+18,172.6027586,-1.48574428,19.33723,18.15194,17.71805,17.55709,17.48781,1231,301,6,22,3.64006e+18,STAR,0.000264008,3233,54891,106
1.23765e+18,172.719577,-1.494138989,17.36894,16.1088,15.55785,15.195,14.96661,1231,301,6,23,3.6826e+17,GALAXY,0.07273643,327,52294,331
1.23765e+18,172.6485772,-1.550980122,17.85248,16.69362,16.23265,15.94208,15.75667,1231,301,6,23,3.67213e+17,GALAXY,0.04547205,326,52375,616
1.23765e+18,172.709145,-1.392830135,19.02051,16.61911,15.5597,15.17315,14.93177,1231,301,6,23,3.64005e+18,STAR,-0.000111337,3233,54891,69
1.23765e+18,172.874831,-1.450302667,18.5166,17.21872,16.72875,16.529,16.40907,1231,301,6,24,3.64005e+18,STAR,3.01e-05,3233,54891,68
1.23765e+18,172.9053284,-1.539105392,19.31536,18.42067,18.18626,18.0906,18.07058,1231,301,6,24,3.64005e+18,STAR,-0.000154097,3233,54891,64
1.23765e+18,173.0353636,-1.582396143,19.10457,17.01288,16.16867,15.89955,15.74116,1231,301,6,25,3.64005e+18,STAR,-2.81e-05,3233,54891,72
1.23765e+18,173.042823,-1.572933582,18.89038,16.89807,15.92845,15.51794,15.16256,1231,301,6,25,3.67213e+17,GALAXY,0.1050896,326,52375,618
1.23765e+18,173.0814896,-1.597502799,18.6121,17.48766,17.01395,16.83196,16.70801,1231,301,6,26,3.64004e+18,STAR,0.000588902,3233,54891,27
1.23765e+18,173.1116682,-1.45612222,17.4716,16.22979,15.68379,15.43765,15.30415,1231,301,6,26,3.64004e+18,STAR,0.000623205,3233,54891,29
1.23765e+18,173.1804282,-1.433021196,16.97148,15.0429,14.24237,13.86089,13.57504,1231,301,6,26,3.68281e+17,GALAXY,0.02251607,327,52294,405
1.23765e+18,173.1499611,-1.544202614,19.4645,17.9907,17.2306,16.75517,16.43048,1231,301,6,26,3.68271e+17,GALAXY,0.09831185,327,52294,371
1.23765e+18,173.1494375,-1.480154709,19.11413,18.84591,19.00795,18.7938,18.56417,1231,301,6,26,3.68274e+17,QSO,0.4417119,327,52294,380
1.23765e+18,173.1654389,-1.528458328,19.4603,18.10255,17.41504,17.0259,16.79302,1231,301,6,26,3.68273e+17,GALAXY,0.09894927,327,52294,379
1.23765e+18,173.2643911,-1.56539881,18.69967,17.26867,16.69967,16.4661,16.31876,1231,301,6,27,3.64004e+18,STAR,-7.57e-05,3233,54891,28
1.23765e+18,173.330747,-1.55735901,18.92532,17.2759,16.56983,16.26022,16.08938,1231,301,6,27,3.64004e+18,STAR,0.001007884,3233,54891,30
1.23765e+18,173.3578333,-1.474740978,17.35156,17.37521,17.60592,17.79112,17.96544,1231,301,6,27,4.32356e+18,QSO,5.353854,3840,55574,365
1.23765e+18,173.2277328,-1.54834,19.33002,18.13719,17.68511,17.51366,17.44962,1231,301,6,27,3.64004e+18,STAR,0.000211744,3233,54891,23
1.23765e+18,173.2592705,-1.399209972,18.97758,17.21286,16.36994,15.97347,15.63579,1231,301,6,27,3.6828e+17,GALAXY,0.04581381,327,52294,402
1.23765e+18,173.2867457,-1.534329207,18.39532,16.91397,16.212,15.79586,15.47902,1231,301,6,27,3.68283e+17,GALAXY,0.1048209,327,52294,415
1.23765e+18,173.2865404,-1.606027582,18.87242,16.95665,16.10472,15.68979,15.35696,1231,301,6,27,3.68282e+17,GALAXY,0.04819063,327,52294,411
1.23765e+18,173.2933625,-1.488158423,19.07352,17.73726,17.0364,16.63553,16.32989,1231,301,6,27,3.6828e+17,GALAXY,0.1047505,327,52294,401
1.23765e+18,173.4825013,-1.487160005,18.89399,18.68869,18.26657,18.21346,18.14151,1231,301,6,28,3.68294e+17,QSO,1.247183,327,52294,454
1.23765e+18,173.5388053,-1.595121297,16.52193,14.98601,14.27342,13.87628,13.54209,1231,301,6,29,3.68296e+17,GALAXY,0.02256087,327,52294,460
1.23765e+18,173.5596323,-1.478579432,18.24284,18.15827,18.06104,17.9475,17.99436,1231,301,6,29,3.68294e+17,QSO,1.463029,327,52294,453
1.23765e+18,173.6443141,-1.569011797,19.12612,17.82159,17.26213,16.94112,16.68918,1231,301,6,29,3.68294e+17,GALAXY,0.0785966,327,52294,452
1.23765e+18,174.0650633,-1.461900568,17.66965,17.51254,17.32617,17.35011,17.36935,1231,301,6,32,3.68317e+17,QSO,1.063375,327,52294,539
1.23765e+18,174.0446808,-1.417562163,18.32671,16.16752,15.23627,14.75338,14.36474,1231,301,6,32,3.68314e+17,GALAXY,0.06060966,327,52294,528
1.23765e+18,174.1658246,-1.421282988,17.84885,16.65841,16.48163,16.42451,16.40577,1231,301,6,33,3.69386e+17,STAR,-0.000125291,328,52282,330
1.23765e+18,177.0251747,-1.559870567,19.47156,17.57081,16.52497,16.0741,15.68966,1231,301,6,52,3.70566e+17,GALAXY,0.09506837,329,52056,527
1.23765e+18,177.025285,-1.597973818,19.07168,18.23935,17.76678,17.45317,17.31018,1231,301,6,52,3.7057e+17,GALAXY,0.08300301,329,52056,540
1.23765e+18,177.0884013,-1.49376861,18.61849,17.10977,16.35032,15.93062,15.63245,1231,301,6,52,3.70568e+17,GALAXY,0.08074035,329,52056,536
1.23765e+18,177.1690911,-1.458198919,17.40519,16.26758,15.82431,15.67296,15.59058,1231,301,6,53,3.70578e+17,STAR,-0.000243505,329,52056,572
1.23765e+18,177.2153579,-1.436864429,17.36671,17.38061,17.43997,17.60815,17.81599,1231,301,6,53,3.7058e+17,STAR,0.000208264,329,52056,578
1.23765e+18,177.2414887,-1.526600684,18.43111,16.74035,15.77073,15.32002,14.94337,1231,301,6,53,3.70575e+17,GALAXY,0.1361276,329,52056,561
1.23765e+18,177.285956,-1.533245223,17.15532,16.13017,15.76155,15.63292,15.58141,1231,301,6,54,3.71635e+17,STAR,0.000660997,330,52370,321
1.23765e+18,177.3027863,-1.523337003,17.17432,16.2472,15.93214,15.81811,15.77167,1231,301,6,54,3.71639e+17,STAR,0.000473442,330,52370,335
1.23765e+18,177.4014426,-1.455494891,16.2455,14.51892,13.74011,13.33729,13.01315,1231,301,6,54,3.71637e+17,GALAXY,0.01872137,330,52370,328
1.23765e+18,177.3000814,-1.559555031,19.2656,18.09533,17.47165,17.0591,16.83575,1231,301,6,54,3.70578e+17,GALAXY,0.081371,329,52056,569
1.23765e+18,177.3189666,-1.536412076,19.22,18.08172,17.49395,17.14316,16.86585,1231,301,6,54,3.70577e+17,GALAXY,0.08241754,329,52056,568
1.23765e+18,242.4447877,0.686897563,18.60534,17.00078,16.29432,15.92028,15.63158,745,301,5,559,3.88551e+17,GALAXY,0.04282607,345,51690,420
1.23765e+18,242.5048317,0.710336213,18.44284,17.16216,16.64804,16.27957,16.11415,745,301,5,560,3.88562e+17,STAR,-0.000107033,345,51690,459
1.23765e+18,242.5503392,0.783708744,17.43624,15.68831,14.47856,14.11447,13.73141,745,301,5,560,3.88561e+17,GALAXY,0.04329774,345,51690,456
1.23765e+18,242.536768,0.769702212,18.21291,16.30792,15.27647,14.85475,14.50216,745,301,5,560,3.88558e+17,GALAXY,0.04191988,345,51690,444
1.23765e+18,242.5689829,0.750119582,19.05989,17.49459,16.59285,16.09412,15.70741,745,301,5,560,3.88558e+17,GALAXY,0.04427702,345,51690,447
1.23765e+18,242.5945642,0.728287787,19.45567,18.33084,17.67185,17.30189,17.1365,745,301,5,560,3.88582e+17,GALAXY,0.04164413,345,51690,533
1.23765e+18,242.6852719,0.780703554,18.27065,18.08745,18.08966,18.2218,18.37045,745,301,5,561,3.88582e+17,QSO,0.3965296,345,51690,532
1.23765e+18,242.6735258,0.645629408,18.9449,17.45382,16.71061,16.26543,15.9486,745,301,5,561,3.88573e+17,GALAXY,0.07331888,345,51690,501
1.23765e+18,242.9683097,0.81999199,18.26457,16.76603,16.19773,15.99331,15.9072,745,301,5,563,3.88594e+17,STAR,-4.16e-05,345,51690,575
1.23765e+18,243.0857586,0.804879167,18.84868,16.86433,15.90334,15.4289,15.08823,745,301,5,563,3.88605e+17,GALAXY,0.05781441,345,51690,616
1.23765e+18,243.1924385,0.806319256,19.4388,18.36549,17.84352,17.62595,17.5445,745,301,5,564,3.89653e+17,STAR,0.000293758,346,51693,332
1.23765e+18,243.2938474,0.768198884,19.37425,17.76414,17.10439,16.85696,16.711,745,301,5,565,3.89668e+17,STAR,1.42e-05,346,51693,388
1.23765e+18,243.3675927,0.784211134,17.88025,17.73751,18.04885,18.32398,18.52942,745,301,5,565,3.88605e+17,STAR,-0.000522736,345,51690,615
1.23765e+18,243.3677063,0.818553093,19.03113,17.93515,17.49739,17.15799,16.99095,745,301,5,565,3.88602e+17,GALAXY,0.08187652,345,51690,604
1.23765e+18,243.3796754,0.813519806,19.34175,18.33376,17.95975,17.67543,17.54168,745,301,5,565,3.89653e+17,GALAXY,0.08204021,346,51693,335
1.23765e+18,243.3925091,0.756450995,19.20547,18.21573,17.73127,17.42313,17.32267,745,301,5,565,3.89667e+17,GALAXY,0.08218662,346,51693,386
1.23765e+18,243.5057221,0.755535923,18.44517,17.24542,17.10835,17.09101,17.13442,745,301,5,566,3.88603e+17,STAR,-0.00038769,345,51690,611
1.23765e+18,243.5407053,0.810366967,18.62963,16.91113,16.2183,15.97996,15.83835,745,301,5,566,3.88604e+17,STAR,-0.000103409,345,51690,613
1.23765e+18,243.5700358,0.794614155,18.73878,17.51475,17.05004,16.84725,16.77919,745,301,5,567,3.88604e+17,STAR,-5.15e-05,345,51690,612
1.23765e+18,243.6373838,0.821686397,16.62952,14.88339,14.55241,14.57238,15.26632,745,301,5,567,3.89664e+17,GALAXY,0.006617586,346,51693,375
1.23765e+18,243.7624397,0.827786501,17.24598,15.93616,15.44045,15.25684,15.18487,745,301,5,568,3.89662e+17,STAR,4.48e-05,346,51693,367
1.23765e+18,243.8006274,0.813460092,18.98141,17.65929,17.21067,17.04889,17.00209,745,301,5,568,3.89661e+17,STAR,-7.84e-05,346,51693,362
1.23765e+18,243.8283275,0.772318375,19.16411,17.27371,16.31466,15.78471,15.44008,745,301,5,568,3.89677e+17,GALAXY,0.08283905,346,51693,422
1.23765e+18,243.8546972,0.823366895,18.71818,17.39557,16.87677,16.71544,16.62775,745,301,5,569,3.89663e+17,STAR,-6.68e-05,346,51693,371
1.23765e+18,243.9588054,0.834842905,19.3035,17.90728,17.25062,16.8549,16.58678,745,301,5,569,3.89675e+17,GALAXY,0.05615441,346,51693,412
1.23765e+18,244.030204,0.83301634,18.81831,17.68695,17.54415,17.54516,17.60621,745,301,5,570,3.89676e+17,STAR,0.000203122,346,51693,417
1.23765e+18,244.1587961,0.814586038,18.31649,17.11621,16.60212,16.44939,16.3838,745,301,5,571,3.89685e+17,STAR,-0.000350948,346,51693,451
1.23765e+18,244.3577214,0.758055684,18.17672,17.0105,16.41779,16.03847,15.84439,745,301,5,572,3.89698e+17,GALAXY,0.08418034,346,51693,498
1.23765e+18,244.4103591,0.814791354,18.87921,17.12427,16.25532,15.85055,15.55597,745,301,5,572,3.89688e+17,GALAXY,0.03191336,346,51693,460
1.23765e+18,244.572953,0.750200145,18.95872,17.04945,16.16656,15.71334,15.41194,745,301,5,573,3.89699e+17,GALAXY,0.04842826,346,51693,501
1.23765e+18,244.682392,0.794944111,18.89983,17.45141,16.81735,16.60699,16.46253,745,301,5,574,3.89707e+17,STAR,-3.65e-05,346,51693,531
1.23765e+18,244.7468446,0.787076542,19.08604,17.34755,16.35862,15.84222,15.47503,745,301,5,574,3.89719e+17,GALAXY,0.08456031,346,51693,573
1.23765e+18,244.9816659,0.798870436,18.97039,18.81752,18.68532,18.60291,18.3335,745,301,5,576,3.8972e+17,QSO,2.084146,346,51693,577
1.23765e+18,244.9951123,0.776329878,19.09687,17.18067,16.23233,15.81135,15.496,745,301,5,576,3.8971e+17,GALAXY,0.074072,346,51693,541
1.23765e+18,245.5775593,0.765601367,18.84787,17.41474,16.51413,16.05776,15.70811,745,301,5,580,3.89732e+17,GALAXY,0.1420054,346,51693,622
1.23765e+18,245.6700027,0.790872233,18.70322,17.30088,16.70496,16.46745,16.38712,745,301,5,581,4.09916e+17,STAR,5.32e-06,364,52000,323
1.23765e+18,245.8628982,0.826486583,19.13682,17.68731,16.95025,16.58156,16.33688,745,301,5,582,4.09928e+17,GALAXY,0.05630004,364,52000,364
1.23765e+18,245.974003,0.788606679,19.06604,17.85081,17.83905,17.89394,17.98171,745,301,5,583,4.0993e+17,STAR,0.000176935,364,52000,374
1.23765e+18,246.048479,0.762534061,18.53855,17.51425,17.0577,16.845,16.74737,745,301,5,583,4.09941e+17,STAR,0.000191019,364,52000,412
1.23765e+18,246.0040685,0.79091928,17.58181,15.61991,14.68611,14.25259,13.94145,745,301,5,583,4.0994e+17,GALAXY,0.05743192,364,52000,409
1.23765e+18,246.0956441,0.822249692,18.46074,16.66113,15.76071,15.28354,14.91325,745,301,5,583,4.09941e+17,GALAXY,0.06000083,364,52000,411
1.23765e+18,246.0963027,0.79141387,19.13946,17.60407,16.78533,16.33308,16.03743,745,301,5,583,4.09938e+17,GALAXY,0.05803312,364,52000,402
1.23765e+18,246.1094721,0.745755217,18.39451,16.47142,15.70623,15.46408,15.3714,745,301,5,584,4.09943e+17,STAR,-5.96e-05,364,52000,420
1.23765e+18,246.1684185,0.815666681,17.70825,15.98851,15.15354,14.72,14.4314,745,301,5,584,4.09942e+17,GALAXY,0.05713774,364,52000,418
1.23765e+18,246.1635974,0.78291729,19.08575,17.05986,16.13237,15.6801,15.35666,745,301,5,584,4.09942e+17,GALAXY,0.05639601,364,52000,416
1.23765e+18,246.2132561,0.735962869,19.28121,17.80231,17.05345,16.64937,16.41799,745,301,5,584,4.09954e+17,GALAXY,0.0566049,364,52000,461
1.23765e+18,246.3014083,0.758088452,18.81735,16.93849,16.17615,15.91337,15.77534,745,301,5,585,4.09953e+17,STAR,-0.00018149,364,52000,455
1.23765e+18,246.3083504,0.835130972,19.47644,18.14374,17.63197,17.43212,17.36191,745,301,5,585,4.09954e+17,STAR,7.92e-05,364,52000,459
1.23765e+18,247.3291313,0.764335171,17.95299,17.60602,17.66679,17.76185,17.91382,745,301,5,592,4.09996e+17,STAR,-8.91e-05,364,52000,611
1.23765e+18,173.5195719,-0.557342346,16.2971,14.81484,14.24055,14.02802,13.94047,756,301,2,385,3.22239e+18,STAR,0.000173466,2862,54471,232
1.23765e+18,173.5481015,-0.529011975,18.88037,17.8245,17.32858,17.12408,17.02691,756,301,2,386,3.22239e+18,STAR,0.000373918,2862,54471,228
1.23765e+18,173.5677765,-0.518067449,18.07876,17.10173,16.73598,16.59955,16.56311,756,301,2,386,3.22238e+18,STAR,3.26e-05,2862,54471,198
1.23765e+18,173.573276,-0.518472742,19.49648,19.36368,19.29852,19.11845,19.08193,756,301,2,386,3.17569e+17,QSO,1.537378,282,51658,238
1.23765e+18,173.6251838,-0.582770765,17.06594,15.61958,15.08671,14.87506,14.80705,756,301,2,386,3.22238e+18,STAR,0.000608602,2862,54471,181
1.23765e+18,173.5567728,-0.50157464,18.9136,17.10846,16.25669,15.83728,15.51905,756,301,2,386,3.17568e+17,GALAXY,0.05013565,282,51658,232
1.23765e+18,173.5809372,-0.501011498,19.52957,18.23156,17.68363,17.46576,17.36223,756,301,2,386,3.22238e+18,STAR,0.000540614,2862,54471,199
1.23765e+18,173.7438997,-0.513867292,16.83441,15.743,15.36877,15.23022,15.21796,756,301,2,387,3.23927e+18,STAR,0.000114152,2877,54523,186
1.23765e+18,173.7654008,-0.535072418,18.43336,17.52066,17.24332,17.15038,17.1537,756,301,2,387,3.22238e+18,STAR,0.000235061,2862,54471,189
1.23765e+18,173.8068056,-0.538432829,19.56189,17.4649,16.48211,16.05812,15.74042,756,301,2,387,3.17556e+17,GALAXY,0.1169803,282,51658,189
1.23765e+18,173.8209275,-0.4375358,19.16727,17.56956,16.90893,16.6181,16.41321,756,301,2,387,3.23926e+18,STAR,0.000469543,2877,54523,170
1.23765e+18,173.8252644,-0.515007937,18.05097,16.65961,16.11712,15.91125,15.831,756,301,2,387,3.22238e+18,STAR,-0.000119784,2862,54471,194
1.23765e+18,173.8038342,-0.518539432,19.27036,17.98295,17.36082,16.90668,16.7362,756,301,2,387,3.17556e+17,GALAXY,0.1178732,282,51658,191
1.23765e+18,173.8456672,-0.499321498,17.78737,17.7185,17.66201,17.79523,17.77892,756,301,2,388,3.17557e+17,QSO,0.9559311,282,51658,195
1.23765e+18,173.8539635,-0.587494339,16.1282,15.10459,14.84691,14.75963,14.76869,756,301,2,388,3.22238e+18,STAR,-0.000114217,2862,54471,182
1.23765e+18,173.9061914,-0.590918881,16.85591,15.50474,15.01576,14.82596,14.76052,756,301,2,388,3.22236e+18,STAR,-7.12e-05,2862,54471,138
1.23765e+18,173.9460404,-0.57553818,17.24667,16.28888,16.17485,16.15465,16.18725,756,301,2,388,3.17551e+17,STAR,-0.000270583,282,51658,172
1.23765e+18,173.9556255,-0.520630585,18.56201,17.35259,17.2698,17.25536,17.26768,756,301,2,388,3.17552e+17,STAR,-0.000145903,282,51658,174
1.23765e+18,173.8874909,-0.457946008,18.93319,17.69432,17.09057,16.70038,16.45228,756,301,2,388,3.17548e+17,GALAXY,0.1172562,282,51658,161
1.23765e+18,173.8984362,-0.584933913,19.24955,17.82026,17.09176,16.68767,16.41749,756,301,2,388,3.1755e+17,GALAXY,0.1322715,282,51658,167
1.23765e+18,173.9519002,-0.494861488,19.0535,17.68436,16.94936,16.5463,16.24973,756,301,2,388,3.17551e+17,GALAXY,0.131236,282,51658,170
1.23765e+18,174.0275376,-0.623627591,18.49874,17.27433,16.73376,16.51028,16.39857,756,301,2,389,3.23926e+18,STAR,0.000418422,2877,54523,169
1.23765e+18,174.0608878,-0.487317889,18.31554,16.56946,15.83237,15.57311,15.43454,756,301,2,389,3.22237e+18,STAR,9.56e-05,2862,54471,175
1.23765e+18,174.0690392,-0.445230703,19.30972,19.17633,19.16252,19.01689,19.03368,756,301,2,389,3.17545e+17,QSO,1.762747,282,51658,149
1.23765e+18,174.0966742,-0.467427187,18.50917,17.07857,16.56434,16.37294,16.31656,756,301,2,389,3.23926e+18,STAR,-3.27e-05,2877,54523,159
1.23765e+18,174.0973184,-0.491253925,18.94712,17.66603,17.17448,17.00892,16.94103,756,301,2,389,3.22237e+18,STAR,-0.000172818,2862,54471,149
1.23765e+18,174.0473666,-0.426649176,19.28034,17.86634,17.313,17.13656,17.0249,756,301,2,389,3.23926e+18,STAR,-0.00023121,2877,54523,178
1.23765e+18,174.1000397,-0.496824071,18.24392,17.51327,17.39641,17.39218,17.28584,756,301,2,389,3.17546e+17,GALAXY,0.02222205,282,51658,155
1.23765e+18,174.1525085,-0.430640124,18.95976,17.55397,17.04547,16.84261,16.72227,756,301,2,390,3.22237e+18,STAR,0.000125223,2862,54471,155
1.23765e+18,174.1589573,-0.616069302,18.59269,17.2929,17.24131,17.28722,17.31858,756,301,2,390,3.22235e+18,STAR,0.001075957,2862,54471,96
1.23765e+18,174.1798255,-0.621780529,18.33385,17.36562,17.04563,16.95265,16.90674,756,301,2,390,3.22235e+18,STAR,0.000175308,2862,54471,88
1.23765e+18,174.2569646,-0.511968894,19.3538,18.19168,17.66841,17.42919,17.28167,756,301,2,390,3.17548e+17,GALAXY,0.01951809,282,51658,159
1.23765e+18,174.3179267,-0.594340035,18.9327,17.39704,16.84076,16.65503,16.55764,756,301,2,391,3.22235e+18,STAR,9.85e-05,2862,54471,86
1.23765e+18,174.3290088,-0.444670293,18.72406,17.80938,17.50574,17.40177,17.36613,756,301,2,391,4.25044e+18,STAR,0.000507713,3775,55207,626
1.23765e+18,174.4098822,-0.456018469,18.34218,17.93483,17.90515,17.96661,18.05898,756,301,2,391,4.32347e+18,STAR,2.89e-05,3840,55574,55
1.23765e+18,174.4269703,-0.463444224,16.80526,15.20734,14.54357,14.27106,14.13765,756,301,2,391,3.22236e+18,STAR,-9.69e-05,2862,54471,108
1.23765e+18,174.3914401,-0.515578113,17.62754,16.49851,16.00549,15.76211,15.53191,756,301,2,391,3.17532e+17,GALAXY,0.02885398,282,51658,101
1.23765e+18,174.4697628,-0.625060994,17.80816,16.03825,15.31923,15.01771,14.85582,756,301,2,392,3.22234e+18,STAR,0.000262887,2862,54471,55
1.23765e+18,174.4881587,-0.533451429,17.96335,17.06923,17.38323,17.61638,17.7736,756,301,2,392,3.22236e+18,STAR,0.000193189,2862,54471,119
1.23765e+18,174.5027636,-0.590902972,18.82256,17.54849,17.00208,16.80315,16.69971,756,301,2,392,3.22234e+18,STAR,0.000108195,2862,54471,52
1.23765e+18,174.5053765,-0.45930096,17.54478,16.18463,15.62703,15.40031,15.28169,756,301,2,392,3.22235e+18,STAR,0.000302888,2862,54471,103
1.23765e+18,174.5669627,-0.588317829,19.02533,18.13636,17.8949,17.82123,17.83702,756,301,2,392,4.25046e+18,STAR,0.000272898,3775,55207,666
1.23765e+18,174.4512752,-0.454074966,19.55079,19.32128,19.63857,19.93312,20.10682,756,301,2,392,3.23925e+18,STAR,2.72e-05,2877,54523,115
1.23765e+18,174.5842339,-0.555315241,19.02954,17.86847,17.29619,16.96779,16.71966,756,301,2,392,3.17535e+17,GALAXY,0.09811176,282,51658,112
1.23765e+18,174.6004772,-0.50801299,18.1742,17.2801,17.01092,16.91299,16.89594,756,301,2,393,3.22236e+18,STAR,0.000456497,2862,54471,107
1.23765e+18,174.9131453,-0.563080194,18.70442,17.80157,17.53409,17.4362,17.44367,756,301,2,395,3.18716e+17,STAR,-0.000225356,283,51959,314
1.23765e+18,174.9394063,-0.505799025,19.11644,18.02476,17.63075,17.5036,17.44214,756,301,2,395,3.22234e+18,STAR,6.12e-05,2862,54471,61
1.23765e+18,175.0355318,-0.555267099,15.25992,14.29575,14.01216,13.91116,13.90923,756,301,2,395,3.22234e+18,STAR,0.000642506,2862,54471,36
1.23765e+18,174.9978912,-0.503298924,18.80964,17.13866,16.24706,15.78013,15.40857,756,301,2,395,3.17511e+17,GALAXY,0.09938055,282,51658,28
1.23765e+18,175.0781198,-0.507735096,17.97376,16.78267,16.84327,16.9308,17.02354,756,301,2,396,3.22233e+18,STAR,0.000590016,2862,54471,28
1.23765e+18,123.6958511,45.28469958,18.5526,17.56321,17.25354,17.13342,17.07845,1331,301,3,132,7.19802e+18,STAR,0.000393861,6393,56341,498
1.23765e+18,123.8489283,45.58449702,18.04751,17.429,17.303,17.30478,17.1536,1331,301,3,134,4.94439e+17,GALAXY,0.01980769,439,51877,613
1.23765e+18,124.0583813,45.49855468,18.07788,17.09215,16.81169,16.69974,16.67989,1331,301,3,134,4.96594e+17,STAR,-0.000165198,441,51868,261
1.23765e+18,123.8609748,45.59222549,17.73457,16.17806,15.38403,14.95163,14.60848,1331,301,3,134,4.15693e+18,GALAXY,0.05100301,3692,55186,374
1.23765e+18,123.9607572,45.65407917,17.20725,15.92716,15.25616,14.85844,14.54973,1331,301,3,135,4.9444e+17,GALAXY,0.04346082,439,51877,617
1.23765e+18,123.8734744,45.63421826,18.4752,16.52666,15.609,15.16604,14.79463,1331,301,3,135,4.96595e+17,GALAXY,0.05053199,441,51868,266
1.23765e+18,124.1205909,45.6377537,17.36265,16.12182,15.51242,15.19369,14.9036,1331,301,3,135,4.96583e+17,GALAXY,0.02262215,441,51868,224
1.23765e+18,124.0832458,45.65990457,19.59766,17.74148,16.9412,16.55404,16.24345,1331,301,3,135,4.94437e+17,GALAXY,0.05100178,439,51877,609
1.23765e+18,124.0684678,45.60452321,19.02389,17.71133,17.18929,16.89419,16.77807,1331,301,3,135,4.96594e+17,GALAXY,0.04091563,441,51868,264
1.23765e+18,124.1734945,45.69111478,18.8392,18.82294,18.70927,18.48145,18.22635,1331,301,3,136,4.96585e+17,QSO,2.080434,441,51868,229
1.23765e+18,124.0603095,45.77653008,19.58543,18.16455,17.50932,17.15542,16.9341,1331,301,3,136,4.94436e+17,GALAXY,0.04934679,439,51877,604
1.23765e+18,124.1456336,45.72947393,19.19278,17.57736,16.81005,16.45755,16.15824,1331,301,3,136,4.96586e+17,GALAXY,0.04960963,441,51868,235
1.23765e+18,124.0924276,45.79100042,17.99664,16.0913,15.17758,14.74718,14.40172,1331,301,3,136,4.96595e+17,GALAXY,0.04923384,441,51868,265
1.23765e+18,124.4544566,45.85124459,19.25826,18.03808,17.29307,16.89153,16.60556,1331,301,3,137,4.96577e+17,GALAXY,0.1277604,441,51868,200
1.23765e+18,124.2905887,45.81352763,18.5413,16.62492,15.70921,15.2762,14.93121,1331,301,3,137,4.96586e+17,GALAXY,0.04871643,441,51868,232
1.23765e+18,124.4711822,45.8888824,19.31533,19.18906,19.43599,18.76358,18.76679,1331,301,3,138,4.96575e+17,QSO,1.742025,441,51868,193
1.23765e+18,124.8712175,46.24610694,18.91255,17.52884,16.94025,16.68981,16.5877,1331,301,3,141,3.57369e+18,STAR,-0.000542704,3174,54821,289
1.23765e+18,124.8320399,46.26392208,19.5449,19.43319,19.13635,19.11885,19.0901,1331,301,3,141,4.96558e+17,QSO,1.337986,441,51868,130
1.23765e+18,124.7407039,46.35626759,18.64538,17.15191,16.24571,15.80499,15.49078,1331,301,3,141,4.96562e+17,GALAXY,0.1308565,441,51868,146
1.23765e+18,124.6959703,46.38737787,18.07697,16.22489,15.31988,14.88827,14.54615,1331,301,3,141,4.96562e+17,GALAXY,0.0401362,441,51868,147
1.23765e+18,124.6996826,46.30735063,18.9468,17.85083,17.41611,17.15208,17.17708,1331,301,3,141,4.96561e+17,GALAXY,0.04461406,441,51868,142
1.23765e+18,124.9616709,46.37689693,18.805,17.80597,17.44525,17.2958,17.25875,1331,301,3,142,8.25085e+18,STAR,-0.000497612,7328,56715,926
1.23765e+18,125.0659665,46.53445329,19.44576,18.11452,17.44366,17.17007,17.00983,1331,301,3,143,3.57367e+18,STAR,0.000441603,3174,54821,247
1.23765e+18,125.1105609,46.67165257,18.89251,17.70587,17.84359,18.13009,18.14377,1331,301,3,144,3.57368e+18,STAR,9.53e-05,3174,54821,253
1.23765e+18,125.236399,46.68185188,19.15057,17.76373,17.21418,17.02535,16.95736,1331,301,3,144,3.57367e+18,STAR,2.3e-05,3174,54821,235
1.23765e+18,125.3216491,46.67636414,19.57968,18.56102,18.1417,17.97454,17.87187,1331,301,3,144,3.57366e+18,STAR,0.000909901,3174,54821,197
1.23765e+18,125.2920284,46.83287686,19.08168,17.70807,17.11116,16.88236,16.7477,1331,301,3,145,3.57366e+18,STAR,-0.000123209,3174,54821,187
1.23765e+18,125.2811938,46.84876386,17.52786,15.6941,14.87651,14.47114,14.17232,1331,301,3,145,4.96545e+17,GALAXY,0.03949735,441,51868,83
1.23765e+18,125.3137716,46.87842036,19.48467,18.26664,17.82403,17.66244,17.59313,1331,301,3,145,3.57366e+18,STAR,-0.000113865,3174,54821,199
1.23765e+18,125.3424315,46.74373358,17.74195,15.9341,15.10887,14.71539,14.39093,1331,301,3,145,4.96548e+17,GALAXY,0.03972657,441,51868,94
1.23765e+18,125.5242449,46.82482399,19.11782,17.6334,17.02727,16.77362,16.65559,1331,301,3,146,3.57366e+18,STAR,3.44e-05,3174,54821,186
1.23765e+18,125.4894345,46.86776243,19.31041,19.35717,19.29778,19.0118,18.93588,1331,301,3,146,4.96549e+17,QSO,1.821379,441,51868,98
1.23765e+18,125.4776726,46.89137496,19.12442,18.09915,17.70551,17.51263,17.33805,1331,301,3,146,4.96547e+17,GALAXY,0.03074882,441,51868,93
1.23765e+18,125.5688041,46.8770535,18.39159,17.35121,16.9745,16.73693,16.5976,1331,301,3,146,4.96536e+17,GALAXY,0.04823808,441,51868,52
1.23765e+18,125.4673305,46.98537076,19.06175,17.55503,16.79458,16.41239,16.15061,1331,301,3,146,4.96547e+17,GALAXY,0.07447974,441,51868,91
1.23765e+18,125.4584962,47.0162439,18.66543,16.77487,15.83514,15.3827,15.03788,1331,301,3,146,4.96653e+17,GALAXY,0.07475908,441,51868,477
1.23765e+18,125.4949211,46.99699173,19.37159,17.52712,16.43342,15.96926,15.61076,1331,301,3,146,4.96549e+17,GALAXY,0.128603,441,51868,97
1.23765e+18,125.5397577,47.09804542,18.42575,17.20061,15.68563,15.13198,14.84811,1331,301,3,147,4.96651e+17,GALAXY,0.1270814,441,51868,470
1.23765e+18,125.6744273,47.02252509,18.73013,17.42995,16.91049,16.71862,16.65471,1331,301,3,147,3.57365e+18,STAR,-0.000111988,3174,54821,170
1.23765e+18,125.5906557,47.12581779,19.5573,17.44972,16.31828,15.84094,15.43763,1331,301,3,147,4.96649e+17,GALAXY,0.1285712,441,51868,462
1.23765e+18,125.5780166,47.05943037,18.99327,17.9514,17.40668,17.00448,16.81535,1331,301,3,147,4.96654e+17,GALAXY,0.121696,441,51868,479
1.23765e+18,125.6853106,47.00586641,19.55511,18.35696,17.65127,17.25676,16.9383,1331,301,3,147,4.96538e+17,GALAXY,0.1292215,441,51868,58
1.23765e+18,125.546674,47.11693095,18.19025,17.20442,16.69336,16.35231,16.15252,1331,301,3,147,4.96654e+17,GALAXY,0.1174899,441,51868,480
1.23765e+18,125.6799493,46.96143966,18.97361,17.84156,17.11879,16.75324,16.50554,1331,301,3,147,4.96534e+17,GALAXY,0.1274093,441,51868,44
1.23765e+18,125.7269795,47.11523858,19.37082,17.97408,17.23037,16.82133,16.50867,1331,301,3,148,4.96657e+17,GALAXY,0.1240993,441,51868,493
1.23765e+18,125.7801702,47.09251912,17.34312,16.36889,16.01099,15.84342,15.72716,1331,301,3,148,4.96657e+17,GALAXY,0.01396442,441,51868,492
1.23765e+18,125.8266013,47.08217433,19.37826,17.65435,16.58707,16.09363,15.69139,1331,301,3,148,4.96659e+17,GALAXY,0.1263345,441,51868,500
1.23765e+18,125.6864356,47.22319915,18.54596,17.41572,16.91175,16.62492,16.43013,1331,301,3,148,4.96655e+17,GALAXY,0.04996745,441,51868,485
1.23765e+18,125.843396,47.35054244,19.2194,18.2317,17.90355,17.7762,17.68336,1331,301,3,149,3.57374e+18,STAR,-0.000142779,3174,54821,475
1.23765e+18,199.4018878,-0.449970547,19.30237,18.19586,17.80101,17.62092,17.5352,1334,301,2,18,8.39471e+18,STAR,7.5e-05,7456,56727,3
1.23765e+18,199.4429069,-0.432285785,18.47473,17.54871,17.13749,16.99105,16.9345,1334,301,2,19,3.72341e+18,STAR,0.000417845,3307,54970,228
1.23765e+18,199.5276192,-0.550068956,17.14609,15.91915,15.90433,15.92541,15.9782,1334,301,2,19,3.72341e+18,STAR,0.000105109,3307,54970,230
1.23765e+18,199.5981344,-0.529519351,17.62429,15.62594,14.59168,14.16435,13.78257,1334,301,2,20,3.3334e+17,GALAXY,0.1117509,296,51984,268
1.23765e+18,199.57392,-0.574759417,19.34645,17.70446,16.82531,16.34877,15.97455,1334,301,2,20,3.33342e+17,GALAXY,0.1172763,296,51984,275
1.23765e+18,199.8400959,-0.427114933,17.45894,16.38873,16.08696,16.01102,16.01406,1334,301,2,21,3.7234e+18,STAR,1.53e-05,3307,54970,190
1.23765e+18,199.7532067,-0.510694714,19.45393,18.51145,18.18137,18.03087,18.02434,1334,301,2,21,3.7234e+18,STAR,-7.91e-05,3307,54970,184
1.23765e+18,199.8736181,-0.518172136,18.65537,17.68763,17.29859,17.13676,17.05535,1334,301,2,22,3.7234e+18,STAR,-0.000343249,3307,54970,185
1.23765e+18,199.9448179,-0.594371238,17.97817,16.33184,15.66448,15.37155,15.2364,1334,301,2,22,3.7234e+18,STAR,2.81e-05,3307,54970,189
1.23765e+18,199.9798699,-0.473946734,18.02753,17.11021,16.84598,16.7443,16.71808,1334,301,2,22,4.50811e+18,STAR,3.14e-05,4004,55321,26
1.23765e+18,199.8735646,-0.532117664,19.37613,18.35946,18.07193,17.99271,17.91131,1334,301,2,22,4.50812e+18,STAR,0.001445086,4004,55321,72
1.23765e+18,199.9889123,-0.618828506,19.07133,18.00956,17.58011,17.40458,17.31411,1334,301,2,22,3.7234e+18,STAR,0.000388172,3307,54970,166
1.23765e+18,200.0844967,-0.574503761,18.36596,18.32712,18.31242,18.30492,17.66498,1334,301,2,23,3.33316e+17,QSO,0.3531173,296,51984,182
1.23765e+18,200.0379488,-0.43622077,19.5807,18.41002,17.64611,17.24664,17.01435,1334,301,2,23,3.33319e+17,GALAXY,0.2022766,296,51984,193
1.23765e+18,200.1342439,-0.544130386,19.33069,18.37825,18.09724,18.0022,17.93321,1334,301,2,23,3.7234e+18,STAR,0.000477739,3307,54970,162
1.23765e+18,200.2171932,-0.584682407,19.08087,17.21888,16.31244,15.89343,15.55708,1334,301,2,24,3.33314e+17,GALAXY,0.08458884,296,51984,172
1.23765e+18,200.4466136,-0.522703241,18.58761,17.33316,16.79688,16.59032,16.49205,1334,301,2,25,3.72339e+18,STAR,0.000199519,3307,54970,147
1.23765e+18,200.3494594,-0.542207765,19.09937,17.15811,16.18805,15.75667,15.4014,1334,301,2,25,3.33305e+17,GALAXY,0.0843116,296,51984,142
1.23765e+18,200.4100217,-0.513540342,19.27941,18.12787,17.56557,17.19571,17.01256,1334,301,2,25,3.33309e+17,GALAXY,0.08326374,296,51984,155
1.23765e+18,200.410321,-0.559512311,19.58456,18.20946,17.43676,16.99669,16.73144,1334,301,2,25,3.33305e+17,GALAXY,0.1097003,296,51984,141
1.23765e+18,200.4505356,-0.588026701,19.3053,19.10749,18.7838,18.8658,18.89821,1334,301,2,25,3.33296e+17,QSO,1.15296,296,51984,106
1.23765e+18,200.4582148,-0.518839022,19.49894,18.48414,17.69089,17.25861,16.95366,1334,301,2,25,3.33295e+17,GALAXY,0.1744049,296,51984,103
1.23765e+18,200.5250184,-0.434966707,18.38628,17.49198,17.2472,17.12787,17.10554,1334,301,2,26,4.56003e+18,STAR,0.000384319,4050,55599,480
1.23765e+18,198.2376766,-0.063785725,18.12452,16.31704,15.51723,15.17978,14.98545,1334,301,3,11,3.29443e+18,STAR,0.000427509,2926,54625,160
1.23765e+18,198.2631556,0.000843695,19.10824,18.06115,17.99554,18.03827,18.00772,1334,301,3,11,8.39477e+18,STAR,2.04e-05,7456,56727,233
1.23765e+18,198.3342728,-0.083610011,17.67441,16.42336,16.53885,16.64167,16.72885,1334,301,3,11,8.39477e+18,STAR,0.000607748,7456,56727,235
1.23765e+18,198.3552798,-0.044145266,16.51499,15.5841,15.28914,15.15953,15.15055,1334,301,3,11,3.26628e+18,STAR,-3.32e-05,2901,54652,157
1.23765e+18,198.354211,-0.075474436,18.7688,17.30682,16.60254,16.19267,15.91498,1334,301,3,11,3.32272e+17,GALAXY,0.0815141,295,51985,480
1.23765e+18,198.3884411,-0.171246231,18.6179,17.30248,16.77766,16.57226,16.47098,1334,301,3,12,8.39476e+18,STAR,-0.000200088,7456,56727,200
1.23765e+18,198.4405252,-0.040450026,18.57737,17.7409,17.5173,17.42682,17.41181,1334,301,3,12,8.39476e+18,STAR,0.000410128,7456,56727,197
1.23765e+18,198.4485987,-0.045576424,16.67869,15.43595,14.88064,14.5347,14.27716,1334,301,3,12,3.32279e+17,GALAXY,0.03931212,295,51985,503
1.23765e+18,198.4282649,-0.069847232,18.81391,17.82067,17.53774,17.32107,17.14507,1334,301,3,12,3.32271e+17,GALAXY,0.03863989,295,51985,475
1.23765e+18,198.4158002,-0.028781628,19.59169,18.34681,17.86221,17.54617,17.41132,1334,301,3,12,3.32269e+17,GALAXY,0.05310849,295,51985,468
1.23765e+18,198.5722209,-0.114249998,18.184,16.79685,16.30171,16.12655,16.06459,1334,301,3,13,8.39475e+18,STAR,-0.000182889,7456,56727,160
1.23765e+18,198.6186633,-0.061938239,19.00134,18.88837,18.50714,18.34313,18.35395,1334,301,3,13,3.32277e+17,QSO,1.48851,295,51985,496
1.23765e+18,198.5821389,-0.097380467,19.24834,17.95248,17.21645,16.77058,16.48146,1334,301,3,13,3.32276e+17,GALAXY,0.1388983,295,51985,494
1.23765e+18,198.6258451,-0.075403772,19.21963,17.74095,17.06189,16.77546,16.61614,1334,301,3,13,8.39475e+18,STAR,0.000493578,7456,56727,156
1.23765e+18,198.6829093,-0.040681566,16.94647,15.81222,15.35341,15.12914,15.01752,1334,301,3,14,3.26627e+18,STAR,0.000829892,2901,54652,113
1.23765e+18,198.7280421,-0.109002199,18.18125,16.78056,16.28858,16.09899,16.03168,1334,301,3,14,8.39475e+18,STAR,-7.59e-05,7456,56727,154
1.23765e+18,198.8713357,-0.138961767,18.77386,16.62151,15.77868,15.48986,15.33802,1334,301,3,15,8.39474e+18,STAR,9.01e-05,7456,56727,113
1.23765e+18,198.8714695,-0.002356891,17.73402,15.68315,14.84182,14.5272,14.3513,1334,301,3,15,3.2664e+18,STAR,-0.00036889,2901,54652,596
1.23765e+18,198.9186944,-0.109334436,19.00219,18.92958,18.83856,18.69984,18.51274,1334,301,3,15,3.3228e+17,QSO,2.103424,295,51985,506
1.23765e+18,199.0257878,-0.040484705,19.13297,17.83768,17.31411,17.0825,16.9641,1334,301,3,16,8.39473e+18,STAR,-0.000416482,7456,56727,78
1.23765e+18,199.0612022,-0.00306798,17.44707,16.57227,16.30028,16.17768,16.16547,1334,301,3,16,8.39473e+18,STAR,0.000193535,7456,56727,80
1.23765e+18,199.0793909,-0.19610599,18.19843,17.1981,17.17317,17.19987,17.26523,1334,301,3,16,8.39473e+18,STAR,0.000434688,7456,56727,70
1.23765e+18,199.0522223,-0.0397051,18.72368,17.5705,17.09126,16.7844,16.68943,1334,301,3,16,3.32293e+17,GALAXY,0.08167136,295,51985,554
1.23765e+18,199.1386045,-0.127411496,18.81968,16.65277,15.80363,15.48862,15.31809,1334,301,3,17,8.39472e+18,STAR,-2.57e-05,7456,56727,40
1.23765e+18,199.1474228,-0.018141896,16.01878,14.5582,14.07521,13.91574,13.8602,1334,301,3,17,3.26641e+18,STAR,6.11e-06,2901,54652,639
1.23765e+18,199.1508962,-0.020722869,19.41201,17.96328,17.34471,16.99178,16.88602,1334,301,3,17,3.3229e+17,GALAXY,0.08615641,295,51985,543
1.23765e+18,199.1588877,-0.035468036,18.73286,16.511,15.62262,15.33618,15.14684,1334,301,3,17,3.29439e+18,STAR,-9.91e-05,2926,54625,40
1.23765e+18,32.16309212,12.74683048,19.05539,17.56363,16.77053,16.31963,16.02228,1035,301,2,174,4.81959e+17,GALAXY,0.06018763,428,51883,268
1.23765e+18,32.45840764,12.68302806,18.80562,17.14987,16.34809,15.9096,15.61003,1035,301,2,176,4.81945e+17,GALAXY,0.0411674,428,51883,217
1.23765e+18,32.47901714,12.72786928,19.01087,17.49261,16.79461,16.39318,16.08998,1035,301,2,176,4.81941e+17,GALAXY,0.03506736,428,51883,202
1.23765e+18,32.49494654,12.69745911,19.51462,18.29128,17.77036,17.47828,17.25996,1035,301,2,176,4.81945e+17,GALAXY,0.03526132,428,51883,218
1.23765e+18,32.61953541,12.72194144,17.03382,16.85053,17.19475,17.4581,17.735,1035,301,2,177,4.81923e+17,STAR,-0.000131049,428,51883,138
1.23765e+18,32.51815084,12.68538489,18.55715,17.37181,16.763,16.48265,16.19575,1035,301,2,177,4.81944e+17,GALAXY,0.03535912,428,51883,213
1.23765e+18,32.94182817,12.57092332,18.88436,17.59245,17.05766,16.84271,16.73079,1035,301,2,179,4.81912e+17,STAR,-0.000221323,428,51883,98
1.23765e+18,33.44616998,12.46867672,18.21032,16.81498,16.24186,15.99113,15.88788,1035,301,2,183,4.81887e+17,STAR,-0.000263021,428,51883,5
1.23765e+18,33.59870892,12.4539259,17.10954,15.68237,14.91308,14.6506,14.74705,1035,301,2,184,4.81888e+17,STAR,-0.000140693,428,51883,12
1.23765e+18,33.65871672,12.39092448,19.52857,17.96831,17.18061,16.71733,16.4081,1035,301,2,184,4.81889e+17,GALAXY,0.06187386,428,51883,14
1.23765e+18,8.235100497,14.70400839,17.26167,16.06334,15.51514,15.2914,15.16316,1035,301,3,18,3.60068e+18,STAR,-0.00080775,3198,54865,191
1.23765e+18,8.386869414,14.67606691,18.85336,16.43006,15.39468,15.02118,14.84089,1035,301,3,19,3.5275e+18,STAR,5.29e-06,3133,54789,186
1.23765e+18,8.245963351,14.75413215,19.34468,18.11067,17.45512,17.20413,17.05286,1035,301,3,19,3.52751e+18,STAR,-0.000746793,3133,54789,225
1.23765e+18,8.29136717,14.74507033,19.39727,17.57718,16.6491,16.19209,15.85183,1035,301,3,19,4.70712e+17,GALAXY,0.06686563,418,51817,311
1.23765e+18,8.487886222,14.73236657,17.74624,16.51055,16.09492,15.94568,15.88939,1035,301,3,20,3.5275e+18,STAR,3.47e-05,3133,54789,187
1.23765e+18,8.522119265,14.75827022,19.55901,17.25613,16.27664,15.84366,15.59612,1035,301,3,20,3.5275e+18,STAR,-0.000245379,3133,54789,191
1.23765e+18,8.713508173,14.56490335,17.26609,16.10838,15.52613,15.32628,15.24541,1035,301,3,22,3.60067e+18,STAR,-4.35e-05,3198,54865,170
1.23765e+18,8.737776675,14.72134995,18.07051,16.75344,16.16783,15.86571,15.75323,1035,301,3,22,3.52749e+18,STAR,-0.00078828,3133,54789,167
1.23765e+18,8.795772265,14.69189453,17.04731,15.79801,15.41468,15.27155,15.23032,1035,301,3,22,3.52749e+18,STAR,0.000118912,3133,54789,166
1.23765e+18,8.804344769,14.6676892,18.91789,17.70713,17.14779,16.90547,16.7999,1035,301,3,22,3.52749e+18,STAR,-0.000825326,3133,54789,176
1.23765e+18,8.835123355,14.55359817,17.70034,16.04513,15.35423,15.09235,14.97185,1035,301,3,22,3.52749e+18,STAR,-0.000367528,3133,54789,161
1.23765e+18,8.714522209,14.65585209,19.25032,17.5774,16.87017,16.59156,16.43165,1035,301,3,22,3.52749e+18,STAR,-0.000343864,3133,54789,168
1.23765e+18,8.80167452,14.63391632,19.54212,17.26167,16.29366,15.89299,15.66486,1035,301,3,22,3.52749e+18,STAR,-0.000100874,3133,54789,169
1.23765e+18,8.807221144,14.65196387,19.16796,17.75319,17.13016,16.69152,16.40786,1035,301,3,22,4.707e+17,GALAXY,0.06640679,418,51817,267
1.23765e+18,8.941921246,14.70813222,19.22797,16.56167,15.32283,14.84933,14.57656,1035,301,3,23,3.52749e+18,STAR,-5.49e-05,3133,54789,180
1.23765e+18,9.087475966,14.63653377,18.46241,17.2116,16.71811,16.53997,16.43639,1035,301,3,24,3.60067e+18,STAR,-0.000106088,3198,54865,149
1.23765e+18,9.127329741,14.6217818,18.98202,17.67807,17.142,16.84185,16.62899,1035,301,3,24,4.70692e+17,GALAXY,0.0386847,418,51817,239
1.23765e+18,9.023606992,14.63951557,19.39439,18.30448,17.86522,17.5576,17.40186,1035,301,3,24,4.70689e+17,GALAXY,0.06011127,418,51817,228
1.23765e+18,9.177216316,14.64282759,19.24807,18.18678,17.7456,17.5264,17.45342,1035,301,3,25,3.52749e+18,STAR,-0.000264959,3133,54789,148
1.23765e+18,9.24018528,14.75259303,17.50993,16.05006,15.38701,15.04312,14.84625,1035,301,3,25,3.52748e+18,STAR,-0.000806953,3133,54789,145
1.23765e+18,9.385773238,14.5454496,19.23637,17.95636,17.55495,17.24081,17.06234,1035,301,3,26,4.7068e+17,GALAXY,0.05772847,418,51817,195
1.23765e+18,9.443442666,14.75309893,18.68452,17.18333,16.56904,16.36165,16.23983,1035,301,3,26,3.60066e+18,STAR,2.51e-05,3198,54865,114
1.23765e+18,9.414984182,14.73850124,19.38152,18.08061,17.53046,17.20614,16.959,1035,301,3,26,4.70672e+17,GALAXY,0.05706924,418,51817,166
1.23765e+18,9.439415413,14.71162074,17.93841,16.4276,15.59975,15.15329,14.79319,1035,301,3,26,4.7067e+17,GALAXY,0.05762551,418,51817,161
1.23765e+18,9.554596829,14.68627445,18.91347,17.30614,16.66622,16.40362,16.24748,1035,301,3,27,3.52747e+18,STAR,-0.000114941,3133,54789,104
1.23765e+18,9.613562071,14.74343076,18.92139,16.91716,16.09552,15.78119,15.57905,1035,301,3,27,3.52748e+18,STAR,5.47e-06,3133,54789,117
1.23765e+18,9.493158559,14.54726676,17.7225,16.14352,15.34638,14.93011,14.62265,1035,301,3,27,4.70672e+17,GALAXY,0.03884552,418,51817,167
1.23765e+18,9.528810575,14.74887674,18.51045,17.31685,16.68982,16.37094,16.08023,1035,301,3,27,4.70674e+17,GALAXY,0.03056231,418,51817,174
1.23765e+18,9.56149605,14.60837574,19.29494,17.45081,16.64178,16.29493,16.09866,1035,301,3,27,3.52747e+18,STAR,-0.000244044,3133,54789,109
1.23765e+18,9.564777266,14.57997949,19.1119,17.91884,17.42213,17.08791,16.82879,1035,301,3,27,4.70671e+17,GALAXY,0.05755843,418,51817,163
1.23765e+18,9.746686864,14.58201303,18.1965,16.31228,15.40458,15.02038,14.76812,1035,301,3,28,3.5264e+18,STAR,-7.28e-05,3132,54746,306
1.23765e+18,9.770619274,14.60656628,18.36364,17.16473,16.57054,16.33119,16.21484,1035,301,3,28,3.52746e+18,STAR,-0.000271395,3133,54789,69
1.23765e+18,9.778640461,14.65398685,18.91811,17.15232,16.34853,16.03192,15.82382,1035,301,3,28,3.5264e+18,STAR,-0.000133545,3132,54746,305
1.23765e+18,9.648340781,14.64201263,19.24605,17.84551,17.21791,16.9981,16.88025,1035,301,3,28,3.52748e+18,STAR,-4.27e-05,3133,54789,118
1.23765e+18,9.873180711,14.5972603,17.41409,16.21284,15.6347,15.36904,15.24987,1035,301,3,29,3.52747e+18,STAR,-0.000373717,3133,54789,76
1.23765e+18,9.892568855,14.56549647,18.13528,16.73824,16.12452,15.85963,15.75466,1035,301,3,29,3.52747e+18,STAR,-0.000243325,3133,54789,78
1.23765e+18,9.83853623,14.66320131,19.50824,19.26822,18.97677,18.80564,18.73013,1035,301,3,29,3.52641e+18,QSO,1.36394,3132,54746,315
1.23765e+18,9.842083755,14.73312039,19.31026,16.84996,15.76845,15.38002,15.15088,1035,301,3,29,2.13479e+18,STAR,-0.000128779,1896,53242,319
1.23765e+18,9.886534597,14.63084956,19.37943,17.94113,17.30919,17.046,16.933,1035,301,3,29,3.52746e+18,STAR,-0.000165487,3133,54789,66
1.23765e+18,9.909660553,14.66423257,17.84887,16.22591,15.27037,14.77012,14.28236,1035,301,3,29,4.70669e+17,GALAXY,0.01742386,418,51817,155
1.23765e+18,237.1712211,0.594075581,19.30535,18.37953,18.00707,17.86801,17.80169,752,301,5,625,4.56554e+18,STAR,0.000358395,4055,55359,41
1.23765e+18,237.255042,0.512396457,16.98948,15.8681,15.33698,15.0175,14.84769,752,301,5,626,3.852e+17,GALAXY,0.03063598,342,51691,516
1.23765e+18,237.2401788,0.519480371,19.32592,17.66084,16.86217,16.48857,16.21466,752,301,5,626,3.85199e+17,GALAXY,0.03264903,342,51691,512
1.23765e+18,237.3991136,0.426894173,18.72488,16.92029,16.0438,15.62332,15.30782,752,301,5,627,3.8521e+17,GALAXY,0.03341673,342,51691,552
1.23765e+18,237.600715,0.569188557,17.58859,15.92053,15.06511,14.57927,14.27138,752,301,5,628,3.85219e+17,GALAXY,0.05483134,342,51691,585
1.23765e+18,237.6197361,0.63366117,19.14988,16.9245,15.93947,15.57331,15.35312,752,301,5,628,3.85219e+17,STAR,-0.000109016,342,51691,586
1.23765e+18,238.0936267,0.470581184,17.19531,16.08797,16.27899,16.44347,16.52064,752,301,5,631,3.8523e+17,STAR,-0.000533346,342,51691,626
1.23765e+18,238.0939421,0.623476471,18.11851,18.24129,18.62442,18.93454,19.17716,752,301,5,631,3.85234e+17,STAR,-6.62e-05,342,51691,640
1.23765e+18,238.1288976,0.546570928,18.91729,17.03743,16.13777,15.71413,15.39045,752,301,5,632,3.85232e+17,GALAXY,0.05497772,342,51691,632
1.23765e+18,238.2604799,0.477883425,16.17474,15.59182,15.41703,15.35907,15.34584,752,301,5,633,3.86289e+17,STAR,-5.45e-05,343,51692,382
1.23765e+18,238.3728172,0.488823123,19.09257,18.57911,18.60943,18.46318,18.22142,752,301,5,633,3.86299e+17,QSO,2.271902,343,51692,421
1.23765e+18,238.2939994,0.538788523,19.53678,18.35116,17.38003,16.95048,16.67303,752,301,5,633,3.85232e+17,GALAXY,0.09175392,342,51691,635
1.23765e+18,238.3715793,0.605227864,19.56245,18.32137,17.79488,17.49718,17.36943,752,301,5,633,3.86286e+17,GALAXY,0.02900963,343,51692,372
1.23765e+18,238.3777123,0.627410647,19.4855,17.89375,17.04729,16.60708,16.29674,752,301,5,633,3.86286e+17,GALAXY,0.0930891,343,51692,371
1.23765e+18,238.3843984,0.447055644,19.31629,18.25347,17.81726,17.46791,17.37375,752,301,5,633,3.863e+17,GALAXY,0.09229128,343,51692,422
1.23765e+18,238.468363,0.503358681,18.46799,17.26704,17.35311,17.44367,17.47856,752,301,5,634,3.86303e+17,STAR,0.001013879,343,51692,434
1.23765e+18,238.4070221,0.634335486,19.4845,17.48037,16.44723,15.96986,15.58179,752,301,5,634,3.86283e+17,GALAXY,0.09357972,343,51692,362
1.23765e+18,238.4944727,0.448091264,19.29612,18.0885,17.42183,17.00655,16.7499,752,301,5,634,3.86301e+17,GALAXY,0.1023726,343,51692,425
1.23765e+18,238.6724045,0.547606635,18.5504,17.03277,16.21196,15.76987,15.46327,752,301,5,635,3.86311e+17,GALAXY,0.08833686,343,51692,464
1.23765e+18,238.7084519,0.604706613,19.47799,18.24564,17.60332,17.25908,17.03263,752,301,5,636,3.86298e+17,GALAXY,0.1289627,343,51692,415
1.23765e+18,238.7633455,0.634602335,19.21083,17.70127,16.97828,16.55249,16.25293,752,301,5,636,3.86297e+17,GALAXY,0.04998655,343,51692,412
1.23765e+18,238.8903759,0.602049418,19.53435,19.4037,19.27769,18.94239,18.88254,752,301,5,637,3.86308e+17,QSO,1.776274,343,51692,451
1.23765e+18,238.9153756,0.523812468,19.25296,17.69734,16.85436,16.44438,16.15274,752,301,5,637,3.86313e+17,GALAXY,0.0887135,343,51692,470
1.23765e+18,238.9723569,0.570007422,17.96136,16.664,16.01865,15.6576,15.38778,752,301,5,637,3.8631e+17,GALAXY,0.0505862,343,51692,461
1.23765e+18,238.9765066,0.594879706,18.07987,17.41075,17.29989,17.06695,17.24568,752,301,5,637,3.8631e+17,GALAXY,0.05054493,343,51692,458
1.23765e+18,239.1075819,0.473195346,17.67575,16.08173,15.2382,14.76,14.39873,752,301,5,638,3.86317e+17,GALAXY,0.03263752,343,51692,486
1.23765e+18,239.1432317,0.484740845,19.46223,18.2708,17.61752,17.17998,16.94209,752,301,5,638,3.86323e+17,GALAXY,0.1074836,343,51692,505
1.23765e+18,239.2215776,0.428052949,19.57633,17.57911,16.52567,16.05646,15.64862,752,301,5,639,3.86324e+17,GALAXY,0.10788,343,51692,510
1.23765e+18,239.441434,0.503710631,19.51096,18.20534,17.51417,17.13262,16.91783,752,301,5,640,3.86323e+17,GALAXY,0.08824875,343,51692,506
1.23765e+18,239.681463,0.439566732,16.53711,15.13727,15.13947,15.20476,15.21731,752,301,5,642,3.87406e+17,STAR,-0.000493125,344,51693,350
1.23765e+18,239.811132,0.454477913,19.58505,17.89399,17.09303,16.72567,16.49519,752,301,5,643,3.87404e+17,GALAXY,0.03242368,344,51693,344
1.23765e+18,239.9990732,0.494064444,18.42104,16.73798,15.87089,15.40188,15.06705,752,301,5,644,3.86346e+17,GALAXY,0.07799973,343,51692,590
1.23765e+18,240.1367644,0.49859355,16.97662,15.0439,14.17983,13.76494,13.44083,752,301,5,645,3.86356e+17,GALAXY,0.03556547,343,51692,626
1.23765e+18,240.1087031,0.476131588,19.23521,17.7391,16.98909,16.5953,16.37304,752,301,5,645,3.86345e+17,GALAXY,0.1240053,343,51692,587
1.23765e+18,240.1787519,0.618951943,19.22935,18.27755,17.8217,17.40073,17.25359,752,301,5,645,3.86349e+17,GALAXY,0.07785824,343,51692,601
1.23765e+18,240.3377736,0.45626586,18.27956,17.08162,16.54968,16.26847,16.08992,752,301,5,646,3.86354e+17,GALAXY,0.03276656,343,51692,621
1.23765e+18,240.2544688,0.488167257,18.52731,16.44403,15.44405,14.98565,14.60152,752,301,5,646,3.87416e+17,GALAXY,0.07773775,344,51693,388
1.23765e+18,240.5679425,0.561711493,19.39541,17.3649,16.27467,15.73435,15.32291,752,301,5,648,3.87415e+17,GALAXY,0.0778772,344,51693,383
1.23765e+18,240.671166,0.595632062,18.55308,17.26698,16.57493,16.11415,15.81653,752,301,5,649,3.87417e+17,GALAXY,0.05792281,344,51693,390
1.23765e+18,240.8260995,0.555554648,19.29778,18.97801,18.54162,18.38514,18.28092,752,301,5,650,3.87429e+17,QSO,1.225831,344,51693,435
1.23765e+18,241.2310092,0.501402546,18.86597,18.69286,17.74234,17.33482,18.94158,752,301,5,652,3.8853e+17,QSO,1.084949,345,51690,342
1.23765e+18,241.3046095,0.476067192,19.08834,19.64128,18.30864,17.77046,17.63048,752,301,5,653,3.87443e+17,STAR,-9.79e-05,344,51693,485
1.23765e+18,241.381051,0.458161455,18.12134,18.20246,17.39365,16.69621,17.62685,752,301,5,653,3.8745e+17,STAR,0.001577579,344,51693,509
1.23765e+18,241.3958185,0.466057225,18.95801,18.51384,17.70532,16.91748,17.69627,752,301,5,654,3.87449e+17,GALAXY,0.663604,344,51693,506
1.23765e+18,241.5194069,0.512583016,18.98631,17.53444,16.79633,16.35649,16.04873,752,301,5,654,3.88542e+17,GALAXY,0.04841565,345,51690,388
1.23765e+18,241.6240346,0.583184063,19.25489,18.13605,17.67407,17.32889,17.12176,752,301,5,655,3.87474e+17,GALAXY,0.06284235,344,51693,597
1.23765e+18,241.7083485,0.48120796,18.63511,17.11253,16.34124,15.86483,15.55646,752,301,5,656,3.87472e+17,GALAXY,0.062571,344,51693,592
1.23765e+18,241.8924388,0.512585244,18.87433,17.65798,17.21503,16.80726,16.64352,752,301,5,657,3.88556e+17,GALAXY,0.05854832,345,51690,438
1.23765e+18,242.1546805,0.537433417,19.42585,17.54927,16.59876,16.12551,15.76067,752,301,5,659,3.88552e+17,GALAXY,0.05814764,345,51690,425
1.23765e+18,136.533874,55.95815721,16.43054,15.19474,15.22174,15.30752,15.39518,1345,301,5,197,5.06769e+17,STAR,0.000128543,450,51908,415
1.23765e+18,136.8377317,55.95597746,19.1658,17.72036,16.94733,16.55882,16.2868,1345,301,5,197,5.06765e+17,GALAXY,0.11604,450,51908,402
1.23765e+18,136.8469194,55.9964277,18.2646,17.30844,17.01287,16.90964,16.86957,1345,301,5,198,8.19544e+18,STAR,0.000420705,7279,57071,40
1.23765e+18,136.9757492,55.99873331,19.12927,19.04466,19.17819,19.29647,19.53744,1345,301,5,198,6.44939e+18,STAR,-0.000115987,5728,56334,839
1.23765e+18,136.8236797,56.00152532,18.18994,16.47558,15.7564,15.36104,15.02403,1345,301,5,198,5.0677e+17,GALAXY,0.04522421,450,51908,420
1.23765e+18,136.8536696,56.0126471,17.47251,16.29087,15.7651,15.44761,15.21116,1345,301,5,198,5.06781e+17,GALAXY,0.0453381,450,51908,460
1.23765e+18,136.913201,56.042919,18.78126,16.91363,16.0297,15.63215,15.30578,1345,301,5,198,5.06781e+17,GALAXY,0.07485528,450,51908,459
1.23765e+18,136.9955697,56.02873166,18.64874,17.42744,16.87199,16.5274,16.25066,1345,301,5,198,5.06781e+17,GALAXY,0.07484043,450,51908,457
1.23765e+18,137.1119217,56.13716982,19.0546,16.96428,15.92954,15.54842,15.1023,1345,301,5,199,5.06803e+17,GALAXY,0.115853,450,51908,539
1.23765e+18,137.1720157,56.21680455,18.95992,17.9751,17.57596,17.40719,17.34515,1345,301,5,199,8.19436e+18,STAR,-0.000410154,7278,57041,216
1.23765e+18,137.0859612,56.15249485,19.57852,18.26778,17.57472,17.24576,16.98334,1345,301,5,199,5.06779e+17,GALAXY,0.1692546,450,51908,451
1.23765e+18,137.3868899,56.31409186,17.82388,16.83966,15.81985,16.41736,16.18799,1345,301,5,200,5.06814e+17,STAR,-8.87e-05,450,51908,580
1.23765e+18,137.3852129,56.2173328,18.64039,16.78277,15.84825,15.41961,15.09523,1345,301,5,200,5.06809e+17,GALAXY,0.08292275,450,51908,561
1.23765e+18,137.9939084,56.49080844,19.41782,18.0038,17.1988,16.73524,16.38705,1345,301,5,203,5.07865e+17,GALAXY,0.1035523,451,51908,306
1.23765e+18,137.9580851,56.60366887,18.63708,17.50607,17.05434,16.78614,16.61598,1345,301,5,203,5.07879e+17,GALAXY,0.04594855,451,51908,358
1.23765e+18,137.9225548,56.62749984,19.55684,19.17777,19.1628,18.99735,18.95121,1345,301,5,203,5.07879e+17,QSO,0.649096,451,51908,356
1.23765e+18,138.0776518,56.5528583,19.0304,17.70331,17.08385,16.7497,16.54605,1345,301,5,203,5.06822e+17,GALAXY,0.08260174,450,51908,606
1.23765e+18,137.9434148,56.68670393,18.48104,17.25068,16.55548,16.1168,15.92453,1345,301,5,204,5.06823e+17,QSO,0.1195216,450,51908,613
1.23765e+18,137.9624825,56.68266084,19.19909,17.65237,16.86885,16.45135,16.18049,1345,301,5,204,5.07875e+17,GALAXY,0.1087406,451,51908,341
1.23765e+18,138.1723099,56.5812493,19.17602,17.93385,17.19205,16.79274,16.50114,1345,301,5,204,5.07889e+17,GALAXY,0.1086344,451,51908,392
1.23765e+18,138.2373792,56.7003816,17.90003,16.93996,16.66032,16.53322,16.51871,1345,301,5,205,9.22802e+18,STAR,-0.000679125,8196,57346,531
1.23765e+18,138.4796214,56.71075237,19.15153,17.86031,17.42355,17.25358,17.23617,1345,301,5,205,5.0789e+17,STAR,-3.52e-05,451,51908,397
1.23765e+18,138.3763843,56.85788963,17.39725,15.86105,15.14826,14.75815,14.46835,1345,301,5,206,5.07889e+17,GALAXY,0.04099056,451,51908,394
1.23765e+18,138.6928081,57.00485787,17.54097,16.54629,16.26087,16.14343,16.09804,1345,301,5,207,5.07886e+17,STAR,6.84e-06,451,51908,384
1.23765e+18,139.0400075,57.18707269,19.59587,19.50057,19.49249,19.28984,19.32341,1345,301,5,209,5.44937e+17,QSO,1.638947,484,51907,6
1.23765e+18,139.1026673,57.20941142,19.45201,18.24838,18.34614,18.4758,18.5579,1345,301,5,209,5.07869e+17,STAR,-0.000219676,451,51908,322
1.23765e+18,139.3390883,57.3715409,17.6817,16.75215,16.47721,16.39362,16.37522,1345,301,5,210,9.22807e+18,STAR,0.000691643,8196,57346,709
1.23765e+18,139.2938093,57.30232188,19.17864,18.04838,17.45823,17.10938,16.90912,1345,301,5,210,5.07882e+17,GALAXY,0.09036942,451,51908,367
1.23765e+18,139.4739998,57.23127921,19.10078,17.65227,16.88776,16.4619,16.09866,1345,301,5,210,5.07884e+17,GALAXY,0.0925132,451,51908,376
1.23765e+18,139.7752379,57.33746702,18.00562,17.14637,16.8504,16.72206,16.66053,1345,301,5,212,9.22808e+18,STAR,-0.000653349,8196,57346,741
1.23765e+18,139.6726676,57.43882653,18.24018,17.03739,16.46805,16.14737,15.89977,1345,301,5,212,5.07896e+17,GALAXY,0.03312304,451,51908,417
1.23765e+18,139.7329495,57.42876914,19.0302,17.97229,17.52588,17.16047,17.00034,1345,301,5,212,5.07896e+17,GALAXY,0.08124642,451,51908,419
1.23765e+18,139.8720512,57.42154688,19.12641,17.73917,16.99245,16.50955,16.1991,1345,301,5,212,5.07894e+17,GALAXY,0.08179598,451,51908,411
1.23765e+18,139.9361498,57.51817728,19.37277,17.64972,16.6886,16.18817,15.76687,1345,301,5,213,5.07891e+17,GALAXY,0.1156656,451,51908,401
1.23765e+18,140.1757027,57.65320892,18.38521,17.47984,17.19975,17.09055,17.06737,1345,301,5,214,9.22809e+18,STAR,0.000450715,8196,57346,790
1.23765e+18,140.1927145,57.64517712,18.1891,17.80052,17.54545,17.50688,17.30394,1345,301,5,214,5.07906e+17,QSO,0.9081008,451,51908,454
1.23765e+18,140.2413062,57.52608004,19.33066,18.12964,17.58578,17.24578,17.01554,1345,301,5,214,5.07907e+17,GALAXY,0.1154005,451,51908,457
1.23765e+18,140.2619644,57.62181575,19.1923,18.04805,17.65246,17.44421,17.25199,1345,301,5,214,5.07905e+17,GALAXY,0.04265283,451,51908,453
1.23765e+18,140.5694136,57.80366256,18.25655,17.32632,16.37392,16.87686,16.63744,1345,301,5,216,5.07925e+17,STAR,-0.00134886,451,51908,524
1.23765e+18,140.6377052,57.73455747,19.34243,19.0322,18.93418,18.86472,18.7285,1345,301,5,216,5.08993e+17,QSO,0.7226227,452,51911,312
1.23765e+18,140.5896546,57.90958357,19.35541,18.34121,17.95373,17.8135,17.76188,1345,301,5,216,5.44944e+17,STAR,-0.000340419,484,51907,30
1.23765e+18,140.6214516,57.90813524,18.70141,17.03006,16.25718,15.8192,15.51647,1345,301,5,216,5.08994e+17,GALAXY,0.06250975,452,51911,319
1.23765e+18,140.9048442,57.93654723,17.652,17.56225,17.35604,17.31382,17.39815,1345,301,5,217,5.0899e+17,QSO,1.155486,452,51911,302
1.23765e+18,140.934507,57.86754725,19.54277,18.23484,17.2481,16.7719,16.43213,1345,301,5,217,5.08991e+17,GALAXY,0.1561562,452,51911,307
1.23765e+18,141.0553545,57.9366645,19.00516,18.62568,18.26178,18.22016,18.24618,1345,301,5,218,5.09005e+17,QSO,1.37872,452,51911,357
1.23765e+18,140.8485368,58.04890491,19.25056,18.84304,18.77834,18.73954,18.63999,1345,301,5,218,9.22689e+18,QSO,0.7492065,8195,57391,524
1.23765e+18,141.3481665,58.01672455,17.63206,16.58634,16.26525,16.12887,16.09966,1345,301,5,219,5.09015e+17,STAR,0.000779922,452,51911,392
1.23765e+18,141.1862698,58.17346348,18.93566,18.80389,18.89234,19.04545,19.28694,1345,301,5,219,5.09003e+17,STAR,-0.000311163,452,51911,351
1.23765e+18,141.3519809,58.06456024,18.98112,18.66068,18.35114,18.36003,18.16933,1345,301,5,219,5.09016e+17,QSO,0.9781973,452,51911,396
1.23765e+18,209.285654,64.73977957,17.49217,15.84037,15.14661,14.86038,14.71301,1350,301,2,437,3.70987e+18,STAR,0.00017167,3295,54924,110
1.23765e+18,209.2759212,64.68902979,17.04715,15.91511,15.41512,15.22088,15.14966,1350,301,2,437,3.70987e+18,STAR,-0.001207504,3295,54924,109
1.23765e+18,209.6010426,64.80914442,18.91783,17.96357,17.60362,17.46946,17.42819,1350,301,2,437,3.70987e+18,STAR,-0.000827597,3295,54924,116
1.23765e+18,209.2645838,64.78120292,19.30061,17.89522,17.21316,16.91176,16.70945,1350,301,2,437,5.60772e+17,GALAXY,0.03249491,498,51984,270
1.23765e+18,209.7730358,64.77540216,18.54202,17.54449,17.14705,16.98571,16.93091,1350,301,2,438,3.70987e+18,STAR,-0.001419239,3295,54924,113
1.23765e+18,209.8093334,64.78970314,17.70442,16.45945,15.93833,15.69505,15.59155,1350,301,2,438,3.70986e+18,STAR,-0.000915592,3295,54924,69
1.23765e+18,209.8456578,64.75012325,19.48872,18.47208,18.1554,18.02775,18.05549,1350,301,2,438,3.70986e+18,STAR,-0.001101996,3295,54924,65
1.23765e+18,209.7599587,64.6006582,19.20948,18.35562,18.02517,17.92543,17.90238,1350,301,2,438,3.70986e+18,STAR,-0.000446351,3295,54924,62
1.23765e+18,209.9757676,64.54275496,19.04739,18.70894,18.70978,18.2992,18.62348,1350,301,2,439,5.60763e+17,GALAXY,0.102046,498,51984,236
1.23765e+18,210.0869805,64.65310283,19.31159,19.07034,19.39316,19.67128,19.98757,1350,301,2,439,7.86561e+18,STAR,-0.000105691,6986,56717,252
1.23765e+18,210.1200593,64.50859858,18.7818,18.13368,18.08109,17.9918,17.7964,1350,301,2,440,7.68003e+18,QSO,2.351641,6821,56396,954
1.23765e+18,210.3353054,64.67834857,18.90872,17.50069,16.79848,16.37879,16.12042,1350,301,2,440,5.60762e+17,GALAXY,0.06764657,498,51984,232
1.23765e+18,210.3588968,64.50323514,19.43164,18.54051,18.20135,18.09875,18.08521,1350,301,2,440,8.01993e+18,STAR,0.000288682,7123,56726,522
1.23765e+18,210.6484979,64.52196748,17.91158,16.65175,16.16317,15.96009,15.89359,1350,301,2,441,3.70985e+18,STAR,4.57e-05,3295,54924,30
1.23765e+18,210.4207933,64.45854881,19.17919,16.85108,15.95248,15.64214,15.52291,1350,301,2,441,3.70984e+18,STAR,8.99e-06,3295,54924,12
1.23765e+18,210.6325123,64.60290148,19.55829,19.42894,19.33422,19.08816,19.01805,1350,301,2,441,7.86558e+18,QSO,1.901096,6986,56717,170
1.23765e+18,211.5175636,64.46315331,19.47609,19.215,19.22707,18.99086,18.97669,1350,301,2,443,5.60755e+17,QSO,1.795582,498,51984,208
1.23765e+18,112.0024686,34.61808476,18.63915,17.57297,17.38696,17.34189,17.36517,1350,301,3,23,2.31154e+18,STAR,-3.78e-05,2053,53446,228
1.23765e+18,111.9343399,34.64550098,19.01042,18.05698,17.69061,17.53796,17.5257,1350,301,3,23,2.31154e+18,STAR,0.000541549,2053,53446,240
1.23765e+18,112.051872,34.75716917,18.20927,17.00747,16.53968,16.34102,16.27236,1350,301,3,24,2.31154e+18,STAR,0.000153347,2053,53446,231
1.23765e+18,112.1500733,34.94441879,17.15069,15.69363,15.08376,14.82459,14.70446,1350,301,3,25,2.31152e+18,STAR,-2.98e-05,2053,53446,190
1.23765e+18,112.2216556,34.95372953,16.30169,15.23624,14.93651,14.82759,14.82545,1350,301,3,25,2.31153e+18,STAR,-9.41e-05,2053,53446,195
1.23765e+18,112.2969984,35.14169243,18.2013,17.13217,16.84357,16.73861,16.71497,1350,301,3,26,2.31153e+18,STAR,-3.26e-05,2053,53446,191
1.23765e+18,112.3999461,35.31868208,15.84934,14.76792,14.55722,14.51446,14.53483,1350,301,3,28,2.31152e+18,STAR,0.000137115,2053,53446,155
1.23765e+18,112.4764626,35.36342225,17.95939,16.69377,16.24889,16.10293,16.04553,1350,301,3,28,2.31151e+18,STAR,-0.000289705,2053,53446,151
1.23765e+18,112.5148487,35.39118641,16.10565,15.00381,14.67015,14.5701,14.55406,1350,301,3,28,2.31151e+18,STAR,-2.17e-05,2053,53446,125
1.23765e+18,112.3900774,35.28492462,19.58901,18.76403,18.3489,18.17564,18.13516,1350,301,3,28,2.33404e+18,GALAXY,-0.000513374,2073,53728,167
1.23765e+18,112.455593,35.44445868,17.16313,16.10284,15.84074,15.74705,15.7405,1350,301,3,29,2.31151e+18,STAR,0.000320066,2053,53446,143
1.23765e+18,112.5001718,35.52492679,18.73953,17.76349,17.42257,17.29879,17.24372,1350,301,3,29,2.31152e+18,STAR,0.000167873,2053,53446,156
1.23765e+18,112.6572202,35.55810766,17.80566,16.48702,15.9219,15.73196,15.66849,1350,301,3,30,2.31151e+18,STAR,3.18e-05,2053,53446,133
1.23765e+18,112.6191274,35.61987143,19.22803,18.21847,17.67894,17.47624,17.40686,1350,301,3,30,2.31151e+18,STAR,0.000132836,2053,53446,127
1.23765e+18,112.5720762,35.57303879,19.43433,18.15996,17.57037,17.34091,17.22083,1350,301,3,30,2.31151e+18,STAR,-0.000149023,2053,53446,140
1.23765e+18,112.6770382,35.73797174,18.65791,17.74322,17.36325,17.20524,17.15621,1350,301,3,31,2.31151e+18,STAR,0.000682153,2053,53446,137
1.23765e+18,112.7920735,35.85240452,18.99835,17.40977,16.78591,16.52324,16.51442,1350,301,3,32,2.31149e+18,STAR,7.8e-05,2053,53446,81
1.23765e+18,112.7476432,35.90774072,16.21908,15.11122,14.84115,14.76531,14.79718,1350,301,3,32,2.31151e+18,STAR,3.9e-05,2053,53446,138
1.23765e+18,112.8214251,36.00462379,17.67456,16.08533,15.52129,15.32672,15.24404,1350,301,3,33,2.3115e+18,STAR,0.000181561,2053,53446,97
1.23765e+18,113.0392972,36.15514972,16.91645,15.84654,15.53918,15.44567,15.4246,1350,301,3,34,2.31161e+18,STAR,7.25e-05,2053,53446,500
1.23765e+18,112.9925687,36.03906591,19.2501,17.83498,17.28852,17.11371,17.02266,1350,301,3,34,2.31161e+18,STAR,0.000262733,2053,53446,490
1.23765e+18,113.0435736,36.26209886,19.41141,18.34174,18.15964,18.11521,18.1106,1350,301,3,35,2.33413e+18,STAR,8.63e-06,2073,53728,510
1.23765e+18,113.0688809,36.38486978,18.87709,17.67929,17.10979,16.7314,16.57735,1350,301,3,36,4.85299e+17,GALAXY,0.08780813,431,51877,130
1.23765e+18,113.2235231,36.42872266,19.44052,17.9555,17.14517,16.6372,16.34859,1350,301,3,36,4.85298e+17,GALAXY,0.08461716,431,51877,129
1.23765e+18,113.207475,36.46939014,18.17225,17.0253,16.6635,16.56419,16.53112,1350,301,3,37,2.31162e+18,STAR,8.32e-05,2053,53446,539
1.23765e+18,113.2872441,36.50462783,18.11192,17.08386,16.78229,16.66828,16.64749,1350,301,3,37,2.31162e+18,STAR,8.8e-06,2053,53446,527
1.23765e+18,113.3595563,36.52106483,19.49231,19.17405,19.13835,19.28781,19.15518,1350,301,3,37,4.85289e+17,QSO,0.7385378,431,51877,96
1.23765e+18,113.3808808,36.54782395,19.28003,18.39254,18.05744,17.94819,17.92077,1350,301,3,37,4.12315e+18,STAR,-0.000521555,3662,55182,378
1.23765e+18,113.2977562,36.59995223,17.28098,15.61772,14.94839,14.72205,14.58685,1350,301,3,38,2.31162e+18,STAR,4.46e-05,2053,53446,529
1.23765e+18,113.3509395,36.57724794,16.59594,15.31824,14.76618,14.59295,14.47476,1350,301,3,38,2.31162e+18,STAR,5.32e-05,2053,53446,525
1.23765e+18,113.4380188,36.65408341,18.13156,16.95969,16.95901,16.9793,17.00446,1350,301,3,38,2.31163e+18,STAR,1.55e-05,2053,53446,566
1.23765e+18,113.4102981,36.67119742,17.80751,16.39511,15.83325,15.61698,15.48245,1350,301,3,38,2.31163e+18,STAR,0.000134004,2053,53446,561
1.23765e+18,113.438702,36.6788069,17.01027,15.97155,15.37745,15.0955,14.81166,1350,301,3,38,4.8529e+17,GALAXY,0.01554776,431,51877,97
1.23765e+18,229.9999762,55.40702187,19.57057,19.54052,19.25008,19.16935,19.17835,1345,301,1,520,7.65173e+18,QSO,1.167886,6796,56453,430
1.23765e+18,230.3122723,55.16910796,17.45848,16.48717,16.19875,16.0759,16.05886,1345,301,1,522,3.24604e+18,STAR,-7.54e-05,2883,54525,263
1.23765e+18,230.4246196,55.17201019,18.07255,17.71243,17.45644,17.16732,17.12462,1345,301,1,522,7.55842e+18,QSO,1.528112,6713,56402,906
1.23765e+18,230.3346414,55.11939042,19.24897,17.88578,17.11852,16.67262,16.41,1345,301,1,522,3.24605e+18,GALAXY,0.09975454,2883,54525,280
1.23765e+18,230.4290059,55.10830041,19.31583,18.95749,18.78205,18.50966,18.36229,1345,301,1,523,3.24605e+18,QSO,1.943026,2883,54525,277
1.23765e+18,230.5839924,55.13705597,18.94853,18.95052,19.03549,18.79412,18.913,1345,301,1,523,3.24603e+18,QSO,1.84143,2883,54525,233
1.23765e+18,230.5634844,55.03639298,18.27375,17.19386,16.64406,16.30213,16.07961,1345,301,1,523,3.24604e+18,GALAXY,0.1019147,2883,54525,268
1.23765e+18,230.793089,54.85139202,17.95548,16.95397,16.63015,16.50622,16.47223,1345,301,1,525,3.24604e+18,STAR,-8.91e-05,2883,54525,240
1.23765e+18,231.0272261,54.90817527,18.45999,17.52331,17.26074,17.13334,17.10292,1345,301,1,525,7.55843e+18,STAR,-0.000424744,6713,56402,946
1.23765e+18,231.0061038,54.94720837,18.99597,17.96861,17.41213,17.10507,16.92874,1345,301,1,525,3.24602e+18,GALAXY,0.1418655,2883,54525,184
1.23765e+18,231.0959671,54.71724487,18.72156,17.78415,17.48619,17.36399,17.35266,1345,301,1,526,6.9138e+17,STAR,-0.000437939,614,53437,283
1.23765e+18,231.1505419,54.74792644,17.50676,15.71137,14.92114,14.53443,14.20975,1345,301,1,526,6.91374e+17,GALAXY,0.02937492,614,53437,260
1.23765e+18,231.1404984,54.691554,18.95981,17.84569,17.50481,17.33035,17.23493,1345,301,1,527,6.91383e+17,GALAXY,0.02964792,614,53437,292
1.23765e+18,231.4987982,54.7067709,19.18536,17.11875,16.12378,15.67283,15.31267,1345,301,1,528,6.91359e+17,GALAXY,0.1023913,614,53437,206
1.23765e+18,231.3601339,54.57550399,18.30676,17.22016,16.77666,16.46131,16.26033,1345,301,1,528,6.91381e+17,GALAXY,0.05391185,614,53437,285
1.23765e+18,231.8844835,54.46033187,18.44539,17.22923,17.2769,17.33009,17.3568,1345,301,1,530,6.91359e+17,STAR,7.47e-05,614,53437,205
1.23765e+18,231.8954555,54.37209241,19.10303,18.89235,18.88665,18.69526,18.73418,1345,301,1,530,6.91359e+17,QSO,1.770661,614,53437,204
1.23765e+18,231.94848,54.46433519,19.43701,18.19733,17.435,17.04315,16.73837,1345,301,1,530,3.246e+18,GALAXY,0.1416917,2883,54525,109
1.23765e+18,231.8754248,54.36608501,18.67645,17.45509,16.95222,16.65208,16.45214,1345,301,1,530,8.9414e+17,GALAXY,0.0400947,794,52376,637
1.23765e+18,232.0941108,54.42315795,19.1017,18.02227,17.54351,17.19809,17.01999,1345,301,1,531,6.91338e+17,GALAXY,0.07307944,614,53437,130
1.23765e+18,232.0417508,54.37956771,18.47572,17.24029,16.62006,16.23632,15.98835,1345,301,1,531,6.91337e+17,GALAXY,0.07467161,614,53437,125
1.23765e+18,231.9776232,54.26979495,17.40361,15.45065,14.52571,14.03194,13.52237,1345,301,1,531,8.94137e+17,GALAXY,0.03992675,794,52376,628
1.23765e+18,232.0192632,54.2772608,19.01408,17.69741,17.12158,16.81996,16.6364,1345,301,1,531,6.91369e+17,GALAXY,0.04002654,614,53437,243
1.23765e+18,232.1615541,54.32507577,18.32633,16.97929,16.31544,15.90312,15.61827,1345,301,1,531,6.9134e+17,GALAXY,0.07388034,614,53437,137
1.23765e+18,232.1208999,54.2206461,18.55894,17.30486,16.61341,16.2307,15.99158,1345,301,1,532,6.93651e+17,GALAXY,0.1024786,616,52442,350
1.23765e+18,232.5069958,54.08121497,19.37842,19.0576,19.03656,18.75296,18.78407,1345,301,1,533,6.93653e+17,QSO,1.71559,616,52442,358
1.23765e+18,232.6487327,53.96296579,18.79504,18.58168,18.53985,18.29899,18.31369,1345,301,1,534,6.93638e+17,QSO,1.61958,616,52442,306
1.23765e+18,232.6337373,54.09357343,19.22428,18.02257,17.57993,17.37189,17.20353,1345,301,1,534,8.94136e+17,GALAXY,0.02486036,794,52376,624
1.23765e+18,232.5239926,54.01632053,19.10511,18.02875,17.6313,17.36546,17.31995,1345,301,1,534,6.93642e+17,GALAXY,0.07396053,616,52442,319
1.23765e+18,232.7103237,53.91287036,19.53308,18.35919,17.88359,17.71088,17.61705,1345,301,1,535,8.94131e+17,STAR,-0.000621321,794,52376,604
1.23765e+18,233.0662271,53.90456129,18.46545,18.37535,18.33164,18.06013,18.10097,1345,301,1,536,6.9364e+17,QSO,1.79915,616,52442,311
1.23765e+18,233.1754454,53.84538548,18.62242,18.58318,18.97781,19.2962,19.23237,1345,301,1,536,7.55954e+18,STAR,2.73e-05,6714,56447,886
1.23765e+18,232.933646,53.78998239,19.52179,17.59147,16.72422,16.32323,16.01191,1345,301,1,536,6.93642e+17,GALAXY,0.0544006,616,52442,318
1.23765e+18,233.4283524,53.7394854,19.35745,18.06592,17.67255,17.43822,17.30016,1345,301,1,537,6.93627e+17,GALAXY,0.07166444,616,52442,265
1.23765e+18,233.4753313,53.69020174,18.33798,17.45798,17.18774,17.09104,17.05669,1345,301,1,538,7.55266e+18,STAR,-0.000967949,6708,56452,448
1.23765e+18,233.5664098,53.50310626,19.20145,17.89631,17.39585,17.20345,17.13108,1345,301,1,539,3.86087e+18,STAR,-0.000332749,3429,54976,574
1.23765e+18,233.552475,53.54145458,19.14765,18.13795,17.74286,17.41314,17.34697,1345,301,1,539,6.93628e+17,GALAXY,0.07280279,616,52442,267
1.23765e+18,233.5450031,53.51860289,18.76688,17.88501,17.65543,17.39635,17.32685,1345,301,1,539,8.95242e+17,GALAXY,0.07302476,795,52378,553
1.23765e+18,233.9701463,53.42869749,17.68592,16.18963,15.51187,15.28955,15.19713,1345,301,1,540,3.86087e+18,GALAXY,-0.000322971,3429,54976,572
1.23765e+18,233.8713326,53.36075749,18.00947,17.97574,17.89971,17.95153,17.55337,1345,301,1,540,6.93635e+17,QSO,0.2909023,616,52442,292
1.23765e+18,234.0114474,53.4116385,17.39289,16.30226,16.31936,16.37888,16.45641,1345,301,1,541,3.86088e+18,STAR,-0.000856206,3429,54976,612
1.23765e+18,234.1856179,53.31081199,19.50804,17.20371,16.29222,15.98128,15.83405,1345,301,1,542,3.86088e+18,STAR,-4.34e-05,3429,54976,609
1.23765e+18,234.4661308,53.17283654,19.4799,18.91314,18.51482,18.36763,18.12741,1345,301,1,543,7.5593e+18,QSO,0.8630155,6714,56447,36
1.23765e+18,234.6296781,53.05290459,19.10262,18.19959,17.89934,17.76161,17.74775,1345,301,1,544,3.86088e+18,STAR,-0.000675133,3429,54976,616
1.23765e+18,234.6258184,53.09570193,17.85391,16.31045,15.53743,15.05997,14.83228,1345,301,1,544,6.93624e+17,GALAXY,0.1038621,616,52442,253
1.23765e+18,234.5931413,53.05443474,19.22683,18.18727,17.7781,17.54119,17.38717,1345,301,1,544,6.93621e+17,GALAXY,0.06510649,616,52442,244
1.23765e+18,234.6715567,53.05634825,19.496,17.60223,16.66152,16.23171,15.8918,1345,301,1,544,6.93614e+17,GALAXY,0.08536293,616,52442,218
1.23765e+18,234.8716448,52.85743003,18.66046,17.20831,16.60879,16.34653,16.22614,1345,301,1,546,3.86088e+18,STAR,-0.000960893,3429,54976,630
1.23765e+18,234.9510704,52.87838556,19.5635,18.19615,17.64374,17.4456,17.34552,1345,301,1,546,3.86088e+18,STAR,-0.0001,3429,54976,628
1.23765e+18,176.3785393,-3.367955621,19.44587,18.07684,17.31063,16.89481,16.58639,1140,301,1,157,3.70492e+17,GALAXY,0.1204117,329,52056,259
1.23765e+18,176.4860162,-3.504327373,18.65815,16.66914,15.73289,15.31489,14.96434,1140,301,1,157,3.70491e+17,GALAXY,0.07737447,329,52056,256
1.23765e+18,176.5921549,-3.478588892,19.40762,17.91377,16.97781,16.50842,16.15247,1140,301,1,158,3.70479e+17,GALAXY,0.159103,329,52056,209
1.23765e+18,176.6273187,-3.473647881,19.55854,18.16908,17.45515,17.05487,16.79295,1140,301,1,158,3.70479e+17,GALAXY,0.131288,329,52056,210
1.23765e+18,176.5544346,-3.508021361,19.13714,17.79896,17.20079,16.84181,16.61356,1140,301,1,158,3.70488e+17,GALAXY,0.09175184,329,52056,244
1.23765e+18,176.5519,-3.326163051,19.10125,18.00724,17.62294,17.34431,17.39034,1140,301,1,158,3.7049e+17,GALAXY,0.09631418,329,52056,252
1.23765e+18,176.7605742,-3.332076815,18.78908,17.60987,16.96427,16.60232,16.37182,1140,301,1,159,3.70481e+17,GALAXY,0.1312591,329,52056,217
1.23765e+18,176.737713,-3.366400226,19.08714,17.84766,17.29178,16.87329,16.76179,1140,301,1,159,3.7048e+17,GALAXY,0.09156051,329,52056,214
1.23765e+18,176.844403,-3.412683737,18.50682,18.38355,18.43084,18.17074,18.00482,1140,301,1,160,3.70457e+17,QSO,0.4174733,329,52056,130
1.23765e+18,176.9184866,-3.447286172,17.85927,16.66864,16.27566,16.13473,16.09165,1140,301,1,160,3.70455e+17,STAR,-0.000132782,329,52056,122
1.23765e+18,176.9398618,-3.346095441,17.29093,16.00557,16.07697,16.13754,16.17389,1140,301,1,160,3.70459e+17,STAR,-0.000168963,329,52056,139
1.23765e+18,176.8078726,-3.441825027,17.97628,17.01216,16.71352,16.58341,16.50912,1140,301,1,160,3.7048e+17,GALAXY,0.01897908,329,52056,216
1.23765e+18,176.8428307,-3.453072041,18.68314,17.3202,16.57447,16.16867,15.89158,1140,301,1,160,3.70456e+17,GALAXY,0.1032257,329,52056,126
1.23765e+18,176.9074731,-3.373648321,19.43581,18.23722,17.44466,17.00511,16.75012,1140,301,1,160,3.70455e+17,GALAXY,0.2130421,329,52056,125
1.23765e+18,176.8229292,-3.354953787,18.93813,17.80619,17.16598,16.80221,16.58122,1140,301,1,160,3.70481e+17,GALAXY,0.09568204,329,52056,219
1.23765e+18,176.8453977,-3.375313875,19.1173,17.50027,16.8093,16.43818,16.22696,1140,301,1,160,3.70458e+17,GALAXY,0.09577426,329,52056,134
1.23765e+18,176.9416,-3.319915774,17.20791,15.79474,15.25941,14.98118,14.79033,1140,301,1,161,3.70459e+17,GALAXY,0.02720108,329,52056,137
1.23765e+18,177.086675,-3.436927425,18.93811,17.63119,17.05067,16.69268,16.46702,1140,301,1,161,3.70447e+17,GALAXY,0.101873,329,52056,96
1.23765e+18,177.1123162,-3.38407215,18.8826,16.8078,15.87133,15.44763,15.14966,1140,301,1,162,3.70446e+17,GALAXY,0.1014972,329,52056,90
1.23765e+18,177.1338075,-3.42119467,19.28665,17.32026,16.37985,15.97405,15.66201,1140,301,1,162,3.70445e+17,GALAXY,0.08738314,329,52056,87
1.23765e+18,177.384719,-3.476177085,16.25297,15.17915,14.65731,14.36642,14.19696,1140,301,1,163,3.70433e+17,GALAXY,0.02700715,329,52056,44
1.23765e+18,177.3590474,-3.414097167,17.92188,16.74334,16.31613,16.05754,15.89176,1140,301,1,163,3.70434e+17,GALAXY,0.04314554,329,52056,46
1.23765e+18,177.367203,-3.519738366,19.20295,17.89342,17.54993,17.36628,17.22808,1140,301,1,163,3.70434e+17,GALAXY,0.04322815,329,52056,48
1.23765e+18,177.3880079,-3.43457371,18.88639,17.82144,17.48295,17.31484,17.25719,1140,301,1,163,3.70434e+17,GALAXY,0.0266979,329,52056,47
1.23765e+18,177.397501,-3.488151573,16.63219,14.72588,13.84794,13.38485,13.04014,1140,301,1,164,3.71627e+17,GALAXY,0.02738986,330,52370,290
1.23765e+18,177.4100032,-3.50822001,17.42841,15.99869,15.32131,14.94429,14.69192,1140,301,1,164,3.71625e+17,GALAXY,0.0287441,330,52370,284
1.23765e+18,177.4075344,-3.361951186,18.74885,17.53322,16.94817,16.57279,16.32944,1140,301,1,164,3.70435e+17,GALAXY,0.07743615,329,52056,49
1.23765e+18,177.4574031,-3.51766973,16.94789,15.31878,14.50462,14.06769,13.72118,1140,301,1,164,3.71626e+17,GALAXY,0.02665586,330,52370,287
1.23765e+18,177.4709463,-3.33009854,18.87733,17.88631,17.48114,17.25515,17.13066,1140,301,1,164,3.71628e+17,GALAXY,0.02648198,330,52370,294
1.23765e+18,177.5683953,-3.49380649,19.27596,18.40788,18.0781,17.93281,17.90109,1140,301,1,165,3.70422e+17,STAR,0.000165392,329,52056,4
1.23765e+18,177.6290903,-3.326443266,18.82288,17.25433,16.49809,16.06657,15.78099,1140,301,1,165,3.70423e+17,GALAXY,0.07803105,329,52056,6
1.23765e+18,177.6345916,-3.47420072,19.08825,17.21729,16.29268,15.86702,15.54954,1140,301,1,165,3.71627e+17,GALAXY,0.07700762,330,52370,292
1.23765e+18,177.6615654,-3.423561297,19.46149,17.64156,16.81114,16.41955,16.12913,1140,301,1,165,3.71629e+17,GALAXY,0.07622351,330,52370,300
1.23765e+18,177.7643874,-3.444405252,18.8412,18.7492,18.65528,18.67237,18.62553,1140,301,1,166,3.71629e+17,QSO,0.9021303,330,52370,299
1.23765e+18,177.7611905,-3.317342537,18.9654,17.41758,16.69054,16.30744,16.08038,1140,301,1,166,3.70423e+17,GALAXY,0.07702054,329,52056,8
1.23765e+18,177.8005739,-3.3211334,19.23877,17.52582,16.56819,16.13781,15.78589,1140,301,1,166,3.70425e+17,GALAXY,0.1273653,329,52056,14
1.23765e+18,177.8644972,-3.330742673,19.49082,17.52184,16.5482,16.11905,15.79797,1140,301,1,167,3.71615e+17,GALAXY,0.1079631,330,52370,247
1.23765e+18,178.0245204,-3.504400795,16.99122,16.40662,15.97186,15.44813,15.31183,1140,301,1,168,3.71618e+17,QSO,0.06311294,330,52370,257
1.23765e+18,178.083962,-3.445473029,18.89838,17.69259,17.1547,16.7908,16.61533,1140,301,1,168,3.71617e+17,GALAXY,0.0987736,330,52370,255
1.23765e+18,178.0870303,-3.507150205,19.37376,17.33835,16.40022,15.97315,15.64652,1140,301,1,168,3.71607e+17,GALAXY,0.09148806,330,52370,218
1.23765e+18,178.0458129,-3.340243411,19.32518,18.15181,17.70142,17.39871,17.2007,1140,301,1,168,3.71615e+17,GALAXY,0.04740471,330,52370,249
1.23765e+18,178.1748087,-3.366453023,17.73028,17.03731,16.76942,16.40947,16.38904,1140,301,1,169,3.71603e+17,GALAXY,0.1077885,330,52370,204
1.23765e+18,178.3087479,-3.408945466,17.03192,16.27125,16.01098,15.95015,15.83997,1140,301,1,170,3.71583e+17,GALAXY,0.004143043,330,52370,131
1.23765e+18,178.3518514,-3.415037006,18.72887,17.45114,16.75141,16.37054,16.10003,1140,301,1,170,3.71584e+17,GALAXY,0.09865484,330,52370,136
1.23765e+18,178.4661322,-3.518572892,19.07749,17.68019,16.86224,16.44959,16.15186,1140,301,1,171,3.71582e+17,GALAXY,0.13735,330,52370,128
1.23765e+18,178.5177351,-3.390276732,19.50757,17.37657,16.43638,16.09738,15.87577,1140,301,1,171,3.7157e+17,STAR,0.000160605,330,52370,83
1.23765e+18,178.5218767,-3.416499206,19.27386,18.19659,17.59615,17.29579,17.0536,1140,301,1,171,3.71573e+17,GALAXY,0.1348483,330,52370,94
1.23765e+18,178.5227469,-3.447318765,19.2862,18.18373,17.52395,17.16956,16.97498,1140,301,1,171,3.71571e+17,GALAXY,0.1363923,330,52370,88
1.23765e+18,178.6540838,-3.469393503,19.33567,17.5243,16.61842,16.1866,15.84429,1140,301,1,172,3.71571e+17,GALAXY,0.09595229,330,52370,89
1.23765e+18,159.154808,1.234873848,18.11029,17.2155,16.94534,16.8613,16.80892,756,301,6,289,5.3301e+18,STAR,8.13e-05,4734,55646,328
1.23765e+18,159.0511698,1.103455364,19.43619,17.92676,17.14672,16.71124,16.37662,756,301,6,289,3.08586e+17,GALAXY,0.1166136,274,51913,324
1.23765e+18,159.1555959,1.078354238,18.22407,16.88184,16.31845,16.04536,15.8513,756,301,6,289,3.08601e+17,GALAXY,0.03511519,274,51913,380
